icao24,callsign,origin_country,time_position,last_contact,longitude,latitude,baro_altitude,on_ground,velocity,heading,vertical_rate,squawk,spi,position_source,category,other,timestamp
c07d0b,CGVJE   ,Canada,1751325317.0,1751325318,-74.5635,45.1216,396.24,False,48.19,196.11,0.0,,335.28,,False,0,2025-06-30 23:17:01
a5f852,RTY484  ,United States,1751325419.0,1751325419,-104.3443,40.7655,2179.32,False,60.31,28.53,0.33,,2278.38,,False,0,2025-06-30 23:17:01
a3b87f,DAL1765 ,United States,1751325421.0,1751325421,-94.4113,42.6097,10668.0,False,265.49,89.0,0.0,,11087.1,4330,False,0,2025-06-30 23:17:01
aaf633,UAL1208 ,United States,1751325420.0,1751325421,-112.8342,40.7219,10972.8,False,227.45,268.57,0.0,,11544.3,1411,False,0,2025-06-30 23:17:01
a5f845,N484JH  ,United States,1751325346.0,1751325353,-89.1573,33.3348,10363.2,False,179.32,201.19,0.0,,11003.28,0124,False,0,2025-06-30 23:17:01
ac4963,DAL675  ,United States,1751325421.0,1751325421,-102.427,41.2951,10058.4,False,252.81,127.48,0.0,,10568.94,,False,0,2025-06-30 23:17:01
aae316,AAL3201 ,United States,1751325420.0,1751325420,-112.5322,37.1125,10972.8,False,232.12,233.56,-0.65,,11582.4,6776,False,0,2025-06-30 23:17:01
a36898,DAL1378 ,United States,1751325420.0,1751325420,-83.693,39.7715,9646.92,False,228.5,330.61,-5.53,,10187.94,3662,False,0,2025-06-30 23:17:01
acdfa3,ASA535  ,United States,1751325421.0,1751325421,-106.8339,41.6875,10363.2,False,229.62,297.2,0.33,,10927.08,1474,False,0,2025-06-30 23:17:01
a5954e,UAL1612 ,United States,1751325420.0,1751325420,-87.0041,42.4848,3055.62,False,141.92,249.86,-13.98,,3154.68,4106,False,0,2025-06-30 23:17:01
abacb6,SCX9026 ,United States,1751325421.0,1751325421,-83.718,31.0181,12192.0,False,221.2,356.13,0.33,,12854.94,6055,False,0,2025-06-30 23:17:01
a6aec4,N53HA   ,United States,1751325421.0,1751325421,-101.2039,39.1111,10393.68,False,200.3,261.43,0.33,,10934.7,,False,0,2025-06-30 23:17:01
a22248,N2368P  ,United States,1751325420.0,1751325420,-80.9774,29.1773,121.92,False,20.5,162.47,0.65,,129.54,,False,0,2025-06-30 23:17:01
acdfab,DAL2379 ,United States,1751325418.0,1751325419,-84.2167,33.7031,1158.24,False,101.52,173.31,-7.8,,1211.58,5234,False,0,2025-06-30 23:17:01
a3685d,JANET15 ,United States,1751325420.0,1751325420,-115.7196,36.3645,4945.38,False,196.93,306.93,0.33,,5242.56,,False,0,2025-06-30 23:17:01
a2ded8,SWA3931 ,United States,1751325304.0,1751325308,-104.66,39.8695,1600.2,False,78.21,181.13,-1.63,,1684.02,4102,False,0,2025-06-30 23:17:01
aae32c,N800PK  ,United States,1751325420.0,1751325420,-101.2496,38.9131,8221.98,False,149.29,113.56,0.0,,8663.94,,False,0,2025-06-30 23:17:01
a2355d,SKW3632 ,United States,1751325420.0,1751325421,-118.7773,34.1343,3741.42,False,154.06,137.84,-7.48,,3909.06,3611,False,0,2025-06-30 23:17:01
a72533,N56GM   ,United States,1751325411.0,1751325412,-90.4088,33.0212,7620.0,False,146.86,13.99,0.0,,8077.2,7235,False,0,2025-06-30 23:17:01
adeca5,AAL1522 ,United States,1751325420.0,1751325420,-81.0348,35.2503,2308.86,False,124.78,315.5,-8.13,,2423.16,1617,False,0,2025-06-30 23:17:01
a2228b,ASA266  ,United States,1751325420.0,1751325420,-124.2235,48.5954,10668.0,False,239.22,144.81,0.0,,11041.38,3431,False,0,2025-06-30 23:17:01
aad012,UAL880  ,United States,1751325417.0,1751325420,-93.535,32.8525,10058.4,False,266.82,21.97,0.0,,10668.0,4045,False,0,2025-06-30 23:17:01
abacd2,UAL624  ,United States,1751325419.0,1751325420,-102.6525,36.7698,11269.98,False,240.31,352.37,0.0,,11879.58,1456,False,0,2025-06-30 23:17:01
ab0361,AAL1826 ,United States,1751325421.0,1751325421,-89.7627,42.1223,8961.12,False,207.43,204.47,8.13,,9319.26,3173,False,0,2025-06-30 23:17:01
abf008,SWA4541 ,United States,1751325420.0,1751325420,-89.4709,41.1546,5143.5,False,220.45,85.18,-11.7,,5349.24,3020,False,0,2025-06-30 23:17:01
a3426d,SFE2    ,United States,1751325316.0,1751325316,-98.1786,30.7489,480.06,False,26.7,64.92,2.28,,480.06,,False,0,2025-06-30 23:17:01
a4d838,DAL134  ,United States,1751325421.0,1751325421,-76.1017,44.4944,11277.6,False,262.37,66.3,0.0,,11826.24,2607,False,0,2025-06-30 23:17:01
accccd,N9238P  ,United States,1751325420.0,1751325420,-120.9992,38.077,1371.6,False,68.85,209.05,-1.3,,1394.46,,False,0,2025-06-30 23:17:01
ac234f,UAL2621 ,United States,1751325420.0,1751325420,-89.3671,35.1058,10972.8,False,233.77,244.17,0.0,,11643.36,0535,False,0,2025-06-30 23:17:01
a35592,JBU1880 ,United States,1751325420.0,1751325420,-77.0871,38.7946,2042.16,False,146.74,328.04,-8.13,,2133.6,2305,False,0,2025-06-30 23:17:01
ac101f,SWA1905 ,United States,1751325420.0,1751325421,-118.0816,33.9843,1531.62,False,121.75,263.21,-3.9,,1562.1,3253,False,0,2025-06-30 23:17:01
a39bfa,UAL8197 ,United States,1751325420.0,1751325421,-86.2202,42.5346,11582.4,False,208.88,269.29,0.0,,12092.94,2216,False,0,2025-06-30 23:17:01
ae5000,SHWK424 ,United States,1751325421.0,1751325421,-117.1302,32.5624,266.7,False,47.67,173.18,3.25,,228.6,,False,0,2025-06-30 23:17:01
ac3688,SWA2840 ,United States,1751325420.0,1751325420,-100.3065,38.3333,10668.0,False,255.17,115.69,0.33,,11247.12,,False,0,2025-06-30 23:17:01
a59529,N459SP  ,United States,1751325420.0,1751325421,-95.9514,32.9013,1676.4,False,50.07,184.71,-0.98,,1737.36,1200,False,0,2025-06-30 23:17:01
a4755c,N387AS  ,United States,1751325260.0,1751325260,-97.4896,37.8024,1463.04,False,127.14,103.81,-8.78,,2179.32,,False,0,2025-06-30 23:17:01
a1abfc,N20693  ,United States,1751325414.0,1751325414,-89.0128,44.2908,922.02,False,40.77,330.52,-4.23,,876.3,,False,0,2025-06-30 23:17:01
a3689e,DAL381  ,United States,1751325421.0,1751325421,-98.8327,30.7845,6880.86,False,207.29,109.42,-11.05,,7315.2,1773,False,0,2025-06-30 23:17:01
ac1042,SWA1994 ,United States,1751325420.0,1751325420,-92.978,30.0728,11887.2,False,232.78,106.43,0.0,,12595.86,7332,False,0,2025-06-30 23:17:01
e8027a,LAN502  ,Chile,1751325421.0,1751325421,-80.7369,25.6603,2141.22,False,140.97,53.76,-7.8,,2293.62,,False,0,2025-06-30 23:17:01
ad5672,N959DS  ,United States,1751325398.0,1751325398,-90.9823,33.6635,541.02,False,52.12,184.53,-0.65,,548.64,7045,False,0,2025-06-30 23:17:01
aa8075,ENY3501 ,United States,1751325421.0,1751325421,-89.8301,38.7693,9144.0,False,219.02,219.19,0.0,,9662.16,6203,False,0,2025-06-30 23:17:01
adda1e,AAL2892 ,United States,1751325419.0,1751325419,-108.0287,32.1923,11277.6,False,248.42,103.78,0.0,,11940.54,6022,False,0,2025-06-30 23:17:01
ae74e1,ZEUS22  ,United States,1751325370.0,1751325371,-78.7725,35.8666,152.4,False,19.28,316.08,-2.6,,129.54,,False,0,2025-06-30 23:17:01
adda23,DAL2480 ,United States,1751325420.0,1751325420,-84.2716,41.144,6400.8,False,200.34,338.77,-0.33,,6697.98,2170,False,0,2025-06-30 23:17:01
aae1ea,AAL175  ,United States,1751325420.0,1751325420,-119.0142,44.4302,10972.8,False,248.29,300.23,-0.33,,11498.58,2212,False,0,2025-06-30 23:17:01
aded77,JBU1052 ,United States,1751325420.0,1751325420,-77.7707,33.0831,10683.24,False,226.88,3.9,0.0,,11262.36,,False,0,2025-06-30 23:17:01
ae0d91,R24648  ,United States,1751325420.0,1751325421,-78.9256,35.1327,121.92,False,20.6,267.14,-3.25,,99.06,,False,0,2025-06-30 23:17:01
ad41cd,SWA2366 ,United States,1751325420.0,1751325420,-91.8526,31.4825,12192.0,False,233.02,275.32,0.0,,12900.66,1076,False,0,2025-06-30 23:17:01
a127bb,UAL1759 ,United States,1751325324.0,1751325324,-108.3495,42.87,10972.8,False,224.74,309.52,0.33,,11544.3,3204,False,0,2025-06-30 23:17:01
e80244,,Chile,1751325416.0,1751325420,-82.0503,24.9695,10972.8,False,226.46,306.69,0.0,,11567.16,,False,0,2025-06-30 23:17:01
a52bfb,EJA432  ,United States,1751325421.0,1751325421,-122.1265,43.2019,12374.88,False,228.32,344.18,-10.08,,12938.76,1357,False,0,2025-06-30 23:17:01
ac491d,DAL1739 ,United States,1751325421.0,1751325421,-87.3602,38.677,10058.4,False,231.36,168.07,-0.33,,10668.0,1314,False,0,2025-06-30 23:17:01
a4c592,JBU834  ,United States,1751325421.0,1751325421,-71.1695,42.3564,2430.78,False,128.83,29.94,-2.93,,2529.84,3256,False,0,2025-06-30 23:17:01
a114f4,AAL3303 ,United States,1751325420.0,1751325420,-90.9232,42.9305,9044.94,False,266.69,115.48,-2.28,,9364.98,6700,False,0,2025-06-30 23:17:01
a5958c,SWA543  ,United States,1751325420.0,1751325420,-76.5863,39.1718,746.76,False,128.62,90.46,4.23,,754.38,2445,False,0,2025-06-30 23:17:01
a8584a,FFT2697 ,United States,1751325272.0,1751325272,-112.0083,33.4333,,True,5.14,329.06,,,,2161,False,0,2025-06-30 23:17:01
a1ad49,N207P   ,United States,1751325420.0,1751325420,-105.3213,31.1996,7620.0,False,119.25,127.46,-0.33,,8069.58,,False,0,2025-06-30 23:17:01
aa099e,JBU8034 ,United States,1751325420.0,1751325420,-70.9159,42.5483,1097.28,False,88.39,200.44,-4.55,,1135.38,4014,False,0,2025-06-30 23:17:01
4cc2a7,ICE670  ,Iceland,1751325421.0,1751325421,-101.6018,40.3576,9258.3,False,254.46,79.28,2.93,,9738.36,,False,0,2025-06-30 23:17:01
a0f4b5,DAL938  ,United States,1751325413.0,1751325418,-73.7811,40.6301,,True,0.0,30.94,,,,2714,False,0,2025-06-30 23:17:01
4cc2a6,ICE671  ,Iceland,1751325420.0,1751325420,-100.6017,45.1865,11582.4,False,237.51,211.18,0.0,,12016.74,,False,0,2025-06-30 23:17:01
ab6fbf,DAL28   ,United States,1751325420.0,1751325420,-68.2914,41.6801,10058.4,False,263.59,61.43,0.0,,10561.32,7176,False,0,2025-06-30 23:17:01
a14a18,N182WK  ,United States,1751325420.0,1751325421,-95.0309,38.7626,1828.8,False,69.56,227.7,0.0,,1866.9,,False,0,2025-06-30 23:17:01
aaf617,SCX740  ,United States,1751325421.0,1751325421,-96.1505,32.0976,7940.04,False,228.04,320.49,-12.35,,8450.58,4124,False,0,2025-06-30 23:17:01
a247f0,SKW3869 ,United States,1751325420.0,1751325421,-87.6998,41.7479,487.68,False,66.58,314.06,-3.9,,449.58,4114,False,0,2025-06-30 23:17:01
a8a82f,QXE2056 ,United States,1751325421.0,1751325421,-120.7291,37.1235,8069.58,False,208.34,185.67,-5.2,,8442.96,1531,False,0,2025-06-30 23:17:01
a85887,JBU2924 ,United States,1751325420.0,1751325420,-71.1162,41.8594,3352.8,False,138.02,60.28,0.0,,3505.2,4127,False,0,2025-06-30 23:17:01
a14a35,N182XP  ,United States,1751325186.0,1751325193,-89.7776,43.2923,571.5,False,48.87,180.0,-2.6,,518.16,,False,0,2025-06-30 23:17:01
a5827b,N454RM  ,United States,1751325345.0,1751325419,-111.4341,40.4522,4800.6,False,122.18,191.17,-6.18,,5074.92,1200,False,0,2025-06-30 23:17:01
aa3d45,N759UL  ,United States,1751325421.0,1751325421,-121.3349,47.6561,3169.92,False,60.71,180.97,-1.3,,3307.08,1200,False,0,2025-06-30 23:17:01
aa07f9,UAL576  ,United States,1751325420.0,1751325420,-109.2808,38.9627,10347.96,False,235.47,235.23,-0.33,,10942.32,3522,False,0,2025-06-30 23:17:01
a3ed69,DAL1482 ,United States,1751325421.0,1751325421,-80.1094,37.2814,10972.8,False,228.57,241.65,0.0,,11620.5,7005,False,0,2025-06-30 23:17:01
a5f7e5,N484EM  ,United States,1751325420.0,1751325420,-97.026,32.9361,304.8,False,63.79,180.46,-3.25,,281.94,3660,False,0,2025-06-30 23:17:01
a38a50,        ,United States,1751325421.0,1751325421,-103.5025,32.8234,2560.32,False,74.85,299.21,0.0,,2667.0,,False,0,2025-06-30 23:17:01
a5f7bc,N484CW  ,United States,1751325420.0,1751325420,-96.8409,32.6604,716.28,False,77.53,129.08,13.66,,746.76,,False,0,2025-06-30 23:17:01
a737c7,SWA4587 ,United States,1751325421.0,1751325421,-97.6615,30.2025,,True,0.0,275.62,,,,3542,False,0,2025-06-30 23:17:01
a0e1f5,N156RE  ,United States,1751325421.0,1751325421,-74.6898,39.6227,8656.32,False,213.54,225.49,6.83,,9189.72,1137,False,0,2025-06-30 23:17:01
accd13,AAL1329 ,United States,1751325420.0,1751325420,-80.1833,25.6729,2522.22,False,152.1,295.44,-5.53,,2689.86,,False,0,2025-06-30 23:17:01
accd10,ASA534  ,United States,1751325420.0,1751325421,-106.4307,31.8403,11277.6,False,232.97,100.69,0.0,,11932.92,1734,False,0,2025-06-30 23:17:01
a64d4d,JBU37   ,United States,1751325420.0,1751325420,-73.2929,42.2604,5798.82,False,193.79,263.14,9.75,,6088.38,7040,False,0,2025-06-30 23:17:01
a091f3,EDV5067 ,United States,1751325382.0,1751325382,-73.7663,40.6497,,True,6.43,28.12,,,,,False,0,2025-06-30 23:17:01
a63a23,N500CA  ,United States,1751325409.0,1751325414,-86.912,36.0817,647.7,False,82.58,184.65,0.65,,640.08,,False,0,2025-06-30 23:17:01
a0f4f6,DAL771  ,United States,1751325420.0,1751325420,-88.2816,42.8338,10370.82,False,207.87,270.99,-0.33,,10789.92,1505,False,0,2025-06-30 23:17:01
a88d20,N650EB  ,United States,1751325420.0,1751325420,-107.6031,38.412,12496.8,False,266.53,60.52,-0.33,,13136.88,1011,False,0,2025-06-30 23:17:01
ab14d9,DAL1956 ,United States,1751325311.0,1751325314,-84.4289,33.6427,,True,0.0,270.0,,,,5313,False,0,2025-06-30 23:17:01
aaf4d3,N805DZ  ,United States,1751325420.0,1751325420,-121.8868,38.6451,2796.54,False,60.76,21.35,8.45,,2895.6,5263,False,0,2025-06-30 23:17:01
a02a95,N11HM   ,United States,1751325421.0,1751325421,-118.6269,48.0461,11468.1,False,257.41,94.24,2.6,,11917.68,3530,False,0,2025-06-30 23:17:01
a1ad5a,SKW5466 ,United States,1751325371.0,1751325371,-87.9089,41.9716,,True,10.29,84.38,,,,,False,0,2025-06-30 23:17:01
a6f28c,GJS4418 ,United States,1751325420.0,1751325420,-77.4493,38.9442,,True,6.17,267.19,,,,,False,0,2025-06-30 23:17:01
a3ed0f,EJM352  ,United States,1751325421.0,1751325421,-91.4597,38.6449,13716.0,False,259.06,73.98,0.33,,14325.6,2642,False,0,2025-06-30 23:17:01
a3b7d1,LXJ339  ,United States,1751325421.0,1751325421,-77.4371,38.3694,11887.2,False,232.25,58.03,-0.33,,12557.76,3066,False,0,2025-06-30 23:17:01
a3b7cb,FFT24   ,United States,1751325306.0,1751325334,-78.0024,25.0898,10972.8,False,232.97,318.85,0.0,,11544.3,,False,0,2025-06-30 23:17:01
ae0d0b,SENTRY1 ,United States,1751325393.0,1751325408,-77.4545,38.2447,335.28,False,53.22,119.54,0.98,,281.94,,False,0,2025-06-30 23:17:01
a40d8d,DAL1407 ,United States,1751325420.0,1751325420,-78.0998,37.2025,8008.62,False,243.45,32.75,6.18,,8488.68,1306,False,0,2025-06-30 23:17:01
a9a266,N72NG   ,United States,1751325420.0,1751325420,-117.6365,32.9707,3276.6,False,112.28,333.9,8.45,,3429.0,,False,0,2025-06-30 23:17:01
a40d7a,DAL2004 ,United States,1751325420.0,1751325420,-109.3322,38.7086,11269.98,False,236.85,36.52,0.0,,11871.96,2073,False,0,2025-06-30 23:17:01
a64d15,N505FW  ,United States,1751325305.0,1751325309,-97.3449,32.8411,342.9,False,44.9,198.02,0.0,,312.42,,False,0,2025-06-30 23:17:01
c04829,ROU1641 ,Canada,1751325421.0,1751325421,-75.4318,38.2623,10668.0,False,237.44,22.95,0.0,,11300.46,1026,False,0,2025-06-30 23:17:01
acba1b,SWA3613 ,United States,1751325421.0,1751325421,-116.2919,43.2188,10972.8,False,210.27,278.72,0.0,,11490.96,,False,0,2025-06-30 23:17:01
a5f7c6,CFR609  ,United States,1751325373.0,1751325394,-117.3983,33.7872,678.18,False,6.22,24.44,-3.58,,655.32,,False,0,2025-06-30 23:17:01
a39d95,DAL921  ,United States,1751325420.0,1751325420,-84.6467,33.5407,3642.36,False,133.17,94.65,-0.33,,3825.24,2306,False,0,2025-06-30 23:17:01
ad8a23,CXK103  ,United States,1751325420.0,1751325420,-117.0258,33.0647,1402.08,False,46.13,277.05,0.65,,1432.56,,False,0,2025-06-30 23:17:01
ad9d59,N97674  ,United States,1751325421.0,1751325421,-118.0209,33.674,792.48,False,52.41,31.35,0.0,,762.0,,False,0,2025-06-30 23:17:01
a64d27,N505GP  ,United States,1751325421.0,1751325421,-75.5988,38.5785,8168.64,False,191.45,210.7,5.85,,8641.08,,False,0,2025-06-30 23:17:01
aa0909,ENY3482 ,United States,1751325284.0,1751325284,-87.9094,41.9829,,True,14.4,90.0,,,,2432,False,0,2025-06-30 23:17:01
a831ce,N627S   ,United States,1751325421.0,1751325421,-120.8143,37.7156,716.28,False,66.62,149.87,4.23,,678.18,,False,0,2025-06-30 23:17:01
a5d1f7,SWA2590 ,United States,1751325421.0,1751325421,-116.2939,34.0906,11277.6,False,245.66,110.6,-0.65,,11902.44,2010,False,0,2025-06-30 23:17:01
a99a52,FFT2083 ,United States,1751325420.0,1751325420,-112.4435,33.1426,4472.94,False,177.56,226.17,11.7,,4724.4,0753,False,0,2025-06-30 23:17:01
a28fac,N264US  ,United States,1751325420.0,1751325420,-97.5028,31.7668,2575.56,False,57.22,123.26,0.0,,2712.72,,False,0,2025-06-30 23:17:01
ad4250,N9531J  ,United States,1751325421.0,1751325421,-96.5767,33.1632,495.3,False,49.47,45.0,-0.98,,464.82,1200,False,0,2025-06-30 23:17:01
a03ce6,AAL1452 ,United States,1751325421.0,1751325421,-81.1558,32.0438,10058.4,False,221.34,25.91,0.0,,10637.52,7757,False,0,2025-06-30 23:17:01
ab0293,N80841  ,United States,1751325394.0,1751325418,-85.995,43.2877,914.4,False,43.74,358.65,-0.98,,883.92,,False,0,2025-06-30 23:17:01
a59601,UAL415  ,United States,1751325420.0,1751325421,-74.1271,46.9881,11582.4,False,229.48,268.97,0.0,,12077.7,2517,False,0,2025-06-30 23:17:01
c020f0,CFMMH   ,Canada,1751325420.0,1751325420,-73.1169,45.5408,548.64,False,51.1,85.38,1.3,,502.92,,False,0,2025-06-30 23:17:01
c07c7a,ACA512  ,Canada,1751325420.0,1751325420,-92.7866,45.7323,10507.98,False,213.36,256.33,0.65,,10774.68,6711,False,0,2025-06-30 23:17:01
a831e5,SKW6967 ,United States,1751325420.0,1751325420,-90.0746,42.1268,11346.18,False,175.13,267.14,4.55,,11849.1,6257,False,0,2025-06-30 23:17:01
a87a0d,BPX213  ,United States,1751325394.0,1751325401,-81.1721,29.6093,967.74,False,42.19,232.43,-0.98,,1021.08,1200,False,0,2025-06-30 23:17:01
a724e3,N56DG   ,United States,1751325420.0,1751325420,-71.3562,43.2807,922.02,False,50.75,169.49,-0.33,,914.4,,False,0,2025-06-30 23:17:01
a5d1b9,UAL2161 ,United States,1751325419.0,1751325421,-92.7942,31.6633,10058.4,False,247.43,68.66,0.0,,10668.0,7211,False,0,2025-06-30 23:17:01
a3696e,DAL1623 ,United States,1751325124.0,1751325124,-111.9855,40.787,,True,7.72,264.38,,,,2710,False,0,2025-06-30 23:17:01
a6f1a4,N54678  ,United States,1751325418.0,1751325418,-118.064,34.0707,525.78,False,35.94,279.06,4.23,,464.82,,False,0,2025-06-30 23:17:01
a8dd30,N670RA  ,United States,1751325421.0,1751325421,-99.4344,34.0509,7940.04,False,148.71,271.19,0.33,,8374.38,6236,False,0,2025-06-30 23:17:01
a9fd29,N7426G  ,United States,1751325420.0,1751325420,-122.4354,48.5351,335.28,False,49.9,132.08,-2.6,,350.52,,False,0,2025-06-30 23:17:01
a75a21,LXJ573  ,United States,1751325420.0,1751325420,-82.6754,41.9437,6332.22,False,216.99,104.7,-13.66,,6598.92,7236,False,0,2025-06-30 23:17:01
a977f8,N709WG  ,United States,1751325198.0,1751325198,-116.9702,32.7944,304.8,False,57.62,352.3,-2.6,,251.46,,False,0,2025-06-30 23:17:01
a9b4a4,RPA3663 ,United States,1751325351.0,1751325351,-87.9041,41.9704,,True,9.26,90.0,,,,,False,0,2025-06-30 23:17:01
a23675,UCA4854 ,United States,1751325421.0,1751325421,-90.5272,32.041,10972.8,False,228.16,245.63,-0.33,,11628.12,1417,False,0,2025-06-30 23:17:01
ab5d03,KSU31   ,United States,1751325420.0,1751325420,-97.4205,38.7181,1272.54,False,38.1,357.68,1.63,,1325.88,,False,0,2025-06-30 23:17:01
a4b1f9,N401SS  ,United States,1751325420.0,1751325420,-105.4368,40.2181,2926.08,False,59.54,170.05,1.3,,3116.58,,False,0,2025-06-30 23:17:01
a7aa1f,SCU17   ,United States,1751325417.0,1751325417,-96.4611,36.1164,1074.42,False,52.67,192.41,5.85,,1066.8,,False,0,2025-06-30 23:17:01
a27cc9,N26BM   ,United States,1751325420.0,1751325420,-122.3102,47.5239,182.88,False,62.99,149.04,-1.3,,160.02,,False,0,2025-06-30 23:17:01
a831b2,QXE2003 ,United States,1751325346.0,1751325349,-114.14,38.7898,10668.0,False,238.71,146.07,0.33,,11216.64,,False,0,2025-06-30 23:17:01
a0e314,N15617  ,United States,1751325420.0,1751325421,-97.6432,38.8877,922.02,False,33.12,6.24,1.95,,960.12,,False,0,2025-06-30 23:17:01
a977bb,DAL304  ,United States,1751325421.0,1751325421,-84.0355,41.9954,4716.78,False,183.1,74.52,-3.58,,4876.8,1307,False,0,2025-06-30 23:17:01
a08021,AAL1070 ,United States,1751325421.0,1751325421,-82.6481,28.2802,1501.14,False,110.12,88.66,-2.6,,1600.2,2205,False,0,2025-06-30 23:17:01
a3560b,DAL2817 ,United States,1751325323.0,1751325323,-122.3086,47.4461,,True,6.43,126.56,,,,6062,False,0,2025-06-30 23:17:01
ac47b7,SWA3579 ,United States,1751325417.0,1751325417,-87.7479,41.7864,,True,5.92,177.19,,,,,False,0,2025-06-30 23:17:01
c046f7,WJA1565 ,Canada,1751325420.0,1751325420,-118.9586,38.901,11582.4,False,245.67,357.24,-0.65,,12176.76,6711,False,0,2025-06-30 23:17:01
c07e2c,ACA1187 ,Canada,1751325421.0,1751325421,-75.1028,39.899,563.88,False,87.61,257.11,-4.88,,556.26,4224,False,0,2025-06-30 23:17:01
a2ccee,N28PG   ,United States,1751325300.0,1751325305,-123.2188,44.1132,144.78,False,28.31,357.92,-1.95,,106.68,,False,0,2025-06-30 23:17:01
a59662,N4593X  ,United States,1751325419.0,1751325420,-118.4339,34.0294,274.32,False,37.09,246.28,-5.53,,220.98,,False,0,2025-06-30 23:17:01
aa8114,UAL1470 ,United States,1751325421.0,1751325421,-101.6642,42.3345,11277.6,False,263.17,85.52,0.0,,11803.38,,False,0,2025-06-30 23:17:01
a46345,FFT1476 ,United States,1751325420.0,1751325420,-92.4556,34.1306,11277.6,False,250.31,65.86,0.0,,11948.16,0532,False,0,2025-06-30 23:17:01
aa8110,N776TX  ,United States,1751325420.0,1751325420,-117.0136,33.316,1455.42,False,64.85,311.78,-0.33,,1478.28,,False,0,2025-06-30 23:17:01
a40cdf,LXJ360  ,United States,1751325421.0,1751325421,-107.4336,42.5999,13106.4,False,206.93,304.88,-0.33,,13708.38,6264,False,0,2025-06-30 23:17:01
ac2412,SWA1089 ,United States,1751325420.0,1751325420,-99.9615,31.1487,10363.2,False,214.81,293.13,0.0,,11003.28,2230,False,0,2025-06-30 23:17:01
a5e635,N47990  ,United States,1751325419.0,1751325421,-82.1725,40.7235,1493.52,False,67.35,47.17,0.0,,1501.14,6654,False,0,2025-06-30 23:17:01
a5e632,N4799X  ,United States,1751325417.0,1751325421,-81.6268,30.3214,1005.84,False,41.03,120.1,2.28,,1043.94,,False,0,2025-06-30 23:17:01
ad9db0,ASA1434 ,United States,1751325421.0,1751325421,-119.3843,34.9995,10668.0,False,236.75,143.3,0.0,,11224.26,3746,False,0,2025-06-30 23:17:01
c07e32,ACA1092 ,Canada,1751325420.0,1751325420,-98.2792,39.6217,10668.0,False,263.12,67.35,-0.33,,11216.64,5700,False,0,2025-06-30 23:17:01
c07e33,ACA759  ,Canada,1751325420.0,1751325420,-82.3535,42.9894,9052.56,False,214.25,237.95,3.58,,9502.14,6357,False,0,2025-06-30 23:17:01
a41ffc,MVK77   ,United States,1751325358.0,1751325358,-94.2284,44.2378,1272.54,False,45.51,264.16,0.33,,1272.54,,False,0,2025-06-30 23:17:01
a1f018,N224CJ  ,United States,1751325420.0,1751325420,-92.8652,44.6728,929.64,False,122.3,259.82,0.0,,929.64,4570,False,0,2025-06-30 23:17:01
a2dffe,UAL1920 ,United States,1751325420.0,1751325421,-106.7786,40.7878,10972.8,False,228.64,234.99,0.33,,11567.16,7270,False,0,2025-06-30 23:17:01
abadd6,SWA1138 ,United States,1751325420.0,1751325421,-107.4954,36.2817,11590.02,False,224.66,251.44,-0.33,,12207.24,6421,False,0,2025-06-30 23:17:01
ad574f,AAL2556 ,United States,1751325420.0,1751325420,-107.5962,40.4683,11277.6,False,236.33,76.66,0.0,,11871.96,,False,0,2025-06-30 23:17:01
a6f30e,N547MP  ,United States,1751325420.0,1751325421,-90.4955,38.3484,4648.2,False,135.37,197.47,13.0,,4869.18,1714,False,0,2025-06-30 23:17:01
ac2439,SWA3228 ,United States,1751325421.0,1751325421,-97.6825,30.3336,807.72,False,93.15,178.42,-4.23,,861.06,1226,False,0,2025-06-30 23:17:01
a2ccbf,N28MK   ,United States,1751325420.0,1751325420,-89.8037,42.5169,1539.24,False,68.84,80.54,0.0,,1546.86,,False,0,2025-06-30 23:17:01
c035bb,JZA965  ,Canada,1751325421.0,1751325421,-76.1982,45.9547,9631.68,False,178.98,281.44,7.48,,10058.4,,False,0,2025-06-30 23:17:01
a41ff5,N365MC  ,United States,1751325400.0,1751325400,-83.1964,25.6463,9753.6,False,232.75,301.44,0.33,,10309.86,,False,0,2025-06-30 23:17:01
e49f22,,Brazil,1751325205.0,1751325205,-77.4413,27.3428,9448.8,False,208.16,313.4,0.0,,9959.34,,False,0,2025-06-30 23:17:01
a7130c,SWA2404 ,United States,1751325420.0,1751325420,-122.2495,38.5252,7040.88,False,235.36,355.36,11.38,,7330.44,3333,False,0,2025-06-30 23:17:01
c035d4,JZA596  ,Canada,1751325421.0,1751325421,-121.5904,39.0957,1569.72,False,138.42,174.88,0.0,,1607.82,2655,False,0,2025-06-30 23:17:01
a46310,DAL1284 ,United States,1751325420.0,1751325420,-87.3318,32.4358,10165.08,False,244.5,241.33,6.18,,10789.92,7716,False,0,2025-06-30 23:17:01
a5702a,N45EC   ,United States,1751325420.0,1751325421,-121.9026,38.0337,556.26,False,49.58,202.57,-0.33,,510.54,1200,False,0,2025-06-30 23:17:01
a1acdb,RPA5883 ,United States,1751325421.0,1751325421,-74.4018,42.1572,11582.4,False,209.17,262.37,0.65,,12192.0,6302,False,0,2025-06-30 23:17:01
a76cc0,GJS4555 ,United States,1751325421.0,1751325421,-86.8203,41.8287,3627.12,False,182.26,350.09,-5.53,,3726.18,1565,False,0,2025-06-30 23:17:01
a2101f,MXY612  ,United States,1751325419.0,1751325420,-119.4805,35.3144,9570.72,False,234.26,297.75,6.5,,10058.4,7265,False,0,2025-06-30 23:17:01
a9ea7d,N738TS  ,United States,1751325420.0,1751325420,-119.3048,36.0169,7010.4,False,143.62,171.35,0.0,,7330.44,2266,False,0,2025-06-30 23:17:01
a9ea7e,N738TT  ,United States,1751325419.0,1751325419,-92.0216,42.0653,883.92,False,40.41,21.67,5.2,,853.44,,False,0,2025-06-30 23:17:01
a36994,EDV5012 ,United States,1751325406.0,1751325417,-73.7841,40.6336,,True,0.0,118.12,,,,,False,0,2025-06-30 23:17:01
ac377b,SWA246  ,United States,1751325420.0,1751325420,-90.1915,40.5203,8801.1,False,267.48,41.57,-13.0,,9258.3,4065,False,0,2025-06-30 23:17:01
3c4b33,DLH457  ,Germany,1751325420.0,1751325420,-113.8778,36.7363,10058.4,False,267.68,54.39,0.33,,10607.04,1042,False,0,2025-06-30 23:17:01
3c4b31,DLH441  ,Germany,1751325421.0,1751325421,-87.7476,40.969,10675.62,False,284.26,23.69,-0.33,,11216.64,4037,False,0,2025-06-30 23:17:01
abadf9,SWA4742 ,United States,1751325418.0,1751325420,-111.994,33.4321,,True,0.0,90.0,,,,,False,0,2025-06-30 23:17:01
3c4b26,DLH403  ,Germany,1751325414.0,1751325414,-74.1737,40.6915,,True,0.0,323.44,,,,,False,0,2025-06-30 23:17:01
adedaa,DCM7190 ,United States,1751325421.0,1751325421,-80.7869,33.5128,3352.8,False,140.44,169.02,-7.15,,3528.06,,False,0,2025-06-30 23:17:01
a9ea4d,N738RU  ,United States,1751325420.0,1751325421,-87.6394,41.5739,731.52,False,52.51,272.25,0.65,,693.42,1200,False,0,2025-06-30 23:17:01
ab4af1,AAL739  ,United States,1751325420.0,1751325420,-71.2969,41.3188,3794.76,False,197.52,165.67,13.0,,3970.02,,False,0,2025-06-30 23:17:01
ac245c,SWA1495 ,United States,1751325420.0,1751325421,-81.5341,36.7768,11582.4,False,237.33,238.65,0.33,,12268.2,6577,False,0,2025-06-30 23:17:01
ab0485,AAL368  ,United States,1751325421.0,1751325421,-79.8158,25.636,3474.72,False,182.44,110.12,16.91,,3657.6,,False,0,2025-06-30 23:17:01
a97906,N7095B  ,United States,1751325419.0,1751325420,-117.0981,34.0419,853.44,False,57.12,133.91,2.6,,853.44,1255,False,0,2025-06-30 23:17:01
c01081,CFGGM   ,Canada,1751325167.0,1751325167,-82.1703,42.2317,632.46,False,60.51,63.22,-0.65,,571.5,,False,0,2025-06-30 23:17:01
3c4b35,DLH431  ,Germany,1751325421.0,1751325421,-82.6392,47.5773,10058.4,False,302.35,38.02,0.33,,10393.68,,False,0,2025-06-30 23:17:01
a9ea5d,SKW3704 ,United States,1751325376.0,1751325376,-107.9283,39.0097,7673.34,False,218.93,69.65,-10.73,,8267.7,1340,False,0,2025-06-30 23:17:01
ad4461,JSX200  ,United States,1751325421.0,1751325421,-103.3919,32.8971,10972.8,False,226.26,314.82,-0.33,,11605.26,2370,False,0,2025-06-30 23:17:01
a3ecc8,FFT3916 ,United States,1751325420.0,1751325420,-81.0955,31.6874,10972.8,False,247.32,197.3,0.0,,11590.02,7462,False,0,2025-06-30 23:17:01
a8dd7b,UAL929  ,United States,1751325420.0,1751325420,-69.656,47.6505,10668.0,False,261.21,78.76,0.0,,11087.1,6551,False,0,2025-06-30 23:17:01
a85931,QXE2078 ,United States,1751325420.0,1751325420,-122.2749,47.1462,6987.54,False,190.97,175.36,6.18,,7315.2,1661,False,0,2025-06-30 23:17:01
a0808f,SKW5914 ,United States,1751325420.0,1751325420,-102.2921,38.6135,9753.6,False,211.85,301.8,-0.33,,10271.76,,False,0,2025-06-30 23:17:01
0d10fd,VOI5596 ,Mexico,1751325414.0,1751325414,-100.1169,25.784,,True,1.03,118.12,,,,,False,0,2025-06-30 23:17:01
a9b4de,UAL2407 ,United States,1751325420.0,1751325420,-90.1887,31.926,10363.2,False,235.89,251.96,0.33,,11010.9,5237,False,0,2025-06-30 23:17:01
ad4453,N954JH  ,United States,1751325420.0,1751325420,-73.7688,41.7785,1036.32,False,42.56,206.57,-0.98,,1066.8,,False,0,2025-06-30 23:17:01
ae0de9,ARROW13 ,United States,1751325403.0,1751325403,-104.5915,39.5838,1889.76,False,52.63,50.55,-1.3,,1965.96,,False,0,2025-06-30 23:17:01
a34370,N3092S  ,United States,1751325421.0,1751325421,-118.3409,47.884,2560.32,False,75.25,266.47,0.33,,2682.24,,False,0,2025-06-30 23:17:01
a3fffc,DAL2625 ,United States,1751325421.0,1751325421,-74.2739,44.5715,7025.64,False,211.54,197.11,12.68,,7338.06,,False,0,2025-06-30 23:17:01
a008c9,DAL879  ,United States,1751325420.0,1751325420,-122.3186,47.3653,533.4,False,73.57,0.4,-4.23,,548.64,,False,0,2025-06-30 23:17:01
4cc27c,ICE623  ,Iceland,1751325419.0,1751325419,-74.1744,40.6877,,True,5.14,14.06,,,,,False,0,2025-06-30 23:17:01
a3a65f,AAL2995 ,United States,1751325416.0,1751325416,-73.7971,40.6395,,True,0.0,120.94,,,,,False,0,2025-06-30 23:17:01
ac247a,SWA4330 ,United States,1751325418.0,1751325419,-90.0728,37.7049,6080.76,False,187.55,324.83,-10.4,,6423.66,0411,False,0,2025-06-30 23:17:01
a6905d,TWY522  ,United States,1751325230.0,1751325230,-122.3823,37.6265,,True,1.8,118.12,,,,4561,False,0,2025-06-30 23:17:01
ada5ee,JBU603  ,United States,1751325421.0,1751325421,-81.7233,44.0153,9761.22,False,233.48,291.59,0.0,,10210.8,6660,False,0,2025-06-30 23:17:01
a9534b,N70MC   ,United States,1751325421.0,1751325421,-122.6647,44.7105,2606.04,False,88.15,356.32,0.0,,2712.72,,False,0,2025-06-30 23:17:01
a69061,JIA5220 ,United States,1751325420.0,1751325420,-83.5007,37.8787,6682.74,False,208.02,92.41,8.13,,7048.5,4077,False,0,2025-06-30 23:17:01
a248df,MMY59   ,United States,1751325420.0,1751325420,-122.0566,40.4341,1097.28,False,59.88,306.97,-1.63,,1074.42,,False,0,2025-06-30 23:17:01
a6f35c,EJA547  ,United States,1751325420.0,1751325420,-120.9418,39.1316,1752.6,False,118.6,34.93,-3.58,,1790.7,1200,False,0,2025-06-30 23:17:01
a69072,TKR912  ,United States,1751325419.0,1751325419,-111.6355,33.2955,533.4,False,77.12,315.54,-3.58,,441.96,,False,0,2025-06-30 23:17:01
a14b1a,UAL1927 ,United States,1751325420.0,1751325420,-87.2167,28.4634,10972.8,False,234.43,288.16,0.0,,11620.5,1110,False,0,2025-06-30 23:17:01
a45072,DAL585  ,United States,1751325420.0,1751325420,-89.2432,32.0884,10363.2,False,240.08,232.05,0.0,,11010.9,3374,False,0,2025-06-30 23:17:01
0d10bc,VIV731  ,Mexico,1751325421.0,1751325421,-98.2871,26.366,11582.4,False,223.93,246.44,-0.65,,12313.92,7353,False,0,2025-06-30 23:17:01
a248b4,N2460U  ,United States,1751325311.0,1751325313,-93.0439,44.0857,1249.68,False,53.68,257.83,-1.95,,1226.82,,False,0,2025-06-30 23:17:01
aa815e,N776X   ,United States,1751325419.0,1751325420,-84.6226,43.1128,2042.16,False,97.53,43.29,-2.93,,2049.78,,False,0,2025-06-30 23:17:01
addb4a,AAL1211 ,United States,1751325421.0,1751325421,-79.8347,27.3016,8702.04,False,253.33,173.24,-5.53,,9182.1,5755,False,0,2025-06-30 23:17:01
a1ae05,SWA2511 ,United States,1751325420.0,1751325420,-114.971,36.0738,1371.6,False,96.73,270.91,-5.53,,1379.22,0721,False,0,2025-06-30 23:17:01
4aca64,SAS925  ,Sweden,1751325420.0,1751325420,-76.0223,41.9589,6705.6,False,199.17,208.88,0.0,,7033.26,6021,False,0,2025-06-30 23:17:01
a69028,N5218U  ,United States,1751325418.0,1751325421,-73.0807,40.8396,350.52,False,55.31,43.49,0.65,,327.66,4213,False,0,2025-06-30 23:17:01
4aca65,SAS938  ,Sweden,1751325421.0,1751325421,-122.0331,48.2042,6118.86,False,218.28,44.24,11.7,,6377.94,1571,False,0,2025-06-30 23:17:01
a1ae79,CXK599  ,United States,1751325246.0,1751325248,-91.1395,30.541,22.86,False,34.99,221.42,-2.28,,22.86,,False,0,2025-06-30 23:17:01
a88cbf,PDT5965 ,United States,1751325420.0,1751325420,-79.6811,36.7668,6096.0,False,215.48,209.93,-0.33,,6454.14,,False,0,2025-06-30 23:17:01
a14b4e,N1826K  ,United States,1751325421.0,1751325421,-81.3561,29.0677,12496.8,False,215.5,7.82,0.0,,13114.02,0670,False,0,2025-06-30 23:17:01
a222b2,MXY705  ,United States,1751325420.0,1751325420,-100.24,37.7511,11277.6,False,247.98,89.29,0.0,,11879.58,2404,False,0,2025-06-30 23:17:01
a2bb10,SWA3698 ,United States,1751325420.0,1751325421,-104.0118,44.6654,11590.02,False,205.83,280.8,0.0,,12085.32,1376,False,0,2025-06-30 23:17:01
ac370b,SWA3784 ,United States,1751325420.0,1751325420,-85.9235,36.3816,11277.6,False,239.79,68.61,0.0,,11948.16,4621,False,0,2025-06-30 23:17:01
a9b62a,ASA1319 ,United States,1751325420.0,1751325420,-86.3843,44.8022,10363.2,False,218.06,282.4,0.0,,10759.44,6554,False,0,2025-06-30 23:17:01
a2ce2d,N280C   ,United States,1751325410.0,1751325410,-80.1153,37.9553,6934.2,False,231.95,93.56,-5.2,,7376.16,3321,False,0,2025-06-30 23:17:01
a71340,,United States,1751325326.0,1751325326,-122.9199,46.9567,381.0,False,60.11,186.88,3.25,,396.24,,False,0,2025-06-30 23:17:01
a7cfe6,JIA5435 ,United States,1751325421.0,1751325421,-81.1588,35.1459,2392.68,False,147.77,322.21,15.61,,2506.98,,False,0,2025-06-30 23:17:01
a89fda,FFT4830 ,United States,1751325158.0,1751325158,-120.5822,42.7544,10668.0,False,220.97,167.91,0.0,,11178.54,1611,False,0,2025-06-30 23:17:01
c01006,CFGBT   ,Canada,1751325420.0,1751325421,-73.0488,45.9515,304.8,False,30.46,127.45,-0.33,,,,False,0,2025-06-30 23:17:01
a475a3,DAL2732 ,United States,1751325420.0,1751325420,-88.1689,44.5535,10668.0,False,264.25,98.51,0.0,,11064.24,3057,False,0,2025-06-30 23:17:01
d7226c,,,1751325419.0,1751325419,-93.8121,36.0643,1127.76,False,39.16,170.17,0.65,,1173.48,,False,0,2025-06-30 23:17:01
a27e64,N26TY   ,United States,1751325417.0,1751325417,-115.1368,35.9807,,True,0.0,14.06,,,,,False,0,2025-06-30 23:17:01
a8efba,EJA675  ,United States,1751325179.0,1751325184,-94.0977,36.3939,495.3,False,61.01,199.2,-3.25,,487.68,7322,False,0,2025-06-30 23:17:01
aa2abc,AAL2819 ,United States,1751325416.0,1751325416,-84.4421,33.6418,,True,0.0,270.0,,,,6154,True,0,2025-06-30 23:17:01
ab0425,JRE809  ,United States,1751325421.0,1751325421,-79.2307,41.2251,13106.4,False,222.37,85.62,0.98,,13723.62,2423,False,0,2025-06-30 23:17:01
a88ccf,AAL2489 ,United States,1751325420.0,1751325420,-80.9853,28.3616,10507.98,False,209.38,341.97,0.33,,11071.86,3566,False,0,2025-06-30 23:17:01
ac3731,SWA2666 ,United States,1751325421.0,1751325421,-82.3178,27.9138,6096.0,False,195.57,66.27,-0.33,,6438.9,7517,False,0,2025-06-30 23:17:01
c02358,JZA687  ,Canada,1751325420.0,1751325420,-79.4536,43.9092,7924.8,False,231.05,237.55,0.0,,8290.56,1021,False,0,2025-06-30 23:17:01
a222a1,N237BG  ,United States,1751325420.0,1751325420,-80.8581,29.2823,12192.0,False,243.98,158.09,0.0,,12778.74,2453,False,0,2025-06-30 23:17:01
a3a5eb,AAY1160 ,United States,1751325420.0,1751325420,-85.4131,38.1315,1988.82,False,137.63,317.42,-1.63,,2057.4,0412,False,0,2025-06-30 23:17:01
a2ce7d,,United States,1751325317.0,1751325317,-122.3008,47.4609,,True,0.0,180.0,,,,,False,0,2025-06-30 23:17:01
acce0e,N924LP  ,United States,1751325420.0,1751325420,-84.1541,39.0371,632.46,False,54.12,36.11,-0.65,,594.36,,False,0,2025-06-30 23:17:01
a51b58,SWA1293 ,United States,1751325421.0,1751325421,-105.4223,32.7965,11582.4,False,227.55,253.45,0.0,,12268.2,1514,False,0,2025-06-30 23:17:01
ac48f2,SWA4020 ,United States,1751325420.0,1751325420,-78.0768,37.6826,3261.36,False,179.19,101.76,-5.53,,3436.62,3237,False,0,2025-06-30 23:17:01
a582bb,UAL1129 ,United States,1751325421.0,1751325421,-82.8285,42.5961,9753.6,False,226.73,283.25,-0.65,,10271.76,5766,False,0,2025-06-30 23:17:01
a27e9c,N26WD   ,United States,1751325267.0,1751325267,-111.8757,39.7594,1897.38,False,41.37,169.25,-0.65,,1996.44,,False,0,2025-06-30 23:17:01
c0360e,WJA1597 ,Canada,1751325420.0,1751325420,-84.8365,35.3311,9433.56,False,241.13,317.94,6.18,,9989.82,2011,False,0,2025-06-30 23:17:01
abae2c,SWA1747 ,United States,1751325420.0,1751325421,-104.392,34.4967,11277.6,False,227.46,138.67,-0.33,,11902.44,,False,0,2025-06-30 23:17:01
ab4b34,DAL2167 ,United States,1751325421.0,1751325421,-96.9067,44.8834,10668.0,False,247.59,96.68,0.33,,11010.9,1667,False,0,2025-06-30 23:17:01
aa2b21,RPA3549 ,United States,1751325421.0,1751325421,-87.468,42.1454,1546.86,False,107.44,153.56,0.0,,1569.72,3140,False,0,2025-06-30 23:17:01
a605eb,N4877D  ,United States,1751325403.0,1751325403,-97.1601,32.3317,914.4,False,55.66,81.5,-5.2,,906.78,,False,0,2025-06-30 23:17:01
a14b79,XBKTS   ,United States,1751325156.0,1751325159,-116.9548,32.5389,175.26,False,40.3,284.04,-1.63,,144.78,,False,0,2025-06-30 23:17:01
a475d8,FFT4344 ,United States,1751325420.0,1751325420,-98.1124,37.9684,11285.22,False,241.85,117.76,0.33,,11894.82,,False,0,2025-06-30 23:17:01
a39e6b,DAL1024 ,United States,1751325420.0,1751325420,-115.6661,34.1566,9753.6,False,231.61,274.2,-0.33,,10287.0,7257,False,0,2025-06-30 23:17:01
ab5e6c,SWA3358 ,United States,1751325420.0,1751325421,-82.3331,30.3156,11003.28,False,240.89,278.6,5.53,,11612.88,3240,False,0,2025-06-30 23:17:01
a9a397,ASA582  ,United States,1751325420.0,1751325421,-122.3773,45.3859,10972.8,False,233.68,337.61,0.0,,11430.0,7275,False,0,2025-06-30 23:17:01
a2bb1a,N275WY  ,United States,1751325419.0,1751325420,-88.181,43.0903,297.18,False,31.4,268.12,2.6,,266.7,1200,False,0,2025-06-30 23:17:01
c07cb9,PRO4810 ,Canada,1751325420.0,1751325420,-75.6959,46.4409,7338.06,False,114.74,309.54,-0.33,,7650.48,,False,0,2025-06-30 23:17:01
ac22c5,AAL2019 ,United States,1751325421.0,1751325421,-81.9224,29.513,11582.4,False,235.14,107.05,0.0,,12214.86,1045,False,0,2025-06-30 23:17:01
a7008f,N550MS  ,United States,1751325421.0,1751325421,-95.372,38.8168,2560.32,False,152.7,94.25,-11.38,,2628.9,,False,0,2025-06-30 23:17:01
abae62,SWA2356 ,United States,1751325420.0,1751325420,-96.6679,36.286,8214.36,False,216.25,234.68,-5.2,,8694.42,1624,False,0,2025-06-30 23:17:01
a4d8e1,,United States,1751325178.0,1751325178,-81.0836,34.897,784.86,False,65.41,60.81,-1.3,,853.44,,False,0,2025-06-30 23:17:01
a0f70c,SKW5264 ,United States,1751325420.0,1751325420,-85.6591,39.9743,7924.8,False,241.9,358.29,0.33,,8359.14,6744,False,0,2025-06-30 23:17:01
acce3f,AAL1486 ,United States,1751325420.0,1751325421,-80.7662,36.4807,9144.0,False,230.16,10.43,6.5,,9692.64,,False,0,2025-06-30 23:17:01
ab5e9b,SWA4478 ,United States,1751325420.0,1751325421,-114.3794,40.7052,11285.22,False,251.77,87.66,-0.65,,11879.58,,False,0,2025-06-30 23:17:01
a2bb89,UAL688K ,United States,1751325421.0,1751325421,-70.5668,42.2853,1661.16,False,120.87,11.79,-4.88,,1722.12,3521,False,0,2025-06-30 23:17:01
a52e54,ASA555  ,United States,1751325347.0,1751325357,-122.3165,47.4593,,True,16.46,39.38,,,,2252,False,0,2025-06-30 23:17:01
a2bb83,UAL665  ,United States,1751325421.0,1751325421,-73.8403,39.6185,2484.12,False,149.36,334.94,-2.6,,2590.8,,False,0,2025-06-30 23:17:01
ae0e4d,R9626686,United States,1751325420.0,1751325420,-85.4463,38.0444,579.12,False,44.42,208.35,-0.65,,556.26,,False,0,2025-06-30 23:17:01
a4c5d7,N4064H  ,United States,1751325418.0,1751325419,-88.2665,31.1586,3162.3,False,78.77,272.25,0.0,,3322.32,4170,False,0,2025-06-30 23:17:01
a38b85,N3276K  ,United States,1751325229.0,1751325230,-100.3727,25.6658,731.52,False,52.03,245.46,0.0,,693.42,,False,0,2025-06-30 23:17:01
a27dac,N26LP   ,United States,1751325404.0,1751325408,-90.908,42.5724,922.02,False,67.42,91.75,-0.98,,899.16,,False,0,2025-06-30 23:17:01
a1adab,SKW6000 ,United States,1751325421.0,1751325421,-101.4641,26.3567,7444.74,False,207.92,293.01,3.25,,7917.18,,False,0,2025-06-30 23:17:01
a0e431,AAL765  ,United States,1751325421.0,1751325421,-85.7721,36.7364,10370.82,False,234.71,261.3,0.0,,10995.66,3335,False,0,2025-06-30 23:17:01
ada64a,NKS2607 ,United States,1751325420.0,1751325420,-74.7209,39.3735,784.86,False,147.86,14.71,-8.45,,807.72,3647,False,0,2025-06-30 23:17:01
ac1058,N877AA  ,United States,1751325377.0,1751325377,-73.7222,41.0873,251.46,False,36.58,154.16,-3.9,,297.18,1200,False,0,2025-06-30 23:17:01
a99b83,DAL363  ,United States,1751324881.0,1751325334,-122.3827,37.6156,,True,5.4,208.12,,,,,False,0,2025-06-30 23:17:01
a15db7,N1875C  ,United States,1751325420.0,1751325421,-94.8515,33.4557,5996.94,False,182.19,173.68,-9.75,,6324.6,1433,False,0,2025-06-30 23:17:01
ac1068,SKW5945 ,United States,1751325420.0,1751325420,-104.0659,42.7817,10058.4,False,211.08,2.23,0.0,,10561.32,,False,0,2025-06-30 23:17:01
a52da7,N4325V  ,United States,1751325407.0,1751325407,-78.1176,39.0927,883.92,False,46.91,158.78,-0.65,,876.3,,False,0,2025-06-30 23:17:01
ad4390,AAL2319 ,United States,1751325420.0,1751325420,-80.3818,25.8398,464.82,False,82.7,119.44,-3.9,,518.16,3753,False,0,2025-06-30 23:17:01
ac1080,ES807   ,United States,1751325404.0,1751325404,-120.6375,37.4856,800.1,False,61.95,147.89,-2.28,,769.62,0376,False,0,2025-06-30 23:17:01
a965fb,N7041X  ,United States,1751325408.0,1751325412,-112.049,33.142,731.52,False,29.74,307.27,-5.53,,662.94,6013,False,0,2025-06-30 23:17:01
a03de6,N1143X  ,United States,1751325262.0,1751325262,-75.4394,43.2709,449.58,False,37.56,216.09,-2.6,,411.48,,False,0,2025-06-30 23:17:01
a02ab4,N11JT   ,United States,1751325419.0,1751325419,-73.0735,41.2419,853.44,False,44.92,339.9,0.33,,891.54,4360,False,0,2025-06-30 23:17:01
a35701,EDV5327 ,United States,1751325420.0,1751325420,-86.1949,32.4208,7315.2,False,221.76,78.9,0.65,,7749.54,,False,0,2025-06-30 23:17:01
c06a82,TSC602  ,Canada,1751325415.0,1751325415,-73.7352,45.4808,,True,7.2,42.19,,,,,False,0,2025-06-30 23:17:01
aa92f8,UAL538  ,United States,1751325419.0,1751325420,-111.9396,42.3667,10363.2,False,250.41,246.38,0.0,,10904.22,,False,0,2025-06-30 23:17:01
a9eb09,N738ZG  ,United States,1751325303.0,1751325303,-78.1041,38.3741,853.44,False,37.68,237.83,-5.2,,853.44,1200,False,0,2025-06-30 23:17:01
a1f116,ENY4193 ,United States,1751325420.0,1751325421,-81.464,32.4741,10668.0,False,220.7,343.34,-0.33,,11262.36,1343,False,0,2025-06-30 23:17:01
a21127,ENY3792 ,United States,1751325421.0,1751325421,-83.1506,36.6941,9220.2,False,230.48,330.0,6.5,,9753.6,3106,False,0,2025-06-30 23:17:01
a965d6,N7040V  ,United States,1751325419.0,1751325420,-116.5409,43.5898,929.64,False,47.66,122.66,-2.93,,914.4,,False,0,2025-06-30 23:17:01
ad438d,ASA219  ,United States,1751325420.0,1751325421,-117.3593,32.8859,8915.4,False,210.38,136.98,5.2,,9395.46,1013,False,0,2025-06-30 23:17:01
c06a38,ACA779  ,Canada,1751325420.0,1751325420,-74.7709,45.4974,5638.8,False,199.26,265.26,8.45,,5859.78,,False,0,2025-06-30 23:17:01
a6f2c5,N547JR  ,United States,1751325420.0,1751325420,-91.8922,45.0853,3909.06,False,145.31,259.8,-12.35,,3962.4,2230,False,0,2025-06-30 23:17:01
a9eb15,N738ZU  ,United States,1751325418.0,1751325419,-76.2863,36.4975,457.2,False,40.8,76.14,-3.58,,441.96,6465,True,0,2025-06-30 23:17:01
a965e8,N7041C  ,United States,1751325382.0,1751325382,-73.6916,41.7142,579.12,False,37.26,215.45,-1.95,,541.02,,False,0,2025-06-30 23:17:01
ac7e09,AAL2488 ,United States,1751325420.0,1751325420,-85.3205,39.1792,9304.02,False,231.65,317.88,-2.28,,9837.42,1152,False,0,2025-06-30 23:17:01
a2377d,N242AR  ,United States,1751325421.0,1751325421,-122.9634,44.8624,350.52,False,36.83,335.22,-3.58,,327.66,,False,0,2025-06-30 23:17:01
ad3098,SWA2637 ,United States,1751325421.0,1751325421,-83.278,27.8799,7985.76,False,229.61,87.82,-8.78,,8458.2,2435,False,0,2025-06-30 23:17:01
ac7e18,KYE4923 ,United States,1751325381.0,1751325394,-96.2731,46.3651,12192.0,False,234.28,314.47,0.0,,12496.8,2375,False,0,2025-06-30 23:17:01
344503,IBE0363 ,Spain,1751325420.0,1751325420,-79.1959,39.5749,11574.78,False,235.52,212.06,-0.65,,12237.72,3144,False,0,2025-06-30 23:17:01
a2241c,AIP1814 ,United States,1751325420.0,1751325420,-104.8505,39.1971,4785.36,False,115.36,189.76,0.0,,5036.82,5174,False,0,2025-06-30 23:17:01
a9c8be,N73AM   ,United States,1751325151.0,1751325151,-97.3613,32.8392,396.24,False,25.21,180.0,-2.28,,342.9,,False,0,2025-06-30 23:17:01
abf09e,DAL824  ,United States,1751325416.0,1751325420,-78.2441,31.9219,10058.4,False,231.9,6.37,-0.33,,,,False,0,2025-06-30 23:17:01
ab15c1,AAY1100 ,United States,1751325420.0,1751325420,-92.7762,35.154,11582.4,False,233.78,305.05,0.0,,12260.58,2576,False,0,2025-06-30 23:17:01
ac48bb,N89071  ,United States,1751325421.0,1751325421,-122.9674,47.5026,1219.2,False,28.85,230.06,-6.83,,1280.16,,False,0,2025-06-30 23:17:01
a98909,AAL2198 ,United States,1751325421.0,1751325421,-96.6701,32.8107,4175.76,False,160.78,73.07,13.66,,4389.12,3652,False,0,2025-06-30 23:17:01
a4996b,DAL1021 ,United States,1751325421.0,1751325421,-80.6452,28.4458,3970.02,False,215.88,73.81,10.4,,4191.0,7330,False,0,2025-06-30 23:17:01
a8690e,CSQ102  ,United States,1751325421.0,1751325421,-79.5722,25.4065,2697.48,False,129.36,262.0,-0.33,,2819.4,,False,0,2025-06-30 23:17:01
c02098,HRT738  ,Canada,1751325421.0,1751325421,-79.4575,43.6369,1805.94,False,130.24,38.91,-5.53,,1813.56,5507,False,0,2025-06-30 23:17:01
a2467a,MXY121  ,United States,1751325420.0,1751325420,-90.1263,34.5244,11887.2,False,235.14,83.34,0.0,,12595.86,6774,False,0,2025-06-30 23:17:01
adeb7b,N9961U  ,United States,1751325338.0,1751325338,-85.2041,43.6939,1562.1,False,46.43,12.8,0.65,,1531.62,,False,0,2025-06-30 23:17:01
a61644,N49104  ,United States,1751325421.0,1751325421,-81.6057,28.2677,716.28,False,23.24,264.92,-0.65,,754.38,1275,False,0,2025-06-30 23:17:01
a3795a,JBU677  ,United States,1751325421.0,1751325421,-78.1622,34.7829,11277.6,False,223.44,38.27,0.0,,11925.3,2123,False,0,2025-06-30 23:17:01
ab274c,KOW818  ,United States,1751325420.0,1751325420,-114.4683,39.0875,14333.22,False,256.74,144.05,-0.33,,14988.54,,False,0,2025-06-30 23:17:01
a8da73,MAD67   ,United States,1751325421.0,1751325421,-75.9419,42.1612,7010.4,False,230.03,85.9,-0.33,,7345.68,0431,False,0,2025-06-30 23:17:01
c058cd,ROU1646 ,Canada,1751325420.0,1751325420,-77.234,35.6842,10965.18,False,247.31,192.13,0.0,,11582.4,1527,False,0,2025-06-30 23:17:01
a2463c,N2459Y  ,United States,1751325420.0,1751325420,-71.1786,42.1935,,True,0.06,53.44,,,,,False,0,2025-06-30 23:17:01
ac340a,SWA3736 ,United States,1751325421.0,1751325421,-84.8098,30.4227,11582.4,False,228.43,289.33,0.0,,12252.96,6253,False,0,2025-06-30 23:17:01
a3661f,AAL2982 ,United States,1751325421.0,1751325421,-83.9389,26.2707,10972.8,False,222.42,312.84,0.0,,11597.64,,False,0,2025-06-30 23:17:01
a22003,ENY4132 ,United States,1751325421.0,1751325421,-95.6484,34.1644,7848.6,False,213.14,228.23,-9.43,,8321.04,1342,False,0,2025-06-30 23:17:01
c058c3,ACA2124 ,Canada,1751325421.0,1751325421,-67.9456,46.7062,12496.8,False,270.72,74.46,-0.33,,13022.58,0563,False,0,2025-06-30 23:17:01
c058bf,ACA921  ,Canada,1751325421.0,1751325421,-77.1907,44.7172,9509.76,False,215.42,240.37,-8.78,,9982.2,0703,False,0,2025-06-30 23:17:01
c058be,ACA788  ,Canada,1751325415.0,1751325415,-79.6191,43.6675,,True,6.43,53.44,,,,7367,False,0,2025-06-30 23:17:01
adb723,,United States,1751325419.0,1751325419,-115.1542,40.8776,10066.02,False,247.21,74.92,0.0,,10584.18,,False,0,2025-06-30 23:17:01
484fff,KLM695  ,Kingdom of the Netherlands,1751325421.0,1751325421,-74.9196,46.3271,11582.4,False,224.73,235.73,0.0,,12092.94,,False,0,2025-06-30 23:17:01
a04e00,DAL496  ,United States,1751325399.0,1751325399,-73.7833,40.6534,,True,0.06,300.94,,,,,False,0,2025-06-30 23:17:01
a3c940,VJA343  ,United States,1751325421.0,1751325421,-75.9686,37.8375,13106.4,False,238.43,214.27,-0.33,,13784.58,1511,False,0,2025-06-30 23:17:01
ac3430,SWC2102 ,United States,1751325382.0,1751325419,-86.6798,36.1239,182.88,False,0.0,194.06,,,,,False,0,2025-06-30 23:17:01
ac7aa9,DAL2627 ,United States,1751325419.0,1751325420,-81.6609,30.6514,1851.66,False,145.87,29.82,12.68,,1943.1,,False,0,2025-06-30 23:17:01
a4732c,SLH386  ,United States,1751325381.0,1751325381,-111.962,40.7917,,True,7.46,140.62,,,,3241,False,0,2025-06-30 23:17:01
44003f,AUA74   ,Austria,1751325411.0,1751325411,-73.7379,45.4788,,True,6.94,42.19,,,,,False,0,2025-06-30 23:17:01
ac210e,SWA3167 ,United States,1751325420.0,1751325421,-119.4914,35.5631,11582.4,False,236.75,323.3,0.0,,12184.38,2443,False,0,2025-06-30 23:17:01
ad675d,DAL2573 ,United States,1751325420.0,1751325420,-74.4806,40.8791,2918.46,False,154.0,327.69,10.73,,3048.0,1677,False,0,2025-06-30 23:17:01
ac3446,EJM1    ,United States,1751325420.0,1751325420,-86.3961,38.7363,14325.6,False,222.55,261.63,0.0,,14927.58,0432,False,0,2025-06-30 23:17:01
a74923,JBU2129 ,United States,1751325403.0,1751325417,-73.7751,40.6509,,True,0.0,120.94,,,,,False,0,2025-06-30 23:17:01
ac8dde,LTA908  ,United States,1751325421.0,1751325421,-79.3539,35.0043,2430.78,False,58.17,272.03,0.0,,2545.08,,False,0,2025-06-30 23:17:01
a88a7b,N65BA   ,United States,1751325420.0,1751325420,-94.7119,38.2423,6827.52,False,115.69,160.52,3.9,,7223.76,,False,0,2025-06-30 23:17:01
ad6755,ASA509  ,United States,1751325421.0,1751325421,-118.9041,45.3114,11277.6,False,243.35,125.1,0.0,,11780.52,1563,False,0,2025-06-30 23:17:01
ab013c,SCX425  ,United States,1751325420.0,1751325421,-118.3288,33.9429,320.04,False,73.57,263.17,-4.23,,281.94,3631,False,0,2025-06-30 23:17:01
e80047,VIV7401 ,Chile,1751325350.0,1751325350,-100.1172,25.781,,True,4.37,210.94,,,,,False,0,2025-06-30 23:17:01
ac7aba,ASI414  ,United States,1751325420.0,1751325420,-112.5457,33.7549,1737.36,False,51.31,26.82,3.9,,1783.08,1200,False,0,2025-06-30 23:17:01
ad4105,AAL3160 ,United States,1751325420.0,1751325420,-72.4958,42.5113,7612.38,False,154.03,278.64,-5.2,,8008.62,3156,False,0,2025-06-30 23:17:01
a7ccce,SKW5623 ,United States,1751325420.0,1751325420,-103.1634,41.326,9753.6,False,218.21,181.62,-0.33,,10271.76,,False,0,2025-06-30 23:17:01
a04e2b,CWG119  ,United States,1751325420.0,1751325421,-105.1493,38.2414,12496.8,False,243.01,131.82,0.0,,13106.4,1632,False,0,2025-06-30 23:17:01
a89ccc,NKS2680 ,United States,1751325420.0,1751325420,-109.4591,38.5923,11582.4,False,230.54,244.06,0.33,,12207.24,6714,False,0,2025-06-30 23:17:01
ae1e62,CREEP31 ,United States,1751325421.0,1751325421,-97.7505,36.4619,3162.3,False,102.08,98.99,9.1,,3329.94,,False,0,2025-06-30 23:17:01
a6f00d,AAL2165 ,United States,1751325251.0,1751325251,-75.1956,39.8806,144.78,False,82.35,255.53,-4.23,,137.16,6756,False,0,2025-06-30 23:17:01
a9c631,NKS2710 ,United States,1751325420.0,1751325420,-84.4413,33.6366,,True,6.94,75.94,,,,0254,False,0,2025-06-30 23:17:01
c04671,ROU1564 ,Canada,1751325420.0,1751325420,-71.7606,45.3727,8473.44,False,270.13,82.01,6.83,,8869.68,,False,0,2025-06-30 23:17:01
a9d96f,N7336W  ,United States,1751325420.0,1751325420,-107.1335,32.2706,1920.24,False,47.51,70.39,-1.3,,2004.06,,False,0,2025-06-30 23:17:01
440002,AUA82   ,Austria,1751325421.0,1751325421,-115.3612,40.619,10058.4,False,264.74,37.18,0.33,,10599.42,,False,0,2025-06-30 23:17:01
c0466c,ROU1673 ,Canada,1751325421.0,1751325421,-77.9632,34.3772,11277.6,False,225.46,1.96,0.33,,11917.68,5746,False,0,2025-06-30 23:17:01
a6036d,N487JL  ,United States,1751325421.0,1751325421,-121.7637,43.0214,13106.4,False,253.45,331.51,0.33,,13723.62,,False,0,2025-06-30 23:17:01
a258b4,CSI502  ,United States,1751325421.0,1751325421,-97.6117,31.8639,4632.96,False,113.83,220.6,-10.08,,4892.04,2563,False,0,2025-06-30 23:17:01
a8697f,FFT3283 ,United States,1751325420.0,1751325420,-108.7664,32.1231,10363.2,False,235.95,285.95,0.0,,10972.8,7317,False,0,2025-06-30 23:17:01
adc8e7,AAL186  ,United States,1751325421.0,1751325421,-98.5279,30.9349,9753.6,False,239.94,279.5,0.0,,10363.2,6615,False,0,2025-06-30 23:17:01
a0e086,AAL2635 ,United States,1751325421.0,1751325421,-109.4923,32.2801,10652.76,False,246.73,95.98,-0.33,,11285.22,7341,False,0,2025-06-30 23:17:01
a47377,N386VH  ,United States,1751325421.0,1751325421,-92.7762,43.1406,2423.16,False,72.26,250.02,-0.33,,2476.5,,False,0,2025-06-30 23:17:01
aa3ae9,UAL1828 ,United States,1751325329.0,1751325331,-87.9318,41.9775,,True,7.2,0.0,,,,3227,False,0,2025-06-30 23:17:01
abab67,DAL765  ,United States,1751325420.0,1751325420,-93.3798,43.5009,10363.2,False,203.55,273.33,0.0,,10698.48,7143,False,0,2025-06-30 23:17:01
ac32f2,SWA1202 ,United States,1751325420.0,1751325420,-80.591,26.0045,1478.28,False,122.38,39.71,0.0,,1577.34,1417,False,0,2025-06-30 23:17:01
ab5b8c,SWA3823 ,United States,1751325420.0,1751325420,-88.9058,41.8027,6705.6,False,177.0,274.5,9.43,,6957.06,0164,False,0,2025-06-30 23:17:01
a5d044,N474DC  ,United States,1751325421.0,1751325421,-75.2193,39.4328,1447.8,False,93.63,110.92,-2.6,,1470.66,1200,False,0,2025-06-30 23:17:01
aa3ae4,UAL501  ,United States,1751325420.0,1751325420,-82.7837,28.0058,6233.16,False,197.2,110.94,-2.6,,6598.92,2131,False,0,2025-06-30 23:17:01
a5d04e,N474DN  ,United States,1751325290.0,1751325290,-93.7392,42.7189,533.4,False,32.72,323.31,-4.88,,525.78,,False,0,2025-06-30 23:17:01
aa3ae2,UAL1577 ,United States,1751325416.0,1751325416,-115.3528,38.6275,10972.8,False,232.35,252.61,0.33,,11559.54,,False,0,2025-06-30 23:17:01
a97659,N709DS  ,United States,1751325420.0,1751325420,-95.8859,45.1206,13716.0,False,284.75,102.2,0.0,,14188.44,,False,0,2025-06-30 23:17:01
44001e,AUA94   ,Austria,1751325421.0,1751325421,-69.6721,43.2292,10668.0,False,243.44,46.46,0.0,,11163.3,6256,False,0,2025-06-30 23:17:01
a35388,AAL832  ,United States,1751325419.0,1751325420,-110.8278,34.9622,9448.8,False,241.64,48.54,0.0,,9997.44,2604,False,0,2025-06-30 23:17:01
ac7b87,NKS2093 ,United States,1751325421.0,1751325421,-79.6365,41.155,10972.8,False,230.15,202.61,0.0,,11597.64,5416,False,0,2025-06-30 23:17:01
a6bfe8,GJS4183 ,United States,1751325421.0,1751325421,-87.6293,41.9883,1402.08,False,112.15,270.0,-10.08,,1409.7,6520,False,0,2025-06-30 23:17:01
a3a351,N3330E  ,United States,1751325421.0,1751325421,-71.6189,42.7521,792.48,False,58.5,55.75,-2.93,,769.62,1200,False,0,2025-06-30 23:17:01
a005f7,N100NY  ,United States,1751325420.0,1751325420,-119.5985,34.6131,3055.62,False,82.0,306.58,-1.3,,3154.68,1200,False,0,2025-06-30 23:17:01
ac7b8a,AAL2142 ,United States,1751325421.0,1751325421,-95.2846,32.9027,9227.82,False,210.71,83.55,5.53,,9791.7,6266,False,0,2025-06-30 23:17:01
adfe90,LOST25  ,United States,1751325219.0,1751325224,-118.06,33.7927,,True,4.63,5.62,,,,3343,False,0,2025-06-30 23:17:01
c0596b,CGHWK   ,Canada,1751325280.0,1751325285,-75.2838,46.4046,1394.46,False,50.54,308.39,0.0,,1386.84,,False,0,2025-06-30 23:17:01
a73659,LXJ564  ,United States,1751325420.0,1751325420,-110.2721,32.9068,13098.78,False,231.01,288.84,-0.33,,13807.44,2636,False,0,2025-06-30 23:17:01
a97626,SKW5135 ,United States,1751325420.0,1751325420,-90.5632,42.2712,8534.4,False,201.21,294.47,0.0,,8877.3,3613,False,0,2025-06-30 23:17:01
a91fcf,N68713  ,United States,1751325420.0,1751325421,-123.1108,45.3257,838.2,False,38.59,0.76,0.0,,838.2,,False,0,2025-06-30 23:17:01
ae1e96,ROVE67  ,United States,1751325420.0,1751325420,-100.6935,30.9497,2545.08,False,144.06,219.2,-12.35,,2697.48,,False,0,2025-06-30 23:17:01
a005d9,N100MT  ,United States,1751325420.0,1751325420,-108.3751,37.5986,3992.88,False,107.89,145.1,0.0,,4221.48,,False,0,2025-06-30 23:17:01
a04e60,RPA4781 ,United States,1751325421.0,1751325421,-73.4874,40.7651,914.4,False,136.56,299.08,0.0,,944.88,7055,False,0,2025-06-30 23:17:01
a8b926,NKS8861 ,United States,1751325420.0,1751325420,-74.1676,40.6995,,True,0.0,5.62,,,,,False,0,2025-06-30 23:17:01
a5d000,N474AK  ,United States,1751325163.0,1751325163,-104.8241,38.9835,1920.24,False,55.08,55.27,-1.3,,2065.02,,False,0,2025-06-30 23:17:01
ad9b94,SKW5240 ,United States,1751325421.0,1751325421,-106.3596,40.9199,9311.64,False,222.45,132.66,-6.5,,9829.8,,False,0,2025-06-30 23:17:01
ae1e9d,JAVAN72 ,United States,1751325420.0,1751325420,-100.6743,30.7387,1965.96,False,132.16,204.37,1.3,,2080.26,,False,0,2025-06-30 23:17:01
a74992,JIA5127 ,United States,1751325421.0,1751325421,-85.5065,35.0497,2103.12,False,148.83,57.13,-9.43,,2194.56,3460,False,0,2025-06-30 23:17:01
a78ffa,ASA9    ,United States,1751325421.0,1751325421,-87.9635,40.4992,10972.8,False,224.91,298.56,0.0,,11536.68,2560,False,0,2025-06-30 23:17:01
a03b40,MXY271  ,United States,1751325129.0,1751325129,-82.5331,27.9842,,True,2.31,137.81,,,,4274,False,0,2025-06-30 23:17:01
aa3b05,UAL1221 ,United States,1751325421.0,1751325421,-119.4872,34.1933,4404.36,False,184.73,91.28,-4.88,,4579.62,,False,0,2025-06-30 23:17:01
a39b39,AAL2669 ,United States,1751325420.0,1751325420,-79.5428,28.2024,9448.8,False,227.72,8.31,0.0,,9944.1,2151,False,0,2025-06-30 23:17:01
c04602,ANT547  ,Canada,1751325110.0,1751325115,-123.5481,48.6725,533.4,False,87.62,105.67,-5.85,,556.26,6400,False,0,2025-06-30 23:17:01
a485c3,N3904X  ,United States,1751325420.0,1751325421,-90.9209,30.1635,274.32,False,53.36,56.0,2.6,,289.56,,False,0,2025-06-30 23:17:01
a748bc,DAL72   ,United States,1751325420.0,1751325420,-77.927,37.4297,11277.6,False,248.9,48.44,0.0,,11948.16,3371,False,0,2025-06-30 23:17:01
a1be72,ENY3867 ,United States,1751325421.0,1751325421,-87.7455,38.5735,10363.2,False,203.39,223.87,-0.33,,10934.7,5462,False,0,2025-06-30 23:17:01
a95097,N7HM    ,United States,1751325420.0,1751325420,-87.0577,31.2314,10668.0,False,194.01,96.09,0.0,,11277.6,7447,False,0,2025-06-30 23:17:01
a65e3f,N50936  ,United States,1751325135.0,1751325135,-81.2652,29.0743,121.92,False,34.92,315.0,-4.23,,144.78,1200,False,0,2025-06-30 23:17:01
a41e2c,UAL2417 ,United States,1751325420.0,1751325421,-103.0064,39.649,10363.2,False,228.73,251.24,0.0,,10919.46,7003,False,0,2025-06-30 23:17:01
a2cb14,UAL1227 ,United States,1751325420.0,1751325420,-121.916,37.4919,2034.54,False,133.88,272.42,-4.55,,2095.5,1670,False,0,2025-06-30 23:17:01
a39b20,N331SK  ,United States,1751325420.0,1751325420,-95.7089,29.8626,1805.94,False,124.56,129.81,-0.33,,1912.62,7775,False,0,2025-06-30 23:17:01
a365c9,AAY99   ,United States,1751325421.0,1751325421,-105.1653,35.2839,10980.42,False,230.66,259.59,0.33,,11612.88,,False,0,2025-06-30 23:17:01
a77e2a,N582JM  ,United States,1751325420.0,1751325420,-95.4157,34.0806,9052.56,False,200.82,209.13,5.2,,9616.44,6207,False,0,2025-06-30 23:17:01
a7ce03,N6015F  ,United States,1751325420.0,1751325420,-96.2004,32.8227,1104.9,False,53.37,287.39,0.0,,1127.76,1513,False,0,2025-06-30 23:17:01
a365b7,DAL2443 ,United States,1751325421.0,1751325421,-82.4672,42.438,3345.18,False,156.73,266.24,-7.8,,3444.24,1536,False,0,2025-06-30 23:17:01
a498be,N3957W  ,United States,1751325420.0,1751325420,-82.0462,32.7358,2880.36,False,66.38,75.64,0.33,,3032.76,1200,False,0,2025-06-30 23:17:01
a03b6d,DAL1035 ,United States,1751325421.0,1751325421,-80.1609,33.1124,8983.98,False,225.54,44.63,6.83,,9540.24,1602,False,0,2025-06-30 23:17:01
a615d0,SWA3459 ,United States,1751325420.0,1751325420,-91.4035,38.3522,12192.0,False,222.59,305.78,0.33,,12832.08,3016,False,0,2025-06-30 23:17:01
a41e29,UAL1101 ,United States,1751325420.0,1751325421,-103.7526,31.0431,10363.2,False,233.39,293.51,0.0,,10995.66,3047,False,0,2025-06-30 23:17:01
ac8e1d,AAL3118 ,United States,1751325421.0,1751325421,-72.6931,40.6788,10972.8,False,239.07,203.86,0.0,,11590.02,3564,False,0,2025-06-30 23:17:01
ab6e4a,N8357R  ,United States,1751325420.0,1751325420,-96.6984,31.8476,1447.8,False,42.97,148.21,-0.65,,1508.76,,False,0,2025-06-30 23:17:01
a15b4c,EDV5152 ,United States,1751325421.0,1751325421,-86.2195,35.7838,3680.46,False,164.55,312.72,-7.8,,3855.72,1305,False,0,2025-06-30 23:17:01
a41e94,UAL2298 ,United States,1751325420.0,1751325421,-114.966,36.1369,1714.5,False,120.78,274.64,-5.53,,1752.6,,False,0,2025-06-30 23:17:01
a9636c,N704AB  ,United States,1751325374.0,1751325377,-83.7577,40.39,617.22,False,52.08,249.78,-4.23,,563.88,,False,0,2025-06-30 23:17:01
aca8c1,N9146R  ,United States,1751325421.0,1751325421,-75.6865,40.8873,4876.8,False,86.43,180.68,0.98,,5090.16,3443,False,0,2025-06-30 23:17:01
a41e90,UAL2299 ,United States,1751325420.0,1751325421,-88.1362,43.1089,9753.6,False,206.87,274.28,0.0,,10165.08,3074,False,0,2025-06-30 23:17:01
a4e8b4,SWA137  ,United States,1751325421.0,1751325421,-97.8602,30.4287,1554.48,False,115.12,101.86,-5.2,,1661.16,1443,False,0,2025-06-30 23:17:01
a508c5,SWA2310 ,United States,1751325421.0,1751325421,-77.3459,38.6706,3436.62,False,176.92,248.51,4.23,,3604.26,2112,False,0,2025-06-30 23:17:01
a2de7e,SKW3533 ,United States,1751325353.0,1751325353,-117.865,33.6818,45.72,False,61.22,208.07,-2.93,,22.86,4620,False,0,2025-06-30 23:17:01
ad9b28,AAL2909 ,United States,1751325421.0,1751325421,-80.9751,35.3139,723.9,False,88.7,176.01,-4.23,,746.76,5470,False,0,2025-06-30 23:17:01
abab21,CXK1102 ,United States,1751325419.0,1751325419,-97.0528,32.5139,632.46,False,66.38,342.41,-4.88,,647.7,,False,0,2025-06-30 23:17:01
a41e74,UAL486  ,United States,1751325421.0,1751325421,-103.7341,40.2158,5478.78,False,171.69,255.42,-9.1,,5806.44,7472,False,0,2025-06-30 23:17:01
a9767f,TSU7122 ,United States,1751325289.0,1751325289,-117.1887,32.7345,,True,9.77,106.88,,,,,False,0,2025-06-30 23:17:01
ab5b66,SWA3323 ,United States,1751325375.0,1751325420,-94.1788,31.4725,10241.28,False,238.28,34.0,4.88,,10873.74,4035,False,0,2025-06-30 23:17:01
a39b56,UPS7805 ,United States,1751325421.0,1751325421,-79.5996,26.1302,6484.62,False,219.0,54.37,19.83,,6781.8,,False,0,2025-06-30 23:17:01
a365f8,EJA318  ,United States,1751325420.0,1751325420,-85.6205,42.0077,12496.8,False,218.34,142.56,0.0,,13075.92,2406,False,0,2025-06-30 23:17:01
a97693,CXK479  ,United States,1751325420.0,1751325420,-84.3567,34.0473,1531.62,False,63.36,100.76,0.33,,1577.34,1512,False,0,2025-06-30 23:17:01
ab6e8b,N8359L  ,United States,1751325212.0,1751325212,-82.329,28.027,99.06,False,28.31,250.91,-2.93,,114.3,,False,0,2025-06-30 23:17:01
a12731,UAL1325 ,United States,1751325420.0,1751325420,-87.2644,42.3013,10972.8,False,205.97,261.53,-0.33,,11498.58,1625,False,0,2025-06-30 23:17:01
a12735,UAL2496 ,United States,1751325421.0,1751325421,-101.8113,39.5416,10668.0,False,256.6,70.44,0.0,,11231.88,1010,False,0,2025-06-30 23:17:01
a7ce70,N6018K  ,United States,1751325420.0,1751325420,-105.1378,40.2251,1988.82,False,56.18,217.18,-0.33,,2095.5,,False,0,2025-06-30 23:17:01
a9c5c5,JBU534  ,United States,1751325420.0,1751325421,-81.002,28.3856,8839.2,False,230.99,63.83,0.0,,9342.12,2164,False,0,2025-06-30 23:17:01
ac8cf1,AAL1761 ,United States,1751325421.0,1751325421,-89.9273,36.2546,11269.98,False,251.24,51.65,0.0,,11948.16,3640,False,0,2025-06-30 23:17:01
a9c5c2,N729HZ  ,United States,1751325420.0,1751325420,-93.4067,40.8528,10668.0,False,282.87,83.21,0.0,,11186.16,3220,False,0,2025-06-30 23:17:01
a89e79,N65439  ,United States,1751325420.0,1751325420,-80.9645,35.7287,579.12,False,42.69,167.47,-3.25,,601.98,,False,0,2025-06-30 23:17:01
a77e8f,JIA5136 ,United States,1751325420.0,1751325421,-81.8406,34.5694,6096.0,False,216.68,51.36,0.0,,6454.14,6454,False,0,2025-06-30 23:17:01
a88b46,N65KD   ,United States,1751325420.0,1751325420,-123.0072,45.1524,1363.98,False,52.69,189.55,-1.63,,1394.46,,False,0,2025-06-30 23:17:01
aa3b84,AMX410  ,United States,1751325420.0,1751325420,-94.166,30.8667,11277.6,False,240.63,39.1,0.0,,11955.78,7437,False,0,2025-06-30 23:17:01
a842ac,JIA5348 ,United States,1751325215.0,1751325215,-69.2176,44.7031,2880.36,False,150.44,5.69,-12.68,,2987.04,1662,False,0,2025-06-30 23:17:01
acdcc0,JSX471  ,United States,1751325421.0,1751325421,-111.8439,33.856,2194.56,False,126.59,197.26,-4.88,,2278.38,3271,False,0,2025-06-30 23:17:01
a16db9,AAL1401 ,United States,1751325420.0,1751325420,-74.3873,39.0652,9151.62,False,244.5,221.67,-0.33,,9662.16,3474,False,0,2025-06-30 23:17:01
ad5329,JBU309  ,United States,1751325421.0,1751325421,-72.3262,39.6934,6621.78,False,236.45,151.26,3.9,,6972.3,2777,False,0,2025-06-30 23:17:01
a24720,RPA5665 ,United States,1751325421.0,1751325421,-75.214,39.4969,9448.8,False,234.62,37.87,0.0,,10020.3,2154,False,0,2025-06-30 23:17:01
a1272d,UAL679  ,United States,1751325421.0,1751325421,-117.9343,33.9823,2080.26,False,130.5,263.44,-6.18,,2148.84,7410,False,0,2025-06-30 23:17:01
aa3b75,N75898  ,United States,1751325419.0,1751325420,-122.4412,48.9111,716.28,False,47.96,128.47,2.6,,731.52,,False,0,2025-06-30 23:17:01
a988f0,DAL564  ,United States,1751325420.0,1751325421,-91.6412,36.5414,11887.2,False,242.97,94.25,0.0,,12534.9,3160,False,0,2025-06-30 23:17:01
ac2038,SWA491  ,United States,1751325407.0,1751325419,-111.1791,37.4421,10637.52,False,234.15,241.24,-4.88,,11224.26,3523,False,0,2025-06-30 23:17:01
a64b96,N5043J  ,United States,1751325402.0,1751325405,-122.1126,37.458,,True,0.06,140.62,,,,1200,False,0,2025-06-30 23:17:01
ac335b,SWA3092 ,United States,1751325421.0,1751325421,-89.4915,41.7058,8534.4,False,187.27,259.55,0.0,,8923.02,6201,False,0,2025-06-30 23:17:01
a8a5bf,N65624  ,United States,1751325416.0,1751325417,-82.1756,28.3365,182.88,False,43.73,241.93,0.98,,220.98,,False,0,2025-06-30 23:17:01
a88b64,LN65LJ  ,United States,1751325421.0,1751325421,-78.6622,35.0195,12192.0,False,240.87,217.19,0.33,,12870.18,6636,False,0,2025-06-30 23:17:01
3c4b23,DLH419  ,Germany,1751325421.0,1751325421,-77.4573,38.9428,,True,3.34,180.0,,,,,False,0,2025-06-30 23:17:01
adb656,AAL1027 ,United States,1751325421.0,1751325421,-80.3995,25.2996,4709.16,False,195.19,209.88,10.08,,4968.24,,False,0,2025-06-30 23:17:01
a04db6,N119AV  ,United States,1751325420.0,1751325420,-117.131,32.8307,579.12,False,52.05,93.4,2.93,,525.78,,False,0,2025-06-30 23:17:01
3c15c1,OCN11   ,Germany,1751325421.0,1751325421,-114.2606,36.273,3817.62,False,133.08,247.5,-7.15,,4038.6,,False,0,2025-06-30 23:17:01
a1270b,UAL2252 ,United States,1751325421.0,1751325421,-77.3413,38.4138,11277.6,False,234.7,58.26,0.0,,11932.92,3725,False,0,2025-06-30 23:17:01
a1270f,UAL1433 ,United States,1751325420.0,1751325420,-94.826,29.9274,1082.04,False,137.55,316.52,-6.18,,1181.1,,False,0,2025-06-30 23:17:01
ac337e,SWA3244 ,United States,1751325420.0,1751325420,-91.1722,42.5746,11277.6,False,275.12,80.85,0.0,,11734.8,1452,False,0,2025-06-30 23:17:01
a12778,UAL2651 ,United States,1751325420.0,1751325420,-98.4069,42.4565,10972.8,False,223.06,241.48,-0.33,,11445.24,1167,False,0,2025-06-30 23:17:01
ad402f,DAL880  ,United States,1751325420.0,1751325420,-86.1708,36.5201,10058.4,False,235.63,180.63,0.0,,10660.38,1636,False,0,2025-06-30 23:17:01
a602ab,ASA517  ,United States,1751325420.0,1751325420,-82.5951,25.874,9753.6,False,229.85,300.24,-0.33,,10309.86,,False,0,2025-06-30 23:17:01
a5e2a1,ATN3345 ,United States,1751325420.0,1751325420,-120.3262,34.2568,9456.42,False,235.67,248.08,0.0,,9890.76,7452,False,0,2025-06-30 23:17:01
a735d7,ASA975  ,United States,1751325420.0,1751325420,-111.9795,34.4876,8481.06,False,215.92,354.81,8.45,,8945.88,2673,False,0,2025-06-30 23:17:01
ae6031,MAKO69  ,United States,1751325421.0,1751325421,-120.2632,37.4129,1668.78,False,74.77,145.65,0.65,,1691.64,1200,False,0,2025-06-30 23:17:01
a04dfa,DAL957  ,United States,1751325421.0,1751325421,-86.4408,35.7903,10058.4,False,243.11,150.18,0.33,,10668.0,6325,False,0,2025-06-30 23:17:01
a4870d,FFT1416 ,United States,1751325420.0,1751325421,-82.8875,28.2728,2804.16,False,120.02,87.05,-3.25,,2956.56,4755,False,0,2025-06-30 23:17:01
a868d2,N6409D  ,United States,1751325421.0,1751325421,-117.077,32.8097,457.2,False,51.91,166.24,-1.95,,396.24,,False,0,2025-06-30 23:17:01
ab38a1,DAL937  ,United States,1751325421.0,1751325421,-84.9263,33.2957,4061.46,False,197.01,16.07,-10.4,,4282.44,5647,False,0,2025-06-30 23:17:01
a988da,N713SZ  ,United States,1751325182.0,1751325182,-80.1423,26.3468,220.98,False,58.95,43.59,-3.25,,281.94,,False,0,2025-06-30 23:17:01
ad5398,AAL2338 ,United States,1751325421.0,1751325421,-74.2957,39.1569,10058.4,False,240.56,40.23,-0.33,,10645.14,2003,False,0,2025-06-30 23:17:01
a9b39e,NKS2294 ,United States,1751325171.0,1751325171,-115.154,36.0857,,True,0.64,154.69,,,,1735,False,0,2025-06-30 23:17:01
ac2082,SWA469  ,United States,1751325421.0,1751325421,-96.9521,32.3515,10576.56,False,251.0,63.59,5.85,,11239.5,4026,False,0,2025-06-30 23:17:01
a602ce,N487CB  ,United States,1751325420.0,1751325420,-104.6617,39.5815,3108.96,False,127.96,94.38,10.73,,3307.08,,False,0,2025-06-30 23:17:01
a03ab8,N1137U  ,United States,1751325420.0,1751325420,-118.0914,33.6649,1394.46,False,53.79,303.69,0.0,,1394.46,,False,0,2025-06-30 23:17:01
a76b3c,N5773S  ,United States,1751325421.0,1751325421,-118.5979,47.8607,3185.16,False,92.95,296.28,0.98,,3329.94,,False,0,2025-06-30 23:17:01
a2471c,N246JL  ,United States,1751325420.0,1751325421,-73.2391,42.8809,5471.16,False,180.14,240.58,0.0,,5722.62,1340,False,0,2025-06-30 23:17:01
a9509a,,United States,1751325407.0,1751325420,-118.9686,37.6329,4724.4,False,65.47,329.81,-0.65,,4983.48,,False,0,2025-06-30 23:17:01
a842a9,NKS2173 ,United States,1751325419.0,1751325419,-94.1619,30.6615,5669.28,False,193.87,247.04,-9.1,,6042.66,4177,False,0,2025-06-30 23:17:01
a722b1,AAL1321 ,United States,1751325420.0,1751325420,-117.5875,34.3174,10058.4,False,249.24,106.3,0.0,,10591.8,3262,False,0,2025-06-30 23:17:01
aa4e47,SKW4929 ,United States,1751325420.0,1751325421,-107.1562,36.9483,5661.66,False,188.37,82.47,11.38,,6004.56,,False,0,2025-06-30 23:17:01
a16dd7,AMF1561 ,United States,1751325420.0,1751325420,-72.1055,43.2118,2727.96,False,121.71,116.35,-3.25,,2827.02,5361,False,0,2025-06-30 23:17:01
a4c2f8,AAL1502 ,United States,1751325421.0,1751325421,-116.7993,34.0535,6964.68,False,216.39,263.58,-9.75,,7353.3,6723,False,0,2025-06-30 23:17:01
ab38aa,DAL2654 ,United States,1751325420.0,1751325421,-93.0867,43.7842,6385.56,False,212.61,346.0,-11.7,,6637.02,3132,False,0,2025-06-30 23:17:01
a65e8c,N5096C  ,United States,1751325399.0,1751325399,-93.4358,44.8238,381.0,False,36.7,301.24,-4.55,,381.0,,False,0,2025-06-30 23:17:01
a8b8b9,PDT5982 ,United States,1751325421.0,1751325421,-82.4111,36.0803,6637.02,False,200.04,305.9,4.55,,7018.02,3353,False,0,2025-06-30 23:17:01
a36713,N3181Q  ,United States,1751325420.0,1751325420,-84.3966,33.7748,640.08,False,50.28,193.61,-0.33,,632.46,,False,0,2025-06-30 23:17:01
ab2854,AAY2720 ,United States,1751325420.0,1751325420,-82.8292,28.8593,6035.04,False,206.03,348.19,8.78,,6362.7,3754,False,0,2025-06-30 23:17:01
a3b768,TKR885  ,United States,1751325420.0,1751325420,-102.4538,43.5212,1965.96,False,85.85,261.38,-0.65,,2103.12,,False,0,2025-06-30 23:17:01
a1146e,N169PM  ,United States,1751325421.0,1751325421,-116.6833,47.9123,1706.88,False,51.26,51.52,1.3,,1775.46,,False,0,2025-06-30 23:17:01
ab284d,AAL3030 ,United States,1751325421.0,1751325421,-95.4126,38.6891,4229.1,False,184.23,358.56,-11.7,,4434.84,3632,False,0,2025-06-30 23:17:01
ab151d,N813GF  ,United States,1751325227.0,1751325227,-82.1242,28.2621,198.12,False,38.2,224.45,-2.28,,228.6,,False,0,2025-06-30 23:17:01
a48759,JRE391  ,United States,1751325421.0,1751325421,-84.4898,35.7549,5615.94,False,193.63,46.94,-20.81,,5913.12,2760,False,0,2025-06-30 23:17:01
ac4843,SWA2965 ,United States,1751325420.0,1751325420,-85.7392,32.6037,7315.2,False,214.16,54.29,0.0,,7749.54,4003,False,0,2025-06-30 23:17:01
a0f46f,DAL204  ,United States,1751325420.0,1751325420,-72.1453,43.7807,10668.0,False,243.89,34.86,0.33,,11209.02,1722,False,0,2025-06-30 23:17:01
ac8eb4,WUP908  ,United States,1751325420.0,1751325420,-77.8885,39.2022,1844.04,False,153.99,74.9,0.33,,1897.38,1751,False,0,2025-06-30 23:17:01
a58103,AAL399  ,United States,1751325421.0,1751325421,-101.1703,31.7942,9753.6,False,239.89,311.17,0.33,,10386.06,6466,False,0,2025-06-30 23:17:01
a0079d,N1004E  ,United States,1751325420.0,1751325420,-121.808,37.4714,1089.66,False,33.17,336.22,-0.33,,1082.04,1200,False,0,2025-06-30 23:17:01
a12796,UAL2691 ,United States,1751325421.0,1751325421,-76.5568,36.5308,10972.8,False,244.85,202.09,0.0,,11612.88,7104,False,0,2025-06-30 23:17:01
a60430,N487SF  ,United States,1751325398.0,1751325398,-96.8621,32.6795,,True,0.0,312.19,,,,1165,False,0,2025-06-30 23:17:01
a12799,UAL526  ,United States,1751325420.0,1751325420,-111.7987,36.805,10668.0,False,246.02,67.24,0.33,,11254.74,,False,0,2025-06-30 23:17:01
a1277b,UAL698  ,United States,1751325420.0,1751325421,-84.4972,35.9919,10370.82,False,242.97,254.9,-0.33,,11003.28,2523,False,0,2025-06-30 23:17:01
a39aa3,N331MK  ,United States,1751325421.0,1751325421,-73.1935,40.6194,762.0,False,41.87,63.75,0.98,,762.0,,False,0,2025-06-30 23:17:01
a35435,CXK687  ,United States,1751325399.0,1751325415,-72.6351,41.7525,190.5,False,49.84,352.29,-3.58,,198.12,,False,0,2025-06-30 23:17:01
a3b796,DAL1987 ,United States,1751325421.0,1751325421,-79.477,28.2781,10058.4,False,223.87,13.01,0.0,,10561.32,6705,False,0,2025-06-30 23:17:01
a24789,AAY1599 ,United States,1751325420.0,1751325420,-117.1973,44.6015,10972.8,False,224.35,284.61,0.0,,11506.2,,False,0,2025-06-30 23:17:01
ac8ee5,,United States,1751325398.0,1751325398,-118.3589,34.2114,,True,2.83,343.12,,,,,False,0,2025-06-30 23:17:01
a24782,ENY3932 ,United States,1751325421.0,1751325421,-77.2779,38.137,4305.3,False,186.53,13.88,-8.45,,4526.28,3132,False,0,2025-06-30 23:17:01
ab5bd4,SWA4210 ,United States,1751325420.0,1751325420,-112.0004,33.4323,,True,5.4,143.44,,,,,False,0,2025-06-30 23:17:01
a28dda,N264AA  ,United States,1751325420.0,1751325420,-81.1373,28.7428,312.42,False,53.42,331.21,-0.65,,320.04,0325,False,0,2025-06-30 23:17:01
acdea4,N9283A  ,United States,1751325420.0,1751325420,-122.5528,46.8713,1211.58,False,53.84,62.7,0.33,,1249.68,,False,0,2025-06-30 23:17:01
ac486a,SWA1733 ,United States,1751325420.0,1751325420,-80.7323,32.0132,9166.86,False,256.28,203.17,-12.68,,9715.5,3727,False,0,2025-06-30 23:17:01
ab6efc,DAL2294 ,United States,1751325420.0,1751325420,-73.6656,40.7587,609.6,False,80.36,217.46,0.0,,609.6,4137,False,0,2025-06-30 23:17:01
440184,AUA66   ,Austria,1751325245.0,1751325397,-72.5883,48.0289,11887.2,False,271.89,57.75,0.0,,12352.02,6275,False,0,2025-06-30 23:17:01
ac3558,AAL1805 ,United States,1751325421.0,1751325421,-91.252,33.6063,7315.2,False,221.27,230.94,0.0,,7749.54,7147,False,0,2025-06-30 23:17:01
ac4888,SWA1123 ,United States,1751325420.0,1751325421,-79.4307,36.7572,6324.6,False,202.93,131.81,-14.31,,6697.98,3250,False,0,2025-06-30 23:17:01
ad6884,AAL831  ,United States,1751325420.0,1751325420,-81.1194,35.4212,1432.56,False,125.87,98.46,-5.2,,1508.76,4376,False,0,2025-06-30 23:17:01
ad9bc8,AAL2361 ,United States,1751325420.0,1751325420,-113.3979,32.8575,10370.82,False,233.59,260.62,0.0,,10972.8,2260,False,0,2025-06-30 23:17:01
acdef1,N9285H  ,United States,1751325421.0,1751325421,-118.3729,33.8388,1988.82,False,56.32,309.07,0.98,,2026.92,,False,0,2025-06-30 23:17:01
a40abe,N36JC   ,United States,1751325264.0,1751325265,-122.8881,46.9594,365.76,False,47.29,188.13,-0.65,,358.14,,False,0,2025-06-30 23:17:01
ac8efa,EDV4942 ,United States,1751325416.0,1751325418,-73.8807,40.7797,,True,0.0,33.75,,,,,False,0,2025-06-30 23:17:01
ae1ed8,BB083   ,United States,1751325304.0,1751325326,-82.3136,29.7145,426.72,False,105.67,307.48,-0.65,,472.44,,False,0,2025-06-30 23:17:01
ada521,AAL1164 ,United States,1751325420.0,1751325420,-88.0382,36.2594,7216.14,False,222.48,272.65,6.83,,7620.0,1675,False,0,2025-06-30 23:17:01
ada526,DAL2745 ,United States,1751325420.0,1751325420,-83.2751,42.3499,1021.08,False,92.79,208.84,-6.18,,1005.84,0561,False,0,2025-06-30 23:17:01
a36799,JBU1202 ,United States,1751325418.0,1751325418,-78.7321,42.9351,,True,0.0,135.0,,,,1144,False,0,2025-06-30 23:17:01
ad6881,NKS2207 ,United States,1751325421.0,1751325421,-89.5833,29.6396,6134.1,False,202.54,114.94,9.43,,6499.86,,False,0,2025-06-30 23:17:01
a2347f,N241JA  ,United States,1751325420.0,1751325420,-87.3303,36.8568,1805.94,False,64.35,122.93,-2.93,,1844.04,,False,0,2025-06-30 23:17:01
ab00ce,AAL1855 ,United States,1751325420.0,1751325420,-111.4353,37.7632,10668.0,False,244.65,60.52,0.0,,11247.12,,False,0,2025-06-30 23:17:01
a03c24,N114MB  ,United States,1751325419.0,1751325419,-72.4501,41.273,601.98,False,73.66,335.22,0.0,,601.98,,False,0,2025-06-30 23:17:01
a9b41d,N724TM  ,United States,1751325420.0,1751325420,-122.2681,47.863,327.66,False,37.73,295.87,-1.95,,320.04,1200,False,0,2025-06-30 23:17:01
a95129,N7PH    ,United States,1751325386.0,1751325386,-121.7468,44.3108,3329.94,False,98.28,100.25,0.65,,3489.96,4633,False,0,2025-06-30 23:17:01
44012f,AUA87   ,Austria,1751325420.0,1751325420,-72.3671,41.0383,5227.32,False,200.26,251.89,-10.4,,5509.26,2514,False,0,2025-06-30 23:17:01
a3c9a1,DAL2784 ,United States,1751325413.0,1751325420,-84.4284,33.6419,,True,1.29,300.94,,,,,False,0,2025-06-30 23:17:01
a8a785,JBU2134 ,United States,1751325420.0,1751325421,-79.9078,28.99,6591.3,False,201.58,250.78,-4.88,,6972.3,3747,False,0,2025-06-30 23:17:01
a4616b,N3810T  ,United States,1751325420.0,1751325420,-80.5951,28.0379,640.08,False,45.62,150.26,-0.98,,670.56,1200,False,0,2025-06-30 23:17:01
a126c9,UAL2316 ,United States,1751325421.0,1751325421,-78.4991,42.0856,10058.4,False,260.87,51.16,-0.33,,10607.04,2476,False,0,2025-06-30 23:17:01
a04f75,AAL2840 ,United States,1751325421.0,1751325421,-87.3062,40.9639,6446.52,False,229.87,154.41,6.83,,6743.7,1354,False,0,2025-06-30 23:17:01
acdf9a,AAL1283 ,United States,1751325421.0,1751325421,-95.4197,38.0712,10058.4,False,255.96,112.7,0.0,,10607.04,,False,0,2025-06-30 23:17:01
a3c9c5,AAL2861 ,United States,1751325402.0,1751325402,-74.1812,40.6817,,True,7.2,275.62,,,,3526,False,0,2025-06-30 23:17:01
a9b402,SKW6422 ,United States,1751325421.0,1751325421,-96.7267,33.2793,2103.12,False,132.89,259.52,-6.5,,2194.56,2133,False,0,2025-06-30 23:17:01
aa3bfa,N759FE  ,United States,1751325420.0,1751325421,-104.6661,39.44,2156.46,False,72.06,316.74,1.63,,2270.76,0034,False,0,2025-06-30 23:17:01
a2219e,N2363U  ,United States,1751325419.0,1751325421,-76.2177,43.4594,1097.28,False,56.1,222.03,-3.9,,1089.66,,False,0,2025-06-30 23:17:01
a3ff0e,CAP3957 ,United States,1751325376.0,1751325376,-82.817,34.3201,1059.18,False,29.86,169.08,0.65,,1074.42,,False,0,2025-06-30 23:17:01
a04f49,SKW5992 ,United States,1751325421.0,1751325421,-86.4281,41.5073,5189.22,False,189.93,298.65,-8.13,,5394.96,6512,False,0,2025-06-30 23:17:01
a3ff26,DAL31   ,United States,1751325421.0,1751325421,-84.8864,33.6708,3185.16,False,156.31,253.95,5.85,,3337.56,3365,False,0,2025-06-30 23:17:01
a95113,N7NL    ,United States,1751325415.0,1751325421,-96.9047,32.2324,1463.04,False,67.42,205.78,0.33,,1508.76,,False,0,2025-06-30 23:17:01
a126ed,UAL296  ,United States,1751325420.0,1751325420,-104.6583,40.0106,2042.16,False,95.71,181.23,0.33,,2156.46,,False,0,2025-06-30 23:17:01
a6add1,N5298D  ,United States,1751325415.0,1751325415,-123.1249,47.2274,381.0,False,49.48,244.77,-0.33,,373.38,0305,False,0,2025-06-30 23:17:01
a7242c,N5597E  ,United States,1751325420.0,1751325420,-85.186,33.7985,1859.28,False,44.58,341.15,4.23,,,1653,False,0,2025-06-30 23:17:01
a15c54,SKW3327 ,United States,1751325420.0,1751325420,-120.1732,47.783,6705.6,False,192.02,276.31,0.33,,7025.64,,False,0,2025-06-30 23:17:01
a52add,T71     ,United States,1751325420.0,1751325420,-117.299,33.8127,1188.72,False,84.47,272.79,-1.95,,1219.2,,False,0,2025-06-30 23:17:01
ac4801,SWA4028 ,United States,1751325421.0,1751325421,-86.7404,41.5207,3070.86,False,175.95,269.33,-0.33,,3177.54,4001,False,0,2025-06-30 23:17:01
a233b9,N241AC  ,United States,1751325421.0,1751325421,-93.3792,44.7874,640.08,False,37.1,343.07,0.65,,601.98,,False,0,2025-06-30 23:17:01
a58153,N454DR  ,United States,1751325420.0,1751325420,-121.8119,45.4097,13106.4,False,213.54,302.01,0.0,,13662.66,6032,False,0,2025-06-30 23:17:01
a15c1c,N187QS  ,United States,1751325421.0,1751325421,-71.3785,42.4809,419.1,False,88.47,123.14,-6.18,,403.86,2423,False,0,2025-06-30 23:17:01
a03c46,XAA9436 ,United States,1751325420.0,1751325420,-109.33,39.3221,13106.4,False,255.54,256.5,0.0,,13738.86,3224,False,0,2025-06-30 23:17:01
a379d3,DAL483  ,United States,1751325420.0,1751325420,-87.4925,36.111,11277.6,False,238.41,87.53,0.0,,11940.54,2020,False,0,2025-06-30 23:17:01
a4b145,N401KM  ,United States,1751325420.0,1751325420,-70.9362,41.8617,754.38,False,57.11,100.91,1.63,,777.24,,False,0,2025-06-30 23:17:01
ab6eb9,AAL2867 ,United States,1751325421.0,1751325421,-95.0857,35.6066,9989.82,False,215.43,96.58,2.93,,10538.46,2367,False,0,2025-06-30 23:17:01
a88aa1,N65CP   ,United States,1751325209.0,1751325209,-95.249,39.9551,2407.92,False,92.48,320.64,-0.33,,2484.12,,False,0,2025-06-30 23:17:01
ac481d,SWA733  ,United States,1751325316.0,1751325316,-95.8892,36.0957,708.66,False,89.63,2.96,0.0,,754.38,5662,False,0,2025-06-30 23:17:01
a4c492,SKW3407 ,United States,1751325420.0,1751325420,-119.9387,34.7401,9144.0,False,224.46,314.35,0.33,,9624.06,,False,0,2025-06-30 23:17:01
a83108,JBU170  ,United States,1751325420.0,1751325420,-78.932,28.0175,9906.0,False,237.77,21.85,4.55,,10439.4,,False,0,2025-06-30 23:17:01
a126e7,UAL1523 ,United States,1751325420.0,1751325420,-79.1469,30.0508,10972.8,False,247.47,189.81,0.0,,11529.06,5050,False,0,2025-06-30 23:17:01
a126e8,UAL1242 ,United States,1751325421.0,1751325421,-97.6221,30.1475,868.68,False,117.38,87.74,5.85,,906.78,4676,False,0,2025-06-30 23:17:01
a97733,NKS2401 ,United States,1751325420.0,1751325420,-93.9281,29.9454,7338.06,False,212.58,101.45,4.88,,7795.26,2456,False,0,2025-06-30 23:17:01
a89f0f,N6548J  ,United States,1751325360.0,1751325376,-95.5561,30.0834,68.58,False,32.51,175.46,-3.25,,106.68,5335,False,0,2025-06-30 23:17:01
a3ff75,N357GS  ,United States,1751325236.0,1751325237,-119.0377,35.4209,312.42,False,56.66,290.74,-5.2,,228.6,3631,False,0,2025-06-30 23:17:01
a4c3b4,N406JA  ,United States,1751325420.0,1751325420,-104.946,40.3523,1760.22,False,56.5,10.49,1.63,,1844.04,,False,0,2025-06-30 23:17:01
a486cc,DAL2830 ,United States,1751325420.0,1751325420,-120.5114,37.3852,11277.6,False,229.48,165.06,0.0,,11856.72,6623,False,0,2025-06-30 23:17:01
a629fc,N4969G  ,United States,1751325420.0,1751325420,-80.512,27.3333,914.4,False,45.11,135.92,0.33,,967.74,,False,0,2025-06-30 23:17:01
ab5c26,AAL1114 ,United States,1751325420.0,1751325420,-95.6367,33.9343,11269.98,False,242.78,46.97,0.0,,11925.3,0556,False,0,2025-06-30 23:17:01
a486d8,DAL1172 ,United States,1751325420.0,1751325420,-97.0723,43.7713,10066.02,False,242.28,64.2,-0.33,,10424.16,3264,False,0,2025-06-30 23:17:01
a6af55,N53NW   ,United States,1751325418.0,1751325418,-81.4786,26.6917,3604.26,False,160.52,326.77,-0.33,,3794.76,,False,0,2025-06-30 23:17:01
adc9b6,JBU233  ,United States,1751325420.0,1751325420,-98.0205,42.7401,9753.6,False,219.79,257.43,0.0,,10165.08,7332,False,0,2025-06-30 23:17:01
ad79e8,ASA114  ,United States,1751325420.0,1751325421,-91.3298,42.3535,10980.42,False,198.12,271.34,-0.65,,11430.0,4340,False,0,2025-06-30 23:17:01
a15c80,AAL3072 ,United States,1751325420.0,1751325421,-101.5785,39.1046,10058.4,False,247.62,112.09,-0.33,,10568.94,1517,False,0,2025-06-30 23:17:01
a593cb,N459CP  ,United States,1751325420.0,1751325420,-121.7647,40.0055,3543.3,False,85.99,177.6,0.0,,3695.7,,False,0,2025-06-30 23:17:01
a3ec77,USC101  ,United States,1751325420.0,1751325420,-77.7759,38.3983,7863.84,False,201.48,213.12,5.53,,8336.28,2131,False,0,2025-06-30 23:17:01
a28f80,SKW3840 ,United States,1751325421.0,1751325421,-122.9695,41.164,9448.8,False,216.82,172.64,0.0,,9898.38,6604,False,0,2025-06-30 23:17:01
ad79d5,N96792  ,United States,1751325420.0,1751325421,-71.8063,42.5485,548.64,False,55.62,92.65,-0.98,,533.4,,False,0,2025-06-30 23:17:01
c04738,CJT2385 ,Canada,1751325420.0,1751325420,-88.6549,47.7687,10980.42,False,222.64,293.13,-0.33,,11216.64,,False,0,2025-06-30 23:17:01
a83174,NKS2521 ,United States,1751325420.0,1751325421,-81.4992,35.478,11269.98,False,234.52,128.86,-3.25,,11948.16,7141,False,0,2025-06-30 23:17:01
ad79eb,AAL986  ,United States,1751325419.0,1751325421,-85.3317,35.6604,6035.04,False,200.43,257.25,-8.78,,6400.8,5713,False,0,2025-06-30 23:17:01
a3c9e2,EJA343  ,United States,1751325420.0,1751325420,-121.5118,38.4746,7620.0,False,221.23,46.32,0.0,,7962.9,4571,False,0,2025-06-30 23:17:01
a3ff2e,CXK557  ,United States,1751325395.0,1751325399,-117.7677,34.0903,403.86,False,34.34,278.62,-1.95,,358.14,,False,0,2025-06-30 23:17:01
ac33c4,SWA2323 ,United States,1751325420.0,1751325420,-75.9915,37.5615,8229.6,False,256.71,34.55,0.65,,8724.9,5624,False,0,2025-06-30 23:17:01
7380c6,ELY006  ,Israel,1751325421.0,1751325421,-101.762,41.9577,10668.0,False,257.23,66.92,-0.33,,11193.78,2466,False,0,2025-06-30 23:17:01
a9b43f,AAL2949 ,United States,1751325420.0,1751325420,-75.1526,40.0718,1821.18,False,141.19,136.48,-0.65,,1882.14,1175,False,0,2025-06-30 23:17:01
a340c8,N309AG  ,United States,1751325420.0,1751325420,-77.8228,39.2053,1234.44,False,118.84,22.12,0.0,,1264.92,1752,False,0,2025-06-30 23:17:01
a340d2,ASA1097 ,United States,1751325376.0,1751325376,-122.3181,47.4394,114.3,False,82.83,0.36,-3.9,,152.4,7642,False,0,2025-06-30 23:17:01
344344,IBE03CC ,Spain,1751325421.0,1751325421,-76.8892,42.4189,11277.6,False,265.93,96.11,0.0,,11894.82,3532,False,0,2025-06-30 23:17:01
a6f17a,N54661  ,United States,1751325419.0,1751325419,-121.2506,38.279,1234.44,False,46.24,20.85,0.33,,1249.68,1200,False,0,2025-06-30 23:17:01
a8dadc,NOAA67  ,United States,1751325420.0,1751325420,-103.2895,39.4592,7620.0,False,145.28,109.01,0.0,,8061.96,,False,0,2025-06-30 23:17:01
ac212d,SWA3310 ,United States,1751325420.0,1751325420,-85.6489,34.2278,10972.8,False,240.33,286.03,0.33,,11643.36,1071,False,0,2025-06-30 23:17:01
ad9ac9,JBU101  ,United States,1751325382.0,1751325382,-83.2136,25.5092,10370.82,False,234.64,282.67,0.0,,10965.18,,False,0,2025-06-30 23:17:01
ab0158,UAL2148 ,United States,1751325420.0,1751325420,-79.8834,37.5986,11018.52,False,218.19,237.32,2.28,,11673.84,3735,False,0,2025-06-30 23:17:01
ad5457,,United States,1751325194.0,1751325194,-97.5052,39.6215,1828.8,False,92.82,258.81,-0.65,,2217.42,,False,0,2025-06-30 23:17:01
ab014c,N808TP  ,United States,1751325261.0,1751325261,-122.9972,46.541,1203.96,False,61.46,151.5,-2.28,,1242.06,,False,0,2025-06-30 23:17:01
a28eb7,JSX109  ,United States,1751325420.0,1751325420,-117.2357,34.7916,5775.96,False,203.54,254.91,-6.83,,6111.24,,False,0,2025-06-30 23:17:01
adfdbe,ROLER11 ,United States,1751325420.0,1751325421,-123.8832,48.18,8229.6,False,160.22,137.6,0.0,,8557.26,,False,0,2025-06-30 23:17:01
a36825,JBU2080 ,United States,1751325399.0,1751325404,-78.4494,29.5642,10668.0,False,229.45,3.86,0.0,,11193.78,6601,False,0,2025-06-30 23:17:01
acddf8,EDV5250 ,United States,1751325310.0,1751325315,-78.73,42.9369,,True,1.8,143.44,,,,2326,False,0,2025-06-30 23:17:01
a5d0be,N474J   ,United States,1751325419.0,1751325420,-113.3039,34.757,6713.22,False,141.63,267.29,-0.33,,7094.22,4107,False,0,2025-06-30 23:17:01
a04edb,AAL506  ,United States,1751325421.0,1751325421,-94.4775,37.8488,9761.22,False,226.55,294.41,0.0,,10309.86,5716,False,0,2025-06-30 23:17:01
a12861,DAL939  ,United States,1751325412.0,1751325413,-108.1004,39.595,10675.62,False,240.95,60.59,0.0,,11247.12,7371,False,0,2025-06-30 23:17:01
aaf488,N805AZ  ,United States,1751325421.0,1751325421,-117.8403,33.8326,1691.64,False,46.37,72.57,0.0,,1706.88,,False,0,2025-06-30 23:17:01
ab1496,AAL1421 ,United States,1751325420.0,1751325420,-73.764,39.6424,9144.0,False,247.02,220.52,0.33,,9624.06,3542,False,0,2025-06-30 23:17:01
ac3477,DAL2772 ,United States,1751325420.0,1751325420,-84.3651,33.6319,533.4,False,82.31,269.64,-4.55,,548.64,2311,False,0,2025-06-30 23:17:01
acdde3,SWA540  ,United States,1751325420.0,1751325421,-112.0999,32.8677,11277.6,False,243.87,100.58,0.0,,11917.68,4412,False,0,2025-06-30 23:17:01
a6f0e3,N5462Q  ,United States,1751325417.0,1751325417,-121.0235,44.0085,2049.78,False,41.0,107.53,1.3,,2118.36,,False,0,2025-06-30 23:17:01
adb782,AAL845  ,United States,1751325421.0,1751325421,-74.9541,39.8601,1135.38,False,112.84,351.61,-5.85,,1173.48,3325,False,0,2025-06-30 23:17:01
a9d9f7,AAL730  ,United States,1751325420.0,1751325421,-79.6344,35.4955,8153.4,False,230.55,60.75,8.45,,8648.7,,False,0,2025-06-30 23:17:01
a9d9f2,ASA291  ,United States,1751325420.0,1751325420,-90.893,39.4548,6492.24,False,209.3,149.91,-12.35,,6804.66,3505,False,0,2025-06-30 23:17:01
ac2154,SWA2832 ,United States,1751325420.0,1751325421,-82.7345,28.2778,2141.22,False,121.5,87.82,-3.9,,2270.76,2713,False,0,2025-06-30 23:17:01
abaadd,SWA1184 ,United States,1751325420.0,1751325420,-84.3099,33.0744,11582.4,False,231.97,345.22,0.0,,12252.96,1474,False,0,2025-06-30 23:17:01
aa3c86,N759LV  ,United States,1751325421.0,1751325421,-121.2993,47.6188,2682.24,False,61.23,142.17,-0.98,,2827.02,1200,False,0,2025-06-30 23:17:01
a8ef5f,N675MA  ,United States,1751325420.0,1751325420,-109.6335,32.7433,8534.4,False,127.95,290.48,0.0,,9014.46,,False,0,2025-06-30 23:17:01
a3a503,DAL2271 ,United States,1751325420.0,1751325420,-104.1147,40.6628,6385.56,False,225.68,47.03,6.5,,6751.32,,False,0,2025-06-30 23:17:01
ab017b,VXP725  ,United States,1751325420.0,1751325420,-85.8869,36.2826,5509.26,False,191.74,61.65,9.75,,5791.2,3471,False,0,2025-06-30 23:17:01
ac2173,SWA2927 ,United States,1751325420.0,1751325420,-81.2461,28.6624,1242.06,False,127.06,220.07,-7.15,,1333.5,6511,False,0,2025-06-30 23:17:01
a53ea4,N437RP  ,United States,1751325338.0,1751325342,-91.9587,34.5236,4389.12,False,104.51,247.73,-0.65,,4617.72,1446,False,0,2025-06-30 23:17:01
a9d9ec,N734AE  ,United States,1751325420.0,1751325420,-80.1141,25.7596,274.32,False,53.79,9.91,0.33,,297.18,,False,0,2025-06-30 23:17:01
a580b8,N4538G  ,United States,1751325385.0,1751325385,-123.1561,45.1894,152.4,False,26.58,75.43,-3.25,,114.3,,False,0,2025-06-30 23:17:01
a580b6,N4538E  ,United States,1751325256.0,1751325257,-74.4558,41.7252,1219.2,False,53.54,87.8,1.3,,1242.06,,False,0,2025-06-30 23:17:01
a89f54,ASI148  ,United States,1751325420.0,1751325420,-112.4171,33.7916,1501.14,False,31.25,249.78,0.65,,1508.76,1200,False,0,2025-06-30 23:17:01
ad4171,SKW5915 ,United States,1751325421.0,1751325421,-96.014,41.0395,4213.86,False,194.53,258.1,-10.4,,4389.12,3212,False,0,2025-06-30 23:17:01
accaf4,SKW5068 ,United States,1751325420.0,1751325420,-91.3033,31.5742,8679.18,False,206.51,253.05,3.58,,9212.58,,False,0,2025-06-30 23:17:01
a28ee7,SWA8506 ,United States,1751325420.0,1751325420,-82.5156,33.149,8671.56,False,226.83,292.96,-10.73,,9189.72,2016,False,0,2025-06-30 23:17:01
adb77f,NKS2506 ,United States,1751325421.0,1751325421,-117.7009,33.3433,6484.62,False,205.92,138.54,-13.66,,6835.14,3673,False,0,2025-06-30 23:17:01
a710b9,N55401  ,United States,1751325415.0,1751325415,-90.7539,33.48,1051.56,False,60.51,84.14,-2.6,,1074.42,,False,0,2025-06-30 23:17:01
a5e3e4,EDV5232 ,United States,1751325420.0,1751325420,-73.9205,40.5833,1828.8,False,133.84,211.0,-0.33,,1889.76,2333,False,0,2025-06-30 23:17:01
a4b0bb,DAL56   ,United States,1751325420.0,1751325420,-107.6103,42.5686,11254.74,False,253.45,61.51,2.28,,11833.86,,False,0,2025-06-30 23:17:01
aa4f70,N7633B  ,United States,1751325345.0,1751325345,-116.9327,32.8194,381.0,False,38.06,279.33,0.33,,320.04,,False,0,2025-06-30 23:17:01
a09239,RPA4435 ,United States,1751325421.0,1751325421,-79.6795,39.2824,9243.06,False,237.88,95.83,-5.53,,9776.46,3473,True,0,2025-06-30 23:17:01
a1beb8,MDS211  ,United States,1751325420.0,1751325420,-105.6018,31.3273,4853.94,False,144.26,296.02,-3.9,,5120.64,,False,0,2025-06-30 23:17:01
ab39e3,SKW3564 ,United States,1751325420.0,1751325420,-85.4554,34.664,8008.62,False,231.74,142.21,-6.83,,8488.68,6253,False,0,2025-06-30 23:17:01
a90f3d,N683K   ,United States,1751325420.0,1751325421,-122.4893,45.5533,396.24,False,57.36,299.55,-2.93,,373.38,,False,0,2025-06-30 23:17:01
a6800a,KPO518  ,United States,1751325178.0,1751325178,-73.8059,42.7731,190.5,False,49.92,178.23,-1.95,,167.64,2562,False,0,2025-06-30 23:17:01
ad474c,DAL2803 ,United States,1751325415.0,1751325415,-84.4313,33.6393,,True,5.14,0.0,,,,5611,False,0,2025-06-30 23:17:01
a3204f,N300LC  ,United States,1751325419.0,1751325419,-96.8496,32.1407,1645.92,False,51.26,141.52,1.95,,1714.5,,False,0,2025-06-30 23:17:01
a0c06b,N148AC  ,United States,1751325421.0,1751325421,-118.7141,34.0322,495.3,False,50.68,264.17,-0.33,,457.2,,False,0,2025-06-30 23:17:01
a20072,N228TR  ,United States,1751325286.0,1751325286,-73.152,41.5619,624.84,False,50.44,178.25,-7.15,,746.76,,False,0,2025-06-30 23:17:01
a3338c,SKW3831 ,United States,1751325420.0,1751325420,-81.3571,40.5408,6195.06,False,177.06,255.36,6.5,,6515.1,7451,False,0,2025-06-30 23:17:01
ac5ab7,SWA990  ,United States,1751325420.0,1751325420,-81.1335,32.1463,899.16,False,116.36,21.8,20.81,,929.64,,False,0,2025-06-30 23:17:01
abe101,SWA991  ,United States,1751325269.0,1751325269,-90.2602,29.9914,,True,27.78,106.88,,,,6541,False,0,2025-06-30 23:17:01
a5d668,UAL2018 ,United States,1751325155.0,1751325157,-81.8459,41.4173,289.56,False,77.79,230.1,-3.58,,236.22,3003,False,0,2025-06-30 23:17:01
a6932d,N5223R  ,United States,1751325186.0,1751325188,-80.2932,25.9125,0.0,False,37.1,86.82,-2.6,,15.24,,False,0,2025-06-30 23:17:01
a9b958,N7256Q  ,United States,1751325421.0,1751325421,-90.8121,33.6875,914.4,False,56.75,225.73,0.0,,937.26,1200,False,0,2025-06-30 23:17:01
acbdae,N92VB   ,United States,1751325418.0,1751325418,-123.0997,44.3389,838.2,False,64.9,192.82,-0.98,,838.2,,False,0,2025-06-30 23:17:01
a70333,ASA1257 ,United States,1751325420.0,1751325420,-121.9533,46.9859,6324.6,False,218.39,154.76,10.08,,6598.92,1636,False,0,2025-06-30 23:17:01
a2004b,N228SB  ,United States,1751325421.0,1751325421,-97.4266,35.9989,7993.38,False,258.99,87.61,-5.53,,8458.2,,False,0,2025-06-30 23:17:01
4079cd,VIR36VL ,United Kingdom,1751325420.0,1751325421,-77.0157,36.2078,11887.2,False,239.93,35.22,0.0,,12550.14,0732,False,0,2025-06-30 23:17:01
c025fc,JZA766  ,Canada,1751325420.0,1751325420,-117.3805,33.0136,3467.1,False,140.6,144.68,-6.83,,3611.88,7057,False,0,2025-06-30 23:17:01
aa1abe,N750HF  ,United States,1751325420.0,1751325420,-116.9751,34.7465,6103.62,False,211.97,263.03,0.0,,6416.04,,False,0,2025-06-30 23:17:01
ac1466,DAL533  ,United States,1751325420.0,1751325420,-118.5745,47.5354,10058.4,False,250.54,89.65,0.33,,10485.12,1547,False,0,2025-06-30 23:17:01
a33377,N305SB  ,United States,1751325419.0,1751325420,-117.1384,34.1105,640.08,False,26.85,196.7,-1.3,,609.6,,False,0,2025-06-30 23:17:01
a2005a,SIS28   ,United States,1751325420.0,1751325420,-104.0651,42.2945,12192.0,False,228.83,283.79,-0.33,,12755.88,5650,False,0,2025-06-30 23:17:01
ad7ab8,JBU1200 ,United States,1751325420.0,1751325420,-101.1725,30.9447,10058.4,False,240.53,79.03,0.33,,10683.24,1070,False,0,2025-06-30 23:17:01
a81000,UAL1635 ,United States,1751325421.0,1751325421,-90.9675,34.3588,10058.4,False,249.9,70.89,0.0,,10668.0,7663,False,0,2025-06-30 23:17:01
a81001,UAL2347 ,United States,1751325421.0,1751325421,-103.3521,42.2227,11277.6,False,244.99,84.46,0.0,,11826.24,2462,False,0,2025-06-30 23:17:01
a81005,UAL8166 ,United States,1751325420.0,1751325420,-107.8102,42.7858,10668.0,False,241.75,148.58,0.33,,11224.26,,False,0,2025-06-30 23:17:01
a5d68e,N47537  ,United States,1751325420.0,1751325420,-70.9043,43.0233,640.08,False,70.75,345.26,1.95,,655.32,,False,0,2025-06-30 23:17:01
ac0143,SWA3846 ,United States,1751325421.0,1751325421,-101.3763,30.7952,11277.6,False,246.98,91.07,0.0,,11971.02,7731,False,0,2025-06-30 23:17:01
a81006,UAL1001 ,United States,1751325401.0,1751325420,-84.1078,45.5529,8961.12,False,195.48,236.81,-5.2,,9296.4,3523,False,0,2025-06-30 23:17:01
a5d68a,UAL1820 ,United States,1751325421.0,1751325421,-77.9734,34.1059,10058.4,False,232.11,1.65,0.0,,10629.9,,False,0,2025-06-30 23:17:01
c06e87,ACA375  ,Canada,1751325405.0,1751325405,-73.7503,45.4683,,True,8.75,357.19,,,,,False,0,2025-06-30 23:17:01
a87cbb,NKS2262 ,United States,1751325420.0,1751325420,-89.0526,31.3959,10965.18,False,235.73,268.25,0.0,,11650.98,2120,False,0,2025-06-30 23:17:01
a7bff9,N599MR  ,United States,1751325314.0,1751325316,-94.3855,38.0928,2720.34,False,85.57,172.75,-0.33,,2827.02,,False,0,2025-06-30 23:17:01
ac5ada,SWA2523 ,United States,1751325420.0,1751325420,-77.3867,38.6701,5166.36,False,181.03,85.93,-7.8,,5448.3,1572,False,0,2025-06-30 23:17:01
c012bd,WJA1591 ,Canada,1751325420.0,1751325420,-91.0268,41.8838,10972.8,False,219.73,315.76,0.0,,11460.48,3211,False,0,2025-06-30 23:17:01
a4798f,FFT3109 ,United States,1751325420.0,1751325420,-91.1651,33.9663,11590.02,False,224.83,224.26,-0.33,,12283.44,6073,False,0,2025-06-30 23:17:01
aa974f,SWA459  ,United States,1751325420.0,1751325421,-84.3963,30.7372,11887.2,False,239.73,180.12,0.0,,12557.76,5534,False,0,2025-06-30 23:17:01
abe147,SWA206  ,United States,1751325420.0,1751325421,-92.4782,40.1225,11277.6,False,256.99,69.86,0.0,,11826.24,,False,0,2025-06-30 23:17:01
a2be06,AAY2728 ,United States,1751325421.0,1751325421,-95.5652,30.7423,9174.48,False,242.84,68.11,3.58,,9753.6,4536,False,0,2025-06-30 23:17:01
acaae3,SKW5828 ,United States,1751325417.0,1751325417,-87.9309,41.9743,,True,0.0,264.38,,,,,False,0,2025-06-30 23:17:01
a5d623,UAL668  ,United States,1751325075.0,1751325130,-92.4286,27.5592,10363.2,False,238.06,320.88,0.0,,11003.28,,False,0,2025-06-30 23:17:01
c038ca,ACA826  ,Canada,1751325397.0,1751325421,-79.6342,43.6932,205.74,True,0.06,11.25,,,,2263,False,0,2025-06-30 23:17:01
a1e08d,N22VK   ,United States,1751325421.0,1751325421,-122.3572,46.1716,3733.8,False,168.72,201.09,-8.45,,3886.2,4671,False,0,2025-06-30 23:17:01
a358a5,N3144V  ,United States,1751325418.0,1751325419,-122.2763,38.2226,60.96,False,27.34,199.8,-1.95,,15.24,,False,0,2025-06-30 23:17:01
a5864b,N455SM  ,United States,1751325421.0,1751325421,-79.1269,38.0363,12192.0,False,239.65,199.17,-0.33,,12877.8,1011,False,0,2025-06-30 23:17:01
a0f8cb,UCA4890 ,United States,1751325421.0,1751325421,-83.9482,35.8512,533.4,False,69.12,225.0,-3.25,,533.4,3264,False,0,2025-06-30 23:17:01
ac5afd,SWA4721 ,United States,1751325421.0,1751325421,-109.4491,33.7664,11269.98,False,239.5,109.45,-0.65,,11925.3,1062,False,0,2025-06-30 23:17:01
a4fcd4,N420NJ  ,United States,1751325421.0,1751325421,-81.2918,34.0964,3657.6,False,133.22,334.13,16.58,,3855.72,,False,0,2025-06-30 23:17:01
a5d648,UAL1020 ,United States,1751325158.0,1751325158,-94.2401,28.4195,8046.72,False,247.74,120.72,3.9,,7924.8,2546,False,0,2025-06-30 23:17:01
a9da5c,N734ES  ,United States,1751325420.0,1751325420,-117.0407,33.6157,1592.58,False,45.97,174.86,2.6,,1623.06,,False,0,2025-06-30 23:17:01
a118d5,N17WN   ,United States,1751325328.0,1751325328,-83.3889,42.666,441.96,False,55.58,268.41,-4.23,,365.76,,False,0,2025-06-30 23:17:01
a8ba8d,N66119  ,United States,1751325421.0,1751325421,-123.1428,45.1641,259.08,False,33.5,86.48,-2.6,,220.98,,False,0,2025-06-30 23:17:01
a5c31b,SWA3062 ,United States,1751325416.0,1751325418,-84.4321,33.6402,,True,0.0,272.81,,,,,False,0,2025-06-30 23:17:01
a9ed9d,N739MR  ,United States,1751325420.0,1751325421,-123.9368,45.7885,1950.72,False,49.4,1.19,0.0,,2011.68,,False,0,2025-06-30 23:17:01
ad2169,N945TE  ,United States,1751325419.0,1751325420,-86.2409,36.1408,944.88,False,64.35,32.93,0.98,,967.74,1200,False,0,2025-06-30 23:17:01
a76fe9,ASA1358 ,United States,1751325421.0,1751325421,-122.723,46.3532,6134.1,False,201.23,358.39,-10.08,,6416.04,3750,False,0,2025-06-30 23:17:01
a93061,N691W   ,United States,1751325418.0,1751325418,-122.7667,45.2645,243.84,False,35.36,8.37,3.58,,198.12,,False,0,2025-06-30 23:17:01
aae703,N801QS  ,United States,1751325420.0,1751325420,-79.2058,26.1045,13106.4,False,231.58,10.24,0.33,,13693.14,,False,0,2025-06-30 23:17:01
a37b0c,AAL2035 ,United States,1751325420.0,1751325421,-101.8554,30.8374,10972.8,False,227.5,262.07,0.0,,11650.98,7610,True,0,2025-06-30 23:17:01
a345b9,N31NW   ,United States,1751325139.0,1751325143,-112.7868,34.9233,4358.64,False,88.9,280.33,-1.95,,4632.96,,False,0,2025-06-30 23:17:01
adde95,JBU220  ,United States,1751325421.0,1751325421,-97.0646,40.8932,10668.0,False,263.4,82.82,-0.33,,11148.06,7205,False,0,2025-06-30 23:17:01
a105ff,N165TW  ,United States,1751325245.0,1751325245,-118.3336,33.7983,114.3,False,28.52,309.14,-3.9,,30.48,,False,0,2025-06-30 23:17:01
ac2706,UAL431  ,United States,1751325396.0,1751325396,-113.9116,38.3892,11567.16,False,222.23,266.15,0.0,,12176.76,,False,0,2025-06-30 23:17:01
a4b5b6,SKW3383 ,United States,1751325420.0,1751325420,-120.4469,34.8997,5326.38,False,174.58,141.34,9.75,,5570.22,,False,0,2025-06-30 23:17:01
a3a8ef,FFT3871 ,United States,1751325420.0,1751325420,-111.9565,36.6061,9448.8,False,229.18,182.7,0.0,,9974.58,,False,0,2025-06-30 23:17:01
a63e1b,N501ER  ,United States,1751325419.0,1751325419,-118.4135,34.2599,,True,3.34,320.62,,,,,False,0,2025-06-30 23:17:01
a095f0,RPA4495 ,United States,1751325420.0,1751325420,-85.665,36.3709,5501.64,False,204.35,67.5,4.23,,5791.2,2541,False,0,2025-06-30 23:17:01
a50b0e,LXJ424  ,United States,1751325420.0,1751325420,-72.1307,41.5085,5189.22,False,178.78,64.25,0.0,,5448.3,3045,False,0,2025-06-30 23:17:01
a0f8f1,UCA4814 ,United States,1751325187.0,1751325248,-90.7729,32.263,3611.88,False,161.23,101.6,-6.18,,3794.76,2523,True,0,2025-06-30 23:17:01
a01b56,DAL524  ,United States,1751325420.0,1751325420,-80.1214,37.8213,10675.62,False,236.54,111.43,0.65,,11308.08,3152,False,0,2025-06-30 23:17:01
c038a3,ACA847  ,Canada,1751325292.0,1751325292,-73.7584,45.4605,,True,2.57,101.25,,,,2516,False,0,2025-06-30 23:17:01
aa716b,N772KW  ,United States,1751325420.0,1751325421,-80.2603,26.9279,2065.02,False,71.82,354.66,-1.63,,2171.7,,False,0,2025-06-30 23:17:01
c0003e,,Canada,1751325421.0,1751325421,-78.984,44.1103,6248.4,False,170.97,225.24,-7.48,,6492.24,4301,False,0,2025-06-30 23:17:01
a87cf9,QXE2020 ,United States,1751325421.0,1751325421,-121.5792,45.5294,3589.02,False,156.91,270.19,-8.45,,3764.28,4075,False,0,2025-06-30 23:17:01
aae73b,SCX503  ,United States,1751325420.0,1751325420,-95.4373,41.7033,11582.4,False,217.18,202.86,-0.33,,12070.08,,False,0,2025-06-30 23:17:01
a1f2cd,N2244M  ,United States,1751325408.0,1751325408,-80.4594,27.6134,579.12,False,50.75,259.49,1.95,,632.46,,False,0,2025-06-30 23:17:01
020122,RAM208M ,Morocco,1751325420.0,1751325420,-71.2801,45.9818,8763.0,False,237.8,268.14,-4.23,,9159.24,2531,False,0,2025-06-30 23:17:01
020121,RAM218W ,Morocco,1751325420.0,1751325421,-77.0576,37.083,7315.2,False,225.73,283.31,-0.33,,7749.54,5612,False,0,2025-06-30 23:17:01
aae757,UAL793C ,United States,1751325421.0,1751325421,-88.8155,37.3192,10972.8,False,223.07,183.04,0.0,,11628.12,1330,False,0,2025-06-30 23:17:01
ab0777,N81ER   ,United States,1751325421.0,1751325421,-94.0907,41.6189,13716.0,False,230.57,77.76,0.0,,14226.54,3751,False,0,2025-06-30 23:17:01
ab0779,N81ET   ,United States,1751325420.0,1751325420,-77.9443,41.4896,2438.4,False,130.35,319.96,0.0,,2491.74,2656,False,0,2025-06-30 23:17:01
a9eca5,N739BT  ,United States,1751325327.0,1751325327,-122.2715,47.8917,182.88,False,31.4,1.88,-1.3,,228.6,,False,0,2025-06-30 23:17:01
a8103e,ASA140  ,United States,1751325420.0,1751325421,-122.5644,47.7211,3886.2,False,156.3,151.49,-6.18,,4076.7,4114,False,0,2025-06-30 23:17:01
a95665,AAL1317 ,United States,1751325420.0,1751325421,-86.2552,38.7685,7056.12,False,225.49,174.11,8.13,,7406.64,6756,False,0,2025-06-30 23:17:01
a37b1c,SKW3589 ,United States,1751325420.0,1751325420,-119.837,39.705,10363.2,False,241.48,349.82,0.33,,10858.5,7264,False,0,2025-06-30 23:17:01
a1f2b1,UAL40   ,United States,1751325420.0,1751325420,-66.9795,43.5777,10058.4,False,271.48,59.35,0.0,,10576.56,1525,False,0,2025-06-30 23:17:01
ac6de4,N90LY   ,United States,1751325421.0,1751325421,-121.6109,44.1901,3794.76,False,104.59,285.4,0.33,,3985.26,,False,0,2025-06-30 23:17:01
a25b3f,ASA432  ,United States,1751325420.0,1751325420,-100.1794,31.1069,10668.0,False,244.29,79.57,0.0,,11315.7,0737,False,0,2025-06-30 23:17:01
ad4747,AAL1681 ,United States,1751325280.0,1751325280,-97.0547,32.9148,190.5,False,74.08,179.6,-2.6,,167.64,0731,False,0,2025-06-30 23:17:01
ad4744,ASA598  ,United States,1751325160.0,1751325160,-87.9077,41.9716,,True,5.66,92.81,,,,1401,False,0,2025-06-30 23:17:01
a93019,N691TC  ,United States,1751325420.0,1751325420,-85.5538,38.279,670.56,False,44.22,240.75,2.28,,662.94,,False,0,2025-06-30 23:17:01
a5b078,LXJ466  ,United States,1751325420.0,1751325420,-80.2045,43.8646,8839.2,False,221.51,190.03,0.33,,9250.68,2222,False,0,2025-06-30 23:17:01
acbe3c,DAL3101 ,United States,1751325420.0,1751325420,-84.0778,33.83,2499.36,False,125.06,181.65,-7.48,,2636.52,4433,False,0,2025-06-30 23:17:01
a9ee0d,N739SC  ,United States,1751325420.0,1751325421,-104.5212,39.7972,1783.08,False,42.75,357.24,3.58,,1851.66,,False,0,2025-06-30 23:17:01
ab4e87,N8279Z  ,United States,1751325420.0,1751325420,-122.2556,47.1069,617.22,False,58.76,266.49,0.98,,632.46,,False,0,2025-06-30 23:17:01
a9ee38,N739TW  ,United States,1751325420.0,1751325420,-122.153,37.4838,609.6,False,34.47,232.28,2.93,,579.12,1200,False,0,2025-06-30 23:17:01
780a70,CPA3295 ,China,1751325420.0,1751325420,-73.7871,44.8713,10668.0,False,249.08,350.13,0.0,,11193.78,1714,False,0,2025-06-30 23:17:01
a9db01,N734MG  ,United States,1751325420.0,1751325420,-80.4572,27.7245,1767.84,False,48.32,161.37,-0.33,,1889.76,1653,False,0,2025-06-30 23:17:01
ad7b17,AAL1747 ,United States,1751325421.0,1751325421,-87.8766,40.7227,7802.88,False,238.27,178.52,9.1,,8183.88,6276,False,0,2025-06-30 23:17:01
ac5b43,SWA154  ,United States,1751325420.0,1751325421,-92.0053,34.9055,10363.2,False,228.77,212.51,0.0,,10995.66,3512,False,0,2025-06-30 23:17:01
a2ab73,AAY3067 ,United States,1751325421.0,1751325421,-86.1571,34.8343,10378.44,False,239.07,336.14,0.33,,11010.9,1066,False,0,2025-06-30 23:17:01
a38e8e,N3281L  ,United States,1751325421.0,1751325421,-77.0769,38.5731,914.4,False,35.0,204.3,-0.98,,937.26,5114,False,0,2025-06-30 23:17:01
c06ce4,CGPGD   ,Canada,1751325420.0,1751325420,-72.6935,40.8677,1082.04,False,121.57,8.03,22.76,,1127.76,,False,0,2025-06-30 23:17:01
a4eb8d,N416MR  ,United States,1751325421.0,1751325421,-122.7587,46.3772,3840.48,False,70.46,155.87,6.83,,4000.5,,False,0,2025-06-30 23:17:01
a452c4,DAL832  ,United States,1751325420.0,1751325420,-77.4329,37.6374,5791.2,False,190.53,14.22,-0.33,,6134.1,1775,False,0,2025-06-30 23:17:01
a968df,DAL668  ,United States,1751325421.0,1751325421,-95.1145,38.4889,11277.6,False,249.53,100.45,0.0,,11864.34,1712,False,0,2025-06-30 23:17:01
a46705,CXK244  ,United States,1751325420.0,1751325420,-80.6783,35.5238,723.9,False,41.3,193.69,-0.33,,731.52,,False,0,2025-06-30 23:17:01
a34729,DAL1098 ,United States,1751325421.0,1751325421,-74.7001,45.6082,9761.22,False,223.06,306.84,0.0,,10210.8,1376,False,0,2025-06-30 23:17:01
4bb0ec,THY81D  ,Turkey,1751325421.0,1751325421,-69.4879,42.8996,7284.72,False,192.89,241.66,-9.75,,7642.86,0736,False,0,2025-06-30 23:17:01
a0e751,UAL1934 ,United States,1751325420.0,1751325420,-90.2367,35.0143,11643.36,False,244.58,50.72,-11.7,,12321.54,2401,False,0,2025-06-30 23:17:01
adde4c,N993FG  ,United States,1751325420.0,1751325420,-78.8223,35.916,906.78,False,57.76,72.37,0.0,,922.02,,False,0,2025-06-30 23:17:01
c07fb1,,Canada,1751325401.0,1751325401,-86.6806,36.128,,True,4.12,196.88,,,,,False,0,2025-06-30 23:17:01
a715a6,N5559W  ,United States,1751325417.0,1751325418,-107.8251,42.5381,7315.2,False,131.69,319.28,0.65,,7696.2,,False,0,2025-06-30 23:17:01
acab3f,SWA193  ,United States,1751325409.0,1751325409,-106.6131,35.0465,,True,6.94,182.81,,,,,False,0,2025-06-30 23:17:01
a5d5ae,SWA2913 ,United States,1751325420.0,1751325420,-75.0148,39.3745,9624.06,False,236.45,225.35,9.43,,10172.7,7157,False,0,2025-06-30 23:17:01
a968bb,SKW6304 ,United States,1751325268.0,1751325268,-97.0261,32.9014,,True,26.24,185.62,,,,5220,False,0,2025-06-30 23:17:01
a572af,LXJ450  ,United States,1751325378.0,1751325383,-118.4879,34.2046,,True,0.0,216.56,,,,,False,0,2025-06-30 23:17:01
ad7b4d,EJA968  ,United States,1751325421.0,1751325421,-122.2719,47.4938,182.88,False,51.12,331.11,-3.25,,167.64,7055,False,0,2025-06-30 23:17:01
a49b8d,N39609  ,United States,1751325419.0,1751325419,-93.2152,42.4371,708.66,False,42.3,288.43,-3.25,,739.14,,False,0,2025-06-30 23:17:01
ad7b7c,N968SP  ,United States,1751325379.0,1751325388,-96.3535,42.6728,2110.74,False,77.61,165.41,-3.58,,2125.98,4555,False,0,2025-06-30 23:17:01
a51e7d,EJA429  ,United States,1751325419.0,1751325419,-87.0877,33.2761,4373.88,False,178.33,205.46,14.96,,4602.48,,False,0,2025-06-30 23:17:01
c07fe9,WJA328  ,Canada,1751325421.0,1751325421,-75.1951,45.0307,11277.6,False,258.54,70.59,0.0,,11811.0,0515,False,0,2025-06-30 23:17:01
4bb0e3,THY79K  ,Turkey,1751325421.0,1751325421,-121.8357,38.9038,11559.54,False,235.0,232.83,-6.83,,12100.56,3361,False,0,2025-06-30 23:17:01
aa2e0b,EJA755  ,United States,1751325417.0,1751325418,-112.517,36.981,12740.64,False,241.01,241.57,-5.2,,13411.2,1351,False,0,2025-06-30 23:17:01
a6f5b5,ASA773  ,United States,1751325421.0,1751325421,-119.6336,35.8898,11277.6,False,222.52,189.18,-0.33,,11856.72,1644,False,0,2025-06-30 23:17:01
a98b8b,N714GM  ,United States,1751325419.0,1751325419,-87.0158,35.8602,1066.8,False,69.49,199.91,0.0,,1089.66,,False,0,2025-06-30 23:17:01
ac0094,SWA964  ,United States,1751325404.0,1751325404,-92.6775,31.9772,10363.2,False,229.56,268.2,0.0,,11003.28,1423,False,0,2025-06-30 23:17:01
a5d713,UAL1845 ,United States,1751325420.0,1751325420,-84.8397,39.0104,9753.6,False,221.21,270.27,0.0,,10309.86,6551,False,0,2025-06-30 23:17:01
a0d456,N15222  ,United States,1751325421.0,1751325421,-84.2371,38.9085,662.94,False,60.03,313.96,0.65,,617.22,,False,0,2025-06-30 23:17:01
a33425,,United States,1751325356.0,1751325356,-79.4506,26.0492,2758.44,False,126.52,255.4,-6.5,,2918.46,,False,0,2025-06-30 23:17:01
a51dc0,N429HC  ,United States,1751325421.0,1751325421,-71.3086,42.299,381.0,False,59.7,218.35,2.6,,381.0,,False,0,2025-06-30 23:17:01
a19107,N20PZ   ,United States,1751325421.0,1751325421,-123.1791,44.2372,2606.04,False,89.75,15.63,0.0,,2720.34,,False,0,2025-06-30 23:17:01
ad2095,JBU387  ,United States,1751325420.0,1751325420,-102.5899,40.3056,10363.2,False,228.21,255.78,0.0,,10911.84,1356,False,0,2025-06-30 23:17:01
ae537b,R20374  ,United States,1751325410.0,1751325410,-97.3169,32.7678,464.82,False,59.94,354.58,0.0,,457.2,,False,0,2025-06-30 23:17:01
a22768,N238ND  ,United States,1751325420.0,1751325421,-71.3772,42.5791,944.88,False,49.12,313.73,-1.3,,944.88,,False,0,2025-06-30 23:17:01
a98b7b,N714FW  ,United States,1751325317.0,1751325406,-97.4203,32.9412,304.8,False,30.39,146.04,-0.33,,297.18,,False,0,2025-06-30 23:17:01
a9db63,N734RE  ,United States,1751325420.0,1751325420,-117.2635,32.9893,853.44,False,37.96,243.43,2.93,,838.2,,False,0,2025-06-30 23:17:01
a69418,JIA5316 ,United States,1751325421.0,1751325421,-95.6477,32.2627,7315.2,False,215.11,271.51,0.98,,7757.16,7203,False,0,2025-06-30 23:17:01
a21432,FFT3122 ,United States,1751325420.0,1751325420,-88.0875,32.2049,10058.4,False,240.81,88.78,0.33,,10690.86,2513,False,0,2025-06-30 23:17:01
a4fdc2,N420XX  ,United States,1751325418.0,1751325419,-87.4207,32.3012,7010.4,False,199.21,94.59,0.33,,7414.26,,False,0,2025-06-30 23:17:01
a2274d,N238MB  ,United States,1751325421.0,1751325421,-96.4517,35.1268,3025.14,False,85.99,67.12,0.0,,3169.92,,False,0,2025-06-30 23:17:01
a56107,N446BG  ,United States,1751325420.0,1751325420,-89.8888,43.7557,3070.86,False,72.48,242.53,0.0,,3108.96,,False,0,2025-06-30 23:17:01
780a18,CPA882  ,China,1751325420.0,1751325420,-122.403,37.0009,10668.0,False,246.46,124.88,0.0,,11155.68,1401,False,0,2025-06-30 23:17:01
ac38d6,N887LF  ,United States,1751325420.0,1751325420,-115.5453,36.4877,2072.64,False,79.7,320.76,0.98,,2087.88,,False,0,2025-06-30 23:17:01
a1f46c,NSH225  ,United States,1751325420.0,1751325420,-96.9138,41.1173,12192.0,False,217.45,247.32,-0.33,,12725.4,5630,False,0,2025-06-30 23:17:01
abe09a,SWA1929 ,United States,1751325421.0,1751325421,-91.8783,37.9242,10668.0,False,245.8,100.37,0.0,,11269.98,6737,False,0,2025-06-30 23:17:01
a6f5fc,DAL1876 ,United States,1751325420.0,1751325420,-117.2551,33.2199,4579.62,False,179.55,279.73,-9.1,,4815.84,,False,0,2025-06-30 23:17:01
a822d1,EJA623  ,United States,1751325421.0,1751325421,-112.841,34.8478,8839.2,False,238.01,133.25,0.0,,9326.88,4677,False,0,2025-06-30 23:17:01
a822d6,QXE2144 ,United States,1751325420.0,1751325420,-118.3342,46.5628,10972.8,False,205.45,243.05,-0.33,,11414.76,,False,0,2025-06-30 23:17:01
a8ce4f,AAL1375 ,United States,1751325420.0,1751325420,-81.3207,35.2483,3025.14,False,168.99,281.41,0.0,,3185.16,,False,0,2025-06-30 23:17:01
a9db19,N734NF  ,United States,1751325420.0,1751325420,-117.2433,33.1473,457.2,False,36.96,81.19,-0.65,,426.72,,False,0,2025-06-30 23:17:01
ad45a4,AAL757  ,United States,1751325421.0,1751325421,-121.4449,46.3862,8717.28,False,247.17,125.94,8.13,,9105.9,1652,False,0,2025-06-30 23:17:01
a955e5,N700PT  ,United States,1751325411.0,1751325412,-118.9295,37.4697,7620.0,False,122.57,182.65,0.33,,8016.24,,False,0,2025-06-30 23:17:01
a1e132,MXY149  ,United States,1751325420.0,1751325420,-86.552,31.0813,9601.2,False,235.64,79.94,6.83,,10180.32,7432,False,0,2025-06-30 23:17:01
a13af4,DAL679  ,United States,1751325420.0,1751325421,-105.4505,43.2026,10972.8,False,226.85,259.81,0.0,,11521.44,1033,False,0,2025-06-30 23:17:01
a37ab5,AAY1325 ,United States,1751325421.0,1751325421,-81.8234,33.1663,11292.84,False,232.41,332.3,-0.33,,11955.78,7173,False,0,2025-06-30 23:17:01
a99e73,N719KX  ,United States,1751325421.0,1751325421,-95.5252,33.2816,9159.24,False,207.4,67.7,8.13,,9723.12,0571,False,0,2025-06-30 23:17:01
a3475e,FFT688  ,United States,1751325420.0,1751325420,-80.0219,38.2671,10675.62,False,245.02,63.7,0.33,,11315.7,1414,False,0,2025-06-30 23:17:01
a4b70e,N40242  ,United States,1751325420.0,1751325420,-94.5323,39.0261,1524.0,False,76.97,217.94,-0.33,,1592.58,,False,0,2025-06-30 23:17:01
ab05f2,N8092H  ,United States,1751325421.0,1751325421,-71.3828,42.6211,731.52,False,46.94,154.0,0.98,,754.38,1200,False,0,2025-06-30 23:17:01
ab05f7,N8092N  ,United States,1751325417.0,1751325421,-73.9382,42.6486,1889.76,False,39.43,187.5,2.6,,1935.48,,False,0,2025-06-30 23:17:01
a2012d,N22803  ,United States,1751325421.0,1751325421,-96.5114,32.5231,754.38,False,50.92,251.75,0.0,,769.62,1200,False,0,2025-06-30 23:17:01
ac5b20,SWA3515 ,United States,1751325420.0,1751325420,-104.3001,38.173,11590.02,False,225.86,249.05,0.0,,12199.62,,False,0,2025-06-30 23:17:01
a86ab5,UAL20   ,United States,1751325420.0,1751325420,-88.0409,36.6362,10058.4,False,259.46,39.53,0.0,,10645.14,4051,False,0,2025-06-30 23:17:01
aa1bff,N750WB  ,United States,1751325419.0,1751325420,-114.7528,47.0613,4968.24,False,55.47,298.23,0.0,,5234.94,,False,0,2025-06-30 23:17:01
a6f777,DAL624  ,United States,1751325421.0,1751325421,-89.6825,31.8796,10668.0,False,235.71,56.03,-0.33,,11292.84,4250,False,0,2025-06-30 23:17:01
a44169,UAL1302 ,United States,1751325420.0,1751325420,-107.7424,38.7862,9182.1,False,237.54,229.48,6.83,,9707.88,6576,False,0,2025-06-30 23:17:01
a5613e,N446DM  ,United States,1751325420.0,1751325420,-70.3982,43.7467,754.38,False,85.08,108.33,-4.23,,746.76,,False,0,2025-06-30 23:17:01
a3cafe,N3431R  ,United States,1751325262.0,1751325263,-117.6796,34.1141,457.2,False,28.37,247.62,-2.28,,426.72,0715,False,0,2025-06-30 23:17:01
a82449,N6234C  ,United States,1751325413.0,1751325413,-97.3962,38.8134,1036.32,False,46.82,270.63,-0.98,,1066.8,,False,0,2025-06-30 23:17:01
a6e441,AVL121  ,United States,1751325418.0,1751325419,-77.7221,38.6646,929.64,False,44.4,259.99,0.33,,937.26,,False,0,2025-06-30 23:17:01
a4eae7,KOW416  ,United States,1751325420.0,1751325420,-75.389,39.0555,10340.34,False,249.42,213.13,4.55,,10942.32,2720,False,0,2025-06-30 23:17:01
ac1563,N878PR  ,United States,1751325420.0,1751325420,-95.5945,43.929,7924.8,False,143.66,70.98,7.15,,8191.5,0124,False,0,2025-06-30 23:17:01
a70463,DAL1150 ,United States,1751325421.0,1751325421,-81.41,30.5261,10066.02,False,222.85,358.28,0.0,,10622.28,7337,False,0,2025-06-30 23:17:01
ad2218,N9450E  ,United States,1751325420.0,1751325421,-119.2255,34.2419,1981.2,False,70.03,357.47,-10.73,,2026.92,4332,False,0,2025-06-30 23:17:01
ad4873,AAL1184 ,United States,1751325420.0,1751325420,-87.1611,41.9626,2964.18,False,143.31,285.83,-5.53,,3070.86,3407,False,0,2025-06-30 23:17:01
ac5bf6,DAL2312 ,United States,1751325421.0,1751325421,-79.9288,38.975,10058.4,False,245.88,66.71,0.33,,10652.76,2224,False,0,2025-06-30 23:17:01
4bb145,THY5KM  ,Turkey,1751325421.0,1751325421,-89.8327,34.3578,10972.8,False,244.84,225.77,0.0,,11650.98,6023,False,0,2025-06-30 23:17:01
c013d4,AKT162  ,Canada,1751325323.0,1751325323,-73.7457,45.4614,,True,4.12,303.75,,,,,False,0,2025-06-30 23:17:01
a9edb0,NKS2562 ,United States,1751325342.0,1751325350,-78.4781,30.6822,10066.02,False,225.97,7.98,0.33,,10599.42,7420,False,0,2025-06-30 23:17:01
ad7bdf,SWA4119 ,United States,1751325420.0,1751325421,-86.3185,35.1318,12496.8,False,228.69,152.97,0.0,,13182.6,4042,False,0,2025-06-30 23:17:01
c05c86,,Canada,1751325241.0,1751325241,-73.7558,45.4558,,True,0.0,154.69,,,,,False,0,2025-06-30 23:17:01
a37afc,N323RR  ,United States,1751325420.0,1751325420,-118.1992,34.4293,5509.26,False,186.54,104.53,13.33,,5775.96,2033,False,0,2025-06-30 23:17:01
a3a9a3,DAL1817 ,United States,1751325421.0,1751325421,-93.0435,44.5792,4320.54,False,206.32,118.93,13.33,,4442.46,,False,0,2025-06-30 23:17:01
abf57a,N87RF   ,United States,1751325420.0,1751325420,-69.7208,43.9562,350.52,False,58.1,230.39,5.2,,342.9,,False,0,2025-06-30 23:17:01
ad3581,JBU58   ,United States,1751325421.0,1751325421,-75.7826,37.3958,10683.24,False,233.27,15.48,-0.33,,11300.46,0741,False,0,2025-06-30 23:17:01
a37af8,AAL505  ,United States,1751325203.0,1751325203,-80.3297,25.7854,68.58,False,79.82,87.41,-3.9,,121.92,,False,0,2025-06-30 23:17:01
a7addf,N594SM  ,United States,1751325420.0,1751325420,-97.1821,32.9093,601.98,False,53.86,162.78,0.0,,586.74,7143,False,0,2025-06-30 23:17:01
a7045b,JIA5655 ,United States,1751325421.0,1751325421,-88.4482,37.8622,10668.0,False,256.07,82.96,0.0,,11300.46,6513,False,0,2025-06-30 23:17:01
a83782,UAL2674 ,United States,1751325420.0,1751325420,-91.3708,34.9076,9753.6,False,223.4,210.28,0.0,,10347.96,5613,False,0,2025-06-30 23:17:01
aa1be0,AAL1803 ,United States,1751325419.0,1751325419,-97.0488,32.9139,,True,0.19,0.0,,,,,False,0,2025-06-30 23:17:01
a83787,UAL2012 ,United States,1751325235.0,1751325236,-99.4574,40.0838,9753.6,False,217.43,307.79,0.0,,10248.9,2453,False,0,2025-06-30 23:17:01
a239de,CXK454  ,United States,1751325420.0,1751325421,-96.2992,33.1524,967.74,False,42.56,116.57,0.33,,998.22,6766,False,0,2025-06-30 23:17:01
a106d5,VTE3757 ,United States,1751325420.0,1751325421,-83.052,35.9828,7010.4,False,231.15,118.73,-0.33,,7475.22,5175,False,0,2025-06-30 23:17:01
a0e6c6,UAL2218 ,United States,1751325420.0,1751325420,-84.2784,34.39,9448.8,False,239.32,72.23,-11.38,,10035.54,5603,False,0,2025-06-30 23:17:01
a69424,ASA819  ,United States,1751325420.0,1751325421,-71.8185,43.0282,6377.94,False,209.02,301.62,10.08,,6652.26,1325,False,0,2025-06-30 23:17:01
a239e0,UAL1410 ,United States,1751325338.0,1751325341,-81.2996,25.0898,8214.36,False,241.67,263.77,8.13,,8679.18,,False,0,2025-06-30 23:17:01
ad3585,JSX761  ,United States,1751325324.0,1751325352,-113.1013,38.9673,10058.4,False,223.91,197.1,0.33,,10591.8,3705,True,0,2025-06-30 23:17:01
c05c0e,WJA1223 ,Canada,1751325420.0,1751325421,-78.111,33.0151,11277.6,False,223.46,7.14,0.0,,11894.82,5712,False,0,2025-06-30 23:17:01
a359c2,DAL2115 ,United States,1751325420.0,1751325420,-95.1553,30.0071,838.2,False,89.0,269.67,-4.88,,899.16,1702,False,0,2025-06-30 23:17:01
a3ddfc,N3484T  ,United States,1751325406.0,1751325407,-97.8622,36.7652,2011.68,False,56.1,271.58,-1.63,,2065.02,,False,0,2025-06-30 23:17:01
a13c43,SKW3465 ,United States,1751325420.0,1751325420,-119.9317,34.9018,10698.48,False,228.08,315.27,7.15,,11224.26,,False,0,2025-06-30 23:17:01
4bb187,THY83J  ,Turkey,1751325421.0,1751325421,-88.2285,40.5359,11582.4,False,221.31,227.07,-0.33,,12176.76,6377,False,0,2025-06-30 23:17:01
a359bc,DAL1478 ,United States,1751325421.0,1751325421,-85.0624,36.1513,8343.9,False,232.26,348.24,3.58,,8846.82,7622,False,0,2025-06-30 23:17:01
a4fddb,RPA4500 ,United States,1751325421.0,1751325421,-70.2553,43.5722,9753.6,False,222.03,253.58,0.0,,10241.28,3674,False,0,2025-06-30 23:17:01
a5611d,N446CD  ,United States,1751325420.0,1751325421,-91.8526,41.65,1066.8,False,68.47,272.15,0.0,,1082.04,,False,0,2025-06-30 23:17:01
a69447,N523CB  ,United States,1751325418.0,1751325418,-118.3691,34.1979,251.46,False,54.04,91.64,-3.25,,205.74,3753,False,0,2025-06-30 23:17:01
a9db95,N734TE  ,United States,1751325421.0,1751325421,-117.3721,33.2026,350.52,False,53.08,123.54,3.58,,281.94,,False,0,2025-06-30 23:17:01
a4ead3,N416EE  ,United States,1751325420.0,1751325420,-84.4699,42.0091,3383.28,False,104.37,128.4,0.33,,3482.34,,False,0,2025-06-30 23:17:01
a82427,N6233D  ,United States,1751325420.0,1751325421,-118.2617,34.0626,472.44,False,42.6,227.45,1.63,,419.1,4765,False,0,2025-06-30 23:17:01
a2bf05,CXK217  ,United States,1751325420.0,1751325421,-79.034,35.7791,678.18,False,40.9,140.1,-0.33,,685.8,,False,0,2025-06-30 23:17:01
c013b7,PSC372  ,Canada,1751325276.0,1751325282,-70.5322,46.9724,2171.7,False,143.32,71.37,-0.33,,2164.08,,False,0,2025-06-30 23:17:01
aa1ba3,SKW4990 ,United States,1751325420.0,1751325420,-85.624,39.2657,10668.0,False,246.33,120.64,0.0,,11285.22,6574,False,0,2025-06-30 23:17:01
a01c34,N106NK  ,United States,1751324336.0,1751325385,-96.5351,33.754,1303.02,False,58.0,6.62,-2.28,,1280.16,,False,0,2025-06-30 23:17:01
a01c37,AAL118  ,United States,1751325413.0,1751325413,-73.7929,40.6397,,True,0.0,300.94,,,,3241,False,0,2025-06-30 23:17:01
a14f46,CXK521  ,United States,1751325404.0,1751325416,-97.2903,33.3653,1013.46,False,52.29,74.6,-1.3,,1036.32,,False,0,2025-06-30 23:17:01
a6810d,VOI5592 ,United States,1751325403.0,1751325404,-100.1181,25.7827,,True,3.6,11.25,,,,,False,0,2025-06-30 23:17:01
a213bd,ATN3338 ,United States,1751325122.0,1751325357,-112.0044,33.4408,419.1,False,76.65,270.0,0.0,,327.66,2364,False,0,2025-06-30 23:17:01
a1f3c5,MXY812  ,United States,1751325129.0,1751325132,-87.2538,37.8547,2087.88,False,136.98,341.16,-8.13,,2171.7,4241,False,0,2025-06-30 23:17:01
a586b0,SWA1669 ,United States,1751325392.0,1751325392,-108.7143,35.5235,12192.0,False,228.39,229.38,0.0,,12847.32,,False,0,2025-06-30 23:17:01
ab4ea9,CMB548  ,United States,1751325420.0,1751325420,-79.4833,38.0453,9448.8,False,245.73,57.31,-0.33,,10005.06,1166,False,0,2025-06-30 23:17:01
a50c11,N424SF  ,United States,1751325421.0,1751325421,-111.5607,33.1724,845.82,False,36.31,339.25,0.33,,777.24,,False,0,2025-06-30 23:17:01
ac2813,SWA3480 ,United States,1751325420.0,1751325421,-77.7895,36.9486,7620.0,False,254.01,34.69,0.0,,8084.82,6431,False,0,2025-06-30 23:17:01
a609d4,UAL8140 ,United States,1751325412.0,1751325412,-74.166,40.6992,,True,0.0,28.12,,,,,False,0,2025-06-30 23:17:01
a26f79,HBAL756 ,United States,1751325420.0,1751325420,-96.9498,43.5759,19446.24,False,1.63,161.57,0.0,,20406.36,3226,True,0,2025-06-30 23:17:01
a3a9fb,UWD35   ,United States,1751325390.0,1751325390,-80.2656,40.1381,441.96,False,72.29,265.1,-4.55,,434.34,,False,0,2025-06-30 23:17:01
a7f171,N6102W  ,United States,1751325420.0,1751325420,-104.6061,38.948,4434.84,False,57.76,250.76,3.9,,4693.92,,False,0,2025-06-30 23:17:01
a8116a,N619NS  ,United States,1751325421.0,1751325421,-80.9112,29.0463,1173.48,False,55.37,318.01,-3.9,,1242.06,0153,False,0,2025-06-30 23:17:01
ad4803,N955JA  ,United States,1751325420.0,1751325420,-116.9505,32.8076,381.0,False,44.47,41.25,-1.63,,342.9,,False,0,2025-06-30 23:17:01
a1f3b5,AMF1531 ,United States,1751325414.0,1751325415,-70.3831,43.9536,1531.62,False,75.36,218.9,9.43,,1554.48,,False,0,2025-06-30 23:17:01
a37c1c,JBU1579 ,United States,1751325421.0,1751325421,-80.226,26.1506,868.68,False,104.43,270.0,0.0,,937.26,1444,False,0,2025-06-30 23:17:01
ab4ec6,NCR112  ,United States,1751325420.0,1751325420,-77.9216,36.9124,8846.82,False,195.46,68.7,-0.65,,9395.46,2065,False,0,2025-06-30 23:17:01
4bb199,THY31K  ,Turkey,1751325420.0,1751325420,-83.9674,34.2123,3977.64,False,165.32,197.19,-2.6,,4198.62,3126,False,0,2025-06-30 23:17:01
4bb196,THY41Y  ,Turkey,1751325358.0,1751325358,-69.8862,48.5551,11269.98,False,270.03,61.43,0.0,,11704.32,5330,False,0,2025-06-30 23:17:01
ad4810,N955JP  ,United States,1751325421.0,1751325421,-72.5539,41.4618,906.78,False,65.48,98.13,0.0,,914.4,1200,False,0,2025-06-30 23:17:01
ac2836,SWA2576 ,United States,1751325420.0,1751325420,-89.6891,41.1431,4777.74,False,181.54,97.33,-5.2,,4968.24,2622,False,0,2025-06-30 23:17:01
a62c1a,SWA4113 ,United States,1751325420.0,1751325420,-97.414,35.4725,2232.66,False,143.41,61.5,24.06,,2301.24,,False,0,2025-06-30 23:17:01
a5e9f4,EDV5038 ,United States,1751325411.0,1751325419,-73.879,40.7797,,True,0.0,28.12,,,,,False,0,2025-06-30 23:17:01
a50c3e,UAL3916 ,United States,1751325420.0,1751325420,-104.6593,39.9263,1920.24,False,90.03,180.65,-5.85,,2026.92,1027,False,0,2025-06-30 23:17:01
a7f140,NGF6845 ,United States,1751325420.0,1751325420,-119.0057,35.0523,5791.2,False,117.15,136.07,0.0,,6035.04,6306,False,0,2025-06-30 23:17:01
a56198,N446HB  ,United States,1751325420.0,1751325420,-92.7544,45.1734,1356.36,False,73.37,292.25,0.0,,1348.74,3622,False,0,2025-06-30 23:17:01
a466fc,FFT1100 ,United States,1751325416.0,1751325421,-85.399,33.1139,6926.58,False,221.16,78.32,-13.0,,7338.06,0757,False,0,2025-06-30 23:17:01
ab4eeb,DAL904  ,United States,1751325421.0,1751325421,-84.248,33.6521,922.02,False,98.69,247.31,-4.88,,960.12,3232,False,0,2025-06-30 23:17:01
a320c1,EJA300  ,United States,1751325218.0,1751325218,-115.1704,36.0808,,True,2.31,168.75,,,,3266,False,0,2025-06-30 23:17:01
a4ff16,N54346  ,United States,1751325421.0,1751325421,-80.1444,25.7381,213.36,False,37.51,42.22,1.63,,228.6,,False,0,2025-06-30 23:17:01
aa7288,AAL1111 ,United States,1751325420.0,1751325420,-90.906,35.7342,10972.8,False,224.19,237.37,0.0,,11612.88,6322,False,0,2025-06-30 23:17:01
ab3bca,N8228S  ,United States,1751325418.0,1751325419,-81.2401,34.0379,723.9,False,48.68,324.46,1.3,,723.9,,False,0,2025-06-30 23:17:01
a25c6e,ENY3342 ,United States,1751325420.0,1751325421,-80.3609,25.7841,213.36,False,68.52,86.99,-2.93,,251.46,,False,0,2025-06-30 23:17:01
ad8ecf,N973AE  ,United States,1751325420.0,1751325420,-110.8925,32.2023,1021.08,False,55.75,41.63,0.0,,975.36,,False,0,2025-06-30 23:17:01
a68198,N51800  ,United States,1751325122.0,1751325417,-96.2379,33.5922,899.16,False,57.98,332.53,0.0,,899.16,,False,0,2025-06-30 23:17:01
ac1547,AAL2393 ,United States,1751325420.0,1751325420,-79.2236,25.4675,7078.98,False,220.55,105.56,7.8,,7475.22,,False,0,2025-06-30 23:17:01
ab9238,N8448U  ,United States,1751325420.0,1751325420,-80.5303,34.9815,762.0,False,49.77,262.87,-0.65,,754.38,,False,0,2025-06-30 23:17:01
ac287c,SWA2924 ,United States,1751325421.0,1751325421,-123.1805,42.185,11277.6,False,217.78,172.81,-0.65,,11795.76,,False,0,2025-06-30 23:17:01
a81166,JIA5143 ,United States,1751325421.0,1751325421,-94.9406,33.8732,7307.58,False,229.41,249.25,-0.33,,7764.78,2174,False,0,2025-06-30 23:17:01
a9a75b,N721AZ  ,United States,1751325420.0,1751325420,-78.573,37.9675,13716.0,False,241.54,82.04,-0.33,,14363.7,1051,False,0,2025-06-30 23:17:01
a466d2,DAL2946 ,United States,1751325420.0,1751325420,-96.4709,44.695,10675.62,False,252.14,91.29,0.0,,11018.52,6020,False,0,2025-06-30 23:17:01
acbf63,AAL2388 ,United States,1751325420.0,1751325420,-80.0867,37.8432,11277.6,False,237.49,85.15,-0.33,,11940.54,2312,False,0,2025-06-30 23:17:01
ac13d6,SWA1960 ,United States,1751325404.0,1751325404,-76.674,39.1814,,True,0.0,143.44,,,,,False,0,2025-06-30 23:17:01
acbf60,NKS354  ,United States,1751325420.0,1751325421,-79.5677,25.8269,2247.9,False,151.61,292.13,-8.13,,2392.68,,False,0,2025-06-30 23:17:01
a8bc34,FFT3211 ,United States,1751325420.0,1751325420,-102.0386,32.0182,10972.8,False,229.94,308.46,0.0,,11650.98,6250,False,0,2025-06-30 23:17:01
c01455,AN158   ,Canada,1751325420.0,1751325420,-123.3658,48.6599,396.24,False,55.65,283.91,-4.23,,396.24,,False,0,2025-06-30 23:17:01
abf3b8,SWA1702 ,United States,1751325421.0,1751325421,-85.6533,38.7811,10972.8,False,219.77,268.26,0.0,,11590.02,3737,False,0,2025-06-30 23:17:01
ac6f8a,DAL1660 ,United States,1751325420.0,1751325420,-91.0405,37.8734,11277.6,False,244.6,106.87,0.0,,11910.06,1117,False,0,2025-06-30 23:17:01
a560f4,AAL3046 ,United States,1751325421.0,1751325421,-94.5292,33.3613,10355.58,False,229.22,258.74,0.0,,10988.04,5757,False,0,2025-06-30 23:17:01
a0851b,ABX3131 ,United States,1751325420.0,1751325420,-90.7879,41.542,10363.2,False,205.17,241.06,0.33,,10828.02,3056,False,0,2025-06-30 23:17:01
a8cf70,NKS2597 ,United States,1751325420.0,1751325420,-79.4484,36.1892,9509.76,False,234.38,36.97,-5.2,,10104.12,2145,False,0,2025-06-30 23:17:01
a680c8,N518SS  ,United States,1751325420.0,1751325421,-73.3328,42.4373,8854.44,False,196.53,359.25,4.23,,9342.12,2225,False,0,2025-06-30 23:17:01
ac00b1,SWA1116 ,United States,1751325211.0,1751325212,-92.5672,27.6355,10866.12,False,237.5,317.99,-4.88,,11551.92,,False,0,2025-06-30 23:17:01
a98c12,N714MX  ,United States,1751325405.0,1751325405,-80.2522,34.766,1363.98,False,61.63,232.46,0.0,,1386.84,,False,0,2025-06-30 23:17:01
a0980d,N13731  ,United States,1751325421.0,1751325421,-87.2121,34.7595,1737.36,False,43.03,297.79,1.3,,1783.08,,False,0,2025-06-30 23:17:01
ac6f9c,N900EM  ,United States,1751325421.0,1751325421,-115.2608,33.1843,11323.32,False,247.07,358.09,-4.88,,12009.12,,False,0,2025-06-30 23:17:01
a09829,N1374U  ,United States,1751325420.0,1751325420,-76.099,36.5649,944.88,False,46.43,21.45,-1.63,,967.74,1200,False,0,2025-06-30 23:17:01
a74c93,N57FF   ,United States,1751325421.0,1751325421,-105.0319,40.036,1973.58,False,45.11,44.08,0.98,,2080.26,,False,0,2025-06-30 23:17:01
a8cf3a,N667LF  ,United States,1751325420.0,1751325420,-116.8752,47.6615,1516.38,False,120.54,357.06,-1.63,,1577.34,,False,0,2025-06-30 23:17:01
a9b9e3,AAL81   ,United States,1751325420.0,1751325420,-81.2722,40.3837,10972.8,False,228.92,243.43,0.0,,11590.02,5553,False,0,2025-06-30 23:17:01
a8bc29,FDX1366 ,United States,1751325418.0,1751325420,-111.0299,34.8682,11574.78,False,240.69,262.63,0.0,,12260.58,,False,0,2025-06-30 23:17:01
484f71,KLM211  ,Kingdom of the Netherlands,1751325421.0,1751325421,-71.2281,42.5872,11277.6,False,248.44,28.85,0.0,,11879.58,6242,False,0,2025-06-30 23:17:01
ac00d6,SWA2365 ,United States,1751325421.0,1751325421,-116.6606,32.7907,2804.16,False,141.95,220.44,-7.8,,2941.32,3216,False,0,2025-06-30 23:17:01
aa1c48,FDY395  ,United States,1751325421.0,1751325421,-78.8035,40.5537,3078.48,False,95.67,8.35,-0.33,,3192.78,7701,False,0,2025-06-30 23:17:01
a09884,N1377E  ,United States,1751325106.0,1751325116,-87.2493,45.1097,617.22,False,48.57,53.62,-1.63,,533.4,,False,0,2025-06-30 23:17:01
40688c,BAW7D   ,United Kingdom,1751325332.0,1751325332,-112.7802,38.9848,12192.0,False,246.44,203.89,-0.33,,12832.08,3054,False,0,2025-06-30 23:17:01
abe0bb,SWA2206 ,United States,1751325421.0,1751325421,-118.0754,33.755,502.92,False,76.76,314.19,-0.33,,464.82,7274,False,0,2025-06-30 23:17:01
a716cb,N556MC  ,United States,1751325420.0,1751325421,-116.7364,47.7132,1813.56,False,84.8,343.43,-0.65,,1882.14,,False,0,2025-06-30 23:17:01
a8cf36,N667LB  ,United States,1751325420.0,1751325420,-117.2198,32.8352,822.96,False,41.2,285.95,2.93,,800.1,,False,0,2025-06-30 23:17:01
a703c1,GJS4527 ,United States,1751325420.0,1751325420,-79.1428,37.9404,9121.14,False,232.23,248.15,3.9,,9669.78,6542,False,0,2025-06-30 23:17:01
a87f51,AAL602  ,United States,1751325420.0,1751325421,-90.3421,38.8804,9144.0,False,229.56,259.67,-0.33,,9700.26,4072,False,0,2025-06-30 23:17:01
a716ee,JIA5135 ,United States,1751325420.0,1751325420,-86.4592,32.966,9441.18,False,229.83,65.96,-0.33,,10005.06,4623,False,0,2025-06-30 23:17:01
a08547,N1322K  ,United States,1751325419.0,1751325421,-122.1128,37.4581,,True,0.32,75.94,,,,,False,0,2025-06-30 23:17:01
ad20f4,AAL627  ,United States,1751325421.0,1751325421,-81.9295,36.6132,7459.98,False,206.77,151.14,-5.2,,7901.94,6737,False,0,2025-06-30 23:17:01
a50c7c,SWA2587 ,United States,1751325420.0,1751325420,-108.8095,31.8762,10668.0,False,248.0,90.95,0.0,,11277.6,1073,False,0,2025-06-30 23:17:01
ab081e,N81MH   ,United States,1751325353.0,1751325353,-72.6566,41.749,182.88,False,39.16,99.83,-3.58,,152.4,7005,False,0,2025-06-30 23:17:01
ac018c,,United States,1751325420.0,1751325420,-102.6354,36.9352,7315.2,False,225.09,348.66,-0.33,,,,False,0,2025-06-30 23:17:01
ab06a1,N8097H  ,United States,1751325421.0,1751325421,-97.3801,32.8772,640.08,False,41.98,143.97,-2.28,,617.22,,False,0,2025-06-30 23:17:01
a51ed1,UAL1061 ,United States,1751325420.0,1751325420,-110.4988,36.954,10355.58,False,232.03,231.3,-0.65,,10972.8,3233,False,0,2025-06-30 23:17:01
a2aba2,N271QS  ,United States,1751325284.0,1751325284,-82.8678,39.9913,297.18,False,61.32,273.37,-3.25,,251.46,5755,False,0,2025-06-30 23:17:01
a2022f,N2288F  ,United States,1751325417.0,1751325420,-95.4959,29.5205,2712.72,False,49.62,199.37,0.33,,2819.4,4627,False,0,2025-06-30 23:17:01
a34878,SKW3894 ,United States,1751325408.0,1751325416,-111.9967,33.4321,,True,7.72,90.0,,,,,False,0,2025-06-30 23:17:01
ab06b7,N80975  ,United States,1751325415.0,1751325415,-80.0972,26.1782,182.88,False,41.57,130.99,-3.25,,213.36,,False,0,2025-06-30 23:17:01
a6e507,N543WB  ,United States,1751325421.0,1751325421,-118.7363,34.031,944.88,False,50.42,261.79,-1.63,,914.4,,False,0,2025-06-30 23:17:01
a4a538,TCN399  ,United States,1751325421.0,1751325421,-85.038,39.3243,2773.68,False,152.18,85.73,-8.13,,2872.74,3251,False,0,2025-06-30 23:17:01
ab19df,SCX1908 ,United States,1751325420.0,1751325420,-92.6386,42.5081,8534.4,False,213.55,334.61,0.0,,8862.06,1021,False,0,2025-06-30 23:17:01
a3484e,AAL358  ,United States,1751325421.0,1751325421,-81.9376,34.8585,5715.0,False,217.16,236.01,6.5,,6035.04,,False,0,2025-06-30 23:17:01
acbf02,N920JR  ,United States,1751325421.0,1751325421,-81.0554,29.5408,12496.8,False,172.06,14.37,0.33,,13129.26,7227,False,0,2025-06-30 23:17:01
a58873,AAL738  ,United States,1751325421.0,1751325421,-117.8157,33.6439,5844.54,False,219.24,91.61,8.13,,6149.34,4224,False,0,2025-06-30 23:17:01
a2bec7,SWA2101 ,United States,1751325203.0,1751325203,-90.2594,29.9912,,True,23.66,106.88,,,,1747,False,0,2025-06-30 23:17:01
a9dc5e,UAL1798 ,United States,1751325420.0,1751325421,-110.1635,32.4734,6697.98,False,205.75,303.89,-9.75,,7117.08,2576,False,0,2025-06-30 23:17:01
a0d561,AAL1792 ,United States,1751325266.0,1751325388,-89.2227,33.1137,10058.4,False,242.24,118.96,0.0,,10683.24,7075,False,0,2025-06-30 23:17:01
a5c51d,LFA459  ,United States,1751325420.0,1751325420,-81.278,28.5659,243.84,False,47.01,246.8,-3.9,,297.18,5541,False,0,2025-06-30 23:17:01
a0857b,N13232  ,United States,1751325421.0,1751325421,-72.1977,42.2438,883.92,False,58.46,6.06,0.65,,853.44,,False,0,2025-06-30 23:17:01
aaf9ea,,United States,1751325396.0,1751325401,-87.9094,41.9817,,True,0.45,236.25,,,,,False,0,2025-06-30 23:17:01
ab19fb,UAL1915 ,United States,1751325419.0,1751325419,-94.5007,31.0611,7399.02,False,231.0,33.83,7.8,,7840.98,2553,False,0,2025-06-30 23:17:01
ac13b3,SWA3254 ,United States,1751325352.0,1751325352,-104.7339,39.841,1577.34,False,86.94,90.34,-4.88,,1661.16,1754,False,0,2025-06-30 23:17:01
ac6f69,N900CL  ,United States,1751325094.0,1751325364,-77.7579,35.5693,838.2,False,53.03,219.09,0.0,,830.58,,False,0,2025-06-30 23:17:01
a45552,ATN3344 ,United States,1751325421.0,1751325421,-73.4939,40.444,1219.2,False,145.93,18.5,-0.33,,1242.06,1411,False,0,2025-06-30 23:17:01
a1e23a,ENY4086 ,United States,1751325419.0,1751325420,-107.532,32.0494,10668.0,False,235.96,94.88,-0.33,,11300.46,0713,False,0,2025-06-30 23:17:01
aa70dc,DPJ772  ,United States,1751325420.0,1751325421,-86.1654,41.7693,11742.42,False,228.93,89.87,9.1,,12352.02,6205,False,0,2025-06-30 23:17:01
ac26cf,RPA5888 ,United States,1751325420.0,1751325420,-81.8665,42.2045,10363.2,False,206.93,233.9,0.0,,10904.22,5763,False,0,2025-06-30 23:17:01
a4b827,DAL37   ,United States,1751325229.0,1751325230,-84.4261,33.6395,,True,0.0,90.0,,,,0563,False,0,2025-06-30 23:17:01
a44213,UAL552  ,United States,1751325420.0,1751325420,-92.1133,39.1883,10972.8,False,216.27,260.0,0.0,,11559.54,4352,False,0,2025-06-30 23:17:01
a44211,UAL2462 ,United States,1751325402.0,1751325420,-79.6207,43.6793,205.74,True,5.66,340.31,,,,0510,False,0,2025-06-30 23:17:01
ac6f6c,N900CP  ,United States,1751325421.0,1751325421,-88.3256,35.7756,2575.56,False,57.76,289.24,-0.65,,2720.34,6344,True,0,2025-06-30 23:17:01
a44214,UAL1423 ,United States,1751325421.0,1751325421,-83.9461,43.952,10363.2,False,210.46,281.42,0.0,,10843.26,1156,False,0,2025-06-30 23:17:01
ab3c61,DAL1736 ,United States,1751325421.0,1751325421,-84.417,32.7618,6781.8,False,226.37,179.35,9.43,,7185.66,7157,False,0,2025-06-30 23:17:01
a6d0ea,N5383D  ,United States,1751325420.0,1751325420,-118.799,34.0374,1249.68,False,58.36,95.06,1.63,,1264.92,,False,0,2025-06-30 23:17:01
a1e241,AAY568  ,United States,1751325421.0,1751325421,-120.3977,45.7319,7886.7,False,254.21,91.39,4.88,,8252.46,3537,False,0,2025-06-30 23:17:01
ac252a,SWA3645 ,United States,1751325421.0,1751325421,-101.0899,31.0594,10668.0,False,250.31,78.62,0.0,,11323.32,5351,False,0,2025-06-30 23:17:01
a5844a,N4547E  ,United States,1751325420.0,1751325420,-105.1624,40.1826,1645.92,False,48.1,302.33,0.98,,1706.88,,False,0,2025-06-30 23:17:01
ad4513,N954S   ,United States,1751325421.0,1751325421,-122.4301,37.4599,2156.46,False,98.45,165.17,0.0,,2209.8,3751,False,0,2025-06-30 23:17:01
a9b700,N725K   ,United States,1751325420.0,1751325420,-120.7799,37.3581,3223.26,False,61.9,285.42,0.0,,3368.04,1200,False,0,2025-06-30 23:17:01
ab1890,DAL1812 ,United States,1751325413.0,1751325413,-84.4286,33.6366,,True,10.8,90.0,,,,5736,False,0,2025-06-30 23:17:01
a9672c,ASA1279 ,United States,1751325420.0,1751325420,-118.9437,39.0492,10363.2,False,256.86,1.95,0.65,,10881.36,7612,False,0,2025-06-30 23:17:01
3965b0,AFR003  ,France,1751325420.0,1751325420,-68.651,43.6505,10668.0,False,256.54,56.53,0.0,,11201.4,2731,False,0,2025-06-30 23:17:01
a59799,N46DM   ,United States,1751325421.0,1751325421,-78.7979,35.838,472.44,False,71.0,143.55,2.6,,472.44,,False,0,2025-06-30 23:17:01
ac6bbf,N9P     ,United States,1751325410.0,1751325420,-112.6864,42.028,8267.7,False,256.82,44.84,0.0,,8694.42,,False,0,2025-06-30 23:17:01
ac6bd0,AXEL90  ,United States,1751325172.0,1751325172,-110.0392,39.5052,9753.6,False,251.69,336.89,-0.33,,10302.24,,False,0,2025-06-30 23:17:01
aa2bc2,UAL305  ,United States,1751325421.0,1751325421,-112.0757,35.4171,10668.0,False,245.98,108.28,0.0,,11277.6,,False,0,2025-06-30 23:17:01
a3311b,JBU349  ,United States,1751325420.0,1751325420,-80.9394,35.2458,10363.2,False,241.08,184.77,0.0,,10988.04,6025,False,0,2025-06-30 23:17:01
a83439,N628CT  ,United States,1751325420.0,1751325420,-90.7052,42.4049,,True,1.8,250.31,,,,,False,0,2025-06-30 23:17:01
c023c9,ACA062  ,Canada,1751325421.0,1751325421,-80.7034,44.5435,6355.08,False,182.24,145.23,-4.88,,6606.54,7462,False,0,2025-06-30 23:17:01
a9eb8f,N7383L  ,United States,1751325420.0,1751325420,-104.5758,39.7944,1638.3,False,34.99,126.03,-2.6,,1729.74,,False,0,2025-06-30 23:17:01
a0d166,,United States,1751325411.0,1751325418,-85.3039,43.6957,1158.24,False,51.65,174.86,0.0,,1104.9,,False,0,2025-06-30 23:17:01
a1f11d,AAY9202 ,United States,1751325421.0,1751325421,-82.1827,29.2608,5532.12,False,188.05,6.76,-4.23,,5867.4,0107,False,0,2025-06-30 23:17:01
aa2ba5,UAL755  ,United States,1751325421.0,1751325421,-92.8433,34.1189,10058.4,False,241.57,69.56,0.0,,10652.76,0547,False,0,2025-06-30 23:17:01
a22482,SWA586  ,United States,1751325132.0,1751325132,-112.0005,33.433,,True,10.29,5.62,,,,5000,False,0,2025-06-30 23:17:01
a0817f,UAL68   ,United States,1751325421.0,1751325421,-70.9295,44.5951,10668.0,False,247.59,41.04,0.0,,11186.16,2666,False,0,2025-06-30 23:17:01
aa2ba2,UAL8163 ,United States,1751325420.0,1751325420,-81.2097,29.6539,5920.74,False,197.04,175.81,-8.78,,6263.64,6517,False,0,2025-06-30 23:17:01
aa2ba1,UAL2338 ,United States,1751325420.0,1751325421,-95.8986,31.3453,8519.16,False,220.41,333.97,7.48,,9037.32,3550,False,0,2025-06-30 23:17:01
aa2ba4,UAL2862 ,United States,1751325420.0,1751325420,-103.7538,40.7417,10363.2,False,232.06,259.14,0.0,,10896.6,0002,False,0,2025-06-30 23:17:01
ac2567,AAL220  ,United States,1751325421.0,1751325421,-81.344,45.0815,11887.2,False,286.93,54.49,0.33,,12428.22,3416,False,0,2025-06-30 23:17:01
acced9,AAL844  ,United States,1751325420.0,1751325420,-86.6328,32.3133,10363.2,False,233.35,85.19,0.0,,10995.66,3620,False,0,2025-06-30 23:17:01
aae582,AAL3147 ,United States,1751325421.0,1751325421,-75.2959,38.304,6477.0,False,220.04,24.89,-10.73,,6858.0,7760,False,0,2025-06-30 23:17:01
a0d19e,AAL1863 ,United States,1751325420.0,1751325421,-77.4572,38.9481,,True,3.6,19.69,,,,2145,False,0,2025-06-30 23:17:01
a72706,N560BC  ,United States,1751325420.0,1751325420,-88.5635,31.2696,12489.18,False,208.04,101.7,0.0,,13197.84,3666,False,0,2025-06-30 23:17:01
a093a1,N136Y   ,United States,1751325420.0,1751325420,-97.1505,32.518,1249.68,False,63.27,100.3,5.2,,1287.78,,False,0,2025-06-30 23:17:01
3965aa,AFR5G   ,France,1751325420.0,1751325420,-72.745,41.5228,7665.72,False,240.44,48.12,8.78,,8077.2,2337,False,0,2025-06-30 23:17:01
a03f24,DAL580  ,United States,1751325421.0,1751325421,-94.047,33.0515,9745.98,False,241.94,78.59,3.25,,10355.58,3523,False,0,2025-06-30 23:17:01
c049e9,WJA1681 ,Canada,1751325420.0,1751325421,-73.5693,43.493,10363.2,False,227.27,341.52,0.33,,10888.98,2275,False,0,2025-06-30 23:17:01
a4b420,ASA778  ,United States,1751325420.0,1751325420,-115.7657,36.1487,5471.16,False,162.68,124.7,-7.8,,5783.58,,False,0,2025-06-30 23:17:01
a129b0,SKW3299 ,United States,1751325418.0,1751325418,-117.5407,47.6228,,True,0.0,98.44,,,,,False,0,2025-06-30 23:17:01
a4b423,VAR402  ,United States,1751325421.0,1751325421,-112.4957,33.1782,1668.78,False,61.48,135.34,2.93,,1706.88,4303,False,0,2025-06-30 23:17:01
a72747,N560DT  ,United States,1751325419.0,1751325420,-122.0509,37.9838,68.58,False,60.97,333.43,-4.23,,7.62,6605,False,0,2025-06-30 23:17:01
aad284,N797FA  ,United States,1751325421.0,1751325421,-84.6754,33.1683,876.3,False,52.69,152.68,-0.33,,906.78,,False,0,2025-06-30 23:17:01
acbbcc,OST7    ,United States,1751325176.0,1751325186,-97.0876,36.1891,556.26,False,41.7,2.12,0.65,,556.26,,False,0,2025-06-30 23:17:01
a4b42b,N402BC  ,United States,1751325402.0,1751325420,-120.6542,35.5989,2103.12,False,85.6,193.2,0.65,,2156.46,,False,0,2025-06-30 23:17:01
c036b1,WJA1789 ,Canada,1751325421.0,1751325421,-80.2136,35.7007,7696.2,False,219.97,257.85,7.48,,8161.02,,False,0,2025-06-30 23:17:01
ac259b,DAL489  ,United States,1751325420.0,1751325421,-120.6958,47.5452,7063.74,False,232.14,91.9,8.45,,7368.54,3526,False,0,2025-06-30 23:17:01
ad4584,SWA3137 ,United States,1751325420.0,1751325421,-100.0835,30.6508,11582.4,False,223.15,277.55,0.0,,12268.2,6057,False,0,2025-06-30 23:17:01
a2cf34,ENY3340 ,United States,1751325418.0,1751325418,-78.7235,26.474,8785.86,False,221.96,70.22,6.83,,9197.34,,False,0,2025-06-30 23:17:01
a3ef0c,N3523R  ,United States,1751325419.0,1751325420,-97.0307,32.7094,411.48,False,53.5,0.0,-0.98,,403.86,,False,0,2025-06-30 23:17:01
c02494,WJA1273 ,Canada,1751325420.0,1751325421,-81.6456,32.759,10668.0,False,233.91,319.55,0.0,,11300.46,3013,False,0,2025-06-30 23:17:01
accf9f,N92415  ,United States,1751325374.0,1751325379,-120.8775,37.6303,609.6,False,52.12,221.4,-0.98,,571.5,,False,0,2025-06-30 23:17:01
a99afb,NKS2462 ,United States,1751325421.0,1751325421,-98.9143,33.967,7513.32,False,221.24,89.07,-7.8,,7970.52,3301,False,0,2025-06-30 23:17:01
ae63e7,ROPER33 ,United States,1751325419.0,1751325420,-121.5097,39.3039,944.88,False,135.4,168.6,-5.53,,929.64,,False,0,2025-06-30 23:17:01
a9ead7,N738XG  ,United States,1751325420.0,1751325421,-84.7457,32.9773,1188.72,False,49.4,271.19,-0.65,,1249.68,,False,0,2025-06-30 23:17:01
a9411b,N696BB  ,United States,1751325420.0,1751325420,-72.7188,40.7626,419.1,False,72.56,251.82,0.0,,411.48,,False,0,2025-06-30 23:17:01
a4d9d8,SWA1823 ,United States,1751325421.0,1751325421,-85.8427,40.0671,7315.2,False,224.24,340.15,0.65,,7680.96,1620,False,0,2025-06-30 23:17:01
a0f6b9,SKW3816 ,United States,1751325421.0,1751325421,-96.7321,43.7735,2987.04,False,151.55,55.23,14.31,,3108.96,,False,0,2025-06-30 23:17:01
ae50ce,,United States,1751325400.0,1751325400,-79.8614,35.5864,403.86,False,50.79,146.15,0.0,,373.38,,False,0,2025-06-30 23:17:01
e80475,TAM8181 ,Chile,1751325420.0,1751325420,-72.0505,39.3659,7216.14,False,248.87,139.53,3.58,,7627.62,4073,False,0,2025-06-30 23:17:01
e80474,TAM8126 ,Chile,1751325421.0,1751325421,-81.0748,28.7807,2217.42,False,133.96,264.05,-6.18,,2346.96,4112,False,0,2025-06-30 23:17:01
a369be,ENY3385 ,United States,1751325420.0,1751325421,-84.8494,33.5333,9525.0,False,218.78,85.55,-6.18,,10111.74,0726,False,0,2025-06-30 23:17:01
4ac8a8,SAS935  ,Sweden,1751325420.0,1751325420,-122.2858,37.5813,434.34,False,86.31,298.09,-7.48,,411.48,7762,False,0,2025-06-30 23:17:01
a02c40,AAL16   ,United States,1751325421.0,1751325421,-80.543,42.2091,11285.22,False,256.62,102.5,0.0,,11879.58,3324,False,0,2025-06-30 23:17:01
e8046f,TAM8087 ,Chile,1751325257.0,1751325257,-101.8808,24.5765,10660.38,False,257.85,139.13,0.0,,11353.8,,False,0,2025-06-30 23:17:01
a4c6b3,ASA1006 ,United States,1751325421.0,1751325421,-120.0791,46.3631,9265.92,False,223.62,309.59,-10.4,,9677.4,,False,0,2025-06-30 23:17:01
aaf828,AA0013  ,United States,1751325380.0,1751325380,-87.9279,41.9785,,True,4.37,2.81,,,,,False,0,2025-06-30 23:17:01
a03f84,RPA4399 ,United States,1751325420.0,1751325420,-79.7159,36.976,6484.62,False,206.84,132.38,-4.88,,6880.86,4671,False,0,2025-06-30 23:17:01
ac3816,CAP487  ,United States,1751325421.0,1751325421,-117.0959,33.5723,739.14,False,58.44,9.63,1.95,,685.8,,False,0,2025-06-30 23:17:01
a9b775,JIA5292 ,United States,1751325420.0,1751325420,-96.4207,36.9109,10660.38,False,217.96,226.43,6.5,,11269.98,,False,0,2025-06-30 23:17:01
ab5eb2,SWA3186 ,United States,1751325420.0,1751325420,-90.2241,38.5912,10363.2,False,223.4,268.02,0.0,,10949.94,6520,False,0,2025-06-30 23:17:01
a9a419,FFT3479 ,United States,1751325420.0,1751325420,-76.2228,37.7941,9083.04,False,246.44,212.73,4.55,,9608.82,1672,False,0,2025-06-30 23:17:01
a69148,N522KL  ,United States,1751325420.0,1751325420,-83.6115,27.1966,7078.98,False,179.91,116.49,-5.2,,7482.84,4455,False,0,2025-06-30 23:17:01
ad5817,SWA1614 ,United States,1751325421.0,1751325421,-78.5177,29.1321,11277.6,False,232.63,4.18,0.0,,11811.0,1455,False,0,2025-06-30 23:17:01
a356f6,AAL2470 ,United States,1751325367.0,1751325401,-100.6914,37.0495,10668.0,False,248.63,92.02,0.0,,11254.74,,False,0,2025-06-30 23:17:01
a88ddb,N650MP  ,United States,1751325420.0,1751325420,-88.3857,35.9249,13106.4,False,230.72,235.81,0.33,,13799.82,6524,False,0,2025-06-30 23:17:01
aaf831,ASA1235 ,United States,1751325393.0,1751325393,-111.1489,42.7931,11277.6,False,241.96,109.63,-0.33,,11856.72,6667,False,0,2025-06-30 23:17:01
a4b48e,N402FB  ,United States,1751325420.0,1751325421,-99.7907,25.7749,5021.58,False,154.34,89.62,4.88,,5311.14,,False,0,2025-06-30 23:17:01
a5d481,N475JM  ,United States,1751325415.0,1751325416,-88.9421,31.4634,2720.34,False,91.18,147.21,0.0,,2865.12,,False,0,2025-06-30 23:17:01
a7277c,N560FW  ,United States,1751325420.0,1751325420,-102.6381,36.4851,12489.18,False,219.26,127.08,0.33,,13121.64,,False,0,2025-06-30 23:17:01
ac382e,DAL442  ,United States,1751325224.0,1751325224,-107.386,40.9131,10363.2,False,234.11,250.89,0.0,,10919.46,4135,False,0,2025-06-30 23:17:01
a9b755,NKS2398 ,United States,1751325420.0,1751325420,-94.8448,30.0063,1645.92,False,118.35,271.25,-2.28,,1744.98,1663,False,0,2025-06-30 23:17:01
ab4ba6,JBU1752 ,United States,1751325421.0,1751325421,-81.4262,26.989,8069.58,False,218.59,304.06,-14.31,,8572.5,4755,False,0,2025-06-30 23:17:01
a87ae9,N6455V  ,United States,1751325408.0,1751325420,-95.1288,38.7795,914.4,False,60.75,352.21,-1.3,,891.54,,False,0,2025-06-30 23:17:01
ac250b,SWA3102 ,United States,1751325421.0,1751325421,-97.6831,30.7021,10965.18,False,245.01,88.07,-11.38,,11673.84,0474,False,0,2025-06-30 23:17:01
ad5837,AAL2115 ,United States,1751325421.0,1751325421,-80.2305,25.7814,601.98,False,109.93,140.13,7.15,,647.7,,False,0,2025-06-30 23:17:01
abaeb2,SWA4357 ,United States,1751325420.0,1751325420,-104.7026,30.808,11277.6,False,239.3,108.55,-0.33,,11948.16,1066,False,0,2025-06-30 23:17:01
a2cf3b,AAY1231 ,United States,1751325420.0,1751325420,-87.9452,34.7318,10363.2,False,236.34,284.88,0.33,,11010.9,0726,False,0,2025-06-30 23:17:01
485f82,KLM642  ,Kingdom of the Netherlands,1751325421.0,1751325421,-68.313,46.7356,11269.98,False,275.87,46.81,-0.33,,11772.9,3364,False,0,2025-06-30 23:17:01
a02c7b,HER110  ,United States,1751325416.0,1751325416,-101.7893,38.3666,13106.4,False,253.19,302.3,-0.65,,13700.76,2176,False,0,2025-06-30 23:17:01
a489d9,N3917M  ,United States,1751325420.0,1751325420,-76.5378,35.9574,746.76,False,44.95,264.75,-0.65,,754.38,5374,False,0,2025-06-30 23:17:01
a02c94,DAL369  ,United States,1751325420.0,1751325420,-103.044,40.3492,10363.2,False,229.31,254.25,0.0,,10919.46,7405,False,0,2025-06-30 23:17:01
a02c91,DAL1404 ,United States,1751325421.0,1751325421,-78.4591,36.0816,11277.6,False,228.12,29.74,0.33,,11955.78,6714,False,0,2025-06-30 23:17:01
a369ee,AAL1051 ,United States,1751325420.0,1751325420,-85.3148,36.5834,11277.6,False,235.89,64.83,-0.33,,11948.16,1602,False,0,2025-06-30 23:17:01
a223c1,AAY3059 ,United States,1751325421.0,1751325421,-81.1383,31.721,6850.38,False,204.32,187.23,-4.88,,7269.48,1667,False,0,2025-06-30 23:17:01
a76f63,N5786Z  ,United States,1751325420.0,1751325420,-72.3228,41.6522,670.56,False,86.77,48.85,-2.28,,693.42,1200,False,0,2025-06-30 23:17:01
a26c9f,N2551U  ,United States,1751325281.0,1751325301,-84.3899,34.3231,518.16,False,36.1,319.04,-3.9,,541.02,3544,False,0,2025-06-30 23:17:01
ab5f87,SWA348  ,United States,1751325287.0,1751325290,-95.211,29.707,441.96,False,93.2,227.24,-1.95,,624.84,,False,0,2025-06-30 23:17:01
ab4c4b,EJA827  ,United States,1751325421.0,1751325421,-75.09,42.1764,5349.24,False,226.92,88.83,-10.08,,5562.6,0525,False,0,2025-06-30 23:17:01
a26c7a,N2550S  ,United States,1751325077.0,1751325134,-121.0741,36.4549,2339.34,False,75.11,173.31,-0.33,,2392.68,1200,False,0,2025-06-30 23:17:01
a2bc5a,UAL472  ,United States,1751325420.0,1751325421,-79.8216,28.9921,10058.4,False,230.35,43.46,0.0,,10576.56,1126,False,0,2025-06-30 23:17:01
ad56e0,JBU9    ,United States,1751325281.0,1751325281,-71.5084,38.2656,9448.8,False,249.53,176.22,0.0,,10005.06,1176,False,0,2025-06-30 23:17:01
a570d1,PRE45   ,United States,1751325421.0,1751325421,-106.3029,32.3653,13098.78,False,236.39,24.84,0.0,,13807.44,,False,0,2025-06-30 23:17:01
c06aaa,TSC567  ,Canada,1751325420.0,1751325420,-78.0508,33.0674,10668.0,False,222.26,3.98,0.0,,11269.98,6655,False,0,2025-06-30 23:17:01
a2cf7e,N280RM  ,United States,1751325420.0,1751325421,-118.493,34.1769,2506.98,False,154.95,357.91,24.38,,2606.04,,False,0,2025-06-30 23:17:01
a8df0d,N6707H  ,United States,1751325385.0,1751325385,-86.5869,34.9414,541.02,False,48.37,246.16,0.0,,533.4,,False,0,2025-06-30 23:17:01
aae3d7,N800WF  ,United States,1751325420.0,1751325420,-100.3309,43.8775,12192.0,False,193.34,273.81,0.33,,12664.44,2412,False,0,2025-06-30 23:17:01
a1f0b4,RPA5884 ,United States,1751325421.0,1751325421,-71.5766,42.5472,3611.88,False,138.16,105.33,-4.55,,3779.52,4163,False,0,2025-06-30 23:17:01
a76f6c,UAL714  ,United States,1751325300.0,1751325417,-87.8984,41.9723,,True,6.17,241.88,,,,0632,False,0,2025-06-30 23:17:01
ac36ef,SWA4018 ,United States,1751325420.0,1751325421,-118.3106,34.7832,11582.4,False,246.22,312.12,0.0,,12199.62,0741,False,0,2025-06-30 23:17:01
aae3e3,N800WT  ,United States,1751325421.0,1751325421,-111.6677,33.3449,914.4,False,97.79,19.67,6.83,,853.44,1200,False,0,2025-06-30 23:17:01
345109,IBE03SP ,Spain,1751325420.0,1751325421,-73.7344,40.6714,182.88,False,73.58,210.69,-3.9,,167.64,6005,False,0,2025-06-30 23:17:01
a52f57,ASI859  ,United States,1751325421.0,1751325421,-112.1644,32.9223,2773.68,False,61.05,20.73,-1.3,,2849.88,0324,False,0,2025-06-30 23:17:01
461f4f,FIN1    ,Finland,1751325420.0,1751325420,-116.4551,34.4344,9144.0,False,195.38,226.17,-0.65,,9639.3,6757,False,0,2025-06-30 23:17:01
adef60,N99725  ,United States,1751325420.0,1751325420,-81.8753,30.4416,579.12,False,38.58,180.0,0.0,,601.98,,False,0,2025-06-30 23:17:01
a4d9f6,N411XT  ,United States,1751325421.0,1751325421,-97.6598,30.1969,,True,10.8,354.38,,,,,False,0,2025-06-30 23:17:01
ab4c83,SCX295  ,United States,1751325420.0,1751325420,-118.518,45.7203,11582.4,False,212.51,265.84,0.0,,12077.7,,False,0,2025-06-30 23:17:01
a4c6af,AAL1659 ,United States,1751325420.0,1751325420,-106.5487,31.6029,10058.4,False,250.71,119.77,0.0,,10652.76,7740,False,0,2025-06-30 23:17:01
ad9f7f,AAL2947 ,United States,1751325421.0,1751325421,-81.0778,35.0927,1645.92,False,136.98,251.84,11.7,,1706.88,,False,0,2025-06-30 23:17:01
ad8c4c,AAL3161 ,United States,1751325420.0,1751325420,-78.9757,40.4428,10972.8,False,235.81,188.78,0.0,,11597.64,7015,False,0,2025-06-30 23:17:01
0d103d,,Mexico,1751325421.0,1751325421,-118.7663,35.3152,12496.8,False,199.49,149.47,0.33,,13174.98,7033,False,0,2025-06-30 23:17:01
a09533,AAL1373 ,United States,1751325420.0,1751325420,-80.0837,25.8271,3375.66,False,156.1,208.76,10.08,,3566.16,,False,0,2025-06-30 23:17:01
a8df06,DAL1413 ,United States,1751325420.0,1751325421,-83.5197,33.172,4221.48,False,181.79,275.03,-9.1,,4442.46,5215,False,0,2025-06-30 23:17:01
a3dc47,DAL449  ,United States,1751325421.0,1751325421,-113.8133,33.8034,10972.8,False,237.51,292.68,0.0,,11605.26,7463,False,0,2025-06-30 23:17:01
a4fc36,N420GA  ,United States,1751325420.0,1751325420,-112.1919,33.694,838.2,False,63.37,187.93,0.0,,792.48,,False,0,2025-06-30 23:17:01
a76f43,UAL250  ,United States,1751325242.0,1751325242,-100.8312,40.5836,10668.0,False,243.26,66.31,0.0,,11170.92,,False,0,2025-06-30 23:17:01
0d104d,XBCPE   ,Mexico,1751325420.0,1751325420,-116.9924,32.5254,396.24,False,40.16,182.2,0.33,,335.28,,False,0,2025-06-30 23:17:01
a3ef6e,N3526J  ,United States,1751325421.0,1751325421,-122.2445,47.864,464.82,False,51.7,185.71,-0.98,,472.44,,False,0,2025-06-30 23:17:01
a2bc9e,UAL620  ,United States,1751325416.0,1751325416,-77.4506,38.9423,,True,0.0,0.0,,,,,False,0,2025-06-30 23:17:01
c0371f,,Canada,1751325384.0,1751325384,-105.9195,48.7319,10988.04,False,202.89,287.56,0.0,,11399.52,,False,0,2025-06-30 23:17:01
a76f48,UAL1385 ,United States,1751325421.0,1751325421,-99.3731,39.8095,10058.4,False,274.75,95.05,0.0,,10584.18,7622,False,0,2025-06-30 23:17:01
a596e9,N4597S  ,United States,1751325119.0,1751325119,-111.9158,33.3042,457.2,False,45.27,179.35,-3.9,,342.9,1200,False,0,2025-06-30 23:17:01
ac23ef,SWA264  ,United States,1751325421.0,1751325421,-76.831,39.0761,929.64,False,113.58,291.8,0.0,,944.88,7255,False,0,2025-06-30 23:17:01
a1f0f1,N224MA  ,United States,1751325420.0,1751325420,-80.1315,26.334,579.12,False,49.0,184.21,0.65,,617.22,,False,0,2025-06-30 23:17:01
a5e6d7,N48GA   ,United States,1751325420.0,1751325421,-121.3287,38.121,2636.52,False,88.74,355.68,6.18,,2743.2,3210,False,0,2025-06-30 23:17:01
461f57,FIN20   ,Finland,1751325420.0,1751325420,-91.5818,39.25,11887.2,False,275.39,34.34,0.0,,12489.18,2323,False,0,2025-06-30 23:17:01
a22539,UAL2363 ,United States,1751325194.0,1751325194,-87.8925,42.0028,251.46,False,66.88,270.44,-4.23,,228.6,4375,False,0,2025-06-30 23:17:01
a23862,N242KV  ,United States,1751325421.0,1751325421,-84.9226,33.4023,13716.0,False,200.84,336.13,0.0,,14363.7,7763,False,0,2025-06-30 23:17:01
4063e6,VIR22Q  ,United Kingdom,1751325421.0,1751325421,-69.6581,43.0397,11277.6,False,244.27,53.56,0.0,,11856.72,3606,False,0,2025-06-30 23:17:01
0d1005,VOI1715 ,Mexico,1751325420.0,1751325421,-116.4586,32.1798,11277.6,False,233.02,130.97,0.0,,11925.3,7736,False,0,2025-06-30 23:17:01
a99c95,N7183Q  ,United States,1751325220.0,1751325234,-70.1537,44.8042,1127.76,False,60.28,27.44,-0.33,,1135.38,,False,0,2025-06-30 23:17:01
a0955b,N137BR  ,United States,1751325421.0,1751325421,-112.0876,34.0131,13685.52,False,222.97,152.37,2.93,,14394.18,7640,False,0,2025-06-30 23:17:01
a0822c,UCA4881 ,United States,1751325419.0,1751325420,-92.2137,31.3422,10363.2,False,223.36,251.61,-0.33,,10980.42,,False,0,2025-06-30 23:17:01
ad447d,N954L   ,United States,1751325420.0,1751325420,-103.839,39.6086,5981.7,False,226.45,117.9,10.08,,6332.22,,False,0,2025-06-30 23:17:01
ab5f00,SWA1053 ,United States,1751325420.0,1751325420,-96.8482,32.8469,,True,0.0,92.81,,,,,False,0,2025-06-30 23:17:01
a23844,RPA5699 ,United States,1751325420.0,1751325421,-77.1179,38.9324,617.22,False,71.93,147.56,-3.25,,617.22,1621,False,0,2025-06-30 23:17:01
461f08,FIN15   ,Finland,1751325385.0,1751325385,-73.7747,40.6358,,True,5.14,300.94,,,,6554,False,0,2025-06-30 23:17:01
abf17f,AAL2332 ,United States,1751325420.0,1751325420,-108.4475,36.0639,9448.8,False,241.08,57.9,0.33,,9982.2,4155,True,0,2025-06-30 23:17:01
addadb,JBU378  ,United States,1751325421.0,1751325421,-88.2376,34.8737,10675.62,False,233.79,79.6,0.0,,11315.7,6116,False,0,2025-06-30 23:17:01
a02bd0,N11WB   ,United States,1751325420.0,1751325420,-116.9294,34.4151,5227.32,False,154.97,225.27,-2.28,,5509.26,,False,0,2025-06-30 23:17:01
a14baa,N18287  ,United States,1751325418.0,1751325418,-117.4705,34.7005,3520.44,False,87.32,68.57,0.0,,3710.94,4710,False,0,2025-06-30 23:17:01
a4c849,SKW3429 ,United States,1751325420.0,1751325420,-120.7771,36.3837,9464.04,False,214.61,140.74,7.8,,9928.86,3253,False,0,2025-06-30 23:17:01
a700c3,SFY205  ,United States,1751325188.0,1751325188,-80.6325,27.8315,1211.58,False,32.08,74.18,-0.65,,1295.4,,False,0,2025-06-30 23:17:01
a7ac54,ASA862  ,United States,1751325275.0,1751325278,-122.3165,47.4594,,True,12.35,36.56,,,,,False,0,2025-06-30 23:17:01
c035f8,WJA2903 ,Canada,1751325420.0,1751325420,-72.0704,42.1941,11590.02,False,218.2,337.55,0.0,,12192.0,4135,False,0,2025-06-30 23:17:01
a570f1,N45NB   ,United States,1751325421.0,1751325421,-107.3416,37.2417,12192.0,False,218.02,264.72,0.0,,12824.46,,False,0,2025-06-30 23:17:01
a2bbac,UAL1911 ,United States,1751325420.0,1751325420,-95.1638,30.4055,4152.9,False,207.99,22.7,11.05,,4351.02,2020,False,0,2025-06-30 23:17:01
a9ff60,N743TH  ,United States,1751325420.0,1751325421,-122.2316,38.0671,1348.74,False,45.25,139.61,1.95,,1363.98,,False,0,2025-06-30 23:17:01
ac36a9,SWA2044 ,United States,1751325420.0,1751325420,-92.8545,33.2311,11277.6,False,251.68,52.47,0.0,,11948.16,2736,False,0,2025-06-30 23:17:01
ab4c15,AAL3017 ,United States,1751325419.0,1751325421,-77.9162,32.6287,10972.8,False,247.76,195.54,0.0,,11559.54,1656,False,0,2025-06-30 23:17:01
aa80c0,EJA776  ,United States,1751325420.0,1751325420,-120.8492,39.8182,12489.18,False,230.85,161.69,-0.65,,13075.92,2660,False,0,2025-06-30 23:17:01
ab5f43,SWA1974 ,United States,1751325419.0,1751325420,-85.1703,36.5675,10972.8,False,232.87,348.14,0.0,,11628.12,2252,False,0,2025-06-30 23:17:01
a700ac,DAL778  ,United States,1751325421.0,1751325421,-109.0357,37.7736,10668.0,False,241.83,67.09,0.0,,11254.74,,False,0,2025-06-30 23:17:01
a33222,ENY3816 ,United States,1751325420.0,1751325420,-96.6117,31.7724,6400.8,False,213.93,161.78,0.0,,6781.8,2334,False,0,2025-06-30 23:17:01
a9ec06,UAL1660 ,United States,1751325421.0,1751325421,-96.2256,42.7751,10363.2,False,205.83,275.88,0.0,,10774.68,3545,False,0,2025-06-30 23:17:01
ab03a4,DAL809  ,United States,1751325421.0,1751325421,-85.8719,35.0902,9547.86,False,243.52,141.6,-4.88,,10134.6,2540,False,0,2025-06-30 23:17:01
a34542,N31JB   ,United States,1751325389.0,1751325389,-120.5718,37.578,411.48,False,53.28,169.99,-2.93,,342.9,,False,0,2025-06-30 23:17:01
adb9a1,N9837L  ,United States,1751325413.0,1751325413,-95.0596,38.7676,640.08,False,43.88,4.71,-1.95,,632.46,,False,0,2025-06-30 23:17:01
a9ff49,SKW5584 ,United States,1751325419.0,1751325420,-103.3625,41.1836,8839.2,False,238.95,47.97,0.33,,9311.64,,False,0,2025-06-30 23:17:01
ab4c1d,DAL98   ,United States,1751325420.0,1751325420,-82.9156,40.8315,8046.72,False,255.7,39.78,3.25,,8465.82,4154,False,0,2025-06-30 23:17:01
a1057a,AAL1817 ,United States,1751325421.0,1751325421,-84.2604,36.0592,9509.76,False,244.19,295.05,2.93,,10081.26,2524,False,0,2025-06-30 23:17:01
a690ef,LXJ522  ,United States,1751325420.0,1751325420,-93.9565,34.0788,13045.44,False,220.96,248.27,-5.2,,13723.62,1272,False,0,2025-06-30 23:17:01
c06b68,PRO4371 ,Canada,1751325417.0,1751325417,-80.7949,46.6268,,True,7.72,109.69,,,,,False,0,2025-06-30 23:17:01
a0d236,N152GC  ,United States,1751325302.0,1751325302,-114.6111,36.0702,1188.72,False,54.65,93.78,-2.93,,1150.62,,False,0,2025-06-30 23:17:01
abaf30,VAR852  ,United States,1751325322.0,1751325326,-112.8472,33.5229,1036.32,False,56.98,219.87,-2.93,,1005.84,,False,0,2025-06-30 23:17:01
a7bf7c,N599GR  ,United States,1751325293.0,1751325293,-72.4771,41.4457,312.42,False,88.46,111.49,-5.85,,304.8,1200,False,0,2025-06-30 23:17:01
a8deb4,DAL1768 ,United States,1751325421.0,1751325421,-73.2947,39.7171,3307.08,False,195.43,309.77,-4.88,,3474.72,,False,0,2025-06-30 23:17:01
ada952,N98FK   ,United States,1751325420.0,1751325421,-92.5654,34.1055,9448.8,False,168.89,64.37,0.0,,10005.06,3623,False,0,2025-06-30 23:17:01
ad3302,N95HE   ,United States,1751325420.0,1751325420,-98.9529,38.5035,12496.8,False,232.88,86.83,0.0,,13106.4,2063,False,0,2025-06-30 23:17:01
a8484b,BYF31   ,United States,1751325420.0,1751325420,-121.4371,37.6857,,True,4.12,118.12,,,,5345,False,0,2025-06-30 23:17:01
aaf996,EJA806  ,United States,1751325420.0,1751325420,-111.7212,33.1069,9753.6,False,247.74,327.46,0.0,,10317.48,1663,False,0,2025-06-30 23:17:01
aa9679,RPA3465 ,United States,1751325421.0,1751325421,-87.7034,41.6227,3604.26,False,173.02,153.89,11.05,,3749.04,7257,False,0,2025-06-30 23:17:01
ab9024,EJA844  ,United States,1751325405.0,1751325410,-72.8836,41.2664,,True,0.0,33.75,,,,2257,False,0,2025-06-30 23:17:01
acbcbc,N92KK   ,United States,1751325269.0,1751325269,-72.7322,42.1749,281.94,False,44.2,129.81,-6.83,,251.46,,False,0,2025-06-30 23:17:01
a63bf4,SWA4674 ,United States,1751325421.0,1751325421,-96.6861,32.8177,1524.0,False,119.84,317.96,0.0,,1592.58,3413,False,0,2025-06-30 23:17:01
a3323d,DAL32   ,United States,1751325421.0,1751325421,-96.2588,32.8048,4884.42,False,204.25,82.91,6.5,,5151.12,7646,False,0,2025-06-30 23:17:01
a7288f,,United States,1751325400.0,1751325400,-112.0174,33.4251,,True,4.37,0.0,,,,,False,0,2025-06-30 23:17:01
ac267c,AAL1100 ,United States,1751325348.0,1751325348,-97.038,32.9078,,True,2.06,171.56,,,,,False,0,2025-06-30 23:17:01
a4b58e,N402RH  ,United States,1751325420.0,1751325420,-122.6372,45.2639,754.38,False,58.59,249.97,-4.88,,746.76,,False,0,2025-06-30 23:17:01
a2bbcc,UAL2665 ,United States,1751325420.0,1751325420,-101.902,42.2479,10668.0,False,251.58,98.23,0.0,,11170.92,,False,0,2025-06-30 23:17:01
a87bb9,N646CB  ,United States,1751325420.0,1751325420,-118.1158,33.8026,335.28,False,44.77,91.32,0.98,,297.18,,False,0,2025-06-30 23:17:01
a7287d,N560SC  ,United States,1751325366.0,1751325366,-86.6663,36.1185,,True,4.89,289.69,,,,1014,False,0,2025-06-30 23:17:01
a5d56b,N475TW  ,United States,1751325420.0,1751325420,-122.6702,45.7565,1996.44,False,89.57,351.08,5.85,,2072.64,,False,0,2025-06-30 23:17:01
accff2,N9244H  ,United States,1751325301.0,1751325301,-83.1349,42.1118,396.24,False,36.59,297.65,-1.95,,320.04,,False,0,2025-06-30 23:17:01
abf32f,SWA1796 ,United States,1751325421.0,1751325421,-77.3308,36.711,11582.4,False,242.14,234.25,0.0,,12237.72,7134,False,0,2025-06-30 23:17:01
4065de,BAW33K  ,United Kingdom,1751325346.0,1751325349,-73.7941,40.6516,,True,3.6,61.88,,,,3534,False,0,2025-06-30 23:17:01
aac03d,ENY3596 ,United States,1751325421.0,1751325421,-86.7975,41.6913,3688.08,False,186.13,352.86,0.33,,3825.24,6676,False,0,2025-06-30 23:17:01
abe00f,SWA2201 ,United States,1751325130.0,1751325130,-74.5439,24.9054,10965.18,False,240.95,319.85,0.0,,11544.3,,False,0,2025-06-30 23:17:01
ac136d,SWA4708 ,United States,1751325421.0,1751325421,-81.3527,28.6658,906.78,False,119.14,123.55,-2.93,,975.36,1047,False,0,2025-06-30 23:17:01
aad386,,United States,1751325418.0,1751325418,-117.1439,32.818,220.98,False,32.9,296.97,0.98,,175.26,,False,0,2025-06-30 23:17:01
aa2cb0,AVA031  ,United States,1751325421.0,1751325421,-79.9579,25.087,5128.26,False,200.31,162.82,8.78,,5433.06,,False,0,2025-06-30 23:17:01
a72832,N560PC  ,United States,1751325309.0,1751325309,-122.8534,45.7562,198.12,False,36.12,259.33,-6.5,,167.64,,False,0,2025-06-30 23:17:01
44ccc2,BEL52B  ,Belgium,1751325362.0,1751325362,-73.7957,40.6465,,True,5.4,326.25,,,,,False,0,2025-06-30 23:17:01
a3eefb,N35229  ,United States,1751325293.0,1751325293,-80.4359,25.6528,-38.1,False,24.71,87.61,0.0,,-15.24,,False,0,2025-06-30 23:17:01
a57229,AAL2356 ,United States,1751325421.0,1751325421,-84.0421,36.2826,10370.82,False,240.22,258.76,0.0,,11003.28,2634,False,0,2025-06-30 23:17:01
4078de,BAW291  ,United Kingdom,1751325420.0,1751325421,-77.3576,38.7595,1280.16,False,151.83,1.75,-4.88,,1325.88,5005,False,0,2025-06-30 23:17:01
44ccd0,BEL1BT  ,Belgium,1751325421.0,1751325421,-75.5578,39.486,7559.04,False,241.56,40.51,4.55,,7985.76,3316,False,0,2025-06-30 23:17:01
abe056,SWA2947 ,United States,1751325409.0,1751325409,-77.452,38.948,,True,3.34,0.0,,,,2136,False,0,2025-06-30 23:17:01
a9558b,N700LC  ,United States,1751325370.0,1751325371,-96.4367,30.677,708.66,False,97.58,94.84,-7.8,,716.28,4564,False,0,2025-06-30 23:17:01
a8359c,SKW5361 ,United States,1751325420.0,1751325420,-101.2958,31.5571,6865.62,False,200.29,105.04,5.2,,7277.1,,False,0,2025-06-30 23:17:01
ad31f0,N9497M  ,United States,1751325420.0,1751325420,-96.4004,33.1489,1059.18,False,73.64,82.78,1.63,,1089.66,1200,False,0,2025-06-30 23:17:01
a4c7b9,N407MD  ,United States,1751325420.0,1751325421,-84.4386,33.2315,883.92,False,51.26,328.54,0.33,,914.4,1200,False,0,2025-06-30 23:17:01
ac390f,AAL2398 ,United States,1751325420.0,1751325420,-114.9942,47.6649,10668.0,False,254.78,88.15,0.0,,11140.44,6601,False,0,2025-06-30 23:17:01
a38d0b,N328LJ  ,United States,1751325278.0,1751325278,-111.9098,33.6239,,True,3.86,303.75,,,,4414,False,0,2025-06-30 23:17:01
a9689b,N705RC  ,United States,1751325420.0,1751325420,-104.0583,39.7867,2354.58,False,121.81,337.66,1.95,,2499.36,,False,0,2025-06-30 23:17:01
a51d1b,AAL2831 ,United States,1751325420.0,1751325421,-86.2506,37.7445,10363.2,False,233.29,277.09,0.0,,10988.04,0445,False,0,2025-06-30 23:17:01
ab5faa,SWA3253 ,United States,1751325420.0,1751325421,-103.4793,39.5023,6629.4,False,237.3,110.16,7.8,,7018.02,,False,0,2025-06-30 23:17:01
a081a3,UCA4241 ,United States,1751325420.0,1751325421,-96.2614,31.1055,7345.68,False,210.54,152.5,-3.25,,7780.02,4151,False,0,2025-06-30 23:17:01
a6e28a,N5426F  ,United States,1751325381.0,1751325381,-80.4304,35.4094,388.62,False,49.52,156.1,-0.33,,388.62,,False,0,2025-06-30 23:17:01
a4529e,N378MH  ,United States,1751325421.0,1751325421,-91.7505,30.6418,7620.0,False,135.3,62.36,0.0,,8092.44,7065,False,0,2025-06-30 23:17:01
a02d5b,FFL599  ,United States,1751325420.0,1751325420,-103.5196,32.9962,9494.52,False,242.94,285.98,-8.45,,10050.78,1026,False,0,2025-06-30 23:17:01
a95596,N700LP  ,United States,1751325420.0,1751325420,-96.4532,33.1969,2209.8,False,142.41,243.62,-9.1,,2308.86,2676,False,0,2025-06-30 23:17:01
ab0633,N8094C  ,United States,1751325421.0,1751325421,-76.0349,42.4847,1882.14,False,69.63,171.93,-2.6,,1905.0,3761,False,0,2025-06-30 23:17:01
aaf93d,N806MC  ,United States,1751325421.0,1751325421,-83.523,42.9292,12496.8,False,188.56,276.74,0.33,,13075.92,1750,False,0,2025-06-30 23:17:01
a8def1,DAL3231 ,United States,1751325416.0,1751325419,-84.4242,33.638,,True,4.63,0.0,,,,4612,False,0,2025-06-30 23:17:01
a9687f,N705Q   ,United States,1751325389.0,1751325390,-84.538,42.4952,541.02,False,57.65,92.05,0.98,,480.06,,False,0,2025-06-30 23:17:01
ab1971,AAL2028 ,United States,1751325420.0,1751325420,-83.0518,34.7236,10668.0,False,230.36,71.24,-0.33,,11308.08,1062,False,0,2025-06-30 23:17:01
a83564,EJA628  ,United States,1751325421.0,1751325421,-76.4628,38.7157,8061.96,False,240.82,39.54,-12.68,,8511.54,3027,False,0,2025-06-30 23:17:01
ab1978,AAY2890 ,United States,1751325421.0,1751325421,-85.0242,33.0633,9448.8,False,230.95,151.09,0.33,,10027.92,1513,False,0,2025-06-30 23:17:01
a83569,QXE2290 ,United States,1751325421.0,1751325421,-123.1726,46.6526,8153.4,False,199.87,182.95,6.83,,8481.06,1670,False,0,2025-06-30 23:17:01
a224fa,UAL2194 ,United States,1751325419.0,1751325419,-92.069,30.0332,8869.68,False,222.63,84.83,-14.31,,9494.52,4664,False,0,2025-06-30 23:17:01
ab5fdd,AAL3175 ,United States,1751325405.0,1751325407,-84.442,33.6411,,True,0.0,284.06,,,,1535,True,0,2025-06-30 23:17:01
a9a52f,OST20   ,United States,1751325205.0,1751325205,-97.1009,36.126,502.92,False,51.45,90.57,-3.25,,495.3,,False,0,2025-06-30 23:17:01
a8ded6,DAL1927 ,United States,1751325415.0,1751325415,-88.3227,32.3738,9761.22,False,250.33,256.93,0.0,,10355.58,3512,False,0,2025-06-30 23:17:01
a14d78,SKW3297 ,United States,1751325420.0,1751325420,-122.1356,40.0145,10363.2,False,236.48,319.59,0.33,,10828.02,3232,False,0,2025-06-30 23:17:01
a37a25,N323HA  ,United States,1751325382.0,1751325382,-100.5256,43.2311,3215.64,False,96.84,98.86,7.15,,3375.66,,False,0,2025-06-30 23:17:01
a5c293,N470RB  ,United States,1751325420.0,1751325420,-118.3983,33.6777,1127.76,False,46.86,261.16,0.98,,1104.9,,False,0,2025-06-30 23:17:01
a8dee0,UAL170  ,United States,1751325251.0,1751325256,-74.1688,40.7009,,True,0.0,95.62,,,,,False,0,2025-06-30 23:17:01
a26d4a,N2556Q  ,United States,1751325420.0,1751325420,-118.0207,34.0513,457.2,False,66.21,22.38,-1.63,,464.82,,False,0,2025-06-30 23:17:01
ada922,N98DM   ,United States,1751325420.0,1751325420,-84.2995,40.2702,1371.6,False,92.46,236.58,-3.25,,1394.46,1713,False,0,2025-06-30 23:17:01
a9fec4,ENYMTX35,United States,1751325364.0,1751325364,-87.9279,41.9787,,True,3.86,0.0,,,,,False,0,2025-06-30 23:17:01
c07ee0,WJA1430 ,Canada,1751325285.0,1751325285,-118.4123,43.0851,11887.2,False,222.34,187.98,0.0,,12451.08,2141,False,0,2025-06-30 23:17:01
a691c0,CXK544  ,United States,1751325421.0,1751325421,-119.1409,34.251,304.8,False,52.88,19.32,-0.33,,289.56,0407,False,0,2025-06-30 23:17:01
a38d8f,AAL2250 ,United States,1751325421.0,1751325421,-79.5584,25.4265,4358.64,False,210.36,281.28,-5.2,,4610.1,,False,0,2025-06-30 23:17:01
ad57bb,SKW490Z ,United States,1751325419.0,1751325420,-106.858,39.8154,8823.96,False,199.26,228.03,2.93,,9334.5,3210,False,0,2025-06-30 23:17:01
a15fa4,AAY2310 ,United States,1751325421.0,1751325421,-111.4397,33.4295,2735.58,False,155.2,349.88,10.73,,2865.12,4112,False,0,2025-06-30 23:17:01
ab04f3,SCX394  ,United States,1751325421.0,1751325421,-94.2805,44.6648,5958.84,False,199.63,72.45,-4.88,,6149.34,3350,False,0,2025-06-30 23:17:01
a7ad0d,JBU1002 ,United States,1751325410.0,1751325410,-78.9303,26.7279,7254.24,False,225.05,64.55,5.2,,7627.62,,False,0,2025-06-30 23:17:01
aa1a26,ENY4040 ,United States,1751325421.0,1751325421,-87.4959,41.9876,1950.72,False,117.81,270.25,-6.18,,1996.44,6270,False,0,2025-06-30 23:17:01
a37a3f,JBU2184 ,United States,1751325421.0,1751325421,-71.6087,41.6343,3360.42,False,156.97,6.78,0.0,,3520.44,6277,False,0,2025-06-30 23:17:01
ab04fb,TRF509  ,United States,1751325420.0,1751325420,-96.3065,32.7329,632.46,False,46.83,125.61,0.65,,624.84,,False,0,2025-06-30 23:17:01
a6f4be,N5473R  ,United States,1751325421.0,1751325421,-95.7082,33.3226,1386.84,False,49.98,339.51,0.65,,1424.94,,False,0,2025-06-30 23:17:01
aa94aa,ENY3808 ,United States,1751325420.0,1751325420,-84.9492,44.5244,8938.26,False,206.02,193.13,-5.2,,9311.64,4374,False,0,2025-06-30 23:17:01
a50a88,AAL778  ,United States,1751325420.0,1751325420,-113.1566,34.6049,10355.58,False,221.62,263.47,0.0,,10942.32,,False,0,2025-06-30 23:17:01
c07eee,WJA613  ,Canada,1751325420.0,1751325420,-76.1862,45.3947,4381.5,False,185.37,282.34,15.93,,4533.9,,False,0,2025-06-30 23:17:01
a4ea77,AAL2311 ,United States,1751325421.0,1751325421,-84.3882,30.6841,10050.78,False,236.99,97.23,0.0,,10660.38,3202,False,0,2025-06-30 23:17:01
407993,BAW11J  ,United Kingdom,1751325421.0,1751325421,-73.6005,40.6667,2758.44,False,158.76,25.73,11.05,,2872.74,2741,False,0,2025-06-30 23:17:01
407992,BAW8DS  ,United Kingdom,1751325421.0,1751325421,-117.196,34.6455,9075.42,False,271.51,54.56,6.18,,9570.72,7631,False,0,2025-06-30 23:17:01
ae51a9,GAGE56  ,United States,1751325420.0,1751325420,-81.1338,32.0183,,True,1.29,253.12,,,,,False,0,2025-06-30 23:17:01
c02501,AIE803  ,Canada,1751325419.0,1751325420,-74.4908,46.8857,7002.78,False,114.58,207.26,0.33,,7292.34,,False,0,2025-06-30 23:17:01
addd2b,N9925U  ,United States,1751325418.0,1751325420,-120.0717,34.7377,2316.48,False,52.81,132.24,2.93,,2362.2,,False,0,2025-06-30 23:17:01
a47905,N388AC  ,United States,1751325420.0,1751325421,-78.2384,29.1227,12504.42,False,233.27,2.53,8.45,,13106.4,1344,False,0,2025-06-30 23:17:01
a584bc,AAL1719 ,United States,1751325420.0,1751325420,-121.8403,45.943,11277.6,False,220.97,167.91,0.0,,11750.04,7075,False,0,2025-06-30 23:17:01
a74a03,N569TA  ,United States,1751325421.0,1751325421,-103.3034,37.2332,12184.38,False,204.42,339.83,-0.33,,12809.22,0233,False,0,2025-06-30 23:17:01
aa2d14,SKW9909 ,United States,1751325420.0,1751325420,-86.4022,42.465,6096.0,False,182.64,269.35,-0.98,,6324.6,,False,0,2025-06-30 23:17:01
a9427a,N696RC  ,United States,1751325358.0,1751325416,-118.5879,35.2644,2263.14,False,49.73,129.12,0.0,,2301.24,,False,0,2025-06-30 23:17:01
ab1902,N814JB  ,United States,1751324995.0,1751325162,-83.9319,40.4572,1089.66,False,65.4,155.85,-2.93,,1059.18,,False,0,2025-06-30 23:17:01
a49a82,EJA396  ,United States,1751325167.0,1751325169,-86.6848,33.6004,495.3,False,61.85,258.97,-0.65,,502.92,5620,True,0,2025-06-30 23:17:01
a51d5f,N429DF  ,United States,1751325420.0,1751325420,-116.8586,33.8893,1645.92,False,72.38,256.85,1.3,,1699.26,,False,0,2025-06-30 23:17:01
a0f922,DISCUS5 ,United States,1751325193.0,1751325193,-111.7886,39.51,4937.76,False,52.97,330.95,-3.58,,5273.04,,False,0,2025-06-30 23:17:01
a9ed89,N739LW  ,United States,1751325287.0,1751325288,-80.5385,34.9117,670.56,False,32.43,271.82,-1.3,,678.18,,False,0,2025-06-30 23:17:01
c010ec,ACA175  ,Canada,1751325421.0,1751325421,-79.7041,43.6548,807.72,False,101.21,238.09,3.58,,762.0,6355,False,0,2025-06-30 23:17:01
c010ea,ACA793  ,Canada,1751325421.0,1751325421,-79.6109,43.6748,,True,8.75,255.94,,,,0543,False,0,2025-06-30 23:17:01
aa9600,UAL787  ,United States,1751325420.0,1751325420,-95.4164,30.0252,2103.12,False,134.2,139.04,-6.18,,2232.66,0041,False,0,2025-06-30 23:17:01
a2396e,SWA1925 ,United States,1751325420.0,1751325420,-98.5622,29.6021,716.28,False,63.45,131.05,-2.93,,800.1,2527,False,0,2025-06-30 23:17:01
c06c8f,CGPCW   ,Canada,1751325421.0,1751325421,-124.8614,48.9305,4556.76,False,142.42,99.56,-0.33,,4762.5,,False,0,2025-06-30 23:17:01
a0835d,RPA4506 ,United States,1751325420.0,1751325420,-79.0907,35.4117,8839.2,False,244.16,51.42,0.0,,9380.22,,False,0,2025-06-30 23:17:01
a1afd5,N208BA  ,United States,1751325420.0,1751325420,-122.1583,47.3945,609.6,False,83.82,278.83,-3.25,,624.84,,False,0,2025-06-30 23:17:01
a99d87,ASA572  ,United States,1751325420.0,1751325421,-86.1824,38.603,10363.2,False,232.17,302.88,0.0,,10965.18,7033,False,0,2025-06-30 23:17:01
a46603,UAL2288 ,United States,1751325421.0,1751325421,-98.3987,37.1703,10363.2,False,234.27,292.74,0.0,,10957.56,6527,False,0,2025-06-30 23:17:01
a9a4e2,JIA5155 ,United States,1751325420.0,1751325420,-82.0591,38.842,9456.42,False,245.11,172.16,-1.95,,10012.68,0362,False,0,2025-06-30 23:17:01
a1afcf,TTE208  ,United States,1751325421.0,1751325421,-114.4314,43.1651,7627.62,False,207.47,100.14,-0.33,,8031.48,,False,0,2025-06-30 23:17:01
abf29f,SWA3121 ,United States,1751325387.0,1751325412,-119.6142,44.6316,10668.0,False,247.92,103.81,0.98,,11148.06,6640,False,0,2025-06-30 23:17:01
a39fb7,UAL533  ,United States,1751325420.0,1751325421,-87.4321,41.9446,1546.86,False,113.61,312.43,0.33,,1569.72,2304,False,0,2025-06-30 23:17:01
a4a300,N3981D  ,United States,1751325419.0,1751325420,-112.3629,32.7914,3070.86,False,61.43,116.35,1.95,,3208.02,7202,False,0,2025-06-30 23:17:01
a22642,ASA406  ,United States,1751325420.0,1751325420,-77.6597,38.7882,2506.98,False,140.14,279.08,11.05,,2606.04,,False,0,2025-06-30 23:17:01
a2cfa2,SKW3671 ,United States,1751325420.0,1751325420,-117.6458,47.6944,1844.04,False,138.16,59.33,-4.88,,1927.86,4652,False,0,2025-06-30 23:17:01
a35949,JBU1786 ,United States,1751325420.0,1751325420,-80.2648,40.5846,1333.5,False,150.23,0.78,15.93,,1333.5,,False,0,2025-06-30 23:17:01
a4fca9,GTW420  ,United States,1751325421.0,1751325421,-76.1889,38.996,2857.5,False,104.02,343.63,12.68,,2994.66,,False,0,2025-06-30 23:17:01
a0d319,N152RE  ,United States,1751324300.0,1751325419,-96.7042,33.588,1005.84,False,56.92,350.11,-1.63,,1005.84,,False,0,2025-06-30 23:17:01
a0d374,AAL3105 ,United States,1751325420.0,1751325420,-92.1201,42.5035,9144.0,False,216.02,304.03,-0.33,,9509.76,6246,False,0,2025-06-30 23:17:01
a3466f,PRE31   ,United States,1751325399.0,1751325413,-103.5359,41.8196,6111.24,False,116.19,244.0,0.0,,6461.76,,False,0,2025-06-30 23:17:01
a74a5a,SWA2501 ,United States,1751325420.0,1751325421,-118.6288,37.7915,10972.8,False,208.15,221.29,0.33,,11544.3,,False,0,2025-06-30 23:17:01
a46665,N38291  ,United States,1751325418.0,1751325418,-97.6859,33.0124,899.16,False,42.38,259.51,-0.65,,906.78,,False,0,2025-06-30 23:17:01
a9ed2e,N739HE  ,United States,1751325421.0,1751325421,-121.1157,37.3656,1874.52,False,57.22,86.39,-0.33,,1889.76,5346,False,0,2025-06-30 23:17:01
aa1a81,SKW6481 ,United States,1751325420.0,1751325420,-96.2007,36.6298,9761.22,False,211.54,231.32,-0.33,,10355.58,3216,False,0,2025-06-30 23:17:01
a2cffc,SWA2021 ,United States,1751325420.0,1751325420,-111.7891,33.4301,1394.46,False,104.22,296.69,-0.65,,1402.08,4567,False,0,2025-06-30 23:17:01
c010a8,ACA112  ,Canada,1751325420.0,1751325420,-80.41,43.446,4693.92,False,180.15,64.09,-8.13,,4861.56,1645,False,0,2025-06-30 23:17:01
a9da0d,N734BN  ,United States,1751325324.0,1751325324,-122.2216,37.7312,,True,0.0,70.31,,,,,False,0,2025-06-30 23:17:01
a32015,N300HV  ,United States,1751325421.0,1751325421,-117.5678,33.263,1676.4,False,63.11,130.7,0.33,,1699.26,4770,False,0,2025-06-30 23:17:01
c010cb,ACA148  ,Canada,1751325420.0,1751325420,-89.6419,48.3121,10660.38,False,248.72,113.01,-0.33,,10881.36,,False,0,2025-06-30 23:17:01
a4795e,DSU24   ,United States,1751325417.0,1751325417,-90.7212,33.763,632.46,False,68.43,89.14,0.33,,647.7,1200,False,0,2025-06-30 23:17:01
ac37bd,SWA2256 ,United States,1751325421.0,1751325421,-94.497,36.3105,10668.0,False,249.23,117.94,0.0,,11300.46,3265,False,0,2025-06-30 23:17:01
a87d8b,N646WT  ,United States,1751325420.0,1751325420,-83.5078,29.1038,7924.8,False,156.66,164.18,-0.65,,8397.24,6655,False,0,2025-06-30 23:17:01
ab3a0c,UAL1068 ,United States,1751325401.0,1751325413,-87.9309,41.9753,,True,0.0,270.0,,,,6231,False,0,2025-06-30 23:17:01
ab04bb,EJA809  ,United States,1751325420.0,1751325420,-80.3479,41.866,13106.4,False,217.08,250.19,0.33,,13723.62,6316,False,0,2025-06-30 23:17:01
a9da08,N734BH  ,United States,1751325420.0,1751325420,-80.2198,25.998,152.4,False,33.02,85.53,3.9,,190.5,,False,0,2025-06-30 23:17:01
aa94ef,LN781HC ,United States,1751325421.0,1751325421,-109.7031,38.2888,6164.58,False,97.71,318.84,6.83,,6553.2,,False,0,2025-06-30 23:17:01
a7ad84,DAL924  ,United States,1751325419.0,1751325419,-104.4003,31.8735,10972.8,False,229.53,268.46,0.0,,11620.5,1207,False,0,2025-06-30 23:17:01
a9da02,N734BB  ,United States,1751325421.0,1751325421,-120.8754,44.0509,2346.96,False,45.76,278.4,-0.33,,2476.5,,False,0,2025-06-30 23:17:01
a52fb2,EJA433  ,United States,1751325421.0,1751325421,-103.7453,39.2175,12496.8,False,223.63,69.81,0.33,,13106.4,2065,False,0,2025-06-30 23:17:01
a0704a,N12713  ,United States,1751325333.0,1751325333,-82.7573,27.974,-15.24,False,31.98,334.26,-1.95,,0.0,,False,0,2025-06-30 23:17:01
a2000d,EDV5246 ,United States,1751325420.0,1751325420,-78.3796,39.187,9753.6,False,241.79,204.11,0.33,,10347.96,0414,False,0,2025-06-30 23:17:01
a33325,AAY71   ,United States,1751325420.0,1751325420,-110.1747,35.388,10660.38,False,235.07,104.19,0.0,,11300.46,,False,0,2025-06-30 23:17:01
c04049,ACA508  ,Canada,1751325180.0,1751325244,-79.6161,43.6768,205.74,True,5.4,45.0,,,,6275,False,0,2025-06-30 23:17:01
a3e911,FFT4208 ,United States,1751325421.0,1751325421,-78.4975,36.6741,7901.94,False,216.38,16.15,2.93,,8382.0,3233,False,0,2025-06-30 23:17:01
ac52ee,ASH6065 ,United States,1751325421.0,1751325421,-95.0447,33.7459,9448.8,False,239.71,21.0,0.0,,10058.4,7273,False,0,2025-06-30 23:17:01
a26623,N2538R  ,United States,1751325420.0,1751325421,-120.8276,38.3265,2293.62,False,55.31,170.36,-0.98,,2354.58,4575,False,0,2025-06-30 23:17:01
a19fbe,N20312  ,United States,1751325421.0,1751325421,-85.4913,38.4656,640.08,False,51.14,66.27,1.63,,594.36,,False,0,2025-06-30 23:17:01
ac52f2,ASH6288 ,United States,1751325420.0,1751325420,-95.995,28.3452,8534.4,False,224.18,208.21,-0.33,,9060.18,4114,False,0,2025-06-30 23:17:01
a7da2e,TWY76   ,United States,1751325420.0,1751325421,-107.9949,37.6368,12192.0,False,229.78,250.1,0.0,,12839.7,1422,False,0,2025-06-30 23:17:01
899082,EVA667  ,Taiwan,1751325421.0,1751325421,-88.9765,46.1599,9144.0,False,269.26,351.76,0.33,,9372.6,7762,False,0,2025-06-30 23:17:01
ade8fa,AAL2636 ,United States,1751325420.0,1751325420,-88.9501,41.0916,5326.38,False,225.01,42.59,-10.4,,5547.36,0773,False,0,2025-06-30 23:17:01
ac52ff,SWA123  ,United States,1751325421.0,1751325421,-82.9625,28.1318,6804.66,False,211.69,158.17,-10.4,,7216.14,2733,False,0,2025-06-30 23:17:01
a2c90d,ENY3348 ,United States,1751325420.0,1751325420,-82.5619,28.2425,1219.2,False,120.15,114.81,-5.85,,1303.02,3422,False,0,2025-06-30 23:17:01
a06cd9,N12633  ,United States,1751323695.0,1751325420,-72.5422,40.8206,251.46,False,22.5,259.46,2.28,,243.84,,False,0,2025-06-30 23:17:01
a874e1,JBU740  ,United States,1751325411.0,1751325411,-71.8409,38.2608,10965.18,False,223.45,326.93,0.33,,11590.02,,False,0,2025-06-30 23:17:01
adc2a7,AAL851  ,United States,1751325421.0,1751325421,-97.054,33.0266,807.72,False,94.14,180.31,-5.2,,822.96,0515,False,0,2025-06-30 23:17:01
a0261f,N10897  ,United States,1751325420.0,1751325420,-104.5302,38.2869,1447.8,False,50.99,92.89,-5.2,,1516.38,1200,False,0,2025-06-30 23:17:01
a1a924,RPA5882 ,United States,1751325421.0,1751325421,-76.3367,43.5904,10386.06,False,213.39,307.06,0.33,,10881.36,1343,False,0,2025-06-30 23:17:01
a66a8c,TRF512  ,United States,1751325420.0,1751325420,-96.1399,32.7281,571.5,False,45.67,255.65,0.33,,579.12,1200,False,0,2025-06-30 23:17:01
a2790a,N259BD  ,United States,1751325419.0,1751325419,-122.5782,47.2408,259.08,False,41.87,275.64,-2.28,,251.46,,False,0,2025-06-30 23:17:01
a1460a,SKW3446 ,United States,1751325420.0,1751325420,-122.7245,45.6285,1082.04,False,122.65,297.75,7.8,,1120.14,,False,0,2025-06-30 23:17:01
a8c4d8,UAL134  ,United States,1751325421.0,1751325421,-71.7545,43.2044,10058.4,False,256.24,61.33,-0.33,,10568.94,1716,False,0,2025-06-30 23:17:01
c0404e,WJA2710 ,Canada,1751325420.0,1751325421,-79.5522,28.8754,10972.8,False,240.33,197.31,-0.33,,11521.44,6344,False,0,2025-06-30 23:17:01
c0404f,ROU1628 ,Canada,1751325419.0,1751325420,-78.9874,30.7976,10980.42,False,256.91,202.61,0.0,,11551.92,6327,False,0,2025-06-30 23:17:01
a38641,SKW4121 ,United States,1751325420.0,1751325420,-98.2397,28.1779,9753.6,False,229.96,180.0,-0.33,,10386.06,0465,False,0,2025-06-30 23:17:01
a1a986,ENY3981 ,United States,1751325195.0,1751325196,-97.0547,32.9155,198.12,False,66.88,180.44,-2.93,,175.26,2741,False,0,2025-06-30 23:17:01
a9f7b0,EJA741  ,United States,1751325421.0,1751325421,-79.3349,38.7913,13098.78,False,226.34,6.66,0.0,,13784.58,1435,False,0,2025-06-30 23:17:01
a32ff6,AAL584  ,United States,1751325420.0,1751325421,-106.6219,31.8514,9448.8,False,248.16,96.79,0.0,,10005.06,0701,False,0,2025-06-30 23:17:01
0d0877,XCOPF   ,Mexico,1751325421.0,1751325421,-106.6211,30.2466,9707.88,False,204.83,187.21,6.83,,10271.76,,False,0,2025-06-30 23:17:01
406ec7,BAW293  ,United Kingdom,1751325421.0,1751325421,-71.8468,41.6479,12192.0,False,240.06,216.11,0.0,,12801.6,0726,False,0,2025-06-30 23:17:01
a1efe7,ASA756  ,United States,1751325420.0,1751325420,-122.5644,45.3368,1661.16,False,131.86,32.57,-6.18,,1722.12,,False,0,2025-06-30 23:17:01
a874a4,FFT1066 ,United States,1751325421.0,1751325421,-93.0231,42.4173,10363.2,False,281.28,72.0,-1.3,,10789.92,3246,False,0,2025-06-30 23:17:01
c0797b,ACA1075 ,Canada,1751325420.0,1751325420,-98.7833,42.2047,11574.78,False,216.96,243.98,0.0,,12077.7,6240,False,0,2025-06-30 23:17:01
aa6e81,UAL1805 ,United States,1751325420.0,1751325420,-109.9061,39.484,10972.8,False,247.58,261.52,0.0,,11551.92,3247,False,0,2025-06-30 23:17:01
a18cbb,UAL1855 ,United States,1751325420.0,1751325420,-105.0272,41.3434,11887.2,False,260.91,64.04,-0.33,,12496.8,6024,False,0,2025-06-30 23:17:01
a78a52,AAL1948 ,United States,1751325421.0,1751325421,-95.4436,32.63,10424.16,False,246.83,73.91,1.95,,11064.24,1561,False,0,2025-06-30 23:17:01
a0bcb2,AAL619  ,United States,1751325420.0,1751325421,-85.6383,40.3471,7345.68,False,230.85,348.04,-4.23,,7719.06,4133,False,0,2025-06-30 23:17:01
a32fd5,SKW3594 ,United States,1751325421.0,1751325421,-120.828,46.8442,6042.66,False,175.69,331.11,-7.8,,6339.84,,False,0,2025-06-30 23:17:01
040124,ETH516  ,Ethiopia,1751325421.0,1751325421,-74.1602,39.1676,11742.42,False,244.04,227.91,-5.2,,12405.36,7251,False,0,2025-06-30 23:17:01
a2c92b,AAY397  ,United States,1751325421.0,1751325421,-81.198,33.404,11574.78,False,240.78,179.27,0.0,,12245.34,6650,False,0,2025-06-30 23:17:01
a5ad90,LBQ782  ,United States,1751325421.0,1751325421,-84.0891,34.8152,4556.76,False,124.57,61.11,0.33,,4823.46,4047,False,0,2025-06-30 23:17:01
a7ed2e,N61JA   ,United States,1751325420.0,1751325421,-104.981,38.3642,2651.76,False,57.11,107.29,0.98,,2804.16,,False,0,2025-06-30 23:17:01
c0799e,TSC695  ,Canada,1751325420.0,1751325420,-76.778,45.1921,11727.18,False,223.21,240.6,-4.88,,12291.06,0750,False,0,2025-06-30 23:17:01
899036,EVA018  ,Taiwan,1751325420.0,1751325420,-124.3911,37.6986,8999.22,False,223.07,109.4,-9.43,,9364.98,,False,0,2025-06-30 23:17:01
a5031a,AAL1657 ,United States,1751325421.0,1751325421,-99.6301,32.2595,10668.0,False,238.01,85.16,0.0,,11330.94,6752,False,0,2025-06-30 23:17:01
acfe09,EDV5166 ,United States,1751325413.0,1751325413,-73.8667,40.7748,,True,8.75,123.75,,,,6644,False,0,2025-06-30 23:17:01
a68fe3,N5216V  ,United States,1751325420.0,1751325420,-84.4897,37.9483,762.0,False,49.28,216.51,0.33,,739.14,,False,0,2025-06-30 23:17:01
aaab05,N787FA  ,United States,1751325420.0,1751325420,-119.2832,34.2619,1097.28,False,53.03,329.7,1.63,,1089.66,,False,0,2025-06-30 23:17:01
aa141e,ENY3796 ,United States,1751325421.0,1751325421,-88.2691,43.4531,4396.74,False,166.62,347.34,-4.88,,4533.9,1343,False,0,2025-06-30 23:17:01
a7b927,CXK657  ,United States,1751325331.0,1751325331,-104.524,39.754,1661.16,False,49.45,2.98,-0.65,,1767.84,,False,0,2025-06-30 23:17:01
a3999e,ATN6750 ,United States,1751325121.0,1751325127,-97.3251,33.0227,335.28,False,60.14,169.65,-2.28,,304.8,6520,False,0,2025-06-30 23:17:01
406f73,BAW243  ,United Kingdom,1751325420.0,1751325420,-83.0899,27.4779,11574.78,False,259.61,241.86,0.33,,12230.1,4636,False,0,2025-06-30 23:17:01
aaab20,N787GC  ,United States,1751325257.0,1751325259,-111.9158,33.304,441.96,False,46.81,180.0,-4.55,,342.9,6316,False,0,2025-06-30 23:17:01
a6dfaa,DAL332  ,United States,1751325421.0,1751325421,-121.6982,47.886,5212.08,False,165.19,243.36,-10.08,,5463.54,7030,False,0,2025-06-30 23:17:01
406f72,BAW81V  ,United Kingdom,1751325421.0,1751325421,-76.4459,44.6718,11277.6,False,264.39,56.59,-0.33,,11826.24,3467,False,0,2025-06-30 23:17:01
a37347,AAY878  ,United States,1751325420.0,1751325420,-81.3979,31.7934,11894.82,False,219.52,25.54,0.65,,12550.14,3626,False,0,2025-06-30 23:17:01
a64996,JBU2078 ,United States,1751325421.0,1751325421,-80.0069,27.2459,6096.0,False,191.38,304.93,0.0,,6431.28,4173,False,0,2025-06-30 23:17:01
c06644,CGMSX   ,Canada,1751325420.0,1751325420,-108.1486,38.5326,9144.0,False,126.9,193.36,0.33,,9677.4,,False,0,2025-06-30 23:17:01
c06645,TLK822  ,Canada,1751325421.0,1751325421,-73.7728,45.4357,609.6,False,106.63,223.24,13.33,,563.88,,False,0,2025-06-30 23:17:01
c07973,ACA511  ,Canada,1751325420.0,1751325420,-79.8706,43.6625,1981.2,False,137.26,307.39,12.35,,1981.2,2242,False,0,2025-06-30 23:17:01
c07971,ACA773  ,Canada,1751325420.0,1751325420,-79.5087,43.7361,716.28,False,80.04,226.04,-4.55,,670.56,1303,False,0,2025-06-30 23:17:01
a24014,ENY3897 ,United States,1751325421.0,1751325421,-99.0137,35.2701,7703.82,False,214.69,253.43,6.5,,8138.16,,False,0,2025-06-30 23:17:01
c0796d,CGTZO   ,Canada,1751325419.0,1751325420,-79.0621,43.1079,647.7,False,48.04,189.87,2.28,,594.36,,False,0,2025-06-30 23:17:01
a1dcf2,SWA2062 ,United States,1751325420.0,1751325420,-114.3409,33.6674,10363.2,False,229.01,276.84,0.0,,10942.32,3613,False,0,2025-06-30 23:17:01
0d0857,ACW1411 ,Mexico,1751325421.0,1751325421,-100.24,25.0731,7741.92,False,189.43,175.33,6.18,,8221.98,,False,0,2025-06-30 23:17:01
a7a616,DAL2225 ,United States,1751325419.0,1751325421,-81.4336,31.0871,10058.4,False,223.79,359.47,0.0,,10637.52,3264,False,0,2025-06-30 23:17:01
a1a98d,AAY2122 ,United States,1751325421.0,1751325421,-79.4698,26.4589,5052.06,False,201.67,53.71,7.48,,5341.62,,False,0,2025-06-30 23:17:01
a64931,N504EA  ,United States,1751325420.0,1751325420,-122.6593,46.8579,1615.44,False,56.86,118.65,2.6,,1645.92,,False,0,2025-06-30 23:17:01
a06e0b,DAL1397 ,United States,1751325420.0,1751325421,-93.3039,33.3654,10660.38,False,245.84,73.84,0.0,,11300.46,2244,False,0,2025-06-30 23:17:01
a4f601,EPI544  ,United States,1751325419.0,1751325421,-80.8639,28.8878,944.88,False,41.57,282.14,-3.58,,1013.46,1200,False,0,2025-06-30 23:17:01
a37389,AAL2457 ,United States,1751325420.0,1751325421,-104.4214,31.2908,11582.4,False,237.84,293.18,0.0,,12260.58,6051,True,0,2025-06-30 23:17:01
a861ef,N6393C  ,United States,1751325133.0,1751325133,-119.0384,35.4158,289.56,False,37.84,316.1,-2.93,,205.74,4775,False,0,2025-06-30 23:17:01
a68fb0,N5215D  ,United States,1751325420.0,1751325420,-80.2966,25.6544,304.8,False,46.53,84.29,0.33,,335.28,,False,0,2025-06-30 23:17:01
ab7b63,SKW3934 ,United States,1751325420.0,1751325420,-89.7543,38.8261,5334.0,False,200.02,99.92,12.03,,5585.46,1126,False,0,2025-06-30 23:17:01
a24082,SKW3600 ,United States,1751325421.0,1751325421,-98.0849,35.5221,3726.18,False,168.41,280.38,5.53,,3947.16,,False,0,2025-06-30 23:17:01
ab32db,N820WM  ,United States,1751325421.0,1751325421,-82.5232,34.6129,1005.84,False,53.83,38.4,-0.98,,1051.56,,False,0,2025-06-30 23:17:01
a7da9c,JBU932  ,United States,1751325420.0,1751325420,-88.7338,35.4563,10652.76,False,242.51,67.02,-0.33,,11323.32,2532,False,0,2025-06-30 23:17:01
ae08fd,WING84  ,United States,1751325420.0,1751325420,-82.1929,38.32,8252.46,False,133.21,141.27,0.0,,8709.66,6253,False,0,2025-06-30 23:17:01
a6dfa1,N542CW  ,United States,1751325285.0,1751325285,-121.0918,47.2485,2293.62,False,57.8,110.85,0.0,,2369.82,3032,False,0,2025-06-30 23:17:01
a2b698,AAY2406 ,United States,1751325420.0,1751325421,-118.5458,33.8713,2872.74,False,143.54,58.93,7.15,,2987.04,,False,0,2025-06-30 23:17:01
aca2ae,JSX410  ,United States,1751325421.0,1751325421,-115.1482,36.1144,815.34,False,81.13,203.15,-4.23,,746.76,2142,False,0,2025-06-30 23:17:01
aa2701,AAL682  ,United States,1751325421.0,1751325421,-84.8308,40.0326,8084.82,False,252.27,65.16,6.5,,8465.82,3430,False,0,2025-06-30 23:17:01
a3c30b,N341WT  ,United States,1751325420.0,1751325420,-90.3041,36.1389,335.28,False,47.64,245.1,-0.33,,327.66,,False,0,2025-06-30 23:17:01
a7da8f,N605HP  ,United States,1751325420.0,1751325420,-90.7744,29.6656,4838.7,False,192.47,268.47,-0.33,,5105.4,5424,False,0,2025-06-30 23:17:01
a5bfc3,N47LH   ,United States,1751325421.0,1751325421,-80.1439,26.5448,1981.2,False,60.62,353.18,-1.63,,2110.74,,False,0,2025-06-30 23:17:01
a4e307,AAL3044 ,United States,1751325419.0,1751325419,-83.1659,26.107,8138.16,False,219.79,133.48,-3.58,,8625.84,3347,False,0,2025-06-30 23:17:01
a9e64c,N737NV  ,United States,1751325419.0,1751325419,-80.5997,27.9381,464.82,False,52.78,263.84,0.98,,480.06,,False,0,2025-06-30 23:17:01
a9966f,TWY771  ,United States,1751325420.0,1751325420,-81.3742,40.3456,5402.58,False,219.02,70.37,-11.05,,5638.8,2722,False,0,2025-06-30 23:17:01
add665,N991AL  ,United States,1751325421.0,1751325421,-118.5108,34.0356,853.44,False,46.94,117.41,-4.88,,830.58,,False,0,2025-06-30 23:17:01
a8a017,JBU394  ,United States,1751325421.0,1751325421,-70.9298,42.6695,1219.2,False,114.11,101.97,0.0,,1257.3,1412,False,0,2025-06-30 23:17:01
c051cc,TSC187  ,Canada,1751325420.0,1751325420,-79.3256,43.7463,1379.22,False,129.18,46.45,-2.28,,1371.6,4112,False,0,2025-06-30 23:17:01
ad734a,JBU161  ,United States,1751325418.0,1751325418,-73.7812,40.6323,,True,0.0,298.12,,,,,False,0,2025-06-30 23:17:01
c051e4,ACA844  ,Canada,1751325421.0,1751325421,-72.2638,46.4484,7627.62,False,255.51,59.51,4.23,,7940.04,,False,0,2025-06-30 23:17:01
a038ff,SKW5871 ,United States,1751325421.0,1751325421,-85.8397,39.6917,7924.8,False,206.36,9.18,0.0,,8336.28,4035,False,0,2025-06-30 23:17:01
c051e6,ACA72   ,Canada,1751325418.0,1751325418,-73.7579,45.4573,,True,2.83,286.88,,,,,False,0,2025-06-30 23:17:01
ac5378,ASH6254 ,United States,1751325420.0,1751325420,-83.8532,30.8234,7315.2,False,205.17,134.59,0.65,,7749.54,1316,False,0,2025-06-30 23:17:01
c051d0,TSC487  ,Canada,1751325381.0,1751325390,-78.2677,26.8758,10066.02,False,236.0,34.07,0.0,,10584.18,,False,0,2025-06-30 23:17:01
c051d1,TSC399  ,Canada,1751325420.0,1751325420,-73.744,45.4613,,True,7.72,267.19,,,,1174,False,0,2025-06-30 23:17:01
a9e663,N737PT  ,United States,1751325199.0,1751325200,-118.1439,33.8227,53.34,False,30.87,270.95,-2.6,,-15.24,,False,0,2025-06-30 23:17:01
ac536c,SWA1688 ,United States,1751325420.0,1751325420,-103.1085,39.0068,8900.16,False,228.43,301.65,-5.53,,9403.08,2137,False,0,2025-06-30 23:17:01
a4805b,N3899Q  ,United States,1751325420.0,1751325421,-80.6207,35.5174,754.38,False,47.29,300.75,0.98,,784.86,,False,0,2025-06-30 23:17:01
a8d983,N67BL   ,United States,1751325421.0,1751325421,-112.2052,33.3059,1661.16,False,49.84,281.31,1.95,,1668.78,4176,False,0,2025-06-30 23:17:01
a1a8b2,N206EA  ,United States,1751325421.0,1751325421,-73.8327,41.5769,1836.42,False,81.93,97.21,0.33,,1844.04,3634,False,0,2025-06-30 23:17:01
add66d,AAL2284 ,United States,1751325420.0,1751325420,-110.6397,32.2915,10058.4,False,250.41,124.11,-0.33,,10645.14,2074,False,0,2025-06-30 23:17:01
add66c,DAL1186 ,United States,1751325420.0,1751325420,-84.4354,33.6446,,True,7.2,90.0,,,,2156,False,0,2025-06-30 23:17:01
a158c9,AAL2790 ,United States,1751325305.0,1751325317,-78.5192,30.6413,9456.42,False,234.87,336.92,0.0,,9936.48,4172,False,0,2025-06-30 23:17:01
c1e7e0,SAF209  ,Canada,1751325283.0,1751325283,-79.6294,43.6789,,True,12.35,137.81,,,,,False,0,2025-06-30 23:17:01
ac537f,ASH6020 ,United States,1751325421.0,1751325421,-85.0279,33.1512,9753.6,False,240.64,245.9,0.0,,10332.72,7065,False,0,2025-06-30 23:17:01
a05b17,N12192  ,United States,1751325421.0,1751325421,-121.6243,37.9355,1036.32,False,44.92,119.5,6.5,,1028.7,1200,False,0,2025-06-30 23:17:01
c051da,TSC822  ,Canada,1751325421.0,1751325421,-81.2836,28.5782,838.2,False,91.58,179.36,-6.83,,906.78,5666,False,0,2025-06-30 23:17:01
ad6040,DAL2892 ,United States,1751325420.0,1751325420,-84.0083,38.9273,8435.34,False,236.09,220.49,6.5,,8907.78,7206,False,0,2025-06-30 23:17:01
a9e642,NKS2318 ,United States,1751325421.0,1751325421,-85.3237,40.9957,9448.8,False,219.73,268.66,0.0,,9944.1,5765,False,0,2025-06-30 23:17:01
0d06d3,SLI2709 ,Mexico,1751325420.0,1751325420,-98.74,28.2216,11582.4,False,219.81,223.29,0.0,,12313.92,2250,False,0,2025-06-30 23:17:01
a385c8,DAL2815 ,United States,1751325313.0,1751325409,-81.9632,25.2622,4648.2,False,183.59,140.91,-10.73,,4853.94,2531,False,0,2025-06-30 23:17:01
394a00,AFR021  ,France,1751325420.0,1751325420,-100.5376,41.8448,10058.4,False,255.74,68.65,0.0,,10530.84,2447,False,0,2025-06-30 23:17:01
c064d8,ACA1051 ,Canada,1751325421.0,1751325421,-89.9639,40.0279,11582.4,False,208.81,224.6,0.0,,12169.14,6545,False,0,2025-06-30 23:17:01
a80cc9,N618DH  ,United States,1751325420.0,1751325420,-118.6469,34.4427,1295.4,False,45.84,44.09,-4.23,,1303.02,0263,False,0,2025-06-30 23:17:01
a99645,N717CE  ,United States,1751325414.0,1751325415,-97.3293,32.5781,457.2,False,46.84,358.11,-0.33,,472.44,,False,0,2025-06-30 23:17:01
a50370,DAL951  ,United States,1751325421.0,1751325421,-77.3632,42.455,12489.18,False,258.13,85.2,0.0,,13114.02,7304,False,0,2025-06-30 23:17:01
a05b78,DAL460  ,United States,1751325420.0,1751325420,-82.9201,37.0676,10599.42,False,242.73,62.89,5.2,,11239.5,1333,False,0,2025-06-30 23:17:01
a252a7,ENY4288 ,United States,1751325421.0,1751325421,-85.5235,35.2573,4732.02,False,196.48,243.57,-5.85,,4998.72,7103,False,0,2025-06-30 23:17:01
aa6ceb,N771BV  ,United States,1751325420.0,1751325421,-101.4157,43.0779,12496.8,False,247.68,105.91,-0.33,,13014.96,,False,0,2025-06-30 23:17:01
a7ecb1,N61DA   ,United States,1751325420.0,1751325420,-71.891,42.4566,914.4,False,47.82,348.21,0.33,,929.64,,False,0,2025-06-30 23:17:01
a1cb0f,UAL2863 ,United States,1751325420.0,1751325420,-78.4239,44.5625,10668.0,False,262.82,123.5,0.33,,11193.78,3331,False,0,2025-06-30 23:17:01
a1cb20,N2143A  ,United States,1751325420.0,1751325420,-118.6958,34.1517,2011.68,False,66.5,278.0,0.65,,2049.78,5153,False,0,2025-06-30 23:17:01
a252ae,AAY267  ,United States,1751325420.0,1751325421,-96.527,38.141,11277.6,False,253.48,106.26,0.0,,11902.44,,False,0,2025-06-30 23:17:01
394a18,AFR51P  ,France,1751325420.0,1751325421,-77.4551,38.9355,,True,2.57,196.88,,,,,False,0,2025-06-30 23:17:01
a2fe28,AAY1390 ,United States,1751325420.0,1751325421,-78.9114,39.7203,10980.42,False,236.93,192.29,0.0,,11620.5,2315,False,0,2025-06-30 23:17:01
ac78b0,EDV5560 ,United States,1751325420.0,1751325420,-94.2377,39.7927,10774.68,False,229.06,161.81,5.53,,11353.8,6435,False,0,2025-06-30 23:17:01
a05b3c,OST14   ,United States,1751325421.0,1751325421,-96.766,35.6885,1059.18,False,44.25,359.33,-0.33,,1089.66,,False,0,2025-06-30 23:17:01
a17b40,,United States,1751325418.0,1751325418,-75.4503,40.6435,,True,0.0,140.62,,,,,False,0,2025-06-30 23:17:01
aca38e,FWK913  ,United States,1751325420.0,1751325420,-83.4476,33.3467,4411.98,False,193.68,279.79,-10.08,,4617.72,3273,False,0,2025-06-30 23:17:01
a1cb05,JBU348  ,United States,1751325421.0,1751325421,-93.5154,43.1949,10675.62,False,268.47,81.4,0.0,,11079.48,1354,False,0,2025-06-30 23:17:01
ac793f,AAL1883 ,United States,1751325421.0,1751325421,-103.8452,39.261,11894.82,False,235.08,133.4,0.0,,12496.8,6043,False,0,2025-06-30 23:17:01
a5ae2f,SWA1789 ,United States,1751325142.0,1751325143,-90.331,38.7344,243.84,False,70.67,301.61,-3.9,,220.98,6665,False,0,2025-06-30 23:17:01
a42b45,DAL2392 ,United States,1751325421.0,1751325421,-84.3472,34.8135,10355.58,False,239.55,311.08,-0.33,,10995.66,5777,False,0,2025-06-30 23:17:01
a43e5e,UAL2395 ,United States,1751325416.0,1751325416,-73.8696,40.7755,,True,0.0,61.88,,,,,False,0,2025-06-30 23:17:01
a635d4,N5G     ,United States,1751325416.0,1751325420,-73.7995,40.6422,,True,0.06,137.81,,,,,False,0,2025-06-30 23:17:01
c077b1,CGTIM   ,Canada,1751325421.0,1751325421,-80.6664,46.8091,1135.38,False,93.43,191.43,-1.63,,1074.42,,False,0,2025-06-30 23:17:01
a372d4,N321JE  ,United States,1751325412.0,1751325414,-83.9853,42.0913,1249.68,False,70.89,65.11,-0.33,,1226.82,,False,0,2025-06-30 23:17:01
a4e2b1,,United States,1751325308.0,1751325309,-73.3363,42.2603,1546.86,False,53.65,24.35,1.63,,1607.82,,False,0,2025-06-30 23:17:01
a385da,AAY1157 ,United States,1751325421.0,1751325421,-84.0202,38.2597,4274.82,False,177.07,328.67,0.0,,4480.56,2641,False,0,2025-06-30 23:17:01
394a0d,AFR346J ,France,1751325420.0,1751325420,-72.3098,46.1013,6073.14,False,207.72,228.41,-11.05,,6347.46,0704,False,0,2025-06-30 23:17:01
780233,CPA2084 ,China,1751325420.0,1751325420,-120.6042,37.1523,10668.0,False,241.43,161.1,0.0,,11170.92,4116,False,0,2025-06-30 23:17:01
394a0b,AFR034  ,France,1751325420.0,1751325420,-75.7993,41.6061,10972.8,False,234.72,214.28,0.0,,11597.64,4044,False,0,2025-06-30 23:17:01
394a0a,AFR024  ,France,1751325243.0,1751325243,-118.3728,33.9384,106.68,False,69.43,263.19,-4.88,,83.82,3321,False,0,2025-06-30 23:17:01
ac0fdc,SWA3695 ,United States,1751325421.0,1751325421,-81.3479,29.7425,10256.52,False,206.03,357.14,8.13,,10812.78,3220,False,0,2025-06-30 23:17:01
ab9fef,N8480F  ,United States,1751325421.0,1751325421,-82.1753,27.979,373.38,False,36.36,205.11,3.9,,396.24,,False,0,2025-06-30 23:17:01
ac5310,ASH6082 ,United States,1751325421.0,1751325421,-101.0613,30.7453,8229.6,False,230.67,82.95,0.0,,8747.76,,False,0,2025-06-30 23:17:01
a05b7e,DAL1299 ,United States,1751325421.0,1751325421,-96.1063,30.6002,6522.72,False,202.06,117.94,-9.43,,6934.2,6230,False,0,2025-06-30 23:17:01
ae093d,FORGE31 ,United States,1751325421.0,1751325421,-83.3723,36.0346,12496.8,False,200.39,63.3,0.33,,13213.08,1555,False,0,2025-06-30 23:17:01
ae4fae,FFAB123 ,United States,1751325152.0,1751325153,-117.2225,32.7084,76.2,False,47.04,41.01,0.33,,30.48,,False,0,2025-06-30 23:17:01
ac7968,AAL2229 ,United States,1751325421.0,1751325421,-94.5016,37.927,10690.86,False,254.41,10.01,-3.58,,11300.46,3667,False,0,2025-06-30 23:17:01
a42b21,MVK83   ,United States,1751325406.0,1751325406,-93.4671,43.7889,1219.2,False,45.1,325.22,0.0,,1211.58,,False,0,2025-06-30 23:17:01
abefba,SWA1807 ,United States,1751325420.0,1751325420,-90.614,35.8803,10972.8,False,222.45,227.34,0.33,,11628.12,7203,False,0,2025-06-30 23:17:01
ab5993,AAL660  ,United States,1751325421.0,1751325421,-82.5124,36.7281,10668.0,False,236.88,324.1,0.33,,11308.08,7245,False,0,2025-06-30 23:17:01
a4f5f0,DAL222  ,United States,1751325418.0,1751325421,-68.8204,39.8578,10668.0,False,261.38,47.23,0.0,,11247.12,,False,0,2025-06-30 23:17:01
a8a083,NKS2437 ,United States,1751325420.0,1751325420,-81.6983,34.4926,11590.02,False,235.97,150.19,0.0,,12275.82,5346,False,0,2025-06-30 23:17:01
a7ee0f,N61TA   ,United States,1751325420.0,1751325420,-81.6866,27.9144,1638.3,False,62.55,58.79,-0.33,,1722.12,,False,0,2025-06-30 23:17:01
a2fe3c,EDV5408 ,United States,1751325420.0,1751325421,-88.6454,41.4483,10972.8,False,195.07,248.17,0.0,,11513.82,7413,False,0,2025-06-30 23:17:01
ad2fd0,AAL3111 ,United States,1751325420.0,1751325420,-117.4988,33.5733,4259.58,False,218.33,70.88,9.43,,4472.94,,False,0,2025-06-30 23:17:01
a30b9a,N29584  ,United States,1751325232.0,1751325319,-97.7664,33.3587,822.96,False,53.01,181.67,-2.28,,1013.46,,False,0,2025-06-30 23:17:01
a9704d,DAL318  ,United States,1751325420.0,1751325420,-93.5801,42.5692,10972.8,False,205.63,258.02,0.0,,11391.9,2417,False,0,2025-06-30 23:17:01
a528d6,SWA2635 ,United States,1751325421.0,1751325421,-115.8588,35.2272,6713.22,False,179.37,223.95,-0.33,,7086.6,,False,0,2025-06-30 23:17:01
ae4fd5,ST702   ,United States,1751325420.0,1751325420,-117.3955,33.0457,53.34,False,35.23,298.81,0.0,,7.62,,False,0,2025-06-30 23:17:01
abefdd,SWA2092 ,United States,1751325421.0,1751325421,-117.2906,32.7844,1135.38,False,123.71,303.29,4.55,,1127.76,,False,0,2025-06-30 23:17:01
a4f5a0,ASA419  ,United States,1751325420.0,1751325420,-96.6234,37.2235,10363.2,False,229.74,304.51,0.0,,10949.94,1570,False,0,2025-06-30 23:17:01
a06db4,AAL1550 ,United States,1751325421.0,1751325421,-81.1451,33.8038,8023.86,False,220.78,181.6,4.88,,8503.92,,False,0,2025-06-30 23:17:01
a515ad,AAL375  ,United States,1751325420.0,1751325420,-92.9101,46.4345,9768.84,False,224.28,312.58,-0.33,,10027.92,6521,False,0,2025-06-30 23:17:01
acc961,DAL522  ,United States,1751325420.0,1751325420,-89.0192,43.1835,2545.08,False,162.99,96.16,13.66,,2598.42,,False,0,2025-06-30 23:17:01
abdcbe,SWA970  ,United States,1751325420.0,1751325420,-120.4187,36.1343,11277.6,False,233.18,129.45,-0.33,,11856.72,3665,False,0,2025-06-30 23:17:01
acb636,AAL2550 ,United States,1751325420.0,1751325420,-89.6914,35.0655,10058.4,False,251.73,78.21,-0.33,,10668.0,6211,False,0,2025-06-30 23:17:01
ab4692,N82554  ,United States,1751325307.0,1751325329,-97.6775,30.692,,True,34.09,185.19,-2.93,,,2144,False,0,2025-06-30 23:17:01
abdcda,ASH6356 ,United States,1751325420.0,1751325420,-82.2437,36.412,9753.6,False,235.6,237.21,-0.33,,10370.82,3356,False,0,2025-06-30 23:17:01
a372f9,N321KS  ,United States,1751325419.0,1751325419,-80.9764,28.1091,1196.34,False,50.73,263.6,-0.65,,1257.3,4754,False,0,2025-06-30 23:17:01
c1e898,BUS841  ,Canada,1751325225.0,1751325225,-79.6344,43.6799,,True,6.17,244.69,,,,,False,0,2025-06-30 23:17:01
ac6679,N89877  ,United States,1751325421.0,1751325421,-123.1469,45.2107,396.24,False,41.53,228.01,0.65,,327.66,,False,0,2025-06-30 23:17:01
a2a2df,UAL982  ,United States,1751325421.0,1751325421,-71.2409,41.0803,11887.2,False,259.39,50.31,-0.33,,12512.04,3633,False,0,2025-06-30 23:17:01
a9969b,FFT2770 ,United States,1751325421.0,1751325421,-74.0309,40.0218,7673.34,False,225.47,26.27,-5.53,,8107.68,1750,False,0,2025-06-30 23:17:01
a85095,N635CV  ,United States,1751325420.0,1751325421,-87.0044,36.6644,2545.08,False,152.54,153.78,-7.15,,2636.52,2131,False,0,2025-06-30 23:17:01
a3c2a9,AAL366  ,United States,1751325420.0,1751325420,-83.11,42.0023,11277.6,False,256.08,85.16,0.0,,11864.34,1423,False,0,2025-06-30 23:17:01
ad1cde,JBU315  ,United States,1751325421.0,1751325421,-83.4272,44.3308,10363.2,False,211.87,275.43,0.0,,10820.4,1104,False,0,2025-06-30 23:17:01
a98386,ASA337  ,United States,1751325420.0,1751325420,-87.9694,42.3285,4053.84,False,157.47,4.87,5.2,,4175.76,3234,False,0,2025-06-30 23:17:01
a982d6,CXK436  ,United States,1751325420.0,1751325421,-73.1199,40.7671,342.9,False,49.97,118.94,-0.33,,327.66,,False,0,2025-06-30 23:17:01
a05ab3,UCA4823 ,United States,1751325330.0,1751325335,-77.443,38.9481,,True,0.39,345.94,,,,,False,0,2025-06-30 23:17:01
a7db62,N605S   ,United States,1751325420.0,1751325421,-101.6988,35.748,12192.0,False,219.46,257.82,0.0,,12854.94,,False,0,2025-06-30 23:17:01
a982cc,N7115A  ,United States,1751325421.0,1751325421,-82.3496,28.4722,914.4,False,54.89,10.26,0.33,,944.88,,False,0,2025-06-30 23:17:01
a05aac,UCA4816 ,United States,1751325420.0,1751325420,-99.0294,33.4789,11277.6,False,220.35,130.64,1.3,,11948.16,,False,0,2025-06-30 23:17:01
add6ed,IRO7408 ,United States,1751325421.0,1751325421,-70.3626,43.8751,1043.94,False,70.26,209.38,-2.6,,1066.8,,False,0,2025-06-30 23:17:01
abcc8f,N86AS   ,United States,1751325109.0,1751325109,-79.4814,36.7354,1516.38,False,92.31,24.71,0.0,,1569.72,,False,0,2025-06-30 23:17:01
a742ec,SWA3115 ,United States,1751325420.0,1751325420,-93.0073,32.9358,11277.6,False,247.86,34.51,0.0,,11940.54,7206,False,0,2025-06-30 23:17:01
ad60bb,JSX901  ,United States,1751325420.0,1751325420,-99.813,34.4743,10058.4,False,229.81,129.64,0.0,,10637.52,,False,0,2025-06-30 23:17:01
a7ee6b,N61WT   ,United States,1751325419.0,1751325419,-74.2544,39.9326,259.08,False,56.78,72.06,0.98,,236.22,,False,0,2025-06-30 23:17:01
a26723,N254JA  ,United States,1751325277.0,1751325277,-86.1741,39.5436,1089.66,False,45.7,238.82,0.33,,1082.04,,False,0,2025-06-30 23:17:01
a18da2,N2DF    ,United States,1751325420.0,1751325420,-80.6787,27.6984,10111.74,False,215.8,339.92,12.68,,10675.62,6250,False,0,2025-06-30 23:17:01
04004a,ETH512  ,Ethiopia,1751325415.0,1751325419,-73.795,40.6411,,True,0.0,354.38,,,,,False,0,2025-06-30 23:17:01
a6bb97,JIA5501 ,United States,1751325420.0,1751325420,-75.2921,39.7256,7962.9,False,228.78,40.53,4.55,,8412.48,7037,False,0,2025-06-30 23:17:01
a742c2,AAL1663 ,United States,1751325420.0,1751325420,-107.0711,32.1156,8229.6,False,244.85,109.01,-0.33,,8724.9,4174,False,0,2025-06-30 23:17:01
a8fb11,N678SS  ,United States,1751325420.0,1751325420,-113.2485,33.2639,4648.2,False,139.48,38.56,0.33,,4899.66,6772,False,0,2025-06-30 23:17:01
a36105,EDV4889 ,United States,1751325393.0,1751325399,-94.2983,36.2632,434.34,False,69.66,339.69,-3.9,,441.96,4061,False,0,2025-06-30 23:17:01
a91b2b,TAI583  ,United States,1751325420.0,1751325420,-83.047,28.3898,10355.58,False,242.95,220.71,-0.33,,10949.94,6574,False,0,2025-06-30 23:17:01
aabeb5,N7914W  ,United States,1751325396.0,1751325399,-95.5243,39.0206,1402.08,False,52.9,352.74,-4.88,,1440.18,,False,0,2025-06-30 23:17:01
a79e8c,MTU90   ,United States,1751325403.0,1751325403,-86.6953,35.8238,914.4,False,63.06,78.23,0.33,,937.26,,False,0,2025-06-30 23:17:01
a6ce7d,DAL506  ,United States,1751325395.0,1751325400,-82.7663,25.6284,9144.0,False,225.46,302.89,0.33,,9692.64,,False,0,2025-06-30 23:17:01
a29aa5,SKW3728 ,United States,1751325420.0,1751325420,-112.0144,40.8258,1623.06,False,92.96,295.57,7.8,,1668.78,,False,0,2025-06-30 23:17:01
a1ddbb,JBU1211 ,United States,1751325421.0,1751325421,-99.5306,42.3181,10972.8,False,222.72,255.96,0.0,,11460.48,2746,False,0,2025-06-30 23:17:01
a17ac9,N195AL  ,United States,1751325420.0,1751325421,-97.5418,35.5053,1135.38,False,113.15,213.69,-5.53,,1158.24,1612,False,0,2025-06-30 23:17:01
a1210a,N172EL  ,United States,1751325418.0,1751325420,-121.4753,37.6923,1074.42,False,43.26,295.35,0.98,,1066.8,1200,False,0,2025-06-30 23:17:01
c0678c,N       ,Canada,1751325420.0,1751325420,-123.3382,48.8006,594.36,False,78.72,201.87,0.0,,617.22,,False,0,2025-06-30 23:17:01
aa6f80,SWA660  ,United States,1751325420.0,1751325420,-86.5392,36.1892,1074.42,False,108.03,342.26,-5.2,,1112.52,1073,False,0,2025-06-30 23:17:01
ac66c4,N899AA  ,United States,1751325299.0,1751325307,-81.4603,28.3228,213.36,False,45.97,148.27,-1.3,,236.22,1200,False,0,2025-06-30 23:17:01
a3b124,EDV5242 ,United States,1751325420.0,1751325420,-79.4466,42.2504,9441.18,False,250.63,84.58,-0.33,,9966.96,4176,False,0,2025-06-30 23:17:01
a54aaa,AAL2045 ,United States,1751325420.0,1751325420,-87.9268,34.7254,9738.36,False,235.42,257.63,0.0,,10347.96,4516,False,0,2025-06-30 23:17:01
aaac21,SKW5504 ,United States,1751325420.0,1751325420,-122.3584,37.6117,45.72,False,57.53,297.71,-2.93,,-7.62,7231,False,0,2025-06-30 23:17:01
a54aae,ASA300  ,United States,1751325420.0,1751325420,-81.1041,31.4951,9563.1,False,245.95,189.88,-5.2,,10111.74,1615,False,0,2025-06-30 23:17:01
a55ddf,N445H   ,United States,1751325420.0,1751325420,-73.1035,40.8225,2438.4,False,137.72,258.14,0.33,,2537.46,1642,False,0,2025-06-30 23:17:01
a29aff,SWA1083 ,United States,1751325420.0,1751325420,-99.2221,32.8565,11582.4,False,229.49,335.22,0.0,,12260.58,2501,False,0,2025-06-30 23:17:01
71c076,KAL274  ,Republic of Korea,1751325421.0,1751325421,-121.6326,36.0632,9144.0,False,271.82,325.8,0.0,,9555.48,,False,0,2025-06-30 23:17:01
a4943e,UAL2217 ,United States,1751325420.0,1751325421,-82.2891,36.3627,9144.0,False,243.18,239.91,0.33,,9692.64,0555,False,0,2025-06-30 23:17:01
c05403,WJA2724 ,Canada,1751325421.0,1751325421,-80.0164,28.3466,11277.6,False,247.18,168.6,0.0,,11849.1,0542,False,0,2025-06-30 23:17:01
acc9c3,ERU923  ,United States,1751325416.0,1751325417,-81.2163,28.9825,556.26,False,39.94,172.6,0.65,,594.36,1246,False,0,2025-06-30 23:17:01
a3612a,DAL1458 ,United States,1751325421.0,1751325421,-81.2369,29.0757,10050.78,False,212.79,339.33,0.0,,10607.04,0000,False,0,2025-06-30 23:17:01
a74412,N56757  ,United States,1751325308.0,1751325308,-87.2779,36.7225,213.36,False,37.42,71.57,-1.3,,182.88,,False,0,2025-06-30 23:17:01
a49441,UAL1971 ,United States,1751325420.0,1751325420,-100.4145,32.3946,10363.2,False,224.02,285.31,-0.33,,10980.42,3240,False,0,2025-06-30 23:17:01
ac53a0,ASH6252 ,United States,1751325421.0,1751325421,-94.2537,31.8286,8831.58,False,230.71,30.85,3.25,,9395.46,7301,False,0,2025-06-30 23:17:01
a98408,FFT1203 ,United States,1751325421.0,1751325421,-75.3653,39.6138,2529.84,False,140.49,181.47,10.73,,2636.52,,False,0,2025-06-30 23:17:01
ac53b2,SWA1306 ,United States,1751325385.0,1751325385,-100.6351,37.9153,10972.8,False,221.01,273.07,0.0,,11574.78,5670,False,0,2025-06-30 23:17:01
ae09de,SPRTN622,United States,1751325417.0,1751325421,-121.2976,38.3734,1402.08,False,68.94,359.14,0.0,,1402.08,4253,False,0,2025-06-30 23:17:01
a2a43c,N27B    ,United States,1751325161.0,1751325264,-83.0627,33.9545,822.96,False,56.79,42.8,0.98,,906.78,,False,0,2025-06-30 23:17:01
abdf4e,N864SL  ,United States,1751325421.0,1751325421,-118.3651,33.7002,1539.24,False,46.22,196.82,0.33,,1546.86,,False,0,2025-06-30 23:17:01
acff48,N9367H  ,United States,1751325420.0,1751325421,-80.4048,25.631,365.76,False,41.06,232.13,3.58,,396.24,,False,0,2025-06-30 23:17:01
ade9d4,NCJ96   ,United States,1751325421.0,1751325421,-96.3813,43.1047,6995.16,False,121.55,24.5,0.0,,7269.48,4521,False,0,2025-06-30 23:17:01
ad73a6,NKS2046 ,United States,1751325421.0,1751325421,-90.1348,39.4789,9456.42,False,246.21,32.2,-0.98,,9974.58,3453,False,0,2025-06-30 23:17:01
aabf80,AAL326  ,United States,1751325421.0,1751325421,-80.9435,35.1737,662.94,False,91.34,147.65,2.28,,670.56,,False,0,2025-06-30 23:17:01
a2679a,AAY1857 ,United States,1751325418.0,1751325418,-82.5435,35.4394,632.46,False,57.62,159.62,0.0,,632.46,,False,0,2025-06-30 23:17:01
c06751,WJA2965 ,Canada,1751325421.0,1751325421,-74.129,45.3296,3208.02,False,159.96,58.82,-5.53,,3314.7,1607,False,0,2025-06-30 23:17:01
a66ad4,N512WC  ,United States,1751325421.0,1751325421,-85.3114,30.9329,7002.78,False,197.15,40.13,0.65,,7391.4,,False,0,2025-06-30 23:17:01
a24142,N2440Q  ,United States,1751325421.0,1751325421,-121.5048,47.2581,2743.2,False,68.63,123.69,0.0,,2849.88,,False,0,2025-06-30 23:17:01
ad99f9,ASA1247 ,United States,1751325360.0,1751325360,-122.3069,47.4522,,True,5.92,115.31,,,,1723,False,0,2025-06-30 23:17:01
a80dac,NKS2285 ,United States,1751325420.0,1751325420,-76.5735,38.9015,1699.26,False,149.73,348.3,-3.58,,1775.46,7221,False,0,2025-06-30 23:17:01
ac53d5,SWA1378 ,United States,1751325420.0,1751325420,-76.7947,39.1947,2461.26,False,134.39,279.03,5.2,,2552.7,6516,False,0,2025-06-30 23:17:01
a9d2f2,N732EW  ,United States,1751325384.0,1751325388,-122.1217,37.6625,,True,0.06,196.88,,,,1200,False,0,2025-06-30 23:17:01
c06709,ACA1396 ,Canada,1751325418.0,1751325420,-79.6326,43.6875,205.74,True,0.0,315.0,,,,6350,False,0,2025-06-30 23:17:01
a3d755,AMF2924 ,United States,1751325420.0,1751325420,-113.1299,34.3241,3909.06,False,141.41,325.67,1.3,,4137.66,4243,True,0,2025-06-30 23:17:01
a63738,N5WF    ,United States,1751325420.0,1751325421,-121.3617,39.1212,2080.26,False,64.89,152.62,0.98,,2133.6,,False,0,2025-06-30 23:17:01
a0bf26,UAL1394 ,United States,1751325421.0,1751325421,-75.4757,38.7689,10363.2,False,249.46,186.27,0.0,,10957.56,3013,False,0,2025-06-30 23:17:01
ac53f8,SWA3347 ,United States,1751325421.0,1751325421,-94.3459,41.7499,11277.6,False,266.83,61.31,0.0,,11757.66,7375,False,0,2025-06-30 23:17:01
c06723,CGNBM   ,Canada,1751325420.0,1751325421,-72.9958,45.4814,944.88,False,34.09,174.81,-0.33,,,,False,0,2025-06-30 23:17:01
ac9c6d,N911WY  ,United States,1751325421.0,1751325421,-115.1829,36.2121,762.0,False,30.7,278.67,-0.98,,701.04,,False,0,2025-06-30 23:17:01
a8b2dd,N66LC   ,United States,1751325108.0,1751325108,-97.6304,37.6852,1577.34,False,96.96,108.24,-1.3,,1630.68,,False,0,2025-06-30 23:17:01
ab20e6,AAY1218 ,United States,1751325420.0,1751325421,-83.1232,34.8713,11582.4,False,233.27,329.08,0.0,,12268.2,7146,False,0,2025-06-30 23:17:01
ad60b7,JBU1873 ,United States,1751325421.0,1751325421,-74.1733,40.2683,2987.04,False,143.99,194.48,9.1,,3108.96,3062,False,0,2025-06-30 23:17:01
a12191,N172KW  ,United States,1751325421.0,1751325421,-117.1474,32.8028,480.06,False,48.0,120.96,0.33,,426.72,,False,0,2025-06-30 23:17:01
a54aa3,N440AF  ,United States,1751325420.0,1751325420,-120.3275,39.2279,7254.24,False,186.17,169.65,11.7,,7612.38,3710,False,0,2025-06-30 23:17:01
c06724,ACA1041 ,Canada,1751325420.0,1751325421,-82.4105,43.9801,8747.76,False,213.03,268.75,1.63,,9151.62,6304,False,0,2025-06-30 23:17:01
a3b110,AAY1717 ,United States,1751325419.0,1751325419,-117.5041,43.0447,10965.18,False,220.3,210.76,-0.33,,11506.2,,False,0,2025-06-30 23:17:01
71c042,KAL085  ,Republic of Korea,1751325419.0,1751325420,-83.2985,44.0846,11277.6,False,253.4,120.37,0.33,,11803.38,,False,0,2025-06-30 23:17:01
a146ce,SWA442  ,United States,1751325421.0,1751325421,-99.739,35.6666,10668.0,False,254.54,75.49,0.0,,11292.84,7520,False,0,2025-06-30 23:17:01
a8646b,N64RT   ,United States,1751325289.0,1751325350,-81.3989,31.4212,1874.52,False,135.96,163.97,-12.35,,1927.86,7327,False,0,2025-06-30 23:17:01
a8b476,PDT5843 ,United States,1751325420.0,1751325421,-82.2876,36.9637,9273.54,False,176.36,48.31,3.9,,9837.42,0310,False,0,2025-06-30 23:17:01
aa016e,N744AH  ,United States,1751325246.0,1751325246,-111.8069,33.2695,472.44,False,30.63,229.09,-5.85,,373.38,3454,False,0,2025-06-30 23:17:01
a05c59,AAL2495 ,United States,1751325420.0,1751325420,-80.7415,35.0763,3070.86,False,166.8,342.96,-4.88,,3230.88,2333,False,0,2025-06-30 23:17:01
a146f1,SWA482  ,United States,1751325420.0,1751325420,-89.9775,41.8236,9921.24,False,199.93,262.16,9.43,,10370.82,0231,False,0,2025-06-30 23:17:01
a43f00,N373AR  ,United States,1751325421.0,1751325421,-85.6628,32.1718,5181.6,False,95.33,96.82,3.58,,5425.44,4205,False,0,2025-06-30 23:17:01
a6119b,N490RM  ,United States,1751325418.0,1751325420,-80.896,36.7263,7383.78,False,164.62,0.0,10.73,,7780.02,,False,0,2025-06-30 23:17:01
a279cb,JSX178  ,United States,1751325420.0,1751325421,-119.6534,35.722,9136.38,False,234.82,320.07,4.88,,9563.1,2067,False,0,2025-06-30 23:17:01
a026e1,RPA9933 ,United States,1751325420.0,1751325421,-76.7111,36.9869,4724.4,False,176.26,306.33,11.05,,5006.34,,False,0,2025-06-30 23:17:01
ac79a3,AAL2399 ,United States,1751325420.0,1751325421,-97.1524,33.0974,1082.04,False,112.74,22.82,-8.45,,1135.38,3450,False,0,2025-06-30 23:17:01
a55f31,SWA4683 ,United States,1751325420.0,1751325420,-82.0085,28.3612,3543.3,False,160.52,270.73,-1.95,,3756.66,4130,False,0,2025-06-30 23:17:01
a120af,CXK276  ,United States,1751325420.0,1751325420,-112.2508,41.3563,1958.34,False,52.5,1.68,0.65,,2026.92,,False,0,2025-06-30 23:17:01
ab8f0d,DAL500  ,United States,1751325420.0,1751325420,-86.2713,35.9366,9250.68,False,241.01,299.68,5.2,,9806.94,5756,False,0,2025-06-30 23:17:01
a8c759,FFT3265 ,United States,1751325420.0,1751325421,-87.6696,35.638,9753.6,False,225.35,256.53,-0.33,,10363.2,1256,False,0,2025-06-30 23:17:01
a0bf8c,UAL545  ,United States,1751325420.0,1751325421,-79.1849,37.1337,11125.2,False,230.74,229.88,8.13,,11780.52,7032,False,0,2025-06-30 23:17:01
c078ff,CGTVI   ,Canada,1751325420.0,1751325421,-75.942,45.2577,525.78,False,41.64,297.2,0.65,,472.44,,False,0,2025-06-30 23:17:01
a6246e,UAL2696 ,United States,1751325420.0,1751325420,-104.5215,39.9239,3261.36,False,135.33,1.31,-2.6,,3467.1,7266,False,0,2025-06-30 23:17:01
a1cc46,MXY243  ,United States,1751325421.0,1751325421,-79.034,41.9553,10668.0,False,253.33,81.47,0.0,,11247.12,1361,False,0,2025-06-30 23:17:01
a3b186,AAL3012 ,United States,1751325421.0,1751325421,-89.7417,29.706,11277.6,False,239.07,122.25,0.0,,11971.02,6072,False,0,2025-06-30 23:17:01
a86461,N64RH   ,United States,1751325420.0,1751325421,-122.0948,37.4407,152.4,False,35.77,319.67,-0.98,,106.68,1200,False,0,2025-06-30 23:17:01
c052ca,WJA1775 ,Canada,1751325420.0,1751325421,-122.2782,46.5028,10972.8,False,253.11,0.0,0.0,,11407.14,6375,False,0,2025-06-30 23:17:01
adb17b,N9812B  ,United States,1751325420.0,1751325420,-123.091,47.3544,1097.28,False,28.59,278.28,-0.65,,1150.62,,False,0,2025-06-30 23:17:01
acc9b2,DAL2323 ,United States,1751325413.0,1751325419,-97.6591,30.2022,,True,0.0,357.19,,,,0530,True,0,2025-06-30 23:17:01
ab46c2,N8257G  ,United States,1751325421.0,1751325421,-118.379,34.1429,1706.88,False,55.74,99.03,-0.33,,1706.88,,False,0,2025-06-30 23:17:01
a133c7,CVU77   ,United States,1751325288.0,1751325296,-113.4318,36.4541,2834.64,False,88.75,68.94,0.0,,2994.66,,False,0,2025-06-30 23:17:01
c1e8ae,BUS827  ,Canada,1751325219.0,1751325219,-79.6314,43.6805,,True,10.8,135.0,,,,,False,0,2025-06-30 23:17:01
a146f9,UAL238  ,United States,1751325366.0,1751325366,-74.1696,40.6952,,True,2.06,25.31,,,,,False,0,2025-06-30 23:17:01
c1e8d3,TR442   ,Canada,1751325240.0,1751325240,-79.6293,43.6788,,True,3.86,101.25,,,,,False,0,2025-06-30 23:17:01
a61173,EDV5306 ,United States,1751325412.0,1751325420,-79.6347,43.6878,198.12,True,0.06,255.94,,,,2276,False,0,2025-06-30 23:17:01
a17c65,SKW3276 ,United States,1751325420.0,1751325420,-119.8724,37.8776,6858.0,False,177.57,166.77,-5.2,,7178.04,1540,False,0,2025-06-30 23:17:01
a013ee,DAL2885 ,United States,1751325420.0,1751325420,-90.5182,44.7012,10302.24,False,208.75,300.67,3.9,,10607.04,6234,False,0,2025-06-30 23:17:01
c1e8bb,BLUE342 ,Canada,1751325262.0,1751325262,-79.628,43.6891,,True,4.63,0.0,,,,,False,0,2025-06-30 23:17:01
ad99b0,N9758H  ,United States,1751325420.0,1751325420,-77.0843,37.854,1524.0,False,75.62,59.77,-0.33,,1562.1,,False,0,2025-06-30 23:17:01
c052d3,WJA2915 ,Canada,1751325420.0,1751325420,-75.8298,37.7673,10668.0,False,228.87,33.26,0.0,,11292.84,6764,False,0,2025-06-30 23:17:01
a3e9b2,DAL2661 ,United States,1751325421.0,1751325421,-78.364,43.0295,11277.6,False,262.42,98.11,-0.33,,11849.1,3633,False,0,2025-06-30 23:17:01
abdf22,EJA864  ,United States,1751325420.0,1751325420,-98.6402,38.4258,12496.8,False,259.68,93.18,0.0,,13098.78,3355,False,0,2025-06-30 23:17:01
a996a1,IRO7440 ,United States,1751325420.0,1751325420,-88.9263,45.1656,2468.88,False,75.37,188.24,0.33,,2491.74,,False,0,2025-06-30 23:17:01
4850f5,KLM166  ,Kingdom of the Netherlands,1751325420.0,1751325421,-80.0394,39.471,10972.8,False,242.13,213.83,0.0,,11620.5,7556,False,0,2025-06-30 23:17:01
a91c02,N6861F  ,United States,1751325421.0,1751325421,-119.0152,34.2074,1043.94,False,54.5,287.58,-2.93,,1021.08,,False,0,2025-06-30 23:17:01
a3c3e0,UAL2650 ,United States,1751325420.0,1751325420,-80.9293,41.8195,11887.2,False,257.3,93.9,0.0,,12512.04,3665,False,0,2025-06-30 23:17:01
c065b2,CGMNH   ,Canada,1751325339.0,1751325366,-79.7596,44.2581,655.32,False,55.0,277.52,-3.58,,632.46,1200,False,0,2025-06-30 23:17:01
a54c60,UAL2241 ,United States,1751325420.0,1751325420,-78.7809,38.0545,8420.1,False,219.81,248.3,6.18,,8930.64,7015,False,0,2025-06-30 23:17:01
a67f81,DAL887  ,United States,1751325420.0,1751325420,-98.8154,43.4841,10363.2,False,220.77,268.53,0.0,,10782.3,3046,False,0,2025-06-30 23:17:01
89911b,CAL5232 ,Taiwan,1751325131.0,1751325134,-97.9485,48.2493,10668.0,False,275.34,119.68,0.0,,10927.08,5633,False,0,2025-06-30 23:17:01
a43f7d,FFT4316 ,United States,1751325420.0,1751325420,-99.749,31.7092,11277.6,False,239.69,76.47,0.33,,11955.78,6142,False,0,2025-06-30 23:17:01
a2b6ff,SKW3605 ,United States,1751325420.0,1751325420,-120.0122,46.9322,5829.3,False,202.38,108.53,-12.03,,6118.86,4703,False,0,2025-06-30 23:17:01
a8fc09,UAL2135 ,United States,1751325420.0,1751325420,-86.3806,40.9853,6705.6,False,211.77,335.3,-0.33,,7010.4,1034,False,0,2025-06-30 23:17:01
ac541b,SWA889  ,United States,1751325278.0,1751325383,-89.3694,33.0594,11887.2,False,225.64,144.93,0.0,,12595.86,1150,False,0,2025-06-30 23:17:01
a29c6c,N26778  ,United States,1751325420.0,1751325420,-119.1621,34.1409,822.96,False,48.58,114.39,0.65,,807.72,,False,0,2025-06-30 23:17:01
a17c95,AAL1717 ,United States,1751325420.0,1751325421,-95.2428,44.2896,10050.78,False,256.31,111.67,-0.33,,10347.96,0021,False,0,2025-06-30 23:17:01
a253dd,N2490Y  ,United States,1751325417.0,1751325417,-87.8116,43.8722,975.36,False,49.43,2.39,-0.98,,967.74,,False,0,2025-06-30 23:17:01
a66c5d,N5128R  ,United States,1751325420.0,1751325420,-121.2305,44.4594,1981.2,False,56.67,15.8,-0.33,,2034.54,,False,0,2025-06-30 23:17:01
a120f3,DAL669  ,United States,1751325241.0,1751325241,-111.2409,42.5892,10675.62,False,248.25,66.94,0.0,,11201.4,,False,0,2025-06-30 23:17:01
406ecc,VIR47GH ,United Kingdom,1751325420.0,1751325420,-73.8502,46.6694,10972.8,False,235.1,241.08,0.0,,11460.48,2467,False,0,2025-06-30 23:17:01
ab477d,DAL1946 ,United States,1751325280.0,1751325291,-72.2536,25.44,10363.2,False,238.14,329.78,0.0,,10934.7,,False,0,2025-06-30 23:17:01
a67f8a,DAL26   ,United States,1751325419.0,1751325420,-96.177,41.3468,12496.8,False,277.14,118.37,0.0,,13007.34,1135,False,0,2025-06-30 23:17:01
ac4107,UAL310  ,United States,1751325421.0,1751325421,-91.9356,41.2401,9128.76,False,208.45,248.12,0.0,,9563.1,3105,False,0,2025-06-30 23:17:01
a6bc31,SKW5901 ,United States,1751325420.0,1751325421,-87.9777,42.0211,1257.3,False,119.41,1.73,9.1,,1272.54,6524,False,0,2025-06-30 23:17:01
abdde6,FRV864  ,United States,1751325361.0,1751325361,-80.1911,26.1966,30.48,False,60.62,83.18,-3.9,,91.44,,False,0,2025-06-30 23:17:01
a649ce,N504LH  ,United States,1751325344.0,1751325347,-88.1806,41.5193,396.24,False,54.08,214.14,-3.25,,373.38,1200,False,0,2025-06-30 23:17:01
ac9ac3,N911DX  ,United States,1751325421.0,1751325421,-92.1257,41.652,754.38,False,73.63,267.6,0.0,,762.0,,False,0,2025-06-30 23:17:01
a9c151,AAL136  ,United States,1751325421.0,1751325421,-95.4182,43.7258,10058.4,False,273.24,61.55,0.0,,10401.3,1057,False,0,2025-06-30 23:17:01
a8517f,N635ND  ,United States,1751325420.0,1751325420,-122.8243,47.4333,1089.66,False,42.95,214.26,2.28,,1127.76,5150,False,0,2025-06-30 23:17:01
c0407b,ROU1976 ,Canada,1751325421.0,1751325421,-71.2086,46.9205,1127.76,False,85.17,226.96,-4.88,,1135.38,,False,0,2025-06-30 23:17:01
add734,JBU777  ,United States,1751325421.0,1751325421,-76.3577,43.1187,10972.8,False,209.91,274.08,0.0,,11529.06,1406,False,0,2025-06-30 23:17:01
a3e9fd,N351RB  ,United States,1751325420.0,1751325420,-102.397,35.5681,9448.8,False,160.55,119.36,0.0,,9989.82,,False,0,2025-06-30 23:17:01
ab213e,SLH816  ,United States,1751325421.0,1751325421,-104.2775,38.3551,12192.0,False,202.7,243.96,-0.33,,12816.84,,False,0,2025-06-30 23:17:01
405bfb,BAW223N ,United Kingdom,1751325420.0,1751325420,-81.4069,38.506,11582.4,False,240.7,242.23,0.0,,12245.34,4002,False,0,2025-06-30 23:17:01
ad1de0,N909KC  ,United States,1751325350.0,1751325350,-94.8917,38.8038,396.24,False,44.25,359.33,-2.6,,411.48,,False,0,2025-06-30 23:17:01
405bfc,BAW22B  ,United Kingdom,1751325420.0,1751325420,-74.4883,38.9785,5737.86,False,185.15,219.93,-7.8,,6057.9,1055,False,0,2025-06-30 23:17:01
ac9abc,DAL1939 ,United States,1751325419.0,1751325420,-86.0103,33.3234,8069.58,False,220.43,242.48,8.45,,8542.02,7155,False,0,2025-06-30 23:17:01
ab214d,SCX504  ,United States,1751325298.0,1751325300,-93.1797,44.8642,365.76,False,76.4,301.23,-3.9,,335.28,6201,False,0,2025-06-30 23:17:01
a360f6,N317BL  ,United States,1751325346.0,1751325352,-98.0043,35.4648,426.72,False,26.75,0.0,-2.28,,419.1,,False,0,2025-06-30 23:17:01
ab2169,UAL358  ,United States,1751325420.0,1751325420,-95.9301,33.0278,6377.94,False,228.63,69.04,6.18,,6743.7,3630,False,0,2025-06-30 23:17:01
a55f6c,RPA4418 ,United States,1751325420.0,1751325421,-73.8058,40.8965,617.22,False,92.41,142.24,0.33,,624.84,6010,False,0,2025-06-30 23:17:01
a2ec85,N288JK  ,United States,1751325301.0,1751325316,-121.3276,38.566,274.32,False,45.84,135.91,-4.23,,259.08,,False,0,2025-06-30 23:17:01
a503bd,N422HA  ,United States,1751325408.0,1751325420,-95.8683,33.7682,1615.44,False,67.51,29.69,0.33,,1676.4,2544,True,0,2025-06-30 23:17:01
a55b7a,SWA3865 ,United States,1751325241.0,1751325241,-118.264,38.037,9144.0,False,250.55,303.53,0.33,,9616.44,,False,0,2025-06-30 23:17:01
a8d5bd,AAL1735 ,United States,1751325421.0,1751325421,-84.5053,38.0288,10668.0,False,236.42,139.41,0.0,,11308.08,6533,False,0,2025-06-30 23:17:01
c06461,AIE705  ,Canada,1751325420.0,1751325421,-74.4741,46.977,8930.64,False,218.42,172.56,-4.55,,9304.02,,False,0,2025-06-30 23:17:01
a55b7f,N444WT  ,United States,1751325421.0,1751325421,-95.2746,44.2439,12496.8,False,275.82,55.72,0.0,,12893.04,6734,False,0,2025-06-30 23:17:01
a512ff,N426MC  ,United States,1751325419.0,1751325419,-84.057,40.2251,1188.72,False,59.78,93.45,-1.3,,1219.2,,False,0,2025-06-30 23:17:01
a15739,N186CS  ,United States,1751325420.0,1751325421,-122.0985,37.5062,335.28,False,56.19,183.67,-2.93,,274.32,1200,False,0,2025-06-30 23:17:01
ade6c6,N995S   ,United States,1751325382.0,1751325382,-76.9702,35.101,2308.86,False,113.45,332.16,-4.23,,2400.3,,False,0,2025-06-30 23:17:01
a79b50,N59CR   ,United States,1751325417.0,1751325421,-82.0298,34.7206,1699.26,False,100.57,334.88,-3.9,,1752.6,7234,False,0,2025-06-30 23:17:01
ac50ad,N893CB  ,United States,1751325419.0,1751325419,-86.0819,35.8239,1493.52,False,81.28,89.64,4.55,,1470.66,,False,0,2025-06-30 23:17:01
abef98,SWA980  ,United States,1751325420.0,1751325420,-119.6104,46.0932,10988.04,False,231.86,310.05,0.0,,11437.62,,False,0,2025-06-30 23:17:01
a43b85,DAL1884 ,United States,1751325421.0,1751325421,-80.0457,33.5772,11277.6,False,225.24,26.74,-0.65,,11932.92,1303,False,0,2025-06-30 23:17:01
aa23ea,N75202  ,United States,1751325420.0,1751325420,-71.4079,43.2527,1402.08,False,45.51,174.16,0.0,,1424.94,,False,0,2025-06-30 23:17:01
a92b0c,DAL591  ,United States,1751325420.0,1751325420,-104.0111,36.8302,11277.6,False,244.93,88.8,0.0,,11902.44,,False,0,2025-06-30 23:17:01
ad70ba,SWA2144 ,United States,1751325420.0,1751325420,-96.4108,40.7891,12192.0,False,211.88,258.09,0.0,,12733.02,1372,False,0,2025-06-30 23:17:01
abdc78,SWA2472 ,United States,1751325420.0,1751325420,-103.787,38.1526,9738.36,False,249.15,149.2,6.18,,10271.76,,False,0,2025-06-30 23:17:01
a5ab6f,N4644V  ,United States,1751325419.0,1751325420,-122.5479,48.5208,975.36,False,43.01,306.73,1.3,,1021.08,,False,0,2025-06-30 23:17:01
a7eb3b,N6091T  ,United States,1751325421.0,1751325421,-122.2981,47.9335,487.68,False,56.59,180.0,-1.3,,457.2,,False,0,2025-06-30 23:17:01
a8e8dd,N673WM  ,United States,1751325351.0,1751325409,-94.3297,30.6002,4884.42,False,185.09,246.93,-9.75,,5158.74,5313,False,0,2025-06-30 23:17:01
abdc91,ASH6344 ,United States,1751325420.0,1751325421,-96.7063,32.1999,8839.2,False,238.19,166.38,0.0,,9410.7,1003,False,0,2025-06-30 23:17:01
abdc92,ASH6240 ,United States,1751325306.0,1751325420,-93.4157,32.4318,8839.2,False,236.87,34.38,0.0,,9372.6,4052,False,0,2025-06-30 23:17:01
abdc96,ASH6097 ,United States,1751325420.0,1751325420,-88.8969,36.6176,9753.6,False,212.21,245.05,0.0,,10332.72,7630,False,0,2025-06-30 23:17:01
acfc56,DAL1386 ,United States,1751325421.0,1751325421,-79.625,32.2119,9753.6,False,246.52,294.8,0.0,,10302.24,6654,False,0,2025-06-30 23:17:01
a8d5c3,N669BB  ,United States,1751325420.0,1751325421,-107.1016,38.6986,9288.78,False,203.9,168.95,10.4,,9814.56,,False,0,2025-06-30 23:17:01
ae4f86,HEX32   ,United States,1751325394.0,1751325394,-117.6364,32.6953,91.44,False,42.93,225.97,0.0,,53.34,,False,0,2025-06-30 23:17:01
a81e85,N622JT  ,United States,1751325420.0,1751325421,-79.7496,27.508,4846.32,False,204.64,193.37,-9.75,,5074.92,2771,False,0,2025-06-30 23:17:01
add3dc,AAL1915 ,United States,1751325377.0,1751325377,-97.0261,32.901,,True,16.46,185.62,,,,6572,False,0,2025-06-30 23:17:01
a0baa1,SKW4792 ,United States,1751325226.0,1751325226,-87.9085,41.9716,,True,10.29,90.0,,,,,False,0,2025-06-30 23:17:01
a68e4c,SKW6398 ,United States,1751325420.0,1751325420,-111.995,33.431,,True,20.06,270.0,,,,,False,0,2025-06-30 23:17:01
a02457,N108VR  ,United States,1751325420.0,1751325420,-104.663,38.6449,3901.44,False,151.45,128.93,12.35,,4152.9,,False,0,2025-06-30 23:17:01
a1574e,DAL353  ,United States,1751325412.0,1751325415,-73.7893,40.6585,,True,0.0,264.38,,,,,False,0,2025-06-30 23:17:01
a79b0b,N58998  ,United States,1751325187.0,1751325187,-82.3641,34.867,457.2,False,50.68,5.83,-3.25,,472.44,,False,0,2025-06-30 23:17:01
a7fe18,N614FA  ,United States,1751325421.0,1751325421,-123.0086,45.6751,1386.84,False,41.27,349.95,3.9,,1440.18,,False,0,2025-06-30 23:17:01
a3970f,AAY2646 ,United States,1751325421.0,1751325421,-85.1461,33.467,10972.8,False,239.5,327.81,0.0,,11620.5,6034,False,0,2025-06-30 23:17:01
add3d9,NKS2056 ,United States,1751325420.0,1751325421,-83.3624,32.8588,11277.6,False,241.68,193.92,0.0,,11948.16,7101,False,0,2025-06-30 23:17:01
abdc9b,SWA2267 ,United States,1751325420.0,1751325420,-114.8774,36.0734,1851.66,False,128.1,270.23,-6.5,,1905.0,1402,False,0,2025-06-30 23:17:01
a6cb01,LXJ537  ,United States,1751325420.0,1751325420,-122.7294,46.787,3665.22,False,171.0,22.09,-3.25,,3825.24,3760,False,0,2025-06-30 23:17:01
aa36e7,N75733  ,United States,1751325420.0,1751325420,-116.9817,32.6612,883.92,False,53.07,16.33,-1.3,,861.06,,False,0,2025-06-30 23:17:01
a752b3,LXJ571  ,United States,1751325421.0,1751325421,-83.4843,40.5902,5783.58,False,221.19,65.1,0.33,,6042.66,1373,False,0,2025-06-30 23:17:01
aa23b3,RPA3444 ,United States,1751325421.0,1751325421,-85.2024,43.7219,8534.4,False,204.34,197.89,0.0,,8892.54,6442,False,0,2025-06-30 23:17:01
a03765,AAL4    ,United States,1751325421.0,1751325421,-116.2372,35.2909,9235.44,False,257.81,47.59,5.85,,9730.74,7714,False,0,2025-06-30 23:17:01
a4f2bc,N418KC  ,United States,1751325421.0,1751325421,-95.5811,29.0899,10058.4,False,175.31,13.75,0.0,,10660.38,7334,False,0,2025-06-30 23:17:01
a27737,SWA3058 ,United States,1751325420.0,1751325420,-116.7686,36.5831,10279.38,False,240.33,317.6,4.88,,10812.78,,False,0,2025-06-30 23:17:01
ac7809,N902QS  ,United States,1751325420.0,1751325420,-79.4154,26.5198,2430.78,False,147.9,266.61,-11.05,,2575.56,,False,0,2025-06-30 23:17:01
ab4505,N825SG  ,United States,1751325421.0,1751325421,-101.9535,26.6147,11887.2,False,244.65,51.66,0.33,,12595.86,,False,0,2025-06-30 23:17:01
c00dce,FLE640  ,Canada,1751325417.0,1751325417,-92.6428,48.2833,11277.6,False,250.66,110.29,0.0,,11521.44,,False,0,2025-06-30 23:17:01
a06ab1,N126HF  ,United States,1751325332.0,1751325332,-73.0874,40.8078,121.92,False,32.01,225.0,-3.58,,114.3,,False,0,2025-06-30 23:17:01
a01112,AAL341  ,United States,1751325420.0,1751325421,-102.1745,41.7943,10355.58,False,228.32,254.18,0.0,,10866.12,2261,False,0,2025-06-30 23:17:01
a1440c,SWA785  ,United States,1751325420.0,1751325420,-122.0192,46.7632,6598.92,False,220.44,171.68,7.48,,6903.72,1552,False,0,2025-06-30 23:17:01
ab9eb0,N848MM  ,United States,1751325420.0,1751325420,-82.8554,27.8766,60.96,False,30.94,176.19,0.33,,91.44,1200,False,0,2025-06-30 23:17:01
a3d425,FFT690  ,United States,1751325419.0,1751325420,-101.646,38.0545,10668.0,False,244.47,94.1,-0.65,,11239.5,,False,0,2025-06-30 23:17:01
a32ddd,N30370  ,United States,1751325421.0,1751325421,-82.6028,33.5664,1036.32,False,36.33,282.26,3.25,,1074.42,,False,0,2025-06-30 23:17:01
a0cdff,N151B   ,United States,1751325420.0,1751325420,-73.7498,41.0086,1135.38,False,95.31,225.0,9.1,,1158.24,,False,0,2025-06-30 23:17:01
a26462,N253TX  ,United States,1751325420.0,1751325420,-74.0905,40.5585,3649.98,False,184.97,192.53,0.65,,3802.38,1153,False,0,2025-06-30 23:17:01
abb9b2,SWA4514 ,United States,1751325421.0,1751325421,-121.3457,36.9597,6400.8,False,210.85,132.33,9.43,,6675.12,2164,False,0,2025-06-30 23:17:01
adc171,N986AC  ,United States,1751325216.0,1751325227,-96.816,43.5543,800.1,False,128.74,95.73,-2.28,,822.96,,False,0,2025-06-30 23:17:01
aa7ec3,UAL1478 ,United States,1751325420.0,1751325421,-84.3503,30.323,10668.0,False,241.88,124.6,0.0,,11300.46,2503,False,0,2025-06-30 23:17:01
a1ede9,UAL933  ,United States,1751325420.0,1751325420,-73.8691,39.5472,10363.2,False,244.12,220.47,0.0,,10972.8,2217,False,0,2025-06-30 23:17:01
a4f414,RPA9937 ,United States,1751325421.0,1751325421,-80.0662,40.5752,1226.82,False,142.74,112.68,0.65,,1249.68,4455,False,0,2025-06-30 23:17:01
ac76b2,OZN902  ,United States,1751325420.0,1751325420,-80.4979,25.6403,243.84,False,48.46,86.35,-1.3,,281.94,,False,0,2025-06-30 23:17:01
a0cdf3,AAL3066 ,United States,1751325420.0,1751325420,-96.4544,33.3183,3596.64,False,158.45,251.45,-4.23,,3787.14,1321,False,0,2025-06-30 23:17:01
aabc11,ENY3869 ,United States,1751325420.0,1751325420,-86.2279,34.1749,8199.12,False,215.04,0.27,5.85,,8702.04,5637,False,0,2025-06-30 23:17:01
ab9f54,UAL1787 ,United States,1751325414.0,1751325414,-104.6601,39.8659,1584.96,False,78.2,180.38,-4.23,,1668.78,2067,False,0,2025-06-30 23:17:01
abb9d5,N8549P  ,United States,1751325420.0,1751325420,-100.8795,32.0,2346.96,False,53.15,94.44,-2.6,,2476.5,,False,0,2025-06-30 23:17:01
c0772d,CGTDK   ,Canada,1751325409.0,1751325409,-123.4811,48.6599,243.84,False,34.34,106.53,-1.3,,289.56,,False,0,2025-06-30 23:17:01
a1dab3,JBU1178 ,United States,1751325421.0,1751325421,-72.5407,42.6736,7559.04,False,233.68,99.5,-9.1,,7940.04,7351,False,0,2025-06-30 23:17:01
a14452,SWA937  ,United States,1751325420.0,1751325420,-109.8078,37.1841,11277.6,False,239.73,78.11,0.65,,11894.82,,False,0,2025-06-30 23:17:01
a2b416,UAL2603 ,United States,1751325421.0,1751325421,-103.6718,40.0375,5532.12,False,213.82,77.64,9.43,,5852.16,,False,0,2025-06-30 23:17:01
abb9df,SWA1983 ,United States,1751325418.0,1751325420,-87.0595,32.8443,11277.6,False,234.44,63.83,0.0,,11955.78,0013,False,0,2025-06-30 23:17:01
c07721,TSC510  ,Canada,1751325238.0,1751325238,-73.7509,45.4666,,True,5.14,289.69,,,,,False,0,2025-06-30 23:17:01
adc17b,AAL2767 ,United States,1751325421.0,1751325421,-99.1047,32.4678,7985.76,False,228.41,251.48,3.58,,8465.82,6221,False,0,2025-06-30 23:17:01
ab9f61,WUP848  ,United States,1751325420.0,1751325420,-78.768,36.3029,7620.0,False,151.19,41.83,0.0,,8092.44,,False,0,2025-06-30 23:17:01
a1311e,SKW3350 ,United States,1751325421.0,1751325421,-116.4171,33.041,8846.82,False,226.23,298.08,-12.03,,9342.12,,False,0,2025-06-30 23:17:01
c00da8,FLE608  ,Canada,1751325420.0,1751325421,-88.4648,44.682,11277.6,False,251.14,110.25,0.0,,11681.46,4475,True,0,2025-06-30 23:17:01
ab8c37,AAL2943 ,United States,1751325420.0,1751325420,-82.9445,37.6829,9448.8,False,248.14,85.72,0.0,,10012.68,1404,False,0,2025-06-30 23:17:01
adc180,DAL3204 ,United States,1751325420.0,1751325420,-85.3799,33.7285,5273.04,False,207.46,307.95,5.53,,5577.84,7500,False,0,2025-06-30 23:17:01
ac0f4d,SWA5555 ,United States,1751325421.0,1751325421,-106.3767,40.0308,9022.08,False,233.95,264.95,2.93,,9540.24,3225,False,0,2025-06-30 23:17:01
aabc3a,N791FA  ,United States,1751325419.0,1751325419,-119.0359,35.4182,335.28,False,35.89,297.3,-3.58,,259.08,,False,0,2025-06-30 23:17:01
a872e8,N6431N  ,United States,1751325291.0,1751325292,-118.732,34.7097,2164.08,False,71.55,350.06,3.25,,2232.66,1200,False,0,2025-06-30 23:17:01
ad1c38,N944CB  ,United States,1751325421.0,1751325421,-117.5792,33.5365,1706.88,False,60.98,25.48,-1.95,,1737.36,,False,0,2025-06-30 23:17:01
acfc26,NCR519  ,United States,1751325420.0,1751325420,-111.1021,35.3484,12192.0,False,244.2,318.59,0.0,,12847.32,,False,0,2025-06-30 23:17:01
a8d5db,EDV5374 ,United States,1751325114.0,1751325114,-84.4304,33.6411,,True,3.34,75.94,,,,5146,False,0,2025-06-30 23:17:01
acc6ce,NKS2687 ,United States,1751325419.0,1751325419,-112.5437,36.8557,11262.36,False,239.99,70.59,0.0,,11887.2,7755,False,0,2025-06-30 23:17:01
a39781,AAL2718 ,United States,1751325420.0,1751325420,-82.7699,36.9303,10668.0,False,239.85,56.55,-0.33,,11315.7,7306,False,0,2025-06-30 23:17:01
a92b66,RTY690  ,United States,1751325421.0,1751325421,-105.0236,40.4758,1531.62,False,38.58,163.74,-2.28,,1607.82,,False,0,2025-06-30 23:17:01
ad2f75,JSX651  ,United States,1751325420.0,1751325420,-119.8691,36.9096,10058.4,False,233.09,80.6,-1.63,,10546.08,3237,False,0,2025-06-30 23:17:01
a44de8,N377BC  ,United States,1751325420.0,1751325420,-72.6596,43.8344,1851.66,False,87.09,148.28,0.0,,1905.0,,False,0,2025-06-30 23:17:01
a2519f,MXY110  ,United States,1751325421.0,1751325421,-93.6049,36.0169,4541.52,False,173.47,279.04,-9.43,,4777.74,2061,False,0,2025-06-30 23:17:01
a62151,N4940E  ,United States,1751325416.0,1751325416,-115.2028,36.2123,,True,4.37,267.19,,,,,False,0,2025-06-30 23:17:01
a8c439,PDT5973 ,United States,1751325421.0,1751325421,-77.5819,35.3562,6705.6,False,230.93,204.34,-0.33,,7109.46,1160,False,0,2025-06-30 23:17:01
4ba953,THY7    ,Turkey,1751325421.0,1751325421,-71.0008,43.0833,10972.8,False,250.48,211.31,0.0,,11544.3,2520,False,0,2025-06-30 23:17:01
a19f29,SWA958  ,United States,1751325421.0,1751325421,-85.4643,32.5052,11277.6,False,222.37,49.97,0.0,,11948.16,4273,False,0,2025-06-30 23:17:01
ad976e,NKS2447 ,United States,1751325421.0,1751325421,-80.4692,34.7878,11582.4,False,243.66,196.56,0.0,,12283.44,1154,False,0,2025-06-30 23:17:01
a1b9c9,N210CW  ,United States,1751325420.0,1751325420,-78.496,34.6264,2438.4,False,76.05,201.01,0.0,,2537.46,,False,0,2025-06-30 23:17:01
a6cacb,DAL1672 ,United States,1751325417.0,1751325421,-115.138,36.0804,,True,3.09,343.12,,,,,False,0,2025-06-30 23:17:01
a7fde3,N614CY  ,United States,1751325421.0,1751325421,-93.7973,42.3089,1036.32,False,70.8,337.35,-2.6,,1051.56,,False,0,2025-06-30 23:17:01
ab4489,DAL30   ,United States,1751325421.0,1751325421,-71.9671,40.2942,9448.8,False,248.29,55.55,0.0,,9997.44,7105,False,0,2025-06-30 23:17:01
a023a5,AAL2459 ,United States,1751325421.0,1751325421,-92.7348,40.9978,11269.98,False,267.39,74.15,0.0,,11795.76,5062,False,0,2025-06-30 23:17:01
a88774,JBU1694 ,United States,1751325420.0,1751325420,-73.1922,41.0891,1562.1,False,135.27,291.88,-6.5,,1638.3,7175,False,0,2025-06-30 23:17:01
a92abb,PDT5984 ,United States,1751325421.0,1751325421,-86.3834,34.8178,3337.56,False,150.96,264.33,0.0,,3520.44,0461,False,0,2025-06-30 23:17:01
a20f1a,UCA4243 ,United States,1751325421.0,1751325421,-89.1868,30.0576,4579.62,False,150.97,225.41,9.75,,4838.7,,False,0,2025-06-30 23:17:01
a4e181,RRA4407 ,United States,1751325421.0,1751325421,-79.8875,42.2023,8854.44,False,235.96,61.48,5.2,,9326.88,,False,0,2025-06-30 23:17:01
acb469,CNS612  ,United States,1751325421.0,1751325421,-71.3254,42.4747,198.12,False,52.02,92.83,-3.9,,175.26,,False,0,2025-06-30 23:17:01
a25188,GTI4542 ,United States,1751325420.0,1751325420,-95.6593,41.1349,11277.6,False,268.33,117.89,0.33,,11742.42,6636,False,0,2025-06-30 23:17:01
ad7125,N9650V  ,United States,1751325421.0,1751325421,-112.3301,40.9699,2103.12,False,54.76,26.81,-0.33,,2179.32,,False,0,2025-06-30 23:17:01
a87468,N644DF  ,United States,1751325420.0,1751325421,-80.4591,25.5962,289.56,False,52.0,244.2,-0.33,,312.42,,False,0,2025-06-30 23:17:01
4ba946,THY12E  ,Turkey,1751325420.0,1751325420,-106.1315,42.0512,8839.2,False,257.02,48.81,0.0,,9342.12,,False,0,2025-06-30 23:17:01
a2b47f,UAL2695 ,United States,1751325421.0,1751325421,-79.8544,26.1829,3032.76,False,151.98,55.34,12.68,,3192.78,,False,0,2025-06-30 23:17:01
a07f44,TWY131  ,United States,1751325421.0,1751325421,-118.7411,34.044,6918.96,False,218.87,166.68,-11.38,,7254.24,3737,False,0,2025-06-30 23:17:01
aa7df3,SWA3377 ,United States,1751325421.0,1751325421,-115.2429,36.0109,3200.4,False,141.26,93.76,-2.28,,3368.04,,False,0,2025-06-30 23:17:01
a1a6d5,CXK558  ,United States,1751325360.0,1751325360,-81.4259,30.6584,929.64,False,30.69,166.43,4.88,,990.6,,False,0,2025-06-30 23:17:01
a20f59,N23152  ,United States,1751325420.0,1751325420,-117.6554,33.5538,1318.26,False,71.11,287.26,-4.88,,1318.26,,False,0,2025-06-30 23:17:01
acb470,AAL163  ,United States,1751325418.0,1751325419,-93.8655,29.4914,10972.8,False,234.3,320.61,0.0,,11628.12,,False,0,2025-06-30 23:17:01
a32f30,EJM304  ,United States,1751325420.0,1751325420,-82.6163,28.8578,8313.42,False,188.62,353.11,7.15,,8778.24,5764,False,0,2025-06-30 23:17:01
a88737,FFT3335 ,United States,1751325421.0,1751325421,-122.6366,45.2579,2103.12,False,146.09,26.57,-6.18,,2194.56,0430,False,0,2025-06-30 23:17:01
a8d739,N669SA  ,United States,1751325421.0,1751325421,-117.5446,33.8772,906.78,False,45.42,99.78,2.93,,899.16,,False,0,2025-06-30 23:17:01
a79aae,HAL1613 ,United States,1751325421.0,1751325421,-112.811,35.2243,12192.0,False,231.77,246.45,0.0,,12885.42,4056,False,0,2025-06-30 23:17:01
aa6aa1,SKW4937 ,United States,1751325420.0,1751325420,-87.5024,42.2868,2049.78,False,110.39,173.04,-4.23,,2087.88,3602,False,0,2025-06-30 23:17:01
c062b8,JZA851  ,Canada,1751325421.0,1751325421,-76.9725,45.3442,8717.28,False,223.72,263.4,5.85,,9136.38,0675,False,0,2025-06-30 23:17:01
a8741c,PDT5858 ,United States,1751325418.0,1751325421,-74.0388,42.6426,2834.64,False,143.51,299.41,11.7,,2956.56,7071,False,0,2025-06-30 23:17:01
a49197,N3939X  ,United States,1751325420.0,1751325420,-104.6855,38.8288,1920.24,False,41.27,184.29,-4.55,,2011.68,,False,0,2025-06-30 23:17:01
a32f1b,ENY3889 ,United States,1751325421.0,1751325421,-100.3312,28.77,10363.2,False,229.7,177.3,0.0,,11003.28,0436,False,0,2025-06-30 23:17:01
a3c15d,DAL1077 ,United States,1751325421.0,1751325421,-76.5693,38.0489,10058.4,False,234.44,26.73,0.33,,10652.76,5757,False,0,2025-06-30 23:17:01
a4e146,SWA2331 ,United States,1751325419.0,1751325420,-109.7729,32.2838,10972.8,False,227.9,290.48,-0.33,,11605.26,6251,False,0,2025-06-30 23:17:01
a143a3,SWA3869 ,United States,1751325420.0,1751325420,-97.8989,41.0613,11277.6,False,261.07,87.52,0.0,,11795.76,0535,False,0,2025-06-30 23:17:01
a32f0f,N304K   ,United States,1751325421.0,1751325421,-84.481,33.6914,8839.2,False,256.16,101.47,0.33,,9380.22,7201,False,0,2025-06-30 23:17:01
ac518d,N893MA  ,United States,1751325392.0,1751325392,-97.3971,31.1155,647.7,False,85.66,65.9,2.28,,640.08,,False,0,2025-06-30 23:17:01
a1dc60,EJA219  ,United States,1751325420.0,1751325420,-87.7193,42.0676,784.86,False,102.84,264.55,-0.33,,762.0,6227,False,0,2025-06-30 23:17:01
a32f84,JTL304  ,United States,1751325420.0,1751325421,-95.157,47.2036,12283.44,False,249.37,167.37,-7.8,,12603.48,,False,0,2025-06-30 23:17:01
a3e6e4,ARCAT85 ,United States,1751325420.0,1751325420,-116.3442,33.1132,3939.54,False,170.99,219.63,-12.03,,4130.04,4777,False,0,2025-06-30 23:17:01
c0508e,CGEND   ,Canada,1751325419.0,1751325420,-123.2526,48.6365,426.72,False,59.68,0.49,-1.3,,457.2,,False,0,2025-06-30 23:17:01
a263f1,N253PJ  ,United States,1751325420.0,1751325420,-117.1565,33.7598,762.0,False,55.64,287.76,0.98,,723.9,,False,0,2025-06-30 23:17:01
a010f7,PFT103  ,United States,1751325053.0,1751325123,-112.3678,39.1698,10363.2,False,203.4,212.08,4.88,,10919.46,3127,False,0,2025-06-30 23:17:01
aa7f2b,UAL2601 ,United States,1751325421.0,1751325421,-81.5704,29.1738,10668.0,False,215.36,3.15,0.0,,11254.74,2355,False,0,2025-06-30 23:17:01
c05086,ACA1301 ,Canada,1751325420.0,1751325421,-99.5418,34.9356,10972.8,False,246.28,349.04,0.0,,11628.12,0417,False,0,2025-06-30 23:17:01
0d08e6,VIV206  ,Mexico,1751325419.0,1751325419,-97.9291,27.2637,10660.38,False,235.39,62.54,0.0,,11353.8,,False,0,2025-06-30 23:17:01
a526e2,AAL596  ,United States,1751325420.0,1751325420,-84.1485,34.0009,10972.8,False,242.83,269.39,0.33,,11650.98,7254,False,0,2025-06-30 23:17:01
a646bc,SKW4916 ,United States,1751325420.0,1751325421,-101.6058,30.8383,10668.0,False,242.83,86.23,0.33,,11353.8,7302,False,0,2025-06-30 23:17:01
a263e3,AAY1862 ,United States,1751325421.0,1751325421,-98.3411,35.3568,11262.36,False,239.22,89.63,0.33,,11925.3,0762,False,0,2025-06-30 23:17:01
a130cb,EDV5194 ,United States,1751325421.0,1751325421,-81.7686,41.466,723.9,False,75.75,227.75,-3.25,,685.8,7402,False,0,2025-06-30 23:17:01
aa7f28,UAL1230 ,United States,1751325420.0,1751325420,-123.3303,44.548,10668.0,False,219.21,178.66,-0.33,,11125.2,7053,False,0,2025-06-30 23:17:01
aa7f27,UAL326  ,United States,1751325420.0,1751325421,-79.5153,37.7865,7833.36,False,236.62,237.52,2.93,,8282.94,3703,False,0,2025-06-30 23:17:01
a2b3a2,SWA1437 ,United States,1751325420.0,1751325420,-98.325,43.4498,11582.4,False,207.15,280.44,-0.33,,12009.12,3167,False,0,2025-06-30 23:17:01
0d08f3,VIV4024 ,Mexico,1751325420.0,1751325420,-100.0572,25.7504,906.78,False,112.06,121.87,5.53,,922.02,,False,0,2025-06-30 23:17:01
a779eb,DAL795  ,United States,1751325419.0,1751325420,-97.6288,37.2706,10660.38,False,257.03,87.13,0.33,,11269.98,,False,0,2025-06-30 23:17:01
a81f1f,QXE2071 ,United States,1751325420.0,1751325420,-116.1134,43.4967,1478.28,False,95.78,6.48,-7.8,,1508.76,,False,0,2025-06-30 23:17:01
a406c9,FFT2017 ,United States,1751325406.0,1751325406,-115.1424,36.0802,,True,10.29,0.0,,,,2140,False,0,2025-06-30 23:17:01
0d08eb,VOI1716 ,Mexico,1751325371.0,1751325377,-118.369,33.9388,121.92,False,67.38,262.98,-3.58,,83.82,4263,True,0,2025-06-30 23:17:01
0d08ef,AMX687  ,Mexico,1751325420.0,1751325420,-94.6139,35.0616,10972.8,False,228.05,220.52,-0.65,,11635.74,4430,False,0,2025-06-30 23:17:01
a81f29,N622RG  ,United States,1751325418.0,1751325419,-72.3682,42.5682,914.4,False,33.34,218.11,0.0,,929.64,1200,False,0,2025-06-30 23:17:01
c05056,ACA1068 ,Canada,1751325420.0,1751325420,-98.2125,45.3105,11277.6,False,256.64,119.55,0.33,,11666.22,,False,0,2025-06-30 23:17:01
aa7f03,UAL2400 ,United States,1751325421.0,1751325421,-74.9925,46.0097,9753.6,False,216.79,298.02,0.33,,10195.56,1462,False,0,2025-06-30 23:17:01
aa7f02,UAL1008 ,United States,1751325420.0,1751325420,-97.3619,30.8173,10058.4,False,250.83,96.95,0.33,,10683.24,6370,False,0,2025-06-30 23:17:01
aa7f01,UAL1069 ,United States,1751325420.0,1751325421,-87.4649,42.0294,1249.68,False,101.27,172.12,1.95,,1249.68,6270,False,0,2025-06-30 23:17:01
a539c9,DAL220  ,United States,1751325421.0,1751325421,-99.2351,44.4424,11277.6,False,251.41,72.86,-0.33,,11704.32,,False,0,2025-06-30 23:17:01
abedc8,AAL1263 ,United States,1751325420.0,1751325420,-96.0185,33.4989,4914.9,False,199.93,243.24,-10.08,,5189.22,1016,False,0,2025-06-30 23:17:01
a8b14f,N65956  ,United States,1751325421.0,1751325421,-96.739,33.2359,1066.8,False,63.05,21.54,-0.65,,1097.28,1425,False,0,2025-06-30 23:17:01
c0636a,PTR2636 ,Canada,1751325420.0,1751325420,-79.3924,44.645,4511.04,False,153.27,120.01,-5.85,,4663.44,7172,False,0,2025-06-30 23:17:01
c0636c,PTR2292 ,Canada,1751325421.0,1751325421,-72.3382,45.5735,6705.6,False,164.78,264.81,-0.33,,7018.02,,False,0,2025-06-30 23:17:01
a779b0,ASA396  ,United States,1751325382.0,1751325382,-117.298,42.4158,11582.4,False,228.92,340.71,0.0,,12146.28,,False,0,2025-06-30 23:17:01
c0506b,ACA581  ,Canada,1751325421.0,1751325421,-89.464,34.7926,11582.4,False,230.63,224.64,0.33,,12291.06,0603,False,0,2025-06-30 23:17:01
a7419b,N567HA  ,United States,1751325378.0,1751325380,-75.1168,38.3105,30.48,False,7.85,211.61,-0.98,,-15.24,,False,0,2025-06-30 23:17:01
a92ae9,EDV5180 ,United States,1751325419.0,1751325420,-84.4389,33.6366,,True,10.29,87.19,,,,5437,False,0,2025-06-30 23:17:01
ab3132,N820DM  ,United States,1751325420.0,1751325420,-118.2484,33.7754,1120.14,False,40.06,114.26,2.6,,1104.9,,False,0,2025-06-30 23:17:01
a43c56,MVK89   ,United States,1751325238.0,1751325238,-93.5231,44.0102,1257.3,False,59.68,136.4,-3.25,,1272.54,,False,0,2025-06-30 23:17:01
a9f777,NKS2357 ,United States,1751325398.0,1751325398,-108.8427,35.484,10050.78,False,228.52,99.59,-0.33,,10652.76,,False,0,2025-06-30 23:17:01
ac6445,AAL1559 ,United States,1751325420.0,1751325420,-87.6848,41.9659,1097.28,False,110.09,270.27,-5.85,,1104.9,0520,False,0,2025-06-30 23:17:01
acb4e1,N918FA  ,United States,1751325420.0,1751325420,-117.1689,33.49,1036.32,False,48.89,188.47,-1.63,,1043.94,,False,0,2025-06-30 23:17:01
c1e884,,Canada,1751325283.0,1751325283,-79.6344,43.68,,True,5.66,236.25,,,,,False,0,2025-06-30 23:17:01
abdd6d,SWA2676 ,United States,1751325420.0,1751325421,-97.0148,41.5215,11269.98,False,255.95,73.9,0.0,,11757.66,3721,False,0,2025-06-30 23:17:01
ade7f4,DSU08   ,United States,1751325420.0,1751325420,-90.7537,33.7418,243.84,False,43.44,108.65,2.93,,236.22,1200,False,0,2025-06-30 23:17:01
abdd91,SWA1043 ,United States,1751325420.0,1751325420,-87.2834,41.5457,1623.06,False,134.83,297.25,-4.88,,1653.54,4036,False,0,2025-06-30 23:17:01
ae07ed,PEND84  ,United States,1751325421.0,1751325421,-122.8671,38.1821,1409.7,False,107.01,306.59,0.0,,1424.94,1740,False,0,2025-06-30 23:17:01
a7ff72,SKW5214 ,United States,1751325419.0,1751325420,-113.5832,33.8537,10363.2,False,209.81,276.76,0.0,,10942.32,2672,False,0,2025-06-30 23:17:01
a4e0ec,SKW3469 ,United States,1751325331.0,1751325337,-122.5993,45.5914,,True,5.66,118.12,,,,3245,False,0,2025-06-30 23:17:01
a07ee3,N13096  ,United States,1751325419.0,1751325419,-123.0288,46.0414,1554.48,False,58.2,171.87,-1.95,,1592.58,,False,0,2025-06-30 23:17:01
c0523f,ROU1795 ,Canada,1751325420.0,1751325420,-77.9102,35.1894,10668.0,False,234.82,352.95,0.0,,11277.6,4755,False,0,2025-06-30 23:17:01
a81f83,SKW5978 ,United States,1751325283.0,1751325283,-115.4428,38.4741,10363.2,False,212.86,256.3,0.0,,10927.08,,False,0,2025-06-30 23:17:01
ad84db,NKS236  ,United States,1751325325.0,1751325325,-80.164,26.0659,0.0,False,68.94,90.0,-3.58,,60.96,,False,0,2025-06-30 23:17:01
a8d6bd,PDT5899 ,United States,1751325420.0,1751325420,-79.9047,34.6224,4442.46,False,194.98,300.96,-5.2,,4686.3,,False,0,2025-06-30 23:17:01
a9f6b9,SKW6413 ,United States,1751325170.0,1751325170,-97.2478,27.1528,5113.02,False,176.88,187.35,-10.73,,5440.68,6271,False,0,2025-06-30 23:17:01
c05271,ASP595  ,Canada,1751325421.0,1751325421,-80.8822,44.7141,9898.38,False,219.19,137.47,-7.48,,10302.24,2110,False,0,2025-06-30 23:17:01
a8c3a2,FFT3696 ,United States,1751325421.0,1751325421,-121.8685,46.3065,10507.98,False,224.98,165.3,10.08,,10949.94,6602,False,0,2025-06-30 23:17:01
a993ad,JIA5419 ,United States,1751325419.0,1751325420,-81.2368,32.129,91.44,False,67.91,90.43,-4.23,,83.82,2137,False,0,2025-06-30 23:17:01
a860b7,RPA3453 ,United States,1751325420.0,1751325421,-78.4727,38.8792,6073.14,False,184.29,284.39,6.5,,6416.04,3625,False,0,2025-06-30 23:17:01
a43c7a,DAL3113 ,United States,1751325420.0,1751325420,-93.0278,43.1029,9753.6,False,225.94,334.08,-0.65,,10111.74,1336,False,0,2025-06-30 23:17:01
acea3e,JSX851  ,United States,1751325420.0,1751325421,-75.5908,38.2737,10363.2,False,226.62,214.74,0.33,,10957.56,3004,False,0,2025-06-30 23:17:01
a13227,CXK184  ,United States,1751325421.0,1751325421,-115.1349,35.9581,2034.54,False,63.36,23.44,2.6,,2095.5,,False,0,2025-06-30 23:17:01
a3d3f0,DAL581  ,United States,1751325414.0,1751325419,-84.0326,33.5328,1211.58,False,119.05,348.79,-0.98,,1272.54,3122,False,0,2025-06-30 23:17:01
c0653d,ACA546  ,Canada,1751325420.0,1751325420,-115.328,48.8313,10668.0,False,252.52,93.39,0.0,,11117.58,4531,False,0,2025-06-30 23:17:01
a500ab,N421PR  ,United States,1751325420.0,1751325420,-84.4467,35.9418,2621.28,False,111.6,347.76,-4.23,,2712.72,5451,False,0,2025-06-30 23:17:01
0d0997,,Mexico,1751325026.0,1751325279,-112.626,29.8354,10972.8,False,231.99,317.79,0.0,,11635.74,,False,0,2025-06-30 23:17:01
aca1da,ASA1198 ,United States,1751325421.0,1751325421,-118.9078,35.6464,10668.0,False,228.12,166.97,0.0,,11224.26,1637,False,0,2025-06-30 23:17:01
a1588d,N186SG  ,United States,1751325421.0,1751325421,-122.3503,48.4012,556.26,False,65.54,355.5,0.0,,571.5,,False,0,2025-06-30 23:17:01
c1e844,,Canada,1751325395.0,1751325395,-79.664,43.6772,,True,15.43,225.0,,,,,False,0,2025-06-30 23:17:01
a26535,N2531Y  ,United States,1751325421.0,1751325421,-93.7057,42.8963,1371.6,False,50.99,300.96,0.33,,1356.36,,False,0,2025-06-30 23:17:01
aca1dd,AAL2376 ,United States,1751325420.0,1751325421,-115.0513,36.0736,1013.46,False,83.86,269.3,-3.25,,975.36,2203,False,0,2025-06-30 23:17:01
a5ac3b,AAL3276 ,United States,1751325420.0,1751325420,-88.8642,35.2745,9753.6,False,233.71,253.24,0.0,,10378.44,7147,False,0,2025-06-30 23:17:01
c06539,ACA557  ,Canada,1751325420.0,1751325421,-122.0208,45.1021,11582.4,False,248.96,356.45,0.0,,12077.7,7072,False,0,2025-06-30 23:17:01
a1a844,N20592  ,United States,1751325421.0,1751325421,-97.7936,43.6241,944.88,False,33.83,278.75,-0.33,,960.12,1200,False,0,2025-06-30 23:17:01
c0522f,CGFDE   ,Canada,1751325420.0,1751325421,-72.9281,45.4681,1097.28,False,37.84,133.9,-0.33,,,,False,0,2025-06-30 23:17:01
c05220,ROU1924 ,Canada,1751325421.0,1751325421,-80.4652,44.3876,6233.16,False,179.91,137.78,-10.73,,6492.24,1111,False,0,2025-06-30 23:17:01
a06bd3,AAL569  ,United States,1751325421.0,1751325421,-94.3054,32.3474,10980.42,False,229.52,263.18,0.0,,11650.98,3146,False,0,2025-06-30 23:17:01
aba91b,UAL414C ,United States,1751325421.0,1751325421,-115.34,35.6432,11582.4,False,225.21,230.75,0.0,,12230.1,3715,False,0,2025-06-30 23:17:01
a79c54,00000000,United States,1751325421.0,1751325421,-89.8466,28.2395,12192.0,False,232.08,274.07,-0.33,,12893.04,,False,0,2025-06-30 23:17:01
ac0fb6,SWA853  ,United States,1751325421.0,1751325421,-91.4172,42.0806,9144.0,False,203.25,271.16,-0.33,,9532.62,6571,False,0,2025-06-30 23:17:01
aa6d40,PCM7720 ,United States,1751325420.0,1751325421,-121.7076,38.7759,1059.18,False,68.35,340.2,4.23,,1051.56,4515,False,0,2025-06-30 23:17:01
c00eb0,ACA629  ,Canada,1751325420.0,1751325421,-79.0877,43.8705,2164.08,False,121.0,272.44,0.33,,2194.56,7042,False,0,2025-06-30 23:17:01
abdd09,SWA45   ,United States,1751325421.0,1751325421,-96.2149,30.2217,4069.08,False,177.46,155.14,-9.43,,4305.3,5777,False,0,2025-06-30 23:17:01
a2a216,N269TA  ,United States,1751325420.0,1751325421,-100.524,34.1433,12504.42,False,245.43,104.44,0.33,,13144.5,,False,0,2025-06-30 23:17:01
a2a213,SKW3777 ,United States,1751325205.0,1751325206,-119.3286,36.8895,2910.84,False,143.98,214.37,-14.31,,3025.14,,False,0,2025-06-30 23:17:01
abdd00,ASH6159 ,United States,1751325420.0,1751325420,-77.8502,40.4303,5791.2,False,200.32,167.39,0.0,,6080.76,2461,False,0,2025-06-30 23:17:01
aba7b0,DAL2833 ,United States,1751325420.0,1751325420,-88.7001,37.9327,8503.92,False,249.11,348.2,-5.2,,8983.98,1774,False,0,2025-06-30 23:17:01
aca29a,,United States,1751325249.0,1751325249,-77.4253,24.6778,10378.44,False,237.51,356.9,0.0,,10927.08,,False,0,2025-06-30 23:17:01
ac77d3,AAL2212 ,United States,1751325420.0,1751325420,-84.476,40.5917,8526.78,False,219.9,279.97,4.55,,8976.36,4066,False,0,2025-06-30 23:17:01
c07854,CGTOT   ,Canada,1751325420.0,1751325420,-78.6631,44.1698,1112.52,False,65.79,304.81,-1.3,,1082.04,5345,False,0,2025-06-30 23:17:01
a3852d,LXJ326  ,United States,1751325420.0,1751325420,-119.0504,39.8673,13418.82,False,237.12,54.45,4.23,,14074.14,3352,False,0,2025-06-30 23:17:01
a55bbf,N444ZG  ,United States,1751325420.0,1751325420,-73.4147,40.7465,106.68,False,27.27,178.92,-4.23,,76.2,,False,0,2025-06-30 23:17:01
a1589d,SKW3346 ,United States,1751325421.0,1751325421,-119.5943,34.6301,8534.4,False,221.17,315.0,0.33,,8953.5,1052,False,0,2025-06-30 23:17:01
aba7c2,VAR850  ,United States,1751325421.0,1751325421,-112.8911,33.2764,1127.76,False,60.68,18.28,-7.15,,1097.28,1200,False,0,2025-06-30 23:17:01
abca00,AAL2491 ,United States,1751325421.0,1751325421,-94.8774,33.5034,9715.5,False,243.51,68.04,8.13,,10302.24,5617,False,0,2025-06-30 23:17:01
abdd1c,ASH6378 ,United States,1751325106.0,1751325123,-95.2598,29.9776,160.02,False,71.51,269.59,-3.58,,228.6,,False,0,2025-06-30 23:17:01
ab7a21,DAL2349 ,United States,1751325421.0,1751325421,-93.0409,44.8147,998.22,False,104.87,304.0,-5.53,,990.6,,False,0,2025-06-30 23:17:01
aabd56,SKW4685 ,United States,1751325420.0,1751325420,-92.0226,45.2363,8839.2,False,245.28,172.77,-0.33,,9090.66,,False,0,2025-06-30 23:17:01
aaaa1e,SWA3629 ,United States,1751325421.0,1751325421,-95.9429,39.6256,9928.86,False,211.5,298.0,12.03,,10447.02,,False,0,2025-06-30 23:17:01
a37265,DAL2310 ,United States,1751325421.0,1751325421,-77.054,35.7416,10363.2,False,235.01,203.48,0.0,,10965.18,3355,False,0,2025-06-30 23:17:01
a037b4,N113DS  ,United States,1751325420.0,1751325420,-84.3778,37.4762,2270.76,False,87.63,147.71,-0.33,,2354.58,3121,False,0,2025-06-30 23:17:01
a037b9,DAL653  ,United States,1751325421.0,1751325421,-94.909,36.2758,10363.2,False,223.72,287.39,0.0,,10980.42,2277,False,0,2025-06-30 23:17:01
ab8d76,ASH6014 ,United States,1751325421.0,1751325421,-88.9669,35.3034,6865.62,False,202.65,237.44,2.6,,7269.48,5654,False,0,2025-06-30 23:17:01
a980da,N711MC  ,United States,1751325420.0,1751325420,-115.5096,35.7946,4899.66,False,177.2,29.77,-5.85,,5166.36,4617,False,0,2025-06-30 23:17:01
ab31c1,N820KE  ,United States,1751325419.0,1751325419,-122.9315,48.525,502.92,False,60.8,57.79,0.33,,502.92,,False,0,2025-06-30 23:17:01
acb4c1,DAL1962 ,United States,1751325421.0,1751325421,-84.2158,33.5559,1424.94,False,101.52,6.69,-9.1,,1508.76,4631,False,0,2025-06-30 23:17:01
abdd63,SKW5535 ,United States,1751325345.0,1751325370,-120.7452,43.3687,7833.36,False,198.26,171.34,5.85,,8252.46,,False,0,2025-06-30 23:17:01
ac64cf,UAL1028 ,United States,1751325401.0,1751325405,-97.1729,26.3412,10972.8,False,235.6,209.14,0.0,,11673.84,0503,False,0,2025-06-30 23:17:01
abdd4a,SWA4712 ,United States,1751325421.0,1751325421,-115.3722,33.8365,11277.6,False,250.1,67.76,-0.33,,11910.06,2052,False,0,2025-06-30 23:17:01
ad1d3d,AAL2242 ,United States,1751325421.0,1751325421,-85.7714,35.6944,11582.4,False,237.43,254.16,-0.33,,12268.2,4162,False,0,2025-06-30 23:17:01
aaaa4a,SWA786  ,United States,1751325420.0,1751325420,-98.7929,30.3425,8564.88,False,215.77,276.16,9.43,,9090.66,2547,False,0,2025-06-30 23:17:01
a43bd1,N372GB  ,United States,1751325318.0,1751325318,-81.4353,40.9176,,True,0.0,135.0,,,,,False,0,2025-06-30 23:17:01
abdd67,SKW5393 ,United States,1751325205.0,1751325209,-104.6602,39.8699,1607.82,False,74.6,180.79,-4.88,,1691.64,,False,0,2025-06-30 23:17:01
aabd7f,UAL990  ,United States,1751325420.0,1751325420,-115.9347,46.5582,10668.0,False,266.54,34.3,0.0,,11178.54,,False,0,2025-06-30 23:17:01
abca36,EJA859  ,United States,1751325421.0,1751325421,-77.2396,39.2596,3108.96,False,204.76,63.43,8.78,,3230.88,3672,False,0,2025-06-30 23:17:01
a80bf0,N6176G  ,United States,1751325420.0,1751325420,-80.1564,25.6198,434.34,False,41.68,192.84,0.65,,464.82,,False,0,2025-06-30 23:17:01
a7b88d,MTU97   ,United States,1751325419.0,1751325419,-86.5659,35.2207,1531.62,False,61.05,16.14,0.33,,1592.58,5513,False,0,2025-06-30 23:17:01
ad2efa,DAL1783 ,United States,1751325420.0,1751325420,-86.4422,37.1154,11277.6,False,226.7,191.39,0.0,,11940.54,6611,False,0,2025-06-30 23:17:01
c050c5,ACA377  ,Canada,1751325400.0,1751325400,-73.7456,45.4614,,True,6.69,312.19,,,,,False,0,2025-06-30 23:17:01
c050c0,ACA1282 ,Canada,1751325420.0,1751325420,-79.4465,43.7786,944.88,False,83.37,227.25,0.0,,906.78,6730,False,0,2025-06-30 23:17:01
ac523c,UAL1990 ,United States,1751325420.0,1751325421,-94.6489,31.8396,10058.4,False,250.15,41.0,0.0,,10660.38,6154,True,0,2025-06-30 23:17:01
a4f59c,AAL478  ,United States,1751325123.0,1751325123,-111.993,33.4397,,True,1.54,90.0,,,,,False,0,2025-06-30 23:17:01
ac789b,SWA218  ,United States,1751325421.0,1751325421,-88.9783,35.1881,11582.4,False,217.52,189.53,0.33,,12252.96,3177,False,0,2025-06-30 23:17:01
acc86f,CXK148  ,United States,1751325364.0,1751325364,-88.5461,42.6652,731.52,False,41.78,184.24,-0.98,,708.66,1200,False,0,2025-06-30 23:17:01
a1a7a2,N2055E  ,United States,1751325421.0,1751325421,-80.4905,34.9377,899.16,False,46.33,119.98,0.33,,906.78,,False,0,2025-06-30 23:17:01
a157d9,RTY186  ,United States,1751325421.0,1751325421,-105.0373,40.5055,1668.78,False,47.62,169.42,-3.25,,1744.98,,False,0,2025-06-30 23:17:01
a6cbdd,EJA537  ,United States,1751325421.0,1751325421,-95.3422,38.2436,13106.4,False,197.76,267.32,0.0,,13716.0,1533,False,0,2025-06-30 23:17:01
a3729a,LXJ321  ,United States,1751325409.0,1751325409,-122.218,47.4964,,True,0.0,354.38,,,,,False,0,2025-06-30 23:17:01
a2529e,N249ND  ,United States,1751325421.0,1751325421,-70.873,43.2575,1341.12,False,49.2,248.53,-0.65,,1379.22,,False,0,2025-06-30 23:17:01
a98219,DAL2240 ,United States,1751325420.0,1751325420,-105.6427,31.4083,11277.6,False,243.64,126.85,0.0,,11932.92,0732,False,0,2025-06-30 23:17:01
c063eb,WJA431  ,Canada,1751325421.0,1751325421,-89.1695,48.6548,10972.8,False,228.06,302.47,0.0,,11201.4,,False,0,2025-06-30 23:17:01
a74277,N567RW  ,United States,1751325421.0,1751325421,-95.8348,31.9801,6027.42,False,197.32,331.16,-10.08,,6393.18,6211,False,0,2025-06-30 23:17:01
a9e526,N737BA  ,United States,1751325420.0,1751325421,-80.3078,26.2873,579.12,False,47.85,296.84,0.0,,609.6,,False,0,2025-06-30 23:17:01
a1a7de,N20565  ,United States,1751325421.0,1751325421,-69.1835,44.039,1059.18,False,50.67,164.69,-1.63,,1066.8,,False,0,2025-06-30 23:17:01
a63563,N5BM    ,United States,1751325421.0,1751325421,-117.021,32.7701,762.0,False,46.4,273.81,-0.65,,731.52,,False,0,2025-06-30 23:17:01
a81ee1,NKS2320 ,United States,1751325167.0,1751325167,-82.5323,27.9778,,True,1.8,191.25,,,,7441,False,0,2025-06-30 23:17:01
a1dd2d,RPA5724 ,United States,1751325408.0,1751325417,-73.8794,40.7776,,True,5.4,30.94,,,,,False,0,2025-06-30 23:17:01
a3c259,EDV5322 ,United States,1751325420.0,1751325420,-77.035,38.8218,464.82,False,78.22,178.49,7.8,,457.2,4602,False,0,2025-06-30 23:17:01
a18d65,N2AV    ,United States,1751325420.0,1751325420,-122.543,45.0864,2872.74,False,54.2,196.54,5.2,,3009.9,,False,0,2025-06-30 23:17:01
a144e1,N181FA  ,United States,1751325420.0,1751325421,-78.2686,35.9177,1074.42,False,45.51,137.29,-0.33,,1089.66,0055,False,0,2025-06-30 23:17:01
ab329e,UAL301  ,United States,1751325421.0,1751325421,-104.2344,34.3817,10965.18,False,233.55,329.71,0.0,,11597.64,2047,False,0,2025-06-30 23:17:01
a9f821,N741VE  ,United States,1751325420.0,1751325420,-98.5388,33.099,8549.64,False,238.33,304.89,0.0,,9083.04,2241,False,0,2025-06-30 23:17:01
a74224,JIA5145 ,United States,1751325420.0,1751325421,-93.5509,36.5376,10668.0,False,254.47,35.04,0.0,,11292.84,2324,False,0,2025-06-30 23:17:01
a67bd3,DAL7    ,United States,1751325421.0,1751325421,-119.0274,33.9511,3429.0,False,194.14,284.11,3.25,,3558.54,,False,0,2025-06-30 23:17:01
a8d83f,N66913  ,United States,1751325421.0,1751325421,-94.2214,35.9706,2743.2,False,83.02,183.91,-0.33,,2865.12,1557,False,0,2025-06-30 23:17:01
acb59c,AAL1564 ,United States,1751325421.0,1751325421,-88.3265,42.0525,3413.76,False,158.63,287.55,3.25,,3520.44,1341,False,0,2025-06-30 23:17:01
a0aa2b,AAL1635 ,United States,1751325421.0,1751325421,-95.6982,30.3158,3840.48,False,157.82,140.29,-6.5,,4069.08,2375,False,0,2025-06-30 23:17:01
a5157b,N42689  ,United States,1751325420.0,1751325420,-93.1835,44.5372,1158.24,False,52.78,313.03,-0.65,,1150.62,,False,0,2025-06-30 23:17:01
a43d09,UPS9787 ,United States,1751325420.0,1751325420,-85.2332,32.3006,11590.02,False,235.39,328.95,0.0,,12275.82,3214,False,0,2025-06-30 23:17:01
a0aa1b,UCA4977 ,United States,1751325421.0,1751325421,-77.7155,42.1329,8763.0,False,239.84,39.25,-7.15,,9212.58,3705,False,0,2025-06-30 23:17:01
a3c274,EJA341  ,United States,1751325421.0,1751325421,-89.3514,45.1434,5593.08,False,163.07,336.18,-8.78,,5699.76,7243,False,0,2025-06-30 23:17:01
a264a4,SWA1670 ,United States,1751325421.0,1751325421,-86.9952,35.6468,11582.4,False,231.33,256.37,0.0,,12252.96,0605,False,0,2025-06-30 23:17:01
8991e6,SJX032  ,Taiwan,1751325420.0,1751325421,-122.9747,48.0581,5097.78,False,173.21,103.05,-5.2,,5311.14,,False,0,2025-06-30 23:17:01
a8886d,UAL748  ,United States,1751325420.0,1751325420,-71.5775,42.0245,10668.0,False,247.47,46.68,-0.33,,11231.88,3724,False,0,2025-06-30 23:17:01
aa1219,AAL3249 ,United States,1751325420.0,1751325420,-94.6415,41.3981,6797.04,False,250.95,86.71,5.85,,7063.74,,False,0,2025-06-30 23:17:01
a397ab,N330VA  ,United States,1751325420.0,1751325420,-94.8587,38.3866,1805.94,False,58.83,355.49,-0.65,,1844.04,,False,0,2025-06-30 23:17:01
a62265,N4948A  ,United States,1751325420.0,1751325421,-123.266,44.6275,2407.92,False,92.6,359.68,-0.98,,2514.6,1200,False,0,2025-06-30 23:17:01
a9f818,AAL2717 ,United States,1751325420.0,1751325420,-89.3665,42.7603,11285.22,False,254.45,116.67,0.0,,11765.28,5620,False,0,2025-06-30 23:17:01
ad727d,AAL448R ,United States,1751325420.0,1751325420,-107.3106,31.9806,11277.6,False,246.31,100.35,0.0,,11940.54,,False,0,2025-06-30 23:17:01
aa6ba6,SWA1450 ,United States,1751325420.0,1751325420,-96.0636,32.6789,6118.86,False,225.53,94.58,10.73,,6469.38,3653,False,0,2025-06-30 23:17:01
a7fed3,JIA5429 ,United States,1751325421.0,1751325421,-84.5651,32.8916,10668.0,False,242.32,221.64,0.0,,11330.94,3506,False,0,2025-06-30 23:17:01
ad9811,AAL1595 ,United States,1751325420.0,1751325420,-112.4678,37.6132,10058.4,False,239.45,61.23,-0.33,,10614.66,7370,False,0,2025-06-30 23:17:01
0d07b3,VOI1823 ,Mexico,1751325275.0,1751325275,-114.3766,30.6006,11887.2,False,234.63,131.8,-0.33,,12588.24,3316,False,0,2025-06-30 23:17:01
a9d284,ASA397  ,United States,1751325421.0,1751325421,-85.5968,30.4314,10363.2,False,238.7,264.68,0.0,,10980.42,1614,False,0,2025-06-30 23:17:01
a384f2,DAL2329 ,United States,1751325421.0,1751325421,-78.6244,35.1515,10408.92,False,241.57,206.84,5.53,,11003.28,5631,False,0,2025-06-30 23:17:01
a2a1a5,ENY4087 ,United States,1751325420.0,1751325420,-85.0299,35.92,10363.2,False,230.41,275.25,-0.33,,10988.04,7032,False,0,2025-06-30 23:17:01
ab8ba5,WWI84   ,United States,1751325416.0,1751325417,-110.7456,37.3469,10668.0,False,241.09,71.72,0.0,,11231.88,1055,False,0,2025-06-30 23:17:01
a42a15,XSR368  ,United States,1751325420.0,1751325421,-79.1141,42.4862,6659.88,False,153.87,230.56,6.5,,6964.68,7427,False,0,2025-06-30 23:17:01
ade812,CAP132  ,United States,1751325414.0,1751325416,-86.9747,34.7255,640.08,False,66.11,20.97,0.0,,632.46,,False,0,2025-06-30 23:17:01
a754b5,UAL618  ,United States,1751325420.0,1751325421,-73.5981,43.1874,4884.42,False,181.82,233.75,0.0,,5082.54,1520,False,0,2025-06-30 23:17:01
ad2ea4,AAL1568 ,United States,1751325397.0,1751325397,-97.6706,30.2009,,True,7.72,90.0,,,,0276,False,0,2025-06-30 23:17:01
ad2ea1,ASA507  ,United States,1751325420.0,1751325421,-86.5668,34.7863,10363.2,False,236.8,275.74,0.0,,10988.04,5020,False,0,2025-06-30 23:17:01
a18d6b,N2BA    ,United States,1751325327.0,1751325338,-81.7169,28.7817,175.26,False,36.88,67.01,-2.93,,213.36,,False,0,2025-06-30 23:17:01
ab4545,N825UW  ,United States,1751325140.0,1751325140,-82.3677,29.4492,662.94,False,80.06,226.56,-0.98,,708.66,2355,False,0,2025-06-30 23:17:01
a3d4ed,AAL1253 ,United States,1751325420.0,1751325420,-113.316,39.0965,10972.8,False,233.97,253.92,0.0,,11559.54,1013,False,0,2025-06-30 23:17:01
ab586f,AAL3119 ,United States,1751325419.0,1751325419,-83.9904,35.8077,,True,0.0,210.94,,,,5710,False,0,2025-06-30 23:17:01
a30a7b,N2950X  ,United States,1751325421.0,1751325421,-75.0411,40.684,457.2,False,44.76,127.53,0.33,,457.2,,False,0,2025-06-30 23:17:01
a42a5c,DAL1060 ,United States,1751325413.0,1751325415,-97.665,30.2003,,True,0.0,78.75,,,,4661,False,0,2025-06-30 23:17:01
a7a59f,JBU1252 ,United States,1751325421.0,1751325421,-73.4735,40.3505,5242.56,False,191.48,39.55,-5.2,,5539.74,2465,False,0,2025-06-30 23:17:01
0aca28,AVA263  ,Colombia,1751324964.0,1751325127,-79.2829,24.2492,11285.22,False,252.27,167.64,0.0,,11879.58,1325,False,0,2025-06-30 23:17:01
abeeea,SWA2115 ,United States,1751325420.0,1751325420,-104.6869,39.0056,2636.52,False,118.46,182.74,-1.95,,2796.54,,False,0,2025-06-30 23:17:01
a9f87d,RPA3602 ,United States,1751325418.0,1751325418,-77.4573,38.9396,,True,0.0,180.0,,,,,False,0,2025-06-30 23:17:01
ad720d,N9657G  ,United States,1751325421.0,1751325421,-74.4038,39.3747,510.54,False,49.24,332.63,-0.33,,502.92,,False,0,2025-06-30 23:17:01
aba891,AAL2194 ,United States,1751325421.0,1751325421,-80.0201,25.8063,2171.7,False,145.04,48.45,8.13,,2301.24,,False,0,2025-06-30 23:17:01
a2b4ea,UAL1194 ,United States,1751325421.0,1751325421,-77.1678,35.1164,10972.8,False,243.55,197.71,0.0,,11605.26,3707,False,0,2025-06-30 23:17:01
a371c9,N3208J  ,United States,1751325420.0,1751325421,-122.5884,45.7449,1600.2,False,40.9,140.1,-2.28,,1653.54,,False,0,2025-06-30 23:17:01
c0517e,WJA281  ,Canada,1751325421.0,1751325421,-78.2496,44.3088,6141.72,False,159.38,236.72,-7.8,,6400.8,3135,False,0,2025-06-30 23:17:01
aa127e,RPA3303 ,United States,1751325421.0,1751325421,-89.1478,43.0121,937.26,False,97.37,266.97,-0.65,,929.64,6071,False,0,2025-06-30 23:17:01
a42a37,EDV5053 ,United States,1751325374.0,1751325374,-83.3598,42.2351,312.42,False,70.45,208.81,-2.28,,251.46,,False,0,2025-06-30 23:17:01
a1cdd8,UAL2641 ,United States,1751325402.0,1751325403,-74.1865,40.6847,,True,0.0,222.19,,,,,False,0,2025-06-30 23:17:01
a1110b,N168SW  ,United States,1751325420.0,1751325421,-111.9556,33.6253,1089.66,False,101.13,314.59,10.73,,1059.18,0737,False,0,2025-06-30 23:17:01
a2edb4,SWA4247 ,United States,1751325420.0,1751325421,-89.9917,38.6616,1531.62,False,121.88,261.01,-0.33,,1577.34,2751,False,0,2025-06-30 23:17:01
a3b414,FFT2443 ,United States,1751325420.0,1751325421,-95.4396,35.5195,10972.8,False,228.26,321.86,0.33,,11628.12,6225,False,0,2025-06-30 23:17:01
a9c2de,SKW6536 ,United States,1751325421.0,1751325421,-90.1981,41.8198,8526.78,False,195.71,265.02,2.6,,8892.54,5614,False,0,2025-06-30 23:17:01
a17dce,ELZ9    ,United States,1751325421.0,1751325421,-117.8318,33.7341,373.38,False,74.32,207.63,-5.2,,335.28,,False,0,2025-06-30 23:17:01
a3b41a,LXJ338  ,United States,1751325404.0,1751325413,-89.859,34.9222,906.78,False,129.08,64.25,0.0,,937.26,3245,False,0,2025-06-30 23:17:01
a0ade2,AAL2885 ,United States,1751325421.0,1751325421,-115.7024,32.7316,7513.32,False,250.94,83.88,3.25,,7955.28,,False,0,2025-06-30 23:17:01
ab1203,AAL1888 ,United States,1751325420.0,1751325420,-80.3974,34.5019,7726.68,False,236.29,67.06,-5.2,,8199.12,6414,False,0,2025-06-30 23:17:01
a77b76,AAL1031 ,United States,1751325420.0,1751325421,-94.9991,35.9247,10965.18,False,228.54,313.36,0.0,,11612.88,5725,False,0,2025-06-30 23:17:01
ac583f,DAL919  ,United States,1751325420.0,1751325421,-84.5356,33.9023,3916.68,False,160.32,348.15,15.28,,4107.18,3120,False,0,2025-06-30 23:17:01
a8fe5d,NKS2662 ,United States,1751325420.0,1751325420,-82.6761,39.9801,929.64,False,102.11,274.04,-0.33,,922.02,2032,False,0,2025-06-30 23:17:01
ab252d,WUP817  ,United States,1751325421.0,1751325421,-74.1002,40.1713,388.62,False,76.05,123.69,10.4,,381.0,,False,0,2025-06-30 23:17:01
a972d3,FFT71   ,United States,1751325418.0,1751325421,-100.9129,36.384,10363.2,False,241.13,326.31,0.0,,10957.56,6161,False,0,2025-06-30 23:17:01
ab1210,PRY01   ,United States,1751325420.0,1751325420,-94.2925,30.0327,8229.6,False,123.99,33.49,0.0,,8747.76,6746,False,0,2025-06-30 23:17:01
a91e92,N687PW  ,United States,1751325420.0,1751325420,-93.9093,37.3788,2118.36,False,90.61,59.65,-0.33,,2194.56,,False,0,2025-06-30 23:17:01
71c308,AAR212  ,Republic of Korea,1751325420.0,1751325421,-122.2952,37.4881,2606.04,False,118.49,153.99,-5.53,,2689.86,7306,False,0,2025-06-30 23:17:01
ad7828,SWA2736 ,United States,1751325344.0,1751325344,-107.5749,40.201,10972.8,False,221.62,277.6,0.0,,11567.16,2754,False,0,2025-06-30 23:17:01
a9d5e7,UAL2394 ,United States,1751325420.0,1751325420,-87.883,42.0028,297.18,False,79.74,270.0,-3.58,,251.46,3403,False,0,2025-06-30 23:17:01
a9d5e4,UAL2142 ,United States,1751325421.0,1751325421,-87.5386,36.3138,5455.92,False,211.44,270.28,9.75,,5730.24,1547,False,0,2025-06-30 23:17:01
a9e8fc,N738CG  ,United States,1751325420.0,1751325420,-70.9014,42.6027,297.18,False,46.58,316.79,0.65,,266.7,,False,0,2025-06-30 23:17:01
ab120b,DAL299  ,United States,1751325421.0,1751325421,-93.1787,44.9737,2636.52,False,163.4,121.09,-9.75,,2697.48,,False,0,2025-06-30 23:17:01
a6ab62,N529LL  ,United States,1751325421.0,1751325421,-84.599,33.7013,3642.36,False,127.37,46.64,0.0,,3825.24,2420,False,0,2025-06-30 23:17:01
a2579f,N250BH  ,United States,1751325421.0,1751325421,-84.1945,35.296,6690.36,False,215.07,180.96,-10.08,,7056.12,1411,False,0,2025-06-30 23:17:01
a1245e,AMX636  ,United States,1751325421.0,1751325421,-89.4347,36.0974,11277.6,False,251.9,48.73,-0.33,,11948.16,4244,False,0,2025-06-30 23:17:01
a24450,N245TW  ,United States,1751325421.0,1751325421,-93.5689,44.6223,746.76,False,47.86,334.54,0.98,,739.14,,False,0,2025-06-30 23:17:01
a9e8cf,N738AM  ,United States,1751325421.0,1751325421,-117.1114,33.9282,1722.12,False,69.03,182.99,-1.3,,1775.46,7252,False,0,2025-06-30 23:17:01
ac9ef7,JSX108  ,United States,1751325413.0,1751325414,-115.1675,36.0862,,True,3.09,329.06,,,,4754,False,0,2025-06-30 23:17:01
a9e8db,N738AZ  ,United States,1751325420.0,1751325420,-117.1749,32.8181,365.76,False,42.3,193.36,7.8,,327.66,,False,0,2025-06-30 23:17:01
a91e6e,NKS2190 ,United States,1751325420.0,1751325420,-88.7435,41.2629,4091.94,False,193.37,42.3,-8.45,,4259.58,2656,False,0,2025-06-30 23:17:01
a29dee,ENY4139 ,United States,1751325421.0,1751325421,-95.6818,33.724,6012.18,False,203.51,237.6,-5.85,,6362.7,1767,False,0,2025-06-30 23:17:01
a37765,SKW4065 ,United States,1751325420.0,1751325420,-122.5788,46.9093,3246.12,False,156.48,43.4,-8.45,,3390.9,,False,0,2025-06-30 23:17:01
a59143,EJA458  ,United States,1751325420.0,1751325420,-97.564,32.1356,3848.1,False,185.78,151.38,-12.68,,4061.46,3702,False,0,2025-06-30 23:17:01
47c98d,NBT41R  ,Norway,1751325420.0,1751325420,-114.7021,36.2244,10660.38,False,268.42,57.28,-0.98,,11262.36,7751,False,0,2025-06-30 23:17:01
406b05,BAW97A  ,United Kingdom,1751325418.0,1751325418,-92.4451,32.1216,10363.2,False,232.63,233.18,0.0,,10995.66,7402,False,0,2025-06-30 23:17:01
a2dafe,N283VC  ,United States,1751325153.0,1751325153,-115.2023,36.2088,,True,3.6,196.88,,,,,False,0,2025-06-30 23:17:01
a05f31,DAL1556 ,United States,1751325420.0,1751325421,-121.6753,37.1601,1386.84,False,129.29,277.78,-5.85,,1409.7,3174,False,0,2025-06-30 23:17:01
a05f37,DAL711  ,United States,1751325421.0,1751325421,-93.3112,35.9097,10972.8,False,223.37,278.88,-0.33,,11620.5,2506,False,0,2025-06-30 23:17:01
abbc52,SWA2870 ,United States,1751325421.0,1751325421,-86.4797,35.5112,11277.6,False,236.26,132.79,0.0,,11948.16,4123,False,0,2025-06-30 23:17:01
a3514f,JBU49   ,United States,1751325421.0,1751325421,-90.8554,47.3741,10972.8,False,222.85,279.7,0.33,,11216.64,,False,0,2025-06-30 23:17:01
a77ab6,N581MD  ,United States,1751325421.0,1751325421,-94.5865,45.0992,8229.6,False,169.67,171.28,0.0,,8473.44,,False,0,2025-06-30 23:17:01
a53afb,SCU49   ,United States,1751325407.0,1751325420,-96.2491,36.3525,1676.4,False,42.81,175.87,-1.63,,1744.98,,False,0,2025-06-30 23:17:01
acb9ed,AAL2864 ,United States,1751325420.0,1751325421,-106.1393,31.8817,10965.18,False,234.81,302.02,0.0,,11612.88,0726,False,0,2025-06-30 23:17:01
a8b722,N6604E  ,United States,1751325421.0,1751325421,-80.8088,28.371,1036.32,False,41.48,330.26,0.65,,1112.52,1200,False,0,2025-06-30 23:17:01
a2dadf,YEL83   ,United States,1751325421.0,1751325421,-76.7165,36.5093,13716.0,False,211.31,33.38,0.0,,14348.46,2642,False,0,2025-06-30 23:17:01
a59167,SCU51   ,United States,1751325411.0,1751325411,-96.2519,36.3271,2141.22,False,66.28,285.76,-1.63,,2209.8,,False,0,2025-06-30 23:17:01
a77ae0,DAL715  ,United States,1751325420.0,1751325420,-105.2761,30.9007,10668.0,False,248.68,103.52,0.0,,11308.08,1366,False,0,2025-06-30 23:17:01
a24493,SWA871  ,United States,1751325420.0,1751325420,-98.261,30.4886,11285.22,False,252.82,44.75,-0.65,,11963.4,2131,False,0,2025-06-30 23:17:01
aaf0c3,ASA1191 ,United States,1751325420.0,1751325421,-118.9782,36.1528,11582.4,False,252.54,350.38,0.33,,12192.0,7303,False,0,2025-06-30 23:17:01
c04453,WJA1582 ,Canada,1751325420.0,1751325420,-93.8275,45.619,11277.6,False,255.89,106.47,-0.33,,11590.02,,False,0,2025-06-30 23:17:01
a4c170,RPA9940 ,United States,1751325420.0,1751325421,-86.005,40.2763,6286.5,False,203.17,25.66,7.8,,6606.54,4064,False,0,2025-06-30 23:17:01
acdc40,DAL2293 ,United States,1751325420.0,1751325420,-73.7835,40.6322,,True,0.0,8.44,,,,,False,0,2025-06-30 23:17:01
a6aaba,DAL604  ,United States,1751325401.0,1751325403,-93.8883,28.5832,9151.62,False,237.09,308.83,0.33,,9745.98,,False,0,2025-06-30 23:17:01
a6aabc,N529DV  ,United States,1751325420.0,1751325420,-122.6843,46.6564,1645.92,False,137.6,276.01,-7.48,,1691.64,,False,0,2025-06-30 23:17:01
a5916a,JCM458  ,United States,1751325388.0,1751325421,-81.3928,31.529,2042.16,False,140.66,169.68,-8.13,,2118.36,6132,False,0,2025-06-30 23:17:01
aaf0ce,AAL1408 ,United States,1751325421.0,1751325421,-74.3414,44.8679,10980.42,False,212.45,315.59,0.0,,11475.72,1401,False,0,2025-06-30 23:17:01
a3a110,N333BC  ,United States,1751325420.0,1751325420,-83.3366,38.6491,3063.24,False,72.64,254.39,0.0,,3185.16,,False,0,2025-06-30 23:17:01
aaf0ca,SCPR446 ,United States,1751325419.0,1751325421,-116.7524,47.7092,914.4,False,65.48,278.13,-0.65,,937.26,,False,0,2025-06-30 23:17:01
a3c775,UAL2172 ,United States,1751325418.0,1751325418,-101.9246,46.5717,10972.8,False,209.82,296.5,0.33,,11407.14,1366,False,0,2025-06-30 23:17:01
a0af44,EJA143  ,United States,1751325421.0,1751325421,-107.8122,39.6887,13106.4,False,247.65,238.85,0.33,,13769.34,1146,False,0,2025-06-30 23:17:01
ad63f7,DAL1683 ,United States,1751325420.0,1751325420,-84.9574,34.0411,3947.16,False,178.25,134.77,0.0,,4152.9,3573,False,0,2025-06-30 23:17:01
a73410,SWA2674 ,United States,1751325420.0,1751325421,-104.5196,40.0296,2766.06,False,131.21,1.12,-9.43,,2941.32,7342,False,0,2025-06-30 23:17:01
abbc75,SWA528  ,United States,1751325421.0,1751325421,-96.4141,32.4946,2735.58,False,145.68,326.81,0.0,,2880.36,7001,False,0,2025-06-30 23:17:01
c05736,CGHAR   ,Canada,1751325164.0,1751325164,-123.3804,48.4251,,True,7.2,90.0,,,,,False,0,2025-06-30 23:17:01
a04c50,N1180N  ,United States,1751325417.0,1751325417,-80.6194,28.1352,929.64,False,51.88,149.62,-2.6,,998.22,1200,False,0,2025-06-30 23:17:01
a3a138,N333CT  ,United States,1751325421.0,1751325421,-112.0374,41.2311,1546.86,False,54.72,170.8,-1.63,,1577.34,,False,0,2025-06-30 23:17:01
c0440e,ACA745  ,Canada,1751325421.0,1751325421,-82.2005,43.9835,8709.66,False,209.9,270.42,6.83,,9113.52,6335,False,0,2025-06-30 23:17:01
a61457,N491FL  ,United States,1751324774.0,1751325413,-77.4277,35.9302,883.92,False,42.48,191.17,-2.6,,891.54,,False,0,2025-06-30 23:17:01
406b12,TOM727  ,United Kingdom,1751325294.0,1751325312,-77.1166,25.1334,11879.58,False,259.28,53.47,0.33,,12473.94,,False,0,2025-06-30 23:17:01
a4e6a1,N4149T  ,United States,1751325412.0,1751325413,-88.2625,40.0202,365.76,False,40.41,31.46,-1.3,,312.42,,False,0,2025-06-30 23:17:01
aaaf07,N788JA  ,United States,1751325421.0,1751325421,-81.568,28.688,160.02,False,39.56,339.44,-3.58,,182.88,,False,0,2025-06-30 23:17:01
a1cf6b,JBU188  ,United States,1751325421.0,1751325421,-93.328,42.1295,10675.62,False,273.95,81.03,0.33,,11117.58,6751,False,0,2025-06-30 23:17:01
aaf18d,N804JM  ,United States,1751325421.0,1751325421,-105.6719,40.7318,11864.34,False,236.3,60.81,0.33,,12481.56,,False,0,2025-06-30 23:17:01
a639c0,N50YC   ,United States,1751325420.0,1751325420,-94.853,38.7219,815.34,False,100.83,270.29,-4.88,,830.58,,False,0,2025-06-30 23:17:01
adb476,AAL2676 ,United States,1751325421.0,1751325421,-86.5798,32.9031,10058.4,False,234.61,57.36,0.0,,10683.24,1605,False,0,2025-06-30 23:17:01
a243d2,AAY104  ,United States,1751325420.0,1751325421,-114.3464,35.8955,6019.8,False,208.35,90.28,10.73,,6377.94,,False,0,2025-06-30 23:17:01
a230a0,AIP640  ,United States,1751325419.0,1751325420,-111.9874,40.8917,2834.64,False,80.53,355.24,9.1,,2987.04,,False,0,2025-06-30 23:17:01
ada141,N9779H  ,United States,1751325421.0,1751325421,-83.7757,38.2268,2308.86,False,64.39,12.93,0.33,,2362.2,,False,0,2025-06-30 23:17:01
ab49d4,N8262S  ,United States,1751325421.0,1751325421,-89.0505,42.9019,1112.52,False,44.24,98.7,0.33,,1089.66,,False,0,2025-06-30 23:17:01
a496a9,N395PH  ,United States,1751325421.0,1751325421,-91.3875,39.9582,7315.2,False,144.34,3.68,0.33,,7673.34,2140,False,0,2025-06-30 23:17:01
a389eb,AAL833  ,United States,1751325420.0,1751325420,-80.2853,25.4813,3352.8,False,173.31,209.91,4.55,,3535.68,,False,0,2025-06-30 23:17:01
a4e6c0,AAL1105 ,United States,1751325420.0,1751325420,-81.2887,34.9399,3672.84,False,161.62,42.94,-5.85,,3863.34,6433,False,0,2025-06-30 23:17:01
a8a478,QXE2091 ,United States,1751325420.0,1751325420,-118.3098,33.9616,525.78,False,83.29,263.97,-6.5,,495.3,6615,False,0,2025-06-30 23:17:01
ab6c01,FDY408  ,United States,1751325401.0,1751325421,-96.27,33.4664,1828.8,False,69.9,222.61,0.0,,1905.0,1567,False,0,2025-06-30 23:17:01
ab6c08,DAL130  ,United States,1751325421.0,1751325421,-72.8247,39.8377,9448.8,False,250.76,54.94,0.0,,9997.44,7001,True,0,2025-06-30 23:17:01
a05f95,RPA4697 ,United States,1751325421.0,1751325421,-74.4062,39.459,6438.9,False,222.64,40.31,-11.38,,6789.42,4003,False,0,2025-06-30 23:17:01
a9614d,SKW3846 ,United States,1751325176.0,1751325176,-110.9372,32.1142,,True,36.01,315.0,,,,1077,False,0,2025-06-30 23:17:01
a123bf,UAL1151 ,United States,1751325420.0,1751325420,-92.7811,42.9395,10675.62,False,264.53,111.33,0.0,,11079.48,1774,False,0,2025-06-30 23:17:01
a1cf48,JBU1023 ,United States,1751325421.0,1751325421,-83.3325,43.9596,10347.96,False,208.0,267.73,0.0,,10843.26,6664,False,0,2025-06-30 23:17:01
a3fc47,N356ND  ,United States,1751325340.0,1751325340,-119.9693,34.5698,2286.0,False,51.06,102.22,-0.98,,2354.58,,False,0,2025-06-30 23:17:01
a28c23,SWA3818 ,United States,1751325420.0,1751325420,-96.2162,32.9557,11582.4,False,230.33,207.54,0.0,,12291.06,0653,False,0,2025-06-30 23:17:01
acef18,SWA3543 ,United States,1751325420.0,1751325420,-122.2131,37.7029,,True,0.0,213.75,,,,,False,0,2025-06-30 23:17:01
ab6c26,AAL2449 ,United States,1751325421.0,1751325421,-96.9928,32.6996,2110.74,False,146.93,111.35,9.43,,2202.18,0531,False,0,2025-06-30 23:17:01
a01805,RPA9934 ,United States,1751325420.0,1751325420,-83.3998,42.1654,1120.14,False,114.3,214.55,15.93,,1112.52,,False,0,2025-06-30 23:17:01
a41c56,DAL605  ,United States,1751325420.0,1751325420,-94.3797,40.8754,11277.6,False,247.52,7.52,0.0,,11795.76,1046,False,0,2025-06-30 23:17:01
a96144,SGX703  ,United States,1751325420.0,1751325420,-71.1582,42.6107,2887.98,False,156.21,42.46,12.03,,2994.66,3473,False,0,2025-06-30 23:17:01
a73487,N56307  ,United States,1751325402.0,1751325416,-73.0897,41.1741,236.22,False,44.4,316.88,-2.6,,228.6,1200,True,0,2025-06-30 23:17:01
ab23b5,DAL1169 ,United States,1751325412.0,1751325412,-84.4355,33.6358,,True,5.92,90.0,,,,,False,0,2025-06-30 23:17:01
ad0f29,SWA4624 ,United States,1751325421.0,1751325421,-87.9929,38.9571,11277.6,False,253.58,100.28,0.0,,11902.44,1114,False,0,2025-06-30 23:17:01
a9742c,VXP1101 ,United States,1751325420.0,1751325420,-72.8864,41.2832,91.44,False,68.0,183.04,-4.23,,91.44,5733,False,0,2025-06-30 23:17:01
a90aaa,PDT5939 ,United States,1751325419.0,1751325419,-79.9971,36.7112,5143.5,False,208.08,45.4,-4.23,,5448.3,,False,0,2025-06-30 23:17:01
ac56d9,SWA2274 ,United States,1751325417.0,1751325420,-103.1357,30.3682,10668.0,False,251.14,84.59,0.0,,11330.94,7263,False,0,2025-06-30 23:17:01
ac56ba,SWA2557 ,United States,1751325420.0,1751325421,-91.3704,36.2736,10668.0,False,240.22,115.63,0.0,,11308.08,1472,False,0,2025-06-30 23:17:01
add9c1,N99171  ,United States,1751325421.0,1751325421,-93.2246,44.6067,518.16,False,56.63,114.7,1.63,,502.92,,False,0,2025-06-30 23:17:01
ac9f3e,N912MT  ,United States,1751325397.0,1751325417,-122.956,45.5422,,True,0.0,16.88,,,,,False,0,2025-06-30 23:17:01
aca6a5,N914ML  ,United States,1751325420.0,1751325420,-76.4958,37.3414,12192.0,False,198.38,216.25,0.33,,12847.32,4076,False,0,2025-06-30 23:17:01
a9d74a,N733MG  ,United States,1751325155.0,1751325155,-121.2002,44.083,1097.28,False,29.84,0.0,-1.63,,1097.28,,False,0,2025-06-30 23:17:01
ab1122,DAL2136 ,United States,1751325420.0,1751325420,-93.3793,36.8596,9753.6,False,228.72,281.28,0.0,,10325.1,1661,False,0,2025-06-30 23:17:01
ac4441,N89PA   ,United States,1751325256.0,1751325256,-120.9731,39.2189,1150.62,False,42.33,16.23,-1.95,,1150.62,,False,0,2025-06-30 23:17:01
a7df61,SKW4632 ,United States,1751325420.0,1751325420,-123.6109,39.9533,8382.0,False,201.18,145.94,7.48,,8747.76,,False,0,2025-06-30 23:17:01
ad7760,AAL2309 ,United States,1751325420.0,1751325420,-109.2726,37.1255,11277.6,False,238.75,58.57,0.0,,11887.2,6776,False,0,2025-06-30 23:17:01
aaadf8,SWA2976 ,United States,1751325420.0,1751325420,-89.6999,31.2422,12496.8,False,229.4,97.6,-0.33,,13182.6,7101,False,0,2025-06-30 23:17:01
aaf10e,N804DK  ,United States,1751325421.0,1751325421,-71.0315,42.2515,1828.8,False,80.69,310.09,0.0,,1889.76,,False,0,2025-06-30 23:17:01
aaf10f,N804DL  ,United States,1751325124.0,1751325124,-118.4517,34.0135,,True,4.12,135.0,,,,,False,0,2025-06-30 23:17:01
c055d6,JZA7974 ,Canada,1751325421.0,1751325421,-73.8003,45.5563,1950.72,False,142.48,41.63,-9.75,,2004.06,7055,False,0,2025-06-30 23:17:01
a613f3,N491BL  ,United States,1751325414.0,1751325420,-85.6194,38.4909,1127.76,False,38.29,30.7,-2.28,,1135.38,,False,0,2025-06-30 23:17:01
39cf07,AFR174  ,France,1751325420.0,1751325421,-87.7026,31.4617,11582.4,False,256.73,217.67,0.0,,12268.2,5424,False,0,2025-06-30 23:17:01
39cf02,AFR52K  ,France,1751325420.0,1751325420,-77.4583,39.0377,480.06,False,63.8,180.92,-3.9,,464.82,2544,False,0,2025-06-30 23:17:01
39cf04,AFR069  ,France,1751325420.0,1751325420,-104.607,37.2779,11894.82,False,260.9,63.28,0.33,,12504.42,3417,True,0,2025-06-30 23:17:01
a6bf7c,N534CA  ,United States,1751325420.0,1751325420,-96.5689,32.4511,1059.18,False,47.31,136.76,-0.33,,1112.52,,False,0,2025-06-30 23:17:01
a9d6a5,N733ES  ,United States,1751325421.0,1751325421,-97.6207,33.0509,944.88,False,51.59,253.19,-1.63,,960.12,,False,0,2025-06-30 23:17:01
a600e4,SWA2045 ,United States,1751325419.0,1751325421,-80.9703,35.2592,403.86,False,66.56,175.57,-3.9,,411.48,2135,False,0,2025-06-30 23:17:01
c055f5,JZA7975 ,Canada,1751325421.0,1751325421,-77.3573,44.1726,6705.6,False,149.11,236.97,-0.33,,7025.64,0605,False,0,2025-06-30 23:17:01
c055f7,JZA652  ,Canada,1751325421.0,1751325421,-122.6015,45.8967,3276.6,False,136.25,16.45,7.15,,3429.0,3527,False,0,2025-06-30 23:17:01
3949f0,AFR693T ,France,1751325420.0,1751325420,-77.5863,37.191,8808.72,False,258.41,34.29,4.23,,9342.12,3513,False,0,2025-06-30 23:17:01
acdaa5,TIV709  ,United States,1751325418.0,1751325418,-118.3597,34.1996,,True,0.0,0.0,,,,1624,False,0,2025-06-30 23:17:01
aa4c42,UAL2171 ,United States,1751325420.0,1751325420,-104.6517,40.0989,2042.16,False,102.22,202.18,0.65,,2156.46,7212,False,0,2025-06-30 23:17:01
a7cc2c,NKS2022 ,United States,1751325421.0,1751325421,-80.2858,28.5388,6286.5,False,219.95,69.32,9.1,,6637.02,2603,False,0,2025-06-30 23:17:01
ac578c,SWA737  ,United States,1751325421.0,1751325421,-85.7631,37.4516,11277.6,False,246.74,12.65,0.33,,11932.92,1162,False,0,2025-06-30 23:17:01
a24515,N2451H  ,United States,1751325421.0,1751325421,-91.4147,41.6103,525.78,False,54.57,208.74,0.98,,480.06,,False,0,2025-06-30 23:17:01
a17ecd,DAL140  ,United States,1751325420.0,1751325420,-73.7799,40.6544,,True,6.94,120.94,,,,,False,0,2025-06-30 23:17:01
a01880,,United States,1751325235.0,1751325235,-73.7869,40.655,,True,7.46,300.94,,,,,False,0,2025-06-30 23:17:01
a759eb,DAL684  ,United States,1751325407.0,1751325415,-73.7625,40.6477,,True,0.0,120.94,,,,,False,0,2025-06-30 23:17:01
a2a823,SKW3733 ,United States,1751325420.0,1751325420,-122.9285,48.9257,2407.92,False,137.57,307.56,-4.55,,2506.98,1616,False,0,2025-06-30 23:17:01
a999d2,AAL100  ,United States,1751325421.0,1751325421,-72.1454,43.047,10668.0,False,264.83,60.95,0.0,,11224.26,3633,False,0,2025-06-30 23:17:01
adb434,N982ST  ,United States,1751325421.0,1751325421,-96.8401,32.9086,327.66,False,60.19,198.43,-1.3,,297.18,,False,0,2025-06-30 23:17:01
a24529,UAL2628 ,United States,1751325420.0,1751325420,-106.3816,40.8778,10668.0,False,238.64,50.51,0.0,,11254.74,,False,0,2025-06-30 23:17:01
a24526,UAL1505 ,United States,1751325421.0,1751325421,-102.3216,41.6498,9456.42,False,244.52,71.98,1.95,,9959.34,,False,0,2025-06-30 23:17:01
ab249d,AAY2953 ,United States,1751325421.0,1751325421,-80.7844,34.4499,11277.6,False,226.78,8.48,0.0,,11932.92,1611,False,0,2025-06-30 23:17:01
adb437,SKW5710 ,United States,1751325420.0,1751325420,-95.9093,30.5493,5463.54,False,193.87,151.12,-9.75,,5753.1,1242,False,0,2025-06-30 23:17:01
a29eb6,SWA659  ,United States,1751325420.0,1751325420,-99.1791,35.6744,11887.2,False,252.77,77.66,0.0,,12550.14,,False,0,2025-06-30 23:17:01
a3b3e3,N338DS  ,United States,1751325414.0,1751325414,-80.0666,33.3171,876.3,False,56.63,267.92,3.58,,914.4,1200,False,0,2025-06-30 23:17:01
4ca15e,EIN9PM  ,Ireland,1751325421.0,1751325421,-103.9229,40.3773,5227.32,False,193.83,239.01,-7.48,,5562.6,,False,0,2025-06-30 23:17:01
a7a9b4,N593MW  ,United States,1751325420.0,1751325420,-80.1714,34.17,2727.96,False,91.46,14.66,0.0,,2857.5,3735,False,0,2025-06-30 23:17:01
aca788,SWA4390 ,United States,1751325350.0,1751325350,-115.1476,36.0796,,True,3.34,56.25,,,,5607,False,0,2025-06-30 23:17:01
a05ee5,N123AP  ,United States,1751325410.0,1751325410,-120.8834,37.9486,1424.94,False,45.04,166.12,0.98,,1417.32,,False,0,2025-06-30 23:17:01
ad646e,JBU733  ,United States,1751325420.0,1751325421,-72.1366,43.537,7604.76,False,227.11,319.96,1.63,,7993.38,7002,False,0,2025-06-30 23:17:01
a7a9cd,DAL517  ,United States,1751325420.0,1751325421,-103.0302,39.5099,10972.8,False,233.33,287.32,0.0,,11536.68,6057,False,0,2025-06-30 23:17:01
ad5151,N9572L  ,United States,1751325420.0,1751325420,-121.6368,47.3874,2827.02,False,61.05,73.86,-1.3,,2948.94,1200,False,0,2025-06-30 23:17:01
a3a0ca,UAL1946 ,United States,1751325420.0,1751325420,-87.9096,41.9704,,True,10.29,90.0,,,,,False,0,2025-06-30 23:17:01
a3b529,AAL1137 ,United States,1751325421.0,1751325421,-95.5422,29.9836,9898.38,False,247.57,124.42,5.85,,10515.6,3401,False,0,2025-06-30 23:17:01
a1388c,SKW3451 ,United States,1751325421.0,1751325421,-106.6905,29.3345,10668.0,False,228.93,115.99,-0.65,,11292.84,1072,False,0,2025-06-30 23:17:01
a2eed5,OXF3274 ,United States,1751325421.0,1751325421,-111.7237,33.4242,853.44,False,48.88,1.21,-2.28,,777.24,1200,False,0,2025-06-30 23:17:01
aa5fc2,PCM7731 ,United States,1751325420.0,1751325420,-122.1339,40.0687,2918.46,False,67.21,163.09,2.28,,3048.0,,False,0,2025-06-30 23:17:01
ad790f,N9674D  ,United States,1751325418.0,1751325420,-80.6762,28.3392,30.48,False,39.93,104.93,3.9,,38.1,,False,0,2025-06-30 23:17:01
ada1de,MAL7054 ,United States,1751325421.0,1751325421,-77.9698,44.3963,7406.64,False,161.12,239.91,-4.55,,7734.3,3614,False,0,2025-06-30 23:17:01
a3fba4,FFT3281 ,United States,1751325420.0,1751325420,-94.9758,30.0069,1501.14,False,117.29,270.25,0.0,,1592.58,1772,False,0,2025-06-30 23:17:01
acca88,AAL2355 ,United States,1751325421.0,1751325421,-77.1261,38.5451,3108.96,False,162.26,16.77,-2.6,,3268.98,1366,False,0,2025-06-30 23:17:01
a2454f,UAL1233 ,United States,1751325421.0,1751325421,-74.1207,40.7616,426.72,False,81.22,205.92,-3.25,,411.48,0652,False,0,2025-06-30 23:17:01
a23200,SWA2829 ,United States,1751325313.0,1751325313,-121.601,38.7148,99.06,False,66.89,180.88,-3.25,,38.1,7235,False,0,2025-06-30 23:17:01
ab6cb0,UAL1535 ,United States,1751325421.0,1751325421,-97.5452,32.8015,10965.18,False,226.78,311.14,0.0,,11628.12,7313,False,0,2025-06-30 23:17:01
a17ef7,FDX1805 ,United States,1751325421.0,1751325421,-120.2416,38.8766,12504.42,False,228.87,169.9,0.0,,13129.26,3435,False,0,2025-06-30 23:17:01
a3c87d,N343AK  ,United States,1751325417.0,1751325420,-105.6913,43.9032,8229.6,False,165.3,84.82,0.0,,8671.56,,False,0,2025-06-30 23:17:01
a36516,FFT3163 ,United States,1751325420.0,1751325421,-117.4791,34.3634,3528.06,False,156.15,119.18,-6.5,,3695.7,1623,False,0,2025-06-30 23:17:01
a4c207,N4053T  ,United States,1751325255.0,1751325255,-119.1545,34.1993,106.68,False,40.67,177.83,0.65,,121.92,,False,0,2025-06-30 23:17:01
a2452c,UAL1168 ,United States,1751325420.0,1751325420,-104.9479,44.2688,9753.6,False,225.14,253.68,0.0,,10264.14,6231,False,0,2025-06-30 23:17:01
a2452a,UAL1209 ,United States,1751325420.0,1751325420,-100.9604,45.7809,10668.0,False,249.44,107.28,0.33,,11102.34,,False,0,2025-06-30 23:17:01
a37842,JBU2230 ,United States,1751325420.0,1751325420,-73.2832,42.7426,10424.16,False,241.3,90.86,-6.5,,10988.04,3101,False,0,2025-06-30 23:17:01
ab3982,AAL2662 ,United States,1751325420.0,1751325420,-90.341,35.3783,11887.2,False,231.37,291.66,0.0,,12580.62,3312,False,0,2025-06-30 23:17:01
a8a3ce,JBU1692 ,United States,1751325327.0,1751325327,-78.0307,27.7647,10668.0,False,236.27,2.0,0.0,,11186.16,,False,0,2025-06-30 23:17:01
abbca1,SWA2861 ,United States,1751325421.0,1751325421,-89.1349,42.5359,10363.2,False,199.11,270.89,0.33,,10812.78,1560,False,0,2025-06-30 23:17:01
ab7fee,AAL2554 ,United States,1751325420.0,1751325420,-84.6552,37.7736,10957.56,False,226.5,291.73,0.33,,11590.02,2377,False,0,2025-06-30 23:17:01
aaf317,N8040F  ,United States,1751325420.0,1751325420,-83.8569,32.7208,518.16,False,43.69,347.76,-0.98,,541.02,,False,0,2025-06-30 23:17:01
ab0001,N808EH  ,United States,1751325421.0,1751325421,-116.9227,33.0402,899.16,False,55.23,99.11,-1.63,,868.68,,False,0,2025-06-30 23:17:01
ac9ff2,AAL1849 ,United States,1751325420.0,1751325420,-113.1339,43.1698,9745.98,False,232.05,281.51,0.33,,10256.52,,False,0,2025-06-30 23:17:01
ac3315,SWA2774 ,United States,1751325420.0,1751325421,-105.0081,39.7022,4610.1,False,177.2,287.23,7.8,,4892.04,,False,0,2025-06-30 23:17:01
aca948,ASA818  ,United States,1751325421.0,1751325421,-73.8144,42.7472,11277.6,False,256.44,92.53,0.0,,11864.34,3673,False,0,2025-06-30 23:17:01
a9d6d0,N733GK  ,United States,1751325421.0,1751325421,-73.0232,43.8162,1371.6,False,51.94,163.9,-0.33,,1394.46,,False,0,2025-06-30 23:17:01
a1bbe5,AXEL21  ,United States,1751325357.0,1751325360,-106.9295,41.8874,7924.8,False,229.29,9.95,-13.98,,8374.38,4145,False,0,2025-06-30 23:17:01
abbcc1,SWA3158 ,United States,1751325420.0,1751325420,-70.9888,42.3985,167.64,False,75.34,199.55,-2.93,,144.78,6272,False,0,2025-06-30 23:17:01
ac4660,N890LT  ,United States,1751325420.0,1751325421,-93.1302,45.1883,3627.12,False,152.16,16.9,19.83,,3703.32,4516,False,0,2025-06-30 23:17:01
aae008,N80FG   ,United States,1751325420.0,1751325420,-78.524,35.6124,510.54,False,50.03,120.26,-0.33,,495.3,7163,False,0,2025-06-30 23:17:01
adc93b,N988DV  ,United States,1751325421.0,1751325421,-100.8328,34.1489,10668.0,False,260.69,64.14,0.0,,11277.6,,False,0,2025-06-30 23:17:01
a9d6ba,N733FN  ,United States,1751325414.0,1751325419,-77.4221,38.2671,243.84,False,51.01,41.73,-2.28,,220.98,,False,0,2025-06-30 23:17:01
a35220,ENY3618 ,United States,1751325420.0,1751325420,-79.0672,46.1715,10363.2,False,196.41,275.56,-0.33,,10797.54,1441,False,0,2025-06-30 23:17:01
a36553,JBU2185 ,United States,1751325421.0,1751325421,-78.5117,42.0039,7924.8,False,202.89,220.48,0.0,,8351.52,1317,False,0,2025-06-30 23:17:01
a42ee9,DAL9951 ,United States,1751325421.0,1751325421,-83.8777,29.3758,11582.4,False,222.82,343.36,0.0,,12237.72,7275,False,0,2025-06-30 23:17:01
a9d6e0,N733HA  ,United States,1751325420.0,1751325420,-117.5001,33.2983,1089.66,False,51.29,134.59,0.33,,1066.8,,False,0,2025-06-30 23:17:01
a3c847,UAL2190 ,United States,1751325380.0,1751325380,-122.5822,45.5883,,True,8.75,118.12,,,,,False,0,2025-06-30 23:17:01
ac8ce5,AAL750  ,United States,1751325420.0,1751325420,-115.1576,36.0765,,True,7.46,315.0,,,,6663,False,0,2025-06-30 23:17:01
a47209,N386ES  ,United States,1751325421.0,1751325421,-91.5822,41.5704,487.68,False,56.27,75.71,-1.3,,457.2,,False,0,2025-06-30 23:17:01
aca94b,AAL2026 ,United States,1751325421.0,1751325421,-76.3712,36.3899,11277.6,False,232.1,28.89,0.0,,11910.06,6627,False,0,2025-06-30 23:17:01
a9e9fb,N738NM  ,United States,1751325421.0,1751325421,-88.4815,42.5991,1112.52,False,59.88,53.03,-0.33,,1089.66,,False,0,2025-06-30 23:17:01
a3b50f,AAL1622 ,United States,1751325420.0,1751325420,-99.0669,36.8702,10363.2,False,212.35,231.49,0.0,,10965.18,,False,0,2025-06-30 23:17:01
a54eb3,N441DV  ,United States,1751325421.0,1751325421,-92.2901,43.949,8229.6,False,154.24,123.16,0.0,,8496.3,,False,0,2025-06-30 23:17:01
aca7f0,N9140S  ,United States,1751325387.0,1751325387,-103.1927,31.7762,1165.86,False,60.19,322.64,-3.58,,1196.34,,False,0,2025-06-30 23:17:01
a60258,N4868E  ,United States,1751325189.0,1751325190,-87.3333,30.6504,762.0,False,45.58,323.26,-0.33,,777.24,1200,False,0,2025-06-30 23:17:01
acca19,,United States,1751325233.0,1751325233,-73.7759,40.6486,,True,5.14,219.38,,,,,False,0,2025-06-30 23:17:01
a8553c,NKS2560 ,United States,1751325420.0,1751325420,-84.4346,33.6434,,True,4.37,180.0,,,,2441,False,0,2025-06-30 23:17:01
a65bf2,LXJ509  ,United States,1751325420.0,1751325420,-103.6035,35.4141,13716.0,False,248.84,105.1,-0.65,,14371.32,,False,0,2025-06-30 23:17:01
a89bab,AAL1964 ,United States,1751325184.0,1751325184,-97.0277,32.891,,True,11.32,208.12,,,,2675,False,0,2025-06-30 23:17:01
ac7a33,AAL2432 ,United States,1751325278.0,1751325295,-80.9693,35.2472,350.52,False,67.59,175.63,-2.93,,342.9,3161,False,0,2025-06-30 23:17:01
a61592,UAL1148 ,United States,1751325420.0,1751325421,-94.8391,41.8539,10965.18,False,201.12,260.87,0.0,,11437.62,2461,False,0,2025-06-30 23:17:01
ad77df,N967TQ  ,United States,1751325420.0,1751325420,-68.3153,44.661,13106.4,False,234.48,246.19,0.0,,13639.8,0773,False,0,2025-06-30 23:17:01
a3a289,N333SE  ,United States,1751325421.0,1751325421,-81.1031,29.2327,1684.02,False,86.56,11.31,-1.95,,1760.22,1200,False,0,2025-06-30 23:17:01
abbd73,SWA3204 ,United States,1751325421.0,1751325421,-94.7377,39.9415,11277.6,False,260.92,82.64,0.0,,11833.86,2004,False,0,2025-06-30 23:17:01
a6bef1,N5337T  ,United States,1751325131.0,1751325132,-89.6039,37.3584,1036.32,False,62.86,172.0,-0.98,,1051.56,,False,0,2025-06-30 23:17:01
a7ded2,N606PD  ,United States,1751325138.0,1751325142,-73.4872,40.7435,76.2,False,19.76,308.66,-2.28,,53.34,,False,0,2025-06-30 23:17:01
407f2c,BAW9CG  ,United Kingdom,1751325421.0,1751325421,-100.6098,45.4728,12192.0,False,253.85,214.43,0.0,,12641.58,,False,0,2025-06-30 23:17:01
a8feb8,SKW5476 ,United States,1751325421.0,1751325421,-102.775,44.5976,9753.6,False,241.12,195.34,0.0,,10210.8,,False,0,2025-06-30 23:17:01
acca2c,WMU51   ,United States,1751325420.0,1751325420,-85.5841,42.0259,937.26,False,76.48,107.22,0.0,,914.4,,False,0,2025-06-30 23:17:01
abaa43,SWA1773 ,United States,1751325421.0,1751325421,-119.6997,39.3099,9776.46,False,251.68,50.22,3.25,,10233.66,3354,False,0,2025-06-30 23:17:01
ac7a52,AAL2652 ,United States,1751325420.0,1751325420,-96.8902,32.7719,3657.6,False,161.18,316.16,0.0,,3855.72,1000,False,0,2025-06-30 23:17:01
a91ed6,N687SP  ,United States,1751325421.0,1751325421,-86.5943,39.2116,807.72,False,48.11,24.65,3.25,,784.86,,False,0,2025-06-30 23:17:01
a9c506,ASA434  ,United States,1751325420.0,1751325421,-77.4473,39.213,1226.82,False,110.48,197.34,0.33,,1257.3,3304,False,0,2025-06-30 23:17:01
ad9a33,N976CT  ,United States,1751325418.0,1751325420,-84.7476,33.2901,457.2,False,39.39,319.24,-1.63,,457.2,1200,False,0,2025-06-30 23:17:01
ac7a5e,AAL403  ,United States,1751325421.0,1751325421,-87.1065,42.908,7604.76,False,271.04,75.04,6.83,,7909.56,3275,False,0,2025-06-30 23:17:01
a7def8,EJA606  ,United States,1751325420.0,1751325420,-80.4611,32.8944,8359.14,False,201.78,37.54,7.8,,8846.82,0752,False,0,2025-06-30 23:17:01
ac7a65,TAI563  ,United States,1751325369.0,1751325369,-110.6101,29.8925,10668.0,False,251.14,122.88,0.0,,11300.46,3672,False,0,2025-06-30 23:17:01
a98868,NKS2406 ,United States,1751325421.0,1751325421,-86.1181,33.9714,7810.5,False,219.73,326.46,2.6,,8298.18,6117,False,0,2025-06-30 23:17:01
aaf1f2,AAL1101 ,United States,1751325420.0,1751325421,-82.7811,28.3925,5196.84,False,212.87,350.4,6.18,,5486.4,3706,False,0,2025-06-30 23:17:01
ab11fb,CRE812  ,United States,1751325420.0,1751325420,-87.5827,30.4711,13106.4,False,221.21,270.27,-0.65,,13792.2,1477,False,0,2025-06-30 23:17:01
aa4ce2,ENY3519 ,United States,1751325328.0,1751325328,-85.528,42.1243,861.06,False,85.19,352.02,-2.93,,876.3,5325,False,0,2025-06-30 23:17:01
a377b3,N322WA  ,United States,1751325420.0,1751325420,-72.4346,42.0518,1950.72,False,74.83,229.74,0.0,,2065.02,1424,False,0,2025-06-30 23:17:01
a1bd27,N2109T  ,United States,1751325391.0,1751325392,-95.7589,41.2203,548.64,False,43.73,0.0,-4.23,,563.88,,False,0,2025-06-30 23:17:01
a124b5,DAL90   ,United States,1751325420.0,1751325420,-70.4382,41.0837,10668.0,False,243.88,57.32,0.0,,11193.78,3614,False,0,2025-06-30 23:17:01
abbd8d,SWA1686 ,United States,1751325421.0,1751325421,-83.1534,37.2186,11277.6,False,241.96,70.37,0.0,,11948.16,0630,False,0,2025-06-30 23:17:01
ac7a76,N903BM  ,United States,1751325326.0,1751325326,-101.8884,34.3313,1379.22,False,55.8,354.71,-0.65,,1417.32,,False,0,2025-06-30 23:17:01
c05840,ACA843  ,Canada,1751325421.0,1751325421,-77.7015,44.508,8481.06,False,174.45,240.11,-7.8,,8892.54,2503,False,0,2025-06-30 23:17:01
aa0653,NKS2352 ,United States,1751324977.0,1751325410,-93.1488,32.6663,9456.42,False,243.89,93.87,0.0,,10058.4,2024,False,0,2025-06-30 23:17:01
ae0a40,HEART28 ,United States,1751325389.0,1751325390,-78.8699,40.3416,906.78,False,51.53,104.45,-0.65,,914.4,1200,False,0,2025-06-30 23:17:01
a7486a,ASA14   ,United States,1751325420.0,1751325420,-88.0861,32.4497,10668.0,False,235.1,73.87,0.0,,11308.08,6703,False,0,2025-06-30 23:17:01
a86861,N64056  ,United States,1751325421.0,1751325421,-112.2915,33.5333,411.48,False,27.39,208.01,-1.3,,304.8,1200,False,0,2025-06-30 23:17:01
a6abb6,N529PV  ,United States,1751325420.0,1751325420,-83.7644,32.8254,3634.74,False,86.87,280.58,-0.33,,3825.24,2050,False,0,2025-06-30 23:17:01
a7debf,NKS2119 ,United States,1751325390.0,1751325418,-81.1183,37.5714,11277.6,False,241.58,63.98,0.0,,11948.16,5770,False,0,2025-06-30 23:17:01
c03210,ASP844  ,Canada,1751325420.0,1751325420,-79.3456,43.8189,952.5,False,98.13,264.89,-1.63,,922.02,1356,False,0,2025-06-30 23:17:01
a8551a,N636MA  ,United States,1751325421.0,1751325421,-71.802,42.5966,5334.0,False,154.61,45.67,0.0,,5570.22,2712,False,0,2025-06-30 23:17:01
acca85,NKS2233 ,United States,1751325420.0,1751325420,-82.1548,27.5262,3253.74,False,191.25,305.14,-5.2,,3444.24,4756,False,0,2025-06-30 23:17:01
a7dec2,JIA5447 ,United States,1751325421.0,1751325421,-79.3302,36.9707,7924.8,False,228.24,222.9,-0.33,,8374.38,3536,False,0,2025-06-30 23:17:01
a65bbc,DAL415  ,United States,1751325420.0,1751325420,-86.7392,45.4281,10675.62,False,263.47,100.23,0.0,,11064.24,6633,False,0,2025-06-30 23:17:01
a017f9,N105HC  ,United States,1751325421.0,1751325421,-87.5012,30.6753,1798.32,False,79.16,295.4,-0.33,,1889.76,6270,False,0,2025-06-30 23:17:01
c0584f,ACA824  ,Canada,1751325421.0,1751325421,-79.6317,43.688,,True,6.17,315.0,,,,2213,False,0,2025-06-30 23:17:01
a9b0ed,RPA3310 ,United States,1751325420.0,1751325420,-83.9366,39.6398,10058.4,False,260.58,80.11,-0.33,,10652.76,5770,False,0,2025-06-30 23:17:01
a72213,JIA5449 ,United States,1751325420.0,1751325421,-91.6412,35.0202,9448.8,False,253.94,52.57,0.0,,10005.06,6231,False,0,2025-06-30 23:17:01
a747a8,N56849  ,United States,1751325420.0,1751325421,-84.0218,39.6896,518.16,False,40.14,181.47,-0.65,,449.58,1200,False,0,2025-06-30 23:17:01
a231ae,TRF40   ,United States,1751325420.0,1751325420,-96.0188,32.7301,1409.7,False,66.36,277.13,0.98,,1463.04,0007,False,0,2025-06-30 23:17:01
a9b273,ASA549  ,United States,1751325421.0,1751325421,-105.2407,40.8182,10668.0,False,243.75,114.83,0.0,,11239.5,1566,False,0,2025-06-30 23:17:01
a507de,N423MG  ,United States,1751325421.0,1751325421,-80.1061,27.577,4229.1,False,140.26,160.5,-3.9,,4488.18,3356,False,0,2025-06-30 23:17:01
a3b4c8,DAL1923 ,United States,1751325420.0,1751325420,-91.4304,45.2309,8351.52,False,253.95,108.91,6.5,,8572.5,3225,False,0,2025-06-30 23:17:01
a65d11,N509TJ  ,United States,1751325421.0,1751325421,-77.9532,42.4901,937.26,False,68.1,222.24,0.33,,929.64,0203,False,0,2025-06-30 23:17:01
ada296,AAL1541 ,United States,1751325413.0,1751325420,-115.1348,36.0804,,True,0.0,272.81,,,,,False,0,2025-06-30 23:17:01
a1aa10,UAL45   ,United States,1751325420.0,1751325421,-121.4751,39.116,11582.4,False,245.8,233.08,0.0,,12161.52,1322,False,0,2025-06-30 23:17:01
a3b4d6,AAL1351 ,United States,1751325421.0,1751325421,-87.9226,31.0383,3817.62,False,186.64,113.39,-10.08,,4030.98,3655,False,0,2025-06-30 23:17:01
ada293,NKS2388 ,United States,1751325420.0,1751325421,-91.4026,35.6956,6499.86,False,217.35,114.32,-11.38,,6888.48,3273,False,0,2025-06-30 23:17:01
ab5a01,SCX407  ,United States,1751325421.0,1751325421,-113.6203,35.019,10363.2,False,232.14,239.8,0.33,,10942.32,,False,0,2025-06-30 23:17:01
a6ad05,N5292K  ,United States,1751325404.0,1751325404,-88.0814,30.6346,0.0,False,38.34,139.9,-2.93,,15.24,1200,False,0,2025-06-30 23:17:01
a3b4e9,LBQ783  ,United States,1751325421.0,1751325421,-83.1467,32.7137,5791.2,False,132.8,155.02,0.0,,6141.72,1746,False,0,2025-06-30 23:17:01
a257f8,N250EX  ,United States,1751325420.0,1751325420,-82.8738,28.8501,8290.56,False,198.62,351.66,5.85,,8778.24,6647,False,0,2025-06-30 23:17:01
ac57d2,SWA1211 ,United States,1751325420.0,1751325421,-77.9826,33.8685,10668.0,False,226.78,5.21,0.0,,11277.6,2377,False,0,2025-06-30 23:17:01
a40a50,N36DT   ,United States,1751325421.0,1751325421,-118.4033,34.4073,2324.1,False,78.01,138.74,-0.33,,2392.68,4730,False,0,2025-06-30 23:17:01
abbd0a,SWA671  ,United States,1751325421.0,1751325421,-91.9284,34.8064,11582.4,False,221.94,221.52,0.0,,12260.58,6502,False,0,2025-06-30 23:17:01
acdd03,N928MP  ,United States,1751325420.0,1751325420,-118.3435,33.6388,1417.32,False,41.32,198.89,-0.65,,1424.94,,False,0,2025-06-30 23:17:01
c030bb,ACA762  ,Canada,1751325420.0,1751325421,-81.9369,46.0416,11277.6,False,270.07,86.51,0.0,,11727.18,3337,False,0,2025-06-30 23:17:01
a1aa4e,SWA2254 ,United States,1751325420.0,1751325420,-98.3145,37.3862,11582.4,False,210.99,230.84,0.0,,12207.24,,False,0,2025-06-30 23:17:01
a27a5c,EJA259  ,United States,1751325419.0,1751325420,-112.0521,35.3523,9144.0,False,239.12,264.94,-0.65,,9669.78,2313,False,0,2025-06-30 23:17:01
a0191e,AAL378  ,United States,1751325420.0,1751325420,-80.936,35.18,2720.34,False,139.88,305.27,0.65,,2865.12,3064,False,0,2025-06-30 23:17:01
a9887c,N713PE  ,United States,1751325227.0,1751325227,-87.5738,30.2954,396.24,False,58.59,226.78,-0.98,,556.26,0155,False,0,2025-06-30 23:17:01
c030eb,ACA344  ,Canada,1751325420.0,1751325420,-89.9114,48.7305,11277.6,False,249.14,102.4,0.0,,11506.2,,False,0,2025-06-30 23:17:01
a497ee,N3951Y  ,United States,1751325420.0,1751325420,-89.0123,44.6881,1059.18,False,75.81,352.2,-1.3,,1013.46,4055,False,0,2025-06-30 23:17:01
abbd2d,SWA1999 ,United States,1751325420.0,1751325420,-82.0658,36.4534,10972.8,False,235.05,316.24,0.0,,11628.12,1654,False,0,2025-06-30 23:17:01
ac31a1,AAL3311 ,United States,1751325421.0,1751325421,-93.2179,35.772,11582.4,False,220.9,246.24,-0.33,,12260.58,6251,False,0,2025-06-30 23:17:01
acdd18,NKS2098 ,United States,1751325418.0,1751325419,-118.6831,38.7037,10363.2,False,247.3,321.84,0.0,,10896.6,,False,0,2025-06-30 23:17:01
abaa0e,SWA792  ,United States,1751325420.0,1751325420,-98.1945,32.6223,8290.56,False,218.84,261.76,7.15,,8793.48,5154,False,0,2025-06-30 23:17:01
a3b4a4,MVK33   ,United States,1751325387.0,1751325387,-93.2112,44.6219,403.86,False,28.66,291.04,-4.55,,365.76,,False,0,2025-06-30 23:17:01
a5e29a,ASA1297 ,United States,1751325420.0,1751325420,-122.3219,42.0961,10972.8,False,252.24,351.56,-0.65,,11475.72,6012,False,0,2025-06-30 23:17:01
c030f7,ACA325  ,Canada,1751325420.0,1751325420,-74.1702,45.5797,3185.16,False,157.61,316.98,3.9,,3284.22,,False,0,2025-06-30 23:17:01
a15a6e,N1868H  ,United States,1751325420.0,1751325420,-122.2165,37.7285,45.72,False,39.08,290.82,2.6,,-7.62,5363,False,0,2025-06-30 23:17:01
a9d879,N733ZK  ,United States,1751325420.0,1751325420,-121.8534,36.6476,701.04,False,45.81,34.94,3.25,,685.8,,False,0,2025-06-30 23:17:01
a1bd6a,MXY707  ,United States,1751325410.0,1751325410,-88.4666,32.5419,10668.0,False,228.89,120.08,-0.33,,11330.94,2015,False,0,2025-06-30 23:17:01
abbd47,SWA3304 ,United States,1751325421.0,1751325421,-115.8624,34.9018,9144.0,False,207.04,226.31,0.33,,9646.92,,False,0,2025-06-30 23:17:01
a17fb5,AAY1490 ,United States,1751325421.0,1751325421,-86.3211,30.5366,655.32,False,104.06,165.69,-4.55,,701.04,1037,False,0,2025-06-30 23:17:01
ae1ba8,        ,United States,1751325421.0,1751325421,-104.6641,39.006,7322.82,False,158.3,337.85,0.98,,7749.54,,False,0,2025-06-30 23:17:01
a12611,N173TX  ,United States,1751325420.0,1751325421,-104.5609,31.2482,8526.78,False,134.17,306.74,0.0,,9029.7,2762,False,0,2025-06-30 23:17:01
ab6bdf,KSU35   ,United States,1751325421.0,1751325421,-97.6508,38.7627,548.64,False,38.59,90.76,-4.55,,563.88,,False,0,2025-06-30 23:17:01
71c516,APZ103  ,Republic of Korea,1751325420.0,1751325420,-124.4115,38.5779,11277.6,False,246.57,128.9,0.0,,11780.52,1404,False,0,2025-06-30 23:17:01
a2ca97,N2792P  ,United States,1751325364.0,1751325364,-118.237,33.8897,121.92,False,24.23,273.65,-4.88,,83.82,,False,0,2025-06-30 23:17:01
a841a7,N631CB  ,United States,1751325420.0,1751325421,-104.7989,36.5672,13106.4,False,211.89,290.02,0.0,,13738.86,6444,False,0,2025-06-30 23:17:01
abbbae,UAL1092 ,United States,1751325420.0,1751325420,-97.6497,41.4926,10355.58,False,217.85,257.87,0.0,,10820.4,1417,False,0,2025-06-30 23:17:01
a64a73,SKW4894 ,United States,1751325420.0,1751325421,-114.8509,34.0288,10972.8,False,219.74,281.2,0.33,,11612.88,1541,False,0,2025-06-30 23:17:01
a3c900,FFT3521 ,United States,1751325420.0,1751325420,-111.7792,36.0167,9753.6,False,208.99,255.9,0.0,,10302.24,7361,False,0,2025-06-30 23:17:01
a471f0,N386DS  ,United States,1751325421.0,1751325421,-83.5735,40.4743,922.02,False,49.4,234.32,-0.65,,899.16,,False,0,2025-06-30 23:17:01
a52a99,AAL1703 ,United States,1751325420.0,1751325420,-86.4209,33.237,10058.4,False,237.6,59.27,0.33,,10698.48,2043,False,0,2025-06-30 23:17:01
c043cb,WJA1763 ,Canada,1751325420.0,1751325420,-121.7445,46.356,10972.8,False,244.47,346.99,0.0,,11414.76,0712,False,0,2025-06-30 23:17:01
a721d7,N559LC  ,United States,1751325420.0,1751325421,-76.1754,38.5536,1836.42,False,134.27,223.6,-0.33,,1897.38,1135,False,0,2025-06-30 23:17:01
a2ca64,UAL108  ,United States,1751325420.0,1751325420,-76.8563,39.1104,6370.32,False,204.86,88.13,8.45,,6713.22,2404,False,0,2025-06-30 23:17:01
adfba0,N641T   ,United States,1751325421.0,1751325421,-119.0967,36.9534,3848.1,False,65.86,331.03,0.33,,4038.6,,False,0,2025-06-30 23:17:01
a841b7,N631CT  ,United States,1751325413.0,1751325418,-117.0015,33.2738,807.72,False,49.52,325.15,-0.33,,792.48,,False,0,2025-06-30 23:17:01
a2efae,SWA793  ,United States,1751325421.0,1751325421,-90.4439,35.1746,11582.4,False,226.88,295.52,0.0,,12252.96,1532,False,0,2025-06-30 23:17:01
a987aa,,United States,1751325417.0,1751325418,-111.9781,40.7882,,True,5.92,90.0,,,,,False,0,2025-06-30 23:17:01
c069d8,WJA1624 ,Canada,1751325421.0,1751325421,-112.5343,41.5483,11887.2,False,241.79,179.76,0.0,,12489.18,,False,0,2025-06-30 23:17:01
ada227,JBU1189 ,United States,1751325420.0,1751325420,-99.6101,40.9351,10988.04,False,218.39,244.76,0.33,,11506.2,1357,False,0,2025-06-30 23:17:01
aaf27c,UAL675  ,United States,1751325420.0,1751325421,-87.7057,33.2603,10965.18,False,235.84,255.08,-0.33,,11643.36,6704,False,0,2025-06-30 23:17:01
ad526a,N958AL  ,United States,1751325420.0,1751325420,-122.6371,48.7492,541.02,False,69.86,99.32,0.0,,548.64,,False,0,2025-06-30 23:17:01
a721a4,JBU1689 ,United States,1751325420.0,1751325420,-80.9834,30.2814,10218.42,False,252.82,188.54,-4.55,,10812.78,3401,False,0,2025-06-30 23:17:01
ad526c,AAL1619 ,United States,1751325420.0,1751325420,-81.5113,35.9947,4808.22,False,176.59,151.27,-8.13,,5082.54,1106,False,0,2025-06-30 23:17:01
a04cbf,N989CW  ,United States,1751325421.0,1751325421,-85.6371,38.2349,396.24,False,34.59,329.62,-1.95,,388.62,,False,0,2025-06-30 23:17:01
a64a3b,EJA504  ,United States,1751325409.0,1751325409,-113.4606,38.0369,13106.4,False,222.97,196.76,0.0,,13784.58,,False,0,2025-06-30 23:17:01
c056d2,NRL593  ,Canada,1751325213.0,1751325213,-74.0093,45.6792,,True,19.03,225.0,,,,3413,False,0,2025-06-30 23:17:01
a9b292,N724BS  ,United States,1751325420.0,1751325420,-71.3559,42.0594,609.6,False,115.33,45.9,-2.93,,640.08,3117,False,0,2025-06-30 23:17:01
a43ea7,UAL1412 ,United States,1751325420.0,1751325420,-76.2087,37.5563,10972.8,False,246.57,214.29,0.0,,11620.5,3353,False,0,2025-06-30 23:17:01
a43ea2,UAL1681 ,United States,1751325420.0,1751325421,-84.5237,32.2389,11277.6,False,243.87,169.42,0.0,,11955.78,6552,False,0,2025-06-30 23:17:01
a01567,AAL2868 ,United States,1751325421.0,1751325421,-99.6163,29.8228,11277.6,False,249.39,38.38,0.0,,11993.88,1236,False,0,2025-06-30 23:17:01
a37517,JBU358  ,United States,1751325418.0,1751325418,-73.7616,40.6473,,True,0.0,120.94,,,,,False,0,2025-06-30 23:17:01
a8a0c1,QXE2414 ,United States,1751325421.0,1751325421,-121.4105,45.1512,7345.68,False,193.42,168.18,-9.43,,7711.44,4711,False,0,2025-06-30 23:17:01
a9d3bf,WWI73   ,United States,1751325420.0,1751325420,-99.2125,32.2458,4846.32,False,168.0,100.59,13.66,,5128.26,,False,0,2025-06-30 23:17:01
a18eed,N2SM    ,United States,1751325421.0,1751325421,-114.2818,36.5756,12496.8,False,233.62,28.26,0.0,,13190.22,7773,False,0,2025-06-30 23:17:01
a18ef7,N2SX    ,United States,1751325420.0,1751325420,-78.5801,40.3986,3017.52,False,62.35,205.93,0.0,,3093.72,4510,False,0,2025-06-30 23:17:01
ad61de,SWA105  ,United States,1751325421.0,1751325421,-117.4779,34.0569,792.48,False,75.11,270.39,-1.95,,777.24,4130,False,0,2025-06-30 23:17:01
ab8fa7,KSU44   ,United States,1751325414.0,1751325414,-97.2362,38.8892,449.58,False,32.7,24.15,-3.58,,457.2,,False,0,2025-06-30 23:17:01
ad8901,SKW5990 ,United States,1751325420.0,1751325420,-101.9391,46.0979,10058.4,False,209.35,11.34,-0.33,,10492.74,,False,0,2025-06-30 23:17:01
ad8906,N971TA  ,United States,1751325421.0,1751325421,-117.9951,33.6324,693.42,False,44.64,295.97,0.0,,647.7,,False,0,2025-06-30 23:17:01
aa4a90,SKW5573 ,United States,1751325421.0,1751325421,-87.5346,42.0027,1249.68,False,89.0,270.0,0.0,,1257.3,1661,False,0,2025-06-30 23:17:01
a2b810,UAL2713 ,United States,1751325411.0,1751325411,-77.436,38.9545,,True,0.0,180.0,,,,,False,0,2025-06-30 23:17:01
a850dc,FFT2339 ,United States,1751325420.0,1751325420,-82.5225,28.1529,1059.18,False,93.21,182.53,-9.43,,1150.62,1132,False,0,2025-06-30 23:17:01
a5050e,SWA3826 ,United States,1751325419.0,1751325421,-85.6679,42.8363,1729.74,False,145.79,185.67,14.96,,1729.74,,False,0,2025-06-30 23:17:01
a480ef,N39FB   ,United States,1751325420.0,1751325420,-94.8912,38.7905,495.3,False,58.66,358.99,-2.93,,464.82,,False,0,2025-06-30 23:17:01
a9e6df,AAL1891 ,United States,1751325420.0,1751325420,-78.3602,35.7658,2506.98,False,145.98,321.15,-12.03,,2621.28,6622,False,0,2025-06-30 23:17:01
a996e1,DAL1897 ,United States,1751325420.0,1751325420,-84.4391,37.861,2118.36,False,149.51,356.25,-7.48,,2202.18,3330,False,0,2025-06-30 23:17:01
a24235,N2447N  ,United States,1751325420.0,1751325420,-122.467,47.827,769.62,False,94.23,148.39,-1.63,,792.48,,False,0,2025-06-30 23:17:01
a8c6e8,PDT5747 ,United States,1751325111.0,1751325127,-80.9692,35.2466,358.14,False,69.09,176.16,-2.93,,342.9,,False,0,2025-06-30 23:17:01
a80f87,N6185K  ,United States,1751325142.0,1751325146,-122.5815,48.2865,1127.76,False,43.55,345.64,-1.63,,1188.72,,False,0,2025-06-30 23:17:01
a36212,AAY2879 ,United States,1751325421.0,1751325421,-90.6806,38.395,10668.0,False,236.51,153.66,0.0,,11292.84,3614,False,0,2025-06-30 23:17:01
a17bfe,AAY1411 ,United States,1751325421.0,1751325421,-94.9298,32.8638,10972.8,False,228.53,254.46,-0.65,,11658.6,7114,False,0,2025-06-30 23:17:01
ab3639,SCX634  ,United States,1751325421.0,1751325421,-86.7374,36.069,922.02,False,105.16,273.65,9.75,,937.26,,False,0,2025-06-30 23:17:01
a36218,ASI6248 ,United States,1751325420.0,1751325420,-111.8905,33.0001,670.56,False,50.67,330.83,-1.63,,579.12,1200,False,0,2025-06-30 23:17:01
a43ec9,,United States,1751325400.0,1751325400,-100.9205,40.742,10363.2,False,225.93,257.64,0.33,,10888.98,,False,0,2025-06-30 23:17:01
a12234,N172SJ  ,United States,1751325420.0,1751325420,-74.3956,42.6323,1737.36,False,63.13,107.55,0.65,,1714.5,,False,0,2025-06-30 23:17:01
ab2316,N8168   ,United States,1751325418.0,1751325420,-121.9229,37.3547,,True,7.46,140.62,,,,,False,0,2025-06-30 23:17:01
a43ec3,UAL2215 ,United States,1751325420.0,1751325420,-81.901,28.4196,4846.32,False,207.12,284.38,-0.65,,5128.26,0223,False,0,2025-06-30 23:17:01
a2685b,SWA2702 ,United States,1751325421.0,1751325421,-90.7389,34.6059,11277.6,False,236.48,120.02,0.0,,11932.92,3256,False,0,2025-06-30 23:17:01
ad8935,AAL1402 ,United States,1751325420.0,1751325421,-83.1522,29.0251,7688.58,False,214.21,337.25,3.9,,8138.16,5775,False,0,2025-06-30 23:17:01
ab3655,UAL590  ,United States,1751325273.0,1751325319,-87.9309,41.9772,,True,0.0,270.0,,,,,False,0,2025-06-30 23:17:01
ab8fee,AAL1548 ,United States,1751325421.0,1751325421,-100.704,44.6116,11277.6,False,252.71,99.14,0.0,,11727.18,,False,0,2025-06-30 23:17:01
abcca0,N86BJ   ,United States,1751325414.0,1751325414,-97.7514,32.9525,1249.68,False,62.64,19.18,-0.33,,1264.92,,False,0,2025-06-30 23:17:01
ad1fc8,AAL1827 ,United States,1751325419.0,1751325420,-80.6097,35.7156,2964.18,False,149.78,242.82,-6.83,,3124.2,2354,False,0,2025-06-30 23:17:01
a12241,N172SX  ,United States,1751325420.0,1751325420,-117.1978,33.08,1447.8,False,53.78,165.03,-2.6,,1447.8,,False,0,2025-06-30 23:17:01
a66bc3,N5124B  ,United States,1751325418.0,1751325420,-122.9192,46.0347,1996.44,False,52.5,358.32,1.3,,2042.16,,False,0,2025-06-30 23:17:01
a74541,GJS3377 ,United States,1751325125.0,1751325125,-84.6467,39.0632,350.52,False,63.79,180.0,-4.23,,304.8,2175,False,0,2025-06-30 23:17:01
a98515,SKW3922 ,United States,1751325419.0,1751325420,-85.4487,31.432,1516.38,False,133.72,9.97,12.68,,1600.2,,False,0,2025-06-30 23:17:01
a8c840,QXE2482 ,United States,1751325421.0,1751325421,-122.4044,47.224,1203.96,False,117.32,91.26,-0.33,,1249.68,7014,False,0,2025-06-30 23:17:01
a6cec4,GJS4539 ,United States,1751325412.0,1751325412,-77.4549,38.9381,,True,0.0,267.19,,,,,False,0,2025-06-30 23:17:01
a5f208,SWA2467 ,United States,1751325421.0,1751325421,-103.0586,39.3815,7482.84,False,216.82,110.41,10.08,,7909.56,,False,0,2025-06-30 23:17:01
a63897,N50LF   ,United States,1751325377.0,1751325377,-101.8277,33.6622,975.36,False,66.38,88.67,-3.58,,1036.32,3227,False,0,2025-06-30 23:17:01
a8c83b,EJA665  ,United States,1751325420.0,1751325420,-116.9891,32.6894,1089.66,False,92.63,257.82,-4.88,,1082.04,,False,0,2025-06-30 23:17:01
a2ebe7,N288CB  ,United States,1751325420.0,1751325420,-120.3254,34.8282,1676.4,False,42.6,142.85,2.6,,1699.26,,False,0,2025-06-30 23:17:01
a4954e,N3949X  ,United States,1751325397.0,1751325397,-116.7557,44.162,3048.0,False,62.64,326.05,0.0,,3200.4,,False,0,2025-06-30 23:17:01
ac8a11,N907KC  ,United States,1751325419.0,1751325419,-95.0453,38.8069,1051.56,False,55.77,209.88,0.0,,1082.04,,False,0,2025-06-30 23:17:01
a86540,PDT5832 ,United States,1751325421.0,1751325421,-75.2698,40.2306,1836.42,False,131.38,149.92,-0.98,,1912.62,4275,False,0,2025-06-30 23:17:01
ab34f3,DAL2035 ,United States,1751325421.0,1751325421,-84.53,33.6039,1181.1,False,136.66,243.15,14.31,,1211.58,2564,False,0,2025-06-30 23:17:01
a8785b,FFT1728 ,United States,1751325415.0,1751325420,-115.136,36.0823,,True,0.0,309.38,,,,,False,0,2025-06-30 23:17:01
a43eec,UAL2073 ,United States,1751325420.0,1751325420,-77.4397,38.9451,,True,5.66,180.0,,,,,False,0,2025-06-30 23:17:01
a43eea,UAL562  ,United States,1751325420.0,1751325420,-100.1452,45.5517,11277.6,False,249.65,95.56,0.0,,11696.7,,False,0,2025-06-30 23:17:01
a92ea0,EDV5062 ,United States,1751325418.0,1751325420,-88.0776,31.0372,1889.76,False,142.47,230.27,-8.45,,1988.82,7512,False,0,2025-06-30 23:17:01
ab34ea,DAL509  ,United States,1751325420.0,1751325421,-90.2291,42.4169,10363.2,False,192.58,267.55,0.0,,10805.16,4167,False,0,2025-06-30 23:17:01
a43eed,UAL1729 ,United States,1751325421.0,1751325421,-104.2918,39.6171,3977.64,False,168.72,308.69,-11.05,,4221.48,2271,False,0,2025-06-30 23:17:01
a7a84a,N5928E  ,United States,1751325421.0,1751325421,-73.1142,40.812,335.28,False,45.48,46.37,0.0,,304.8,,False,0,2025-06-30 23:17:01
a2ebbd,ASA485  ,United States,1751325420.0,1751325420,-82.3704,33.6931,9151.62,False,240.69,295.58,4.88,,9707.88,0737,False,0,2025-06-30 23:17:01
aced21,,United States,1751325413.0,1751325413,-119.622,44.3201,10972.8,False,224.61,323.29,0.0,,11483.34,,False,0,2025-06-30 23:17:01
ac9d5e,N9114Z  ,United States,1751325323.0,1751325406,-96.4519,43.6576,1470.66,False,47.51,70.39,0.98,,1516.38,,False,0,2025-06-30 23:17:01
a30bce,ASA783  ,United States,1751325421.0,1751325421,-88.7334,35.1209,10363.2,False,234.07,270.25,0.0,,11003.28,2253,False,0,2025-06-30 23:17:01
aced24,AAL1048 ,United States,1751325420.0,1751325420,-81.82,35.1802,10058.4,False,240.71,54.31,0.0,,10683.24,6247,False,0,2025-06-30 23:17:01
a3621e,AAL2485 ,United States,1751325421.0,1751325421,-99.336,32.1067,10957.56,False,248.09,78.76,-4.23,,11620.5,1563,False,0,2025-06-30 23:17:01
ac67fc,AAL2225 ,United States,1751325421.0,1751325421,-80.8032,35.6235,2049.78,False,127.71,244.47,-6.83,,2156.46,5647,False,0,2025-06-30 23:17:01
a73220,ASA1225 ,United States,1751325420.0,1751325420,-121.709,44.7414,11582.4,False,235.96,331.48,0.33,,12062.46,1767,False,0,2025-06-30 23:17:01
abba43,DAL3059 ,United States,1751325162.0,1751325162,-87.1602,30.4779,91.44,False,76.58,258.77,-4.23,,106.68,0664,False,0,2025-06-30 23:17:01
a74505,DAL214  ,United States,1751325421.0,1751325421,-84.4261,33.6412,,True,0.0,90.0,,,,4461,False,0,2025-06-30 23:17:01
aa6fca,SWA2807 ,United States,1751325419.0,1751325421,-118.4595,33.8505,6804.66,False,229.96,359.74,13.33,,7124.7,,False,0,2025-06-30 23:17:01
a55ed5,SKW5237 ,United States,1751325419.0,1751325419,-106.7718,40.5409,8549.64,False,228.25,106.23,-3.58,,9022.08,,False,0,2025-06-30 23:17:01
a3c549,FFT1113 ,United States,1751325420.0,1751325420,-97.459,36.7915,11582.4,False,228.89,294.15,0.0,,12230.1,3346,False,0,2025-06-30 23:17:01
aaad8f,SWA4382 ,United States,1751325420.0,1751325420,-121.9342,37.4564,1554.48,False,117.81,90.25,-0.65,,1584.96,1706,False,0,2025-06-30 23:17:01
a54bab,SWA844  ,United States,1751325418.0,1751325420,-76.7214,39.1766,213.36,False,79.43,94.09,-3.58,,190.5,4132,False,0,2025-06-30 23:17:01
a3c54f,LXJ342  ,United States,1751325421.0,1751325421,-76.1273,43.3882,11894.82,False,259.05,99.26,-0.33,,12496.8,7317,False,0,2025-06-30 23:17:01
a4e538,RPA4742 ,United States,1751325421.0,1751325421,-80.0699,38.5742,6400.8,False,210.51,358.18,-0.33,,6751.32,6514,False,0,2025-06-30 23:17:01
a3d890,DAL2027 ,United States,1751325420.0,1751325420,-99.7288,43.8821,10675.62,False,245.93,75.59,0.0,,11102.34,,False,0,2025-06-30 23:17:01
acda2c,SWA3498 ,United States,1751325421.0,1751325421,-97.3755,30.2867,1790.7,False,128.83,299.94,0.33,,1889.76,3540,False,0,2025-06-30 23:17:01
a36279,SKW3945 ,United States,1751325421.0,1751325421,-95.6537,32.7534,10668.0,False,234.44,59.83,0.33,,11300.46,3515,False,0,2025-06-30 23:17:01
a9c0be,N7276G  ,United States,1751325420.0,1751325421,-108.6381,45.751,1950.72,False,60.15,284.87,0.0,,2042.16,,False,0,2025-06-30 23:17:01
a517a1,SWA3711 ,United States,1751325421.0,1751325421,-84.3648,33.2784,12192.0,False,234.53,350.79,0.0,,12877.8,2513,False,0,2025-06-30 23:17:01
a16a20,AMF1545 ,United States,1751325420.0,1751325420,-70.2364,44.2765,3063.24,False,98.59,213.94,-0.33,,3185.16,,False,0,2025-06-30 23:17:01
a014db,N104PF  ,United States,1751325420.0,1751325421,-88.0857,41.5937,548.64,False,49.45,92.98,0.0,,533.4,1200,False,0,2025-06-30 23:17:01
a30d18,EDV5266 ,United States,1751325420.0,1751325420,-83.796,34.1335,3657.6,False,154.07,220.12,-3.25,,3848.1,0505,False,0,2025-06-30 23:17:01
adb268,N98184  ,United States,1751325420.0,1751325420,-90.0773,38.9317,556.26,False,51.51,145.99,-2.28,,525.78,,False,0,2025-06-30 23:17:01
a027f9,N109UV  ,United States,1751325421.0,1751325421,-111.7231,40.1862,1661.16,False,53.23,156.66,0.0,,1706.88,,False,0,2025-06-30 23:17:01
a30d04,AAY457  ,United States,1751325389.0,1751325389,-111.6691,33.3127,,True,11.32,135.0,,,,,False,0,2025-06-30 23:17:01
a16a02,AAL3083 ,United States,1751325420.0,1751325420,-85.7613,32.2592,10050.78,False,237.23,110.83,0.0,,10675.62,3612,False,0,2025-06-30 23:17:01
a8c88f,UAL14   ,United States,1751325338.0,1751325347,-74.1764,40.6986,,True,0.13,39.38,,,,,False,0,2025-06-30 23:17:01
06a1ce,QQE761  ,Qatar,1751325421.0,1751325421,-106.33,31.8207,13716.0,False,258.43,103.23,0.0,,14432.28,6765,False,0,2025-06-30 23:17:01
a8fbe8,N67807  ,United States,1751325420.0,1751325420,-121.8683,38.5569,381.0,False,35.73,276.61,3.58,,304.8,1200,False,0,2025-06-30 23:17:01
ac429b,SWA3265 ,United States,1751325420.0,1751325420,-114.5381,36.1955,6111.24,False,198.06,90.0,12.68,,6461.76,,False,0,2025-06-30 23:17:01
a0ad1b,UAL8198 ,United States,1751325376.0,1751325376,-94.5291,29.7493,5913.12,False,205.69,99.79,9.43,,6225.54,2526,False,0,2025-06-30 23:17:01
a04a33,N118CX  ,United States,1751325420.0,1751325420,-83.5522,26.5293,12412.98,False,180.12,122.28,-7.48,,13037.82,2236,False,0,2025-06-30 23:17:01
a87898,JBU1214 ,United States,1751325421.0,1751325421,-70.6069,42.1396,2308.86,False,126.12,10.58,-4.55,,2423.16,2443,False,0,2025-06-30 23:17:01
a7dbaa,SKW5913 ,United States,1751325265.0,1751325265,-122.3869,37.6212,,True,1.29,216.56,,,,,False,0,2025-06-30 23:17:01
a4d277,N41HA   ,United States,1751325420.0,1751325420,-118.9455,34.3792,6400.8,False,140.01,150.99,0.0,,6690.36,,False,0,2025-06-30 23:17:01
ab34a7,AAL3073 ,United States,1751325420.0,1751325421,-84.8075,38.9583,2453.64,False,132.2,50.05,-5.53,,2545.08,3445,False,0,2025-06-30 23:17:01
adb29c,ASA1269 ,United States,1751325399.0,1751325399,-98.4577,39.4715,10363.2,False,215.59,287.35,0.0,,10896.6,1647,False,0,2025-06-30 23:17:01
a267fa,N254SR  ,United States,1751325420.0,1751325420,-111.9615,33.2295,830.58,False,37.21,5.55,-7.48,,762.0,1200,False,0,2025-06-30 23:17:01
aa0243,N744JW  ,United States,1751325413.0,1751325418,-112.137,38.9547,13716.0,False,247.65,174.28,-0.33,,14386.56,3170,False,0,2025-06-30 23:17:01
a2b7cd,UAL2275 ,United States,1751325421.0,1751325421,-115.1894,43.8853,10058.4,False,244.39,117.86,0.0,,10568.94,6674,False,0,2025-06-30 23:17:01
a98539,DAL392  ,United States,1751325420.0,1751325420,-87.2163,37.2544,11582.4,False,215.87,244.9,0.0,,12252.96,4465,False,0,2025-06-30 23:17:01
0d04ae,SLI470  ,Mexico,1751325421.0,1751325421,-94.4124,28.7924,8839.2,False,238.6,66.09,-0.33,,9395.46,6517,False,0,2025-06-30 23:17:01
aaad1b,N78710  ,United States,1751325408.0,1751325408,-83.8575,35.9673,335.28,False,33.85,253.22,-4.23,,381.0,,False,0,2025-06-30 23:17:01
a121be,N172MR  ,United States,1751325421.0,1751325421,-122.8804,46.4293,1981.2,False,56.18,344.05,-1.63,,2049.78,,False,0,2025-06-30 23:17:01
a05d8d,N1220W  ,United States,1751325188.0,1751325190,-120.0684,39.1101,3322.32,False,159.69,2.95,-13.0,,3451.86,7223,False,0,2025-06-30 23:17:01
4cc52e,ICE9V   ,Iceland,1751325421.0,1751325421,-87.197,42.2479,2156.46,False,150.0,193.08,-0.33,,2202.18,0731,False,0,2025-06-30 23:17:01
4cc52f,ICE821  ,Iceland,1751325420.0,1751325420,-77.7834,36.4121,4511.04,False,174.49,229.78,-6.83,,4754.88,2464,False,0,2025-06-30 23:17:01
acb82e,AVA211  ,United States,1751325420.0,1751325420,-77.1558,34.7045,10370.82,False,243.06,193.71,0.0,,10980.42,1614,False,0,2025-06-30 23:17:01
4cc52b,ICE657  ,Iceland,1751325420.0,1751325420,-93.4211,45.2357,3863.34,False,190.81,159.32,-9.43,,3954.78,,False,0,2025-06-30 23:17:01
a4f7fb,CXK214  ,United States,1751325421.0,1751325421,-117.1088,33.3073,1645.92,False,30.56,216.1,-1.3,,1668.78,,False,0,2025-06-30 23:17:01
a2da60,AAY1311 ,United States,1751325421.0,1751325421,-78.0437,39.0029,3055.62,False,172.42,11.01,-0.33,,3215.64,2620,False,0,2025-06-30 23:17:01
ac685d,SKW3612 ,United States,1751325420.0,1751325420,-91.2756,42.2826,7620.0,False,247.68,74.09,0.98,,7909.56,,False,0,2025-06-30 23:17:01
a744b3,ASA1100 ,United States,1751325421.0,1751325421,-120.2446,38.8893,11887.2,False,215.76,169.98,0.0,,12466.32,1610,False,0,2025-06-30 23:17:01
a3fa60,N35543  ,United States,1751325421.0,1751325421,-97.0308,32.2415,1310.64,False,49.56,189.56,-0.65,,1371.6,,False,0,2025-06-30 23:17:01
a481c0,N39PL   ,United States,1751325123.0,1751325123,-83.328,42.2391,312.42,False,70.42,207.88,-3.25,,251.46,,False,0,2025-06-30 23:17:01
a4e4f9,N414WJ  ,United States,1751325420.0,1751325420,-120.6502,38.623,3223.26,False,87.61,210.33,-1.3,,3329.94,,False,0,2025-06-30 23:17:01
a2da59,,United States,1751325132.0,1751325132,-97.0376,32.9091,,True,8.23,90.0,,,,,False,0,2025-06-30 23:17:01
4cc548,ICE37B  ,Iceland,1751325243.0,1751325254,-79.6368,43.6793,205.74,True,0.64,56.25,,,,2426,False,0,2025-06-30 23:17:01
4cc549,ICE43E  ,Iceland,1751325421.0,1751325421,-76.1589,38.7501,2933.7,False,144.92,265.93,-4.23,,3070.86,2550,False,0,2025-06-30 23:17:01
a494e9,UAL1379 ,United States,1751325420.0,1751325421,-77.5221,38.9619,541.02,False,108.4,315.38,6.18,,525.78,,False,0,2025-06-30 23:17:01
ac5544,N894MA  ,United States,1751325419.0,1751325421,-81.6104,28.7153,281.94,False,57.95,125.24,-1.63,,297.18,1200,False,0,2025-06-30 23:17:01
ab355c,JBU2876 ,United States,1751325420.0,1751325420,-75.2631,38.244,11590.02,False,242.61,216.72,0.0,,12260.58,6300,False,0,2025-06-30 23:17:01
a78d73,DAL472  ,United States,1751325420.0,1751325421,-106.0174,41.4478,10972.8,False,225.7,296.1,0.0,,11559.54,3557,False,0,2025-06-30 23:17:01
acb83b,N919BH  ,United States,1751325421.0,1751325421,-98.1474,29.9279,1059.18,False,92.41,140.19,-2.6,,1097.28,7402,False,0,2025-06-30 23:17:01
a2ed5a,SKW4031 ,United States,1751325420.0,1751325421,-119.6799,38.2534,10668.0,False,223.26,167.08,-0.65,,11201.4,0657,False,0,2025-06-30 23:17:01
ac6886,UAL498  ,United States,1751324996.0,1751325117,-99.8308,40.2979,10972.8,False,221.36,308.02,-0.33,,11475.72,1043,False,0,2025-06-30 23:17:01
c053b4,ASP655  ,Canada,1751325420.0,1751325420,-83.6235,33.4483,13716.0,False,196.58,1.5,0.0,,14371.32,7437,False,0,2025-06-30 23:17:01
a494c5,UAL2466 ,United States,1751325420.0,1751325421,-85.127,43.9718,8534.4,False,217.01,193.01,0.0,,8884.92,7023,False,0,2025-06-30 23:17:01
a30d6b,SKW4130 ,United States,1751325420.0,1751325420,-95.5527,46.3602,10668.0,False,251.93,119.08,0.0,,10980.42,,False,0,2025-06-30 23:17:01
a9d59f,UAL2152 ,United States,1751325421.0,1751325421,-104.5655,40.1363,2293.62,False,107.0,270.0,-1.95,,2430.78,,False,0,2025-06-30 23:17:01
a2b919,ASA415  ,United States,1751325373.0,1751325421,-113.4874,43.9851,10363.2,False,226.64,295.69,-0.33,,10896.6,,False,0,2025-06-30 23:17:01
a3890e,N327HP  ,United States,1751325283.0,1751325283,-84.5627,33.3512,243.84,False,44.67,308.45,-2.93,,251.46,1200,False,0,2025-06-30 23:17:01
ac5569,AAL497  ,United States,1751325420.0,1751325420,-81.6713,37.075,8587.74,False,224.31,169.7,-12.35,,9105.9,1512,False,0,2025-06-30 23:17:01
a54d2d,OXF4263 ,United States,1751325420.0,1751325420,-111.4573,33.175,1325.88,False,47.55,5.59,1.95,,1310.64,1200,False,0,2025-06-30 23:17:01
a9c27a,NKS2792 ,United States,1751325420.0,1751325420,-83.324,42.2835,609.6,False,71.4,209.34,-3.58,,563.88,1675,False,0,2025-06-30 23:17:01
a0030d,JTL10   ,United States,1751325421.0,1751325421,-79.7513,28.3978,11887.2,False,222.57,298.28,0.33,,12496.8,3341,False,0,2025-06-30 23:17:01
4cc57b,ICE31T  ,Iceland,1751325421.0,1751325421,-83.4638,42.7198,2415.54,False,149.06,150.43,-5.53,,2461.26,0712,False,0,2025-06-30 23:17:01
a4f7cb,RPA9931 ,United States,1751325410.0,1751325410,-71.0191,42.3557,,True,0.0,120.94,,,,,False,0,2025-06-30 23:17:01
4cc57a,ICE825  ,Iceland,1751325420.0,1751325420,-79.4694,40.832,11582.4,False,222.81,257.6,0.0,,12230.1,3637,False,0,2025-06-30 23:17:01
ad0bd1,N94LH   ,United States,1751325420.0,1751325421,-92.9592,35.3745,12192.0,False,213.99,207.49,0.33,,12854.94,1717,False,0,2025-06-30 23:17:01
acb88c,EPI508  ,United States,1751325117.0,1751325117,-80.9456,29.061,-15.24,False,31.59,196.07,-1.95,,0.0,1200,False,0,2025-06-30 23:17:01
a624ac,SWA147  ,United States,1751325420.0,1751325420,-107.8833,35.4827,7018.02,False,207.88,75.38,-10.4,,7444.74,,False,0,2025-06-30 23:17:01
a4e4aa,N414TE  ,United States,1751325421.0,1751325421,-89.6185,35.9831,12496.8,False,230.98,59.04,0.0,,13197.84,3411,False,0,2025-06-30 23:17:01
4cc573,ICE1A   ,Iceland,1751325420.0,1751325420,-77.5868,37.6841,6309.36,False,202.27,358.25,-11.7,,6690.36,2425,False,0,2025-06-30 23:17:01
4cc570,ICE680  ,Iceland,1751325417.0,1751325421,-122.3094,47.7052,2263.14,False,145.59,359.8,10.08,,2324.1,,False,0,2025-06-30 23:17:01
7807bb,CSG2585 ,China,1751325420.0,1751325420,-108.4009,33.9704,10058.4,False,246.13,171.34,0.33,,10645.14,5747,False,0,2025-06-30 23:17:01
acb892,SKW5431 ,United States,1751325295.0,1751325295,-100.8968,40.7458,9144.0,False,208.19,257.44,-0.33,,9616.44,,False,0,2025-06-30 23:17:01
4cc569,FPY410  ,Iceland,1751325421.0,1751325421,-75.83,39.3202,5387.34,False,206.08,47.43,8.45,,5669.28,5640,False,0,2025-06-30 23:17:01
a0acbb,UAL2028 ,United States,1751325420.0,1751325420,-99.7073,37.5048,10363.2,False,200.59,252.08,0.33,,10942.32,6005,False,0,2025-06-30 23:17:01
a29cbf,ASA297  ,United States,1751325421.0,1751325421,-92.941,43.1044,10363.2,False,202.27,268.25,0.0,,10721.34,4563,True,0,2025-06-30 23:17:01
c03069,ACA1066 ,Canada,1751325420.0,1751325420,-108.5838,37.3737,11285.22,False,232.32,140.21,-0.33,,11902.44,2664,False,0,2025-06-30 23:17:01
c03064,ACA740  ,Canada,1751325421.0,1751325421,-91.2669,42.8878,11277.6,False,272.15,82.94,0.33,,11719.56,3327,False,0,2025-06-30 23:17:01
a6aa6e,ASA929  ,United States,1751325421.0,1751325421,-122.6735,44.9493,3451.86,False,170.18,3.99,-4.23,,3619.5,3637,False,0,2025-06-30 23:17:01
a51958,AAL3308 ,United States,1751325420.0,1751325421,-93.4363,32.9739,10058.4,False,250.32,83.04,-0.33,,10675.62,2210,False,0,2025-06-30 23:17:01
ac5700,SWA4034 ,United States,1751325421.0,1751325421,-91.0757,38.9567,10972.8,False,222.37,271.99,0.0,,11567.16,1042,False,0,2025-06-30 23:17:01
a24304,EPI245  ,United States,1751325247.0,1751325247,-81.3471,29.7871,861.06,False,65.46,356.4,0.0,,914.4,1200,False,0,2025-06-30 23:17:01
406a34,BAW216  ,United Kingdom,1751325420.0,1751325421,-70.0498,42.7258,10668.0,False,252.28,51.54,0.0,,11216.64,0413,False,0,2025-06-30 23:17:01
c0307c,ACA566  ,Canada,1751325421.0,1751325421,-122.8946,40.2953,11887.2,False,216.51,176.32,0.0,,12443.46,2673,False,0,2025-06-30 23:17:01
a0acb6,UAL2627 ,United States,1751325420.0,1751325420,-98.384,45.1885,10668.0,False,242.08,108.97,0.0,,11041.38,,False,0,2025-06-30 23:17:01
a13650,UAL636  ,United States,1751325351.0,1751325351,-98.5444,29.5886,601.98,False,69.98,131.42,-3.58,,731.52,1716,True,0,2025-06-30 23:17:01
a13651,UAL2081 ,United States,1751325421.0,1751325421,-82.5373,35.3933,10584.18,False,241.14,219.63,-5.2,,11231.88,1242,False,0,2025-06-30 23:17:01
a2b98d,N275FA  ,United States,1751325421.0,1751325421,-75.7039,40.4958,716.28,False,57.69,8.2,0.98,,708.66,0450,False,0,2025-06-30 23:17:01
a611db,UAL1464 ,United States,1751325420.0,1751325420,-100.3268,38.4857,10972.8,False,221.25,288.01,-0.33,,11567.16,1115,False,0,2025-06-30 23:17:01
406a9c,BAW82P  ,United Kingdom,1751325420.0,1751325420,-103.397,47.4651,13098.78,False,243.77,221.66,0.33,,13540.74,,False,0,2025-06-30 23:17:01
a9d4b5,RPA3585 ,United States,1751325420.0,1751325420,-85.6154,38.3599,8450.58,False,236.5,353.76,-11.38,,8938.26,1015,False,0,2025-06-30 23:17:01
a8fd3c,AAL2871 ,United States,1751325420.0,1751325420,-109.4331,38.0151,10599.42,False,238.38,25.57,4.55,,11209.02,2665,False,0,2025-06-30 23:17:01
a48321,DAL2756 ,United States,1751325420.0,1751325420,-91.8009,45.4463,7505.7,False,241.13,86.82,10.08,,7719.06,5354,False,0,2025-06-30 23:17:01
a3899d,ENY3562 ,United States,1751325420.0,1751325421,-88.0933,39.3799,9144.0,False,215.25,252.47,-0.33,,9624.06,1366,False,0,2025-06-30 23:17:01
aaadb2,SWA2628 ,United States,1751325420.0,1751325420,-76.9618,39.2188,3489.96,False,182.83,277.92,11.7,,3634.74,3535,False,0,2025-06-30 23:17:01
a78d6b,JIA5652 ,United States,1751325420.0,1751325421,-82.8332,36.2819,10668.0,False,241.99,61.15,-0.33,,11300.46,3155,False,0,2025-06-30 23:17:01
a48315,DAL1984 ,United States,1751325421.0,1751325421,-79.712,32.7807,10972.8,False,250.17,284.41,0.0,,11597.64,3516,False,0,2025-06-30 23:17:01
ab7dbe,N84CM   ,United States,1751325420.0,1751325420,-91.6169,35.0282,10972.8,False,159.33,225.26,0.0,,11628.12,5566,False,0,2025-06-30 23:17:01
a3d90a,AAL1793 ,United States,1751325421.0,1751325421,-81.627,25.5269,6294.12,False,182.44,95.5,-5.2,,6659.88,3471,False,0,2025-06-30 23:17:01
a2301d,BOE955  ,United States,1751325420.0,1751325420,-119.256,47.5916,4503.42,False,101.36,89.13,-0.98,,4709.16,,False,0,2025-06-30 23:17:01
a984b1,NKS2456 ,United States,1751325420.0,1751325420,-83.7007,37.3277,11269.98,False,230.85,161.28,-0.33,,11925.3,6443,False,0,2025-06-30 23:17:01
a997e5,AAL964  ,United States,1751325421.0,1751325421,-76.358,39.2046,2735.58,False,160.28,54.93,3.9,,2849.88,1317,False,0,2025-06-30 23:17:01
a89a4e,N6530Y  ,United States,1751325420.0,1751325420,-120.9381,38.11,2072.64,False,91.01,312.71,-2.6,,2110.74,,False,0,2025-06-30 23:17:01
a29ce8,N268CA  ,United States,1751325377.0,1751325379,-87.461,32.5727,4572.0,False,120.16,173.36,0.0,,4815.84,,False,0,2025-06-30 23:17:01
a23000,N240AA  ,United States,1751325419.0,1751325419,-81.6515,28.8906,335.28,False,52.56,3.37,0.98,,304.8,,False,0,2025-06-30 23:17:01
a31fdb,SCM3    ,United States,1751325420.0,1751325420,-90.0969,34.4382,7391.4,False,165.96,185.69,10.73,,7833.36,,False,0,2025-06-30 23:17:01
a51928,N4278Z  ,United States,1751325421.0,1751325421,-118.6773,32.9838,213.36,False,40.73,332.14,0.0,,167.64,,False,0,2025-06-30 23:17:01
a8b4c6,FFT2705 ,United States,1751325421.0,1751325421,-87.8532,39.0293,10363.2,False,218.81,267.71,0.0,,10965.18,2111,False,0,2025-06-30 23:17:01
a0acf8,UAL1032 ,United States,1751325179.0,1751325179,-87.9081,41.9792,,True,4.37,191.25,,,,,False,0,2025-06-30 23:17:01
a0acf9,UAL2100 ,United States,1751325366.0,1751325366,-114.7419,39.4027,10972.8,False,222.2,245.81,0.33,,11559.54,6055,False,0,2025-06-30 23:17:01
a90a1e,N6816F  ,United States,1751325417.0,1751325417,-92.9978,44.1543,1257.3,False,52.54,92.81,2.28,,1257.3,,False,0,2025-06-30 23:17:01
a62676,VAR496  ,United States,1751325421.0,1751325421,-112.7329,33.3446,701.04,False,66.75,6.19,2.28,,632.46,,False,0,2025-06-30 23:17:01
a97310,JBU2523 ,United States,1751325420.0,1751325420,-76.6681,37.5087,7833.36,False,244.22,200.73,4.23,,8305.8,6204,False,0,2025-06-30 23:17:01
a73322,N563M   ,United States,1751325420.0,1751325420,-91.349,44.2805,4206.24,False,170.39,352.02,-3.25,,4290.06,,False,0,2025-06-30 23:17:01
a7a956,JBU120  ,United States,1751325421.0,1751325421,-73.425,40.3779,10858.5,False,235.6,209.14,1.63,,11490.96,2454,False,0,2025-06-30 23:17:01
a8a309,PDT5923 ,United States,1751325421.0,1751325421,-78.7312,42.9376,,True,12.35,45.0,,,,,False,0,2025-06-30 23:17:01
a4c02d,GTI8240 ,United States,1751325411.0,1751325416,-73.7785,40.6547,,True,0.0,210.94,,,,,False,0,2025-06-30 23:17:01
ad0e61,AAL2288 ,United States,1751325419.0,1751325419,-88.319,32.417,11277.6,False,230.35,93.33,-0.33,,11963.4,5122,False,0,2025-06-30 23:17:01
a2a688,N270AM  ,United States,1751325351.0,1751325397,-95.8795,32.6374,571.5,False,44.86,273.95,-0.65,,579.12,,False,0,2025-06-30 23:17:01
a9e914,N738DF  ,United States,1751325250.0,1751325250,-82.3536,34.7759,388.62,False,41.26,305.87,-2.93,,373.38,,False,0,2025-06-30 23:17:01
add8e0,N9911L  ,United States,1751325420.0,1751325420,-122.7548,38.0411,883.92,False,59.22,172.01,0.65,,838.2,1200,False,0,2025-06-30 23:17:01
ac9e77,DAL2246 ,United States,1751325420.0,1751325421,-97.5994,43.2277,11582.4,False,210.65,247.76,0.0,,12031.98,7073,False,0,2025-06-30 23:17:01
adc5b8,MTN7463 ,United States,1751325420.0,1751325420,-79.388,40.0346,1821.18,False,74.32,205.86,0.0,,1874.52,6020,False,0,2025-06-30 23:17:01
a6bcda,N533PC  ,United States,1751325420.0,1751325420,-112.0384,33.7235,1150.62,False,66.23,162.83,-4.55,,1127.76,,False,0,2025-06-30 23:17:01
a7598c,UAL1012 ,United States,1751325419.0,1751325420,-105.6688,36.2657,10972.8,False,219.13,246.62,0.33,,11590.02,7166,False,0,2025-06-30 23:17:01
a2ecf3,AAY3082 ,United States,1751325421.0,1751325421,-87.5235,30.7785,4716.78,False,148.0,86.01,-5.53,,4998.72,2472,False,0,2025-06-30 23:17:01
c0565b,CGGSG   ,Canada,1751325420.0,1751325420,-79.8363,43.7872,548.64,False,65.9,12.63,0.33,,480.06,5336,False,0,2025-06-30 23:17:01
a98620,N7122G  ,United States,1751325098.0,1751325181,-86.7318,33.5694,480.06,False,40.72,3.62,0.65,,480.06,,False,0,2025-06-30 23:17:01
a6cffc,AAL1617 ,United States,1751325420.0,1751325420,-105.1893,31.0404,10066.02,False,236.73,124.55,-0.65,,10675.62,2402,False,0,2025-06-30 23:17:01
a73348,JIA5609 ,United States,1751325420.0,1751325421,-85.8995,39.2532,8054.34,False,239.94,76.23,-10.73,,8481.06,7625,False,0,2025-06-30 23:17:01
a4e62a,ASI221  ,United States,1751325420.0,1751325420,-97.7491,30.9665,1097.28,False,37.86,132.8,-2.93,,1127.76,6052,False,0,2025-06-30 23:17:01
a1ce16,SWA1496 ,United States,1751325420.0,1751325421,-95.9331,39.0818,11277.6,False,262.81,83.93,0.0,,11849.1,,False,0,2025-06-30 23:17:01
a5afc8,N4659G  ,United States,1751325195.0,1751325195,-87.8967,42.1036,243.84,False,31.82,337.17,-2.6,,236.22,,False,0,2025-06-30 23:17:01
ac9e91,SKW4747 ,United States,1751325420.0,1751325420,-102.5163,34.1363,9715.5,False,229.38,356.4,0.65,,10279.38,,False,0,2025-06-30 23:17:01
adb2a4,DAL2135 ,United States,1751325421.0,1751325421,-81.793,35.1368,4427.22,False,204.99,243.63,4.88,,4678.68,,False,0,2025-06-30 23:17:01
a47074,N38513  ,United States,1751325275.0,1751325355,-73.2054,41.9496,1524.0,False,60.97,58.46,0.0,,1569.72,,False,0,2025-06-30 23:17:01
a04b24,AAL2834 ,United States,1751325387.0,1751325388,-97.0547,32.9149,190.5,False,73.57,180.4,-2.6,,175.26,6373,False,0,2025-06-30 23:17:01
a29e24,EJA268  ,United States,1751325267.0,1751325321,-77.4549,38.9386,,True,0.06,267.19,,,,,False,0,2025-06-30 23:17:01
ac42df,SWA167  ,United States,1751325420.0,1751325421,-102.0733,31.9,12496.8,False,234.0,123.34,0.0,,13205.46,,False,0,2025-06-30 23:17:01
a67ff0,N518JA  ,United States,1751325420.0,1751325421,-103.0633,39.35,11582.4,False,233.87,294.7,0.33,,12184.38,1112,False,0,2025-06-30 23:17:01
a59007,CAP458  ,United States,1751325421.0,1751325421,-117.3941,33.8433,1104.9,False,50.54,355.91,-1.3,,1089.66,,False,0,2025-06-30 23:17:01
a87942,QXE2160 ,United States,1751325421.0,1751325421,-118.5731,47.2771,10668.0,False,241.77,95.25,-0.33,,11109.96,1561,False,0,2025-06-30 23:17:01
a028e5,ABX3123 ,United States,1751325420.0,1751325420,-96.2559,40.4262,11887.2,False,262.41,71.25,0.33,,12428.22,7337,False,0,2025-06-30 23:17:01
aca5ff,SKW5708 ,United States,1751325420.0,1751325421,-103.716,40.4932,6751.32,False,192.21,217.61,-10.08,,7132.32,,False,0,2025-06-30 23:17:01
a5aff2,AAL2206 ,United States,1751325420.0,1751325420,-95.326,32.627,7795.26,False,246.34,95.03,4.55,,8275.32,2372,False,0,2025-06-30 23:17:01
a85397,N63565  ,United States,1751325420.0,1751325420,-80.0276,35.5362,1097.28,False,39.72,143.43,-0.33,,1097.28,,False,0,2025-06-30 23:17:01
aa28b9,N75382  ,United States,1751325255.0,1751325316,-77.837,38.5161,396.24,False,45.44,344.23,-3.9,,381.0,1200,False,0,2025-06-30 23:17:01
ad504d,SKW5108 ,United States,1751325420.0,1751325421,-93.4862,40.6143,8534.4,False,208.05,241.98,0.0,,8953.5,6265,False,0,2025-06-30 23:17:01
a638a0,MVP347  ,United States,1751325420.0,1751325420,-81.2471,30.7164,11597.64,False,214.89,163.73,0.0,,12237.72,6614,False,0,2025-06-30 23:17:01
ada021,N9771   ,United States,1751325420.0,1751325420,-115.0939,35.9915,3550.92,False,75.44,51.65,0.65,,3749.04,,False,0,2025-06-30 23:17:01
a42e13,DAL2520 ,United States,1751325421.0,1751325421,-76.1868,37.255,10355.58,False,237.79,204.68,0.0,,10972.8,1747,False,0,2025-06-30 23:17:01
aaae08,N7878S  ,United States,1751325280.0,1751325280,-118.2372,33.8897,99.06,False,27.78,271.06,-4.88,,68.58,,False,0,2025-06-30 23:17:01
a4f8d9,N41967  ,United States,1751325420.0,1751325420,-88.4886,43.5716,967.74,False,48.64,169.64,0.33,,937.26,,False,0,2025-06-30 23:17:01
a4e5a9,N4142Q  ,United States,1751325371.0,1751325371,-89.6354,43.3387,571.5,False,42.44,276.26,-4.55,,548.64,,False,0,2025-06-30 23:17:01
a638c4,N50NA   ,United States,1751325420.0,1751325420,-118.3368,47.3824,7924.8,False,132.93,232.86,0.0,,8290.56,,False,0,2025-06-30 23:17:01
a53b19,N436TH  ,United States,1751325420.0,1751325420,-122.1485,48.2465,906.78,False,52.23,333.69,0.0,,922.02,1200,False,0,2025-06-30 23:17:01
ab48ba,N826SE  ,United States,1751325421.0,1751325421,-86.7551,36.7353,937.26,False,75.95,35.63,-0.33,,952.5,,False,0,2025-06-30 23:17:01
a2b8b8,UAL989  ,United States,1751325420.0,1751325420,-70.0646,41.7967,10058.4,False,256.31,50.78,0.0,,10584.18,3576,False,0,2025-06-30 23:17:01
a53b11,N436T   ,United States,1751325420.0,1751325420,-86.3986,38.2602,3657.6,False,76.0,330.83,0.0,,3825.24,5130,False,0,2025-06-30 23:17:01
ab48bf,SKW3756 ,United States,1751325420.0,1751325420,-81.9427,34.117,10088.88,False,233.96,337.78,7.15,,10698.48,1642,False,0,2025-06-30 23:17:01
a96049,CXK577  ,United States,1751325421.0,1751325421,-74.4148,40.7716,358.14,False,50.72,49.52,0.0,,335.28,1200,False,0,2025-06-30 23:17:01
adb35c,JBU319  ,United States,1751325421.0,1751325421,-93.7564,42.0843,10363.2,False,200.53,261.0,0.0,,10789.92,6736,False,0,2025-06-30 23:17:01
a96046,IRO7570 ,United States,1751325420.0,1751325420,-88.1322,45.5163,2484.12,False,79.23,179.63,0.0,,2491.74,,False,0,2025-06-30 23:17:01
a388af,DAL1710 ,United States,1751325421.0,1751325421,-90.6322,37.8902,10363.2,False,236.23,306.94,-0.33,,10965.18,1541,False,0,2025-06-30 23:17:01
a28b00,JSX346  ,United States,1751325420.0,1751325420,-119.2378,36.4833,9753.6,False,242.06,346.23,0.33,,10210.8,2436,False,0,2025-06-30 23:17:01
a242e5,AMF7222 ,United States,1751325421.0,1751325421,-98.4148,35.4044,4869.18,False,133.85,249.06,1.3,,5135.88,6611,False,0,2025-06-30 23:17:01
a5e041,EJA478  ,United States,1751325420.0,1751325421,-85.2063,34.2854,9144.0,False,234.88,258.25,0.0,,9692.64,0470,False,0,2025-06-30 23:17:01
ac68c3,N899WM  ,United States,1751325421.0,1751325421,-85.2835,32.9218,2430.78,False,83.47,19.44,0.33,,2552.7,,False,0,2025-06-30 23:17:01
c041bc,ROU1812 ,Canada,1751325420.0,1751325420,-77.5967,34.9037,9753.6,False,245.58,190.74,0.0,,10340.34,0501,False,0,2025-06-30 23:17:01
ab6b02,AAL1309 ,United States,1751325421.0,1751325421,-109.8367,36.758,10058.4,False,242.21,24.33,0.0,,10614.66,4105,False,0,2025-06-30 23:17:01
a59062,N458FS  ,United States,1751325421.0,1751325421,-78.8181,26.6687,10408.92,False,259.67,129.05,-8.78,,10965.18,5032,False,0,2025-06-30 23:17:01
a9e976,N738HD  ,United States,1751325420.0,1751325420,-105.136,40.3074,1958.34,False,41.39,124.88,3.25,,2057.4,,False,0,2025-06-30 23:17:01
ab48e8,UAL676  ,United States,1751325421.0,1751325421,-112.6123,36.3821,10980.42,False,236.06,242.76,-0.33,,11590.02,2542,False,0,2025-06-30 23:17:01
aaae1b,SWA2537 ,United States,1751325420.0,1751325420,-77.2974,38.1026,6096.0,False,204.95,31.14,-4.88,,6446.52,1703,False,0,2025-06-30 23:17:01
a42e4e,LXJ369  ,United States,1751325414.0,1751325414,-82.521,27.968,,True,0.0,205.31,,,,,False,0,2025-06-30 23:17:01
a5f35f,N4827L  ,United States,1751325420.0,1751325420,-94.1018,41.5404,929.64,False,60.15,138.81,-1.63,,952.5,,False,0,2025-06-30 23:17:01
a78cfc,JBU491  ,United States,1751325420.0,1751325421,-80.5343,43.057,8267.7,False,198.21,267.77,4.23,,8679.18,7475,False,0,2025-06-30 23:17:01
a242c3,MXY533  ,United States,1751325420.0,1751325421,-89.7088,31.8399,11277.6,False,232.58,73.29,0.0,,11963.4,2070,False,0,2025-06-30 23:17:01
a42e48,FFT3660 ,United States,1751325420.0,1751325420,-105.5191,31.2239,10668.0,False,243.62,111.04,0.0,,11308.08,2634,False,0,2025-06-30 23:17:01
a8535f,N6355J  ,United States,1751325418.0,1751325421,-87.9346,43.6663,1402.08,False,55.96,209.16,0.33,,1394.46,,False,0,2025-06-30 23:17:01
a2db21,SWA3206 ,United States,1751325330.0,1751325378,-87.7578,41.7898,,False,13.89,337.5,,,,7414,False,0,2025-06-30 23:17:01
ab35cb,AAL1978 ,United States,1751325421.0,1751325421,-84.6979,33.5147,11277.6,False,232.23,74.98,0.0,,11948.16,3424,False,0,2025-06-30 23:17:01
a29e5c,SKW181H ,United States,1751325420.0,1751325420,-123.3046,44.4386,2255.52,False,146.75,182.41,-5.2,,2354.58,4736,False,0,2025-06-30 23:17:01
a04b7d,N118SB  ,United States,1751325421.0,1751325421,-107.553,33.021,6690.36,False,130.61,305.38,-0.98,,7063.74,,False,0,2025-06-30 23:17:01
a9d637,,United States,1751325354.0,1751325354,-76.291,37.4878,1341.12,False,53.53,317.73,-0.65,,1363.98,,False,0,2025-06-30 23:17:01
abce34,N86TN   ,United States,1751325421.0,1751325421,-93.1799,35.1517,13106.4,False,234.5,97.44,-0.33,,13761.72,1304,False,0,2025-06-30 23:17:01
a242c5,N245CA  ,United States,1751325420.0,1751325420,-117.0913,32.9822,1082.04,False,43.42,13.71,2.93,,1074.42,,False,0,2025-06-30 23:17:01
ad7634,AAL1837 ,United States,1751325420.0,1751325420,-103.5077,30.4427,10668.0,False,241.39,69.67,0.0,,11323.32,1677,False,0,2025-06-30 23:17:01
a7cb14,CCK60   ,United States,1751325420.0,1751325421,-78.9434,38.003,8724.9,False,223.25,248.22,3.9,,9265.92,2105,False,0,2025-06-30 23:17:01
ad7639,DAL3017 ,United States,1751325305.0,1751325305,-79.8582,36.1588,647.7,False,80.41,226.3,-4.23,,701.04,1370,False,0,2025-06-30 23:17:01
a3fb6f,DAL708  ,United States,1751325421.0,1751325421,-114.9014,36.1994,10050.78,False,248.43,69.39,0.33,,10599.42,7342,False,0,2025-06-30 23:17:01
a732ae,GJS4176 ,United States,1751325419.0,1751325419,-75.127,38.9585,1844.04,False,131.73,203.96,0.0,,1920.24,2327,False,0,2025-06-30 23:17:01
a865c8,FFT2280 ,United States,1751325420.0,1751325420,-82.0198,38.4667,9753.6,False,244.94,178.68,0.0,,10363.2,1031,False,0,2025-06-30 23:17:01
aaf002,ASH6231 ,United States,1751325421.0,1751325421,-86.1452,34.1323,8534.4,False,239.14,232.34,-0.33,,9037.32,3136,False,0,2025-06-30 23:17:01
ab2344,N8169L  ,United States,1751325128.0,1751325128,-90.9429,30.1873,60.96,False,32.45,182.73,-2.93,,68.58,,False,0,2025-06-30 23:17:01
a8b5ad,QXE2029 ,United States,1751325414.0,1751325415,-121.5538,43.5085,10668.0,False,213.28,164.76,-0.33,,11125.2,,False,0,2025-06-30 23:17:01
acb950,NKS19   ,United States,1751325421.0,1751325421,-87.9542,41.8845,2415.54,False,153.31,90.58,-6.83,,2476.5,3772,False,0,2025-06-30 23:17:01
a05da4,N1221J  ,United States,1751325420.0,1751325420,-90.8514,31.2693,13106.4,False,240.76,269.88,0.0,,13815.06,1014,False,0,2025-06-30 23:17:01
a6ab27,JBU2071 ,United States,1751325420.0,1751325420,-79.4423,25.9682,5113.02,False,198.33,109.23,8.45,,5394.96,,False,0,2025-06-30 23:17:01
aaf007,ASH6073 ,United States,1751325419.0,1751325419,-77.4549,38.9442,,True,0.0,270.0,,,,,False,0,2025-06-30 23:17:01
ab3681,N821VV  ,United States,1751325419.0,1751325420,-119.0103,35.5854,5074.92,False,142.41,333.62,0.33,,5303.52,7312,False,0,2025-06-30 23:17:01
a41b66,ABX480  ,United States,1751325421.0,1751325421,-82.1508,41.2727,11277.6,False,262.41,46.83,0.0,,11871.96,6651,False,0,2025-06-30 23:17:01
a66e8e,N513WF  ,United States,1751325420.0,1751325420,-122.4907,47.783,754.38,False,63.5,206.98,0.33,,762.0,,False,0,2025-06-30 23:17:01
aa15cc,AAL2394 ,United States,1751325421.0,1751325421,-80.985,32.289,2842.26,False,152.42,45.41,13.98,,2987.04,,False,0,2025-06-30 23:17:01
a852b9,N6350T  ,United States,1751325420.0,1751325420,-120.8152,38.6757,1524.0,False,74.9,254.05,-0.33,,1539.24,1200,False,0,2025-06-30 23:17:01
ac300d,SWA3915 ,United States,1751325420.0,1751325420,-79.3928,35.417,5036.82,False,195.1,39.65,-13.0,,5334.0,4575,False,0,2025-06-30 23:17:01
a7de53,JBU1143 ,United States,1751325420.0,1751325420,-74.8452,38.6598,10965.18,False,239.11,219.24,0.0,,11628.12,1321,False,0,2025-06-30 23:17:01
a7a8ed,DAL1134 ,United States,1751325421.0,1751325421,-92.1588,46.7854,9768.84,False,222.96,299.29,0.0,,10005.06,7435,False,0,2025-06-30 23:17:01
a65b76,AAL1192 ,United States,1751325420.0,1751325420,-78.7446,29.067,10058.4,False,230.57,12.24,0.0,,10538.46,6150,False,0,2025-06-30 23:17:01
a6ab45,N529KG  ,United States,1751325421.0,1751325421,-85.9209,39.7605,4739.64,False,214.64,221.6,-10.4,,4930.14,1306,False,0,2025-06-30 23:17:01
a7cb0b,AAL2660 ,United States,1751325421.0,1751325421,-122.7155,44.5318,5478.78,False,201.66,4.1,-8.13,,5760.72,,False,0,2025-06-30 23:17:01
ab1046,N8116J  ,United States,1751325417.0,1751325420,-79.4947,35.7454,883.92,False,55.41,301.33,0.98,,914.4,,False,0,2025-06-30 23:17:01
a998a0,N7171Y  ,United States,1751325420.0,1751325421,-96.1572,32.3639,2080.26,False,97.95,336.8,-2.6,,2156.46,,False,0,2025-06-30 23:17:01
c067a6,CGNGN   ,Canada,1751325335.0,1751325353,-75.4728,45.5385,419.1,False,40.43,255.26,-2.28,,373.38,,False,0,2025-06-30 23:17:01
a638e1,N50PE   ,United States,1751325420.0,1751325421,-77.6789,43.1137,243.84,False,75.5,241.51,6.83,,190.5,,False,0,2025-06-30 23:17:01
a9b06f,DAL437  ,United States,1751325418.0,1751325420,-112.9572,36.8342,10668.0,False,247.41,56.28,0.0,,11231.88,7441,False,0,2025-06-30 23:17:01
a66e3b,SKW6508 ,United States,1751325390.0,1751325394,-117.5757,34.0569,350.52,False,67.91,270.0,-2.93,,297.18,0763,False,0,2025-06-30 23:17:01
a1373d,DAL78   ,United States,1751325420.0,1751325420,-72.1054,41.8518,9913.62,False,248.8,53.75,6.18,,10454.64,2722,False,0,2025-06-30 23:17:01
71c701,APZ112  ,Republic of Korea,1751325420.0,1751325420,-124.5452,39.2988,8702.04,False,271.52,295.59,4.23,,9067.8,3234,False,0,2025-06-30 23:17:01
a54e72,N441BE  ,United States,1751325420.0,1751325420,-76.1536,40.0774,754.38,False,85.16,298.11,-2.93,,769.62,,False,0,2025-06-30 23:17:01
ac3053,SWA34   ,United States,1751325411.0,1751325416,-96.8518,32.847,,True,0.0,180.0,,,,,False,0,2025-06-30 23:17:01
a54e88,N441CB  ,United States,1751325420.0,1751325420,-93.8915,40.7529,1653.54,False,58.32,94.55,0.0,,1714.5,,False,0,2025-06-30 23:17:01
adc64a,N987MT  ,United States,1751325420.0,1751325420,-118.2055,33.8134,388.62,False,44.32,189.35,0.0,,327.66,,False,0,2025-06-30 23:17:01
a9c380,RPA3304 ,United States,1751325421.0,1751325421,-74.1739,44.234,5928.36,False,187.54,255.54,7.15,,6202.68,,False,0,2025-06-30 23:17:01
a05dba,UAL1939 ,United States,1751325420.0,1751325420,-115.6749,40.6342,11277.6,False,255.82,83.42,0.0,,11856.72,,False,0,2025-06-30 23:17:01
a41b89,DAL2690 ,United States,1751325420.0,1751325420,-76.3244,42.8397,3017.52,False,145.27,185.69,5.2,,3116.58,0333,False,0,2025-06-30 23:17:01
ad4f1c,ERU957  ,United States,1751325420.0,1751325421,-81.0168,29.2503,662.94,False,49.97,357.05,1.95,,708.66,0131,False,0,2025-06-30 23:17:01
a57b26,N452SM  ,United States,1751325420.0,1751325420,-104.9114,40.3135,2095.5,False,50.86,321.16,1.95,,2225.04,,False,0,2025-06-30 23:17:01
a2e5ec,SKW4012 ,United States,1751325420.0,1751325421,-107.6432,36.9809,10363.2,False,245.41,336.66,0.0,,10911.84,,False,0,2025-06-30 23:17:01
a808bb,N61697  ,United States,1751325420.0,1751325420,-80.6947,25.4523,1036.32,False,43.23,91.36,-1.63,,1120.14,,False,0,2025-06-30 23:17:01
ade18c,AAL1248 ,United States,1751325421.0,1751325421,-86.3897,33.0871,8412.48,False,242.51,233.11,1.3,,8930.64,3303,False,0,2025-06-30 23:17:01
a34e7d,N312CM  ,United States,1751325421.0,1751325421,-96.2469,35.9641,1676.4,False,59.34,85.53,-1.95,,1744.98,,False,0,2025-06-30 23:17:01
aa56d4,UAL745  ,United States,1751325385.0,1751325385,-113.7035,44.0919,10972.8,False,224.39,295.1,-0.33,,11513.82,,False,0,2025-06-30 23:17:01
ad4f0b,DAL3115 ,United States,1751325421.0,1751325421,-85.0385,33.1703,4975.86,False,196.69,40.44,-11.7,,5242.56,3616,False,0,2025-06-30 23:17:01
ae0195,COUGR80 ,United States,1751325147.0,1751325147,-89.6303,38.4645,922.02,False,97.91,226.92,0.0,,929.64,,False,0,2025-06-30 23:17:01
a295ff,N266HJ  ,United States,1751325420.0,1751325420,-76.265,39.07,7802.88,False,203.34,40.18,-10.73,,8229.6,2671,False,0,2025-06-30 23:17:01
aaef60,AAL2086 ,United States,1751325420.0,1751325420,-82.0166,36.175,8153.4,False,231.86,324.3,9.1,,8641.08,5671,True,0,2025-06-30 23:17:01
a7d5a5,N6036Y  ,United States,1751325420.0,1751325420,-121.4785,38.5058,281.94,False,49.09,38.19,0.0,,228.6,4513,False,0,2025-06-30 23:17:01
a10e8b,UAL2494 ,United States,1751325421.0,1751325421,-104.2636,43.313,11277.6,False,252.23,91.99,0.33,,11826.24,,False,0,2025-06-30 23:17:01
ad3c16,AAL2108 ,United States,1751325420.0,1751325421,-104.6373,31.133,11582.4,False,231.33,284.16,-0.33,,12268.2,0757,False,0,2025-06-30 23:17:01
ab63c2,CMD13   ,United States,1751325418.0,1751325419,-120.4671,37.5121,815.34,False,60.98,9.22,0.33,,792.48,,False,0,2025-06-30 23:17:01
a8e38c,N672EB  ,United States,1751325421.0,1751325421,-72.3365,43.7301,792.48,False,36.82,172.78,-1.95,,784.86,,False,0,2025-06-30 23:17:01
a21b44,MXY760  ,United States,1751325421.0,1751325421,-76.9602,40.4858,4000.5,False,185.31,42.64,-14.96,,4198.62,7026,False,0,2025-06-30 23:17:01
aaa6dd,AAL192  ,United States,1751325420.0,1751325420,-92.9821,33.4086,10058.4,False,265.24,56.31,0.0,,10668.0,0574,False,0,2025-06-30 23:17:01
aa56b5,UAL202  ,United States,1751325417.0,1751325419,-81.3196,37.7644,11277.6,False,225.49,84.11,0.33,,11932.92,3265,False,0,2025-06-30 23:17:01
a22e91,N24KK   ,United States,1751325292.0,1751325334,-87.3425,36.0992,807.72,False,43.68,302.01,-2.28,,800.1,,False,0,2025-06-30 23:17:01
a808d7,ATN3349 ,United States,1751325421.0,1751325421,-83.8882,38.6208,4671.06,False,181.16,262.33,-7.48,,4869.18,1671,False,0,2025-06-30 23:17:01
a57b4d,UAL474  ,United States,1751325421.0,1751325421,-95.3582,33.7845,10652.76,False,247.93,48.87,0.0,,11346.18,3226,False,0,2025-06-30 23:17:01
a1fb33,MXY197  ,United States,1751325421.0,1751325421,-72.7908,41.3395,891.54,False,110.99,319.89,-3.58,,906.78,6531,False,0,2025-06-30 23:17:01
a1d8fd,UAL70   ,United States,1751325421.0,1751325421,-73.1105,41.3931,7124.7,False,231.73,55.67,9.1,,7505.7,1163,False,0,2025-06-30 23:17:01
aa56b4,UAL2005 ,United States,1751325420.0,1751325420,-79.7811,46.2186,10972.8,False,188.54,275.17,0.0,,11422.38,1545,False,0,2025-06-30 23:17:01
aa56b3,UAL335  ,United States,1751325412.0,1751325412,-93.2825,30.9601,9669.78,False,225.17,252.31,-13.33,,10325.1,2154,False,0,2025-06-30 23:17:01
acf9cf,SCA35   ,United States,1751325284.0,1751325294,-111.6424,32.8333,838.2,False,53.38,152.45,0.65,,784.86,1200,False,0,2025-06-30 23:17:01
a33b1e,AAL2664 ,United States,1751325420.0,1751325420,-93.2498,32.7375,10363.2,False,232.58,253.29,0.0,,10988.04,2165,False,0,2025-06-30 23:17:01
a46e35,DAL2606 ,United States,1751325421.0,1751325421,-122.735,46.679,4404.36,False,173.93,358.64,-8.13,,4610.1,6720,False,0,2025-06-30 23:17:01
4b1858,HBJFS   ,Switzerland,1751325420.0,1751325421,-104.326,43.8125,13716.0,False,222.97,255.71,0.0,,14234.16,3677,False,0,2025-06-30 23:17:01
aa69d5,N770JF  ,United States,1751325411.0,1751325411,-79.1617,33.5225,3322.32,False,98.05,41.38,0.0,,3528.06,2113,False,0,2025-06-30 23:17:01
ab50b9,N828Y   ,United States,1751325420.0,1751325420,-73.4254,40.7546,281.94,False,45.72,70.95,-6.18,,259.08,,False,0,2025-06-30 23:17:01
ad4f72,JBU662  ,United States,1751325420.0,1751325420,-72.4206,39.04,9342.12,False,232.98,320.02,-13.33,,9890.76,,False,0,2025-06-30 23:17:01
ac96df,JANET10 ,United States,1751325420.0,1751325420,-115.5943,35.4549,3604.26,False,134.37,47.64,-4.23,,3779.52,,False,0,2025-06-30 23:17:01
ad3c1f,ASA1160 ,United States,1751325421.0,1751325421,-120.7147,38.3702,11277.6,False,223.64,176.7,0.0,,11826.24,1505,False,0,2025-06-30 23:17:01
a57b02,N452RA  ,United States,1751325420.0,1751325420,-120.2752,34.8959,2743.2,False,61.86,133.65,-0.33,,2788.92,,False,0,2025-06-30 23:17:01
ad90a3,AAL2009 ,United States,1751325421.0,1751325421,-97.3129,32.7712,2598.42,False,150.61,284.84,9.1,,2727.96,2320,False,0,2025-06-30 23:17:01
a21b7d,N235EF  ,United States,1751325421.0,1751325421,-81.2118,42.935,7924.8,False,216.86,166.56,0.33,,8298.18,5214,False,0,2025-06-30 23:17:01
a2d2e2,N281ND  ,United States,1751325419.0,1751325419,-72.2747,43.9866,2316.48,False,64.95,3.63,-0.33,,2385.06,6124,False,0,2025-06-30 23:17:01
ae13c1,BALL21  ,United States,1751325360.0,1751325361,-97.6892,36.3484,1188.72,False,128.62,180.46,-5.85,,1234.44,,False,0,2025-06-30 23:17:01
a798ad,WMN589  ,United States,1751325421.0,1751325421,-102.8291,39.3281,13106.4,False,213.32,299.47,-0.98,,13723.62,2244,False,0,2025-06-30 23:17:01
a34e97,DAL1010 ,United States,1751325387.0,1751325387,-73.7811,40.6358,,True,0.0,84.38,,,,,False,0,2025-06-30 23:17:01
a94b50,UAL1979 ,United States,1751325420.0,1751325420,-101.9979,30.5082,10363.2,False,235.76,272.0,0.0,,11010.9,4040,False,0,2025-06-30 23:17:01
a69b92,ASA462  ,United States,1751325421.0,1751325421,-77.2149,46.7886,10363.2,False,206.56,285.46,0.33,,10797.54,3333,False,0,2025-06-30 23:17:01
3c65a8,DLH8P   ,Germany,1751325420.0,1751325421,-69.2068,43.0196,7848.6,False,238.84,240.73,-14.31,,8260.08,,False,0,2025-06-30 23:17:01
adf442,N999BY  ,United States,1751325421.0,1751325421,-85.9389,32.1153,3931.92,False,95.63,21.46,0.0,,4145.28,,False,0,2025-06-30 23:17:01
3c65ad,DLH1HT  ,Germany,1751325421.0,1751325421,-70.7696,42.6726,1524.0,False,100.42,286.67,-0.33,,1569.72,4550,False,0,2025-06-30 23:17:01
3c65ac,DLH481  ,Germany,1751325420.0,1751325420,-99.8733,42.2174,11277.6,False,263.38,73.55,0.0,,11772.9,,False,0,2025-06-30 23:17:01
3c65ab,DLH411  ,Germany,1751325421.0,1751325421,-68.4634,44.3762,11277.6,False,264.81,60.05,0.0,,11841.48,2671,False,0,2025-06-30 23:17:01
a6eb4d,LKF45   ,United States,1751325421.0,1751325421,-88.8045,43.0757,6629.4,False,192.86,106.74,8.78,,6865.62,,False,0,2025-06-30 23:17:01
a05776,AAL2038 ,United States,1751325421.0,1751325421,-82.3545,36.0194,10347.96,False,230.15,336.41,-0.33,,10972.8,3606,False,0,2025-06-30 23:17:01
a83e86,JBU1058 ,United States,1751325421.0,1751325421,-73.7926,40.1103,3139.44,False,162.14,29.25,-8.78,,3314.7,1524,False,0,2025-06-30 23:17:01
0d0af7,AMX608  ,Mexico,1751325421.0,1751325421,-85.724,36.3417,10668.0,False,240.61,71.29,-0.33,,11315.7,3245,False,0,2025-06-30 23:17:01
a8e2d6,DAL406  ,United States,1751325421.0,1751325421,-86.3579,35.6564,9448.8,False,250.68,148.17,0.0,,10027.92,2723,False,0,2025-06-30 23:17:01
ae1477,MNTNA33 ,United States,1751325421.0,1751325421,-96.5653,29.0405,3931.92,False,113.11,192.08,-0.33,,4145.28,7202,False,0,2025-06-30 23:17:01
a45b96,DAL874  ,United States,1751325420.0,1751325420,-85.2891,34.4878,6911.34,False,230.83,141.88,-17.56,,7330.44,3241,False,0,2025-06-30 23:17:01
ae278c,LSXX    ,United States,1751325418.0,1751325419,-117.1146,32.5662,83.82,False,46.04,283.57,3.9,,38.1,,False,0,2025-06-30 23:17:01
ae278b,LS20    ,United States,1751325329.0,1751325333,-117.1102,32.5662,22.86,False,0.73,315.0,0.0,,-7.62,,False,0,2025-06-30 23:17:01
a70b43,SKYY5   ,United States,1751325421.0,1751325421,-78.784,35.8692,304.8,False,55.96,6.86,-3.25,,304.8,,False,0,2025-06-30 23:17:01
a6eb1e,GJS4600 ,United States,1751325414.0,1751325421,-92.015,37.8265,10363.2,False,234.33,228.47,0.0,,10972.8,6563,False,0,2025-06-30 23:17:01
a41412,DAL2053 ,United States,1751325421.0,1751325421,-85.0306,40.4502,9585.96,False,210.67,218.16,4.55,,10111.74,7404,False,0,2025-06-30 23:17:01
a1511c,N184SD  ,United States,1751325420.0,1751325420,-117.9099,33.6765,213.36,False,29.88,272.96,-0.98,,160.02,,False,0,2025-06-30 23:17:01
a928ea,N69FR   ,United States,1751325420.0,1751325421,-82.2178,38.5013,10058.4,False,240.58,104.87,0.33,,10622.28,2146,False,0,2025-06-30 23:17:01
a0579a,N121BZ  ,United States,1751325420.0,1751325420,-101.7442,37.2557,11269.98,False,239.29,31.64,1.95,,11887.2,,False,0,2025-06-30 23:17:01
a1a110,MXY765  ,United States,1751325421.0,1751325421,-73.2069,40.6931,10363.2,False,239.9,208.71,0.0,,10949.94,1354,False,0,2025-06-30 23:17:01
0c4183,DWI5910 ,Dominican Republic,1751325420.0,1751325420,-77.543,33.8051,11887.2,False,227.09,8.99,-0.65,,12534.9,,False,0,2025-06-30 23:17:01
a532f5,N434LA  ,United States,1751325421.0,1751325421,-105.0499,40.4812,1737.36,False,65.58,340.29,1.3,,1836.42,,False,0,2025-06-30 23:17:01
a83e3b,N630FB  ,United States,1751325420.0,1751325421,-112.0749,33.5219,3581.4,False,93.75,327.09,0.98,,3779.52,0331,False,0,2025-06-30 23:17:01
ac2f18,,United States,1751325163.0,1751325163,-117.1822,32.7307,,True,8.75,106.88,,,,,False,0,2025-06-30 23:17:01
a94b29,UAL1814 ,United States,1751325420.0,1751325420,-90.9847,35.4846,10363.2,False,216.97,230.19,0.0,,10988.04,6607,False,0,2025-06-30 23:17:01
c082a4,CGXMH   ,Canada,1751325420.0,1751325420,-73.2536,45.5251,487.68,False,38.58,90.0,1.63,,426.72,,False,0,2025-06-30 23:17:01
a915cf,PDT5823 ,United States,1751325421.0,1751325421,-80.9458,35.337,853.44,False,99.45,176.74,-4.88,,891.54,1177,False,0,2025-06-30 23:17:01
c82439,ANZ2    ,New Zealand,1751325420.0,1751325420,-73.9351,39.9131,3825.24,False,189.48,28.72,-6.83,,4023.36,7025,False,0,2025-06-30 23:17:01
abd9b6,,United States,1751325383.0,1751325403,-111.9956,40.7758,,True,58.36,354.94,0.0,,,,False,0,2025-06-30 23:17:01
a785fd,JIA5317 ,United States,1751325420.0,1751325420,-77.3529,38.8952,1234.44,False,148.75,1.78,0.0,,1264.92,2241,False,0,2025-06-30 23:17:01
c02e94,JZA565  ,Canada,1751325420.0,1751325420,-80.1297,41.4169,11582.4,False,214.31,236.65,0.33,,12222.48,5731,False,0,2025-06-30 23:17:01
c01b4f,WJA1117 ,Canada,1751325420.0,1751325421,-84.8652,43.1975,11277.6,False,255.95,81.45,0.0,,11803.38,6742,False,0,2025-06-30 23:17:01
aa43c4,RPA3517 ,United States,1751325421.0,1751325421,-76.3362,39.1394,7010.4,False,199.56,81.85,-0.33,,7391.4,3761,False,0,2025-06-30 23:17:01
a0dab2,SKW5767 ,United States,1751325421.0,1751325421,-85.5747,38.8838,9144.0,False,218.83,301.93,0.0,,9677.4,2005,False,0,2025-06-30 23:17:01
aa56f7,UAL1027 ,United States,1751325421.0,1751325421,-99.1799,42.3581,10668.0,False,242.44,72.72,0.0,,11140.44,1441,False,0,2025-06-30 23:17:01
ac2f37,SWA652  ,United States,1751325421.0,1751325421,-114.6975,36.1958,5349.24,False,188.29,90.31,6.5,,5654.04,,False,0,2025-06-30 23:17:01
a94b08,UAL2074 ,United States,1751325420.0,1751325421,-96.2749,36.3272,10363.2,False,224.14,295.27,0.0,,10965.18,3353,True,0,2025-06-30 23:17:01
a08acb,RPA4585 ,United States,1751325421.0,1751325421,-80.8335,43.0266,10363.2,False,210.82,227.47,-0.33,,10881.36,0362,False,0,2025-06-30 23:17:01
a6a2c2,N52681  ,United States,1751325415.0,1751325420,-122.2714,47.8836,266.7,False,38.07,359.23,-2.28,,259.08,,False,0,2025-06-30 23:17:01
a58de0,UAL1286 ,United States,1751325420.0,1751325420,-114.8222,31.3658,10363.2,False,230.66,331.49,0.0,,10965.18,,False,0,2025-06-30 23:17:01
ab0dc3,N811HA  ,United States,1751325420.0,1751325420,-78.7786,34.6926,1188.72,False,53.13,316.57,0.65,,1257.3,,False,0,2025-06-30 23:17:01
a52116,N43DF   ,United States,1751325407.0,1751325407,-84.9177,32.9106,876.3,False,46.52,308.26,-2.93,,899.16,,False,0,2025-06-30 23:17:01
a2e77a,N2866L  ,United States,1751325402.0,1751325403,-80.6153,35.0049,441.96,False,65.48,8.13,-1.95,,426.72,,False,0,2025-06-30 23:17:01
ab774b,AAL1728 ,United States,1751325421.0,1751325421,-95.2796,40.2293,10972.8,False,196.69,257.31,-0.33,,11513.82,5760,False,0,2025-06-30 23:17:01
a57abb,N452NE  ,United States,1751325292.0,1751325292,-72.2203,42.5401,662.94,False,44.39,302.22,-0.33,,685.8,1200,False,0,2025-06-30 23:17:01
a0dae2,AAL2403 ,United States,1751325420.0,1751325420,-87.1733,32.4292,8770.62,False,233.39,98.24,-7.48,,9326.88,4144,False,0,2025-06-30 23:17:01
a2c110,FXC44   ,United States,1751325421.0,1751325421,-73.5858,40.9872,381.0,False,73.28,69.02,4.88,,381.0,1200,False,0,2025-06-30 23:17:01
aaa74e,N786FA  ,United States,1751325421.0,1751325421,-117.1658,33.0797,1440.18,False,53.84,62.7,-0.65,,1455.42,,False,0,2025-06-30 23:17:01
a1512f,SKW3439 ,United States,1751325420.0,1751325420,-119.2763,35.9172,10668.0,False,215.35,157.23,0.33,,11201.4,3212,False,0,2025-06-30 23:17:01
a0a798,N141NE  ,United States,1751325420.0,1751325421,-71.1094,42.3375,68.58,False,0.0,0.0,0.0,,45.72,,False,0,2025-06-30 23:17:01
a91700,NKS2740 ,United States,1751325412.0,1751325420,-82.5377,27.9858,,True,0.0,272.81,,,,,False,0,2025-06-30 23:17:01
a22dec,N24CV   ,United States,1751325420.0,1751325420,-118.0806,33.8089,335.28,False,46.11,349.07,-0.65,,274.32,,False,0,2025-06-30 23:17:01
ac7103,AAL823  ,United States,1751325421.0,1751325421,-80.9289,35.4065,1188.72,False,96.49,252.63,-3.9,,1242.06,1424,False,0,2025-06-30 23:17:01
a5212e,N43EE   ,United States,1751325421.0,1751325421,-78.7748,35.7434,365.76,False,39.37,287.49,1.3,,381.0,,False,0,2025-06-30 23:17:01
a70aa1,ASA1204 ,United States,1751325421.0,1751325421,-119.0196,36.177,11879.58,False,221.19,167.64,-0.33,,12489.18,3543,False,0,2025-06-30 23:17:01
a7d725,EDV5134 ,United States,1751325421.0,1751325421,-84.4585,38.9612,1935.48,False,148.36,104.66,12.35,,1996.44,6753,False,0,2025-06-30 23:17:01
a34de9,N3117V  ,United States,1751325420.0,1751325420,-80.2557,37.4349,7559.04,False,142.33,121.85,-2.28,,7962.9,,False,0,2025-06-30 23:17:01
ab7781,EJA838  ,United States,1751325421.0,1751325421,-112.577,33.7291,2217.42,False,140.71,60.9,-0.33,,2270.76,1327,False,0,2025-06-30 23:17:01
a3f401,DAL540  ,United States,1751325420.0,1751325420,-100.8053,31.1037,10058.4,False,244.42,80.8,0.0,,10683.24,7212,False,0,2025-06-30 23:17:01
a0b9b1,N146HH  ,United States,1751325420.0,1751325420,-72.5069,41.6867,441.96,False,62.76,112.15,0.33,,434.34,,False,0,2025-06-30 23:17:01
ab6458,JRE833  ,United States,1751325421.0,1751325421,-78.8159,36.1951,9448.8,False,212.83,39.11,-0.33,,10005.06,,False,0,2025-06-30 23:17:01
49530c,TAP232Y ,Portugal,1751325421.0,1751325421,-72.4272,39.8533,10050.78,False,248.53,84.66,0.0,,10652.76,1242,False,0,2025-06-30 23:17:01
a45af5,N38WR   ,United States,1751325420.0,1751325420,-96.1099,31.1505,2659.38,False,68.5,22.52,2.6,,2788.92,,False,0,2025-06-30 23:17:01
ace744,OXF8285 ,United States,1751325321.0,1751325330,-111.7174,33.4672,533.4,False,42.42,230.91,-2.6,,434.34,1200,False,0,2025-06-30 23:17:01
aadae3,EJA799  ,United States,1751325419.0,1751325420,-81.519,28.2192,899.16,False,118.63,310.25,-0.33,,967.74,2136,False,0,2025-06-30 23:17:01
ace75a,HBAL771 ,United States,1751325421.0,1751325421,-121.045,43.5113,17373.6,False,7.6,61.7,0.0,,18333.72,,False,0,2025-06-30 23:17:01
ae2762,LS30    ,United States,1751325367.0,1751325397,-117.647,33.0276,121.92,False,68.59,155.16,1.63,,83.82,,False,0,2025-06-30 23:17:01
a65408,AAL3181 ,United States,1751325419.0,1751325419,-93.0396,32.8154,10370.82,False,227.62,252.51,0.0,,10980.42,2374,False,0,2025-06-30 23:17:01
a65405,VAR507  ,United States,1751325420.0,1751325420,-112.8707,32.9558,1912.62,False,69.72,11.06,4.88,,2072.64,1200,False,0,2025-06-30 23:17:01
a94b6b,UAL1124 ,United States,1751325355.0,1751325421,-92.622,33.3267,10363.2,False,223.93,182.11,0.0,,10988.04,6557,False,0,2025-06-30 23:17:01
a6b717,N5314Q  ,United States,1751325418.0,1751325418,-80.1392,26.7255,1371.6,False,34.51,206.57,0.98,,1447.8,1200,False,0,2025-06-30 23:17:01
a4bdb9,RPA4739 ,United States,1751325421.0,1751325421,-93.2528,44.9617,1173.48,False,106.93,346.36,13.0,,1188.72,,False,0,2025-06-30 23:17:01
a4012b,N3570E  ,United States,1751325396.0,1751325396,-118.4991,34.2154,,True,3.86,210.94,,,,,False,0,2025-06-30 23:17:01
495304,TAP258  ,Portugal,1751325420.0,1751325421,-68.0837,46.6666,10066.02,False,259.78,73.43,-0.33,,10538.46,3700,False,0,2025-06-30 23:17:01
a3f436,FFT1229 ,United States,1751325328.0,1751325331,-107.8383,39.8523,10972.8,False,231.08,259.74,0.65,,11574.78,3766,False,0,2025-06-30 23:17:01
adf417,N999AE  ,United States,1751325187.0,1751325411,-80.2485,26.4384,1645.92,False,7.22,85.91,-0.33,,1920.24,,False,0,2025-06-30 23:17:01
ad077b,DAL1516 ,United States,1751325420.0,1751325420,-84.5178,33.7232,3253.74,False,130.19,109.87,-8.45,,3421.38,5027,False,0,2025-06-30 23:17:01
ae141e,JAVAN55 ,United States,1751325420.0,1751325420,-97.3247,30.2691,6629.4,False,122.87,297.42,9.75,,7033.26,4661,False,0,2025-06-30 23:17:01
ac712d,SWA554  ,United States,1751325421.0,1751325421,-103.1066,39.1167,11887.2,False,239.29,59.8,0.0,,12466.32,0765,False,0,2025-06-30 23:17:01
a9178d,UAL16   ,United States,1751325130.0,1751325130,-74.1708,40.701,,True,3.34,95.62,,,,,False,0,2025-06-30 23:17:01
a94ae3,UAL1894 ,United States,1751325157.0,1751325330,-112.5855,47.6957,10058.4,False,258.81,91.03,-0.33,,10515.6,1506,False,0,2025-06-30 23:17:01
a9044d,N680MC  ,United States,1751325421.0,1751325421,-121.2756,44.1891,2621.28,False,99.8,100.09,-10.4,,2735.58,,False,0,2025-06-30 23:17:01
acd2be,SWA2517 ,United States,1751325420.0,1751325420,-86.6729,43.6864,11277.6,False,273.15,64.69,0.0,,11742.42,2715,False,0,2025-06-30 23:17:01
a94ae5,UAL1051 ,United States,1751325420.0,1751325420,-74.8756,40.3247,2354.58,False,154.87,25.37,-4.88,,2453.64,2654,False,0,2025-06-30 23:17:01
acd2d3,EDV5063 ,United States,1751325421.0,1751325421,-93.5286,43.5404,5791.2,False,203.61,3.62,-0.33,,5989.32,,False,0,2025-06-30 23:17:01
a7c465,N6UX    ,United States,1751325421.0,1751325421,-105.1628,40.0936,1798.32,False,35.96,303.92,0.65,,1889.76,,False,0,2025-06-30 23:17:01
ac82f5,NKS2673 ,United States,1751325420.0,1751325420,-78.3335,38.2094,8229.6,False,213.98,234.59,0.0,,8724.9,1224,False,0,2025-06-30 23:17:01
a1c6a8,SWA1870 ,United States,1751325417.0,1751325417,-89.8022,33.265,11582.4,False,235.53,275.14,0.0,,12275.82,4371,False,0,2025-06-30 23:17:01
0d0b78,VIV533  ,Mexico,1751325421.0,1751325421,-115.2215,35.9265,2567.94,False,143.64,138.78,9.75,,2667.0,,False,0,2025-06-30 23:17:01
ac1b8b,WSN24   ,United States,1751325413.0,1751325414,-118.3124,33.9239,129.54,False,43.26,267.27,-2.28,,76.2,3242,False,0,2025-06-30 23:17:01
a9046d,NKS2327 ,United States,1751325414.0,1751325414,-122.3062,47.4581,,True,7.46,180.0,,,,,False,0,2025-06-30 23:17:01
a7c484,N6WC    ,United States,1751325420.0,1751325420,-117.0103,47.2381,3185.16,False,87.07,196.83,0.0,,3329.94,,False,0,2025-06-30 23:17:01
a1a18f,HAL628  ,United States,1751325421.0,1751325421,-117.506,33.1586,4427.22,False,152.35,138.56,-7.8,,4655.82,2676,False,0,2025-06-30 23:17:01
a9045f,N680MW  ,United States,1751325420.0,1751325420,-93.1176,45.4466,3108.96,False,106.78,343.49,3.9,,3169.92,,False,0,2025-06-30 23:17:01
a8946e,N652CV  ,United States,1751325420.0,1751325420,-90.3839,29.1525,9448.8,False,151.6,103.94,0.0,,10043.16,,False,0,2025-06-30 23:17:01
a8e43a,N672MA  ,United States,1751325418.0,1751325418,-87.998,41.2913,518.16,False,48.22,50.19,1.95,,487.68,1200,False,0,2025-06-30 23:17:01
0d0b10,VOI7771 ,Mexico,1751325420.0,1751325420,-94.5957,33.1329,9151.62,False,248.36,215.3,0.0,,9715.5,1306,False,0,2025-06-30 23:17:01
a7d754,JIA5672 ,United States,1751325421.0,1751325421,-97.0256,33.0003,662.94,False,80.77,180.73,-5.2,,655.32,1662,False,0,2025-06-30 23:17:01
a1fc3b,ENY4296 ,United States,1751325421.0,1751325421,-89.4234,40.4176,7315.2,False,208.22,6.67,0.0,,7680.96,6567,False,0,2025-06-30 23:17:01
a89421,N65194  ,United States,1751325420.0,1751325420,-93.8937,41.2709,792.48,False,51.68,316.61,1.95,,807.72,,False,0,2025-06-30 23:17:01
0d0b20,VTM356  ,Mexico,1751325421.0,1751325421,-88.7793,37.5042,9448.8,False,249.24,41.65,0.0,,9997.44,7442,False,0,2025-06-30 23:17:01
3c6714,DLH2C   ,Germany,1751325421.0,1751325421,-87.5934,41.9659,1493.52,False,105.98,270.28,-5.2,,1508.76,3047,False,0,2025-06-30 23:17:01
a52162,N43GG   ,United States,1751325420.0,1751325420,-87.0022,33.3854,2491.74,False,149.44,228.63,10.73,,2628.9,,False,0,2025-06-30 23:17:01
a21c4c,ENY3592 ,United States,1751325421.0,1751325421,-80.3875,33.2267,2385.06,False,143.53,129.91,-6.83,,2506.98,1337,False,0,2025-06-30 23:17:01
a2f9dd,GXA125  ,United States,1751325421.0,1751325421,-80.1991,25.9208,571.5,False,134.7,83.2,2.93,,632.46,,False,0,2025-06-30 23:17:01
a95de2,VXP119  ,United States,1751325421.0,1751325421,-120.5166,35.7485,9448.8,False,227.71,140.59,0.0,,9867.9,3327,False,0,2025-06-30 23:17:01
a21c53,AAY673  ,United States,1751325420.0,1751325420,-109.9876,37.0992,10668.0,False,233.12,25.21,-0.65,,11216.64,0747,False,0,2025-06-30 23:17:01
c02cf1,ACA854  ,Canada,1751325420.0,1751325420,-74.3215,45.5954,10058.4,False,263.89,46.97,0.0,,10515.6,6333,False,0,2025-06-30 23:17:01
a7745c,VJA58   ,United States,1751325420.0,1751325420,-80.4063,42.0701,13716.0,False,253.55,80.42,0.33,,14295.12,6707,False,0,2025-06-30 23:17:01
e4937f,PRJRY   ,Brazil,1751325413.0,1751325418,-77.455,38.9504,,True,0.0,270.0,,,,,False,0,2025-06-30 23:17:01
4951f0,TAP209K ,Portugal,1751325420.0,1751325420,-72.8023,40.925,3657.6,False,185.27,234.72,0.65,,3840.48,2513,False,0,2025-06-30 23:17:01
3c670d,DLH520  ,Germany,1751325420.0,1751325420,-75.6092,43.3192,11582.4,False,225.25,249.83,0.0,,12153.9,2511,False,0,2025-06-30 23:17:01
40808b,VIR4C   ,United Kingdom,1751325421.0,1751325421,-70.365,43.059,11361.42,False,246.61,50.33,3.25,,11940.54,1522,False,0,2025-06-30 23:17:01
ac970f,KOW910  ,United States,1751325420.0,1751325421,-97.5229,33.1221,1524.0,False,130.24,134.36,-0.98,,1584.96,,False,0,2025-06-30 23:17:01
a33c08,S406    ,United States,1751325419.0,1751325419,-116.7304,47.7161,899.16,False,63.28,216.4,-1.95,,929.64,,False,0,2025-06-30 23:17:01
a7d767,N604PG  ,United States,1751325383.0,1751325419,-121.6658,39.5894,396.24,False,49.58,149.44,-0.33,,342.9,,False,0,2025-06-30 23:17:01
ac9712,N910EC  ,United States,1751325420.0,1751325420,-86.4315,36.1056,1219.2,False,75.7,301.1,-0.33,,1264.92,,False,0,2025-06-30 23:17:01
ab772d,DAL747  ,United States,1751325420.0,1751325420,-118.2102,33.9715,982.98,False,98.46,263.1,-5.85,,975.36,1176,False,0,2025-06-30 23:17:01
408092,BAW5CA  ,United Kingdom,1751325420.0,1751325420,-72.2915,46.6103,11277.6,False,272.02,62.03,-0.33,,11795.76,2260,False,0,2025-06-30 23:17:01
a89441,N652B   ,United States,1751325421.0,1751325421,-120.5489,38.3274,2316.48,False,79.61,153.93,0.0,,2392.68,1517,False,0,2025-06-30 23:17:01
a7d6a8,FFT2919 ,United States,1751325421.0,1751325421,-82.369,39.3025,9281.16,False,217.53,199.33,4.23,,9822.18,4140,False,0,2025-06-30 23:17:01
a83f2b,EJA630  ,United States,1751325421.0,1751325421,-104.9413,34.1537,8999.22,False,209.68,10.32,9.43,,9517.38,,False,0,2025-06-30 23:17:01
c02eca,ACA2114 ,Canada,1751325420.0,1751325421,-88.805,44.7378,11887.2,False,264.07,112.57,-0.33,,12321.54,7070,False,0,2025-06-30 23:17:01
ace7aa,SWA1582 ,United States,1751325282.0,1751325415,-93.1106,31.2678,11582.4,False,215.02,241.41,0.0,,12252.96,4140,False,0,2025-06-30 23:17:01
a83f30,QXE2395 ,United States,1751325421.0,1751325421,-122.6858,44.8278,4853.94,False,185.17,4.14,-8.78,,5090.16,,False,0,2025-06-30 23:17:01
c02ed9,ACA345  ,Canada,1751325419.0,1751325420,-80.5312,47.7939,12192.0,False,219.35,292.48,-0.33,,12626.34,6542,False,0,2025-06-30 23:17:01
a5cc35,UAL1631 ,United States,1751325364.0,1751325364,-87.9078,41.9716,,True,11.83,90.0,,,,1603,False,0,2025-06-30 23:17:01
a283ed,ENY3978 ,United States,1751325420.0,1751325420,-120.9442,43.2271,10416.54,False,219.86,167.98,0.33,,10881.36,1630,False,0,2025-06-30 23:17:01
a9af03,N723DG  ,United States,1751325280.0,1751325280,-95.0015,41.312,1348.74,False,79.48,256.14,-0.33,,1394.46,,False,0,2025-06-30 23:17:01
aa44ac,UAL331  ,United States,1751325420.0,1751325421,-75.0121,38.5003,9761.22,False,241.84,220.77,-4.88,,10325.1,6245,False,0,2025-06-30 23:17:01
abfd23,SWA3766 ,United States,1751325420.0,1751325421,-104.0654,37.4574,11582.4,False,227.59,288.31,-0.33,,12199.62,2667,False,0,2025-06-30 23:17:01
a3f3dc,EDV4895 ,United States,1751325421.0,1751325421,-83.8863,41.9367,4640.58,False,215.18,47.42,-10.73,,4792.98,5666,False,0,2025-06-30 23:17:01
aaa7ef,N786MM  ,United States,1751325421.0,1751325421,-113.5323,35.8002,5791.2,False,199.65,265.71,-1.95,,6141.72,1213,False,0,2025-06-30 23:17:01
a4bf95,DAL738  ,United States,1751325420.0,1751325420,-103.8608,40.0569,11582.4,False,235.74,268.12,0.0,,12176.76,3343,False,0,2025-06-30 23:17:01
ac0a22,AAL1161 ,United States,1751325420.0,1751325420,-91.605,33.6192,10972.8,False,228.47,246.09,-0.33,,11628.12,6712,False,0,2025-06-30 23:17:01
c0853f,ACA466  ,Canada,1751325415.0,1751325420,-79.6154,43.6811,,True,0.0,92.81,,,,3475,False,0,2025-06-30 23:17:01
ace7cc,N930XX  ,United States,1751325421.0,1751325421,-80.6024,30.7004,8839.2,False,146.03,12.62,0.33,,9319.26,1451,False,0,2025-06-30 23:17:01
a283f4,AAY1380 ,United States,1751325421.0,1751325421,-84.3951,33.4573,10363.2,False,235.28,349.03,0.0,,10995.66,7445,False,0,2025-06-30 23:17:01
abfd39,SWA1701 ,United States,1751325420.0,1751325420,-122.1127,37.3566,3429.0,False,178.16,263.37,4.23,,3550.92,6304,False,0,2025-06-30 23:17:01
a6b6be,N53116  ,United States,1751325419.0,1751325420,-81.8905,35.5093,1341.12,False,49.91,171.7,-1.95,,1341.12,5227,False,0,2025-06-30 23:17:01
a2d3b3,SWA410  ,United States,1751325420.0,1751325420,-75.8245,38.9066,8465.82,False,232.12,36.44,-13.66,,8961.12,1136,False,0,2025-06-30 23:17:01
aa57d2,CXK1023 ,United States,1751325420.0,1751325421,-118.025,33.6623,609.6,False,63.07,354.38,-0.98,,563.88,,False,0,2025-06-30 23:17:01
a1a0a1,JBU528  ,United States,1751325421.0,1751325421,-73.4252,40.6294,1219.2,False,145.58,8.33,0.0,,1249.68,5457,False,0,2025-06-30 23:17:01
c02ee7,ACA859  ,Canada,1751325421.0,1751325421,-74.2164,46.0186,11582.4,False,233.8,242.19,0.0,,12115.8,2521,False,0,2025-06-30 23:17:01
a809f5,NKS2309 ,United States,1751325419.0,1751325421,-80.7273,24.9125,7993.38,False,223.27,306.47,6.18,,8465.82,,False,0,2025-06-30 23:17:01
a390ed,DAL2551 ,United States,1751325421.0,1751325421,-122.3906,45.4941,716.28,False,82.03,318.81,-0.98,,723.9,1020,False,0,2025-06-30 23:17:01
a8e495,EJA672  ,United States,1751325421.0,1751325421,-76.1738,41.2849,7924.8,False,200.91,214.46,0.65,,8343.9,1251,False,0,2025-06-30 23:17:01
a0a80e,SKW5597 ,United States,1751325411.0,1751325413,-100.0403,37.8257,9326.88,False,212.48,269.31,7.15,,9845.04,,False,0,2025-06-30 23:17:01
a559de,N444EA  ,United States,1751325420.0,1751325420,-84.1025,34.5504,8534.4,False,197.27,255.35,0.33,,9052.56,5217,False,0,2025-06-30 23:17:01
a559df,N444EB  ,United States,1751325421.0,1751325421,-117.675,33.9034,2004.06,False,50.86,262.44,-0.65,,2034.54,,False,0,2025-06-30 23:17:01
ae14c1,STGRY11 ,United States,1751325323.0,1751325416,-97.3349,33.069,609.6,False,56.83,170.62,-3.25,,579.12,,False,0,2025-06-30 23:17:01
ae14c2,MNTNA77 ,United States,1751325421.0,1751325421,-96.9443,28.5472,3322.32,False,128.15,26.46,-0.33,,3505.2,6545,False,0,2025-06-30 23:17:01
a7619b,SKW4698 ,United States,1751325421.0,1751325421,-82.3539,40.8566,5692.14,False,186.71,274.11,9.43,,5966.46,7401,False,0,2025-06-30 23:17:01
ab9a4e,ERU847  ,United States,1751325420.0,1751325420,-81.4382,29.2675,1028.7,False,53.89,339.32,-0.33,,1089.66,1200,False,0,2025-06-30 23:17:01
a4bf41,AAL2143 ,United States,1751325421.0,1751325421,-97.0811,32.8864,3025.14,False,132.56,304.25,-7.8,,3185.16,1672,False,0,2025-06-30 23:17:01
ad3d4e,AAL2067 ,United States,1751325420.0,1751325420,-77.3473,37.5462,274.32,False,74.11,148.63,-4.55,,266.7,0543,False,0,2025-06-30 23:17:01
ac1d80,N88WR   ,United States,1751325420.0,1751325420,-117.7868,33.9968,2956.56,False,137.65,263.78,-7.48,,3063.24,4610,False,0,2025-06-30 23:17:01
a666ae,N511RS  ,United States,1751325420.0,1751325420,-88.9863,38.8036,13106.4,False,250.3,103.55,-0.33,,13754.1,6026,False,0,2025-06-30 23:17:01
a05827,RPA4645 ,United States,1751325421.0,1751325421,-80.37,46.303,10363.2,False,199.5,273.7,-0.33,,10797.54,1452,False,0,2025-06-30 23:17:01
abb4ea,SWA2781 ,United States,1751325408.0,1751325408,-112.4923,38.9939,10972.8,False,229.03,258.34,0.33,,11559.54,3536,False,0,2025-06-30 23:17:01
a69c07,N525FJ  ,United States,1751325419.0,1751325420,-95.3846,32.3566,457.2,False,51.57,18.62,-1.95,,464.82,,False,0,2025-06-30 23:17:01
a9f126,N74KV   ,United States,1751325421.0,1751325421,-71.8788,42.5295,1813.56,False,102.67,97.2,-3.9,,1859.28,4631,False,0,2025-06-30 23:17:01
3c6563,OCN51   ,Germany,1751325421.0,1751325421,-70.1373,42.0321,10660.38,False,243.18,42.77,-0.33,,11216.64,2734,False,0,2025-06-30 23:17:01
acd4d7,DAL787  ,United States,1751325420.0,1751325420,-84.7381,33.865,3642.36,False,174.36,146.31,0.33,,3825.24,3350,False,0,2025-06-30 23:17:01
a5cc19,UAL1368 ,United States,1751325421.0,1751325421,-104.4509,39.7134,4107.18,False,157.88,308.25,-4.88,,4358.64,2366,False,0,2025-06-30 23:17:01
a5cc11,UAL1222 ,United States,1751325419.0,1751325420,-78.1775,32.8762,10363.2,False,250.79,195.83,0.0,,10949.94,2625,False,0,2025-06-30 23:17:01
3c656c,DLH439  ,Germany,1751325421.0,1751325421,-90.1689,41.5334,10668.0,False,284.47,45.0,0.0,,11155.68,5214,False,0,2025-06-30 23:17:01
a390d7,N329ME  ,United States,1751325421.0,1751325421,-93.8323,40.9375,1813.56,False,70.93,198.17,0.0,,1859.28,,False,0,2025-06-30 23:17:01
3c6572,DLH469  ,Germany,1751325421.0,1751325421,-94.4625,35.5005,10668.0,False,256.73,28.88,0.0,,11308.08,7337,False,0,2025-06-30 23:17:01
adf567,N999PR  ,United States,1751325420.0,1751325420,-114.8301,35.7793,11582.4,False,206.18,236.71,0.0,,12207.24,,False,0,2025-06-30 23:17:01
a1b519,SKW5648 ,United States,1751325363.0,1751325364,-87.8904,42.0028,266.7,False,66.37,270.44,-3.25,,251.46,4307,False,0,2025-06-30 23:17:01
a880c8,RPA3562 ,United States,1751325421.0,1751325421,-79.0905,40.35,4114.8,False,172.62,279.43,-7.8,,4305.3,5534,False,0,2025-06-30 23:17:01
a69c9b,N525MG  ,United States,1751325421.0,1751325421,-122.0742,37.8783,1082.04,False,84.26,139.21,-0.33,,1074.42,3344,False,0,2025-06-30 23:17:01
a0454a,N1163M  ,United States,1751325420.0,1751325420,-98.3591,29.4678,3307.08,False,92.84,175.87,11.7,,3512.82,4657,False,0,2025-06-30 23:17:01
acd571,N926LC  ,United States,1751325252.0,1751325252,-71.7736,42.5629,182.88,False,48.55,130.27,-2.6,,144.78,1200,False,0,2025-06-30 23:17:01
ac7289,N9007R  ,United States,1751325420.0,1751325420,-118.009,46.9618,3169.92,False,72.22,292.18,-1.3,,3322.32,,False,0,2025-06-30 23:17:01
a22ed0,N24MY   ,United States,1751325418.0,1751325420,-114.2511,33.7259,9144.0,False,160.29,286.98,0.0,,9654.54,3412,False,0,2025-06-30 23:17:01
a21ba0,FFT1116 ,United States,1751325420.0,1751325420,-114.0974,35.8944,6957.06,False,195.49,90.45,8.45,,7360.92,,False,0,2025-06-30 23:17:01
a94c7b,DAL2496 ,United States,1751325420.0,1751325421,-76.5082,37.3141,9144.0,False,251.09,211.08,0.0,,9685.02,2222,False,0,2025-06-30 23:17:01
a03235,AAL274  ,United States,1751325420.0,1751325421,-106.6894,31.6399,10660.38,False,244.09,119.0,0.0,,11285.22,1320,False,0,2025-06-30 23:17:01
a0588d,N121MS  ,United States,1751325421.0,1751325421,-73.4599,41.3404,464.82,False,47.34,70.97,3.25,,434.34,,False,0,2025-06-30 23:17:01
a5cc9e,N473DV  ,United States,1751325420.0,1751325421,-117.799,46.7439,1691.64,False,74.56,27.98,0.65,,1760.22,,False,0,2025-06-30 23:17:01
a3f500,AAL1669 ,United States,1751325420.0,1751325420,-101.3647,31.3565,10972.8,False,219.91,241.04,0.0,,11650.98,3266,False,0,2025-06-30 23:17:01
a1c828,N2138S  ,United States,1751325420.0,1751325420,-89.1507,41.5689,3368.04,False,70.81,319.71,0.33,,3474.72,7201,False,0,2025-06-30 23:17:01
ade252,JBU772  ,United States,1751325420.0,1751325420,-71.671,41.6537,4876.8,False,178.36,68.69,0.0,,5105.4,6173,False,0,2025-06-30 23:17:01
abb59e,ASH6088 ,United States,1751325410.0,1751325421,-93.5312,31.4133,8740.14,False,233.19,68.25,4.23,,9265.92,7421,False,0,2025-06-30 23:17:01
abb59f,ASH6309 ,United States,1751325420.0,1751325420,-86.1496,31.1733,10363.2,False,220.78,275.75,-0.33,,10995.66,7416,False,0,2025-06-30 23:17:01
a2e806,ASA732  ,United States,1751325420.0,1751325421,-112.2155,34.3876,6035.04,False,190.22,167.5,-9.75,,6408.42,,False,0,2025-06-30 23:17:01
a05871,N121LP  ,United States,1751325420.0,1751325420,-117.6807,33.984,457.2,False,47.42,74.91,-0.33,,419.1,,False,0,2025-06-30 23:17:01
ad928b,ASA16   ,United States,1751325421.0,1751325421,-114.4686,47.906,10668.0,False,257.92,83.36,-0.33,,11132.82,6670,False,0,2025-06-30 23:17:01
ad928e,AAL257  ,United States,1751325420.0,1751325420,-80.1913,25.6713,1897.38,False,141.74,183.54,7.15,,2026.92,,False,0,2025-06-30 23:17:01
ad928d,AMX659  ,United States,1751325420.0,1751325421,-98.8857,30.818,10668.0,False,228.59,188.02,0.0,,11323.32,3242,False,0,2025-06-30 23:17:01
a45ba2,DAL2032 ,United States,1751325379.0,1751325379,-89.3647,33.1632,10363.2,False,244.19,307.81,0.33,,10995.66,6216,False,0,2025-06-30 23:17:01
a1a21f,AAY1472 ,United States,1751325421.0,1751325421,-88.5111,31.1633,8176.26,False,249.85,123.07,-4.88,,8686.8,3451,False,0,2025-06-30 23:17:01
a94c2a,PDT5910 ,United States,1751325420.0,1751325421,-80.6384,34.9655,3040.38,False,151.55,299.26,0.33,,3200.4,,False,0,2025-06-30 23:17:01
a6ec56,AAL558  ,United States,1751325421.0,1751325421,-100.2181,32.4185,8663.94,False,241.05,272.81,4.55,,9197.34,5215,False,0,2025-06-30 23:17:01
ab77ac,SKW3611 ,United States,1751325178.0,1751325178,-83.3597,42.2353,312.42,False,67.51,209.69,-3.9,,259.08,,False,0,2025-06-30 23:17:01
a1a218,ENY3860 ,United States,1751325421.0,1751325421,-94.5645,32.9701,8793.48,False,246.28,83.88,5.85,,9372.6,2272,False,0,2025-06-30 23:17:01
a653f6,JIA5560 ,United States,1751325420.0,1751325420,-80.3136,37.9573,9448.8,False,232.55,78.52,-0.33,,10027.92,1723,False,0,2025-06-30 23:17:01
ad9293,DAL1821 ,United States,1751325350.0,1751325350,-89.0797,32.3799,5433.06,False,206.87,88.58,9.1,,5151.12,,False,0,2025-06-30 23:17:01
a69c95,N525MA  ,United States,1751325420.0,1751325420,-78.774,40.4417,11582.4,False,178.61,263.55,0.0,,12222.48,3304,False,0,2025-06-30 23:17:01
a1c868,ASA601  ,United States,1751325421.0,1751325421,-120.7636,43.7347,10363.2,False,229.78,319.18,-0.33,,10835.64,,False,0,2025-06-30 23:17:01
ad07a6,NFX103  ,United States,1751325421.0,1751325421,-119.5574,35.3328,6096.0,False,146.0,312.57,-0.33,,6377.94,1301,False,0,2025-06-30 23:17:01
abfd00,SWA714  ,United States,1751325421.0,1751325421,-118.1554,33.8211,91.44,False,82.94,315.0,12.68,,38.1,,False,0,2025-06-30 23:17:01
a41518,N362Q   ,United States,1751325420.0,1751325421,-122.1147,37.4602,,True,5.66,140.62,,,,1200,False,0,2025-06-30 23:17:01
aa7a3c,SWA1274 ,United States,1751325421.0,1751325421,-86.3174,39.1451,11887.2,False,243.19,117.05,0.0,,12519.66,0733,False,0,2025-06-30 23:17:01
abc7a3,SWA3335 ,United States,1751325421.0,1751325421,-82.5989,36.2752,10972.8,False,237.9,252.9,0.0,,11628.12,0262,False,0,2025-06-30 23:17:01
a0589c,N121NG  ,United States,1751325417.0,1751325418,-86.365,35.9869,1013.46,False,43.32,285.85,-5.53,,1036.32,,False,0,2025-06-30 23:17:01
aadd29,N79999  ,United States,1751325421.0,1751325421,-97.4224,44.1283,12496.8,False,278.3,135.67,0.33,,12923.52,,False,0,2025-06-30 23:17:01
a69c8c,LSO1    ,United States,1751325421.0,1751325421,-96.6082,32.8293,7856.22,False,175.23,53.84,3.9,,8328.66,0507,False,0,2025-06-30 23:17:01
ab64b8,AAL1686 ,United States,1751325420.0,1751325420,-102.9619,41.3245,10668.0,False,252.12,128.79,0.0,,11201.4,,False,0,2025-06-30 23:17:01
a66878,N5117E  ,United States,1751325421.0,1751325421,-121.8477,47.2814,2651.76,False,58.19,92.53,0.65,,2743.2,1374,False,0,2025-06-30 23:17:01
a2d56f,CNS325  ,United States,1751325421.0,1751325421,-77.7497,34.4694,3482.34,False,131.99,3.8,12.35,,3649.98,,False,0,2025-06-30 23:17:01
ad4eb5,AAL3026 ,United States,1751325421.0,1751325421,-80.831,35.0336,10058.4,False,237.6,68.94,0.0,,10668.0,6477,False,0,2025-06-30 23:17:01
aaa861,N786SA  ,United States,1751325421.0,1751325421,-122.3195,48.163,1341.12,False,52.79,164.74,-0.33,,1386.84,0467,False,0,2025-06-30 23:17:01
a2d573,ASA20   ,United States,1751325420.0,1751325421,-104.6252,41.8534,10668.0,False,243.7,86.85,0.33,,11216.64,6256,False,0,2025-06-30 23:17:01
a71ebb,N558SH  ,United States,1751325421.0,1751325421,-123.2852,45.2073,297.18,False,33.83,314.38,1.63,,266.7,,False,0,2025-06-30 23:17:01
a45bd7,FFT2146 ,United States,1751325127.0,1751325127,-108.5157,39.7761,10652.76,False,232.45,57.01,0.33,,11247.12,,False,0,2025-06-30 23:17:01
a5dee3,ASA634  ,United States,1751325420.0,1751325420,-115.425,35.886,3383.28,False,158.55,272.05,-1.3,,3558.54,,False,0,2025-06-30 23:17:01
a21bea,RPA5757 ,United States,1751325421.0,1751325421,-83.7661,42.3543,9753.6,False,210.27,258.14,-0.33,,10256.52,3476,False,0,2025-06-30 23:17:01
a69bcd,DAL362  ,United States,1751325421.0,1751325421,-93.6004,44.7427,10043.16,False,247.84,86.79,-0.33,,10347.96,3701,False,0,2025-06-30 23:17:01
abb534,ASH6153 ,United States,1751325359.0,1751325363,-95.3071,30.0072,137.16,False,76.65,270.0,-3.58,,144.78,0755,False,0,2025-06-30 23:17:01
a2d554,N2819Q  ,United States,1751325144.0,1751325156,-94.1205,36.1601,487.68,False,34.59,337.25,-3.9,,480.06,1632,False,0,2025-06-30 23:17:01
a65560,EJA507  ,United States,1751325148.0,1751325148,-84.1978,39.9041,358.14,False,55.8,235.14,-2.6,,312.42,2226,False,0,2025-06-30 23:17:01
a1c88f,MXY509  ,United States,1751325420.0,1751325420,-85.241,38.2919,11277.6,False,240.3,107.7,0.0,,11932.92,4475,False,0,2025-06-30 23:17:01
a1b573,SWA2520 ,United States,1751325421.0,1751325421,-121.4666,38.603,1348.74,False,146.53,123.69,13.33,,1356.36,3630,False,0,2025-06-30 23:17:01
abb52c,SWA1709 ,United States,1751325420.0,1751325420,-101.2126,30.7977,10972.8,False,222.02,276.25,0.0,,11650.98,4232,True,0,2025-06-30 23:17:01
a0a7a0,AAL2732 ,United States,1751325387.0,1751325409,-78.7378,31.0112,10668.0,False,237.4,337.71,0.33,,11224.26,6776,False,0,2025-06-30 23:17:01
a65509,N507ME  ,United States,1751325420.0,1751325420,-77.7591,39.352,891.54,False,67.4,306.0,0.0,,891.54,,False,0,2025-06-30 23:17:01
c07193,WJA1522 ,Canada,1751325420.0,1751325420,-121.6079,41.5559,11277.6,False,217.74,222.51,-0.33,,11811.0,,False,0,2025-06-30 23:17:01
c07195,AIE833  ,Canada,1751325420.0,1751325420,-73.1866,45.6956,2720.34,False,123.16,252.25,-7.48,,2811.78,,False,0,2025-06-30 23:17:01
ace877,N9303N  ,United States,1751325311.0,1751325418,-96.8773,33.5781,929.64,False,46.84,231.24,-0.65,,929.64,,False,0,2025-06-30 23:17:01
a2c27e,SWA3962 ,United States,1751325421.0,1751325421,-77.4416,37.8402,7018.02,False,208.22,27.2,0.33,,7406.64,5611,False,0,2025-06-30 23:17:01
abfbd0,UAL1803 ,United States,1751325296.0,1751325297,-115.579,38.4803,10957.56,False,221.35,256.29,-0.33,,11536.68,,False,0,2025-06-30 23:17:01
a880ed,,United States,1751325384.0,1751325384,-97.4065,38.1489,1059.18,False,53.48,133.83,0.98,,1097.28,,False,0,2025-06-30 23:17:01
abb54f,SWA2627 ,United States,1751325420.0,1751325421,-87.2373,36.63,11887.2,False,230.89,137.71,0.0,,12580.62,2175,False,0,2025-06-30 23:17:01
4080bf,BAW171  ,United Kingdom,1751325420.0,1751325421,-79.4388,41.1702,5067.3,False,170.69,229.16,-8.45,,5303.52,2451,False,0,2025-06-30 23:17:01
3c64f0,DLH404  ,Germany,1751325420.0,1751325421,-71.6511,41.4311,7871.46,False,202.62,234.09,-8.13,,8298.18,0723,False,0,2025-06-30 23:17:01
c02f21,WJA671  ,Canada,1751325408.0,1751325420,-83.3008,45.8008,10972.8,False,223.49,311.17,0.0,,11414.76,6301,False,0,2025-06-30 23:17:01
a9f0b4,N74FF   ,United States,1751325400.0,1751325419,-119.0993,35.4863,640.08,False,42.11,334.69,2.6,,594.36,,False,0,2025-06-30 23:17:01
3c64f6,DLH420  ,Germany,1751325421.0,1751325421,-68.2494,44.9103,10972.8,False,228.63,219.89,0.0,,11498.58,2041,False,0,2025-06-30 23:17:01
abb579,SWA2616 ,United States,1751325420.0,1751325420,-87.9127,41.5886,1249.68,False,142.67,66.86,0.33,,1264.92,3274,False,0,2025-06-30 23:17:01
4080c0,BAW20R  ,United Kingdom,1751325420.0,1751325420,-77.1301,44.5363,11277.6,False,271.65,76.75,-0.33,,11833.86,6561,False,0,2025-06-30 23:17:01
a64205,N502GS  ,United States,1751325420.0,1751325420,-108.7557,32.1526,14325.6,False,254.48,285.36,-0.33,,15003.78,3442,False,0,2025-06-30 23:17:01
aa5806,CBC766  ,United States,1751325419.0,1751325420,-107.6854,32.2311,7490.46,False,187.78,89.53,-16.91,,7917.18,6002,False,0,2025-06-30 23:17:01
3c64ec,DLH450  ,Germany,1751325421.0,1751325421,-111.1276,38.3126,10972.8,False,244.98,216.46,0.0,,11559.54,,False,0,2025-06-30 23:17:01
a8d249,DAL1670 ,United States,1751325421.0,1751325421,-80.7189,25.8628,2362.2,False,145.98,38.85,-2.93,,2499.36,2072,False,0,2025-06-30 23:17:01
a07a37,N13QA   ,United States,1751325420.0,1751325420,-121.8685,37.0655,1737.36,False,91.68,323.9,-2.6,,1760.22,,False,0,2025-06-30 23:17:01
aa328f,RPA3309 ,United States,1751325420.0,1751325420,-89.9328,38.8501,5234.94,False,194.78,99.89,14.63,,5494.02,1132,False,0,2025-06-30 23:17:01
a94bfc,UAL414  ,United States,1751325420.0,1751325420,-99.3556,42.1124,10363.2,False,229.48,239.41,0.0,,10820.4,2453,False,0,2025-06-30 23:17:01
a94bff,UAL1945 ,United States,1751325421.0,1751325421,-105.4279,31.532,10972.8,False,237.44,300.18,0.0,,11620.5,2565,False,0,2025-06-30 23:17:01
abfc97,SWA3001 ,United States,1751325421.0,1751325421,-116.6525,35.013,8260.08,False,245.14,66.5,-5.2,,8709.66,2710,False,0,2025-06-30 23:17:01
ae13bf,HOOK57  ,United States,1751325105.0,1751325110,-97.1939,36.4233,1036.32,False,125.22,86.7,-7.8,,1082.04,,False,0,2025-06-30 23:17:01
ae13bb,HOOK51  ,United States,1751325420.0,1751325420,-95.8489,36.2587,1181.1,False,114.77,99.55,0.33,,1234.44,,False,0,2025-06-30 23:17:01
a1c7c1,UAL950  ,United States,1751325421.0,1751325421,-77.5988,39.0762,1988.82,False,155.57,29.96,14.96,,2065.02,,False,0,2025-06-30 23:17:01
a76277,WSN3    ,United States,1751325421.0,1751325421,-111.3619,34.5174,4953.0,False,135.7,219.0,1.3,,5242.56,,False,0,2025-06-30 23:17:01
a1fd03,SWA3777 ,United States,1751325420.0,1751325420,-87.8405,40.9805,7299.96,False,227.41,169.05,10.08,,7627.62,6541,False,0,2025-06-30 23:17:01
4b15db,EDW2M   ,Switzerland,1751325420.0,1751325421,-114.6219,36.1161,2827.02,False,121.94,243.43,-6.18,,2964.18,,False,0,2025-06-30 23:17:01
c08497,ACA268  ,Canada,1751325420.0,1751325420,-89.536,48.7425,10668.0,False,249.3,104.58,-0.33,,10850.88,,False,0,2025-06-30 23:17:01
acd3ea,N9256C  ,United States,1751325420.0,1751325420,-87.321,36.6253,594.36,False,47.21,249.59,-0.98,,579.12,,False,0,2025-06-30 23:17:01
a76290,N575SD  ,United States,1751325420.0,1751325420,-88.1526,44.4747,426.72,False,39.73,228.67,4.88,,358.14,,False,0,2025-06-30 23:17:01
aa8bfa,ENY4293 ,United States,1751325418.0,1751325419,-93.2195,37.2216,2331.72,False,149.46,73.81,15.28,,2438.4,,False,0,2025-06-30 23:17:01
a07a20,N13PC   ,United States,1751325420.0,1751325421,-93.4198,36.2441,4937.76,False,91.6,250.65,-3.9,,5143.5,0112,True,0,2025-06-30 23:17:01
ae13f9,SPECK88 ,United States,1751325396.0,1751325396,-97.2386,36.252,1196.34,False,138.52,185.54,-0.33,,1264.92,,False,0,2025-06-30 23:17:01
ae13f4,PAWS65  ,United States,1751325421.0,1751325421,-97.6115,36.5841,3947.16,False,148.86,71.88,1.63,,4175.76,,False,0,2025-06-30 23:17:01
a21d14,SWA2647 ,United States,1751325421.0,1751325421,-118.7624,38.1214,9753.6,False,241.66,259.58,0.33,,10233.66,,False,0,2025-06-30 23:17:01
a2c28a,N277X   ,United States,1751325361.0,1751325361,-112.0214,33.4284,,True,8.23,227.81,,,,1446,False,0,2025-06-30 23:17:01
a8d206,AAL540  ,United States,1751325420.0,1751325420,-114.7997,41.5825,10408.92,False,237.54,162.35,5.85,,10919.46,,False,0,2025-06-30 23:17:01
a1ea32,UAL253  ,United States,1751325420.0,1751325420,-106.3801,31.9684,9753.6,False,259.01,280.53,0.0,,10325.1,7266,False,0,2025-06-30 23:17:01
a07a72,N13SK   ,United States,1751325230.0,1751325230,-80.1959,26.1936,91.44,False,38.21,43.36,-3.25,,114.3,,False,0,2025-06-30 23:17:01
a1a1b6,RPA5677 ,United States,1751325421.0,1751325421,-73.7237,41.7374,4701.54,False,190.76,188.22,-10.08,,4930.14,3515,False,0,2025-06-30 23:17:01
a33d62,DAL305  ,United States,1751325319.0,1751325319,-78.2908,30.0554,9448.8,False,229.74,6.17,0.0,,9928.86,6050,False,0,2025-06-30 23:17:01
a69bdf,N525DU  ,United States,1751325420.0,1751325420,-93.0938,33.0627,11643.36,False,162.02,83.62,0.98,,12313.92,3433,False,0,2025-06-30 23:17:01
a427e3,SUB47   ,United States,1751325291.0,1751325291,-90.6325,38.6622,152.4,False,66.29,257.91,-4.55,,144.78,1064,False,0,2025-06-30 23:17:01
a71efa,AAL2387 ,United States,1751325420.0,1751325420,-111.8077,32.9623,10058.4,False,250.9,110.78,0.0,,10637.52,3252,False,0,2025-06-30 23:17:01
a89545,QXE2326 ,United States,1751325421.0,1751325421,-121.1331,46.4128,8938.26,False,221.23,126.2,5.2,,9349.74,1642,False,0,2025-06-30 23:17:01
a65598,SKW4960 ,United States,1751325421.0,1751325421,-119.4043,38.3701,10668.0,False,214.56,184.12,0.0,,11193.78,,False,0,2025-06-30 23:17:01
a83ef2,NKS8830 ,United States,1751325420.0,1751325420,-82.2673,34.2389,11582.4,False,230.37,143.08,0.0,,12275.82,5743,False,0,2025-06-30 23:17:01
a1ea0d,N222SP  ,United States,1751325421.0,1751325421,-113.15,34.0833,2865.12,False,57.89,292.46,-1.63,,3101.34,1117,True,0,2025-06-30 23:17:01
ae13fd,JAVAN51 ,United States,1751325421.0,1751325421,-97.6899,30.6798,5029.2,False,135.18,261.68,2.93,,5334.0,1200,False,0,2025-06-30 23:17:01
aa3249,N756WB  ,United States,1751325421.0,1751325421,-85.1387,39.4183,914.4,False,64.75,250.99,0.0,,906.78,1200,False,0,2025-06-30 23:17:01
a6a54e,N5270G  ,United States,1751325421.0,1751325421,-88.2974,41.4756,937.26,False,44.04,345.8,0.0,,922.02,1200,False,0,2025-06-30 23:17:01
a76235,JIA5487 ,United States,1751325420.0,1751325421,-92.7015,33.2586,10668.0,False,250.48,84.93,-0.98,,11323.32,6254,False,0,2025-06-30 23:17:01
aa589c,JBU276  ,United States,1751325420.0,1751325420,-71.9313,39.7575,7315.2,False,224.77,339.78,0.0,,7749.54,,False,0,2025-06-30 23:17:01
a6b87a,SKW5442 ,United States,1751325241.0,1751325241,-89.9894,35.1304,556.26,False,84.94,177.92,-4.23,,594.36,4025,True,0,2025-06-30 23:17:01
a94bd9,N69875  ,United States,1751325168.0,1751325168,-90.6424,38.6621,152.4,False,25.72,253.74,-1.3,,129.54,,False,0,2025-06-30 23:17:01
a5cbf3,UAL2645 ,United States,1751325420.0,1751325421,-75.3472,39.8935,4777.74,False,203.11,42.95,-7.8,,5029.2,0765,False,0,2025-06-30 23:17:01
a6426a,N502LT  ,United States,1751325417.0,1751325417,-85.5027,38.7093,1242.06,False,62.49,202.77,7.48,,1242.06,1200,False,0,2025-06-30 23:17:01
0d0a19,VOI761  ,Mexico,1751325420.0,1751325420,-104.5327,39.1238,6141.72,False,202.26,165.72,9.43,,6507.48,1456,False,0,2025-06-30 23:17:01
a031bd,AAL3053 ,United States,1751325420.0,1751325421,-97.319,33.2619,1699.26,False,144.79,105.67,-10.4,,1805.94,4676,False,0,2025-06-30 23:17:01
0d0a18,VOI800  ,Mexico,1751325421.0,1751325421,-97.8508,32.0263,7650.48,False,234.5,29.43,-11.38,,8122.92,2665,False,0,2025-06-30 23:17:01
aa8be5,EJA779  ,United States,1751325420.0,1751325421,-74.8982,42.1281,7018.02,False,220.04,266.65,-5.85,,7376.16,2441,False,0,2025-06-30 23:17:01
a8955e,NKS2366 ,United States,1751325420.0,1751325420,-91.9212,33.1469,10972.8,False,223.69,230.6,0.0,,11643.36,5771,False,0,2025-06-30 23:17:01
a7d892,N60406  ,United States,1751325419.0,1751325420,-90.2431,38.4794,647.7,False,45.28,21.32,0.33,,640.08,,False,0,2025-06-30 23:17:01
abb507,SWA867  ,United States,1751325420.0,1751325420,-77.9634,42.4882,11582.4,False,206.13,251.07,0.0,,12184.38,7343,False,0,2025-06-30 23:17:01
acc0fb,N9203R  ,United States,1751325420.0,1751325420,-91.3022,33.9412,3040.38,False,73.45,241.1,0.33,,3200.4,1646,False,0,2025-06-30 23:17:01
aa3226,AAL1610 ,United States,1751325344.0,1751325351,-84.442,33.6427,,True,0.0,270.0,,,,1626,True,0,2025-06-30 23:17:01
a11f9d,UAL350  ,United States,1751325421.0,1751325421,-73.1568,39.8996,7200.9,False,234.2,106.72,7.15,,7574.28,3306,False,0,2025-06-30 23:17:01
aa9d1a,EJA783  ,United States,1751325420.0,1751325420,-96.848,32.8474,,True,8.75,120.94,,,,2746,False,0,2025-06-30 23:17:01
aa67d5,N77MV   ,United States,1751325421.0,1751325421,-122.2878,47.7237,594.36,False,43.85,328.92,-0.33,,624.84,,False,0,2025-06-30 23:17:01
aaed05,N803AC  ,United States,1751325257.0,1751325257,-121.9344,37.3617,,True,0.0,230.62,,,,1133,False,0,2025-06-30 23:17:01
ac2d09,DAL355  ,United States,1751325420.0,1751325420,-108.9779,36.4065,10972.8,False,237.03,261.76,0.33,,11574.78,1751,False,0,2025-06-30 23:17:01
a303c4,N29355  ,United States,1751325420.0,1751325420,-84.3723,33.1585,487.68,False,41.0,246.33,4.23,,434.34,,False,0,2025-06-30 23:17:01
a72f22,JBU1642 ,United States,1751325420.0,1751325420,-73.766,40.6311,,True,23.15,213.75,,,,5641,False,0,2025-06-30 23:17:01
a59f53,SWA452  ,United States,1751325421.0,1751325421,-104.2605,39.3996,5623.56,False,166.42,329.95,-5.85,,5981.7,7501,True,0,2025-06-30 23:17:01
0d0e40,AMX640  ,Mexico,1751325420.0,1751325420,-74.6974,38.8286,11277.6,False,232.29,33.16,0.0,,11932.92,3267,False,0,2025-06-30 23:17:01
a0a3f8,N140PC  ,United States,1751325389.0,1751325389,-105.1776,40.1712,1485.9,False,43.85,121.08,-2.93,,1600.2,,False,0,2025-06-30 23:17:01
aaed17,AAL2076 ,United States,1751325420.0,1751325420,-80.9998,33.8564,6096.0,False,225.73,189.31,-0.33,,6461.76,,False,0,2025-06-30 23:17:01
acd296,AAL751  ,United States,1751325420.0,1751325420,-84.575,36.2955,9380.22,False,233.81,300.4,4.23,,9951.72,0426,False,0,2025-06-30 23:17:01
a5ef0e,UAL1844 ,United States,1751325413.0,1751325415,-74.1646,40.6988,15.24,False,50.16,205.51,0.33,,-22.86,,False,0,2025-06-30 23:17:01
a2f6ba,AAY711  ,United States,1751325421.0,1751325421,-97.3214,40.5965,10668.0,False,260.78,75.61,0.0,,11178.54,0147,False,0,2025-06-30 23:17:01
a449f1,DAL716  ,United States,1751325420.0,1751325420,-104.2587,40.2686,4160.52,False,175.44,255.39,-9.1,,4427.22,2673,False,0,2025-06-30 23:17:01
a1e9fe,N222RZ  ,United States,1751325401.0,1751325401,-73.1358,42.1352,2164.08,False,90.58,103.8,0.65,,2232.66,,False,0,2025-06-30 23:17:01
a0b6ea,SKW5552 ,United States,1751325416.0,1751325416,-92.7666,31.9042,9753.6,False,227.33,228.12,0.33,,10378.44,,False,0,2025-06-30 23:17:01
a449e5,DAL2120 ,United States,1751325421.0,1751325421,-116.8283,34.8611,8663.94,False,250.22,54.71,-4.88,,9166.86,4777,False,0,2025-06-30 23:17:01
ad4d12,AAL1288 ,United States,1751325421.0,1751325421,-101.094,27.5842,10675.62,False,243.29,40.8,0.0,,11346.18,,False,0,2025-06-30 23:17:01
0d0e61,XARZR   ,Mexico,1751325420.0,1751325420,-99.253,25.7896,2727.96,False,82.31,89.64,0.0,,2857.5,,False,0,2025-06-30 23:17:01
a2f6b3,ENY3345 ,United States,1751325420.0,1751325421,-70.6472,43.4397,10005.06,False,227.37,218.48,6.18,,10538.46,3557,False,0,2025-06-30 23:17:01
aaa4b3,SKW5606 ,United States,1751325421.0,1751325421,-84.5935,40.6456,10363.2,False,238.74,300.71,-0.65,,10949.94,1353,False,0,2025-06-30 23:17:01
a5dc0c,CBC477  ,United States,1751325349.0,1751325359,-112.0221,41.187,1348.74,False,44.38,45.0,-0.65,,1371.6,,False,0,2025-06-30 23:17:01
c080dc,ACA527  ,Canada,1751325421.0,1751325421,-94.7894,44.4994,10363.2,False,227.22,240.13,-0.33,,10690.86,1011,False,0,2025-06-30 23:17:01
c080dd,ACA326  ,Canada,1751325420.0,1751325420,-74.0156,45.6996,2369.82,False,134.22,118.63,-5.85,,2438.4,,False,0,2025-06-30 23:17:01
c080db,ACA515  ,Canada,1751325113.0,1751325116,-83.1158,46.341,9753.6,False,206.66,275.28,0.33,,10111.74,6254,False,0,2025-06-30 23:17:01
a2e3e9,N2857P  ,United States,1751325320.0,1751325324,-117.1318,32.8131,182.88,False,33.64,293.43,-1.63,,137.16,,False,0,2025-06-30 23:17:01
ab0d76,DAL1109 ,United States,1751325421.0,1751325421,-105.7599,35.2515,8991.6,False,229.81,95.01,4.55,,9517.38,,False,0,2025-06-30 23:17:01
a2d0b2,OXF5246 ,United States,1751325304.0,1751325306,-111.7227,33.4661,525.78,False,40.98,231.12,-4.55,,426.72,,False,0,2025-06-30 23:17:01
a34c6f,N311VM  ,United States,1751325420.0,1751325420,-102.6526,43.9365,3291.84,False,125.85,116.98,0.0,,3459.48,,False,0,2025-06-30 23:17:01
a96def,N7065R  ,United States,1751325420.0,1751325420,-111.7962,33.1007,1028.7,False,45.3,181.95,0.98,,975.36,1200,False,0,2025-06-30 23:17:01
abfa24,AAL110  ,United States,1751325420.0,1751325420,-84.1689,45.0023,11879.58,False,285.51,71.73,0.0,,12367.26,6267,False,0,2025-06-30 23:17:01
aaed5a,DAL2209 ,United States,1751325420.0,1751325420,-82.0688,28.0138,5120.64,False,185.12,65.71,-9.1,,5402.58,5660,False,0,2025-06-30 23:17:01
acf7e4,N9347T  ,United States,1751325420.0,1751325421,-88.3609,41.5616,640.08,False,43.59,258.42,6.83,,617.22,1200,False,0,2025-06-30 23:17:01
abc4be,SWA882  ,United States,1751325420.0,1751325420,-94.5927,33.5995,10675.62,False,244.75,68.29,-0.33,,11323.32,6263,False,0,2025-06-30 23:17:01
a34c68,ENY3602 ,United States,1751325278.0,1751325357,-82.8571,45.9935,9144.0,False,195.19,241.68,-0.65,,9525.0,6557,False,0,2025-06-30 23:17:01
aaa4dc,UAL57   ,United States,1751325421.0,1751325421,-70.8797,43.5495,10668.0,False,266.97,61.95,0.0,,11209.02,1753,False,0,2025-06-30 23:17:01
abfa36,,United States,1751325111.0,1751325111,-121.2896,38.5342,403.86,False,56.36,56.16,-0.33,,365.76,,False,0,2025-06-30 23:17:01
aa559e,N765RM  ,United States,1751325421.0,1751325421,-99.4224,25.216,7200.9,False,222.06,323.95,-15.28,,7642.86,,False,0,2025-06-30 23:17:01
a9bde6,N727DP  ,United States,1751325418.0,1751325420,-99.0383,33.9539,5821.68,False,125.7,273.05,-0.33,,6149.34,6130,False,0,2025-06-30 23:17:01
0d0e1d,AMX645  ,Mexico,1751325419.0,1751325420,-112.5614,30.6845,11277.6,False,245.18,130.58,0.0,,11948.16,7705,False,0,2025-06-30 23:17:01
a1d811,RPA5881 ,United States,1751325421.0,1751325421,-76.9819,38.7112,2019.3,False,138.57,145.13,14.31,,2125.98,5662,False,0,2025-06-30 23:17:01
a0b81e,UAL1292 ,United States,1751325420.0,1751325420,-70.4236,42.983,6141.72,False,217.66,159.38,-14.63,,6446.52,3776,False,0,2025-06-30 23:17:01
adaee8,AAL1193 ,United States,1751325421.0,1751325421,-93.8322,35.016,10363.2,False,230.62,214.82,0.0,,10980.42,3266,False,0,2025-06-30 23:17:01
a0b81d,UAL746  ,United States,1751325420.0,1751325421,-101.0696,38.8357,10355.58,False,226.97,271.69,0.33,,10927.08,7041,False,0,2025-06-30 23:17:01
a0b823,UAL1527 ,United States,1751325421.0,1751325421,-111.0715,40.8034,10660.38,False,238.83,94.2,-0.33,,11254.74,3342,False,0,2025-06-30 23:17:01
a0b821,UAL234  ,United States,1751325421.0,1751325421,-103.6387,38.0375,9692.64,False,243.56,137.31,1.95,,10248.9,3263,False,0,2025-06-30 23:17:01
a46c9a,UAL1216 ,United States,1751325420.0,1751325421,-100.631,30.8471,10668.0,False,239.03,85.19,0.0,,11330.94,3724,False,0,2025-06-30 23:17:01
a0b820,UAL2211 ,United States,1751325420.0,1751325420,-86.6985,41.5973,4213.86,False,183.64,310.11,-10.08,,4381.5,5720,False,0,2025-06-30 23:17:01
ac2be9,SWA189  ,United States,1751325420.0,1751325420,-96.8432,32.8441,,True,1.8,270.0,,,,6725,False,0,2025-06-30 23:17:01
acf870,N935CB  ,United States,1751325420.0,1751325420,-117.4509,33.945,472.44,False,49.46,108.81,2.93,,419.1,1200,False,0,2025-06-30 23:17:01
a770a2,JBU1794 ,United States,1751325420.0,1751325420,-78.5551,29.6195,11292.84,False,232.34,14.62,0.0,,11856.72,4601,False,0,2025-06-30 23:17:01
a23ea5,N2438S  ,United States,1751325415.0,1751325415,-72.8332,40.8385,182.88,False,42.2,315.0,-3.58,,160.02,,False,0,2025-06-30 23:17:01
abb245,SWA2349 ,United States,1751325398.0,1751325398,-122.3821,37.6204,,True,4.89,298.12,,,,2032,False,0,2025-06-30 23:17:01
a1d809,N218JG  ,United States,1751325204.0,1751325208,-88.114,44.4924,251.46,False,49.07,240.48,-3.25,,182.88,,False,0,2025-06-30 23:17:01
a913d6,UAL920  ,United States,1751325420.0,1751325420,-87.9112,41.9712,,True,7.2,154.69,,,,,False,0,2025-06-30 23:17:01
a0b82f,N1454H  ,United States,1751325391.0,1751325412,-67.0501,45.6913,13716.0,False,245.85,234.28,0.0,,14211.3,0777,False,0,2025-06-30 23:17:01
a7e6cf,SKW5667 ,United States,1751325107.0,1751325112,-104.66,39.8719,1623.06,False,69.47,181.27,-3.25,,1706.88,,False,0,2025-06-30 23:17:01
c080a6,WJA1525 ,Canada,1751325421.0,1751325421,-119.3573,37.7147,10972.8,False,250.0,352.67,0.0,,11529.06,7723,False,0,2025-06-30 23:17:01
ac2bf8,ASH6151 ,United States,1751325421.0,1751325421,-90.4009,36.2264,8839.2,False,261.84,50.9,0.33,,9342.12,5614,False,0,2025-06-30 23:17:01
ad0562,SWA40   ,United States,1751325421.0,1751325421,-99.6069,33.9672,12192.0,False,235.39,332.54,0.0,,12877.8,1343,False,0,2025-06-30 23:17:01
a9bf4b,DAL823  ,United States,1751325081.0,1751325278,-111.9296,38.7924,11582.4,False,223.72,262.34,0.0,,12199.62,2051,False,0,2025-06-30 23:17:01
a280fe,SWA537  ,United States,1751325416.0,1751325419,-122.3622,37.6156,15.24,False,68.57,297.72,-1.3,,-22.86,6213,False,0,2025-06-30 23:17:01
a0b801,UAL1602 ,United States,1751325421.0,1751325421,-92.4241,34.5936,10355.58,False,232.1,298.89,-0.33,,10995.66,3203,False,0,2025-06-30 23:17:01
c080d9,ACA423  ,Canada,1751325421.0,1751325421,-78.8569,44.0071,3223.26,False,150.74,227.49,-7.48,,3307.08,2377,False,0,2025-06-30 23:17:01
a9bf27,SKW6282 ,United States,1751325420.0,1751325420,-104.4802,38.2578,11277.6,False,240.33,95.53,0.0,,11879.58,3521,False,0,2025-06-30 23:17:01
abc56d,N858DT  ,United States,1751325420.0,1751325420,-112.2136,41.3423,2255.52,False,61.41,188.67,0.33,,2354.58,,False,0,2025-06-30 23:17:01
a0b803,UAL798  ,United States,1751325421.0,1751325421,-96.04,38.0275,10066.02,False,263.99,77.51,0.0,,10637.52,,False,0,2025-06-30 23:17:01
a96f68,JRE707  ,United States,1751325420.0,1751325421,-122.1718,45.4194,2849.88,False,115.18,252.05,-7.48,,2956.56,3160,False,0,2025-06-30 23:17:01
adaef7,N981BC  ,United States,1751325420.0,1751325420,-116.7426,43.719,1524.0,False,53.48,313.83,-1.95,,1546.86,,False,0,2025-06-30 23:17:01
ab627c,SWA1850 ,United States,1751325419.0,1751325419,-112.597,36.0306,11277.6,False,240.14,79.51,-0.33,,11910.06,,False,0,2025-06-30 23:17:01
a7d3d3,EJA603  ,United States,1751325421.0,1751325421,-77.3586,36.0111,13106.4,False,229.39,218.08,0.0,,13769.34,4002,False,0,2025-06-30 23:17:01
a2d0d5,OXF5542 ,United States,1751325420.0,1751325420,-111.8302,32.9122,1226.82,False,44.17,243.73,-0.65,,1203.96,1200,False,0,2025-06-30 23:17:01
a796d6,N5886M  ,United States,1751325420.0,1751325420,-88.278,41.7273,1242.06,False,68.04,339.65,0.0,,1249.68,1301,False,0,2025-06-30 23:17:01
ab628c,SWA4035 ,United States,1751325421.0,1751325421,-100.198,43.0676,10668.0,False,256.4,114.92,0.0,,11132.82,,False,0,2025-06-30 23:17:01
abb271,SWA4752 ,United States,1751325420.0,1751325420,-85.6399,35.6394,11277.6,False,233.94,170.12,0.0,,11948.16,5624,False,0,2025-06-30 23:17:01
a0a530,N1401E  ,United States,1751325420.0,1751325420,-104.7338,39.117,2743.2,False,50.17,241.86,2.93,,2910.84,,False,0,2025-06-30 23:17:01
a16227,N189AM  ,United States,1751325420.0,1751325420,-112.3602,33.4346,426.72,False,32.88,249.86,-2.28,,335.28,,False,0,2025-06-30 23:17:01
a4cf95,JTL40   ,United States,1751325421.0,1751325421,-92.3795,43.9358,13716.0,False,205.57,151.45,0.33,,14150.34,1652,False,0,2025-06-30 23:17:01
a0ebaf,N159AS  ,United States,1751325273.0,1751325406,-100.4924,31.3847,708.66,False,35.87,188.25,1.95,,701.04,,False,0,2025-06-30 23:17:01
a676ea,CAP2142 ,United States,1751325420.0,1751325420,-92.6482,44.4857,1219.2,False,49.94,191.89,3.58,,1203.96,,False,0,2025-06-30 23:17:01
acd251,N925SD  ,United States,1751325420.0,1751325421,-102.5264,30.9179,7924.8,False,110.29,236.61,0.33,,8412.48,,False,0,2025-06-30 23:17:01
a543f2,N4385W  ,United States,1751325421.0,1751325421,-83.9185,39.6711,914.4,False,47.31,223.24,0.65,,899.16,1200,False,0,2025-06-30 23:17:01
aa8a26,UAL8101 ,United States,1751325420.0,1751325420,-89.4192,41.8755,7193.28,False,217.42,263.61,2.28,,7505.7,3536,False,0,2025-06-30 23:17:01
a17527,AAL3254 ,United States,1751325420.0,1751325420,-89.0278,36.2731,10363.2,False,224.01,253.73,0.0,,10972.8,0576,False,0,2025-06-30 23:17:01
0d0cec,VIV9334 ,Mexico,1751325420.0,1751325420,-108.0754,30.3381,10363.2,False,230.46,204.39,0.0,,10988.04,,False,0,2025-06-30 23:17:01
c03f69,AIE856  ,Canada,1751325420.0,1751325420,-74.5063,46.8584,7307.58,False,122.07,209.27,0.0,,7604.76,,False,0,2025-06-30 23:17:01
a0a522,UAL970  ,United States,1751325408.0,1751325408,-67.4286,48.1148,10668.0,False,278.2,70.89,0.33,,11117.58,1333,False,0,2025-06-30 23:17:01
a04229,N1157X  ,United States,1751325421.0,1751325421,-111.99,40.5981,1524.0,False,41.69,15.75,-1.95,,1508.76,1200,False,0,2025-06-30 23:17:01
aa67e1,N77NG   ,United States,1751324940.0,1751325109,-118.4186,33.9369,,True,0.0,261.56,,,,4667,False,0,2025-06-30 23:17:01
a09bbd,N1383U  ,United States,1751325420.0,1751325421,-122.1296,47.9724,609.6,False,51.01,248.09,0.65,,609.6,1200,False,0,2025-06-30 23:17:01
ab8839,KSU42   ,United States,1751325421.0,1751325421,-97.2486,38.8862,495.3,False,50.16,158.96,0.65,,502.92,,False,0,2025-06-30 23:17:01
adf0f1,N998G   ,United States,1751325420.0,1751325421,-101.4846,38.7943,12496.8,False,235.68,111.24,-0.33,,13091.16,6064,False,0,2025-06-30 23:17:01
a53207,AAL2300 ,United States,1751325421.0,1751325421,-82.2025,37.9175,10363.2,False,232.69,257.75,0.33,,11003.28,4113,True,0,2025-06-30 23:17:01
a1d87a,AAY53   ,United States,1751325421.0,1751325421,-109.6646,39.1929,10668.0,False,237.85,56.38,0.0,,11224.26,,False,0,2025-06-30 23:17:01
a79821,JBU1194 ,United States,1751325421.0,1751325421,-72.6151,41.1029,6400.8,False,185.11,38.91,0.0,,6743.7,2474,False,0,2025-06-30 23:17:01
ac3ea3,SWA1997 ,United States,1751325420.0,1751325421,-97.6819,30.4323,883.92,False,86.47,202.75,-5.53,,937.26,2655,False,0,2025-06-30 23:17:01
a890fe,FFT3277 ,United States,1751325420.0,1751325420,-100.8075,31.8617,10576.56,False,223.3,254.36,3.58,,11239.5,3440,False,0,2025-06-30 23:17:01
a34bc8,AAY854  ,United States,1751325420.0,1751325420,-82.2954,29.9763,11277.6,False,216.59,24.86,0.0,,11902.44,3730,False,0,2025-06-30 23:17:01
a0427e,N116AA  ,United States,1751325420.0,1751325420,-112.025,33.4288,457.2,False,82.83,270.0,9.43,,365.76,1613,False,0,2025-06-30 23:17:01
a1d873,ENY4146 ,United States,1751325420.0,1751325421,-88.5219,41.4458,3375.66,False,190.2,41.71,0.0,,3505.2,0774,False,0,2025-06-30 23:17:01
c03f37,WJA290  ,Canada,1751325421.0,1751325421,-70.3455,46.6493,11277.6,False,259.14,99.37,0.0,,11772.9,1103,False,0,2025-06-30 23:17:01
abc504,SWA858  ,United States,1751325421.0,1751325421,-118.681,37.2785,9456.42,False,246.7,80.52,-0.65,,9944.1,3276,False,0,2025-06-30 23:17:01
a4bbb3,CY0404  ,United States,1751325420.0,1751325421,-81.4747,38.6322,10363.2,False,226.84,340.25,0.0,,10995.66,,False,0,2025-06-30 23:17:01
ac3eba,SWA642  ,United States,1751325420.0,1751325420,-118.5468,33.9362,1165.86,False,138.06,264.23,13.0,,1150.62,,False,0,2025-06-30 23:17:01
484445,KLM672  ,Kingdom of the Netherlands,1751325410.0,1751325410,-73.7411,45.4764,,True,9.26,42.19,,,,,False,0,2025-06-30 23:17:01
a30535,N294JY  ,United States,1751325420.0,1751325420,-118.4137,33.409,1539.24,False,49.6,185.36,0.0,,1539.24,,False,0,2025-06-30 23:17:01
a2e516,N286JJ  ,United States,1751325395.0,1751325395,-118.9163,38.4693,10492.74,False,237.97,87.15,2.6,,10972.8,3202,False,0,2025-06-30 23:17:01
a31862,N299RB  ,United States,1751325420.0,1751325420,-88.423,30.9123,4572.0,False,158.29,133.55,-7.48,,4792.98,2125,False,0,2025-06-30 23:17:01
a95c89,FFT3376 ,United States,1751325420.0,1751325421,-102.5141,40.0188,8351.52,False,241.98,82.18,6.5,,8808.72,,False,0,2025-06-30 23:17:01
ac2ba0,SWA1324 ,United States,1751325396.0,1751325416,-121.927,37.3666,,True,0.0,47.81,,,,,False,0,2025-06-30 23:17:01
acf846,ASA290  ,United States,1751325421.0,1751325421,-73.9214,44.5418,10363.2,False,222.09,319.04,0.0,,10866.12,3007,False,0,2025-06-30 23:17:01
a4389f,MVK87   ,United States,1751325420.0,1751325420,-93.2339,43.4714,1844.04,False,46.33,330.02,-0.33,,1859.28,,False,0,2025-06-30 23:17:01
ab6229,SWA4639 ,United States,1751325420.0,1751325420,-82.5296,27.9853,,True,6.43,345.94,,,,,False,0,2025-06-30 23:17:01
abb205,SWA2943 ,United States,1751325421.0,1751325421,-105.3046,38.2559,10058.4,False,235.86,205.45,5.2,,10591.8,3250,False,0,2025-06-30 23:17:01
3991e2,AFR616  ,France,1751325420.0,1751325420,-79.3108,25.1047,7284.72,False,202.38,307.04,-8.78,,7741.92,,False,0,2025-06-30 23:17:01
ac2bb7,ASH6246 ,United States,1751325421.0,1751325421,-95.03,36.1866,10668.0,False,247.41,6.33,0.0,,11292.84,7222,False,0,2025-06-30 23:17:01
ac3ee9,SWA822  ,United States,1751325421.0,1751325421,-78.0194,33.6264,11277.6,False,225.05,7.22,0.0,,11894.82,4155,False,0,2025-06-30 23:17:01
aab883,N790FA  ,United States,1751325420.0,1751325420,-116.911,33.1808,1409.7,False,56.92,130.6,1.3,,1417.32,,False,0,2025-06-30 23:17:01
a30596,AAY778  ,United States,1751325421.0,1751325421,-119.3041,38.4018,10972.8,False,262.7,4.61,0.0,,11529.06,6774,False,0,2025-06-30 23:17:01
a0428a,AAL306  ,United States,1751325421.0,1751325421,-87.2461,42.823,10355.58,False,206.37,271.57,0.0,,10820.4,2262,False,0,2025-06-30 23:17:01
ac2bc6,SWA3234 ,United States,1751325420.0,1751325420,-86.1844,40.3709,6827.52,False,204.34,336.4,-4.88,,7170.42,1650,False,0,2025-06-30 23:17:01
a4cea3,LXJ409  ,United States,1751325421.0,1751325421,-98.1031,29.824,3192.78,False,159.83,255.65,-10.73,,3375.66,4555,False,0,2025-06-30 23:17:01
a1c57e,RPA5675 ,United States,1751325417.0,1751325417,-73.8717,40.7779,,True,0.0,300.94,,,,,False,0,2025-06-30 23:17:01
a16273,DAL531  ,United States,1751325421.0,1751325421,-104.29,39.5085,10668.0,False,255.95,92.65,0.33,,11239.5,3240,False,0,2025-06-30 23:17:01
aa40f5,N76UD   ,United States,1751325420.0,1751325420,-89.3859,42.7203,1539.24,False,65.29,77.72,0.0,,1539.24,,False,0,2025-06-30 23:17:01
a1b247,N2081S  ,United States,1751325420.0,1751325420,-71.4962,42.6172,937.26,False,38.41,97.7,0.65,,960.12,1200,False,0,2025-06-30 23:17:01
ac8233,ERU905  ,United States,1751325421.0,1751325421,-80.3321,27.5976,1181.1,False,52.47,298.07,0.0,,1257.3,,False,0,2025-06-30 23:17:01
acf83f,N935AC  ,United States,1751325420.0,1751325421,-81.4417,28.3374,152.4,False,63.53,15.5,0.0,,213.36,,False,0,2025-06-30 23:17:01
ac2bd5,ASH6375 ,United States,1751325420.0,1751325420,-96.3053,27.8189,8534.4,False,229.26,208.41,0.0,,9083.04,7405,False,0,2025-06-30 23:17:01
a34bdc,EDV4838 ,United States,1751325421.0,1751325421,-77.8855,38.6307,8473.44,False,227.03,228.4,2.93,,8968.74,3610,False,0,2025-06-30 23:17:01
ac2bd4,ASH6230 ,United States,1751325282.0,1751325420,-110.7094,40.6055,9204.96,False,222.41,118.76,1.95,,9738.36,6042,False,0,2025-06-30 23:17:01
a54520,LXJ439  ,United States,1751325418.0,1751325420,-79.7192,31.2148,12489.18,False,237.49,302.35,-0.33,,13114.02,1316,False,0,2025-06-30 23:17:01
a89234,UAL127  ,United States,1751325420.0,1751325420,-75.3285,38.1744,9128.76,False,251.05,216.75,-10.08,,9639.3,6003,False,0,2025-06-30 23:17:01
ab73f5,SKW3957 ,United States,1751325420.0,1751325421,-86.0673,39.155,8275.32,False,237.16,359.88,1.3,,8747.76,6601,False,0,2025-06-30 23:17:01
a0b7b8,UAL2487 ,United States,1751325421.0,1751325421,-104.8194,40.2686,10660.38,False,243.45,70.11,0.0,,11254.74,7774,False,0,2025-06-30 23:17:01
a8e20f,DAL315  ,United States,1751325421.0,1751325421,-85.6433,35.6563,10767.06,False,237.37,299.9,2.28,,11422.38,6001,False,0,2025-06-30 23:17:01
aa558a,EJA765  ,United States,1751325420.0,1751325420,-96.3219,30.4251,5372.1,False,194.46,154.79,-10.73,,5661.66,2264,False,0,2025-06-30 23:17:01
aa9bfd,N783DG  ,United States,1751325195.0,1751325195,-118.1487,33.8139,45.72,False,29.84,269.01,-1.3,,-7.62,,False,0,2025-06-30 23:17:01
ac2c79,SWA3451 ,United States,1751325420.0,1751325420,-120.197,38.9856,7627.62,False,233.31,49.92,6.18,,8001.0,3215,False,0,2025-06-30 23:17:01
aaa3ef,N785JP  ,United States,1751325420.0,1751325420,-111.3381,39.801,5593.08,False,124.82,330.9,-8.13,,5920.74,,False,0,2025-06-30 23:17:01
a6c88e,AAL1326 ,United States,1751325421.0,1751325421,-78.6442,36.0043,914.4,False,104.48,212.12,0.0,,944.88,1166,False,0,2025-06-30 23:17:01
a187ba,AAL3280 ,United States,1751325419.0,1751325419,-73.874,40.7759,,True,0.0,132.19,,,,,False,0,2025-06-30 23:17:01
4a91af,SAS924  ,Sweden,1751325421.0,1751325421,-69.9959,44.8276,10058.4,False,247.79,29.07,0.0,,10561.32,7142,False,0,2025-06-30 23:17:01
ab60e3,DAL14   ,United States,1751325420.0,1751325420,-75.8156,37.59,9448.8,False,247.31,31.47,0.0,,9997.44,3123,False,0,2025-06-30 23:17:01
a2d26c,N281HL  ,United States,1751325421.0,1751325421,-99.7918,45.9407,12496.8,False,262.25,112.49,0.33,,12931.14,,False,0,2025-06-30 23:17:01
aa9bcb,N783BG  ,United States,1751325421.0,1751325421,-119.1028,34.2009,335.28,False,51.19,95.77,0.33,,274.32,,False,0,2025-06-30 23:17:01
a8922f,N651TW  ,United States,1751325421.0,1751325421,-81.1446,32.5773,7848.6,False,140.03,323.21,12.68,,8313.42,0774,False,0,2025-06-30 23:17:01
abc3ec,SWA3156 ,United States,1751325420.0,1751325421,-82.2346,42.2089,9037.32,False,259.44,81.68,-5.2,,9509.76,0631,False,0,2025-06-30 23:17:01
4a91b3,SAS908  ,Sweden,1751325378.0,1751325378,-74.1655,40.6998,,True,0.0,25.31,,,,,False,0,2025-06-30 23:17:01
0d0d52,VTM941  ,Mexico,1751325420.0,1751325420,-90.1216,35.3649,9753.6,False,228.67,227.55,0.98,,10325.1,6755,False,0,2025-06-30 23:17:01
acd0c7,N925AK  ,United States,1751325420.0,1751325420,-97.6944,44.3613,12496.8,False,235.63,54.96,-0.33,,12946.38,3230,False,0,2025-06-30 23:17:01
ac2c9c,SWA2794 ,United States,1751325420.0,1751325420,-77.9336,38.6363,6172.2,False,228.31,84.83,-5.53,,6515.1,3017,False,0,2025-06-30 23:17:01
aa9bbc,S447    ,United States,1751325416.0,1751325417,-116.7409,47.7105,914.4,False,65.8,243.03,1.95,,937.26,,False,0,2025-06-30 23:17:01
a0b7dc,UAL2088 ,United States,1751325420.0,1751325420,-82.5475,36.7066,10980.42,False,233.52,342.96,0.33,,11658.6,7413,False,0,2025-06-30 23:17:01
a72ef7,GJS3376 ,United States,1751325421.0,1751325421,-72.9038,40.177,10363.2,False,229.57,226.0,0.33,,10965.18,3461,False,0,2025-06-30 23:17:01
a7851c,DAL806  ,United States,1751325420.0,1751325420,-92.4088,43.2411,10363.2,False,203.3,262.73,0.0,,10736.58,2612,False,0,2025-06-30 23:17:01
a0da26,MVJ54   ,United States,1751325420.0,1751325420,-101.5376,35.5049,13106.4,False,226.98,271.82,-0.33,,13738.86,,False,0,2025-06-30 23:17:01
a96ebd,N707BW  ,United States,1751325420.0,1751325420,-84.661,39.8565,4282.44,False,94.59,314.12,0.0,,4450.08,3530,False,0,2025-06-30 23:17:01
a317ba,ENY4151 ,United States,1751325421.0,1751325421,-93.154,43.2922,8534.4,False,226.63,334.02,0.0,,8823.96,7220,False,0,2025-06-30 23:17:01
0d0d72,AMX669  ,Mexico,1751325420.0,1751325420,-114.6396,32.2444,10668.0,False,241.83,128.87,0.0,,11269.98,3757,False,0,2025-06-30 23:17:01
aa9bb7,AMX409  ,United States,1751325420.0,1751325421,-86.1385,40.321,12192.0,False,224.31,222.4,0.0,,12824.46,2277,False,0,2025-06-30 23:17:01
0d0d75,VIV2264 ,Mexico,1751325421.0,1751325421,-100.656,26.0399,10363.2,False,234.28,298.03,-0.33,,11026.14,,False,0,2025-06-30 23:17:01
a79890,JIA5537 ,United States,1751325353.0,1751325354,-81.083,29.1705,30.48,False,78.04,65.46,-4.55,,38.1,5046,False,0,2025-06-30 23:17:01
a6b554,N531ND  ,United States,1751325421.0,1751325421,-121.9798,47.8388,739.14,False,40.85,216.29,-2.6,,754.38,1200,False,0,2025-06-30 23:17:01
a0b7d9,UAL241  ,United States,1751325420.0,1751325420,-98.5886,33.1465,10355.58,False,228.87,273.61,0.0,,11010.9,7223,False,0,2025-06-30 23:17:01
a0b7d8,UAL2056 ,United States,1751325413.0,1751325420,-87.9077,41.9794,,True,1.03,143.44,,,,,False,0,2025-06-30 23:17:01
a79898,DAL914  ,United States,1751325420.0,1751325421,-96.8071,43.9081,10668.0,False,251.92,67.68,0.0,,11026.14,7274,False,0,2025-06-30 23:17:01
a0b7ba,UAL1363 ,United States,1751325420.0,1751325420,-111.1579,37.9956,10332.72,False,231.1,233.69,-0.33,,10904.22,2632,False,0,2025-06-30 23:17:01
a54595,N439LP  ,United States,1751325420.0,1751325420,-117.8932,33.9982,914.4,False,43.24,214.82,0.33,,914.4,1200,False,0,2025-06-30 23:17:01
aab812,AAL174  ,United States,1751325421.0,1751325421,-78.4118,35.8544,3726.18,False,196.22,70.71,6.83,,3924.3,2402,False,0,2025-06-30 23:17:01
a6fbb5,N5490B  ,United States,1751325145.0,1751325145,-122.2717,47.8928,243.84,False,29.84,359.01,-1.63,,205.74,,False,0,2025-06-30 23:17:01
acd0ca,AAL3236 ,United States,1751325391.0,1751325395,-89.7474,32.2072,10363.2,False,242.91,271.58,0.0,,10995.66,6022,False,0,2025-06-30 23:17:01
a08a1a,AAL2870 ,United States,1751325421.0,1751325421,-90.2629,38.8421,9448.8,False,257.74,90.11,0.0,,9989.82,1602,False,0,2025-06-30 23:17:01
a80874,N61676  ,United States,1751325399.0,1751325399,-77.5801,39.0761,365.76,False,57.03,76.97,0.0,,327.66,,False,0,2025-06-30 23:17:01
0d0d7d,XACGG   ,Mexico,1751325419.0,1751325419,-105.6274,29.9506,12496.8,False,197.76,55.81,0.0,,13213.08,,False,0,2025-06-30 23:17:01
a08a6b,DAL1675 ,United States,1751325421.0,1751325421,-115.053,45.0463,11277.6,False,243.15,124.4,0.0,,11826.24,1553,False,0,2025-06-30 23:17:01
ad18b0,DAL1485 ,United States,1751325421.0,1751325421,-85.5463,34.7601,8519.16,False,242.34,142.16,-5.2,,9044.94,2163,False,0,2025-06-30 23:17:01
0d0d0f,XBRLX   ,Mexico,1751325420.0,1751325420,-100.0771,25.1509,6035.04,False,177.96,351.35,-8.78,,6316.98,,False,0,2025-06-30 23:17:01
aa55b5,SKW4891 ,United States,1751325420.0,1751325420,-120.3917,39.8176,11277.6,False,225.81,170.56,-0.33,,11864.34,,False,0,2025-06-30 23:17:01
a8e29c,DAL599  ,United States,1751325420.0,1751325421,-95.4886,27.4984,10668.0,False,246.76,37.8,0.0,,11323.32,2235,False,0,2025-06-30 23:17:01
a437da,DAL526  ,United States,1751325419.0,1751325421,-109.6783,39.4145,10126.98,False,235.6,297.01,-5.2,,10683.24,0625,False,0,2025-06-30 23:17:01
a22d7b,UAL178  ,United States,1751325232.0,1751325232,-98.613,48.6096,11582.4,False,259.9,212.31,-0.33,,11910.06,5651,False,0,2025-06-30 23:17:01
a34d63,UCA4829 ,United States,1751325421.0,1751325421,-74.2841,43.0569,7322.82,False,212.2,274.87,0.33,,7673.34,3501,False,0,2025-06-30 23:17:01
ab0e53,AAY2595 ,United States,1751325421.0,1751325421,-79.9588,34.46,6248.4,False,191.27,131.84,-5.2,,6621.78,2217,False,0,2025-06-30 23:17:01
ab0e54,DAL194  ,United States,1751325420.0,1751325420,-84.5592,33.4622,2011.68,False,146.58,122.24,9.1,,2103.12,3326,False,0,2025-06-30 23:17:01
aaee3b,AAL3004 ,United States,1751325421.0,1751325421,-77.1018,38.3561,4815.84,False,192.14,27.59,-8.78,,5074.92,2257,False,0,2025-06-30 23:17:01
3a3688,THT8    ,France,1751325420.0,1751325420,-97.2313,42.7057,11887.2,False,276.29,70.42,-0.33,,12359.64,1416,False,0,2025-06-30 23:17:01
0d0d36,VOI7702 ,Mexico,1751325420.0,1751325420,-96.4981,27.5947,11894.82,False,235.07,29.93,0.0,,12626.34,1345,False,0,2025-06-30 23:17:01
aa9e28,SWA701  ,United States,1751325400.0,1751325400,-99.4144,39.239,12192.0,False,216.72,272.04,-0.33,,12786.36,,False,0,2025-06-30 23:17:01
a33a12,N307HR  ,United States,1751325420.0,1751325420,-81.4527,25.54,4732.02,False,185.07,79.75,-6.83,,5074.92,,False,0,2025-06-30 23:17:01
a8e279,DAL1457 ,United States,1751325421.0,1751325421,-83.793,29.6626,10058.4,False,252.75,150.36,0.0,,10622.28,0062,False,0,2025-06-30 23:17:01
a1c4d8,MXY579  ,United States,1751325420.0,1751325420,-81.2633,28.3456,800.1,False,113.68,138.3,8.45,,861.06,7377,False,0,2025-06-30 23:17:01
a0b7fe,UAL800  ,United States,1751325420.0,1751325420,-86.5995,42.4986,9761.22,False,213.34,266.68,-0.33,,10248.9,7342,False,0,2025-06-30 23:17:01
a0b7fd,UAL1023 ,United States,1751325420.0,1751325421,-87.8002,42.0027,655.32,False,79.23,270.37,-2.6,,632.46,1421,False,0,2025-06-30 23:17:01
a0b7fb,UAL1779 ,United States,1751325420.0,1751325420,-102.3557,41.7976,10668.0,False,247.83,79.72,0.0,,11201.4,7316,False,0,2025-06-30 23:17:01
abc5b8,GTI8230 ,United States,1751325420.0,1751325420,-82.5172,31.7921,10370.82,False,260.18,140.46,-0.33,,10980.42,7341,False,0,2025-06-30 23:17:01
a34d2f,JBU391  ,United States,1751325421.0,1751325421,-81.1681,29.1843,5173.98,False,193.63,177.41,-6.83,,5463.54,5730,False,0,2025-06-30 23:17:01
ade088,N99329  ,United States,1751325396.0,1751325411,-86.4567,36.3666,548.64,False,42.57,316.47,0.98,,548.64,,False,0,2025-06-30 23:17:01
ace5b6,AAL1355 ,United States,1751325251.0,1751325255,-83.3593,42.2357,304.8,False,78.95,208.4,-3.9,,243.84,6635,False,0,2025-06-30 23:17:01
ab62ad,SWA3038 ,United States,1751325229.0,1751325229,-90.3322,38.735,236.22,False,76.23,301.76,-3.9,,220.98,1325,False,0,2025-06-30 23:17:01
a2d1e9,N281CE  ,United States,1751325394.0,1751325411,-114.7012,44.1641,13106.4,False,227.66,298.48,0.0,,13700.76,,False,0,2025-06-30 23:17:01
aadb37,UAL925  ,United States,1751325420.0,1751325421,-76.378,36.9164,7620.0,False,229.85,284.78,0.0,,8069.58,2434,False,0,2025-06-30 23:17:01
ab75f9,N8379L  ,United States,1751325421.0,1751325421,-119.0773,34.2001,335.28,False,44.76,90.66,-0.33,,312.42,,False,0,2025-06-30 23:17:01
ac95d4,XFL255  ,United States,1751325421.0,1751325421,-77.709,38.7923,1043.94,False,106.42,318.53,7.8,,1074.42,,False,0,2025-06-30 23:17:01
ac1b44,SWA2985 ,United States,1751325420.0,1751325420,-91.5533,34.9915,11277.6,False,239.6,119.59,0.0,,11948.16,2532,False,0,2025-06-30 23:17:01
a2d1d6,N281BL  ,United States,1751325420.0,1751325420,-81.8835,28.2145,297.18,False,49.4,271.19,0.0,,312.42,,False,0,2025-06-30 23:17:01
a11fa1,UAL1981 ,United States,1751325420.0,1751325420,-80.2807,41.7396,11277.6,False,255.26,111.39,0.0,,11871.96,6744,False,0,2025-06-30 23:17:01
a11fa3,UAL2698 ,United States,1751325421.0,1751325421,-73.6578,41.1155,4640.58,False,215.11,35.36,11.38,,4838.7,1543,False,0,2025-06-30 23:17:01
a8e262,DAL1028 ,United States,1751325421.0,1751325421,-89.7411,40.8661,10972.8,False,228.94,170.56,0.0,,11544.3,3661,False,0,2025-06-30 23:17:01
a05614,DAL209  ,United States,1751325407.0,1751325407,-67.1762,45.7394,11582.4,False,226.63,224.91,0.0,,12138.66,0743,False,0,2025-06-30 23:17:01
a8f58e,N67683  ,United States,1751325420.0,1751325420,-122.8408,44.1822,2621.28,False,88.12,356.65,0.0,,2735.58,,False,0,2025-06-30 23:17:01
abfb46,AAL379  ,United States,1751325421.0,1751325421,-81.4263,29.0192,6835.14,False,208.88,345.45,-4.88,,7223.76,3673,False,0,2025-06-30 23:17:01
a46d70,UAL1834 ,United States,1751325420.0,1751325421,-90.6179,28.5414,10363.2,False,237.37,299.9,0.0,,11010.9,,False,0,2025-06-30 23:17:01
a2d1bc,ASA25   ,United States,1751325421.0,1751325421,-86.3677,43.84,10363.2,False,207.42,265.59,0.0,,10805.16,6654,False,0,2025-06-30 23:17:01
a6a29f,N52671  ,United States,1751325420.0,1751325420,-87.5002,41.3847,1097.28,False,32.32,346.18,-0.65,,1089.66,1200,False,0,2025-06-30 23:17:01
a9abc4,N722JB  ,United States,1751325421.0,1751325421,-85.0982,40.9252,6172.2,False,258.08,127.87,-7.8,,6454.14,2416,False,0,2025-06-30 23:17:01
a1b1bc,SWA3762 ,United States,1751325389.0,1751325420,-93.5433,32.6022,11887.2,False,243.95,91.69,0.0,,12565.38,2340,False,0,2025-06-30 23:17:01
ab62f8,SWA915  ,United States,1751325421.0,1751325421,-86.3005,31.3556,11887.2,False,231.07,148.75,0.65,,12580.62,7121,False,0,2025-06-30 23:17:01
a4bd29,XSN40   ,United States,1751325421.0,1751325421,-120.5165,37.8504,5067.3,False,146.08,291.05,0.0,,5303.52,,False,0,2025-06-30 23:17:01
a8e247,DAL2238 ,United States,1751325421.0,1751325421,-93.5608,44.8256,3200.4,False,158.33,72.8,-6.5,,3276.6,2010,False,0,2025-06-30 23:17:01
a46d4e,UAL427  ,United States,1751325420.0,1751325421,-106.4541,37.6507,10058.4,False,241.23,67.43,0.0,,10629.9,7627,False,0,2025-06-30 23:17:01
a46d4f,UAL1869 ,United States,1751325420.0,1751325420,-78.4447,38.1601,7429.5,False,203.29,248.63,7.15,,7856.22,4462,False,0,2025-06-30 23:17:01
a46d4a,UAL1938 ,United States,1751325420.0,1751325421,-84.965,34.807,9753.6,False,245.21,273.01,0.0,,10347.96,2116,False,0,2025-06-30 23:17:01
ace5bb,DAL606  ,United States,1751325172.0,1751325172,-93.1814,44.865,365.76,False,67.67,301.64,-3.58,,365.76,2470,False,0,2025-06-30 23:17:01
a82a3f,EJA625  ,United States,1751325420.0,1751325420,-74.6145,39.0887,9723.12,False,238.32,39.39,-12.35,,10287.0,2174,False,0,2025-06-30 23:17:01
a23fb2,RPA5789 ,United States,1751325421.0,1751325421,-72.9772,42.6968,9037.32,False,212.49,95.7,-7.48,,9517.38,3556,False,0,2025-06-30 23:17:01
a7d4e5,N6031F  ,United States,1751325420.0,1751325421,-96.3659,32.9013,777.24,False,55.23,279.11,-0.33,,800.1,1200,False,0,2025-06-30 23:17:01
c01a61,ACA832  ,Canada,1751325304.0,1751325304,-73.7532,45.4604,,True,4.63,298.12,,,,,False,0,2025-06-30 23:17:01
a82a44,QXE2433 ,United States,1751325421.0,1751325421,-119.9006,39.5593,10668.0,False,210.54,186.03,0.33,,11201.4,,False,0,2025-06-30 23:17:01
ad0673,N9385L  ,United States,1751325420.0,1751325420,-80.2627,25.9838,518.16,False,48.0,252.54,1.3,,586.74,,False,0,2025-06-30 23:17:01
a5ca4b,UAL1156 ,United States,1751325421.0,1751325421,-89.3187,41.0007,7010.4,False,234.97,6.28,-1.95,,7338.06,1275,False,0,2025-06-30 23:17:01
a11fe7,UCA4250 ,United States,1751325420.0,1751325421,-77.7083,39.464,3063.24,False,184.54,352.95,-0.65,,3192.78,,False,0,2025-06-30 23:17:01
a0a622,N1408B  ,United States,1751325421.0,1751325421,-122.2115,40.4491,1097.28,False,40.39,136.55,3.58,,1066.8,,False,0,2025-06-30 23:17:01
a6b4f7,JBU283  ,United States,1751325143.0,1751325143,-73.7806,40.6521,,True,2.06,300.94,,,,,False,0,2025-06-30 23:17:01
a651ec,LN506TJ ,United States,1751325381.0,1751325418,-78.1714,43.0303,5242.56,False,8.31,201.8,-0.33,,251.46,0467,False,0,2025-06-30 23:17:01
ad4cf2,SWA1036 ,United States,1751325158.0,1751325159,-96.8476,32.8462,,True,0.19,298.12,,,,5132,False,0,2025-06-30 23:17:01
a95d44,N702PC  ,United States,1751325415.0,1751325420,-115.1362,35.9808,,True,0.0,90.0,,,,,False,0,2025-06-30 23:17:01
a70a84,LFA334  ,United States,1751325418.0,1751325418,-81.2553,28.7982,297.18,False,55.14,59.13,1.63,,320.04,0346,False,0,2025-06-30 23:17:01
a891e5,QXE2268 ,United States,1751325412.0,1751325419,-112.2384,37.5386,10668.0,False,223.16,112.07,0.98,,11262.36,,False,0,2025-06-30 23:17:01
a5ca89,SWA712  ,United States,1751325420.0,1751325420,-91.6009,34.4441,11887.2,False,246.97,66.43,0.0,,12573.0,4005,False,0,2025-06-30 23:17:01
a05628,UAL994  ,United States,1751325415.0,1751325421,-74.1641,40.7028,,True,0.0,106.88,,,,,False,0,2025-06-30 23:17:01
c01a5c,JZA775  ,Canada,1751325420.0,1751325420,-79.6301,43.6868,,True,4.89,317.81,,,,2266,False,0,2025-06-30 23:17:01
aba04b,N84823  ,United States,1751325421.0,1751325421,-122.2876,46.9976,762.0,False,42.48,11.17,-2.93,,792.48,,False,0,2025-06-30 23:17:01
acc020,N920WB  ,United States,1751325420.0,1751325420,-81.398,29.14,1028.7,False,60.23,349.17,-0.33,,1082.04,,False,0,2025-06-30 23:17:01
a6fd96,N55FG   ,United States,1751325412.0,1751325412,-82.3978,28.476,243.84,False,72.54,270.0,-3.9,,281.94,1610,False,0,2025-06-30 23:17:01
ac7074,DAL3158 ,United States,1751325421.0,1751325421,-80.1007,37.1654,9044.94,False,247.8,260.44,6.18,,9547.86,,False,0,2025-06-30 23:17:01
a807cf,N6163F  ,United States,1751325417.0,1751325420,-88.4109,41.5872,792.48,False,57.65,87.95,1.63,,769.62,1200,False,0,2025-06-30 23:17:01
aa55ee,AAL2753 ,United States,1751325420.0,1751325420,-78.6179,34.1605,10668.0,False,226.33,49.79,-0.33,,11269.98,2424,False,0,2025-06-30 23:17:01
aa9e6d,SWA4698 ,United States,1751325420.0,1751325421,-78.7165,31.2469,12192.0,False,239.63,196.33,0.0,,12793.98,5623,False,0,2025-06-30 23:17:01
a95d32,NKS2541 ,United States,1751325421.0,1751325421,-81.4668,32.775,11277.6,False,231.17,5.88,0.0,,11955.78,3261,False,0,2025-06-30 23:17:01
a03038,DAL852  ,United States,1751325420.0,1751325420,-87.5474,42.5333,10370.82,False,210.74,273.22,0.33,,10843.26,5703,False,0,2025-06-30 23:17:01
49526a,RZO329  ,Portugal,1751325420.0,1751325420,-66.9051,46.431,10972.8,False,208.15,262.33,0.0,,11490.96,0744,False,0,2025-06-30 23:17:01
a18978,N1989B  ,United States,1751325419.0,1751325419,-91.5025,29.7221,7162.8,False,204.3,271.44,5.85,,7604.76,,False,0,2025-06-30 23:17:01
a4aa68,N40BG   ,United States,1751325420.0,1751325420,-82.6917,27.9287,0.0,False,67.08,171.62,-2.6,,15.24,4527,False,0,2025-06-30 23:17:01
aa42aa,ENY4284 ,United States,1751325420.0,1751325421,-98.2268,43.7561,9144.0,False,211.83,275.3,0.0,,9486.9,3134,False,0,2025-06-30 23:17:01
a771af,AAL1890 ,United States,1751325420.0,1751325420,-103.2037,31.9191,10363.2,False,236.15,269.25,0.98,,10995.66,3423,False,0,2025-06-30 23:17:01
495267,RZO331  ,Portugal,1751325420.0,1751325420,-79.2284,44.134,2743.2,False,124.16,227.52,-3.58,,2796.54,7005,False,0,2025-06-30 23:17:01
a651e1,SKW6444 ,United States,1751325420.0,1751325420,-115.5696,40.1047,10668.0,False,230.17,142.72,0.0,,11239.5,,False,0,2025-06-30 23:17:01
a1d93b,SWA2065 ,United States,1751325421.0,1751325421,-104.2498,32.0094,12192.0,False,221.27,268.67,0.0,,12885.42,5324,False,0,2025-06-30 23:17:01
aa55bd,ENY4220 ,United States,1751325421.0,1751325421,-85.5001,38.1301,2979.42,False,152.56,356.52,13.98,,3116.58,,False,0,2025-06-30 23:17:01
a95d0a,TIV702  ,United States,1751325420.0,1751325421,-112.1476,35.7631,12192.0,False,233.06,243.1,0.33,,12870.18,2645,False,0,2025-06-30 23:17:01
a7860c,FCE58   ,United States,1751325420.0,1751325421,-83.8797,35.2158,2423.16,False,95.14,318.73,0.33,,2545.08,7036,False,0,2025-06-30 23:17:01
a39017,DAL1836 ,United States,1751325421.0,1751325421,-82.9807,33.124,6659.88,False,238.83,287.81,-9.75,,7063.74,4151,False,0,2025-06-30 23:17:01
4007fb,BAW99   ,United Kingdom,1751325420.0,1751325421,-74.6731,46.2742,11582.4,False,207.61,245.09,0.0,,12092.94,2402,False,0,2025-06-30 23:17:01
a67960,SKW4887 ,United States,1751325210.0,1751325210,-106.4672,31.7684,1584.96,False,77.68,90.38,-5.53,,1630.68,7360,False,0,2025-06-30 23:17:01
aaffaa,AAL3207 ,United States,1751325421.0,1751325421,-76.1822,39.1567,5798.82,False,197.68,81.47,-0.65,,6111.24,7066,False,0,2025-06-30 23:17:01
ad1927,JBU620  ,United States,1751325420.0,1751325421,-72.2772,42.6742,5318.76,False,201.88,103.86,-4.88,,5570.22,0540,False,0,2025-06-30 23:17:01
a3900e,ENY4233 ,United States,1751325420.0,1751325420,-92.1695,31.56,9144.0,False,239.48,272.71,0.33,,9692.64,1057,False,0,2025-06-30 23:17:01
aa9ca8,ENY3847 ,United States,1751325420.0,1751325420,-88.1293,42.9834,3375.66,False,173.97,207.85,-0.33,,3474.72,5700,False,0,2025-06-30 23:17:01
aaa621,SWA4523 ,United States,1751325421.0,1751325421,-118.1355,33.5914,1539.24,False,116.29,56.73,0.0,,1569.72,3344,False,0,2025-06-30 23:17:01
a1b348,CXK208  ,United States,1751325420.0,1751325420,-118.2053,33.7711,830.58,False,39.7,183.72,2.6,,815.34,,False,0,2025-06-30 23:17:01
a29680,ENY4318 ,United States,1751325421.0,1751325421,-93.8059,38.4427,10363.2,False,223.52,195.35,0.33,,10904.22,1326,False,0,2025-06-30 23:17:01
a1d99b,JBU424  ,United States,1751325419.0,1751325420,-82.0918,37.7174,10668.0,False,238.56,85.05,0.0,,11315.7,6623,False,0,2025-06-30 23:17:01
a7e93b,FFT2853 ,United States,1751325419.0,1751325420,-82.0291,31.3168,7604.76,False,187.56,344.9,4.55,,8031.48,2631,False,0,2025-06-30 23:17:01
ab6316,SWA1006 ,United States,1751325420.0,1751325420,-111.7898,33.5261,1653.54,False,117.54,104.71,-7.8,,1691.64,6665,False,0,2025-06-30 23:17:01
4247ea,PJV598  ,United Kingdom,1751325394.0,1751325394,-77.81,28.0296,12496.8,False,242.29,27.44,3.25,,12893.04,,False,0,2025-06-30 23:17:01
a5465d,UPS9852 ,United States,1751325420.0,1751325420,-93.4113,37.1797,1592.58,False,104.61,201.64,12.03,,1630.68,,False,0,2025-06-30 23:17:01
aaffcd,HER808  ,United States,1751325420.0,1751325420,-84.8877,33.9125,2720.34,False,149.45,234.67,0.0,,2849.88,3310,False,0,2025-06-30 23:17:01
0d0ba3,VIV101  ,Mexico,1751325421.0,1751325421,-73.7937,40.6426,,True,3.6,45.0,,,,,False,0,2025-06-30 23:17:01
a6663d,N511MD  ,United States,1751325420.0,1751325421,-105.2997,38.4955,7437.12,False,133.25,306.21,8.13,,7879.08,,False,0,2025-06-30 23:17:01
a5dcd0,WUP477  ,United States,1751325421.0,1751325421,-86.6357,41.4966,11887.2,False,249.42,66.03,-0.33,,12496.8,2112,False,0,2025-06-30 23:17:01
a2f95c,ASA1300 ,United States,1751325420.0,1751325421,-120.3803,40.939,11277.6,False,223.64,183.3,0.0,,11833.86,,False,0,2025-06-30 23:17:01
a1635b,AAY2063 ,United States,1751325420.0,1751325421,-109.8615,36.8448,11582.4,False,232.39,238.95,0.33,,12222.48,2663,False,0,2025-06-30 23:17:01
aaffed,DAL2467 ,United States,1751325421.0,1751325421,-94.5651,44.6006,6888.48,False,204.67,72.29,-5.2,,7109.46,3137,False,0,2025-06-30 23:17:01
a7d604,N6039N  ,United States,1751325122.0,1751325122,-93.4297,44.8253,403.86,False,39.57,254.16,-2.93,,388.62,,False,0,2025-06-30 23:17:01
ab6339,SWA765  ,United States,1751325421.0,1751325421,-74.2209,39.3249,10668.0,False,232.57,30.88,0.33,,11285.22,5363,False,0,2025-06-30 23:17:01
ad5fe7,ASA352  ,United States,1751325420.0,1751325421,-99.2646,32.5669,10058.4,False,235.1,166.85,0.0,,10668.0,0727,False,0,2025-06-30 23:17:01
abd971,SWA1139 ,United States,1751325415.0,1751325420,-73.8813,40.7708,,True,7.46,36.56,,,,2113,False,0,2025-06-30 23:17:01
a55945,N4438U  ,United States,1751325420.0,1751325420,-90.9534,42.2992,1668.78,False,64.26,240.77,-1.95,,1699.26,,False,0,2025-06-30 23:17:01
a3904c,FFT3724 ,United States,1751325421.0,1751325421,-80.7665,28.7056,10980.42,False,237.91,160.15,-0.33,,11551.92,2235,False,0,2025-06-30 23:17:01
c0827e,CGXKV   ,Canada,1751325420.0,1751325420,-73.7691,45.661,335.28,False,67.84,251.43,-2.93,,304.8,,False,0,2025-06-30 23:17:01
ace60c,DAL942  ,United States,1751325420.0,1751325421,-103.5218,45.9402,10058.4,False,257.96,102.79,0.0,,10500.36,,False,0,2025-06-30 23:17:01
ab7678,,United States,1751325280.0,1751325348,-97.1187,37.8323,2103.12,False,74.19,56.31,0.0,,2186.94,,False,0,2025-06-30 23:17:01
a60fb6,WCC49   ,United States,1751325421.0,1751325421,-119.2419,35.0598,6400.8,False,139.55,124.33,0.0,,6697.98,,False,0,2025-06-30 23:17:01
ab766a,DAL2431 ,United States,1751325420.0,1751325420,-104.696,39.9053,1600.2,False,89.0,180.0,-4.88,,1706.88,7443,False,0,2025-06-30 23:17:01
adafb5,JBU216  ,United States,1751325420.0,1751325420,-87.1251,42.497,10683.24,False,263.92,90.56,0.33,,11170.92,3365,False,0,2025-06-30 23:17:01
ace621,SKW733M ,United States,1751325420.0,1751325420,-97.4233,41.8613,5311.14,False,210.46,67.89,-12.03,,5547.36,3534,False,0,2025-06-30 23:17:01
a4cfb7,SKW3294 ,United States,1751325420.0,1751325420,-118.2713,47.441,4038.6,False,179.05,60.19,-10.4,,4244.34,4602,False,0,2025-06-30 23:17:01
aa8a8a,LRC627  ,United States,1751325420.0,1751325420,-81.405,33.2988,10972.8,False,241.93,197.7,0.0,,11612.88,4051,True,0,2025-06-30 23:17:01
a95d88,N702RW  ,United States,1751325421.0,1751325421,-110.3564,37.3201,12496.8,False,242.78,66.26,-0.33,,13152.12,,False,0,2025-06-30 23:17:01
a1638a,EJA189  ,United States,1751325320.0,1751325320,-71.3013,42.4719,60.96,False,66.5,98.0,-3.25,,45.72,1477,False,0,2025-06-30 23:17:01
ab767c,VAR838  ,United States,1751325420.0,1751325420,-112.3728,33.426,,True,11.83,219.38,,,,,False,0,2025-06-30 23:17:01
a2d359,SKW3578 ,United States,1751325202.0,1751325207,-116.4131,46.1717,3040.38,False,152.35,309.66,-8.45,,3192.78,4064,False,0,2025-06-30 23:17:01
a4000f,DAL2575 ,United States,1751325420.0,1751325420,-93.7627,44.7814,4160.52,False,178.83,72.76,-3.58,,4297.68,,False,0,2025-06-30 23:17:01
ace658,N930H   ,United States,1751325421.0,1751325421,-93.5482,44.7962,1295.4,False,75.79,221.7,10.73,,1303.02,,False,0,2025-06-30 23:17:01
ad9003,AAL1322 ,United States,1751325418.0,1751325419,-100.9909,38.0127,10972.8,False,224.55,296.98,0.0,,11559.54,2321,False,0,2025-06-30 23:17:01
a78605,DAL560  ,United States,1751325420.0,1751325420,-114.9204,45.7912,10561.32,False,244.09,114.13,3.58,,11056.62,1521,False,0,2025-06-30 23:17:01
a95d96,SKW6300 ,United States,1751325421.0,1751325421,-98.9915,41.7958,10972.8,False,221.76,258.9,0.0,,11468.1,3115,False,0,2025-06-30 23:17:01
a1b368,N20891  ,United States,1751325410.0,1751325410,-83.4753,36.167,1066.8,False,47.33,322.51,1.3,,1059.18,,False,0,2025-06-30 23:17:01
ad5ff9,CSQ504  ,United States,1751325421.0,1751325421,-79.9357,25.5289,2400.3,False,144.07,305.85,-1.95,,2522.22,,False,0,2025-06-30 23:17:01
ad5fea,AAL888Q ,United States,1751325419.0,1751325419,-88.7762,32.995,10972.8,False,240.76,286.38,-0.33,,11643.36,0026,False,0,2025-06-30 23:17:01
a6ea9b,N545BC  ,United States,1751325421.0,1751325421,-118.3517,33.8179,274.32,False,40.06,12.61,3.9,,220.98,,False,0,2025-06-30 23:17:01
ad5fef,DAL2862 ,United States,1751325418.0,1751325420,-91.5063,36.6812,10058.4,False,237.72,115.23,0.0,,10660.38,3477,False,0,2025-06-30 23:17:01
aaa68a,SWA2815 ,United States,1751325420.0,1751325421,-88.2614,39.9491,11582.4,False,211.62,256.5,0.0,,12169.14,2007,False,0,2025-06-30 23:17:01
aada4d,JRE799  ,United States,1751325420.0,1751325420,-72.2827,42.1005,3048.0,False,155.67,56.73,0.0,,3169.92,5346,False,0,2025-06-30 23:17:01
abb1c2,SWA4181 ,United States,1751325421.0,1751325421,-102.8218,32.3408,11277.6,False,229.73,123.12,0.0,,11948.16,,False,0,2025-06-30 23:17:01
a10e46,UAL714K ,United States,1751325193.0,1751325193,-87.908,41.9797,,True,4.89,188.44,,,,,False,0,2025-06-30 23:17:01
a2c087,ASA301  ,United States,1751325420.0,1751325420,-87.0171,30.6671,9753.6,False,235.02,275.15,0.0,,10347.96,6275,False,0,2025-06-30 23:17:01
a9accd,AAL1339 ,United States,1751325420.0,1751325420,-87.6152,42.0023,1249.68,False,87.97,270.34,0.65,,1257.3,0511,False,0,2025-06-30 23:17:01
a6a354,JIA5254 ,United States,1751325419.0,1751325419,-77.0397,38.8692,83.82,False,67.32,170.32,-3.58,,53.34,3336,False,0,2025-06-30 23:17:01
ad4d68,N95606  ,United States,1751325420.0,1751325420,-123.0235,45.2375,1074.42,False,46.61,127.38,-0.33,,1074.42,,False,0,2025-06-30 23:17:01
ac81d2,AAL1515 ,United States,1751325420.0,1751325420,-96.6546,42.5012,10660.38,False,260.57,85.58,0.0,,11079.48,2443,False,0,2025-06-30 23:17:01
4ca9ba,EIN1YL  ,Ireland,1751325420.0,1751325420,-67.1825,44.8877,10066.02,False,259.43,51.2,0.0,,10568.94,,False,0,2025-06-30 23:17:01
a77390,,United States,1751325416.0,1751325417,-92.8599,46.3869,3688.08,False,146.32,223.01,0.0,,3741.42,,False,0,2025-06-30 23:17:01
a188b8,N1983V  ,United States,1751325420.0,1751325420,-71.5005,42.7776,205.74,False,40.52,110.05,3.9,,182.88,,False,0,2025-06-30 23:17:01
ace4ee,N93SP   ,United States,1751325420.0,1751325420,-118.83,36.8913,7520.94,False,206.28,189.91,-7.8,,7879.08,,False,0,2025-06-30 23:17:01
aa568e,UAL1252 ,United States,1751325420.0,1751325421,-88.3429,39.5757,10866.12,False,213.26,247.15,7.8,,11437.62,1216,False,0,2025-06-30 23:17:01
ac1a72,SWA1147 ,United States,1751325420.0,1751325420,-102.7671,30.9267,11277.6,False,245.11,79.85,0.0,,11978.64,2430,False,0,2025-06-30 23:17:01
a10e29,UAL1748 ,United States,1751325421.0,1751325421,-87.5399,41.884,1546.86,False,129.13,90.0,-0.33,,1577.34,1610,False,0,2025-06-30 23:17:01
a9acb8,DAL826  ,United States,1751325420.0,1751325421,-95.429,31.9095,11582.4,False,229.4,261.49,0.0,,12237.72,2561,False,0,2025-06-30 23:17:01
a90352,N680BB  ,United States,1751325421.0,1751325421,-118.4018,47.6881,13121.64,False,226.62,276.12,0.33,,13632.18,,False,0,2025-06-30 23:17:01
a10e23,UAL2116 ,United States,1751325420.0,1751325421,-83.3482,36.1984,10972.8,False,228.53,246.38,0.0,,11620.5,3755,False,0,2025-06-30 23:17:01
aa5694,UAL1754 ,United States,1751325414.0,1751325414,-122.9865,41.3881,8839.2,False,232.03,179.24,-0.33,,9243.06,,False,0,2025-06-30 23:17:01
a10e21,UAL2682 ,United States,1751325281.0,1751325282,-95.3104,30.0072,121.92,False,72.54,270.41,-3.58,,137.16,6220,False,0,2025-06-30 23:17:01
aa5690,UAL1507 ,United States,1751325420.0,1751325421,-94.9629,29.9774,891.54,False,114.72,270.26,0.33,,944.88,4015,False,0,2025-06-30 23:17:01
c0824e,CGXIZ   ,Canada,1751325421.0,1751325421,-72.9912,45.7477,922.02,False,43.44,198.65,-2.28,,914.4,,False,0,2025-06-30 23:17:01
a09e47,SKW5935 ,United States,1751325420.0,1751325420,-94.8763,34.8325,10363.2,False,221.94,221.52,-0.33,,11018.52,2127,False,0,2025-06-30 23:17:01
a6b69c,N53107  ,United States,1751325420.0,1751325420,-80.2332,26.0139,213.36,False,50.42,269.42,-1.3,,243.84,,False,0,2025-06-30 23:17:01
a10e73,CXK173  ,United States,1751325420.0,1751325420,-111.6932,40.1998,1562.1,False,39.88,239.8,-0.65,,1600.2,,False,0,2025-06-30 23:17:01
a0b8fb,AAL1167 ,United States,1751325418.0,1751325418,-81.89,25.3175,7383.78,False,226.94,100.32,-4.88,,7886.7,5724,False,0,2025-06-30 23:17:01
a7d630,AAL2844 ,United States,1751325420.0,1751325420,-109.012,32.2934,9631.68,False,239.16,110.66,1.3,,10165.08,4141,False,0,2025-06-30 23:17:01
a96fe9,AXO707  ,United States,1751325421.0,1751325421,-84.2845,37.7836,2133.6,False,94.88,146.05,0.33,,2209.8,6506,False,0,2025-06-30 23:17:01
a53369,EJA434  ,United States,1751325420.0,1751325421,-89.1996,41.242,3078.48,False,194.4,75.6,-2.28,,3185.16,3651,False,0,2025-06-30 23:17:01
a8095f,N617GK  ,United States,1751325420.0,1751325420,-70.8847,42.8368,792.48,False,61.79,304.48,-0.33,,792.48,,False,0,2025-06-30 23:17:01
a042db,DAL595  ,United States,1751325420.0,1751325420,-106.4707,36.0429,11582.4,False,230.23,319.44,0.0,,12222.48,1466,False,0,2025-06-30 23:17:01
a5468e,SWA314  ,United States,1751325420.0,1751325420,-85.5976,33.4307,7315.2,False,216.46,237.03,10.08,,7734.3,2046,False,0,2025-06-30 23:17:01
ae5a3c,R08451  ,United States,1751325418.0,1751325420,-79.2568,34.8891,906.78,False,51.32,227.03,0.0,,937.26,,False,0,2025-06-30 23:17:01
a042f1,ERU116  ,United States,1751325420.0,1751325421,-80.9132,28.991,205.74,False,38.9,339.89,-4.55,,228.6,,False,0,2025-06-30 23:17:01
a305aa,EDV5109 ,United States,1751325421.0,1751325421,-78.6473,42.743,3070.86,False,154.07,273.25,0.0,,3162.3,2362,False,0,2025-06-30 23:17:01
781003,CHH7925 ,China,1751325420.0,1751325420,-122.645,38.2653,11269.98,False,237.54,148.1,0.0,,11811.0,4173,False,0,2025-06-30 23:17:01
a0db14,N154WW  ,United States,1751325063.0,1751325161,-104.0117,30.9135,4846.32,False,78.1,299.6,-0.33,,5166.36,,False,0,2025-06-30 23:17:01
a76028,UAL1115 ,United States,1751325421.0,1751325421,-76.3302,37.018,10363.2,False,244.73,204.46,0.0,,10972.8,3051,False,0,2025-06-30 23:17:01
a6a33f,DAL740  ,United States,1751325421.0,1751325421,-82.1649,44.4286,9753.6,False,227.49,285.07,0.0,,10226.04,3026,False,0,2025-06-30 23:17:01
a042ae,MXY329  ,United States,1751325417.0,1751325418,-81.3075,37.1366,10972.8,False,246.18,193.66,-0.33,,11635.74,7435,False,0,2025-06-30 23:17:01
acf906,JBU1523 ,United States,1751325420.0,1751325420,-78.4119,42.7809,10363.2,False,226.48,302.57,0.0,,10904.22,1553,False,0,2025-06-30 23:17:01
a4008e,AAL981  ,United States,1751325421.0,1751325421,-97.0252,33.08,1097.28,False,85.97,182.06,-5.2,,1135.38,6564,False,0,2025-06-30 23:17:01
a6667d,N511PT  ,United States,1751325291.0,1751325301,-80.517,25.5708,304.8,False,47.67,214.89,0.0,,342.9,,False,0,2025-06-30 23:17:01
ad3a7f,AAL1385 ,United States,1751325420.0,1751325421,-99.0693,32.2821,7315.2,False,226.69,85.05,0.0,,7757.16,6275,False,0,2025-06-30 23:17:01
a6c997,N53636  ,United States,1751325418.0,1751325419,-81.1009,31.6661,1706.88,False,55.8,34.86,0.33,,1783.08,,False,0,2025-06-30 23:17:01
aa4322,SKW9922 ,United States,1751325421.0,1751325421,-103.9878,38.4165,10058.4,False,242.91,100.0,0.0,,10622.28,,False,0,2025-06-30 23:17:01
abd90c,SWA611  ,United States,1751325420.0,1751325420,-98.1111,28.3736,9144.0,False,248.44,345.24,0.0,,9723.12,4574,False,0,2025-06-30 23:17:01
ab1fbb,AAL3049 ,United States,1751325421.0,1751325421,-85.5435,38.0956,10660.38,False,248.51,93.8,0.0,,11269.98,1764,False,0,2025-06-30 23:17:01
a0b8ea,N1459V  ,United States,1751325420.0,1751325420,-70.453,43.4569,777.24,False,47.74,217.12,-0.65,,769.62,,False,0,2025-06-30 23:17:01
a042d5,DAL2070 ,United States,1751325421.0,1751325421,-93.4962,37.3124,10370.82,False,221.77,278.81,0.0,,10972.8,1747,False,0,2025-06-30 23:17:01
a96fd8,N707PD  ,United States,1751325369.0,1751325371,-105.0151,40.4572,1432.56,False,7.72,126.87,0.0,,1508.76,,False,0,2025-06-30 23:17:01
a70f80,JIA5175 ,United States,1751325421.0,1751325421,-84.0308,33.9533,2887.98,False,127.79,232.85,-7.48,,3040.38,3345,False,0,2025-06-30 23:17:01
a260ed,SWA4787 ,United States,1751325421.0,1751325421,-106.9109,32.0235,3505.2,False,175.31,128.69,-9.75,,3710.94,,False,0,2025-06-30 23:17:01
ae4d36,LSXX    ,United States,1751325419.0,1751325420,-117.2018,32.6805,83.82,False,41.73,329.64,-0.65,,45.72,,False,0,2025-06-30 23:17:01
abb7f7,UAL2655 ,United States,1751325421.0,1751325421,-103.5763,33.0866,11277.6,False,245.32,8.2,-0.33,,11917.68,7351,False,0,2025-06-30 23:17:01
a3d0ce,N345KM  ,United States,1751325421.0,1751325421,-81.4804,35.508,2148.84,False,148.85,63.52,-6.83,,2247.9,2153,False,0,2025-06-30 23:17:01
440a8c,TAY813  ,Austria,1751325419.0,1751325420,-73.7795,40.6572,,True,1.03,101.25,,,,,False,0,2025-06-30 23:17:01
ac74e4,SWA523  ,United States,1751325417.0,1751325420,-96.8604,32.8487,,True,48.38,135.43,0.33,,,,False,0,2025-06-30 23:17:01
aa34e8,N757JX  ,United States,1751325418.0,1751325418,-123.1343,45.1779,144.78,False,29.46,12.09,-1.63,,99.06,,False,0,2025-06-30 23:17:01
ac74f9,EDV4639 ,United States,1751325421.0,1751325421,-86.6118,34.6828,1912.62,False,137.58,333.34,-9.1,,1996.44,1741,False,0,2025-06-30 23:17:01
a403df,AAL472  ,United States,1751325421.0,1751325421,-91.0585,33.8647,11277.6,False,247.76,53.27,0.0,,11948.16,2376,False,0,2025-06-30 23:17:01
a883bd,JBU69   ,United States,1751325420.0,1751325420,-71.7887,38.5406,10050.78,False,245.98,198.28,0.33,,10652.76,7024,False,0,2025-06-30 23:17:01
a896ed,N6523D  ,United States,1751325420.0,1751325420,-120.0919,34.6658,2286.0,False,45.53,122.07,-0.65,,2377.44,,False,0,2025-06-30 23:17:01
a5bc79,EJA469  ,United States,1751325421.0,1751325421,-71.2369,43.5728,723.9,False,135.29,327.58,-6.18,,731.52,1533,False,0,2025-06-30 23:17:01
a3d0f5,N345MA  ,United States,1751325420.0,1751325420,-88.8667,40.608,12192.0,False,209.43,271.27,0.0,,12793.98,4757,False,0,2025-06-30 23:17:01
ac0d6b,N876JC  ,United States,1751325420.0,1751325420,-118.6797,34.1575,1089.66,False,99.25,252.5,0.0,,1089.66,,False,0,2025-06-30 23:17:01
400610,BAW7TG  ,United Kingdom,1751325407.0,1751325408,-81.6113,37.686,11582.4,False,251.15,223.01,0.0,,12275.82,1440,False,0,2025-06-30 23:17:01
a69f9d,JIA5073 ,United States,1751325420.0,1751325420,-79.5741,38.3909,8679.18,False,238.59,62.94,-7.8,,9182.1,4063,False,0,2025-06-30 23:17:01
abed68,JRE868  ,United States,1751325325.0,1751325325,-96.8561,32.8487,,True,5.14,312.19,,,,,False,0,2025-06-30 23:17:01
a5cf8b,UAL1620 ,United States,1751325420.0,1751325420,-122.9801,40.7967,11277.6,False,219.63,176.24,0.0,,11803.38,3560,False,0,2025-06-30 23:17:01
aa34d9,N757JG  ,United States,1751325180.0,1751325211,-121.4687,38.5204,213.36,False,40.9,309.9,-2.6,,152.4,1200,False,0,2025-06-30 23:17:01
ae04aa,LOST13  ,United States,1751325419.0,1751325420,-117.1043,37.2728,11887.2,False,190.86,143.44,0.0,,12542.52,,False,0,2025-06-30 23:17:01
abda54,DAL753  ,United States,1751325183.0,1751325183,-118.4228,33.9487,,True,4.12,216.56,,,,3530,False,0,2025-06-30 23:17:01
ae4d48,LTN611  ,United States,1751325419.0,1751325419,-117.2627,32.6536,129.54,False,47.35,271.87,-0.65,,106.68,,False,0,2025-06-30 23:17:01
a45f89,TSU3811 ,United States,1751325420.0,1751325420,-106.3349,31.1206,4495.8,False,155.72,340.31,-9.43,,4770.12,,False,0,2025-06-30 23:17:01
a5cf41,UAL2230 ,United States,1751325420.0,1751325421,-91.6231,29.5586,10835.64,False,231.07,262.19,-4.88,,11529.06,2452,False,0,2025-06-30 23:17:01
ae4d5a,BULET45 ,United States,1751325254.0,1751325255,-117.1169,32.5631,38.1,False,5.25,281.31,-1.3,,-7.62,,False,0,2025-06-30 23:17:01
ad81d6,N97FN   ,United States,1751325420.0,1751325420,-103.4891,38.4968,13716.0,False,252.2,143.88,0.0,,14363.7,4067,False,0,2025-06-30 23:17:01
a6dc08,JIA5016 ,United States,1751325421.0,1751325421,-77.5289,36.9866,9806.94,False,237.96,43.77,3.25,,10401.3,7213,False,0,2025-06-30 23:17:01
a28847,N262VA  ,United States,1751325419.0,1751325419,-112.0286,41.1903,1539.24,False,40.64,179.27,0.0,,1569.72,,False,0,2025-06-30 23:17:01
a69f49,ASA3    ,United States,1751325421.0,1751325421,-93.0543,43.6125,10363.2,False,209.02,291.51,0.0,,10698.48,0533,False,0,2025-06-30 23:17:01
a3f6ed,N35461  ,United States,1751325229.0,1751325232,-78.7143,34.4932,1120.14,False,53.41,110.88,1.63,,1165.86,,False,0,2025-06-30 23:17:01
ad2d99,N94822  ,United States,1751325420.0,1751325420,-79.0577,35.6444,1249.68,False,46.7,310.53,2.93,,1280.16,,False,0,2025-06-30 23:17:01
ab6906,WUP834  ,United States,1751325421.0,1751325421,-79.0376,37.1816,7620.0,False,147.66,6.8,0.0,,8069.58,3222,False,0,2025-06-30 23:17:01
a789cb,N585PL  ,United States,1751325420.0,1751325421,-90.4292,43.6364,12184.38,False,227.37,315.64,-0.65,,12633.96,6214,False,0,2025-06-30 23:17:01
a9e188,N736CA  ,United States,1751325414.0,1751325414,-83.7543,35.9934,1005.84,False,54.19,250.02,-2.93,,1005.84,,False,0,2025-06-30 23:17:01
a5cf3c,UAL2712 ,United States,1751325421.0,1751325421,-97.0726,37.0803,10363.2,False,236.12,315.97,0.0,,10957.56,4720,False,0,2025-06-30 23:17:01
ae4d66,KECK618 ,United States,1751325421.0,1751325421,-77.9018,35.7662,9144.0,False,243.92,212.25,0.0,,9707.88,2467,False,0,2025-06-30 23:17:01
c08866,POE483  ,Canada,1751325295.0,1751325297,-90.8845,48.6644,11582.4,False,225.56,292.53,-0.33,,11803.38,,False,0,2025-06-30 23:17:01
c08863,POE443  ,Canada,1751325421.0,1751325421,-83.1088,44.5526,11582.4,False,202.55,287.74,0.0,,12077.7,2244,False,0,2025-06-30 23:17:01
c08864,POE256  ,Canada,1751325407.0,1751325407,-73.7434,45.4584,,True,4.89,219.38,,,,,False,0,2025-06-30 23:17:01
acb1e5,AAL2343 ,United States,1751325420.0,1751325420,-97.7425,41.1146,11277.6,False,259.45,69.7,0.0,,11788.14,2454,False,0,2025-06-30 23:17:01
c08862,POE505  ,Canada,1751325420.0,1751325420,-81.1497,30.6394,10363.2,False,254.6,183.48,0.0,,10919.46,1044,False,0,2025-06-30 23:17:01
a5cf66,UAL1528 ,United States,1751325421.0,1751325421,-95.7691,30.3882,4701.54,False,180.29,139.63,-7.15,,4983.48,0422,False,0,2025-06-30 23:17:01
a28820,N262TM  ,United States,1751325421.0,1751325421,-122.252,47.887,3489.96,False,94.27,46.99,0.0,,3634.74,1532,False,0,2025-06-30 23:17:01
a5cf4e,N4735H  ,United States,1751325342.0,1751325347,-71.1779,42.1907,,True,0.0,247.5,,,,,False,0,2025-06-30 23:17:01
c08853,POE407  ,Canada,1751325420.0,1751325420,-80.2299,43.8468,4572.0,False,169.6,286.57,12.03,,4724.4,2212,False,0,2025-06-30 23:17:01
a2b0ed,UAL566  ,United States,1751325421.0,1751325421,-120.7444,38.7337,9761.22,False,246.35,52.13,5.85,,10187.94,3717,False,0,2025-06-30 23:17:01
c0884e,POE642  ,Canada,1751325421.0,1751325421,-108.1767,36.5733,11277.6,False,233.3,64.11,-0.33,,11879.58,5623,False,0,2025-06-30 23:17:01
c0751c,ROU1932 ,Canada,1751325420.0,1751325420,-81.917,45.5031,11277.6,False,237.64,136.67,0.0,,11765.28,,False,0,2025-06-30 23:17:01
a28812,SKW108R ,United States,1751325421.0,1751325421,-117.4286,33.8315,2552.7,False,132.47,229.57,-5.2,,2651.76,6006,False,0,2025-06-30 23:17:01
c00ba7,JZA628  ,Canada,1751325420.0,1751325420,-79.6031,43.6773,,True,12.86,47.81,,,,3244,False,0,2025-06-30 23:17:01
a1a548,N205HC  ,United States,1751325420.0,1751325420,-91.2223,30.6385,579.12,False,53.15,42.65,0.98,,609.6,,False,0,2025-06-30 23:17:01
a0224c,N1079D  ,United States,1751325388.0,1751325388,-109.2952,37.1439,3756.66,False,107.73,326.69,-3.9,,3970.02,,False,0,2025-06-30 23:17:01
a3e525,DAL518  ,United States,1751325420.0,1751325420,-71.3175,41.7727,3352.8,False,163.61,60.21,-0.33,,3505.2,3522,False,0,2025-06-30 23:17:01
acc59d,PDT6017 ,United States,1751325420.0,1751325421,-71.2865,41.4669,2773.68,False,144.34,176.32,13.0,,2887.98,,False,0,2025-06-30 23:17:01
a1ebb2,N22260  ,United States,1751325420.0,1751325420,-76.1822,40.8823,1310.64,False,42.3,311.05,1.3,,1333.5,1110,False,0,2025-06-30 23:17:01
a21ed4,ASA1287 ,United States,1751325420.0,1751325420,-120.1365,38.2579,11277.6,False,221.58,159.33,0.0,,11833.86,2626,False,0,2025-06-30 23:17:01
a7c800,N600HT  ,United States,1751325420.0,1751325420,-93.7018,36.0679,11277.6,False,187.19,86.06,-0.65,,11917.68,2344,False,0,2025-06-30 23:17:01
a08efd,AAL1024 ,United States,1751325421.0,1751325421,-81.5483,28.2443,3040.38,False,155.57,61.99,-4.55,,3215.64,6762,False,0,2025-06-30 23:17:01
a3f875,N355MB  ,United States,1751325421.0,1751325421,-92.287,42.1172,3352.8,False,90.7,118.45,-0.33,,3467.1,,False,0,2025-06-30 23:17:01
a57ee6,SKW5620 ,United States,1751325420.0,1751325420,-103.3515,43.2433,9144.0,False,243.79,176.49,0.0,,9585.96,,False,0,2025-06-30 23:17:01
c060bd,POE206  ,Canada,1751325420.0,1751325420,-72.9441,45.5604,9144.0,False,216.7,268.1,0.0,,9555.48,,False,0,2025-06-30 23:17:01
a02291,N108BM  ,United States,1751325421.0,1751325421,-90.9878,30.8608,1943.1,False,143.56,181.23,-7.15,,2034.54,4121,False,0,2025-06-30 23:17:01
c060be,POE309  ,Canada,1751325420.0,1751325421,-79.6426,43.6889,205.74,False,58.59,226.78,-0.33,,137.16,0567,False,0,2025-06-30 23:17:01
c060ba,POE365  ,Canada,1751325420.0,1751325420,-79.634,43.6898,,True,7.72,317.81,,,,2231,False,0,2025-06-30 23:17:01
a1a57a,N205KC  ,United States,1751325332.0,1751325332,-90.8722,35.3986,,False,59.64,235.9,-0.98,,160.02,,False,0,2025-06-30 23:17:01
aa4903,AAL786  ,United States,1751325418.0,1751325418,-69.7419,38.9919,10972.8,False,255.0,49.34,0.0,,11590.02,,False,0,2025-06-30 23:17:01
a3f812,N355HC  ,United States,1751325420.0,1751325420,-87.8653,41.8777,426.72,False,45.28,271.3,0.33,,373.38,0325,False,0,2025-06-30 23:17:01
a9f3c0,NKS2494 ,United States,1751325420.0,1751325420,-81.912,27.1621,2987.04,False,135.13,227.93,-0.65,,3162.3,1614,False,0,2025-06-30 23:17:01
c060c9,POE448  ,Canada,1751325420.0,1751325420,-75.9981,45.5257,2590.8,False,150.8,118.75,-7.15,,2644.14,2146,False,0,2025-06-30 23:17:01
aa21ef,SKW4917 ,United States,1751325420.0,1751325421,-110.8644,31.9992,1348.74,False,100.74,34.18,-2.93,,1341.12,1364,False,0,2025-06-30 23:17:01
c060c4,POE517  ,Canada,1751325389.0,1751325389,-80.1726,26.077,22.86,False,71.0,90.83,-3.9,,60.96,6534,False,0,2025-06-30 23:17:01
c060c6,POE670  ,Canada,1751325420.0,1751325421,-99.7391,43.203,11277.6,False,243.92,84.55,0.0,,11734.8,,False,0,2025-06-30 23:17:01
c060c3,POE452  ,Canada,1751325354.0,1751325354,-86.4757,47.3868,11277.6,False,248.32,115.13,0.0,,11551.92,,False,0,2025-06-30 23:17:01
ac74b3,WUP901  ,United States,1751325197.0,1751325197,-112.0214,33.4256,,True,2.83,171.56,,,,4363,False,0,2025-06-30 23:17:01
a38223,AAY331  ,United States,1751325420.0,1751325420,-91.0887,39.6766,11597.64,False,231.73,314.55,0.0,,12176.76,1061,False,0,2025-06-30 23:17:01
a0cbdf,PXT150  ,United States,1751325412.0,1751325416,-122.3845,37.6276,,True,0.0,284.06,,,,6655,False,0,2025-06-30 23:17:01
a8d3b4,UAL2133 ,United States,1751325421.0,1751325421,-83.8199,42.0812,11277.6,False,255.43,95.78,0.33,,11833.86,3535,False,0,2025-06-30 23:17:01
a21efb,MXY739  ,United States,1751325420.0,1751325420,-70.5843,43.2745,4983.48,False,187.71,225.44,9.43,,5212.08,,False,0,2025-06-30 23:17:01
a1feea,MXY718  ,United States,1751325420.0,1751325420,-81.5609,38.8867,10972.8,False,226.56,184.56,0.0,,11605.26,2453,False,0,2025-06-30 23:17:01
a8e6dc,N673    ,United States,1751325421.0,1751325421,-71.352,43.2317,1524.0,False,73.08,35.26,-0.33,,1539.24,5315,False,0,2025-06-30 23:17:01
a20bf5,N2308E  ,United States,1751325421.0,1751325421,-122.9036,46.6292,2255.52,False,43.23,178.64,1.95,,2346.96,,False,0,2025-06-30 23:17:01
aa7d90,N775WB  ,United States,1751325388.0,1751325388,-121.0737,41.3926,2072.64,False,54.35,319.22,-0.33,,2141.22,,False,0,2025-06-30 23:17:01
c060e5,CGKSA   ,Canada,1751325421.0,1751325421,-73.0356,45.5218,853.44,False,39.15,86.99,-0.33,,,,False,0,2025-06-30 23:17:01
a8e6f2,AAL1918 ,United States,1751325421.0,1751325421,-79.9778,36.0564,10668.0,False,230.34,57.59,0.0,,11315.7,4251,False,0,2025-06-30 23:17:01
a7c85d,FRLD74  ,United States,1751325420.0,1751325421,-117.3221,33.803,1059.18,False,72.49,236.87,2.93,,1051.56,1255,False,0,2025-06-30 23:17:01
a87217,N643TP  ,United States,1751325421.0,1751325421,-95.3978,38.5423,1798.32,False,58.47,241.63,0.33,,1866.9,,False,0,2025-06-30 23:17:01
acd855,,United States,1751325421.0,1751325421,-97.0678,38.5446,723.9,False,71.15,298.97,-0.33,,792.48,,False,0,2025-06-30 23:17:01
ac754b,AAL3263 ,United States,1751325419.0,1751325421,-88.7387,32.498,11597.64,False,240.25,270.25,0.0,,12291.06,0356,True,0,2025-06-30 23:17:01
aa8efb,N78JF   ,United States,1751325420.0,1751325420,-122.8326,47.0847,3223.26,False,109.64,358.12,-0.33,,3368.04,,False,0,2025-06-30 23:17:01
a7fbbb,SKW5217 ,United States,1751325421.0,1751325421,-119.781,44.5099,11277.6,False,207.85,203.33,-0.33,,11780.52,,False,0,2025-06-30 23:17:01
c060b7,PTR2484 ,Canada,1751325389.0,1751325392,-73.7499,45.4617,,True,4.63,315.0,,,,,False,0,2025-06-30 23:17:01
c060b4,PTR2294 ,Canada,1751325420.0,1751325420,-77.6609,44.1055,7315.2,False,148.96,236.69,-0.33,,7673.34,3103,False,0,2025-06-30 23:17:01
c060b3,PTR2394 ,Canada,1751325421.0,1751325421,-85.6561,42.0016,6400.8,False,178.31,76.48,0.98,,6682.74,6232,False,0,2025-06-30 23:17:01
a81bcc,SKW5541 ,United States,1751325142.0,1751325142,-87.9181,41.9805,,True,9.26,191.25,,,,6763,False,0,2025-06-30 23:17:01
abebe0,SWA4186 ,United States,1751325420.0,1751325420,-94.3602,34.0196,8999.22,False,239.28,246.03,-5.2,,9547.86,2603,False,0,2025-06-30 23:17:01
a2c574,AAY998  ,United States,1751325421.0,1751325421,-73.6776,41.0501,7010.4,False,204.52,6.5,0.33,,7399.02,1563,False,0,2025-06-30 23:17:01
ac756c,AAL2576 ,United States,1751325420.0,1751325420,-89.6361,31.4246,6659.88,False,215.11,178.49,-11.38,,7086.6,7411,False,0,2025-06-30 23:17:01
a7650b,DAL798  ,United States,1751325421.0,1751325421,-89.3103,44.4794,10378.44,False,218.02,289.29,0.0,,10736.58,0766,False,0,2025-06-30 23:17:01
acd88e,DAL743  ,United States,1751325420.0,1751325420,-84.5305,33.6732,1021.08,False,131.84,295.67,6.83,,1059.18,4156,False,0,2025-06-30 23:17:01
a20d0e,RPA5639 ,United States,1751325421.0,1751325421,-77.5839,42.5874,9448.8,False,251.99,56.83,-0.33,,9982.2,6570,False,0,2025-06-30 23:17:01
aa7ba6,N775AM  ,United States,1751325250.0,1751325250,-118.4483,34.0168,,True,3.6,45.0,,,,,False,0,2025-06-30 23:17:01
ade548,DAL3053 ,United States,1751325421.0,1751325421,-84.8329,32.4473,6492.24,False,228.53,203.62,5.53,,6880.86,1101,False,0,2025-06-30 23:17:01
acb21b,EJA917  ,United States,1751325420.0,1751325420,-107.1805,38.3271,13106.4,False,219.76,41.49,0.0,,13731.24,0767,False,0,2025-06-30 23:17:01
ade543,AAL2496 ,United States,1751325421.0,1751325421,-102.4565,38.3698,10668.0,False,247.59,97.64,0.0,,11239.5,3547,False,0,2025-06-30 23:17:01
a3e55a,FFT3087 ,United States,1751325275.0,1751325407,-87.7423,41.7897,,True,0.0,129.38,,,,2673,False,0,2025-06-30 23:17:01
a3f88e,DAL1695 ,United States,1751325420.0,1751325420,-84.3238,33.6495,693.42,False,91.57,270.0,-4.55,,716.28,2215,False,0,2025-06-30 23:17:01
a2b29c,N273LA  ,United States,1751325390.0,1751325390,-73.7972,41.6792,1082.04,False,63.59,53.22,0.0,,1089.66,,False,0,2025-06-30 23:17:01
ad8269,N97MK   ,United States,1751325421.0,1751325421,-80.1128,35.7147,3032.76,False,92.18,304.31,-0.65,,3177.54,,False,0,2025-06-30 23:17:01
c086bd,CGZAQ   ,Canada,1751325420.0,1751325420,-72.9619,45.3969,1402.08,False,36.83,151.65,-0.98,,1424.94,,False,0,2025-06-30 23:17:01
a5255a,RPA4501 ,United States,1751325420.0,1751325420,-79.317,37.8833,9144.0,False,227.78,244.01,0.33,,9669.78,3503,False,0,2025-06-30 23:17:01
a3829a,N325TP  ,United States,1751325421.0,1751325421,-82.5266,34.1718,4297.68,False,123.17,329.36,-7.8,,4511.04,,False,0,2025-06-30 23:17:01
a6eec9,LXJ546  ,United States,1751325420.0,1751325420,-116.0535,36.5095,13716.0,False,231.72,117.65,0.33,,14401.8,3322,False,0,2025-06-30 23:17:01
a06a09,AAL1664 ,United States,1751325420.0,1751325420,-80.9623,35.532,1203.96,False,107.13,177.25,-0.33,,1249.68,,False,0,2025-06-30 23:17:01
a70ee6,GJS4447 ,United States,1751325421.0,1751325421,-83.2756,41.3094,10972.8,False,220.65,266.26,0.0,,11567.16,4040,False,0,2025-06-30 23:17:01
a3828a,SKW3794 ,United States,1751325420.0,1751325420,-118.2996,34.0331,1447.8,False,114.03,83.0,-1.3,,1478.28,1675,False,0,2025-06-30 23:17:01
a32d40,TKR875  ,United States,1751325421.0,1751325421,-102.4429,43.5381,2004.06,False,81.93,262.79,-3.25,,2156.46,,False,0,2025-06-30 23:17:01
a44d1c,DAL1439 ,United States,1751325420.0,1751325420,-82.2161,32.3308,11582.4,False,236.74,187.74,0.0,,12245.34,0167,False,0,2025-06-30 23:17:01
c06183,POE306  ,Canada,1751325420.0,1751325420,-84.0004,43.6314,11277.6,False,248.16,96.79,0.0,,11795.76,2655,False,0,2025-06-30 23:17:01
a20d4b,N231MA  ,United States,1751325414.0,1751325415,-94.1394,41.6658,1013.46,False,56.62,107.45,0.0,,1028.7,,False,0,2025-06-30 23:17:01
a154e6,SKW3494 ,United States,1751325420.0,1751325420,-120.7443,35.2157,10058.4,False,219.08,138.71,-0.33,,10538.46,6302,False,0,2025-06-30 23:17:01
a3e4a8,HRC35   ,United States,1751325421.0,1751325421,-75.4202,42.9457,9753.6,False,218.1,255.8,0.0,,10279.38,2006,False,0,2025-06-30 23:17:01
c0617a,POE236  ,Canada,1751325421.0,1751325421,-69.7027,46.5327,10972.8,False,205.31,258.44,0.0,,11445.24,7202,False,0,2025-06-30 23:17:01
a56d0c,N449LF  ,United States,1751325420.0,1751325420,-116.7553,47.4593,1607.82,False,66.88,165.75,-1.3,,1668.78,,False,0,2025-06-30 23:17:01
c06177,POE130  ,Canada,1751325418.0,1751325418,-79.6213,43.685,,True,1.03,64.69,,,,4326,False,0,2025-06-30 23:17:01
c06174,POE375  ,Canada,1751325420.0,1751325420,-74.0732,45.4506,2247.9,False,146.16,309.57,9.1,,2301.24,,False,0,2025-06-30 23:17:01
c06171,POE662  ,Canada,1751325421.0,1751325421,-104.403,38.7706,11277.6,False,235.87,68.64,0.0,,11856.72,2253,False,0,2025-06-30 23:17:01
ab681a,N834KC  ,United States,1751325420.0,1751325420,-84.016,36.0531,1691.64,False,59.35,47.46,0.33,,1744.98,6762,False,0,2025-06-30 23:17:01
c0616c,POE267  ,Canada,1751325420.0,1751325420,-76.7601,45.3605,6393.18,False,187.21,257.3,8.45,,6644.64,,False,0,2025-06-30 23:17:01
a3f7da,N355EX  ,United States,1751325182.0,1751325182,-112.0131,41.1911,1363.98,False,12.05,50.19,0.0,,1363.98,,False,0,2025-06-30 23:17:01
a657bf,AAL1973 ,United States,1751325420.0,1751325420,-96.9088,33.197,1524.0,False,117.0,236.66,0.0,,1592.58,3371,False,0,2025-06-30 23:17:01
a19d59,MXY724  ,United States,1751325421.0,1751325421,-77.0258,41.2105,10972.8,False,217.66,249.38,0.0,,11582.4,1370,False,0,2025-06-30 23:17:01
a99262,ASA438  ,United States,1751325420.0,1751325420,-94.9176,34.5991,10363.2,False,230.33,191.34,0.0,,10988.04,1507,False,0,2025-06-30 23:17:01
add0e8,AIP1801 ,United States,1751325421.0,1751325421,-111.9666,40.7197,1584.96,False,69.77,354.5,-2.93,,1615.44,4346,False,0,2025-06-30 23:17:01
a3e4d2,N350AE  ,United States,1751325420.0,1751325421,-117.475,47.7845,2194.56,False,131.01,9.72,-8.13,,2270.76,,False,0,2025-06-30 23:17:01
a3e4d9,AIRLIFE2,United States,1751325408.0,1751325408,-111.9162,40.3946,1432.56,False,21.12,304.08,-0.98,,1478.28,1200,False,0,2025-06-30 23:17:01
a06a54,DAL395  ,United States,1751325420.0,1751325420,-94.7481,32.116,10675.62,False,245.65,85.44,-0.33,,11338.56,5455,False,0,2025-06-30 23:17:01
a2b1ab,ASA410  ,United States,1751325420.0,1751325420,-99.0931,45.8429,10668.0,False,256.16,113.68,0.0,,11049.0,,False,0,2025-06-30 23:17:01
a20d8a,N231PP  ,United States,1751325420.0,1751325420,-118.4142,48.0702,3040.38,False,66.59,258.86,3.25,,3169.92,,False,0,2025-06-30 23:17:01
a8856d,UAL2630 ,United States,1751325407.0,1751325407,-104.1038,47.2142,10363.2,False,214.15,272.07,0.0,,10797.54,,False,0,2025-06-30 23:17:01
a417fe,FFT1081 ,United States,1751325301.0,1751325375,-84.4233,33.6439,,True,0.0,0.0,,,,5706,False,0,2025-06-30 23:17:01
a0490b,N1173X  ,United States,1751325212.0,1751325212,-82.4434,35.3627,1371.6,False,48.83,110.34,2.93,,1402.08,0253,False,0,2025-06-30 23:17:01
a31a50,UAL8178 ,United States,1751325420.0,1751325420,-97.2162,40.8935,11574.78,False,225.01,254.76,0.33,,12115.8,2236,False,0,2025-06-30 23:17:01
a394f7,N33RK   ,United States,1751325377.0,1751325377,-80.2478,25.9982,30.48,False,38.07,90.0,-3.9,,30.48,1574,False,0,2025-06-30 23:17:01
c06167,POE322  ,Canada,1751325399.0,1751325416,-79.6309,43.6809,205.74,True,7.72,315.0,,,,5527,False,0,2025-06-30 23:17:01
c07498,CGSDZ   ,Canada,1751325420.0,1751325420,-123.2328,48.7026,1249.68,False,45.81,57.38,3.9,,1295.4,,False,0,2025-06-30 23:17:01
a1ed5f,ENY3652 ,United States,1751325421.0,1751325421,-93.1845,40.8285,7315.2,False,199.97,249.05,0.33,,7673.34,7671,False,0,2025-06-30 23:17:01
a0ba4e,EDV4958 ,United States,1751325421.0,1751325421,-87.7422,38.9656,10058.4,False,229.47,163.19,0.33,,10645.14,1315,False,0,2025-06-30 23:17:01
a44d3f,DAL1758 ,United States,1751325421.0,1751325421,-84.3099,33.5371,1775.46,False,117.81,90.5,-9.1,,1874.52,6053,False,0,2025-06-30 23:17:01
ac0ba7,UAL8211 ,United States,1751325397.0,1751325397,-81.2489,24.7491,7383.78,False,225.8,264.64,5.85,,7795.26,,False,0,2025-06-30 23:17:01
aacbb7,PXT795  ,United States,1751325421.0,1751325421,-120.3283,36.0325,6400.8,False,125.73,143.32,0.0,,6697.98,3267,False,0,2025-06-30 23:17:01
a537b2,SWA581  ,United States,1751325421.0,1751325421,-113.0257,32.9087,11277.6,False,247.55,80.79,0.0,,11932.92,2003,False,0,2025-06-30 23:17:01
3d1a77,DEIGT   ,Germany,1751325420.0,1751325420,-121.1127,39.2271,3200.4,False,80.56,204.93,0.0,,3322.32,,False,0,2025-06-30 23:17:01
a7a257,JIA5471 ,United States,1751325420.0,1751325420,-81.2758,35.6563,2865.12,False,148.66,129.81,-7.8,,2994.66,6670,False,0,2025-06-30 23:17:01
a0cd92,N1507X  ,United States,1751325420.0,1751325420,-121.8423,37.342,358.14,False,43.33,222.59,-0.33,,312.42,,False,0,2025-06-30 23:17:01
a1a4e8,SABER5  ,United States,1751325229.0,1751325229,-111.8466,39.4794,4297.68,False,60.7,148.87,-4.88,,4724.4,,False,0,2025-06-30 23:17:01
a261c9,N25233  ,United States,1751325420.0,1751325421,-123.1024,45.4356,586.74,False,39.13,357.74,1.3,,556.26,,False,0,2025-06-30 23:17:01
aa7e9b,UAL1702 ,United States,1751325165.0,1751325165,-118.7767,39.8924,10058.4,False,258.32,57.61,0.33,,10553.7,1715,False,0,2025-06-30 23:17:01
aa7e9a,UAL2047 ,United States,1751325420.0,1751325420,-115.1228,36.0783,,True,6.43,98.44,,,,,False,0,2025-06-30 23:17:01
c00cf5,MAL7084 ,Canada,1751325421.0,1751325421,-79.6026,43.7166,403.86,False,80.06,226.56,-4.23,,342.9,4354,False,0,2025-06-30 23:17:01
c00cec,MAL7056 ,Canada,1751325421.0,1751325421,-79.6702,43.7855,1798.32,False,104.45,46.8,-6.83,,1790.7,5555,False,0,2025-06-30 23:17:01
a897f4,AAL1868 ,United States,1751325420.0,1751325420,-91.1702,35.4182,10660.38,False,253.04,55.02,0.0,,11300.46,2004,False,0,2025-06-30 23:17:01
abdb35,AAL9    ,United States,1751325415.0,1751325415,-106.4517,31.7644,1554.48,False,91.29,50.03,-5.85,,1676.4,2022,False,0,2025-06-30 23:17:01
ae4e57,ELVIS11 ,United States,1751325421.0,1751325421,-81.6122,36.013,2857.5,False,132.29,117.06,0.0,,2964.18,,False,0,2025-06-30 23:17:01
ade5b8,PCM7650 ,United States,1751325390.0,1751325400,-122.9926,39.088,1661.16,False,95.02,277.78,-4.23,,1691.64,1200,False,0,2025-06-30 23:17:01
a6a7ec,N528PA  ,United States,1751325408.0,1751325408,-81.6227,28.894,403.86,False,53.66,327.53,-1.3,,434.34,1200,False,0,2025-06-30 23:17:01
a21fa1,RPA5627 ,United States,1751325421.0,1751325421,-70.8866,42.6097,1219.2,False,100.88,199.36,0.33,,1249.68,4002,False,0,2025-06-30 23:17:01
a2fa71,AAY3040 ,United States,1751325421.0,1751325421,-81.1512,29.5764,9288.78,False,250.23,182.36,-4.88,,9806.94,6044,False,0,2025-06-30 23:17:01
a884b6,UAL321  ,United States,1751325410.0,1751325418,-67.5335,41.5588,10668.0,False,255.43,60.7,0.0,,11216.64,5033,False,0,2025-06-30 23:17:01
aa7e99,UAL2399 ,United States,1751325420.0,1751325420,-100.6681,31.015,10972.8,False,230.52,268.85,0.0,,11643.36,7271,False,0,2025-06-30 23:17:01
a93d4e,PDT5868 ,United States,1751325421.0,1751325421,-75.0092,39.9169,975.36,False,91.58,256.35,-3.9,,998.22,4220,False,0,2025-06-30 23:17:01
a5aa3a,UAL579  ,United States,1751325421.0,1751325421,-95.2987,30.0072,175.26,False,72.54,270.0,-3.25,,190.5,4560,False,0,2025-06-30 23:17:01
aa7e7d,UAL2683 ,United States,1751325420.0,1751325420,-116.8276,32.7046,1836.42,False,128.5,248.88,0.0,,1882.14,,False,0,2025-06-30 23:17:01
aa7e7b,UAL2602 ,United States,1751325418.0,1751325418,-111.3505,42.1231,10363.2,False,226.48,298.19,0.33,,10904.22,,False,0,2025-06-30 23:17:01
aa7e7a,UAL222  ,United States,1751325421.0,1751325421,-85.8023,33.4694,10668.0,False,236.05,63.04,0.0,,11315.7,7027,False,0,2025-06-30 23:17:01
a1da83,N21866  ,United States,1751325420.0,1751325421,-122.209,37.7392,335.28,False,51.8,105.55,-2.28,,289.56,5340,False,0,2025-06-30 23:17:01
a2b1cf,N273BW  ,United States,1751325420.0,1751325420,-77.1071,37.8485,1150.62,False,80.83,219.06,-1.95,,1165.86,1121,False,0,2025-06-30 23:17:01
c0635c,PTR2339 ,Canada,1751325421.0,1751325421,-74.1748,41.0782,1348.74,False,125.21,173.87,-0.98,,1394.46,1014,False,0,2025-06-30 23:17:01
a28904,UAL1281 ,United States,1751325420.0,1751325421,-110.6497,36.6981,10972.8,False,229.89,229.54,0.33,,11582.4,1246,False,0,2025-06-30 23:17:01
c0502e,ACA777  ,Canada,1751325420.0,1751325420,-90.8207,45.5338,10972.8,False,213.71,257.77,0.0,,11277.6,,False,0,2025-06-30 23:17:01
c0635b,PTR2617 ,Canada,1751325420.0,1751325420,-79.806,46.0304,7315.2,False,181.32,337.66,0.33,,7612.38,4767,False,0,2025-06-30 23:17:01
c0635a,PTR2946 ,Canada,1751325421.0,1751325421,-78.6142,43.6987,3055.62,False,152.73,265.56,-8.13,,3147.06,7076,False,0,2025-06-30 23:17:01
a44d85,DAL2442 ,United States,1751325281.0,1751325281,-119.6505,44.1271,10668.0,False,234.04,152.08,0.33,,11163.3,6606,False,0,2025-06-30 23:17:01
3a3440,RLY12AM ,France,1751325420.0,1751325420,-107.2902,35.6057,2857.5,False,70.26,103.12,0.0,,3017.52,,False,0,2025-06-30 23:17:01
acc5e7,N922DD  ,United States,1751325420.0,1751325420,-122.5601,45.7635,609.6,False,32.96,55.81,0.33,,601.98,,False,0,2025-06-30 23:17:01
c06358,PTR2485 ,Canada,1751325420.0,1751325420,-78.0152,44.1586,7627.62,False,174.4,62.98,0.33,,7985.76,2202,False,0,2025-06-30 23:17:01
c06356,PTR2355 ,Canada,1751325420.0,1751325420,-76.6958,45.5558,7147.56,False,106.35,294.58,2.93,,7444.74,,False,0,2025-06-30 23:17:01
a6ca2f,N5368H  ,United States,1751325421.0,1751325421,-117.8235,33.7011,335.28,False,46.43,254.58,-2.28,,274.32,,False,0,2025-06-30 23:17:01
a7a1a0,FDX1443 ,United States,1751325420.0,1751325420,-89.2157,40.8696,7429.5,False,240.1,41.79,-8.45,,7764.78,0747,False,0,2025-06-30 23:17:01
c0501e,ACA990  ,Canada,1751325414.0,1751325415,-79.6106,43.6784,,True,1.03,275.62,,,,,False,0,2025-06-30 23:17:01
acb2ad,SWA4155 ,United States,1751325420.0,1751325420,-106.3697,37.192,10355.58,False,229.88,230.54,0.0,,10927.08,,False,0,2025-06-30 23:17:01
c00cfe,MAL7095 ,Canada,1751325421.0,1751325421,-80.2759,44.0655,2476.5,False,92.58,103.5,0.0,,2514.6,4703,False,0,2025-06-30 23:17:01
c00cfd,MAL7052 ,Canada,1751325419.0,1751325419,-123.4543,48.9427,906.78,False,82.89,96.77,0.0,,937.26,,False,0,2025-06-30 23:17:01
a03660,N11228  ,United States,1751325417.0,1751325419,-87.8939,42.0981,304.8,False,28.1,336.25,-0.98,,243.84,1200,False,0,2025-06-30 23:17:01
a02339,VJA108  ,United States,1751325420.0,1751325420,-121.9194,37.3524,,True,5.92,47.81,,,,,False,0,2025-06-30 23:17:01
a21fbb,N236KR  ,United States,1751325420.0,1751325421,-74.1375,40.8192,464.82,False,105.23,259.29,2.93,,457.2,,False,0,2025-06-30 23:17:01
aa35e1,AAL2223 ,United States,1751325421.0,1751325421,-111.6439,33.2281,2514.6,False,125.58,336.59,0.0,,2621.28,7475,False,0,2025-06-30 23:17:01
add2ad,ASA19   ,United States,1751325421.0,1751325421,-79.2378,43.2547,10363.2,False,231.38,314.1,0.0,,10888.98,3374,False,0,2025-06-30 23:17:01
a524e1,UAL588  ,United States,1751325240.0,1751325240,-108.7924,42.6922,9761.22,False,222.29,315.84,0.33,,10302.24,3526,False,0,2025-06-30 23:17:01
a1697c,N190PM  ,United States,1751325421.0,1751325421,-72.8437,44.1895,2880.36,False,106.38,140.69,6.18,,2987.04,,False,0,2025-06-30 23:17:01
acc5fb,DAL1838 ,United States,1751325420.0,1751325420,-110.1153,30.7217,10363.2,False,237.22,334.16,-0.33,,10972.8,,False,0,2025-06-30 23:17:01
a68d44,GJS4582 ,United States,1751325420.0,1751325420,-80.6885,40.9224,10363.2,False,227.1,297.38,0.0,,10942.32,3620,False,0,2025-06-30 23:17:01
a777bf,AAL1789 ,United States,1751325420.0,1751325421,-79.6548,41.4184,9144.0,False,225.82,241.57,0.0,,9654.54,2364,False,0,2025-06-30 23:17:01
aa7e51,UAL2264 ,United States,1751325420.0,1751325421,-92.2824,37.7498,10363.2,False,230.03,274.1,0.33,,10949.94,6217,False,0,2025-06-30 23:17:01
a67a16,N5160E  ,United States,1751325366.0,1751325366,-120.921,44.2961,1417.32,False,48.58,114.39,-2.28,,1242.06,,False,0,2025-06-30 23:17:01
a0100a,PXG103  ,United States,1751325421.0,1751325421,-84.0446,40.6134,5379.72,False,188.65,124.56,-5.85,,5631.18,7050,False,0,2025-06-30 23:17:01
a28947,UAL2297 ,United States,1751325414.0,1751325415,-101.4039,41.2382,10363.2,False,221.23,246.71,0.0,,10866.12,7372,False,0,2025-06-30 23:17:01
c07646,CGSUN   ,Canada,1751325142.0,1751325142,-106.1765,46.5999,14325.6,False,237.12,324.45,0.65,,14859.0,2417,False,0,2025-06-30 23:17:01
acfb6e,N9356H  ,United States,1751325330.0,1751325336,-90.6425,41.1254,472.44,False,31.65,82.53,-3.58,,449.58,,False,0,2025-06-30 23:17:01
400773,BAW9E   ,United Kingdom,1751325419.0,1751325419,-67.0309,44.9629,11277.6,False,264.96,56.0,0.0,,11833.86,1734,False,0,2025-06-30 23:17:01
400771,BAW12TB ,United Kingdom,1751325418.0,1751325418,-82.5414,27.9925,,True,4.37,180.0,,,,,False,0,2025-06-30 23:17:01
a65942,N508SK  ,United States,1751325421.0,1751325421,-102.4209,32.5004,2369.82,False,120.27,8.86,3.9,,2453.64,,False,0,2025-06-30 23:17:01
a89915,NKS2648 ,United States,1751325420.0,1751325420,-82.2598,39.702,9342.12,False,238.56,351.82,-7.15,,9913.62,3162,False,0,2025-06-30 23:17:01
a27676,AAY681  ,United States,1751325421.0,1751325421,-107.2303,40.6564,10972.8,False,231.11,217.58,0.33,,11574.78,,False,0,2025-06-30 23:17:01
a92a8d,N69YK   ,United States,1751325420.0,1751325420,-94.5795,41.7812,1653.54,False,83.28,63.59,0.0,,1706.88,,False,0,2025-06-30 23:17:01
a5cfa5,UAL1842 ,United States,1751325420.0,1751325420,-80.9315,46.4648,10363.2,False,197.03,269.85,0.0,,10774.68,3375,False,0,2025-06-30 23:17:01
add376,JBU187  ,United States,1751325420.0,1751325420,-70.7152,42.4525,2689.86,False,147.84,349.98,9.43,,2788.92,,False,0,2025-06-30 23:17:01
a1435d,SWA1051 ,United States,1751325421.0,1751325421,-91.723,40.6452,9448.8,False,241.87,85.98,0.0,,9913.62,,False,0,2025-06-30 23:17:01
a2c635,SWA827  ,United States,1751325420.0,1751325421,-97.3485,32.0355,11887.2,False,237.25,23.79,0.33,,12573.0,4007,False,0,2025-06-30 23:17:01
a80a97,SKW5422 ,United States,1751325421.0,1751325421,-75.637,45.9317,9753.6,False,218.25,255.11,-0.33,,10210.8,1330,False,0,2025-06-30 23:17:01
ac508b,DAL2381 ,United States,1751325371.0,1751325371,-84.4225,33.6299,,True,8.75,180.0,,,,,False,0,2025-06-30 23:17:01
a40629,N3589S  ,United States,1751325420.0,1751325420,-122.2889,40.211,2621.28,False,60.05,353.61,-0.65,,2705.1,3326,False,0,2025-06-30 23:17:01
abb8a0,SWA3418 ,United States,1751325421.0,1751325421,-111.8131,33.4906,11269.98,False,241.22,66.5,0.0,,11917.68,1307,False,0,2025-06-30 23:17:01
a3e658,AAL3090 ,United States,1751325420.0,1751325420,-113.1982,37.1237,11277.6,False,242.21,54.86,0.0,,11910.06,7372,False,0,2025-06-30 23:17:01
a26315,EPI253  ,United States,1751325379.0,1751325380,-81.3176,28.551,30.48,False,39.38,246.11,-2.6,,30.48,4203,False,0,2025-06-30 23:17:01
a1fff2,ENY4122 ,United States,1751325421.0,1751325421,-95.4071,33.8722,8237.22,False,235.04,239.34,-4.88,,8755.38,5637,False,0,2025-06-30 23:17:01
a1ecc4,CXK153  ,United States,1751325413.0,1751325413,-70.4068,41.7761,624.84,False,51.11,139.9,0.0,,617.22,5321,False,0,2025-06-30 23:17:01
ab68dd,SCX920  ,United States,1751325420.0,1751325420,-84.6691,40.5254,11582.4,False,229.06,319.19,0.33,,12192.0,6720,False,0,2025-06-30 23:17:01
ac0e33,SCU56   ,United States,1751325407.0,1751325408,-95.7266,36.2174,754.38,False,53.68,50.05,-0.33,,746.76,,False,0,2025-06-30 23:17:01
a1699a,EJA190  ,United States,1751325420.0,1751325420,-110.1848,32.5648,12489.18,False,273.99,107.48,0.0,,13190.22,6424,False,0,2025-06-30 23:17:01
abb8c4,SWA1310 ,United States,1751325134.0,1751325136,-107.733,39.845,10965.18,False,237.93,259.66,0.0,,11567.16,7024,False,0,2025-06-30 23:17:01
a01037,DAL2760 ,United States,1751325420.0,1751325420,-82.251,46.2034,10972.8,False,198.34,242.5,0.33,,11437.62,4642,False,0,2025-06-30 23:17:01
a51331,BKN26   ,United States,1751325379.0,1751325399,-90.1223,38.6224,449.58,False,54.78,194.69,-1.95,,388.62,,False,0,2025-06-30 23:17:01
a8990f,N653ND  ,United States,1751325420.0,1751325420,-122.1866,37.3997,937.26,False,43.39,259.76,-1.3,,922.02,1200,False,0,2025-06-30 23:17:01
aca07a,N9120J  ,United States,1751325417.0,1751325417,-122.2948,40.5986,883.92,False,52.48,180.56,-3.9,,853.44,,False,0,2025-06-30 23:17:01
a38367,JBU1317 ,United States,1751325421.0,1751325421,-83.3778,35.1879,8945.88,False,236.74,206.45,-7.8,,9494.52,7435,False,0,2025-06-30 23:17:01
a8d4f6,UAL448  ,United States,1751325420.0,1751325421,-103.415,30.7627,9753.6,False,230.8,286.58,0.0,,10347.96,2531,False,0,2025-06-30 23:17:01
a7b4ea,JIA5115 ,United States,1751325421.0,1751325421,-89.2022,36.9167,10363.2,False,219.3,228.04,0.0,,10988.04,3204,False,0,2025-06-30 23:17:01
a8d4ef,UAL489  ,United States,1751325420.0,1751325421,-98.0665,32.8068,10668.0,False,247.29,144.23,0.0,,11323.32,7110,False,0,2025-06-30 23:17:01
a44cda,DAL776  ,United States,1751325421.0,1751325421,-80.6614,31.497,11582.4,False,255.25,181.5,0.0,,12207.24,3464,False,0,2025-06-30 23:17:01
a1a697,SWA1399 ,United States,1751325420.0,1751325420,-120.7868,40.1197,12192.0,False,226.3,221.59,0.0,,12793.98,,False,0,2025-06-30 23:17:01
abdb10,APC690  ,United States,1751325419.0,1751325419,-122.6433,47.8095,739.14,False,70.7,330.82,0.0,,769.62,,False,0,2025-06-30 23:17:01
a7ea48,SKW6330 ,United States,1751325421.0,1751325421,-84.4451,45.3849,10668.0,False,195.97,239.73,-0.98,,11102.34,3414,False,0,2025-06-30 23:17:01
a1ecfd,RPA5804 ,United States,1751325420.0,1751325420,-73.769,40.6332,,True,5.66,300.94,,,,1423,False,0,2025-06-30 23:17:01
aa6b9f,UAL884  ,United States,1751325420.0,1751325420,-74.844,39.9634,10005.06,False,258.68,48.22,8.13,,10591.8,2727,False,0,2025-06-30 23:17:01
af38c4,G27050  ,United States,1751325420.0,1751325420,-84.342,33.8721,1051.56,False,59.87,287.5,0.33,,1097.28,5655,False,0,2025-06-30 23:17:01
abb8ea,SWA2749 ,United States,1751325420.0,1751325420,-115.1461,34.0783,9144.0,False,205.54,228.45,0.0,,9654.54,3540,False,0,2025-06-30 23:17:01
ab8b3e,N843CP  ,United States,1751325420.0,1751325420,-105.7914,36.2724,12192.0,False,213.15,254.89,0.33,,12839.7,6621,False,0,2025-06-30 23:17:01
a13041,N176JB  ,United States,1751325368.0,1751325368,-88.8487,39.8062,518.16,False,48.61,39.42,-1.3,,472.44,1200,False,0,2025-06-30 23:17:01
a2768c,VTE3502 ,United States,1751325132.0,1751325188,-93.3379,33.1924,6941.82,False,211.53,82.87,-2.6,,7345.68,2350,False,0,2025-06-30 23:17:01
a2766f,ENY4226 ,United States,1751325421.0,1751325421,-80.5482,24.9069,6431.28,False,205.57,196.58,8.78,,6804.66,,False,0,2025-06-30 23:17:01
a40654,ATN3336 ,United States,1751325421.0,1751325421,-97.5576,37.7449,10058.4,False,260.91,91.47,0.0,,10591.8,7273,False,0,2025-06-30 23:17:01
a9f4c6,RPA3306 ,United States,1751325420.0,1751325420,-84.594,41.1381,11277.6,False,267.02,52.36,0.33,,11849.1,6722,False,0,2025-06-30 23:17:01
a32ce0,N3030S  ,United States,1751325421.0,1751325421,-121.6765,38.0683,1676.4,False,88.0,40.02,-0.33,,1706.88,1200,False,0,2025-06-30 23:17:01
a871f1,N643SA  ,United States,1751325421.0,1751325421,-96.5483,32.8582,586.74,False,64.41,133.38,0.0,,579.12,1200,False,0,2025-06-30 23:17:01
a32cce,N303ZZ  ,United States,1751325420.0,1751325420,-104.5753,38.4796,3124.2,False,85.24,218.88,-0.33,,3307.08,1200,False,0,2025-06-30 23:17:01
ab8b56,DAL717  ,United States,1751325421.0,1751325421,-106.2418,43.2273,10058.4,False,249.18,83.24,-0.33,,10576.56,,False,0,2025-06-30 23:17:01
aa6b7e,UAL948  ,United States,1751325266.0,1751325411,-122.3809,37.6192,,True,3.09,118.12,,,,,False,0,2025-06-30 23:17:01
a8d4cc,UAL504  ,United States,1751325421.0,1751325421,-89.2985,29.6581,9753.6,False,239.74,262.48,-0.33,,10355.58,4133,False,0,2025-06-30 23:17:01
ade633,N995LC  ,United States,1751325421.0,1751325421,-81.6304,28.6792,4221.48,False,109.5,352.44,0.33,,4457.7,5231,False,0,2025-06-30 23:17:01
ae5fe9,HRCN15  ,United States,1751325416.0,1751325416,-76.2246,36.5869,342.9,False,85.4,21.93,0.33,,342.9,1200,False,0,2025-06-30 23:17:01
4ca86e,EIN1TV  ,Ireland,1751325420.0,1751325420,-85.9952,42.8503,7101.84,False,198.13,244.63,-5.2,,7406.64,2401,False,0,2025-06-30 23:17:01
a76683,UPS65   ,United States,1751325420.0,1751325420,-90.0174,43.119,11277.6,False,255.07,149.45,0.0,,11689.08,7262,False,0,2025-06-30 23:17:01
ad9645,AAL2140 ,United States,1751325420.0,1751325420,-92.0537,44.0986,8054.34,False,246.35,129.41,7.15,,8298.18,2456,False,0,2025-06-30 23:17:01
a3c05e,N3405J  ,United States,1751325420.0,1751325420,-109.4239,37.5072,3261.36,False,53.15,14.57,0.0,,3451.86,,False,0,2025-06-30 23:17:01
a50064,SWA4284 ,United States,1751325421.0,1751325421,-114.0575,32.9081,9753.6,False,233.83,267.23,0.0,,10309.86,1631,False,0,2025-06-30 23:17:01
aa234a,AAL2269 ,United States,1751325421.0,1751325421,-95.4104,35.9901,10980.42,False,237.35,159.44,0.65,,11620.5,,False,0,2025-06-30 23:17:01
c00d4d,CFFAY   ,Canada,1751325204.0,1751325204,-72.0178,45.2867,617.22,False,51.54,273.43,-1.3,,601.98,,False,0,2025-06-30 23:17:01
ac501e,SWA2157 ,United States,1751325420.0,1751325420,-96.472,32.8194,3733.8,False,192.19,56.35,9.75,,3939.54,2246,False,0,2025-06-30 23:17:01
a7fcdb,N6134V  ,United States,1751325420.0,1751325420,-80.884,33.0309,1676.4,False,71.26,161.04,-0.33,,1729.74,,False,0,2025-06-30 23:17:01
ab4383,AAL1835 ,United States,1751325420.0,1751325420,-106.3634,37.4254,10668.0,False,239.03,59.9,0.0,,11239.5,0751,False,0,2025-06-30 23:17:01
a44cfd,DAL3223 ,United States,1751325421.0,1751325421,-83.8846,38.5241,10972.8,False,221.2,224.06,0.0,,11612.88,6543,False,0,2025-06-30 23:17:01
ac767c,AAL2353 ,United States,1751325420.0,1751325420,-94.7207,33.8852,8823.96,False,237.98,351.92,0.0,,9364.98,3675,False,0,2025-06-30 23:17:01
ab4389,JTL825  ,United States,1751325420.0,1751325420,-103.1205,33.8805,11582.4,False,244.33,333.22,0.0,,12237.72,7307,False,0,2025-06-30 23:17:01
a40694,DAL2696 ,United States,1751325421.0,1751325421,-90.7875,40.3278,10370.82,False,237.05,327.59,0.0,,10896.6,0336,False,0,2025-06-30 23:17:01
a7a336,N591XL  ,United States,1751325276.0,1751325277,-86.0873,42.7299,518.16,False,54.82,84.08,-1.95,,472.44,,False,0,2025-06-30 23:17:01
aca01a,SWA836  ,United States,1751325420.0,1751325420,-85.9008,35.9905,11277.6,False,237.01,62.32,0.0,,11932.92,2433,False,0,2025-06-30 23:17:01
a5cfdd,N4739L  ,United States,1751325420.0,1751325421,-95.5247,41.0816,2011.68,False,55.19,286.24,-1.63,,2034.54,,False,0,2025-06-30 23:17:01
a07e5e,N1306C  ,United States,1751325373.0,1751325374,-121.0618,38.9554,640.08,False,39.08,290.82,-5.2,,609.6,5272,False,0,2025-06-30 23:17:01
ab305e,N82VA   ,United States,1751325337.0,1751325340,-111.744,39.4589,3665.22,False,54.58,336.09,-1.63,,3931.92,,False,0,2025-06-30 23:17:01
a44e06,N377CH  ,United States,1751325420.0,1751325420,-98.3654,33.4921,4892.04,False,206.57,112.86,-8.78,,5173.98,,False,0,2025-06-30 23:17:01
a418b2,DAL2695 ,United States,1751325421.0,1751325421,-89.2825,43.3438,9738.36,False,213.62,305.99,0.33,,10111.74,2415,False,0,2025-06-30 23:17:01
a20e38,SWA1562 ,United States,1751325191.0,1751325193,-118.3712,34.198,259.08,False,72.54,90.81,-3.25,,213.36,2417,False,0,2025-06-30 23:17:01
a68caa,JIA5482 ,United States,1751325420.0,1751325421,-83.2188,38.9636,10363.2,False,225.35,306.09,0.0,,10988.04,1360,False,0,2025-06-30 23:17:01
a022c4,DAL875  ,United States,1751325420.0,1751325420,-98.516,38.0525,10675.62,False,253.55,112.3,0.0,,11254.74,6071,False,0,2025-06-30 23:17:01
a5000b,N421HF  ,United States,1751325420.0,1751325420,-94.7106,36.092,1973.58,False,86.43,229.1,-0.65,,2026.92,1670,False,0,2025-06-30 23:17:01
a022c6,DAL2782 ,United States,1751325420.0,1751325421,-72.0834,40.8634,9022.08,False,237.26,229.75,3.58,,9532.62,7322,False,0,2025-06-30 23:17:01
a19e61,ENY3436 ,United States,1751325421.0,1751325421,-94.5339,34.0009,8138.16,False,226.45,249.38,-4.23,,8633.46,2137,False,0,2025-06-30 23:17:01
a275a8,N258EP  ,United States,1751325421.0,1751325421,-80.9293,29.0188,274.32,False,51.08,206.31,0.33,,289.56,1200,False,0,2025-06-30 23:17:01
a5399b,N436CA  ,United States,1751325420.0,1751325420,-116.9087,33.1584,883.92,False,48.43,347.74,1.95,,853.44,,False,0,2025-06-30 23:17:01
ac5066,SWA539  ,United States,1751325419.0,1751325419,-115.1467,36.0796,,True,0.0,28.12,,,,,False,0,2025-06-30 23:17:01
a19e68,AAY3493 ,United States,1751325420.0,1751325420,-85.319,42.3093,3375.66,False,169.15,355.99,0.33,,3505.2,1035,False,0,2025-06-30 23:17:01
aa2311,SKW4888 ,United States,1751325420.0,1751325420,-88.8079,42.3976,3878.58,False,220.32,99.81,-13.33,,3970.02,2676,False,0,2025-06-30 23:17:01
ab3081,N82WL   ,United States,1751325195.0,1751325195,-116.7235,47.7098,990.6,False,50.41,165.82,0.98,,998.22,,False,0,2025-06-30 23:17:01
aa8fe7,N78TS   ,United States,1751325421.0,1751325421,-72.1787,42.9038,1981.2,False,95.05,219.29,0.0,,2057.4,,False,0,2025-06-30 23:17:01
a0ce3c,N151DL  ,United States,1751325420.0,1751325420,-90.2588,38.401,1036.32,False,42.33,205.94,2.93,,1043.94,,False,0,2025-06-30 23:17:01
a51358,EJA426  ,United States,1751325407.0,1751325407,-111.9732,40.7753,1272.54,False,66.01,355.98,-2.6,,1325.88,1447,False,0,2025-06-30 23:17:01
a50027,N421JJ  ,United States,1751325420.0,1751325420,-120.4972,36.952,2636.52,False,93.35,282.73,-0.33,,2712.72,,False,0,2025-06-30 23:17:01
aa8fd7,N78TA   ,United States,1751325420.0,1751325420,-80.3247,26.9899,1325.88,False,63.39,344.95,0.0,,1402.08,,False,0,2025-06-30 23:17:01
ab9e05,ERU848  ,United States,1751325420.0,1751325421,-81.1095,29.3211,739.14,False,58.95,339.03,-0.33,,777.24,0317,False,0,2025-06-30 23:17:01
4005bc,BAW40F  ,United Kingdom,1751325421.0,1751325421,-73.2573,41.1817,4739.64,False,202.83,24.42,9.75,,4960.62,1004,False,0,2025-06-30 23:17:01
a1b8b8,AMF4273 ,United States,1751325421.0,1751325421,-99.5186,31.9071,5318.76,False,134.59,243.92,-1.63,,5638.8,7326,False,0,2025-06-30 23:17:01
a1b8b5,N21RW   ,United States,1751325420.0,1751325420,-71.9402,42.6981,1973.58,False,74.51,198.94,1.95,,2049.78,1200,False,0,2025-06-30 23:17:01
a0ce7c,CXK595  ,United States,1751325420.0,1751325420,-73.0887,43.1471,2446.02,False,51.08,235.67,0.0,,2506.98,3562,False,0,2025-06-30 23:17:01
0d09f7,VIV544  ,Mexico,1751325421.0,1751325421,-87.8207,41.8845,2164.08,False,150.73,90.2,0.0,,2217.42,3213,False,0,2025-06-30 23:17:01
0d09ef,VIV651  ,Mexico,1751325413.0,1751325421,-97.6629,30.2028,,True,0.0,222.19,,,,1306,False,0,2025-06-30 23:17:01
a1a5cf,ENY3532 ,United States,1751325384.0,1751325384,-103.0585,44.0398,,True,5.66,151.88,,,,6234,False,0,2025-06-30 23:17:01
aa7e16,SWA2799 ,United States,1751325420.0,1751325420,-71.4405,41.5477,1562.1,False,149.4,36.32,-7.15,,1630.68,6502,False,0,2025-06-30 23:17:01
a1ee64,CXK553  ,United States,1751325421.0,1751325421,-71.3579,42.0518,1211.58,False,45.69,215.84,-0.33,,1226.82,5372,False,0,2025-06-30 23:17:01
abb90d,SWA4444 ,United States,1751325421.0,1751325421,-91.3652,38.6106,5707.38,False,206.32,56.39,-9.43,,5981.7,2341,False,0,2025-06-30 23:17:01
a3e5d9,N350LT  ,United States,1751325421.0,1751325421,-81.397,27.8231,3246.12,False,152.01,286.72,-10.08,,3429.0,1472,False,0,2025-06-30 23:17:01
a658d8,N508ND  ,United States,1751325421.0,1751325421,-118.4328,34.2777,518.16,False,32.72,143.31,-2.28,,480.06,,False,0,2025-06-30 23:17:01
a525d5,N43020  ,United States,1751325412.0,1751325412,-88.4478,42.2007,944.88,False,45.86,273.22,-0.33,,899.16,,False,0,2025-06-30 23:17:01
a022d8,N108EH  ,United States,1751325420.0,1751325420,-117.614,33.8977,762.0,False,48.94,257.86,-0.98,,731.52,2304,False,0,2025-06-30 23:17:01
a18b41,SKW3396 ,United States,1751325421.0,1751325421,-118.5133,33.9945,7825.74,False,219.8,342.29,4.55,,8221.98,2424,False,0,2025-06-30 23:17:01
a8609f,QXE2080 ,United States,1751325420.0,1751325421,-123.3447,46.9882,9342.12,False,217.14,174.29,-11.38,,9707.88,7265,False,0,2025-06-30 23:17:01
abb930,SWA1420 ,United States,1751325416.0,1751325417,-98.7164,39.1232,10972.8,False,206.81,277.0,-0.33,,11536.68,6507,False,0,2025-06-30 23:17:01
a44e24,DAL1079 ,United States,1751325421.0,1751325421,-77.2867,36.7142,10668.0,False,230.19,54.0,0.0,,11300.46,3176,False,0,2025-06-30 23:17:01
acd925,,United States,1751325107.0,1751325107,-78.7576,34.4512,1424.94,False,56.83,27.49,-5.53,,1485.9,,False,0,2025-06-30 23:17:01
a3d2c0,UAL2278 ,United States,1751325420.0,1751325420,-102.6188,45.1988,9745.98,False,210.28,280.43,0.0,,10187.94,6547,False,0,2025-06-30 23:17:01
a44e18,DAL1438 ,United States,1751325413.0,1751325418,-73.7733,40.6501,,True,0.0,300.94,,,,,False,0,2025-06-30 23:17:01
a9d031,EJA731  ,United States,1751325226.0,1751325228,-73.7163,41.0793,175.26,False,62.47,149.85,-3.58,,144.78,1365,False,0,2025-06-30 23:17:01
a9938d,NKS2482 ,United States,1751325207.0,1751325222,-87.8841,42.9473,274.32,False,63.93,251.71,-0.65,,213.36,7770,False,0,2025-06-30 23:17:01
a3e5ea,MVK51   ,United States,1751325326.0,1751325379,-93.2523,44.188,1234.44,False,49.43,272.39,0.33,,1219.2,,False,0,2025-06-30 23:17:01
acd913,N927KG  ,United States,1751325420.0,1751325420,-83.7923,43.4377,510.54,False,71.55,243.99,-4.23,,434.34,,False,0,2025-06-30 23:17:01
a2b2da,ENY4066 ,United States,1751325385.0,1751325385,-81.0479,34.0895,754.38,False,90.34,127.13,-0.65,,868.68,2214,False,0,2025-06-30 23:17:01
0d09b9,SLI431  ,Mexico,1751325421.0,1751325421,-95.1913,29.8344,10972.8,False,225.07,238.74,0.0,,11628.12,6237,False,0,2025-06-30 23:17:01
a3f8b8,AAL362  ,United States,1751325420.0,1751325421,-96.0158,33.7276,6515.1,False,216.72,220.57,-16.58,,6911.34,2275,False,0,2025-06-30 23:17:01
a2b2e1,AAY483  ,United States,1751325420.0,1751325420,-85.6052,43.532,8839.2,False,212.64,173.89,5.85,,9235.44,,False,0,2025-06-30 23:17:01
ad3fd9,AAL2174 ,United States,1751325420.0,1751325420,-81.704,34.7971,9753.6,False,239.19,336.69,0.33,,10355.58,7333,False,0,2025-06-30 23:17:01
ad3fd7,N953AL  ,United States,1751325417.0,1751325417,-122.7828,47.132,274.32,False,60.42,15.81,-0.33,,266.7,,False,0,2025-06-30 23:17:01
ad3fd6,ASA31   ,United States,1751325421.0,1751325421,-85.4896,45.1355,9753.6,False,228.73,293.74,0.0,,10126.98,2243,False,0,2025-06-30 23:17:01
ac0cc9,N876BR  ,United States,1751325420.0,1751325420,-121.593,38.4532,937.26,False,49.55,282.59,0.33,,922.02,4546,False,0,2025-06-30 23:17:01
ad3fde,DAL3211 ,United States,1751325371.0,1751325377,-84.4354,33.6418,,True,0.0,270.0,,,,5403,False,0,2025-06-30 23:17:01
a9e31c,N736UE  ,United States,1751325419.0,1751325419,-96.0456,32.3504,1363.98,False,47.95,189.26,0.0,,1417.32,,False,0,2025-06-30 23:17:01
a44e59,FFT3738 ,United States,1751325420.0,1751325421,-115.0723,36.0043,2979.42,False,110.09,90.0,-9.1,,3124.2,5117,False,0,2025-06-30 23:17:01
ac7658,AAL3003 ,United States,1751325420.0,1751325421,-86.6583,36.1361,190.5,False,70.28,197.9,-3.9,,175.26,0216,False,0,2025-06-30 23:17:01
a1ea70,SWA2084 ,United States,1751325420.0,1751325420,-122.2139,37.7021,,True,4.63,216.56,,,,,False,0,2025-06-30 23:17:01
a774b3,N58MS   ,United States,1751325420.0,1751325420,-97.6194,38.6094,1318.26,False,67.96,182.17,2.28,,1379.22,,False,0,2025-06-30 23:17:01
aa32c6,N75602  ,United States,1751325363.0,1751325363,-86.2584,35.8456,960.12,False,34.23,47.44,-0.33,,982.98,,False,0,2025-06-30 23:17:01
ad3e36,AAL2997 ,United States,1751325421.0,1751325421,-99.6525,32.368,8983.98,False,233.75,243.6,2.6,,9532.62,0503,False,0,2025-06-30 23:17:01
a33d97,FFT1608 ,United States,1751325420.0,1751325420,-92.9306,42.5874,11285.22,False,274.75,84.95,-0.33,,11719.56,1424,False,0,2025-06-30 23:17:01
a5ba10,N46826  ,United States,1751325421.0,1751325421,-118.8435,34.2205,1249.68,False,46.82,12.05,0.33,,1257.3,,False,0,2025-06-30 23:17:01
a1ea74,N222WS  ,United States,1751325420.0,1751325420,-80.8912,35.7832,1280.16,False,88.0,77.51,-2.93,,1325.88,,False,0,2025-06-30 23:17:01
a6b7e8,N532AN  ,United States,1751325419.0,1751325420,-118.1577,33.725,350.52,False,42.15,336.25,0.98,,297.18,,False,0,2025-06-30 23:17:01
a44a48,EDV5529 ,United States,1751325421.0,1751325421,-90.3568,32.1888,9342.12,False,233.65,41.34,4.88,,9913.62,,False,0,2025-06-30 23:17:01
abb5bf,SWA3895 ,United States,1751325419.0,1751325421,-116.0378,36.0806,6865.62,False,219.47,309.96,10.73,,7231.38,,False,0,2025-06-30 23:17:01
ad08f4,N901KC  ,United States,1751325137.0,1751325137,-94.8756,38.2611,1501.14,False,60.31,171.66,-0.33,,1569.72,,False,0,2025-06-30 23:17:01
a1b4fd,N209RV  ,United States,1751325168.0,1751325171,-80.9257,28.9943,76.2,False,28.33,209.36,-3.9,,91.44,1200,False,0,2025-06-30 23:17:01
a7d7b5,SKW9920 ,United States,1751325421.0,1751325421,-98.4326,32.8013,7978.14,False,223.85,301.75,10.4,,8465.82,3503,False,0,2025-06-30 23:17:01
a414e8,DAL2168 ,United States,1751325420.0,1751325420,-83.1251,26.2618,10629.9,False,220.16,351.26,7.48,,11186.16,,False,0,2025-06-30 23:17:01
aa7b33,SWA2975 ,United States,1751325420.0,1751325420,-111.8413,33.0534,11277.6,False,245.8,112.0,0.0,,11910.06,6652,False,0,2025-06-30 23:17:01
a0a903,UAL2649 ,United States,1751325421.0,1751325421,-84.9495,42.2164,11277.6,False,254.7,88.84,0.33,,11795.76,1377,False,0,2025-06-30 23:17:01
a82d14,FFT4373 ,United States,1751325421.0,1751325421,-85.0944,40.7341,10972.8,False,212.38,281.17,0.0,,11582.4,6603,False,0,2025-06-30 23:17:01
c02fe7,ACA1035 ,Canada,1751325285.0,1751325285,-81.1532,24.7933,8267.7,False,209.59,243.62,6.18,,8100.06,,False,0,2025-06-30 23:17:01
a2c1b6,ENY4147 ,United States,1751325420.0,1751325420,-97.1653,32.949,2232.66,False,127.6,0.92,-8.13,,2339.34,2434,False,0,2025-06-30 23:17:01
a56a56,SWA1931 ,United States,1751325420.0,1751325421,-116.0384,32.7008,8229.6,False,248.78,84.07,0.0,,8709.66,,False,0,2025-06-30 23:17:01
a894b5,FFT3292 ,United States,1751325420.0,1751325420,-117.5337,34.4444,8061.96,False,255.91,53.91,5.53,,8496.3,4707,False,0,2025-06-30 23:17:01
a1fd7b,N22708  ,United States,1751325402.0,1751325420,-96.1198,33.3423,1036.32,False,48.51,55.8,0.0,,1074.42,5155,False,0,2025-06-30 23:17:01
a641b6,DAL291  ,United States,1751325420.0,1751325421,-110.6089,40.3559,12192.0,False,251.78,223.84,0.0,,12809.22,2733,False,0,2025-06-30 23:17:01
ac85ce,DAL766  ,United States,1751325420.0,1751325420,-106.6478,40.245,10363.2,False,235.88,260.33,0.0,,10934.7,1012,False,0,2025-06-30 23:17:01
a6a4d5,VOI3081 ,United States,1751325420.0,1751325420,-98.6913,25.4788,10370.82,False,237.35,298.62,0.33,,11064.24,,False,0,2025-06-30 23:17:01
a641bf,DAL358  ,United States,1751325421.0,1751325421,-86.9017,34.0446,9441.18,False,243.84,146.44,0.33,,10035.54,6600,False,0,2025-06-30 23:17:01
aacb59,N795HT  ,United States,1751325420.0,1751325420,-117.3533,33.8006,777.24,False,52.97,101.2,1.95,,739.14,1255,False,0,2025-06-30 23:17:01
c02fed,ACA792  ,Canada,1751325420.0,1751325421,-116.1223,35.2432,10675.62,False,248.36,47.69,-0.65,,11262.36,2450,False,0,2025-06-30 23:17:01
acd5ad,AAL3092 ,United States,1751325254.0,1751325409,-92.2435,32.3754,10972.8,False,229.04,268.2,0.0,,11635.74,5543,False,0,2025-06-30 23:17:01
abb5e2,SWA2755 ,United States,1751325420.0,1751325420,-105.4137,31.2604,11269.98,False,241.28,127.11,0.33,,11948.16,6725,False,0,2025-06-30 23:17:01
abb5ea,SKW5798 ,United States,1751325401.0,1751325404,-94.5269,30.4771,3665.22,False,157.34,194.58,-8.45,,3886.2,5633,False,0,2025-06-30 23:17:01
ad2b45,N948EA  ,United States,1751325344.0,1751325350,-120.2529,36.0153,3246.12,False,89.55,328.87,0.65,,3360.42,2432,False,0,2025-06-30 23:17:01
ad2b43,DAL1130 ,United States,1751325420.0,1751325420,-91.3286,36.9904,9753.6,False,237.45,283.4,0.0,,10325.1,1213,False,0,2025-06-30 23:17:01
a03304,N1115U  ,United States,1751325420.0,1751325420,-122.8462,47.3465,548.64,False,34.87,21.64,2.6,,571.5,,False,0,2025-06-30 23:17:01
a8d27e,FFT4145 ,United States,1751325420.0,1751325420,-114.0619,34.4326,10972.8,False,228.83,259.25,-0.33,,11597.64,6271,False,0,2025-06-30 23:17:01
ac0b61,UAL1126 ,United States,1751325421.0,1751325421,-92.3557,42.8907,10972.8,False,198.1,271.19,0.33,,11384.28,7177,False,0,2025-06-30 23:17:01
ac0b74,SWA770  ,United States,1751325420.0,1751325420,-75.8346,38.77,3512.82,False,180.2,265.09,-5.53,,3710.94,5676,False,0,2025-06-30 23:17:01
ab9b81,SCX356  ,United States,1751325420.0,1751325420,-85.4392,36.6962,11597.64,False,237.2,342.19,0.0,,12275.82,7132,False,0,2025-06-30 23:17:01
a04641,AAL32   ,United States,1751325421.0,1751325421,-105.8758,31.5578,10668.0,False,238.39,127.02,0.0,,11308.08,1323,False,0,2025-06-30 23:17:01
ad3e82,N9520W  ,United States,1751325421.0,1751325421,-80.4341,26.4536,579.12,False,47.93,77.6,-0.65,,624.84,,False,0,2025-06-30 23:17:01
a57d42,AAL567  ,United States,1751325421.0,1751325421,-107.4152,37.05,9441.18,False,239.65,61.4,0.0,,9997.44,5045,False,0,2025-06-30 23:17:01
a44a6d,DAL789  ,United States,1751325420.0,1751325420,-99.5998,42.7673,10660.38,False,241.79,65.89,0.0,,11125.2,2007,False,0,2025-06-30 23:17:01
abeb57,SWA3542 ,United States,1751325420.0,1751325421,-100.3705,30.8227,11887.2,False,241.62,93.05,0.0,,12588.24,0735,False,0,2025-06-30 23:17:01
a05940,AAL423  ,United States,1751325420.0,1751325421,-77.9753,36.1148,9974.58,False,226.99,49.6,3.9,,10546.08,1134,False,0,2025-06-30 23:17:01
ade2b8,AAL1770 ,United States,1751325420.0,1751325421,-113.4396,35.3929,11277.6,False,244.39,117.86,0.0,,11894.82,,False,0,2025-06-30 23:17:01
ac72f0,AAL2933 ,United States,1751325421.0,1751325421,-79.2339,27.5351,9852.66,False,231.34,3.19,4.88,,10378.44,,False,0,2025-06-30 23:17:01
ade2b5,NKS2381 ,United States,1751325420.0,1751325420,-105.5793,34.0882,11582.4,False,227.78,289.25,-0.33,,12237.72,6377,False,0,2025-06-30 23:17:01
ac0b80,UAL2239 ,United States,1751325421.0,1751325421,-88.8182,42.9533,10972.8,False,201.96,263.42,0.0,,11422.38,5142,False,0,2025-06-30 23:17:01
ac72f7,LRC641  ,United States,1751325421.0,1751325421,-108.8406,29.9486,10675.62,False,246.99,114.75,-0.33,,11315.7,6703,False,0,2025-06-30 23:17:01
a09fc4,UAL6    ,United States,1751325420.0,1751325420,-95.6132,30.2273,3307.08,False,152.62,139.92,-6.5,,3512.82,4111,False,0,2025-06-30 23:17:01
a414fb,DAL1246 ,United States,1751325421.0,1751325421,-84.8076,33.9681,3657.6,False,180.37,141.14,-3.58,,3878.58,7002,False,0,2025-06-30 23:17:01
a0a91f,UAL2677 ,United States,1751325327.0,1751325327,-87.9088,41.9716,,True,10.8,90.0,,,,,False,0,2025-06-30 23:17:01
ad2b76,N948G   ,United States,1751325420.0,1751325421,-107.4322,38.0576,9144.0,False,155.62,248.27,-0.33,,9654.54,0676,False,0,2025-06-30 23:17:01
a0a923,UCA4305 ,United States,1751325420.0,1751325421,-77.5268,38.6553,2598.42,False,134.83,209.99,9.1,,2720.34,5506,False,0,2025-06-30 23:17:01
a2e93c,AAY2597 ,United States,1751325420.0,1751325420,-91.2819,39.7231,10972.8,False,225.6,329.28,-0.33,,11536.68,7470,False,0,2025-06-30 23:17:01
a3094d,AAY727  ,United States,1751325420.0,1751325420,-95.8022,36.9488,8831.58,False,238.92,80.46,-4.55,,9357.36,6600,False,0,2025-06-30 23:17:01
c071ef,PSC484  ,Canada,1751325420.0,1751325420,-72.1134,45.8582,3048.0,False,141.35,258.24,-7.48,,3147.06,,False,0,2025-06-30 23:17:01
a21cb8,BYA235  ,United States,1751325420.0,1751325420,-94.5715,33.6833,7924.8,False,147.2,271.8,0.0,,8450.58,3555,False,0,2025-06-30 23:17:01
a54933,N44KP   ,United States,1751325370.0,1751325374,-122.2714,47.8923,213.36,False,28.3,358.96,-2.6,,205.74,,False,0,2025-06-30 23:17:01
a53602,CFR72   ,United States,1751325420.0,1751325420,-117.3085,33.8111,1188.72,False,80.02,259.63,-2.6,,1203.96,,False,0,2025-06-30 23:17:01
a53612,DAL206  ,United States,1751325421.0,1751325421,-79.3008,43.5046,10119.36,False,275.27,59.07,2.28,,10629.9,5753,False,0,2025-06-30 23:17:01
a2e935,ENY4205 ,United States,1751325421.0,1751325421,-91.0928,35.2408,10363.2,False,217.85,238.22,-0.33,,10980.42,6631,False,0,2025-06-30 23:17:01
a03356,UCA4819 ,United States,1751325421.0,1751325421,-94.1237,28.9072,8831.58,False,235.44,55.68,0.98,,9372.6,7551,False,0,2025-06-30 23:17:01
a3f621,UAL1179 ,United States,1751325420.0,1751325420,-111.3437,32.7596,10668.0,False,249.83,105.04,0.33,,11285.22,1302,False,0,2025-06-30 23:17:01
a7890e,LXJ585  ,United States,1751325318.0,1751325318,-120.1305,34.5974,2346.96,False,143.34,152.88,-8.45,,2415.54,3206,False,0,2025-06-30 23:17:01
a1c935,RPA5671 ,United States,1751325414.0,1751325419,-73.8593,40.7696,,True,0.77,16.88,,,,,False,0,2025-06-30 23:17:01
a03331,UCA4926 ,United States,1751325419.0,1751325420,-74.0178,42.8298,1173.48,False,137.07,35.84,-5.2,,1188.72,7071,False,0,2025-06-30 23:17:01
a02003,N107PJ  ,United States,1751325420.0,1751325421,-115.3967,46.0896,12580.62,False,216.86,162.04,4.88,,13114.02,,False,0,2025-06-30 23:17:01
a6692d,DAL474  ,United States,1751325421.0,1751325421,-120.3506,47.5233,7223.76,False,250.95,93.29,4.23,,7559.04,3552,False,0,2025-06-30 23:17:01
c00a53,CFDXQ   ,Canada,1751325421.0,1751325421,-81.0205,47.3382,2362.2,False,101.8,156.16,0.65,,2400.3,,False,0,2025-06-30 23:17:01
a0337c,UCA4961 ,United States,1751325420.0,1751325420,-81.4598,35.127,3032.76,False,148.27,253.26,0.33,,3192.78,5647,False,0,2025-06-30 23:17:01
a7d7f3,SKW5674 ,United States,1751325420.0,1751325421,-104.6473,39.8075,1912.62,False,91.77,199.65,10.08,,2019.3,,False,0,2025-06-30 23:17:01
ac98ac,SWA2811 ,United States,1751325360.0,1751325371,-100.1098,38.0535,11582.4,False,219.72,277.94,0.0,,12176.76,2115,False,0,2025-06-30 23:17:01
c01d72,FLE400  ,Canada,1751325420.0,1751325420,-79.1545,43.7736,6819.9,False,209.62,75.79,10.08,,7117.08,0545,False,0,2025-06-30 23:17:01
a0205c,SKW4690 ,United States,1751325420.0,1751325420,-101.7879,38.848,9144.0,False,234.5,286.96,0.33,,9662.16,1742,False,0,2025-06-30 23:17:01
ad3e16,SWA139  ,United States,1751325420.0,1751325420,-87.9899,37.6731,8801.1,False,256.08,86.78,-5.53,,9311.64,0567,False,0,2025-06-30 23:17:01
a33cac,N3077M  ,United States,1751325421.0,1751325421,-72.115,41.3855,609.6,False,54.12,143.89,-4.23,,594.36,3025,False,0,2025-06-30 23:17:01
a27330,HBAL732 ,United States,1751325421.0,1751325421,-104.3987,37.8966,18288.0,False,9.27,236.31,0.33,,19248.12,4453,False,0,2025-06-30 23:17:01
ab9b13,AAL2519 ,United States,1751325421.0,1751325421,-94.0653,44.4624,6705.6,False,193.33,236.39,10.08,,6911.34,,True,0,2025-06-30 23:17:01
a04691,N117DT  ,United States,1751325320.0,1751325356,-81.4643,28.2999,274.32,False,56.47,343.05,0.0,,304.8,1154,False,0,2025-06-30 23:17:01
a7fa2d,SKW3620 ,United States,1751325420.0,1751325420,-97.5116,36.8192,10363.2,False,220.35,284.33,0.0,,10957.56,1654,False,0,2025-06-30 23:17:01
c01d7e,FLE878  ,Canada,1751325419.0,1751325419,-96.1733,46.8592,11277.6,False,247.35,105.19,0.0,,11590.02,,False,0,2025-06-30 23:17:01
a641fd,GJS4590 ,United States,1751325420.0,1751325420,-77.4862,40.7316,2918.46,False,155.25,140.24,-5.2,,3017.52,2304,False,0,2025-06-30 23:17:01
a68a90,N520ST  ,United States,1751325420.0,1751325420,-79.5171,35.6361,11582.4,False,218.54,211.03,0.0,,12245.34,2477,False,0,2025-06-30 23:17:01
ab52a2,DAL1053 ,United States,1751325421.0,1751325421,-87.7731,41.8437,8244.84,False,233.84,173.94,5.85,,8618.22,3551,False,0,2025-06-30 23:17:01
a26006,NIT252  ,United States,1751325242.0,1751325242,-83.1795,32.2182,723.9,False,44.83,93.29,-5.85,,396.24,,False,0,2025-06-30 23:17:01
abb5a5,ASH6029 ,United States,1751325382.0,1751325383,-85.7419,30.2343,701.04,False,83.69,339.11,-4.55,,762.0,5565,False,0,2025-06-30 23:17:01
ad08bd,SKW4642 ,United States,1751325420.0,1751325420,-102.5397,44.063,9753.6,False,237.57,203.35,0.0,,10233.66,,False,0,2025-06-30 23:17:01
a02047,N107SB  ,United States,1751325421.0,1751325421,-97.0837,38.0102,10972.8,False,202.88,253.95,0.0,,11567.16,,False,0,2025-06-30 23:17:01
485341,KLM192  ,Kingdom of the Netherlands,1751325421.0,1751325421,-77.0095,44.2399,11887.2,False,262.4,61.68,-0.33,,12458.7,2406,False,0,2025-06-30 23:17:01
a34fe6,SKW3896 ,United States,1751325420.0,1751325420,-97.192,41.5164,7124.7,False,179.24,276.76,5.85,,7475.22,2644,False,0,2025-06-30 23:17:01
aa7b54,SWA4632 ,United States,1751325420.0,1751325420,-106.276,31.8232,11582.4,False,234.31,262.94,0.0,,12245.34,1137,False,0,2025-06-30 23:17:01
abb5a3,ASH6226 ,United States,1751325421.0,1751325421,-99.6894,27.2693,9951.72,False,221.73,213.36,-5.2,,10607.04,7313,False,0,2025-06-30 23:17:01
aaa96f,SWA4570 ,United States,1751325420.0,1751325421,-119.8542,37.0958,11277.6,False,227.81,149.61,0.0,,11841.48,3251,False,0,2025-06-30 23:17:01
a4acdf,N400CM  ,United States,1751325419.0,1751325420,-111.5857,48.8554,8199.12,False,125.65,357.42,0.0,,8694.42,,False,0,2025-06-30 23:17:01
a6ffe4,N550EW  ,United States,1751325421.0,1751325421,-114.5118,36.2381,3192.78,False,148.54,251.0,-6.83,,3329.94,,False,0,2025-06-30 23:17:01
a95fbe,ASA508  ,United States,1751325421.0,1751325421,-87.9246,41.4099,10363.2,False,228.83,307.05,0.0,,10881.36,6741,False,0,2025-06-30 23:17:01
c01d2d,FLE624  ,Canada,1751325421.0,1751325421,-80.165,44.1192,4251.96,False,168.51,130.79,-7.8,,4389.12,2130,False,0,2025-06-30 23:17:01
a2c35b,UAL1352 ,United States,1751325420.0,1751325420,-100.0577,30.9636,11887.2,False,243.51,92.18,0.0,,12580.62,1065,False,0,2025-06-30 23:17:01
a4034e,HPJ358  ,United States,1751325421.0,1751325421,-74.2979,40.5412,12390.12,False,214.15,9.12,-7.48,,13045.44,2436,False,0,2025-06-30 23:17:01
a6697e,JAS127  ,United States,1751325421.0,1751325421,-75.6611,38.1932,14295.12,False,241.29,214.4,1.63,,14881.86,1720,False,0,2025-06-30 23:17:01
ac2fea,SWA2399 ,United States,1751325421.0,1751325421,-111.1608,35.614,11277.6,False,247.15,97.78,-0.33,,11917.68,,False,0,2025-06-30 23:17:01
a2605b,EJA252  ,United States,1751325419.0,1751325419,-95.4931,39.8671,4457.7,False,219.76,115.37,-9.43,,4663.44,1522,False,0,2025-06-30 23:17:01
a77645,DAL552  ,United States,1751325419.0,1751325419,-110.6329,35.098,10058.4,False,234.98,74.9,0.0,,10660.38,5262,False,0,2025-06-30 23:17:01
a7c613,N60NA   ,United States,1751325420.0,1751325420,-72.338,42.3942,1219.2,False,55.8,310.89,-0.33,,1226.82,0010,False,0,2025-06-30 23:17:01
a058aa,N121NW  ,United States,1751325419.0,1751325420,-82.339,34.5835,1363.98,False,53.48,313.83,0.65,,1394.46,,False,0,2025-06-30 23:17:01
c084a3,ACA153  ,Canada,1751325420.0,1751325420,-79.7644,43.6254,1158.24,False,107.73,235.7,3.9,,1127.76,0552,False,0,2025-06-30 23:17:01
aaa992,SWA3240 ,United States,1751325420.0,1751325420,-89.7603,36.3974,11582.4,False,214.93,216.92,0.0,,12268.2,1045,False,0,2025-06-30 23:17:01
a69cce,N525PH  ,United States,1751325360.0,1751325365,-80.7065,35.3995,236.22,False,56.0,190.59,-2.93,,213.36,2511,False,0,2025-06-30 23:17:01
acd619,SKW5539 ,United States,1751325421.0,1751325421,-123.772,39.4889,8229.6,False,212.67,147.85,0.0,,8557.26,,False,0,2025-06-30 23:17:01
a5ccf0,N473HB  ,United States,1751325373.0,1751325373,-119.7033,41.3148,12412.98,False,223.94,248.86,-11.38,,13014.96,,False,0,2025-06-30 23:17:01
a4acfc,N400DR  ,United States,1751325421.0,1751325421,-84.5862,43.4694,2461.26,False,92.08,346.43,-0.33,,2506.98,,False,0,2025-06-30 23:17:01
a2602c,AAY3208 ,United States,1751325420.0,1751325421,-83.5465,29.2179,7109.46,False,237.31,163.37,-21.46,,7536.18,2644,False,0,2025-06-30 23:17:01
a75013,TYSON49 ,United States,1751325420.0,1751325420,-89.6068,35.2465,11887.2,False,240.25,53.01,0.0,,12580.62,7404,False,0,2025-06-30 23:17:01
acc317,NKS2122 ,United States,1751325420.0,1751325421,-80.5247,34.7978,3886.2,False,171.78,321.69,-7.48,,4099.56,3343,False,0,2025-06-30 23:17:01
ac1cde,LBQ640  ,United States,1751325420.0,1751325420,-85.5249,33.6514,3939.54,False,126.46,246.25,0.0,,4160.52,2673,False,0,2025-06-30 23:17:01
a1fcf9,N227WC  ,United States,1751325274.0,1751325274,-117.8619,33.6838,83.82,False,32.23,208.61,-1.3,,38.1,,False,0,2025-06-30 23:17:01
a2c336,UAL1398 ,United States,1751325421.0,1751325421,-102.8176,40.8277,11277.6,False,250.0,60.27,0.33,,11841.48,,False,0,2025-06-30 23:17:01
a78999,N585ML  ,United States,1751325419.0,1751325419,-88.3662,35.7494,3550.92,False,152.27,251.69,-10.73,,3733.8,5523,False,0,2025-06-30 23:17:01
c00a0b,ACA778  ,Canada,1751325421.0,1751325421,-81.206,45.9148,11277.6,False,270.79,84.55,0.0,,11742.42,2067,False,0,2025-06-30 23:17:01
acc306,N921MT  ,United States,1751325420.0,1751325420,-90.4297,30.0745,13716.0,False,235.17,128.25,0.33,,14409.42,2362,False,0,2025-06-30 23:17:01
a4164c,N3621Y  ,United States,1751325358.0,1751325383,-100.5835,34.4847,1935.48,False,78.01,295.38,-0.33,,2019.3,,False,0,2025-06-30 23:17:01
ac865a,N906KC  ,United States,1751325407.0,1751325407,-94.9816,38.7696,609.6,False,42.33,110.64,0.0,,624.84,,False,0,2025-06-30 23:17:01
acc31a,AAL2738 ,United States,1751325421.0,1751325421,-74.1031,40.5907,1935.48,False,152.77,26.82,-10.4,,2019.3,3060,False,0,2025-06-30 23:17:01
a2b081,UAL1015 ,United States,1751325420.0,1751325421,-77.8361,46.0798,10363.2,False,213.84,276.49,0.0,,10828.02,3537,False,0,2025-06-30 23:17:01
ace96d,AAL2282 ,United States,1751325421.0,1751325421,-96.3642,32.3113,5943.6,False,186.99,315.67,-9.43,,6294.12,2441,False,0,2025-06-30 23:17:01
ace96c,AAL1709 ,United States,1751325420.0,1751325420,-96.9133,33.0674,2164.08,False,116.27,0.25,-6.18,,2270.76,2347,False,0,2025-06-30 23:17:01
ad3cde,N952JA  ,United States,1751325421.0,1751325421,-117.7514,33.4982,937.26,False,45.92,192.95,0.98,,922.02,,False,0,2025-06-30 23:17:01
a64305,SKW6337 ,United States,1751325420.0,1751325420,-121.5813,44.2199,10972.8,False,230.17,335.15,0.33,,11452.86,2612,False,0,2025-06-30 23:17:01
a58fdf,AAL1079 ,United States,1751325379.0,1751325380,-97.0383,32.9015,,True,1.8,351.56,,,,,False,0,2025-06-30 23:17:01
a77602,N580BA  ,United States,1751325421.0,1751325421,-101.84,31.8385,2400.3,False,104.61,109.24,0.0,,2491.74,,False,0,2025-06-30 23:17:01
a6a627,N5276P  ,United States,1751325421.0,1751325421,-122.0819,37.4168,266.7,False,45.47,45.46,-1.63,,220.98,5374,False,0,2025-06-30 23:17:01
a6ffc6,N550DR  ,United States,1751325119.0,1751325119,-80.1729,26.0659,45.72,False,63.79,90.46,-3.58,,91.44,,False,0,2025-06-30 23:17:01
a4acbd,N400BC  ,United States,1751325420.0,1751325421,-103.7494,40.9173,8511.54,False,235.25,47.66,9.43,,8999.22,,False,0,2025-06-30 23:17:01
a2b060,UAL2158 ,United States,1751325419.0,1751325420,-87.1139,38.3184,11582.4,False,209.47,219.32,0.0,,12222.48,6640,False,0,2025-06-30 23:17:01
a6b94a,EJA532  ,United States,1751325420.0,1751325420,-87.6768,37.2242,6934.2,False,225.33,131.11,-7.48,,7307.58,1776,False,0,2025-06-30 23:17:01
a1a398,CXK298  ,United States,1751325420.0,1751325420,-105.0326,39.5138,1866.9,False,47.51,340.39,-2.6,,1958.34,,False,0,2025-06-30 23:17:01
ac7380,N901GG  ,United States,1751325280.0,1751325281,-120.4534,35.5924,1821.18,False,97.33,332.62,-2.93,,1851.66,2462,False,0,2025-06-30 23:17:01
a178ae,SKW3335 ,United States,1751325419.0,1751325419,-117.0306,44.0448,5532.12,False,205.58,138.65,-11.38,,5859.78,3542,False,0,2025-06-30 23:17:01
a7d928,N6045F  ,United States,1751325420.0,1751325420,-96.1571,32.8218,1036.32,False,54.06,92.18,0.33,,1059.18,1200,False,0,2025-06-30 23:17:01
acd675,SWA1438 ,United States,1751325351.0,1751325351,-106.6148,35.0478,,True,0.0,180.0,,,,,False,0,2025-06-30 23:17:01
aa58a6,ENY4023 ,United States,1751325421.0,1751325421,-86.812,42.537,4137.66,False,159.81,250.05,-6.5,,4274.82,5222,False,0,2025-06-30 23:17:01
a298ef,N2669W  ,United States,1751325420.0,1751325420,-85.274,30.7857,3322.32,False,64.79,122.68,-1.3,,3474.72,,False,0,2025-06-30 23:17:01
adf4e9,JBU398  ,United States,1751325419.0,1751325420,-72.1917,42.5805,8435.34,False,211.1,159.75,-7.8,,8877.3,5713,False,0,2025-06-30 23:17:01
ae01d3,MAVRK29 ,United States,1751325421.0,1751325421,-85.8205,42.9538,3078.48,False,145.19,310.69,0.0,,3162.3,,False,0,2025-06-30 23:17:01
a88380,FFT3540 ,United States,1751325416.0,1751325420,-115.1215,36.0764,,True,0.06,267.19,,,,,False,0,2025-06-30 23:17:01
ac71fe,N9003S  ,United States,1751325420.0,1751325420,-70.8803,43.2235,1684.02,False,92.4,45.0,0.0,,1729.74,1200,False,0,2025-06-30 23:17:01
ae01aa,SPAR163 ,United States,1751325420.0,1751325420,-95.6251,37.1326,11269.98,False,254.86,82.34,0.0,,11917.68,,False,0,2025-06-30 23:17:01
a3f5a4,N354WG  ,United States,1751325421.0,1751325421,-101.8281,30.8957,13068.3,False,252.36,92.69,-5.2,,13792.2,2607,False,0,2025-06-30 23:17:01
a19b2f,GPD202  ,United States,1751325419.0,1751325420,-71.2671,41.2655,2125.98,False,117.04,75.23,0.0,,2209.8,,False,0,2025-06-30 23:17:01
acc1eb,ASA1083 ,United States,1751325420.0,1751325420,-122.2405,44.8893,10988.04,False,222.0,300.19,-0.33,,11445.24,1053,False,0,2025-06-30 23:17:01
acc1ee,AAL610  ,United States,1751325421.0,1751325421,-79.3767,36.385,10668.0,False,231.04,55.25,-0.33,,11300.46,7237,False,0,2025-06-30 23:17:01
aaa929,SWA3478 ,United States,1751325421.0,1751325421,-90.9249,34.0931,11582.4,False,239.14,322.34,0.0,,12268.2,1426,False,0,2025-06-30 23:17:01
a0a8da,UAL2191 ,United States,1751325420.0,1751325420,-97.7651,40.9352,11582.4,False,207.89,260.02,0.0,,12092.94,7244,False,0,2025-06-30 23:17:01
a8d327,NKS2002 ,United States,1751325420.0,1751325420,-80.2403,25.5236,4838.7,False,215.51,212.32,0.0,,5120.64,,False,0,2025-06-30 23:17:01
a0de99,AAL2018 ,United States,1751325421.0,1751325421,-80.1467,33.7601,7162.8,False,207.26,29.11,-5.2,,7597.14,3535,False,0,2025-06-30 23:17:01
ad0919,SWA4403 ,United States,1751325420.0,1751325420,-111.977,33.4289,541.02,False,73.57,270.0,-3.25,,464.82,7244,False,0,2025-06-30 23:17:01
a8f97e,N678AP  ,United States,1751325420.0,1751325420,-86.3531,33.3214,1699.26,False,62.4,15.3,4.55,,1775.46,,False,0,2025-06-30 23:17:01
ac2fa4,SWA3857 ,United States,1751325420.0,1751325420,-104.5144,39.8246,3627.12,False,156.61,344.96,-8.13,,3855.72,7434,False,0,2025-06-30 23:17:01
ae2909,6025    ,United States,1751325420.0,1751325420,-82.814,27.9737,114.3,False,65.85,53.58,-0.65,,144.78,4743,False,0,2025-06-30 23:17:01
a9afe7,NKS2301 ,United States,1751325421.0,1751325421,-78.8297,41.1513,10066.02,False,227.06,204.07,2.6,,10645.14,6667,False,0,2025-06-30 23:17:01
a9f302,SKW4913 ,United States,1751325421.0,1751325421,-86.6236,42.5798,5052.06,False,177.43,255.56,-10.4,,5242.56,7464,False,0,2025-06-30 23:17:01
a07b8f,DAL816  ,United States,1751325421.0,1751325421,-74.059,39.6215,11018.52,False,230.78,36.84,-5.53,,11650.98,1444,False,0,2025-06-30 23:17:01
abb601,SWA2969 ,United States,1751325420.0,1751325420,-113.5134,37.6808,9753.6,False,234.26,182.27,-0.33,,10294.62,,False,0,2025-06-30 23:17:01
abc91f,DAL2094 ,United States,1751325421.0,1751325421,-100.9662,44.2551,10668.0,False,247.6,84.4,0.0,,11117.58,,False,0,2025-06-30 23:17:01
a33e5e,EDV5360 ,United States,1751325421.0,1751325421,-75.2063,38.8193,1844.04,False,132.41,204.08,0.0,,1912.62,1512,False,0,2025-06-30 23:17:01
aaa954,SWA1938 ,United States,1751325420.0,1751325421,-87.6061,31.6365,11887.2,False,230.91,55.07,-0.33,,12573.0,2705,False,0,2025-06-30 23:17:01
4851b1,KLM225  ,Kingdom of the Netherlands,1751325421.0,1751325421,-97.6783,30.1614,518.16,False,90.03,179.35,9.1,,533.4,2515,False,0,2025-06-30 23:17:01
a1eb32,N2223B  ,United States,1751325421.0,1751325421,-111.6982,40.2247,1638.3,False,56.52,145.01,0.65,,1653.54,,False,0,2025-06-30 23:17:01
a94cc2,N699GG  ,United States,1751325420.0,1751325421,-93.8664,42.9346,12496.8,False,230.0,358.85,0.33,,12976.86,,False,0,2025-06-30 23:17:01
abb624,SWA2103 ,United States,1751325421.0,1751325421,-95.1672,40.337,9448.8,False,239.27,153.71,9.75,,9913.62,,False,0,2025-06-30 23:17:01
a7c66b,N60RP   ,United States,1751325420.0,1751325420,-74.2028,42.222,1844.04,False,53.7,265.05,0.65,,1882.14,,False,0,2025-06-30 23:17:01
ab663f,ASH6355 ,United States,1751325421.0,1751325421,-87.6536,32.4885,8839.2,False,234.29,85.47,0.0,,9403.08,7345,False,0,2025-06-30 23:17:01
a762a5,,United States,1751325421.0,1751325421,-123.1158,45.2023,236.22,False,28.85,78.69,2.28,,198.12,,False,0,2025-06-30 23:17:01
a32b7b,N303LK  ,United States,1751325420.0,1751325420,-123.2347,47.4533,1828.8,False,44.14,323.53,1.63,,1889.76,,False,0,2025-06-30 23:17:01
ac0c41,SWA219  ,United States,1751325420.0,1751325421,-89.5459,40.4607,7635.24,False,254.66,52.55,-5.53,,8023.86,6131,False,0,2025-06-30 23:17:01
ac1f73,N880SP  ,United States,1751325420.0,1751325420,-104.6354,34.7343,13716.0,False,257.48,97.69,-0.33,,14386.56,3207,False,0,2025-06-30 23:17:01
a68b2c,N520YZ  ,United States,1751325421.0,1751325421,-122.1184,37.4648,45.72,False,39.54,327.76,3.25,,0.0,1200,False,0,2025-06-30 23:17:01
a895b0,PDT5968 ,United States,1751325418.0,1751325420,-91.0423,30.6297,579.12,False,109.54,223.29,-1.95,,624.84,1244,False,0,2025-06-30 23:17:01
abec26,SWA4137 ,United States,1751325420.0,1751325420,-88.4975,37.2434,12192.0,False,210.26,220.24,0.0,,12877.8,6621,False,0,2025-06-30 23:17:01
a5bb1b,ASA313  ,United States,1751325419.0,1751325419,-103.2623,46.3881,10363.2,False,214.05,282.63,0.0,,10797.54,5754,False,0,2025-06-30 23:17:01
a69e6f,N5254K  ,United States,1751325419.0,1751325420,-80.2032,26.1933,121.92,False,35.6,37.37,-2.93,,175.26,,False,0,2025-06-30 23:17:01
a6a5c3,N5273U  ,United States,1751325267.0,1751325268,-118.1558,33.8181,,True,8.23,180.0,,,,,False,0,2025-06-30 23:17:01
acc3b4,AAL3251 ,United States,1751325251.0,1751325251,-112.001,33.4368,,True,1.54,247.5,,,,6041,False,0,2025-06-30 23:17:01
ac0c64,SWA2292 ,United States,1751325420.0,1751325420,-77.1364,39.2116,4130.04,False,181.23,239.65,9.1,,4328.16,1311,False,0,2025-06-30 23:17:01
aacc5b,UAL918  ,United States,1751325420.0,1751325420,-77.4573,38.9406,,True,1.8,180.0,,,,,False,0,2025-06-30 23:17:01
ab53f1,SCX1948 ,United States,1751325421.0,1751325421,-87.1853,42.1692,11582.4,False,226.29,314.08,0.0,,12115.8,7133,False,0,2025-06-30 23:17:01
a69e7a,N5254W  ,United States,1751325275.0,1751325297,-122.2271,47.3134,175.26,False,32.43,358.18,-3.58,,152.4,,False,0,2025-06-30 23:17:01
a68b71,N5201H  ,United States,1751325420.0,1751325420,-122.2249,45.3694,1463.04,False,41.39,32.31,0.98,,1516.38,,False,0,2025-06-30 23:17:01
a1a2e0,SWA4613 ,United States,1751325398.0,1751325412,-80.5239,37.852,11056.62,False,239.17,83.58,-4.88,,11704.32,1716,False,0,2025-06-30 23:17:01
ad93b7,NKS2073 ,United States,1751325421.0,1751325421,-106.7903,36.2843,11597.64,False,226.32,250.62,0.0,,12237.72,3227,False,0,2025-06-30 23:17:01
abec4d,SWA3622 ,United States,1751325405.0,1751325405,-82.5387,27.9858,,True,0.0,270.0,,,,,False,0,2025-06-30 23:17:01
a99087,TIV715  ,United States,1751325217.0,1751325221,-80.1788,26.077,45.72,False,61.22,90.48,-2.93,,68.58,1131,False,0,2025-06-30 23:17:01
ab40e8,CRE824  ,United States,1751325421.0,1751325421,-87.5818,42.9655,1485.9,False,120.74,327.53,-5.53,,1470.66,7747,False,0,2025-06-30 23:17:01
a788b1,N585CD  ,United States,1751325420.0,1751325420,-90.9818,34.0407,2446.02,False,83.31,242.01,0.33,,2560.32,,False,0,2025-06-30 23:17:01
ab40f0,AAL2800 ,United States,1751325421.0,1751325421,-95.2036,33.3921,9486.9,False,251.25,67.74,8.45,,10066.02,3602,False,0,2025-06-30 23:17:01
aa8f47,N78MG   ,United States,1751325420.0,1751325420,-83.7682,35.8581,1981.2,False,75.63,52.74,3.25,,2072.64,,False,0,2025-06-30 23:17:01
ac0c8b,SWA1018 ,United States,1751325419.0,1751325421,-102.6832,38.2355,10652.76,False,240.27,312.74,-7.15,,11231.88,6146,False,0,2025-06-30 23:17:01
abec6c,SWA3822 ,United States,1751325421.0,1751325421,-96.9681,41.2659,10972.8,False,202.84,261.54,0.0,,11452.86,6534,False,0,2025-06-30 23:17:01
a8c094,NKS2127 ,United States,1751325421.0,1751325421,-75.962,42.8945,9768.84,False,217.58,254.22,0.0,,10279.38,1322,False,0,2025-06-30 23:17:01
a548fa,N44HG   ,United States,1751325412.0,1751325412,-83.6747,39.532,960.12,False,48.69,74.05,0.0,,944.88,1200,False,0,2025-06-30 23:17:01
a5bb17,AAL1012 ,United States,1751325420.0,1751325421,-94.2572,37.3397,9745.98,False,221.84,279.75,0.0,,10325.1,1724,False,0,2025-06-30 23:17:01
c01dac,FLE662  ,Canada,1751325421.0,1751325421,-86.0981,44.0725,11277.6,False,252.03,113.58,0.0,,11757.66,5342,False,0,2025-06-30 23:17:01
a5ce40,SWA3169 ,United States,1751325420.0,1751325421,-84.3818,36.2585,11277.6,False,238.82,117.17,0.0,,11948.16,2145,False,0,2025-06-30 23:17:01
a522b3,N43VU   ,United States,1751325388.0,1751325388,-86.7227,39.8735,1082.04,False,64.41,273.21,-1.95,,1082.04,,False,0,2025-06-30 23:17:01
a69e45,N5253C  ,United States,1751325239.0,1751325239,-81.1426,35.2136,320.04,False,35.23,208.81,-4.55,,304.8,,False,0,2025-06-30 23:17:01
acb0b9,AAL2963 ,United States,1751325421.0,1751325421,-79.8729,25.4841,3832.86,False,178.7,305.15,-5.85,,4053.84,,False,0,2025-06-30 23:17:01
acb0b6,ASA824  ,United States,1751325420.0,1751325421,-122.3196,47.2558,1188.72,False,114.21,0.52,-7.15,,1234.44,,False,0,2025-06-30 23:17:01
a788d3,DAL863  ,United States,1751325411.0,1751325416,-73.7954,40.6387,,True,0.0,300.94,,,,,False,0,2025-06-30 23:17:01
ab6800,JBU873  ,United States,1751325368.0,1751325368,-74.1872,40.6866,,True,0.0,267.19,,,,4207,False,0,2025-06-30 23:17:01
478f43,SAS904  ,Norway,1751325420.0,1751325420,-69.3279,47.3429,11887.2,False,258.88,29.26,0.0,,12382.5,1617,False,0,2025-06-30 23:17:01
a19aaa,ENY3789 ,United States,1751325420.0,1751325421,-97.6537,32.7743,4884.42,False,192.66,294.79,9.43,,5166.36,2223,False,0,2025-06-30 23:17:01
ad815e,N97AT   ,United States,1751325421.0,1751325421,-122.2467,47.1228,891.54,False,48.16,203.28,2.28,,914.4,,False,0,2025-06-30 23:17:01
a19ab1,AAY3182 ,United States,1751325421.0,1751325421,-87.5212,41.4202,10675.62,False,221.63,158.2,0.0,,11209.02,1626,False,0,2025-06-30 23:17:01
a0345f,RPA4572 ,United States,1751325420.0,1751325420,-79.7595,38.3337,10363.2,False,228.3,309.79,0.65,,10980.42,6530,False,0,2025-06-30 23:17:01
a7fb70,REH80   ,United States,1751325215.0,1751325215,-121.4088,38.6524,167.64,False,46.96,42.78,-1.95,,99.06,1200,False,0,2025-06-30 23:17:01
a1fdaf,N2272Q  ,United States,1751325420.0,1751325420,-123.1185,44.9797,1371.6,False,46.43,12.8,0.0,,1394.46,,False,0,2025-06-30 23:17:01
ad8168,N97BC   ,United States,1751325420.0,1751325420,-122.6135,38.2626,266.7,False,33.03,307.41,5.2,,213.36,,False,0,2025-06-30 23:17:01
a28749,JSX121  ,United States,1751325409.0,1751325417,-115.1542,36.0975,,True,33.44,205.31,,,,,False,0,2025-06-30 23:17:01
a2d710,SKW3693 ,United States,1751325420.0,1751325420,-111.9769,40.7874,,True,4.89,140.62,,,,,False,0,2025-06-30 23:17:01
aaa9d8,SWA4446 ,United States,1751325401.0,1751325404,-103.1042,36.8264,11887.2,False,232.76,143.99,0.0,,12504.42,0633,False,0,2025-06-30 23:17:01
ab79cc,TKR160  ,United States,1751325238.0,1751325238,-120.816,40.1961,2933.7,False,147.74,95.19,-2.93,,3070.86,,False,0,2025-06-30 23:17:01
a1b725,N20997  ,United States,1751325402.0,1751325405,-80.6249,34.9871,502.92,False,54.17,4.36,-1.3,,487.68,,False,0,2025-06-30 23:17:01
acb176,N917JB  ,United States,1751325414.0,1751325418,-85.5625,41.7964,510.54,False,79.38,128.95,1.63,,480.06,,False,0,2025-06-30 23:17:01
ac1f0e,AAL1848 ,United States,1751325421.0,1751325421,-85.8609,41.8862,8846.82,False,261.75,111.93,7.15,,9281.16,6247,False,0,2025-06-30 23:17:01
a2b10f,UAL370  ,United States,1751325420.0,1751325421,-93.5201,44.6952,3261.36,False,144.35,238.41,14.31,,3322.32,,False,0,2025-06-30 23:17:01
a895f8,WUP652  ,United States,1751325420.0,1751325420,-80.0709,32.9574,12192.0,False,236.15,214.35,0.33,,12854.94,2157,False,0,2025-06-30 23:17:01
a2b112,UAL1641 ,United States,1751325420.0,1751325420,-103.1934,40.5503,11277.6,False,246.05,74.1,0.0,,11856.72,7756,False,0,2025-06-30 23:17:01
a882c9,N64784  ,United States,1751325413.0,1751325421,-98.8212,43.7345,2461.26,False,86.21,97.89,3.25,,2590.8,,False,0,2025-06-30 23:17:01
a2d76a,,United States,1751325372.0,1751325372,-115.1457,36.0801,,True,0.0,278.44,,,,,False,0,2025-06-30 23:17:01
a32ad5,DAL1697 ,United States,1751325420.0,1751325420,-90.1486,32.3037,10668.0,False,235.73,82.22,-0.33,,11315.7,4022,False,0,2025-06-30 23:17:01
a68b95,N5202J  ,United States,1751325326.0,1751325419,-89.4381,37.3064,1112.52,False,51.32,42.97,1.3,,1135.38,,False,0,2025-06-30 23:17:01
a81b3a,N621PA  ,United States,1751325401.0,1751325421,-97.0515,33.3306,822.96,False,37.55,221.11,0.0,,838.2,,False,0,2025-06-30 23:17:01
a762d3,AAL3230 ,United States,1751325419.0,1751325419,-89.9948,32.8146,9745.98,False,242.12,282.77,0.0,,10363.2,3250,False,0,2025-06-30 23:17:01
a44aa2,FFT2259 ,United States,1751325420.0,1751325420,-111.9826,33.8446,5433.06,False,190.99,8.68,11.7,,5760.72,4125,False,0,2025-06-30 23:17:01
add16d,WUP945  ,United States,1751325421.0,1751325421,-93.3912,39.2818,13716.0,False,248.6,98.45,0.0,,14317.98,3354,False,0,2025-06-30 23:17:01
a2b110,UAL1551 ,United States,1751325420.0,1751325420,-74.1746,40.6965,,True,0.0,42.19,,,,,False,0,2025-06-30 23:17:01
add15f,LRT99   ,United States,1751325420.0,1751325420,-80.5197,28.4972,9616.44,False,258.3,172.68,-10.08,,10134.6,6307,False,0,2025-06-30 23:17:01
a32ac6,ENY3627 ,United States,1751325421.0,1751325421,-85.9912,36.6325,9753.6,False,230.54,250.72,0.0,,10355.58,5545,False,0,2025-06-30 23:17:01
a2878e,N262MR  ,United States,1751325390.0,1751325390,-111.9473,40.1055,1531.62,False,63.5,244.06,-1.3,,1592.58,,False,0,2025-06-30 23:17:01
c00b7c,JZA735  ,Canada,1751325420.0,1751325420,-79.7713,43.4291,3093.72,False,146.67,178.39,14.63,,3185.16,0357,False,0,2025-06-30 23:17:01
ac0c24,SWA577  ,United States,1751325418.0,1751325421,-97.6599,30.2009,,True,4.12,357.19,,,,,False,0,2025-06-30 23:17:01
abec03,SWA2452 ,United States,1751325420.0,1751325421,-94.8734,35.0064,12496.8,False,227.95,171.3,0.0,,13174.98,1607,True,0,2025-06-30 23:17:01
a6ee8e,DAL1574 ,United States,1751325421.0,1751325421,-118.3641,46.452,10622.28,False,252.44,79.19,3.25,,11087.1,6675,False,0,2025-06-30 23:17:01
ac99ec,N9106Y  ,United States,1751325363.0,1751325411,-87.4997,41.5397,342.9,False,33.47,267.36,-2.28,,274.32,1200,False,0,2025-06-30 23:17:01
a81b63,EJA621  ,United States,1751325401.0,1751325406,-77.4549,38.9389,,True,0.0,267.19,,,,,False,0,2025-06-30 23:17:01
a15474,N185NJ  ,United States,1751325421.0,1751325421,-117.0652,48.2954,1706.88,False,65.26,14.15,0.0,,1744.98,,False,0,2025-06-30 23:17:01
a8e733,DAL1785 ,United States,1751325420.0,1751325420,-79.2192,32.2071,11277.6,False,245.58,294.9,0.0,,11849.1,3666,False,0,2025-06-30 23:17:01
ac741c,AAL1630 ,United States,1751325419.0,1751325419,-80.6022,37.2303,10972.8,False,239.53,238.97,0.0,,11628.12,5606,False,0,2025-06-30 23:17:01
aa344c,N757CR  ,United States,1751325243.0,1751325244,-73.4146,40.7391,53.34,False,36.01,180.0,-2.6,,15.24,3716,False,0,2025-06-30 23:17:01
a4f132,N4175K  ,United States,1751325420.0,1751325420,-122.0166,37.6077,1653.54,False,81.65,5.42,6.5,,1699.26,6351,False,0,2025-06-30 23:17:01
a65789,BMJ1805 ,United States,1751325411.0,1751325411,-104.3936,37.9051,2644.14,False,100.06,175.87,-6.5,,2865.12,,False,0,2025-06-30 23:17:01
ae172a,BALL14  ,United States,1751325420.0,1751325420,-97.6671,35.5173,525.78,False,63.44,67.59,0.0,,525.78,,False,0,2025-06-30 23:17:01
a82dbd,NKS2244 ,United States,1751325420.0,1751325420,-85.5376,40.0828,8534.4,False,181.2,204.31,0.33,,9006.84,7254,False,0,2025-06-30 23:17:01
aba40f,N8493F  ,United States,1751325420.0,1751325420,-93.2368,43.105,838.2,False,38.28,306.25,-1.3,,830.58,,False,0,2025-06-30 23:17:01
abfdaf,SWA4333 ,United States,1751325421.0,1751325421,-90.3553,42.9484,9753.6,False,207.07,262.43,0.0,,10142.22,4130,False,0,2025-06-30 23:17:01
acd71a,N9262H  ,United States,1751325420.0,1751325420,-122.6298,45.6212,198.12,False,41.31,185.0,0.0,,182.88,,False,0,2025-06-30 23:17:01
c085aa,CGYQB   ,Canada,1751325421.0,1751325421,-72.6843,45.6438,701.04,False,62.04,15.88,-0.33,,,,False,0,2025-06-30 23:17:01
ac0aac,UAL1095 ,United States,1751325420.0,1751325420,-93.1602,43.099,10660.38,False,273.33,88.06,0.0,,11049.0,0040,False,0,2025-06-30 23:17:01
aa7ac8,SWA1403 ,United States,1751325421.0,1751325421,-122.4461,37.723,3040.38,False,143.84,197.27,5.53,,3139.44,,False,0,2025-06-30 23:17:01
a1a48b,N20490  ,United States,1751325259.0,1751325259,-122.942,44.4684,1036.32,False,43.95,69.44,-3.9,,1089.66,,False,0,2025-06-30 23:17:01
a2b12d,UAL396  ,United States,1751325421.0,1751325421,-87.3691,41.987,2156.46,False,133.76,284.25,-0.65,,2209.8,1047,False,0,2025-06-30 23:17:01
a39476,N33LF   ,United States,1751325421.0,1751325421,-105.1168,39.911,1615.44,False,0.0,0.0,0.0,,1699.26,,False,0,2025-06-30 23:17:01
a38141,DAL2468 ,United States,1751325421.0,1751325421,-89.1838,43.8907,10972.8,False,200.51,255.89,-0.33,,11376.66,2211,False,0,2025-06-30 23:17:01
a82df6,EJA626  ,United States,1751325420.0,1751325420,-82.2757,29.6713,13106.4,False,221.52,110.24,0.0,,13738.86,0513,False,0,2025-06-30 23:17:01
ae1751,JAVAN73 ,United States,1751325401.0,1751325401,-100.8925,30.3037,1965.96,False,139.72,189.32,-1.63,,2072.64,,False,0,2025-06-30 23:17:01
aa7ab1,N7743N  ,United States,1751325419.0,1751325420,-117.4981,33.7962,944.88,False,56.11,328.5,-0.98,,914.4,,False,0,2025-06-30 23:17:01
a2b135,UAL1086 ,United States,1751325127.0,1751325188,-108.3223,42.384,10972.8,False,224.67,302.09,0.0,,11551.92,6532,False,0,2025-06-30 23:17:01
ac6118,UAL1329 ,United States,1751325421.0,1751325421,-74.3729,39.8798,5882.64,False,197.66,216.21,10.4,,6179.82,1710,False,0,2025-06-30 23:17:01
c085ce,PAG384  ,Canada,1751325421.0,1751325421,-80.9177,46.9673,1874.52,False,114.96,31.27,0.33,,1859.28,,False,0,2025-06-30 23:17:01
aa7aa6,SWA46   ,United States,1751325420.0,1751325421,-96.877,32.8748,304.8,False,67.31,135.93,-2.93,,289.56,4031,False,0,2025-06-30 23:17:01
c085e0,WJA714  ,Canada,1751325420.0,1751325420,-91.9826,45.4282,11277.6,False,250.49,111.19,0.33,,11590.02,3344,False,0,2025-06-30 23:17:01
a5bae5,N46889  ,United States,1751325420.0,1751325420,-122.9464,45.5804,396.24,False,51.7,174.29,-5.85,,365.76,,False,0,2025-06-30 23:17:01
a286a8,N262CL  ,United States,1751325391.0,1751325415,-95.7677,30.2368,1036.32,False,56.5,169.51,-0.98,,1089.66,1200,False,0,2025-06-30 23:17:01
c01e13,FLE440  ,Canada,1751325420.0,1751325420,-80.8639,43.6818,3543.3,False,168.22,98.97,-4.88,,3642.36,2650,False,0,2025-06-30 23:17:01
a0cc06,AAL2226 ,United States,1751325420.0,1751325420,-81.4076,30.1226,7345.68,False,238.76,358.77,2.6,,7764.78,3125,False,0,2025-06-30 23:17:01
a08f60,TWY308  ,United States,1751325420.0,1751325420,-99.861,35.4411,9502.14,False,220.4,262.76,2.6,,10081.26,,False,0,2025-06-30 23:17:01
ac878c,EDV5203 ,United States,1751325421.0,1751325421,-84.5649,33.7816,2468.88,False,144.93,21.01,13.0,,2598.42,5120,False,0,2025-06-30 23:17:01
a0a9f6,UCA4303 ,United States,1751325420.0,1751325421,-71.905,41.0621,3162.3,False,176.55,54.97,-5.85,,3314.7,5711,False,0,2025-06-30 23:17:01
a6a711,JIA5443 ,United States,1751325420.0,1751325420,-80.6868,35.4341,10058.4,False,228.21,54.91,0.0,,10675.62,3307,False,0,2025-06-30 23:17:01
a2b198,UAL2474 ,United States,1751325420.0,1751325421,-77.5758,40.7033,10363.2,False,230.62,200.09,0.0,,10957.56,1147,False,0,2025-06-30 23:17:01
a2b196,UAL1904 ,United States,1751325420.0,1751325420,-73.8589,40.773,22.86,False,88.23,121.65,6.83,,-22.86,,False,0,2025-06-30 23:17:01
a033ae,AAL15   ,United States,1751325420.0,1751325420,-85.2722,44.0304,10355.58,False,213.75,278.44,-0.33,,10797.54,5777,False,0,2025-06-30 23:17:01
a3d10f,DAL1387 ,United States,1751325420.0,1751325420,-87.0665,33.2903,10965.18,False,239.84,216.45,0.33,,11643.36,2267,False,0,2025-06-30 23:17:01
a2b17a,UAL2382 ,United States,1751325421.0,1751325421,-99.3337,33.882,10668.0,False,249.76,94.49,0.0,,11315.7,,False,0,2025-06-30 23:17:01
a53774,UAL2285 ,United States,1751325420.0,1751325420,-97.5138,33.0655,11269.98,False,244.95,121.95,0.0,,11993.88,3202,False,0,2025-06-30 23:17:01
a046f2,RPA4596 ,United States,1751325420.0,1751325420,-85.9485,36.0625,5379.72,False,190.54,94.96,10.73,,5692.14,0372,False,0,2025-06-30 23:17:01
add124,N99JT   ,United States,1751325328.0,1751325328,-96.9389,34.3073,960.12,False,90.74,299.18,-6.83,,998.22,1200,False,0,2025-06-30 23:17:01
ab4187,WUP824  ,United States,1751325420.0,1751325420,-82.9836,42.4675,1257.3,False,127.87,325.16,0.0,,1226.82,7305,False,0,2025-06-30 23:17:01
a08f41,N135RF  ,United States,1751325419.0,1751325420,-115.8454,48.2545,3703.32,False,80.07,106.81,1.63,,3855.72,,False,0,2025-06-30 23:17:01
a0a9d4,UCA4349 ,United States,1751325420.0,1751325420,-77.4572,38.9453,,True,2.57,191.25,,,,,False,0,2025-06-30 23:17:01
a3f798,N355CF  ,United States,1751325385.0,1751325385,-111.2648,32.6597,1249.68,False,54.87,321.09,-2.6,,1226.82,1623,False,0,2025-06-30 23:17:01
a0a9d1,UCA4247 ,United States,1751325419.0,1751325419,-97.2649,27.2092,4869.18,False,198.14,220.47,0.0,,5158.74,5335,False,0,2025-06-30 23:17:01
ad945a,AAL2679 ,United States,1751325420.0,1751325420,-87.3669,28.5073,10363.2,False,238.17,288.12,0.0,,10980.42,,False,0,2025-06-30 23:17:01
a38171,BGR43   ,United States,1751325389.0,1751325405,-108.1689,35.4804,4358.64,False,110.82,102.88,2.93,,4632.96,,False,0,2025-06-30 23:17:01
ad2aed,AAL355  ,United States,1751325420.0,1751325420,-96.4919,32.4219,5059.68,False,186.62,315.56,-8.78,,5372.1,0302,False,0,2025-06-30 23:17:01
ad2aea,ASA734  ,United States,1751325420.0,1751325420,-117.7779,44.9089,10363.2,False,234.64,314.38,-0.33,,10843.26,,False,0,2025-06-30 23:17:01
a1c9a0,N214NX  ,United States,1751325420.0,1751325420,-123.491,48.1175,68.58,False,47.42,285.09,-3.25,,83.82,0733,False,0,2025-06-30 23:17:01
a3e470,N35WH   ,United States,1751325421.0,1751325421,-118.995,36.9821,7620.0,False,114.09,170.92,0.0,,8008.62,,False,0,2025-06-30 23:17:01
a08f57,ELZ5    ,United States,1751325420.0,1751325421,-81.1418,30.4391,9669.78,False,264.97,185.12,-6.83,,10248.9,2510,False,0,2025-06-30 23:17:01
a8d489,UAL2331 ,United States,1751325421.0,1751325421,-98.3072,43.6835,10363.2,False,221.0,280.05,0.0,,10759.44,6530,False,0,2025-06-30 23:17:01
a19c51,N20236  ,United States,1751325407.0,1751325407,-122.2483,46.9631,1371.6,False,55.91,169.93,-4.55,,1402.08,,False,0,2025-06-30 23:17:01
a1b6e3,CXK352  ,United States,1751325259.0,1751325260,-118.1483,33.8139,30.48,False,33.44,270.0,-1.3,,-22.86,,False,0,2025-06-30 23:17:01
a1a3b9,N20430  ,United States,1751325420.0,1751325420,-111.9118,33.1568,609.6,False,38.67,303.06,0.33,,533.4,1200,False,0,2025-06-30 23:17:01
adf5ef,N999VB  ,United States,1751325420.0,1751325420,-104.0784,40.3476,8229.6,False,143.77,82.39,0.0,,8702.04,6564,False,0,2025-06-30 23:17:01
c0737c,WJA2199 ,Canada,1751325420.0,1751325420,-74.7082,41.2511,11582.4,False,218.9,310.62,0.0,,12207.24,3723,False,0,2025-06-30 23:17:01
a20c44,ENY3797 ,United States,1751325421.0,1751325421,-85.1713,34.7456,10363.2,False,234.82,320.07,-0.33,,11003.28,6037,False,0,2025-06-30 23:17:01
c0737d,CGRTC   ,Canada,1751325421.0,1751325421,-72.9984,45.8594,960.12,False,57.09,212.11,-3.58,,944.88,,False,0,2025-06-30 23:17:01
a7a17b,DAL1655 ,United States,1751325420.0,1751325420,-71.4066,42.8058,3528.06,False,197.52,284.33,3.9,,3688.08,1377,False,0,2025-06-30 23:17:01
a57f42,SWA3385 ,United States,1751325420.0,1751325420,-113.7755,32.9044,10523.22,False,230.54,268.59,-9.43,,11132.82,2152,False,0,2025-06-30 23:17:01
a08f6b,SKW5948 ,United States,1751325420.0,1751325420,-87.6805,39.9561,9616.44,False,218.93,172.57,7.8,,10142.22,6540,False,0,2025-06-30 23:17:01
c06081,ACA376  ,Canada,1751325419.0,1751325419,-73.7319,45.4649,,True,36.01,222.19,,,,,False,0,2025-06-30 23:17:01
a87196,NKS2665 ,United States,1751325421.0,1751325421,-82.5905,35.2429,10972.8,False,242.19,247.52,0.0,,11650.98,5707,False,0,2025-06-30 23:17:01
a69f24,N5259R  ,United States,1751325420.0,1751325421,-121.9672,37.6938,541.02,False,61.2,106.61,0.65,,495.3,,False,0,2025-06-30 23:17:01
a033d2,MXY656  ,United States,1751325419.0,1751325420,-85.7886,28.044,10668.0,False,245.32,108.59,0.33,,11315.7,3344,False,0,2025-06-30 23:17:01
a789b4,JIA5273 ,United States,1751325420.0,1751325420,-75.4699,38.7044,7315.2,False,216.59,187.92,-0.33,,7734.3,1663,False,0,2025-06-30 23:17:01
a669dc,N512LE  ,United States,1751325190.0,1751325228,-95.675,29.8239,45.72,False,33.02,198.15,-4.88,,38.1,2654,False,0,2025-06-30 23:17:01
a0a9fe,N1419D  ,United States,1751325420.0,1751325420,-81.0407,29.1336,335.28,False,54.48,309.25,-3.58,,358.14,2164,False,0,2025-06-30 23:17:01
a21f57,FFT4874 ,United States,1751325420.0,1751325421,-80.1861,26.066,114.3,False,73.05,90.4,-4.23,,152.4,7230,False,0,2025-06-30 23:17:01
a08f98,,United States,1751325122.0,1751325122,-86.8072,36.1529,228.6,False,10.4,278.53,-1.63,,396.24,,False,0,2025-06-30 23:17:01
a88467,QXE2129 ,United States,1751325420.0,1751325421,-102.1627,41.2371,10363.2,False,212.18,293.58,-0.33,,10888.98,,False,0,2025-06-30 23:17:01
c08688,CGYYP   ,Canada,1751325420.0,1751325420,-122.8296,48.4476,2743.2,False,71.15,172.1,-0.98,,2872.74,0462,False,0,2025-06-30 23:17:01
a9f424,SKW4950 ,United States,1751325421.0,1751325421,-84.8734,42.8547,6065.52,False,194.83,261.96,6.83,,6316.98,,False,0,2025-06-30 23:17:01
a8c121,UAL3    ,United States,1751325252.0,1751325262,-67.0838,48.4078,10675.62,False,259.17,72.32,0.0,,11094.72,2421,False,0,2025-06-30 23:17:01
a140dd,N180BZ  ,United States,1751325421.0,1751325421,-71.4417,42.6838,792.48,False,77.66,163.85,0.0,,838.2,5130,False,0,2025-06-30 23:17:01
a57f04,UAL2658 ,United States,1751325421.0,1751325421,-103.1593,42.0355,10363.2,False,226.78,266.49,0.0,,10888.98,7213,False,0,2025-06-30 23:17:01
a45f59,DAL1978 ,United States,1751325421.0,1751325421,-84.2311,33.6096,899.16,False,98.88,306.75,0.0,,929.64,2415,False,0,2025-06-30 23:17:01
a2e9fd,SWA674  ,United States,1751325420.0,1751325420,-76.8213,39.2017,502.92,False,110.67,137.26,-5.53,,495.3,2245,False,0,2025-06-30 23:17:01
a1ec57,MXY563  ,United States,1751325421.0,1751325421,-94.9992,32.5332,11277.6,False,235.07,76.33,0.0,,11963.4,1532,False,0,2025-06-30 23:17:01
ac7419,NKS2572 ,United States,1751325421.0,1751325421,-84.4509,33.6475,701.04,False,80.29,271.84,5.53,,716.28,,False,0,2025-06-30 23:17:01
ab9ab3,JRE847  ,United States,1751325420.0,1751325421,-95.7487,38.487,12192.0,False,188.32,282.78,0.0,,12793.98,1140,False,0,2025-06-30 23:17:01
a8aac8,DAL1083 ,United States,1751325295.0,1751325295,-82.2355,26.7492,3208.02,False,156.95,123.64,-7.8,,3429.0,2255,False,0,2025-06-30 23:17:01
a12c0f,N175DD  ,United States,1751325196.0,1751325196,-119.0411,37.7899,4457.7,False,29.32,36.56,,,,,False,0,2025-06-30 23:17:01
a099ff,N138MC  ,United States,1751325421.0,1751325421,-72.8872,41.8029,2880.36,False,85.04,49.66,0.98,,2987.04,1200,False,0,2025-06-30 23:17:01
a12c18,DAL365  ,United States,1751325421.0,1751325421,-83.3428,45.3502,10972.8,False,217.17,278.03,0.0,,11391.9,3033,False,0,2025-06-30 23:17:01
ad2573,SWA444  ,United States,1751325421.0,1751325421,-94.6271,38.0495,11582.4,False,217.1,270.27,0.0,,12207.24,6211,False,0,2025-06-30 23:17:01
ac058a,DAL2437 ,United States,1751325412.0,1751325416,-96.2067,46.532,10668.0,False,257.9,116.67,0.0,,10965.18,,False,0,2025-06-30 23:17:01
a82791,N62407  ,United States,1751325421.0,1751325421,-123.108,45.5777,396.24,False,42.75,320.37,0.65,,373.38,,False,0,2025-06-30 23:17:01
ad124e,EJA941  ,United States,1751325420.0,1751325420,-96.7599,32.8897,1325.88,False,125.1,319.17,-5.2,,1356.36,7254,False,0,2025-06-30 23:17:01
a2af04,N272MG  ,United States,1751325367.0,1751325367,-80.2931,25.6485,182.88,False,50.03,94.13,0.0,,198.12,,False,0,2025-06-30 23:17:01
ad6bdc,JBU416  ,United States,1751325421.0,1751325421,-112.9077,41.5701,10668.0,False,243.66,80.4,0.0,,11224.26,,False,0,2025-06-30 23:17:01
a9dde8,N735CZ  ,United States,1751325420.0,1751325420,-81.8002,28.8658,441.96,False,69.02,63.43,0.0,,495.3,,False,0,2025-06-30 23:17:01
a6c12f,VOI730  ,United States,1751325406.0,1751325407,-97.6366,25.8609,11285.22,False,231.77,4.71,0.0,,12001.5,,False,0,2025-06-30 23:17:01
a24c01,,United States,1751325369.0,1751325382,-118.4067,38.6311,12001.5,False,233.07,284.31,-4.88,,12611.1,,False,0,2025-06-30 23:17:01
a349a6,N3103V  ,United States,1751325380.0,1751325380,-87.8982,42.1066,243.84,False,29.94,340.94,-2.6,,220.98,1200,False,0,2025-06-30 23:17:01
abd26b,SWA3968 ,United States,1751325420.0,1751325420,-105.8821,37.7037,11277.6,False,239.31,62.33,0.0,,11887.2,2640,False,0,2025-06-30 23:17:01
ad1267,N941RS  ,United States,1751325420.0,1751325420,-97.0781,38.9666,12496.8,False,255.42,87.46,-0.33,,13098.78,1720,False,0,2025-06-30 23:17:01
a12c04,N175CT  ,United States,1751325420.0,1751325420,-74.8715,40.5951,1226.82,False,148.46,28.34,0.33,,1249.68,2001,False,0,2025-06-30 23:17:01
a7e133,N6069Y  ,United States,1751325420.0,1751325420,-96.6622,33.971,1249.68,False,71.38,80.88,1.3,,1272.54,,False,0,2025-06-30 23:17:01
a5a10a,AAL143  ,United States,1751325419.0,1751325419,-121.0197,33.7136,8945.88,False,231.14,260.39,2.28,,9387.84,,False,0,2025-06-30 23:17:01
a060ae,AAL1320 ,United States,1751325420.0,1751325420,-84.0907,33.5773,9898.38,False,236.69,66.83,-4.23,,10507.98,7306,False,0,2025-06-30 23:17:01
a4dad4,UAL710  ,United States,1751325402.0,1751325418,-77.4547,38.9467,,True,0.0,270.0,,,,,False,0,2025-06-30 23:17:01
4075b4,VIR104L ,United Kingdom,1751325420.0,1751325421,-81.3483,38.5263,11277.6,False,255.78,40.51,-0.33,,11940.54,5163,False,0,2025-06-30 23:17:01
a203b0,AAY1334 ,United States,1751325421.0,1751325421,-95.1263,44.8493,10957.56,False,218.51,331.14,0.0,,11292.84,3062,False,0,2025-06-30 23:17:01
a0d6fb,SKW5236 ,United States,1751325420.0,1751325420,-116.4056,46.7452,10363.2,False,210.38,212.21,-0.33,,10835.64,,False,0,2025-06-30 23:17:01
a00c7a,DAL519  ,United States,1751325421.0,1751325421,-97.8225,37.069,10965.18,False,225.37,292.41,0.0,,11582.4,1614,False,0,2025-06-30 23:17:01
ac17b0,SWA2152 ,United States,1751325403.0,1751325408,-97.6646,30.2018,,True,0.0,351.56,,,,,False,0,2025-06-30 23:17:01
a67146,N514LA  ,United States,1751325420.0,1751325420,-81.8126,34.0761,1211.58,False,64.6,264.52,-0.33,,1264.92,,False,0,2025-06-30 23:17:01
ac17b3,N8789T  ,United States,1751325226.0,1751325240,-85.4359,32.6276,297.18,False,33.02,184.47,-2.28,,297.18,,False,0,2025-06-30 23:17:01
a6c125,N534VA  ,United States,1751325420.0,1751325420,-121.5929,36.9311,1219.2,False,50.11,289.18,0.65,,1211.58,1200,False,0,2025-06-30 23:17:01
a6c120,AAL1422 ,United States,1751325420.0,1751325420,-70.9003,41.9518,2804.16,False,134.83,60.01,-2.28,,2926.08,2541,False,0,2025-06-30 23:17:01
ad129d,N941TW  ,United States,1751325421.0,1751325421,-121.6972,38.0881,1318.26,False,41.07,257.7,0.0,,1310.64,,False,0,2025-06-30 23:17:01
a7912a,DAL693  ,United States,1751325416.0,1751325416,-84.4303,33.6495,,True,21.09,267.19,,,,3542,False,0,2025-06-30 23:17:01
a2af23,ENY3801 ,United States,1751325421.0,1751325421,-90.7958,34.3695,9448.8,False,243.09,79.76,0.0,,10043.16,2346,False,0,2025-06-30 23:17:01
a0c3b6,CSB7521 ,United States,1751325345.0,1751325346,-84.6686,39.0685,312.42,False,70.48,180.0,-3.58,,274.32,3525,False,0,2025-06-30 23:17:01
c05f94,ROU1740 ,Canada,1751325419.0,1751325420,-80.7289,24.1956,8374.38,False,241.28,232.89,-17.88,,8884.92,3025,False,0,2025-06-30 23:17:01
a68485,SKW6242 ,United States,1751325332.0,1751325332,-116.1648,43.5434,1089.66,False,82.19,290.14,-4.23,,1676.4,,False,0,2025-06-30 23:17:01
a203a3,N229NG  ,United States,1751325420.0,1751325421,-85.7552,34.8652,7924.8,False,126.3,302.52,-0.33,,8404.86,3142,False,0,2025-06-30 23:17:01
a25f51,N252EA  ,United States,1751325358.0,1751325412,-113.377,32.8607,2049.78,False,43.41,264.56,-0.33,,2148.84,4147,False,0,2025-06-30 23:17:01
a3cf6d,UAL1275 ,United States,1751325420.0,1751325420,-109.6373,32.6816,10972.8,False,230.56,295.65,0.98,,11605.26,1001,False,0,2025-06-30 23:17:01
ac0519,SWA1078 ,United States,1751325421.0,1751325421,-81.3793,32.2572,10972.8,False,235.09,125.29,0.0,,11605.26,1531,False,0,2025-06-30 23:17:01
a0c3fc,ABX3196 ,United States,1751325421.0,1751325421,-85.7668,34.1753,11590.02,False,233.32,337.17,-0.33,,12268.2,3611,False,0,2025-06-30 23:17:01
ab951a,N8452R  ,United States,1751325285.0,1751325285,-83.8811,43.4248,365.76,False,46.52,218.26,-1.3,,396.24,,False,0,2025-06-30 23:17:01
a2af7c,N272SB  ,United States,1751325421.0,1751325421,-76.3926,36.6329,579.12,False,58.37,40.71,0.98,,655.32,1200,False,0,2025-06-30 23:17:01
a576f0,MVK94   ,United States,1751325419.0,1751325419,-94.0242,44.2757,1363.98,False,56.92,276.23,-0.65,,1371.6,,False,0,2025-06-30 23:17:01
76ccce,SIA7973 ,Singapore,1751325323.0,1751325323,-108.9266,42.7435,10058.4,False,261.72,41.33,0.0,,10576.56,,False,0,2025-06-30 23:17:01
a323d6,VJA301  ,United States,1751325420.0,1751325420,-117.3878,34.3515,9464.04,False,248.02,51.06,8.45,,9974.58,1032,False,0,2025-06-30 23:17:01
ab3edd,ASH3234 ,United States,1751325420.0,1751325420,-96.1218,30.8828,7787.64,False,218.31,150.96,-5.2,,8275.32,5156,False,0,2025-06-30 23:17:01
aab202,AAL198  ,United States,1751325359.0,1751325359,-73.7864,40.6519,,True,2.57,59.06,,,,,False,0,2025-06-30 23:17:01
a696f1,N52334  ,United States,1751325420.0,1751325420,-97.9382,30.2676,624.84,False,49.85,148.93,0.0,,640.08,1200,False,0,2025-06-30 23:17:01
a826bb,N624ST  ,United States,1751325420.0,1751325420,-122.4805,45.6945,472.44,False,44.09,352.63,0.98,,464.82,,False,0,2025-06-30 23:17:01
acaec8,AAL3137 ,United States,1751325420.0,1751325420,-94.9842,40.784,10363.2,False,201.9,250.96,0.33,,10858.5,1334,False,0,2025-06-30 23:17:01
ac0543,VTE3841 ,United States,1751325421.0,1751325421,-84.3879,40.3055,8534.4,False,177.87,285.6,-0.33,,8968.74,3655,False,0,2025-06-30 23:17:01
abd204,SWA1283 ,United States,1751325420.0,1751325420,-80.5616,32.7835,12192.0,False,240.77,217.36,0.33,,12847.32,3632,False,0,2025-06-30 23:17:01
a959b4,EJA701  ,United States,1751325420.0,1751325421,-88.8287,45.0883,13098.78,False,207.42,278.27,-0.33,,13525.5,1376,False,0,2025-06-30 23:17:01
a336e3,AAL1208 ,United States,1751325420.0,1751325420,-103.1909,34.6513,11513.82,False,235.65,117.85,-4.23,,12161.52,7760,False,0,2025-06-30 23:17:01
ac4bb8,SWA3107 ,United States,1751325421.0,1751325421,-87.7911,41.7901,655.32,False,94.62,214.81,3.25,,624.84,3153,False,0,2025-06-30 23:17:01
ad3854,N95091  ,United States,1751325184.0,1751325184,-80.573,35.1347,304.8,False,29.69,261.03,-2.28,,289.56,,False,0,2025-06-30 23:17:01
a336df,AAL2668 ,United States,1751325413.0,1751325417,-81.8444,41.4183,297.18,False,73.38,229.83,-3.58,,243.84,2034,False,0,2025-06-30 23:17:01
aa0d0d,MTN7465 ,United States,1751325420.0,1751325420,-78.0704,40.6454,2156.46,False,58.08,214.53,3.9,,2232.66,3076,False,0,2025-06-30 23:17:01
a97aff,N71PF   ,United States,1751325421.0,1751325421,-72.9401,40.6978,342.9,False,71.78,243.62,-0.33,,312.42,,False,0,2025-06-30 23:17:01
ad385f,AAL2673 ,United States,1751325298.0,1751325413,-88.918,32.7087,10058.4,False,233.8,117.81,0.0,,10683.24,0564,False,0,2025-06-30 23:17:01
ad6bac,N964GV  ,United States,1751325420.0,1751325420,-80.4119,26.5831,2103.12,False,65.55,8.58,0.33,,2217.42,,False,0,2025-06-30 23:17:01
abe52d,AMX456  ,United States,1751325420.0,1751325420,-84.8056,34.8325,9753.6,False,239.0,208.83,0.0,,10340.34,4336,False,0,2025-06-30 23:17:01
ad2531,TCN946  ,United States,1751325421.0,1751325421,-104.3289,39.7239,6492.24,False,202.4,107.61,8.45,,6888.48,,False,0,2025-06-30 23:17:01
a8aaff,FFT4702 ,United States,1751325413.0,1751325418,-97.6714,30.194,,True,0.0,154.69,,,,3703,False,0,2025-06-30 23:17:01
a589e0,N456RC  ,United States,1751325411.0,1751325411,-119.6709,35.6845,2506.98,False,47.37,8.75,0.0,,2552.7,,False,0,2025-06-30 23:17:01
407698,VIR8Y   ,United Kingdom,1751325421.0,1751325421,-115.7594,35.5096,10591.8,False,264.88,48.23,2.93,,11178.54,1031,False,0,2025-06-30 23:17:01
407699,VIR153  ,United Kingdom,1751325302.0,1751325308,-73.7731,40.6337,,True,0.0,30.94,,,,6030,False,0,2025-06-30 23:17:01
c029c8,PVL2586 ,Canada,1751325420.0,1751325420,-69.7955,45.3983,7620.0,False,187.66,103.96,0.0,,7993.38,,False,0,2025-06-30 23:17:01
c05f0a,JZA973  ,Canada,1751325421.0,1751325421,-80.0978,43.4595,2773.68,False,139.72,233.38,-0.33,,2834.64,2227,False,0,2025-06-30 23:17:01
abd230,SWA495  ,United States,1751325421.0,1751325421,-91.5874,34.423,11582.4,False,218.8,247.17,0.0,,12260.58,1576,False,0,2025-06-30 23:17:01
ab8266,N8401T  ,United States,1751325236.0,1751325238,-112.3887,40.2242,2727.96,False,52.69,279.55,-2.6,,2849.88,0347,False,0,2025-06-30 23:17:01
a4ef58,N417NL  ,United States,1751325415.0,1751325415,-118.4877,34.2057,,True,3.6,261.56,,,,,False,0,2025-06-30 23:17:01
a310c5,BPX297  ,United States,1751325420.0,1751325420,-81.137,29.298,144.78,False,51.28,76.66,-2.93,,152.4,0135,False,0,2025-06-30 23:17:01
c05f04,JZA497  ,Canada,1751325420.0,1751325421,-75.5108,45.3628,7315.2,False,150.33,258.15,0.33,,7650.48,,False,0,2025-06-30 23:17:01
a49f7d,N3972W  ,United States,1751325420.0,1751325420,-77.6927,39.0262,434.34,False,60.78,236.04,0.0,,419.1,,False,0,2025-06-30 23:17:01
a6f9b3,DAL571  ,United States,1751325420.0,1751325420,-82.6939,43.0871,10355.58,False,215.39,253.77,0.0,,10873.74,6331,False,0,2025-06-30 23:17:01
a310bb,AAY866  ,United States,1751325420.0,1751325420,-89.4964,40.0893,10142.22,False,236.29,149.81,1.95,,10683.24,3263,False,0,2025-06-30 23:17:01
a49f89,UAL1559 ,United States,1751325420.0,1751325420,-115.258,35.8736,11277.6,False,255.14,48.6,0.33,,11887.2,0176,False,0,2025-06-30 23:17:01
c04af4,JZA721  ,Canada,1751325420.0,1751325420,-83.5978,43.9566,9753.6,False,212.61,267.92,0.65,,10218.42,0521,False,0,2025-06-30 23:17:01
ac03ef,ASH6044 ,United States,1751325420.0,1751325421,-82.3995,34.6832,1958.34,False,147.24,14.57,-9.1,,2057.4,7671,False,0,2025-06-30 23:17:01
a0753d,N129BC  ,United States,1751325421.0,1751325421,-88.8433,39.1577,1988.82,False,74.34,236.86,0.0,,2049.78,,False,0,2025-06-30 23:17:01
ab80f4,DAL958  ,United States,1751325421.0,1751325421,-76.8529,42.5177,11887.2,False,262.37,90.11,-0.33,,12504.42,6760,False,0,2025-06-30 23:17:01
a1f822,RPA5644 ,United States,1751325421.0,1751325421,-71.3792,41.6322,3909.06,False,150.52,241.86,-5.85,,4107.18,2114,False,0,2025-06-30 23:17:01
ac4c8a,SWA4492 ,United States,1751325420.0,1751325420,-121.9264,37.3659,,True,0.0,47.81,,,,,False,0,2025-06-30 23:17:01
ac03ff,SWA1009 ,United States,1751325420.0,1751325420,-83.669,39.0474,11582.4,False,223.78,270.13,0.0,,12245.34,3545,False,0,2025-06-30 23:17:01
a813e9,N62AE   ,United States,1751325247.0,1751325247,-70.3109,41.6915,160.02,False,63.89,139.9,-3.58,,144.78,1115,False,0,2025-06-30 23:17:01
a97c40,N710CA  ,United States,1751325420.0,1751325420,-81.8178,28.1645,1485.9,False,67.19,49.97,0.0,,1584.96,2672,False,0,2025-06-30 23:17:01
a07522,AAL975  ,United States,1751325420.0,1751325420,-87.7824,41.9883,685.8,False,86.95,269.32,-4.23,,670.56,1040,False,0,2025-06-30 23:17:01
aa60bb,ENY4241 ,United States,1751325420.0,1751325421,-87.96,41.9736,701.04,False,87.07,286.83,3.58,,685.8,4312,False,0,2025-06-30 23:17:01
acf0da,AAL1394 ,United States,1751325414.0,1751325416,-81.7778,24.5821,9745.98,False,228.29,303.51,0.0,,10309.86,,False,0,2025-06-30 23:17:01
a6d3af,DAL466  ,United States,1751325420.0,1751325420,-88.3085,36.1445,11887.2,False,244.88,89.88,0.0,,12542.52,7213,False,0,2025-06-30 23:17:01
a44521,UAL496  ,United States,1751325420.0,1751325420,-84.9491,31.0698,10668.0,False,240.76,122.43,0.0,,11330.94,7435,False,0,2025-06-30 23:17:01
a31216,UAL630  ,United States,1751325421.0,1751325421,-87.7182,42.0027,1005.84,False,90.55,270.65,-3.25,,1013.46,4172,False,0,2025-06-30 23:17:01
a62f93,UAL2207 ,United States,1751325420.0,1751325420,-88.5167,41.9882,4632.96,False,172.6,277.02,13.33,,4808.22,6531,False,0,2025-06-30 23:17:01
a1f884,ENY4289 ,United States,1751325420.0,1751325421,-109.9596,32.3772,9654.54,False,226.7,290.04,-5.53,,10248.9,1551,False,0,2025-06-30 23:17:01
c01776,CFIWZ   ,Canada,1751325421.0,1751325421,-79.4203,43.4737,708.66,False,109.25,263.51,-2.6,,655.32,1062,False,0,2025-06-30 23:17:01
aa1f97,AAL3008 ,United States,1751325140.0,1751325266,-78.6384,30.8021,11582.4,False,241.36,185.5,-0.33,,12123.42,3767,False,0,2025-06-30 23:17:01
acf0d8,,United States,1751325131.0,1751325131,-71.0172,42.355,,True,6.17,345.94,,,,,False,0,2025-06-30 23:17:01
a6f9fa,GJS4189 ,United States,1751325295.0,1751325295,-87.8926,42.0028,266.7,False,64.31,270.0,-4.55,,228.6,5346,False,0,2025-06-30 23:17:01
a8ac35,UAL921  ,United States,1751325420.0,1751325420,-68.5718,46.5254,10972.8,False,218.63,225.29,0.0,,11468.1,0747,False,0,2025-06-30 23:17:01
acf0e6,OZN933  ,United States,1751325420.0,1751325420,-80.4264,25.6532,-30.48,False,36.56,87.58,3.25,,7.62,,False,0,2025-06-30 23:17:01
c04ad7,CGCIW   ,Canada,1751325279.0,1751325279,-72.3285,45.9002,510.54,False,46.96,222.78,-1.95,,495.3,,False,0,2025-06-30 23:17:01
a98f33,MTN7509 ,United States,1751325420.0,1751325421,-80.3072,26.0776,701.04,False,85.92,90.69,-4.23,,754.38,,False,0,2025-06-30 23:17:01
a1e522,CXK690  ,United States,1751325421.0,1751325421,-73.0995,40.898,1280.16,False,54.33,37.3,2.93,,1310.64,3071,False,0,2025-06-30 23:17:01
a24ba7,SKW4180 ,United States,1751325420.0,1751325420,-92.4654,37.9099,11582.4,False,206.46,250.8,0.0,,12207.24,4171,False,0,2025-06-30 23:17:01
a44502,DAL1182 ,United States,1751325166.0,1751325166,-84.4364,33.643,,True,0.0,90.0,,,,5140,False,0,2025-06-30 23:17:01
aa73c3,SWA2603 ,United States,1751325421.0,1751325421,-100.8798,33.6845,11582.4,False,220.32,249.07,-0.33,,12237.72,7104,False,0,2025-06-30 23:17:01
a7f3ae,JIA5598 ,United States,1751325421.0,1751325421,-78.3764,39.243,10363.2,False,249.24,199.03,0.0,,10995.66,2122,False,0,2025-06-30 23:17:01
a37ec4,AAL2060 ,United States,1751325420.0,1751325420,-96.0635,31.915,8290.56,False,232.14,328.32,-11.38,,8823.96,4014,False,0,2025-06-30 23:17:01
a37eb0,AAL1391 ,United States,1751325420.0,1751325421,-80.0468,25.5953,3177.54,False,165.72,305.27,-7.15,,3375.66,,False,0,2025-06-30 23:17:01
ac0504,SKW5468 ,United States,1751325420.0,1751325420,-117.099,43.6021,10363.2,False,222.76,209.47,-0.33,,10896.6,,False,0,2025-06-30 23:17:01
a61c8a,N493PH  ,United States,1751325420.0,1751325420,-95.1248,30.1233,411.48,False,71.65,21.04,0.33,,441.96,,False,0,2025-06-30 23:17:01
a97c18,ASA973  ,United States,1751325420.0,1751325420,-100.458,45.8913,10363.2,False,212.73,284.14,0.0,,10759.44,0561,False,0,2025-06-30 23:17:01
a0c53e,N149MM  ,United States,1751325251.0,1751325262,-86.833,41.4519,929.64,False,61.24,271.44,0.0,,922.02,,False,0,2025-06-30 23:17:01
a1821f,N1969Y  ,United States,1751325421.0,1751325421,-118.4938,34.2418,464.82,False,40.21,176.33,-4.23,,419.1,4661,False,0,2025-06-30 23:17:01
a74f99,LFA325  ,United States,1751325419.0,1751325419,-81.4706,30.5773,1043.94,False,58.79,4.01,0.33,,1089.66,,False,0,2025-06-30 23:17:01
a826f1,SKW4726 ,United States,1751325421.0,1751325421,-104.1699,39.5435,5151.12,False,178.72,306.57,-5.2,,5486.4,5715,False,0,2025-06-30 23:17:01
a33843,JBU341  ,United States,1751325420.0,1751325421,-74.3109,39.1428,8694.42,False,225.27,220.09,5.53,,9189.72,7171,False,0,2025-06-30 23:17:01
a5b3ea,N467DC  ,United States,1751325270.0,1751325276,-87.8567,42.4125,365.76,False,29.47,314.29,-3.25,,312.42,,False,0,2025-06-30 23:17:01
ab2c0c,DAL46   ,United States,1751325420.0,1751325420,-72.9027,42.7354,8229.6,False,254.09,60.53,-0.33,,8663.94,0357,False,0,2025-06-30 23:17:01
a62ee6,GTI8174 ,United States,1751325420.0,1751325420,-118.0974,33.9011,1813.56,False,124.67,338.2,-6.83,,1851.66,6460,False,0,2025-06-30 23:17:01
a69869,GJS4424 ,United States,1751325420.0,1751325421,-76.0298,44.2945,6705.6,False,227.3,186.5,0.0,,7002.78,6206,False,0,2025-06-30 23:17:01
aae9e6,N802GE  ,United States,1751325337.0,1751325338,-85.8092,41.7518,480.06,False,60.24,272.45,-2.93,,411.48,,False,0,2025-06-30 23:17:01
a44560,UAL2106 ,United States,1751325421.0,1751325421,-88.2148,41.704,3078.48,False,182.17,41.79,0.0,,3169.92,1553,False,0,2025-06-30 23:17:01
a0628f,AAL2446 ,United States,1751325420.0,1751325420,-92.9449,34.4751,9753.6,False,220.6,252.07,0.0,,10340.34,1676,False,0,2025-06-30 23:17:01
a98ea6,CNS1824 ,United States,1751325421.0,1751325421,-118.4497,34.0182,,True,6.69,45.0,,,,,False,0,2025-06-30 23:17:01
c01734,ACA822  ,Canada,1751325413.0,1751325420,-67.7593,46.0523,10058.4,False,276.01,76.64,-0.33,,10546.08,,False,0,2025-06-30 23:17:01
a6e837,EJA544  ,United States,1751325421.0,1751325421,-123.2345,42.048,12496.8,False,203.8,178.41,-0.33,,13060.68,6624,False,0,2025-06-30 23:17:01
a70848,EJA552  ,United States,1751325421.0,1751325421,-93.471,41.4036,13106.4,False,188.11,263.09,0.0,,13624.56,7204,False,0,2025-06-30 23:17:01
aa751e,N773KS  ,United States,1751325420.0,1751325420,-102.2192,39.4483,11582.4,False,233.39,278.24,0.33,,12161.52,,False,0,2025-06-30 23:17:01
c01729,ACA33   ,Canada,1751325421.0,1751325421,-80.9736,43.9698,8450.58,False,241.33,271.22,10.08,,8854.44,0535,False,0,2025-06-30 23:17:01
a4453e,UAL251  ,United States,1751325420.0,1751325421,-84.9438,33.0167,10363.2,False,240.48,228.3,0.0,,10988.04,1525,False,0,2025-06-30 23:17:01
a70853,N552RC  ,United States,1751325421.0,1751325421,-94.8661,41.4168,13098.78,False,243.21,261.85,-0.33,,13601.7,7265,False,0,2025-06-30 23:17:01
ac4c21,SWA3182 ,United States,1751325421.0,1751325421,-78.0721,38.1055,6896.1,False,198.69,216.37,7.48,,7284.72,2161,False,0,2025-06-30 23:17:01
aa883e,ENY4042 ,United States,1751325420.0,1751325421,-93.8298,41.6185,8115.3,False,198.05,264.19,-8.45,,8473.44,3530,False,0,2025-06-30 23:17:01
a6e866,N544SP  ,United States,1751325419.0,1751325420,-116.5483,43.4948,1531.62,False,52.57,69.97,0.0,,1554.48,,False,0,2025-06-30 23:17:01
a44544,UAL2456 ,United States,1751325421.0,1751325421,-91.5175,34.1012,10972.8,False,227.16,227.2,0.0,,11628.12,6637,False,0,2025-06-30 23:17:01
ad36c8,AAL460  ,United States,1751325420.0,1751325420,-83.1648,34.3074,8442.96,False,246.63,259.91,4.88,,8953.5,5715,False,0,2025-06-30 23:17:01
c00416,CFBOF   ,Canada,1751325281.0,1751325281,-73.4126,45.5147,30.48,False,22.6,228.69,0.0,,0.0,,False,0,2025-06-30 23:17:01
ac4c44,SWA1004 ,United States,1751325419.0,1751325420,-102.0814,32.2008,11582.4,False,223.61,264.98,0.33,,12283.44,0043,False,0,2025-06-30 23:17:01
a97c9a,FFT1175 ,United States,1751325421.0,1751325421,-104.4353,39.911,2575.56,False,149.39,70.07,7.48,,2720.34,,False,0,2025-06-30 23:17:01
a7e0f0,N60671  ,United States,1751325365.0,1751325406,-119.7581,34.6046,2743.2,False,99.89,114.98,-0.65,,2865.12,,False,0,2025-06-30 23:17:01
a087c5,EJA133  ,United States,1751325420.0,1751325420,-100.9095,41.4957,12496.8,False,270.01,76.33,-0.33,,13060.68,6341,False,0,2025-06-30 23:17:01
a790fc,N587M   ,United States,1751325420.0,1751325420,-90.3705,42.9737,8534.4,False,263.01,328.52,0.0,,8854.44,2101,False,0,2025-06-30 23:17:01
ad6c26,N964MS  ,United States,1751325376.0,1751325388,-117.7663,34.0966,426.72,False,33.2,220.6,-5.85,,396.24,4051,True,0,2025-06-30 23:17:01
a50ed9,TIV425  ,United States,1751325398.0,1751325398,-118.3613,34.2114,,True,2.83,2.81,,,,,False,0,2025-06-30 23:17:01
a4eeb4,LXJ417  ,United States,1751325420.0,1751325420,-81.0991,29.9356,9555.48,False,256.55,184.72,-13.98,,10111.74,7053,False,0,2025-06-30 23:17:01
a44591,DAL2824 ,United States,1751325421.0,1751325421,-80.9646,28.3319,3352.8,False,179.28,71.25,5.85,,3528.06,3042,False,0,2025-06-30 23:17:01
ae56b4,R20588  ,United States,1751325414.0,1751325420,-97.713,31.1365,,True,0.0,160.31,,,,,False,0,2025-06-30 23:17:01
ae56b1,R20585  ,United States,1751325411.0,1751325411,-122.3826,47.0089,403.86,False,48.24,277.35,-2.93,,411.48,,False,0,2025-06-30 23:17:01
a6981a,DAL482  ,United States,1751325421.0,1751325421,-102.5897,36.3545,10363.2,False,221.52,274.93,0.0,,10972.8,6223,False,0,2025-06-30 23:17:01
ac4c67,SWA1592 ,United States,1751325421.0,1751325421,-121.8236,45.5297,2712.72,False,148.36,267.02,-4.55,,2842.26,7153,False,0,2025-06-30 23:17:01
a44585,UAL1197 ,United States,1751325420.0,1751325420,-81.2942,28.9096,5433.06,False,225.49,355.55,9.1,,5730.24,6363,False,0,2025-06-30 23:17:01
a44588,UAL1073 ,United States,1751325421.0,1751325421,-104.6696,39.7429,3444.24,False,142.1,275.4,-2.28,,3657.6,5773,False,0,2025-06-30 23:17:01
aac3f4,JBU483  ,United States,1751325420.0,1751325421,-73.7264,40.5247,1424.94,False,144.25,116.93,14.96,,1463.04,3340,False,0,2025-06-30 23:17:01
a56531,LXJ447  ,United States,1751325420.0,1751325420,-112.0137,33.4278,,True,9.26,270.0,,,,3312,False,0,2025-06-30 23:17:01
ac03e2,SWA1664 ,United States,1751325421.0,1751325421,-94.1012,40.7241,10668.0,False,267.25,74.25,0.0,,11178.54,,False,0,2025-06-30 23:17:01
abe3c8,SWA2909 ,United States,1751325421.0,1751325421,-115.1474,36.0791,,True,3.6,157.5,,,,,False,0,2025-06-30 23:17:01
a5b50b,EJA467  ,United States,1751325420.0,1751325420,-96.8644,32.9848,1127.76,False,109.34,298.37,-8.78,,1158.24,2051,False,0,2025-06-30 23:17:01
aab0ba,SWA721  ,United States,1751325420.0,1751325420,-103.6441,34.1291,10668.0,False,248.8,11.45,0.0,,11269.98,,False,0,2025-06-30 23:17:01
ad23d5,DAL2600 ,United States,1751325420.0,1751325420,-78.8119,35.8668,396.24,False,88.08,226.89,14.31,,381.0,,False,0,2025-06-30 23:17:01
a36bfa,N32AC   ,United States,1751325420.0,1751325420,-91.3776,37.1005,13106.4,False,188.99,257.74,0.0,,13746.48,7460,False,0,2025-06-30 23:17:01
4074e2,BAW21V  ,United Kingdom,1751325420.0,1751325421,-75.0355,42.5065,12192.0,False,232.18,235.29,-0.33,,12809.22,4265,False,0,2025-06-30 23:17:01
a57878,N4512G  ,United States,1751325421.0,1751325421,-118.9989,34.276,312.42,False,44.27,231.13,-2.28,,274.32,,False,0,2025-06-30 23:17:01
4074e3,BAW187  ,United Kingdom,1751325421.0,1751325421,-81.8682,41.4017,12184.38,False,231.9,247.02,0.0,,12824.46,2446,False,0,2025-06-30 23:17:01
ab80cb,KSU40   ,United States,1751325421.0,1751325421,-97.7535,38.8986,1341.12,False,37.14,323.45,4.55,,1402.08,,False,0,2025-06-30 23:17:01
a8abe6,QXE2146 ,United States,1751325420.0,1751325420,-122.4521,37.6126,2232.66,False,144.81,174.09,12.35,,2316.48,3672,False,0,2025-06-30 23:17:01
a074bc,N1287E  ,United States,1751325420.0,1751325420,-93.1907,45.234,1066.8,False,50.15,26.83,-0.65,,1051.56,,False,0,2025-06-30 23:17:01
a5b59d,SWA940  ,United States,1751325420.0,1751325420,-113.5277,35.8871,9486.9,False,232.81,96.09,7.48,,10027.92,,False,0,2025-06-30 23:17:01
ab839d,AAL153  ,United States,1751325421.0,1751325421,-88.2935,36.5894,12192.0,False,234.63,240.01,0.0,,12893.04,3457,False,0,2025-06-30 23:17:01
a4329f,N37NA   ,United States,1751325420.0,1751325420,-121.8934,36.7256,922.02,False,56.73,300.52,-0.33,,891.54,,False,0,2025-06-30 23:17:01
a087fd,SKW4653 ,United States,1751325414.0,1751325420,-103.9998,41.6416,8839.2,False,210.48,12.13,0.33,,9304.02,,False,0,2025-06-30 23:17:01
abc058,SWA572  ,United States,1751325420.0,1751325420,-106.8456,35.4514,11582.4,False,233.12,271.52,-0.33,,12207.24,4052,False,0,2025-06-30 23:17:01
c03a5a,WJA2025 ,Canada,1751325416.0,1751325421,-80.4567,37.3409,11887.2,False,221.78,10.42,0.0,,12565.38,3735,False,0,2025-06-30 23:17:01
a00d5b,AAL238  ,United States,1751325420.0,1751325421,-76.2623,42.4823,11277.6,False,260.34,113.53,0.0,,11856.72,4530,False,0,2025-06-30 23:17:01
aa6399,N769GM  ,United States,1751325420.0,1751325420,-117.6216,33.9607,533.4,False,55.05,89.46,1.3,,487.68,,False,0,2025-06-30 23:17:01
0c21a7,CMP476  ,Panama,1751325420.0,1751325420,-101.9991,37.7817,10972.8,False,226.0,295.05,0.0,,11567.16,7224,False,0,2025-06-30 23:17:01
a00d48,N102MU  ,United States,1751325341.0,1751325341,-81.9491,27.9995,304.8,False,41.49,250.44,0.65,,304.8,,False,0,2025-06-30 23:17:01
a6c277,N5346D  ,United States,1751325421.0,1751325421,-86.4226,39.9632,548.64,False,45.33,350.86,1.63,,510.54,,False,0,2025-06-30 23:17:01
a7e24a,EDV4863 ,United States,1751325421.0,1751325421,-86.811,36.7917,8534.4,False,222.25,162.49,6.83,,9044.94,6740,False,0,2025-06-30 23:17:01
a74efc,LXJ570  ,United States,1751325421.0,1751325421,-94.0573,42.0825,13716.0,False,255.7,89.19,-0.33,,14218.92,3730,False,0,2025-06-30 23:17:01
a5b55f,UAL1476 ,United States,1751325421.0,1751325421,-117.9155,33.5598,1234.44,False,121.09,229.13,12.68,,1242.06,,False,0,2025-06-30 23:17:01
a5524d,N442CR  ,United States,1751325237.0,1751325241,-97.7058,35.5913,419.1,False,30.37,358.06,-3.25,,411.48,,False,0,2025-06-30 23:17:01
a0b1ab,N144BF  ,United States,1751325421.0,1751325421,-70.7525,41.8447,891.54,False,48.97,148.31,-2.6,,891.54,,False,0,2025-06-30 23:17:01
a324c6,N301TV  ,United States,1751325400.0,1751325400,-94.8233,35.4043,792.48,False,60.21,340.02,0.0,,777.24,,False,0,2025-06-30 23:17:01
4caffb,ITY610  ,Ireland,1751325420.0,1751325420,-73.7786,40.6334,,True,6.69,300.94,,,,2563,False,0,2025-06-30 23:17:01
a1e4d9,AMF1589 ,United States,1751325421.0,1751325421,-70.4416,43.8418,3048.0,False,109.75,218.91,-0.33,,3185.16,,False,0,2025-06-30 23:17:01
a5c899,ASA494  ,United States,1751325420.0,1751325420,-103.623,34.5341,10058.4,False,228.83,190.75,0.33,,10637.52,6632,False,0,2025-06-30 23:17:01
a23a28,UAL1544 ,United States,1751325420.0,1751325420,-100.1848,36.0428,11582.4,False,241.24,335.29,-0.33,,12222.48,2634,False,0,2025-06-30 23:17:01
a5c895,AAL2428 ,United States,1751325420.0,1751325420,-96.7735,37.8943,10050.78,False,261.56,97.57,0.0,,10622.28,3776,False,0,2025-06-30 23:17:01
ad0074,JBU1708 ,United States,1751325420.0,1751325421,-79.7911,26.72,3977.64,False,195.19,164.72,-5.85,,4198.62,2053,False,0,2025-06-30 23:17:01
ace06b,N929JK  ,United States,1751325417.0,1751325418,-111.8875,39.8027,3406.14,False,35.92,321.98,0.0,,3634.74,,False,0,2025-06-30 23:17:01
a181d3,N1967S  ,United States,1751325420.0,1751325421,-117.5507,33.3112,1524.0,False,53.48,136.17,0.33,,1539.24,,False,0,2025-06-30 23:17:01
a12d93,N175US  ,United States,1751325421.0,1751325421,-96.8619,33.166,830.58,False,73.68,217.91,-2.6,,845.82,,False,0,2025-06-30 23:17:01
ad0088,JSX392  ,United States,1751325420.0,1751325420,-118.6254,33.7243,7048.5,False,214.99,305.55,5.53,,7414.26,,False,0,2025-06-30 23:17:01
aac5a9,N7931D  ,United States,1751325421.0,1751325421,-91.6588,41.7628,1600.2,False,75.99,340.22,5.85,,1645.92,,False,0,2025-06-30 23:17:01
a6c247,UAL564  ,United States,1751325421.0,1751325421,-106.7451,39.8749,9418.32,False,232.57,239.12,7.15,,9944.1,0610,False,0,2025-06-30 23:17:01
c04d98,JZA707  ,Canada,1751325421.0,1751325421,-80.3887,43.3262,3916.68,False,167.3,230.24,12.03,,4038.6,6351,False,0,2025-06-30 23:17:01
a6e89b,DAL807  ,United States,1751325420.0,1751325420,-115.1369,36.0775,,True,4.63,90.0,,,,,False,0,2025-06-30 23:17:01
a194e0,N20033  ,United States,1751325420.0,1751325421,-122.7922,45.1249,754.38,False,49.48,8.97,-1.95,,754.38,,False,0,2025-06-30 23:17:01
a12d67,SKW3336 ,United States,1751325420.0,1751325420,-116.0441,33.457,7406.64,False,190.5,235.45,-4.55,,7802.88,,False,0,2025-06-30 23:17:01
ac18cd,N879LP  ,United States,1751325420.0,1751325420,-85.4549,38.3429,731.52,False,42.78,176.55,-1.3,,746.76,,False,0,2025-06-30 23:17:01
ad260e,CXK253  ,United States,1751325421.0,1751325421,-118.2777,33.8359,1005.84,False,41.98,287.1,2.6,,998.22,,False,0,2025-06-30 23:17:01
a5fd2d,SWA1142 ,United States,1751325420.0,1751325421,-79.556,37.8731,9441.18,False,248.63,87.98,0.0,,9997.44,1045,False,0,2025-06-30 23:17:01
407799,BAW9HL  ,United Kingdom,1751325421.0,1751325421,-72.8863,40.3418,8915.4,False,261.12,84.23,7.8,,9425.94,3363,False,0,2025-06-30 23:17:01
a0b1ea,,United States,1751325292.0,1751325292,-117.5362,47.624,,True,0.06,14.06,,,,,False,0,2025-06-30 23:17:01
a431ad,N37CJ   ,United States,1751325421.0,1751325421,-112.7701,33.3964,2918.46,False,55.19,163.76,-1.63,,3048.0,1200,False,0,2025-06-30 23:17:01
a85d15,N638SS  ,United States,1751325421.0,1751325421,-118.3053,33.708,1242.06,False,47.23,213.0,0.33,,1226.82,,False,0,2025-06-30 23:17:01
a4dd65,AAL891  ,United States,1751325365.0,1751325410,-87.7447,28.0622,9745.98,False,238.86,272.1,0.0,,10355.58,3561,False,0,2025-06-30 23:17:01
abf964,N8705G  ,United States,1751325420.0,1751325420,-93.1021,41.6469,777.24,False,42.56,352.36,-0.33,,777.24,,False,0,2025-06-30 23:17:01
aa88fb,RPA3566 ,United States,1751325129.0,1751325140,-82.8573,39.9907,297.18,False,71.14,273.73,-3.58,,297.18,4070,False,0,2025-06-30 23:17:01
a1d1d0,SWA4240 ,United States,1751325397.0,1751325397,-111.9958,33.4336,,True,0.0,199.69,,,,,False,0,2025-06-30 23:17:01
a85d00,RPA3467 ,United States,1751325421.0,1751325421,-87.4124,41.8862,1638.3,False,123.9,50.56,-6.18,,1684.02,6702,False,0,2025-06-30 23:17:01
ad262c,N94623  ,United States,1751325420.0,1751325420,-99.1195,39.7768,3139.44,False,59.22,352.01,0.0,,3291.84,,False,0,2025-06-30 23:17:01
ab7013,EJA836  ,United States,1751325421.0,1751325421,-75.247,40.1752,3787.14,False,164.46,35.58,-6.83,,3931.92,1745,False,0,2025-06-30 23:17:01
c017ed,JZA555  ,Canada,1751325421.0,1751325421,-79.6103,43.6736,,True,9.26,53.44,,,,1670,False,0,2025-06-30 23:17:01
a4ca56,N40798  ,United States,1751325420.0,1751325420,-119.0734,34.2136,121.92,False,38.59,270.76,-1.63,,60.96,,False,0,2025-06-30 23:17:01
a11a81,SKW3758 ,United States,1751325420.0,1751325420,-90.1368,32.445,10058.4,False,236.97,92.99,0.0,,10675.62,3651,False,0,2025-06-30 23:17:01
a73d45,ASA646  ,United States,1751325421.0,1751325421,-104.9991,31.1369,10972.8,False,232.1,293.1,0.0,,11620.5,7431,False,0,2025-06-30 23:17:01
a1e4e9,MXY229  ,United States,1751325420.0,1751325420,-87.6928,39.6917,8839.2,False,234.43,145.82,0.0,,9334.5,5535,False,0,2025-06-30 23:17:01
ac1995,WUP879  ,United States,1751325328.0,1751325340,-68.5049,44.3595,1325.88,False,140.19,42.47,-4.55,,1348.74,2323,False,0,2025-06-30 23:17:01
abf96c,SWA492  ,United States,1751325115.0,1751325115,-96.8523,32.849,,True,2.31,225.0,,,,7262,False,0,2025-06-30 23:17:01
abe65a,AAL2859 ,United States,1751325421.0,1751325421,-80.6768,35.1291,2331.72,False,150.38,80.15,13.33,,2438.4,,False,0,2025-06-30 23:17:01
ab967b,DAL503  ,United States,1751325420.0,1751325420,-98.703,38.2144,10363.2,False,220.89,297.46,0.0,,10934.7,3552,False,0,2025-06-30 23:17:01
a8028a,JIA5635 ,United States,1751325421.0,1751325421,-78.7052,36.0957,6705.6,False,227.68,260.11,-0.33,,7101.84,7210,False,0,2025-06-30 23:17:01
a61d00,UAL2057 ,United States,1751325417.0,1751325417,-110.9378,37.8381,9997.44,False,231.9,240.93,-5.2,,10584.18,1434,False,0,2025-06-30 23:17:01
a6c28c,N53460  ,United States,1751325421.0,1751325421,-86.2961,36.177,434.34,False,44.43,5.31,-2.28,,419.1,1200,False,0,2025-06-30 23:17:01
ad6cbc,N964TS  ,United States,1751325420.0,1751325420,-96.5996,38.0306,6111.24,False,163.63,48.44,11.38,,6263.64,,False,0,2025-06-30 23:17:01
a35a98,ENY3387 ,United States,1751325403.0,1751325417,-83.3612,25.971,10363.2,False,214.27,352.55,0.0,,10980.42,,False,0,2025-06-30 23:17:01
ad3997,AAL2981 ,United States,1751325420.0,1751325421,-81.2403,35.4272,1965.96,False,132.98,101.83,0.65,,2057.4,5651,False,0,2025-06-30 23:17:01
a7e276,NKS2230 ,United States,1751325421.0,1751325421,-86.5341,34.8106,11567.16,False,227.66,257.47,0.33,,12260.58,0557,False,0,2025-06-30 23:17:01
a4dd35,SKW3203 ,United States,1751325420.0,1751325420,-118.1977,47.2254,5356.86,False,171.66,228.52,9.1,,5638.8,,False,0,2025-06-30 23:17:01
acf344,ASH6250 ,United States,1751325416.0,1751325420,-94.6627,30.108,1531.62,False,117.16,214.81,-4.55,,1653.54,7263,False,0,2025-06-30 23:17:01
a48d94,N3927R  ,United States,1751325301.0,1751325303,-116.8637,32.6829,731.52,False,52.79,127.87,-4.23,,685.8,,False,0,2025-06-30 23:17:01
a9225e,EJA688  ,United States,1751325418.0,1751325421,-120.1112,34.6357,2750.82,False,142.34,170.64,0.0,,2819.4,6027,False,0,2025-06-30 23:17:01
ab703e,SKW3640 ,United States,1751325295.0,1751325295,-83.3275,42.2286,312.42,False,71.11,208.05,-4.23,,266.7,6727,False,0,2025-06-30 23:17:01
aac69d,N7938C  ,United States,1751325420.0,1751325420,-116.9315,32.8261,441.96,False,49.82,196.19,-2.6,,381.0,,False,0,2025-06-30 23:17:01
a21911,N234TM  ,United States,1751325420.0,1751325420,-122.4735,38.1874,518.16,False,65.36,241.82,-1.63,,457.2,1200,False,0,2025-06-30 23:17:01
ab704b,SCX395  ,United States,1751325420.0,1751325421,-119.4708,37.8141,9753.6,False,238.35,261.31,0.0,,10233.66,,False,0,2025-06-30 23:17:01
a0d90c,AAL3102 ,United States,1751325421.0,1751325421,-87.7349,37.343,10355.58,False,222.65,234.88,0.0,,10965.18,3560,False,0,2025-06-30 23:17:01
ab7067,UAL1755 ,United States,1751325420.0,1751325420,-78.3941,38.6128,5166.36,False,195.85,82.0,-4.55,,5440.68,3270,False,0,2025-06-30 23:17:01
a97d85,RGY710  ,United States,1751325293.0,1751325293,-113.237,38.2924,11292.84,False,230.95,196.7,0.0,,11917.68,,False,0,2025-06-30 23:17:01
a6c1f1,N5342K  ,United States,1751325420.0,1751325420,-121.3201,38.6654,487.68,False,48.44,292.48,-0.33,,487.68,1200,False,0,2025-06-30 23:17:01
abd1e3,SWA1654 ,United States,1751325421.0,1751325421,-87.9506,37.4044,9220.2,False,237.93,130.44,-4.23,,9768.84,2110,False,0,2025-06-30 23:17:01
a801de,FFT4550 ,United States,1751325417.0,1751325419,-81.2061,32.1353,,True,0.0,326.25,,,,0252,False,0,2025-06-30 23:17:01
a08993,N1336U  ,United States,1751325421.0,1751325421,-90.2345,35.2358,609.6,False,36.01,180.82,-1.63,,617.22,,False,0,2025-06-30 23:17:01
48ae24,LOT7    ,Poland,1751325421.0,1751325421,-71.5952,43.82,11155.68,False,256.87,34.8,3.9,,11734.8,2762,False,0,2025-06-30 23:17:01
a2061e,UAL761  ,United States,1751325420.0,1751325420,-99.6379,45.5829,12192.0,False,256.9,204.61,0.0,,12626.34,,False,0,2025-06-30 23:17:01
48ae23,LOT45   ,Poland,1751325420.0,1751325420,-76.4009,47.1841,12192.0,False,233.78,205.55,-0.33,,12687.3,,False,0,2025-06-30 23:17:01
a19646,N201FQ  ,United States,1751325421.0,1751325421,-117.7206,33.3966,1676.4,False,72.97,148.55,0.0,,1714.5,,False,0,2025-06-30 23:17:01
485e2f,KLM611  ,Kingdom of the Netherlands,1751325418.0,1751325418,-87.9116,41.9674,,True,13.38,92.81,,,,2455,False,0,2025-06-30 23:17:01
a20645,EJM23   ,United States,1751325420.0,1751325421,-90.2808,42.0341,12496.8,False,260.66,83.09,-0.33,,13014.96,3532,False,0,2025-06-30 23:17:01
485e2e,KLM602  ,Kingdom of the Netherlands,1751325421.0,1751325421,-101.4684,45.7548,10660.38,False,250.77,50.66,0.0,,11102.34,,False,0,2025-06-30 23:17:01
a2195d,SWA3381 ,United States,1751325420.0,1751325421,-92.9618,43.0034,11582.4,False,199.67,268.52,0.33,,12016.74,6527,False,0,2025-06-30 23:17:01
a0899d,N13364  ,United States,1751325419.0,1751325420,-88.3725,42.3953,1036.32,False,43.04,65.27,-4.88,,1036.32,,False,0,2025-06-30 23:17:01
a6c1fe,N5342Y  ,United States,1751325410.0,1751325410,-80.4608,26.4971,518.16,False,51.97,291.49,0.98,,563.88,,False,0,2025-06-30 23:17:01
48ae06,LOT4TL  ,Poland,1751325420.0,1751325421,-71.0179,42.5947,13106.4,False,249.12,199.67,-0.33,,13708.38,2523,False,0,2025-06-30 23:17:01
48ae02,LOT2    ,Poland,1751325339.0,1751325339,-84.0729,45.9941,11277.6,False,290.28,38.6,-0.33,,11719.56,5623,False,0,2025-06-30 23:17:01
a4efa4,N417RM  ,United States,1751325401.0,1751325405,-119.2438,37.4862,7315.2,False,225.71,276.41,-3.58,,7650.48,,False,0,2025-06-30 23:17:01
48ae01,,Poland,1751325382.0,1751325382,-82.5954,47.8861,11574.78,False,213.16,219.22,0.33,,11963.4,,False,0,2025-06-30 23:17:01
a37fa1,UAL1696 ,United States,1751325420.0,1751325420,-90.2592,28.3584,10972.8,False,241.77,300.0,0.0,,11658.6,2645,False,0,2025-06-30 23:17:01
a37fa0,N32403  ,United States,1751325417.0,1751325417,-88.5076,42.2889,952.5,False,47.22,11.31,-0.98,,914.4,,False,0,2025-06-30 23:17:01
a01fee,AAL166  ,United States,1751325421.0,1751325421,-111.0792,39.9223,10675.62,False,244.35,77.1,0.0,,11239.5,1727,False,0,2025-06-30 23:17:01
4948b5,JME515U ,Portugal,1751325420.0,1751325420,-77.4396,38.9521,,True,5.4,180.0,,,,,False,0,2025-06-30 23:17:01
a4ca66,AAL1634 ,United States,1751325420.0,1751325420,-81.6933,35.0752,10660.38,False,235.71,76.75,0.0,,11323.32,2665,False,0,2025-06-30 23:17:01
a84a1a,JIA5336 ,United States,1751325421.0,1751325421,-85.1449,31.6334,8153.4,False,224.04,325.29,2.6,,8656.32,,False,0,2025-06-30 23:17:01
ad3908,,United States,1751325234.0,1751325236,-81.9975,27.97,281.94,False,62.97,85.31,-0.98,,312.42,,False,0,2025-06-30 23:17:01
a60a54,LFA453  ,United States,1751325420.0,1751325420,-80.5746,28.1564,731.52,False,48.73,259.05,5.2,,739.14,4234,False,0,2025-06-30 23:17:01
a24ce0,UAL500  ,United States,1751325420.0,1751325420,-110.418,32.6247,11277.6,False,233.98,101.93,0.0,,11902.44,2053,False,0,2025-06-30 23:17:01
a0769c,N129RD  ,United States,1751325421.0,1751325421,-96.7142,33.3125,891.54,False,82.95,7.13,3.9,,876.3,,False,0,2025-06-30 23:17:01
a791c0,AAL884  ,United States,1751325420.0,1751325420,-97.0816,32.7955,1173.48,False,126.86,214.59,16.91,,1203.96,3410,False,0,2025-06-30 23:17:01
ab3fc4,AAL236  ,United States,1751325391.0,1751325397,-73.7934,40.651,,True,0.32,75.94,,,,,False,0,2025-06-30 23:17:01
a0a034,CSB7505 ,United States,1751325420.0,1751325420,-79.0415,26.3822,8336.28,False,236.87,71.25,13.0,,8755.38,,False,0,2025-06-30 23:17:01
a814bc,N62JR   ,United States,1751325420.0,1751325420,-118.8032,34.2085,1417.32,False,91.95,286.91,-2.28,,1409.7,1312,False,0,2025-06-30 23:17:01
a4ca6a,ASA905  ,United States,1751325421.0,1751325421,-114.4665,46.9382,9144.0,False,214.03,303.23,0.33,,9585.96,,False,0,2025-06-30 23:17:01
a19691,RPA5641 ,United States,1751325420.0,1751325420,-71.3551,42.5002,2697.48,False,131.84,124.19,-5.53,,2811.78,4107,False,0,2025-06-30 23:17:01
a827f2,N6243Z  ,United States,1751325420.0,1751325421,-122.7449,47.72,1066.8,False,48.02,314.13,0.0,,1089.66,,False,0,2025-06-30 23:17:01
ac1934,EJA879  ,United States,1751325420.0,1751325420,-93.2231,44.7637,2209.8,False,138.69,121.04,-6.83,,2225.04,7146,False,0,2025-06-30 23:17:01
a84a17,NKS2226 ,United States,1751325420.0,1751325421,-85.1583,32.9427,8740.14,False,249.11,119.85,2.6,,9304.02,7143,False,0,2025-06-30 23:17:01
a4ca87,N408BW  ,United States,1751325348.0,1751325380,-86.3134,36.2118,304.8,False,40.34,185.86,-3.58,,274.32,,False,0,2025-06-30 23:17:01
a6c1d0,N5341M  ,United States,1751325421.0,1751325421,-82.7592,38.9051,13510.26,False,203.04,72.3,2.6,,14142.72,2522,False,0,2025-06-30 23:17:01
a4460d,UAL2667 ,United States,1751325420.0,1751325420,-87.7953,35.5386,9448.8,False,245.99,115.39,0.33,,10027.92,7202,False,0,2025-06-30 23:17:01
ab3fcc,AAL621  ,United States,1751325421.0,1751325421,-82.6453,34.6126,10728.96,False,218.65,53.8,5.53,,11369.04,7231,False,0,2025-06-30 23:17:01
ac1951,RPA5645 ,United States,1751325420.0,1751325421,-86.9461,41.9461,10668.0,False,251.02,110.51,0.33,,11193.78,3347,False,0,2025-06-30 23:17:01
a33964,ASA122  ,United States,1751325421.0,1751325421,-122.7002,44.6846,4869.18,False,189.31,4.21,-8.45,,5128.26,2055,False,0,2025-06-30 23:17:01
a5ea5c,UAL465  ,United States,1751325420.0,1751325420,-102.8862,30.5062,10675.62,False,251.33,87.3,0.0,,11338.56,1725,False,0,2025-06-30 23:17:01
a70978,N5522A  ,United States,1751325421.0,1751325421,-97.8176,35.5687,1051.56,False,49.92,116.3,-0.33,,1082.04,,False,0,2025-06-30 23:17:01
a5c96e,N472KE  ,United States,1751325420.0,1751325420,-122.3792,45.0232,3368.04,False,79.25,173.29,0.0,,3520.44,6661,False,0,2025-06-30 23:17:01
a0a060,N14AJ   ,United States,1751325420.0,1751325420,-115.4658,47.7133,3642.36,False,88.74,274.32,0.0,,3810.0,,False,0,2025-06-30 23:17:01
c05ec7,ACA1277 ,Canada,1751325214.0,1751325237,-82.9046,46.4196,10363.2,False,201.15,270.0,0.0,,10751.82,0130,False,0,2025-06-30 23:17:01
a81624,N62ZA   ,United States,1751325421.0,1751325421,-73.5993,40.9288,1074.42,False,71.02,74.45,0.33,,1097.28,0241,False,0,2025-06-30 23:17:01
c05eac,ACA465  ,Canada,1751325410.0,1751325410,-79.6131,43.6646,198.12,True,19.03,239.06,,,,6274,False,0,2025-06-30 23:17:01
ad6d03,SWA3576 ,United States,1751325411.0,1751325411,-117.1756,37.1975,10363.2,False,243.88,312.95,0.33,,10904.22,2606,False,0,2025-06-30 23:17:01
a98fd6,NKS2347 ,United States,1751325420.0,1751325421,-92.7698,42.7314,9753.6,False,226.03,325.48,0.33,,10142.22,3143,False,0,2025-06-30 23:17:01
c05ee5,ACA1071 ,Canada,1751325420.0,1751325420,-76.1164,45.2709,8343.9,False,209.08,257.64,1.95,,8724.9,6513,False,0,2025-06-30 23:17:01
ac04ae,SWA2024 ,United States,1751325268.0,1751325268,-104.6959,39.9078,1607.82,False,85.95,178.29,-4.23,,1722.12,5725,False,0,2025-06-30 23:17:01
aac4c4,SKW5694 ,United States,1751325421.0,1751325421,-97.2669,37.1744,10195.56,False,212.63,288.04,5.53,,10774.68,0776,False,0,2025-06-30 23:17:01
a1836c,AAY256  ,United States,1751325421.0,1751325421,-91.8761,31.447,11590.02,False,226.81,250.66,0.0,,12306.3,3660,False,0,2025-06-30 23:17:01
a3133c,ASA304  ,United States,1751325421.0,1751325421,-88.8087,47.8446,10363.2,False,222.27,281.75,0.0,,10576.56,,False,0,2025-06-30 23:17:01
c05edd,ACA578  ,Canada,1751325420.0,1751325420,-119.3629,48.075,10530.84,False,232.85,112.88,3.9,,10949.94,2601,False,0,2025-06-30 23:17:01
ac04c6,SKW5993 ,United States,1751325420.0,1751325420,-91.0228,43.1691,8412.48,False,176.02,268.33,7.48,,8709.66,,False,0,2025-06-30 23:17:01
ac04c5,SKW5579 ,United States,1751325420.0,1751325421,-121.5134,38.523,10668.0,False,210.74,158.07,-0.33,,11178.54,1776,False,0,2025-06-30 23:17:01
ac04c2,SKW6965 ,United States,1751325420.0,1751325420,-87.8635,41.7772,2552.7,False,152.85,163.58,19.18,,2644.14,1312,False,0,2025-06-30 23:17:01
c05ed0,ACA1029 ,Canada,1751325420.0,1751325420,-93.3557,34.3517,10972.8,False,228.9,251.12,0.0,,11620.5,6220,True,0,2025-06-30 23:17:01
ac04be,ASH6361 ,United States,1751325419.0,1751325419,-92.087,31.8942,8534.4,False,230.3,279.13,0.33,,9044.94,3011,False,0,2025-06-30 23:17:01
4075c3,UBT70Z  ,United Kingdom,1751325421.0,1751325421,-72.9179,41.4136,6713.22,False,227.31,50.51,5.85,,7086.6,2611,False,0,2025-06-30 23:17:01
0c20f6,CMP472  ,Panama,1751325420.0,1751325420,-118.2229,33.9536,815.34,False,92.78,262.99,-4.88,,807.72,0265,False,0,2025-06-30 23:17:01
a0a046,N1399U  ,United States,1751325344.0,1751325350,-117.8571,33.691,91.44,False,30.63,209.15,-1.95,,38.1,,False,0,2025-06-30 23:17:01
a1c023,N2114F  ,United States,1751325251.0,1751325251,-79.0961,35.5937,91.44,False,30.77,200.56,-1.3,,60.96,,False,0,2025-06-30 23:17:01
c05ed8,ACA595  ,Canada,1751325160.0,1751325348,-79.6126,43.6798,,True,0.06,53.44,,,,,False,0,2025-06-30 23:17:01
c05ed9,ACA742  ,Canada,1751325421.0,1751325421,-104.8145,41.1242,10668.0,False,239.23,82.46,0.0,,11231.88,6355,False,0,2025-06-30 23:17:01
a57968,N4519B  ,United States,1751325420.0,1751325421,-70.8718,41.9883,1600.2,False,43.75,2.02,2.6,,1653.54,,False,0,2025-06-30 23:17:01
aab1af,SWA3905 ,United States,1751325421.0,1751325421,-90.8414,39.9461,10591.8,False,253.44,37.66,-8.13,,11140.44,0674,False,0,2025-06-30 23:17:01
a62fd1,SWA2887 ,United States,1751325367.0,1751325367,-115.1308,36.0737,662.94,False,77.17,269.62,-2.28,,655.32,,False,0,2025-06-30 23:17:01
a075ae,N129FR  ,United States,1751325397.0,1751325420,-73.6298,41.8306,1280.16,False,43.51,204.44,-0.33,,1287.78,,False,0,2025-06-30 23:17:01
aac4ed,UAL19   ,United States,1751325420.0,1751325421,-69.5711,43.0915,10561.32,False,256.41,56.79,3.9,,11064.24,2701,False,0,2025-06-30 23:17:01
a1c083,N21167  ,United States,1751325308.0,1751325308,-76.0415,38.8071,274.32,False,52.07,29.6,-2.28,,259.08,,False,0,2025-06-30 23:17:01
a74fa2,JIA5068 ,United States,1751325106.0,1751325108,-97.0331,32.9069,,True,11.32,0.0,,,,,False,0,2025-06-30 23:17:01
a68631,N5197F  ,United States,1751325420.0,1751325420,-121.854,37.4241,1150.62,False,44.14,338.82,3.25,,1158.24,1200,False,0,2025-06-30 23:17:01
c05ea6,ACA121  ,Canada,1751325418.0,1751325419,-88.2948,48.9055,9738.36,False,225.57,298.32,0.33,,9883.14,,False,0,2025-06-30 23:17:01
a56661,UAL1604 ,United States,1751325421.0,1751325421,-113.1964,40.7245,10972.8,False,227.38,270.0,0.0,,11559.54,1462,False,0,2025-06-30 23:17:01
a2e045,UAL1667 ,United States,1751325420.0,1751325420,-88.7992,35.9653,10668.0,False,248.03,25.82,0.0,,11315.7,5672,False,0,2025-06-30 23:17:01
a96a7d,N7057Q  ,United States,1751325187.0,1751325187,-95.7582,41.2447,419.1,False,32.93,0.9,-1.95,,411.48,,False,0,2025-06-30 23:17:01
acf1a3,PDT5805 ,United States,1751325382.0,1751325383,-75.1928,39.8812,160.02,False,74.99,255.3,-3.58,,129.54,4533,False,0,2025-06-30 23:17:01
a55333,N442MW  ,United States,1751325412.0,1751325419,-87.6703,41.8634,213.36,False,0.0,0.0,0.0,,144.78,1200,False,0,2025-06-30 23:17:01
aac363,N793CG  ,United States,1751325420.0,1751325420,-104.1165,39.0914,5372.1,False,170.62,273.63,-9.1,,5684.52,7376,False,0,2025-06-30 23:17:01
a6d234,DAL1780 ,United States,1751325421.0,1751325421,-70.9675,42.4423,441.96,False,76.31,199.29,-4.55,,434.34,1636,False,0,2025-06-30 23:17:01
a98bc2,JRE714  ,United States,1751325420.0,1751325420,-76.0515,41.8974,7315.2,False,204.07,21.13,-0.65,,7680.96,5535,False,0,2025-06-30 23:17:01
aac35d,ASI978  ,United States,1751325420.0,1751325421,-97.5627,30.9321,1356.36,False,50.16,201.04,-1.3,,1402.08,2157,True,0,2025-06-30 23:17:01
abd010,AAL2270 ,United States,1751325421.0,1751325421,-98.7257,32.972,8968.74,False,226.03,316.94,14.96,,9517.38,3414,False,0,2025-06-30 23:17:01
a9a867,N721MS  ,United States,1751325415.0,1751325420,-103.0611,44.0445,,True,0.0,241.88,,,,,False,0,2025-06-30 23:17:01
a56285,N446SP  ,United States,1751325420.0,1751325420,-121.647,37.1512,975.36,False,57.26,328.59,-1.3,,975.36,1200,False,0,2025-06-30 23:17:01
a097cc,UAL1046 ,United States,1751325420.0,1751325420,-84.7597,33.6995,3169.92,False,153.97,284.31,11.05,,3322.32,7102,False,0,2025-06-30 23:17:01
a9587d,N701CF  ,United States,1751325420.0,1751325421,-93.0374,45.1082,1531.62,False,113.13,5.22,-0.33,,1562.1,,False,0,2025-06-30 23:17:01
a8bbbc,AAL2990 ,United States,1751325421.0,1751325421,-92.2997,38.204,9136.38,False,229.85,255.22,0.0,,9654.54,4067,False,0,2025-06-30 23:17:01
ab9383,AAL2321 ,United States,1751325421.0,1751325421,-89.3549,42.4668,5478.78,False,227.42,99.5,-9.75,,5692.14,1362,False,0,2025-06-30 23:17:01
a69592,N523RH  ,United States,1751325421.0,1751325421,-73.5095,41.196,632.46,False,66.9,91.32,-0.98,,632.46,0216,False,0,2025-06-30 23:17:01
ac1698,SWA1704 ,United States,1751325420.0,1751325421,-90.8794,38.0135,10058.4,False,251.51,113.89,0.65,,10637.52,1432,False,0,2025-06-30 23:17:01
aa735a,SWA4065 ,United States,1751325420.0,1751325420,-106.6767,39.0904,10972.8,False,232.6,206.68,-0.33,,11544.3,3260,False,0,2025-06-30 23:17:01
ab9387,DAL88   ,United States,1751325421.0,1751325421,-78.2821,35.9073,8839.2,False,253.08,63.7,0.0,,9387.84,3141,False,0,2025-06-30 23:17:01
a8cec7,FFT3131 ,United States,1751325420.0,1751325420,-100.3776,30.8571,10363.2,False,232.96,281.33,0.0,,11010.9,2502,False,0,2025-06-30 23:17:01
a99ed2,JIA5250 ,United States,1751325397.0,1751325397,-81.5997,30.7678,3337.56,False,165.09,33.05,8.45,,3489.96,,False,0,2025-06-30 23:17:01
aa1cfa,N7504N  ,United States,1751325420.0,1751325420,-123.3356,39.5103,3505.2,False,80.38,148.34,-0.98,,3619.5,,False,0,2025-06-30 23:17:01
a44257,UAL2204 ,United States,1751325197.0,1751325420,-112.1661,37.5394,10355.58,False,230.91,235.07,-0.33,,10927.08,1322,False,0,2025-06-30 23:17:01
c05d7b,WJA2930 ,Canada,1751325420.0,1751325421,-78.0996,38.2023,10972.8,False,244.47,181.69,0.0,,11620.5,2721,False,0,2025-06-30 23:17:01
a44258,UAL2272 ,United States,1751325421.0,1751325421,-96.2161,43.3228,9144.0,False,210.0,233.47,0.0,,9486.9,2652,False,0,2025-06-30 23:17:01
a4423b,UAL2386 ,United States,1751325420.0,1751325421,-96.374,38.7755,10058.4,False,264.36,108.26,0.0,,10599.42,,False,0,2025-06-30 23:17:01
a25d36,SWA2971 ,United States,1751325392.0,1751325394,-122.213,37.7113,,True,0.19,56.25,,,,2014,False,0,2025-06-30 23:17:01
a347c0,N310KP  ,United States,1751325334.0,1751325410,-92.6338,41.3891,327.66,False,70.12,202.43,2.28,,266.7,,False,0,2025-06-30 23:17:01
a227d4,N238SM  ,United States,1751325421.0,1751325421,-105.362,44.6525,12192.0,False,199.86,258.72,-0.33,,12702.54,,False,0,2025-06-30 23:17:01
aa9990,ENY3720 ,United States,1751325421.0,1751325421,-74.4823,45.2761,10363.2,False,218.81,320.25,-0.33,,10850.88,3570,False,0,2025-06-30 23:17:01
ad237c,ASA229  ,United States,1751325421.0,1751325421,-95.8705,46.4121,11277.6,False,255.38,116.82,0.0,,11582.4,,False,0,2025-06-30 23:17:01
a9a80f,N721JD  ,United States,1751325420.0,1751325420,-118.7731,34.2822,975.36,False,42.68,105.38,3.58,,960.12,,False,0,2025-06-30 23:17:01
abd063,RPA5621 ,United States,1751325421.0,1751325421,-79.7379,34.0455,9448.8,False,228.38,20.44,-0.33,,10020.3,1622,False,0,2025-06-30 23:17:01
a4ebd9,EJA416  ,United States,1751325391.0,1751325396,-118.4877,34.2083,,True,0.0,73.12,,,,,False,0,2025-06-30 23:17:01
a097e9,UAL1852 ,United States,1751325420.0,1751325420,-99.992,25.9316,4160.52,False,147.84,302.64,-8.13,,4389.12,7260,False,0,2025-06-30 23:17:01
a56256,EJA446  ,United States,1751325319.0,1751325319,-122.383,37.6264,,True,4.89,16.88,,,,5521,False,0,2025-06-30 23:17:01
c05d3c,JZA824  ,Canada,1751325421.0,1751325421,-76.0033,39.1771,6858.0,False,216.3,81.66,1.3,,7254.24,4067,False,0,2025-06-30 23:17:01
a74bab,N5697E  ,United States,1751325420.0,1751325420,-86.5259,34.9173,1051.56,False,44.86,266.05,0.0,,1074.42,0136,False,0,2025-06-30 23:17:01
a25d05,UPS9302 ,United States,1751325420.0,1751325420,-89.7334,36.0205,11559.54,False,241.44,237.09,0.0,,12283.44,0060,False,0,2025-06-30 23:17:01
a5c564,N471FX  ,United States,1751325421.0,1751325421,-95.069,29.3318,4846.32,False,159.37,347.13,0.98,,5135.88,,False,0,2025-06-30 23:17:01
aab09a,SWA4281 ,United States,1751325421.0,1751325421,-122.2607,37.7332,533.4,False,98.18,308.19,5.85,,495.3,3301,False,0,2025-06-30 23:17:01
aa0b10,RPA3618 ,United States,1751325420.0,1751325420,-76.6943,38.286,7101.84,False,201.19,172.8,4.55,,7505.7,3743,False,0,2025-06-30 23:17:01
a5d7b0,LFA457  ,United States,1751325419.0,1751325420,-81.442,28.6297,579.12,False,56.4,218.33,-0.33,,624.84,3074,False,0,2025-06-30 23:17:01
a12a64,N1740C  ,United States,1751325420.0,1751325420,-82.1823,28.5531,861.06,False,44.03,316.42,-0.33,,906.78,,False,0,2025-06-30 23:17:01
ac6fa4,SKW5719 ,United States,1751325420.0,1751325420,-87.6926,42.0918,1775.46,False,109.58,90.27,-7.48,,1805.94,5337,False,0,2025-06-30 23:17:01
aa98cd,JRE782  ,United States,1751325420.0,1751325421,-86.618,35.9893,13716.0,False,194.31,160.03,0.33,,14378.94,5653,False,0,2025-06-30 23:17:01
a214e5,AAY3226 ,United States,1751325421.0,1751325421,-111.7142,40.2113,,True,0.06,227.81,,,,,False,0,2025-06-30 23:17:01
ac6faf,N900FF  ,United States,1751325420.0,1751325421,-97.4865,35.9389,457.2,False,63.89,165.07,-1.63,,449.58,,False,0,2025-06-30 23:17:01
ab4fd4,DAL296  ,United States,1751325420.0,1751325420,-76.2212,36.892,10066.02,False,244.21,43.21,0.0,,10652.76,7175,False,0,2025-06-30 23:17:01
a62d26,N4975F  ,United States,1751325420.0,1751325420,-117.0988,32.8002,335.28,False,41.18,290.47,-1.95,,281.94,,False,0,2025-06-30 23:17:01
ab0971,AAL1970 ,United States,1751325108.0,1751325108,-81.6609,30.5082,38.1,False,64.44,250.41,-2.93,,45.72,,False,0,2025-06-30 23:17:01
aae94c,MRA609  ,United States,1751325418.0,1751325418,-85.0052,43.4997,2164.08,False,89.44,156.97,0.65,,2194.56,,False,0,2025-06-30 23:17:01
a214bd,N233ME  ,United States,1751325399.0,1751325399,-118.492,34.2143,,True,12.86,354.38,,,,5413,False,0,2025-06-30 23:17:01
a24a0a,ASA1135 ,United States,1751325420.0,1751325421,-118.3006,33.5601,7688.58,False,225.54,314.82,8.13,,8061.96,1047,False,0,2025-06-30 23:17:01
a36a13,DAL3155 ,United States,1751325421.0,1751325421,-86.3177,39.8651,10050.78,False,262.01,38.06,0.33,,10607.04,5671,False,0,2025-06-30 23:17:01
ac2952,DAL647  ,United States,1751325420.0,1751325421,-94.9015,30.5965,10363.2,False,231.26,320.32,0.0,,10995.66,7130,False,0,2025-06-30 23:17:01
a0d4d3,GMN86   ,United States,1751325421.0,1751325421,-123.1949,44.6686,1424.94,False,97.33,207.38,-0.65,,1463.04,,False,0,2025-06-30 23:17:01
a9327a,DAL2274 ,United States,1751325420.0,1751325420,-105.0752,40.9665,11887.2,False,242.05,43.02,0.33,,12451.08,1633,False,0,2025-06-30 23:17:01
a24a31,MXY206  ,United States,1751325421.0,1751325421,-79.9867,33.0068,2148.84,False,149.12,325.54,11.38,,2247.9,3223,False,0,2025-06-30 23:17:01
ad8fa4,JBU263  ,United States,1751325421.0,1751325421,-91.373,43.718,10363.2,False,202.07,290.88,0.0,,10698.48,4553,False,0,2025-06-30 23:17:01
ad493b,SWA1660 ,United States,1751325420.0,1751325420,-86.6736,36.1224,,True,5.66,312.19,,,,,False,0,2025-06-30 23:17:01
c05d08,JZA964  ,Canada,1751325406.0,1751325419,-73.7493,45.4598,,True,0.0,270.0,,,,5213,False,0,2025-06-30 23:17:01
adba98,N984GB  ,United States,1751325420.0,1751325420,-93.7347,41.2738,10660.38,False,183.0,275.65,-2.93,,11155.68,4052,False,0,2025-06-30 23:17:01
a3cd6b,DAL948  ,United States,1751325421.0,1751325421,-110.544,32.576,10363.2,False,228.89,286.32,0.0,,10965.18,3444,False,0,2025-06-30 23:17:01
a837a5,UAL8144 ,United States,1751325410.0,1751325410,-80.8683,37.1019,9753.6,False,245.53,238.97,0.0,,10340.34,2407,False,0,2025-06-30 23:17:01
a37d8a,DAL1986 ,United States,1751325421.0,1751325421,-97.6632,30.203,,True,1.54,199.69,,,,3013,False,0,2025-06-30 23:17:01
a9dbd1,N734VQ  ,United States,1751325420.0,1751325420,-81.4265,28.5793,320.04,False,44.67,277.94,0.33,,327.66,1200,False,0,2025-06-30 23:17:01
ad495b,AAL1414 ,United States,1751325420.0,1751325420,-83.8934,36.8574,10957.56,False,228.98,253.15,-0.33,,11620.5,5646,False,0,2025-06-30 23:17:01
a82598,N624FB  ,United States,1751325420.0,1751325420,-112.0666,33.6396,716.28,False,51.54,153.95,0.65,,624.84,1200,False,0,2025-06-30 23:17:01
aa739d,UAL403  ,United States,1751325205.0,1751325218,-87.8744,41.9883,297.18,False,79.23,270.37,-3.9,,251.46,6660,False,0,2025-06-30 23:17:01
ac6ff5,APC995  ,United States,1751325420.0,1751325420,-117.1894,45.9646,2865.12,False,89.02,91.32,0.65,,3025.14,,False,0,2025-06-30 23:17:01
ab9345,JRE845  ,United States,1751325421.0,1751325421,-79.407,33.1714,6012.18,False,175.67,41.44,8.13,,6339.84,2650,False,0,2025-06-30 23:17:01
aa739e,UAL1566 ,United States,1751325420.0,1751325421,-77.6959,38.442,4434.84,False,186.62,224.66,10.08,,4648.2,2162,False,0,2025-06-30 23:17:01
aac337,AAL48   ,United States,1751325421.0,1751325421,-96.9849,32.7802,1417.32,False,118.23,121.48,9.75,,1478.28,0530,False,0,2025-06-30 23:17:01
a99efb,N719RH  ,United States,1751325420.0,1751325421,-95.753,33.293,1089.66,False,36.38,136.15,-1.63,,1143.0,1200,False,0,2025-06-30 23:17:01
adcca0,AAL3103 ,United States,1751325421.0,1751325421,-80.443,41.3156,10972.8,False,214.32,241.47,0.0,,11567.16,1605,False,0,2025-06-30 23:17:01
ab800d,N840CB  ,United States,1751325420.0,1751325420,-83.8209,34.5632,13106.4,False,231.22,153.15,-0.33,,13799.82,6262,False,0,2025-06-30 23:17:01
a5b29e,N46622  ,United States,1751325384.0,1751325420,-97.231,33.2471,487.68,False,37.1,146.31,-1.3,,487.68,,False,0,2025-06-30 23:17:01
ad8fea,N973MN  ,United States,1751325420.0,1751325420,-116.4399,35.0074,11292.84,False,255.32,47.86,2.28,,11940.54,7770,False,0,2025-06-30 23:17:01
a1e1d8,RPA5652 ,United States,1751325421.0,1751325421,-75.8661,37.6411,6629.4,False,208.16,43.4,4.55,,7033.26,,False,0,2025-06-30 23:17:01
a9eee0,N7390P  ,United States,1751325420.0,1751325420,-93.8232,36.2689,1485.9,False,52.88,340.68,0.0,,1501.14,4306,False,0,2025-06-30 23:17:01
a9dbbd,N734UV  ,United States,1751325420.0,1751325420,-87.8585,43.5308,1165.86,False,54.77,28.01,0.33,,1135.38,,False,0,2025-06-30 23:17:01
a9eeef,N73904  ,United States,1751325420.0,1751325420,-121.8229,37.7654,1097.28,False,52.57,69.97,0.0,,1066.8,5310,False,0,2025-06-30 23:17:01
a81289,N6190D  ,United States,1751325420.0,1751325420,-117.2725,32.874,1333.5,False,42.48,348.83,1.95,,1333.5,,False,0,2025-06-30 23:17:01
ac1675,SWA1728 ,United States,1751325420.0,1751325420,-84.3527,35.943,7620.0,False,253.85,95.7,0.0,,,1665,False,0,2025-06-30 23:17:01
a93257,SKW3842 ,United States,1751325420.0,1751325420,-88.2946,43.3273,8534.4,False,212.29,285.32,0.0,,8892.54,1351,False,0,2025-06-30 23:17:01
a12a7c,UAL8167 ,United States,1751325420.0,1751325420,-86.7272,36.3549,10668.0,False,232.25,171.08,0.0,,11308.08,6576,False,0,2025-06-30 23:17:01
aa737d,SWA6475 ,United States,1751325420.0,1751325420,-91.1901,35.7923,11887.2,False,239.38,92.09,0.33,,12542.52,1026,False,0,2025-06-30 23:17:01
a9ca09,N73PT   ,United States,1751325366.0,1751325366,-81.4654,28.4364,106.68,False,29.54,215.07,-3.25,,121.92,1200,False,0,2025-06-30 23:17:01
a97a37,N71FF   ,United States,1751325420.0,1751325420,-116.9913,32.7697,982.98,False,47.87,271.85,-2.28,,967.74,,False,0,2025-06-30 23:17:01
c05bd2,ACA151  ,Canada,1751325421.0,1751325421,-97.1341,48.8733,10523.22,False,211.69,295.63,2.93,,10782.3,,False,0,2025-06-30 23:17:01
c05bd5,ACA795  ,Canada,1751325412.0,1751325420,-79.6343,43.6922,205.74,True,0.0,11.25,,,,0533,False,0,2025-06-30 23:17:01
a48a83,DAL3218 ,United States,1751325420.0,1751325420,-81.2064,32.1342,,True,0.0,348.75,,,,,False,0,2025-06-30 23:17:01
a07311,SKW5316 ,United States,1751325420.0,1751325420,-122.9196,43.6953,10668.0,False,206.34,178.71,0.0,,11148.06,,False,0,2025-06-30 23:17:01
ab3d9a,SKW4033 ,United States,1751325420.0,1751325421,-84.3808,33.6495,434.34,False,73.57,270.4,-3.58,,426.72,1353,False,0,2025-06-30 23:17:01
a6e4e8,AAL1859 ,United States,1751325421.0,1751325421,-112.0703,40.8682,9768.84,False,237.48,267.02,0.0,,10287.0,4167,False,0,2025-06-30 23:17:01
adcd26,MTN7476 ,United States,1751325420.0,1751325420,-76.0926,36.2753,1211.58,False,83.67,351.87,0.0,,1257.3,,False,0,2025-06-30 23:17:01
a6e4e4,DAL1848 ,United States,1751325420.0,1751325420,-84.303,33.6319,838.2,False,94.67,270.93,-4.55,,861.06,2144,False,0,2025-06-30 23:17:01
a8bd1b,QXE2223 ,United States,1751325421.0,1751325421,-122.2925,47.7957,4145.28,False,150.68,4.5,1.63,,4328.16,3533,False,0,2025-06-30 23:17:01
a08615,N1328F  ,United States,1751325419.0,1751325419,-81.449,28.8692,441.96,False,58.15,91.52,-1.3,,457.2,0340,False,0,2025-06-30 23:17:01
a10931,AAL636  ,United States,1751325420.0,1751325421,-107.7924,31.8408,10043.16,False,245.42,90.84,0.0,,10622.28,7272,False,0,2025-06-30 23:17:01
adba0a,ASA412  ,United States,1751325420.0,1751325420,-84.8481,42.3083,10668.0,False,256.26,110.69,0.0,,11193.78,6525,False,0,2025-06-30 23:17:01
a9a7c9,N721FJ  ,United States,1751325421.0,1751325421,-105.1428,39.9293,1767.84,False,42.82,208.72,-0.33,,1859.28,,False,0,2025-06-30 23:17:01
a01ca5,SKW5575 ,United States,1751325420.0,1751325420,-95.5165,30.1268,3108.96,False,147.21,140.25,-7.48,,3284.22,2253,False,0,2025-06-30 23:17:01
a441d6,DAL2533 ,United States,1751325421.0,1751325421,-122.7301,46.5424,5105.4,False,189.89,358.6,-9.43,,5372.1,2457,False,0,2025-06-30 23:17:01
a4b914,N403PJ  ,United States,1751325347.0,1751325398,-79.0564,40.8324,21793.2,False,73.41,328.76,-1.3,,,0150,False,0,2025-06-30 23:17:01
a1e302,SWA3555 ,United States,1751325421.0,1751325421,-78.5719,41.9483,11582.4,False,210.63,240.12,0.0,,12192.0,0463,False,0,2025-06-30 23:17:01
adcd6d,JBU224  ,United States,1751325421.0,1751325421,-114.7861,33.245,10050.78,False,245.28,98.93,-0.33,,10614.66,6556,True,0,2025-06-30 23:17:01
a06010,AAL562  ,United States,1751325421.0,1751325421,-86.2593,34.1053,9745.98,False,235.49,281.85,0.33,,10340.34,2530,False,0,2025-06-30 23:17:01
a704c7,PVA4646 ,United States,1751325398.0,1751325401,-112.9533,37.5939,13106.4,False,248.01,215.8,0.33,,13799.82,,False,0,2025-06-30 23:17:01
a98d0c,N714XX  ,United States,1751325421.0,1751325421,-123.0808,45.5195,350.52,False,39.3,37.02,-2.28,,342.9,,False,0,2025-06-30 23:17:01
a0733a,UPS9768 ,United States,1751325420.0,1751325420,-81.1715,33.8515,2065.02,False,124.77,211.86,19.83,,2133.6,,False,0,2025-06-30 23:17:01
c05ba9,WJA213  ,Canada,1751325419.0,1751325420,-81.6183,47.8315,10972.8,False,207.86,300.82,0.0,,11353.8,,False,0,2025-06-30 23:17:01
c05bc6,ROU1616 ,Canada,1751325420.0,1751325420,-81.0302,28.6107,4838.7,False,186.61,244.35,0.0,,5105.4,5675,False,0,2025-06-30 23:17:01
a694dd,JBU2655 ,United States,1751325420.0,1751325421,-80.0406,36.1328,10972.8,False,243.71,198.97,0.0,,11635.74,0506,False,0,2025-06-30 23:17:01
a5c4e2,ASA676  ,United States,1751325420.0,1751325421,-121.3258,43.8186,10972.8,False,233.66,335.41,0.33,,11468.1,,False,0,2025-06-30 23:17:01
a01cd4,N106UV  ,United States,1751325419.0,1751325420,-111.7398,40.2399,1501.14,False,42.81,355.87,1.95,,1539.24,,False,0,2025-06-30 23:17:01
a5c4f4,EDG471  ,United States,1751325420.0,1751325420,-83.4467,33.0763,10782.3,False,254.7,133.69,-8.13,,11430.0,2411,False,0,2025-06-30 23:17:01
ab4fae,DAL446  ,United States,1751325421.0,1751325421,-87.5505,32.381,9471.66,False,249.34,98.78,-5.53,,10058.4,2022,False,0,2025-06-30 23:17:01
4d23a1,VIV4085 ,Malta,1751325420.0,1751325420,-116.1584,32.1099,6804.66,False,218.81,108.22,4.55,,7185.66,,False,0,2025-06-30 23:17:01
ad6a7f,N9636K  ,United States,1751325420.0,1751325420,-104.449,38.686,2636.52,False,77.12,315.0,-0.98,,2773.68,7341,False,0,2025-06-30 23:17:01
a86d36,FFT4146 ,United States,1751325420.0,1751325420,-103.6014,35.1898,10058.4,False,236.14,84.62,-0.33,,10637.52,,False,0,2025-06-30 23:17:01
ac27a6,SWA3724 ,United States,1751325420.0,1751325421,-81.4218,29.3993,7505.7,False,223.79,359.74,7.8,,7924.8,4075,False,0,2025-06-30 23:17:01
a3dfeb,DAL1612 ,United States,1751325417.0,1751325419,-97.6733,30.1982,,True,7.72,357.19,,,,4111,False,0,2025-06-30 23:17:01
afb23c,JOLLY92 ,United States,1751325420.0,1751325420,-121.9585,37.2416,1059.18,False,64.39,337.94,-3.58,,1043.94,5344,False,0,2025-06-30 23:17:01
ab3d14,FDY484  ,United States,1751325296.0,1751325318,-90.668,40.1611,2727.96,False,87.46,241.93,-3.25,,2819.4,3261,False,0,2025-06-30 23:17:01
a58982,N456MJ  ,United States,1751325421.0,1751325421,-119.3341,34.6868,5074.92,False,158.92,128.43,-7.48,,5280.66,3634,False,0,2025-06-30 23:17:01
a4b96d,SKW3363 ,United States,1751325421.0,1751325421,-121.3432,44.693,5463.54,False,171.06,320.61,9.43,,5760.72,,False,0,2025-06-30 23:17:01
a4a63d,LN399WS ,United States,1751325397.0,1751325420,-105.0367,42.3332,6111.24,False,129.07,349.9,0.0,,6454.14,5142,False,0,2025-06-30 23:17:01
a44308,DAL932  ,United States,1751325420.0,1751325420,-85.0456,34.2264,4450.08,False,185.53,142.21,-7.8,,4693.92,1206,False,0,2025-06-30 23:17:01
a1099f,SKW5753 ,United States,1751325420.0,1751325421,-85.7244,40.6163,7162.8,False,225.2,342.72,-7.48,,7536.18,6017,False,0,2025-06-30 23:17:01
a1933c,ENY4103 ,United States,1751325416.0,1751325418,-88.3428,30.6847,1935.48,False,133.29,308.42,18.86,,2065.02,,False,0,2025-06-30 23:17:01
a5d965,SWA3336 ,United States,1751325419.0,1751325419,-94.5777,39.3275,1722.12,False,139.11,123.69,7.15,,1691.64,,False,0,2025-06-30 23:17:01
a19343,AAL1743 ,United States,1751325407.0,1751325413,-77.4556,38.9346,,True,0.0,199.69,,,,,False,0,2025-06-30 23:17:01
ab3d39,AAL2624 ,United States,1751325421.0,1751325421,-108.5022,35.9587,9144.0,False,238.01,214.34,0.0,,9669.78,3235,False,0,2025-06-30 23:17:01
a38ff9,N329CH  ,United States,1751325373.0,1751325379,-122.5351,45.5713,190.5,False,49.93,297.62,-2.6,,160.02,6310,False,0,2025-06-30 23:17:01
a25cdc,SKW3585 ,United States,1751325420.0,1751325421,-115.917,43.5395,10363.2,False,205.45,320.69,0.33,,10866.12,,False,0,2025-06-30 23:17:01
a1801c,SKW3482 ,United States,1751325115.0,1751325115,-117.1839,32.7322,22.86,False,69.04,286.0,-4.55,,83.82,3377,False,0,2025-06-30 23:17:01
a5b316,N4666G  ,United States,1751325332.0,1751325332,-90.8596,40.8145,1828.8,False,63.81,196.39,0.0,,1866.9,,False,0,2025-06-30 23:17:01
a33646,WUP306  ,United States,1751325421.0,1751325421,-104.1248,38.0691,12496.8,False,223.21,115.38,0.0,,13114.02,3746,False,0,2025-06-30 23:17:01
a97a67,N71HD   ,United States,1751325158.0,1751325158,-117.2471,33.8621,518.16,False,26.24,1.12,-4.88,,480.06,1200,False,0,2025-06-30 23:17:01
a97a69,N71HF   ,United States,1751325420.0,1751325420,-73.0577,40.8302,320.04,False,35.65,225.0,-2.28,,297.18,4237,False,0,2025-06-30 23:17:01
a20395,N229MT  ,United States,1751325421.0,1751325421,-111.9026,33.0344,762.0,False,54.79,325.71,0.0,,693.42,,True,0,2025-06-30 23:17:01
c05c7a,JZA7922 ,Canada,1751325420.0,1751325420,-72.3046,45.3154,6903.72,False,250.23,85.64,6.18,,7223.76,,False,0,2025-06-30 23:17:01
a8aa77,PDT6009 ,United States,1751325421.0,1751325421,-78.0029,35.7233,4716.78,False,176.42,279.74,8.13,,4975.86,3675,False,0,2025-06-30 23:17:01
ad34b4,AAL1554 ,United States,1751325420.0,1751325421,-96.2378,33.4373,4320.54,False,170.74,234.44,-7.15,,4572.0,5777,False,0,2025-06-30 23:17:01
a5d927,UAL640  ,United States,1751325420.0,1751325420,-99.318,37.3592,10660.38,False,247.72,111.18,-0.33,,11277.6,2303,False,0,2025-06-30 23:17:01
a2f016,GXA106  ,United States,1751325109.0,1751325109,-80.9269,41.3138,982.98,False,116.57,339.33,-5.85,,975.36,0654,False,0,2025-06-30 23:17:01
a32367,DAL2974 ,United States,1751325416.0,1751325416,-77.4533,38.9484,,True,0.0,0.0,,,,,False,0,2025-06-30 23:17:01
ac01a4,ES803   ,United States,1751325419.0,1751325419,-120.978,38.0448,2019.3,False,68.12,334.98,0.0,,2057.4,,False,0,2025-06-30 23:17:01
a32368,DAL840  ,United States,1751325420.0,1751325420,-101.384,39.4981,9342.12,False,248.61,100.61,3.9,,9845.04,,False,0,2025-06-30 23:17:01
ab3d6f,EJA823  ,United States,1751325421.0,1751325421,-85.6936,36.4541,13106.4,False,242.85,68.76,0.0,,13776.96,3416,False,0,2025-06-30 23:17:01
a3ccb7,FFT1248 ,United States,1751325421.0,1751325421,-86.2329,42.7907,4792.98,False,208.58,79.77,-7.8,,4960.62,3244,False,0,2025-06-30 23:17:01
a44334,FFT2953 ,United States,1751325420.0,1751325420,-79.3606,36.618,9723.12,False,241.01,221.11,5.85,,10317.48,6221,False,0,2025-06-30 23:17:01
ad34c1,HER950  ,United States,1751325421.0,1751325421,-80.189,26.3764,419.1,False,82.19,145.71,0.0,,464.82,7616,False,0,2025-06-30 23:17:01
a8bd6a,UAL967  ,United States,1751325125.0,1751325125,-74.1788,40.6991,,True,0.0,185.62,,,,0717,False,0,2025-06-30 23:17:01
aa0a6e,SKW6354 ,United States,1751325418.0,1751325418,-90.3354,34.221,10980.42,False,229.54,231.46,0.0,,11666.22,1102,False,0,2025-06-30 23:17:01
a50cb7,RPA4453 ,United States,1751325421.0,1751325421,-78.3263,37.9947,10668.0,False,238.92,82.08,0.33,,11330.94,3451,False,0,2025-06-30 23:17:01
ac5d61,UAL1134 ,United States,1751325421.0,1751325421,-94.0595,44.715,4831.08,False,187.76,72.46,-8.78,,4960.62,6565,False,0,2025-06-30 23:17:01
a228ab,N23802  ,United States,1751325421.0,1751325421,-122.5321,48.4339,853.44,False,63.89,142.85,3.25,,853.44,,False,0,2025-06-30 23:17:01
c05e8e,JZA897  ,Canada,1751325420.0,1751325420,-79.6089,43.6787,,True,0.06,42.19,,,,,False,0,2025-06-30 23:17:01
acf10e,CAP4033 ,United States,1751325390.0,1751325390,-96.7036,43.5271,640.08,False,45.13,335.77,-2.6,,678.18,3436,False,0,2025-06-30 23:17:01
ae5773,PAT516  ,United States,1751325421.0,1751325421,-85.2216,38.1918,2438.4,False,113.07,262.68,0.33,,2529.84,5660,False,0,2025-06-30 23:17:01
a8cffd,UAL75   ,United States,1751325420.0,1751325421,-74.0976,40.8701,914.4,False,114.09,149.97,-1.3,,929.64,7341,False,0,2025-06-30 23:17:01
a098f6,AAL2721 ,United States,1751325421.0,1751325421,-82.4921,37.0185,10675.62,False,236.52,54.65,-0.33,,11323.32,0073,False,0,2025-06-30 23:17:01
a5c694,UAL1781 ,United States,1751325417.0,1751325417,-101.8842,40.5718,9136.38,False,218.98,256.55,0.0,,9654.54,,False,0,2025-06-30 23:17:01
a9a97f,RPA3481 ,United States,1751325403.0,1751325412,-74.165,40.7007,,True,0.0,95.62,,,,,False,0,2025-06-30 23:17:01
a8bcdd,NKS2722 ,United States,1751325421.0,1751325421,-95.7317,29.8863,9745.98,False,238.39,264.18,0.0,,10355.58,3501,False,0,2025-06-30 23:17:01
a67050,JIA9964 ,United States,1751325420.0,1751325420,-84.2925,35.5851,3642.36,False,164.83,229.05,0.33,,3817.62,6403,False,0,2025-06-30 23:17:01
abe475,SWA2949 ,United States,1751325421.0,1751325421,-80.6364,29.2136,11590.02,False,254.03,165.94,0.33,,12176.76,1730,False,0,2025-06-30 23:17:01
abf78f,AAL1270 ,United States,1751325419.0,1751325420,-91.7015,32.7077,10668.0,False,248.13,92.14,0.0,,11315.7,0576,False,0,2025-06-30 23:17:01
ac047d,ASH6126 ,United States,1751325420.0,1751325420,-78.2922,37.9408,6918.96,False,191.31,228.38,3.9,,7322.82,3537,False,0,2025-06-30 23:17:01
a6f99b,N549CP  ,United States,1751325420.0,1751325420,-119.6909,36.9086,11711.94,False,244.91,176.15,-5.2,,12344.4,3571,False,0,2025-06-30 23:17:01
a8268d,QXE2010 ,United States,1751325421.0,1751325421,-118.1462,45.4649,10972.8,False,214.36,321.04,0.33,,11475.72,,False,0,2025-06-30 23:17:01
a085a4,UAL1846 ,United States,1751325421.0,1751325421,-84.7723,45.066,9197.34,False,208.03,193.01,-1.95,,9547.86,7321,False,0,2025-06-30 23:17:01
ac048d,SWA921  ,United States,1751325420.0,1751325421,-103.5432,31.0055,9387.84,False,237.44,299.18,-7.15,,9974.58,0554,True,0,2025-06-30 23:17:01
a98cbc,AAL1572 ,United States,1751325418.0,1751325420,-79.6232,43.6858,,True,0.0,146.25,,,,6311,False,0,2025-06-30 23:17:01
a588a9,N456CS  ,United States,1751325421.0,1751325421,-122.4494,37.3232,1691.64,False,60.7,58.87,0.0,,1722.12,5362,False,0,2025-06-30 23:17:01
a81365,N6196P  ,United States,1751325421.0,1751325421,-119.083,35.4283,495.3,False,50.97,132.55,-0.33,,441.96,,False,0,2025-06-30 23:17:01
aa7472,N773CV  ,United States,1751325420.0,1751325420,-118.7437,34.3098,2301.24,False,81.68,112.2,-0.33,,2362.2,6074,False,0,2025-06-30 23:17:01
a32396,FFT1928 ,United States,1751325420.0,1751325421,-102.8362,39.3054,9144.0,False,235.36,116.9,8.13,,9646.92,,False,0,2025-06-30 23:17:01
ac049e,ASH6117 ,United States,1751325420.0,1751325421,-96.4024,32.2021,8534.4,False,224.92,323.18,-0.33,,9044.94,2726,False,0,2025-06-30 23:17:01
a81316,N6194E  ,United States,1751325421.0,1751325421,-122.3232,45.3864,1097.28,False,40.72,183.62,-0.33,,1120.14,,False,0,2025-06-30 23:17:01
c04b29,GLR2727 ,Canada,1751325420.0,1751325420,-81.01,44.2931,4030.98,False,136.89,164.97,1.3,,4175.76,2570,True,0,2025-06-30 23:17:01
c05e62,ROU1523 ,Canada,1751325420.0,1751325420,-71.7766,45.9688,7376.16,False,217.25,267.83,-9.1,,7711.44,4716,False,0,2025-06-30 23:17:01
a99fd7,N7190C  ,United States,1751325420.0,1751325420,-111.4843,32.9629,701.04,False,36.54,302.35,1.3,,662.94,,False,0,2025-06-30 23:17:01
abd17b,SWA978  ,United States,1751325115.0,1751325125,-114.8756,38.9975,11582.4,False,218.92,261.62,0.0,,12207.24,3425,False,0,2025-06-30 23:17:01
a9595a,N701MB  ,United States,1751325420.0,1751325420,-93.8924,41.235,914.4,False,52.79,322.13,0.0,,937.26,,False,0,2025-06-30 23:17:01
a56374,N4461T  ,United States,1751325420.0,1751325420,-76.6616,38.2962,1135.38,False,79.16,8.97,-1.63,,1112.52,,False,0,2025-06-30 23:17:01
aa6113,AAL3134 ,United States,1751325420.0,1751325420,-93.0482,40.5605,8785.86,False,258.26,47.99,5.85,,9197.34,,False,0,2025-06-30 23:17:01
a6f98e,SKW3761 ,United States,1751325420.0,1751325420,-73.1304,42.3571,7924.8,False,217.2,295.84,0.65,,8328.66,7070,False,0,2025-06-30 23:17:01
a2f092,ENY4312 ,United States,1751325421.0,1751325421,-82.8708,26.5647,9151.62,False,233.89,186.19,-6.83,,9677.4,3645,False,0,2025-06-30 23:17:01
a9a929,VXP466  ,United States,1751325421.0,1751325421,-82.6609,27.8811,2461.26,False,146.38,7.67,14.63,,2598.42,7443,False,0,2025-06-30 23:17:01
ab2c11,ASI541  ,United States,1751325421.0,1751325421,-112.0524,33.6973,670.56,False,40.8,185.06,0.0,,586.74,1200,False,0,2025-06-30 23:17:01
c05e72,ROU1910 ,Canada,1751325349.0,1751325350,-79.6166,43.6826,,True,0.0,47.81,,,,0020,False,0,2025-06-30 23:17:01
aa7426,UAL2411 ,United States,1751325420.0,1751325420,-102.4913,40.4589,9753.6,False,231.58,256.12,0.0,,10271.76,,False,0,2025-06-30 23:17:01
a37e6c,AAY1258 ,United States,1751325420.0,1751325420,-85.6446,31.1826,11262.36,False,234.0,120.23,-0.33,,11940.54,0154,False,0,2025-06-30 23:17:01
a192f5,N200KS  ,United States,1751325420.0,1751325420,-123.1467,47.1936,1188.72,False,78.7,58.91,-18.53,,1242.06,,False,0,2025-06-30 23:17:01
ab9413,SCX105  ,United States,1751325157.0,1751325157,-115.1376,36.0837,,True,4.37,171.56,,,,2456,False,0,2025-06-30 23:17:01
ab3dc3,UAL2725 ,United States,1751325420.0,1751325420,-92.3373,29.4738,9144.0,False,243.32,260.88,0.0,,9738.36,,False,0,2025-06-30 23:17:01
a7f39c,N611MV  ,United States,1751325420.0,1751325420,-121.4213,38.6621,502.92,False,83.11,338.2,-1.3,,464.82,1200,False,0,2025-06-30 23:17:01
a36b2d,JBU1012 ,United States,1751325421.0,1751325421,-81.8533,42.4611,11277.6,False,260.42,88.3,0.0,,11871.96,6233,False,0,2025-06-30 23:17:01
ac0417,ASH6027 ,United States,1751325277.0,1751325277,-105.7345,35.2953,8717.28,False,221.92,107.68,5.85,,9243.06,,False,0,2025-06-30 23:17:01
a24b40,AAY654  ,United States,1751325420.0,1751325420,-111.2329,33.5877,2811.78,False,153.52,233.86,-1.3,,2964.18,,False,0,2025-06-30 23:17:01
a0d5ed,N153GC  ,United States,1751325420.0,1751325420,-114.2237,36.0907,1158.24,False,65.98,86.42,0.0,,1104.9,,False,0,2025-06-30 23:17:01
a86e1d,QXE2222 ,United States,1751325420.0,1751325420,-120.9018,47.835,7315.2,False,175.27,275.73,-0.33,,7658.1,6065,False,0,2025-06-30 23:17:01
a4a5e2,N399TA  ,United States,1751325420.0,1751325420,-122.6224,48.4006,739.14,False,69.89,344.63,0.0,,762.0,,False,0,2025-06-30 23:17:01
3c7a4c,CFG2044 ,Germany,1751325403.0,1751325403,-79.3084,27.6059,8351.52,False,247.6,198.28,-10.08,,8808.72,5261,False,0,2025-06-30 23:17:01
a468cf,N3830H  ,United States,1751325421.0,1751325421,-81.8868,35.7323,929.64,False,45.42,189.78,2.28,,937.26,,False,0,2025-06-30 23:17:01
a25e5d,CXK228  ,United States,1751325420.0,1751325420,-97.1255,32.6884,480.06,False,57.49,83.32,-2.6,,487.68,,False,0,2025-06-30 23:17:01
a838c0,N629MA  ,United States,1751325420.0,1751325420,-80.6939,35.3606,510.54,False,77.13,9.21,-0.33,,502.92,,False,0,2025-06-30 23:17:01
a442f3,DAL1192 ,United States,1751325420.0,1751325421,-81.5772,32.0921,11582.4,False,247.68,194.56,0.0,,12237.72,1374,False,0,2025-06-30 23:17:01
a81395,N61972  ,United States,1751325420.0,1751325420,-81.1377,28.9586,731.52,False,40.85,253.16,-0.98,,784.86,0715,False,0,2025-06-30 23:17:01
a8137e,N6197D  ,United States,1751325421.0,1751325421,-99.1395,34.2717,9601.2,False,169.44,188.2,-10.08,,10180.32,,False,0,2025-06-30 23:17:01
a08714,,United States,1751325139.0,1751325139,-87.9207,41.99,,True,7.72,270.0,,,,,False,0,2025-06-30 23:17:01
ac1765,SWA180  ,United States,1751325421.0,1751325421,-106.7763,31.8137,10972.8,False,229.56,280.33,-0.33,,11612.88,2077,False,0,2025-06-30 23:17:01
abe40a,SWA3382 ,United States,1751325420.0,1751325420,-104.0846,38.5187,11269.98,False,245.18,70.77,0.0,,11864.34,2656,False,0,2025-06-30 23:17:01
ac042a,SWA185  ,United States,1751325420.0,1751325420,-86.7074,36.148,11582.4,False,232.73,290.04,0.0,,12260.58,2032,False,0,2025-06-30 23:17:01
aad780,UAL968  ,United States,1751325420.0,1751325420,-119.7577,40.006,10180.32,False,275.74,28.29,5.53,,10652.76,3230,False,0,2025-06-30 23:17:01
a3bb07,N34AT   ,United States,1751325420.0,1751325420,-120.4662,35.1514,2316.48,False,71.0,166.17,0.33,,2385.06,,False,0,2025-06-30 23:17:01
adcdc9,NKS2584 ,United States,1751325415.0,1751325417,-101.3464,38.6832,11582.4,False,217.2,264.15,0.0,,12184.38,6705,False,0,2025-06-30 23:17:01
aa617c,RPA3460 ,United States,1751325416.0,1751325418,-79.6357,43.6899,205.74,True,0.0,317.81,,,,0562,False,0,2025-06-30 23:17:01
a36b73,JBU1138 ,United States,1751325407.0,1751325414,-97.6624,30.2028,,True,0.0,247.5,,,,,False,0,2025-06-30 23:17:01
a3bb19,N34BL   ,United States,1751325370.0,1751325370,-121.8158,37.33,,True,0.64,227.81,,,,,False,0,2025-06-30 23:17:01
ac1789,SWA2427 ,United States,1751325420.0,1751325420,-92.3843,38.5814,10919.46,False,217.42,259.09,-5.53,,11529.06,6575,False,0,2025-06-30 23:17:01
ab8148,EJA840  ,United States,1751325421.0,1751325421,-77.9216,39.3013,2446.02,False,156.25,20.22,-10.08,,2514.6,2153,False,0,2025-06-30 23:17:01
ad6aa7,N9637Q  ,United States,1751325216.0,1751325216,-88.4412,41.4086,449.58,False,46.84,178.11,-3.58,,434.34,1200,False,0,2025-06-30 23:17:01
a322d5,N3008U  ,United States,1751325420.0,1751325420,-88.5977,41.32,982.98,False,40.34,5.86,1.3,,960.12,1200,False,0,2025-06-30 23:17:01
abe450,SWA1067 ,United States,1751325398.0,1751325398,-96.8571,32.856,,True,0.39,317.81,,,,,False,0,2025-06-30 23:17:01
a9dce9,UAL557  ,United States,1751325420.0,1751325420,-96.8246,38.4596,9753.6,False,211.59,282.21,0.0,,10271.76,2516,False,0,2025-06-30 23:17:01
ac045e,ASH6124 ,United States,1751325421.0,1751325421,-95.1363,34.797,8534.4,False,224.52,195.28,0.33,,9044.94,2103,False,0,2025-06-30 23:17:01
a588da,N456ER  ,United States,1751325419.0,1751325420,-88.5148,43.973,548.64,False,54.69,355.68,0.0,,480.06,4345,False,0,2025-06-30 23:17:01
ac045c,ASH6072 ,United States,1751325421.0,1751325421,-94.1873,34.5797,10668.0,False,236.19,13.73,0.0,,11285.22,7231,False,0,2025-06-30 23:17:01
aab146,SWA275  ,United States,1751325420.0,1751325420,-103.5459,30.7169,11277.6,False,248.03,91.31,0.0,,11971.02,,False,0,2025-06-30 23:17:01
ad7e6f,JBU1874 ,United States,1751325420.0,1751325420,-102.1918,42.07,10675.62,False,240.7,80.16,0.0,,11178.54,2410,False,0,2025-06-30 23:17:01
a8ab3c,JBU507  ,United States,1751325420.0,1751325420,-86.1273,36.6044,3276.6,False,153.96,235.62,-4.55,,3451.86,2002,False,0,2025-06-30 23:17:01
a86e6c,UAL52   ,United States,1751325420.0,1751325420,-74.2859,40.3722,10058.4,False,253.17,51.85,0.0,,10614.66,1373,False,0,2025-06-30 23:17:01
ac4b72,SWA3531 ,United States,1751325419.0,1751325420,-97.3572,40.8646,10972.8,False,207.0,262.57,0.0,,11483.34,3245,False,0,2025-06-30 23:17:01
aa1e99,JRE751  ,United States,1751325421.0,1751325421,-77.4536,42.3545,10668.0,False,226.5,66.58,0.0,,11224.26,2476,False,0,2025-06-30 23:17:01
adbb36,NKS2621 ,United States,1751325420.0,1751325420,-108.4384,38.4965,11285.22,False,237.89,63.55,0.0,,11910.06,,False,0,2025-06-30 23:17:01
a73b7e,SWA2477 ,United States,1751325420.0,1751325420,-79.3258,34.275,11887.2,False,215.16,25.34,0.0,,12550.14,1635,False,0,2025-06-30 23:17:01
aa72d3,SWA1288 ,United States,1751325280.0,1751325280,-76.6855,39.1745,53.34,False,73.23,94.03,-4.23,,68.58,5355,False,0,2025-06-30 23:17:01
ac4b95,SWA2068 ,United States,1751325421.0,1751325421,-82.5179,39.8761,1341.12,False,132.27,325.94,-7.8,,1394.46,1020,False,0,2025-06-30 23:17:01
a3373a,AAL2626 ,United States,1751325187.0,1751325187,-80.9693,35.247,350.52,False,74.77,176.05,-3.58,,350.52,6610,False,0,2025-06-30 23:17:01
a50e93,DAL228  ,United States,1751325420.0,1751325420,-79.7725,43.3509,9410.7,False,264.6,64.18,6.5,,9883.14,7426,False,0,2025-06-30 23:17:01
a5fb40,VAR485  ,United States,1751325421.0,1751325421,-113.4426,33.502,2514.6,False,63.07,275.62,0.0,,2621.28,0757,False,0,2025-06-30 23:17:01
a4db51,FDY368  ,United States,1751325417.0,1751325419,-86.8101,40.7363,2468.88,False,77.62,19.76,0.33,,2545.08,,False,0,2025-06-30 23:17:01
a61b4e,ASA569  ,United States,1751325420.0,1751325421,-96.126,36.158,10363.2,False,229.36,306.15,0.0,,10980.42,2723,False,0,2025-06-30 23:17:01
a33743,SKW4010 ,United States,1751325419.0,1751325420,-97.6798,45.4474,10668.0,False,248.81,118.26,0.0,,11033.76,,False,0,2025-06-30 23:17:01
a37db9,FFT2630 ,United States,1751325420.0,1751325421,-89.4624,38.7352,6644.64,False,219.56,105.63,8.45,,6995.16,1726,False,0,2025-06-30 23:17:01
a86e35,RPA3428 ,United States,1751325421.0,1751325421,-74.196,41.36,8839.2,False,238.08,21.02,0.0,,9349.74,6236,False,0,2025-06-30 23:17:01
a838e6,RVF9629 ,United States,1751325420.0,1751325420,-91.9991,38.8523,11635.74,False,216.08,250.53,11.05,,12230.1,1113,False,0,2025-06-30 23:17:01
a37da1,ENY4010 ,United States,1751325421.0,1751325421,-76.4233,43.1922,2004.06,False,153.78,79.59,-8.13,,2065.02,3165,False,0,2025-06-30 23:17:01
a74e7a,ASA366  ,United States,1751325420.0,1751325420,-118.8885,47.6803,10972.8,False,208.46,277.23,0.0,,11407.14,,False,0,2025-06-30 23:17:01
a37da9,N324F   ,United States,1751325421.0,1751325421,-106.3668,31.4572,9448.8,False,151.01,118.49,0.0,,9997.44,1626,False,0,2025-06-30 23:17:01
a825e3,JBU240  ,United States,1751325420.0,1751325420,-81.0087,28.1371,3489.96,False,162.07,305.96,-6.18,,3703.32,1661,False,0,2025-06-30 23:17:01
a18109,NJM325  ,United States,1751325421.0,1751325421,-82.5493,29.4596,5791.2,False,180.9,118.17,0.0,,6080.76,,False,0,2025-06-30 23:17:01
a3cde4,AAL400  ,United States,1751325208.0,1751325309,-78.6102,29.8964,10668.0,False,229.88,10.05,0.0,,11209.02,3307,False,0,2025-06-30 23:17:01
a6e720,DAL820  ,United States,1751325420.0,1751325420,-85.5272,39.176,10363.2,False,222.35,283.65,0.0,,10972.8,3750,False,0,2025-06-30 23:17:01
a20471,SWA1395 ,United States,1751325421.0,1751325421,-116.2748,43.4771,3223.26,False,159.81,100.95,6.5,,3375.66,,False,0,2025-06-30 23:17:01
aa1dc2,ENY3397 ,United States,1751325421.0,1751325421,-78.7685,42.6227,9509.76,False,204.05,275.21,5.53,,10035.54,4111,False,0,2025-06-30 23:17:01
a2f111,SKW3741 ,United States,1751325406.0,1751325410,-115.1388,36.0804,,True,0.0,343.12,,,,,False,0,2025-06-30 23:17:01
a1f794,ABX2246 ,United States,1751325421.0,1751325421,-79.5703,25.1417,6431.28,False,191.88,330.62,-9.43,,6789.42,,False,0,2025-06-30 23:17:01
ac28be,SWA3332 ,United States,1751325378.0,1751325411,-118.146,33.8186,,True,0.0,90.0,,,,,False,0,2025-06-30 23:17:01
a9cb83,SKW6281 ,United States,1751325421.0,1751325421,-95.1087,39.1099,10972.8,False,210.34,238.6,0.0,,11529.06,3533,False,0,2025-06-30 23:17:01
ac28e5,SWA3593 ,United States,1751325421.0,1751325421,-82.5243,28.0952,594.36,False,97.74,180.0,-5.53,,647.7,1711,False,0,2025-06-30 23:17:01
a12adb,CXK246  ,United States,1751325420.0,1751325420,-115.2081,36.226,845.82,False,37.91,187.8,-4.23,,784.86,,False,0,2025-06-30 23:17:01
ab2b23,DAL2248 ,United States,1751325421.0,1751325421,-86.5319,36.6634,9144.0,False,243.8,339.88,0.0,,9700.26,7135,False,0,2025-06-30 23:17:01
a32449,AAY67   ,United States,1751325420.0,1751325420,-115.0148,36.1957,3429.0,False,168.23,90.35,5.53,,3604.26,,False,0,2025-06-30 23:17:01
a69761,SCX3032 ,United States,1751325420.0,1751325421,-86.2644,39.7792,6278.88,False,223.82,114.15,-5.53,,6576.06,4774,False,0,2025-06-30 23:17:01
a24acc,N247JD  ,United States,1751325235.0,1751325408,-116.7311,38.0441,13700.76,False,234.87,246.92,-2.6,,14378.94,7164,False,0,2025-06-30 23:17:01
a57791,N451TW  ,United States,1751325421.0,1751325421,-86.0143,39.9983,861.06,False,59.72,157.19,-0.65,,830.58,,False,0,2025-06-30 23:17:01
ac5e47,SWA1207 ,United States,1751325420.0,1751325420,-86.563,36.1031,1516.38,False,119.26,17.58,-0.65,,1577.34,5633,False,0,2025-06-30 23:17:01
a20467,N229WC  ,United States,1751325116.0,1751325121,-118.1431,33.811,38.1,False,27.28,314.24,-1.3,,-7.62,,False,0,2025-06-30 23:17:01
a25df5,CXK440  ,United States,1751325421.0,1751325421,-96.5703,33.2056,441.96,False,32.54,235.3,-0.33,,426.72,1200,False,0,2025-06-30 23:17:01
a74dad,N57SN   ,United States,1751325420.0,1751325420,-122.1686,37.5304,861.06,False,96.89,304.62,-7.48,,845.82,3511,False,0,2025-06-30 23:17:01
ac15d1,UAL1495 ,United States,1751325420.0,1751325420,-87.4377,42.3656,1965.96,False,116.21,249.8,-7.8,,2011.68,7445,False,0,2025-06-30 23:17:01
aad5ca,AAL137  ,United States,1751325312.0,1751325313,-108.3731,42.0869,10972.8,False,246.29,224.24,0.0,,11559.54,,False,0,2025-06-30 23:17:01
ae68bf,        ,United States,1751325420.0,1751325420,-86.3158,32.2938,365.76,False,66.75,276.19,-3.9,,373.38,,False,0,2025-06-30 23:17:01
ae68be,        ,United States,1751325420.0,1751325420,-86.4683,32.2245,594.36,False,91.42,158.2,0.65,,617.22,,False,0,2025-06-30 23:17:01
a0b199,AAL811  ,United States,1751325420.0,1751325421,-84.7558,33.4877,3764.28,False,134.38,36.12,-5.53,,3970.02,2602,False,0,2025-06-30 23:17:01
ad6b14,DAL2985 ,United States,1751325421.0,1751325421,-80.31,40.972,9799.32,False,247.59,110.43,5.2,,10340.34,0174,False,0,2025-06-30 23:17:01
a18195,N19650  ,United States,1751325420.0,1751325420,-88.3227,43.2678,1402.08,False,48.46,217.23,0.0,,1417.32,4667,False,0,2025-06-30 23:17:01
c05d9d,WJA2061 ,Canada,1751325421.0,1751325421,-117.6441,34.0358,10972.8,False,237.99,320.7,0.0,,11567.16,2630,False,0,2025-06-30 23:17:01
ad6b08,N964AF  ,United States,1751325421.0,1751325421,-119.3929,34.3445,1645.92,False,66.08,106.74,-0.33,,1691.64,,False,0,2025-06-30 23:17:01
ac02b4,AAL2252 ,United States,1751325420.0,1751325421,-95.8048,31.661,9875.52,False,224.1,315.74,-5.2,,10507.98,6172,False,0,2025-06-30 23:17:01
a086b4,DAL2894 ,United States,1751325421.0,1751325421,-82.3247,41.2071,7612.38,False,247.02,88.45,-0.33,,8016.24,1352,False,0,2025-06-30 23:17:01
a099a7,RPA4660 ,United States,1751325420.0,1751325420,-83.3241,37.895,10058.4,False,233.88,93.03,-0.33,,10668.0,6735,False,0,2025-06-30 23:17:01
4073ce,VIR117F ,United Kingdom,1751325419.0,1751325420,-78.8612,28.3702,10965.18,False,252.38,259.9,-0.33,,11521.44,5270,False,0,2025-06-30 23:17:01
ab3e98,ASH6075 ,United States,1751325421.0,1751325421,-97.3839,30.9657,6416.04,False,205.21,74.29,-4.23,,6804.66,1522,False,0,2025-06-30 23:17:01
ab3e8a,N8231Q  ,United States,1751325372.0,1751325372,-70.9268,42.5964,60.96,False,31.42,140.31,-1.63,,60.96,,False,0,2025-06-30 23:17:01
abe2c0,N865PS  ,United States,1751325420.0,1751325420,-81.352,28.5372,220.98,False,38.9,249.89,5.53,,251.46,1200,False,0,2025-06-30 23:17:01
ad6b0c,ASA280  ,United States,1751325407.0,1751325407,-98.812,48.4881,10363.2,False,218.17,271.22,0.0,,10660.38,,False,0,2025-06-30 23:17:01
ad6b0f,AAL2851 ,United States,1751325160.0,1751325160,-75.1933,39.8812,152.4,False,83.97,255.45,-4.55,,152.4,1377,False,0,2025-06-30 23:17:01
ad35e0,AAL2354 ,United States,1751325420.0,1751325421,-89.672,37.4266,10965.18,False,231.55,317.34,0.33,,11597.64,4374,False,0,2025-06-30 23:17:01
a48ac4,FFT2225 ,United States,1751325420.0,1751325420,-87.5853,36.9123,10972.8,False,230.22,279.0,0.0,,11650.98,3435,False,0,2025-06-30 23:17:01
aac2e2,UAL1949 ,United States,1751325421.0,1751325421,-93.7079,31.1706,9136.38,False,224.25,227.23,-11.7,,9745.98,7474,False,0,2025-06-30 23:17:01
a01f0d,DAL1648 ,United States,1751325420.0,1751325421,-83.4342,42.5794,2247.9,False,155.98,145.21,-7.48,,2293.62,0672,False,0,2025-06-30 23:17:01
a22a20,MXY547  ,United States,1751325421.0,1751325421,-89.9451,40.5699,11277.6,False,250.02,90.24,0.33,,11841.48,7210,False,0,2025-06-30 23:17:01
abb06d,SCX285  ,United States,1751325420.0,1751325420,-122.1206,47.5777,3627.12,False,150.74,222.51,-8.45,,3794.76,2607,False,0,2025-06-30 23:17:01
a327df,N302MM  ,United States,1751325420.0,1751325420,-83.9931,35.8076,274.32,False,7.65,47.73,0.0,,259.08,,False,0,2025-06-30 23:17:01
a47d11,DAL1135 ,United States,1751325421.0,1751325421,-102.3784,38.7869,10363.2,False,225.29,253.55,0.0,,10919.46,,False,0,2025-06-30 23:17:01
a5b7a1,N468DC  ,United States,1751325420.0,1751325420,-119.7998,36.8112,2941.32,False,62.07,146.84,0.0,,3032.76,3203,False,0,2025-06-30 23:17:01
abb089,UAL704  ,United States,1751325421.0,1751325421,-93.9066,34.1674,11277.6,False,243.36,81.61,-0.33,,11948.16,1645,False,0,2025-06-30 23:17:01
ac08b1,SWA1863 ,United States,1751325420.0,1751325420,-112.2585,33.4002,2293.62,False,144.03,279.66,10.08,,2377.44,1656,False,0,2025-06-30 23:17:01
adacfd,AAL1682 ,United States,1751325420.0,1751325420,-81.2017,28.4348,2598.42,False,138.73,349.32,14.96,,2735.58,0701,False,0,2025-06-30 23:17:01
a47d05,DAL2880 ,United States,1751325420.0,1751325420,-117.1328,37.0268,10820.4,False,246.0,332.2,3.58,,11407.14,,False,0,2025-06-30 23:17:01
adf030,N99783  ,United States,1751325254.0,1751325254,-72.6123,42.4111,792.48,False,65.55,31.2,-0.65,,784.86,,False,0,2025-06-30 23:17:01
398699,,France,1751325269.0,1751325269,-74.1722,40.6899,,True,2.06,115.31,,,,,False,0,2025-06-30 23:17:01
ac3e13,SWA383  ,United States,1751325363.0,1751325384,-117.2473,37.2711,10972.8,False,243.75,315.86,0.33,,11559.54,7076,False,0,2025-06-30 23:17:01
a077fe,N12933  ,United States,1751325421.0,1751325421,-82.4142,27.8321,243.84,False,46.07,196.21,0.0,,274.32,,False,0,2025-06-30 23:17:01
a11d47,DAL232  ,United States,1751325420.0,1751325420,-73.7881,40.6376,,True,4.63,300.94,,,,,False,0,2025-06-30 23:17:01
adf068,AAL2407 ,United States,1751325420.0,1751325421,-100.9065,40.3358,10058.4,False,261.77,104.34,0.0,,10576.56,,False,0,2025-06-30 23:17:01
a554b9,N4422R  ,United States,1751325421.0,1751325421,-84.1579,32.9608,1005.84,False,44.25,88.67,3.58,,1028.7,1200,False,0,2025-06-30 23:17:01
a4ba05,,United States,1751325420.0,1751325420,-86.5221,36.0117,274.32,False,32.87,320.08,2.28,,251.46,,False,0,2025-06-30 23:17:01
a8f258,DAL759  ,United States,1751325420.0,1751325420,-82.6909,33.1599,8016.24,False,231.83,293.27,-11.7,,8488.68,7144,False,0,2025-06-30 23:17:01
a687c8,N52NG   ,United States,1751325420.0,1751325420,-115.4011,43.6324,7010.4,False,134.15,156.97,0.0,,7399.02,,False,0,2025-06-30 23:17:01
abe8b6,SWA3421 ,United States,1751325421.0,1751325421,-87.3338,39.2253,9448.8,False,260.42,86.04,-0.33,,9966.96,1161,False,0,2025-06-30 23:17:01
ac08d4,SWA1407 ,United States,1751325421.0,1751325421,-95.0734,33.3585,10972.8,False,230.12,238.16,0.0,,11650.98,0550,False,0,2025-06-30 23:17:01
a35d6c,N316DF  ,United States,1751325420.0,1751325420,-86.4805,31.7765,2415.54,False,104.95,179.72,0.0,,2537.46,,False,0,2025-06-30 23:17:01
a7824e,DAL542  ,United States,1751325420.0,1751325420,-101.313,41.6812,10058.4,False,263.11,121.73,0.0,,10530.84,,False,0,2025-06-30 23:17:01
ab1e50,N8150J  ,United States,1751325421.0,1751325421,-117.288,33.0316,1402.08,False,50.87,331.62,0.98,,1402.08,,False,0,2025-06-30 23:17:01
ad5e27,SWA1765 ,United States,1751325420.0,1751325421,-89.396,36.7857,11696.7,False,242.78,22.82,5.53,,12367.26,,False,0,2025-06-30 23:17:01
a54299,UAL1116 ,United States,1751325421.0,1751325421,-101.959,30.7645,10675.62,False,248.57,88.46,0.0,,11353.8,3374,False,0,2025-06-30 23:17:01
a8f21c,N676BA  ,United States,1751325420.0,1751325420,-103.1437,38.0989,13716.0,False,269.03,69.87,0.0,,14310.36,6452,False,0,2025-06-30 23:17:01
ab0b1f,UAL750  ,United States,1751325421.0,1751325421,-94.1415,32.6409,10652.76,False,235.08,161.37,0.33,,11300.46,1163,False,0,2025-06-30 23:17:01
adf06d,DAL3139 ,United States,1751325382.0,1751325388,-84.4354,33.6426,,True,0.0,270.0,,,,,False,0,2025-06-30 23:17:01
a8f235,EDV5260 ,United States,1751325414.0,1751325414,-74.1665,40.6982,,True,4.12,19.69,,,,,False,0,2025-06-30 23:17:01
ad28bf,N947SF  ,United States,1751325417.0,1751325420,-122.138,48.0004,944.88,False,42.88,349.63,1.95,,952.5,1200,False,0,2025-06-30 23:17:01
a1c1c7,RPA5646 ,United States,1751325299.0,1751325300,-86.2111,39.7734,678.18,False,78.58,224.47,-4.23,,655.32,1542,False,0,2025-06-30 23:17:01
a8055a,THNDR04 ,United States,1751325264.0,1751325267,-104.8266,38.9834,,True,30.05,173.12,-1.63,,,,False,0,2025-06-30 23:17:01
aaeb0e,UAL2289 ,United States,1751325420.0,1751325421,-97.6804,30.2559,373.38,False,67.41,178.69,-2.93,,396.24,0027,False,0,2025-06-30 23:17:01
a11d7d,CVU71   ,United States,1751325420.0,1751325420,-114.3258,35.983,2042.16,False,71.98,263.43,0.98,,2110.74,,False,0,2025-06-30 23:17:01
a1d4bc,ENY3363 ,United States,1751325419.0,1751325420,-77.6677,43.1252,,True,0.0,351.56,,,,6526,True,0,2025-06-30 23:17:01
a80595,FFT1225 ,United States,1751325414.0,1751325415,-77.7981,33.2665,8839.2,False,242.31,345.99,0.0,,9387.84,,False,0,2025-06-30 23:17:01
a9cecf,AAL107  ,United States,1751325420.0,1751325420,-72.5872,40.9831,4480.56,False,186.92,251.71,-13.0,,4709.16,2512,False,0,2025-06-30 23:17:01
abd5bb,SWA3689 ,United States,1751325421.0,1751325421,-87.166,41.1902,10058.4,False,246.43,354.73,0.0,,10576.56,6747,False,0,2025-06-30 23:17:01
a09a87,N138SP  ,United States,1751325421.0,1751325421,-122.4258,45.107,13106.4,False,265.82,336.26,-0.33,,13647.42,4732,False,0,2025-06-30 23:17:01
a327ee,DAL1692 ,United States,1751325421.0,1751325421,-101.6306,45.0716,11269.98,False,254.29,96.62,-0.33,,11742.42,,False,0,2025-06-30 23:17:01
ac4ffb,SWA3929 ,United States,1751325418.0,1751325418,-102.0198,37.9743,10668.0,False,253.7,84.65,0.0,,11254.74,2650,False,0,2025-06-30 23:17:01
aa9b65,SWA1111 ,United States,1751325407.0,1751325407,-122.2129,37.7109,,True,0.0,59.06,,,,,False,0,2025-06-30 23:17:01
a6c4d7,AAL2306 ,United States,1751325420.0,1751325420,-91.0031,35.5459,10683.24,False,252.21,46.74,0.33,,11323.32,0502,False,0,2025-06-30 23:17:01
ad6fef,NKS2500 ,United States,1751325421.0,1751325421,-96.9301,40.0697,8450.58,False,232.75,85.44,-10.4,,8930.64,,False,0,2025-06-30 23:17:01
a58a67,SWA3259 ,United States,1751325416.0,1751325420,-122.2134,37.7093,,True,0.0,126.56,,,,,False,0,2025-06-30 23:17:01
a5a4ca,N463AK  ,United States,1751325420.0,1751325420,-115.1976,36.0755,1066.8,False,115.29,268.21,9.43,,1028.7,,False,0,2025-06-30 23:17:01
aaa342,ENY4011 ,United States,1751325421.0,1751325421,-100.7172,30.5335,11277.6,False,232.81,67.8,0.0,,11971.02,,False,0,2025-06-30 23:17:01
a794e1,DAL301  ,United States,1751325420.0,1751325420,-101.6754,31.1987,10363.2,False,229.83,239.01,0.0,,10965.18,7525,False,0,2025-06-30 23:17:01
ab6020,,United States,1751325419.0,1751325419,-116.0182,40.6028,11277.6,False,254.98,83.05,0.0,,11864.34,,False,0,2025-06-30 23:17:01
ab734d,KSU37   ,United States,1751325420.0,1751325420,-97.6615,38.8104,662.94,False,46.11,259.07,0.0,,693.42,,False,0,2025-06-30 23:17:01
a661bf,DAL328  ,United States,1751325421.0,1751325421,-82.509,28.5093,6911.34,False,184.84,342.67,3.58,,7299.96,5347,False,0,2025-06-30 23:17:01
a924c6,TWY89   ,United States,1751325418.0,1751325418,-121.0189,33.552,11902.44,False,250.13,261.6,3.9,,12481.56,,False,0,2025-06-30 23:17:01
abb007,DAL54   ,United States,1751325421.0,1751325421,-77.1419,36.3235,10058.4,False,246.42,52.89,0.0,,10675.62,6076,False,0,2025-06-30 23:17:01
ac8009,SWA2689 ,United States,1751325420.0,1751325420,-115.2456,34.3549,11887.2,False,246.57,57.01,-0.65,,12534.9,7361,False,0,2025-06-30 23:17:01
ace306,N92977  ,United States,1751325421.0,1751325421,-122.7408,38.1289,1905.0,False,52.95,302.3,1.95,,1958.34,1200,False,0,2025-06-30 23:17:01
ad6ff2,AAL1085 ,United States,1751325421.0,1751325421,-92.1572,34.6967,11582.4,False,220.15,230.88,0.0,,12260.58,4111,False,0,2025-06-30 23:17:01
a4ba76,AAL2320 ,United States,1751325414.0,1751325419,-77.6675,43.126,,True,0.0,87.19,,,,3342,False,0,2025-06-30 23:17:01
348351,IBE03DL ,Spain,1751325420.0,1751325421,-70.9409,42.497,769.62,False,86.89,199.72,-4.55,,784.86,,False,0,2025-06-30 23:17:01
a301df,AAY507  ,United States,1751325180.0,1751325180,-91.6924,41.8842,297.18,False,68.44,271.29,-3.9,,297.18,0437,False,0,2025-06-30 23:17:01
aa9b42,SWA515  ,United States,1751325420.0,1751325421,-102.9857,37.7726,9144.0,False,233.41,331.57,0.0,,9662.16,,False,0,2025-06-30 23:17:01
a19910,JBU637  ,United States,1751325420.0,1751325421,-71.6945,38.5756,8557.26,False,247.83,169.72,3.9,,9067.8,1122,False,0,2025-06-30 23:17:01
ac801e,EDV5089 ,United States,1751325421.0,1751325421,-79.49,35.1484,9273.54,False,230.5,51.16,5.85,,9852.66,,False,0,2025-06-30 23:17:01
acd00b,N92448  ,United States,1751325420.0,1751325420,-122.6761,45.1363,579.12,False,50.17,76.96,-3.58,,556.26,,False,0,2025-06-30 23:17:01
a5a4a0,N4629D  ,United States,1751325213.0,1751325213,-117.275,33.129,137.16,False,32.39,259.94,-1.95,,83.82,,False,0,2025-06-30 23:17:01
ad5cfa,N960JM  ,United States,1751325421.0,1751325421,-113.078,43.324,9448.8,False,150.47,166.15,0.0,,9936.48,,False,0,2025-06-30 23:17:01
ab7394,AAL3260 ,United States,1751325421.0,1751325421,-95.6397,44.3958,10668.0,False,258.86,107.46,0.33,,11003.28,3535,False,0,2025-06-30 23:17:01
a817b1,QXE2077 ,United States,1751325421.0,1751325421,-118.4674,34.0114,2301.24,False,125.25,93.53,-5.85,,2377.44,1330,False,0,2025-06-30 23:17:01
aa9b20,SWA3516 ,United States,1751325384.0,1751325386,-119.2144,38.6767,6560.82,False,201.16,314.9,-10.08,,6926.58,,False,0,2025-06-30 23:17:01
a3ad5a,DAL2316 ,United States,1751325420.0,1751325420,-86.7061,38.1091,8839.2,False,253.49,8.76,3.58,,9349.74,5615,False,0,2025-06-30 23:17:01
a5b7e6,LXJ468  ,United States,1751325421.0,1751325421,-92.3002,41.5085,13373.1,False,244.47,88.31,7.48,,13914.12,,False,0,2025-06-30 23:17:01
a44917,UAL2356 ,United States,1751325421.0,1751325421,-77.9166,42.7802,10668.0,False,259.4,109.94,0.0,,11231.88,0571,False,0,2025-06-30 23:17:01
a58a28,N456U   ,United States,1751325420.0,1751325420,-97.3525,31.842,2887.98,False,47.56,164.31,0.0,,3025.14,,False,0,2025-06-30 23:17:01
ad1697,SWA286  ,United States,1751325421.0,1751325421,-78.395,38.3267,11574.78,False,239.96,198.63,0.0,,12245.34,1402,False,0,2025-06-30 23:17:01
a0c936,N15QB   ,United States,1751325421.0,1751325421,-106.6935,32.0234,12489.18,False,268.52,125.49,0.0,,13205.46,7222,False,0,2025-06-30 23:17:01
a46a7e,DAL2714 ,United States,1751325421.0,1751325421,-83.0882,40.7701,10347.96,False,215.55,217.14,0.0,,10927.08,2235,False,0,2025-06-30 23:17:01
ab6081,LYM5120 ,United States,1751325420.0,1751325421,-93.8665,46.4172,9136.38,False,216.58,317.02,0.33,,9357.36,0352,False,0,2025-06-30 23:17:01
acf69b,EDV4967 ,United States,1751325420.0,1751325420,-96.2112,29.7874,8412.48,False,229.98,255.09,-13.33,,8938.26,7255,False,0,2025-06-30 23:17:01
ad0375,TAI425  ,United States,1751325421.0,1751325421,-94.3902,28.5619,8465.82,False,227.19,149.37,6.5,,8983.98,6626,False,0,2025-06-30 23:17:01
a59d5f,AAL968  ,United States,1751325420.0,1751325421,-86.9287,35.6872,10355.58,False,232.82,255.93,0.0,,11010.9,0677,False,0,2025-06-30 23:17:01
a6d7e0,SYX54   ,United States,1751325420.0,1751325420,-107.6323,32.5398,2621.28,False,92.67,201.15,-5.53,,2720.34,,False,0,2025-06-30 23:17:01
a06646,AAL727  ,United States,1751325328.0,1751325328,-122.3067,47.4521,,True,5.66,118.12,,,,,False,0,2025-06-30 23:17:01
ac0912,N875BR  ,United States,1751325421.0,1751325421,-121.4662,38.3949,1714.5,False,62.98,47.32,-0.33,,1752.6,4530,False,0,2025-06-30 23:17:01
a3aca6,FFT1821 ,United States,1751325354.0,1751325380,-99.7608,40.6007,10972.8,False,212.54,260.95,0.0,,11513.82,7461,False,0,2025-06-30 23:17:01
0d0ecf,VIV113  ,Mexico,1751325421.0,1751325421,-113.5961,35.3269,8282.94,False,231.95,119.35,3.58,,8778.24,,False,0,2025-06-30 23:17:01
a29337,SKW4006 ,United States,1751325420.0,1751325420,-96.0127,36.2088,1592.58,False,127.24,183.01,-7.48,,1668.78,0563,False,0,2025-06-30 23:17:01
8694d8,ANA108  ,Japan,1751325420.0,1751325420,-122.6005,37.8304,3771.9,False,174.1,139.67,-8.78,,3931.92,1174,False,0,2025-06-30 23:17:01
a2e306,N28507  ,United States,1751325420.0,1751325420,-96.144,30.734,1051.56,False,52.58,126.65,0.33,,1104.9,,False,0,2025-06-30 23:17:01
a9bd7b,N7269T  ,United States,1751325420.0,1751325420,-115.6913,47.6105,4175.76,False,63.17,300.32,-3.25,,4343.4,,False,0,2025-06-30 23:17:01
a2097b,N230LA  ,United States,1751325420.0,1751325420,-118.3303,34.1042,297.18,False,26.58,284.57,2.6,,251.46,,False,0,2025-06-30 23:17:01
a05373,N12XN   ,United States,1751325420.0,1751325420,-86.4966,34.7345,7620.0,False,137.46,118.87,0.0,,8084.82,,False,0,2025-06-30 23:17:01
a4493e,UAL1948 ,United States,1751325420.0,1751325421,-120.7037,37.664,6995.16,False,207.57,261.45,-9.43,,7330.44,6107,False,0,2025-06-30 23:17:01
0d0ef2,RFD111  ,Mexico,1751325223.0,1751325223,-100.1139,25.7823,381.0,False,34.85,121.11,-1.3,,373.38,,False,0,2025-06-30 23:17:01
a1d63d,UAL1564 ,United States,1751325419.0,1751325420,-87.8559,41.9658,373.38,False,68.42,270.0,-3.25,,335.28,3211,False,0,2025-06-30 23:17:01
a0669d,DAL1225 ,United States,1751325421.0,1751325421,-84.3092,31.785,10363.2,False,229.8,356.79,0.0,,10988.04,7176,False,0,2025-06-30 23:17:01
a3acaf,N336G   ,United States,1751325420.0,1751325420,-97.6699,30.7971,861.06,False,53.59,183.3,-2.28,,883.92,3546,False,0,2025-06-30 23:17:01
a4493a,UAL1710 ,United States,1751325102.0,1751325115,-87.8716,41.9884,304.8,False,76.65,270.38,-3.9,,259.08,6713,False,0,2025-06-30 23:17:01
a17355,N193AE  ,United States,1751325413.0,1751325413,-88.6772,38.9785,563.88,False,71.43,70.65,-1.3,,541.02,,False,0,2025-06-30 23:17:01
a0a30e,DAL846  ,United States,1751325421.0,1751325421,-96.9926,33.1502,1524.0,False,99.89,204.98,-2.93,,1592.58,3015,False,0,2025-06-30 23:17:01
a54312,RPA9946 ,United States,1751325421.0,1751325421,-74.7319,43.0352,10972.8,False,215.39,273.29,0.0,,11567.16,5733,False,0,2025-06-30 23:17:01
a1e958,N222KH  ,United States,1751325421.0,1751325421,-123.4859,47.135,1341.12,False,61.71,61.08,-0.98,,1394.46,,False,0,2025-06-30 23:17:01
a4dfdd,N413GB  ,United States,1751325420.0,1751325420,-115.292,35.681,12192.0,False,211.23,227.76,-0.33,,12847.32,,False,0,2025-06-30 23:17:01
a44939,UAL1473 ,United States,1751325224.0,1751325230,-74.1817,40.6992,,True,4.12,191.25,,,,4130,False,0,2025-06-30 23:17:01
0d0efa,RFD166  ,Mexico,1751325421.0,1751325421,-100.0549,25.9903,2423.16,False,94.71,345.21,0.0,,2522.22,,False,0,2025-06-30 23:17:01
a0fcd4,AAL215  ,United States,1751325417.0,1751325420,-87.8662,41.9883,327.66,False,73.05,270.4,-4.55,,289.56,6124,False,0,2025-06-30 23:17:01
a3293e,N3021C  ,United States,1751325420.0,1751325420,-71.6854,42.1417,1066.8,False,65.92,47.85,-1.3,,1059.18,5245,False,0,2025-06-30 23:17:01
aa9a93,SWA1636 ,United States,1751325421.0,1751325421,-95.1467,35.751,11887.2,False,243.25,101.71,0.65,,12557.76,,False,0,2025-06-30 23:17:01
a7e4f9,N608AB  ,United States,1751325241.0,1751325245,-97.3656,32.8485,335.28,False,57.77,171.29,-2.93,,312.42,2630,False,0,2025-06-30 23:17:01
aa9a7a,SWA2681 ,United States,1751325420.0,1751325420,-94.7057,40.6338,11277.6,False,263.03,76.43,0.33,,11826.24,,False,0,2025-06-30 23:17:01
aa51fe,SKW6365 ,United States,1751325360.0,1751325360,-92.2145,32.4467,10363.2,False,231.51,270.64,-0.65,,11003.28,,False,0,2025-06-30 23:17:01
a0a36d,N140HP  ,United States,1751325421.0,1751325421,-117.9754,33.9566,838.2,False,59.32,168.5,0.0,,830.58,4203,False,0,2025-06-30 23:17:01
aafca8,JBU1682 ,United States,1751325420.0,1751325421,-72.1222,38.7378,10668.0,False,222.32,320.82,-4.88,,11292.84,,False,0,2025-06-30 23:17:01
aa9a81,N7821T  ,United States,1751325396.0,1751325409,-120.1769,39.0808,3108.96,False,54.89,259.74,8.45,,3238.5,,False,0,2025-06-30 23:17:01
a2803d,AAY633  ,United States,1751325420.0,1751325421,-84.023,36.0779,10668.0,False,236.09,148.91,0.0,,11308.08,6710,False,0,2025-06-30 23:17:01
a7d1ae,N60244  ,United States,1751325384.0,1751325384,-115.5453,36.4561,2529.84,False,75.8,301.96,6.83,,2575.56,,False,0,2025-06-30 23:17:01
a68903,N520AW  ,United States,1751325420.0,1751325420,-82.492,35.3466,1958.34,False,124.24,131.81,16.91,,2049.78,2526,False,0,2025-06-30 23:17:01
0d0ea9,VTM692  ,Mexico,1751325420.0,1751325420,-101.4901,24.7159,9448.8,False,236.9,31.41,-0.33,,10058.4,,False,0,2025-06-30 23:17:01
abd627,SWA4006 ,United States,1751325420.0,1751325421,-88.3406,40.4128,9753.6,False,213.27,211.89,5.2,,10264.14,1323,False,0,2025-06-30 23:17:01
aab62f,N79FF   ,United States,1751325421.0,1751325421,-105.1206,39.9317,1889.76,False,47.24,305.25,0.33,,1988.82,,False,0,2025-06-30 23:17:01
c03bf2,WJA1514 ,Canada,1751325420.0,1751325421,-114.3752,36.0213,11582.4,False,227.71,228.21,0.0,,12230.1,2102,False,0,2025-06-30 23:17:01
a781d7,JBU883  ,United States,1751325407.0,1751325415,-73.7797,40.653,,True,0.0,120.94,,,,,False,0,2025-06-30 23:17:01
c03bf5,WJA1427 ,Canada,1751325420.0,1751325420,-90.861,41.5676,10972.8,False,215.94,312.39,0.98,,11475.72,1042,False,0,2025-06-30 23:17:01
ad1619,N942RM  ,United States,1751325362.0,1751325363,-84.2017,42.5966,647.7,False,46.58,6.34,0.33,,601.98,,False,0,2025-06-30 23:17:01
a924fc,DAL796  ,United States,1751325420.0,1751325421,-93.3457,32.2305,11277.6,False,250.98,86.59,0.0,,11963.4,3543,False,0,2025-06-30 23:17:01
ac4fd8,SWA1911 ,United States,1751325420.0,1751325420,-82.0024,29.6346,10668.0,False,245.25,173.86,-0.33,,11269.98,1156,False,0,2025-06-30 23:17:01
abd60b,SWA2281 ,United States,1751325419.0,1751325420,-81.8812,32.173,11597.64,False,229.16,92.57,-0.33,,12237.72,2670,False,0,2025-06-30 23:17:01
a4497f,UAL1171 ,United States,1751325420.0,1751325421,-95.1567,29.9775,708.66,False,113.18,270.0,-6.18,,769.62,,False,0,2025-06-30 23:17:01
8694b6,ANA111  ,Japan,1751325420.0,1751325420,-88.1024,42.8849,6233.16,False,207.45,329.94,7.48,,6461.76,6263,False,0,2025-06-30 23:17:01
a3298a,JBU2473 ,United States,1751325420.0,1751325420,-73.7675,40.6487,,True,4.12,120.94,,,,,False,0,2025-06-30 23:17:01
ab9991,N84678  ,United States,1751325386.0,1751325393,-85.8952,37.5088,1066.8,False,30.94,183.81,-0.65,,1097.28,,False,0,2025-06-30 23:17:01
abe94c,ERU867  ,United States,1751325418.0,1751325418,-81.1441,29.415,563.88,False,55.71,355.76,-0.33,,609.6,0160,False,0,2025-06-30 23:17:01
a16037,AAL2410 ,United States,1751325420.0,1751325421,-87.6419,36.227,9753.6,False,232.41,276.35,0.0,,10340.34,0350,False,0,2025-06-30 23:17:01
a28011,N260MA  ,United States,1751325419.0,1751325419,-70.8595,41.7733,655.32,False,63.31,218.73,0.0,,655.32,,False,0,2025-06-30 23:17:01
a5b916,UAL1243 ,United States,1751325420.0,1751325421,-120.1464,35.0853,10363.2,False,242.27,315.0,0.0,,10866.12,1050,False,0,2025-06-30 23:17:01
aaa339,N785BG  ,United States,1751325421.0,1751325421,-72.1057,43.7795,1379.22,False,49.14,312.88,0.0,,1409.7,,False,0,2025-06-30 23:17:01
a1e98e,N222MM  ,United States,1751325420.0,1751325420,-113.3949,33.5104,3322.32,False,89.12,272.98,2.28,,3512.82,,False,0,2025-06-30 23:17:01
a66355,VOI1770 ,United States,1751325420.0,1751325420,-115.442,32.4623,11582.4,False,233.68,316.96,0.0,,12237.72,3263,False,0,2025-06-30 23:17:01
ad27e0,N947HH  ,United States,1751325420.0,1751325420,-118.2388,33.7883,838.2,False,46.06,20.26,-1.63,,807.72,,False,0,2025-06-30 23:17:01
ac2a33,AAL936  ,United States,1751325420.0,1751325420,-81.9643,30.4289,7322.82,False,243.97,185.57,0.33,,7741.92,6621,False,0,2025-06-30 23:17:01
a85ff5,JBU1152 ,United States,1751325421.0,1751325421,-76.4556,36.8553,10668.0,False,234.2,34.98,0.0,,11300.46,2143,False,0,2025-06-30 23:17:01
ac07fd,SWA2350 ,United States,1751325420.0,1751325420,-90.8237,31.7871,11582.4,False,233.52,250.17,0.0,,12283.44,3136,False,0,2025-06-30 23:17:01
a6c652,N5357E  ,United States,1751325286.0,1751325286,-78.036,39.2012,777.24,False,27.63,155.82,-2.28,,845.82,,False,0,2025-06-30 23:17:01
a3f04a,DAL337  ,United States,1751325420.0,1751325420,-81.3875,31.435,10058.4,False,220.3,12.54,0.0,,10629.9,2653,False,0,2025-06-30 23:17:01
a96cbe,VXP392  ,United States,1751325421.0,1751325421,-76.3286,37.0002,11894.82,False,228.21,35.09,0.0,,12557.76,3237,False,0,2025-06-30 23:17:01
a5a683,UAL1868 ,United States,1751325421.0,1751325421,-100.5458,46.071,10668.0,False,259.48,112.5,-0.98,,11064.24,,False,0,2025-06-30 23:17:01
4cad47,ITY621  ,Ireland,1751325420.0,1751325420,-114.184,37.0802,11277.6,False,261.75,32.32,0.0,,11894.82,2412,False,0,2025-06-30 23:17:01
3482d6,AEA097  ,Spain,1751325408.0,1751325416,-79.2479,27.7701,9471.66,False,236.21,198.28,-8.45,,9966.96,7232,False,0,2025-06-30 23:17:01
a77035,DAL2114 ,United States,1751325420.0,1751325420,-113.7288,36.4164,10363.2,False,229.36,233.85,0.0,,10949.94,3035,False,0,2025-06-30 23:17:01
3c4586,BOX453  ,Germany,1751325421.0,1751325421,-73.8163,40.5662,1089.66,False,128.85,171.97,14.63,,1089.66,3361,False,0,2025-06-30 23:17:01
aaea4a,RVJ802  ,United States,1751325420.0,1751325420,-77.4385,38.9533,,True,6.17,337.5,,,,2750,False,0,2025-06-30 23:17:01
3c458c,BOX448  ,Germany,1751325420.0,1751325421,-72.9073,47.1477,10363.2,False,237.42,239.1,0.0,,10812.78,,False,0,2025-06-30 23:17:01
a5a69b,N463V   ,United States,1751325421.0,1751325421,-89.5797,41.1416,13106.4,False,181.78,246.48,0.0,,13639.8,4555,False,0,2025-06-30 23:17:01
a6503f,JIA5327 ,United States,1751325420.0,1751325420,-81.7648,38.4602,10058.4,False,244.55,94.34,0.33,,10660.38,1311,False,0,2025-06-30 23:17:01
ae47e8,R20043  ,United States,1751325420.0,1751325421,-97.7887,31.1566,449.58,False,58.73,288.91,-1.3,,441.96,,False,0,2025-06-30 23:17:01
a3f080,N353FS  ,United States,1751325421.0,1751325421,-114.9128,36.1548,1028.7,False,56.74,274.16,-0.65,,975.36,,False,0,2025-06-30 23:17:01
a6503c,FTD506  ,United States,1751325420.0,1751325420,-84.7033,38.7497,5067.3,False,178.6,218.69,16.91,,5303.52,6732,False,0,2025-06-30 23:17:01
3c4593,BOX458  ,Germany,1751325420.0,1751325420,-84.4416,33.6315,,True,5.4,208.12,,,,2214,False,0,2025-06-30 23:17:01
abd4e7,SWA4199 ,United States,1751325420.0,1751325420,-109.0619,32.3709,10652.76,False,238.15,102.48,2.28,,11262.36,4134,False,0,2025-06-30 23:17:01
ae47e0,R20030  ,United States,1751325417.0,1751325420,-79.0819,35.0316,281.94,False,57.1,90.0,-0.65,,274.32,,False,0,2025-06-30 23:17:01
a1e8bf,N222DE  ,United States,1751325421.0,1751325421,-82.0312,42.4653,6705.6,False,121.14,266.35,0.0,,7010.4,7465,False,0,2025-06-30 23:17:01
a6c628,ILU558  ,United States,1751325092.0,1751325216,-88.1041,39.7306,579.12,False,60.11,6.88,-2.93,,548.64,0635,False,0,2025-06-30 23:17:01
a198df,N20155  ,United States,1751325417.0,1751325417,-82.3543,34.766,533.4,False,52.7,38.66,-1.95,,518.16,,False,0,2025-06-30 23:17:01
0d0f91,VIV9404 ,Mexico,1751325421.0,1751325421,-100.2121,25.8368,990.6,False,75.97,121.43,-0.65,,1005.84,,False,0,2025-06-30 23:17:01
a208ce,N230DC  ,United States,1751325420.0,1751325420,-112.1458,41.5257,1943.1,False,44.39,302.22,2.28,,2019.3,,False,0,2025-06-30 23:17:01
a35e15,LTA316  ,United States,1751325139.0,1751325200,-77.9764,34.6377,1958.34,False,59.54,219.74,0.0,,2049.78,,False,0,2025-06-30 23:17:01
acf4e8,DAL1347 ,United States,1751325420.0,1751325420,-84.3833,33.7327,2651.76,False,125.53,90.23,-8.78,,2788.92,0733,False,0,2025-06-30 23:17:01
ad01ab,SWA2430 ,United States,1751325420.0,1751325420,-94.0441,32.4417,12192.0,False,222.53,267.08,0.33,,12870.18,2673,False,0,2025-06-30 23:17:01
a53001,GPD433  ,United States,1751325421.0,1751325421,-72.3567,41.7916,2880.36,False,141.27,60.07,0.0,,3009.9,5204,False,0,2025-06-30 23:17:01
a6895e,N520EM  ,United States,1751325421.0,1751325421,-112.1915,36.249,13708.38,False,258.49,249.62,0.33,,14401.8,7234,False,0,2025-06-30 23:17:01
a3f00a,ATN3348 ,United States,1751325420.0,1751325420,-85.4755,38.6551,7315.2,False,231.88,51.76,0.0,,7711.44,2436,False,0,2025-06-30 23:17:01
a53013,UPS9871 ,United States,1751325420.0,1751325420,-120.1985,38.6873,10668.0,False,233.52,169.98,0.0,,11193.78,0530,False,0,2025-06-30 23:17:01
a80641,JIA5207 ,United States,1751325421.0,1751325421,-92.0979,30.3488,2316.48,False,142.06,338.55,14.31,,2468.88,,False,0,2025-06-30 23:17:01
a61ffc,N494LP  ,United States,1751325421.0,1751325421,-93.9708,41.75,624.84,False,54.18,120.22,-3.25,,632.46,,False,0,2025-06-30 23:17:01
abc1ef,CXK139  ,United States,1751325421.0,1751325421,-78.8753,36.0034,922.02,False,52.3,129.01,0.0,,929.64,,False,0,2025-06-30 23:17:01
a1b07f,BXR1981 ,United States,1751325417.0,1751325417,-122.2949,40.8209,2194.56,False,92.09,180.0,-7.48,,2270.76,,False,0,2025-06-30 23:17:01
aaea8c,DAL174  ,United States,1751325421.0,1751325421,-80.0558,35.0914,10668.0,False,238.63,64.6,0.0,,11300.46,3344,False,0,2025-06-30 23:17:01
a66346,AAL2905 ,United States,1751325420.0,1751325421,-80.3287,34.5873,4579.62,False,185.66,333.51,-5.85,,4831.08,1560,False,0,2025-06-30 23:17:01
a1b092,RPA5886 ,United States,1751325421.0,1751325421,-76.4946,41.2603,7315.2,False,187.67,283.31,0.33,,7696.2,7043,False,0,2025-06-30 23:17:01
a80629,JAS700  ,United States,1751325421.0,1751325421,-116.2038,33.9626,7429.5,False,201.34,267.51,-8.45,,7825.74,7226,False,0,2025-06-30 23:17:01
a6898d,GJS4390 ,United States,1751325418.0,1751325419,-87.9308,41.9748,,True,0.0,270.0,,,,1743,False,0,2025-06-30 23:17:01
ac0906,AAL3306 ,United States,1751325401.0,1751325404,-80.9015,25.3728,3810.0,False,161.93,68.57,-7.48,,4038.6,4364,False,0,2025-06-30 23:17:01
ac3f13,N8888X  ,United States,1751325420.0,1751325421,-93.9458,35.8564,1927.86,False,84.41,135.99,3.9,,2004.06,4372,False,0,2025-06-30 23:17:01
a302a0,SWA1930 ,United States,1751325168.0,1751325168,-121.925,37.3647,,True,0.06,50.62,,,,1061,False,0,2025-06-30 23:17:01
0d0f4b,TAA220  ,Mexico,1751325421.0,1751325421,-99.6659,26.4251,7018.02,False,121.94,31.54,0.0,,7444.74,,False,0,2025-06-30 23:17:01
abb19c,SWA2606 ,United States,1751325421.0,1751325421,-81.328,28.5429,525.78,False,86.95,179.32,-4.55,,571.5,4505,False,0,2025-06-30 23:17:01
a568e8,LXJ448  ,United States,1751325420.0,1751325420,-81.4402,31.4435,12496.8,False,208.39,358.87,0.98,,13152.12,6613,False,0,2025-06-30 23:17:01
a1e8ec,N222F   ,United States,1751325304.0,1751325304,-117.273,33.1294,114.3,False,29.36,258.89,-1.63,,76.2,,False,0,2025-06-30 23:17:01
a35e49,DAL1517 ,United States,1751325420.0,1751325421,-109.7541,37.0305,10957.56,False,229.65,240.62,-0.33,,11544.3,1736,False,0,2025-06-30 23:17:01
a34b15,FFT1304 ,United States,1751325421.0,1751325421,-86.4802,36.6686,10363.2,False,223.72,197.39,0.0,,10988.04,5777,False,0,2025-06-30 23:17:01
39c494,FBU93L  ,France,1751325420.0,1751325421,-114.9062,35.6348,12192.0,False,248.09,228.11,-0.33,,12862.56,,False,0,2025-06-30 23:17:01
ae1169,WING73  ,United States,1751325421.0,1751325421,-78.4344,36.1537,4884.42,False,109.5,225.57,-0.33,,5158.74,2423,False,0,2025-06-30 23:17:01
39c495,FBU20J  ,France,1751325420.0,1751325420,-68.769,44.2858,13106.4,False,235.39,254.54,0.0,,13655.04,0727,False,0,2025-06-30 23:17:01
a448d5,UAL2117 ,United States,1751325421.0,1751325421,-117.2189,32.7416,350.52,False,94.33,297.26,10.08,,297.18,,False,0,2025-06-30 23:17:01
a0a2bd,AAL9783 ,United States,1751325421.0,1751325421,-108.442,35.2118,11269.98,False,223.87,69.27,0.33,,11902.44,4124,False,0,2025-06-30 23:17:01
abe9b1,JRE867  ,United States,1751325421.0,1751325421,-110.1807,37.8983,12268.2,False,215.89,55.78,-4.88,,12893.04,1044,False,0,2025-06-30 23:17:01
a555ad,N4429Q  ,United States,1751325343.0,1751325348,-122.3958,48.4606,129.54,False,29.25,309.29,-1.3,,121.92,,False,0,2025-06-30 23:17:01
a448d1,UAL2855 ,United States,1751325421.0,1751325421,-111.5694,33.0918,10668.0,False,247.42,104.33,0.0,,11277.6,6312,False,0,2025-06-30 23:17:01
a448bf,N3750J  ,United States,1751325420.0,1751325420,-71.1275,42.744,274.32,False,40.46,258.26,-1.3,,259.08,,False,0,2025-06-30 23:17:01
a448ba,DAL1155 ,United States,1751325421.0,1751325421,-112.0647,35.248,10972.8,False,226.82,354.66,-0.33,,11590.02,0766,False,0,2025-06-30 23:17:01
a23e44,N24350  ,United States,1751325420.0,1751325420,-119.1111,34.2336,304.8,False,47.29,171.87,-2.28,,266.7,,False,0,2025-06-30 23:17:01
ac2c10,SWA2339 ,United States,1751325421.0,1751325421,-96.2048,32.6216,11887.2,False,239.5,63.6,0.0,,12588.24,7403,False,0,2025-06-30 23:17:01
a5db01,N4769K  ,United States,1751325376.0,1751325376,-120.1102,45.0155,4747.26,False,99.04,80.73,2.28,,4960.62,,False,0,2025-06-30 23:17:01
ae1193,GRZLY50 ,United States,1751325420.0,1751325420,-116.2331,33.0498,7338.06,False,183.69,91.12,9.75,,7749.54,,False,0,2025-06-30 23:17:01
ab86d5,N84162  ,United States,1751325420.0,1751325420,-97.1529,36.1855,1135.38,False,42.07,258.0,3.25,,1173.48,,False,0,2025-06-30 23:17:01
a7d39a,NKS2202 ,United States,1751325405.0,1751325408,-78.2283,32.2198,10668.0,False,233.22,6.97,-0.33,,11262.36,,False,0,2025-06-30 23:17:01
a22b28,ENY3834 ,United States,1751325421.0,1751325421,-112.0349,34.9851,9753.6,False,209.73,354.79,-0.33,,10317.48,0744,False,0,2025-06-30 23:17:01
a89086,AAL3239 ,United States,1751325416.0,1751325416,-111.9934,33.4326,,True,0.0,213.75,,,,,False,0,2025-06-30 23:17:01
aab6d9,N79NA   ,United States,1751325420.0,1751325420,-71.8767,42.5079,1341.12,False,54.69,348.06,0.98,,1371.6,,False,0,2025-06-30 23:17:01
a7e691,SKW6532 ,United States,1751325421.0,1751325421,-87.4271,42.078,4678.68,False,179.73,102.56,7.8,,4846.32,3122,False,0,2025-06-30 23:17:01
a1c2f6,N212WT  ,United States,1751325392.0,1751325392,-80.1128,26.0092,121.92,False,47.37,177.51,-1.63,,106.68,,False,0,2025-06-30 23:17:01
a1c2f1,SWA4546 ,United States,1751325420.0,1751325420,-119.3986,35.0297,6941.82,False,195.41,142.16,-11.05,,7284.72,3371,False,0,2025-06-30 23:17:01
a568a6,CFR95   ,United States,1751325383.0,1751325383,-120.82,40.1888,2895.6,False,110.48,100.73,0.0,,3055.62,,False,0,2025-06-30 23:17:01
a6506d,SKW4761 ,United States,1751325405.0,1751325405,-88.1203,44.4911,,True,12.35,59.06,,,,,False,0,2025-06-30 23:17:01
a06703,RPA4556 ,United States,1751325414.0,1751325420,-79.625,43.6841,198.12,True,0.0,317.81,,,,6345,False,0,2025-06-30 23:17:01
a0eb95,N15892  ,United States,1751325418.0,1751325419,-71.7722,42.5623,152.4,False,42.82,151.28,-5.2,,144.78,1200,False,0,2025-06-30 23:17:01
a34b61,N311JS  ,United States,1751325420.0,1751325420,-122.1123,37.4579,,True,3.09,47.81,,,,1200,False,0,2025-06-30 23:17:01
a89058,N6509L  ,United States,1751325420.0,1751325420,-122.5109,47.8125,1348.74,False,49.48,205.23,0.33,,1402.08,0327,False,0,2025-06-30 23:17:01
a448fa,UAL1839 ,United States,1751325420.0,1751325420,-106.3603,37.5535,10363.2,False,231.72,225.09,0.0,,10942.32,2776,False,0,2025-06-30 23:17:01
a448fc,DAL2460 ,United States,1751325420.0,1751325421,-76.9101,36.4727,10972.8,False,242.53,207.54,0.0,,11612.88,1774,False,0,2025-06-30 23:17:01
a65086,DAL786  ,United States,1751325420.0,1751325421,-94.5459,43.4204,10972.8,False,203.19,288.3,0.33,,11369.04,3636,False,0,2025-06-30 23:17:01
a7706b,LXJ579  ,United States,1751325420.0,1751325420,-110.1294,38.4406,13708.38,False,243.11,87.21,0.33,,14378.94,,False,0,2025-06-30 23:17:01
a292c9,ENY3929 ,United States,1751325421.0,1751325421,-111.8867,33.4405,899.16,False,83.34,270.0,-4.88,,853.44,,False,0,2025-06-30 23:17:01
a35e5b,AAY2    ,United States,1751325188.0,1751325213,-118.053,37.4384,9448.8,False,219.76,46.14,0.0,,9944.1,,False,0,2025-06-30 23:17:01
a4ce11,AAL2148 ,United States,1751325420.0,1751325420,-87.8469,31.6551,10988.04,False,234.7,286.69,-0.33,,11658.6,6031,False,0,2025-06-30 23:17:01
ac2c56,SWA2503 ,United States,1751325421.0,1751325421,-91.9353,34.2935,10972.8,False,228.66,246.95,0.0,,11635.74,1044,False,0,2025-06-30 23:17:01
a35e66,AAL1245 ,United States,1751325420.0,1751325420,-81.1507,25.2839,5067.3,False,173.01,68.55,-8.13,,5364.48,1365,False,0,2025-06-30 23:17:01
a448f8,UAL584  ,United States,1751325420.0,1751325420,-85.118,33.8654,10668.0,False,240.03,62.01,0.0,,11315.7,2704,False,0,2025-06-30 23:17:01
ab0c73,N8105R  ,United States,1751325419.0,1751325420,-86.2506,40.0581,609.6,False,52.48,359.44,5.2,,594.36,,False,0,2025-06-30 23:17:01
a448f2,UAL2668 ,United States,1751325420.0,1751325420,-76.3944,36.8795,10363.2,False,245.62,204.63,0.0,,10965.18,3044,False,0,2025-06-30 23:17:01
a9cff8,NKS2151 ,United States,1751325420.0,1751325420,-72.9065,40.8197,6576.06,False,185.0,36.52,-4.88,,6926.58,2426,False,0,2025-06-30 23:17:01
a7e693,SKQ61   ,United States,1751325420.0,1751325420,-77.7661,38.6094,2141.22,False,117.05,159.41,1.3,,2247.9,,False,0,2025-06-30 23:17:01
a448f6,UAL2044 ,United States,1751325287.0,1751325300,-74.1735,40.7019,,True,4.63,5.62,,,,,False,0,2025-06-30 23:17:01
4cabd1,EIN1EA  ,Ireland,1751325420.0,1751325420,-72.1446,42.0916,9037.32,False,238.32,50.61,4.55,,9532.62,3035,False,0,2025-06-30 23:17:01
4cabd2,EIN119  ,Ireland,1751325108.0,1751325109,-77.4543,38.9493,,True,0.0,180.0,,,,3543,False,0,2025-06-30 23:17:01
a9ab05,ASA518  ,United States,1751325420.0,1751325421,-108.6791,32.3902,10972.8,False,232.97,287.87,-0.33,,11612.88,2540,False,0,2025-06-30 23:17:01
a71b43,AAL2474 ,United States,1751325421.0,1751325421,-90.483,38.8075,10058.4,False,256.12,30.94,0.0,,10614.66,3636,False,0,2025-06-30 23:17:01
a18723,AAY3106 ,United States,1751325420.0,1751325420,-86.3178,30.4173,457.2,False,94.45,216.81,0.0,,487.68,6234,False,0,2025-06-30 23:17:01
ab879f,DAL1110 ,United States,1751325420.0,1751325420,-84.9942,32.2589,8961.12,False,241.99,337.63,-4.88,,9502.14,1121,False,0,2025-06-30 23:17:01
aaeade,N802SC  ,United States,1751325420.0,1751325420,-118.4634,34.0375,1196.34,False,48.57,126.38,-1.95,,1181.1,,False,0,2025-06-30 23:17:01
4cabd4,EIN11P  ,Ireland,1751325421.0,1751325421,-73.9063,40.588,9464.04,False,251.41,51.98,0.0,,10027.92,3604,False,0,2025-06-30 23:17:01
a0540a,DAL2198 ,United States,1751325421.0,1751325421,-112.6412,37.3654,10668.0,False,241.7,56.55,0.0,,11254.74,6762,False,0,2025-06-30 23:17:01
a5db4e,SKW5693 ,United States,1751325420.0,1751325420,-122.3746,37.706,876.3,False,102.95,314.8,10.73,,861.06,3735,False,0,2025-06-30 23:17:01
a6fb32,AAL582  ,United States,1751325421.0,1751325421,-102.7391,33.43,10058.4,False,252.89,64.58,0.0,,10652.76,7637,False,0,2025-06-30 23:17:01
a422f7,DAL770  ,United States,1751325421.0,1751325421,-87.9533,36.1448,10363.2,False,228.93,270.13,0.0,,10995.66,2242,False,0,2025-06-30 23:17:01
a7d2ae,SKW3759 ,United States,1751325420.0,1751325421,-121.1432,38.1687,3116.58,False,161.26,310.6,-6.5,,3253.74,6730,False,0,2025-06-30 23:17:01
abd77e,AAL2323 ,United States,1751325421.0,1751325421,-87.2312,40.244,7924.8,False,248.61,147.59,-0.33,,8328.66,3137,False,0,2025-06-30 23:17:01
a35e9c,AAL2247 ,United States,1751325421.0,1751325421,-76.7333,42.782,10972.8,False,214.43,252.26,0.33,,11559.54,1312,False,0,2025-06-30 23:17:01
abb12d,SWA2762 ,United States,1751325420.0,1751325421,-84.0323,41.5662,10553.7,False,255.18,102.1,-5.2,,11102.34,2773,False,0,2025-06-30 23:17:01
a4ce64,TKK409  ,United States,1751325375.0,1751325404,-95.1992,29.7166,457.2,False,79.3,225.53,-7.48,,548.64,3622,False,0,2025-06-30 23:17:01
a0675f,N125MG  ,United States,1751325412.0,1751325413,-121.168,44.6366,975.36,False,51.75,96.28,-3.58,,982.98,,False,0,2025-06-30 23:17:01
acd12f,EPI925  ,United States,1751325404.0,1751325417,-80.7704,29.0077,716.28,False,45.93,285.59,-2.93,,754.38,7245,False,0,2025-06-30 23:17:01
ab616f,SCX1982 ,United States,1751325420.0,1751325421,-87.6128,46.8495,11590.02,False,210.43,279.85,0.33,,11925.3,,False,0,2025-06-30 23:17:01
a5ee51,SWA1672 ,United States,1751325421.0,1751325421,-73.2244,40.0445,9144.0,False,242.29,224.31,0.0,,9654.54,2433,False,0,2025-06-30 23:17:01
a35da8,FFT1402 ,United States,1751325421.0,1751325421,-87.1006,36.8191,5113.02,False,172.67,145.32,-8.13,,5379.72,1426,False,0,2025-06-30 23:17:01
acd135,SKW5106 ,United States,1751325420.0,1751325420,-88.1726,44.8868,9144.0,False,240.33,354.47,0.0,,9448.8,1324,False,0,2025-06-30 23:17:01
ab618b,UAL1865 ,United States,1751325420.0,1751325421,-105.7109,40.7697,7429.5,False,213.53,135.1,-10.4,,7879.08,1757,False,0,2025-06-30 23:17:01
abc49b,SWA1262 ,United States,1751325420.0,1751325420,-96.4689,29.2419,11254.74,False,235.89,78.3,6.5,,11932.92,4054,False,0,2025-06-30 23:17:01
a72e69,ASA6    ,United States,1751325421.0,1751325421,-96.7117,32.3561,10668.0,False,248.46,73.89,0.0,,11308.08,7675,False,0,2025-06-30 23:17:01
a542d7,SWA2599 ,United States,1751325420.0,1751325420,-76.9382,38.5424,3710.94,False,185.94,36.11,-9.75,,3916.68,4651,False,0,2025-06-30 23:17:01
a59e97,N461P   ,United States,1751325421.0,1751325421,-73.5797,40.6668,891.54,False,93.58,75.35,-3.58,,883.92,6563,False,0,2025-06-30 23:17:01
ad4afb,ASA1175 ,United States,1751325421.0,1751325421,-121.9614,37.3944,495.3,False,103.23,319.24,5.53,,449.58,3323,False,0,2025-06-30 23:17:01
a06763,LFA680  ,United States,1751325419.0,1751325420,-80.9302,28.4967,1341.12,False,63.46,348.78,-0.98,,1424.94,5505,False,0,2025-06-30 23:17:01
ac3f09,SWA2109 ,United States,1751325421.0,1751325421,-91.0697,39.1596,10668.0,False,259.83,86.25,-0.33,,11247.12,1412,False,0,2025-06-30 23:17:01
a5db2c,ASA480  ,United States,1751325420.0,1751325420,-99.7659,46.1712,10363.2,False,211.51,289.32,0.33,,10728.96,3605,False,0,2025-06-30 23:17:01
c008a9,ACA71   ,Canada,1751325416.0,1751325416,-73.764,45.4604,,True,6.94,157.5,,,,2501,False,0,2025-06-30 23:17:01
a1c444,N2127G  ,United States,1751325420.0,1751325420,-117.3768,33.8694,1584.96,False,81.98,255.09,-1.3,,1569.72,0761,False,0,2025-06-30 23:17:01
a60da2,N4899G  ,United States,1751325421.0,1751325421,-123.0078,47.1132,1127.76,False,49.7,216.16,0.65,,1165.86,,False,0,2025-06-30 23:17:01
a22ac6,RPA5832 ,United States,1751325420.0,1751325420,-83.8686,39.9275,6705.6,False,196.95,217.68,-0.33,,7048.5,5216,False,0,2025-06-30 23:17:01
a04155,N1151V  ,United States,1751325306.0,1751325397,-86.4258,42.0077,929.64,False,74.61,91.19,-0.65,,906.78,,False,0,2025-06-30 23:17:01
a0a457,SKW5350 ,United States,1751325344.0,1751325344,-87.8966,41.9883,213.36,False,67.91,270.43,-2.93,,259.08,7013,False,0,2025-06-30 23:17:01
a47db3,LTA389  ,United States,1751325118.0,1751325118,-78.6126,34.4936,1348.74,False,60.98,170.78,-17.23,,1394.46,,False,0,2025-06-30 23:17:01
a3adce,AAL1975 ,United States,1751325421.0,1751325421,-83.097,34.0499,11277.6,False,223.96,57.95,0.0,,11948.16,4311,False,0,2025-06-30 23:17:01
0d0dd3,VOI3382 ,Mexico,1751325420.0,1751325421,-112.9396,30.7704,10660.38,False,243.66,117.27,0.0,,11300.46,,False,0,2025-06-30 23:17:01
a42405,EJA366  ,United States,1751325421.0,1751325421,-72.5643,45.6823,13106.4,False,177.35,260.48,0.0,,13632.18,,False,0,2025-06-30 23:17:01
ab7402,SCX500  ,United States,1751325421.0,1751325421,-86.3393,39.6699,792.48,False,100.49,222.51,5.53,,769.62,,False,0,2025-06-30 23:17:01
a0a42b,N140RD  ,United States,1751325420.0,1751325420,-113.9224,35.0937,4373.88,False,97.55,292.64,0.33,,4640.58,,False,0,2025-06-30 23:17:01
ab1db2,UAL2110 ,United States,1751325421.0,1751325421,-92.7835,39.1278,10622.28,False,212.81,276.52,6.83,,11170.92,1176,False,0,2025-06-30 23:17:01
ab8748,AAL125  ,United States,1751325416.0,1751325420,-82.9959,46.258,11574.78,False,200.71,230.72,-0.33,,12031.98,6002,False,0,2025-06-30 23:17:01
a9ab72,SKW6259 ,United States,1751325421.0,1751325421,-93.7239,34.2465,10980.42,False,235.09,250.97,0.0,,11612.88,3563,False,0,2025-06-30 23:17:01
0d0ddb,AMX403  ,Mexico,1751325420.0,1751325420,-73.7818,40.6347,,True,7.72,300.94,,,,,False,0,2025-06-30 23:17:01
a2f721,SKW3764 ,United States,1751325420.0,1751325420,-122.6775,47.848,4472.94,False,176.81,148.81,-9.1,,4671.06,2626,False,0,2025-06-30 23:17:01
aab73f,N79SC   ,United States,1751325420.0,1751325420,-84.4227,30.0363,13716.0,False,211.98,118.24,0.33,,14371.32,0153,False,0,2025-06-30 23:17:01
a9ab40,N722CV  ,United States,1751325420.0,1751325420,-95.7647,40.7625,13106.4,False,168.12,304.91,0.0,,13655.04,0753,False,0,2025-06-30 23:17:01
a28160,N2600L  ,United States,1751325329.0,1751325331,-80.5969,35.0207,434.34,False,47.67,43.69,-4.23,,426.72,,False,0,2025-06-30 23:17:01
a9be74,N727KF  ,United States,1751325421.0,1751325421,-111.3886,39.524,6705.6,False,122.62,3.13,-0.33,,7109.46,,False,0,2025-06-30 23:17:01
ab741e,UAL568  ,United States,1751325421.0,1751325421,-97.6691,42.0666,11582.4,False,206.7,254.41,0.0,,12070.08,6416,False,0,2025-06-30 23:17:01
a46abc,CXK161  ,United States,1751325421.0,1751325421,-78.5733,35.4449,1211.58,False,53.0,268.89,0.98,,1234.44,7006,False,0,2025-06-30 23:17:01
a34ae0,DAL2266 ,United States,1751325412.0,1751325421,-84.102,33.7155,1447.8,False,107.29,204.35,-6.83,,1554.48,1251,False,0,2025-06-30 23:17:01
a46ac0,N384GD  ,United States,1751325420.0,1751325420,-80.1162,36.2998,3642.36,False,142.48,228.37,0.0,,3817.62,,False,0,2025-06-30 23:17:01
a34ae6,DAL2514 ,United States,1751325404.0,1751325404,-111.981,40.7855,,True,0.0,354.38,,,,,False,0,2025-06-30 23:17:01
a96e72,N7069G  ,United States,1751325419.0,1751325421,-92.5135,41.2023,822.96,False,33.84,289.54,1.95,,838.2,,False,0,2025-06-30 23:17:01
a3ada3,AAL2131 ,United States,1751325421.0,1751325421,-95.656,41.0167,10668.0,False,271.4,59.6,0.0,,11163.3,6710,False,0,2025-06-30 23:17:01
0d0da5,AMX117  ,Mexico,1751325421.0,1751325421,-105.6337,30.014,10812.78,False,245.88,336.71,-4.88,,11475.72,,False,0,2025-06-30 23:17:01
abc432,SWA2529 ,United States,1751325165.0,1751325165,-77.0396,38.8698,76.2,False,70.72,171.63,-3.58,,38.1,1044,False,0,2025-06-30 23:17:01
a3adb9,AAL2069 ,United States,1751325421.0,1751325421,-111.8178,41.0917,4472.94,False,188.14,98.17,9.75,,4716.78,,False,0,2025-06-30 23:17:01
a7d2f1,FFT1384 ,United States,1751325421.0,1751325421,-80.8803,35.131,1158.24,False,134.25,130.65,13.33,,1203.96,,False,0,2025-06-30 23:17:01
a83b86,N63BK   ,United States,1751325421.0,1751325421,-121.9648,37.6691,541.02,False,27.66,226.51,2.28,,510.54,1200,False,0,2025-06-30 23:17:01
a2945d,N2653M  ,United States,1751325420.0,1751325420,-93.5134,44.741,594.36,False,75.87,20.65,0.65,,571.5,,False,0,2025-06-30 23:17:01
a0417c,N1152Z  ,United States,1751325420.0,1751325421,-121.9072,47.6762,586.74,False,42.19,180.7,-1.95,,601.98,1200,False,0,2025-06-30 23:17:01
a59da3,N461DF  ,United States,1751325420.0,1751325420,-120.5323,37.7136,4457.7,False,141.31,324.63,0.0,,4663.44,,False,0,2025-06-30 23:17:01
a9be4c,N727HR  ,United States,1751325421.0,1751325421,-118.0089,33.7495,937.26,False,42.95,223.06,0.0,,906.78,,False,0,2025-06-30 23:17:01
71be35,AAR204  ,Republic of Korea,1751325420.0,1751325421,-119.3753,34.802,7322.82,False,203.53,143.74,-3.58,,7673.34,1170,False,0,2025-06-30 23:17:01
a209b9,ENY3793 ,United States,1751325420.0,1751325420,-86.4162,42.3994,3383.28,False,195.7,53.55,0.33,,3505.2,4371,False,0,2025-06-30 23:17:01
a5dacd,N47673  ,United States,1751324714.0,1751325421,-96.5604,33.5858,723.9,False,54.91,282.99,-0.33,,723.9,,False,0,2025-06-30 23:17:01
a6c781,JBU128  ,United States,1751325421.0,1751325421,-81.237,28.6653,4556.76,False,196.89,345.78,10.08,,4808.22,0512,False,0,2025-06-30 23:17:01
acf5bb,NKS2627 ,United States,1751325420.0,1751325420,-100.7991,30.8879,11186.16,False,246.14,92.52,-3.58,,11879.58,1613,False,0,2025-06-30 23:17:01
a5a790,N4633Q  ,United States,1751325420.0,1751325420,-96.2078,32.7156,1379.22,False,45.47,224.54,0.33,,1417.32,1200,False,0,2025-06-30 23:17:01
a5dad6,N4768B  ,United States,1751325420.0,1751325420,-121.9809,47.3,1463.04,False,60.78,123.96,4.55,,1508.76,,False,0,2025-06-30 23:17:01
a6b449,N531BM  ,United States,1751325360.0,1751325404,-117.438,34.1034,1554.48,False,52.03,204.54,-2.93,,1577.34,,False,0,2025-06-30 23:17:01
a9276d,N6893F  ,United States,1751325412.0,1751325414,-81.4018,28.9654,891.54,False,43.01,233.27,0.33,,944.88,3070,False,0,2025-06-30 23:17:01
a209c0,AAY3510 ,United States,1751325372.0,1751325372,-122.5968,45.5934,,True,8.75,227.81,,,,6013,False,0,2025-06-30 23:17:01
a84dce,NKS8834 ,United States,1751325420.0,1751325420,-82.4458,33.8091,11887.2,False,229.7,324.39,0.0,,12565.38,5722,False,0,2025-06-30 23:17:01
aa6787,N77JS   ,United States,1751325420.0,1751325420,-72.7985,45.2027,2194.56,False,85.93,199.95,-2.6,,2255.52,,False,0,2025-06-30 23:17:01
ac2b61,SWA2982 ,United States,1751325291.0,1751325301,-70.995,42.3861,99.06,False,75.48,198.68,-4.55,,76.2,3465,False,0,2025-06-30 23:17:01
aaeb6a,VXP570  ,United States,1751325421.0,1751325421,-76.0724,37.9895,10287.0,False,245.02,212.66,6.83,,10881.36,3023,False,0,2025-06-30 23:17:01
aa676e,N77HS   ,United States,1751325420.0,1751325421,-117.2833,33.779,1546.86,False,68.73,216.78,-1.95,,1554.48,1255,False,0,2025-06-30 23:17:01
c03cf4,ACA422  ,Canada,1751325420.0,1751325420,-73.9344,45.4557,2514.6,False,160.92,42.67,-7.15,,2606.04,3477,False,0,2025-06-30 23:17:01
aaa2f6,SWA500  ,United States,1751325226.0,1751325226,-70.3398,43.6468,83.82,False,73.87,95.19,-3.58,,76.2,7011,False,0,2025-06-30 23:17:01
a1c48c,N2129J  ,United States,1751325421.0,1751325421,-74.3743,39.9464,784.86,False,43.66,315.95,3.25,,792.48,,False,0,2025-06-30 23:17:01
ac2b6c,,United States,1751325415.0,1751325418,-92.9559,31.7583,9753.6,False,224.73,227.88,0.0,,10340.34,,False,0,2025-06-30 23:17:01
aa9ab6,SWA1404 ,United States,1751325421.0,1751325421,-116.1755,35.2764,7277.1,False,217.25,48.65,-6.18,,7703.82,1211,False,0,2025-06-30 23:17:01
a5a759,N46315  ,United States,1751325420.0,1751325420,-117.0856,48.0621,1767.84,False,47.65,322.02,0.98,,1874.52,,False,0,2025-06-30 23:17:01
abc2e5,RPA4438 ,United States,1751325421.0,1751325421,-79.5642,43.698,403.86,False,70.96,226.47,-3.58,,342.9,7177,False,0,2025-06-30 23:17:01
ac2b80,SWA1379 ,United States,1751325347.0,1751325347,-114.4928,42.8343,8191.5,False,223.19,292.78,-5.2,,8656.32,,False,0,2025-06-30 23:17:01
ac2b8e,ASH6039 ,United States,1751325421.0,1751325421,-77.4313,38.8446,944.88,False,125.04,178.82,7.8,,960.12,,False,0,2025-06-30 23:17:01
0d0e91,XAMSL   ,Mexico,1751325420.0,1751325420,-88.3925,31.4084,13716.0,False,210.65,77.02,-0.33,,14378.94,1147,False,0,2025-06-30 23:17:01
a84dd1,JIA544V ,United States,1751325421.0,1751325421,-87.8948,37.1495,9044.94,False,228.58,235.92,5.53,,9585.96,6636,False,0,2025-06-30 23:17:01
c04ff4,WJA2247 ,Canada,1751325420.0,1751325420,-110.8407,32.8284,10972.8,False,233.35,7.22,0.0,,11605.26,1547,False,0,2025-06-30 23:17:01
a6b439,CSI531  ,United States,1751325418.0,1751325419,-106.1133,36.9028,8534.4,False,125.33,192.32,0.0,,9037.32,3270,False,0,2025-06-30 23:17:01
a71aad,DAL659  ,United States,1751325418.0,1751325418,-111.7861,37.1844,9753.6,False,238.57,256.53,0.0,,10294.62,2330,False,0,2025-06-30 23:17:01
a449a4,UAL1140 ,United States,1751325420.0,1751325420,-76.9357,36.9676,10294.62,False,247.91,201.29,4.88,,10888.98,2144,False,0,2025-06-30 23:17:01
a449a1,UAL8102 ,United States,1751325421.0,1751325421,-75.3037,39.8439,388.62,False,108.8,223.66,2.28,,358.14,,False,0,2025-06-30 23:17:01
c04fe4,ACA886  ,Canada,1751325420.0,1751325420,-70.5669,47.5743,10789.92,False,264.69,55.69,5.85,,11239.5,0525,False,0,2025-06-30 23:17:01
a066de,N125GC  ,United States,1751325420.0,1751325421,-71.0322,42.8982,1249.68,False,42.46,160.91,3.58,,1295.4,1200,False,0,2025-06-30 23:17:01
a4bae9,N40353  ,United States,1751325271.0,1751325271,-122.7719,47.4848,152.4,False,7.85,31.61,-0.98,,152.4,,False,0,2025-06-30 23:17:01
a11f59,UAL1950 ,United States,1751325420.0,1751325420,-86.4303,36.8445,10058.4,False,258.58,77.12,0.0,,10645.14,7634,False,0,2025-06-30 23:17:01
a3f161,EJA353  ,United States,1751325420.0,1751325421,-94.7033,37.6804,6705.6,False,195.89,287.58,0.0,,7063.74,,False,0,2025-06-30 23:17:01
acf486,AAL767  ,United States,1751325421.0,1751325421,-95.9669,33.9552,6446.52,False,213.58,226.27,-7.48,,6827.52,6605,False,0,2025-06-30 23:17:01
a075df,RPA9948 ,United States,1751325421.0,1751325421,-80.9087,42.682,8953.5,False,212.33,235.46,4.23,,9425.94,4175,False,0,2025-06-30 23:17:01
a0c5c6,SKW5472 ,United States,1751325272.0,1751325274,-97.1819,28.1048,2232.66,False,148.46,245.21,-6.5,,2362.2,4622,False,0,2025-06-30 23:17:01
a9ccde,AAL3020 ,United States,1751325420.0,1751325420,-82.0708,41.3315,7741.92,False,250.97,111.15,-4.88,,8130.54,1363,False,0,2025-06-30 23:17:01
a12e57,VTE3008 ,United States,1751325408.0,1751325408,-89.5878,34.3996,2735.58,False,148.76,73.32,-5.85,,2887.98,5627,False,0,2025-06-30 23:17:01
ae213e,PAT01   ,United States,1751325196.0,1751325205,-77.1929,38.7238,121.92,False,32.43,131.78,-2.93,,83.82,6421,False,0,2025-06-30 23:17:01
a195bd,N201AC  ,United States,1751325420.0,1751325421,-99.3365,31.1265,11887.2,False,275.43,101.31,-0.33,,12588.24,6156,False,0,2025-06-30 23:17:01
a79386,HAL1617 ,United States,1751325420.0,1751325420,-105.2856,34.5852,11887.2,False,256.14,86.55,0.33,,12542.52,1351,False,0,2025-06-30 23:17:01
a92384,UAL2445 ,United States,1751325420.0,1751325420,-79.2415,41.9162,10363.2,False,215.16,247.36,-0.33,,10927.08,1421,False,0,2025-06-30 23:17:01
a4207f,JANET62 ,United States,1751325420.0,1751325420,-116.0113,36.5683,4640.58,False,187.0,144.52,0.33,,4922.52,,False,0,2025-06-30 23:17:01
a2e098,ASA450  ,United States,1751325420.0,1751325420,-85.4753,40.9412,9906.0,False,221.73,292.22,2.93,,10424.16,4014,False,0,2025-06-30 23:17:01
acf497,DAL1101 ,United States,1751325421.0,1751325421,-92.4494,41.5142,9951.72,False,280.17,52.84,4.23,,10408.92,,False,0,2025-06-30 23:17:01
acf48f,,United States,1751325272.0,1751325275,-74.1785,40.687,,True,0.9,174.38,,,,,False,0,2025-06-30 23:17:01
a92365,UAL2718 ,United States,1751325242.0,1751325242,-100.0479,38.8021,10363.2,False,206.99,272.42,-0.33,,10927.08,7001,False,0,2025-06-30 23:17:01
aad9d8,N799E   ,United States,1751325274.0,1751325276,-122.5583,38.1447,,True,2.83,239.06,,,,1200,False,0,2025-06-30 23:17:01
ac4f29,SWA503  ,United States,1751325420.0,1751325420,-81.1891,35.0334,10668.0,False,231.0,58.29,0.0,,11315.7,2063,False,0,2025-06-30 23:17:01
a1e5f1,ENY4085 ,United States,1751325420.0,1751325420,-81.0767,31.6608,10363.2,False,245.15,174.1,-0.33,,10949.94,4053,False,0,2025-06-30 23:17:01
a85ce8,QXE2197 ,United States,1751325421.0,1751325421,-119.3246,45.653,11582.4,False,213.97,260.31,0.0,,12077.7,,False,0,2025-06-30 23:17:01
a062ef,DAL746  ,United States,1751325421.0,1751325421,-85.0987,33.6275,4320.54,False,183.06,255.18,8.78,,4541.52,7211,False,0,2025-06-30 23:17:01
a48e3a,DAL1906 ,United States,1751325415.0,1751325418,-84.4177,33.6358,,True,9.26,90.0,,,,,False,0,2025-06-30 23:17:01
abf9b1,SWA2917 ,United States,1751325420.0,1751325420,-100.6325,30.557,11582.4,False,226.3,281.54,0.0,,12283.44,2342,False,0,2025-06-30 23:17:01
a24e94,N248JW  ,United States,1751325420.0,1751325420,-122.543,47.943,1181.1,False,55.51,150.58,0.65,,1211.58,,False,0,2025-06-30 23:17:01
a1e5cf,N221MD  ,United States,1751325420.0,1751325420,-76.6074,41.3523,1851.66,False,114.36,263.8,0.33,,1905.0,4243,False,0,2025-06-30 23:17:01
0c20d6,CMP709  ,Panama,1751325064.0,1751325379,-79.0854,24.2222,10668.0,False,241.83,181.1,0.33,,11247.12,7401,False,0,2025-06-30 23:17:01
a7e318,SKW6009 ,United States,1751325420.0,1751325420,-121.7911,44.2398,7254.24,False,208.0,87.73,9.75,,7627.62,,False,0,2025-06-30 23:17:01
a5fcef,UAL658  ,United States,1751325421.0,1751325421,-87.5066,42.0913,1249.68,False,109.06,90.27,-0.65,,1257.3,7002,False,0,2025-06-30 23:17:01
a7f647,N612BB  ,United States,1751325419.0,1751325420,-103.8834,34.7294,12496.8,False,189.95,131.16,0.0,,13167.36,,False,0,2025-06-30 23:17:01
a445b0,DAL2939 ,United States,1751325421.0,1751325421,-88.3249,34.7035,9418.32,False,236.24,262.24,-12.03,,9966.96,7263,False,0,2025-06-30 23:17:01
aa779d,SWA3983 ,United States,1751325420.0,1751325420,-94.1749,36.0626,11887.2,False,242.19,96.22,0.0,,12542.52,4115,False,0,2025-06-30 23:17:01
a23b55,MXY745  ,United States,1751325421.0,1751325421,-79.1402,36.5728,4434.84,False,189.58,136.43,-8.78,,4678.68,6706,False,0,2025-06-30 23:17:01
aad9f2,N799FA  ,United States,1751325420.0,1751325420,-84.5244,33.173,1051.56,False,46.57,163.97,-0.65,,1089.66,1200,False,0,2025-06-30 23:17:01
a97cb5,GTI3511 ,United States,1751325421.0,1751325421,-90.679,38.422,12192.0,False,236.6,319.94,0.0,,12832.08,3732,False,0,2025-06-30 23:17:01
86e84c,JAL69   ,Japan,1751325420.0,1751325421,-123.7901,38.0828,10965.18,False,267.78,310.64,0.0,,11445.24,6763,False,0,2025-06-30 23:17:01
abf9d5,SWA445  ,United States,1751325420.0,1751325420,-118.8016,38.7106,10675.62,False,231.82,284.13,-4.55,,11239.5,,False,0,2025-06-30 23:17:01
ad26b2,CXK198  ,United States,1751325420.0,1751325421,-111.5752,33.2341,960.12,False,48.39,316.29,-3.25,,914.4,4350,False,0,2025-06-30 23:17:01
a67399,SCX3033 ,United States,1751325420.0,1751325420,-97.903,43.0981,12192.0,False,216.96,243.98,-0.33,,12672.06,2451,False,0,2025-06-30 23:17:01
aa5130,ENY4267 ,United States,1751325420.0,1751325420,-88.4111,41.8581,4373.88,False,156.48,258.43,16.26,,4549.14,3206,False,0,2025-06-30 23:17:01
a8299a,JBU8650 ,United States,1751325421.0,1751325421,-81.1418,32.1729,7117.08,False,196.1,44.04,7.48,,7551.42,3077,False,0,2025-06-30 23:17:01
aa777e,SWA464  ,United States,1751325420.0,1751325420,-102.7479,30.9145,11582.4,False,221.86,277.06,0.0,,12268.2,7302,False,0,2025-06-30 23:17:01
a6604f,N51NN   ,United States,1751325358.0,1751325411,-81.4608,28.0096,1318.26,False,34.71,258.02,2.28,,1379.22,3071,False,0,2025-06-30 23:17:01
aa0dfa,EJA747  ,United States,1751325421.0,1751325421,-122.3382,37.7895,2042.16,False,114.74,358.97,19.51,,2110.74,6360,False,0,2025-06-30 23:17:01
a195ef,N201CC  ,United States,1751325172.0,1751325172,-94.9527,45.0664,701.04,False,57.52,280.3,-0.98,,723.9,,False,0,2025-06-30 23:17:01
a85e2b,UAL254  ,United States,1751325421.0,1751325421,-73.4532,42.2753,8717.28,False,241.28,6.49,6.18,,9174.48,1162,False,0,2025-06-30 23:17:01
ad2733,ASA475  ,United States,1751325420.0,1751325421,-110.2786,32.7087,10972.8,False,235.52,277.4,0.0,,11620.5,3170,False,0,2025-06-30 23:17:01
a48e7b,FFT124  ,United States,1751325420.0,1751325420,-81.5962,30.9473,10668.0,False,217.36,16.08,0.33,,11292.84,6200,False,0,2025-06-30 23:17:01
710111,SVA038  ,Saudi Arabia,1751325419.0,1751325420,-77.4559,38.9617,,True,2.83,0.0,,,,,False,0,2025-06-30 23:17:01
aac762,FDX1685 ,United States,1751325418.0,1751325418,-122.2166,37.7181,,True,0.0,39.38,,,,,False,0,2025-06-30 23:17:01
abd429,N861SL  ,United States,1751325420.0,1751325421,-118.2525,33.6815,1196.34,False,44.4,223.12,-0.33,,1173.48,,False,0,2025-06-30 23:17:01
a59b4a,TRF560  ,United States,1751325421.0,1751325421,-96.7436,33.0109,754.38,False,56.08,270.53,-1.3,,746.76,4666,False,0,2025-06-30 23:17:01
ad6da6,FDY454  ,United States,1751325421.0,1751325421,-90.2868,38.6763,853.44,False,82.49,342.58,-6.5,,830.58,1011,False,0,2025-06-30 23:17:01
a445ef,UAL1332 ,United States,1751325420.0,1751325420,-79.5013,41.8259,10058.4,False,260.77,57.81,0.33,,10607.04,6242,False,0,2025-06-30 23:17:01
a445ee,UAL1053 ,United States,1751325421.0,1751325421,-80.5131,32.903,10058.4,False,229.84,26.74,0.0,,10652.76,6106,False,0,2025-06-30 23:17:01
aa0f6c,N74737  ,United States,1751325420.0,1751325420,-121.822,37.3174,396.24,False,52.3,140.99,0.0,,350.52,1200,False,0,2025-06-30 23:17:01
a445f8,DAL3243 ,United States,1751325420.0,1751325421,-89.593,43.4709,10972.8,False,194.32,264.53,0.0,,11399.52,7175,False,0,2025-06-30 23:17:01
0c217b,CMP444  ,Panama,1751325200.0,1751325226,-77.7308,27.4228,9144.0,False,238.23,178.89,0.0,,9624.06,,False,0,2025-06-30 23:17:01
abd41a,RPA4724 ,United States,1751325420.0,1751325420,-71.4428,41.7197,4450.08,False,174.06,75.8,-6.5,,4663.44,2266,False,0,2025-06-30 23:17:01
a2f2c3,N2897M  ,United States,1751325420.0,1751325420,-118.9893,34.241,670.56,False,52.63,85.52,-0.33,,624.84,,False,0,2025-06-30 23:17:01
a325fd,AAL1605 ,United States,1751325420.0,1751325420,-93.2372,42.5751,10058.4,False,273.01,92.92,-0.33,,10431.78,6077,False,0,2025-06-30 23:17:01
aa76cb,SWA1706 ,United States,1751325421.0,1751325421,-77.7182,41.6604,6400.8,False,199.09,189.22,0.33,,6713.22,5653,False,0,2025-06-30 23:17:01
a948c4,DAL785  ,United States,1751325420.0,1751325420,-110.8803,35.3161,9448.8,False,235.14,31.67,-0.33,,9974.58,1514,False,0,2025-06-30 23:17:01
a445cd,UAL8152 ,United States,1751325412.0,1751325412,-99.6723,41.8223,9753.6,False,231.45,246.0,-0.33,,10210.8,1515,False,0,2025-06-30 23:17:01
0c215f,CMP847  ,Panama,1751325261.0,1751325261,-109.3342,29.8263,10972.8,False,227.1,277.16,0.0,,11628.12,,False,0,2025-06-30 23:17:01
ac3ac9,SWA732  ,United States,1751325420.0,1751325420,-107.978,32.368,11582.4,False,230.86,286.17,0.33,,12260.58,1336,False,0,2025-06-30 23:17:01
4caaf1,EIN122  ,Ireland,1751325421.0,1751325421,-71.2306,47.7867,11277.6,False,260.82,73.85,0.0,,11727.18,7274,False,0,2025-06-30 23:17:01
adbdba,N985AC  ,United States,1751325421.0,1751325421,-89.3333,36.1688,548.64,False,43.76,107.8,0.98,,533.4,,False,0,2025-06-30 23:17:01
aab477,N7891G  ,United States,1751325421.0,1751325421,-117.9103,33.8637,1432.56,False,54.59,87.3,0.0,,1409.7,,False,0,2025-06-30 23:17:01
ac4dfb,AAL1980 ,United States,1751325420.0,1751325421,-88.3853,40.9283,10264.14,False,221.86,284.78,5.53,,10782.3,4046,False,0,2025-06-30 23:17:01
a20708,N23K    ,United States,1751325420.0,1751325420,-97.271,32.809,1074.42,False,79.3,134.47,0.0,,1097.28,,False,0,2025-06-30 23:17:01
ac3adf,SWA6310 ,United States,1751325405.0,1751325405,-115.1462,36.0812,,True,0.0,255.94,,,,,False,0,2025-06-30 23:17:01
adbdc1,ASA322  ,United States,1751325420.0,1751325420,-78.8225,36.693,8229.6,False,223.08,53.82,-0.33,,8717.28,5605,False,0,2025-06-30 23:17:01
abc12a,SWA3467 ,United States,1751325418.0,1751325418,-100.7949,37.4051,11277.6,False,253.24,78.28,0.0,,11879.58,,False,0,2025-06-30 23:17:01
a5c8d4,LFA458  ,United States,1751325420.0,1751325420,-81.1699,28.7185,609.6,False,61.98,71.11,0.65,,640.08,5552,False,0,2025-06-30 23:17:01
adbdc9,DAL3208 ,United States,1751325420.0,1751325420,-85.8187,33.5833,4869.18,False,190.86,269.69,-10.08,,5173.98,3333,False,0,2025-06-30 23:17:01
a708b0,AAL529  ,United States,1751325420.0,1751325421,-113.0223,36.6595,10363.2,False,230.35,247.27,0.0,,10934.7,3207,False,0,2025-06-30 23:17:01
a4a8f5,N4LM    ,United States,1751325205.0,1751325214,-111.9098,33.6274,6156.96,True,3.09,208.12,,,,0507,False,0,2025-06-30 23:17:01
a5c8bb,VTE3054 ,United States,1751325420.0,1751325420,-88.8641,38.3821,4137.66,False,154.55,187.27,-10.4,,4312.92,3166,False,0,2025-06-30 23:17:01
a6b07e,ASA822  ,United States,1751325420.0,1751325420,-122.4568,46.9962,2606.04,False,146.1,31.17,-10.73,,2720.34,,False,0,2025-06-30 23:17:01
aa76a8,SWA2185 ,United States,1751325276.0,1751325276,-77.04,38.8705,83.82,False,70.32,168.61,-4.88,,68.58,3546,False,0,2025-06-30 23:17:01
abe79d,SWA2382 ,United States,1751325421.0,1751325421,-77.0069,39.4769,1234.44,False,128.33,176.55,0.33,,1264.92,1424,False,0,2025-06-30 23:17:01
a2f2fa,UAL199  ,United States,1751325421.0,1751325421,-122.6438,37.1355,11879.58,False,241.74,124.77,0.0,,12435.84,1402,False,0,2025-06-30 23:17:01
ad013b,N937SA  ,United States,1751325371.0,1751325373,-77.3556,39.4321,243.84,False,33.59,220.03,-1.3,,213.36,,False,0,2025-06-30 23:17:01
39d2ae,AFR137K ,France,1751325420.0,1751325420,-83.8933,45.1161,11887.2,False,288.96,50.27,0.0,,12352.02,6555,False,0,2025-06-30 23:17:01
adbe91,JBU190  ,United States,1751325420.0,1751325421,-110.0724,38.1872,10050.78,False,239.85,56.11,-0.33,,10607.04,,False,0,2025-06-30 23:17:01
39d2ab,AFR159  ,France,1751325420.0,1751325420,-85.3946,41.9653,11887.2,False,279.75,44.48,-0.33,,12451.08,1356,False,0,2025-06-30 23:17:01
ac3b8e,N888AA  ,United States,1751325421.0,1751325421,-89.1276,41.9755,2095.5,False,138.45,88.3,-3.58,,2156.46,7455,False,0,2025-06-30 23:17:01
a4470e,HAL6    ,United States,1751325420.0,1751325420,-117.3089,34.7497,7741.92,False,222.28,64.5,-8.13,,8183.88,3625,False,0,2025-06-30 23:17:01
a7e2da,SKW4310 ,United States,1751325390.0,1751325390,-111.975,40.7761,,True,13.38,177.19,,,,,False,0,2025-06-30 23:17:01
a9bb64,N726RY  ,United States,1751325421.0,1751325421,-81.433,27.7196,6400.8,False,146.28,87.18,0.0,,6797.04,2112,False,0,2025-06-30 23:17:01
a06461,AAL1443 ,United States,1751325421.0,1751325421,-82.0616,28.8268,4884.42,False,213.93,198.22,-13.98,,5173.98,2567,False,0,2025-06-30 23:17:01
a2074f,N23MW   ,United States,1751325380.0,1751325380,-87.396,44.9987,662.94,False,72.02,180.41,-1.95,,617.22,,False,0,2025-06-30 23:17:01
a44704,NJM375  ,United States,1751325421.0,1751325421,-83.9336,34.7836,13723.62,False,210.75,158.82,-0.33,,14401.8,2572,False,0,2025-06-30 23:17:01
a06435,SKW5540 ,United States,1751325421.0,1751325421,-96.5025,31.9366,10363.2,False,226.43,181.43,0.33,,11026.14,0553,False,0,2025-06-30 23:17:01
af9b68,GUMP32  ,United States,1751325302.0,1751325420,-86.4574,31.8904,182.88,False,64.51,147.7,1.3,,190.5,,False,0,2025-06-30 23:17:01
a96b65,FFT1756 ,United States,1751325420.0,1751325420,-116.0943,33.3771,8542.02,False,246.78,98.03,3.25,,9037.32,2050,False,0,2025-06-30 23:17:01
a8ae7f,DAL1873 ,United States,1751325305.0,1751325305,-84.4263,33.6435,,True,2.06,90.0,,,,7467,False,0,2025-06-30 23:17:01
39d2a8,AFR355J ,France,1751325420.0,1751325420,-72.3486,45.7546,11887.2,False,282.11,70.84,0.0,,12397.74,7437,False,0,2025-06-30 23:17:01
a96b5a,MTN7503 ,United States,1751325420.0,1751325421,-77.5758,35.3783,1950.72,False,135.74,296.57,-4.55,,2026.92,,False,0,2025-06-30 23:17:01
a56742,N4472F  ,United States,1751325357.0,1751325412,-97.3286,33.3377,541.02,False,46.58,46.79,0.33,,533.4,,False,0,2025-06-30 23:17:01
a18421,AMF1543 ,United States,1751325420.0,1751325420,-69.5256,44.2995,2446.02,False,108.41,225.77,-0.33,,2529.84,,False,0,2025-06-30 23:17:01
39d2a4,AFR637X ,France,1751325421.0,1751325421,-79.5016,43.197,11887.2,False,279.34,73.63,0.0,,12458.7,2777,False,0,2025-06-30 23:17:01
a935e0,PDT5814 ,United States,1751325420.0,1751325420,-81.1731,35.2732,3101.34,False,155.67,322.79,6.83,,3253.74,,False,0,2025-06-30 23:17:01
a552fa,N442KP  ,United States,1751325364.0,1751325419,-111.8558,41.7846,,True,0.0,0.0,0.0,,,,False,0,2025-06-30 23:17:01
a35aae,AAL1543 ,United States,1751325420.0,1751325421,-90.8598,41.8882,9144.0,False,204.23,265.96,-0.33,,9532.62,0250,False,0,2025-06-30 23:17:01
a17140,SKW3430 ,United States,1751325258.0,1751325298,-122.5952,45.587,,True,6.17,118.12,,,,4055,False,0,2025-06-30 23:17:01
a1d44e,SWA1226 ,United States,1751325216.0,1751325288,-108.6789,43.1289,11582.4,False,214.33,313.54,0.0,,12146.28,6475,False,0,2025-06-30 23:17:01
c00685,GLR2703 ,Canada,1751325420.0,1751325421,-123.1765,48.8142,876.3,False,122.6,44.15,0.65,,929.64,,False,0,2025-06-30 23:17:01
a5b5fb,N4670G  ,United States,1751325174.0,1751325174,-84.7743,39.2705,274.32,False,36.03,189.87,-1.63,,236.22,,False,0,2025-06-30 23:17:01
a0faf3,AAL1456 ,United States,1751325421.0,1751325421,-103.1887,38.53,10652.76,False,243.87,98.37,0.0,,11224.26,6017,False,0,2025-06-30 23:17:01
a9bb22,N726PG  ,United States,1751325421.0,1751325421,-87.9633,34.6572,13106.4,False,217.59,96.79,0.0,,13807.44,6302,False,0,2025-06-30 23:17:01
a43423,DAL731  ,United States,1751325420.0,1751325420,-84.4338,33.643,,True,1.54,14.06,,,,,False,0,2025-06-30 23:17:01
a9bb0c,NKS2472 ,United States,1751325420.0,1751325420,-76.01,37.6911,10370.82,False,246.37,209.94,0.33,,10995.66,1737,False,0,2025-06-30 23:17:01
c00679,CRQ704  ,Canada,1751325420.0,1751325420,-73.6764,45.5073,312.42,False,75.75,222.25,-4.55,,266.7,,False,0,2025-06-30 23:17:01
a35aa4,AAY293  ,United States,1751325420.0,1751325420,-120.371,39.1546,10911.84,False,252.6,52.78,4.88,,11460.48,1747,False,0,2025-06-30 23:17:01
a8ae3e,AAL1586 ,United States,1751325420.0,1751325420,-80.7718,33.7323,5166.36,False,202.98,176.95,0.0,,5471.16,,False,0,2025-06-30 23:17:01
aa75ef,UAL2328 ,United States,1751325421.0,1751325421,-96.4057,44.0966,11582.4,False,219.91,272.68,0.0,,11986.26,2312,False,0,2025-06-30 23:17:01
a7e2af,EJA607  ,United States,1751325417.0,1751325418,-115.1701,36.082,,True,0.0,90.0,,,,,False,0,2025-06-30 23:17:01
a32756,CXK551  ,United States,1751325421.0,1751325421,-76.3556,36.5745,1188.72,False,37.44,167.3,2.28,,1234.44,1067,False,0,2025-06-30 23:17:01
a935ca,,United States,1751325420.0,1751325420,-88.1675,43.4211,822.96,False,39.35,334.44,1.95,,792.48,,False,0,2025-06-30 23:17:01
a5fde4,N48521  ,United States,1751325420.0,1751325420,-123.6348,45.53,1348.74,False,42.81,200.39,1.3,,1424.94,,False,0,2025-06-30 23:17:01
c01970,ROU1993 ,Canada,1751325421.0,1751325421,-71.4872,45.618,10980.42,False,211.23,266.93,0.33,,11490.96,,False,0,2025-06-30 23:17:01
a5b75d,N468AK  ,United States,1751325421.0,1751325421,-104.881,38.9332,2758.44,False,23.67,178.75,2.93,,2926.08,,False,0,2025-06-30 23:17:01
ad38bf,DAL1871 ,United States,1751325421.0,1751325421,-80.1258,32.9905,556.26,False,89.79,118.77,-4.23,,579.12,3531,False,0,2025-06-30 23:17:01
aa6446,N769PK  ,United States,1751325122.0,1751325123,-100.2349,25.8688,426.72,False,42.38,213.11,-1.3,,426.72,,False,0,2025-06-30 23:17:01
a5b760,AAL1850 ,United States,1751325420.0,1751325420,-78.8332,42.9571,9761.22,False,229.54,314.73,-0.33,,10279.38,4323,False,0,2025-06-30 23:17:01
a1718e,AMF1557 ,United States,1751325418.0,1751325418,-71.9721,43.5832,2133.6,False,104.45,146.86,-0.33,,2194.56,,False,0,2025-06-30 23:17:01
a4477b,N375MK  ,United States,1751325420.0,1751325420,-101.7504,33.6817,1828.8,False,46.43,99.57,5.85,,1866.9,,False,0,2025-06-30 23:17:01
a12f07,UAL215  ,United States,1751325342.0,1751325342,-77.4471,38.9473,,True,4.12,90.0,,,,3304,False,0,2025-06-30 23:17:01
c01968,ROU1738 ,Canada,1751325421.0,1751325421,-94.3992,33.376,10660.38,False,243.41,63.11,0.0,,11292.84,7467,False,0,2025-06-30 23:17:01
a12f09,UAL1794 ,United States,1751325420.0,1751325420,-101.0158,32.6301,10668.0,False,238.87,113.75,0.33,,11308.08,6675,False,0,2025-06-30 23:17:01
ac3b32,SWA1005 ,United States,1751325421.0,1751325421,-90.4619,35.5537,11277.6,False,226.9,234.04,-0.33,,11955.78,1564,False,0,2025-06-30 23:17:01
a1848c,N1970H  ,United States,1751325421.0,1751325421,-78.8386,36.2718,1668.78,False,63.81,352.59,-0.65,,1706.88,1075,False,0,2025-06-30 23:17:01
a43458,FFT3508 ,United States,1751325421.0,1751325421,-84.1869,33.0749,6370.32,False,201.87,126.61,9.1,,6736.08,2075,False,0,2025-06-30 23:17:01
aab2b7,N789HU  ,United States,1751325420.0,1751325420,-97.5489,35.2628,1013.46,False,108.9,175.39,0.98,,1043.94,,False,0,2025-06-30 23:17:01
aa7757,SWA131  ,United States,1751325420.0,1751325421,-101.0508,35.5752,12489.18,False,231.33,140.5,0.0,,13136.88,,False,0,2025-06-30 23:17:01
a8042c,N61531  ,United States,1751325421.0,1751325421,-122.7338,45.8367,929.64,False,23.33,75.96,0.0,,960.12,,False,0,2025-06-30 23:17:01
a1d45a,RPA5707 ,United States,1751325414.0,1751325418,-80.5848,37.2385,10668.0,False,233.27,59.08,0.33,,11308.08,2254,False,0,2025-06-30 23:17:01
a97da7,SKW6346 ,United States,1751325420.0,1751325420,-93.1789,34.4215,6492.24,False,189.43,249.99,5.53,,6850.38,,False,0,2025-06-30 23:17:01
aac5ec,SCX3024 ,United States,1751325420.0,1751325421,-121.4135,45.4603,4267.2,False,168.54,288.32,-7.15,,4480.56,4042,False,0,2025-06-30 23:17:01
a12f2a,UAL1728 ,United States,1751325420.0,1751325420,-89.6818,38.8542,10363.2,False,222.78,270.93,0.0,,10934.7,6547,False,0,2025-06-30 23:17:01
a339b1,DAL2646 ,United States,1751325139.0,1751325139,-87.9024,41.9714,,True,7.72,90.0,,,,,False,0,2025-06-30 23:17:01
a339aa,N307DM  ,United States,1751325418.0,1751325420,-122.9891,48.3583,3787.14,False,120.9,359.51,0.0,,3931.92,6632,False,0,2025-06-30 23:17:01
aa7734,SWA3168 ,United States,1751325420.0,1751325420,-94.0162,32.1662,11887.2,False,235.12,30.94,0.0,,12557.76,7017,False,0,2025-06-30 23:17:01
ac3b51,SWA2712 ,United States,1751325413.0,1751325413,-109.4993,35.2129,10972.8,False,238.66,210.43,-0.33,,11590.02,1420,False,0,2025-06-30 23:17:01
adbe2c,AMF7228 ,United States,1751325109.0,1751325418,-94.5616,31.9576,7010.4,False,134.86,32.54,0.0,,7414.26,7446,False,0,2025-06-30 23:17:01
a3bde1,LXJ340  ,United States,1751325421.0,1751325421,-117.2003,47.9346,2727.96,False,151.42,172.78,-0.65,,2849.88,,False,0,2025-06-30 23:17:01
a2919a,ASA23   ,United States,1751325420.0,1751325420,-119.0424,47.6934,10363.2,False,216.7,277.09,0.0,,10782.3,,False,0,2025-06-30 23:17:01
aab2dd,N789KG  ,United States,1751325419.0,1751325420,-97.289,39.0668,10675.62,False,244.67,99.56,-0.33,,11209.02,,False,0,2025-06-30 23:17:01
ac4e92,WUP892  ,United States,1751325420.0,1751325420,-84.3813,39.1437,373.38,False,68.91,276.86,-3.25,,335.28,2272,False,0,2025-06-30 23:17:01
a4ddca,RPA9935 ,United States,1751325382.0,1751325382,-81.5468,37.6733,11887.2,False,230.05,72.29,-0.33,,12565.38,1623,False,0,2025-06-30 23:17:01
aa7718,SWA2302 ,United States,1751325421.0,1751325421,-96.8606,32.9413,769.62,False,93.47,229.91,-3.25,,792.48,5614,False,0,2025-06-30 23:17:01
adab31,AAL1043 ,United States,1751325421.0,1751325421,-96.6054,33.2853,2781.3,False,142.74,266.69,-6.83,,2933.7,6754,False,0,2025-06-30 23:17:01
a1c16e,N212FA  ,United States,1751325419.0,1751325420,-118.4872,34.1939,388.62,False,50.07,175.29,4.88,,350.52,,False,0,2025-06-30 23:17:01
ad12e0,SWA3309 ,United States,1751325421.0,1751325421,-91.1496,42.3522,11887.2,False,270.77,69.19,0.0,,12359.64,1025,False,0,2025-06-30 23:17:01
a12f6d,UAL1397 ,United States,1751325421.0,1751325421,-74.2635,40.9159,937.26,False,143.99,75.52,-5.2,,952.5,6640,False,0,2025-06-30 23:17:01
a4a9aa,N4TT    ,United States,1751325420.0,1751325420,-121.5105,38.4945,365.76,False,45.1,212.42,6.18,,358.14,,False,0,2025-06-30 23:17:01
a326c7,N302AG  ,United States,1751325418.0,1751325418,-77.4573,38.9384,,True,0.06,180.0,,,,,False,0,2025-06-30 23:17:01
a196f3,ENY3548 ,United States,1751325421.0,1751325421,-95.7591,32.6579,7056.12,False,220.45,94.82,6.83,,7482.84,3472,False,0,2025-06-30 23:17:01
ad159b,PDT5766 ,United States,1751325106.0,1751325106,-84.1851,30.8927,2964.18,False,159.1,166.73,-5.2,,3451.86,4220,False,0,2025-06-30 23:17:01
4b191c,SWR40   ,Switzerland,1751325421.0,1751325421,-116.6236,34.3567,7901.94,False,208.21,243.43,-14.63,,8351.52,0677,False,0,2025-06-30 23:17:01
a35c0b,JBU2783 ,United States,1751325421.0,1751325421,-77.1741,42.775,9136.38,False,210.4,254.98,-0.65,,9616.44,1335,False,0,2025-06-30 23:17:01
4b191a,SWR38K  ,Switzerland,1751325420.0,1751325421,-122.4948,38.6101,8420.1,False,210.71,209.07,-13.33,,8793.48,6244,False,0,2025-06-30 23:17:01
acf591,LFA687  ,United States,1751325420.0,1751325420,-81.2425,28.8699,739.14,False,62.27,38.29,11.7,,762.0,,False,0,2025-06-30 23:17:01
a339e0,FFT3853 ,United States,1751325420.0,1751325420,-81.3245,29.2828,7162.8,False,212.18,357.36,8.13,,7566.66,7406,False,0,2025-06-30 23:17:01
abc292,AAL2153 ,United States,1751325420.0,1751325420,-82.8485,35.1073,11277.6,False,233.33,346.48,0.33,,11948.16,6272,False,0,2025-06-30 23:17:01
a12f88,N176AS  ,United States,1751325421.0,1751325421,-100.8359,31.5102,1661.16,False,58.47,28.37,-4.23,,1714.5,,False,0,2025-06-30 23:17:01
ab1d06,RPA5889 ,United States,1751325421.0,1751325421,-79.1201,37.4955,7147.56,False,219.05,291.93,4.55,,7566.66,,False,0,2025-06-30 23:17:01
a7816a,DAL497  ,United States,1751325383.0,1751325389,-70.9979,42.3799,60.96,False,65.58,199.71,-3.9,,38.1,7363,False,0,2025-06-30 23:17:01
abc29a,DAL278  ,United States,1751325421.0,1751325421,-84.4082,33.6347,,True,1.29,270.0,,,,,False,0,2025-06-30 23:17:01
a4cc00,SKW835X ,United States,1751325246.0,1751325247,-121.9229,37.3626,,True,0.0,47.81,,,,1535,False,0,2025-06-30 23:17:01
a7d182,,United States,1751325272.0,1751325272,-75.1215,38.312,,True,4.89,315.0,,,,,False,0,2025-06-30 23:17:01
a0fc0a,N1624K  ,United States,1751325420.0,1751325420,-71.6226,41.8319,3040.38,False,174.91,306.87,-0.33,,3154.68,4775,False,0,2025-06-30 23:17:01
a196c8,SWA1287 ,United States,1751325402.0,1751325407,-89.0785,32.9163,11582.4,False,239.74,263.47,0.0,,12268.2,0071,False,0,2025-06-30 23:17:01
a96ae3,ASA1086 ,United States,1751325420.0,1751325420,-122.1443,47.3719,3977.64,False,177.01,172.32,12.03,,4137.66,6644,False,0,2025-06-30 23:17:01
a1e6b9,SWA2141 ,United States,1751325420.0,1751325421,-83.7124,35.8663,11887.2,False,219.23,155.9,0.33,,12565.38,6461,False,0,2025-06-30 23:17:01
ab97c1,N846SP  ,United States,1751325420.0,1751325420,-118.073,33.8297,304.8,False,48.77,136.71,0.98,,251.46,,False,0,2025-06-30 23:17:01
aac7b1,ENY3485 ,United States,1751325420.0,1751325420,-96.9374,32.2804,5181.6,False,197.13,173.86,0.0,,5509.26,6245,False,0,2025-06-30 23:17:01
a12f70,UAL1031 ,United States,1751325420.0,1751325420,-95.2327,30.0072,487.68,False,94.66,270.31,-5.2,,525.78,7523,False,0,2025-06-30 23:17:01
a12f72,UAL1743 ,United States,1751325421.0,1751325421,-97.1859,30.2403,7940.04,False,228.01,279.61,2.28,,8420.1,5152,False,0,2025-06-30 23:17:01
a459a4,N38HD   ,United States,1751325421.0,1751325421,-79.0691,37.4555,7620.0,False,204.88,2.01,0.0,,8039.1,,False,0,2025-06-30 23:17:01
adabfe,JBU1388 ,United States,1751325420.0,1751325420,-82.5402,37.6533,10668.0,False,241.46,83.15,0.0,,11308.08,2175,False,0,2025-06-30 23:17:01
ab1d28,AAL1074 ,United States,1751325421.0,1751325421,-77.7326,34.3329,10668.0,False,228.73,11.94,0.0,,11277.6,1457,False,0,2025-06-30 23:17:01
c03c6b,HRT370  ,Canada,1751325420.0,1751325420,-78.5218,44.8157,8138.16,False,206.75,214.05,-7.8,,8496.3,7260,False,0,2025-06-30 23:17:01
aafd17,AAL1233 ,United States,1751325421.0,1751325421,-78.9505,29.1534,11125.2,False,237.95,193.38,-5.2,,11681.46,6540,False,0,2025-06-30 23:17:01
a170d9,AAY202  ,United States,1751325420.0,1751325420,-80.5787,28.7051,5402.58,False,202.92,98.6,7.48,,5707.38,3156,False,0,2025-06-30 23:17:01
a36f90,AAY116  ,United States,1751325420.0,1751325420,-121.6459,38.8329,11285.22,False,221.56,169.16,0.0,,11841.48,1653,False,0,2025-06-30 23:17:01
a36f7e,DAL642  ,United States,1751325420.0,1751325421,-103.9688,31.8165,10797.54,False,246.25,329.63,4.23,,11422.38,5764,True,0,2025-06-30 23:17:01
a9cdc2,N73020  ,United States,1751325421.0,1751325421,-93.7005,41.8201,1371.6,False,35.94,9.06,1.3,,1417.32,,False,0,2025-06-30 23:17:01
71bf82,KAL005  ,Republic of Korea,1751325421.0,1751325421,-114.9368,35.9973,1821.18,False,98.81,91.49,-3.9,,1866.9,,False,0,2025-06-30 23:17:01
a73dfe,JBU433  ,United States,1751325414.0,1751325416,-73.5949,24.6025,10668.0,False,221.4,132.36,-0.65,,11247.12,,False,0,2025-06-30 23:17:01
ab1d2f,AAY1206 ,United States,1751325421.0,1751325421,-82.6596,33.6651,11582.4,False,235.32,318.01,0.33,,12252.96,7352,False,0,2025-06-30 23:17:01
a35c44,N31536  ,United States,1751325418.0,1751325419,-82.8378,41.7107,609.6,False,57.92,347.69,-0.65,,556.26,,False,0,2025-06-30 23:17:01
a7f762,NKS2787 ,United States,1751325419.0,1751325420,-81.2132,31.0154,10370.82,False,258.77,180.0,0.0,,10980.42,2267,False,0,2025-06-30 23:17:01
aafd1f,DAL108  ,United States,1751325416.0,1751325416,-84.4121,33.6366,,True,13.38,90.0,,,,,False,0,2025-06-30 23:17:01
4caa9b,ITY603  ,Ireland,1751325419.0,1751325420,-68.0996,41.8604,11277.6,False,255.48,67.26,0.0,,11871.96,1173,False,0,2025-06-30 23:17:01
a6749f,N515GG  ,United States,1751325421.0,1751325421,-120.9207,38.8341,2141.22,False,68.92,34.05,1.3,,2209.8,4566,False,0,2025-06-30 23:17:01
a36f66,MDS320  ,United States,1751325421.0,1751325421,-86.8985,34.8034,5791.2,False,136.44,133.93,0.33,,6111.24,3616,False,0,2025-06-30 23:17:01
ad27ab,MTN7464 ,United States,1751325357.0,1751325413,-78.4464,40.2859,9448.8,False,72.41,223.56,0.33,,1889.76,4146,True,0,2025-06-30 23:17:01
abe7c5,SWA1382 ,United States,1751325420.0,1751325420,-92.9061,41.216,10668.0,False,260.61,94.53,-0.33,,11155.68,6040,False,0,2025-06-30 23:17:01
a050d8,N1196M  ,United States,1751325395.0,1751325404,-81.2453,29.6243,723.9,False,59.6,6.94,0.33,,746.76,,False,0,2025-06-30 23:17:01
a206f2,N23JC   ,United States,1751325420.0,1751325420,-120.9946,37.7,1524.0,False,66.22,136.26,3.58,,1546.86,,False,0,2025-06-30 23:17:01
ad14a3,AAL2180 ,United States,1751325421.0,1751325421,-82.9152,33.5203,11582.4,False,244.33,277.38,0.0,,12260.58,0735,False,0,2025-06-30 23:17:01
a97dcb,DAL9950 ,United States,1751325421.0,1751325421,-83.2037,37.2359,12192.0,False,237.85,140.35,0.0,,12877.8,1773,False,0,2025-06-30 23:17:01
a206fc,SVL3    ,United States,1751325421.0,1751325421,-117.3118,33.1239,510.54,False,119.77,259.61,15.61,,487.68,,False,0,2025-06-30 23:17:01
ab0a35,JRE810  ,United States,1751325421.0,1751325421,-83.6802,35.6744,13716.0,False,195.69,347.24,0.33,,14356.08,3643,False,0,2025-06-30 23:17:01
a816ca,FFT1085 ,United States,1751325150.0,1751325159,-112.0098,33.4331,,True,0.9,357.19,,,,1021,False,0,2025-06-30 23:17:01
abd536,SWA2235 ,United States,1751325420.0,1751325420,-116.4126,35.0982,7315.2,False,238.1,52.46,-0.33,,7711.44,4762,False,0,2025-06-30 23:17:01
a949f6,N698RS  ,United States,1751325420.0,1751325420,-111.9243,33.2519,1592.58,False,117.19,313.22,0.33,,1615.44,4306,False,0,2025-06-30 23:17:01
ab2eff,N82F    ,United States,1751325421.0,1751325421,-117.0643,32.626,335.28,False,40.65,268.55,0.98,,289.56,,False,0,2025-06-30 23:17:01
ac086b,SWA3148 ,United States,1751325420.0,1751325421,-90.5917,41.626,11590.02,False,197.88,263.28,2.28,,12123.42,7546,False,0,2025-06-30 23:17:01
aaa224,SWA2877 ,United States,1751325420.0,1751325420,-73.7282,42.3211,7886.7,False,217.47,96.52,-7.8,,8298.18,6560,False,0,2025-06-30 23:17:01
c006db,CFCPM   ,Canada,1751325420.0,1751325420,-73.5996,45.9258,853.44,False,63.23,39.39,6.5,,822.96,,False,0,2025-06-30 23:17:01
a3ac7a,DAL1764 ,United States,1751325420.0,1751325420,-80.9674,31.3977,10119.36,False,262.96,187.31,-4.88,,10698.48,3030,False,0,2025-06-30 23:17:01
a1c0ec,UCA4295 ,United States,1751325420.0,1751325420,-79.8689,36.9777,10972.8,False,219.35,230.71,-0.33,,11605.26,1371,False,0,2025-06-30 23:17:01
a7f6b9,FFT4001 ,United States,1751325420.0,1751325420,-96.478,32.5939,9753.6,False,222.96,239.65,0.0,,10378.44,0433,False,0,2025-06-30 23:17:01
aafbd5,N80692  ,United States,1751325420.0,1751325420,-122.899,47.5919,2560.32,False,49.48,207.9,-0.98,,2667.0,,False,0,2025-06-30 23:17:01
a72c32,N561SA  ,United States,1751325420.0,1751325420,-88.4825,41.9993,853.44,False,69.96,118.07,-3.25,,830.58,,True,0,2025-06-30 23:17:01
ad6ec6,AAL1994 ,United States,1751325420.0,1751325420,-116.1972,33.5914,8839.2,False,238.02,86.9,0.33,,9334.5,2020,False,0,2025-06-30 23:17:01
a1c0cf,N2119C  ,United States,1751325421.0,1751325421,-122.9788,42.0024,3726.18,False,92.86,344.58,-1.3,,3901.44,,False,0,2025-06-30 23:17:01
a420af,UPS9843 ,United States,1751325421.0,1751325421,-123.1431,44.9445,11894.82,False,223.8,179.34,0.0,,12405.36,3577,False,0,2025-06-30 23:17:01
a1c0e0,N2119V  ,United States,1751325356.0,1751325356,-116.0902,44.1533,2712.72,False,67.52,12.77,-2.28,,2827.02,,False,0,2025-06-30 23:17:01
a923a8,UAL1159 ,United States,1751325420.0,1751325421,-96.4083,30.36,10363.2,False,230.9,327.37,0.0,,11010.9,3121,False,0,2025-06-30 23:17:01
a923a9,UAL1518 ,United States,1751325419.0,1751325420,-72.479,38.631,8084.82,False,235.03,316.06,-5.53,,8557.26,,False,0,2025-06-30 23:17:01
abe872,SWA2353 ,United States,1751325421.0,1751325421,-91.09,34.3263,11277.6,False,247.36,52.61,0.0,,11948.16,7355,False,0,2025-06-30 23:17:01
ad2862,AAL1461 ,United States,1751325420.0,1751325420,-85.6331,42.2574,8275.32,False,284.71,87.72,6.83,,8656.32,6504,False,0,2025-06-30 23:17:01
ab1bf0,AAL2973 ,United States,1751325421.0,1751325421,-87.5187,35.4887,12489.18,False,250.69,71.45,-0.33,,13190.22,2204,False,0,2025-06-30 23:17:01
0c2069,CMP445  ,Panama,1751325376.0,1751325416,-81.3892,24.9661,10668.0,False,250.77,139.74,0.0,,11254.74,0771,False,0,2025-06-30 23:17:01
aa64ca,AAL2962 ,United States,1751325421.0,1751325421,-86.5186,39.194,11277.6,False,244.61,117.7,0.0,,11910.06,7027,False,0,2025-06-30 23:17:01
a85f6f,N639CT  ,United States,1751325420.0,1751325420,-116.9082,32.7424,1074.42,False,47.94,303.18,0.33,,1066.8,,False,0,2025-06-30 23:17:01
a1c0d1,N2119E  ,United States,1751325421.0,1751325421,-72.6845,40.9712,739.14,False,49.44,282.01,0.33,,739.14,,False,0,2025-06-30 23:17:01
abd559,SWA205  ,United States,1751325421.0,1751325421,-104.8604,38.9686,7117.08,False,232.48,200.6,10.73,,7520.94,3232,False,0,2025-06-30 23:17:01
a540e2,AMX039  ,United States,1751325420.0,1751325420,-99.7898,26.0314,12184.38,False,246.56,227.79,0.0,,12923.52,3432,False,0,2025-06-30 23:17:01
aaa244,UAL2608 ,United States,1751325420.0,1751325420,-81.9881,37.5465,10058.4,False,245.99,70.96,0.0,,10668.0,2442,False,0,2025-06-30 23:17:01
aaa247,SWA4597 ,United States,1751325421.0,1751325421,-121.4013,36.4684,5402.58,False,196.86,322.11,-10.73,,5646.42,,False,0,2025-06-30 23:17:01
a4cc98,CXK660  ,United States,1751325421.0,1751325421,-71.07,42.7391,632.46,False,50.34,11.2,2.93,,624.84,,False,0,2025-06-30 23:17:01
a2f3d8,N29HH   ,United States,1751325406.0,1751325414,-81.3309,28.0201,723.9,False,80.94,260.12,0.0,,784.86,1200,False,0,2025-06-30 23:17:01
a446eb,,United States,1751325222.0,1751325222,-112.0073,33.4332,,True,4.12,334.69,,,,,False,0,2025-06-30 23:17:01
a5ec61,ASA34   ,United States,1751325420.0,1751325420,-83.4743,44.3756,10668.0,False,252.46,97.96,-0.33,,11148.06,2265,False,0,2025-06-30 23:17:01
ac3bf4,N888EC  ,United States,1751325419.0,1751325421,-85.7604,38.8835,3040.38,False,89.32,335.5,-1.95,,3124.2,6277,False,0,2025-06-30 23:17:01
ad6edb,N965BJ  ,United States,1751325305.0,1751325309,-120.1907,39.0277,2788.92,False,82.16,67.93,-2.28,,2910.84,1200,False,0,2025-06-30 23:17:01
abe892,SWA3410 ,United States,1751325420.0,1751325420,-108.3735,33.1837,11277.6,False,242.86,124.3,0.33,,11917.68,5224,False,0,2025-06-30 23:17:01
a7f6bf,N612FX  ,United States,1751325420.0,1751325421,-79.554,29.7172,13716.0,False,232.01,180.13,-0.33,,14302.74,2676,False,0,2025-06-30 23:17:01
47ae38,NBT31D  ,Norway,1751325418.0,1751325418,-101.4674,46.9112,11582.4,False,254.29,221.88,0.33,,12031.98,,False,0,2025-06-30 23:17:01
a4df52,AAL591  ,United States,1751325421.0,1751325421,-85.2552,34.7179,10058.4,False,242.73,93.4,0.0,,10698.48,0423,False,0,2025-06-30 23:17:01
a3280a,VJA02   ,United States,1751325420.0,1751325420,-74.4644,40.8981,723.9,False,115.46,37.94,-5.85,,723.9,3556,False,0,2025-06-30 23:17:01
acf563,JSX909  ,United States,1751325421.0,1751325421,-116.8761,33.2664,2240.28,False,130.84,239.0,-0.33,,2331.72,2414,False,0,2025-06-30 23:17:01
acf54f,JBU100  ,United States,1751325418.0,1751325418,-82.1695,25.8072,7315.2,False,214.12,126.4,-0.33,,7726.68,2755,False,0,2025-06-30 23:17:01
ab7270,AAL3299 ,United States,1751325420.0,1751325420,-85.4944,39.3726,8884.92,False,249.4,341.23,-5.2,,9418.32,2263,False,0,2025-06-30 23:17:01
a709e8,N5525H  ,United States,1751325334.0,1751325335,-84.2344,39.4775,518.16,False,41.62,351.47,-1.63,,495.3,,False,0,2025-06-30 23:17:01
c03c02,WJA723  ,Canada,1751325420.0,1751325421,-84.0746,45.2235,10972.8,False,217.93,295.29,0.0,,11430.0,0502,False,0,2025-06-30 23:17:01
aaa267,UAL2243 ,United States,1751325145.0,1751325145,-87.9082,41.9792,,True,2.06,174.38,,,,1761,False,0,2025-06-30 23:17:01
ad1560,JBU324  ,United States,1751325420.0,1751325420,-110.7087,34.6131,10066.02,False,243.32,99.12,0.65,,10637.52,2004,False,0,2025-06-30 23:17:01
ac3beb,DAL1233 ,United States,1751325416.0,1751325416,-73.7865,40.6573,,True,0.0,300.94,,,,,False,0,2025-06-30 23:17:01
a5ff34,CFR607  ,United States,1751325369.0,1751325371,-117.3932,33.7976,723.9,False,28.08,241.56,-1.3,,701.04,,False,0,2025-06-30 23:17:01
a6d6ae,N54MH   ,United States,1751325417.0,1751325420,-116.0291,38.3714,13106.4,False,231.12,264.25,0.0,,13769.34,,False,0,2025-06-30 23:17:01
abd57e,SWA3747 ,United States,1751325421.0,1751325421,-80.5387,35.7794,10668.0,False,223.88,8.86,0.0,,11300.46,7222,False,0,2025-06-30 23:17:01
a829e6,N625MC  ,United States,1751325421.0,1751325421,-118.703,48.0626,6705.6,False,121.02,243.76,0.0,,7010.4,,False,0,2025-06-30 23:17:01
a72c10,EJA561  ,United States,1751325420.0,1751325421,-104.6526,39.7964,10607.04,False,223.2,288.69,-10.4,,11163.3,6004,False,0,2025-06-30 23:17:01
abd59a,SWA4438 ,United States,1751325416.0,1751325420,-109.3124,34.0638,12192.0,False,225.94,309.27,0.0,,12862.56,7427,False,0,2025-06-30 23:17:01
c03c04,WJA1589 ,Canada,1751325420.0,1751325420,-91.211,42.0821,12192.0,False,197.9,266.57,-0.33,,12702.54,1355,False,0,2025-06-30 23:17:01
adbeed,NKS2491 ,United States,1751325420.0,1751325420,-80.6671,32.9701,11879.58,False,219.86,28.66,0.33,,12557.76,2336,False,0,2025-06-30 23:17:01
ac926b,WUP909  ,United States,1751325421.0,1751325421,-105.9094,40.6353,7635.24,False,250.37,127.91,-9.43,,8084.82,,False,0,2025-06-30 23:17:01
aaa28d,SWA2962 ,United States,1751325420.0,1751325420,-117.5345,47.6258,,True,0.0,230.62,,,,,False,0,2025-06-30 23:17:01
a85f29,UAL1791 ,United States,1751325421.0,1751325421,-113.2525,41.1481,10058.4,False,245.91,77.68,0.0,,10576.56,,False,0,2025-06-30 23:17:01
a29212,FDX1207 ,United States,1751325418.0,1751325418,-122.2191,37.7163,,True,0.0,137.81,,,,,False,0,2025-06-30 23:17:01
a0b550,AAL1878 ,United States,1751325134.0,1751325206,-74.1677,40.6987,,True,0.0,5.62,,,,,False,0,2025-06-30 23:17:01
ad00e3,AAL1363 ,United States,1751325420.0,1751325420,-91.9354,36.5143,10972.8,False,219.97,186.31,-0.33,,11612.88,1155,False,0,2025-06-30 23:17:01
a32867,SKW3770 ,United States,1751325420.0,1751325420,-123.0739,43.9844,10058.4,False,206.91,178.15,0.0,,10500.36,4603,False,0,2025-06-30 23:17:01
ac90f3,DAL732  ,United States,1751325421.0,1751325421,-85.4552,42.4563,8275.32,False,220.76,271.34,6.5,,8641.08,,False,0,2025-06-30 23:17:01
ace0cf,NKS2162 ,United States,1751325413.0,1751325418,-82.5369,27.9857,,True,0.0,270.0,,,,,False,0,2025-06-30 23:17:01
a0fbb7,UAL2040 ,United States,1751325421.0,1751325421,-87.2087,42.4288,3345.18,False,140.47,249.64,-4.55,,3451.86,2437,False,0,2025-06-30 23:17:01
adac5d,AAL2465 ,United States,1751325421.0,1751325421,-105.0162,31.0018,11277.6,False,238.29,127.19,-0.33,,11948.16,7220,False,0,2025-06-30 23:17:01
adac5a,NKS2533 ,United States,1751325420.0,1751325420,-73.7699,38.5848,9913.62,False,250.03,122.48,2.6,,10500.36,6541,False,0,2025-06-30 23:17:01
a36eae,DAL1075 ,United States,1751325420.0,1751325420,-70.7083,42.0473,2682.24,False,132.99,48.29,-3.58,,2796.54,3563,False,0,2025-06-30 23:17:01
a24ef7,AAY2248 ,United States,1751325420.0,1751325420,-84.3943,31.5917,10675.62,False,243.33,180.12,0.33,,11323.32,0734,False,0,2025-06-30 23:17:01
a3bebd,EJA340  ,United States,1751325421.0,1751325421,-79.8944,36.2971,6705.6,False,184.82,225.9,0.0,,7101.84,,False,0,2025-06-30 23:17:01
ace0d2,AAL1766 ,United States,1751325420.0,1751325420,-79.4336,34.8735,10972.8,False,247.55,243.59,0.0,,11620.5,7235,False,0,2025-06-30 23:17:01
a18539,N1975F  ,United States,1751325228.0,1751325228,-84.7668,39.2744,312.42,False,31.58,257.77,-2.28,,259.08,,False,0,2025-06-30 23:17:01
a0653f,N1242U  ,United States,1751325419.0,1751325419,-89.0653,42.6297,579.12,False,31.18,232.37,2.6,,541.02,,False,0,2025-06-30 23:17:01
a96c72,SKW6314 ,United States,1751325421.0,1751325421,-85.0671,38.5312,5257.8,False,194.88,322.62,8.78,,5509.26,6733,False,0,2025-06-30 23:17:01
a12ee7,UAL1206 ,United States,1751325420.0,1751325420,-74.7306,40.5124,1828.8,False,149.31,22.06,0.0,,1889.76,6750,False,0,2025-06-30 23:17:01
a32844,ENY4113 ,United States,1751325421.0,1751325421,-94.1902,33.7425,8031.48,False,239.92,60.03,-5.2,,8503.92,3452,False,0,2025-06-30 23:17:01
a923ef,UAL1983 ,United States,1751325420.0,1751325421,-96.5486,42.1463,10363.2,False,214.57,260.2,0.0,,10789.92,6206,False,0,2025-06-30 23:17:01
a12ee0,UAL1884 ,United States,1751325420.0,1751325421,-102.3654,38.003,10081.26,False,224.98,312.78,-4.55,,10637.52,3773,False,0,2025-06-30 23:17:01
ac0818,SWA824  ,United States,1751325420.0,1751325420,-121.8724,37.31,419.1,False,79.46,318.67,-5.2,,388.62,2711,False,0,2025-06-30 23:17:01
a9bc60,N7261Q  ,United States,1751325414.0,1751325415,-97.2358,38.9202,533.4,False,29.84,0.99,1.95,,548.64,,False,0,2025-06-30 23:17:01
a9bc68,N7261Y  ,United States,1751325420.0,1751325420,-112.1866,33.79,1303.02,False,51.79,256.79,-0.33,,1264.92,0272,False,0,2025-06-30 23:17:01
a8af9d,QXE2192 ,United States,1751325420.0,1751325421,-124.2443,48.1624,10363.2,False,210.62,298.44,-0.33,,10721.34,3511,False,0,2025-06-30 23:17:01
a12edc,N1755W  ,United States,1751325418.0,1751325421,-84.99,43.2346,1798.32,False,85.59,189.69,-3.9,,1783.08,,False,0,2025-06-30 23:17:01
a96c50,N706RA  ,United States,1751325420.0,1751325420,-117.1087,32.8196,441.96,False,49.01,110.91,2.28,,388.62,,False,0,2025-06-30 23:17:01
abe80e,SWA1452 ,United States,1751325420.0,1751325420,-80.1397,33.0837,952.5,False,95.93,231.53,-7.15,,1005.84,2310,False,0,2025-06-30 23:17:01
a923cd,UAL1136 ,United States,1751325421.0,1751325421,-99.0525,33.8967,10363.2,False,227.77,296.28,-0.33,,10995.66,1227,False,0,2025-06-30 23:17:01
a923cf,UAL2127 ,United States,1751325421.0,1751325421,-81.1549,35.5082,10668.0,False,233.15,53.43,0.0,,11308.08,7533,False,0,2025-06-30 23:17:01
a30246,SKW4145 ,United States,1751325421.0,1751325421,-121.9797,47.6823,3878.58,False,163.89,222.2,-8.78,,4053.84,4601,False,0,2025-06-30 23:17:01
c00794,CRQ928  ,Canada,1751325420.0,1751325420,-73.5902,45.5821,746.76,False,100.95,193.26,-2.28,,723.9,,False,0,2025-06-30 23:17:01
a660dc,N51UD   ,United States,1751325114.0,1751325114,-92.1067,42.2734,1066.8,False,64.62,142.77,0.0,,1066.8,,False,0,2025-06-30 23:17:01
a17277,N19234  ,United States,1751325420.0,1751325420,-121.9597,47.6458,1150.62,False,53.38,79.45,2.93,,1173.48,,False,0,2025-06-30 23:17:01
ab8537,SCX657  ,United States,1751325419.0,1751325420,-102.0941,41.2707,9753.6,False,224.69,248.37,0.0,,10256.52,3630,False,0,2025-06-30 23:17:01
a9bc12,RPA3542 ,United States,1751325376.0,1751325376,-87.8972,41.9704,,True,7.2,90.0,,,,,False,0,2025-06-30 23:17:01
a7d0c5,N602XL  ,United States,1751325394.0,1751325394,-96.6527,40.7724,1028.7,False,58.68,238.26,-1.3,,1051.56,,False,0,2025-06-30 23:17:01
a96c2e,JIA5202 ,United States,1751325281.0,1751325285,-84.4419,33.6415,,True,0.51,255.94,,,,0651,False,0,2025-06-30 23:17:01
abe82c,SWA257  ,United States,1751325420.0,1751325420,-84.5321,38.8275,10972.8,False,225.87,269.09,0.33,,11597.64,6514,False,0,2025-06-30 23:17:01
a8af5f,NKS2011 ,United States,1751325420.0,1751325420,-81.7164,36.3322,10965.18,False,235.78,191.58,0.0,,11620.5,4714,False,0,2025-06-30 23:17:01
a793fd,DAL791  ,United States,1751325421.0,1751325421,-79.5892,42.1771,10668.0,False,258.42,87.95,0.0,,11254.74,2767,False,0,2025-06-30 23:17:01
c03af2,WJA1618 ,Canada,1751325421.0,1751325421,-83.2758,38.8871,11277.6,False,237.19,114.06,0.0,,11925.3,3056,False,0,2025-06-30 23:17:01
a4350c,DAL2047 ,United States,1751325420.0,1751325421,-77.4759,42.0672,7528.56,False,214.57,181.24,5.53,,7917.18,7446,False,0,2025-06-30 23:17:01
ab8553,UAL768  ,United States,1751325421.0,1751325421,-93.7556,41.5164,9159.24,False,198.6,269.11,0.0,,9555.48,6613,False,0,2025-06-30 23:17:01
a66239,JBU1501 ,United States,1751325420.0,1751325420,-73.7821,40.6326,,True,0.0,300.94,,,,,False,0,2025-06-30 23:17:01
a60bcb,UAL481  ,United States,1751325420.0,1751325420,-81.6845,46.4425,9136.38,False,202.97,242.2,-0.33,,9509.76,1310,False,0,2025-06-30 23:17:01
ac4f4c,SWA339  ,United States,1751325420.0,1751325420,-76.7056,38.7227,2720.34,False,158.5,60.44,-6.5,,2857.5,2045,False,0,2025-06-30 23:17:01
aa5237,AAL677  ,United States,1751325420.0,1751325420,-93.1836,43.776,10050.78,False,263.23,117.47,0.33,,10355.58,3573,False,0,2025-06-30 23:17:01
a96ba2,JBU1287 ,United States,1751325420.0,1751325420,-81.1356,33.1928,10370.82,False,240.31,172.37,-0.33,,10988.04,1413,False,0,2025-06-30 23:17:01
a2928e,N265LD  ,United States,1751325421.0,1751325421,-117.3207,32.9526,1097.28,False,49.59,216.99,0.33,,1074.42,,False,0,2025-06-30 23:17:01
a5fef4,ASA357  ,United States,1751325420.0,1751325420,-102.2987,42.6105,10058.4,False,247.32,116.57,0.0,,10546.08,,False,0,2025-06-30 23:17:01
ac4f74,N8922V  ,United States,1751325420.0,1751325420,-82.6484,27.9267,259.08,False,29.93,298.77,-1.63,,289.56,0160,False,0,2025-06-30 23:17:01
a54267,N438SA  ,United States,1751325420.0,1751325420,-99.3303,31.7367,1874.52,False,71.47,80.47,-2.93,,1935.48,3053,False,0,2025-06-30 23:17:01
abd3a3,N861MB  ,United States,1751325156.0,1751325156,-112.0591,33.4634,,True,0.51,329.06,,,,0100,False,0,2025-06-30 23:17:01
a2e23f,CXK254  ,United States,1751325420.0,1751325420,-117.8982,34.1018,1257.3,False,54.13,351.25,-2.28,,1257.3,1200,False,0,2025-06-30 23:17:01
ab83e8,DAL1656 ,United States,1751325421.0,1751325421,-85.7026,37.216,10668.0,False,246.13,97.81,0.33,,11300.46,0070,False,0,2025-06-30 23:17:01
aa7881,N774GH  ,United States,1751325418.0,1751325418,-116.1687,42.9909,13106.4,False,222.5,295.62,0.0,,13716.0,,False,0,2025-06-30 23:17:01
a84bd9,N6334V  ,United States,1751325421.0,1751325421,-122.8629,46.0781,1912.62,False,55.9,6.34,1.3,,1988.82,,False,0,2025-06-30 23:17:01
a84bbd,N63332  ,United States,1751325419.0,1751325420,-97.3708,32.8788,518.16,False,40.29,174.87,-1.63,,480.06,,False,0,2025-06-30 23:17:01
ac4f6f,SWA1094 ,United States,1751325421.0,1751325421,-81.2658,33.7755,11887.2,False,222.31,1.46,0.0,,12565.38,1335,False,0,2025-06-30 23:17:01
a0b59d,DAL2109 ,United States,1751325408.0,1751325416,-73.8624,40.7697,,True,0.0,45.0,,,,,False,0,2025-06-30 23:17:01
a6d88b,GJS4443 ,United States,1751325420.0,1751325420,-74.1868,40.6426,1051.56,False,96.64,215.47,12.03,,1082.04,1610,False,0,2025-06-30 23:17:01
ad13c4,N9414A  ,United States,1751325420.0,1751325420,-102.314,31.8331,1805.94,False,86.6,133.56,3.25,,1889.76,,False,0,2025-06-30 23:17:01
ab83f8,N841ED  ,United States,1751325420.0,1751325420,-84.5478,33.2105,1226.82,False,55.56,180.0,0.33,,1257.3,1200,False,0,2025-06-30 23:17:01
ad5c30,ASA1046 ,United States,1751325420.0,1751325421,-122.897,42.9374,11277.6,False,219.72,178.79,0.0,,11780.52,3570,False,0,2025-06-30 23:17:01
ad5c33,AAL1724 ,United States,1751325420.0,1751325420,-81.1563,42.9403,7315.2,False,173.49,244.35,0.33,,7650.48,2105,False,0,2025-06-30 23:17:01
a35bee,N3151Q  ,United States,1751325421.0,1751325421,-121.3752,39.9658,2575.56,False,54.01,197.74,0.0,,2636.52,,False,0,2025-06-30 23:17:01
a6d87f,LXJ540  ,United States,1751325421.0,1751325421,-119.7795,37.1677,9448.8,False,224.26,185.4,0.0,,9913.62,3626,False,0,2025-06-30 23:17:01
ad5c38,DAL1325 ,United States,1751325420.0,1751325421,-85.9597,35.1954,9669.78,False,231.96,141.94,-5.85,,10302.24,5461,False,0,2025-06-30 23:17:01
ac90a0,PDT5788 ,United States,1751325421.0,1751325421,-78.9428,35.6336,8229.6,False,223.07,70.6,-0.33,,8717.28,,False,0,2025-06-30 23:17:01
ac90a7,AAL1823 ,United States,1751325366.0,1751325371,-80.9687,35.2398,297.18,False,76.28,176.52,-3.9,,297.18,4177,False,0,2025-06-30 23:17:01
abd3c7,AAL2798 ,United States,1751325421.0,1751325421,-92.3266,35.1049,11277.6,False,252.2,38.62,0.0,,11948.16,2310,False,0,2025-06-30 23:17:01
a197d0,SGX201  ,United States,1751325421.0,1751325421,-74.246,40.486,1828.8,False,134.63,159.42,0.0,,1882.14,2740,False,0,2025-06-30 23:17:01
4caa41,EIN6PE  ,Ireland,1751325421.0,1751325421,-105.8609,43.94,11582.4,False,236.33,219.79,0.0,,12138.66,,False,0,2025-06-30 23:17:01
c00727,CRQ905  ,Canada,1751325420.0,1751325420,-75.9169,46.7416,6103.62,False,107.53,318.69,0.0,,6316.98,,False,0,2025-06-30 23:17:01
a4ded6,N41265  ,United States,1751325421.0,1751325421,-95.9512,41.1355,914.4,False,49.4,278.38,2.28,,944.88,,False,0,2025-06-30 23:17:01
a077f4,N1293T  ,United States,1751325420.0,1751325420,-80.2116,26.0027,213.36,False,49.0,85.79,4.88,,251.46,,False,0,2025-06-30 23:17:01
abc0c1,SWA1483 ,United States,1751325421.0,1751325421,-89.4454,39.7771,11277.6,False,237.19,124.93,0.0,,11864.34,3531,False,0,2025-06-30 23:17:01
a67535,LTA515  ,United States,1751325275.0,1751325275,-85.873,39.6178,929.64,False,71.67,66.75,0.0,,929.64,,False,0,2025-06-30 23:17:01
a197d6,N201XQ  ,United States,1751325388.0,1751325389,-119.8965,36.8627,2331.72,False,77.39,144.2,-0.33,,2400.3,3217,False,0,2025-06-30 23:17:01
aa0ec5,N747YV  ,United States,1751325276.0,1751325276,-118.4486,34.0194,,True,0.0,137.81,,,,,False,0,2025-06-30 23:17:01
aa0ec7,RPA3659 ,United States,1751325385.0,1751325385,-83.6472,45.7408,9083.04,False,201.61,238.46,-5.2,,9448.8,,False,0,2025-06-30 23:17:01
a7951e,N588RG  ,United States,1751325420.0,1751325420,-84.219,43.4983,2788.92,False,89.25,164.28,0.0,,2834.64,,False,0,2025-06-30 23:17:01
a66217,N510GT  ,United States,1751325421.0,1751325421,-105.0348,40.3603,13716.0,False,255.81,141.29,0.0,,14333.22,4040,False,0,2025-06-30 23:17:01
adbf87,WUP985  ,United States,1751325421.0,1751325421,-82.3438,41.5962,14317.98,False,272.04,76.88,-0.65,,14889.48,1473,False,0,2025-06-30 23:17:01
a4def4,N41270  ,United States,1751325421.0,1751325421,-116.9647,33.072,1036.32,False,38.49,307.94,2.93,,1036.32,,False,0,2025-06-30 23:17:01
abc0e4,SWA2220 ,United States,1751325420.0,1751325420,-106.2214,31.961,12192.0,False,229.73,258.77,0.33,,12877.8,5060,False,0,2025-06-30 23:17:01
a11d18,N171CB  ,United States,1751325421.0,1751325421,-121.3247,37.4088,2019.3,False,66.65,264.69,-0.33,,2065.02,,False,0,2025-06-30 23:17:01
