icao24,callsign,origin_country,time_position,last_contact,longitude,latitude,baro_altitude,on_ground,velocity,heading,vertical_rate,squawk,spi,position_source,category,other,timestamp
c07d0b,CGVJE   ,Canada,1751325431.0,1751325434,-74.5658,45.0731,396.24,False,50.25,132.51,0.33,,342.9,,False,0,2025-06-30 23:17:20
a5f852,RTY484  ,United States,1751325438.0,1751325438,-104.3377,40.7746,2171.7,False,59.16,28.57,0.33,,2278.38,,False,0,2025-06-30 23:17:20
a3b87f,DAL1765 ,United States,1751325440.0,1751325440,-94.3503,42.6105,10668.0,False,266.01,89.0,0.0,,11087.1,4330,False,0,2025-06-30 23:17:20
aaf633,UAL1208 ,United States,1751325439.0,1751325440,-112.8857,40.7195,10972.8,False,227.38,264.55,0.33,,11544.3,1411,False,0,2025-06-30 23:17:20
a5f845,N484JH  ,United States,1751325346.0,1751325353,-89.1573,33.3348,10363.2,False,179.32,201.19,0.0,,11003.28,0124,False,0,2025-06-30 23:17:20
ac4963,DAL675  ,United States,1751325437.0,1751325440,-102.3882,41.2727,10058.4,False,253.53,127.5,0.0,,10568.94,,False,0,2025-06-30 23:17:20
aae316,AAL3201 ,United States,1751325439.0,1751325439,-112.5712,37.0895,10972.8,False,231.71,233.49,0.33,,11582.4,6776,False,0,2025-06-30 23:17:20
a36898,DAL1378 ,United States,1751325439.0,1751325439,-83.7177,39.8052,9547.86,False,225.31,330.45,-5.2,,10088.88,3662,False,0,2025-06-30 23:17:20
acdfa3,ASA535  ,United States,1751325439.0,1751325439,-106.8799,41.7051,10363.2,False,229.84,297.02,0.0,,10919.46,1474,False,0,2025-06-30 23:17:20
a5954e,UAL1612 ,United States,1751325439.0,1751325439,-87.0349,42.4764,2781.3,False,144.39,249.56,-12.35,,2865.12,4106,False,0,2025-06-30 23:17:20
a23563,N241TD  ,United States,1751325437.0,1751325438,-118.3426,33.8072,205.74,False,26.92,315.0,3.9,,152.4,,False,0,2025-06-30 23:17:20
abacb6,SCX9026 ,United States,1751325440.0,1751325440,-83.721,31.0559,12192.0,False,221.24,356.0,0.0,,12854.94,6055,False,0,2025-06-30 23:17:20
a6aec4,N53HA   ,United States,1751325440.0,1751325440,-101.2478,39.106,10393.68,False,204.37,261.6,-0.65,,10934.7,,False,0,2025-06-30 23:17:20
a22248,N2368P  ,United States,1751325438.0,1751325438,-80.9758,29.1743,121.92,False,20.48,154.72,0.65,,129.54,,False,0,2025-06-30 23:17:20
acdfab,DAL2379 ,United States,1751325438.0,1751325438,-84.2146,33.6848,1051.56,False,100.32,180.0,-0.33,,1097.28,5234,False,0,2025-06-30 23:17:20
a3685d,JANET15 ,United States,1751325439.0,1751325439,-115.7523,36.3846,4937.76,False,196.73,307.35,-0.33,,5227.32,,False,0,2025-06-30 23:17:20
a2ded8,SWA3931 ,United States,1751325304.0,1751325308,-104.66,39.8695,1600.2,False,78.21,181.13,-1.63,,1684.02,4102,False,0,2025-06-30 23:17:20
aae32c,N800PK  ,United States,1751325439.0,1751325440,-101.2197,38.9029,8221.98,False,149.29,113.56,-0.33,,8663.94,,False,0,2025-06-30 23:17:20
a2355d,SKW3632 ,United States,1751325439.0,1751325440,-118.756,34.1147,3596.64,False,153.34,137.86,-7.48,,3756.66,3611,False,0,2025-06-30 23:17:20
a72533,N56GM   ,United States,1751325437.0,1751325437,-90.399,33.0545,7620.0,False,147.35,13.94,0.0,,8077.2,7235,False,0,2025-06-30 23:17:20
adeca5,AAL1522 ,United States,1751325439.0,1751325439,-81.0532,35.2656,2156.46,False,125.5,315.5,-7.8,,2263.14,1617,False,0,2025-06-30 23:17:20
a2228b,ASA266  ,United States,1751325439.0,1751325439,-124.1889,48.5627,10668.0,False,239.05,145.08,0.0,,11041.38,3431,False,0,2025-06-30 23:17:20
aad012,UAL880  ,United States,1751325439.0,1751325439,-93.5124,32.901,10058.4,False,266.82,21.37,0.0,,10668.0,4045,False,0,2025-06-30 23:17:20
abacd2,UAL624  ,United States,1751325439.0,1751325439,-102.6597,36.8123,11277.6,False,238.85,352.2,0.0,,11887.2,1456,False,0,2025-06-30 23:17:20
ab0361,AAL1826 ,United States,1751325440.0,1751325440,-89.7825,42.09,9113.52,False,206.07,204.33,8.13,,9494.52,3173,False,0,2025-06-30 23:17:20
abf008,SWA4541 ,United States,1751325439.0,1751325439,-89.4215,41.1578,4922.52,False,217.93,84.99,-11.05,,5120.64,3020,False,0,2025-06-30 23:17:20
a3426d,SFE2    ,United States,1751325316.0,1751325316,-98.1786,30.7489,480.06,False,26.7,64.92,2.28,,480.06,,False,0,2025-06-30 23:17:20
a4d838,DAL134  ,United States,1751325440.0,1751325440,-76.0438,44.5126,11277.6,False,262.17,66.4,0.0,,11826.24,2607,False,0,2025-06-30 23:17:20
accccd,N9238P  ,United States,1751325439.0,1751325439,-121.0072,38.0675,1371.6,False,67.85,211.04,1.3,,1402.08,,False,0,2025-06-30 23:17:20
ac234f,UAL2621 ,United States,1751325439.0,1751325439,-89.4099,35.0884,10972.8,False,233.13,241.96,-0.33,,11643.36,0535,False,0,2025-06-30 23:17:20
a35592,JBU1880 ,United States,1751325439.0,1751325439,-77.1043,38.8156,1874.52,False,146.27,327.2,-9.75,,1958.34,2305,False,0,2025-06-30 23:17:20
ac101f,SWA1905 ,United States,1751325440.0,1751325440,-118.1054,33.9819,1493.52,False,109.31,263.24,-1.63,,1524.0,3253,False,0,2025-06-30 23:17:20
a39bfa,UAL8197 ,United States,1751325439.0,1751325440,-86.2676,42.5342,11582.4,False,208.37,269.15,0.0,,12092.94,2216,False,0,2025-06-30 23:17:20
ae5000,SHWK424 ,United States,1751325440.0,1751325440,-117.1238,32.5567,266.7,False,50.16,111.04,0.65,,220.98,,False,0,2025-06-30 23:17:20
ac3688,SWA2840 ,United States,1751325439.0,1751325439,-100.2587,38.3151,10668.0,False,254.71,115.74,0.33,,11247.12,,False,0,2025-06-30 23:17:20
a59529,N459SP  ,United States,1751325439.0,1751325440,-95.9513,32.893,1676.4,False,49.91,178.82,-1.3,,1729.74,1200,False,0,2025-06-30 23:17:20
a4755c,N387AS  ,United States,1751325260.0,1751325260,-97.4896,37.8024,1463.04,False,127.14,103.81,-8.78,,2179.32,,False,0,2025-06-30 23:17:20
a1abfc,N20693  ,United States,1751325437.0,1751325437,-89.0205,44.2971,807.72,False,40.77,317.05,-4.55,,777.24,,False,0,2025-06-30 23:17:20
a3689e,DAL381  ,United States,1751325439.0,1751325440,-98.7944,30.7728,6690.36,False,205.98,109.25,-11.7,,7101.84,4763,False,0,2025-06-30 23:17:20
ac1042,SWA1994 ,United States,1751325439.0,1751325440,-92.9351,30.0617,11887.2,False,232.58,106.71,0.0,,12595.86,7332,False,0,2025-06-30 23:17:20
e8027a,LAN502  ,Chile,1751325440.0,1751325440,-80.7166,25.6742,2019.3,False,138.29,52.41,-10.73,,2164.08,,False,0,2025-06-30 23:17:20
ad5672,N959DS  ,United States,1751325437.0,1751325437,-90.9819,33.6458,533.4,False,52.12,184.53,-0.65,,548.64,7045,False,0,2025-06-30 23:17:20
aa8075,ENY3501 ,United States,1751325439.0,1751325440,-89.8593,38.7411,9144.0,False,219.5,218.91,0.0,,9662.16,6203,False,0,2025-06-30 23:17:20
adda1e,AAL2892 ,United States,1751325440.0,1751325440,-107.9746,32.181,11277.6,False,248.42,103.78,0.0,,11940.54,6022,False,0,2025-06-30 23:17:20
ae74e1,ZEUS22  ,United States,1751325370.0,1751325371,-78.7725,35.8666,152.4,False,19.28,316.08,-2.6,,129.54,,False,0,2025-06-30 23:17:20
adda23,DAL2480 ,United States,1751325439.0,1751325439,-84.2882,41.176,6400.8,False,200.71,338.5,0.33,,6697.98,2170,False,0,2025-06-30 23:17:20
aae1ea,AAL175  ,United States,1751325440.0,1751325440,-119.0661,44.4518,10972.8,False,248.29,300.23,-0.65,,11490.96,2212,False,0,2025-06-30 23:17:20
aded77,JBU1052 ,United States,1751325440.0,1751325440,-77.7675,33.1228,10675.62,False,226.37,3.91,-0.33,,11254.74,,False,0,2025-06-30 23:17:20
ae0d91,R24648  ,United States,1751325433.0,1751325433,-78.9276,35.1325,60.96,False,11.93,262.57,-2.6,,68.58,,False,0,2025-06-30 23:17:20
ad41cd,SWA2366 ,United States,1751325439.0,1751325439,-91.8989,31.4862,12192.0,False,232.51,275.33,0.0,,12900.66,1076,False,0,2025-06-30 23:17:20
a127bb,UAL1759 ,United States,1751325324.0,1751325324,-108.3495,42.87,10972.8,False,224.74,309.52,0.33,,11544.3,3204,False,0,2025-06-30 23:17:20
e80244,LPE2482 ,Chile,1751325439.0,1751325439,-82.0896,24.9966,10972.8,False,227.0,307.73,-0.33,,11574.78,,False,0,2025-06-30 23:17:20
ad8a80,,United States,1751325439.0,1751325440,-117.2819,33.1279,152.4,False,36.54,260.27,3.58,,106.68,,False,0,2025-06-30 23:17:20
a52bfb,EJA432  ,United States,1751325440.0,1751325440,-122.1417,43.2411,12176.76,False,228.95,344.09,-10.08,,12755.88,1357,False,0,2025-06-30 23:17:20
ac491d,DAL1739 ,United States,1751325439.0,1751325440,-87.3494,38.6392,10058.4,False,231.63,167.17,0.33,,10668.0,1314,False,0,2025-06-30 23:17:20
a4c592,JBU834  ,United States,1751325440.0,1751325440,-71.1547,42.3757,2324.1,False,128.13,29.86,-7.48,,2423.16,3256,False,0,2025-06-30 23:17:20
a114f4,AAL3303 ,United States,1751325439.0,1751325439,-90.868,42.9112,9006.84,False,265.08,115.52,-1.95,,9326.88,6700,False,0,2025-06-30 23:17:20
a5958c,SWA543  ,United States,1751325439.0,1751325439,-76.5587,39.1718,830.58,False,123.98,89.76,4.23,,845.82,2445,False,0,2025-06-30 23:17:20
a8584a,FFT2697 ,United States,1751325272.0,1751325272,-112.0083,33.4333,,True,5.14,329.06,,,,2161,False,0,2025-06-30 23:17:20
a1ad49,N207P   ,United States,1751325439.0,1751325439,-105.3025,31.1873,7620.0,False,118.63,127.07,0.0,,8069.58,,False,0,2025-06-30 23:17:20
aa099e,JBU8034 ,United States,1751325439.0,1751325439,-70.9229,42.534,990.6,False,88.69,200.01,-5.53,,1021.08,4014,False,0,2025-06-30 23:17:20
4cc2a7,ICE670  ,Iceland,1751325440.0,1751325440,-101.547,40.3655,9326.88,False,254.97,79.3,3.25,,9806.94,,False,0,2025-06-30 23:17:20
a0f4b5,DAL938  ,United States,1751325438.0,1751325438,-73.7811,40.6301,,True,0.0,30.94,,,,2714,False,0,2025-06-30 23:17:20
4cc2a6,ICE671  ,Iceland,1751325439.0,1751325439,-100.6316,45.1517,11582.4,False,237.51,211.18,0.0,,12016.74,,False,0,2025-06-30 23:17:20
ab6fbf,DAL28   ,United States,1751325439.0,1751325439,-68.2387,41.7017,10058.4,False,263.59,61.43,0.0,,10561.32,7176,False,0,2025-06-30 23:17:20
a14a18,N182WK  ,United States,1751325440.0,1751325440,-95.0428,38.7545,1798.32,False,69.82,230.68,0.33,,1859.28,,False,0,2025-06-30 23:17:20
aaf617,SCX740  ,United States,1751325439.0,1751325440,-96.1791,32.1269,7680.96,False,225.8,320.36,-18.53,,8176.26,4124,False,0,2025-06-30 23:17:20
a247f0,SKW3869 ,United States,1751325440.0,1751325440,-87.7106,41.7556,426.72,False,65.12,314.04,-3.9,,381.0,4114,False,0,2025-06-30 23:17:20
a8a82f,QXE2056 ,United States,1751325439.0,1751325440,-120.7333,37.0888,7978.14,False,208.29,185.53,-5.2,,8351.52,1531,False,0,2025-06-30 23:17:20
a85887,JBU2924 ,United States,1751325439.0,1751325439,-71.0893,41.8709,3352.8,False,139.68,59.94,0.0,,3505.2,4127,False,0,2025-06-30 23:17:20
a14a35,N182XP  ,United States,1751325186.0,1751325193,-89.7776,43.2923,571.5,False,48.87,180.0,-2.6,,518.16,,False,0,2025-06-30 23:17:20
a5827b,N454RM  ,United States,1751325439.0,1751325439,-111.4598,40.35,4259.58,False,125.11,190.66,-6.5,,4533.9,1200,False,0,2025-06-30 23:17:20
aa3d45,N759UL  ,United States,1751325439.0,1751325440,-121.335,47.6457,3169.92,False,60.71,179.51,-0.33,,3299.46,1200,False,0,2025-06-30 23:17:20
aa07f9,UAL576  ,United States,1751325439.0,1751325440,-109.3229,38.9398,10340.34,False,235.47,235.23,0.0,,10934.7,3522,False,0,2025-06-30 23:17:20
a3ed69,DAL1482 ,United States,1751325440.0,1751325440,-80.1531,37.2643,10972.8,False,231.66,245.88,0.33,,11620.5,7005,False,0,2025-06-30 23:17:20
a5f7e5,N484EM  ,United States,1751325439.0,1751325439,-97.026,32.9253,243.84,False,63.28,180.47,-4.23,,213.36,3660,False,0,2025-06-30 23:17:20
a38a50,        ,United States,1751325439.0,1751325439,-103.5157,32.8296,2560.32,False,75.26,298.14,-0.33,,2667.0,,False,0,2025-06-30 23:17:20
a5f7bc,N484CW  ,United States,1751325438.0,1751325440,-96.8294,32.6525,929.64,False,80.5,128.77,8.78,,975.36,,False,0,2025-06-30 23:17:20
a737c7,SWA4587 ,United States,1751325421.0,1751325434,-97.6615,30.2025,,True,0.0,275.62,,,,3542,False,0,2025-06-30 23:17:20
a0e1f5,N156RE  ,United States,1751325439.0,1751325440,-74.7236,39.5968,8747.76,False,216.81,225.38,4.23,,9288.78,1137,False,0,2025-06-30 23:17:20
accd13,AAL1329 ,United States,1751325439.0,1751325439,-80.209,25.6839,2423.16,False,151.42,295.35,-5.2,,2583.18,,False,0,2025-06-30 23:17:20
accd10,ASA534  ,United States,1751325439.0,1751325439,-106.3845,31.8328,11277.6,False,233.07,100.81,0.0,,11932.92,1734,False,0,2025-06-30 23:17:20
a64d4d,JBU37   ,United States,1751325439.0,1751325439,-73.3364,42.2564,6027.42,False,191.24,263.05,12.35,,6324.6,7040,False,0,2025-06-30 23:17:20
a091f3,EDV5067 ,United States,1751325382.0,1751325382,-73.7663,40.6497,,True,6.43,28.12,,,,,False,0,2025-06-30 23:17:20
a63a23,N500CA  ,United States,1751325409.0,1751325414,-86.912,36.0817,647.7,False,82.58,184.65,0.65,,640.08,,False,0,2025-06-30 23:17:20
a0f4f6,DAL771  ,United States,1751325439.0,1751325439,-88.3294,42.8344,10363.2,False,207.34,270.85,-0.33,,10782.3,1505,False,0,2025-06-30 23:17:20
a88d20,N650EB  ,United States,1751325439.0,1751325439,-107.5525,38.4345,12496.8,False,267.68,60.53,0.0,,13136.88,1011,False,0,2025-06-30 23:17:20
ab14d9,DAL1956 ,United States,1751325311.0,1751325314,-84.4289,33.6427,,True,0.0,270.0,,,,5313,False,0,2025-06-30 23:17:20
aaf4d3,N805DZ  ,United States,1751325439.0,1751325439,-121.8792,38.6527,2964.18,False,54.37,57.36,8.13,,3070.86,5263,False,0,2025-06-30 23:17:20
a02a95,N11HM   ,United States,1751325440.0,1751325440,-118.5639,48.0429,11521.44,False,256.42,94.37,2.6,,11971.02,3530,False,0,2025-06-30 23:17:20
a1ad5a,SKW5466 ,United States,1751325371.0,1751325371,-87.9089,41.9716,,True,10.29,84.38,,,,,False,0,2025-06-30 23:17:20
a6f28c,GJS4418 ,United States,1751325440.0,1751325440,-77.4508,38.9442,,True,6.17,267.19,,,,,False,0,2025-06-30 23:17:20
a3ed0f,EJM352  ,United States,1751325440.0,1751325440,-91.4063,38.657,13716.0,False,259.69,73.9,0.0,,14325.6,2642,False,0,2025-06-30 23:17:20
a3b7d1,LXJ339  ,United States,1751325440.0,1751325440,-77.3957,38.39,11887.2,False,231.44,55.78,-0.33,,12557.76,3066,False,0,2025-06-30 23:17:20
a3b7cb,FFT24   ,United States,1751325306.0,1751325334,-78.0024,25.0898,10972.8,False,232.97,318.85,0.0,,11544.3,,False,0,2025-06-30 23:17:20
ae0d0b,SENTRY1 ,United States,1751325393.0,1751325408,-77.4545,38.2447,335.28,False,53.22,119.54,0.98,,281.94,,False,0,2025-06-30 23:17:20
a40d8d,DAL1407 ,United States,1751325439.0,1751325439,-78.0757,37.2393,8069.58,False,243.61,22.34,2.6,,8557.26,1306,False,0,2025-06-30 23:17:20
a9a266,N72NG   ,United States,1751325439.0,1751325439,-117.6459,32.9884,3406.14,False,114.29,336.67,7.15,,3566.16,,False,0,2025-06-30 23:17:20
a40d7a,DAL2004 ,United States,1751325439.0,1751325439,-109.3019,38.7405,11269.98,False,236.85,36.52,0.33,,11871.96,2073,False,0,2025-06-30 23:17:20
a64d15,N505FW  ,United States,1751325305.0,1751325309,-97.3449,32.8411,342.9,False,44.9,198.02,0.0,,312.42,,False,0,2025-06-30 23:17:20
c04829,ROU1641 ,Canada,1751325440.0,1751325440,-75.4138,38.2995,10668.0,False,237.2,18.99,0.0,,11300.46,1026,False,0,2025-06-30 23:17:20
acba1b,SWA3613 ,United States,1751325439.0,1751325439,-116.3387,43.224,10972.8,False,210.11,278.45,0.0,,11490.96,,False,0,2025-06-30 23:17:20
a5f7c6,CFR609  ,United States,1751325373.0,1751325394,-117.3983,33.7872,678.18,False,6.22,24.44,-3.58,,655.32,,False,0,2025-06-30 23:17:20
a39d95,DAL921  ,United States,1751325439.0,1751325439,-84.6193,33.5389,3642.36,False,133.17,94.65,0.0,,3825.24,2306,False,0,2025-06-30 23:17:20
ad8a23,CXK103  ,United States,1751325439.0,1751325439,-117.0356,33.0657,1402.08,False,51.81,276.84,-0.98,,1424.94,,False,0,2025-06-30 23:17:20
ad9d59,N97674  ,United States,1751325439.0,1751325439,-118.0181,33.6818,792.48,False,49.99,8.88,0.0,,769.62,,False,0,2025-06-30 23:17:20
a64d27,N505GP  ,United States,1751325439.0,1751325440,-75.6197,38.5508,8260.08,False,193.04,210.6,4.55,,8740.14,,False,0,2025-06-30 23:17:20
aa0909,ENY3482 ,United States,1751325284.0,1751325284,-87.9094,41.9829,,True,14.4,90.0,,,,2432,False,0,2025-06-30 23:17:20
a831ce,N627S   ,United States,1751325440.0,1751325440,-120.8067,37.7065,800.1,False,65.92,145.81,3.9,,777.24,,False,0,2025-06-30 23:17:20
a5d1f7,SWA2590 ,United States,1751325440.0,1751325440,-116.2467,34.0757,11285.22,False,245.54,110.87,0.65,,11910.06,2010,False,0,2025-06-30 23:17:20
a99a52,FFT2083 ,United States,1751325438.0,1751325439,-112.4687,33.1222,4678.68,False,179.74,226.16,11.38,,4945.38,0753,False,0,2025-06-30 23:17:20
a28fac,N264US  ,United States,1751325439.0,1751325439,-97.4945,31.7603,2575.56,False,56.6,154.13,0.0,,2712.72,,False,0,2025-06-30 23:17:20
ad4250,N9531J  ,United States,1751325440.0,1751325440,-96.5739,33.1726,510.54,False,61.19,7.24,-0.33,,464.82,1200,False,0,2025-06-30 23:17:20
a03ce6,AAL1452 ,United States,1751325440.0,1751325440,-81.1366,32.0777,10058.4,False,221.34,25.91,0.0,,10645.14,7757,False,0,2025-06-30 23:17:20
ab0293,N80841  ,United States,1751325394.0,1751325428,-85.995,43.2877,914.4,False,43.74,358.65,-0.98,,883.92,,False,0,2025-06-30 23:17:20
a59601,UAL415  ,United States,1751325440.0,1751325440,-74.1845,46.9874,11582.4,False,230.51,268.98,-0.33,,12077.7,2517,False,0,2025-06-30 23:17:20
c020f0,CFMMH   ,Canada,1751325439.0,1751325439,-73.105,45.5418,579.12,False,45.11,82.79,3.9,,556.26,,False,0,2025-06-30 23:17:20
c07c7a,ACA512  ,Canada,1751325439.0,1751325439,-92.8366,45.7238,10523.22,False,215.98,256.36,0.33,,10782.3,6226,False,0,2025-06-30 23:17:20
a831e5,SKW6967 ,United States,1751325439.0,1751325439,-90.1148,42.1254,11437.62,False,176.13,267.32,5.2,,11940.54,6257,False,0,2025-06-30 23:17:20
a87a0d,BPX213  ,United States,1751325394.0,1751325401,-81.1721,29.6093,967.74,False,42.19,232.43,-0.98,,1021.08,1200,False,0,2025-06-30 23:17:20
a724e3,N56DG   ,United States,1751325440.0,1751325440,-71.3557,43.2722,929.64,False,48.63,186.07,0.0,,922.02,,False,0,2025-06-30 23:17:20
a5d1b9,UAL2161 ,United States,1751325434.0,1751325434,-92.7563,31.676,10058.4,False,247.43,68.66,0.0,,10668.0,7211,False,0,2025-06-30 23:17:20
a6f1a4,N54678  ,United States,1751325437.0,1751325437,-118.0714,34.0714,601.98,False,35.22,276.71,3.58,,541.02,,False,0,2025-06-30 23:17:20
a8dd30,N670RA  ,United States,1751325440.0,1751325440,-99.4648,34.0514,7947.66,False,148.71,271.19,0.33,,8382.0,6236,False,0,2025-06-30 23:17:20
a9fd29,N7426G  ,United States,1751325439.0,1751325439,-122.423,48.5341,335.28,False,50.67,66.04,-1.3,,327.66,,False,0,2025-06-30 23:17:20
a75a21,LXJ573  ,United States,1751325439.0,1751325439,-82.6279,41.9343,6111.24,False,211.26,104.81,-11.7,,6370.32,7236,False,0,2025-06-30 23:17:20
a977f8,N709WG  ,United States,1751325198.0,1751325198,-116.9702,32.7944,304.8,False,57.62,352.3,-2.6,,251.46,,False,0,2025-06-30 23:17:20
a9b4a4,RPA3663 ,United States,1751325351.0,1751325351,-87.9041,41.9704,,True,9.26,90.0,,,,,False,0,2025-06-30 23:17:20
a23675,UCA4854 ,United States,1751325440.0,1751325440,-90.5687,32.025,10965.18,False,227.23,245.52,0.33,,11620.5,1417,False,0,2025-06-30 23:17:20
ab5d03,KSU31   ,United States,1751325439.0,1751325439,-97.4191,38.7253,1295.4,False,44.16,8.04,2.6,,1341.12,,False,0,2025-06-30 23:17:20
a4b1f9,N401SS  ,United States,1751325439.0,1751325439,-105.434,40.2082,2956.56,False,58.89,165.84,-0.65,,3116.58,,False,0,2025-06-30 23:17:20
a7aa1f,SCU17   ,United States,1751325437.0,1751325437,-96.4681,36.115,1051.56,False,49.1,324.81,-9.75,,1074.42,,False,0,2025-06-30 23:17:20
a27cc9,N26BM   ,United States,1751325439.0,1751325439,-122.3018,47.5147,182.88,False,58.85,148.95,0.98,,175.26,,False,0,2025-06-30 23:17:20
a831b2,QXE2003 ,United States,1751325346.0,1751325349,-114.14,38.7898,10668.0,False,238.71,146.07,0.33,,11216.64,,False,0,2025-06-30 23:17:20
a0e314,N15617  ,United States,1751325440.0,1751325440,-97.6388,38.893,952.5,False,41.29,59.28,2.28,,982.98,,False,0,2025-06-30 23:17:20
a977bb,DAL304  ,United States,1751325440.0,1751325440,-83.9961,42.0041,4648.2,False,180.15,73.07,-3.25,,4808.22,1307,False,0,2025-06-30 23:17:20
a08021,AAL1070 ,United States,1751325439.0,1751325440,-82.6274,28.2779,1417.32,False,106.89,107.65,-4.55,,1516.38,2205,False,0,2025-06-30 23:17:20
a3560b,DAL2817 ,United States,1751325323.0,1751325323,-122.3086,47.4461,,True,6.43,126.56,,,,6062,False,0,2025-06-30 23:17:20
ac47b7,SWA3579 ,United States,1751325436.0,1751325436,-87.7472,41.7856,,True,6.69,132.19,,,,,False,0,2025-06-30 23:17:20
c046f7,WJA1565 ,Canada,1751325440.0,1751325440,-118.9612,38.9436,11582.4,False,245.7,357.12,0.33,,12176.76,6711,False,0,2025-06-30 23:17:20
c07e2c,ACA1187 ,Canada,1751325438.0,1751325440,-75.1196,39.8957,487.68,False,86.1,255.47,-5.2,,480.06,4224,False,0,2025-06-30 23:17:20
a2ccee,N28PG   ,United States,1751325300.0,1751325305,-123.2188,44.1132,144.78,False,28.31,357.92,-1.95,,106.68,,False,0,2025-06-30 23:17:20
a59662,N4593X  ,United States,1751325438.0,1751325439,-118.4397,34.0254,182.88,False,34.95,227.39,-4.55,,121.92,,False,0,2025-06-30 23:17:20
aa8114,UAL1470 ,United States,1751325440.0,1751325440,-101.6051,42.338,11277.6,False,262.7,85.39,0.0,,11803.38,,False,0,2025-06-30 23:17:20
a46345,FFT1476 ,United States,1751325439.0,1751325439,-92.4094,34.1478,11277.6,False,250.78,65.91,0.33,,11948.16,0532,False,0,2025-06-30 23:17:20
aa8110,N776TX  ,United States,1751325439.0,1751325439,-117.0228,33.323,1447.8,False,53.88,312.68,0.0,,1478.28,,False,0,2025-06-30 23:17:20
a40cdf,LXJ360  ,United States,1751325440.0,1751325440,-107.4732,42.6202,13106.4,False,206.93,304.88,0.33,,13708.38,6264,False,0,2025-06-30 23:17:20
ac2412,SWA1089 ,United States,1751325439.0,1751325439,-100.0004,31.1629,10363.2,False,214.61,293.0,0.0,,11010.9,2230,False,0,2025-06-30 23:17:20
a5e635,N47990  ,United States,1751325439.0,1751325439,-82.1608,40.7316,1501.14,False,67.03,48.11,-1.3,,1508.76,6654,False,0,2025-06-30 23:17:20
a5e632,N4799X  ,United States,1751325436.0,1751325436,-81.6198,30.318,1036.32,False,40.07,119.2,1.3,,1074.42,,False,0,2025-06-30 23:17:20
ad9db0,ASA1434 ,United States,1751325439.0,1751325440,-119.3555,34.9676,10660.38,False,236.03,143.33,0.0,,11216.64,3746,False,0,2025-06-30 23:17:20
c07e32,ACA1092 ,Canada,1751325440.0,1751325440,-98.2249,39.6392,10668.0,False,264.07,67.43,0.0,,11216.64,5700,False,0,2025-06-30 23:17:20
c07e33,ACA759  ,Canada,1751325439.0,1751325439,-82.397,42.9694,9136.38,False,214.25,237.95,4.55,,9585.96,6357,False,0,2025-06-30 23:17:20
a41ffc,MVK77   ,United States,1751325358.0,1751325358,-94.2284,44.2378,1272.54,False,45.51,264.16,0.33,,1272.54,,False,0,2025-06-30 23:17:20
a1f018,N224CJ  ,United States,1751325439.0,1751325439,-92.8944,44.6689,929.64,False,122.18,258.83,0.98,,922.02,4570,False,0,2025-06-30 23:17:20
a2dffe,UAL1920 ,United States,1751325440.0,1751325440,-106.8211,40.7651,10972.8,False,229.35,234.96,0.0,,11567.16,7270,False,0,2025-06-30 23:17:20
abadd6,SWA1138 ,United States,1751325440.0,1751325440,-107.5403,36.2695,11582.4,False,224.83,251.32,0.0,,12199.62,6421,False,0,2025-06-30 23:17:20
ad574f,AAL2556 ,United States,1751325438.0,1751325440,-107.5467,40.4772,11277.6,False,236.22,76.78,0.0,,11871.96,,False,0,2025-06-30 23:17:20
a6f30e,N547MP  ,United States,1751325440.0,1751325440,-90.5045,38.3259,4846.32,False,139.6,197.37,11.05,,5074.92,1714,False,0,2025-06-30 23:17:20
ac2439,SWA3228 ,United States,1751325440.0,1751325440,-97.682,30.3181,716.28,False,90.05,178.69,-4.88,,762.0,1226,False,0,2025-06-30 23:17:20
a2ccbf,N28MK   ,United States,1751325439.0,1751325439,-89.7878,42.5189,1539.24,False,69.35,80.61,0.0,,1546.86,,False,0,2025-06-30 23:17:20
c035bb,JZA965  ,Canada,1751325439.0,1751325440,-76.24,45.9606,9745.98,False,177.37,281.38,6.18,,10187.94,,False,0,2025-06-30 23:17:20
a41ff5,N365MC  ,United States,1751325400.0,1751325400,-83.1964,25.6463,9753.6,False,232.75,301.44,0.33,,10309.86,,False,0,2025-06-30 23:17:20
e49f22,,Brazil,1751325205.0,1751325433,-77.4413,27.3428,9448.8,False,204.17,313.26,-4.88,,9944.1,,False,0,2025-06-30 23:17:20
a7130c,SWA2404 ,United States,1751325439.0,1751325439,-122.2537,38.5653,7254.24,False,237.96,355.29,10.4,,7551.42,3333,False,0,2025-06-30 23:17:20
c035d4,JZA596  ,Canada,1751325440.0,1751325440,-121.5876,39.0727,1569.72,False,136.93,174.61,0.0,,1607.82,2655,False,0,2025-06-30 23:17:20
a46310,DAL1284 ,United States,1751325440.0,1751325440,-87.3757,32.4154,10264.14,False,244.29,241.17,4.55,,10888.98,7716,False,0,2025-06-30 23:17:20
a5702a,N45EC   ,United States,1751325440.0,1751325440,-121.9069,38.0258,556.26,False,48.58,204.39,0.0,,510.54,1200,False,0,2025-06-30 23:17:20
a1acdb,RPA5883 ,United States,1751325439.0,1751325440,-74.4496,42.1525,11582.4,False,211.72,262.46,0.0,,12192.0,6302,False,0,2025-06-30 23:17:20
a76cc0,GJS4555 ,United States,1751325439.0,1751325440,-86.8306,41.8581,3528.06,False,177.59,338.41,-5.53,,3619.5,1565,False,0,2025-06-30 23:17:20
a2101f,MXY612  ,United States,1751325439.0,1751325439,-119.5244,35.3334,9669.78,False,234.71,297.69,3.58,,10165.08,7265,False,0,2025-06-30 23:17:20
a9ea7d,N738TS  ,United States,1751325439.0,1751325439,-119.3001,35.9924,7010.4,False,143.7,171.14,0.0,,7330.44,2266,False,0,2025-06-30 23:17:20
a9ea7e,N738TT  ,United States,1751325438.0,1751325438,-92.0182,42.0717,914.4,False,40.41,21.67,5.2,,853.44,,False,0,2025-06-30 23:17:20
a36994,EDV5012 ,United States,1751325431.0,1751325431,-73.7841,40.6336,,True,0.0,118.12,,,,,False,0,2025-06-30 23:17:20
ac377b,SWA246  ,United States,1751325439.0,1751325439,-90.1522,40.5541,8610.6,False,264.15,41.76,-9.1,,9060.18,4065,False,0,2025-06-30 23:17:20
3c4b33,DLH457  ,Germany,1751325439.0,1751325440,-113.8313,36.763,10058.4,False,267.38,54.48,0.0,,10607.04,1042,False,0,2025-06-30 23:17:20
3c4b31,DLH441  ,Germany,1751325440.0,1751325440,-87.7216,41.0137,10668.0,False,284.73,23.65,0.0,,11209.02,6134,False,0,2025-06-30 23:17:20
abadf9,SWA4742 ,United States,1751325438.0,1751325438,-111.9938,33.4321,,True,3.6,106.88,,,,,False,0,2025-06-30 23:17:20
3c4b26,DLH403  ,Germany,1751325414.0,1751325414,-74.1737,40.6915,,True,0.0,323.44,,,,,False,0,2025-06-30 23:17:20
adedaa,DCM7190 ,United States,1751325440.0,1751325440,-80.7815,33.4892,3223.26,False,138.73,169.32,-7.15,,3375.66,,False,0,2025-06-30 23:17:20
a9ea4d,N738RU  ,United States,1751325440.0,1751325440,-87.6512,41.5746,762.0,False,48.69,276.67,-1.63,,723.9,1200,False,0,2025-06-30 23:17:20
ab4af1,AAL739  ,United States,1751325439.0,1751325439,-71.286,41.285,4000.5,False,200.99,169.38,9.1,,4183.38,,False,0,2025-06-30 23:17:20
ac245c,SWA1495 ,United States,1751325440.0,1751325440,-81.5773,36.7556,11582.4,False,237.6,238.55,0.0,,12268.2,6577,False,0,2025-06-30 23:17:20
ab0485,AAL368  ,United States,1751325440.0,1751325440,-79.7838,25.6254,3764.28,False,183.41,110.01,15.28,,3954.78,,False,0,2025-06-30 23:17:20
a97906,N7095B  ,United States,1751325439.0,1751325439,-117.0891,34.0351,883.92,False,56.53,130.94,0.33,,868.68,1255,False,0,2025-06-30 23:17:20
c01081,CFGGM   ,Canada,1751325167.0,1751325167,-82.1703,42.2317,632.46,False,60.51,63.22,-0.65,,571.5,,False,0,2025-06-30 23:17:20
3c4b35,DLH431  ,Germany,1751325437.0,1751325437,-82.5975,47.6133,10058.4,False,302.75,37.96,0.0,,10393.68,,False,0,2025-06-30 23:17:20
a9ea5d,SKW3704 ,United States,1751325376.0,1751325376,-107.9283,39.0097,7673.34,False,218.93,69.65,-10.73,,8267.7,1340,False,0,2025-06-30 23:17:20
ad4461,JSX200  ,United States,1751325439.0,1751325439,-103.4231,32.9232,10972.8,False,225.9,314.72,0.33,,11605.26,2370,False,0,2025-06-30 23:17:20
a3ecc8,FFT3916 ,United States,1751325439.0,1751325439,-81.1099,31.6479,10965.18,False,246.83,197.34,0.0,,11582.4,7462,False,0,2025-06-30 23:17:20
a8dd7b,UAL929  ,United States,1751325437.0,1751325437,-69.5991,47.6581,10668.0,False,261.21,78.76,0.0,,11087.1,6551,False,0,2025-06-30 23:17:20
a85931,QXE2078 ,United States,1751325439.0,1751325439,-122.271,47.1135,7101.84,False,193.02,175.41,6.5,,7429.5,1661,False,0,2025-06-30 23:17:20
a0808f,SKW5914 ,United States,1751325439.0,1751325439,-102.3313,38.6325,9753.6,False,212.29,301.73,0.33,,10271.76,,False,0,2025-06-30 23:17:20
0d10fd,VOI5596 ,Mexico,1751325438.0,1751325438,-100.1148,25.7828,,True,34.98,120.94,,,,,False,0,2025-06-30 23:17:20
a9b4de,UAL2407 ,United States,1751325439.0,1751325439,-90.2341,31.9134,10363.2,False,235.4,251.92,0.0,,11010.9,5237,False,0,2025-06-30 23:17:20
ad4453,N954JH  ,United States,1751325438.0,1751325438,-73.7736,41.7727,1036.32,False,43.24,214.82,0.0,,1066.8,,False,0,2025-06-30 23:17:20
ae0de9,ARROW13 ,United States,1751325436.0,1751325436,-104.5718,39.588,1889.76,False,49.34,78.57,0.98,,1981.2,,False,0,2025-06-30 23:17:20
a34370,N3092S  ,United States,1751325440.0,1751325440,-118.3597,47.8833,2560.32,False,74.71,266.84,-0.33,,2682.24,,False,0,2025-06-30 23:17:20
a3fffc,DAL2625 ,United States,1751325440.0,1751325440,-74.2888,44.5372,7200.9,False,211.69,197.25,5.53,,7528.56,,False,0,2025-06-30 23:17:20
a008c9,DAL879  ,United States,1751325439.0,1751325439,-122.3186,47.3772,464.82,False,67.39,0.44,-3.58,,472.44,,False,0,2025-06-30 23:17:20
4cc27c,ICE623  ,Iceland,1751325439.0,1751325439,-74.1738,40.6887,,True,5.92,25.31,,,,,False,0,2025-06-30 23:17:20
a3a65f,AAL2995 ,United States,1751325436.0,1751325436,-73.7971,40.6395,,True,0.0,120.94,,,,,False,0,2025-06-30 23:17:20
ac247a,SWA4330 ,United States,1751325439.0,1751325440,-90.0991,37.7322,5875.02,False,185.43,320.97,-9.75,,6195.06,0411,False,0,2025-06-30 23:17:20
a6905d,TWY522  ,United States,1751325230.0,1751325230,-122.3823,37.6265,,True,1.8,118.12,,,,4561,False,0,2025-06-30 23:17:20
ada5ee,JBU603  ,United States,1751325440.0,1751325440,-81.7742,44.0298,9761.22,False,232.81,291.52,0.0,,10218.42,6660,False,0,2025-06-30 23:17:20
a9534b,N70MC   ,United States,1751325439.0,1751325440,-122.666,44.7248,2606.04,False,88.15,356.32,0.0,,2712.72,,False,0,2025-06-30 23:17:20
a69061,JIA5220 ,United States,1751325439.0,1751325439,-83.4552,37.8773,6797.04,False,210.03,92.11,4.23,,7162.8,4077,False,0,2025-06-30 23:17:20
a248df,MMY59   ,United States,1751325440.0,1751325440,-122.07,40.4389,1051.56,False,55.49,287.26,-2.6,,1028.7,,False,0,2025-06-30 23:17:20
a6f35c,EJA547  ,United States,1751325439.0,1751325440,-120.9283,39.1478,1760.22,False,112.23,31.5,-1.63,,1798.32,1200,False,0,2025-06-30 23:17:20
a69072,TKR912  ,United States,1751325423.0,1751325423,-111.6381,33.2978,510.54,False,76.39,315.0,-3.58,,449.58,,False,0,2025-06-30 23:17:20
a14b1a,UAL1927 ,United States,1751325439.0,1751325440,-87.258,28.4754,10972.8,False,234.43,288.16,0.0,,11620.5,1110,False,0,2025-06-30 23:17:20
a45072,DAL585  ,United States,1751325439.0,1751325439,-89.2798,32.0641,10363.2,False,240.08,232.05,0.0,,11010.9,3374,False,0,2025-06-30 23:17:20
0d10bc,VIV731  ,Mexico,1751325440.0,1751325440,-98.3258,26.3508,11536.68,False,221.84,246.35,-4.88,,12275.82,7353,False,0,2025-06-30 23:17:20
a248b4,N2460U  ,United States,1751325311.0,1751325313,-93.0439,44.0857,1249.68,False,53.68,257.83,-1.95,,1226.82,,False,0,2025-06-30 23:17:20
aa815e,N776X   ,United States,1751325439.0,1751325439,-84.6062,43.1256,1973.58,False,97.16,43.5,-2.93,,1981.2,,False,0,2025-06-30 23:17:20
addb4a,AAL1211 ,United States,1751325439.0,1751325440,-79.829,27.2592,8602.98,False,251.73,173.31,-5.2,,9075.42,5755,False,0,2025-06-30 23:17:20
a1ae05,SWA2511 ,United States,1751325439.0,1751325439,-114.9907,36.0737,1272.54,False,91.57,269.68,-4.23,,1264.92,0721,False,0,2025-06-30 23:17:20
4aca64,SAS925  ,Sweden,1751325439.0,1751325439,-76.0444,41.929,6705.6,False,200.77,208.8,0.0,,7033.26,6021,False,0,2025-06-30 23:17:20
a69028,N5218U  ,United States,1751325439.0,1751325439,-73.0694,40.846,350.52,False,55.05,74.28,-0.98,,320.04,4213,False,0,2025-06-30 23:17:20
4aca65,SAS938  ,Sweden,1751325440.0,1751325440,-121.9954,48.2308,6332.22,False,219.48,43.01,10.73,,6598.92,1571,False,0,2025-06-30 23:17:20
a1ae79,CXK599  ,United States,1751325246.0,1751325248,-91.1395,30.541,22.86,False,34.99,221.42,-2.28,,22.86,,False,0,2025-06-30 23:17:20
a88cbf,PDT5965 ,United States,1751325439.0,1751325439,-79.7043,36.7342,6096.0,False,214.34,209.95,0.65,,6454.14,,False,0,2025-06-30 23:17:20
a26b51,AAY4756 ,United States,1751325439.0,1751325439,-95.3391,29.7527,1264.92,False,143.69,354.45,12.03,,1333.5,,False,0,2025-06-30 23:17:20
a14b4e,N1826K  ,United States,1751325440.0,1751325440,-81.3503,29.1048,12496.8,False,215.57,7.96,0.0,,13114.02,0670,False,0,2025-06-30 23:17:20
a222b2,MXY705  ,United States,1751325433.0,1751325433,-100.2028,37.7514,11277.6,False,248.49,89.41,0.0,,11879.58,2404,False,0,2025-06-30 23:17:20
a2bb10,SWA3698 ,United States,1751325440.0,1751325440,-104.0605,44.672,11590.02,False,205.83,280.8,0.0,,12085.32,1376,False,0,2025-06-30 23:17:20
ac370b,SWA3784 ,United States,1751325440.0,1751325440,-85.8759,36.3967,11277.6,False,239.79,68.61,0.0,,11948.16,4621,False,0,2025-06-30 23:17:20
a9b62a,ASA1319 ,United States,1751325439.0,1751325439,-86.4367,44.8104,10363.2,False,217.56,282.43,0.0,,10759.44,6554,False,0,2025-06-30 23:17:20
a2ce2d,N280C   ,United States,1751325432.0,1751325435,-80.0576,37.9524,6819.9,False,230.44,93.71,-5.53,,7193.28,3321,False,0,2025-06-30 23:17:20
a71340,,United States,1751325326.0,1751325326,-122.9199,46.9567,381.0,False,60.11,186.88,3.25,,396.24,,False,0,2025-06-30 23:17:20
a7cfe6,JIA5435 ,United States,1751325440.0,1751325440,-81.1735,35.1679,2598.42,False,153.24,338.95,15.28,,2735.58,,False,0,2025-06-30 23:17:20
a89fda,FFT4830 ,United States,1751325158.0,1751325158,-120.5822,42.7544,10668.0,False,220.97,167.91,0.0,,11178.54,1611,False,0,2025-06-30 23:17:20
c01006,CFGBT   ,Canada,1751325440.0,1751325440,-73.0407,45.9506,335.28,False,34.99,90.84,-0.33,,,,False,0,2025-06-30 23:17:20
a475a3,DAL2732 ,United States,1751325439.0,1751325439,-88.1062,44.5479,10668.0,False,265.14,96.57,0.33,,11071.86,3057,False,0,2025-06-30 23:17:20
d7226c,,,1751325427.0,1751325427,-93.8116,36.0615,1127.76,False,39.25,169.43,0.98,,1181.1,,False,0,2025-06-30 23:17:20
a27e64,N26TY   ,United States,1751325438.0,1751325438,-115.1368,35.9807,,True,0.0,14.06,,,,,False,0,2025-06-30 23:17:20
a8efba,EJA675  ,United States,1751325179.0,1751325184,-94.0977,36.3939,495.3,False,61.01,199.2,-3.25,,487.68,7322,False,0,2025-06-30 23:17:20
aa2abc,AAL2819 ,United States,1751325431.0,1751325436,-84.4421,33.6418,,True,0.0,270.0,,,,6154,True,0,2025-06-30 23:17:20
ab0425,JRE809  ,United States,1751325440.0,1751325440,-79.1799,41.228,13083.54,False,224.35,85.92,-2.93,,13700.76,2423,False,0,2025-06-30 23:17:20
a88ccf,AAL2489 ,United States,1751325439.0,1751325439,-80.9978,28.3959,10515.6,False,211.98,342.05,0.65,,11079.48,3566,False,0,2025-06-30 23:17:20
ac3731,SWA2666 ,United States,1751325440.0,1751325440,-82.2842,27.9272,6096.0,False,194.57,65.81,0.0,,6438.9,7517,False,0,2025-06-30 23:17:20
c02358,JZA687  ,Canada,1751325439.0,1751325439,-79.4989,43.8883,7924.8,False,231.61,237.33,0.0,,8290.56,1021,False,0,2025-06-30 23:17:20
a222a1,N237BG  ,United States,1751325438.0,1751325439,-80.8411,29.2452,12192.0,False,243.98,158.09,0.0,,12778.74,2453,False,0,2025-06-30 23:17:20
a3a5eb,AAY1160 ,United States,1751325439.0,1751325439,-85.4332,38.1487,1958.34,False,138.68,316.95,-1.95,,2019.3,0412,False,0,2025-06-30 23:17:20
a2ce7d,,United States,1751325424.0,1751325424,-122.3008,47.4609,,True,0.0,180.0,,,,,False,0,2025-06-30 23:17:20
acce0e,N924LP  ,United States,1751325438.0,1751325439,-84.1474,39.044,640.08,False,53.51,37.97,0.33,,601.98,,False,0,2025-06-30 23:17:20
a51b58,SWA1293 ,United States,1751325439.0,1751325440,-105.4662,32.7855,11582.4,False,227.55,253.45,0.0,,12268.2,1514,False,0,2025-06-30 23:17:20
ac48f2,SWA4020 ,United States,1751325439.0,1751325440,-78.0402,37.6766,3154.68,False,174.34,101.58,-5.85,,3314.7,3237,False,0,2025-06-30 23:17:20
a582bb,UAL1129 ,United States,1751325439.0,1751325440,-82.8784,42.6048,9745.98,False,228.35,283.28,0.33,,10264.14,5766,False,0,2025-06-30 23:17:20
a27e9c,N26WD   ,United States,1751325267.0,1751325267,-111.8757,39.7594,1897.38,False,41.37,169.25,-0.65,,1996.44,,False,0,2025-06-30 23:17:20
c0360e,WJA1597 ,Canada,1751325439.0,1751325439,-84.8695,35.3614,9555.48,False,240.48,318.3,6.18,,10126.98,2011,False,0,2025-06-30 23:17:20
abae2c,SWA1747 ,United States,1751325439.0,1751325440,-104.3594,34.4674,11277.6,False,228.15,133.63,0.0,,11902.44,,False,0,2025-06-30 23:17:20
ab4b34,DAL2167 ,United States,1751325439.0,1751325440,-96.8472,44.8785,10668.0,False,250.14,96.61,0.33,,11010.9,1667,False,0,2025-06-30 23:17:20
aa2b21,RPA3549 ,United States,1751325440.0,1751325440,-87.457,42.1293,1546.86,False,107.21,153.19,0.33,,1569.72,3140,False,0,2025-06-30 23:17:20
a605eb,N4877D  ,United States,1751325403.0,1751325403,-97.1601,32.3317,914.4,False,55.66,81.5,-5.2,,906.78,,False,0,2025-06-30 23:17:20
a14b79,XBKTS   ,United States,1751325156.0,1751325159,-116.9548,32.5389,175.26,False,40.3,284.04,-1.63,,144.78,,False,0,2025-06-30 23:17:20
a475d8,FFT4344 ,United States,1751325439.0,1751325439,-98.0672,37.9496,11292.84,False,241.64,117.93,0.0,,11902.44,,False,0,2025-06-30 23:17:20
a39e6b,DAL1024 ,United States,1751325440.0,1751325440,-115.7146,34.158,9753.6,False,233.04,270.13,0.0,,10287.0,7257,False,0,2025-06-30 23:17:20
ab5e6c,SWA3358 ,United States,1751325440.0,1751325440,-82.3802,30.3218,11148.06,False,237.92,278.83,7.8,,11765.28,3240,False,0,2025-06-30 23:17:20
a9a397,ASA582  ,United States,1751325440.0,1751325440,-122.399,45.423,10972.8,False,233.2,337.56,-0.33,,11430.0,7275,False,0,2025-06-30 23:17:20
a2bb1a,N275WY  ,United States,1751325439.0,1751325439,-88.1876,43.0902,411.48,False,24.71,272.39,5.53,,388.62,1200,False,0,2025-06-30 23:17:20
c07cb9,PRO4810 ,Canada,1751325439.0,1751325439,-75.7175,46.453,7345.68,False,114.74,309.54,-0.33,,7658.1,,False,0,2025-06-30 23:17:20
ac22c5,AAL2019 ,United States,1751325440.0,1751325440,-81.8789,29.5013,11582.4,False,234.8,107.2,0.33,,12214.86,1045,False,0,2025-06-30 23:17:20
a7008f,N550MS  ,United States,1751325439.0,1751325440,-95.3397,38.8153,2354.58,False,152.53,93.29,-11.05,,2415.54,,False,0,2025-06-30 23:17:20
abae62,SWA2356 ,United States,1751325439.0,1751325439,-96.7053,36.2646,8115.3,False,215.53,234.72,-4.88,,8580.12,1624,False,0,2025-06-30 23:17:20
a4d8e1,,United States,1751325178.0,1751325178,-81.0836,34.897,784.86,False,65.41,60.81,-1.3,,853.44,,False,0,2025-06-30 23:17:20
a0f70c,SKW5264 ,United States,1751325439.0,1751325439,-85.6607,40.0156,7924.8,False,240.87,358.29,0.0,,8359.14,6744,False,0,2025-06-30 23:17:20
acce3f,AAL1486 ,United States,1751325440.0,1751325440,-80.7557,36.5204,9265.92,False,231.18,12.34,5.53,,9822.18,,False,0,2025-06-30 23:17:20
ab5e9b,SWA4478 ,United States,1751325440.0,1751325440,-114.3209,40.707,11277.6,False,251.77,87.66,0.0,,11871.96,,False,0,2025-06-30 23:17:20
a2bb89,UAL688K ,United States,1751325439.0,1751325440,-70.566,42.3053,1562.1,False,116.1,344.05,-6.83,,1615.44,3521,False,0,2025-06-30 23:17:20
a52e54,ASA555  ,United States,1751325347.0,1751325357,-122.3165,47.4593,,True,16.46,39.38,,,,2252,False,0,2025-06-30 23:17:20
a2bb83,UAL665  ,United States,1751325440.0,1751325440,-73.8542,39.6415,2430.78,False,148.9,334.85,-2.6,,2537.46,,False,0,2025-06-30 23:17:20
ae0e4d,R9626686,United States,1751325439.0,1751325439,-85.4511,38.0375,579.12,False,44.47,209.83,-0.33,,556.26,,False,0,2025-06-30 23:17:20
a4c5d7,N4064H  ,United States,1751325439.0,1751325439,-88.284,31.1592,3162.3,False,79.28,272.23,0.0,,3322.32,4170,False,0,2025-06-30 23:17:20
a38b85,N3276K  ,United States,1751325229.0,1751325230,-100.3727,25.6658,731.52,False,52.03,245.46,0.0,,693.42,,False,0,2025-06-30 23:17:20
a27dac,N26LP   ,United States,1751325440.0,1751325440,-90.8895,42.5647,937.26,False,58.25,197.47,-11.05,,914.4,,False,0,2025-06-30 23:17:20
a1adab,SKW6000 ,United States,1751325439.0,1751325439,-101.498,26.3697,7505.7,False,208.12,293.14,3.58,,7985.76,,False,0,2025-06-30 23:17:20
a0e431,AAL765  ,United States,1751325440.0,1751325440,-85.8214,36.7304,10370.82,False,234.64,261.43,0.0,,10995.66,3335,False,0,2025-06-30 23:17:20
ada64a,NKS2607 ,United States,1751325438.0,1751325438,-74.713,39.3968,640.08,False,147.86,14.71,-7.8,,670.56,3647,False,0,2025-06-30 23:17:20
ac1058,N877AA  ,United States,1751325377.0,1751325377,-73.7222,41.0873,251.46,False,36.58,154.16,-3.9,,297.18,1200,False,0,2025-06-30 23:17:20
a99b83,DAL363  ,United States,1751324881.0,1751325334,-122.3827,37.6156,,True,5.4,208.12,,,,,False,0,2025-06-30 23:17:20
a15db7,N1875C  ,United States,1751325440.0,1751325440,-94.8473,33.4238,5821.68,False,182.19,173.68,-9.43,,6141.72,1433,False,0,2025-06-30 23:17:20
ac1068,SKW5945 ,United States,1751325439.0,1751325439,-104.064,42.8168,10058.4,False,211.08,2.23,-0.33,,10553.7,,False,0,2025-06-30 23:17:20
a52da7,N4325V  ,United States,1751325407.0,1751325407,-78.1176,39.0927,883.92,False,46.91,158.78,-0.65,,876.3,,False,0,2025-06-30 23:17:20
ad4390,AAL2319 ,United States,1751325439.0,1751325439,-80.3682,25.8329,388.62,False,81.1,119.65,-4.55,,441.96,3753,False,0,2025-06-30 23:17:20
ac1080,ES807   ,United States,1751325438.0,1751325438,-120.6242,37.4704,723.9,False,62.08,145.12,-2.93,,693.42,0376,False,0,2025-06-30 23:17:20
a965fb,N7041X  ,United States,1751325408.0,1751325412,-112.049,33.142,731.52,False,29.74,307.27,-5.53,,662.94,6013,False,0,2025-06-30 23:17:20
a03de6,N1143X  ,United States,1751325262.0,1751325262,-75.4394,43.2709,449.58,False,37.56,216.09,-2.6,,411.48,,False,0,2025-06-30 23:17:20
a02ab4,N11JT   ,United States,1751325440.0,1751325440,-73.0773,41.2493,883.92,False,41.08,337.93,0.0,,906.78,4360,False,0,2025-06-30 23:17:20
a35701,EDV5327 ,United States,1751325439.0,1751325439,-86.1512,32.4282,7315.2,False,220.55,78.43,-0.65,,7749.54,,False,0,2025-06-30 23:17:20
c06a82,TSC602  ,Canada,1751325432.0,1751325432,-73.7342,45.4816,,True,5.4,42.19,,,,,False,0,2025-06-30 23:17:20
aa92f8,UAL538  ,United States,1751325439.0,1751325439,-111.9958,42.3485,10363.2,False,250.41,246.38,0.0,,10904.22,,False,0,2025-06-30 23:17:20
a9eb09,N738ZG  ,United States,1751325303.0,1751325303,-78.1041,38.3741,853.44,False,37.68,237.83,-5.2,,853.44,1200,False,0,2025-06-30 23:17:20
a1f116,ENY4193 ,United States,1751325439.0,1751325439,-81.4767,32.5103,10668.0,False,221.05,343.51,0.0,,11269.98,1343,False,0,2025-06-30 23:17:20
a21127,ENY3792 ,United States,1751325439.0,1751325439,-83.1744,36.7274,9334.5,False,229.07,330.1,5.85,,9883.14,3106,False,0,2025-06-30 23:17:20
a965d6,N7040V  ,United States,1751325439.0,1751325439,-116.5308,43.5852,929.64,False,49.41,121.37,2.93,,914.4,,False,0,2025-06-30 23:17:20
ad438d,ASA219  ,United States,1751325440.0,1751325440,-117.3298,32.8592,9014.46,False,211.46,136.87,5.2,,9502.14,1013,False,0,2025-06-30 23:17:20
c06a38,ACA779  ,Canada,1751325439.0,1751325439,-74.819,45.4946,5821.68,False,199.81,265.13,9.43,,6065.52,,False,0,2025-06-30 23:17:20
a6f2c5,N547JR  ,United States,1751325439.0,1751325439,-91.9264,45.0806,3642.36,False,143.16,258.81,-13.98,,3688.08,2230,False,0,2025-06-30 23:17:20
a9eb15,N738ZU  ,United States,1751325439.0,1751325439,-76.2808,36.5038,396.24,False,47.04,5.65,-2.93,,373.38,6465,True,0,2025-06-30 23:17:20
a965e8,N7041C  ,United States,1751325382.0,1751325382,-73.6916,41.7142,579.12,False,37.26,215.45,-1.95,,541.02,,False,0,2025-06-30 23:17:20
ac7e09,AAL2488 ,United States,1751325439.0,1751325439,-85.3542,39.2081,9258.3,False,231.3,317.97,-2.28,,9791.7,1152,False,0,2025-06-30 23:17:20
a2377d,N242AR  ,United States,1751325439.0,1751325439,-122.9674,44.8678,327.66,False,39.97,328.15,-1.95,,304.8,,False,0,2025-06-30 23:17:20
ad3098,SWA2637 ,United States,1751325440.0,1751325440,-83.2352,27.881,7917.18,False,225.35,89.22,0.33,,8374.38,2435,False,0,2025-06-30 23:17:20
ac7e18,KYE4923 ,United States,1751325431.0,1751325431,-96.3825,46.4393,12192.0,False,233.56,314.29,0.33,,12489.18,2375,False,0,2025-06-30 23:17:20
344503,IBE0363 ,Spain,1751325439.0,1751325439,-79.2267,39.5423,11582.4,False,233.56,221.7,0.33,,12245.34,3144,False,0,2025-06-30 23:17:20
a2241c,AIP1814 ,United States,1751325439.0,1751325439,-104.8547,39.1777,4792.98,False,115.54,188.71,1.3,,5044.44,5174,False,0,2025-06-30 23:17:20
a9c8be,N73AM   ,United States,1751325151.0,1751325151,-97.3613,32.8392,396.24,False,25.21,180.0,-2.28,,342.9,,False,0,2025-06-30 23:17:20
abf09e,DAL824  ,United States,1751325431.0,1751325437,-78.24,31.9527,10058.4,False,232.47,6.48,0.0,,10599.42,,False,0,2025-06-30 23:17:20
ab15c1,AAY1100 ,United States,1751325439.0,1751325439,-92.816,35.1769,11582.4,False,233.9,304.88,0.0,,12260.58,2576,False,0,2025-06-30 23:17:20
ac48bb,N89071  ,United States,1751325439.0,1751325440,-122.9752,47.4981,1219.2,False,46.99,228.11,-0.33,,1249.68,,False,0,2025-06-30 23:17:20
a98909,AAL2198 ,United States,1751325440.0,1751325440,-96.6393,32.8186,4427.22,False,160.78,73.07,12.03,,4663.44,3652,False,0,2025-06-30 23:17:20
a4996b,DAL1021 ,United States,1751325440.0,1751325440,-80.6046,28.4561,4107.18,False,218.35,74.0,5.2,,4335.78,7330,False,0,2025-06-30 23:17:20
a8690e,CSQ102  ,United States,1751325439.0,1751325439,-79.5947,25.4036,2697.48,False,129.79,262.26,0.0,,2819.4,,False,0,2025-06-30 23:17:20
c02098,HRT738  ,Canada,1751325440.0,1751325440,-79.4372,43.6539,1699.26,False,129.75,41.46,-6.5,,1699.26,5507,False,0,2025-06-30 23:17:20
a2467a,MXY121  ,United States,1751325439.0,1751325439,-90.0788,34.5292,11887.2,False,233.98,81.66,0.0,,12588.24,6774,False,0,2025-06-30 23:17:20
adeb7b,N9961U  ,United States,1751325338.0,1751325338,-85.2041,43.6939,1562.1,False,46.43,12.8,0.65,,1531.62,,False,0,2025-06-30 23:17:20
a61644,N49104  ,United States,1751325439.0,1751325439,-81.6099,28.2671,701.04,False,24.11,258.93,-0.33,,739.14,1275,False,0,2025-06-30 23:17:20
a3795a,JBU677  ,United States,1751325440.0,1751325440,-78.1338,34.8126,11277.6,False,223.44,38.27,0.0,,11925.3,2123,False,0,2025-06-30 23:17:20
ab274c,KOW818  ,United States,1751325438.0,1751325439,-114.437,39.0538,14333.22,False,257.16,144.12,-0.33,,14988.54,,False,0,2025-06-30 23:17:20
a8da73,MAD67   ,United States,1751325440.0,1751325440,-75.8894,42.1626,7010.4,False,229.54,88.33,0.65,,7345.68,0431,False,0,2025-06-30 23:17:20
c058cd,ROU1646 ,Canada,1751325439.0,1751325439,-77.245,35.6424,10972.8,False,247.81,192.1,0.0,,11590.02,1527,False,0,2025-06-30 23:17:20
a2463c,N2459Y  ,United States,1751325439.0,1751325439,-71.1783,42.1936,,True,4.37,64.69,,,,,False,0,2025-06-30 23:17:20
ac340a,SWA3736 ,United States,1751325440.0,1751325440,-84.8524,30.4356,11582.4,False,228.26,289.21,0.0,,12252.96,6253,False,0,2025-06-30 23:17:20
a3661f,AAL2982 ,United States,1751325439.0,1751325439,-83.968,26.2952,10972.8,False,222.39,313.03,0.0,,11597.64,,False,0,2025-06-30 23:17:20
a22003,ENY4132 ,United States,1751325440.0,1751325440,-95.6807,34.1403,7673.34,False,212.03,228.15,-9.43,,8138.16,1342,False,0,2025-06-30 23:17:20
c058c3,ACA2124 ,Canada,1751325439.0,1751325440,-67.8834,46.7181,12489.18,False,270.09,74.53,-0.33,,13014.96,0563,False,0,2025-06-30 23:17:20
c058bf,ACA921  ,Canada,1751325440.0,1751325440,-77.2357,44.699,9357.36,False,213.57,240.41,-8.13,,9822.18,0703,False,0,2025-06-30 23:17:20
c058be,ACA788  ,Canada,1751325435.0,1751325436,-79.618,43.6684,,True,6.94,53.44,,,,7367,False,0,2025-06-30 23:17:20
adb723,,United States,1751325439.0,1751325439,-115.0981,40.8911,10058.4,False,247.78,70.85,-0.65,,10576.56,,False,0,2025-06-30 23:17:20
484fff,KLM695  ,Kingdom of the Netherlands,1751325439.0,1751325440,-74.9646,46.3058,11582.4,False,224.6,235.55,0.0,,12100.56,,False,0,2025-06-30 23:17:20
a04e00,DAL496  ,United States,1751325399.0,1751325399,-73.7833,40.6534,,True,0.06,300.94,,,,,False,0,2025-06-30 23:17:20
a3c940,VJA343  ,United States,1751325440.0,1751325440,-75.9976,37.8036,13106.4,False,237.29,214.31,0.33,,13776.96,1511,False,0,2025-06-30 23:17:20
ac3430,SWC2102 ,United States,1751325439.0,1751325439,-86.6874,36.1046,289.56,False,75.48,198.68,13.0,,266.7,,False,0,2025-06-30 23:17:20
ac7aa9,DAL2627 ,United States,1751325440.0,1751325440,-81.6454,30.675,2110.74,False,147.66,29.42,11.7,,2209.8,,False,0,2025-06-30 23:17:20
a4732c,SLH386  ,United States,1751325381.0,1751325381,-111.962,40.7917,,True,7.46,140.62,,,,3241,False,0,2025-06-30 23:17:20
44003f,AUA74   ,Austria,1751325411.0,1751325411,-73.7379,45.4788,,True,6.94,42.19,,,,,False,0,2025-06-30 23:17:20
ac210e,SWA3167 ,United States,1751325439.0,1751325440,-119.5223,35.5941,11582.4,False,236.66,320.11,0.0,,12184.38,2443,False,0,2025-06-30 23:17:20
ad675d,DAL2573 ,United States,1751325439.0,1751325439,-74.4993,40.9016,3055.62,False,157.71,327.66,1.63,,3200.4,1677,False,0,2025-06-30 23:17:20
ac3446,EJM1    ,United States,1751325439.0,1751325439,-86.4444,38.7307,14325.6,False,222.55,261.63,0.0,,14927.58,3437,False,0,2025-06-30 23:17:20
a74923,JBU2129 ,United States,1751325433.0,1751325438,-73.7751,40.6509,,True,0.0,120.94,,,,,False,0,2025-06-30 23:17:20
ac8dde,LTA908  ,United States,1751325440.0,1751325440,-79.3658,35.0046,2430.78,False,58.17,272.03,0.0,,2545.08,,False,0,2025-06-30 23:17:20
a88a7b,N65BA   ,United States,1751325439.0,1751325439,-94.7036,38.2237,6926.58,False,114.54,160.59,4.88,,7338.06,,False,0,2025-06-30 23:17:20
ad6755,ASA509  ,United States,1751325440.0,1751325440,-118.8571,45.288,11277.6,False,243.64,125.2,0.65,,11780.52,1563,False,0,2025-06-30 23:17:20
ab013c,SCX425  ,United States,1751325439.0,1751325439,-118.3435,33.9414,251.46,False,74.21,262.43,-3.58,,205.74,3631,False,0,2025-06-30 23:17:20
e80047,VIV7401 ,Chile,1751325350.0,1751325350,-100.1172,25.781,,True,4.37,210.94,,,,,False,0,2025-06-30 23:17:20
ac7aba,ASI414  ,United States,1751325439.0,1751325439,-112.5504,33.758,1767.84,False,43.87,230.71,-2.6,,1783.08,1200,False,0,2025-06-30 23:17:20
ad4105,AAL3160 ,United States,1751325439.0,1751325439,-72.5307,42.5153,7513.32,False,154.1,278.83,-4.88,,7901.94,3156,False,0,2025-06-30 23:17:20
a7ccce,SKW5623 ,United States,1751325440.0,1751325440,-103.1648,41.2884,9753.6,False,218.21,181.62,0.33,,10271.76,,False,0,2025-06-30 23:17:20
a04e2b,CWG119  ,United States,1751325439.0,1751325440,-105.1101,38.2137,12496.8,False,243.01,131.82,-0.33,,13106.4,1632,False,0,2025-06-30 23:17:20
a89ccc,NKS2680 ,United States,1751325439.0,1751325439,-109.5034,38.5753,11582.4,False,230.54,244.06,0.0,,12207.24,6714,False,0,2025-06-30 23:17:20
ae1e62,CREEP31 ,United States,1751325440.0,1751325440,-97.728,36.4592,3268.98,False,110.01,95.1,1.3,,3444.24,,False,0,2025-06-30 23:17:20
a6f00d,AAL2165 ,United States,1751325251.0,1751325251,-75.1956,39.8806,144.78,False,82.35,255.53,-4.23,,137.16,6756,False,0,2025-06-30 23:17:20
a9c631,NKS2710 ,United States,1751325427.0,1751325427,-84.4407,33.6366,,True,7.72,90.0,,,,0254,False,0,2025-06-30 23:17:20
c04671,ROU1564 ,Canada,1751325439.0,1751325439,-71.6951,45.3792,8587.74,False,270.13,82.01,6.5,,8991.6,,False,0,2025-06-30 23:17:20
a9d96f,N7336W  ,United States,1751325439.0,1751325439,-107.1243,32.2732,1920.24,False,46.92,74.74,1.95,,2004.06,,False,0,2025-06-30 23:17:20
440002,AUA82   ,Austria,1751325440.0,1751325440,-115.3254,40.655,10058.4,False,264.43,37.09,0.0,,10599.42,,False,0,2025-06-30 23:17:20
c0466c,ROU1673 ,Canada,1751325440.0,1751325440,-77.9617,34.4156,11285.22,False,225.43,1.7,0.33,,11925.3,5746,False,0,2025-06-30 23:17:20
a6036d,N487JL  ,United States,1751325437.0,1751325437,-121.7883,43.0521,13106.4,False,254.19,328.66,0.0,,13723.62,,False,0,2025-06-30 23:17:20
a258b4,CSI502  ,United States,1751325440.0,1751325440,-97.6265,31.8492,4457.7,False,113.05,220.94,-10.08,,4693.92,2563,False,0,2025-06-30 23:17:20
a8697f,FFT3283 ,United States,1751325439.0,1751325439,-108.812,32.135,10370.82,False,235.45,287.29,0.0,,10980.42,7317,False,0,2025-06-30 23:17:20
adc8e7,AAL186  ,United States,1751325440.0,1751325440,-98.575,30.9417,9753.6,False,240.44,279.48,0.0,,10363.2,6615,False,0,2025-06-30 23:17:20
a0e086,AAL2635 ,United States,1751325439.0,1751325440,-109.4443,32.2757,10652.76,False,247.3,96.09,0.33,,11277.6,7341,False,0,2025-06-30 23:17:20
a47377,N386VH  ,United States,1751325440.0,1751325440,-92.7919,43.1364,2423.16,False,71.77,249.88,0.0,,2476.5,,False,0,2025-06-30 23:17:20
aa3ae9,UAL1828 ,United States,1751325329.0,1751325331,-87.9318,41.9775,,True,7.2,0.0,,,,3227,False,0,2025-06-30 23:17:20
abab67,DAL765  ,United States,1751325439.0,1751325439,-93.4275,43.5028,10363.2,False,203.52,273.19,0.0,,10698.48,7143,False,0,2025-06-30 23:17:20
ac32f2,SWA1202 ,United States,1751325439.0,1751325439,-80.5761,26.0207,1478.28,False,121.59,40.02,0.0,,1577.34,1417,False,0,2025-06-30 23:17:20
ab5b8c,SWA3823 ,United States,1751325439.0,1751325439,-88.9447,41.805,6911.34,False,177.04,274.67,11.05,,7178.04,0164,False,0,2025-06-30 23:17:20
a5d044,N474DC  ,United States,1751325439.0,1751325439,-75.2007,39.4273,1417.32,False,92.12,110.26,-1.63,,1440.18,1200,False,0,2025-06-30 23:17:20
aa3ae4,UAL501  ,United States,1751325438.0,1751325439,-82.749,27.9939,6195.06,False,196.72,110.99,-2.28,,6560.82,2131,False,0,2025-06-30 23:17:20
a5d04e,N474DN  ,United States,1751325290.0,1751325290,-93.7392,42.7189,533.4,False,32.72,323.31,-4.88,,525.78,,False,0,2025-06-30 23:17:20
aa3ae2,UAL1577 ,United States,1751325416.0,1751325416,-115.3528,38.6275,10972.8,False,232.35,252.61,0.33,,11559.54,,False,0,2025-06-30 23:17:20
a97659,N709DS  ,United States,1751325438.0,1751325439,-95.8217,45.1108,13723.62,False,284.75,102.2,-0.33,,14188.44,,False,0,2025-06-30 23:17:20
44001e,AUA94   ,Austria,1751325440.0,1751325440,-69.6311,43.2576,10668.0,False,243.44,46.46,0.33,,11163.3,6256,False,0,2025-06-30 23:17:20
a35388,AAL832  ,United States,1751325439.0,1751325439,-110.788,34.9911,9448.8,False,241.64,48.54,0.0,,9997.44,2604,False,0,2025-06-30 23:17:20
ac7b87,NKS2093 ,United States,1751325440.0,1751325440,-79.6569,41.1179,10965.18,False,230.83,202.68,-0.33,,11590.02,5416,False,0,2025-06-30 23:17:20
a6bfe8,GJS4183 ,United States,1751325440.0,1751325440,-87.6552,41.9882,1242.06,False,111.14,268.94,-7.8,,1242.06,6520,False,0,2025-06-30 23:17:20
a3a351,N3330E  ,United States,1751325439.0,1751325440,-71.6077,42.7573,731.52,False,58.32,59.82,-3.58,,701.04,1200,False,0,2025-06-30 23:17:20
a005f7,N100NY  ,United States,1751325435.0,1751325438,-119.6089,34.6197,3040.38,False,81.71,308.1,-0.98,,3131.82,1200,False,0,2025-06-30 23:17:20
ac7b8a,AAL2142 ,United States,1751325439.0,1751325440,-95.2429,32.9068,9326.88,False,211.79,83.44,5.2,,9890.76,6266,False,0,2025-06-30 23:17:20
adfe90,LOST25  ,United States,1751325219.0,1751325224,-118.06,33.7927,,True,4.63,5.62,,,,3343,False,0,2025-06-30 23:17:20
c0596b,CGHWK   ,Canada,1751325280.0,1751325285,-75.2838,46.4046,1394.46,False,50.54,308.39,0.0,,1386.84,,False,0,2025-06-30 23:17:20
a73659,LXJ564  ,United States,1751325439.0,1751325439,-110.3158,32.9193,13098.78,False,231.67,288.92,0.33,,13815.06,2636,False,0,2025-06-30 23:17:20
a97626,SKW5135 ,United States,1751325439.0,1751325439,-90.6061,42.2858,8534.4,False,202.36,294.48,-0.33,,8869.68,3613,False,0,2025-06-30 23:17:20
a91fcf,N68713  ,United States,1751325439.0,1751325440,-123.1104,45.3323,815.34,False,36.66,4.83,0.33,,815.34,,False,0,2025-06-30 23:17:20
ae1e96,ROVE67  ,United States,1751325439.0,1751325439,-100.7101,30.9314,2354.58,False,138.39,217.3,-9.43,,2499.36,,False,0,2025-06-30 23:17:20
a005d9,N100MT  ,United States,1751325439.0,1751325439,-108.3617,37.5833,3992.88,False,106.88,145.39,0.0,,4221.48,,False,0,2025-06-30 23:17:20
a04e60,RPA4781 ,United States,1751325439.0,1751325440,-73.5128,40.7759,914.4,False,127.62,299.46,0.0,,944.88,7055,False,0,2025-06-30 23:17:20
a8b926,NKS8861 ,United States,1751325430.0,1751325430,-74.1676,40.6995,,True,0.0,5.62,,,,,False,0,2025-06-30 23:17:20
a5d000,N474AK  ,United States,1751325163.0,1751325163,-104.8241,38.9835,1920.24,False,55.08,55.27,-1.3,,2065.02,,False,0,2025-06-30 23:17:20
ad9b94,SKW5240 ,United States,1751325440.0,1751325440,-106.3226,40.8941,9197.34,False,221.37,132.55,-6.5,,9707.88,,False,0,2025-06-30 23:17:20
ae1e9d,JAVAN72 ,United States,1751325439.0,1751325439,-100.6845,30.7185,1965.96,False,131.66,202.76,0.98,,2087.88,,False,0,2025-06-30 23:17:20
a74992,JIA5127 ,United States,1751325439.0,1751325440,-85.482,35.0626,1943.1,False,148.0,57.64,-8.45,,2026.92,3460,False,0,2025-06-30 23:17:20
a78ffa,ASA9    ,United States,1751325440.0,1751325440,-88.0073,40.5174,10972.8,False,225.16,298.67,0.33,,11536.68,2560,False,0,2025-06-30 23:17:20
a03b40,MXY271  ,United States,1751325129.0,1751325129,-82.5331,27.9842,,True,2.31,137.81,,,,4274,False,0,2025-06-30 23:17:20
aa3b05,UAL1221 ,United States,1751325440.0,1751325440,-119.4492,34.1927,4312.92,False,183.18,91.13,-4.88,,4480.56,,False,0,2025-06-30 23:17:20
a39b39,AAL2669 ,United States,1751325438.0,1751325439,-79.535,28.2389,9448.8,False,228.23,13.16,0.0,,9944.1,2151,False,0,2025-06-30 23:17:20
a485c3,N3904X  ,United States,1751325439.0,1751325440,-90.9124,30.1692,320.04,False,56.4,51.67,2.6,,335.28,,False,0,2025-06-30 23:17:20
a748bc,DAL72   ,United States,1751325439.0,1751325439,-77.8872,37.4578,11277.6,False,248.9,48.44,0.0,,11948.16,3371,False,0,2025-06-30 23:17:20
a1be72,ENY3867 ,United States,1751325440.0,1751325440,-87.7764,38.5483,10363.2,False,203.39,223.87,0.33,,10934.7,2125,False,0,2025-06-30 23:17:20
a95097,N7HM    ,United States,1751325439.0,1751325439,-87.0188,31.2278,10668.0,False,194.01,96.09,0.0,,11277.6,7447,False,0,2025-06-30 23:17:20
a65e3f,N50936  ,United States,1751325135.0,1751325135,-81.2652,29.0743,121.92,False,34.92,315.0,-4.23,,144.78,1200,False,0,2025-06-30 23:17:20
a41e2c,UAL2417 ,United States,1751325439.0,1751325440,-103.0541,39.6363,10363.2,False,228.58,250.95,0.0,,10919.46,7003,False,0,2025-06-30 23:17:20
a2cb14,UAL1227 ,United States,1751325439.0,1751325439,-121.9444,37.4927,1958.34,False,131.76,271.79,-4.55,,2011.68,1670,False,0,2025-06-30 23:17:20
a39b20,N331SK  ,United States,1751325439.0,1751325439,-95.6895,29.8488,1805.94,False,125.5,128.84,0.0,,1912.62,7775,False,0,2025-06-30 23:17:20
a365c9,AAY99   ,United States,1751325439.0,1751325440,-105.2109,35.2773,10980.42,False,230.81,260.12,0.0,,11612.88,,False,0,2025-06-30 23:17:20
a77e2a,N582JM  ,United States,1751325439.0,1751325439,-95.4348,34.0522,9144.0,False,200.37,209.2,5.2,,9715.5,6207,False,0,2025-06-30 23:17:20
a7ce03,N6015F  ,United States,1751325439.0,1751325439,-96.2106,32.8252,1089.66,False,52.29,285.4,-0.33,,1120.14,1513,False,0,2025-06-30 23:17:20
a365b7,DAL2443 ,United States,1751325440.0,1751325440,-82.502,42.4364,3230.88,False,152.62,266.13,-5.2,,3322.32,1536,False,0,2025-06-30 23:17:20
a498be,N3957W  ,United States,1751325439.0,1751325439,-82.0333,32.7385,2872.74,False,66.75,76.18,-0.33,,3025.14,1200,False,0,2025-06-30 23:17:20
a03b6d,DAL1035 ,United States,1751325440.0,1751325440,-80.1287,33.1398,9098.28,False,225.18,44.54,5.85,,9654.54,1602,False,0,2025-06-30 23:17:20
a615d0,SWA3459 ,United States,1751325439.0,1751325439,-91.4428,38.3745,12192.0,False,222.17,305.86,0.0,,12832.08,3016,False,0,2025-06-30 23:17:20
a41e29,UAL1101 ,United States,1751325440.0,1751325440,-103.7965,31.0589,10363.2,False,232.54,291.0,0.0,,10995.66,3047,False,0,2025-06-30 23:17:20
ac8e1d,AAL3118 ,United States,1751325439.0,1751325440,-72.7142,40.6426,10972.8,False,238.13,203.96,0.0,,11590.02,3564,False,0,2025-06-30 23:17:20
ab6e4a,N8357R  ,United States,1751325435.0,1751325435,-96.6949,31.8427,1447.8,False,42.44,149.39,-0.33,,1508.76,,False,0,2025-06-30 23:17:20
a15b4c,EDV5152 ,United States,1751325440.0,1751325440,-86.2438,35.802,3543.3,False,155.42,312.99,-7.48,,3710.94,7043,False,0,2025-06-30 23:17:20
a41e94,UAL2298 ,United States,1751325439.0,1751325439,-114.9905,36.1387,1615.44,False,117.11,274.28,-6.18,,1645.92,,False,0,2025-06-30 23:17:20
a9636c,N704AB  ,United States,1751325374.0,1751325377,-83.7577,40.39,617.22,False,52.08,249.78,-4.23,,563.88,,False,0,2025-06-30 23:17:20
aca8c1,N9146R  ,United States,1751325440.0,1751325440,-75.6866,40.8725,4876.8,False,87.97,180.0,0.33,,5090.16,3443,False,0,2025-06-30 23:17:20
a41e90,UAL2299 ,United States,1751325439.0,1751325440,-88.1837,43.1115,9753.6,False,206.36,274.29,0.0,,10165.08,3074,False,0,2025-06-30 23:17:20
a4e8b4,SWA137  ,United States,1751325439.0,1751325440,-97.8385,30.4248,1478.28,False,111.28,101.47,-4.55,,1569.72,2262,False,0,2025-06-30 23:17:20
a508c5,SWA2310 ,United States,1751325440.0,1751325440,-77.3818,38.6594,3619.5,False,178.64,248.01,14.63,,3794.76,2112,False,0,2025-06-30 23:17:20
a2de7e,SKW3533 ,United States,1751325353.0,1751325353,-117.865,33.6818,45.72,False,61.22,208.07,-2.93,,22.86,4620,False,0,2025-06-30 23:17:20
ad9b28,AAL2909 ,United States,1751325440.0,1751325440,-80.9737,35.2991,632.46,False,84.12,175.44,-4.23,,647.7,5470,False,0,2025-06-30 23:17:20
abab21,CXK1102 ,United States,1751325438.0,1751325438,-97.0571,32.5247,586.74,False,64.8,343.87,-0.65,,586.74,,False,0,2025-06-30 23:17:20
a41e74,UAL486  ,United States,1751325440.0,1751325440,-103.7711,40.2085,5311.14,False,170.81,255.88,-7.8,,5638.8,7472,False,0,2025-06-30 23:17:20
a9767f,TSU7122 ,United States,1751325289.0,1751325289,-117.1887,32.7345,,True,9.77,106.88,,,,,False,0,2025-06-30 23:17:20
ab5b66,SWA3323 ,United States,1751325439.0,1751325439,-94.0889,31.5867,10591.8,False,238.28,34.0,4.23,,11231.88,4035,False,0,2025-06-30 23:17:20
a39b56,UPS7805 ,United States,1751325439.0,1751325440,-79.566,26.1518,6766.56,False,224.51,54.89,10.08,,7101.84,,False,0,2025-06-30 23:17:20
a365f8,EJA318  ,United States,1751325439.0,1751325439,-85.5899,41.9779,12496.8,False,218.34,142.56,0.33,,13075.92,2406,False,0,2025-06-30 23:17:20
a97693,CXK479  ,United States,1751325439.0,1751325439,-84.344,34.0453,1524.0,False,64.07,101.58,-0.33,,1569.72,1512,False,0,2025-06-30 23:17:20
ab6e8b,N8359L  ,United States,1751325212.0,1751325212,-82.329,28.027,99.06,False,28.31,250.91,-2.93,,114.3,,False,0,2025-06-30 23:17:20
a12731,UAL1325 ,United States,1751325439.0,1751325439,-87.312,42.2959,10972.8,False,206.12,261.24,0.0,,11490.96,1625,False,0,2025-06-30 23:17:20
a12735,UAL2496 ,United States,1751325439.0,1751325440,-101.7595,39.5558,10668.0,False,256.6,70.44,0.0,,11231.88,1010,False,0,2025-06-30 23:17:20
a7ce70,N6018K  ,United States,1751325439.0,1751325439,-105.1461,40.218,1950.72,False,55.29,225.0,-4.88,,2049.78,,False,0,2025-06-30 23:17:20
a9c5c5,JBU534  ,United States,1751325440.0,1751325440,-80.9602,28.4037,8839.2,False,230.77,63.95,0.0,,9342.12,7337,False,0,2025-06-30 23:17:20
ac8cf1,AAL1761 ,United States,1751325439.0,1751325439,-89.8866,36.2807,11269.98,False,250.83,51.58,0.0,,11948.16,3640,False,0,2025-06-30 23:17:20
a9c5c2,N729HZ  ,United States,1751325439.0,1751325439,-93.3436,40.8585,10668.0,False,282.81,83.31,0.0,,11186.16,3220,False,0,2025-06-30 23:17:20
a89e79,N65439  ,United States,1751325438.0,1751325438,-80.9628,35.7218,579.12,False,43.48,169.09,0.98,,594.36,,False,0,2025-06-30 23:17:20
a77e8f,JIA5136 ,United States,1751325439.0,1751325440,-81.8056,34.5927,6096.0,False,216.2,51.08,-0.65,,6454.14,6454,False,0,2025-06-30 23:17:20
a88b46,N65KD   ,United States,1751325439.0,1751325439,-123.0088,45.1434,1318.26,False,53.55,188.29,-1.3,,1341.12,,False,0,2025-06-30 23:17:20
aa3b84,AMX410  ,United States,1751325439.0,1751325439,-94.1349,30.8997,11277.6,False,241.28,39.29,0.0,,11955.78,7437,False,0,2025-06-30 23:17:20
a842ac,JIA5348 ,United States,1751325215.0,1751325215,-69.2176,44.7031,2880.36,False,150.44,5.69,-12.68,,2987.04,1662,False,0,2025-06-30 23:17:20
acdcc0,JSX471  ,United States,1751325440.0,1751325440,-111.8523,33.8362,2095.5,False,120.75,201.76,-0.65,,2171.7,3271,False,0,2025-06-30 23:17:20
a16db9,AAL1401 ,United States,1751325439.0,1751325439,-74.4229,39.034,9151.62,False,245.27,221.51,-0.33,,9662.16,3474,False,0,2025-06-30 23:17:20
ad5329,JBU309  ,United States,1751325440.0,1751325440,-72.3008,39.6578,6682.74,False,238.75,151.28,4.23,,7048.5,2777,False,0,2025-06-30 23:17:20
a24720,RPA5665 ,United States,1751325440.0,1751325440,-75.1821,39.5285,9448.8,False,234.94,37.97,0.0,,10020.3,2154,False,0,2025-06-30 23:17:20
a1272d,UAL679  ,United States,1751325440.0,1751325440,-117.9599,33.9799,1973.58,False,123.28,263.29,-5.2,,2034.54,7410,False,0,2025-06-30 23:17:20
aa3b75,N75898  ,United States,1751325439.0,1751325439,-122.4317,48.906,784.86,False,45.59,130.88,3.58,,807.72,,False,0,2025-06-30 23:17:20
a988f0,DAL564  ,United States,1751325440.0,1751325440,-91.5895,36.5382,11887.2,False,243.01,94.37,0.0,,12534.9,3160,False,0,2025-06-30 23:17:20
ac2038,SWA491  ,United States,1751325436.0,1751325438,-111.2442,37.4136,10507.98,False,235.5,241.42,-4.88,,11094.72,3523,False,0,2025-06-30 23:17:20
a64b96,N5043J  ,United States,1751325433.0,1751325439,-122.1125,37.4579,,True,0.06,137.81,,,,1200,False,0,2025-06-30 23:17:20
ac335b,SWA3092 ,United States,1751325439.0,1751325440,-89.5338,41.7,8534.4,False,189.3,259.67,0.0,,8923.02,6201,False,0,2025-06-30 23:17:20
a8a5bf,N65624  ,United States,1751325416.0,1751325417,-82.1756,28.3365,182.88,False,43.73,241.93,0.98,,220.98,,False,0,2025-06-30 23:17:20
a88b64,LN65LJ  ,United States,1751325440.0,1751325440,-78.6928,34.9863,12192.0,False,240.87,217.19,0.0,,12870.18,6636,False,0,2025-06-30 23:17:20
3c4b23,DLH419  ,Germany,1751325440.0,1751325440,-77.4573,38.9421,,True,3.86,182.81,,,,,False,0,2025-06-30 23:17:20
adb656,AAL1027 ,United States,1751325439.0,1751325439,-80.417,25.272,4838.7,False,198.64,209.82,1.3,,5105.4,,False,0,2025-06-30 23:17:20
a04db6,N119AV  ,United States,1751325439.0,1751325439,-117.1202,32.8302,640.08,False,53.24,95.55,3.58,,579.12,,False,0,2025-06-30 23:17:20
3c15c1,OCN11   ,Germany,1751325439.0,1751325440,-114.2863,36.2643,3695.7,False,132.37,245.43,-6.18,,3909.06,,False,0,2025-06-30 23:17:20
a1270b,UAL2252 ,United States,1751325440.0,1751325440,-77.2982,38.4348,11277.6,False,234.43,58.37,0.33,,11932.92,3725,False,0,2025-06-30 23:17:20
a1270f,UAL1433 ,United States,1751325432.0,1751325436,-94.8374,29.9379,1005.84,False,137.2,316.67,-6.5,,1082.04,,False,0,2025-06-30 23:17:20
ac337e,SWA3244 ,United States,1751325440.0,1751325440,-91.1082,42.5821,11277.6,False,275.04,80.96,0.0,,11734.8,1452,False,0,2025-06-30 23:17:20
a12778,UAL2651 ,United States,1751325440.0,1751325440,-98.4526,42.4381,10972.8,False,223.06,241.48,0.33,,11445.24,1167,False,0,2025-06-30 23:17:20
ad402f,DAL880  ,United States,1751325439.0,1751325439,-86.1714,36.4803,10058.4,False,235.12,180.75,0.0,,10660.38,1636,False,0,2025-06-30 23:17:20
a602ab,ASA517  ,United States,1751325439.0,1751325440,-82.6316,25.8933,9753.6,False,230.11,300.35,0.33,,10309.86,,False,0,2025-06-30 23:17:20
a5e2a1,ATN3345 ,United States,1751325439.0,1751325439,-120.3713,34.2418,9456.42,False,236.44,248.29,0.0,,9890.76,7452,False,0,2025-06-30 23:17:20
a735d7,ASA975  ,United States,1751325439.0,1751325439,-111.9836,34.5245,8602.98,False,217.51,354.71,5.85,,9090.66,2673,False,0,2025-06-30 23:17:20
ae6031,MAKO69  ,United States,1751325437.0,1751325440,-120.2552,37.4037,1706.88,False,74.93,144.78,2.28,,1729.74,1200,False,0,2025-06-30 23:17:20
a04dfa,DAL957  ,United States,1751325440.0,1751325440,-86.4157,35.7544,10058.4,False,242.86,150.29,0.33,,10668.0,6325,False,0,2025-06-30 23:17:20
a4870d,FFT1416 ,United States,1751325439.0,1751325440,-82.8651,28.2744,2727.96,False,113.0,85.56,-4.55,,2880.36,4755,False,0,2025-06-30 23:17:20
a868d2,N6409D  ,United States,1751325439.0,1751325440,-117.0794,32.8021,426.72,False,46.8,213.34,-0.98,,373.38,,False,0,2025-06-30 23:17:20
ab38a1,DAL937  ,United States,1751325440.0,1751325440,-84.916,33.3277,3863.34,False,194.92,14.99,-10.4,,4061.46,5647,False,0,2025-06-30 23:17:20
a988da,N713SZ  ,United States,1751325182.0,1751325182,-80.1423,26.3468,220.98,False,58.95,43.59,-3.25,,281.94,,False,0,2025-06-30 23:17:20
ad5398,AAL2338 ,United States,1751325440.0,1751325440,-74.2618,39.1881,10058.4,False,240.56,40.23,0.33,,10645.14,2003,False,0,2025-06-30 23:17:20
a9b39e,NKS2294 ,United States,1751325171.0,1751325171,-115.154,36.0857,,True,0.64,154.69,,,,1735,False,0,2025-06-30 23:17:20
ac2082,SWA469  ,United States,1751325440.0,1751325440,-96.9074,32.3704,10668.0,False,251.0,63.59,2.6,,11338.56,4026,False,0,2025-06-30 23:17:20
a602ce,N487CB  ,United States,1751325439.0,1751325439,-104.6329,39.58,3291.84,False,128.98,94.35,8.13,,3497.58,,False,0,2025-06-30 23:17:20
a03ab8,N1137U  ,United States,1751325438.0,1751325439,-118.1002,33.6696,1394.46,False,53.82,301.72,0.0,,1394.46,,False,0,2025-06-30 23:17:20
a76b3c,N5773S  ,United States,1751325439.0,1751325439,-118.6186,47.8675,3177.54,False,92.26,296.14,0.0,,3329.94,,False,0,2025-06-30 23:17:20
a2471c,N246JL  ,United States,1751325440.0,1751325440,-73.2762,42.8656,5463.54,False,180.58,240.66,0.0,,5715.0,1340,False,0,2025-06-30 23:17:20
a9509a,N7HQ    ,United States,1751325439.0,1751325439,-118.9803,37.6486,4655.82,False,66.09,328.04,-2.28,,4899.66,,False,0,2025-06-30 23:17:20
a842a9,NKS2173 ,United States,1751325439.0,1751325439,-94.1994,30.6478,5486.4,False,192.92,246.92,-10.4,,5844.54,4177,False,0,2025-06-30 23:17:20
a722b1,AAL1321 ,United States,1751325439.0,1751325439,-117.5378,34.3054,10058.4,False,248.74,106.34,0.0,,10591.8,3262,False,0,2025-06-30 23:17:20
aa4e47,SKW4929 ,United States,1751325439.0,1751325440,-107.1162,36.9525,5844.54,False,189.26,82.82,6.5,,6195.06,,False,0,2025-06-30 23:17:20
a16dd7,AMF1561 ,United States,1751325439.0,1751325439,-72.0794,43.2023,2667.0,False,124.02,115.82,-3.9,,2766.06,5361,False,0,2025-06-30 23:17:20
a4c2f8,AAL1502 ,United States,1751325440.0,1751325440,-116.8431,34.0494,6774.18,False,214.8,263.67,-10.73,,7147.56,6723,False,0,2025-06-30 23:17:20
ab38aa,DAL2654 ,United States,1751325439.0,1751325440,-93.0988,43.8195,6164.58,False,209.87,346.1,-11.38,,6400.8,3132,False,0,2025-06-30 23:17:20
a65e8c,N5096C  ,United States,1751325399.0,1751325399,-93.4358,44.8238,381.0,False,36.7,301.24,-4.55,,381.0,,False,0,2025-06-30 23:17:20
a8b8b9,PDT5982 ,United States,1751325440.0,1751325440,-82.4452,36.1004,6728.46,False,200.35,306.02,4.88,,7117.08,3353,False,0,2025-06-30 23:17:20
a36713,N3181Q  ,United States,1751325439.0,1751325439,-84.3976,33.7663,617.22,False,51.98,181.7,-0.98,,609.6,,False,0,2025-06-30 23:17:20
ab2854,AAY2720 ,United States,1751325439.0,1751325440,-82.8372,28.8939,6225.54,False,204.81,348.41,12.03,,6568.44,3754,False,0,2025-06-30 23:17:20
a3b768,TKR885  ,United States,1751325439.0,1751325439,-102.4733,43.5188,1973.58,False,84.16,259.79,0.0,,2110.74,,False,0,2025-06-30 23:17:20
a1146e,N169PM  ,United States,1751325439.0,1751325439,-116.6732,47.9175,1699.26,False,51.35,52.33,-0.98,,1760.22,,False,0,2025-06-30 23:17:20
ab284d,AAL3030 ,United States,1751325439.0,1751325439,-95.4137,38.7192,4015.74,False,181.16,358.37,-11.38,,4198.62,3632,False,0,2025-06-30 23:17:20
ab151d,N813GF  ,United States,1751325227.0,1751325227,-82.1242,28.2621,198.12,False,38.2,224.45,-2.28,,228.6,,False,0,2025-06-30 23:17:20
a48759,JRE391  ,United States,1751325440.0,1751325440,-84.4607,35.7773,5250.18,False,189.94,46.32,-20.16,,5524.5,2760,False,0,2025-06-30 23:17:20
ac4843,SWA2965 ,United States,1751325439.0,1751325439,-85.7037,32.6254,7315.2,False,213.86,54.4,0.33,,7749.54,4003,False,0,2025-06-30 23:17:20
a0f46f,DAL204  ,United States,1751325439.0,1751325439,-72.1123,43.8148,10675.62,False,243.89,34.86,0.0,,11216.64,1722,False,0,2025-06-30 23:17:20
ac8eb4,WUP908  ,United States,1751325439.0,1751325439,-77.8553,39.2082,1836.42,False,156.01,77.43,0.0,,1889.76,1751,False,0,2025-06-30 23:17:20
a58103,AAL399  ,United States,1751325440.0,1751325440,-101.203,31.8237,9761.22,False,239.76,318.31,0.0,,10393.68,6466,False,0,2025-06-30 23:17:20
a0079d,N1004E  ,United States,1751325439.0,1751325439,-121.8107,37.4766,1150.62,False,27.63,335.82,5.2,,1150.62,1200,False,0,2025-06-30 23:17:20
a12796,UAL2691 ,United States,1751325440.0,1751325440,-76.5765,36.4916,10972.8,False,244.85,202.09,0.0,,11612.88,7104,False,0,2025-06-30 23:17:20
a60430,N487SF  ,United States,1751325398.0,1751325398,-96.8621,32.6795,,True,0.0,312.19,,,,1165,False,0,2025-06-30 23:17:20
a12799,UAL526  ,United States,1751325438.0,1751325438,-111.7522,36.8207,10668.0,False,245.55,67.2,0.65,,11254.74,,False,0,2025-06-30 23:17:20
a1277b,UAL698  ,United States,1751325439.0,1751325439,-84.5457,35.9812,10363.2,False,242.11,254.72,0.0,,10995.66,2523,False,0,2025-06-30 23:17:20
a39aa3,N331MK  ,United States,1751325440.0,1751325440,-73.1855,40.623,754.38,False,41.09,55.71,-0.98,,754.38,,False,0,2025-06-30 23:17:20
a35435,CXK687  ,United States,1751325399.0,1751325415,-72.6351,41.7525,190.5,False,49.84,352.29,-3.58,,198.12,,False,0,2025-06-30 23:17:20
a3b796,DAL1987 ,United States,1751325440.0,1751325440,-79.4673,28.3148,10058.4,False,224.11,13.27,0.0,,10561.32,6705,False,0,2025-06-30 23:17:20
a24789,AAY1599 ,United States,1751325438.0,1751325439,-117.2469,44.6107,10972.8,False,223.85,284.64,0.0,,11498.58,,False,0,2025-06-30 23:17:20
ac8ee5,,United States,1751325398.0,1751325398,-118.3589,34.2114,,True,2.83,343.12,,,,,False,0,2025-06-30 23:17:20
a24782,ENY3932 ,United States,1751325440.0,1751325440,-77.2683,38.1675,4152.9,False,187.16,14.0,-8.45,,4366.26,3132,False,0,2025-06-30 23:17:20
ab5bd4,SWA4210 ,United States,1751325439.0,1751325439,-111.9992,33.4321,,True,6.43,90.0,,,,,False,0,2025-06-30 23:17:20
a28dda,N264AA  ,United States,1751325439.0,1751325440,-81.1417,28.7508,297.18,False,50.61,333.43,-1.95,,304.8,0325,False,0,2025-06-30 23:17:20
acdea4,N9283A  ,United States,1751325440.0,1751325440,-122.5405,46.8752,1211.58,False,52.24,64.95,-0.65,,1249.68,,False,0,2025-06-30 23:17:20
ac486a,SWA1733 ,United States,1751325439.0,1751325439,-80.7527,31.9728,8930.64,False,254.19,203.24,-12.03,,9471.66,3727,False,0,2025-06-30 23:17:20
ab6efc,DAL2294 ,United States,1751325439.0,1751325439,-73.6754,40.7475,609.6,False,80.47,210.34,0.0,,609.6,4137,False,0,2025-06-30 23:17:20
440184,AUA66   ,Austria,1751325245.0,1751325397,-72.5883,48.0289,11887.2,False,271.89,57.75,0.0,,12352.02,6275,False,0,2025-06-30 23:17:20
ac3558,AAL1805 ,United States,1751325439.0,1751325439,-91.2862,33.5831,7315.2,False,221.27,230.94,0.0,,7749.54,7147,False,0,2025-06-30 23:17:20
ac4888,SWA1123 ,United States,1751325440.0,1751325440,-79.398,36.7336,6103.62,False,202.55,131.91,-11.05,,6477.0,3250,False,0,2025-06-30 23:17:20
ad6884,AAL831  ,United States,1751325439.0,1751325439,-81.0935,35.4179,1333.5,False,125.51,98.96,-5.2,,1394.46,4376,False,0,2025-06-30 23:17:20
ad9bc8,AAL2361 ,United States,1751325439.0,1751325439,-113.4442,32.851,10370.82,False,233.0,260.72,-0.33,,10972.8,2260,False,0,2025-06-30 23:17:20
acdef1,N9285H  ,United States,1751325440.0,1751325440,-118.3815,33.8454,1996.44,False,57.87,313.2,0.0,,2034.54,,False,0,2025-06-30 23:17:20
a40abe,N36JC   ,United States,1751325264.0,1751325265,-122.8881,46.9594,365.76,False,47.29,188.13,-0.65,,358.14,,False,0,2025-06-30 23:17:20
ac8efa,EDV4942 ,United States,1751325416.0,1751325421,-73.8807,40.7797,,True,0.0,33.75,,,,,False,0,2025-06-30 23:17:20
ae1ed8,BB083   ,United States,1751325304.0,1751325326,-82.3136,29.7145,426.72,False,105.67,307.48,-0.65,,472.44,,False,0,2025-06-30 23:17:20
ada521,AAL1164 ,United States,1751325439.0,1751325440,-88.0851,36.2612,7330.44,False,224.56,272.76,5.53,,7749.54,1675,False,0,2025-06-30 23:17:20
ada526,DAL2745 ,United States,1751325439.0,1751325439,-83.2852,42.3362,937.26,False,93.04,209.12,-3.9,,906.78,0561,False,0,2025-06-30 23:17:20
a36799,JBU1202 ,United States,1751325432.0,1751325438,-78.7321,42.9351,,True,0.0,135.0,,,,1144,False,0,2025-06-30 23:17:20
ad6881,NKS2207 ,United States,1751325439.0,1751325440,-89.5476,29.6251,6339.84,False,203.47,114.82,10.4,,6720.84,,False,0,2025-06-30 23:17:20
a2347f,N241JA  ,United States,1751325439.0,1751325439,-87.319,36.8509,1752.6,False,63.21,123.04,-2.28,,1783.08,,False,0,2025-06-30 23:17:20
ab00ce,AAL1855 ,United States,1751325439.0,1751325439,-111.3893,37.7838,10668.0,False,241.65,60.54,-0.33,,11254.74,,False,0,2025-06-30 23:17:20
a03c24,N114MB  ,United States,1751325434.0,1751325439,-72.4554,41.2818,601.98,False,72.94,334.52,0.0,,601.98,,False,0,2025-06-30 23:17:20
a9b41d,N724TM  ,United States,1751325439.0,1751325439,-122.2716,47.8683,297.18,False,37.21,5.55,-0.98,,289.56,1200,False,0,2025-06-30 23:17:20
a95129,N7PH    ,United States,1751325438.0,1751325439,-121.6854,44.303,3337.56,False,94.05,100.08,0.33,,3497.58,4633,False,0,2025-06-30 23:17:20
44012f,AUA87   ,Austria,1751325439.0,1751325439,-72.4105,41.0274,5029.2,False,198.96,251.61,-11.38,,5303.52,2514,False,0,2025-06-30 23:17:20
a3c9a1,DAL2784 ,United States,1751325433.0,1751325440,-84.4282,33.6418,,True,0.64,312.19,,,,,False,0,2025-06-30 23:17:20
a8a785,JBU2134 ,United States,1751325440.0,1751325440,-79.9457,28.9784,6492.24,False,200.61,250.68,-5.2,,6880.86,3747,False,0,2025-06-30 23:17:20
a4616b,N3810T  ,United States,1751325440.0,1751325440,-80.5908,28.031,609.6,False,45.33,152.27,-2.28,,640.08,1200,False,0,2025-06-30 23:17:20
a126c9,UAL2316 ,United States,1751325440.0,1751325440,-78.4517,42.114,10050.78,False,260.87,51.16,0.33,,10599.42,2476,False,0,2025-06-30 23:17:20
a04f75,AAL2840 ,United States,1751325439.0,1751325440,-87.2838,40.9286,6560.82,False,231.71,154.35,4.88,,6865.62,1354,False,0,2025-06-30 23:17:20
acdf9a,AAL1283 ,United States,1751325440.0,1751325440,-95.3681,38.0541,10050.78,False,256.15,112.81,-0.33,,10599.42,,False,0,2025-06-30 23:17:20
a3c9c5,AAL2861 ,United States,1751325439.0,1751325439,-74.1844,40.6819,,True,6.17,275.62,,,,3526,False,0,2025-06-30 23:17:20
a9b402,SKW6422 ,United States,1751325440.0,1751325440,-96.7512,33.2718,1988.82,False,129.84,247.4,-6.5,,2072.64,2133,False,0,2025-06-30 23:17:20
aa3bfa,N759FE  ,United States,1751325440.0,1751325440,-104.6775,39.4491,2156.46,False,74.97,313.33,0.0,,2263.14,0034,False,0,2025-06-30 23:17:20
a2219e,N2363U  ,United States,1751325436.0,1751325439,-76.2262,43.4527,1051.56,False,58.59,226.78,-4.88,,1036.32,,False,0,2025-06-30 23:17:20
a3ff0e,CAP3957 ,United States,1751325439.0,1751325440,-82.8108,34.2961,1066.8,False,48.46,170.84,-1.95,,1097.28,,False,0,2025-06-30 23:17:20
a04f49,SKW5992 ,United States,1751325440.0,1751325440,-86.4654,41.5226,5036.82,False,188.33,298.74,-8.13,,5234.94,6512,False,0,2025-06-30 23:17:20
a3ff26,DAL31   ,United States,1751325439.0,1751325439,-84.9161,33.6638,3284.22,False,163.24,254.65,4.23,,3451.86,3365,False,0,2025-06-30 23:17:20
a95113,N7NL    ,United States,1751325432.0,1751325439,-96.9102,32.2232,1463.04,False,67.24,211.87,0.0,,1501.14,,False,0,2025-06-30 23:17:20
a126ed,UAL296  ,United States,1751325439.0,1751325439,-104.6586,39.9941,2042.16,False,98.78,180.6,0.98,,2156.46,,False,0,2025-06-30 23:17:20
a6add1,N5298D  ,United States,1751325439.0,1751325439,-123.1392,47.2234,388.62,False,48.17,250.02,-1.3,,388.62,0305,False,0,2025-06-30 23:17:20
a7242c,N5597E  ,United States,1751325438.0,1751325438,-85.1894,33.8051,1920.24,False,46.03,334.87,1.63,,1973.58,1653,False,0,2025-06-30 23:17:20
a15c54,SKW3327 ,United States,1751325438.0,1751325439,-120.2196,47.7865,6705.6,False,192.53,276.29,-0.33,,7018.02,,False,0,2025-06-30 23:17:20
a52add,T71     ,United States,1751325439.0,1751325439,-117.315,33.8092,1219.2,False,78.8,238.07,5.85,,1226.82,,False,0,2025-06-30 23:17:20
ac4801,SWA4028 ,United States,1751325440.0,1751325440,-86.7798,41.5204,3070.86,False,171.84,269.31,0.0,,3177.54,4001,False,0,2025-06-30 23:17:20
a233b9,N241AC  ,United States,1751325440.0,1751325440,-93.3814,44.7934,640.08,False,36.12,349.33,-0.65,,601.98,,False,0,2025-06-30 23:17:20
a58153,N454DR  ,United States,1751325439.0,1751325439,-121.8554,45.4289,13106.4,False,213.98,301.93,0.0,,13662.66,6032,False,0,2025-06-30 23:17:20
a15c1c,N187QS  ,United States,1751325439.0,1751325439,-71.3601,42.4772,327.66,False,79.51,94.83,-4.55,,312.42,2423,False,0,2025-06-30 23:17:20
a03c46,XAA9436 ,United States,1751325439.0,1751325439,-109.3841,39.312,13106.4,False,255.66,256.38,0.0,,13738.86,3224,False,0,2025-06-30 23:17:20
a379d3,DAL483  ,United States,1751325439.0,1751325439,-87.4418,36.1128,11277.6,False,237.9,87.52,0.0,,11940.54,2020,False,0,2025-06-30 23:17:20
a4b145,N401KM  ,United States,1751325439.0,1751325439,-70.9219,41.8594,762.0,False,68.75,103.41,-0.33,,784.86,,False,0,2025-06-30 23:17:20
ab6eb9,AAL2867 ,United States,1751325440.0,1751325440,-95.0408,35.6024,10081.26,False,215.94,96.57,5.53,,10629.9,2367,False,0,2025-06-30 23:17:20
a88aa1,N65CP   ,United States,1751325209.0,1751325209,-95.249,39.9551,2407.92,False,92.48,320.64,-0.33,,2484.12,,False,0,2025-06-30 23:17:20
ac481d,SWA733  ,United States,1751325316.0,1751325316,-95.8892,36.0957,708.66,False,89.63,2.96,0.0,,754.38,5662,False,0,2025-06-30 23:17:20
a4c492,SKW3407 ,United States,1751325439.0,1751325439,-119.9722,34.7672,9144.0,False,225.91,314.35,0.0,,9624.06,,False,0,2025-06-30 23:17:20
a83108,JBU170  ,United States,1751325439.0,1751325439,-78.9207,28.0547,9982.2,False,236.32,8.77,4.88,,10523.22,,False,0,2025-06-30 23:17:20
a126e7,UAL1523 ,United States,1751325438.0,1751325439,-79.1528,30.0124,10972.8,False,247.32,187.17,0.0,,11529.06,5050,False,0,2025-06-30 23:17:20
a126e8,UAL1242 ,United States,1751325440.0,1751325440,-97.5991,30.1542,1082.04,False,129.13,65.27,13.0,,1135.38,4676,False,0,2025-06-30 23:17:20
a97733,NKS2401 ,United States,1751325434.0,1751325436,-93.8982,29.9402,7406.64,False,213.59,101.39,5.85,,7871.46,2456,False,0,2025-06-30 23:17:20
a89f0f,N6548J  ,United States,1751325360.0,1751325376,-95.5561,30.0834,68.58,False,32.51,175.46,-3.25,,106.68,5335,False,0,2025-06-30 23:17:20
a3ff75,N357GS  ,United States,1751325236.0,1751325237,-119.0377,35.4209,312.42,False,56.66,290.74,-5.2,,228.6,3631,False,0,2025-06-30 23:17:20
a4c3b4,N406JA  ,United States,1751325439.0,1751325439,-104.948,40.361,1775.46,False,51.25,305.6,4.23,,1874.52,,False,0,2025-06-30 23:17:20
a486cc,DAL2830 ,United States,1751325439.0,1751325439,-120.4989,37.3473,11277.6,False,229.85,165.22,0.0,,11856.72,6623,False,0,2025-06-30 23:17:20
a629fc,N4969G  ,United States,1751325439.0,1751325439,-80.5062,27.3279,891.54,False,38.57,136.08,-0.65,,952.5,,False,0,2025-06-30 23:17:20
ab5c26,AAL1114 ,United States,1751325439.0,1751325439,-95.6006,33.9632,11269.98,False,243.02,45.86,0.0,,11925.3,0556,False,0,2025-06-30 23:17:20
a486d8,DAL1172 ,United States,1751325439.0,1751325439,-97.0202,43.7896,10050.78,False,241.36,64.09,0.33,,10416.54,3264,False,0,2025-06-30 23:17:20
a6af55,N53NW   ,United States,1751325439.0,1751325439,-81.4974,26.7174,3604.26,False,158.67,326.77,-0.65,,3794.76,,False,0,2025-06-30 23:17:20
adc9b6,JBU233  ,United States,1751325439.0,1751325439,-98.0705,42.7319,9761.22,False,219.79,257.43,0.0,,10172.7,7332,False,0,2025-06-30 23:17:20
ad79e8,ASA114  ,United States,1751325440.0,1751325440,-91.3762,42.3543,10972.8,False,200.17,271.33,0.0,,11422.38,4340,False,0,2025-06-30 23:17:20
a15c80,AAL3072 ,United States,1751325439.0,1751325439,-101.5282,39.0887,10058.4,False,248.76,112.11,0.0,,10568.94,1517,False,0,2025-06-30 23:17:20
a593cb,N459CP  ,United States,1751325439.0,1751325439,-121.7638,39.991,3543.3,False,85.47,177.59,0.0,,3695.7,,False,0,2025-06-30 23:17:20
a3ec77,USC101  ,United States,1751325440.0,1751325440,-77.8019,38.3698,7955.28,False,200.86,223.55,5.2,,8442.96,2131,False,0,2025-06-30 23:17:20
a28f80,SKW3840 ,United States,1751325440.0,1751325440,-122.9633,41.128,9448.8,False,217.33,172.66,0.65,,9898.38,6604,False,0,2025-06-30 23:17:20
ad79d5,N96792  ,United States,1751325440.0,1751325440,-71.7935,42.5482,548.64,False,53.54,92.2,0.33,,563.88,,False,0,2025-06-30 23:17:20
c04738,CJT2385 ,Canada,1751325437.0,1751325437,-88.7009,47.7819,10980.42,False,223.12,293.08,0.0,,11216.64,,False,0,2025-06-30 23:17:20
a83174,NKS2521 ,United States,1751325439.0,1751325440,-81.4614,35.4532,11186.16,False,232.67,128.9,-4.55,,11864.34,7141,False,0,2025-06-30 23:17:20
ad79eb,AAL986  ,United States,1751325440.0,1751325440,-85.3748,35.6525,5821.68,False,199.82,257.36,-11.05,,6164.58,5713,False,0,2025-06-30 23:17:20
a3c9e2,EJA343  ,United States,1751325439.0,1751325439,-121.478,38.5007,7620.0,False,221.53,44.91,0.0,,7962.9,4571,False,0,2025-06-30 23:17:20
a3ff2e,CXK557  ,United States,1751325395.0,1751325399,-117.7677,34.0903,403.86,False,34.34,278.62,-1.95,,358.14,,False,0,2025-06-30 23:17:20
ac33c4,SWA2323 ,United States,1751325439.0,1751325439,-75.9605,37.5971,8229.6,False,257.0,34.64,0.0,,8724.9,5624,False,0,2025-06-30 23:17:20
7380c6,ELY006  ,Israel,1751325440.0,1751325440,-101.7078,41.9749,10660.38,False,257.7,66.97,0.0,,11186.16,2466,False,0,2025-06-30 23:17:20
a9b43f,AAL2949 ,United States,1751325439.0,1751325439,-75.1261,40.061,1828.8,False,132.3,106.96,0.33,,1889.76,1175,False,0,2025-06-30 23:17:20
a340c8,N309AG  ,United States,1751325439.0,1751325439,-77.8123,39.2234,1234.44,False,119.57,33.42,0.0,,1264.92,1752,False,0,2025-06-30 23:17:20
a340d2,ASA1097 ,United States,1751325433.0,1751325433,-122.3147,47.4601,,True,11.83,78.75,,,,7642,False,0,2025-06-30 23:17:20
344344,IBE03CC ,Spain,1751325440.0,1751325440,-76.8281,42.4124,11277.6,False,265.82,99.24,0.0,,11894.82,3532,False,0,2025-06-30 23:17:20
a6f17a,N54661  ,United States,1751325439.0,1751325440,-121.2563,38.279,1242.06,False,38.92,224.46,0.0,,1249.68,1200,False,0,2025-06-30 23:17:20
a8dadc,NOAA67  ,United States,1751325439.0,1751325439,-103.2591,39.4509,7620.0,False,145.31,109.65,0.0,,8061.96,,False,0,2025-06-30 23:17:20
ac212d,SWA3310 ,United States,1751325439.0,1751325439,-85.6954,34.2404,10980.42,False,240.09,292.55,0.0,,11650.98,1071,False,0,2025-06-30 23:17:20
ad9ac9,JBU101  ,United States,1751325382.0,1751325382,-83.2136,25.5092,10370.82,False,234.64,282.67,0.0,,10965.18,,False,0,2025-06-30 23:17:20
ab0158,UAL2148 ,United States,1751325439.0,1751325439,-79.9232,37.5782,11056.62,False,220.76,237.27,1.95,,11704.32,3735,False,0,2025-06-30 23:17:20
ad5457,,United States,1751325194.0,1751325194,-97.5052,39.6215,1828.8,False,92.82,258.81,-0.65,,2217.42,,False,0,2025-06-30 23:17:20
ab014c,N808TP  ,United States,1751325261.0,1751325261,-122.9972,46.541,1203.96,False,61.46,151.5,-2.28,,1242.06,,False,0,2025-06-30 23:17:20
a28eb7,JSX109  ,United States,1751325439.0,1751325439,-117.2758,34.7829,5654.04,False,196.65,255.45,-5.2,,5974.08,,False,0,2025-06-30 23:17:20
adfdbe,ROLER11 ,United States,1751325439.0,1751325439,-123.8568,48.1606,8229.6,False,160.22,137.6,0.0,,8557.26,,False,0,2025-06-30 23:17:20
a36825,JBU2080 ,United States,1751325399.0,1751325404,-78.4494,29.5642,10668.0,False,229.45,3.86,0.0,,11193.78,6601,False,0,2025-06-30 23:17:20
acddf8,EDV5250 ,United States,1751325310.0,1751325315,-78.73,42.9369,,True,1.8,143.44,,,,2326,False,0,2025-06-30 23:17:20
a5d0be,N474J   ,United States,1751325439.0,1751325439,-113.3344,34.7566,6705.6,False,143.02,270.21,-0.33,,7086.6,4107,False,0,2025-06-30 23:17:20
a04edb,AAL506  ,United States,1751325440.0,1751325440,-94.5213,37.8645,9761.22,False,226.55,294.41,0.33,,10309.86,5716,False,0,2025-06-30 23:17:20
a12861,DAL939  ,United States,1751325412.0,1751325413,-108.1004,39.595,10675.62,False,240.95,60.59,0.0,,11247.12,7371,False,0,2025-06-30 23:17:20
aaf488,N805AZ  ,United States,1751325439.0,1751325439,-117.8315,33.835,1691.64,False,46.37,72.57,0.0,,1706.88,,False,0,2025-06-30 23:17:20
ab1496,AAL1421 ,United States,1751325439.0,1751325439,-73.7997,39.6102,9098.28,False,249.14,220.73,-3.9,,9585.96,3542,False,0,2025-06-30 23:17:20
ac3477,DAL2772 ,United States,1751325439.0,1751325439,-84.3822,33.6319,457.2,False,82.32,270.72,-3.9,,472.44,2311,False,0,2025-06-30 23:17:20
acdde3,SWA540  ,United States,1751325440.0,1751325440,-112.051,32.8599,11277.6,False,243.46,100.72,0.33,,11917.68,4412,False,0,2025-06-30 23:17:20
a6f0e3,N5462Q  ,United States,1751325436.0,1751325436,-121.0142,44.0065,2072.64,False,41.0,107.53,1.3,,2118.36,,False,0,2025-06-30 23:17:20
adb782,AAL845  ,United States,1751325439.0,1751325440,-74.9579,39.8789,1021.08,False,111.98,351.01,-5.53,,1051.56,3325,False,0,2025-06-30 23:17:20
a9d9f7,AAL730  ,United States,1751325439.0,1751325440,-79.5945,35.5171,8313.42,False,232.12,53.56,8.13,,8823.96,,False,0,2025-06-30 23:17:20
a9d9f2,ASA291  ,United States,1751325439.0,1751325439,-90.8701,39.4242,6309.36,False,207.7,149.82,-11.05,,6621.78,3505,False,0,2025-06-30 23:17:20
ac2154,SWA2832 ,United States,1751325440.0,1751325440,-82.7118,28.2785,2042.16,False,114.78,88.2,-7.15,,2164.08,2713,False,0,2025-06-30 23:17:20
abaadd,SWA1184 ,United States,1751325439.0,1751325439,-84.322,33.1129,11582.4,False,231.6,345.07,0.0,,12252.96,1474,False,0,2025-06-30 23:17:20
aa3c86,N759LV  ,United States,1751325439.0,1751325439,-121.2909,47.6108,2682.24,False,58.9,154.11,0.65,,2827.02,1200,False,0,2025-06-30 23:17:20
a8ef5f,N675MA  ,United States,1751325439.0,1751325439,-109.6568,32.7506,8534.4,False,128.43,290.39,-0.33,,9014.46,,False,0,2025-06-30 23:17:20
a3a503,DAL2271 ,United States,1751325439.0,1751325439,-104.0777,40.6889,6515.1,False,227.16,47.2,6.5,,6896.1,,False,0,2025-06-30 23:17:20
ab017b,VXP725  ,United States,1751325439.0,1751325439,-85.8506,36.2985,5699.76,False,194.04,61.67,10.73,,6004.56,5667,False,0,2025-06-30 23:17:20
ac2173,SWA2927 ,United States,1751325439.0,1751325439,-81.2567,28.6428,1120.14,False,125.8,196.88,-4.88,,1203.96,6511,False,0,2025-06-30 23:17:20
a53ea4,N437RP  ,United States,1751325338.0,1751325342,-91.9587,34.5236,4389.12,False,104.51,247.73,-0.65,,4617.72,1446,False,0,2025-06-30 23:17:20
a9d9ec,N734AE  ,United States,1751325439.0,1751325439,-80.1124,25.7687,274.32,False,53.62,8.83,-0.33,,297.18,,False,0,2025-06-30 23:17:20
a580b8,N4538G  ,United States,1751325385.0,1751325385,-123.1561,45.1894,152.4,False,26.58,75.43,-3.25,,114.3,,False,0,2025-06-30 23:17:20
a580b6,N4538E  ,United States,1751325256.0,1751325257,-74.4558,41.7252,1219.2,False,53.54,87.8,1.3,,1242.06,,False,0,2025-06-30 23:17:20
a89f54,ASI148  ,United States,1751325439.0,1751325439,-112.4232,33.7896,1455.42,False,34.2,248.84,-7.15,,1455.42,1200,False,0,2025-06-30 23:17:20
ad4171,SKW5915 ,United States,1751325439.0,1751325440,-96.0558,41.0329,4030.98,False,194.63,257.95,-10.73,,4191.0,3212,False,0,2025-06-30 23:17:20
accaf4,SKW5068 ,United States,1751325439.0,1751325439,-91.3419,31.5642,8740.14,False,206.02,253.01,3.9,,9288.78,,False,0,2025-06-30 23:17:20
a28ee7,SWA8506 ,United States,1751325440.0,1751325440,-82.5588,33.1646,8473.44,False,223.79,293.15,-10.08,,8976.36,2016,False,0,2025-06-30 23:17:20
adb77f,NKS2506 ,United States,1751325440.0,1751325440,-117.6735,33.3173,6233.16,False,202.97,138.39,-13.33,,6568.44,3673,False,0,2025-06-30 23:17:20
a710b9,N55401  ,United States,1751325431.0,1751325438,-90.7442,33.4808,1036.32,False,61.95,85.24,-0.65,,1074.42,,False,0,2025-06-30 23:17:20
a5e3e4,EDV5232 ,United States,1751325439.0,1751325439,-73.9359,40.5635,1828.8,False,134.39,207.84,-0.33,,1889.76,2333,False,0,2025-06-30 23:17:20
a4b0bb,DAL56   ,United States,1751325439.0,1751325439,-107.5589,42.5892,11277.6,False,253.45,61.51,0.65,,11856.72,,False,0,2025-06-30 23:17:20
aa4f70,N7633B  ,United States,1751325345.0,1751325345,-116.9327,32.8194,381.0,False,38.06,279.33,0.33,,320.04,,False,0,2025-06-30 23:17:20
a09239,RPA4435 ,United States,1751325439.0,1751325439,-79.6285,39.2783,9151.62,False,238.9,95.81,-4.88,,9685.02,3473,True,0,2025-06-30 23:17:20
a1beb8,MDS211  ,United States,1751325439.0,1751325439,-105.6277,31.3382,4808.22,False,143.38,298.04,-1.63,,5074.92,,False,0,2025-06-30 23:17:20
ab39e3,SKW3564 ,United States,1751325438.0,1751325439,-85.4265,34.6333,7894.32,False,230.38,142.44,-6.5,,8359.14,6253,False,0,2025-06-30 23:17:20
a90f3d,N683K   ,United States,1751325440.0,1751325440,-122.5011,45.5579,342.9,False,57.11,299.1,-3.58,,320.04,,False,0,2025-06-30 23:17:20
a6800a,KPO518  ,United States,1751325178.0,1751325178,-73.8059,42.7731,190.5,False,49.92,178.23,-1.95,,167.64,2562,False,0,2025-06-30 23:17:20
ad474c,DAL2803 ,United States,1751325439.0,1751325439,-84.4313,33.6406,,True,6.69,0.0,,,,5611,False,0,2025-06-30 23:17:20
a3204f,N300LC  ,United States,1751325440.0,1751325440,-96.8423,32.1335,1645.92,False,51.7,137.42,-1.3,,1722.12,,False,0,2025-06-30 23:17:20
a0c06b,N148AC  ,United States,1751325440.0,1751325440,-118.7246,34.0314,480.06,False,53.19,265.01,-1.63,,441.96,,False,0,2025-06-30 23:17:20
a20072,N228TR  ,United States,1751325286.0,1751325286,-73.152,41.5619,624.84,False,50.44,178.25,-7.15,,746.76,,False,0,2025-06-30 23:17:20
a3338c,SKW3831 ,United States,1751325439.0,1751325439,-81.3955,40.5329,6332.22,False,177.1,254.67,10.08,,6659.88,7451,False,0,2025-06-30 23:17:20
ac5ab7,SWA990  ,United States,1751325439.0,1751325439,-81.133,32.166,1249.68,False,116.99,342.6,12.68,,1295.4,,False,0,2025-06-30 23:17:20
abe101,SWA991  ,United States,1751325269.0,1751325269,-90.2602,29.9914,,True,27.78,106.88,,,,6541,False,0,2025-06-30 23:17:20
a5d668,UAL2018 ,United States,1751325155.0,1751325157,-81.8459,41.4173,289.56,False,77.79,230.1,-3.58,,236.22,3003,False,0,2025-06-30 23:17:20
a6932d,N5223R  ,United States,1751325186.0,1751325188,-80.2932,25.9125,0.0,False,37.1,86.82,-2.6,,15.24,,False,0,2025-06-30 23:17:20
a9b958,N7256Q  ,United States,1751325439.0,1751325439,-90.8198,33.6811,914.4,False,56.79,222.8,0.98,,944.88,1200,False,0,2025-06-30 23:17:20
acbdae,N92VB   ,United States,1751325425.0,1751325438,-123.1008,44.3354,845.82,False,63.46,191.22,0.0,,845.82,,False,0,2025-06-30 23:17:20
a70333,ASA1257 ,United States,1751325439.0,1751325439,-121.9307,46.953,6515.1,False,219.79,154.93,9.75,,6797.04,1636,False,0,2025-06-30 23:17:20
a2004b,N228SB  ,United States,1751325440.0,1751325440,-97.3719,36.0008,7871.46,False,258.01,87.37,-10.08,,8328.66,,False,0,2025-06-30 23:17:20
4079cd,VIR36VL ,United Kingdom,1751325440.0,1751325440,-76.9861,36.2417,11887.2,False,240.23,35.32,0.0,,12550.14,0732,False,0,2025-06-30 23:17:20
c025fc,JZA766  ,Canada,1751325439.0,1751325439,-117.3643,32.9942,3345.18,False,139.58,144.9,-6.83,,3482.34,7057,False,0,2025-06-30 23:17:20
aa1abe,N750HF  ,United States,1751325439.0,1751325439,-117.0189,34.742,6103.62,False,210.44,262.98,0.0,,6416.04,4634,False,0,2025-06-30 23:17:20
ac1466,DAL533  ,United States,1751325439.0,1751325439,-118.5097,47.5365,10058.4,False,250.64,88.35,0.0,,10485.12,1547,False,0,2025-06-30 23:17:20
a33377,N305SB  ,United States,1751325440.0,1751325440,-117.1437,34.1095,670.56,False,31.32,312.34,1.63,,617.22,1206,False,0,2025-06-30 23:17:20
a2005a,SIS28   ,United States,1751325439.0,1751325439,-104.1168,42.3039,12192.0,False,229.83,283.73,-0.33,,12755.88,5650,False,0,2025-06-30 23:17:20
ad7ab8,JBU1200 ,United States,1751325439.0,1751325439,-101.1262,30.9524,10066.02,False,241.03,79.05,0.33,,10690.86,1070,False,0,2025-06-30 23:17:20
a81000,UAL1635 ,United States,1751325439.0,1751325440,-90.92,34.3724,10058.4,False,249.9,70.89,0.0,,10668.0,7663,False,0,2025-06-30 23:17:20
a81001,UAL2347 ,United States,1751325439.0,1751325440,-103.2979,42.2267,11277.6,False,245.04,84.34,0.0,,11818.62,2462,False,0,2025-06-30 23:17:20
a81005,UAL8166 ,United States,1751325439.0,1751325439,-107.7802,42.7495,10668.0,False,241.21,148.78,-0.33,,11224.26,,False,0,2025-06-30 23:17:20
a5d68e,N47537  ,United States,1751325439.0,1751325439,-70.9079,43.035,670.56,False,71.14,347.47,-0.33,,685.8,,False,0,2025-06-30 23:17:20
ac0143,SWA3846 ,United States,1751325440.0,1751325440,-101.3273,30.7944,11277.6,False,246.98,91.07,0.0,,11971.02,7731,False,0,2025-06-30 23:17:20
a81006,UAL1001 ,United States,1751325433.0,1751325433,-84.1748,45.522,8793.48,False,195.62,236.48,-5.53,,9159.24,3523,False,0,2025-06-30 23:17:20
a5d68a,UAL1820 ,United States,1751325439.0,1751325440,-77.972,34.144,10058.4,False,232.64,1.77,0.0,,10637.52,,False,0,2025-06-30 23:17:20
c06e87,ACA375  ,Canada,1751325405.0,1751325405,-73.7503,45.4683,,True,8.75,357.19,,,,,False,0,2025-06-30 23:17:20
a87cbb,NKS2262 ,United States,1751325439.0,1751325439,-89.0996,31.3946,10965.18,False,235.21,268.25,0.0,,11650.98,2120,False,0,2025-06-30 23:17:20
a7bff9,N599MR  ,United States,1751325431.0,1751325431,-94.3712,38.0053,2727.96,False,83.02,172.52,0.33,,2827.02,,False,0,2025-06-30 23:17:20
ac5ada,SWA2523 ,United States,1751325439.0,1751325439,-77.348,38.6724,5013.96,False,180.04,85.74,-8.13,,5288.28,1572,False,0,2025-06-30 23:17:20
c012bd,WJA1591 ,Canada,1751325440.0,1751325440,-91.0626,41.9114,10972.8,False,220.47,315.95,0.33,,11460.48,3211,False,0,2025-06-30 23:17:20
a4798f,FFT3109 ,United States,1751325439.0,1751325439,-91.1971,33.9391,11582.4,False,224.09,224.63,0.0,,12275.82,6073,False,0,2025-06-30 23:17:20
aa974f,SWA459  ,United States,1751325440.0,1751325440,-84.3964,30.6959,11887.2,False,239.73,180.25,0.0,,12557.76,5534,False,0,2025-06-30 23:17:20
abe147,SWA206  ,United States,1751325439.0,1751325439,-92.4263,40.137,11277.6,False,257.29,70.01,0.0,,11826.24,,False,0,2025-06-30 23:17:20
a2be06,AAY2728 ,United States,1751325440.0,1751325440,-95.5207,30.7577,9258.3,False,243.12,68.27,3.9,,9837.42,4536,False,0,2025-06-30 23:17:20
acaae3,SKW5828 ,United States,1751325437.0,1751325437,-87.9309,41.9743,,True,0.0,264.38,,,,,False,0,2025-06-30 23:17:20
a5d623,UAL668  ,United States,1751325075.0,1751325130,-92.4286,27.5592,10363.2,False,238.06,320.88,0.0,,11003.28,,False,0,2025-06-30 23:17:20
c038ca,ACA826  ,Canada,1751325397.0,1751325434,-79.6342,43.6932,205.74,True,0.06,11.25,,,,2263,False,0,2025-06-30 23:17:20
a1e08d,N22VK   ,United States,1751325440.0,1751325440,-122.3717,46.1452,3581.4,False,161.85,200.85,-7.8,,3733.8,4671,False,0,2025-06-30 23:17:20
a358a5,N3144V  ,United States,1751325418.0,1751325419,-122.2763,38.2226,60.96,False,27.34,199.8,-1.95,,15.24,,False,0,2025-06-30 23:17:20
a5864b,N455SM  ,United States,1751325440.0,1751325440,-79.1438,37.9978,12192.0,False,240.62,199.09,0.0,,12877.8,1011,False,0,2025-06-30 23:17:20
a0f8cb,UCA4890 ,United States,1751325439.0,1751325439,-83.9582,35.8431,464.82,False,69.48,225.3,-3.9,,457.2,3264,False,0,2025-06-30 23:17:20
ac5afd,SWA4721 ,United States,1751325440.0,1751325440,-109.4038,33.7532,11277.6,False,235.09,109.03,-0.33,,11932.92,1062,False,0,2025-06-30 23:17:20
a4fcd4,N420NJ  ,United States,1751325440.0,1751325440,-81.3036,34.1172,3886.2,False,136.97,335.36,8.78,,4084.32,,False,0,2025-06-30 23:17:20
a5d648,UAL1020 ,United States,1751325158.0,1751325158,-94.2401,28.4195,8046.72,False,247.74,120.72,3.9,,7924.8,2546,False,0,2025-06-30 23:17:20
a9da5c,N734ES  ,United States,1751325439.0,1751325439,-117.0398,33.6079,1645.92,False,46.13,172.95,2.93,,1676.4,,False,0,2025-06-30 23:17:20
a118d5,N17WN   ,United States,1751325328.0,1751325328,-83.3889,42.666,441.96,False,55.58,268.41,-4.23,,365.76,,False,0,2025-06-30 23:17:20
a8ba8d,N66119  ,United States,1751325439.0,1751325439,-123.1373,45.1673,251.46,False,32.7,24.15,0.0,,213.36,,False,0,2025-06-30 23:17:20
a5c31b,SWA3062 ,United States,1751325426.0,1751325431,-84.4321,33.6402,,True,0.0,272.81,,,,,False,0,2025-06-30 23:17:20
a9ed9d,N739MR  ,United States,1751325440.0,1751325440,-123.9365,45.7972,1950.72,False,48.4,2.44,0.0,,2011.68,,False,0,2025-06-30 23:17:20
ad2169,N945TE  ,United States,1751325438.0,1751325438,-86.2343,36.1494,975.36,False,59.78,33.42,0.98,,998.22,1200,False,0,2025-06-30 23:17:20
a76fe9,ASA1358 ,United States,1751325440.0,1751325440,-122.7244,46.3873,5943.6,False,199.16,358.52,-9.43,,6217.92,3750,False,0,2025-06-30 23:17:20
a93061,N691W   ,United States,1751325440.0,1751325440,-122.7671,45.2708,304.8,False,34.82,325.84,4.55,,281.94,,False,0,2025-06-30 23:17:20
aae703,N801QS  ,United States,1751325439.0,1751325439,-79.1978,26.1438,13106.4,False,232.18,10.34,0.0,,13693.14,,False,0,2025-06-30 23:17:20
a37b0c,AAL2035 ,United States,1751325439.0,1751325439,-101.8996,30.8319,10972.8,False,227.65,261.81,0.0,,11650.98,7610,True,0,2025-06-30 23:17:20
a345b9,N31NW   ,United States,1751325139.0,1751325143,-112.7868,34.9233,4358.64,False,88.9,280.33,-1.95,,4632.96,,False,0,2025-06-30 23:17:20
adde95,JBU220  ,United States,1751325440.0,1751325440,-97.0062,40.8988,10668.0,False,263.4,82.82,0.0,,11148.06,7205,False,0,2025-06-30 23:17:20
a105ff,N165TW  ,United States,1751325245.0,1751325245,-118.3336,33.7983,114.3,False,28.52,309.14,-3.9,,30.48,,False,0,2025-06-30 23:17:20
ac2706,UAL431  ,United States,1751325439.0,1751325439,-114.0191,38.3834,11567.16,False,222.23,266.15,0.0,,12176.76,,False,0,2025-06-30 23:17:20
a4b5b6,SKW3383 ,United States,1751325439.0,1751325439,-120.4246,34.8767,5501.64,False,176.03,141.29,9.1,,5760.72,,False,0,2025-06-30 23:17:20
a3a8ef,FFT3871 ,United States,1751325439.0,1751325439,-111.9658,36.566,9448.8,False,229.09,197.38,-0.33,,9974.58,,False,0,2025-06-30 23:17:20
a63e1b,N501ER  ,United States,1751325439.0,1751325439,-118.414,34.2604,,True,3.09,320.62,,,,,False,0,2025-06-30 23:17:20
a095f0,RPA4495 ,United States,1751325439.0,1751325439,-85.6244,36.3845,5570.22,False,206.45,67.59,4.88,,5875.02,2541,False,0,2025-06-30 23:17:20
a50b0e,LXJ424  ,United States,1751325439.0,1751325439,-72.0935,41.522,5189.22,False,179.0,64.1,0.0,,5448.3,3045,False,0,2025-06-30 23:17:20
a0f8f1,UCA4814 ,United States,1751325187.0,1751325248,-90.7729,32.263,3611.88,False,161.23,101.6,-6.18,,3794.76,2523,True,0,2025-06-30 23:17:20
a01b56,DAL524  ,United States,1751325439.0,1751325439,-80.0742,37.8059,10668.0,False,236.92,112.33,0.0,,11300.46,3152,False,0,2025-06-30 23:17:20
c038a3,ACA847  ,Canada,1751325292.0,1751325292,-73.7584,45.4605,,True,2.57,101.25,,,,2516,False,0,2025-06-30 23:17:20
aa716b,N772KW  ,United States,1751325439.0,1751325439,-80.2617,26.9398,2034.54,False,71.47,353.39,-1.63,,2156.46,,False,0,2025-06-30 23:17:20
c0003e,,Canada,1751325440.0,1751325440,-79.0129,44.0899,6103.62,False,169.9,225.86,-7.48,,6347.46,4301,False,0,2025-06-30 23:17:20
a87cf9,QXE2020 ,United States,1751325440.0,1751325440,-121.6169,45.5291,3459.48,False,154.44,267.9,-5.2,,3634.74,4075,False,0,2025-06-30 23:17:20
aae73b,SCX503  ,United States,1751325439.0,1751325439,-95.456,41.6699,11582.4,False,217.45,202.68,-0.33,,12070.08,,False,0,2025-06-30 23:17:20
a1f2cd,N2244M  ,United States,1751325438.0,1751325438,-80.4749,27.6112,632.46,False,50.79,263.02,1.95,,685.8,,False,0,2025-06-30 23:17:20
020122,RAM208M ,Morocco,1751325439.0,1751325439,-71.3384,45.9804,8663.94,False,236.27,268.0,-7.15,,9052.56,2531,False,0,2025-06-30 23:17:20
020121,RAM218W ,Morocco,1751325439.0,1751325439,-77.1042,37.092,7315.2,False,225.97,284.64,-0.33,,7749.54,2742,False,0,2025-06-30 23:17:20
aae757,UAL793C ,United States,1751325440.0,1751325440,-88.8181,37.2808,10972.8,False,223.1,183.17,0.33,,11628.12,1330,False,0,2025-06-30 23:17:20
ab0777,N81ER   ,United States,1751325440.0,1751325440,-94.0396,41.6272,13716.0,False,230.57,77.76,0.0,,14226.54,3751,False,0,2025-06-30 23:17:20
ab0779,N81ET   ,United States,1751325439.0,1751325439,-77.9645,41.505,2438.4,False,127.45,304.97,0.0,,2491.74,2656,False,0,2025-06-30 23:17:20
a9eca5,N739BT  ,United States,1751325327.0,1751325327,-122.2715,47.8917,182.88,False,31.4,1.88,-1.3,,228.6,,False,0,2025-06-30 23:17:20
a8103e,ASA140  ,United States,1751325440.0,1751325440,-122.5475,47.6971,3741.42,False,154.43,154.97,-7.48,,3924.3,4114,False,0,2025-06-30 23:17:20
a95665,AAL1317 ,United States,1751325440.0,1751325440,-86.2501,38.7302,7216.14,False,226.57,174.0,9.43,,7581.9,6756,False,0,2025-06-30 23:17:20
a37b1c,SKW3589 ,United States,1751325440.0,1751325440,-119.8466,39.7463,10363.2,False,239.36,349.85,0.33,,10858.5,7264,False,0,2025-06-30 23:17:20
a1f2b1,UAL40   ,United States,1751325439.0,1751325439,-66.9263,43.6027,10058.4,False,270.41,55.46,-0.33,,10576.56,1525,False,0,2025-06-30 23:17:20
ac6de4,N90LY   ,United States,1751325440.0,1751325440,-121.636,44.1947,3794.76,False,111.67,283.59,0.0,,3985.26,,False,0,2025-06-30 23:17:20
a25b3f,ASA432  ,United States,1751325439.0,1751325439,-100.1309,31.1145,10668.0,False,244.79,79.59,0.0,,11315.7,0737,False,0,2025-06-30 23:17:20
ad4747,AAL1681 ,United States,1751325280.0,1751325280,-97.0547,32.9148,190.5,False,74.08,179.6,-2.6,,167.64,0731,False,0,2025-06-30 23:17:20
ad4744,ASA598  ,United States,1751325160.0,1751325160,-87.9077,41.9716,,True,5.66,92.81,,,,1401,False,0,2025-06-30 23:17:20
a93019,N691TC  ,United States,1751325439.0,1751325439,-85.5616,38.2751,701.04,False,44.09,235.94,-1.95,,678.18,,False,0,2025-06-30 23:17:20
a5b078,LXJ466  ,United States,1751325439.0,1751325439,-80.2136,43.8278,8839.2,False,221.09,190.19,0.0,,9250.68,2222,False,0,2025-06-30 23:17:20
acbe3c,DAL3101 ,United States,1751325438.0,1751325439,-84.0785,33.8096,2369.82,False,124.02,181.43,-7.48,,2484.12,4433,False,0,2025-06-30 23:17:20
a9ee0d,N739SC  ,United States,1751325440.0,1751325440,-104.5218,39.8047,1821.18,False,43.14,351.77,3.58,,1889.76,,False,0,2025-06-30 23:17:20
ab4e87,N8279Z  ,United States,1751325438.0,1751325439,-122.2704,47.1065,624.84,False,59.16,270.5,0.98,,640.08,,False,0,2025-06-30 23:17:20
a9ee38,N739TW  ,United States,1751325439.0,1751325439,-122.1597,37.4803,640.08,False,40.68,237.92,1.95,,609.6,1200,False,0,2025-06-30 23:17:20
780a70,CPA3295 ,China,1751325439.0,1751325439,-73.7975,44.914,10668.0,False,248.57,350.11,0.0,,11186.16,1714,False,0,2025-06-30 23:17:20
a9db01,N734MG  ,United States,1751325440.0,1751325440,-80.4543,27.7166,1767.84,False,49.13,162.32,0.0,,1882.14,1653,False,0,2025-06-30 23:17:20
ad7b17,AAL1747 ,United States,1751325440.0,1751325440,-87.8754,40.6825,7947.66,False,238.25,178.64,10.4,,8336.28,6276,False,0,2025-06-30 23:17:20
ac5b43,SWA154  ,United States,1751325439.0,1751325439,-92.0302,34.8733,10363.2,False,228.77,212.51,0.0,,10995.66,3512,False,0,2025-06-30 23:17:20
a2ab73,AAY3067 ,United States,1751325439.0,1751325440,-86.1819,34.8693,10378.44,False,238.42,326.17,0.0,,11010.9,1066,False,0,2025-06-30 23:17:20
a38e8e,N3281L  ,United States,1751325439.0,1751325440,-77.0803,38.5679,914.4,False,34.29,207.72,-1.3,,937.26,5114,False,0,2025-06-30 23:17:20
c06ce4,CGPGD   ,Canada,1751325439.0,1751325439,-72.6892,40.8894,1394.46,False,136.0,9.14,12.03,,1447.8,,False,0,2025-06-30 23:17:20
a4eb8d,N416MR  ,United States,1751325440.0,1751325440,-122.7437,46.3726,3962.4,False,74.96,78.92,1.63,,4122.42,,False,0,2025-06-30 23:17:20
a452c4,DAL832  ,United States,1751325439.0,1751325439,-77.4229,37.669,5775.96,False,189.78,13.96,-3.9,,6118.86,1775,False,0,2025-06-30 23:17:20
a968df,DAL668  ,United States,1751325440.0,1751325440,-95.0609,38.4812,11277.6,False,249.02,100.47,0.0,,11864.34,1712,False,0,2025-06-30 23:17:20
a46705,CXK244  ,United States,1751325439.0,1751325439,-80.68,35.5167,723.9,False,42.38,190.49,0.0,,731.52,,False,0,2025-06-30 23:17:20
a34729,DAL1098 ,United States,1751325440.0,1751325440,-74.748,45.6266,9761.22,False,221.27,294.3,0.0,,10203.18,1376,False,0,2025-06-30 23:17:20
4bb0ec,THY81D  ,Turkey,1751325439.0,1751325440,-69.5263,42.8843,7124.7,False,191.74,241.65,-7.8,,7475.22,0736,False,0,2025-06-30 23:17:20
a0e751,UAL1934 ,United States,1751325439.0,1751325439,-90.1967,35.0403,11757.66,False,243.61,51.77,-11.7,,12435.84,2401,False,0,2025-06-30 23:17:20
adde4c,N993FG  ,United States,1751325439.0,1751325439,-78.81,35.9189,906.78,False,60.24,82.15,0.0,,914.4,,False,0,2025-06-30 23:17:20
c07fb1,,Canada,1751325401.0,1751325401,-86.6806,36.128,,True,4.12,196.88,,,,,False,0,2025-06-30 23:17:20
a715a6,N5559W  ,United States,1751325417.0,1751325418,-107.8251,42.5381,7315.2,False,131.69,319.28,0.65,,7696.2,,False,0,2025-06-30 23:17:20
acab3f,SWA193  ,United States,1751325409.0,1751325409,-106.6131,35.0465,,True,6.94,182.81,,,,,False,0,2025-06-30 23:17:20
a5d5ae,SWA2913 ,United States,1751325439.0,1751325439,-75.051,39.3467,9799.32,False,235.0,225.35,10.08,,10363.2,7157,False,0,2025-06-30 23:17:20
a968bb,SKW6304 ,United States,1751325268.0,1751325268,-97.0261,32.9014,,True,26.24,185.62,,,,5220,False,0,2025-06-30 23:17:20
a572af,LXJ450  ,United States,1751325378.0,1751325383,-118.4879,34.2046,,True,0.0,216.56,,,,,False,0,2025-06-30 23:17:20
ad7b4d,EJA968  ,United States,1751325440.0,1751325440,-122.2783,47.5015,137.16,False,53.67,330.73,-3.58,,121.92,7055,False,0,2025-06-30 23:17:20
a49b8d,N39609  ,United States,1751325438.0,1751325438,-93.2243,42.4397,640.08,False,42.3,288.43,-3.25,,739.14,,False,0,2025-06-30 23:17:20
ad7b7c,N968SP  ,United States,1751325379.0,1751325388,-96.3535,42.6728,2110.74,False,77.61,165.41,-3.58,,2125.98,4555,False,0,2025-06-30 23:17:20
a51e7d,EJA429  ,United States,1751325439.0,1751325439,-87.1037,33.2477,4671.06,False,175.6,205.14,14.96,,4907.28,,False,0,2025-06-30 23:17:20
c07fe9,WJA328  ,Canada,1751325440.0,1751325440,-75.1365,45.0453,11277.6,False,259.02,70.63,0.0,,11811.0,0515,False,0,2025-06-30 23:17:20
4bb0e3,THY79K  ,Turkey,1751325439.0,1751325440,-121.8759,38.8801,11300.46,False,237.26,232.93,-15.28,,11833.86,3361,False,0,2025-06-30 23:17:20
aa2e0b,EJA755  ,United States,1751325438.0,1751325438,-112.5674,36.9591,12633.96,False,241.46,241.63,-5.53,,13319.76,1351,False,0,2025-06-30 23:17:20
a6f5b5,ASA773  ,United States,1751325440.0,1751325440,-119.641,35.8523,11277.6,False,221.93,189.07,0.33,,11856.72,1644,False,0,2025-06-30 23:17:20
a98b8b,N714GM  ,United States,1751325439.0,1751325439,-87.0208,35.8486,1074.42,False,70.29,199.23,-0.33,,1097.28,,False,0,2025-06-30 23:17:20
ac0094,SWA964  ,United States,1751325404.0,1751325437,-92.6775,31.9772,10363.2,False,230.93,277.55,-0.33,,11003.28,1423,False,0,2025-06-30 23:17:20
a5d713,UAL1845 ,United States,1751325439.0,1751325439,-84.8886,39.0106,9753.6,False,221.21,270.27,0.0,,10309.86,6551,False,0,2025-06-30 23:17:20
a0d456,N15222  ,United States,1751325439.0,1751325440,-84.246,38.9166,640.08,False,63.11,319.3,0.98,,594.36,,False,0,2025-06-30 23:17:20
a33425,,United States,1751325356.0,1751325356,-79.4506,26.0492,2758.44,False,126.52,255.4,-6.5,,2918.46,,False,0,2025-06-30 23:17:20
a51dc0,N429HC  ,United States,1751325440.0,1751325440,-71.3169,42.2913,434.34,False,57.12,218.42,2.6,,434.34,,False,0,2025-06-30 23:17:20
a19107,N20PZ   ,United States,1751325436.0,1751325436,-123.1747,44.2488,2606.04,False,91.23,15.37,0.0,,2712.72,,False,0,2025-06-30 23:17:20
ad2095,JBU387  ,United States,1751325439.0,1751325439,-102.6387,40.2962,10363.2,False,227.96,256.03,0.0,,10911.84,1356,False,0,2025-06-30 23:17:20
ae537b,R20374  ,United States,1751325410.0,1751325437,-97.3169,32.7678,464.82,False,59.43,354.54,0.0,,457.2,,False,0,2025-06-30 23:17:20
a22768,N238ND  ,United States,1751325439.0,1751325440,-71.3867,42.5818,944.88,False,42.88,259.63,0.0,,944.88,,False,0,2025-06-30 23:17:20
a98b7b,N714FW  ,United States,1751325430.0,1751325438,-97.4016,32.9168,335.28,False,30.26,144.69,1.3,,327.66,,False,0,2025-06-30 23:17:20
a9db63,N734RE  ,United States,1751325439.0,1751325439,-117.2689,32.9844,929.64,False,37.04,217.67,4.55,,914.4,,False,0,2025-06-30 23:17:20
a69418,JIA5316 ,United States,1751325439.0,1751325440,-95.6901,32.2637,7315.2,False,215.11,271.51,0.33,,7757.16,5731,False,0,2025-06-30 23:17:20
a21432,FFT3122 ,United States,1751325439.0,1751325439,-88.0393,32.2057,10058.4,False,240.29,88.9,0.0,,10690.86,2513,False,0,2025-06-30 23:17:20
a4fdc2,N420XX  ,United States,1751325440.0,1751325440,-87.3763,32.2982,7010.4,False,199.73,94.58,0.0,,7421.88,,False,0,2025-06-30 23:17:20
a2274d,N238MB  ,United States,1751325440.0,1751325440,-96.4356,35.1324,3032.76,False,84.37,67.03,0.0,,3177.54,,False,0,2025-06-30 23:17:20
a56107,N446BG  ,United States,1751325435.0,1751325435,-89.9004,43.7513,3070.86,False,72.48,242.53,0.0,,3116.58,,False,0,2025-06-30 23:17:20
780a18,CPA882  ,China,1751325439.0,1751325439,-122.3599,36.9767,10668.0,False,243.77,125.03,-0.33,,11155.68,1401,False,0,2025-06-30 23:17:20
ac38d6,N887LF  ,United States,1751325437.0,1751325437,-115.5575,36.4947,2065.02,False,82.19,290.14,-0.98,,2110.74,,False,0,2025-06-30 23:17:20
a1f46c,NSH225  ,United States,1751325439.0,1751325439,-96.9593,41.1028,12192.0,False,217.65,247.19,0.0,,12725.4,5630,False,0,2025-06-30 23:17:20
abe09a,SWA1929 ,United States,1751325440.0,1751325440,-91.826,37.9166,10668.0,False,245.9,100.49,-0.33,,11269.98,6737,False,0,2025-06-30 23:17:20
a6f5fc,DAL1876 ,United States,1751325439.0,1751325439,-117.291,33.225,4404.36,False,178.37,279.46,-8.78,,4632.96,,False,0,2025-06-30 23:17:20
a822d1,EJA623  ,United States,1751325439.0,1751325439,-112.8057,34.8202,8839.2,False,237.23,133.77,0.0,,9326.88,4677,False,0,2025-06-30 23:17:20
a822d6,QXE2144 ,United States,1751325439.0,1751325439,-118.3797,46.5468,10972.8,False,205.68,243.24,-0.33,,11414.76,,False,0,2025-06-30 23:17:20
a8ce4f,AAL1375 ,United States,1751325439.0,1751325439,-81.3547,35.2537,3032.76,False,171.32,280.91,0.65,,3192.78,,False,0,2025-06-30 23:17:20
a9db19,N734NF  ,United States,1751325440.0,1751325440,-117.2377,33.1433,426.72,False,39.87,160.4,-0.65,,396.24,,False,0,2025-06-30 23:17:20
ad45a4,AAL757  ,United States,1751325440.0,1751325440,-121.3948,46.3613,8846.82,False,246.27,125.65,5.2,,9235.44,1652,False,0,2025-06-30 23:17:20
a955e5,N700PT  ,United States,1751325440.0,1751325440,-118.9311,37.4384,7620.0,False,121.46,181.7,0.65,,8016.24,,False,0,2025-06-30 23:17:20
a1e132,MXY149  ,United States,1751325439.0,1751325439,-86.5063,31.0872,9707.88,False,234.6,84.59,5.85,,10294.62,7432,False,0,2025-06-30 23:17:20
a13af4,DAL679  ,United States,1751325440.0,1751325440,-105.5037,43.1956,10972.8,False,226.94,259.68,-0.33,,11521.44,1033,False,0,2025-06-30 23:17:20
a37ab5,AAY1325 ,United States,1751325440.0,1751325440,-81.8452,33.2013,11292.84,False,232.17,332.41,-0.33,,11955.78,7173,False,0,2025-06-30 23:17:20
a99e73,N719KX  ,United States,1751325440.0,1751325440,-95.4863,33.2951,9304.02,False,208.55,67.67,8.13,,9883.14,0571,False,0,2025-06-30 23:17:20
a3475e,FFT688  ,United States,1751325439.0,1751325439,-79.9753,38.2852,10675.62,False,245.03,63.97,0.0,,11315.7,1414,False,0,2025-06-30 23:17:20
a4b70e,N40242  ,United States,1751325439.0,1751325439,-94.5421,39.0152,1524.0,False,80.49,212.47,1.3,,1577.34,,False,0,2025-06-30 23:17:20
ab05f2,N8092H  ,United States,1751325439.0,1751325440,-71.378,42.6136,731.52,False,49.48,154.77,0.98,,739.14,1200,False,0,2025-06-30 23:17:20
ab05f7,N8092N  ,United States,1751325440.0,1751325440,-73.9398,42.6405,1950.72,False,39.67,189.71,2.6,,2019.3,,False,0,2025-06-30 23:17:20
a2012d,N22803  ,United States,1751325440.0,1751325440,-96.5212,32.5205,762.0,False,51.91,256.24,-0.65,,777.24,1200,False,0,2025-06-30 23:17:20
ac5b20,SWA3515 ,United States,1751325439.0,1751325439,-104.3463,38.1589,11590.02,False,226.41,248.68,-0.65,,12199.62,,False,0,2025-06-30 23:17:20
a86ab5,UAL20   ,United States,1751325439.0,1751325439,-88.0069,36.6695,10058.4,False,259.46,39.53,0.0,,10645.14,4051,False,0,2025-06-30 23:17:20
aa1bff,N750WB  ,United States,1751325439.0,1751325439,-114.7662,47.0661,4968.24,False,55.45,297.04,0.0,,5234.94,,False,0,2025-06-30 23:17:20
a6f777,DAL624  ,United States,1751325439.0,1751325439,-89.6436,31.9019,10668.0,False,236.14,56.1,0.0,,11292.84,4250,False,0,2025-06-30 23:17:20
a44169,UAL1302 ,United States,1751325439.0,1751325439,-107.7818,38.7599,9319.26,False,236.81,229.49,7.8,,9845.04,6576,False,0,2025-06-30 23:17:20
a5613e,N446DM  ,United States,1751325439.0,1751325439,-70.3803,43.7426,678.18,False,76.63,107.58,-4.55,,662.94,,False,0,2025-06-30 23:17:20
a3cafe,N3431R  ,United States,1751325262.0,1751325263,-117.6796,34.1141,457.2,False,28.37,247.62,-2.28,,426.72,0715,False,0,2025-06-30 23:17:20
a82449,N6234C  ,United States,1751325439.0,1751325439,-97.4103,38.8122,1059.18,False,47.8,261.96,-1.3,,1089.66,,False,0,2025-06-30 23:17:20
a6e441,AVL121  ,United States,1751325439.0,1751325439,-77.7322,38.6633,937.26,False,43.39,259.76,0.0,,944.88,,False,0,2025-06-30 23:17:20
a4eae7,KOW416  ,United States,1751325439.0,1751325439,-75.4154,39.0181,10439.4,False,251.04,205.62,6.5,,11041.38,2720,False,0,2025-06-30 23:17:20
ac1563,N878PR  ,United States,1751325439.0,1751325439,-95.5624,43.937,8061.96,False,142.51,71.04,6.83,,8328.66,0124,False,0,2025-06-30 23:17:20
a70463,DAL1150 ,United States,1751325439.0,1751325440,-81.4113,30.5629,10066.02,False,223.37,358.28,0.0,,10622.28,7337,False,0,2025-06-30 23:17:20
ad2218,N9450E  ,United States,1751325439.0,1751325440,-119.227,34.2547,1798.32,False,73.74,345.87,-7.48,,1828.8,4332,False,0,2025-06-30 23:17:20
ad4873,AAL1184 ,United States,1751325439.0,1751325439,-87.1924,41.9693,2865.12,False,141.62,286.46,-4.88,,2948.94,3407,False,0,2025-06-30 23:17:20
ac5bf6,DAL2312 ,United States,1751325439.0,1751325440,-79.8806,38.9918,10066.02,False,245.78,62.04,0.65,,10660.38,2224,False,0,2025-06-30 23:17:20
4bb145,THY5KM  ,Turkey,1751325437.0,1751325439,-89.8645,34.3321,10972.8,False,244.48,225.85,0.0,,11650.98,6023,False,0,2025-06-30 23:17:20
c013d4,AKT162  ,Canada,1751325323.0,1751325323,-73.7457,45.4614,,True,4.12,303.75,,,,,False,0,2025-06-30 23:17:20
a9edb0,NKS2562 ,United States,1751325342.0,1751325350,-78.4781,30.6822,10066.02,False,225.97,7.98,0.33,,10599.42,7420,False,0,2025-06-30 23:17:20
ad7bdf,SWA4119 ,United States,1751325440.0,1751325440,-86.2967,35.0968,12496.8,False,227.78,152.86,0.33,,13190.22,4042,False,0,2025-06-30 23:17:20
c05c86,,Canada,1751325241.0,1751325241,-73.7558,45.4558,,True,0.0,154.69,,,,,False,0,2025-06-30 23:17:20
a37afc,N323RR  ,United States,1751325439.0,1751325439,-118.1621,34.4211,5768.34,False,187.7,105.26,14.31,,6057.9,2033,False,0,2025-06-30 23:17:20
a3a9a3,DAL1817 ,United States,1751325440.0,1751325440,-93.0006,44.5622,4533.9,False,209.31,118.96,8.78,,4663.44,,False,0,2025-06-30 23:17:20
abf57a,N87RF   ,United States,1751325439.0,1751325439,-69.7317,43.9502,464.82,False,58.55,233.94,6.5,,457.2,,False,0,2025-06-30 23:17:20
ad3581,JBU58   ,United States,1751325440.0,1751325440,-75.7695,37.4332,10683.24,False,232.77,15.51,0.33,,11300.46,0741,False,0,2025-06-30 23:17:20
a37af8,AAL505  ,United States,1751325203.0,1751325203,-80.3297,25.7854,68.58,False,79.82,87.41,-3.9,,121.92,,False,0,2025-06-30 23:17:20
a7addf,N594SM  ,United States,1751325439.0,1751325439,-97.179,32.9008,601.98,False,52.23,162.81,0.33,,586.74,7143,False,0,2025-06-30 23:17:20
a7045b,JIA5655 ,United States,1751325440.0,1751325440,-88.3934,37.8675,10668.0,False,256.0,83.07,0.0,,11300.46,6513,False,0,2025-06-30 23:17:20
a83782,UAL2674 ,United States,1751325439.0,1751325439,-91.3943,34.8744,9753.6,False,223.66,210.4,0.0,,10347.96,5613,False,0,2025-06-30 23:17:20
aa1be0,AAL1803 ,United States,1751325424.0,1751325424,-97.0488,32.9139,,True,0.32,0.0,,,,,False,0,2025-06-30 23:17:20
a83787,UAL2012 ,United States,1751325235.0,1751325236,-99.4574,40.0838,9753.6,False,217.43,307.79,0.0,,10248.9,2453,False,0,2025-06-30 23:17:20
a239de,CXK454  ,United States,1751325440.0,1751325440,-96.2951,33.1469,960.12,False,38.08,178.45,-0.65,,982.98,6766,False,0,2025-06-30 23:17:20
a106d5,VTE3757 ,United States,1751325440.0,1751325440,-83.0085,35.9634,7010.4,False,230.62,118.22,0.33,,7467.6,5175,False,0,2025-06-30 23:17:20
a0e6c6,UAL2218 ,United States,1751325439.0,1751325439,-84.2314,34.4024,9448.8,False,239.16,72.34,-11.38,,10035.54,5603,False,0,2025-06-30 23:17:20
a69424,ASA819  ,United States,1751325440.0,1751325440,-71.8605,43.0472,6545.58,False,209.9,301.47,8.45,,6827.52,1325,False,0,2025-06-30 23:17:20
a239e0,UAL1410 ,United States,1751325440.0,1751325440,-81.5407,25.0627,8846.82,False,241.33,262.41,8.45,,8717.28,,False,0,2025-06-30 23:17:20
ad3585,JSX761  ,United States,1751325324.0,1751325352,-113.1013,38.9673,10058.4,False,223.91,197.1,0.33,,10591.8,3705,True,0,2025-06-30 23:17:20
c05c0e,WJA1223 ,Canada,1751325440.0,1751325440,-78.1054,33.0532,11277.6,False,223.91,6.99,0.0,,11894.82,5712,False,0,2025-06-30 23:17:20
a359c2,DAL2115 ,United States,1751325439.0,1751325439,-95.1729,30.007,769.62,False,89.0,269.67,-1.95,,815.34,1702,False,0,2025-06-30 23:17:20
a3ddfc,N3484T  ,United States,1751325406.0,1751325407,-97.8622,36.7652,2011.68,False,56.1,271.58,-1.63,,2065.02,,False,0,2025-06-30 23:17:20
a13c43,SKW3465 ,United States,1751325440.0,1751325440,-119.9658,34.9301,10797.54,False,226.99,315.18,2.93,,11330.94,,False,0,2025-06-30 23:17:20
4bb187,THY83J  ,Turkey,1751325440.0,1751325440,-88.2648,40.51,11582.4,False,221.29,226.88,-0.33,,12176.76,6377,False,0,2025-06-30 23:17:20
a359bc,DAL1478 ,United States,1751325440.0,1751325440,-85.0724,36.1902,8412.48,False,233.37,348.17,4.23,,8923.02,7622,False,0,2025-06-30 23:17:20
a4fddb,RPA4500 ,United States,1751325440.0,1751325440,-70.3055,43.5614,9753.6,False,221.54,253.54,0.0,,10241.28,3674,False,0,2025-06-30 23:17:20
a5611d,N446CD  ,United States,1751325440.0,1751325440,-91.8686,41.6505,1066.8,False,68.49,272.58,0.0,,1082.04,,False,0,2025-06-30 23:17:20
a69447,N523CB  ,United States,1751325418.0,1751325418,-118.3691,34.1979,251.46,False,54.04,91.64,-3.25,,205.74,3753,False,0,2025-06-30 23:17:20
a9db95,N734TE  ,United States,1751325440.0,1751325440,-117.3609,33.2028,373.38,False,58.82,78.4,0.98,,304.8,,False,0,2025-06-30 23:17:20
a4ead3,N416EE  ,United States,1751325440.0,1751325440,-84.4514,41.9983,3383.28,False,103.64,128.35,0.0,,3482.34,,False,0,2025-06-30 23:17:20
a82427,N6233D  ,United States,1751325439.0,1751325440,-118.268,34.0572,472.44,False,44.67,218.45,0.0,,419.1,4765,False,0,2025-06-30 23:17:20
a2bf05,CXK217  ,United States,1751325440.0,1751325440,-79.0282,35.7732,670.56,False,40.58,140.66,0.33,,678.18,,False,0,2025-06-30 23:17:20
c013b7,PSC372  ,Canada,1751325276.0,1751325282,-70.5322,46.9724,2171.7,False,143.32,71.37,-0.33,,2164.08,,False,0,2025-06-30 23:17:20
aa1ba3,SKW4990 ,United States,1751325439.0,1751325439,-85.5782,39.2447,10668.0,False,246.33,120.64,0.33,,11285.22,6574,False,0,2025-06-30 23:17:20
a01c34,N106NK  ,United States,1751324336.0,1751325385,-96.5351,33.754,1303.02,False,58.0,6.62,-2.28,,1280.16,,False,0,2025-06-30 23:17:20
a01c37,AAL118  ,United States,1751325433.0,1751325438,-73.7929,40.6397,,True,0.0,300.94,,,,3241,False,0,2025-06-30 23:17:20
a14f46,CXK521  ,United States,1751325439.0,1751325439,-97.2715,33.3697,960.12,False,50.81,74.13,-2.28,,982.98,,False,0,2025-06-30 23:17:20
a6810d,VOI5592 ,United States,1751325433.0,1751325439,-100.1177,25.7833,,True,0.06,30.94,,,,,False,0,2025-06-30 23:17:20
a213bd,ATN3338 ,United States,1751325434.0,1751325434,-112.0038,33.4366,,True,6.94,180.0,,,,2364,False,0,2025-06-30 23:17:20
a1f3c5,MXY812  ,United States,1751325129.0,1751325132,-87.2538,37.8547,2087.88,False,136.98,341.16,-8.13,,2171.7,4241,False,0,2025-06-30 23:17:20
a586b0,SWA1669 ,United States,1751325392.0,1751325392,-108.7143,35.5235,12192.0,False,228.39,229.38,0.0,,12847.32,,False,0,2025-06-30 23:17:20
ab4ea9,CMB548  ,United States,1751325440.0,1751325440,-79.4408,38.0721,9448.8,False,247.47,46.68,0.0,,10005.06,1166,False,0,2025-06-30 23:17:20
a50c11,N424SF  ,United States,1751325439.0,1751325439,-111.5627,33.178,838.2,False,35.69,344.96,-1.3,,769.62,,False,0,2025-06-30 23:17:20
ac2813,SWA3480 ,United States,1751325440.0,1751325440,-77.7581,36.985,7620.0,False,253.59,34.75,0.0,,8084.82,6431,False,0,2025-06-30 23:17:20
a609d4,UAL8140 ,United States,1751325412.0,1751325412,-74.166,40.6992,,True,0.0,28.12,,,,,False,0,2025-06-30 23:17:20
a26f79,HBAL756 ,United States,1751325439.0,1751325439,-96.9497,43.5756,19415.76,False,1.63,161.57,0.0,,20375.88,3226,True,0,2025-06-30 23:17:20
a3a9fb,UWD35   ,United States,1751325390.0,1751325390,-80.2656,40.1381,441.96,False,72.29,265.1,-4.55,,434.34,,False,0,2025-06-30 23:17:20
a7f171,N6102W  ,United States,1751325439.0,1751325439,-104.6182,38.9451,4480.56,False,58.16,254.61,2.6,,4747.26,,False,0,2025-06-30 23:17:20
a8116a,N619NS  ,United States,1751325440.0,1751325440,-80.9184,29.0533,1097.28,False,55.37,318.01,-4.23,,1165.86,0153,False,0,2025-06-30 23:17:20
ad4804,,United States,1751325433.0,1751325433,-71.0047,42.3779,,True,1.03,185.62,,,,,False,0,2025-06-30 23:17:20
ad4803,N955JA  ,United States,1751325438.0,1751325438,-116.9479,32.8142,342.9,False,40.57,12.45,-1.63,,297.18,,False,0,2025-06-30 23:17:20
a1f3b5,AMF1531 ,United States,1751325440.0,1751325440,-70.3976,43.9398,1684.02,False,79.23,217.61,6.83,,1714.5,,False,0,2025-06-30 23:17:20
a37c1c,JBU1579 ,United States,1751325439.0,1751325440,-80.245,26.1506,868.68,False,101.86,270.29,0.0,,937.26,1444,False,0,2025-06-30 23:17:20
ab4ec6,NCR112  ,United States,1751325439.0,1751325439,-77.8827,36.9245,8839.2,False,194.8,68.79,0.0,,9380.22,2065,False,0,2025-06-30 23:17:20
4bb199,THY31K  ,Turkey,1751325439.0,1751325439,-83.9795,34.1859,3916.68,False,160.57,203.61,-6.18,,4130.04,3126,False,0,2025-06-30 23:17:20
4bb196,THY41Y  ,Turkey,1751325358.0,1751325358,-69.8862,48.5551,11269.98,False,270.03,61.43,0.0,,11704.32,5330,False,0,2025-06-30 23:17:20
ad4810,N955JP  ,United States,1751325439.0,1751325440,-72.5396,41.4603,906.78,False,65.34,97.24,0.0,,914.4,1200,False,0,2025-06-30 23:17:20
ac2836,SWA2576 ,United States,1751325439.0,1751325439,-89.6485,41.1439,4678.68,False,179.65,85.24,-5.53,,4869.18,2622,False,0,2025-06-30 23:17:20
a62c1a,SWA4113 ,United States,1751325440.0,1751325440,-97.387,35.4845,2575.56,False,148.75,61.04,15.61,,2682.24,,False,0,2025-06-30 23:17:20
a5e9f4,EDV5038 ,United States,1751325431.0,1751325439,-73.879,40.7797,,True,0.0,28.12,,,,,False,0,2025-06-30 23:17:20
a50c3e,UAL3916 ,United States,1751325439.0,1751325439,-104.6595,39.912,1844.04,False,79.23,180.74,-3.9,,1950.72,1027,False,0,2025-06-30 23:17:20
a7f140,NGF6845 ,United States,1751325439.0,1751325439,-118.9897,35.0387,5783.58,False,108.78,135.96,-1.3,,6035.04,6306,False,0,2025-06-30 23:17:20
a56198,N446HB  ,United States,1751325440.0,1751325440,-92.7709,45.1783,1356.36,False,73.09,292.77,-1.3,,1348.74,3622,False,0,2025-06-30 23:17:20
a466fc,FFT1100 ,United States,1751325434.0,1751325440,-85.3568,33.1213,6720.84,False,219.14,78.22,-12.68,,7132.32,0757,False,0,2025-06-30 23:17:20
ab4eeb,DAL904  ,United States,1751325440.0,1751325440,-84.2675,33.6493,830.58,False,97.81,267.89,-5.2,,876.3,3232,False,0,2025-06-30 23:17:20
a320c1,EJA300  ,United States,1751325218.0,1751325218,-115.1704,36.0808,,True,2.31,168.75,,,,3266,False,0,2025-06-30 23:17:20
a4ff16,N54346  ,United States,1751325440.0,1751325440,-80.1395,25.7425,182.88,False,36.74,44.43,-0.65,,220.98,,False,0,2025-06-30 23:17:20
aa7288,AAL1111 ,United States,1751325439.0,1751325439,-90.9455,35.7136,10972.8,False,223.91,237.48,0.0,,11612.88,6322,False,0,2025-06-30 23:17:20
ab3bca,N8228S  ,United States,1751325439.0,1751325440,-81.2468,34.0452,754.38,False,48.77,322.28,1.63,,762.0,,False,0,2025-06-30 23:17:20
a25c6e,ENY3342 ,United States,1751325439.0,1751325440,-80.348,25.7847,152.4,False,67.98,87.4,-3.58,,182.88,,False,0,2025-06-30 23:17:20
ad8ecf,N973AE  ,United States,1751325439.0,1751325439,-110.8856,32.2095,1028.7,False,58.13,36.36,0.33,,967.74,,False,0,2025-06-30 23:17:20
a68198,N51800  ,United States,1751325122.0,1751325438,-96.2379,33.5922,899.16,False,58.64,352.44,0.33,,899.16,,False,0,2025-06-30 23:17:20
ac1547,AAL2393 ,United States,1751325439.0,1751325439,-79.1839,25.4575,7216.14,False,222.67,105.55,7.15,,7612.38,,False,0,2025-06-30 23:17:20
ab9238,N8448U  ,United States,1751325420.0,1751325420,-80.5303,34.9815,762.0,False,49.77,262.87,-0.65,,754.38,,False,0,2025-06-30 23:17:20
ac287c,SWA2924 ,United States,1751325440.0,1751325440,-123.1744,42.1486,11277.6,False,217.78,172.81,-0.33,,11788.14,,False,0,2025-06-30 23:17:20
a81166,JIA5143 ,United States,1751325440.0,1751325440,-94.9837,33.8595,7307.58,False,230.07,249.17,-0.33,,7764.78,2174,False,0,2025-06-30 23:17:20
a9a75b,N721AZ  ,United States,1751325439.0,1751325439,-78.5212,37.9732,13716.0,False,240.52,82.01,0.0,,14363.7,1051,False,0,2025-06-30 23:17:20
a466d2,DAL2946 ,United States,1751325439.0,1751325439,-96.4118,44.6941,10675.62,False,252.13,91.17,0.33,,11010.9,6020,False,0,2025-06-30 23:17:20
acbf63,AAL2388 ,United States,1751325439.0,1751325439,-80.0355,37.8466,11277.6,False,237.49,85.15,0.0,,11940.54,2312,False,0,2025-06-30 23:17:20
ac13d6,SWA1960 ,United States,1751325404.0,1751325404,-76.674,39.1814,,True,0.0,143.44,,,,,False,0,2025-06-30 23:17:20
acbf60,NKS354  ,United States,1751325440.0,1751325440,-79.5952,25.837,2118.36,False,148.64,291.95,-1.3,,2255.52,,False,0,2025-06-30 23:17:20
a8bc34,FFT3211 ,United States,1751325438.0,1751325439,-102.0738,32.0422,10972.8,False,230.99,308.58,0.33,,11650.98,6250,False,0,2025-06-30 23:17:20
c01455,AN158   ,Canada,1751325439.0,1751325439,-123.3791,48.6626,342.9,False,55.98,287.1,-2.93,,342.9,,False,0,2025-06-30 23:17:20
abf3b8,SWA1702 ,United States,1751325440.0,1751325440,-85.701,38.7799,10972.8,False,219.77,268.26,0.0,,11590.02,3737,False,0,2025-06-30 23:17:20
ac6f8a,DAL1660 ,United States,1751325439.0,1751325439,-90.9899,37.8611,11277.6,False,244.9,107.1,0.0,,11910.06,1117,False,0,2025-06-30 23:17:20
a560f4,AAL3046 ,United States,1751325440.0,1751325440,-94.5753,33.3536,10355.58,False,229.73,258.77,0.33,,10988.04,5757,False,0,2025-06-30 23:17:20
a0851b,ABX3131 ,United States,1751325439.0,1751325439,-90.8283,41.5252,10363.2,False,206.07,241.2,0.0,,10828.02,3056,False,0,2025-06-30 23:17:20
a8cf70,NKS2597 ,United States,1751325439.0,1751325439,-79.4182,36.2216,9418.32,False,235.82,37.02,-4.55,,9997.44,2145,False,0,2025-06-30 23:17:20
a680c8,N518SS  ,United States,1751325439.0,1751325440,-73.3335,42.4702,8923.02,False,197.56,359.25,4.55,,9410.7,2225,False,0,2025-06-30 23:17:20
ac00b1,SWA1116 ,United States,1751325211.0,1751325212,-92.5672,27.6355,10866.12,False,237.5,317.99,-4.88,,11551.92,,False,0,2025-06-30 23:17:20
a98c12,N714MX  ,United States,1751325439.0,1751325439,-80.2704,34.7544,1356.36,False,62.36,232.37,0.33,,1379.22,,False,0,2025-06-30 23:17:20
a0980d,N13731  ,United States,1751325440.0,1751325440,-87.2198,34.7636,1767.84,False,44.56,306.08,2.28,,1805.94,,False,0,2025-06-30 23:17:20
ac6f9c,N900EM  ,United States,1751325440.0,1751325440,-115.2625,33.2254,11231.88,False,245.03,357.95,-4.88,,11910.06,,False,0,2025-06-30 23:17:20
a09829,N1374U  ,United States,1751325425.0,1751325425,-76.0978,36.5673,944.88,False,51.12,20.62,-0.33,,960.12,5006,False,0,2025-06-30 23:17:20
a74c93,N57FF   ,United States,1751325440.0,1751325440,-105.0254,40.0427,2026.92,False,48.51,34.2,4.55,,2141.22,,False,0,2025-06-30 23:17:20
a8cf3a,N667LF  ,United States,1751325438.0,1751325440,-116.8767,47.6807,1432.56,False,110.65,358.4,-4.88,,1485.9,,False,0,2025-06-30 23:17:20
a9b9e3,AAL81   ,United States,1751325439.0,1751325439,-81.3177,40.3666,10972.8,False,229.17,244.18,0.0,,11590.02,5553,False,0,2025-06-30 23:17:20
a8bc29,FDX1366 ,United States,1751325439.0,1751325440,-111.0846,34.8624,11582.4,False,241.2,262.65,0.0,,12268.2,,False,0,2025-06-30 23:17:20
484f71,KLM211  ,Kingdom of the Netherlands,1751325440.0,1751325440,-71.2,42.625,11277.6,False,248.44,28.85,0.0,,11879.58,6242,False,0,2025-06-30 23:17:20
ac00d6,SWA2365 ,United States,1751325440.0,1751325440,-116.6816,32.7734,2651.76,False,142.4,232.63,-7.8,,2766.06,3216,False,0,2025-06-30 23:17:20
aa1c48,FDY395  ,United States,1751325440.0,1751325440,-78.8007,40.57,3048.0,False,95.84,6.78,0.0,,3192.78,7701,False,0,2025-06-30 23:17:20
40688c,BAW7D   ,United Kingdom,1751325332.0,1751325332,-112.7802,38.9848,12192.0,False,246.44,203.89,-0.33,,12832.08,3054,False,0,2025-06-30 23:17:20
abe0bb,SWA2206 ,United States,1751325440.0,1751325440,-118.0869,33.7644,426.72,False,75.67,314.45,-2.93,,388.62,7274,False,0,2025-06-30 23:17:20
a716cb,N556MC  ,United States,1751325439.0,1751325439,-116.7326,47.7274,1783.08,False,89.65,29.95,-0.98,,1851.66,,False,0,2025-06-30 23:17:20
a8cf36,N667LB  ,United States,1751325439.0,1751325439,-117.2278,32.8373,876.3,False,40.67,288.43,3.58,,861.06,,False,0,2025-06-30 23:17:20
a703c1,GJS4527 ,United States,1751325440.0,1751325440,-79.192,37.9247,9144.0,False,235.2,248.04,1.3,,9692.64,6542,False,0,2025-06-30 23:17:20
a87f51,AAL602  ,United States,1751325439.0,1751325440,-90.391,38.8734,9144.0,False,230.07,259.7,0.0,,9700.26,4072,False,0,2025-06-30 23:17:20
a716ee,JIA5135 ,United States,1751325439.0,1751325439,-86.4174,32.9818,9448.8,False,229.1,65.74,0.0,,10012.68,2217,False,0,2025-06-30 23:17:20
a08547,N1322K  ,United States,1751325439.0,1751325440,-122.1127,37.4581,,True,0.19,132.19,,,,,False,0,2025-06-30 23:17:20
ad20f4,AAL627  ,United States,1751325440.0,1751325440,-81.9091,36.5832,7360.92,False,206.27,151.39,-5.2,,7802.88,6737,False,0,2025-06-30 23:17:20
a50c7c,SWA2587 ,United States,1751325439.0,1751325439,-108.759,31.8755,10668.0,False,247.48,90.95,0.0,,11277.6,1073,False,0,2025-06-30 23:17:20
ab081e,N81MH   ,United States,1751325353.0,1751325353,-72.6566,41.749,182.88,False,39.16,99.83,-3.58,,152.4,7005,False,0,2025-06-30 23:17:20
ac018c,,United States,1751325420.0,1751325421,-102.6354,36.9352,7315.2,False,224.99,348.79,-0.33,,7726.68,,False,0,2025-06-30 23:17:20
ab06a1,N8097H  ,United States,1751325439.0,1751325440,-97.3754,32.8716,609.6,False,39.37,151.09,-3.25,,586.74,,False,0,2025-06-30 23:17:20
a51ed1,UAL1061 ,United States,1751325438.0,1751325439,-110.5361,36.93,10347.96,False,232.43,231.38,-0.33,,10965.18,3233,False,0,2025-06-30 23:17:20
a2aba2,N271QS  ,United States,1751325284.0,1751325284,-82.8678,39.9913,297.18,False,61.32,273.37,-3.25,,251.46,5755,False,0,2025-06-30 23:17:20
a2022f,N2288F  ,United States,1751325439.0,1751325439,-95.4998,29.5105,2712.72,False,52.08,196.65,0.0,,2811.78,4627,False,0,2025-06-30 23:17:20
a34878,SKW3894 ,United States,1751325440.0,1751325440,-111.9952,33.4321,,True,2.31,90.0,,,,,False,0,2025-06-30 23:17:20
ab06b7,N80975  ,United States,1751325433.0,1751325440,-80.0937,26.172,121.92,False,45.56,186.48,-1.3,,182.88,,False,0,2025-06-30 23:17:20
a6e507,N543WB  ,United States,1751325440.0,1751325440,-118.7383,34.0366,960.12,False,50.08,56.31,-0.65,,929.64,,False,0,2025-06-30 23:17:20
a4a538,TCN399  ,United States,1751325440.0,1751325440,-85.0043,39.3262,2621.28,False,150.64,85.69,-8.13,,2712.72,3251,False,0,2025-06-30 23:17:20
ab19df,SCX1908 ,United States,1751325439.0,1751325439,-92.6599,42.5414,8542.02,False,213.55,334.61,-0.33,,8862.06,1021,False,0,2025-06-30 23:17:20
a3484e,AAL358  ,United States,1751325440.0,1751325440,-81.975,34.8376,5836.92,False,218.17,235.86,3.9,,6164.58,,False,0,2025-06-30 23:17:20
acbf02,N920JR  ,United States,1751325440.0,1751325440,-81.0471,29.5691,12496.8,False,172.06,14.37,0.33,,13129.26,5703,False,0,2025-06-30 23:17:20
a58873,AAL738  ,United States,1751325439.0,1751325440,-117.7725,33.638,6012.18,False,217.23,104.4,8.13,,6324.6,4224,False,0,2025-06-30 23:17:20
a2bec7,SWA2101 ,United States,1751325203.0,1751325203,-90.2594,29.9912,,True,23.66,106.88,,,,1747,False,0,2025-06-30 23:17:20
a9dc5e,UAL1798 ,United States,1751325440.0,1751325440,-110.1968,32.4944,6515.1,False,204.04,307.42,-9.75,,6918.96,2576,False,0,2025-06-30 23:17:20
a0d561,AAL1792 ,United States,1751325437.0,1751325437,-88.8352,32.9333,10058.4,False,241.79,119.02,0.0,,10690.86,7075,False,0,2025-06-30 23:17:20
a5c51d,LFA459  ,United States,1751325439.0,1751325439,-81.2863,28.5628,182.88,False,44.8,248.44,-2.28,,220.98,5541,False,0,2025-06-30 23:17:20
a0857b,N13232  ,United States,1751325440.0,1751325440,-72.1966,42.2535,883.92,False,57.22,3.61,0.33,,891.54,,False,0,2025-06-30 23:17:20
aaf9ea,,United States,1751325396.0,1751325401,-87.9094,41.9817,,True,0.45,236.25,,,,,False,0,2025-06-30 23:17:20
ab19fb,UAL1915 ,United States,1751325431.0,1751325438,-94.4843,31.0822,7475.22,False,232.14,33.8,5.53,,7940.04,2553,False,0,2025-06-30 23:17:20
ac13b3,SWA3254 ,United States,1751325352.0,1751325352,-104.7339,39.841,1577.34,False,86.94,90.34,-4.88,,1661.16,1754,False,0,2025-06-30 23:17:20
ac6f69,N900CL  ,United States,1751325094.0,1751325434,-77.7579,35.5693,838.2,False,52.7,218.66,-0.65,,838.2,,False,0,2025-06-30 23:17:20
a45552,ATN3344 ,United States,1751325440.0,1751325440,-73.4835,40.4679,1219.2,False,145.76,18.31,0.0,,1242.06,1411,False,0,2025-06-30 23:17:20
a1e23a,ENY4086 ,United States,1751325439.0,1751325439,-107.4832,32.0459,10668.0,False,235.96,94.88,0.33,,11300.46,0713,False,0,2025-06-30 23:17:20
aa70dc,DPJ772  ,United States,1751325440.0,1751325440,-86.1126,41.7694,11871.96,False,232.53,89.87,1.95,,12473.94,6205,False,0,2025-06-30 23:17:20
ac26cf,RPA5888 ,United States,1751325439.0,1751325439,-81.9051,42.1835,10363.2,False,207.95,233.75,0.0,,10904.22,5763,False,0,2025-06-30 23:17:20
a4b827,DAL37   ,United States,1751325229.0,1751325230,-84.4261,33.6395,,True,0.0,90.0,,,,0563,False,0,2025-06-30 23:17:20
a44213,UAL552  ,United States,1751325439.0,1751325439,-92.1607,39.1823,10972.8,False,216.85,263.73,0.0,,11559.54,4352,False,0,2025-06-30 23:17:20
a44211,UAL2462 ,United States,1751325439.0,1751325439,-79.6227,43.681,,True,7.72,315.0,,,,0510,False,0,2025-06-30 23:17:20
ac6f6c,N900CP  ,United States,1751325440.0,1751325440,-88.3369,35.7783,2575.56,False,56.29,288.1,0.98,,2720.34,6344,True,0,2025-06-30 23:17:20
a44214,UAL1423 ,United States,1751325440.0,1751325440,-83.9954,43.9592,10363.2,False,209.45,281.48,0.0,,10843.26,1156,False,0,2025-06-30 23:17:20
ab3c61,DAL1736 ,United States,1751325440.0,1751325440,-84.4165,32.7242,6957.06,False,226.38,179.22,6.18,,7391.4,7157,False,0,2025-06-30 23:17:20
a6d0ea,N5383D  ,United States,1751325439.0,1751325439,-118.7875,34.0361,1280.16,False,59.54,99.95,-3.25,,1280.16,,False,0,2025-06-30 23:17:20
a1e241,AAY568  ,United States,1751325440.0,1751325440,-120.3359,45.7308,7978.14,False,255.25,91.5,4.88,,8343.9,3537,False,0,2025-06-30 23:17:20
ac252a,SWA3645 ,United States,1751325439.0,1751325440,-101.0422,31.0677,10668.0,False,249.91,78.48,0.0,,11323.32,5351,False,0,2025-06-30 23:17:20
a5844a,N4547E  ,United States,1751325439.0,1751325439,-105.1704,40.1862,1645.92,False,37.04,297.28,0.98,,1722.12,,False,0,2025-06-30 23:17:20
ad4513,N954S   ,United States,1751325439.0,1751325440,-122.4247,37.4438,2156.46,False,98.59,164.88,0.0,,2209.8,3751,False,0,2025-06-30 23:17:20
a9b700,N725K   ,United States,1751325439.0,1751325439,-120.7897,37.3646,3215.64,False,60.74,332.78,0.0,,3360.42,1200,False,0,2025-06-30 23:17:20
ab1890,DAL1812 ,United States,1751325437.0,1751325437,-84.4258,33.6365,,True,10.8,90.0,,,,5736,False,0,2025-06-30 23:17:20
a9672c,ASA1279 ,United States,1751325440.0,1751325440,-118.9417,39.0948,10363.2,False,256.33,1.84,-0.33,,10881.36,7612,False,0,2025-06-30 23:17:20
3965b0,AFR003  ,France,1751325439.0,1751325439,-68.5992,43.6751,10668.0,False,257.12,56.76,0.0,,11201.4,2731,False,0,2025-06-30 23:17:20
a59799,N46DM   ,United States,1751325440.0,1751325440,-78.7888,35.8282,533.4,False,70.58,143.3,3.25,,533.4,,False,0,2025-06-30 23:17:20
ac6bbf,N9P     ,United States,1751325439.0,1751325440,-112.6238,42.0747,8267.7,False,257.2,45.57,0.0,,8694.42,,False,0,2025-06-30 23:17:20
ac6bd0,AXEL90  ,United States,1751325439.0,1751325439,-110.6619,39.7969,7597.14,False,219.26,296.32,-7.8,,8039.1,,False,0,2025-06-30 23:17:20
aa2bc2,UAL305  ,United States,1751325439.0,1751325440,-112.0279,35.4043,10668.0,False,245.98,108.28,-0.33,,11277.6,,False,0,2025-06-30 23:17:20
a3311b,JBU349  ,United States,1751325439.0,1751325439,-80.9436,35.2042,10363.2,False,241.59,184.76,0.0,,10988.04,6025,False,0,2025-06-30 23:17:20
a83439,N628CT  ,United States,1751325434.0,1751325439,-90.7053,42.4048,,True,0.06,227.81,,,,,False,0,2025-06-30 23:17:20
c023c9,ACA062  ,Canada,1751325440.0,1751325440,-80.6778,44.5185,6278.88,False,179.26,142.11,-6.18,,6530.34,7462,False,0,2025-06-30 23:17:20
a9eb8f,N7383L  ,United States,1751325430.0,1751325430,-104.572,39.7942,1623.06,False,29.88,92.96,-2.28,,1714.5,,False,0,2025-06-30 23:17:20
a0d166,,United States,1751325411.0,1751325418,-85.3039,43.6957,1158.24,False,51.65,174.86,0.0,,1104.9,,False,0,2025-06-30 23:17:20
a1f11d,AAY9202 ,United States,1751325440.0,1751325440,-82.1784,29.2927,5448.3,False,187.99,6.6,-4.88,,5768.34,0107,False,0,2025-06-30 23:17:20
aa2ba5,UAL755  ,United States,1751325440.0,1751325440,-92.7962,34.1335,10058.4,False,241.57,69.56,0.0,,10652.76,0547,False,0,2025-06-30 23:17:20
a22482,SWA586  ,United States,1751325132.0,1751325132,-112.0005,33.433,,True,10.29,5.62,,,,5000,False,0,2025-06-30 23:17:20
a0817f,UAL68   ,United States,1751325440.0,1751325440,-70.8903,44.6273,10668.0,False,247.59,41.04,0.0,,11186.16,2666,False,0,2025-06-30 23:17:20
aa2ba2,UAL8163 ,United States,1751325439.0,1751325439,-81.207,29.6209,5760.72,False,193.97,175.74,-8.78,,6080.76,6517,False,0,2025-06-30 23:17:20
aa2ba1,UAL2338 ,United States,1751325440.0,1751325440,-95.9182,31.3797,8656.32,False,219.95,333.91,7.15,,9182.1,3550,False,0,2025-06-30 23:17:20
aa2ba4,UAL2862 ,United States,1751325439.0,1751325439,-103.8055,40.7342,10363.2,False,231.96,259.26,0.0,,10896.6,0002,False,0,2025-06-30 23:17:20
ac2567,AAL220  ,United States,1751325440.0,1751325440,-81.2892,45.1091,11887.2,False,287.06,54.63,-0.33,,12420.6,3416,False,0,2025-06-30 23:17:20
acced9,AAL844  ,United States,1751325439.0,1751325439,-86.5858,32.3165,10363.2,False,233.31,85.32,0.0,,10995.66,3620,False,0,2025-06-30 23:17:20
aae582,AAL3147 ,United States,1751325440.0,1751325440,-75.2759,38.338,6278.88,False,218.89,24.88,-9.75,,6637.02,7760,False,0,2025-06-30 23:17:20
a0d19e,AAL1863 ,United States,1751325439.0,1751325440,-77.4572,38.9489,,True,4.37,0.0,,,,2145,False,0,2025-06-30 23:17:20
a72706,N560BC  ,United States,1751325439.0,1751325439,-88.5229,31.2624,12481.56,False,208.55,101.67,-0.33,,13190.22,3666,False,0,2025-06-30 23:17:20
a093a1,N136Y   ,United States,1751325439.0,1751325439,-97.1386,32.5164,1341.12,False,59.22,97.99,4.23,,1371.6,,False,0,2025-06-30 23:17:20
3965aa,AFR5G   ,France,1751325439.0,1751325439,-72.7048,41.5501,7818.12,False,243.69,47.99,7.8,,8237.22,2337,False,0,2025-06-30 23:17:20
a03f24,DAL580  ,United States,1751325440.0,1751325440,-94.0006,33.062,9814.56,False,241.75,71.26,4.23,,10439.4,3523,False,0,2025-06-30 23:17:20
c049e9,WJA1681 ,Canada,1751325440.0,1751325440,-73.5864,43.5303,10363.2,False,226.13,341.57,0.0,,10888.98,2275,False,0,2025-06-30 23:17:20
a4b420,ASA778  ,United States,1751325439.0,1751325439,-115.7354,36.1346,5326.38,False,163.6,115.52,-7.15,,5623.56,,False,0,2025-06-30 23:17:20
a129b0,SKW3299 ,United States,1751325438.0,1751325438,-117.5407,47.6228,,True,0.0,98.44,,,,,False,0,2025-06-30 23:17:20
a4b423,VAR402  ,United States,1751325440.0,1751325440,-112.487,33.1711,1714.5,False,59.3,133.95,-0.33,,1752.6,2124,False,0,2025-06-30 23:17:20
a72747,N560DT  ,United States,1751325432.0,1751325432,-122.0548,37.9899,,True,50.42,323.44,,,,6605,False,0,2025-06-30 23:17:20
aad284,N797FA  ,United States,1751325440.0,1751325440,-84.6653,33.1644,891.54,False,50.43,108.43,1.95,,922.02,,False,0,2025-06-30 23:17:20
acbbcc,OST7    ,United States,1751325176.0,1751325186,-97.0876,36.1891,556.26,False,41.7,2.12,0.65,,556.26,,False,0,2025-06-30 23:17:20
a4b42b,N402BC  ,United States,1751325402.0,1751325420,-120.6542,35.5989,2103.12,False,85.6,193.2,0.33,,2156.46,,False,0,2025-06-30 23:17:20
c036b1,WJA1789 ,Canada,1751325440.0,1751325440,-80.2587,35.6928,7825.74,False,221.58,257.8,7.48,,8290.56,,False,0,2025-06-30 23:17:20
ac259b,DAL489  ,United States,1751325440.0,1751325440,-120.6363,47.5439,7178.04,False,234.71,91.88,6.83,,7490.46,3526,False,0,2025-06-30 23:17:20
ad4584,SWA3137 ,United States,1751325440.0,1751325440,-100.1278,30.656,11582.4,False,223.72,277.66,0.0,,12268.2,4146,True,0,2025-06-30 23:17:20
a2cf34,ENY3340 ,United States,1751325438.0,1751325438,-78.6819,26.4875,8923.02,False,222.44,70.27,6.18,,9418.32,,False,0,2025-06-30 23:17:20
a3ef0c,N3523R  ,United States,1751325440.0,1751325440,-97.0308,32.7197,388.62,False,55.15,351.42,0.0,,373.38,,False,0,2025-06-30 23:17:20
c02494,WJA1273 ,Canada,1751325440.0,1751325440,-81.677,32.7892,10668.0,False,234.55,317.84,0.0,,11300.46,3013,False,0,2025-06-30 23:17:20
accf9f,N92415  ,United States,1751325374.0,1751325379,-120.8775,37.6303,609.6,False,52.12,221.4,-0.98,,571.5,,False,0,2025-06-30 23:17:20
a99afb,NKS2462 ,United States,1751325440.0,1751325440,-98.8693,33.9672,7368.54,False,216.36,93.0,-5.85,,7818.12,3301,False,0,2025-06-30 23:17:20
ae63e7,ROPER33 ,United States,1751325439.0,1751325439,-121.4996,39.2814,792.48,False,129.76,159.34,-9.1,,754.38,,False,0,2025-06-30 23:17:20
a9ead7,N738XG  ,United States,1751325435.0,1751325436,-84.7539,32.9779,1188.72,False,50.22,276.47,0.98,,1242.06,,False,0,2025-06-30 23:17:20
a9411b,N696BB  ,United States,1751325435.0,1751325435,-72.7313,40.7596,419.1,False,72.56,251.82,0.0,,411.48,,False,0,2025-06-30 23:17:20
a4d9d8,SWA1823 ,United States,1751325440.0,1751325440,-85.8622,40.1028,7315.2,False,220.59,329.91,0.0,,7680.96,1620,False,0,2025-06-30 23:17:20
a0f6b9,SKW3816 ,United States,1751325440.0,1751325440,-96.7017,43.7891,3139.44,False,162.79,54.0,4.23,,3246.12,,False,0,2025-06-30 23:17:20
ae50ce,,United States,1751325438.0,1751325439,-79.8472,35.5692,411.48,False,60.23,145.09,0.0,,396.24,,False,0,2025-06-30 23:17:20
e80475,TAM8181 ,Chile,1751325439.0,1751325439,-72.0148,39.3335,7299.96,False,249.2,139.44,6.18,,7719.06,4073,False,0,2025-06-30 23:17:20
e80474,TAM8126 ,Chile,1751325440.0,1751325440,-81.1001,28.7776,2118.36,False,130.77,255.42,-6.18,,2247.9,4112,False,0,2025-06-30 23:17:20
a369be,ENY3385 ,United States,1751325440.0,1751325440,-84.8048,33.5361,9410.7,False,219.26,85.69,-6.18,,9997.44,0404,False,0,2025-06-30 23:17:20
4ac8a8,SAS935  ,Sweden,1751325439.0,1751325439,-122.3016,37.5879,320.04,False,82.16,298.01,-4.23,,281.94,7762,False,0,2025-06-30 23:17:20
a02c40,AAL16   ,United States,1751325440.0,1751325440,-80.4851,42.1997,11285.22,False,256.29,102.17,0.33,,11879.58,3324,False,0,2025-06-30 23:17:20
e8046f,TAM8087 ,Chile,1751325257.0,1751325257,-101.8808,24.5765,10660.38,False,257.85,139.13,0.0,,11353.8,,False,0,2025-06-30 23:17:20
a4c6b3,ASA1006 ,United States,1751325440.0,1751325440,-120.1212,46.3872,9067.8,False,220.73,309.51,-10.08,,9486.9,,False,0,2025-06-30 23:17:20
aaf828,AA0013  ,United States,1751325380.0,1751325380,-87.9279,41.9785,,True,4.37,2.81,,,,,False,0,2025-06-30 23:17:20
a03f84,RPA4399 ,United States,1751325440.0,1751325440,-79.6826,36.9516,6400.8,False,206.84,132.38,-0.65,,6781.8,4671,False,0,2025-06-30 23:17:20
ac3816,CAP487  ,United States,1751325437.0,1751325437,-117.0942,33.5807,731.52,False,55.4,10.16,0.0,,685.8,,False,0,2025-06-30 23:17:20
a9b775,JIA5292 ,United States,1751325439.0,1751325439,-96.4534,36.8857,10782.3,False,215.37,225.77,6.5,,11391.9,,False,0,2025-06-30 23:17:20
ab5eb2,SWA3186 ,United States,1751325439.0,1751325439,-90.2733,38.5899,10363.2,False,223.4,268.02,0.0,,10949.94,6520,False,0,2025-06-30 23:17:20
a9a419,FFT3479 ,United States,1751325439.0,1751325439,-76.2519,37.7582,9159.24,False,247.43,212.86,4.55,,9692.64,1672,False,0,2025-06-30 23:17:20
a69148,N522KL  ,United States,1751325439.0,1751325439,-83.5811,27.1831,6987.54,False,179.91,116.49,-5.2,,7383.78,4455,False,0,2025-06-30 23:17:20
ad5817,SWA1614 ,United States,1751325440.0,1751325440,-78.5143,29.1719,11277.6,False,232.16,4.32,-0.33,,11811.0,1455,False,0,2025-06-30 23:17:20
a356f6,AAL2470 ,United States,1751325439.0,1751325439,-100.4899,37.0436,10668.0,False,249.18,92.25,0.0,,11254.74,,False,0,2025-06-30 23:17:20
a88ddb,N650MP  ,United States,1751325439.0,1751325439,-88.4249,35.903,13106.4,False,231.44,235.78,-0.33,,13799.82,6524,False,0,2025-06-30 23:17:20
aaf831,ASA1235 ,United States,1751325393.0,1751325393,-111.1489,42.7931,11277.6,False,241.96,109.63,-0.33,,11856.72,6667,False,0,2025-06-30 23:17:20
a4b48e,N402FB  ,United States,1751325438.0,1751325438,-99.7638,25.7751,5105.4,False,154.34,89.62,4.88,,5394.96,,False,0,2025-06-30 23:17:20
a5d481,N475JM  ,United States,1751325415.0,1751325416,-88.9421,31.4634,2720.34,False,91.18,147.21,0.0,,2865.12,,False,0,2025-06-30 23:17:20
a7277c,N560FW  ,United States,1751325439.0,1751325440,-102.5999,36.4617,12489.18,False,219.26,127.08,-0.33,,13121.64,,False,0,2025-06-30 23:17:20
ac382e,DAL442  ,United States,1751325224.0,1751325224,-107.386,40.9131,10363.2,False,234.11,250.89,0.0,,10919.46,4135,False,0,2025-06-30 23:17:20
a9b755,NKS2398 ,United States,1751325439.0,1751325439,-94.8678,30.0066,1592.58,False,117.82,270.75,-2.6,,1691.64,1663,False,0,2025-06-30 23:17:20
ab4ba6,JBU1752 ,United States,1751325440.0,1751325440,-81.4601,27.01,7749.54,False,217.64,304.89,-15.93,,8237.22,4755,False,0,2025-06-30 23:17:20
a87ae9,N6455V  ,United States,1751325437.0,1751325439,-95.1312,38.7952,883.92,False,58.53,10.12,1.3,,868.68,,False,0,2025-06-30 23:17:20
ac250b,SWA3102 ,United States,1751325440.0,1751325440,-97.6351,30.7037,10744.2,False,244.56,87.71,-12.68,,11437.62,0474,False,0,2025-06-30 23:17:20
ad5837,AAL2115 ,United States,1751325439.0,1751325440,-80.2172,25.7663,716.28,False,123.9,142.08,5.85,,777.24,,False,0,2025-06-30 23:17:20
abaeb2,SWA4357 ,United States,1751325439.0,1751325439,-104.6552,30.7996,11277.6,False,241.56,95.99,0.0,,11948.16,1066,False,0,2025-06-30 23:17:20
a2cf3b,AAY1231 ,United States,1751325439.0,1751325439,-87.9917,34.742,10363.2,False,236.34,284.88,0.0,,11010.9,0726,False,0,2025-06-30 23:17:20
485f82,KLM642  ,Kingdom of the Netherlands,1751325440.0,1751325440,-68.2644,46.7669,11277.6,False,275.87,46.81,-0.33,,11772.9,3364,False,0,2025-06-30 23:17:20
a02c7b,HER110  ,United States,1751325437.0,1751325438,-101.8394,38.3914,13014.96,False,242.23,302.07,-4.88,,13616.94,2176,False,0,2025-06-30 23:17:20
a489d9,N3917M  ,United States,1751325430.0,1751325436,-76.5427,35.9571,739.14,False,46.48,264.92,0.65,,746.76,5374,False,0,2025-06-30 23:17:20
a02c94,DAL369  ,United States,1751325439.0,1751325439,-103.0944,40.3385,10363.2,False,229.53,254.53,0.0,,10919.46,7405,False,0,2025-06-30 23:17:20
a02c91,DAL1404 ,United States,1751325440.0,1751325440,-78.4352,36.1155,11277.6,False,229.27,29.73,-0.33,,11948.16,6714,False,0,2025-06-30 23:17:20
a369ee,AAL1051 ,United States,1751325439.0,1751325439,-85.2704,36.6002,11277.6,False,236.14,65.0,0.0,,11948.16,1602,False,0,2025-06-30 23:17:20
a223c1,AAY3059 ,United States,1751325440.0,1751325440,-81.1433,31.6867,6728.46,False,204.25,187.09,-8.78,,7155.18,1667,False,0,2025-06-30 23:17:20
a76f63,N5786Z  ,United States,1751325439.0,1751325439,-72.3072,41.662,640.08,False,88.14,50.92,-2.6,,647.7,1200,False,0,2025-06-30 23:17:20
a26c9f,N2551U  ,United States,1751325434.0,1751325434,-84.4353,34.3006,426.72,False,40.39,223.45,1.63,,464.82,3544,False,0,2025-06-30 23:17:20
ab5f87,SWA348  ,United States,1751325287.0,1751325290,-95.211,29.707,441.96,False,93.2,227.24,-1.95,,624.84,,False,0,2025-06-30 23:17:20
ab4c4b,EJA827  ,United States,1751325439.0,1751325440,-75.0383,42.1771,5196.84,False,225.88,88.96,-4.55,,5394.96,0525,False,0,2025-06-30 23:17:20
a26c7a,N2550S  ,United States,1751325077.0,1751325134,-121.0741,36.4549,2339.34,False,75.11,173.31,-0.33,,2392.68,1200,False,0,2025-06-30 23:17:20
a2bc5a,UAL472  ,United States,1751325439.0,1751325439,-79.791,29.0206,10058.4,False,230.72,43.37,0.0,,10576.56,1126,False,0,2025-06-30 23:17:20
ad56e0,JBU9    ,United States,1751325281.0,1751325281,-71.5084,38.2656,9448.8,False,249.53,176.22,0.0,,10005.06,1176,False,0,2025-06-30 23:17:20
a570d1,PRE45   ,United States,1751325440.0,1751325440,-106.2832,32.4016,13098.78,False,236.39,24.84,0.0,,13807.44,,False,0,2025-06-30 23:17:20
c06aaa,TSC567  ,Canada,1751325438.0,1751325439,-78.0478,33.1029,10668.0,False,222.3,4.11,-0.65,,11277.6,6655,False,0,2025-06-30 23:17:20
a2cf7e,N280RM  ,United States,1751325440.0,1751325440,-118.4861,34.2031,2910.84,False,159.28,24.83,21.78,,3032.76,,False,0,2025-06-30 23:17:20
a8df0d,N6707H  ,United States,1751325385.0,1751325385,-86.5869,34.9414,541.02,False,48.37,246.16,0.0,,533.4,,False,0,2025-06-30 23:17:20
aae3d7,N800WF  ,United States,1751325439.0,1751325439,-100.3755,43.8796,12192.0,False,194.37,273.79,0.0,,12664.44,2412,False,0,2025-06-30 23:17:20
a1f0b4,RPA5884 ,United States,1751325440.0,1751325440,-71.5465,42.5409,3528.06,False,135.68,105.62,-5.2,,3688.08,4163,False,0,2025-06-30 23:17:20
a76f6c,UAL714  ,United States,1751325300.0,1751325417,-87.8984,41.9723,,True,6.17,241.88,,,,0632,False,0,2025-06-30 23:17:20
ac36ef,SWA4018 ,United States,1751325439.0,1751325440,-118.349,34.8118,11582.4,False,246.56,312.21,0.33,,12199.62,0741,False,0,2025-06-30 23:17:20
aae3e3,N800WT  ,United States,1751325440.0,1751325440,-111.6586,33.3609,1028.7,False,108.88,28.5,5.2,,998.22,1200,False,0,2025-06-30 23:17:20
345109,IBE03SP ,Spain,1751325440.0,1751325440,-73.743,40.6604,114.3,False,73.41,211.24,-3.9,,91.44,6005,False,0,2025-06-30 23:17:20
a52f57,ASI859  ,United States,1751325440.0,1751325440,-112.1604,32.9313,2781.3,False,51.14,23.73,-0.33,,2880.36,0324,False,0,2025-06-30 23:17:20
461f4f,FIN1    ,Finland,1751325439.0,1751325439,-116.4863,34.4131,9022.08,False,196.19,236.77,-13.66,,9517.38,6757,False,0,2025-06-30 23:17:20
adef60,N99725  ,United States,1751325431.0,1751325431,-81.8753,30.4377,579.12,False,38.59,179.24,0.0,,601.98,,False,0,2025-06-30 23:17:20
a4d9f6,N411XT  ,United States,1751325436.0,1751325440,-97.6599,30.1985,,True,8.75,351.56,,,,,False,0,2025-06-30 23:17:20
ab4c83,SCX295  ,United States,1751325439.0,1751325439,-118.5691,45.7177,11582.4,False,212.51,265.84,0.0,,12077.7,,False,0,2025-06-30 23:17:20
a4c6af,AAL1659 ,United States,1751325438.0,1751325439,-106.5083,31.5831,10058.4,False,250.26,119.83,0.33,,10660.38,7740,False,0,2025-06-30 23:17:20
ad9f7f,AAL2947 ,United States,1751325439.0,1751325440,-81.1054,35.0913,1859.28,False,141.51,278.57,12.03,,1927.86,,False,0,2025-06-30 23:17:20
ad8c4c,AAL3161 ,United States,1751325439.0,1751325439,-78.9838,40.4028,10972.8,False,236.9,188.87,0.0,,11597.64,7015,False,0,2025-06-30 23:17:20
0d103d,,Mexico,1751325440.0,1751325440,-118.7452,35.2857,12481.56,False,200.37,149.62,-0.33,,13167.36,7033,False,0,2025-06-30 23:17:20
a09533,AAL1373 ,United States,1751325439.0,1751325439,-80.0982,25.8032,3573.78,False,157.95,208.82,11.7,,3779.52,,False,0,2025-06-30 23:17:20
a8df06,DAL1413 ,United States,1751325440.0,1751325440,-83.5572,33.1747,4053.84,False,180.16,274.75,-8.78,,4267.2,5215,False,0,2025-06-30 23:17:20
a3dc47,DAL449  ,United States,1751325440.0,1751325440,-113.8574,33.8185,10972.8,False,237.21,292.17,0.0,,11605.26,7463,False,0,2025-06-30 23:17:20
a4fc36,N420GA  ,United States,1751325439.0,1751325439,-112.1938,33.6835,822.96,False,63.09,189.39,-4.23,,769.62,,False,0,2025-06-30 23:17:20
a76f43,UAL250  ,United States,1751325242.0,1751325242,-100.8312,40.5836,10668.0,False,243.26,66.31,0.0,,11170.92,,False,0,2025-06-30 23:17:20
0d104d,XBCPE   ,Mexico,1751325439.0,1751325439,-116.9932,32.5187,426.72,False,37.91,187.8,1.63,,373.38,,False,0,2025-06-30 23:17:20
a3ef6e,N3526J  ,United States,1751325440.0,1751325440,-122.2451,47.8556,457.2,False,47.35,181.87,-0.33,,464.82,,False,0,2025-06-30 23:17:20
a2bc9e,UAL620  ,United States,1751325436.0,1751325436,-77.4506,38.9423,,True,0.0,0.0,,,,,False,0,2025-06-30 23:17:20
c0371f,,Canada,1751325434.0,1751325435,-106.0512,48.7591,10988.04,False,203.07,287.24,0.0,,11399.52,,False,0,2025-06-30 23:17:20
a76f48,UAL1385 ,United States,1751325440.0,1751325440,-99.3131,39.8055,10058.4,False,275.26,95.04,0.0,,10584.18,7622,False,0,2025-06-30 23:17:20
ac23ef,SWA264  ,United States,1751325440.0,1751325440,-76.8534,39.0845,891.54,False,117.46,310.74,-6.18,,914.4,7255,False,0,2025-06-30 23:17:20
a1f0f1,N224MA  ,United States,1751325439.0,1751325439,-80.1327,26.3255,586.74,False,49.48,188.97,0.65,,624.84,,False,0,2025-06-30 23:17:20
a5e6d7,N48GA   ,United States,1751325439.0,1751325440,-121.3301,38.1358,2766.06,False,90.28,355.75,7.15,,2872.74,3210,False,0,2025-06-30 23:17:20
461f57,FIN20   ,Finland,1751325439.0,1751325439,-91.5481,39.2883,11887.2,False,276.11,34.37,0.0,,12489.18,2323,False,0,2025-06-30 23:17:20
a22539,UAL2363 ,United States,1751325194.0,1751325194,-87.8925,42.0028,251.46,False,66.88,270.44,-4.23,,228.6,4375,False,0,2025-06-30 23:17:20
a23862,N242KV  ,United States,1751325440.0,1751325440,-84.9391,33.4335,13716.0,False,200.84,336.13,0.0,,14356.08,7763,False,0,2025-06-30 23:17:20
4063e6,VIR22Q  ,United Kingdom,1751325440.0,1751325440,-69.6123,43.0645,11277.6,False,243.96,53.66,0.0,,11856.72,3606,False,0,2025-06-30 23:17:20
0d1005,VOI1715 ,Mexico,1751325439.0,1751325440,-116.4235,32.154,11277.6,False,233.41,130.89,0.0,,11925.3,7736,False,0,2025-06-30 23:17:20
a99c95,N7183Q  ,United States,1751325220.0,1751325234,-70.1537,44.8042,1127.76,False,60.28,27.44,-0.33,,1135.38,,False,0,2025-06-30 23:17:20
a0955b,N137BR  ,United States,1751325440.0,1751325440,-112.0662,33.979,13708.38,False,223.67,152.32,0.33,,14417.04,7640,False,0,2025-06-30 23:17:20
a0822c,UCA4881 ,United States,1751325440.0,1751325440,-92.259,31.3288,10363.2,False,223.45,249.94,0.0,,10980.42,,False,0,2025-06-30 23:17:20
ad447d,N954L   ,United States,1751325439.0,1751325439,-103.7939,39.5919,6172.2,False,228.32,111.83,11.7,,6537.96,,False,0,2025-06-30 23:17:20
ab5f00,SWA1053 ,United States,1751325420.0,1751325425,-96.8482,32.8469,,True,0.0,92.81,,,,,False,0,2025-06-30 23:17:20
a23844,RPA5699 ,United States,1751325439.0,1751325440,-77.111,38.922,548.64,False,68.1,153.05,-3.25,,541.02,1621,False,0,2025-06-30 23:17:20
461f08,FIN15   ,Finland,1751325385.0,1751325385,-73.7747,40.6358,,True,5.14,300.94,,,,6554,False,0,2025-06-30 23:17:20
abf17f,AAL2332 ,United States,1751325439.0,1751325439,-108.4038,36.0862,9448.8,False,241.52,57.97,-0.65,,9982.2,4155,True,0,2025-06-30 23:17:20
addadb,JBU378  ,United States,1751325439.0,1751325439,-88.1909,34.8807,10668.0,False,233.79,79.6,0.0,,11308.08,6116,False,0,2025-06-30 23:17:20
a02bd0,N11WB   ,United States,1751325439.0,1751325439,-116.9515,34.3952,5173.98,False,154.99,219.34,-2.93,,5455.92,,False,0,2025-06-30 23:17:20
a14baa,N18287  ,United States,1751325439.0,1751325439,-117.451,34.7065,3512.82,False,89.0,70.41,0.0,,3665.22,4710,False,0,2025-06-30 23:17:20
a4c849,SKW3429 ,United States,1751325438.0,1751325439,-120.7492,36.3561,9616.44,False,213.88,140.76,7.8,,10088.88,3253,False,0,2025-06-30 23:17:20
a700c3,SFY205  ,United States,1751325188.0,1751325188,-80.6325,27.8315,1211.58,False,32.08,74.18,-0.65,,1295.4,,False,0,2025-06-30 23:17:20
a7ac54,ASA862  ,United States,1751325275.0,1751325278,-122.3165,47.4594,,True,12.35,36.56,,,,,False,0,2025-06-30 23:17:20
c035f8,WJA2903 ,Canada,1751325439.0,1751325439,-72.0892,42.228,11590.02,False,218.2,337.55,0.0,,12192.0,4135,False,0,2025-06-30 23:17:20
a570f1,N45NB   ,United States,1751325440.0,1751325440,-107.3873,37.2382,12184.38,False,218.22,264.18,0.0,,12816.84,,False,0,2025-06-30 23:17:20
a2bbac,UAL1911 ,United States,1751325439.0,1751325439,-95.1479,30.4384,4366.26,False,208.67,22.77,8.45,,4617.72,2570,False,0,2025-06-30 23:17:20
a9ff60,N743TH  ,United States,1751325440.0,1751325440,-122.2234,38.062,1386.84,False,50.85,117.08,1.3,,1402.08,,False,0,2025-06-30 23:17:20
ac36a9,SWA2044 ,United States,1751325438.0,1751325438,-92.8152,33.2565,11277.6,False,252.0,52.38,0.0,,11948.16,2736,False,0,2025-06-30 23:17:20
ab4c15,AAL3017 ,United States,1751325440.0,1751325440,-77.9306,32.5844,10972.8,False,247.48,195.31,0.0,,11559.54,1656,False,0,2025-06-30 23:17:20
aa80c0,EJA776  ,United States,1751325439.0,1751325439,-120.8331,39.7806,12496.8,False,230.36,161.65,1.3,,13091.16,2660,False,0,2025-06-30 23:17:20
ab5f43,SWA1974 ,United States,1751325439.0,1751325439,-85.1808,36.6076,10972.8,False,232.87,348.14,0.33,,11628.12,6031,False,0,2025-06-30 23:17:20
a700ac,DAL778  ,United States,1751325440.0,1751325440,-108.9891,37.7893,10668.0,False,241.64,66.27,-0.33,,11254.74,,False,0,2025-06-30 23:17:20
a33222,ENY3816 ,United States,1751325439.0,1751325439,-96.5985,31.7379,6400.8,False,213.93,161.78,0.0,,6781.8,2334,False,0,2025-06-30 23:17:20
a9ec06,UAL1660 ,United States,1751325440.0,1751325440,-96.2736,42.7788,10370.82,False,205.83,275.88,-0.33,,10782.3,3545,False,0,2025-06-30 23:17:20
ab03a4,DAL809  ,United States,1751325439.0,1751325440,-85.8411,35.0584,9456.42,False,243.84,141.51,-4.55,,10043.16,2540,False,0,2025-06-30 23:17:20
a34542,N31JB   ,United States,1751325389.0,1751325389,-120.5718,37.578,411.48,False,53.28,169.99,-2.93,,342.9,,False,0,2025-06-30 23:17:20
adb9a1,N9837L  ,United States,1751325427.0,1751325427,-95.0596,38.7729,609.6,False,43.88,4.71,-1.95,,632.46,,False,0,2025-06-30 23:17:20
a9ff49,SKW5584 ,United States,1751325439.0,1751325439,-103.3214,41.2118,8846.82,False,239.99,47.69,-0.98,,9319.26,,False,0,2025-06-30 23:17:20
ab4c1d,DAL98   ,United States,1751325439.0,1751325439,-82.8786,40.8653,8100.06,False,256.09,39.7,2.93,,8526.78,4154,False,0,2025-06-30 23:17:20
a1057a,AAL1817 ,United States,1751325440.0,1751325440,-84.3067,36.0768,9555.48,False,244.65,295.0,1.95,,10134.6,2524,False,0,2025-06-30 23:17:20
a690ef,LXJ522  ,United States,1751325439.0,1751325439,-93.9992,34.0646,12931.14,False,222.4,248.42,-5.53,,13609.32,1272,False,0,2025-06-30 23:17:20
c06b68,PRO4371 ,Canada,1751325417.0,1751325417,-80.7949,46.6268,,True,7.72,109.69,,,,,False,0,2025-06-30 23:17:20
a0d236,N152GC  ,United States,1751325302.0,1751325302,-114.6111,36.0702,1188.72,False,54.65,93.78,-2.93,,1150.62,,False,0,2025-06-30 23:17:20
abaf30,VAR852  ,United States,1751325322.0,1751325326,-112.8472,33.5229,1036.32,False,56.98,219.87,-2.93,,1005.84,,False,0,2025-06-30 23:17:20
a7bf7c,N599GR  ,United States,1751325293.0,1751325293,-72.4771,41.4457,312.42,False,88.46,111.49,-5.85,,304.8,1200,False,0,2025-06-30 23:17:20
a8deb4,DAL1768 ,United States,1751325439.0,1751325439,-73.327,39.7378,3215.64,False,194.38,309.63,-5.85,,3368.04,,False,0,2025-06-30 23:17:20
ada952,N98FK   ,United States,1751325439.0,1751325440,-92.5334,34.1182,9448.8,False,167.28,64.3,-0.33,,10005.06,3623,False,0,2025-06-30 23:17:20
ad3302,N95HE   ,United States,1751325439.0,1751325439,-98.9014,38.5056,12496.8,False,232.86,86.96,0.0,,13098.78,2063,False,0,2025-06-30 23:17:20
a8484b,BYF31   ,United States,1751325439.0,1751325439,-121.4364,37.6852,,True,4.37,118.12,,,,5345,False,0,2025-06-30 23:17:20
aaf996,EJA806  ,United States,1751325439.0,1751325440,-111.7486,33.143,9753.6,False,248.46,327.43,0.0,,10317.48,1663,False,0,2025-06-30 23:17:20
aa9679,RPA3465 ,United States,1751325440.0,1751325440,-87.6857,41.5959,3817.62,False,173.93,153.66,12.03,,3962.4,7257,False,0,2025-06-30 23:17:20
ab9024,EJA844  ,United States,1751325430.0,1751325439,-72.8836,41.2664,,True,0.0,33.75,,,,2257,False,0,2025-06-30 23:17:20
acbcbc,N92KK   ,United States,1751325269.0,1751325269,-72.7322,42.1749,281.94,False,44.2,129.81,-6.83,,251.46,,False,0,2025-06-30 23:17:20
a63bf4,SWA4674 ,United States,1751325440.0,1751325440,-96.7023,32.8329,1531.62,False,116.97,318.39,-0.33,,1600.2,3413,False,0,2025-06-30 23:17:20
a3323d,DAL32   ,United States,1751325440.0,1751325440,-96.2173,32.8091,5013.96,False,205.78,82.96,9.75,,5295.9,7646,False,0,2025-06-30 23:17:20
a7288f,,United States,1751325424.0,1751325424,-112.0174,33.4262,,True,4.63,0.0,,,,,False,0,2025-06-30 23:17:20
ac267c,AAL1100 ,United States,1751325348.0,1751325348,-97.038,32.9078,,True,2.06,171.56,,,,,False,0,2025-06-30 23:17:20
a4b58e,N402RH  ,United States,1751325439.0,1751325439,-122.6509,45.2604,655.32,False,62.37,241.96,-5.53,,640.08,,False,0,2025-06-30 23:17:20
a2bbcc,UAL2665 ,United States,1751325439.0,1751325439,-101.8451,42.2402,10668.0,False,253.29,104.35,0.0,,11170.92,,False,0,2025-06-30 23:17:20
a87bb9,N646CB  ,United States,1751325439.0,1751325439,-118.1064,33.8026,327.66,False,46.83,88.74,-0.98,,289.56,,False,0,2025-06-30 23:17:20
a7287d,N560SC  ,United States,1751325366.0,1751325366,-86.6663,36.1185,,True,4.89,289.69,,,,1014,False,0,2025-06-30 23:17:20
a5d56b,N475TW  ,United States,1751325439.0,1751325439,-122.6733,45.7717,2133.6,False,91.31,352.55,6.5,,2217.42,,False,0,2025-06-30 23:17:20
accff2,N9244H  ,United States,1751325301.0,1751325301,-83.1349,42.1118,396.24,False,36.59,297.65,-1.95,,320.04,,False,0,2025-06-30 23:17:20
abf32f,SWA1796 ,United States,1751325439.0,1751325440,-77.3719,36.6871,11582.4,False,242.56,234.32,0.0,,12237.72,7134,False,0,2025-06-30 23:17:20
4065de,BAW33K  ,United Kingdom,1751325346.0,1751325349,-73.7941,40.6516,,True,3.6,61.88,,,,3534,False,0,2025-06-30 23:17:20
aae69a,N801LM  ,United States,1751325426.0,1751325426,-100.2322,25.8722,,True,3.86,317.81,,,,,False,0,2025-06-30 23:17:20
aac03d,ENY3596 ,United States,1751325439.0,1751325440,-86.8016,41.7223,3680.46,False,186.07,354.45,0.65,,3817.62,6676,False,0,2025-06-30 23:17:20
abe00f,SWA2201 ,United States,1751325130.0,1751325130,-74.5439,24.9054,10965.18,False,240.95,319.85,0.0,,11544.3,,False,0,2025-06-30 23:17:20
ac136d,SWA4708 ,United States,1751325440.0,1751325440,-81.339,28.6503,868.68,False,113.91,149.61,0.33,,929.64,1047,False,0,2025-06-30 23:17:20
aad386,N797RJ  ,United States,1751325436.0,1751325436,-117.1495,32.8203,259.08,False,33.82,296.18,2.28,,205.74,,False,0,2025-06-30 23:17:20
aa2cb0,AVA031  ,United States,1751325438.0,1751325439,-79.9476,25.0567,5311.14,False,199.33,162.73,10.4,,5623.56,,False,0,2025-06-30 23:17:20
a72832,N560PC  ,United States,1751325309.0,1751325309,-122.8534,45.7562,198.12,False,36.12,259.33,-6.5,,167.64,,False,0,2025-06-30 23:17:20
44ccc2,BEL52B  ,Belgium,1751325423.0,1751325426,-73.797,40.6491,,True,4.12,0.0,,,,,False,0,2025-06-30 23:17:20
a3eefb,N35229  ,United States,1751325293.0,1751325293,-80.4359,25.6528,-38.1,False,24.71,87.61,0.0,,-15.24,,False,0,2025-06-30 23:17:20
a57229,AAL2356 ,United States,1751325440.0,1751325440,-84.0913,36.2748,10370.82,False,240.63,258.91,-0.33,,11003.28,2634,False,0,2025-06-30 23:17:20
4078de,BAW291  ,United Kingdom,1751325440.0,1751325440,-77.3566,38.7852,1226.82,False,146.69,1.81,-0.33,,1264.92,5005,False,0,2025-06-30 23:17:20
44ccd0,BEL1BT  ,Belgium,1751325440.0,1751325440,-75.5234,39.5172,7612.38,False,243.01,40.54,2.28,,8046.72,3316,False,0,2025-06-30 23:17:20
abe056,SWA2947 ,United States,1751325409.0,1751325409,-77.452,38.948,,True,3.34,0.0,,,,2136,False,0,2025-06-30 23:17:20
a9558b,N700LC  ,United States,1751325370.0,1751325371,-96.4367,30.677,708.66,False,97.58,94.84,-7.8,,716.28,4564,False,0,2025-06-30 23:17:20
a8359c,SKW5361 ,United States,1751325439.0,1751325439,-101.2577,31.5483,6964.68,False,203.04,105.13,6.83,,7383.78,,False,0,2025-06-30 23:17:20
ad31f0,N9497M  ,United States,1751325439.0,1751325439,-96.3859,33.1507,1089.66,False,72.83,81.47,0.65,,1120.14,1200,False,0,2025-06-30 23:17:20
a4c7b9,N407MD  ,United States,1751325439.0,1751325440,-84.4439,33.239,899.16,False,50.47,330.04,0.98,,929.64,1200,False,0,2025-06-30 23:17:20
ac390f,AAL2398 ,United States,1751325439.0,1751325439,-114.9312,47.6663,10668.0,False,255.28,88.27,0.0,,11132.82,6601,False,0,2025-06-30 23:17:20
a38d0b,N328LJ  ,United States,1751325278.0,1751325278,-111.9098,33.6239,,True,3.86,303.75,,,,4414,False,0,2025-06-30 23:17:20
a9689b,N705RC  ,United States,1751325437.0,1751325439,-104.0679,39.8044,2346.96,False,123.96,336.52,0.0,,2484.12,,False,0,2025-06-30 23:17:20
a51d1b,AAL2831 ,United States,1751325440.0,1751325440,-86.3009,37.7495,10363.2,False,232.77,277.11,0.33,,10995.66,0445,False,0,2025-06-30 23:17:20
ab5faa,SWA3253 ,United States,1751325440.0,1751325440,-103.4286,39.4879,6781.8,False,238.92,110.15,7.48,,7178.04,,False,0,2025-06-30 23:17:20
a081a3,UCA4241 ,United States,1751325440.0,1751325440,-96.2416,31.073,7322.82,False,211.47,152.31,-0.65,,7757.16,1633,False,0,2025-06-30 23:17:20
a6e28a,N5426F  ,United States,1751325381.0,1751325381,-80.4304,35.4094,388.62,False,49.52,156.1,-0.33,,388.62,,False,0,2025-06-30 23:17:20
a4529e,N378MH  ,United States,1751325440.0,1751325440,-91.7267,30.6526,7620.0,False,135.3,62.36,0.0,,8092.44,7065,False,0,2025-06-30 23:17:20
a02d5b,FFL599  ,United States,1751325439.0,1751325440,-103.5686,33.008,9342.12,False,243.93,285.91,-8.45,,9890.76,1026,False,0,2025-06-30 23:17:20
a95596,N700LP  ,United States,1751325439.0,1751325439,-96.4781,33.1865,2042.16,False,140.35,243.9,-9.1,,2133.6,2676,False,0,2025-06-30 23:17:20
ab0633,N8094C  ,United States,1751325440.0,1751325440,-76.0327,42.4728,1828.8,False,68.54,172.23,-2.6,,1851.66,3761,False,0,2025-06-30 23:17:20
aaf93d,N806MC  ,United States,1751325440.0,1751325440,-83.5663,42.9329,12504.42,False,188.56,276.74,0.33,,13083.54,1750,False,0,2025-06-30 23:17:20
a8def1,DAL3231 ,United States,1751325435.0,1751325435,-84.4247,33.6383,,True,3.6,272.81,,,,4612,False,0,2025-06-30 23:17:20
a9687f,N705Q   ,United States,1751325424.0,1751325428,-84.5152,42.4973,525.78,False,45.86,3.22,0.0,,472.44,,False,0,2025-06-30 23:17:20
ab1971,AAL2028 ,United States,1751325439.0,1751325439,-83.0054,34.7366,10668.0,False,230.36,71.24,0.0,,11308.08,1062,False,0,2025-06-30 23:17:20
a83564,EJA628  ,United States,1751325440.0,1751325440,-76.4356,38.7503,7886.7,False,235.02,22.52,-4.23,,8321.04,3027,False,0,2025-06-30 23:17:20
ab1978,AAY2890 ,United States,1751325440.0,1751325440,-85.002,33.029,9448.8,False,230.79,152.52,0.0,,10027.92,1513,False,0,2025-06-30 23:17:20
a83569,QXE2290 ,United States,1751325440.0,1751325440,-123.1751,46.6185,8275.32,False,200.38,182.94,5.85,,8618.22,1670,False,0,2025-06-30 23:17:20
a224fa,UAL2194 ,United States,1751325440.0,1751325440,-92.0234,30.042,8572.5,False,224.86,72.56,-15.61,,9136.38,4664,False,0,2025-06-30 23:17:20
ab5fdd,AAL3175 ,United States,1751325438.0,1751325438,-84.442,33.6411,,True,0.0,284.06,,,,1535,True,0,2025-06-30 23:17:20
a9a52f,OST20   ,United States,1751325205.0,1751325205,-97.1009,36.126,502.92,False,51.45,90.57,-3.25,,495.3,,False,0,2025-06-30 23:17:20
a8ded6,DAL1927 ,United States,1751325438.0,1751325439,-88.3839,32.3619,9753.6,False,250.1,257.16,0.0,,10347.96,3512,False,0,2025-06-30 23:17:20
a14d78,SKW3297 ,United States,1751325439.0,1751325439,-122.17,40.0455,10363.2,False,235.75,319.6,0.33,,10828.02,3232,False,0,2025-06-30 23:17:20
a37a25,N323HA  ,United States,1751325382.0,1751325433,-100.5256,43.2311,3215.64,False,96.84,98.86,7.15,,3375.66,,False,0,2025-06-30 23:17:20
a5c293,N470RB  ,United States,1751325439.0,1751325439,-118.4079,33.6765,1120.14,False,47.62,259.42,-0.65,,1089.66,,False,0,2025-06-30 23:17:20
a8dee0,UAL170  ,United States,1751325421.0,1751325421,-74.1688,40.7009,,True,0.0,95.62,,,,,False,0,2025-06-30 23:17:20
a26d4a,N2556Q  ,United States,1751325421.0,1751325421,-118.0202,34.0522,457.2,False,66.21,22.38,-1.63,,464.82,,False,0,2025-06-30 23:17:20
ada922,N98DM   ,United States,1751325439.0,1751325439,-84.3171,40.2614,1310.64,False,91.9,237.11,-4.55,,1318.26,1713,False,0,2025-06-30 23:17:20
a9fec4,ENYMTX35,United States,1751325364.0,1751325364,-87.9279,41.9787,,True,3.86,0.0,,,,,False,0,2025-06-30 23:17:20
c07ee0,WJA1430 ,Canada,1751325285.0,1751325285,-118.4123,43.0851,11887.2,False,222.34,187.98,0.0,,12451.08,2141,False,0,2025-06-30 23:17:20
a691c0,CXK544  ,United States,1751325439.0,1751325440,-119.132,34.2545,274.32,False,51.41,108.07,-1.3,,259.08,0407,False,0,2025-06-30 23:17:20
a38d8f,AAL2250 ,United States,1751325439.0,1751325439,-79.5956,25.4332,4259.58,False,208.14,281.12,-5.2,,4511.04,,False,0,2025-06-30 23:17:20
ad57bb,SKW490Z ,United States,1751325439.0,1751325439,-106.8911,39.7923,8900.16,False,198.08,227.53,1.63,,9410.7,3210,False,0,2025-06-30 23:17:20
a15fa4,AAY2310 ,United States,1751325440.0,1751325440,-111.4469,33.4552,3009.9,False,151.98,345.49,13.66,,3154.68,4112,False,0,2025-06-30 23:17:20
ab04f3,SCX394  ,United States,1751325440.0,1751325440,-94.235,44.6751,5859.78,False,199.14,72.41,-5.2,,6065.52,3350,False,0,2025-06-30 23:17:20
a7ad0d,JBU1002 ,United States,1751325433.0,1751325433,-78.8813,26.7488,7391.4,False,226.66,64.6,5.2,,7780.02,,False,0,2025-06-30 23:17:20
aa1a26,ENY4040 ,United States,1751325439.0,1751325439,-87.5208,41.9877,1844.04,False,111.64,270.26,-5.53,,1882.14,6270,False,0,2025-06-30 23:17:20
a37a3f,JBU2184 ,United States,1751325440.0,1751325440,-71.5942,41.6589,3360.42,False,160.93,39.03,0.0,,3520.44,6277,False,0,2025-06-30 23:17:20
ab04fb,TRF509  ,United States,1751325439.0,1751325439,-96.2991,32.7279,624.84,False,48.22,129.81,-0.98,,609.6,,False,0,2025-06-30 23:17:20
a6f4be,N5473R  ,United States,1751325440.0,1751325440,-95.7115,33.3308,1402.08,False,51.44,343.74,-0.98,,1440.18,1200,False,0,2025-06-30 23:17:20
aa94aa,ENY3808 ,United States,1751325439.0,1751325439,-84.9602,44.4907,8839.2,False,203.9,193.12,-5.53,,9220.2,4374,False,0,2025-06-30 23:17:20
a50a88,AAL778  ,United States,1751325439.0,1751325439,-113.2013,34.6006,10355.58,False,222.19,263.35,0.0,,10942.32,,False,0,2025-06-30 23:17:20
c07eee,WJA613  ,Canada,1751325439.0,1751325439,-76.2304,45.4016,4632.96,False,188.83,282.75,12.03,,4792.98,,False,0,2025-06-30 23:17:20
a4ea77,AAL2311 ,United States,1751325440.0,1751325440,-84.3423,30.6791,10058.4,False,236.41,97.13,0.33,,10652.76,3202,False,0,2025-06-30 23:17:20
407993,BAW11J  ,United Kingdom,1751325440.0,1751325440,-73.5849,40.6915,2964.18,False,161.55,25.26,11.05,,3086.1,2741,False,0,2025-06-30 23:17:20
407992,BAW8DS  ,United Kingdom,1751325440.0,1751325440,-117.1505,34.6722,9212.58,False,271.51,54.56,9.1,,9715.5,7631,False,0,2025-06-30 23:17:20
ae51a9,GAGE56  ,United States,1751325434.0,1751325438,-81.1341,32.0182,,True,2.06,253.12,,,,,False,0,2025-06-30 23:17:20
c02501,AIE803  ,Canada,1751325439.0,1751325439,-74.5042,46.8675,7002.78,False,114.58,207.26,0.0,,7292.34,,False,0,2025-06-30 23:17:20
addd2b,N9925U  ,United States,1751325439.0,1751325439,-120.063,34.7313,2316.48,False,52.08,132.2,1.63,,2369.82,,False,0,2025-06-30 23:17:20
a47905,N388AC  ,United States,1751325438.0,1751325439,-78.2365,29.1615,12641.58,False,233.25,2.4,7.8,,13251.18,1344,False,0,2025-06-30 23:17:20
a584bc,AAL1719 ,United States,1751325439.0,1751325439,-121.8291,45.9065,11277.6,False,220.86,168.04,0.0,,11750.04,7075,False,0,2025-06-30 23:17:20
a74a03,N569TA  ,United States,1751325439.0,1751325439,-103.3182,37.2654,12184.38,False,204.42,339.83,0.65,,12809.22,0233,False,0,2025-06-30 23:17:20
aa2d14,SKW9909 ,United States,1751325439.0,1751325439,-86.4423,42.4646,6088.38,False,167.21,269.29,0.0,,6316.98,5776,False,0,2025-06-30 23:17:20
a9427a,N696RC  ,United States,1751325358.0,1751325416,-118.5879,35.2644,2263.14,False,49.73,129.12,0.0,,2301.24,,False,0,2025-06-30 23:17:20
ab1902,N814JB  ,United States,1751324995.0,1751325162,-83.9319,40.4572,1089.66,False,65.4,155.85,-2.93,,1059.18,,False,0,2025-06-30 23:17:20
a49a82,EJA396  ,United States,1751325167.0,1751325169,-86.6848,33.6004,495.3,False,61.85,258.97,-0.65,,502.92,5620,True,0,2025-06-30 23:17:20
a51d5f,N429DF  ,United States,1751325440.0,1751325440,-116.8731,33.8907,1645.92,False,68.1,295.98,4.23,,1699.26,,False,0,2025-06-30 23:17:20
a0f922,DISCUS5 ,United States,1751325437.0,1751325437,-111.8064,39.6056,4526.28,False,48.05,338.65,-0.65,,4800.6,,False,0,2025-06-30 23:17:20
a9ed89,N739LW  ,United States,1751325287.0,1751325288,-80.5385,34.9117,670.56,False,32.43,271.82,-1.3,,678.18,,False,0,2025-06-30 23:17:20
c010ec,ACA175  ,Canada,1751325439.0,1751325440,-79.7248,43.6453,891.54,False,109.45,237.28,3.25,,853.44,6355,False,0,2025-06-30 23:17:20
c010ea,ACA793  ,Canada,1751325440.0,1751325440,-79.6127,43.6746,,True,6.43,241.88,,,,0543,False,0,2025-06-30 23:17:20
aa9600,UAL787  ,United States,1751325439.0,1751325439,-95.3989,30.0077,1988.82,False,133.47,139.06,-6.18,,2118.36,0041,False,0,2025-06-30 23:17:20
a2396e,SWA1925 ,United States,1751325435.0,1751325435,-98.5553,29.5968,670.56,False,62.67,131.67,-2.93,,762.0,6452,True,0,2025-06-30 23:17:20
c06c8f,CGPCW   ,Canada,1751325439.0,1751325440,-124.8248,48.9263,4541.52,False,143.61,99.9,0.0,,4747.26,,False,0,2025-06-30 23:17:20
a0835d,RPA4506 ,United States,1751325439.0,1751325439,-79.0508,35.4378,8839.2,False,244.16,51.42,-0.33,,9380.22,,False,0,2025-06-30 23:17:20
a1afd5,N208BA  ,United States,1751325439.0,1751325440,-122.1789,47.3972,541.02,False,81.67,287.98,-2.93,,548.64,,False,0,2025-06-30 23:17:20
a99d87,ASA572  ,United States,1751325440.0,1751325440,-86.2257,38.6249,10363.2,False,231.89,302.77,0.0,,10965.18,7033,False,0,2025-06-30 23:17:20
a46603,UAL2288 ,United States,1751325440.0,1751325440,-98.4444,37.1856,10363.2,False,234.07,292.62,0.0,,10957.56,6527,False,0,2025-06-30 23:17:20
a9a4e2,JIA5155 ,United States,1751325439.0,1751325440,-82.0515,38.7998,9448.8,False,244.09,172.13,0.65,,10005.06,0362,False,0,2025-06-30 23:17:20
a1afcf,TTE208  ,United States,1751325440.0,1751325440,-114.3842,43.1589,7627.62,False,207.98,100.11,-0.33,,8031.48,,False,0,2025-06-30 23:17:20
abf29f,SWA3121 ,United States,1751325423.0,1751325423,-119.5054,44.6126,10675.62,False,247.92,103.81,0.98,,11148.06,6640,False,0,2025-06-30 23:17:20
a39fb7,UAL533  ,United States,1751325439.0,1751325439,-87.4549,41.9524,1546.86,False,112.36,285.95,-0.33,,1577.34,2304,False,0,2025-06-30 23:17:20
a4a300,N3981D  ,United States,1751325438.0,1751325439,-112.3517,32.7865,3078.48,False,68.85,119.05,0.0,,3223.26,7202,False,0,2025-06-30 23:17:20
a22642,ASA406  ,United States,1751325439.0,1751325439,-77.6899,38.7923,2727.96,False,142.0,279.8,8.78,,2842.26,,False,0,2025-06-30 23:17:20
a2cfa2,SKW3671 ,United States,1751325439.0,1751325439,-117.6161,47.7062,1805.94,False,131.72,59.23,3.58,,1882.14,4652,False,0,2025-06-30 23:17:20
a35949,JBU1786 ,United States,1751325439.0,1751325439,-80.2667,40.6094,1653.54,False,146.4,356.37,17.88,,1676.4,,False,0,2025-06-30 23:17:20
a4fca9,GTW420  ,United States,1751325439.0,1751325440,-76.1953,39.013,3139.44,False,102.69,343.11,14.96,,3291.84,,False,0,2025-06-30 23:17:20
a0d319,N152RE  ,United States,1751324300.0,1751325440,-96.7042,33.588,1005.84,False,53.61,25.58,-0.33,,1013.46,,False,0,2025-06-30 23:17:20
a0d374,AAL3105 ,United States,1751325439.0,1751325439,-92.1614,42.524,9136.38,False,215.74,303.92,-0.33,,9502.14,6246,False,0,2025-06-30 23:17:20
a3466f,PRE31   ,United States,1751325399.0,1751325413,-103.5359,41.8196,6111.24,False,116.19,244.0,0.0,,6461.76,,False,0,2025-06-30 23:17:20
a74a5a,SWA2501 ,United States,1751325435.0,1751325438,-118.6515,37.7711,10965.18,False,208.1,221.49,0.33,,11536.68,,False,0,2025-06-30 23:17:20
a46665,N38291  ,United States,1751325418.0,1751325418,-97.6859,33.0124,899.16,False,42.38,259.51,-0.65,,906.78,,False,0,2025-06-30 23:17:20
a9ed2e,N739HE  ,United States,1751325440.0,1751325440,-121.1033,37.3661,1866.9,False,57.65,87.95,0.98,,1882.14,5346,False,0,2025-06-30 23:17:20
aa1a81,SKW6481 ,United States,1751325439.0,1751325439,-96.2352,36.6075,9745.98,False,210.82,231.34,-5.2,,10340.34,3216,False,0,2025-06-30 23:17:20
a2cffc,SWA2021 ,United States,1751325439.0,1751325439,-111.8069,33.4371,1341.12,False,96.4,296.98,-6.18,,1341.12,4567,False,0,2025-06-30 23:17:20
c010a8,ACA112  ,Canada,1751325439.0,1751325439,-80.3717,43.4587,4556.76,False,179.95,66.59,-7.8,,4716.78,1645,False,0,2025-06-30 23:17:20
a9da0d,N734BN  ,United States,1751325324.0,1751325324,-122.2216,37.7312,,True,0.0,70.31,,,,,False,0,2025-06-30 23:17:20
a32015,N300HV  ,United States,1751325439.0,1751325439,-117.5586,33.2564,1676.4,False,63.5,130.4,0.0,,1699.26,4770,False,0,2025-06-30 23:17:20
c010cb,ACA148  ,Canada,1751325439.0,1751325439,-89.5833,48.2955,10660.38,False,248.92,113.12,0.0,,10873.74,,False,0,2025-06-30 23:17:20
a4795e,DSU24   ,United States,1751325438.0,1751325438,-90.7057,33.7635,624.84,False,68.95,88.72,-1.63,,640.08,1200,False,0,2025-06-30 23:17:20
ac37bd,SWA2256 ,United States,1751325439.0,1751325440,-94.451,36.2907,10668.0,False,248.78,118.0,0.0,,11300.46,3265,False,0,2025-06-30 23:17:20
a87d8b,N646WT  ,United States,1751325439.0,1751325439,-83.4995,29.079,7924.8,False,158.08,163.75,-0.65,,8397.24,6655,False,0,2025-06-30 23:17:20
ab3a0c,UAL1068 ,United States,1751325436.0,1751325436,-87.9309,41.9753,,True,0.0,270.0,,,,6231,False,0,2025-06-30 23:17:20
ab04bb,EJA809  ,United States,1751325439.0,1751325439,-80.3941,41.8535,13106.4,False,217.74,250.11,0.33,,13723.62,6316,False,0,2025-06-30 23:17:20
a9da08,N734BH  ,United States,1751325439.0,1751325439,-80.2164,25.9942,213.36,False,37.64,183.92,1.3,,220.98,,False,0,2025-06-30 23:17:20
aa94ef,LN781HC ,United States,1751325439.0,1751325439,-109.716,38.3005,6286.5,False,98.21,319.89,6.83,,6682.74,,False,0,2025-06-30 23:17:20
a7ad84,DAL924  ,United States,1751325439.0,1751325439,-104.4473,31.8724,10972.8,False,229.03,268.33,0.0,,11620.5,1207,False,0,2025-06-30 23:17:20
a9da02,N734BB  ,United States,1751325424.0,1751325424,-120.8775,44.0511,2354.58,False,45.05,276.56,-1.63,,2438.4,,False,0,2025-06-30 23:17:20
a52fb2,EJA433  ,United States,1751325440.0,1751325440,-103.6991,39.2307,12496.8,False,224.11,69.86,0.0,,13106.4,2065,False,0,2025-06-30 23:17:20
a0704a,N12713  ,United States,1751325333.0,1751325333,-82.7573,27.974,-15.24,False,31.98,334.26,-1.95,,0.0,,False,0,2025-06-30 23:17:20
a2000d,EDV5246 ,United States,1751325439.0,1751325439,-78.4013,39.1493,9753.6,False,241.79,204.11,0.33,,10340.34,0414,False,0,2025-06-30 23:17:20
a33325,AAY71   ,United States,1751325436.0,1751325436,-110.1367,35.3802,10660.38,False,234.94,104.07,-0.33,,11300.46,,False,0,2025-06-30 23:17:20
c04049,ACA508  ,Canada,1751325180.0,1751325244,-79.6161,43.6768,205.74,True,5.4,45.0,,,,6275,False,0,2025-06-30 23:17:20
a3e911,FFT4208 ,United States,1751325439.0,1751325440,-78.4851,36.7084,7924.8,False,215.88,16.19,0.0,,8412.48,3233,False,0,2025-06-30 23:17:20
ac52ee,ASH6065 ,United States,1751325440.0,1751325440,-95.0273,33.7835,9448.8,False,240.37,21.07,-0.33,,10050.78,7273,False,0,2025-06-30 23:17:20
a26623,N2538R  ,United States,1751325440.0,1751325440,-120.8255,38.3171,2286.0,False,55.31,170.36,0.33,,2346.96,4575,False,0,2025-06-30 23:17:20
a19fbe,N20312  ,United States,1751325439.0,1751325440,-85.481,38.469,640.08,False,54.57,81.87,0.65,,594.36,,False,0,2025-06-30 23:17:20
ac52f2,ASH6288 ,United States,1751325439.0,1751325439,-96.016,28.3109,8534.4,False,220.27,208.3,-0.33,,9060.18,4114,False,0,2025-06-30 23:17:20
a7da2e,TWY76   ,United States,1751325440.0,1751325440,-108.0413,37.6235,12192.0,False,229.12,250.18,0.33,,12847.32,1422,False,0,2025-06-30 23:17:20
899082,EVA667  ,Taiwan,1751325440.0,1751325440,-88.9862,46.2057,9144.0,False,267.81,351.61,0.33,,9372.6,7762,False,0,2025-06-30 23:17:20
ade8fa,AAL2636 ,United States,1751325439.0,1751325439,-88.9165,41.1195,5135.88,False,221.79,42.27,-10.08,,5349.24,0773,False,0,2025-06-30 23:17:20
ac52ff,SWA123  ,United States,1751325440.0,1751325440,-82.9473,28.098,6598.92,False,208.64,157.99,-10.4,,6987.54,2733,False,0,2025-06-30 23:17:20
a2c90d,ENY3348 ,United States,1751325439.0,1751325439,-82.5461,28.2297,1112.52,False,112.2,156.49,-5.2,,1188.72,3422,False,0,2025-06-30 23:17:20
a06cd9,N12633  ,United States,1751323695.0,1751325435,-72.5422,40.8206,251.46,False,20.85,254.25,2.6,,243.84,,False,0,2025-06-30 23:17:20
a874e1,JBU740  ,United States,1751325439.0,1751325439,-71.8763,38.3094,10972.8,False,223.76,331.43,0.0,,11597.64,,False,0,2025-06-30 23:17:20
adc2a7,AAL851  ,United States,1751325439.0,1751325440,-97.0541,33.0119,723.9,False,84.37,180.35,-4.55,,739.14,0515,False,0,2025-06-30 23:17:20
a0261f,N10897  ,United States,1751325439.0,1751325440,-104.52,38.2869,1402.08,False,45.93,85.5,-3.58,,1463.04,1200,False,0,2025-06-30 23:17:20
a1a924,RPA5882 ,United States,1751325440.0,1751325440,-76.3764,43.6123,10363.2,False,214.11,307.09,0.0,,10896.6,1343,False,0,2025-06-30 23:17:20
a66a8c,TRF512  ,United States,1751325439.0,1751325439,-96.1488,32.7258,571.5,False,45.55,251.57,-0.98,,571.5,1200,False,0,2025-06-30 23:17:20
a2790a,N259BD  ,United States,1751325419.0,1751325419,-122.5782,47.2408,259.08,False,41.87,275.64,-2.28,,251.46,,False,0,2025-06-30 23:17:20
a1460a,SKW3446 ,United States,1751325439.0,1751325439,-122.7518,45.6385,1287.78,False,129.34,297.99,10.73,,1341.12,,False,0,2025-06-30 23:17:20
a8c4d8,UAL134  ,United States,1751325440.0,1751325440,-71.7018,43.2255,10058.4,False,256.48,61.22,0.0,,10568.94,1716,False,0,2025-06-30 23:17:20
c0404e,WJA2710 ,Canada,1751325440.0,1751325440,-79.5661,28.836,10972.8,False,240.17,197.19,-0.33,,11521.44,6344,False,0,2025-06-30 23:17:20
c0404f,ROU1628 ,Canada,1751325436.0,1751325438,-79.005,30.7613,10980.42,False,256.43,202.66,0.0,,11551.92,6327,False,0,2025-06-30 23:17:20
a38641,SKW4121 ,United States,1751325439.0,1751325439,-98.2397,28.1381,9753.6,False,229.96,180.0,0.0,,10386.06,0465,False,0,2025-06-30 23:17:20
a1a986,ENY3981 ,United States,1751325195.0,1751325196,-97.0547,32.9155,198.12,False,66.88,180.44,-2.93,,175.26,2741,False,0,2025-06-30 23:17:20
a9f7b0,EJA741  ,United States,1751325440.0,1751325440,-79.329,38.8296,13098.78,False,225.89,6.8,0.33,,13784.58,1435,False,0,2025-06-30 23:17:20
a32ff6,AAL584  ,United States,1751325439.0,1751325440,-106.5725,31.8463,9448.8,False,248.16,96.79,0.0,,10005.06,0701,False,0,2025-06-30 23:17:20
0d0877,XCOPF   ,Mexico,1751325440.0,1751325440,-106.6261,30.2125,9814.56,False,205.34,187.2,6.18,,10401.3,,False,0,2025-06-30 23:17:20
406ec7,BAW293  ,United Kingdom,1751325440.0,1751325440,-71.8791,41.6146,12192.0,False,240.06,216.11,0.0,,12809.22,0726,False,0,2025-06-30 23:17:20
a1efe7,ASA756  ,United States,1751325439.0,1751325439,-122.5426,45.3533,1478.28,False,134.74,51.51,-9.75,,1531.62,,False,0,2025-06-30 23:17:20
a874a4,FFT1066 ,United States,1751325440.0,1751325440,-92.9618,42.4321,10317.48,False,280.95,71.86,-3.25,,10744.2,3246,False,0,2025-06-30 23:17:20
c0797b,ACA1075 ,Canada,1751325440.0,1751325440,-98.829,42.1881,11574.78,False,216.96,243.98,0.0,,12077.7,6240,False,0,2025-06-30 23:17:20
aa6e81,UAL1805 ,United States,1751325439.0,1751325439,-109.9586,39.478,10972.8,False,247.0,261.62,0.0,,11551.92,3247,False,0,2025-06-30 23:17:20
a18cbb,UAL1855 ,United States,1751325439.0,1751325439,-104.9745,41.3626,11887.2,False,260.69,64.14,-0.33,,12496.8,6024,False,0,2025-06-30 23:17:20
a78a52,AAL1948 ,United States,1751325440.0,1751325440,-95.3954,32.6418,10454.64,False,247.33,73.94,2.93,,11094.72,1561,False,0,2025-06-30 23:17:20
a0bcb2,AAL619  ,United States,1751325440.0,1751325440,-85.6492,40.386,7315.2,False,229.95,347.86,-0.33,,7680.96,4133,False,0,2025-06-30 23:17:20
a32fd5,SKW3594 ,United States,1751325440.0,1751325440,-120.8489,46.8695,5897.88,False,172.35,330.3,-7.8,,6179.82,,False,0,2025-06-30 23:17:20
040124,ETH516  ,Ethiopia,1751325440.0,1751325440,-74.1997,39.1399,11650.98,False,242.97,228.0,-5.85,,12313.92,7251,False,0,2025-06-30 23:17:20
a2c92b,AAY397  ,United States,1751325440.0,1751325440,-81.1973,33.3625,11574.78,False,240.78,179.27,-0.33,,12245.34,6650,False,0,2025-06-30 23:17:20
a5ad90,LBQ782  ,United States,1751325440.0,1751325440,-84.0656,34.8238,4564.38,False,124.67,68.2,0.33,,4823.46,4047,False,0,2025-06-30 23:17:20
a7ed2e,N61JA   ,United States,1751325440.0,1751325440,-104.9692,38.3614,2682.24,False,54.7,106.39,2.28,,2827.02,,False,0,2025-06-30 23:17:20
c0799e,TSC695  ,Canada,1751325439.0,1751325439,-76.8248,45.1734,11628.12,False,223.91,240.55,-4.88,,12192.0,0750,False,0,2025-06-30 23:17:20
899036,EVA018  ,Taiwan,1751325439.0,1751325439,-124.3464,37.686,8823.96,False,220.47,109.49,-9.1,,9174.48,,False,0,2025-06-30 23:17:20
a5031a,AAL1657 ,United States,1751325440.0,1751325440,-99.5821,32.2629,10668.0,False,237.96,85.29,0.0,,11330.94,6752,False,0,2025-06-30 23:17:20
acfe09,EDV5166 ,United States,1751325434.0,1751325434,-73.8648,40.7739,,True,8.23,123.75,,,,6644,False,0,2025-06-30 23:17:20
a68fe3,N5216V  ,United States,1751325438.0,1751325438,-84.4961,37.9422,762.0,False,49.58,210.56,0.0,,739.14,,False,0,2025-06-30 23:17:20
aaab05,N787FA  ,United States,1751325440.0,1751325440,-119.2886,34.2697,1089.66,False,53.87,331.48,0.0,,1074.42,,False,0,2025-06-30 23:17:20
aa141e,ENY3796 ,United States,1751325439.0,1751325440,-88.2773,43.4802,4305.3,False,166.62,347.34,-5.2,,4427.22,1343,False,0,2025-06-30 23:17:20
a7b927,CXK657  ,United States,1751325331.0,1751325331,-104.524,39.754,1661.16,False,49.45,2.98,-0.65,,1767.84,,False,0,2025-06-30 23:17:20
a3999e,ATN6750 ,United States,1751325121.0,1751325127,-97.3251,33.0227,335.28,False,60.14,169.65,-2.28,,304.8,6520,False,0,2025-06-30 23:17:20
406f73,BAW243  ,United Kingdom,1751325439.0,1751325440,-83.1336,27.4571,11582.4,False,259.61,241.86,-0.33,,12237.72,4636,False,0,2025-06-30 23:17:20
aaab20,N787GC  ,United States,1751325257.0,1751325259,-111.9158,33.304,441.96,False,46.81,180.0,-4.55,,342.9,6316,False,0,2025-06-30 23:17:20
a6dfaa,DAL332  ,United States,1751325440.0,1751325440,-121.7292,47.8676,5044.44,False,165.12,221.34,-7.15,,5273.04,7030,False,0,2025-06-30 23:17:20
406f72,BAW81V  ,United Kingdom,1751325440.0,1751325440,-76.3925,44.6969,11269.98,False,264.11,56.68,0.0,,11818.62,3467,False,0,2025-06-30 23:17:20
a37347,AAY878  ,United States,1751325439.0,1751325439,-81.3792,31.8269,11894.82,False,220.2,25.61,-0.98,,12557.76,3626,False,0,2025-06-30 23:17:20
a64996,JBU2078 ,United States,1751325440.0,1751325440,-80.0367,27.2645,6096.0,False,191.38,304.93,0.0,,6431.28,4173,False,0,2025-06-30 23:17:20
c06644,CGMSX   ,Canada,1751325439.0,1751325439,-108.1551,38.5119,9144.0,False,126.92,195.28,-0.65,,9677.4,,False,0,2025-06-30 23:17:20
c06645,TLK822  ,Canada,1751325440.0,1751325440,-73.7903,45.4218,876.3,False,109.76,221.01,14.96,,845.82,,False,0,2025-06-30 23:17:20
c07973,ACA511  ,Canada,1751325439.0,1751325439,-79.8962,43.6767,2179.32,False,139.83,307.38,11.05,,2194.56,2242,False,0,2025-06-30 23:17:20
c07971,ACA773  ,Canada,1751325439.0,1751325439,-79.522,43.7269,640.08,False,80.79,226.55,-4.55,,601.98,1303,False,0,2025-06-30 23:17:20
a24014,ENY3897 ,United States,1751325440.0,1751325440,-99.0549,35.2568,7825.74,False,214.48,244.73,7.48,,8267.7,,False,0,2025-06-30 23:17:20
c0796d,CGTZO   ,Canada,1751325439.0,1751325439,-79.0654,43.0996,670.56,False,49.01,200.91,2.6,,640.08,,False,0,2025-06-30 23:17:20
a1dcf2,SWA2062 ,United States,1751325434.0,1751325438,-114.3747,33.6708,10363.2,False,228.95,276.71,0.0,,10942.32,3613,False,0,2025-06-30 23:17:20
0d0857,ACW1411 ,Mexico,1751325438.0,1751325438,-100.2374,25.0428,7848.6,False,190.42,175.51,7.8,,8343.9,,False,0,2025-06-30 23:17:20
a7a616,DAL2225 ,United States,1751325438.0,1751325440,-81.434,31.1256,10058.4,False,223.79,359.47,0.0,,10637.52,3264,False,0,2025-06-30 23:17:20
a1a98d,AAY2122 ,United States,1751325440.0,1751325440,-79.4387,26.4795,5219.7,False,203.11,53.65,12.35,,5509.26,,False,0,2025-06-30 23:17:20
a64931,N504EA  ,United States,1751325438.0,1751325440,-122.6477,46.8541,1661.16,False,54.93,112.0,2.28,,1691.64,,False,0,2025-06-30 23:17:20
a06e0b,DAL1397 ,United States,1751325440.0,1751325440,-93.2554,33.3772,10660.38,False,246.19,73.99,-0.33,,11300.46,2244,False,0,2025-06-30 23:17:20
a4f601,EPI544  ,United States,1751325440.0,1751325440,-80.8635,28.8851,868.68,False,52.56,49.76,-7.8,,922.02,1200,False,0,2025-06-30 23:17:20
a37389,AAL2457 ,United States,1751325440.0,1751325440,-104.4656,31.3071,11582.4,False,237.64,293.07,0.0,,12268.2,6051,True,0,2025-06-30 23:17:20
a861ef,N6393C  ,United States,1751325133.0,1751325133,-119.0384,35.4158,289.56,False,37.84,316.1,-2.93,,205.74,4775,False,0,2025-06-30 23:17:20
a68fb0,N5215D  ,United States,1751325430.0,1751325431,-80.2923,25.6547,304.8,False,45.51,84.16,0.65,,335.28,,False,0,2025-06-30 23:17:20
ab7b63,SKW3934 ,United States,1751325439.0,1751325439,-89.7112,38.8202,5509.26,False,202.65,99.94,10.4,,5768.34,1126,False,0,2025-06-30 23:17:20
a24082,SKW3600 ,United States,1751325440.0,1751325440,-98.1204,35.5275,3855.72,False,171.63,280.54,10.08,,4084.32,,False,0,2025-06-30 23:17:20
ab32db,N820WM  ,United States,1751325440.0,1751325440,-82.516,34.6201,1005.84,False,54.74,40.43,-0.65,,1043.94,,False,0,2025-06-30 23:17:20
a7da9c,JBU932  ,United States,1751325439.0,1751325439,-88.688,35.4721,10660.38,False,242.78,67.18,0.0,,11330.94,2532,False,0,2025-06-30 23:17:20
ae08fd,WING84  ,United States,1751325439.0,1751325440,-82.1745,38.3018,8252.46,False,134.01,141.55,-0.33,,8709.66,6253,False,0,2025-06-30 23:17:20
a6dfa1,N542CW  ,United States,1751325285.0,1751325285,-121.0918,47.2485,2293.62,False,57.8,110.85,0.0,,2369.82,3032,False,0,2025-06-30 23:17:20
a2b698,AAY2406 ,United States,1751325440.0,1751325440,-118.5201,33.885,3063.24,False,147.39,56.53,13.33,,3169.92,,False,0,2025-06-30 23:17:20
aca2ae,JSX410  ,United States,1751325439.0,1751325439,-115.1548,36.1027,739.14,False,81.75,204.15,-3.58,,662.94,2142,False,0,2025-06-30 23:17:20
aa2701,AAL682  ,United States,1751325440.0,1751325440,-84.7799,40.0506,8214.36,False,254.14,65.35,6.83,,8602.98,3430,False,0,2025-06-30 23:17:20
a3c30b,N341WT  ,United States,1751325437.0,1751325438,-90.3122,36.136,335.28,False,46.25,244.29,0.33,,327.66,,False,0,2025-06-30 23:17:20
a7da8f,N605HP  ,United States,1751325439.0,1751325439,-90.8114,29.6648,4838.7,False,192.41,269.39,0.0,,5105.4,5424,False,0,2025-06-30 23:17:20
a5bfc3,N47LH   ,United States,1751325439.0,1751325439,-80.1451,26.5546,2011.68,False,58.46,353.94,4.23,,2141.22,,False,0,2025-06-30 23:17:20
a4e307,AAL3044 ,United States,1751325436.0,1751325439,-83.1391,26.0838,8077.2,False,217.56,134.04,-3.25,,8549.64,3347,False,0,2025-06-30 23:17:20
a9e64c,N737NV  ,United States,1751325419.0,1751325419,-80.5997,27.9381,464.82,False,52.78,263.84,0.98,,480.06,,False,0,2025-06-30 23:17:20
a9966f,TWY771  ,United States,1751325439.0,1751325439,-81.3288,40.3579,5212.08,False,214.93,70.57,-11.05,,5433.06,2722,False,0,2025-06-30 23:17:20
add665,N991AL  ,United States,1751325440.0,1751325440,-118.5025,34.0317,777.24,False,46.07,119.43,-4.23,,746.76,,False,0,2025-06-30 23:17:20
a8a017,JBU394  ,United States,1751325440.0,1751325440,-70.9043,42.6644,1219.2,False,113.0,115.05,0.0,,1257.3,1412,False,0,2025-06-30 23:17:20
c051cc,TSC187  ,Canada,1751325439.0,1751325439,-79.3049,43.7619,1333.5,False,128.95,38.2,-2.93,,1325.88,4112,False,0,2025-06-30 23:17:20
ad734a,JBU161  ,United States,1751325433.0,1751325438,-73.7812,40.6323,,True,0.0,298.12,,,,,False,0,2025-06-30 23:17:20
c051e4,ACA844  ,Canada,1751325440.0,1751325440,-72.2093,46.4706,7711.44,False,256.74,59.27,4.55,,8031.48,,False,0,2025-06-30 23:17:20
a038ff,SKW5871 ,United States,1751325440.0,1751325440,-85.8323,39.7273,7924.8,False,206.2,8.9,0.0,,8336.28,4035,False,0,2025-06-30 23:17:20
c051e6,ACA72   ,Canada,1751325428.0,1751325430,-73.7582,45.4574,,True,2.31,300.94,,,,,False,0,2025-06-30 23:17:20
ac5378,ASH6254 ,United States,1751325439.0,1751325439,-83.8248,30.7992,7315.2,False,204.8,134.69,0.33,,7749.54,1316,False,0,2025-06-30 23:17:20
c051d0,TSC487  ,Canada,1751325438.0,1751325438,-78.1918,26.9767,10073.64,False,235.14,33.76,-0.33,,10591.8,,False,0,2025-06-30 23:17:20
c051d1,TSC399  ,Canada,1751325420.0,1751325420,-73.744,45.4613,,True,7.72,267.19,,,,1174,False,0,2025-06-30 23:17:20
a9e663,N737PT  ,United States,1751325199.0,1751325200,-118.1439,33.8227,53.34,False,30.87,270.95,-2.6,,-15.24,,False,0,2025-06-30 23:17:20
ac536c,SWA1688 ,United States,1751325439.0,1751325439,-103.1513,39.0274,8793.48,False,225.0,301.73,-5.53,,9304.02,2137,False,0,2025-06-30 23:17:20
a4805b,N3899Q  ,United States,1751325440.0,1751325440,-80.629,35.5212,762.0,False,44.72,293.03,0.33,,792.48,,False,0,2025-06-30 23:17:20
a8d983,N67BL   ,United States,1751325439.0,1751325440,-112.2147,33.3076,1661.16,False,53.2,279.46,-2.93,,1676.4,4176,False,0,2025-06-30 23:17:20
a1a8b2,N206EA  ,United States,1751325440.0,1751325440,-73.8148,41.5753,1828.8,False,80.27,96.62,0.0,,1836.42,3634,False,0,2025-06-30 23:17:20
add66d,AAL2284 ,United States,1751325439.0,1751325439,-110.5972,32.2668,10058.4,False,249.85,124.34,0.0,,10645.14,2074,False,0,2025-06-30 23:17:20
add66c,DAL1186 ,United States,1751325439.0,1751325439,-84.4346,33.6443,,True,3.86,149.06,,,,2156,False,0,2025-06-30 23:17:20
a158c9,AAL2790 ,United States,1751325305.0,1751325317,-78.5192,30.6413,9456.42,False,234.87,336.92,0.0,,9936.48,4172,False,0,2025-06-30 23:17:20
c1e7e0,SAF209  ,Canada,1751325283.0,1751325283,-79.6294,43.6789,,True,12.35,137.81,,,,,False,0,2025-06-30 23:17:20
ac537f,ASH6020 ,United States,1751325440.0,1751325440,-85.0721,33.1346,9753.6,False,239.49,245.91,0.0,,10332.72,7065,False,0,2025-06-30 23:17:20
a05b17,N12192  ,United States,1751325440.0,1751325440,-121.6186,37.9299,1097.28,False,43.81,164.33,1.3,,1104.9,1200,False,0,2025-06-30 23:17:20
c051da,TSC822  ,Canada,1751325440.0,1751325440,-81.2837,28.5626,693.42,False,93.12,180.32,-7.8,,762.0,5666,False,0,2025-06-30 23:17:20
ad6040,DAL2892 ,United States,1751325439.0,1751325439,-84.0414,38.897,8534.4,False,237.54,220.52,7.15,,9014.46,7206,False,0,2025-06-30 23:17:20
a9e642,NKS2318 ,United States,1751325440.0,1751325440,-85.3724,40.9961,9448.8,False,220.94,272.67,0.0,,9944.1,5765,False,0,2025-06-30 23:17:20
0d06d3,SLI2709 ,Mexico,1751325439.0,1751325439,-98.7693,28.1941,11582.4,False,219.81,223.29,0.0,,12313.92,2250,False,0,2025-06-30 23:17:20
a385c8,DAL2815 ,United States,1751325313.0,1751325409,-81.9632,25.2622,4648.2,False,183.59,140.91,-10.73,,4853.94,2531,False,0,2025-06-30 23:17:20
394a00,AFR021  ,France,1751325439.0,1751325439,-100.4851,41.8601,10058.4,False,256.22,68.69,0.0,,10530.84,2447,False,0,2025-06-30 23:17:20
c064d8,ACA1051 ,Canada,1751325440.0,1751325440,-89.9966,40.0031,11582.4,False,208.4,228.2,0.0,,12169.14,6545,False,0,2025-06-30 23:17:20
a80cc9,N618DH  ,United States,1751325435.0,1751325435,-118.6424,34.4474,1249.68,False,45.81,32.62,-3.9,,1257.3,0263,False,0,2025-06-30 23:17:20
a99645,N717CE  ,United States,1751325414.0,1751325415,-97.3293,32.5781,457.2,False,46.84,358.11,-0.33,,472.44,,False,0,2025-06-30 23:17:20
a50370,DAL951  ,United States,1751325440.0,1751325440,-77.3048,42.4587,12489.18,False,258.68,85.09,0.0,,13114.02,7304,False,0,2025-06-30 23:17:20
a05b78,DAL460  ,United States,1751325439.0,1751325439,-82.8735,37.0866,10683.24,False,242.26,63.11,4.23,,11330.94,1333,False,0,2025-06-30 23:17:20
a252a7,ENY4288 ,United States,1751325439.0,1751325440,-85.559,35.2429,4625.34,False,196.48,243.57,-6.18,,4884.42,1162,True,0,2025-06-30 23:17:20
aa6ceb,N771BV  ,United States,1751325439.0,1751325440,-101.3597,43.0662,12496.8,False,247.18,105.95,-0.33,,13014.96,,False,0,2025-06-30 23:17:20
a7ecb1,N61DA   ,United States,1751325439.0,1751325439,-71.8931,42.4646,922.02,False,46.43,347.2,0.33,,929.64,,False,0,2025-06-30 23:17:20
a1cb0f,UAL2863 ,United States,1751325439.0,1751325439,-78.372,44.5379,10668.0,False,262.11,123.47,0.0,,11201.4,3331,False,0,2025-06-30 23:17:20
a1cb20,N2143A  ,United States,1751325439.0,1751325439,-118.7093,34.1529,2011.68,False,66.87,277.07,-1.63,,2049.78,5153,False,0,2025-06-30 23:17:20
a252ae,AAY267  ,United States,1751325440.0,1751325440,-96.4735,38.1287,11277.6,False,254.61,106.31,-0.33,,11902.44,,False,0,2025-06-30 23:17:20
394a18,AFR51P  ,France,1751325439.0,1751325440,-77.4552,38.9355,,True,0.0,196.88,,,,,False,0,2025-06-30 23:17:20
a2fe28,AAY1390 ,United States,1751325439.0,1751325440,-78.9225,39.6813,10988.04,False,236.64,192.56,0.33,,11628.12,2315,False,0,2025-06-30 23:17:20
ac78b0,EDV5560 ,United States,1751325438.0,1751325439,-94.2222,39.7562,10873.74,False,230.04,161.89,5.53,,11460.48,6435,False,0,2025-06-30 23:17:20
a05b3c,OST14   ,United States,1751325427.0,1751325428,-96.7661,35.6911,1066.8,False,44.29,357.34,0.65,,1089.66,,False,0,2025-06-30 23:17:20
a17b40,,United States,1751325418.0,1751325418,-75.4503,40.6435,,True,0.0,140.62,,,,,False,0,2025-06-30 23:17:20
aca38e,FWK913  ,United States,1751325439.0,1751325439,-83.4863,33.3523,4221.48,False,192.16,279.87,-10.08,,4411.98,3273,False,0,2025-06-30 23:17:20
a1cb05,JBU348  ,United States,1751325440.0,1751325440,-93.4533,43.2018,10675.62,False,268.55,81.3,0.0,,11079.48,1354,False,0,2025-06-30 23:17:20
ac793f,AAL1883 ,United States,1751325440.0,1751325440,-103.8077,39.2334,11894.82,False,234.71,133.49,0.0,,12496.8,6043,False,0,2025-06-30 23:17:20
a5ae2f,SWA1789 ,United States,1751325142.0,1751325143,-90.331,38.7344,243.84,False,70.67,301.61,-3.9,,220.98,6665,False,0,2025-06-30 23:17:20
a42b45,DAL2392 ,United States,1751325440.0,1751325440,-84.3849,34.8406,10355.58,False,239.55,311.08,0.33,,10995.66,5777,False,0,2025-06-30 23:17:20
a43e5e,UAL2395 ,United States,1751325438.0,1751325438,-73.8696,40.7756,,True,1.03,59.06,,,,,False,0,2025-06-30 23:17:20
a635d4,N5G     ,United States,1751325440.0,1751325440,-73.7995,40.6422,,True,0.0,137.81,,,,,False,0,2025-06-30 23:17:20
c077b1,CGTIM   ,Canada,1751325439.0,1751325440,-80.6728,46.7943,1074.42,False,101.4,200.18,-2.6,,1013.46,,False,0,2025-06-30 23:17:20
a372d4,N321JE  ,United States,1751325439.0,1751325439,-83.9648,42.0985,1249.68,False,72.26,64.71,0.0,,1226.82,,False,0,2025-06-30 23:17:20
a4e2b1,,United States,1751325308.0,1751325309,-73.3363,42.2603,1546.86,False,53.65,24.35,1.63,,1607.82,,False,0,2025-06-30 23:17:20
a385da,AAY1157 ,United States,1751325440.0,1751325440,-84.04,38.2854,4274.82,False,176.63,328.58,-0.33,,4480.56,2641,False,0,2025-06-30 23:17:20
394a0d,AFR346J ,France,1751325440.0,1751325440,-72.3483,46.0775,5859.78,False,205.88,228.34,-10.73,,6118.86,0704,False,0,2025-06-30 23:17:20
780233,CPA2084 ,China,1751325439.0,1751325439,-120.5874,37.1129,10668.0,False,241.43,161.1,0.0,,11178.54,4116,False,0,2025-06-30 23:17:20
394a0b,AFR034  ,France,1751325439.0,1751325439,-75.8295,41.573,10972.8,False,235.3,214.49,0.0,,11597.64,4044,False,0,2025-06-30 23:17:20
394a0a,AFR024  ,France,1751325243.0,1751325243,-118.3728,33.9384,106.68,False,69.43,263.19,-4.88,,83.82,3321,False,0,2025-06-30 23:17:20
ac0fdc,SWA3695 ,United States,1751325440.0,1751325440,-81.3499,29.7775,10401.3,False,204.49,357.12,6.83,,10965.18,3220,False,0,2025-06-30 23:17:20
ab9fef,N8480F  ,United States,1751325439.0,1751325439,-82.1778,27.9732,419.1,False,37.1,199.44,2.93,,449.58,,False,0,2025-06-30 23:17:20
ac5310,ASH6082 ,United States,1751325440.0,1751325440,-101.0169,30.7501,8229.6,False,230.67,82.95,0.33,,8747.76,,False,0,2025-06-30 23:17:20
a05b7e,DAL1299 ,United States,1751325439.0,1751325440,-96.0709,30.5839,6355.08,False,200.45,118.01,-9.43,,6751.32,6230,False,0,2025-06-30 23:17:20
ae093d,FORGE31 ,United States,1751325440.0,1751325440,-83.3349,36.0499,12496.8,False,201.31,63.43,0.0,,13213.08,1555,False,0,2025-06-30 23:17:20
ae4fae,FFAB123 ,United States,1751325152.0,1751325153,-117.2225,32.7084,76.2,False,47.04,41.01,0.33,,30.48,,False,0,2025-06-30 23:17:20
ac7968,AAL2229 ,United States,1751325439.0,1751325440,-94.4922,37.9695,10675.62,False,253.81,9.92,-0.65,,11277.6,3667,False,0,2025-06-30 23:17:20
a42b21,MVK83   ,United States,1751325406.0,1751325406,-93.4671,43.7889,1219.2,False,45.1,325.22,0.0,,1211.58,,False,0,2025-06-30 23:17:20
abefba,SWA1807 ,United States,1751325435.0,1751325438,-90.641,35.86,10972.8,False,222.42,227.16,0.0,,11628.12,7203,False,0,2025-06-30 23:17:20
ab5993,AAL660  ,United States,1751325440.0,1751325440,-82.5418,36.7606,10668.0,False,237.19,324.0,0.0,,11315.7,2457,False,0,2025-06-30 23:17:20
a4f5f0,DAL222  ,United States,1751325439.0,1751325440,-68.7747,39.8903,10668.0,False,261.76,47.31,0.0,,11247.12,,False,0,2025-06-30 23:17:20
a8a083,NKS2437 ,United States,1751325439.0,1751325439,-81.6747,34.4581,11590.02,False,235.65,150.58,0.0,,12275.82,5346,False,0,2025-06-30 23:17:20
a7ee0f,N61TA   ,United States,1751325420.0,1751325432,-81.6866,27.9144,1638.3,False,62.55,58.79,-0.33,,1722.12,,False,0,2025-06-30 23:17:20
a2fe3c,EDV5408 ,United States,1751325440.0,1751325440,-88.6868,41.4358,10972.8,False,195.07,248.17,0.0,,11506.2,7413,False,0,2025-06-30 23:17:20
ad2fd0,AAL3111 ,United States,1751325439.0,1751325439,-117.4549,33.5771,4442.46,False,214.6,94.26,10.73,,4663.44,,False,0,2025-06-30 23:17:20
a30b9a,N29584  ,United States,1751325232.0,1751325440,-97.7664,33.3587,822.96,False,51.06,175.96,0.33,,815.34,,False,0,2025-06-30 23:17:20
a9c02c,N7272A  ,United States,1751325438.0,1751325438,-93.5687,41.6954,,True,4.37,61.88,,,,,False,0,2025-06-30 23:17:20
a9704d,DAL318  ,United States,1751325439.0,1751325439,-93.6264,42.562,10972.8,False,205.63,258.02,0.0,,11391.9,2417,False,0,2025-06-30 23:17:20
a528d6,SWA2635 ,United States,1751325439.0,1751325439,-115.8833,35.2064,6713.22,False,178.28,223.83,0.0,,7094.22,,False,0,2025-06-30 23:17:20
ae4fd5,ST702   ,United States,1751325438.0,1751325438,-117.4015,33.0486,53.34,False,35.23,298.81,0.0,,7.62,,False,0,2025-06-30 23:17:20
abefdd,SWA2092 ,United States,1751325439.0,1751325440,-117.3126,32.7965,1280.16,False,135.27,303.21,11.7,,1280.16,,False,0,2025-06-30 23:17:20
a4f5a0,ASA419  ,United States,1751325439.0,1751325439,-96.6634,37.2454,10363.2,False,229.74,304.51,0.0,,10949.94,1570,False,0,2025-06-30 23:17:20
a06db4,AAL1550 ,United States,1751325440.0,1751325440,-81.1464,33.7657,8084.82,False,223.87,181.58,2.6,,8580.12,7131,False,0,2025-06-30 23:17:20
a515ad,AAL375  ,United States,1751325439.0,1751325439,-92.9509,46.4603,9768.84,False,223.58,312.39,0.33,,10027.92,6521,False,0,2025-06-30 23:17:20
acc961,DAL522  ,United States,1751325439.0,1751325439,-88.9811,43.1806,2804.16,False,162.48,96.18,13.66,,2865.12,,False,0,2025-06-30 23:17:20
abdcbe,SWA970  ,United States,1751325439.0,1751325439,-120.3818,36.1097,11277.6,False,232.85,129.35,0.0,,11856.72,3665,False,0,2025-06-30 23:17:20
acb636,AAL2550 ,United States,1751325439.0,1751325439,-89.6395,35.0744,10058.4,False,253.35,78.17,-0.33,,10675.62,6211,False,0,2025-06-30 23:17:20
ab4692,N82554  ,United States,1751325307.0,1751325329,-97.6775,30.692,,True,34.09,185.19,-2.93,,,2144,False,0,2025-06-30 23:17:20
abdcda,ASH6356 ,United States,1751325439.0,1751325439,-82.2854,36.3903,9753.6,False,235.16,237.14,0.0,,10370.82,3356,False,0,2025-06-30 23:17:20
a372f9,N321KS  ,United States,1751325435.0,1751325437,-80.9847,28.1083,1188.72,False,50.93,261.87,-0.33,,1242.06,4754,False,0,2025-06-30 23:17:20
c1e898,BUS841  ,Canada,1751325225.0,1751325225,-79.6344,43.6799,,True,6.17,244.69,,,,,False,0,2025-06-30 23:17:20
ac6679,N89877  ,United States,1751325440.0,1751325440,-123.1487,45.2031,426.72,False,47.85,181.23,5.85,,358.14,,False,0,2025-06-30 23:17:20
a2a2df,UAL982  ,United States,1751325440.0,1751325440,-71.1956,41.1088,11887.2,False,260.11,50.3,-0.33,,12512.04,3633,False,0,2025-06-30 23:17:20
a9969b,FFT2770 ,United States,1751325440.0,1751325440,-74.007,40.0557,7627.62,False,224.19,30.63,-0.33,,8054.34,1750,False,0,2025-06-30 23:17:20
a85095,N635CV  ,United States,1751325440.0,1751325440,-86.99,36.6408,2407.92,False,152.54,153.78,-7.15,,2491.74,2131,False,0,2025-06-30 23:17:20
a3c2a9,AAL366  ,United States,1751325439.0,1751325439,-83.0503,42.006,11277.6,False,256.12,85.05,0.0,,11864.34,1423,False,0,2025-06-30 23:17:20
ad1cde,JBU315  ,United States,1751325440.0,1751325440,-83.4776,44.3342,10363.2,False,212.34,275.28,0.0,,10828.02,1104,False,0,2025-06-30 23:17:20
a98386,ASA337  ,United States,1751325439.0,1751325439,-87.9663,42.356,4160.52,False,166.74,4.78,4.23,,4290.06,3234,False,0,2025-06-30 23:17:20
a982d6,CXK436  ,United States,1751325439.0,1751325439,-73.1087,40.7679,342.9,False,56.36,56.16,-0.33,,327.66,,False,0,2025-06-30 23:17:20
a05ab3,UCA4823 ,United States,1751325330.0,1751325335,-77.443,38.9481,,True,0.39,345.94,,,,,False,0,2025-06-30 23:17:20
a7db62,N605S   ,United States,1751325439.0,1751325439,-101.7417,35.7404,12192.0,False,219.97,257.85,0.0,,12854.94,,False,0,2025-06-30 23:17:20
a982cc,N7115A  ,United States,1751325439.0,1751325439,-82.3481,28.4814,914.4,False,54.49,7.59,0.33,,944.88,,False,0,2025-06-30 23:17:20
a05aac,UCA4816 ,United States,1751325439.0,1751325439,-98.9948,33.4542,11277.6,False,220.63,130.93,-0.98,,11940.54,,False,0,2025-06-30 23:17:20
add6ed,IRO7408 ,United States,1751325440.0,1751325440,-70.3663,43.8636,998.22,False,71.6,182.88,-2.6,,1013.46,,False,0,2025-06-30 23:17:20
a742ec,SWA3115 ,United States,1751325439.0,1751325439,-92.978,32.9716,11277.6,False,248.15,34.61,0.0,,11940.54,7206,False,0,2025-06-30 23:17:20
ad60bb,JSX901  ,United States,1751325439.0,1751325439,-99.7765,34.4491,10058.4,False,230.54,129.66,-0.98,,10637.52,,False,0,2025-06-30 23:17:20
a7ee6b,N61WT   ,United States,1751325438.0,1751325438,-74.2433,39.9368,297.18,False,54.02,53.13,3.25,,259.08,,False,0,2025-06-30 23:17:20
a26723,N254JA  ,United States,1751325277.0,1751325277,-86.1741,39.5436,1089.66,False,45.7,238.82,0.33,,1082.04,,False,0,2025-06-30 23:17:20
a18da2,N2DF    ,United States,1751325439.0,1751325439,-80.6927,27.7329,10363.2,False,212.34,340.47,15.28,,10942.32,6661,False,0,2025-06-30 23:17:20
04004a,ETH512  ,Ethiopia,1751325436.0,1751325438,-73.7951,40.6411,,True,0.06,354.38,,,,,False,0,2025-06-30 23:17:20
a6bb97,JIA5501 ,United States,1751325439.0,1751325439,-75.2594,39.7551,8039.1,False,229.11,40.63,4.55,,8496.3,7037,False,0,2025-06-30 23:17:20
a742c2,AAL1663 ,United States,1751325439.0,1751325439,-107.0276,32.0994,8229.6,False,244.46,118.4,0.0,,8724.9,4174,False,0,2025-06-30 23:17:20
a8fb11,N678SS  ,United States,1751325439.0,1751325439,-113.2304,33.2829,4617.72,False,142.37,38.69,-2.6,,4861.56,6772,False,0,2025-06-30 23:17:20
a36105,EDV4889 ,United States,1751325393.0,1751325399,-94.2983,36.2632,434.34,False,69.66,339.69,-3.9,,441.96,4061,False,0,2025-06-30 23:17:20
ab3518,N821FJ  ,United States,1751325439.0,1751325439,-105.117,39.9106,,True,8.75,298.12,,,,,False,0,2025-06-30 23:17:20
a91b2b,TAI583  ,United States,1751325439.0,1751325439,-83.0774,28.3585,10355.58,False,242.62,220.61,0.33,,10957.56,6574,False,0,2025-06-30 23:17:20
aabeb5,N7914W  ,United States,1751325439.0,1751325440,-95.5281,39.0413,1341.12,False,53.7,350.63,-0.98,,1386.84,,False,0,2025-06-30 23:17:20
a79e8c,MTU90   ,United States,1751325403.0,1751325403,-86.6953,35.8238,914.4,False,63.06,78.23,0.33,,937.26,,False,0,2025-06-30 23:17:20
a6ce7d,DAL506  ,United States,1751325395.0,1751325433,-82.7663,25.6284,9144.0,False,225.46,302.89,0.33,,9692.64,,False,0,2025-06-30 23:17:20
a29aa5,SKW3728 ,United States,1751325439.0,1751325439,-112.0342,40.8322,1714.5,False,102.79,291.43,4.88,,1767.84,,False,0,2025-06-30 23:17:20
a1ddbb,JBU1211 ,United States,1751325439.0,1751325440,-99.5793,42.3091,10972.8,False,223.22,256.0,0.0,,11460.48,2746,False,0,2025-06-30 23:17:20
a17ac9,N195AL  ,United States,1751325440.0,1751325440,-97.5548,35.4896,1036.32,False,107.02,214.22,-5.85,,1043.94,1612,False,0,2025-06-30 23:17:20
a1210a,N172EL  ,United States,1751325439.0,1751325439,-121.4849,37.6957,1074.42,False,48.09,296.02,1.3,,1066.8,1200,False,0,2025-06-30 23:17:20
c0678c,N       ,Canada,1751325438.0,1751325439,-123.346,48.7894,594.36,False,77.79,205.04,0.0,,617.22,,False,0,2025-06-30 23:17:20
aa6f80,SWA660  ,United States,1751325440.0,1751325440,-86.551,36.2053,967.74,False,103.0,316.82,-4.88,,1005.84,1073,False,0,2025-06-30 23:17:20
ac66c4,N899AA  ,United States,1751325299.0,1751325307,-81.4603,28.3228,213.36,False,45.97,148.27,-1.3,,236.22,1200,False,0,2025-06-30 23:17:20
a3b124,EDV5242 ,United States,1751325439.0,1751325439,-79.3899,42.2544,9448.8,False,250.16,84.45,-1.3,,9966.96,4176,False,0,2025-06-30 23:17:20
a54aaa,AAL2045 ,United States,1751325439.0,1751325439,-87.9741,34.7169,9738.36,False,235.7,257.91,0.0,,10355.58,4516,False,0,2025-06-30 23:17:20
aaac21,SKW5504 ,United States,1751325438.0,1751325438,-122.3678,37.6157,22.86,False,40.04,297.55,0.0,,-30.48,7231,False,0,2025-06-30 23:17:20
a54aae,ASA300  ,United States,1751325439.0,1751325439,-81.1122,31.4548,9464.04,False,244.85,189.8,-4.88,,10005.06,1615,False,0,2025-06-30 23:17:20
a55ddf,N445H   ,United States,1751325439.0,1751325439,-73.1343,40.8176,2438.4,False,137.83,257.94,0.33,,2537.46,1642,False,0,2025-06-30 23:17:20
a29aff,SWA1083 ,United States,1751325439.0,1751325439,-99.2416,32.8919,11582.4,False,229.7,335.1,0.0,,12260.58,4135,False,0,2025-06-30 23:17:20
71c076,KAL274  ,Republic of Korea,1751325438.0,1751325440,-121.6626,36.099,9144.0,False,271.82,325.8,0.0,,9547.86,,False,0,2025-06-30 23:17:20
a4943e,UAL2217 ,United States,1751325439.0,1751325440,-82.3353,36.345,9144.0,False,243.26,246.31,0.0,,9692.64,0555,False,0,2025-06-30 23:17:20
c05403,WJA2724 ,Canada,1751325440.0,1751325440,-80.0071,28.3057,11277.6,False,247.59,168.74,0.0,,11841.48,0542,False,0,2025-06-30 23:17:20
acc9c3,ERU923  ,United States,1751325439.0,1751325440,-81.2179,28.9767,586.74,False,38.35,263.07,-5.2,,624.84,1246,False,0,2025-06-30 23:17:20
a3612a,DAL1458 ,United States,1751325440.0,1751325440,-81.2517,29.1101,10058.4,False,212.79,339.33,0.0,,10614.66,0000,False,0,2025-06-30 23:17:20
a74412,N56757  ,United States,1751325308.0,1751325308,-87.2779,36.7225,213.36,False,37.42,71.57,-1.3,,182.88,,False,0,2025-06-30 23:17:20
a49441,UAL1971 ,United States,1751325439.0,1751325439,-100.459,32.4048,10363.2,False,223.75,285.06,-0.33,,10980.42,3240,False,0,2025-06-30 23:17:20
ac53a0,ASH6252 ,United States,1751325440.0,1751325440,-94.2297,31.8627,8839.2,False,234.42,30.9,-0.33,,9403.08,7301,False,0,2025-06-30 23:17:20
a98408,FFT1203 ,United States,1751325440.0,1751325440,-75.3662,39.5898,2727.96,False,142.55,181.45,9.75,,2842.26,,False,0,2025-06-30 23:17:20
ac53b2,SWA1306 ,United States,1751325438.0,1751325438,-100.7672,37.9208,10972.8,False,221.01,273.07,0.0,,11574.78,5670,False,0,2025-06-30 23:17:20
ae09de,SPRTN622,United States,1751325440.0,1751325440,-121.2981,38.3873,1402.08,False,69.0,357.44,-0.65,,1394.46,4253,False,0,2025-06-30 23:17:20
a2a43c,N27B    ,United States,1751325161.0,1751325264,-83.0627,33.9545,822.96,False,56.79,42.8,0.98,,906.78,,False,0,2025-06-30 23:17:20
abdf4e,N864SL  ,United States,1751325440.0,1751325440,-118.3679,33.6926,1539.24,False,47.21,196.46,0.0,,1554.48,,False,0,2025-06-30 23:17:20
acff48,N9367H  ,United States,1751325440.0,1751325440,-80.4108,25.6264,426.72,False,40.85,233.71,2.28,,457.2,,False,0,2025-06-30 23:17:20
ade9d4,NCJ96   ,United States,1751325439.0,1751325439,-96.3702,43.1226,6995.16,False,121.55,24.5,0.0,,7269.48,4521,False,0,2025-06-30 23:17:20
ad73a6,NKS2046 ,United States,1751325440.0,1751325440,-90.1092,39.5158,9448.8,False,243.18,26.78,0.0,,9966.96,3453,False,0,2025-06-30 23:17:20
aabf80,AAL326  ,United States,1751325439.0,1751325440,-80.9292,35.162,723.9,False,103.95,130.79,2.93,,746.76,,False,0,2025-06-30 23:17:20
a2679a,AAY1857 ,United States,1751325418.0,1751325418,-82.5435,35.4394,632.46,False,57.62,159.62,0.0,,632.46,,False,0,2025-06-30 23:17:20
c06751,WJA2965 ,Canada,1751325440.0,1751325440,-74.0964,45.3436,3101.34,False,156.96,58.81,-5.2,,3200.4,1607,False,0,2025-06-30 23:17:20
a66ad4,N512WC  ,United States,1751325439.0,1751325439,-85.2857,30.9591,7018.02,False,199.71,40.09,4.23,,7414.26,,False,0,2025-06-30 23:17:20
a24142,N2440Q  ,United States,1751325440.0,1751325440,-121.4904,47.2516,2743.2,False,68.63,123.69,0.0,,2849.88,,False,0,2025-06-30 23:17:20
ad99f9,ASA1247 ,United States,1751325360.0,1751325360,-122.3069,47.4522,,True,5.92,115.31,,,,1723,False,0,2025-06-30 23:17:20
a80dac,NKS2285 ,United States,1751325439.0,1751325439,-76.58,38.9261,1638.3,False,144.88,348.53,-3.25,,1714.5,7221,False,0,2025-06-30 23:17:20
ac53d5,SWA1378 ,United States,1751325439.0,1751325439,-76.824,39.1987,2659.38,False,141.17,280.29,12.68,,2766.06,6516,False,0,2025-06-30 23:17:20
a9d2f2,N732EW  ,United States,1751325384.0,1751325388,-122.1217,37.6625,,True,0.06,196.88,,,,1200,False,0,2025-06-30 23:17:20
c06709,ACA1396 ,Canada,1751325438.0,1751325438,-79.6326,43.6875,205.74,True,0.0,315.0,,,,6350,False,0,2025-06-30 23:17:20
a3d755,AMF2924 ,United States,1751325439.0,1751325439,-113.1457,34.3438,3909.06,False,140.68,326.48,1.3,,4137.66,4243,True,0,2025-06-30 23:17:20
a63738,N5WF    ,United States,1751325439.0,1751325440,-121.355,39.1114,2103.12,False,64.89,152.62,1.95,,2156.46,,False,0,2025-06-30 23:17:20
a0bf26,UAL1394 ,United States,1751325440.0,1751325440,-75.4816,38.7268,10363.2,False,249.69,186.74,0.0,,10957.56,3013,False,0,2025-06-30 23:17:20
ac53f8,SWA3347 ,United States,1751325439.0,1751325439,-94.2933,41.7713,11277.6,False,266.83,61.31,0.33,,11757.66,7375,False,0,2025-06-30 23:17:20
c06723,CGNBM   ,Canada,1751325440.0,1751325440,-72.9919,45.4766,944.88,False,32.67,146.56,-0.33,,,,False,0,2025-06-30 23:17:20
ac9c6d,N911WY  ,United States,1751325440.0,1751325440,-115.1877,36.2124,701.04,False,15.35,230.44,-0.98,,640.08,,False,0,2025-06-30 23:17:20
ab20e6,AAY1218 ,United States,1751325440.0,1751325440,-83.1504,34.9048,11582.4,False,234.09,322.5,0.0,,12268.2,7146,False,0,2025-06-30 23:17:20
ad60b7,JBU1873 ,United States,1751325440.0,1751325440,-74.1809,40.244,3154.68,False,147.87,193.07,5.53,,3291.84,3062,False,0,2025-06-30 23:17:20
a12191,N172KW  ,United States,1751325439.0,1751325440,-117.1393,32.7981,464.82,False,49.52,124.85,-2.28,,411.48,,False,0,2025-06-30 23:17:20
a54aa3,N440AF  ,United States,1751325439.0,1751325439,-120.3202,39.1966,7452.36,False,189.8,169.7,7.48,,7818.12,3710,False,0,2025-06-30 23:17:20
c06724,ACA1041 ,Canada,1751325439.0,1751325440,-82.4606,43.9794,8778.24,False,215.6,268.77,1.63,,9182.1,6304,False,0,2025-06-30 23:17:20
a3b110,AAY1717 ,United States,1751325439.0,1751325439,-117.5324,43.0098,10965.18,False,220.57,210.87,0.0,,11506.2,,False,0,2025-06-30 23:17:20
71c042,KAL085  ,Republic of Korea,1751325439.0,1751325439,-83.2442,44.0618,11277.6,False,253.84,120.31,0.0,,11811.0,,False,0,2025-06-30 23:17:20
a146ce,SWA442  ,United States,1751325440.0,1751325440,-99.6869,35.6776,10668.0,False,254.54,75.49,0.0,,11292.84,7520,False,0,2025-06-30 23:17:20
a8646b,N64RT   ,United States,1751325289.0,1751325350,-81.3989,31.4212,1874.52,False,135.96,163.97,-12.35,,1927.86,7327,False,0,2025-06-30 23:17:20
a8b476,PDT5843 ,United States,1751325432.0,1751325432,-82.2693,36.9768,9319.26,False,176.74,48.42,3.9,,9867.9,0310,False,0,2025-06-30 23:17:20
aa016e,N744AH  ,United States,1751325246.0,1751325246,-111.8069,33.2695,472.44,False,30.63,229.09,-5.85,,373.38,3454,False,0,2025-06-30 23:17:20
a05c59,AAL2495 ,United States,1751325439.0,1751325439,-80.7467,35.1046,3032.76,False,169.59,354.25,-0.33,,3185.16,2333,False,0,2025-06-30 23:17:20
a146f1,SWA482  ,United States,1751325439.0,1751325439,-90.0227,41.8188,10081.26,False,197.38,262.06,8.45,,10538.46,0231,False,0,2025-06-30 23:17:20
a43f00,N373AR  ,United States,1751325440.0,1751325440,-85.6439,32.1698,5181.6,False,95.39,97.13,-1.63,,5433.06,4205,False,0,2025-06-30 23:17:20
a6119b,N490RM  ,United States,1751325437.0,1751325438,-80.896,36.7532,7559.04,False,164.62,0.18,7.8,,7993.38,,False,0,2025-06-30 23:17:20
a279cb,JSX178  ,United States,1751325440.0,1751325440,-119.6852,35.7529,9227.82,False,235.54,320.05,4.23,,9662.16,2067,False,0,2025-06-30 23:17:20
a026e1,RPA9933 ,United States,1751325439.0,1751325439,-76.7437,37.0059,4884.42,False,180.07,306.05,7.8,,5173.98,,False,0,2025-06-30 23:17:20
ac79a3,AAL2399 ,United States,1751325439.0,1751325440,-97.1403,33.1135,952.5,False,111.46,47.99,-4.23,,990.6,3450,False,0,2025-06-30 23:17:20
a55f31,SWA4683 ,United States,1751325439.0,1751325439,-82.0395,28.3614,3398.52,False,156.91,270.38,-9.43,,3611.88,2416,False,0,2025-06-30 23:17:20
a120af,CXK276  ,United States,1751325439.0,1751325439,-112.2504,41.3654,1958.34,False,53.03,2.22,0.33,,2026.92,,False,0,2025-06-30 23:17:20
ab8f0d,DAL500  ,United States,1751325439.0,1751325439,-86.3155,35.9572,9357.36,False,239.86,299.7,5.53,,9913.62,5756,False,0,2025-06-30 23:17:20
a2a3b5,UAL1757 ,United States,1751325435.0,1751325440,-77.455,38.9458,,True,0.0,191.25,,,,,False,0,2025-06-30 23:17:20
a8c759,FFT3265 ,United States,1751325439.0,1751325440,-87.7139,35.6293,9745.98,False,224.97,256.38,0.0,,10355.58,1256,False,0,2025-06-30 23:17:20
a0bf8c,UAL545  ,United States,1751325439.0,1751325440,-79.2222,37.1086,11269.98,False,229.68,230.0,5.53,,11932.92,7032,False,0,2025-06-30 23:17:20
c078ff,CGTVI   ,Canada,1751325439.0,1751325440,-75.9518,45.2612,548.64,False,47.85,296.84,1.3,,495.3,,False,0,2025-06-30 23:17:20
a6246e,UAL2696 ,United States,1751325439.0,1751325440,-104.5208,39.9475,3040.38,False,143.05,1.24,-5.53,,3246.12,7266,False,0,2025-06-30 23:17:20
a1cc46,MXY243  ,United States,1751325440.0,1751325440,-78.9778,41.9656,10645.14,False,254.28,71.97,-4.23,,11224.26,1361,False,0,2025-06-30 23:17:20
a3b186,AAL3012 ,United States,1751325440.0,1751325440,-89.7023,29.6844,11277.6,False,238.79,122.15,-0.33,,11971.02,6072,False,0,2025-06-30 23:17:20
c1e8c3,BLUE340 ,Canada,1751325439.0,1751325439,-79.6093,43.6754,,True,5.66,230.62,,,,,False,0,2025-06-30 23:17:20
a86461,N64RH   ,United States,1751325440.0,1751325440,-122.0997,37.4455,121.92,False,35.19,322.13,-1.3,,68.58,1200,False,0,2025-06-30 23:17:20
c052ca,WJA1775 ,Canada,1751325439.0,1751325440,-122.2783,46.547,10972.8,False,253.11,0.0,0.0,,11407.14,6375,False,0,2025-06-30 23:17:20
adb17b,N9812B  ,United States,1751325439.0,1751325439,-123.0983,47.3554,1066.8,False,31.19,283.35,0.0,,1127.76,,False,0,2025-06-30 23:17:20
acc9b2,DAL2323 ,United States,1751325433.0,1751325438,-97.6591,30.2022,,True,0.0,357.19,,,,0530,True,0,2025-06-30 23:17:20
ab46c2,N8257G  ,United States,1751325440.0,1751325440,-118.3678,34.1413,1706.88,False,54.8,99.73,0.0,,1706.88,,False,0,2025-06-30 23:17:20
a133c7,CVU77   ,United States,1751325288.0,1751325296,-113.4318,36.4541,2834.64,False,88.75,68.94,0.0,,2994.66,,False,0,2025-06-30 23:17:20
c1e8ae,BUS827  ,Canada,1751325436.0,1751325438,-79.6238,43.6826,,True,7.2,317.81,,,,,False,0,2025-06-30 23:17:20
a146f9,UAL238  ,United States,1751325366.0,1751325366,-74.1696,40.6952,,True,2.06,25.31,,,,,False,0,2025-06-30 23:17:20
c1e8d3,TR442   ,Canada,1751325240.0,1751325240,-79.6293,43.6788,,True,3.86,101.25,,,,,False,0,2025-06-30 23:17:20
a61173,EDV5306 ,United States,1751325434.0,1751325439,-79.6347,43.6878,,True,0.0,255.94,,,,2276,False,0,2025-06-30 23:17:20
a17c65,SKW3276 ,United States,1751325439.0,1751325439,-119.8639,37.8487,6766.56,False,176.95,166.89,-5.2,,7078.98,1540,False,0,2025-06-30 23:17:20
a013ee,DAL2885 ,United States,1751325439.0,1751325439,-90.5638,44.7164,10363.2,False,204.35,289.26,1.3,,10668.0,6234,False,0,2025-06-30 23:17:20
c1e8bb,BLUE342 ,Canada,1751325262.0,1751325262,-79.628,43.6891,,True,4.63,0.0,,,,,False,0,2025-06-30 23:17:20
ad99b0,N9758H  ,United States,1751325439.0,1751325439,-77.0713,37.8601,1524.0,False,71.11,58.61,0.98,,1569.72,,False,0,2025-06-30 23:17:20
c052d3,WJA2915 ,Canada,1751325439.0,1751325439,-75.8023,37.8005,10668.0,False,228.72,33.44,0.0,,11292.84,6764,False,0,2025-06-30 23:17:20
a3e9b2,DAL2661 ,United States,1751325440.0,1751325440,-78.3041,43.0233,11277.6,False,262.42,98.11,0.65,,11841.48,3633,False,0,2025-06-30 23:17:20
abdf22,EJA864  ,United States,1751325439.0,1751325439,-98.5832,38.4233,12496.8,False,259.68,93.18,0.0,,13098.78,3355,False,0,2025-06-30 23:17:20
a996a1,IRO7440 ,United States,1751325438.0,1751325439,-88.9287,45.1534,2461.26,False,74.21,187.57,0.0,,2484.12,,False,0,2025-06-30 23:17:20
4850f5,KLM166  ,Kingdom of the Netherlands,1751325440.0,1751325440,-80.0708,39.4357,10972.8,False,243.82,215.47,0.0,,11620.5,7556,False,0,2025-06-30 23:17:20
a91c02,N6861F  ,United States,1751325440.0,1751325440,-119.0259,34.2102,990.6,False,54.01,287.74,-2.6,,960.12,,False,0,2025-06-30 23:17:20
a3c3e0,UAL2650 ,United States,1751325439.0,1751325439,-80.8717,41.8166,11887.2,False,257.3,93.9,0.0,,12512.04,3665,False,0,2025-06-30 23:17:20
c065b2,CGMNH   ,Canada,1751325339.0,1751325438,-79.7596,44.2581,655.32,False,55.0,277.52,-3.58,,632.46,1200,False,0,2025-06-30 23:17:20
a54c60,UAL2241 ,United States,1751325439.0,1751325439,-78.826,38.0403,8503.92,False,222.11,248.25,5.2,,9022.08,7015,False,0,2025-06-30 23:17:20
a67f81,DAL887  ,United States,1751325439.0,1751325439,-98.867,43.4831,10363.2,False,220.78,268.4,0.0,,10789.92,3046,False,0,2025-06-30 23:17:20
89911b,CAL5232 ,Taiwan,1751325131.0,1751325134,-97.9485,48.2493,10668.0,False,275.34,119.68,0.0,,10927.08,5633,False,0,2025-06-30 23:17:20
a43f7d,FFT4316 ,United States,1751325439.0,1751325439,-99.7022,31.7188,11285.22,False,239.69,76.47,0.33,,11963.4,6142,False,0,2025-06-30 23:17:20
a2b6ff,SKW3605 ,United States,1751325438.0,1751325439,-119.9651,46.9214,5631.18,False,200.1,108.43,-10.4,,5905.5,4703,False,0,2025-06-30 23:17:20
a8fc09,UAL2135 ,United States,1751325439.0,1751325439,-86.4,41.0172,6705.6,False,210.84,335.19,0.33,,7002.78,1034,False,0,2025-06-30 23:17:20
ac541b,SWA889  ,United States,1751325278.0,1751325383,-89.3694,33.0594,11887.2,False,225.64,144.93,0.0,,12595.86,1150,False,0,2025-06-30 23:17:20
a29c6c,N26778  ,United States,1751325440.0,1751325440,-119.1532,34.1371,853.44,False,50.63,117.87,0.98,,822.96,,False,0,2025-06-30 23:17:20
a17c95,AAL1717 ,United States,1751325440.0,1751325440,-95.1841,44.2728,10050.78,False,256.98,111.74,0.0,,10347.96,0021,False,0,2025-06-30 23:17:20
a253dd,N2490Y  ,United States,1751325433.0,1751325435,-87.8107,43.8796,975.36,False,49.48,8.97,0.33,,937.26,,False,0,2025-06-30 23:17:20
a66c5d,N5128R  ,United States,1751325435.0,1751325436,-121.2278,44.4664,1981.2,False,54.5,17.58,-1.63,,2042.16,,False,0,2025-06-30 23:17:20
a120f3,DAL669  ,United States,1751325241.0,1751325241,-111.2409,42.5892,10675.62,False,248.25,66.94,0.0,,11201.4,,False,0,2025-06-30 23:17:20
406ecc,VIR47GH ,United Kingdom,1751325439.0,1751325439,-73.8999,46.6505,10965.18,False,235.1,241.08,0.0,,11452.86,2467,False,0,2025-06-30 23:17:20
ab477d,DAL1946 ,United States,1751325280.0,1751325291,-72.2536,25.44,10363.2,False,238.14,329.78,0.0,,10934.7,,False,0,2025-06-30 23:17:20
a67f8a,DAL26   ,United States,1751325439.0,1751325439,-96.1211,41.3241,12496.8,False,278.04,118.27,0.33,,13007.34,1135,False,0,2025-06-30 23:17:20
ac4107,UAL310  ,United States,1751325440.0,1751325440,-91.9789,41.2269,9136.38,False,208.64,247.99,0.0,,9570.72,3105,False,0,2025-06-30 23:17:20
a6bc31,SKW5901 ,United States,1751325440.0,1751325440,-87.977,42.0431,1432.56,False,132.22,0.45,6.83,,1447.8,6524,False,0,2025-06-30 23:17:20
abdde6,FRV864  ,United States,1751325361.0,1751325361,-80.1911,26.1966,30.48,False,60.62,83.18,-3.9,,91.44,,False,0,2025-06-30 23:17:20
a649ce,N504LH  ,United States,1751325344.0,1751325347,-88.1806,41.5193,396.24,False,54.08,214.14,-3.25,,373.38,1200,False,0,2025-06-30 23:17:20
ac9ac3,N911DX  ,United States,1751325440.0,1751325440,-92.1421,41.6515,754.38,False,73.61,268.0,0.0,,762.0,,False,0,2025-06-30 23:17:20
a9c151,AAL136  ,United States,1751325440.0,1751325440,-95.3607,43.7484,10058.4,False,273.24,61.55,0.0,,10401.3,1057,False,0,2025-06-30 23:17:20
a8517f,N635ND  ,United States,1751325440.0,1751325440,-122.8309,47.4272,1150.62,False,43.63,217.82,3.25,,1196.34,5150,False,0,2025-06-30 23:17:20
c0407b,ROU1976 ,Canada,1751325440.0,1751325440,-71.2232,46.9105,1036.32,False,84.41,224.01,-4.55,,1051.56,,False,0,2025-06-30 23:17:20
add734,JBU777  ,United States,1751325440.0,1751325440,-76.4066,43.1209,10972.8,False,210.2,273.09,0.0,,11529.06,1406,False,0,2025-06-30 23:17:20
a3e9fd,N351RB  ,United States,1751325440.0,1751325440,-102.3669,35.5542,9448.8,False,160.55,119.36,0.0,,9989.82,,False,0,2025-06-30 23:17:20
ab213e,SLH816  ,United States,1751325440.0,1751325440,-104.3167,38.3399,12192.0,False,202.46,243.76,0.0,,12809.22,,False,0,2025-06-30 23:17:20
405bfb,BAW223N ,United Kingdom,1751325437.0,1751325439,-81.4481,38.489,11582.4,False,240.92,242.4,0.0,,12252.96,4002,False,0,2025-06-30 23:17:20
ad1de0,N909KC  ,United States,1751325350.0,1751325350,-94.8917,38.8038,396.24,False,44.25,359.33,-2.6,,411.48,,False,0,2025-06-30 23:17:20
405bfc,BAW22B  ,United Kingdom,1751325440.0,1751325440,-74.5165,38.9549,5577.84,False,182.02,229.24,-8.45,,5897.88,1055,False,0,2025-06-30 23:17:20
ac9abc,DAL1939 ,United States,1751325439.0,1751325439,-86.0516,33.3052,8237.22,False,219.52,242.35,8.13,,8724.9,7155,False,0,2025-06-30 23:17:20
ab214d,SCX504  ,United States,1751325298.0,1751325300,-93.1797,44.8642,365.76,False,76.4,301.23,-3.9,,335.28,6201,False,0,2025-06-30 23:17:20
a360f6,N317BL  ,United States,1751325346.0,1751325352,-98.0043,35.4648,426.72,False,26.75,0.0,-2.28,,419.1,,False,0,2025-06-30 23:17:20
ab2169,UAL358  ,United States,1751325439.0,1751325439,-95.8853,33.0423,6530.34,False,228.92,69.2,7.48,,6911.34,3630,False,0,2025-06-30 23:17:20
a97172,,United States,1751325438.0,1751325438,-89.5414,43.115,365.76,False,30.88,280.56,3.58,,,,False,0,2025-06-30 23:17:20
a55f6c,RPA4418 ,United States,1751325440.0,1751325440,-73.7968,40.8823,594.36,False,91.52,158.92,-1.95,,594.36,6010,False,0,2025-06-30 23:17:20
a2ec85,N288JK  ,United States,1751325301.0,1751325316,-121.3276,38.566,274.32,False,45.84,135.91,-4.23,,259.08,,False,0,2025-06-30 23:17:20
a503bd,N422HA  ,United States,1751325428.0,1751325438,-95.861,33.7782,1615.44,False,65.87,46.58,0.33,,1676.4,2544,True,0,2025-06-30 23:17:20
a55b7a,SWA3865 ,United States,1751325241.0,1751325241,-118.264,38.037,9144.0,False,250.55,303.53,0.33,,9616.44,,False,0,2025-06-30 23:17:20
a8d5bd,AAL1735 ,United States,1751325439.0,1751325440,-84.4688,38.001,10668.0,False,238.7,128.52,0.0,,11308.08,6533,False,0,2025-06-30 23:17:20
c06461,AIE705  ,Canada,1751325440.0,1751325440,-74.4668,46.9393,8869.68,False,220.02,172.48,-2.28,,9235.44,,False,0,2025-06-30 23:17:20
a55b7f,N444WT  ,United States,1751325440.0,1751325440,-95.2198,44.2707,12496.8,False,276.24,55.78,0.0,,12893.04,6734,False,0,2025-06-30 23:17:20
a512ff,N426MC  ,United States,1751325437.0,1751325437,-84.0439,40.224,1219.2,False,61.19,97.24,2.28,,1188.72,,False,0,2025-06-30 23:17:20
a15739,N186CS  ,United States,1751325439.0,1751325440,-122.0996,37.4967,289.56,False,55.9,186.34,-2.28,,228.6,1200,False,0,2025-06-30 23:17:20
a7fe51,,United States,1751325434.0,1751325437,-112.2331,34.2985,1463.04,False,39.37,6.75,0.98,,1470.66,,False,0,2025-06-30 23:17:20
ade6c6,N995S   ,United States,1751325382.0,1751325382,-76.9702,35.101,2308.86,False,113.45,332.16,-4.23,,2400.3,,False,0,2025-06-30 23:17:20
a79b50,N59CR   ,United States,1751325440.0,1751325440,-82.0403,34.7393,1607.82,False,100.82,335.27,-3.9,,1661.16,7234,False,0,2025-06-30 23:17:20
ac50ad,N893CB  ,United States,1751325430.0,1751325439,-86.0723,35.8239,1524.0,False,82.34,88.57,3.58,,1584.96,,False,0,2025-06-30 23:17:20
abef98,SWA980  ,United States,1751325439.0,1751325439,-119.6548,46.1191,10988.04,False,231.86,310.05,0.0,,11437.62,,False,0,2025-06-30 23:17:20
a43b85,DAL1884 ,United States,1751325440.0,1751325440,-80.0254,33.6109,11277.6,False,225.24,26.74,0.0,,11932.92,1303,False,0,2025-06-30 23:17:20
aa23ea,N75202  ,United States,1751325439.0,1751325439,-71.4072,43.2451,1402.08,False,44.83,176.71,0.33,,1417.32,,False,0,2025-06-30 23:17:20
a92b0c,DAL591  ,United States,1751325439.0,1751325439,-103.9576,36.8311,11277.6,False,244.42,88.79,0.33,,11902.44,,False,0,2025-06-30 23:17:20
ad70ba,SWA2144 ,United States,1751325439.0,1751325439,-96.4565,40.7818,12192.0,False,212.39,258.12,-0.33,,12733.02,1372,False,0,2025-06-30 23:17:20
abdc78,SWA2472 ,United States,1751325439.0,1751325439,-103.7595,38.1162,9852.66,False,249.59,149.26,5.85,,10393.68,,False,0,2025-06-30 23:17:20
a5ab6f,N4644V  ,United States,1751325439.0,1751325439,-122.557,48.5254,990.6,False,43.01,306.73,0.98,,1036.32,,False,0,2025-06-30 23:17:20
a7eb3b,N6091T  ,United States,1751325439.0,1751325439,-122.2982,47.9246,457.2,False,50.43,178.83,-0.33,,457.2,,False,0,2025-06-30 23:17:20
a8e8dd,N673WM  ,United States,1751325351.0,1751325409,-94.3297,30.6002,4884.42,False,185.09,246.93,-9.75,,5158.74,5313,False,0,2025-06-30 23:17:20
abdc91,ASH6344 ,United States,1751325439.0,1751325440,-96.6952,32.1609,8839.2,False,238.19,166.38,-0.65,,9410.7,1003,False,0,2025-06-30 23:17:20
abdc92,ASH6240 ,United States,1751325306.0,1751325435,-93.4157,32.4318,8839.2,False,236.44,34.45,-0.33,,9372.6,4052,False,0,2025-06-30 23:17:20
abdc96,ASH6097 ,United States,1751325439.0,1751325439,-88.9368,36.6024,9753.6,False,212.86,244.67,0.0,,10332.72,7630,False,0,2025-06-30 23:17:20
acfc56,DAL1386 ,United States,1751325439.0,1751325440,-79.6688,32.2292,9753.6,False,246.73,294.91,0.0,,10302.24,6654,False,0,2025-06-30 23:17:20
a8d5c3,N669BB  ,United States,1751325439.0,1751325439,-107.0931,38.6644,9486.9,False,204.41,168.97,9.75,,10012.68,,False,0,2025-06-30 23:17:20
ae4f86,HEX32   ,United States,1751325394.0,1751325433,-117.6364,32.6953,91.44,False,43.23,271.36,0.33,,53.34,,False,0,2025-06-30 23:17:20
a81e85,N622JT  ,United States,1751325439.0,1751325440,-79.7586,27.4743,4655.82,False,195.77,193.53,-9.1,,4884.42,2771,False,0,2025-06-30 23:17:20
add3dc,AAL1915 ,United States,1751325377.0,1751325377,-97.0261,32.901,,True,16.46,185.62,,,,6572,False,0,2025-06-30 23:17:20
a0baa1,SKW4792 ,United States,1751325226.0,1751325226,-87.9085,41.9716,,True,10.29,90.0,,,,,False,0,2025-06-30 23:17:20
a68e4c,SKW6398 ,United States,1751325430.0,1751325439,-111.9986,33.4311,419.1,False,56.59,270.0,-0.33,,312.42,,False,0,2025-06-30 23:17:20
a02457,N108VR  ,United States,1751325439.0,1751325439,-104.6367,38.6284,4069.08,False,156.75,128.34,8.13,,4328.16,,False,0,2025-06-30 23:17:20
a1574e,DAL353  ,United States,1751325433.0,1751325438,-73.7893,40.6585,,True,0.0,264.38,,,,,False,0,2025-06-30 23:17:20
a79b0b,N58998  ,United States,1751325187.0,1751325187,-82.3641,34.867,457.2,False,50.68,5.83,-3.25,,472.44,,False,0,2025-06-30 23:17:20
a7fe18,N614FA  ,United States,1751325440.0,1751325440,-123.01,45.6821,1440.18,False,41.11,351.36,3.58,,1501.14,,False,0,2025-06-30 23:17:20
a3970f,AAY2646 ,United States,1751325440.0,1751325440,-85.1719,33.5012,10972.8,False,239.34,327.64,0.0,,11620.5,7473,False,0,2025-06-30 23:17:20
add3d9,NKS2056 ,United States,1751325440.0,1751325440,-83.3744,32.8183,11277.6,False,241.68,193.92,-0.33,,11948.16,7101,False,0,2025-06-30 23:17:20
abdc9b,SWA2267 ,United States,1751325439.0,1751325439,-114.9044,36.0736,1706.88,False,121.45,271.46,-6.18,,1744.98,1402,False,0,2025-06-30 23:17:20
a6cb01,LXJ537  ,United States,1751325439.0,1751325439,-122.7069,46.8113,3642.36,False,169.47,37.6,-0.33,,3802.38,3760,False,0,2025-06-30 23:17:20
aa36e7,N75733  ,United States,1751325439.0,1751325439,-116.9784,32.67,883.92,False,54.78,14.69,0.0,,853.44,,False,0,2025-06-30 23:17:20
a752b3,LXJ571  ,United States,1751325440.0,1751325440,-83.4386,40.6064,5791.2,False,221.87,65.04,-0.33,,6050.28,1373,False,0,2025-06-30 23:17:20
aa23b3,RPA3444 ,United States,1751325440.0,1751325440,-85.2163,43.6879,8534.4,False,204.8,195.29,0.0,,8892.54,6442,False,0,2025-06-30 23:17:20
a03765,AAL4    ,United States,1751325440.0,1751325440,-116.1976,35.3205,9364.98,False,255.63,47.61,6.18,,9867.9,7714,False,0,2025-06-30 23:17:20
a4f2bc,N418KC  ,United States,1751325440.0,1751325440,-95.5732,29.1188,10058.4,False,174.95,13.26,0.0,,10660.38,7334,False,0,2025-06-30 23:17:20
a27737,SWA3058 ,United States,1751325439.0,1751325439,-116.8023,36.6128,10347.96,False,238.85,317.44,1.95,,10896.6,,False,0,2025-06-30 23:17:20
ac7809,N902QS  ,United States,1751325438.0,1751325439,-79.4409,26.5184,2247.9,False,146.88,266.59,-10.73,,2362.2,,False,0,2025-06-30 23:17:20
ab4505,N825SG  ,United States,1751325439.0,1751325439,-101.9192,26.639,11887.2,False,244.65,51.66,0.0,,12595.86,,False,0,2025-06-30 23:17:20
c00dce,FLE640  ,Canada,1751325439.0,1751325439,-92.5729,48.2663,11277.6,False,248.5,109.97,0.33,,11521.44,,False,0,2025-06-30 23:17:20
a06ab1,N126HF  ,United States,1751325439.0,1751325439,-73.1166,40.7855,213.36,False,39.35,221.82,5.53,,91.44,,False,0,2025-06-30 23:17:20
a01112,AAL341  ,United States,1751325440.0,1751325440,-102.2243,41.7837,10363.2,False,228.32,254.18,0.33,,10866.12,2261,False,0,2025-06-30 23:17:20
a1440c,SWA785  ,United States,1751325439.0,1751325439,-122.0112,46.7257,6736.08,False,222.55,171.63,6.83,,7048.5,1552,False,0,2025-06-30 23:17:20
ab9eb0,N848MM  ,United States,1751325439.0,1751325439,-82.8547,27.8714,83.82,False,28.88,175.91,-0.33,,114.3,1200,False,0,2025-06-30 23:17:20
a3d425,FFT690  ,United States,1751325436.0,1751325437,-101.5991,38.0518,10660.38,False,244.51,94.22,-0.33,,11239.5,,False,0,2025-06-30 23:17:20
a32ddd,N30370  ,United States,1751325440.0,1751325440,-82.6101,33.5679,1074.42,False,37.81,284.98,2.6,,1112.52,,False,0,2025-06-30 23:17:20
a0cdff,N151B   ,United States,1751325439.0,1751325440,-73.7658,40.997,1371.6,False,98.64,226.9,13.0,,1409.7,,False,0,2025-06-30 23:17:20
a26462,N253TX  ,United States,1751325439.0,1751325439,-74.0993,40.5282,3756.66,False,178.61,192.48,12.35,,3931.92,1153,False,0,2025-06-30 23:17:20
abb9b2,SWA4514 ,United States,1751325439.0,1751325440,-121.313,36.9358,6576.06,False,214.1,132.47,10.4,,6858.0,2164,False,0,2025-06-30 23:17:20
adc171,N986AC  ,United States,1751325216.0,1751325227,-96.816,43.5543,800.1,False,128.74,95.73,-2.28,,822.96,,False,0,2025-06-30 23:17:20
aa7ec3,UAL1478 ,United States,1751325440.0,1751325440,-84.3115,30.2995,10668.0,False,242.33,124.97,0.0,,11292.84,2503,False,0,2025-06-30 23:17:20
a1ede9,UAL933  ,United States,1751325439.0,1751325439,-73.9041,39.5154,10363.2,False,244.12,220.47,0.0,,10972.8,0402,False,0,2025-06-30 23:17:20
a4f414,RPA9937 ,United States,1751325440.0,1751325440,-80.0452,40.5607,1226.82,False,120.32,153.33,-0.33,,1249.68,4455,False,0,2025-06-30 23:17:20
ac76b2,OZN902  ,United States,1751325439.0,1751325439,-80.4884,25.6408,213.36,False,48.43,86.96,0.0,,274.32,,False,0,2025-06-30 23:17:20
a0cdf3,AAL3066 ,United States,1751325439.0,1751325439,-96.4843,33.3098,3451.86,False,155.04,251.02,-9.75,,3642.36,1321,False,0,2025-06-30 23:17:20
aabc11,ENY3869 ,United States,1751325439.0,1751325439,-86.229,34.2118,8229.6,False,216.22,357.82,-0.65,,8732.52,5637,False,0,2025-06-30 23:17:20
ab9f54,UAL1787 ,United States,1751325414.0,1751325414,-104.6601,39.8659,1584.96,False,78.2,180.38,-4.23,,1668.78,2067,False,0,2025-06-30 23:17:20
abb9d5,N8549P  ,United States,1751325437.0,1751325439,-100.8694,31.9997,2354.58,False,55.11,87.32,0.98,,2484.12,,False,0,2025-06-30 23:17:20
c0772d,CGTDK   ,Canada,1751325409.0,1751325409,-123.4811,48.6599,243.84,False,34.34,106.53,-1.3,,289.56,,False,0,2025-06-30 23:17:20
a1dab3,JBU1178 ,United States,1751325440.0,1751325440,-72.4882,42.6672,7391.4,False,229.96,99.4,-8.13,,7772.4,7351,False,0,2025-06-30 23:17:20
a14452,SWA937  ,United States,1751325439.0,1751325439,-109.7591,37.1925,11277.6,False,239.94,77.87,0.65,,11894.82,,False,0,2025-06-30 23:17:20
a2b416,UAL2603 ,United States,1751325439.0,1751325440,-103.6268,40.0451,5661.66,False,216.23,77.91,5.85,,5989.32,,False,0,2025-06-30 23:17:20
abb9df,SWA1983 ,United States,1751325435.0,1751325440,-87.0231,32.8593,11277.6,False,233.75,63.89,0.0,,11955.78,0013,False,0,2025-06-30 23:17:20
c07721,TSC510  ,Canada,1751325238.0,1751325238,-73.7509,45.4666,,True,5.14,289.69,,,,,False,0,2025-06-30 23:17:20
adc17b,AAL2767 ,United States,1751325440.0,1751325440,-99.1486,32.4553,8054.34,False,228.89,251.52,3.58,,8542.02,6221,False,0,2025-06-30 23:17:20
ab9f61,WUP848  ,United States,1751325439.0,1751325439,-78.7471,36.3218,7620.0,False,151.19,41.83,-0.33,,8092.44,,False,0,2025-06-30 23:17:20
a1311e,SKW3350 ,United States,1751325440.0,1751325440,-116.4573,33.058,8625.84,False,224.58,295.51,-11.38,,9098.28,,False,0,2025-06-30 23:17:20
c00da8,FLE608  ,Canada,1751325439.0,1751325440,-88.4091,44.6674,11277.6,False,251.14,110.25,0.0,,11681.46,4475,True,0,2025-06-30 23:17:20
ab8c37,AAL2943 ,United States,1751325439.0,1751325439,-82.8915,37.686,9448.8,False,248.65,85.73,0.0,,10012.68,1404,False,0,2025-06-30 23:17:20
adc180,DAL3204 ,United States,1751325439.0,1751325439,-85.4137,33.7504,5410.2,False,208.99,307.8,8.45,,5722.62,7500,False,0,2025-06-30 23:17:20
ac0f4d,SWA5555 ,United States,1751325439.0,1751325440,-106.4283,40.0272,9090.66,False,236.6,264.76,3.58,,9608.82,3225,False,0,2025-06-30 23:17:20
aabc3a,N791FA  ,United States,1751325437.0,1751325437,-119.0416,35.4216,297.18,False,33.93,310.7,-2.93,,228.6,,False,0,2025-06-30 23:17:20
a872e8,N6431N  ,United States,1751325291.0,1751325292,-118.732,34.7097,2164.08,False,71.55,350.06,3.25,,2232.66,1200,False,0,2025-06-30 23:17:20
ad1c38,N944CB  ,United States,1751325440.0,1751325440,-117.5743,33.5455,1714.5,False,54.58,23.91,0.0,,1752.6,,False,0,2025-06-30 23:17:20
acfc26,NCR519  ,United States,1751325439.0,1751325439,-111.1353,35.3792,12192.0,False,244.2,318.59,0.0,,12847.32,,False,0,2025-06-30 23:17:20
acc6ce,NKS2687 ,United States,1751325435.0,1751325439,-112.5032,36.8671,11262.36,False,240.96,70.68,0.0,,11887.2,7755,False,0,2025-06-30 23:17:20
a39781,AAL2718 ,United States,1751325439.0,1751325439,-82.727,36.953,10668.0,False,239.57,56.65,0.0,,11315.7,7306,False,0,2025-06-30 23:17:20
a92b66,RTY690  ,United States,1751325439.0,1751325440,-105.0209,40.4696,1485.9,False,38.72,160.6,-1.3,,1554.48,,False,0,2025-06-30 23:17:20
ad2f75,JSX651  ,United States,1751325439.0,1751325439,-119.822,36.9216,10066.02,False,236.37,67.34,0.33,,10553.7,3237,False,0,2025-06-30 23:17:20
a44de8,N377BC  ,United States,1751325439.0,1751325439,-72.6489,43.822,1851.66,False,87.8,148.17,0.0,,1905.0,,False,0,2025-06-30 23:17:20
a2519f,MXY110  ,United States,1751325439.0,1751325440,-93.6401,36.0214,4381.5,False,171.35,278.98,-8.13,,4610.1,2061,False,0,2025-06-30 23:17:20
a62151,N4940E  ,United States,1751325439.0,1751325439,-115.2038,36.2124,,True,3.6,334.69,,,,,False,0,2025-06-30 23:17:20
a8c439,PDT5973 ,United States,1751325440.0,1751325440,-77.6039,35.321,6705.6,False,231.68,211.01,0.65,,7109.46,1160,False,0,2025-06-30 23:17:20
4ba953,THY7    ,Turkey,1751325440.0,1751325440,-71.0312,43.0467,10972.8,False,250.48,211.31,0.0,,11544.3,2520,False,0,2025-06-30 23:17:20
a19f29,SWA958  ,United States,1751325440.0,1751325440,-85.4303,32.5294,11277.6,False,222.37,49.97,0.0,,11948.16,4273,False,0,2025-06-30 23:17:20
ad976e,NKS2447 ,United States,1751325439.0,1751325440,-80.4791,34.7483,11590.02,False,242.86,187.55,0.0,,12283.44,1154,False,0,2025-06-30 23:17:20
a1b9c9,N210CW  ,United States,1751325437.0,1751325438,-78.501,34.6155,2438.4,False,75.2,200.42,0.0,,2537.46,,False,0,2025-06-30 23:17:20
a6cacb,DAL1672 ,United States,1751325440.0,1751325440,-115.1385,36.0807,,True,1.54,315.0,,,,,False,0,2025-06-30 23:17:20
a7fde3,N614CY  ,United States,1751325439.0,1751325440,-93.8035,42.3196,975.36,False,71.0,336.96,-2.93,,998.22,,False,0,2025-06-30 23:17:20
ab4489,DAL30   ,United States,1751325440.0,1751325440,-71.9219,40.3179,9448.8,False,248.0,55.65,0.0,,9997.44,7105,False,0,2025-06-30 23:17:20
a023a5,AAL2459 ,United States,1751325440.0,1751325440,-92.677,41.01,11262.36,False,267.83,74.63,0.0,,11788.14,5062,False,0,2025-06-30 23:17:20
a88774,JBU1694 ,United States,1751325439.0,1751325439,-73.2203,41.0976,1432.56,False,134.6,291.76,-8.13,,1493.52,7175,False,0,2025-06-30 23:17:20
a92abb,PDT5984 ,United States,1751325440.0,1751325440,-86.4148,34.8153,3337.56,False,152.91,264.79,-0.33,,3520.44,0461,False,0,2025-06-30 23:17:20
a20f1a,UCA4243 ,United States,1751325440.0,1751325440,-89.2058,30.0378,4792.98,False,153.2,216.95,10.73,,5067.3,,False,0,2025-06-30 23:17:20
a4e181,RRA4407 ,United States,1751325440.0,1751325440,-79.8398,42.2218,8938.26,False,237.85,61.16,5.53,,9418.32,,False,0,2025-06-30 23:17:20
acb469,CNS612  ,United States,1751325440.0,1751325440,-71.3138,42.4731,129.54,False,49.05,99.66,-4.23,,106.68,,False,0,2025-06-30 23:17:20
a25188,GTI4542 ,United States,1751325439.0,1751325439,-95.6064,41.1138,11277.6,False,267.85,117.7,0.0,,11750.04,6636,False,0,2025-06-30 23:17:20
ad7125,N9650V  ,United States,1751325440.0,1751325440,-112.3243,40.9784,2110.74,False,57.32,28.41,0.65,,2186.94,,False,0,2025-06-30 23:17:20
a87468,N644DF  ,United States,1751325439.0,1751325439,-80.4679,25.5925,289.56,False,51.68,247.77,0.0,,312.42,,False,0,2025-06-30 23:17:20
4ba946,THY12E  ,Turkey,1751325440.0,1751325440,-106.0862,42.0807,8839.2,False,257.07,48.98,0.0,,9334.5,,False,0,2025-06-30 23:17:20
a2b47f,UAL2695 ,United States,1751325440.0,1751325440,-79.8308,26.1977,3276.6,False,154.12,55.2,12.68,,3459.48,,False,0,2025-06-30 23:17:20
a07f44,TWY131  ,United States,1751325440.0,1751325440,-118.7309,34.0077,6705.6,False,219.13,166.98,-11.38,,7033.26,3737,False,0,2025-06-30 23:17:20
a5bdcf,,United States,1751325439.0,1751325439,-97.2313,33.0415,358.14,False,42.5,141.88,7.8,,327.66,,False,0,2025-06-30 23:17:20
aa7df3,SWA3377 ,United States,1751325440.0,1751325440,-115.2145,36.0094,3177.54,False,128.36,93.68,0.65,,3345.18,,False,0,2025-06-30 23:17:20
a1a6d5,CXK558  ,United States,1751325360.0,1751325360,-81.4259,30.6584,929.64,False,30.69,166.43,4.88,,990.6,,False,0,2025-06-30 23:17:20
a20f59,N23152  ,United States,1751325439.0,1751325439,-117.669,33.5575,1249.68,False,68.66,289.25,-3.9,,1249.68,,False,0,2025-06-30 23:17:20
acb470,AAL163  ,United States,1751325439.0,1751325439,-93.8972,29.5252,10972.8,False,234.62,320.52,0.33,,11628.12,,False,0,2025-06-30 23:17:20
a32f30,EJM304  ,United States,1751325439.0,1751325439,-82.6206,28.8894,8420.1,False,188.11,353.09,8.78,,8892.54,5764,False,0,2025-06-30 23:17:20
a88737,FFT3335 ,United States,1751325440.0,1751325440,-122.6183,45.2785,1981.2,False,143.68,33.46,-6.83,,2072.64,0430,False,0,2025-06-30 23:17:20
a8d739,N669SA  ,United States,1751325439.0,1751325440,-117.5355,33.8767,982.98,False,43.24,92.05,4.23,,975.36,,False,0,2025-06-30 23:17:20
a79aae,HAL1613 ,United States,1751325439.0,1751325440,-112.8543,35.2087,12192.0,False,231.97,246.33,0.0,,12885.42,4056,False,0,2025-06-30 23:17:20
aa6aa1,SKW4937 ,United States,1751325439.0,1751325439,-87.4992,42.2678,1965.96,False,109.88,173.01,-4.23,,2004.06,3602,False,0,2025-06-30 23:17:20
c062b8,JZA851  ,Canada,1751325439.0,1751325440,-77.025,45.3399,8801.1,False,222.93,264.04,1.95,,9227.82,0675,False,0,2025-06-30 23:17:20
a8741c,PDT5858 ,United States,1751325439.0,1751325439,-74.0712,42.6559,3078.48,False,143.41,298.5,11.38,,3200.4,7071,False,0,2025-06-30 23:17:20
a49197,N3939X  ,United States,1751325439.0,1751325439,-104.6858,38.8223,1828.8,False,37.1,176.82,-3.9,,1920.24,,False,0,2025-06-30 23:17:20
a32f1b,ENY3889 ,United States,1751325440.0,1751325440,-100.3291,28.7295,10363.2,False,229.67,177.43,0.33,,11003.28,0436,False,0,2025-06-30 23:17:20
a88752,GTI8617 ,United States,1751325427.0,1751325431,-75.6142,24.0547,12504.42,False,236.8,119.41,-0.33,,13075.92,,False,0,2025-06-30 23:17:20
a3c15d,DAL1077 ,United States,1751325440.0,1751325440,-76.546,38.0854,10066.02,False,234.9,26.68,0.0,,10660.38,5757,False,0,2025-06-30 23:17:20
a4e146,SWA2331 ,United States,1751325439.0,1751325439,-109.8166,32.2994,10972.8,False,228.38,294.49,-0.33,,11605.26,6251,False,0,2025-06-30 23:17:20
a143a3,SWA3869 ,United States,1751325439.0,1751325439,-97.8395,41.0631,11277.6,False,261.03,87.74,0.0,,11795.76,0535,False,0,2025-06-30 23:17:20
a32f0f,N304K   ,United States,1751325439.0,1751325440,-84.4322,33.6831,8839.2,False,255.66,101.49,-0.33,,9380.22,7201,False,0,2025-06-30 23:17:20
ac518d,N893MA  ,United States,1751325392.0,1751325392,-97.3971,31.1155,647.7,False,85.66,65.9,2.28,,640.08,,False,0,2025-06-30 23:17:20
a1dc60,EJA219  ,United States,1751325439.0,1751325439,-87.7433,42.0683,777.24,False,103.86,275.4,0.0,,754.38,6227,False,0,2025-06-30 23:17:20
a32f84,JTL304  ,United States,1751325440.0,1751325440,-95.143,47.1611,12131.04,False,246.13,167.45,-8.45,,12451.08,,False,0,2025-06-30 23:17:20
a3e6e4,ARCAT85 ,United States,1751325439.0,1751325440,-116.3661,33.091,3733.8,False,168.75,219.81,-8.45,,3909.06,4777,False,0,2025-06-30 23:17:20
c0508e,CGEND   ,Canada,1751325439.0,1751325439,-123.2526,48.647,426.72,False,60.19,0.0,0.33,,457.2,,False,0,2025-06-30 23:17:20
a263f1,N253PJ  ,United States,1751325437.0,1751325439,-117.166,33.7626,762.0,False,57.22,292.18,-0.65,,723.9,,False,0,2025-06-30 23:17:20
aa7f2b,UAL2601 ,United States,1751325440.0,1751325440,-81.5681,29.2105,10668.0,False,215.39,3.29,0.0,,11254.74,2660,False,0,2025-06-30 23:17:20
c05086,ACA1301 ,Canada,1751325440.0,1751325440,-99.5518,34.978,10972.8,False,246.28,349.04,0.33,,11635.74,0417,False,0,2025-06-30 23:17:20
0d08e6,VIV206  ,Mexico,1751325438.0,1751325438,-97.889,27.2824,10660.38,False,235.39,62.54,0.0,,11353.8,0633,False,0,2025-06-30 23:17:20
a526e2,AAL596  ,United States,1751325439.0,1751325439,-84.1986,34.0005,10972.8,False,243.86,269.4,0.0,,11650.98,7254,False,0,2025-06-30 23:17:20
a646bc,SKW4916 ,United States,1751325439.0,1751325439,-101.5583,30.841,10668.0,False,242.79,86.36,-0.33,,11353.8,7302,False,0,2025-06-30 23:17:20
a263e3,AAY1862 ,United States,1751325440.0,1751325440,-98.2919,35.357,11269.98,False,239.22,89.63,0.33,,11932.92,0762,False,0,2025-06-30 23:17:20
a130cb,EDV5194 ,United States,1751325440.0,1751325440,-81.781,41.4582,647.7,False,71.67,230.83,-3.58,,601.98,7402,False,0,2025-06-30 23:17:20
aa7f28,UAL1230 ,United States,1751325439.0,1751325439,-123.3291,44.5097,10668.0,False,219.21,178.66,0.0,,11125.2,7053,False,0,2025-06-30 23:17:20
aa7f27,UAL326  ,United States,1751325440.0,1751325440,-79.5585,37.7647,7894.32,False,237.61,237.38,1.95,,8343.9,3703,False,0,2025-06-30 23:17:20
a2b3a2,SWA1437 ,United States,1751325439.0,1751325439,-98.372,43.456,11582.4,False,206.97,280.16,0.0,,12009.12,3167,False,0,2025-06-30 23:17:20
0d08f3,VIV4024 ,Mexico,1751325438.0,1751325438,-100.0388,25.7401,1059.18,False,124.43,119.74,13.0,,1082.04,,False,0,2025-06-30 23:17:20
a779eb,DAL795  ,United States,1751325439.0,1751325439,-97.5714,37.2728,10668.0,False,257.52,87.25,0.33,,11277.6,,False,0,2025-06-30 23:17:20
a81f1f,QXE2071 ,United States,1751325439.0,1751325439,-116.1151,43.5123,1386.84,False,86.22,341.57,-5.53,,1409.7,,False,0,2025-06-30 23:17:20
a406c9,FFT2017 ,United States,1751325440.0,1751325440,-115.1417,36.0835,,True,10.29,45.0,,,,2140,False,0,2025-06-30 23:17:20
0d08eb,VOI1716 ,Mexico,1751325371.0,1751325377,-118.369,33.9388,121.92,False,67.38,262.98,-3.58,,83.82,4263,True,0,2025-06-30 23:17:20
0d08ef,AMX687  ,Mexico,1751325439.0,1751325439,-94.6449,35.0316,10972.8,False,227.72,220.42,-0.33,,11635.74,4430,False,0,2025-06-30 23:17:20
a81f29,N622RG  ,United States,1751325418.0,1751325419,-72.3682,42.5682,914.4,False,33.34,218.11,0.0,,929.64,1200,False,0,2025-06-30 23:17:20
c05056,ACA1068 ,Canada,1751325439.0,1751325439,-98.1577,45.2885,11277.6,False,256.9,119.65,-0.33,,11666.22,,False,0,2025-06-30 23:17:20
aa7f03,UAL2400 ,United States,1751325439.0,1751325440,-75.0384,46.0266,9753.6,False,216.79,298.02,0.0,,10195.56,1462,False,0,2025-06-30 23:17:20
aa7f02,UAL1008 ,United States,1751325439.0,1751325439,-97.313,30.8121,10058.4,False,250.83,96.95,0.0,,10683.24,6370,False,0,2025-06-30 23:17:20
aa7f01,UAL1069 ,United States,1751325439.0,1751325440,-87.4643,42.0128,1249.68,False,96.83,194.77,-0.98,,1249.68,3230,False,0,2025-06-30 23:17:20
a539c9,DAL220  ,United States,1751325440.0,1751325440,-99.1773,44.4551,11277.6,False,251.9,72.9,0.0,,11704.32,,False,0,2025-06-30 23:17:20
abedc8,AAL1263 ,United States,1751325439.0,1751325439,-96.0553,33.4834,4724.4,False,199.7,243.37,-6.83,,4983.48,1016,False,0,2025-06-30 23:17:20
a8b14f,N65956  ,United States,1751325440.0,1751325440,-96.7348,33.2462,1043.94,False,63.12,19.03,-1.95,,1066.8,1425,False,0,2025-06-30 23:17:20
c0636a,PTR2636 ,Canada,1751325439.0,1751325439,-79.3611,44.632,4404.36,False,150.4,119.28,-3.9,,4556.76,7172,False,0,2025-06-30 23:17:20
c0636c,PTR2292 ,Canada,1751325440.0,1751325440,-72.3777,45.572,6705.6,False,165.23,268.04,0.0,,7018.02,,False,0,2025-06-30 23:17:20
a779b0,ASA396  ,United States,1751325430.0,1751325430,-117.3427,42.5101,11582.4,False,228.92,340.71,0.0,,12146.28,,False,0,2025-06-30 23:17:20
c0506b,ACA581  ,Canada,1751325440.0,1751325440,-89.4978,34.7643,11582.4,False,231.0,224.55,0.0,,12291.06,0603,False,0,2025-06-30 23:17:20
a7419b,N567HA  ,United States,1751325378.0,1751325380,-75.1168,38.3105,30.48,False,7.85,211.61,-0.98,,-15.24,,False,0,2025-06-30 23:17:20
a92ae9,EDV5180 ,United States,1751325433.0,1751325433,-84.4374,33.6366,,True,9.77,87.19,,,,5437,False,0,2025-06-30 23:17:20
ab3132,N820DM  ,United States,1751325440.0,1751325440,-118.2407,33.7725,1165.86,False,40.53,113.96,2.6,,1150.62,,False,0,2025-06-30 23:17:20
a43c56,MVK89   ,United States,1751325238.0,1751325238,-93.5231,44.0102,1257.3,False,59.68,136.4,-3.25,,1272.54,,False,0,2025-06-30 23:17:20
a9f777,NKS2357 ,United States,1751325398.0,1751325398,-108.8427,35.484,10050.78,False,228.52,99.59,-0.33,,10652.76,,False,0,2025-06-30 23:17:20
ac6445,AAL1559 ,United States,1751325439.0,1751325439,-87.7096,41.9659,982.98,False,107.52,270.0,-5.53,,982.98,0520,False,0,2025-06-30 23:17:20
acb4e1,N918FA  ,United States,1751325439.0,1751325439,-117.1695,33.4817,1036.32,False,46.3,180.64,1.63,,1036.32,,False,0,2025-06-30 23:17:20
c1e884,,Canada,1751325283.0,1751325283,-79.6344,43.68,,True,5.66,236.25,,,,,False,0,2025-06-30 23:17:20
abdd6d,SWA2676 ,United States,1751325440.0,1751325440,-96.9578,41.5338,11269.98,False,256.44,73.93,0.0,,11757.66,3721,False,0,2025-06-30 23:17:20
ade7f4,DSU08   ,United States,1751325439.0,1751325439,-90.7444,33.7421,304.8,False,44.88,64.9,2.93,,297.18,1200,False,0,2025-06-30 23:17:20
abdd91,SWA1043 ,United States,1751325439.0,1751325439,-87.3105,41.5563,1531.62,False,134.15,297.65,-4.55,,1562.1,4036,False,0,2025-06-30 23:17:20
ae07ed,PEND84  ,United States,1751325439.0,1751325440,-122.8818,38.1957,1409.7,False,108.9,327.74,0.0,,1424.94,1740,False,0,2025-06-30 23:17:20
a7ff72,SKW5214 ,United States,1751325439.0,1751325439,-113.6286,33.8582,10363.2,False,209.81,276.76,-0.33,,10942.32,2672,False,0,2025-06-30 23:17:20
a4e0ec,SKW3469 ,United States,1751325331.0,1751325337,-122.5993,45.5914,,True,5.66,118.12,,,,3245,False,0,2025-06-30 23:17:20
a07ee3,N13096  ,United States,1751325439.0,1751325439,-123.0266,46.0306,1539.24,False,57.95,173.88,0.0,,1577.34,,False,0,2025-06-30 23:17:20
c0523f,ROU1795 ,Canada,1751325439.0,1751325439,-77.9162,35.2292,10675.62,False,234.75,353.08,0.0,,11285.22,4154,False,0,2025-06-30 23:17:20
a81f83,SKW5978 ,United States,1751325283.0,1751325283,-115.4428,38.4741,10363.2,False,212.86,256.3,0.0,,10927.08,,False,0,2025-06-30 23:17:20
ad84db,NKS236  ,United States,1751325325.0,1751325325,-80.164,26.0659,0.0,False,68.94,90.0,-3.58,,60.96,,False,0,2025-06-30 23:17:20
a8d6bd,PDT5899 ,United States,1751325439.0,1751325439,-79.9385,34.6392,4343.4,False,194.1,301.12,-5.53,,4587.24,,False,0,2025-06-30 23:17:20
a9f6b9,SKW6413 ,United States,1751325170.0,1751325170,-97.2478,27.1528,5113.02,False,176.88,187.35,-10.73,,5440.68,6271,False,0,2025-06-30 23:17:20
c05271,ASP595  ,Canada,1751325440.0,1751325440,-80.8469,44.6867,9745.98,False,216.63,137.41,-7.48,,10157.46,2110,False,0,2025-06-30 23:17:20
a8c3a2,FFT3696 ,United States,1751325440.0,1751325440,-121.8544,46.2695,10645.14,False,223.98,165.23,2.93,,11094.72,6602,False,0,2025-06-30 23:17:20
a993ad,JIA5419 ,United States,1751325439.0,1751325439,-81.2229,32.1288,22.86,False,67.91,90.87,-3.58,,7.62,2137,False,0,2025-06-30 23:17:20
a860b7,RPA3453 ,United States,1751325439.0,1751325440,-78.5109,38.8869,6210.3,False,184.42,284.54,6.83,,6560.82,3625,False,0,2025-06-30 23:17:20
a43c7a,DAL3113 ,United States,1751325439.0,1751325439,-93.0508,43.1375,9753.6,False,226.16,333.96,0.65,,10119.36,1336,False,0,2025-06-30 23:17:20
acea3e,JSX851  ,United States,1751325439.0,1751325440,-75.6182,38.242,10363.2,False,226.32,214.63,0.33,,10957.56,3004,False,0,2025-06-30 23:17:20
a13227,CXK184  ,United States,1751325440.0,1751325440,-115.1294,35.9684,2072.64,False,69.37,23.14,0.98,,2125.98,,False,0,2025-06-30 23:17:20
a3d3f0,DAL581  ,United States,1751325414.0,1751325432,-84.0326,33.5328,1211.58,False,119.39,330.01,-0.98,,1272.54,3122,False,0,2025-06-30 23:17:20
c0653d,ACA546  ,Canada,1751325439.0,1751325439,-115.2638,48.8288,10668.0,False,253.03,93.38,0.0,,11117.58,4531,False,0,2025-06-30 23:17:20
a500ab,N421PR  ,United States,1751325439.0,1751325439,-84.4516,35.9602,2529.84,False,110.38,348.17,-4.23,,2621.28,5451,False,0,2025-06-30 23:17:20
0d0997,,Mexico,1751325026.0,1751325425,-112.626,29.8354,10972.8,False,231.34,310.49,0.0,,11635.74,,False,0,2025-06-30 23:17:20
aca1da,ASA1198 ,United States,1751325440.0,1751325440,-118.897,35.6089,10668.0,False,228.47,166.59,-0.33,,11224.26,1637,False,0,2025-06-30 23:17:20
a1588d,N186SG  ,United States,1751325439.0,1751325440,-122.3523,48.4122,556.26,False,65.68,348.25,0.0,,571.5,,False,0,2025-06-30 23:17:20
c1e844,,Canada,1751325395.0,1751325395,-79.664,43.6772,,True,15.43,225.0,,,,,False,0,2025-06-30 23:17:20
a26535,N2531Y  ,United States,1751325440.0,1751325440,-93.7156,42.9006,1371.6,False,51.53,301.94,-0.33,,1363.98,,False,0,2025-06-30 23:17:20
aca1dd,AAL2376 ,United States,1751325439.0,1751325440,-115.069,36.0736,937.26,False,83.87,271.05,-4.55,,891.54,2203,False,0,2025-06-30 23:17:20
a5ac3b,AAL3276 ,United States,1751325439.0,1751325439,-88.9101,35.2631,9753.6,False,233.22,253.2,-0.33,,10378.44,7147,False,0,2025-06-30 23:17:20
c06539,ACA557  ,Canada,1751325439.0,1751325440,-122.0245,45.1447,11582.4,False,249.44,356.57,0.0,,12077.7,7072,False,0,2025-06-30 23:17:20
a1a844,N20592  ,United States,1751325440.0,1751325440,-97.8011,43.6249,937.26,False,31.29,279.46,0.33,,960.12,1200,False,0,2025-06-30 23:17:20
c0522f,CGFDE   ,Canada,1751325439.0,1751325440,-72.9223,45.4643,1127.76,False,34.07,128.25,-0.33,,,,False,0,2025-06-30 23:17:20
c05220,ROU1924 ,Canada,1751325439.0,1751325440,-80.4369,44.3652,6027.42,False,181.06,138.11,-11.05,,6286.5,1111,False,0,2025-06-30 23:17:20
a06bd3,AAL569  ,United States,1751325439.0,1751325440,-94.3511,32.3429,10980.42,False,229.46,263.31,0.0,,11650.98,3146,False,0,2025-06-30 23:17:20
aba91b,UAL414C ,United States,1751325439.0,1751325440,-115.3763,35.6187,11582.4,False,225.38,229.07,0.33,,12230.1,3715,False,0,2025-06-30 23:17:20
a79c54,00000000,United States,1751325440.0,1751325440,-89.8915,28.2424,12192.0,False,231.65,274.33,-0.33,,12893.04,,False,0,2025-06-30 23:17:20
ac0fb6,SWA853  ,United States,1751325440.0,1751325440,-91.4627,42.0812,9144.0,False,203.74,270.87,0.0,,9532.62,6571,False,0,2025-06-30 23:17:20
aa6d40,PCM7720 ,United States,1751325440.0,1751325440,-121.7091,38.7876,1150.62,False,68.7,354.84,4.88,,1150.62,4515,False,0,2025-06-30 23:17:20
c00eb0,ACA629  ,Canada,1751325439.0,1751325440,-79.1158,43.8711,2171.7,False,118.86,271.24,0.0,,2202.18,7042,False,0,2025-06-30 23:17:20
abdd09,SWA45   ,United States,1751325440.0,1751325440,-96.2001,30.194,3855.72,False,176.53,155.0,-10.4,,4091.94,4256,False,0,2025-06-30 23:17:20
a2a216,N269TA  ,United States,1751325439.0,1751325440,-100.4747,34.1327,12504.42,False,245.56,104.56,0.33,,13144.5,,False,0,2025-06-30 23:17:20
a2a213,SKW3777 ,United States,1751325205.0,1751325206,-119.3286,36.8895,2910.84,False,143.98,214.37,-14.31,,3025.14,,False,0,2025-06-30 23:17:20
abdd00,ASH6159 ,United States,1751325439.0,1751325439,-77.8408,40.3984,5791.2,False,199.82,167.36,0.0,,6080.76,2461,False,0,2025-06-30 23:17:20
aba7b0,DAL2833 ,United States,1751325439.0,1751325439,-88.7109,37.9731,8412.48,False,246.81,347.85,-5.2,,8892.54,1774,False,0,2025-06-30 23:17:20
aca29a,,United States,1751325249.0,1751325249,-77.4253,24.6778,10378.44,False,237.51,356.9,0.0,,10927.08,,False,0,2025-06-30 23:17:20
ac77d3,AAL2212 ,United States,1751325439.0,1751325439,-84.5242,40.5983,8618.22,False,221.0,280.05,4.23,,9067.8,4066,False,0,2025-06-30 23:17:20
c07854,CGTOT   ,Canada,1751325439.0,1751325439,-78.6773,44.1709,1097.28,False,58.02,259.79,-1.3,,1066.8,5345,False,0,2025-06-30 23:17:20
a3852d,LXJ326  ,United States,1751325438.0,1751325439,-119.0094,39.8898,13495.02,False,236.52,54.65,4.23,,14150.34,3352,False,0,2025-06-30 23:17:20
a55bbf,N444ZG  ,United States,1751325438.0,1751325439,-73.4146,40.7422,60.96,False,24.18,178.78,-1.3,,30.48,,False,0,2025-06-30 23:17:20
a1589d,SKW3346 ,United States,1751325439.0,1751325440,-119.6259,34.6562,8534.4,False,220.44,315.0,0.0,,8953.5,1052,False,0,2025-06-30 23:17:20
aba7c2,VAR850  ,United States,1751325436.0,1751325440,-112.8963,33.2768,1074.42,False,57.1,161.08,-4.55,,1036.32,1200,False,0,2025-06-30 23:17:20
abca00,AAL2491 ,United States,1751325440.0,1751325440,-94.8311,33.519,9867.9,False,242.55,67.95,6.5,,10469.88,5617,False,0,2025-06-30 23:17:20
ab7a21,DAL2349 ,United States,1751325440.0,1751325440,-93.0614,44.8239,906.78,False,100.14,300.91,-4.88,,899.16,,False,0,2025-06-30 23:17:20
aabd56,SKW4685 ,United States,1751325439.0,1751325439,-92.0151,45.1951,8839.2,False,247.45,172.59,-0.33,,9090.66,,False,0,2025-06-30 23:17:20
aaaa1e,SWA3629 ,United States,1751325440.0,1751325440,-95.9833,39.6421,10142.22,False,210.32,297.69,11.05,,10675.62,,False,0,2025-06-30 23:17:20
a37265,DAL2310 ,United States,1751325440.0,1751325440,-77.0738,35.7046,10363.2,False,235.69,203.54,0.0,,10965.18,3355,False,0,2025-06-30 23:17:20
a037b4,N113DS  ,United States,1751325437.0,1751325439,-84.3684,37.4643,2270.76,False,87.36,147.99,0.0,,2354.58,3121,False,0,2025-06-30 23:17:20
a037b9,DAL653  ,United States,1751325440.0,1751325440,-94.9535,36.287,10370.82,False,223.57,287.27,0.0,,10988.04,2277,False,0,2025-06-30 23:17:20
ab8d76,ASH6014 ,United States,1751325440.0,1751325440,-89.0032,35.2843,6903.72,False,206.2,237.22,1.3,,7307.58,5654,False,0,2025-06-30 23:17:20
a980da,N711MC  ,United States,1751325439.0,1751325439,-115.4913,35.8204,4762.5,False,173.56,30.06,-6.83,,5021.58,4617,False,0,2025-06-30 23:17:20
ab31c1,N820KE  ,United States,1751325439.0,1751325439,-122.9181,48.5311,502.92,False,61.06,50.81,0.33,,502.92,,False,0,2025-06-30 23:17:20
acb4c1,DAL1962 ,United States,1751325439.0,1751325440,-84.2169,33.5723,1280.16,False,100.06,355.87,-6.18,,1348.74,4631,False,0,2025-06-30 23:17:20
abdd63,SKW5535 ,United States,1751325345.0,1751325370,-120.7452,43.3687,7833.36,False,198.26,171.34,5.85,,8252.46,,False,0,2025-06-30 23:17:20
ac64cf,UAL1028 ,United States,1751325401.0,1751325405,-97.1729,26.3412,10972.8,False,235.6,209.14,0.0,,11673.84,0503,False,0,2025-06-30 23:17:20
abdd4a,SWA4712 ,United States,1751325440.0,1751325440,-115.3246,33.8527,11277.6,False,250.58,67.81,0.0,,11910.06,2052,False,0,2025-06-30 23:17:20
ad1d3d,AAL2242 ,United States,1751325440.0,1751325440,-85.8201,35.6831,11582.4,False,237.93,254.19,0.0,,12268.2,4162,False,0,2025-06-30 23:17:20
aaaa4a,SWA786  ,United States,1751325439.0,1751325439,-98.8358,30.3465,8740.14,False,216.68,275.86,8.78,,9273.54,2547,False,0,2025-06-30 23:17:20
a43bd1,N372GB  ,United States,1751325318.0,1751325318,-81.4353,40.9176,,True,0.0,135.0,,,,,False,0,2025-06-30 23:17:20
abdd67,SKW5393 ,United States,1751325205.0,1751325209,-104.6602,39.8699,1607.82,False,74.6,180.79,-4.88,,1691.64,,False,0,2025-06-30 23:17:20
aabd7f,UAL990  ,United States,1751325439.0,1751325439,-115.8977,46.5957,10668.0,False,265.83,34.27,0.0,,11178.54,,False,0,2025-06-30 23:17:20
abca36,EJA859  ,United States,1751325440.0,1751325440,-77.1994,39.2752,3375.66,False,206.6,63.37,15.28,,3520.44,3672,False,0,2025-06-30 23:17:20
a80bf0,N6176G  ,United States,1751325439.0,1751325439,-80.1581,25.6128,449.58,False,42.3,193.36,1.63,,480.06,,False,0,2025-06-30 23:17:20
a7b88d,MTU97   ,United States,1751325419.0,1751325419,-86.5659,35.2207,1531.62,False,61.05,16.14,0.33,,1592.58,5513,False,0,2025-06-30 23:17:20
ad2efa,DAL1783 ,United States,1751325439.0,1751325439,-86.4518,37.0769,11277.6,False,226.2,191.41,0.0,,11932.92,6611,False,0,2025-06-30 23:17:20
c050c5,ACA377  ,Canada,1751325400.0,1751325400,-73.7456,45.4614,,True,6.69,312.19,,,,,False,0,2025-06-30 23:17:20
c050c0,ACA1282 ,Canada,1751325439.0,1751325439,-79.461,43.7689,952.5,False,83.68,226.0,-0.33,,922.02,6730,False,0,2025-06-30 23:17:20
ac523c,UAL1990 ,United States,1751325440.0,1751325440,-94.6148,31.8731,10058.4,False,250.49,41.09,-0.33,,10660.38,6154,True,0,2025-06-30 23:17:20
ac789b,SWA218  ,United States,1751325440.0,1751325440,-88.9857,35.1514,11582.4,False,217.86,189.24,0.0,,12252.96,3177,False,0,2025-06-30 23:17:20
acc86f,CXK148  ,United States,1751325364.0,1751325364,-88.5461,42.6652,731.52,False,41.78,184.24,-0.98,,708.66,1200,False,0,2025-06-30 23:17:20
a1a7a2,N2055E  ,United States,1751325439.0,1751325439,-80.4847,34.9324,899.16,False,42.23,145.92,0.0,,906.78,,False,0,2025-06-30 23:17:20
a157d9,RTY186  ,United States,1751325440.0,1751325440,-105.034,40.4977,1615.44,False,49.01,159.09,-2.93,,1684.02,,False,0,2025-06-30 23:17:20
a6cbdd,EJA537  ,United States,1751325439.0,1751325439,-95.3827,38.2421,13106.4,False,197.76,267.32,0.0,,13716.0,1533,False,0,2025-06-30 23:17:20
a3729a,LXJ321  ,United States,1751325424.0,1751325424,-122.218,47.4964,,True,0.0,351.56,,,,,False,0,2025-06-30 23:17:20
a2529e,N249ND  ,United States,1751325440.0,1751325440,-70.8831,43.2531,1310.64,False,49.61,220.79,5.2,,1348.74,,False,0,2025-06-30 23:17:20
a98219,DAL2240 ,United States,1751325439.0,1751325440,-105.6041,31.3835,11277.6,False,242.51,126.89,-0.33,,11940.54,0732,False,0,2025-06-30 23:17:20
c063eb,WJA431  ,Canada,1751325440.0,1751325440,-89.2192,48.676,10972.8,False,228.18,302.76,0.0,,11201.4,,False,0,2025-06-30 23:17:20
a74277,N567RW  ,United States,1751325439.0,1751325439,-95.8553,32.0064,5852.16,False,196.14,322.14,-10.08,,6202.68,6211,False,0,2025-06-30 23:17:20
a9e526,N737BA  ,United States,1751325439.0,1751325439,-80.3134,26.2931,579.12,False,46.61,322.62,0.65,,617.22,,False,0,2025-06-30 23:17:20
a1a7de,N20565  ,United States,1751325439.0,1751325440,-69.1838,44.0312,1021.08,False,49.73,204.44,-6.83,,1021.08,,False,0,2025-06-30 23:17:20
a63563,N5BM    ,United States,1751325439.0,1751325439,-117.0296,32.7718,762.0,False,46.2,288.84,0.0,,723.9,,False,0,2025-06-30 23:17:20
a81ee1,NKS2320 ,United States,1751325167.0,1751325167,-82.5323,27.9778,,True,1.8,191.25,,,,7441,False,0,2025-06-30 23:17:20
a1dd2d,RPA5724 ,United States,1751325438.0,1751325438,-73.8785,40.779,,True,5.92,33.75,,,,,False,0,2025-06-30 23:17:20
a3c259,EDV5322 ,United States,1751325439.0,1751325439,-77.0349,38.8073,579.12,False,90.55,180.65,8.13,,579.12,4602,False,0,2025-06-30 23:17:20
a18d65,N2AV    ,United States,1751325439.0,1751325439,-122.5465,45.0778,3017.52,False,50.67,195.31,7.15,,3154.68,,False,0,2025-06-30 23:17:20
a144e1,N181FA  ,United States,1751325439.0,1751325439,-78.2725,35.9159,1082.04,False,53.41,339.12,0.65,,1104.9,0055,False,0,2025-06-30 23:17:20
a06d6b,N12679  ,United States,1751325428.0,1751325428,-80.44,25.6522,,True,5.14,357.19,,,,,False,0,2025-06-30 23:17:20
ab329e,UAL301  ,United States,1751325439.0,1751325439,-104.2571,34.4138,10965.18,False,233.63,329.43,0.0,,11590.02,2047,False,0,2025-06-30 23:17:20
a9f821,N741VE  ,United States,1751325439.0,1751325439,-98.5792,33.121,8549.64,False,237.0,299.24,-0.33,,9083.04,2241,False,0,2025-06-30 23:17:20
a74224,JIA5145 ,United States,1751325440.0,1751325440,-93.5193,36.5739,10675.62,False,254.05,35.11,0.33,,11300.46,2324,False,0,2025-06-30 23:17:20
a67bd3,DAL7    ,United States,1751325440.0,1751325440,-119.0672,33.9594,3489.96,False,201.01,284.07,3.9,,3619.5,,False,0,2025-06-30 23:17:20
a8d83f,N66913  ,United States,1751325439.0,1751325439,-94.2224,35.9566,2773.68,False,82.93,182.84,0.33,,2872.74,1557,False,0,2025-06-30 23:17:20
acb59c,AAL1564 ,United States,1751325439.0,1751325440,-88.3625,42.0609,3444.24,False,172.96,287.3,3.58,,3550.92,7310,False,0,2025-06-30 23:17:20
a0aa2b,AAL1635 ,United States,1751325439.0,1751325440,-95.6788,30.2956,3718.56,False,155.25,140.24,-6.18,,3939.54,2375,False,0,2025-06-30 23:17:20
a5157b,N42689  ,United States,1751325439.0,1751325439,-93.1922,44.5441,1158.24,False,53.96,318.87,-0.33,,1143.0,,False,0,2025-06-30 23:17:20
a43d09,UPS9787 ,United States,1751325439.0,1751325439,-85.2582,32.3356,11590.02,False,236.63,328.69,0.0,,12275.82,3214,False,0,2025-06-30 23:17:20
a0aa1b,UCA4977 ,United States,1751325440.0,1751325440,-77.6808,42.1644,8610.6,False,238.79,39.14,-7.8,,9052.56,3705,False,0,2025-06-30 23:17:20
a3c274,EJA341  ,United States,1751325440.0,1751325440,-89.3671,45.1685,5394.96,False,161.25,336.3,-10.4,,5486.4,7243,False,0,2025-06-30 23:17:20
a264a4,SWA1670 ,United States,1751325439.0,1751325440,-87.0412,35.6377,11582.4,False,230.83,256.34,0.0,,12252.96,0605,False,0,2025-06-30 23:17:20
8991e6,SJX032  ,Taiwan,1751325440.0,1751325440,-122.9316,48.0515,4998.72,False,172.09,102.96,-5.2,,5212.08,,False,0,2025-06-30 23:17:20
a8886d,UAL748  ,United States,1751325439.0,1751325439,-71.5361,42.0534,10668.0,False,247.12,46.77,0.0,,11224.26,3724,False,0,2025-06-30 23:17:20
aa1219,AAL3249 ,United States,1751325439.0,1751325439,-94.587,41.4006,6949.44,False,251.49,86.6,9.43,,7223.76,,False,0,2025-06-30 23:17:20
a397ab,N330VA  ,United States,1751325439.0,1751325439,-94.8594,38.3968,1813.56,False,58.24,356.46,0.0,,1851.66,,False,0,2025-06-30 23:17:20
a62265,N4948A  ,United States,1751325438.0,1751325439,-123.2662,44.6427,2377.44,False,93.63,359.37,-0.65,,2506.98,1200,False,0,2025-06-30 23:17:20
a9f818,AAL2717 ,United States,1751325439.0,1751325439,-89.3136,42.7408,11277.6,False,253.99,116.72,-0.65,,11757.66,5620,False,0,2025-06-30 23:17:20
ad727d,AAL448R ,United States,1751325439.0,1751325439,-107.262,31.9731,11277.6,False,245.9,100.49,0.33,,11940.54,,False,0,2025-06-30 23:17:20
aa6ba6,SWA1450 ,United States,1751325439.0,1751325439,-96.0177,32.6759,6294.12,False,229.2,94.76,11.38,,6659.88,3653,False,0,2025-06-30 23:17:20
a7fed3,JIA5429 ,United States,1751325439.0,1751325439,-84.5959,32.8624,10668.0,False,242.28,221.82,0.0,,11330.94,3506,False,0,2025-06-30 23:17:20
ad9811,AAL1595 ,United States,1751325439.0,1751325439,-112.4226,37.633,10058.4,False,239.0,61.17,0.0,,10614.66,7370,False,0,2025-06-30 23:17:20
0d07b3,VOI1823 ,Mexico,1751325275.0,1751325275,-114.3766,30.6006,11887.2,False,234.63,131.8,-0.33,,12588.24,3316,False,0,2025-06-30 23:17:20
a9d284,ASA397  ,United States,1751325440.0,1751325440,-85.6435,30.4277,10363.2,False,238.56,265.05,0.0,,10980.42,1614,False,0,2025-06-30 23:17:20
a384f2,DAL2329 ,United States,1751325439.0,1751325440,-78.6467,35.1152,10477.5,False,242.03,206.78,3.25,,11079.48,2276,False,0,2025-06-30 23:17:20
a2a1a5,ENY4087 ,United States,1751325439.0,1751325439,-85.0783,35.9236,10363.2,False,230.88,275.11,0.33,,10988.04,7032,False,0,2025-06-30 23:17:20
ab8ba5,WWI84   ,United States,1751325439.0,1751325440,-110.686,37.3626,10668.0,False,241.09,71.72,0.33,,11231.88,1055,False,0,2025-06-30 23:17:20
a42a15,XSR368  ,United States,1751325439.0,1751325440,-79.1419,42.4693,6774.18,False,154.59,230.54,6.18,,7094.22,7427,False,0,2025-06-30 23:17:20
ade812,CAP132  ,United States,1751325439.0,1751325439,-86.9673,34.7395,670.56,False,66.03,26.37,2.6,,655.32,,False,0,2025-06-30 23:17:20
a754b5,UAL618  ,United States,1751325439.0,1751325440,-73.6254,43.1639,4892.04,False,184.43,208.85,-0.33,,5090.16,1520,False,0,2025-06-30 23:17:20
ad2ea4,AAL1568 ,United States,1751325397.0,1751325397,-97.6706,30.2009,,True,7.72,90.0,,,,0276,False,0,2025-06-30 23:17:20
ad2ea1,ASA507  ,United States,1751325439.0,1751325440,-86.6159,34.7903,10363.2,False,237.26,275.6,-0.33,,10988.04,5020,False,0,2025-06-30 23:17:20
a18d6b,N2BA    ,United States,1751325327.0,1751325338,-81.7169,28.7817,175.26,False,36.88,67.01,-2.93,,213.36,,False,0,2025-06-30 23:17:20
ab4545,N825UW  ,United States,1751325140.0,1751325140,-82.3677,29.4492,662.94,False,80.06,226.56,-0.98,,708.66,2355,False,0,2025-06-30 23:17:20
a3d4ed,AAL1253 ,United States,1751325439.0,1751325439,-113.3657,39.0854,10972.8,False,234.46,253.95,0.0,,11559.54,1013,False,0,2025-06-30 23:17:20
ab586f,AAL3119 ,United States,1751325424.0,1751325431,-83.9904,35.8076,,True,0.0,210.94,,,,5710,False,0,2025-06-30 23:17:20
a30a7b,N2950X  ,United States,1751325440.0,1751325440,-75.033,40.6792,457.2,False,45.48,127.65,0.33,,457.2,,False,0,2025-06-30 23:17:20
a42a5c,DAL1060 ,United States,1751325438.0,1751325438,-97.665,30.2003,,True,0.0,78.75,,,,4661,False,0,2025-06-30 23:17:20
a7a59f,JBU1252 ,United States,1751325440.0,1751325440,-73.4529,40.3784,5181.6,False,190.83,18.39,-0.33,,5471.16,2465,False,0,2025-06-30 23:17:20
0aca28,AVA263  ,Colombia,1751324964.0,1751325127,-79.2829,24.2492,11285.22,False,252.27,167.64,0.0,,11879.58,1325,False,0,2025-06-30 23:17:20
ac786a,WUP902  ,United States,1751325439.0,1751325439,-107.5003,40.3303,12496.8,False,271.7,97.18,-0.33,,13114.02,,False,0,2025-06-30 23:17:20
abeeea,SWA2115 ,United States,1751325439.0,1751325439,-104.6853,38.9852,2636.52,False,119.95,177.79,0.33,,2788.92,,False,0,2025-06-30 23:17:20
a9f87d,RPA3602 ,United States,1751325440.0,1751325440,-77.4573,38.9394,,True,2.31,180.0,,,,,False,0,2025-06-30 23:17:20
ad720d,N9657G  ,United States,1751325440.0,1751325440,-74.4113,39.3791,510.54,False,40.17,279.58,-0.33,,502.92,,False,0,2025-06-30 23:17:20
aba891,AAL2194 ,United States,1751325440.0,1751325440,-79.9995,25.8225,2377.44,False,147.31,48.96,14.63,,2506.98,,False,0,2025-06-30 23:17:20
a2b4ea,UAL1194 ,United States,1751325439.0,1751325440,-77.1827,35.0779,10972.8,False,243.4,197.59,0.0,,11597.64,3707,False,0,2025-06-30 23:17:20
a371c9,N3208J  ,United States,1751325440.0,1751325440,-122.5818,45.7396,1569.72,False,41.15,137.53,-2.28,,1623.06,,False,0,2025-06-30 23:17:20
c0517e,WJA281  ,Canada,1751325440.0,1751325440,-78.2809,44.2939,5989.32,False,159.09,236.21,-8.13,,6240.78,3135,False,0,2025-06-30 23:17:20
aa127e,RPA3303 ,United States,1751325440.0,1751325440,-89.1693,43.0113,883.92,False,91.15,267.41,-4.88,,868.68,6071,False,0,2025-06-30 23:17:20
a42a37,EDV5053 ,United States,1751325374.0,1751325374,-83.3598,42.2351,312.42,False,70.45,208.81,-2.28,,251.46,,False,0,2025-06-30 23:17:20
a1cdd8,UAL2641 ,United States,1751325402.0,1751325403,-74.1865,40.6847,,True,0.0,222.19,,,,,False,0,2025-06-30 23:17:20
a1110b,N168SW  ,United States,1751325440.0,1751325440,-111.9706,33.6379,1325.88,False,107.68,315.77,11.7,,1325.88,0737,False,0,2025-06-30 23:17:20
a2edb4,SWA4247 ,United States,1751325439.0,1751325440,-90.018,38.6583,1485.9,False,118.24,260.99,-1.95,,1531.62,2751,False,0,2025-06-30 23:17:20
a3b414,FFT2443 ,United States,1751325440.0,1751325440,-95.4695,35.5505,10972.8,False,228.18,321.68,0.33,,11628.12,6225,False,0,2025-06-30 23:17:20
a9c2de,SKW6536 ,United States,1751325439.0,1751325439,-90.2402,41.817,8534.4,False,199.39,264.82,0.33,,8900.16,5614,False,0,2025-06-30 23:17:20
a17dce,ELZ9    ,United States,1751325440.0,1751325440,-117.8386,33.7233,297.18,False,69.76,208.64,-3.9,,259.08,,False,0,2025-06-30 23:17:20
a3b41a,LXJ338  ,United States,1751325404.0,1751325413,-89.859,34.9222,906.78,False,129.08,64.25,0.0,,937.26,3245,False,0,2025-06-30 23:17:20
a0ade2,AAL2885 ,United States,1751325440.0,1751325440,-115.6519,32.7362,7589.52,False,251.45,83.89,3.58,,8039.1,,False,0,2025-06-30 23:17:20
ab1203,AAL1888 ,United States,1751325439.0,1751325439,-80.3531,34.5173,7627.62,False,235.62,67.13,-5.53,,8092.44,6414,False,0,2025-06-30 23:17:20
a77b76,AAL1031 ,United States,1751325440.0,1751325440,-95.0341,35.9516,10957.56,False,228.52,313.54,0.0,,11605.26,5725,False,0,2025-06-30 23:17:20
ac583f,DAL919  ,United States,1751325439.0,1751325440,-84.5413,33.9299,4206.24,False,158.74,354.23,14.31,,4411.98,3120,False,0,2025-06-30 23:17:20
a8fe5d,NKS2662 ,United States,1751325438.0,1751325439,-82.6976,39.9815,929.64,False,100.18,275.01,0.98,,922.02,2032,False,0,2025-06-30 23:17:20
ab252d,WUP817  ,United States,1751325440.0,1751325440,-74.0863,40.1644,563.88,False,75.09,121.84,6.83,,571.5,,False,0,2025-06-30 23:17:20
a972d3,FFT71   ,United States,1751325439.0,1751325439,-100.9434,36.421,10363.2,False,241.13,326.31,0.0,,10957.56,6161,False,0,2025-06-30 23:17:20
ab1210,PRY01   ,United States,1751325439.0,1751325439,-94.279,30.0504,8229.6,False,123.99,33.49,-0.33,,8747.76,6746,False,0,2025-06-30 23:17:20
a91e92,N687PW  ,United States,1751325439.0,1751325439,-93.8929,37.3866,2118.36,False,90.61,59.65,0.0,,2194.56,,False,0,2025-06-30 23:17:20
71c308,AAR212  ,Republic of Korea,1751325440.0,1751325440,-122.2834,37.4698,2499.36,False,118.57,145.97,-6.18,,2575.56,7306,False,0,2025-06-30 23:17:20
ad7828,SWA2736 ,United States,1751325344.0,1751325344,-107.5749,40.201,10972.8,False,221.62,277.6,0.0,,11567.16,2754,False,0,2025-06-30 23:17:20
a9d5e7,UAL2394 ,United States,1751325425.0,1751325428,-87.8881,42.0028,281.94,False,81.28,270.0,-4.55,,236.22,3403,False,0,2025-06-30 23:17:20
a9d5e4,UAL2142 ,United States,1751325440.0,1751325440,-87.5831,36.312,5623.56,False,212.79,266.81,8.78,,5920.74,1547,False,0,2025-06-30 23:17:20
a9e8fc,N738CG  ,United States,1751325440.0,1751325440,-70.9085,42.6087,312.42,False,43.87,320.71,0.33,,281.94,,False,0,2025-06-30 23:17:20
ab120b,DAL299  ,United States,1751325440.0,1751325440,-93.145,44.9595,2385.06,False,162.34,120.47,-13.98,,2438.4,,False,0,2025-06-30 23:17:20
a6ab62,N529LL  ,United States,1751325440.0,1751325440,-84.5786,33.7146,3634.74,False,128.15,57.46,0.0,,3817.62,2420,False,0,2025-06-30 23:17:20
a2579f,N250BH  ,United States,1751325439.0,1751325439,-84.1873,35.2607,6522.72,False,214.55,164.56,-10.08,,6880.86,1411,False,0,2025-06-30 23:17:20
a1245e,AMX636  ,United States,1751325440.0,1751325440,-89.3947,36.1252,11277.6,False,251.55,49.89,0.0,,11948.16,4244,False,0,2025-06-30 23:17:20
a24450,N245TW  ,United States,1751325440.0,1751325440,-93.5733,44.63,762.0,False,48.05,338.65,0.65,,754.38,,False,0,2025-06-30 23:17:20
a9e8cf,N738AM  ,United States,1751325440.0,1751325440,-117.1119,33.9167,1729.74,False,66.46,183.11,-0.65,,1783.08,7252,False,0,2025-06-30 23:17:20
ac9ef7,JSX108  ,United States,1751325413.0,1751325414,-115.1675,36.0862,,True,3.09,329.06,,,,4754,False,0,2025-06-30 23:17:20
a9e8db,N738AZ  ,United States,1751325439.0,1751325439,-117.175,32.8112,426.72,False,42.23,157.81,3.25,,381.0,,False,0,2025-06-30 23:17:20
a91e6e,NKS2190 ,United States,1751325439.0,1751325439,-88.715,41.2864,3939.54,False,191.16,42.49,-8.45,,4091.94,2656,False,0,2025-06-30 23:17:20
a29dee,ENY4139 ,United States,1751325440.0,1751325440,-95.7178,33.7049,5897.88,False,203.51,237.6,-5.85,,6240.78,1767,False,0,2025-06-30 23:17:20
a37765,SKW4065 ,United States,1751325439.0,1751325439,-122.5517,46.9278,3093.72,False,155.75,46.61,-8.45,,3230.88,,False,0,2025-06-30 23:17:20
a59143,EJA458  ,United States,1751325439.0,1751325439,-97.5467,32.1087,3627.12,False,173.14,151.23,-10.08,,3825.24,3702,False,0,2025-06-30 23:17:20
47c98d,NBT41R  ,Norway,1751325439.0,1751325439,-114.6547,36.2493,10660.38,False,267.56,57.17,0.0,,11262.36,7751,False,0,2025-06-30 23:17:20
406b05,BAW97A  ,United Kingdom,1751325438.0,1751325438,-92.4846,32.0964,10363.2,False,232.63,233.18,0.0,,10995.66,7402,False,0,2025-06-30 23:17:20
a2dafe,N283VC  ,United States,1751325153.0,1751325153,-115.2023,36.2088,,True,3.6,196.88,,,,,False,0,2025-06-30 23:17:20
a05f31,DAL1556 ,United States,1751325440.0,1751325440,-121.702,37.1643,1287.78,False,122.83,288.81,-4.88,,1303.02,3174,False,0,2025-06-30 23:17:20
a05f37,DAL711  ,United States,1751325440.0,1751325440,-93.3583,35.9157,10965.18,False,223.88,278.86,0.0,,11620.5,2506,False,0,2025-06-30 23:17:20
abbc52,SWA2870 ,United States,1751325440.0,1751325440,-86.4439,35.4842,11277.6,False,236.99,132.8,0.0,,11948.16,4123,False,0,2025-06-30 23:17:20
a3514f,JBU49   ,United States,1751325439.0,1751325440,-90.9102,47.3805,10972.8,False,222.85,279.7,-0.33,,11209.02,,False,0,2025-06-30 23:17:20
a77ab6,N581MD  ,United States,1751325440.0,1751325440,-94.5804,45.0704,8229.6,False,169.59,171.45,0.33,,8473.44,,False,0,2025-06-30 23:17:20
a53afb,SCU49   ,United States,1751325438.0,1751325438,-96.248,36.3406,1661.16,False,43.8,176.63,-1.3,,1722.12,,False,0,2025-06-30 23:17:20
acb9ed,AAL2864 ,United States,1751325439.0,1751325439,-106.1798,31.903,10965.18,False,234.96,300.38,0.33,,11612.88,0726,False,0,2025-06-30 23:17:20
a8b722,N6604E  ,United States,1751325440.0,1751325440,-80.8129,28.3772,1066.8,False,41.92,330.6,0.98,,1112.52,1200,False,0,2025-06-30 23:17:20
a2dadf,YEL83   ,United States,1751325439.0,1751325440,-76.6921,36.5391,13716.0,False,211.31,33.38,0.0,,14348.46,2642,False,0,2025-06-30 23:17:20
a59167,SCU51   ,United States,1751325439.0,1751325439,-96.2604,36.3094,2156.46,False,87.48,178.65,1.95,,2209.8,,False,0,2025-06-30 23:17:20
a77ae0,DAL715  ,United States,1751325439.0,1751325439,-105.2267,30.8941,10675.62,False,249.35,96.04,0.33,,11315.7,1366,False,0,2025-06-30 23:17:20
a24493,SWA871  ,United States,1751325439.0,1751325439,-98.2255,30.5197,11285.22,False,252.46,44.67,-0.33,,11963.4,2131,False,0,2025-06-30 23:17:20
aaf0c3,ASA1191 ,United States,1751325439.0,1751325440,-118.9873,36.1961,11582.4,False,252.21,350.13,0.0,,12192.0,7303,False,0,2025-06-30 23:17:20
c04453,WJA1582 ,Canada,1751325439.0,1751325439,-93.7679,45.6066,11277.6,False,255.39,106.5,0.0,,11590.02,,False,0,2025-06-30 23:17:20
a4c170,RPA9940 ,United States,1751325440.0,1751325440,-85.9849,40.308,6431.28,False,205.01,25.73,8.45,,6751.32,4064,False,0,2025-06-30 23:17:20
acdc40,DAL2293 ,United States,1751325435.0,1751325435,-73.7835,40.6322,,True,0.0,8.44,,,,,False,0,2025-06-30 23:17:20
a6aaba,DAL604  ,United States,1751325401.0,1751325403,-93.8883,28.5832,9151.62,False,237.09,308.83,0.33,,9745.98,,False,0,2025-06-30 23:17:20
a6aabc,N529DV  ,United States,1751325439.0,1751325439,-122.7176,46.6587,1516.38,False,137.03,275.82,-7.48,,1554.48,,False,0,2025-06-30 23:17:20
a5916a,JCM458  ,United States,1751325388.0,1751325440,-81.3928,31.529,2042.16,False,141.75,170.81,-7.8,,2110.74,6132,False,0,2025-06-30 23:17:20
aaf0ce,AAL1408 ,United States,1751325440.0,1751325440,-74.3775,44.894,10980.42,False,211.72,315.39,0.0,,11475.72,1401,False,0,2025-06-30 23:17:20
a3a110,N333BC  ,United States,1751325439.0,1751325439,-83.352,38.6458,3063.24,False,73.14,254.5,0.0,,3185.16,,False,0,2025-06-30 23:17:20
aaf0ca,SCPR446 ,United States,1751325439.0,1751325439,-116.7666,47.7153,922.02,False,65.13,323.67,-0.65,,944.88,,False,0,2025-06-30 23:17:20
a3c775,UAL2172 ,United States,1751325438.0,1751325438,-101.9719,46.5881,10972.8,False,209.82,296.5,0.0,,11407.14,1366,False,0,2025-06-30 23:17:20
a0af44,EJA143  ,United States,1751325440.0,1751325440,-107.8589,39.6669,13106.4,False,248.53,238.98,-0.33,,13769.34,1146,False,0,2025-06-30 23:17:20
ad63f7,DAL1683 ,United States,1751325439.0,1751325439,-84.9315,34.0195,3947.16,False,179.34,134.88,-0.33,,4152.9,3573,False,0,2025-06-30 23:17:20
a73410,SWA2674 ,United States,1751325439.0,1751325439,-104.5191,40.0519,2613.66,False,132.24,1.11,-7.48,,2773.68,7342,False,0,2025-06-30 23:17:20
abbc75,SWA528  ,United States,1751325440.0,1751325440,-96.4301,32.5152,2735.58,False,145.68,326.81,0.0,,2880.36,7001,False,0,2025-06-30 23:17:20
c05736,CGHAR   ,Canada,1751325164.0,1751325164,-123.3804,48.4251,,True,7.2,90.0,,,,,False,0,2025-06-30 23:17:20
a04c50,N1180N  ,United States,1751325438.0,1751325439,-80.6147,28.1271,891.54,False,49.52,156.1,-2.28,,952.5,1200,False,0,2025-06-30 23:17:20
a3a138,N333CT  ,United States,1751325439.0,1751325440,-112.0355,41.2223,1539.24,False,55.66,171.5,-1.63,,1569.72,,False,0,2025-06-30 23:17:20
c0440e,ACA745  ,Canada,1751325439.0,1751325440,-82.2494,43.9835,8854.44,False,206.82,269.29,4.88,,9273.54,6335,False,0,2025-06-30 23:17:20
a61457,N491FL  ,United States,1751324774.0,1751325427,-77.4277,35.9302,883.92,False,41.3,193.69,-1.3,,899.16,,False,0,2025-06-30 23:17:20
406b12,TOM727  ,United Kingdom,1751325294.0,1751325312,-77.1166,25.1334,11879.58,False,259.28,53.47,0.33,,12473.94,,False,0,2025-06-30 23:17:20
a4e6a1,N4149T  ,United States,1751325430.0,1751325430,-88.2625,40.0258,304.8,False,37.38,325.65,-2.28,,259.08,,False,0,2025-06-30 23:17:20
aaaf07,N788JA  ,United States,1751325423.0,1751325423,-81.5685,28.6887,152.4,False,37.85,328.9,-2.93,,175.26,,False,0,2025-06-30 23:17:20
a1cf6b,JBU188  ,United States,1751325440.0,1751325440,-93.2655,42.1368,10675.62,False,273.87,81.14,0.0,,11117.58,6751,False,0,2025-06-30 23:17:20
aaf18d,N804JM  ,United States,1751325440.0,1751325440,-105.626,40.7513,11864.34,False,236.3,60.81,0.0,,12489.18,,False,0,2025-06-30 23:17:20
a639c0,N50YC   ,United States,1751325440.0,1751325440,-94.8752,38.722,739.14,False,95.21,271.55,-2.93,,754.38,,False,0,2025-06-30 23:17:20
adb476,AAL2676 ,United States,1751325440.0,1751325440,-86.54,32.9246,10058.4,False,234.33,57.46,0.0,,10683.24,1605,False,0,2025-06-30 23:17:20
a243d2,AAY104  ,United States,1751325440.0,1751325440,-114.3028,35.8953,6195.06,False,207.84,90.43,8.13,,6568.44,,False,0,2025-06-30 23:17:20
a230a0,AIP640  ,United States,1751325438.0,1751325439,-111.9894,40.9055,3009.9,False,80.54,351.92,10.08,,3177.54,,False,0,2025-06-30 23:17:20
ada141,N9779H  ,United States,1751325439.0,1751325439,-83.7725,38.2374,2308.86,False,65.75,14.04,0.0,,2362.2,,False,0,2025-06-30 23:17:20
ab49d4,N8262S  ,United States,1751325439.0,1751325440,-89.0407,42.9008,1112.52,False,44.82,99.25,-0.33,,1089.66,,False,0,2025-06-30 23:17:20
a496a9,N395PH  ,United States,1751325439.0,1751325440,-91.3855,39.9816,7315.2,False,144.38,3.88,-1.3,,7673.34,2140,False,0,2025-06-30 23:17:20
a389eb,AAL833  ,United States,1751325439.0,1751325439,-80.3018,25.4552,3444.24,False,182.75,209.88,4.55,,3642.36,,False,0,2025-06-30 23:17:20
a4e6c0,AAL1105 ,United States,1751325439.0,1751325439,-81.266,34.9599,3566.16,False,161.18,43.84,-5.53,,3749.04,6433,False,0,2025-06-30 23:17:20
a8a478,QXE2091 ,United States,1751325438.0,1751325439,-118.3258,33.9601,434.34,False,74.35,261.65,-4.23,,396.24,6615,False,0,2025-06-30 23:17:20
ab6c01,FDY408  ,United States,1751325401.0,1751325439,-96.27,33.4664,1828.8,False,70.63,222.64,0.0,,1905.0,1567,False,0,2025-06-30 23:17:20
ab6c08,DAL130  ,United States,1751325440.0,1751325440,-72.7793,39.8621,9448.8,False,251.31,55.17,0.0,,9997.44,5616,False,0,2025-06-30 23:17:20
a05f95,RPA4697 ,United States,1751325440.0,1751325440,-74.3749,39.4876,6225.54,False,219.02,40.24,-11.7,,6560.82,4003,False,0,2025-06-30 23:17:20
a9614d,SKW3846 ,United States,1751325176.0,1751325176,-110.9372,32.1142,,True,36.01,315.0,,,,1077,False,0,2025-06-30 23:17:20
a123bf,UAL1151 ,United States,1751325439.0,1751325439,-92.7238,42.9229,10675.62,False,264.05,111.37,0.33,,11079.48,1774,False,0,2025-06-30 23:17:20
a1cf48,JBU1023 ,United States,1751325440.0,1751325440,-83.3816,43.9582,10355.58,False,209.05,267.6,0.98,,10850.88,6664,False,0,2025-06-30 23:17:20
a3fc47,N356ND  ,United States,1751325340.0,1751325340,-119.9693,34.5698,2286.0,False,51.06,102.22,-0.98,,2354.58,,False,0,2025-06-30 23:17:20
a28c23,SWA3818 ,United States,1751325439.0,1751325439,-96.2377,32.921,11582.4,False,230.33,207.54,0.0,,12291.06,0653,False,0,2025-06-30 23:17:20
acef18,SWA3543 ,United States,1751325435.0,1751325435,-122.2131,37.7029,,True,0.0,213.75,,,,,False,0,2025-06-30 23:17:20
ab6c26,AAL2449 ,United States,1751325439.0,1751325440,-96.9643,32.694,2346.96,False,147.49,103.31,15.93,,2446.02,0531,False,0,2025-06-30 23:17:20
a01805,RPA9934 ,United States,1751325439.0,1751325439,-83.4165,42.1496,1386.84,False,122.71,219.9,7.8,,1386.84,,False,0,2025-06-30 23:17:20
a41c56,DAL605  ,United States,1751325440.0,1751325440,-94.3725,40.9171,11277.6,False,247.59,7.64,0.0,,11795.76,1046,False,0,2025-06-30 23:17:20
a96144,SGX703  ,United States,1751325439.0,1751325439,-71.1442,42.6352,3108.96,False,155.12,7.43,13.66,,3238.5,3473,False,0,2025-06-30 23:17:20
a73487,N56307  ,United States,1751325402.0,1751325439,-73.0897,41.1741,129.54,False,37.98,245.17,-2.6,,99.06,1200,True,0,2025-06-30 23:17:20
ab23b5,DAL1169 ,United States,1751325438.0,1751325438,-84.4343,33.6358,,True,1.29,90.0,,,,,False,0,2025-06-30 23:17:20
ad0f29,SWA4624 ,United States,1751325440.0,1751325440,-87.9394,38.9494,11277.6,False,253.26,100.53,0.0,,11902.44,1114,False,0,2025-06-30 23:17:20
a9742c,VXP1101 ,United States,1751325438.0,1751325439,-72.8872,41.2719,7.62,False,71.06,182.49,-3.58,,-7.62,5733,False,0,2025-06-30 23:17:20
a90aaa,PDT5939 ,United States,1751325438.0,1751325438,-79.9664,36.7353,4991.1,False,204.83,45.92,-9.75,,5303.52,,False,0,2025-06-30 23:17:20
ac56d9,SWA2274 ,United States,1751325439.0,1751325439,-103.0793,30.3728,10668.0,False,251.09,84.71,0.0,,11330.94,7263,False,0,2025-06-30 23:17:20
ac56ba,SWA2557 ,United States,1751325439.0,1751325439,-91.326,36.2563,10668.0,False,240.0,115.52,0.0,,11308.08,1472,False,0,2025-06-30 23:17:20
add9c1,N99171  ,United States,1751325437.0,1751325439,-93.2131,44.6059,518.16,False,56.65,76.34,0.0,,487.68,,False,0,2025-06-30 23:17:20
ac9f3e,N912MT  ,United States,1751325397.0,1751325417,-122.956,45.5422,,True,0.0,16.88,,,,,False,0,2025-06-30 23:17:20
aca6a5,N914ML  ,United States,1751325439.0,1751325439,-76.5205,37.3144,12192.0,False,198.08,216.13,0.33,,12847.32,4076,False,0,2025-06-30 23:17:20
a9d74a,N733MG  ,United States,1751325155.0,1751325155,-121.2002,44.083,1097.28,False,29.84,0.0,-1.63,,1097.28,,False,0,2025-06-30 23:17:20
ab1122,DAL2136 ,United States,1751325439.0,1751325439,-93.4262,36.867,9753.6,False,229.12,281.13,0.0,,10325.1,1661,False,0,2025-06-30 23:17:20
ac4441,N89PA   ,United States,1751325256.0,1751325256,-120.9731,39.2189,1150.62,False,42.33,16.23,-1.95,,1150.62,,False,0,2025-06-30 23:17:20
a7df61,SKW4632 ,United States,1751325439.0,1751325439,-123.586,39.9249,8519.16,False,202.33,145.99,6.18,,8884.92,,False,0,2025-06-30 23:17:20
ad7760,AAL2309 ,United States,1751325439.0,1751325439,-109.2295,37.1466,11277.6,False,239.19,58.63,0.0,,11887.2,6776,False,0,2025-06-30 23:17:20
aaadf8,SWA2976 ,United States,1751325439.0,1751325439,-89.654,31.2369,12496.8,False,228.96,97.75,-0.33,,13182.6,1516,False,0,2025-06-30 23:17:20
aaf10e,N804DK  ,United States,1751325439.0,1751325440,-71.0455,42.2603,1828.8,False,80.3,310.32,0.0,,1889.76,,False,0,2025-06-30 23:17:20
c055d6,JZA7974 ,Canada,1751325440.0,1751325440,-73.7771,45.5745,1760.22,False,142.78,42.08,-9.75,,1813.56,7055,False,0,2025-06-30 23:17:20
a613f3,N491BL  ,United States,1751325438.0,1751325440,-85.6117,38.496,1043.94,False,49.73,65.56,-11.7,,1043.94,,False,0,2025-06-30 23:17:20
39cf07,AFR174  ,France,1751325439.0,1751325440,-87.734,31.4268,11582.4,False,256.42,217.58,0.0,,12268.2,5424,False,0,2025-06-30 23:17:20
39cf02,AFR52K  ,France,1751325439.0,1751325439,-77.4585,39.0269,419.1,False,63.28,180.93,-3.25,,396.24,2544,False,0,2025-06-30 23:17:20
39cf04,AFR069  ,France,1751325439.0,1751325439,-104.5562,37.2984,11887.2,False,260.9,63.28,0.65,,12496.8,3417,True,0,2025-06-30 23:17:20
a6bf7c,N534CA  ,United States,1751325439.0,1751325439,-96.5622,32.4452,1066.8,False,47.67,136.31,0.0,,1120.14,,False,0,2025-06-30 23:17:20
a9d6a5,N733ES  ,United States,1751325430.0,1751325436,-97.6255,33.0496,929.64,False,49.94,251.38,-1.3,,944.88,,False,0,2025-06-30 23:17:20
a600e4,SWA2045 ,United States,1751325419.0,1751325430,-80.9703,35.2592,403.86,False,66.52,176.01,-2.93,,403.86,2135,False,0,2025-06-30 23:17:20
c055f5,JZA7975 ,Canada,1751325440.0,1751325440,-77.3872,44.1587,6705.6,False,148.55,237.3,-0.33,,7025.64,0605,False,0,2025-06-30 23:17:20
c055f7,JZA652  ,Canada,1751325440.0,1751325440,-122.5919,45.9191,3421.38,False,137.38,16.53,7.48,,3581.4,3527,False,0,2025-06-30 23:17:20
3949f0,AFR693T ,France,1751325439.0,1751325439,-77.5555,37.2272,8846.82,False,259.55,34.26,-0.33,,9387.84,3513,False,0,2025-06-30 23:17:20
acdaa5,TIV709  ,United States,1751325428.0,1751325433,-118.3597,34.1996,,True,0.0,0.0,,,,1624,False,0,2025-06-30 23:17:20
aa4c42,UAL2171 ,United States,1751325439.0,1751325439,-104.6577,40.0825,2042.16,False,101.97,182.6,-0.65,,2164.08,7212,False,0,2025-06-30 23:17:20
a7cc2c,NKS2022 ,United States,1751325440.0,1751325440,-80.2464,28.5536,6438.9,False,220.69,66.36,6.18,,6812.28,2603,False,0,2025-06-30 23:17:20
ac578c,SWA737  ,United States,1751325440.0,1751325440,-85.7515,37.4929,11277.6,False,246.74,12.65,0.0,,11932.92,1162,False,0,2025-06-30 23:17:20
a24515,N2451H  ,United States,1751325439.0,1751325439,-91.4206,41.6022,548.64,False,53.03,210.3,0.98,,510.54,,False,0,2025-06-30 23:17:20
a17ecd,DAL140  ,United States,1751325440.0,1751325440,-73.7785,40.6537,,True,6.69,120.94,,,,,False,0,2025-06-30 23:17:20
a01880,,United States,1751325235.0,1751325235,-73.7869,40.655,,True,7.46,300.94,,,,,False,0,2025-06-30 23:17:20
a759eb,DAL684  ,United States,1751325432.0,1751325435,-73.7625,40.6477,,True,0.0,120.94,,,,,False,0,2025-06-30 23:17:20
a2a823,SKW3733 ,United States,1751325439.0,1751325439,-122.9559,48.9401,2316.48,False,132.86,312.96,-5.2,,2415.54,1616,False,0,2025-06-30 23:17:20
a999d2,AAL100  ,United States,1751325440.0,1751325440,-72.0917,43.0687,10668.0,False,264.33,61.14,0.0,,11224.26,3633,False,0,2025-06-30 23:17:20
adb434,N982ST  ,United States,1751325439.0,1751325440,-96.8438,32.8992,327.66,False,59.54,198.12,-0.33,,297.18,,False,0,2025-06-30 23:17:20
a24529,UAL2628 ,United States,1751325439.0,1751325439,-106.3386,40.901,10668.0,False,239.8,58.87,0.33,,11254.74,,False,0,2025-06-30 23:17:20
a24526,UAL1505 ,United States,1751325439.0,1751325440,-102.27,41.6624,9517.38,False,244.19,71.83,5.2,,10020.3,,False,0,2025-06-30 23:17:20
ab249d,AAY2953 ,United States,1751325440.0,1751325440,-80.7775,34.4878,11277.6,False,226.78,8.48,-0.33,,11932.92,1611,False,0,2025-06-30 23:17:20
adb437,SKW5710 ,United States,1751325439.0,1751325439,-95.891,30.5207,5288.28,False,187.93,150.84,-10.08,,5570.22,1242,False,0,2025-06-30 23:17:20
a29eb6,SWA659  ,United States,1751325439.0,1751325439,-99.1274,35.6836,11887.2,False,252.38,77.52,0.0,,12550.14,,False,0,2025-06-30 23:17:20
a3b3e3,N338DS  ,United States,1751325427.0,1751325433,-80.0745,33.3172,891.54,False,55.06,271.07,0.98,,922.02,1200,False,0,2025-06-30 23:17:20
4ca15e,EIN9PM  ,Ireland,1751325440.0,1751325440,-103.9598,40.3605,5097.78,False,190.49,239.49,-4.55,,5433.06,,False,0,2025-06-30 23:17:20
a7a9b4,N593MW  ,United States,1751325439.0,1751325439,-80.1666,34.1854,2727.96,False,91.46,14.66,0.0,,2857.5,3735,False,0,2025-06-30 23:17:20
aca788,SWA4390 ,United States,1751325350.0,1751325350,-115.1476,36.0796,,True,3.34,56.25,,,,5607,False,0,2025-06-30 23:17:20
a05ee5,N123AP  ,United States,1751325410.0,1751325410,-120.8834,37.9486,1424.94,False,45.04,166.12,0.98,,1417.32,,False,0,2025-06-30 23:17:20
ad646e,JBU733  ,United States,1751325439.0,1751325440,-72.1713,43.567,7650.48,False,228.56,319.93,3.25,,8039.1,7002,False,0,2025-06-30 23:17:20
a7a9cd,DAL517  ,United States,1751325440.0,1751325440,-103.0807,39.5221,10972.8,False,233.33,287.32,-0.33,,11536.68,6057,False,0,2025-06-30 23:17:20
ad5151,N9572L  ,United States,1751325439.0,1751325439,-121.6314,47.3956,2849.88,False,55.39,353.6,1.95,,2979.42,1200,False,0,2025-06-30 23:17:20
a3a0ca,UAL1946 ,United States,1751325438.0,1751325438,-87.9072,41.9704,,True,10.8,90.0,,,,,False,0,2025-06-30 23:17:20
a3b529,AAL1137 ,United States,1751325440.0,1751325440,-95.5013,29.9593,9989.82,False,246.57,124.29,4.23,,10607.04,3401,False,0,2025-06-30 23:17:20
a1388c,SKW3451 ,United States,1751325440.0,1751325440,-106.6505,29.3174,10668.0,False,228.93,115.99,0.33,,11300.46,1072,False,0,2025-06-30 23:17:20
a2eed5,OXF3274 ,United States,1751325439.0,1751325440,-111.7236,33.4324,807.72,False,48.87,359.4,-3.25,,723.9,1200,False,0,2025-06-30 23:17:20
aa5fc2,PCM7731 ,United States,1751325440.0,1751325440,-122.1293,40.0571,2933.7,False,71.11,162.74,0.0,,3063.24,,False,0,2025-06-30 23:17:20
ad790f,N9674D  ,United States,1751325439.0,1751325439,-80.6677,28.337,76.2,False,44.25,107.59,1.95,,76.2,,False,0,2025-06-30 23:17:20
ada1de,MAL7054 ,United States,1751325440.0,1751325440,-78.0029,44.3825,7330.44,False,160.68,239.82,-3.58,,7658.1,2352,False,0,2025-06-30 23:17:20
a3fba4,FFT3281 ,United States,1751325439.0,1751325439,-94.9982,30.007,1501.14,False,117.29,270.25,0.0,,1592.58,1772,False,0,2025-06-30 23:17:20
acca88,AAL2355 ,United States,1751325440.0,1751325440,-77.1164,38.571,3070.86,False,159.7,16.27,-2.6,,3215.64,1366,False,0,2025-06-30 23:17:20
a2454f,UAL1233 ,United States,1751325440.0,1751325440,-74.1281,40.7501,342.9,False,72.7,206.02,-4.23,,327.66,0652,False,0,2025-06-30 23:17:20
a23200,SWA2829 ,United States,1751325313.0,1751325313,-121.601,38.7148,99.06,False,66.89,180.88,-3.25,,38.1,7235,False,0,2025-06-30 23:17:20
ab6cb0,UAL1535 ,United States,1751325440.0,1751325440,-97.5774,32.8293,10965.18,False,228.96,320.01,0.33,,11628.12,7313,False,0,2025-06-30 23:17:20
a17ef7,FDX1805 ,United States,1751325440.0,1751325440,-120.2328,38.8375,12504.42,False,228.28,170.01,0.33,,13129.26,3435,False,0,2025-06-30 23:17:20
a3c87d,N343AK  ,United States,1751325440.0,1751325440,-105.646,43.9061,8229.6,False,164.27,84.79,-0.98,,8663.94,,False,0,2025-06-30 23:17:20
a36516,FFT3163 ,United States,1751325440.0,1751325440,-117.4509,34.3504,3398.52,False,153.15,119.15,-7.15,,3558.54,1623,False,0,2025-06-30 23:17:20
a4c207,N4053T  ,United States,1751325255.0,1751325255,-119.1545,34.1993,106.68,False,40.67,177.83,0.65,,121.92,,False,0,2025-06-30 23:17:20
a2452c,UAL1168 ,United States,1751325438.0,1751325438,-104.9965,44.2586,9745.98,False,225.14,253.68,0.0,,10264.14,6231,False,0,2025-06-30 23:17:20
a2452a,UAL1209 ,United States,1751325439.0,1751325439,-100.9015,45.768,10675.62,False,250.09,107.35,0.0,,11109.96,,False,0,2025-06-30 23:17:20
a37842,JBU2230 ,United States,1751325439.0,1751325439,-73.2276,42.742,10309.86,False,241.82,90.85,-6.18,,10866.12,3101,False,0,2025-06-30 23:17:20
ab3982,AAL2662 ,United States,1751325439.0,1751325439,-90.3854,35.3927,11887.2,False,231.37,291.66,0.0,,12580.62,3312,False,0,2025-06-30 23:17:20
a8a3ce,JBU1692 ,United States,1751325327.0,1751325327,-78.0307,27.7647,10668.0,False,236.27,2.0,0.0,,11186.16,,False,0,2025-06-30 23:17:20
abbca1,SWA2861 ,United States,1751325440.0,1751325440,-89.1808,42.5364,10363.2,False,198.59,270.74,-0.33,,10805.16,1560,False,0,2025-06-30 23:17:20
ab7fee,AAL2554 ,United States,1751325440.0,1751325440,-84.7013,37.7883,10965.18,False,227.17,291.8,0.33,,11590.02,2377,False,0,2025-06-30 23:17:20
aaf317,N8040F  ,United States,1751325439.0,1751325439,-83.8591,32.7279,487.68,False,43.68,344.98,-0.98,,525.78,,False,0,2025-06-30 23:17:20
ab0001,N808EH  ,United States,1751325440.0,1751325440,-116.9116,33.0388,883.92,False,53.7,99.37,0.33,,861.06,,False,0,2025-06-30 23:17:20
ac9ff2,AAL1849 ,United States,1751325439.0,1751325439,-113.1877,43.1779,9753.6,False,232.05,281.51,0.33,,10264.14,,False,0,2025-06-30 23:17:20
ac3315,SWA2774 ,United States,1751325440.0,1751325440,-105.0459,39.711,4831.08,False,177.73,286.65,12.03,,5128.26,,False,0,2025-06-30 23:17:20
aca948,ASA818  ,United States,1751325440.0,1751325440,-73.7545,42.7467,11277.6,False,255.68,90.35,0.0,,11871.96,3673,False,0,2025-06-30 23:17:20
a9d6d0,N733GK  ,United States,1751325439.0,1751325440,-73.0202,43.8079,1341.12,False,51.41,166.1,-0.98,,1386.84,,False,0,2025-06-30 23:17:20
a1bbe5,AXEL21  ,United States,1751325357.0,1751325360,-106.9295,41.8874,7924.8,False,229.29,9.95,-13.98,,8374.38,4145,False,0,2025-06-30 23:17:20
abbcc1,SWA3158 ,United States,1751325440.0,1751325440,-70.9949,42.3859,91.44,False,75.99,199.78,-2.93,,83.82,6272,False,0,2025-06-30 23:17:20
ac4660,N890LT  ,United States,1751325440.0,1751325440,-93.1225,45.2141,3992.88,False,153.8,8.08,19.18,,4069.08,4516,False,0,2025-06-30 23:17:20
aae008,N80FG   ,United States,1751325439.0,1751325439,-78.5154,35.6079,502.92,False,47.39,122.14,0.0,,495.3,7163,False,0,2025-06-30 23:17:20
adc93b,N988DV  ,United States,1751325439.0,1751325439,-100.7865,34.1676,10668.0,False,260.91,64.04,-0.33,,11277.6,,False,0,2025-06-30 23:17:20
a9d6ba,N733FN  ,United States,1751325414.0,1751325419,-77.4221,38.2671,243.84,False,51.01,41.73,-2.28,,220.98,,False,0,2025-06-30 23:17:20
a35220,ENY3618 ,United States,1751325439.0,1751325439,-79.1155,46.1748,10363.2,False,195.9,275.58,0.0,,10797.54,1441,False,0,2025-06-30 23:17:20
a36553,JBU2185 ,United States,1751325440.0,1751325440,-78.5418,41.9778,,True,202.83,220.68,0.33,,,3420,False,0,2025-06-30 23:17:20
a42ee9,DAL9951 ,United States,1751325440.0,1751325440,-83.8902,29.4125,11574.78,False,222.97,343.24,-0.33,,12237.72,7275,False,0,2025-06-30 23:17:20
a9d6e0,N733HA  ,United States,1751325439.0,1751325439,-117.4924,33.2922,1089.66,False,52.46,131.82,-0.33,,1066.8,,False,0,2025-06-30 23:17:20
a3c847,UAL2190 ,United States,1751325380.0,1751325380,-122.5822,45.5883,,True,8.75,118.12,,,,,False,0,2025-06-30 23:17:20
ac8ce5,AAL750  ,United States,1751325438.0,1751325438,-115.1583,36.0776,,True,7.46,354.38,,,,6663,False,0,2025-06-30 23:17:20
a47209,N386ES  ,United States,1751325440.0,1751325440,-91.5701,41.5719,518.16,False,51.56,77.91,3.25,,495.3,,False,0,2025-06-30 23:17:20
aca94b,AAL2026 ,United States,1751325440.0,1751325440,-76.3478,36.4241,11277.6,False,232.1,28.89,0.0,,11910.06,6627,False,0,2025-06-30 23:17:20
a9e9fb,N738NM  ,United States,1751325439.0,1751325439,-88.4703,42.6047,1104.9,False,60.65,57.12,-0.33,,1082.04,,False,0,2025-06-30 23:17:20
a3b50f,AAL1622 ,United States,1751325439.0,1751325439,-99.1027,36.8473,10363.2,False,212.67,231.38,0.33,,10965.18,,False,0,2025-06-30 23:17:20
a54eb3,N441DV  ,United States,1751325439.0,1751325440,-92.2596,43.9346,8229.6,False,154.24,123.16,-0.33,,8496.3,,False,0,2025-06-30 23:17:20
aca7f0,N9140S  ,United States,1751325387.0,1751325387,-103.1927,31.7762,1165.86,False,60.19,322.64,-3.58,,1196.34,,False,0,2025-06-30 23:17:20
a60258,N4868E  ,United States,1751325189.0,1751325190,-87.3333,30.6504,762.0,False,45.58,323.26,-0.33,,777.24,1200,False,0,2025-06-30 23:17:20
acca19,,United States,1751325233.0,1751325233,-73.7759,40.6486,,True,5.14,219.38,,,,,False,0,2025-06-30 23:17:20
a8553c,NKS2560 ,United States,1751325439.0,1751325439,-84.4346,33.6426,,True,4.89,177.19,,,,2441,False,0,2025-06-30 23:17:20
a65bf2,LXJ509  ,United States,1751325440.0,1751325440,-103.553,35.4029,13708.38,False,247.84,105.16,-0.33,,14363.7,,False,0,2025-06-30 23:17:20
a89bab,AAL1964 ,United States,1751325184.0,1751325184,-97.0277,32.891,,True,11.32,208.12,,,,2675,False,0,2025-06-30 23:17:20
ac7a33,AAL2432 ,United States,1751325278.0,1751325295,-80.9693,35.2472,350.52,False,67.59,175.63,-2.93,,342.9,3161,False,0,2025-06-30 23:17:20
a61592,UAL1148 ,United States,1751325440.0,1751325440,-94.8842,41.8485,10965.18,False,201.12,260.87,0.33,,11437.62,2461,False,0,2025-06-30 23:17:20
ad77df,N967TQ  ,United States,1751325439.0,1751325439,-68.3665,44.6448,13106.4,False,234.48,246.19,0.0,,13639.8,0773,False,0,2025-06-30 23:17:20
a3a289,N333SE  ,United States,1751325440.0,1751325440,-81.0991,29.247,1638.3,False,87.84,13.55,-1.95,,1714.5,1200,False,0,2025-06-30 23:17:20
abbd73,SWA3204 ,United States,1751325440.0,1751325440,-94.6794,39.9473,11277.6,False,260.41,82.62,0.98,,11833.86,2004,False,0,2025-06-30 23:17:20
a6bef1,N5337T  ,United States,1751325131.0,1751325132,-89.6039,37.3584,1036.32,False,62.86,172.0,-0.98,,1051.56,,False,0,2025-06-30 23:17:20
a7ded2,N606PD  ,United States,1751325138.0,1751325142,-73.4872,40.7435,76.2,False,19.76,308.66,-2.28,,53.34,,False,0,2025-06-30 23:17:20
407f2c,BAW9CG  ,United Kingdom,1751325440.0,1751325440,-100.6449,45.4367,12192.0,False,253.43,214.5,-0.33,,12641.58,,False,0,2025-06-30 23:17:20
a8feb8,SKW5476 ,United States,1751325440.0,1751325440,-102.7903,44.5577,9753.6,False,240.62,195.37,0.0,,10210.8,,False,0,2025-06-30 23:17:20
acca2c,WMU51   ,United States,1751325439.0,1751325439,-85.5671,42.0221,937.26,False,76.48,107.22,0.0,,914.4,,False,0,2025-06-30 23:17:20
abaa43,SWA1773 ,United States,1751325439.0,1751325440,-119.6578,39.3371,9845.04,False,253.13,50.19,5.2,,10309.86,3354,False,0,2025-06-30 23:17:20
ac7a52,AAL2652 ,United States,1751325439.0,1751325439,-96.9119,32.7915,3657.6,False,157.26,317.12,0.0,,3855.72,1000,False,0,2025-06-30 23:17:20
a91ed6,N687SP  ,United States,1751325440.0,1751325440,-86.5899,39.2191,868.68,False,47.69,23.52,2.93,,853.44,,False,0,2025-06-30 23:17:20
a9c506,ASA434  ,United States,1751325439.0,1751325440,-77.4539,39.1954,1211.58,False,107.93,193.51,-2.6,,1242.06,3304,False,0,2025-06-30 23:17:20
ad9a33,N976CT  ,United States,1751325427.0,1751325431,-84.7499,33.2925,426.72,False,40.07,318.12,-4.23,,419.1,1200,False,0,2025-06-30 23:17:20
ac7a5e,AAL403  ,United States,1751325440.0,1751325440,-87.0442,42.9175,7734.3,False,271.91,80.97,7.15,,8046.72,3275,False,0,2025-06-30 23:17:20
a7def8,EJA606  ,United States,1751325439.0,1751325439,-80.4359,32.922,8503.92,False,201.06,37.51,7.8,,9006.84,0752,False,0,2025-06-30 23:17:20
ac7a65,TAI563  ,United States,1751325369.0,1751325369,-110.6101,29.8925,10668.0,False,251.14,122.88,0.0,,11300.46,3672,False,0,2025-06-30 23:17:20
a98868,NKS2406 ,United States,1751325439.0,1751325440,-86.1411,34.0028,7856.22,False,223.15,330.89,1.63,,8351.52,6761,False,0,2025-06-30 23:17:20
aaf1f2,AAL1101 ,United States,1751325440.0,1751325440,-82.7881,28.4291,5433.06,False,211.44,351.04,11.05,,5730.24,3706,False,0,2025-06-30 23:17:20
ab11fb,CRE812  ,United States,1751325439.0,1751325439,-87.6264,30.4713,13106.4,False,221.21,270.27,-0.33,,13799.82,1477,False,0,2025-06-30 23:17:20
aa4ce2,ENY3519 ,United States,1751325328.0,1751325328,-85.528,42.1243,861.06,False,85.19,352.02,-2.93,,876.3,5325,False,0,2025-06-30 23:17:20
a377b3,N322WA  ,United States,1751325439.0,1751325439,-72.4476,42.0436,1950.72,False,74.83,229.74,0.33,,2065.02,1424,False,0,2025-06-30 23:17:20
a1bd27,N2109T  ,United States,1751325440.0,1751325440,-95.7583,41.239,434.34,False,40.67,2.17,-2.93,,457.2,,False,0,2025-06-30 23:17:20
a124b5,DAL90   ,United States,1751325439.0,1751325439,-70.3917,41.1062,10668.0,False,243.6,57.42,0.0,,11193.78,3614,False,0,2025-06-30 23:17:20
abbd8d,SWA1686 ,United States,1751325440.0,1751325440,-83.105,37.2325,11277.6,False,242.31,70.14,0.33,,11948.16,7440,False,0,2025-06-30 23:17:20
ac7a76,N903BM  ,United States,1751325326.0,1751325326,-101.8884,34.3313,1379.22,False,55.8,354.71,-0.65,,1417.32,,False,0,2025-06-30 23:17:20
c05840,ACA843  ,Canada,1751325440.0,1751325440,-77.7372,44.4932,8321.04,False,172.41,239.92,-8.78,,8724.9,2503,False,0,2025-06-30 23:17:20
aa0653,NKS2352 ,United States,1751324977.0,1751325424,-93.1488,32.6663,9456.42,False,244.4,93.86,0.0,,10058.4,2024,False,0,2025-06-30 23:17:20
ae0a40,HEART28 ,United States,1751325389.0,1751325390,-78.8699,40.3416,906.78,False,51.53,104.45,-0.65,,914.4,1200,False,0,2025-06-30 23:17:20
a7486a,ASA14   ,United States,1751325439.0,1751325439,-88.0409,32.4625,10668.0,False,235.56,71.41,0.33,,11308.08,6703,False,0,2025-06-30 23:17:20
a86861,N64056  ,United States,1751325438.0,1751325438,-112.2935,33.5299,396.24,False,21.17,205.94,0.33,,297.18,1200,False,0,2025-06-30 23:17:20
a6abb6,N529PV  ,United States,1751325440.0,1751325440,-83.782,32.8262,3642.36,False,85.91,270.34,0.65,,3832.86,2050,False,0,2025-06-30 23:17:20
a7debf,NKS2119 ,United States,1751325438.0,1751325438,-81.0002,37.6174,11285.22,False,241.58,63.98,0.0,,11955.78,5770,False,0,2025-06-30 23:17:20
c03210,ASP844  ,Canada,1751325439.0,1751325439,-79.3677,43.8175,944.88,False,89.85,265.07,-0.65,,914.4,1356,False,0,2025-06-30 23:17:20
a8551a,N636MA  ,United States,1751325439.0,1751325440,-71.7768,42.6149,5334.0,False,154.25,45.81,0.0,,5570.22,2712,False,0,2025-06-30 23:17:20
acca85,NKS2233 ,United States,1751325439.0,1751325439,-82.1843,27.5446,3154.68,False,182.53,304.9,-4.88,,3345.18,4756,False,0,2025-06-30 23:17:20
a7dec2,JIA5447 ,United States,1751325440.0,1751325440,-79.3634,36.942,7917.18,False,227.51,222.89,0.65,,8366.76,3536,False,0,2025-06-30 23:17:20
a65bbc,DAL415  ,United States,1751325439.0,1751325439,-86.6755,45.4201,10675.62,False,263.89,100.11,-0.33,,11064.24,6633,False,0,2025-06-30 23:17:20
a017f9,N105HC  ,United States,1751325439.0,1751325439,-87.5142,30.6806,1798.32,False,79.16,295.4,0.0,,1889.76,6270,False,0,2025-06-30 23:17:20
c0584f,ACA824  ,Canada,1751325439.0,1751325439,-79.6327,43.6887,,True,5.14,317.81,,,,2213,False,0,2025-06-30 23:17:20
a9b0ed,RPA3310 ,United States,1751325439.0,1751325439,-83.8805,39.6474,10058.4,False,261.09,80.13,0.0,,10652.76,5770,False,0,2025-06-30 23:17:20
a72213,JIA5449 ,United States,1751325440.0,1751325440,-91.5991,35.0467,9448.8,False,253.94,52.57,0.0,,10005.06,6231,False,0,2025-06-30 23:17:20
a747a8,N56849  ,United States,1751325439.0,1751325440,-84.02,39.6838,487.68,False,36.56,140.71,-1.3,,434.34,1200,False,0,2025-06-30 23:17:20
a231ae,TRF40   ,United States,1751325439.0,1751325439,-96.0317,32.7318,1417.32,False,61.75,280.56,0.65,,1478.28,0007,False,0,2025-06-30 23:17:20
a9b273,ASA549  ,United States,1751325440.0,1751325440,-105.1919,40.801,10668.0,False,243.97,114.94,-0.33,,11239.5,1566,False,0,2025-06-30 23:17:20
a507de,N423MG  ,United States,1751325440.0,1751325440,-80.0974,27.5549,4160.52,False,140.26,160.5,-3.9,,4419.6,3356,False,0,2025-06-30 23:17:20
a3b4c8,DAL1923 ,United States,1751325439.0,1751325439,-91.3724,45.2171,8473.44,False,253.78,108.43,3.25,,8702.04,3225,False,0,2025-06-30 23:17:20
a65d11,N509TJ  ,United States,1751325440.0,1751325440,-77.9638,42.4814,937.26,False,68.19,221.02,-0.33,,929.64,5517,False,0,2025-06-30 23:17:20
ada296,AAL1541 ,United States,1751325438.0,1751325438,-115.1348,36.0804,,True,0.0,272.81,,,,,False,0,2025-06-30 23:17:20
a1aa10,UAL45   ,United States,1751325440.0,1751325440,-121.5187,39.0904,11582.4,False,246.11,232.99,0.0,,12161.52,1322,False,0,2025-06-30 23:17:20
a3b4d6,AAL1351 ,United States,1751325439.0,1751325439,-87.8914,31.0267,3649.98,False,181.57,113.37,-8.45,,3855.72,3655,False,0,2025-06-30 23:17:20
ada293,NKS2388 ,United States,1751325439.0,1751325439,-91.3614,35.6803,6271.26,False,215.94,114.49,-11.38,,6652.26,3273,False,0,2025-06-30 23:17:20
ab5a01,SCX407  ,United States,1751325439.0,1751325440,-113.6611,34.9995,10363.2,False,232.4,239.69,0.0,,10942.32,,False,0,2025-06-30 23:17:20
a6ad05,N5292K  ,United States,1751325438.0,1751325439,-88.0735,30.6267,0.0,False,37.55,138.89,1.3,,-15.24,1200,False,0,2025-06-30 23:17:20
a3b4e9,LBQ783  ,United States,1751325439.0,1751325440,-83.1355,32.6934,5791.2,False,132.33,154.93,0.0,,6141.72,2664,False,0,2025-06-30 23:17:20
a257f8,N250EX  ,United States,1751325439.0,1751325439,-82.8794,28.884,8397.24,False,199.56,351.85,6.18,,8892.54,6647,False,0,2025-06-30 23:17:20
ac57d2,SWA1211 ,United States,1751325440.0,1751325440,-77.9806,33.9078,10668.0,False,228.0,1.68,0.0,,11277.6,2377,False,0,2025-06-30 23:17:20
a40a50,N36DT   ,United States,1751325440.0,1751325440,-118.3927,34.3974,2324.1,False,77.97,138.21,-0.33,,2385.06,4730,False,0,2025-06-30 23:17:20
abbd0a,SWA671  ,United States,1751325439.0,1751325440,-91.9584,34.7785,11582.4,False,221.94,221.52,0.0,,12260.58,6502,False,0,2025-06-30 23:17:20
acdd03,N928MP  ,United States,1751325439.0,1751325439,-118.3454,33.6318,1402.08,False,41.18,200.47,0.0,,1409.7,,False,0,2025-06-30 23:17:20
c030bb,ACA762  ,Canada,1751325439.0,1751325440,-81.8708,46.0443,11277.6,False,270.55,86.62,0.0,,11734.8,3337,False,0,2025-06-30 23:17:20
a1aa4e,SWA2254 ,United States,1751325439.0,1751325439,-98.3494,37.3634,11582.4,False,211.31,230.73,0.0,,12207.24,,False,0,2025-06-30 23:17:20
a27a5c,EJA259  ,United States,1751325439.0,1751325439,-112.1043,35.3486,9136.38,False,239.07,265.06,0.33,,9669.78,2313,False,0,2025-06-30 23:17:20
a0191e,AAL378  ,United States,1751325439.0,1751325439,-80.959,35.1932,2735.58,False,131.58,304.81,-0.65,,2872.74,3064,False,0,2025-06-30 23:17:20
a9887c,N713PE  ,United States,1751325227.0,1751325227,-87.5738,30.2954,396.24,False,58.59,226.78,-0.98,,556.26,0155,False,0,2025-06-30 23:17:20
c030eb,ACA344  ,Canada,1751325440.0,1751325440,-89.8483,48.7213,11277.6,False,249.14,102.4,0.0,,11506.2,,False,0,2025-06-30 23:17:20
a497ee,N3951Y  ,United States,1751325439.0,1751325439,-89.0175,44.7003,1036.32,False,73.29,336.85,-0.65,,998.22,4055,False,0,2025-06-30 23:17:20
abbd2d,SWA1999 ,United States,1751325439.0,1751325439,-82.1003,36.4823,10972.8,False,235.76,316.06,0.33,,11628.12,1654,False,0,2025-06-30 23:17:20
ac31a1,AAL3311 ,United States,1751325440.0,1751325440,-93.2601,35.757,11582.4,False,220.9,246.24,0.0,,12260.58,6251,False,0,2025-06-30 23:17:20
acdd18,NKS2098 ,United States,1751325439.0,1751325439,-118.7189,38.7393,10370.82,False,246.9,321.77,0.65,,10896.6,,False,0,2025-06-30 23:17:20
abaa0e,SWA792  ,United States,1751325440.0,1751325440,-98.2386,32.6168,8420.1,False,220.44,261.68,6.5,,8930.64,5154,False,0,2025-06-30 23:17:20
a3b4a4,MVK33   ,United States,1751325387.0,1751325387,-93.2112,44.6219,403.86,False,28.66,291.04,-4.55,,365.76,,False,0,2025-06-30 23:17:20
a5e29a,ASA1297 ,United States,1751325438.0,1751325438,-122.3305,42.1384,10972.8,False,251.81,351.42,0.0,,11475.72,6012,False,0,2025-06-30 23:17:20
c030f7,ACA325  ,Canada,1751325439.0,1751325439,-74.1963,45.5994,3284.22,False,166.71,317.0,4.88,,3383.28,,False,0,2025-06-30 23:17:20
a15a6e,N1868H  ,United States,1751325439.0,1751325439,-122.224,37.7309,114.3,False,38.29,300.7,3.25,,60.96,5363,False,0,2025-06-30 23:17:20
a9d879,N733ZK  ,United States,1751325437.0,1751325437,-121.8488,36.6531,762.0,False,46.09,33.16,3.25,,746.76,,False,0,2025-06-30 23:17:20
a1bd6a,MXY707  ,United States,1751325435.0,1751325437,-88.4134,32.5159,10668.0,False,229.71,119.67,0.0,,11330.94,2015,False,0,2025-06-30 23:17:20
abbd47,SWA3304 ,United States,1751325439.0,1751325439,-115.8926,34.8779,9144.0,False,207.02,226.11,0.0,,9639.3,,False,0,2025-06-30 23:17:20
a17fb5,AAY1490 ,United States,1751325440.0,1751325440,-86.3161,30.5195,556.26,False,103.56,165.62,-5.53,,601.98,1037,False,0,2025-06-30 23:17:20
ae1ba8,        ,United States,1751325440.0,1751325440,-104.6771,39.0313,7315.2,False,159.06,338.16,-0.65,,7741.92,,False,0,2025-06-30 23:17:20
a12611,N173TX  ,United States,1751325440.0,1751325440,-104.5835,31.2627,8526.78,False,133.45,306.69,-0.33,,9029.7,2762,False,0,2025-06-30 23:17:20
ab6bdf,KSU35   ,United States,1751325440.0,1751325440,-97.6454,38.7661,472.44,False,30.88,1.91,-2.6,,480.06,,False,0,2025-06-30 23:17:20
71c516,APZ103  ,Republic of Korea,1751325439.0,1751325439,-124.3689,38.5509,11277.6,False,246.57,128.9,0.0,,11780.52,1404,False,0,2025-06-30 23:17:20
a2ca97,N2792P  ,United States,1751325364.0,1751325364,-118.237,33.8897,121.92,False,24.23,273.65,-4.88,,83.82,,False,0,2025-06-30 23:17:20
a841a7,N631CB  ,United States,1751325439.0,1751325439,-104.8409,36.5795,13106.4,False,211.89,290.02,0.65,,13738.86,6444,False,0,2025-06-30 23:17:20
abbbae,UAL1092 ,United States,1751325438.0,1751325439,-97.6952,41.4852,10355.58,False,217.95,257.74,0.0,,10820.4,1417,False,0,2025-06-30 23:17:20
a64a73,SKW4894 ,United States,1751325439.0,1751325440,-114.8947,34.036,10972.8,False,219.64,281.07,-0.33,,11612.88,1541,False,0,2025-06-30 23:17:20
a3c900,FFT3521 ,United States,1751325439.0,1751325439,-111.8224,36.0079,9753.6,False,209.99,255.96,0.0,,10302.24,7361,False,0,2025-06-30 23:17:20
a471f0,N386DS  ,United States,1751325439.0,1751325439,-83.5826,40.4693,883.92,False,52.52,237.4,-5.53,,853.44,,False,0,2025-06-30 23:17:20
a52a99,AAL1703 ,United States,1751325439.0,1751325439,-86.3796,33.2576,10066.02,False,237.6,59.27,0.0,,10706.1,2043,False,0,2025-06-30 23:17:20
c043cb,WJA1763 ,Canada,1751325439.0,1751325439,-121.7581,46.3968,10972.8,False,243.85,347.08,0.33,,11414.76,0712,False,0,2025-06-30 23:17:20
a721d7,N559LC  ,United States,1751325440.0,1751325440,-76.1957,38.5369,1836.42,False,133.9,223.75,0.0,,1905.0,1135,False,0,2025-06-30 23:17:20
a2ca64,UAL108  ,United States,1751325439.0,1751325439,-76.8121,39.1116,6507.48,False,206.91,88.15,8.45,,6850.38,2404,False,0,2025-06-30 23:17:20
adfba0,N641T   ,United States,1751325439.0,1751325439,-119.1032,36.963,3848.1,False,66.31,331.25,0.33,,4038.6,,False,0,2025-06-30 23:17:20
a841b7,N631CT  ,United States,1751325413.0,1751325418,-117.0015,33.2738,807.72,False,49.52,325.15,-0.33,,792.48,,False,0,2025-06-30 23:17:20
a2efae,SWA793  ,United States,1751325439.0,1751325440,-90.4859,35.1911,11582.4,False,226.66,295.4,0.0,,12252.96,1532,False,0,2025-06-30 23:17:20
a987aa,,United States,1751325417.0,1751325418,-111.9781,40.7882,,True,5.92,90.0,,,,,False,0,2025-06-30 23:17:20
c069d8,WJA1624 ,Canada,1751325440.0,1751325440,-112.5341,41.5074,11887.2,False,241.79,179.88,0.0,,12489.18,,False,0,2025-06-30 23:17:20
ada227,JBU1189 ,United States,1751325439.0,1751325439,-99.655,40.919,10988.04,False,218.39,244.76,-0.33,,11506.2,1357,False,0,2025-06-30 23:17:20
aaf27c,UAL675  ,United States,1751325440.0,1751325440,-87.7516,33.2479,10965.18,False,236.57,249.24,0.0,,11643.36,6704,False,0,2025-06-30 23:17:20
ad526a,N958AL  ,United States,1751325439.0,1751325439,-122.6193,48.7476,541.02,False,69.13,94.27,0.65,,548.64,,False,0,2025-06-30 23:17:20
a721a4,JBU1689 ,United States,1751325439.0,1751325439,-80.9906,30.2395,10134.6,False,248.6,188.45,-4.55,,10728.96,3401,False,0,2025-06-30 23:17:20
ad526c,AAL1619 ,United States,1751325439.0,1751325439,-81.4933,35.9679,4663.44,False,174.49,151.47,-8.13,,4914.9,1106,False,0,2025-06-30 23:17:20
a04cbf,N989CW  ,United States,1751325438.0,1751325438,-85.6425,38.2372,335.28,False,33.32,261.12,-4.55,,304.8,,False,0,2025-06-30 23:17:20
a64a3b,EJA504  ,United States,1751325431.0,1751325431,-113.4771,37.9936,13106.4,False,222.97,196.76,0.0,,13784.58,,False,0,2025-06-30 23:17:20
c056d2,NRL593  ,Canada,1751325213.0,1751325213,-74.0093,45.6792,,True,19.03,225.0,,,,3413,False,0,2025-06-30 23:17:20
a9b292,N724BS  ,United States,1751325439.0,1751325439,-71.3394,42.0744,601.98,False,108.31,34.75,0.0,,624.84,3117,False,0,2025-06-30 23:17:20
a43ea7,UAL1412 ,United States,1751325439.0,1751325439,-76.2393,37.5206,10972.8,False,246.57,214.29,0.0,,11620.5,3353,False,0,2025-06-30 23:17:20
a43ea2,UAL1681 ,United States,1751325439.0,1751325440,-84.5146,32.1974,11277.6,False,243.87,169.42,0.0,,11955.78,6552,False,0,2025-06-30 23:17:20
a01567,AAL2868 ,United States,1751325440.0,1751325440,-99.5858,29.8564,11277.6,False,248.98,38.46,0.0,,11993.88,1236,False,0,2025-06-30 23:17:20
a37517,JBU358  ,United States,1751325438.0,1751325438,-73.7616,40.6473,,True,0.0,120.94,,,,,False,0,2025-06-30 23:17:20
a8a0c1,QXE2414 ,United States,1751325440.0,1751325440,-121.4011,45.1198,7178.04,False,191.3,168.21,-9.1,,7543.8,4711,False,0,2025-06-30 23:17:20
a9d3bf,WWI73   ,United States,1751325439.0,1751325439,-99.1794,32.2405,5059.68,False,168.6,100.73,9.1,,5356.86,,False,0,2025-06-30 23:17:20
a18eed,N2SM    ,United States,1751325440.0,1751325440,-114.2588,36.6102,12496.8,False,233.62,28.26,0.0,,13190.22,7773,False,0,2025-06-30 23:17:20
a18ef7,N2SX    ,United States,1751325439.0,1751325440,-78.5863,40.389,3017.52,False,61.43,206.35,0.0,,3093.72,4510,False,0,2025-06-30 23:17:20
ad61de,SWA105  ,United States,1751325440.0,1751325440,-117.4929,34.0568,731.52,False,72.02,269.59,-3.9,,708.66,4130,False,0,2025-06-30 23:17:20
ab8fa7,KSU44   ,United States,1751325414.0,1751325414,-97.2362,38.8892,449.58,False,32.7,24.15,-3.58,,457.2,,False,0,2025-06-30 23:17:20
ad8901,SKW5990 ,United States,1751325438.0,1751325438,-101.9291,46.1315,10058.4,False,209.66,11.75,0.0,,10492.74,,False,0,2025-06-30 23:17:20
ad8906,N971TA  ,United States,1751325439.0,1751325440,-118.0027,33.6366,693.42,False,44.97,305.69,-0.65,,655.32,,False,0,2025-06-30 23:17:20
aa4a90,SKW5573 ,United States,1751325440.0,1751325440,-87.5548,42.0027,1249.68,False,89.51,270.0,0.0,,1257.3,1661,False,0,2025-06-30 23:17:20
a2b810,UAL2713 ,United States,1751325439.0,1751325439,-77.436,38.9534,,True,18.01,180.0,,,,,False,0,2025-06-30 23:17:20
a850dc,FFT2339 ,United States,1751325439.0,1751325439,-82.5231,28.1372,937.26,False,92.16,182.24,-5.53,,1013.46,1132,False,0,2025-06-30 23:17:20
a5050e,SWA3826 ,United States,1751325438.0,1751325439,-85.6626,42.8113,2049.78,False,154.56,162.17,21.78,,2057.4,,False,0,2025-06-30 23:17:20
a480ef,N39FB   ,United States,1751325434.0,1751325436,-94.8914,38.7979,441.96,False,59.16,359.5,-3.9,,434.34,,False,0,2025-06-30 23:17:20
a9e6df,AAL1891 ,United States,1751325439.0,1751325439,-78.3793,35.7854,2263.14,False,146.55,321.84,-14.31,,2369.82,6622,False,0,2025-06-30 23:17:20
a996e1,DAL1897 ,United States,1751325439.0,1751325439,-84.4413,37.8857,1973.58,False,149.62,355.66,-7.48,,2049.78,3330,False,0,2025-06-30 23:17:20
a24235,N2447N  ,United States,1751325438.0,1751325438,-122.4545,47.8134,739.14,False,93.79,148.23,-1.3,,762.0,,False,0,2025-06-30 23:17:20
a8c6e8,PDT5747 ,United States,1751325111.0,1751325127,-80.9692,35.2466,358.14,False,69.09,176.16,-2.93,,342.9,,False,0,2025-06-30 23:17:20
a80f87,N6185K  ,United States,1751325142.0,1751325146,-122.5815,48.2865,1127.76,False,43.55,345.64,-1.63,,1188.72,,False,0,2025-06-30 23:17:20
a36212,AAY2879 ,United States,1751325440.0,1751325440,-90.6582,38.3594,10668.0,False,235.82,153.71,0.0,,11292.84,3614,False,0,2025-06-30 23:17:20
a17bfe,AAY1411 ,United States,1751325439.0,1751325440,-94.9737,32.8535,10972.8,False,228.04,254.43,0.0,,11658.6,7114,False,0,2025-06-30 23:17:20
ab3639,SCX634  ,United States,1751325439.0,1751325440,-86.7585,36.0755,1104.9,False,115.29,303.9,10.73,,1127.76,,False,0,2025-06-30 23:17:20
a36218,ASI6248 ,United States,1751325439.0,1751325439,-111.8991,33.0042,609.6,False,50.73,263.6,-5.2,,518.16,1200,False,0,2025-06-30 23:17:20
a43ec9,,United States,1751325400.0,1751325400,-100.9205,40.742,10363.2,False,225.93,257.64,0.33,,10888.98,,False,0,2025-06-30 23:17:20
a12234,N172SJ  ,United States,1751325439.0,1751325439,-74.3817,42.629,1737.36,False,62.64,107.69,-0.33,,1729.74,,False,0,2025-06-30 23:17:20
ab2316,N8168   ,United States,1751325438.0,1751325438,-121.9217,37.3536,,True,8.23,140.62,,,,,False,0,2025-06-30 23:17:20
a43ec3,UAL2215 ,United States,1751325439.0,1751325439,-81.9405,28.4257,4838.7,False,206.45,276.15,0.0,,5120.64,0223,False,0,2025-06-30 23:17:20
a2685b,SWA2702 ,United States,1751325439.0,1751325440,-90.6968,34.5857,11277.6,False,236.74,120.13,0.0,,11932.92,3256,False,0,2025-06-30 23:17:20
ad8935,AAL1402 ,United States,1751325439.0,1751325440,-83.1684,29.0591,7780.02,False,214.21,337.25,4.55,,8229.6,5775,False,0,2025-06-30 23:17:20
ab3655,UAL590  ,United States,1751325273.0,1751325319,-87.9309,41.9772,,True,0.0,270.0,,,,,False,0,2025-06-30 23:17:20
ab8fee,AAL1548 ,United States,1751325440.0,1751325440,-100.6451,44.6048,11277.6,False,252.2,99.15,0.0,,11727.18,,False,0,2025-06-30 23:17:20
abcca0,N86BJ   ,United States,1751325414.0,1751325414,-97.7514,32.9525,1249.68,False,62.64,19.18,-0.33,,1264.92,,False,0,2025-06-30 23:17:20
ad1fc8,AAL1827 ,United States,1751325439.0,1751325439,-80.6377,35.7039,2834.64,False,147.94,242.9,-8.13,,2994.66,2354,False,0,2025-06-30 23:17:20
a12241,N172SX  ,United States,1751325439.0,1751325439,-117.1953,33.0713,1440.18,False,51.17,167.22,-0.33,,1440.18,,False,0,2025-06-30 23:17:20
a66bc3,N5124B  ,United States,1751325439.0,1751325439,-122.9207,46.0447,2004.06,False,53.28,349.99,0.98,,2049.78,,False,0,2025-06-30 23:17:20
a74541,GJS3377 ,United States,1751325125.0,1751325125,-84.6467,39.0632,350.52,False,63.79,180.0,-4.23,,304.8,2175,False,0,2025-06-30 23:17:20
a98515,SKW3922 ,United States,1751325439.0,1751325439,-85.4417,31.4547,1790.7,False,138.02,16.68,13.33,,1882.14,,False,0,2025-06-30 23:17:20
a8c840,QXE2482 ,United States,1751325440.0,1751325440,-122.3759,47.2236,1203.96,False,110.62,91.07,1.3,,1249.68,7014,False,0,2025-06-30 23:17:20
a6cec4,GJS4539 ,United States,1751325437.0,1751325438,-77.4549,38.9381,,True,0.0,267.19,,,,,False,0,2025-06-30 23:17:20
a5f208,SWA2467 ,United States,1751325440.0,1751325440,-103.0139,39.3686,7665.72,False,219.11,110.48,9.43,,8100.06,,False,0,2025-06-30 23:17:20
a63897,N50LF   ,United States,1751325377.0,1751325377,-101.8277,33.6622,975.36,False,66.38,88.67,-3.58,,1036.32,3227,False,0,2025-06-30 23:17:20
a8c83b,EJA665  ,United States,1751325439.0,1751325439,-117.0073,32.6894,998.22,False,90.8,281.44,-4.55,,975.36,,False,0,2025-06-30 23:17:20
a2ebe7,N288CB  ,United States,1751325439.0,1751325439,-120.3195,34.8227,1722.12,False,42.95,133.06,2.6,,1752.6,,False,0,2025-06-30 23:17:20
a4954e,N3949X  ,United States,1751325397.0,1751325397,-116.7557,44.162,3048.0,False,62.64,326.05,0.0,,3200.4,,False,0,2025-06-30 23:17:20
ac8a11,N907KC  ,United States,1751325439.0,1751325439,-95.051,38.7978,1051.56,False,56.41,204.23,-0.33,,1082.04,,False,0,2025-06-30 23:17:20
a86540,PDT5832 ,United States,1751325439.0,1751325440,-75.2552,40.2117,1828.8,False,131.81,148.73,0.0,,1905.0,4275,False,0,2025-06-30 23:17:20
ab34f3,DAL2035 ,United States,1751325440.0,1751325440,-84.5552,33.5933,1485.9,False,139.42,243.25,16.26,,1531.62,2564,False,0,2025-06-30 23:17:20
a8785b,FFT1728 ,United States,1751325435.0,1751325435,-115.136,36.0823,,True,0.0,309.38,,,,,False,0,2025-06-30 23:17:20
a43eec,UAL2073 ,United States,1751325439.0,1751325439,-77.4398,38.944,,True,6.69,180.0,,,,,False,0,2025-06-30 23:17:20
a43eea,UAL562  ,United States,1751325439.0,1751325439,-100.0851,45.5475,11277.6,False,249.14,95.57,0.0,,11696.7,,False,0,2025-06-30 23:17:20
a92ea0,EDV5062 ,United States,1751325438.0,1751325438,-88.1011,31.0203,1722.12,False,142.01,229.85,-9.1,,1836.42,7512,False,0,2025-06-30 23:17:20
ab34ea,DAL509  ,United States,1751325440.0,1751325440,-90.2741,42.4155,10363.2,False,192.58,267.55,0.0,,10805.16,4167,False,0,2025-06-30 23:17:20
a43eed,UAL1729 ,United States,1751325440.0,1751325440,-104.3209,39.635,3870.96,False,168.48,308.3,-0.65,,4107.18,2271,False,0,2025-06-30 23:17:20
a7a84a,N5928E  ,United States,1751325439.0,1751325439,-73.1069,40.8166,304.8,False,45.99,53.64,-0.65,,289.56,,False,0,2025-06-30 23:17:20
a2ebbd,ASA485  ,United States,1751325440.0,1751325440,-82.4156,33.7112,9243.06,False,240.22,295.63,4.88,,9799.32,0737,False,0,2025-06-30 23:17:20
aced21,,United States,1751325413.0,1751325429,-119.622,44.3201,10972.8,False,224.61,323.29,0.0,,11483.34,,False,0,2025-06-30 23:17:20
ac9d5e,N9114Z  ,United States,1751325323.0,1751325406,-96.4519,43.6576,1470.66,False,47.51,70.39,0.98,,1516.38,,False,0,2025-06-30 23:17:20
a30bce,ASA783  ,United States,1751325440.0,1751325440,-88.7821,35.1211,10363.2,False,234.07,270.25,0.33,,11003.28,2253,False,0,2025-06-30 23:17:20
aced24,AAL1048 ,United States,1751325439.0,1751325439,-81.7799,35.2038,10058.4,False,240.83,54.48,0.0,,10683.24,6247,False,0,2025-06-30 23:17:20
a3621e,AAL2485 ,United States,1751325440.0,1751325440,-99.2861,32.1151,10873.74,False,249.6,78.83,-4.88,,11536.68,1563,False,0,2025-06-30 23:17:20
ac67fc,AAL2225 ,United States,1751325439.0,1751325439,-80.8267,35.6143,1920.24,False,126.78,244.27,-6.18,,2019.3,5647,False,0,2025-06-30 23:17:20
a73220,ASA1225 ,United States,1751325439.0,1751325439,-121.7403,44.7727,11582.4,False,230.58,317.98,0.33,,12062.46,1767,False,0,2025-06-30 23:17:20
abba43,DAL3059 ,United States,1751325162.0,1751325162,-87.1602,30.4779,91.44,False,76.58,258.77,-4.23,,106.68,0664,False,0,2025-06-30 23:17:20
a74505,DAL214  ,United States,1751325431.0,1751325435,-84.4261,33.6412,,True,0.0,90.0,,,,4461,False,0,2025-06-30 23:17:20
aa6fca,SWA2807 ,United States,1751325438.0,1751325440,-118.4597,33.8912,7033.26,False,234.07,359.87,10.73,,7368.54,,False,0,2025-06-30 23:17:20
a55ed5,SKW5237 ,United States,1751325439.0,1751325439,-106.7212,40.5297,8473.44,False,228.11,106.11,-4.55,,8945.88,,False,0,2025-06-30 23:17:20
a3c549,FFT1113 ,United States,1751325439.0,1751325439,-97.5025,36.8073,11582.4,False,229.57,294.21,0.0,,12230.1,3346,False,0,2025-06-30 23:17:20
aaad8f,SWA4382 ,United States,1751325439.0,1751325439,-121.91,37.45,1546.86,False,117.72,124.32,-0.33,,1577.34,1706,False,0,2025-06-30 23:17:20
a54bab,SWA844  ,United States,1751325439.0,1751325439,-76.7033,39.1756,129.54,False,77.41,94.57,-4.23,,91.44,4132,False,0,2025-06-30 23:17:20
a3c54f,LXJ342  ,United States,1751325440.0,1751325440,-76.0679,43.3809,11887.2,False,259.06,99.95,0.0,,12489.18,7317,False,0,2025-06-30 23:17:20
a4e538,RPA4742 ,United States,1751325439.0,1751325440,-80.0712,38.6076,6400.8,False,210.0,358.18,-0.33,,6743.7,6514,False,0,2025-06-30 23:17:20
a3d890,DAL2027 ,United States,1751325439.0,1751325439,-99.6735,43.8925,10675.62,False,245.93,75.59,0.0,,11102.34,,False,0,2025-06-30 23:17:20
acda2c,SWA3498 ,United States,1751325440.0,1751325440,-97.3973,30.2976,1798.32,False,126.09,300.12,0.33,,1897.38,3540,False,0,2025-06-30 23:17:20
a36279,SKW3945 ,United States,1751325440.0,1751325440,-95.613,32.7734,10668.0,False,235.14,59.79,0.0,,11300.46,3515,False,0,2025-06-30 23:17:20
a9c0be,N7276G  ,United States,1751325438.0,1751325439,-108.6516,45.7536,1920.24,False,61.39,283.57,-0.65,,2011.68,,False,0,2025-06-30 23:17:20
a517a1,SWA3711 ,United States,1751325439.0,1751325440,-84.3724,33.3173,12192.0,False,234.61,350.66,-0.33,,12877.8,2513,False,0,2025-06-30 23:17:20
a16a20,AMF1545 ,United States,1751325439.0,1751325439,-70.2493,44.2628,3063.24,False,99.02,213.77,0.0,,3185.16,,False,0,2025-06-30 23:17:20
a014db,N104PF  ,United States,1751325440.0,1751325440,-88.0754,41.5932,518.16,False,46.3,90.64,-4.23,,487.68,1200,False,0,2025-06-30 23:17:20
a30d18,EDV5266 ,United States,1751325439.0,1751325439,-83.8164,34.1133,3642.36,False,154.4,220.27,0.33,,3832.86,0505,False,0,2025-06-30 23:17:20
adb268,N98184  ,United States,1751325420.0,1751325432,-90.0773,38.9317,556.26,False,51.53,148.06,-2.28,,525.78,,False,0,2025-06-30 23:17:20
a027f9,N109UV  ,United States,1751325440.0,1751325440,-111.726,40.1785,1661.16,False,54.32,241.74,0.0,,1706.88,,False,0,2025-06-30 23:17:20
a30d04,AAY457  ,United States,1751325389.0,1751325389,-111.6691,33.3127,,True,11.32,135.0,,,,,False,0,2025-06-30 23:17:20
a16a02,AAL3083 ,United States,1751325439.0,1751325439,-85.7159,32.2446,10050.78,False,237.53,110.67,0.33,,10675.62,3612,False,0,2025-06-30 23:17:20
a8c88f,UAL14   ,United States,1751325338.0,1751325347,-74.1764,40.6986,,True,0.13,39.38,,,,,False,0,2025-06-30 23:17:20
06a1ce,QQE761  ,Qatar,1751325439.0,1751325439,-106.2818,31.8074,13716.0,False,257.98,112.88,0.0,,14432.28,6765,False,0,2025-06-30 23:17:20
a8fbe8,N67807  ,United States,1751325437.0,1751325440,-121.8728,38.5612,388.62,False,46.4,3.81,0.65,,304.8,1200,False,0,2025-06-30 23:17:20
ac429b,SWA3265 ,United States,1751325439.0,1751325439,-114.4968,36.1953,6332.22,False,197.55,90.45,9.1,,6690.36,,False,0,2025-06-30 23:17:20
a0ad1b,UAL8198 ,United States,1751325376.0,1751325376,-94.5291,29.7493,5913.12,False,205.69,99.79,9.43,,6225.54,2526,False,0,2025-06-30 23:17:20
a04a33,N118CX  ,United States,1751325439.0,1751325440,-83.5227,26.5125,12268.2,False,183.39,122.4,-7.48,,12900.66,2236,False,0,2025-06-30 23:17:20
a87898,JBU1214 ,United States,1751325440.0,1751325440,-70.6014,42.1608,2225.04,False,125.31,11.13,-4.88,,2331.72,2443,False,0,2025-06-30 23:17:20
a7dbaa,SKW5913 ,United States,1751325265.0,1751325265,-122.3869,37.6212,,True,1.29,216.56,,,,,False,0,2025-06-30 23:17:20
a4d277,N41HA   ,United States,1751325439.0,1751325439,-118.9316,34.3583,6400.8,False,140.21,151.27,0.0,,6697.98,,False,0,2025-06-30 23:17:20
ab34a7,AAL3073 ,United States,1751325440.0,1751325440,-84.7935,38.9771,2324.1,False,127.33,10.95,-6.83,,2407.92,3445,False,0,2025-06-30 23:17:20
adb29c,ASA1269 ,United States,1751325436.0,1751325436,-98.5455,39.4926,10363.2,False,214.95,287.26,0.0,,10896.6,1647,False,0,2025-06-30 23:17:20
a267fa,N254SR  ,United States,1751325439.0,1751325439,-111.9613,33.2354,723.9,False,32.41,0.91,-6.83,,640.08,1200,False,0,2025-06-30 23:17:20
aa0243,N744JW  ,United States,1751325436.0,1751325436,-112.1305,38.9038,13708.38,False,247.65,174.28,0.33,,14378.94,3170,False,0,2025-06-30 23:17:20
a2b7cd,UAL2275 ,United States,1751325440.0,1751325440,-115.1379,43.8656,10058.4,False,244.39,117.86,0.33,,10568.94,6674,False,0,2025-06-30 23:17:20
a98539,DAL392  ,United States,1751325439.0,1751325439,-87.2587,37.2385,11582.4,False,215.41,244.84,0.0,,12252.96,4465,False,0,2025-06-30 23:17:20
0d04ae,SLI470  ,Mexico,1751325440.0,1751325440,-94.3701,28.8089,8839.2,False,237.46,66.1,0.33,,9395.46,6517,False,0,2025-06-30 23:17:20
aaad1b,N78710  ,United States,1751325408.0,1751325408,-83.8575,35.9673,335.28,False,33.85,253.22,-4.23,,381.0,,False,0,2025-06-30 23:17:20
a121be,N172MR  ,United States,1751325439.0,1751325440,-122.884,46.4384,1981.2,False,56.27,345.71,-0.65,,2034.54,,False,0,2025-06-30 23:17:20
a05d8d,N1220W  ,United States,1751325188.0,1751325190,-120.0684,39.1101,3322.32,False,159.69,2.95,-13.0,,3451.86,7223,False,0,2025-06-30 23:17:20
4cc52e,ICE9V   ,Iceland,1751325440.0,1751325440,-87.2046,42.2233,2156.46,False,149.26,192.74,0.33,,2202.18,0731,False,0,2025-06-30 23:17:20
4cc52f,ICE821  ,Iceland,1751325439.0,1751325439,-77.8109,36.3934,4381.5,False,171.2,229.75,-6.83,,4625.34,2464,False,0,2025-06-30 23:17:20
acb82e,AVA211  ,United States,1751325439.0,1751325439,-77.1677,34.6643,10363.2,False,243.56,193.68,0.0,,10972.8,1614,False,0,2025-06-30 23:17:20
4cc52b,ICE657  ,Iceland,1751325439.0,1751325439,-93.4048,45.2052,3688.08,False,188.7,159.24,-4.88,,3771.9,,False,0,2025-06-30 23:17:20
a4f7fb,CXK214  ,United States,1751325440.0,1751325440,-117.1118,33.3028,1676.4,False,28.37,202.38,1.3,,1699.26,,False,0,2025-06-30 23:17:20
a2da60,AAY1311 ,United States,1751325440.0,1751325440,-78.0325,39.031,3063.24,False,173.1,19.08,0.0,,3223.26,2620,False,0,2025-06-30 23:17:20
ac685d,SKW3612 ,United States,1751325439.0,1751325439,-91.2212,42.2941,7620.0,False,249.45,73.96,-0.65,,7909.56,,False,0,2025-06-30 23:17:20
a744b3,ASA1100 ,United States,1751325440.0,1751325440,-120.2364,38.8527,11887.2,False,215.76,169.98,0.0,,12466.32,1610,False,0,2025-06-30 23:17:20
a3fa60,N35543  ,United States,1751325423.0,1751325439,-97.031,32.2403,1310.64,False,50.46,196.59,-0.33,,1356.36,,False,0,2025-06-30 23:17:20
a4e4f9,N414WJ  ,United States,1751325439.0,1751325439,-120.6597,38.6103,3223.26,False,87.43,210.79,-0.33,,3329.94,,False,0,2025-06-30 23:17:20
a2da59,,United States,1751325132.0,1751325132,-97.0376,32.9091,,True,8.23,90.0,,,,,False,0,2025-06-30 23:17:20
4cc548,ICE37B  ,Iceland,1751325243.0,1751325254,-79.6368,43.6793,205.74,True,0.64,56.25,,,,2426,False,0,2025-06-30 23:17:20
4cc549,ICE43E  ,Iceland,1751325440.0,1751325440,-76.1899,38.7485,2857.5,False,143.39,265.89,-3.58,,2994.66,2550,False,0,2025-06-30 23:17:20
a494e9,UAL1379 ,United States,1751325439.0,1751325440,-77.5392,38.9756,685.8,False,117.51,315.89,7.8,,678.18,,False,0,2025-06-30 23:17:20
ac5544,N894MA  ,United States,1751325438.0,1751325440,-81.6017,28.7092,274.32,False,53.88,132.68,2.28,,289.56,1200,False,0,2025-06-30 23:17:20
ab355c,JBU2876 ,United States,1751325439.0,1751325439,-75.294,38.2113,11590.02,False,242.61,216.72,-0.33,,12252.96,6300,False,0,2025-06-30 23:17:20
a78d73,DAL472  ,United States,1751325439.0,1751325440,-106.062,41.4642,10972.8,False,225.01,296.04,0.0,,11559.54,3557,False,0,2025-06-30 23:17:20
acb83b,N919BH  ,United States,1751325440.0,1751325440,-98.1356,29.9156,1005.84,False,93.53,140.36,-2.28,,1043.94,7402,False,0,2025-06-30 23:17:20
a2ed5a,SKW4031 ,United States,1751325440.0,1751325440,-119.6689,38.2155,10668.0,False,223.76,167.11,-0.33,,11193.78,0657,False,0,2025-06-30 23:17:20
c053b4,ASP655  ,Canada,1751325439.0,1751325439,-83.6224,33.4821,13716.0,False,196.58,1.5,0.0,,14371.32,7437,False,0,2025-06-30 23:17:20
a494c5,UAL2466 ,United States,1751325439.0,1751325440,-85.1385,43.9357,8534.4,False,217.01,193.01,0.0,,8884.92,7023,False,0,2025-06-30 23:17:20
a30d6b,SKW4130 ,United States,1751325439.0,1751325439,-95.4964,46.3385,10668.0,False,252.19,119.18,0.33,,10980.42,,False,0,2025-06-30 23:17:20
a9d59f,UAL2152 ,United States,1751325440.0,1751325440,-104.5889,40.1358,2232.66,False,104.95,269.72,-4.88,,2369.82,,False,0,2025-06-30 23:17:20
a2b919,ASA415  ,United States,1751325437.0,1751325437,-113.6499,44.0414,10363.2,False,226.64,295.69,-0.33,,10896.6,,False,0,2025-06-30 23:17:20
a3890e,N327HP  ,United States,1751325283.0,1751325283,-84.5627,33.3512,243.84,False,44.67,308.45,-2.93,,251.46,1200,False,0,2025-06-30 23:17:20
ac5569,AAL497  ,United States,1751325436.0,1751325436,-81.6639,37.0431,8382.0,False,224.0,169.41,-12.35,,8892.54,1512,False,0,2025-06-30 23:17:20
a54d2d,OXF4263 ,United States,1751325436.0,1751325440,-111.4567,33.1816,1363.98,False,45.27,0.0,0.98,,1356.36,1200,False,0,2025-06-30 23:17:20
a9c27a,NKS2792 ,United States,1751325439.0,1751325439,-83.3317,42.2732,541.02,False,69.3,208.85,-3.25,,487.68,1675,False,0,2025-06-30 23:17:20
a0030d,JTL10   ,United States,1751325440.0,1751325440,-79.7889,28.4156,11887.2,False,222.57,298.28,0.98,,12496.8,3341,False,0,2025-06-30 23:17:20
4cc57b,ICE31T  ,Iceland,1751325440.0,1751325440,-83.4468,42.6977,2324.1,False,149.06,150.43,-4.88,,2369.82,0712,False,0,2025-06-30 23:17:20
a4f7cb,RPA9931 ,United States,1751325410.0,1751325410,-71.0191,42.3557,,True,0.0,120.94,,,,,False,0,2025-06-30 23:17:20
4cc57a,ICE825  ,Iceland,1751325439.0,1751325439,-79.5187,40.8239,11582.4,False,222.7,257.73,0.33,,12230.1,3637,False,0,2025-06-30 23:17:20
ad0bd1,N94LH   ,United States,1751325439.0,1751325440,-92.9827,35.3435,12192.0,False,213.62,215.99,0.0,,12854.94,1717,False,0,2025-06-30 23:17:20
a624ac,SWA147  ,United States,1751325439.0,1751325439,-107.8412,35.4918,6812.28,False,207.25,75.48,-8.45,,7223.76,,False,0,2025-06-30 23:17:20
a4e4aa,N414TE  ,United States,1751325439.0,1751325440,-89.5776,36.0032,12496.8,False,230.9,58.58,0.0,,13197.84,3411,False,0,2025-06-30 23:17:20
4cc573,ICE1A   ,Iceland,1751325439.0,1751325439,-77.5881,37.7179,6103.62,False,201.76,358.25,-10.4,,6461.76,2425,False,0,2025-06-30 23:17:20
4cc570,ICE680  ,Iceland,1751325438.0,1751325440,-122.3094,47.7329,2446.02,False,148.16,0.0,10.08,,2545.08,1624,False,0,2025-06-30 23:17:20
7807bb,CSG2585 ,China,1751325440.0,1751325440,-108.3932,33.9283,10058.4,False,246.29,171.11,-0.65,,10652.76,5747,False,0,2025-06-30 23:17:20
acb892,SKW5431 ,United States,1751325295.0,1751325295,-100.8968,40.7458,9144.0,False,208.19,257.44,-0.33,,9616.44,,False,0,2025-06-30 23:17:20
4cc569,FPY410  ,Iceland,1751325440.0,1751325440,-75.7961,39.3444,5516.88,False,210.09,47.48,7.48,,5798.82,5640,False,0,2025-06-30 23:17:20
a0acbb,UAL2028 ,United States,1751325439.0,1751325439,-99.7486,37.4967,10363.2,False,201.55,257.17,0.0,,10942.32,6005,False,0,2025-06-30 23:17:20
a29cbf,ASA297  ,United States,1751325440.0,1751325440,-92.9879,43.1033,10363.2,False,201.77,268.1,0.33,,10721.34,4563,True,0,2025-06-30 23:17:20
c03069,ACA1066 ,Canada,1751325439.0,1751325439,-108.5518,37.3431,11277.6,False,232.98,140.02,0.0,,11887.2,2664,False,0,2025-06-30 23:17:20
c03064,ACA740  ,Canada,1751325440.0,1751325440,-91.2041,42.8936,11277.6,False,272.72,82.85,0.33,,11719.56,3327,False,0,2025-06-30 23:17:20
a6aa6e,ASA929  ,United States,1751325440.0,1751325440,-122.6707,44.9778,3368.04,False,164.02,4.14,-6.83,,3543.3,3637,False,0,2025-06-30 23:17:20
a51958,AAL3308 ,United States,1751325438.0,1751325440,-93.388,32.979,10058.4,False,249.43,82.77,0.0,,10675.62,2210,False,0,2025-06-30 23:17:20
ac5700,SWA4034 ,United States,1751325440.0,1751325440,-91.1241,38.9579,10965.18,False,222.37,271.99,0.0,,11559.54,1042,False,0,2025-06-30 23:17:20
a24304,EPI245  ,United States,1751325247.0,1751325247,-81.3471,29.7871,861.06,False,65.46,356.4,0.0,,914.4,1200,False,0,2025-06-30 23:17:20
406a34,BAW216  ,United Kingdom,1751325440.0,1751325440,-70.0035,42.7527,10668.0,False,252.36,51.71,0.0,,11216.64,0413,False,0,2025-06-30 23:17:20
c0307c,ACA566  ,Canada,1751325439.0,1751325440,-122.8952,40.2592,11887.2,False,217.17,181.49,0.0,,12443.46,2673,False,0,2025-06-30 23:17:20
a0acb6,UAL2627 ,United States,1751325439.0,1751325439,-98.3284,45.1749,10668.0,False,243.22,109.01,0.0,,11041.38,,False,0,2025-06-30 23:17:20
a13650,UAL636  ,United States,1751325351.0,1751325351,-98.5444,29.5886,601.98,False,69.98,131.42,-3.58,,731.52,1716,True,0,2025-06-30 23:17:20
a13651,UAL2081 ,United States,1751325440.0,1751325440,-82.5688,35.3622,10492.74,False,242.59,219.67,-4.88,,11140.44,1242,False,0,2025-06-30 23:17:20
a2b98d,N275FA  ,United States,1751325439.0,1751325439,-75.7038,40.5055,716.28,False,63.33,2.33,-0.33,,693.42,0450,False,0,2025-06-30 23:17:20
a611db,UAL1464 ,United States,1751325439.0,1751325439,-100.3724,38.4973,10972.8,False,222.88,288.02,0.33,,11559.54,1115,False,0,2025-06-30 23:17:20
406a9c,BAW82P  ,United Kingdom,1751325439.0,1751325439,-103.4374,47.4344,13106.4,False,244.16,221.58,0.0,,13548.36,,False,0,2025-06-30 23:17:20
a9d4b5,RPA3585 ,United States,1751325439.0,1751325439,-85.6212,38.4001,8237.22,False,232.53,353.39,-11.38,,8709.66,1015,False,0,2025-06-30 23:17:20
a8fd3c,AAL2871 ,United States,1751325439.0,1751325439,-109.4113,38.0512,10660.38,False,237.23,25.56,0.98,,11269.98,2665,False,0,2025-06-30 23:17:20
a48321,DAL2756 ,United States,1751325439.0,1751325439,-91.7432,45.4485,7673.34,False,240.62,86.81,7.15,,7879.08,5354,False,0,2025-06-30 23:17:20
a3899d,ENY3562 ,United States,1751325439.0,1751325440,-88.1381,39.3688,9144.0,False,214.92,252.3,0.33,,9624.06,1366,False,0,2025-06-30 23:17:20
aaadb2,SWA2628 ,United States,1751325439.0,1751325439,-77.002,39.2204,3817.62,False,181.61,270.65,22.11,,3985.26,3535,False,0,2025-06-30 23:17:20
a78d6b,JIA5652 ,United States,1751325440.0,1751325440,-82.7878,36.301,10668.0,False,239.74,64.04,0.0,,11300.46,3155,False,0,2025-06-30 23:17:20
a48315,DAL1984 ,United States,1751325440.0,1751325440,-79.7616,32.7888,10972.8,False,251.88,278.69,0.0,,11597.64,3516,False,0,2025-06-30 23:17:20
ab7dbe,N84CM   ,United States,1751325439.0,1751325439,-91.6411,35.0085,10972.8,False,158.97,225.39,0.0,,11628.12,5566,False,0,2025-06-30 23:17:20
a3d90a,AAL1793 ,United States,1751325440.0,1751325440,-81.5929,25.524,6195.06,False,181.37,95.37,-5.2,,6553.2,3471,False,0,2025-06-30 23:17:20
a2301d,BOE955  ,United States,1751325439.0,1751325439,-119.2309,47.5919,4549.14,False,100.88,88.25,3.58,,4762.5,,False,0,2025-06-30 23:17:20
a984b1,NKS2456 ,United States,1751325439.0,1751325439,-83.685,37.2906,11269.98,False,230.85,161.28,0.0,,11932.92,6443,False,0,2025-06-30 23:17:20
a997e5,AAL964  ,United States,1751325440.0,1751325440,-76.3295,39.2201,2766.06,False,159.98,55.08,0.0,,2880.36,1317,False,0,2025-06-30 23:17:20
a89a4e,N6530Y  ,United States,1751325440.0,1751325440,-120.9529,38.1208,2011.68,False,90.64,312.93,-2.93,,2049.78,,False,0,2025-06-30 23:17:20
a29ce8,N268CA  ,United States,1751325377.0,1751325379,-87.461,32.5727,4572.0,False,120.16,173.36,0.0,,4815.84,,False,0,2025-06-30 23:17:20
a23000,N240AA  ,United States,1751325440.0,1751325440,-81.6557,28.8866,403.86,False,28.96,250.28,3.25,,426.72,,False,0,2025-06-30 23:17:20
a31fdb,SCM3    ,United States,1751325439.0,1751325439,-90.1006,34.41,7604.76,False,164.64,186.46,13.66,,8046.72,,False,0,2025-06-30 23:17:20
a51928,N4278Z  ,United States,1751325435.0,1751325436,-118.6801,32.9886,213.36,False,42.7,338.07,-0.65,,167.64,,False,0,2025-06-30 23:17:20
a8b4c6,FFT2705 ,United States,1751325440.0,1751325440,-87.9008,39.0278,10363.2,False,218.81,267.71,0.0,,10965.18,2111,False,0,2025-06-30 23:17:20
a0acf8,UAL1032 ,United States,1751325179.0,1751325179,-87.9081,41.9792,,True,4.37,191.25,,,,,False,0,2025-06-30 23:17:20
a0acf9,UAL2100 ,United States,1751325366.0,1751325366,-114.7419,39.4027,10972.8,False,222.2,245.81,0.33,,11559.54,6055,False,0,2025-06-30 23:17:20
a90a1e,N6816F  ,United States,1751325439.0,1751325439,-92.984,44.1542,1280.16,False,40.25,94.4,2.93,,1280.16,,False,0,2025-06-30 23:17:20
a62676,VAR496  ,United States,1751325440.0,1751325440,-112.7302,33.3557,708.66,False,67.41,15.95,-2.93,,632.46,1200,False,0,2025-06-30 23:17:20
a97310,JBU2523 ,United States,1751325439.0,1751325439,-76.6864,37.4696,7955.28,False,244.46,200.19,5.53,,8442.96,6204,False,0,2025-06-30 23:17:20
a73322,N563M   ,United States,1751325440.0,1751325440,-91.355,44.3105,4099.56,False,167.64,351.17,-5.85,,4191.0,,False,0,2025-06-30 23:17:20
a7a956,JBU120  ,United States,1751325440.0,1751325440,-73.4503,40.3431,10888.98,False,236.74,209.13,1.63,,11521.44,2454,False,0,2025-06-30 23:17:20
a8a309,PDT5923 ,United States,1751325440.0,1751325440,-78.729,42.9393,,True,13.89,45.0,,,,,False,0,2025-06-30 23:17:20
a4c02d,GTI8240 ,United States,1751325436.0,1751325436,-73.7785,40.6547,,True,0.0,210.94,,,,,False,0,2025-06-30 23:17:20
ad0e61,AAL2288 ,United States,1751325439.0,1751325439,-88.2705,32.4147,11277.6,False,230.32,93.2,0.33,,11963.4,5122,False,0,2025-06-30 23:17:20
a2a688,N270AM  ,United States,1751325351.0,1751325397,-95.8795,32.6374,571.5,False,44.86,273.95,-0.65,,579.12,,False,0,2025-06-30 23:17:20
a9e914,N738DF  ,United States,1751325250.0,1751325250,-82.3536,34.7759,388.62,False,41.26,305.87,-2.93,,373.38,,False,0,2025-06-30 23:17:20
add8e0,N9911L  ,United States,1751325440.0,1751325440,-122.7493,38.0314,883.92,False,62.47,149.85,1.3,,838.2,1200,False,0,2025-06-30 23:17:20
ac9e77,DAL2246 ,United States,1751325440.0,1751325440,-97.6452,43.214,11582.4,False,210.65,247.76,0.0,,12031.98,7073,False,0,2025-06-30 23:17:20
adc5b8,MTN7463 ,United States,1751325435.0,1751325435,-79.3934,40.0262,1821.18,False,74.08,206.39,0.0,,1874.52,6020,False,0,2025-06-30 23:17:20
a6bcda,N533PC  ,United States,1751325439.0,1751325439,-112.0345,33.7133,1059.18,False,58.41,160.45,-4.55,,1028.7,,False,0,2025-06-30 23:17:20
a7598c,UAL1012 ,United States,1751325439.0,1751325439,-105.7122,36.2504,10972.8,False,220.49,246.49,0.0,,11590.02,7166,False,0,2025-06-30 23:17:20
a2ecf3,AAY3082 ,United States,1751325440.0,1751325440,-87.4937,30.7803,4610.1,False,145.44,85.94,-5.85,,4884.42,2472,False,0,2025-06-30 23:17:20
c0565b,CGGSG   ,Canada,1751325439.0,1751325439,-79.8322,43.7983,579.12,False,67.27,15.52,-0.65,,487.68,5336,False,0,2025-06-30 23:17:20
a98620,N7122G  ,United States,1751325098.0,1751325440,-86.7318,33.5694,480.06,False,37.73,101.0,3.9,,487.68,,False,0,2025-06-30 23:17:20
a6cffc,AAL1617 ,United States,1751325439.0,1751325439,-105.1498,31.017,10058.4,False,236.02,124.52,-0.33,,10660.38,2402,False,0,2025-06-30 23:17:20
a73348,JIA5609 ,United States,1751325440.0,1751325440,-85.847,39.2629,7856.22,False,240.46,76.77,-11.38,,8275.32,7625,False,0,2025-06-30 23:17:20
a4e62a,ASI221  ,United States,1751325439.0,1751325439,-97.7429,30.9618,1097.28,False,42.19,127.57,-0.33,,1112.52,6052,False,0,2025-06-30 23:17:20
a1ce16,SWA1496 ,United States,1751325440.0,1751325440,-95.8736,39.0877,11277.6,False,263.44,81.92,0.33,,11856.72,,False,0,2025-06-30 23:17:20
a5afc8,N4659G  ,United States,1751325195.0,1751325195,-87.8967,42.1036,243.84,False,31.82,337.17,-2.6,,236.22,,False,0,2025-06-30 23:17:20
ac9e91,SKW4747 ,United States,1751325439.0,1751325440,-102.5193,34.1753,9730.74,False,229.89,356.41,1.3,,10294.62,,False,0,2025-06-30 23:17:20
adb2a4,DAL2135 ,United States,1751325439.0,1751325440,-81.8311,35.121,4511.04,False,210.3,242.62,3.25,,4770.12,,False,0,2025-06-30 23:17:20
a47074,N38513  ,United States,1751325275.0,1751325355,-73.2054,41.9496,1524.0,False,60.97,58.46,0.0,,1569.72,,False,0,2025-06-30 23:17:20
a04b24,AAL2834 ,United States,1751325387.0,1751325388,-97.0547,32.9149,190.5,False,73.57,180.4,-2.6,,175.26,6373,False,0,2025-06-30 23:17:20
a29e24,EJA268  ,United States,1751325437.0,1751325437,-77.4549,38.9386,,True,0.06,267.19,,,,,False,0,2025-06-30 23:17:20
ac42df,SWA167  ,United States,1751325440.0,1751325440,-102.0342,31.878,12504.42,False,233.57,123.41,0.0,,13213.08,,False,0,2025-06-30 23:17:20
a67ff0,N518JA  ,United States,1751325439.0,1751325440,-103.109,39.3664,11582.4,False,233.87,294.7,0.0,,12184.38,1112,False,0,2025-06-30 23:17:20
a59007,CAP458  ,United States,1751325437.0,1751325439,-117.3945,33.8506,1089.66,False,50.44,358.25,-2.93,,1074.42,,False,0,2025-06-30 23:17:20
a87942,QXE2160 ,United States,1751325439.0,1751325440,-118.5141,47.2734,10668.0,False,241.77,95.25,0.33,,11109.96,1561,False,0,2025-06-30 23:17:20
a028e5,ABX3123 ,United States,1751325439.0,1751325439,-96.2007,40.4405,11887.2,False,262.24,71.35,0.33,,12428.22,7337,False,0,2025-06-30 23:17:20
aca5ff,SKW5708 ,United States,1751325440.0,1751325440,-103.7426,40.4681,6576.06,False,186.42,222.54,-9.1,,6957.06,,False,0,2025-06-30 23:17:20
a5aff2,AAL2206 ,United States,1751325439.0,1751325439,-95.2762,32.6234,7886.7,False,247.32,94.89,5.53,,8374.38,2372,False,0,2025-06-30 23:17:20
a85397,N63565  ,United States,1751325439.0,1751325439,-80.0223,35.5308,1097.28,False,39.45,140.29,0.33,,1089.66,,False,0,2025-06-30 23:17:20
aa28b9,N75382  ,United States,1751325255.0,1751325316,-77.837,38.5161,396.24,False,45.44,344.23,-3.9,,381.0,1200,False,0,2025-06-30 23:17:20
ad504d,SKW5108 ,United States,1751325440.0,1751325440,-93.5278,40.5973,8534.4,False,207.84,241.79,0.0,,8953.5,6265,False,0,2025-06-30 23:17:20
a638a0,MVP347  ,United States,1751325439.0,1751325439,-81.2352,30.6809,11605.26,False,214.89,163.73,-0.33,,12245.34,6614,False,0,2025-06-30 23:17:20
ada021,N9771   ,United States,1751325439.0,1751325439,-115.0816,35.9997,3543.3,False,74.17,50.35,0.65,,3741.42,,False,0,2025-06-30 23:17:20
a42e13,DAL2520 ,United States,1751325439.0,1751325440,-76.2077,37.2184,10347.96,False,238.72,204.58,0.0,,10965.18,1747,False,0,2025-06-30 23:17:20
aaae08,N7878S  ,United States,1751325280.0,1751325280,-118.2372,33.8897,99.06,False,27.78,271.06,-4.88,,68.58,,False,0,2025-06-30 23:17:20
a4f8d9,N41967  ,United States,1751325440.0,1751325440,-88.4868,43.5633,967.74,False,48.82,172.13,0.0,,937.26,,False,0,2025-06-30 23:17:20
a4e5a9,N4142Q  ,United States,1751325371.0,1751325371,-89.6354,43.3387,571.5,False,42.44,276.26,-4.55,,548.64,,False,0,2025-06-30 23:17:20
a638c4,N50NA   ,United States,1751325439.0,1751325439,-118.364,47.3684,7924.8,False,132.52,232.73,0.0,,8290.56,,False,0,2025-06-30 23:17:20
a53b19,N436TH  ,United States,1751325439.0,1751325439,-122.1544,48.2544,906.78,False,52.0,334.2,0.33,,922.02,1200,False,0,2025-06-30 23:17:20
ab48ba,N826SE  ,United States,1751325439.0,1751325439,-86.7467,36.7457,929.64,False,75.7,31.1,-0.33,,937.26,,False,0,2025-06-30 23:17:20
a2b8b8,UAL989  ,United States,1751325439.0,1751325439,-70.018,41.825,10058.4,False,257.43,50.84,0.0,,10584.18,3576,False,0,2025-06-30 23:17:20
a53b11,N436T   ,United States,1751325439.0,1751325439,-86.4066,38.2714,3657.6,False,76.25,330.49,0.0,,3817.62,5130,False,0,2025-06-30 23:17:20
ab48bf,SKW3756 ,United States,1751325439.0,1751325439,-81.9605,34.1534,10233.66,False,230.99,337.89,7.8,,10866.12,7065,False,0,2025-06-30 23:17:20
a96049,CXK577  ,United States,1751325440.0,1751325440,-74.4083,40.7786,358.14,False,50.94,33.05,-0.65,,327.66,1200,False,0,2025-06-30 23:17:20
adb35c,JBU319  ,United States,1751325440.0,1751325440,-93.8021,42.0789,10363.2,False,201.04,261.02,0.0,,10789.92,6736,False,0,2025-06-30 23:17:20
a96046,IRO7570 ,United States,1751325439.0,1751325439,-88.1321,45.5026,2484.12,False,82.83,179.64,0.0,,2491.74,,False,0,2025-06-30 23:17:20
a388af,DAL1710 ,United States,1751325440.0,1751325440,-90.673,37.9144,10355.58,False,234.48,306.79,-0.33,,10957.56,1541,False,0,2025-06-30 23:17:20
a28b00,JSX346  ,United States,1751325439.0,1751325439,-119.2498,36.5231,9753.6,False,243.06,346.29,-0.65,,10210.8,2436,False,0,2025-06-30 23:17:20
a242e5,AMF7222 ,United States,1751325440.0,1751325440,-98.4409,35.3963,4892.04,False,132.83,249.6,0.0,,5158.74,6611,False,0,2025-06-30 23:17:20
a5e041,EJA478  ,United States,1751325438.0,1751325439,-85.2517,34.2776,9144.0,False,235.38,258.27,-0.33,,9692.64,0470,False,0,2025-06-30 23:17:20
ac68c3,N899WM  ,United States,1751325438.0,1751325439,-85.2786,32.9338,2430.78,False,83.95,19.32,0.0,,2552.7,,False,0,2025-06-30 23:17:20
c041bc,ROU1812 ,Canada,1751325439.0,1751325439,-77.6061,34.8626,9753.6,False,245.99,190.6,0.0,,10340.34,0501,False,0,2025-06-30 23:17:20
ab6b02,AAL1309 ,United States,1751325440.0,1751325440,-109.8161,36.7946,10058.4,False,240.38,24.26,0.33,,10614.66,4105,False,0,2025-06-30 23:17:20
a59062,N458FS  ,United States,1751325439.0,1751325439,-78.7806,26.6414,10363.2,False,259.67,129.05,-0.33,,10911.84,5032,False,0,2025-06-30 23:17:20
a9e976,N738HD  ,United States,1751325439.0,1751325439,-105.1262,40.3054,1920.24,False,52.6,93.93,-6.83,,2019.3,,False,0,2025-06-30 23:17:20
ab48e8,UAL676  ,United States,1751325440.0,1751325440,-112.6561,36.3639,10980.42,False,235.61,242.71,0.33,,11590.02,2542,False,0,2025-06-30 23:17:20
aaae1b,SWA2537 ,United States,1751325439.0,1751325439,-77.2744,38.1327,6004.56,False,204.24,31.09,-5.2,,6347.46,1703,False,0,2025-06-30 23:17:20
a42e4e,LXJ369  ,United States,1751325414.0,1751325414,-82.521,27.968,,True,0.0,205.31,,,,,False,0,2025-06-30 23:17:20
a5f35f,N4827L  ,United States,1751325439.0,1751325440,-94.0981,41.5304,914.4,False,61.33,161.41,2.6,,944.88,,False,0,2025-06-30 23:17:20
a78cfc,JBU491  ,United States,1751325439.0,1751325440,-80.5807,43.0556,8359.14,False,199.26,267.63,4.55,,8770.62,7475,False,0,2025-06-30 23:17:20
a242c3,MXY533  ,United States,1751325440.0,1751325440,-89.6617,31.852,11277.6,False,233.22,73.2,0.0,,11963.4,2070,False,0,2025-06-30 23:17:20
a42e48,FFT3660 ,United States,1751325440.0,1751325440,-105.4713,31.213,10668.0,False,245.88,101.71,-0.33,,11308.08,2634,False,0,2025-06-30 23:17:20
a8535f,N6355J  ,United States,1751325435.0,1751325440,-87.9402,43.6588,1432.56,False,55.47,208.23,0.33,,1424.94,,False,0,2025-06-30 23:17:20
a2db21,SWA3206 ,United States,1751325429.0,1751325429,-87.7513,41.7874,,True,9.77,132.19,,,,7414,False,0,2025-06-30 23:17:20
ab35cb,AAL1978 ,United States,1751325440.0,1751325440,-84.6522,33.5248,11277.6,False,231.21,75.44,0.0,,11948.16,3424,False,0,2025-06-30 23:17:20
a29e5c,SKW181H ,United States,1751325439.0,1751325439,-123.3063,44.4134,2156.46,False,147.82,182.79,-5.53,,2247.9,4736,False,0,2025-06-30 23:17:20
a04b7d,N118SB  ,United States,1751325440.0,1751325440,-107.5746,33.0342,6705.6,False,130.07,305.83,0.0,,7078.98,,False,0,2025-06-30 23:17:20
a9d637,,United States,1751325435.0,1751325435,-76.3298,37.5062,1341.12,False,53.53,317.73,-0.65,,1363.98,,False,0,2025-06-30 23:17:20
a242c7,,United States,1751325439.0,1751325439,-122.175,37.4349,,True,,53.44,,,,,False,0,2025-06-30 23:17:20
abce34,N86TN   ,United States,1751325439.0,1751325439,-93.1349,35.1462,13106.4,False,234.87,98.95,-0.98,,13738.86,1304,False,0,2025-06-30 23:17:20
a242c5,N245CA  ,United States,1751325439.0,1751325439,-117.0889,32.9896,1120.14,False,48.19,16.11,1.63,,1112.52,,False,0,2025-06-30 23:17:20
ad7634,AAL1837 ,United States,1751325439.0,1751325439,-103.4637,30.4568,10668.0,False,241.87,69.71,0.0,,11323.32,1677,False,0,2025-06-30 23:17:20
a7cb14,CCK60   ,United States,1751325440.0,1751325440,-78.9889,37.9886,8770.62,False,226.02,248.22,1.63,,9319.26,2105,False,0,2025-06-30 23:17:20
ad7639,DAL3017 ,United States,1751325305.0,1751325305,-79.8582,36.1588,647.7,False,80.41,226.3,-4.23,,701.04,1370,False,0,2025-06-30 23:17:20
a3fb6f,DAL708  ,United States,1751325440.0,1751325440,-114.8523,36.2144,10058.4,False,248.25,69.5,0.33,,10607.04,7342,False,0,2025-06-30 23:17:20
a732ae,GJS4176 ,United States,1751325439.0,1751325439,-75.1393,38.9369,1844.04,False,131.73,203.96,0.0,,1920.24,2327,False,0,2025-06-30 23:17:20
a865c8,FFT2280 ,United States,1751325439.0,1751325439,-82.0185,38.4244,9745.98,False,245.47,178.56,0.0,,10355.58,1031,False,0,2025-06-30 23:17:20
aaf002,ASH6231 ,United States,1751325439.0,1751325439,-86.1813,34.1073,8534.4,False,238.39,228.67,-0.33,,9037.32,3136,False,0,2025-06-30 23:17:20
ab2344,N8169L  ,United States,1751325128.0,1751325128,-90.9429,30.1873,60.96,False,32.45,182.73,-2.93,,68.58,,False,0,2025-06-30 23:17:20
a8b5ad,QXE2029 ,United States,1751325439.0,1751325439,-121.5368,43.4632,10668.0,False,211.66,164.78,0.65,,11125.2,,False,0,2025-06-30 23:17:20
acb950,NKS19   ,United States,1751325439.0,1751325439,-87.9214,41.884,2278.38,False,152.31,91.16,-7.15,,2339.34,3772,False,0,2025-06-30 23:17:20
a05da4,N1221J  ,United States,1751325439.0,1751325439,-90.8989,31.2693,13098.78,False,241.27,269.88,-0.65,,13822.68,1014,False,0,2025-06-30 23:17:20
a6ab27,JBU2071 ,United States,1751325439.0,1751325439,-79.407,25.9571,5280.66,False,201.1,109.27,10.08,,5577.84,,False,0,2025-06-30 23:17:20
aaf007,ASH6073 ,United States,1751325434.0,1751325434,-77.4549,38.9442,,True,0.0,270.0,,,,,False,0,2025-06-30 23:17:20
ab3681,N821VV  ,United States,1751325439.0,1751325439,-119.0241,35.6082,5074.92,False,142.87,333.71,-0.33,,5303.52,7312,False,0,2025-06-30 23:17:20
a41b66,ABX480  ,United States,1751325439.0,1751325439,-82.1086,41.3008,11277.6,False,262.4,51.29,0.0,,11871.96,6651,False,0,2025-06-30 23:17:20
a66e8e,N513WF  ,United States,1751325439.0,1751325439,-122.4976,47.773,746.76,False,63.16,203.01,0.33,,754.38,,False,0,2025-06-30 23:17:20
aa15cc,AAL2394 ,United States,1751325439.0,1751325439,-80.9637,32.3062,3093.72,False,154.64,46.21,10.4,,3246.12,,False,0,2025-06-30 23:17:20
a852b9,N6350T  ,United States,1751325439.0,1751325439,-120.8308,38.6719,1463.04,False,74.7,253.19,-2.6,,1501.14,1200,False,0,2025-06-30 23:17:20
ac300d,SWA3915 ,United States,1751325439.0,1751325439,-79.3668,35.4427,4838.7,False,194.38,39.63,-9.75,,5120.64,4575,False,0,2025-06-30 23:17:20
a7de53,JBU1143 ,United States,1751325439.0,1751325439,-74.8784,38.6279,10972.8,False,239.51,219.16,0.33,,11635.74,1321,False,0,2025-06-30 23:17:20
a7a8ed,DAL1134 ,United States,1751325438.0,1751325439,-92.2023,46.8029,9768.84,False,221.67,302.1,0.0,,10005.06,7435,False,0,2025-06-30 23:17:20
a65b76,AAL1192 ,United States,1751325439.0,1751325439,-78.7351,29.1056,10050.78,False,230.06,12.26,-0.33,,10530.84,6150,False,0,2025-06-30 23:17:20
a6ab45,N529KG  ,United States,1751325440.0,1751325440,-85.9526,39.7328,4541.52,False,213.57,221.48,-10.4,,4716.78,1306,False,0,2025-06-30 23:17:20
a7cb0b,AAL2660 ,United States,1751325440.0,1751325440,-122.7121,44.566,5303.52,False,199.61,4.14,-9.1,,5593.08,,False,0,2025-06-30 23:17:20
ab1046,N8116J  ,United States,1751325438.0,1751325438,-79.5061,35.7511,899.16,False,55.79,302.96,-0.33,,929.64,,False,0,2025-06-30 23:17:20
a998a0,N7171Y  ,United States,1751325439.0,1751325440,-96.165,32.3798,2034.54,False,98.5,337.59,-2.28,,2110.74,,False,0,2025-06-30 23:17:20
c067a6,CGNGN   ,Canada,1751325335.0,1751325353,-75.4728,45.5385,419.1,False,40.43,255.26,-2.28,,373.38,,False,0,2025-06-30 23:17:20
a638e1,N50PE   ,United States,1751325440.0,1751325440,-77.6924,43.1051,434.34,False,81.22,205.92,10.08,,388.62,,False,0,2025-06-30 23:17:20
a9b06f,DAL437  ,United States,1751325439.0,1751325440,-112.9095,36.8598,10668.0,False,246.27,56.24,0.0,,11231.88,7441,False,0,2025-06-30 23:17:20
a66e3b,SKW6508 ,United States,1751325390.0,1751325394,-117.5757,34.0569,350.52,False,67.91,270.0,-2.93,,297.18,0763,False,0,2025-06-30 23:17:20
a1373d,DAL78   ,United States,1751325439.0,1751325439,-72.0595,41.8769,10027.92,False,249.02,54.08,5.53,,10568.94,2722,False,0,2025-06-30 23:17:20
71c701,APZ112  ,Republic of Korea,1751325439.0,1751325440,-124.5997,39.319,8793.48,False,271.76,295.45,5.85,,9166.86,3234,False,0,2025-06-30 23:17:20
a54e72,N441BE  ,United States,1751325431.0,1751325431,-76.163,40.0811,716.28,False,86.74,297.17,-3.58,,746.76,,False,0,2025-06-30 23:17:20
ac3053,SWA34   ,United States,1751325436.0,1751325436,-96.8518,32.847,,True,0.0,180.0,,,,,False,0,2025-06-30 23:17:20
a54e88,N441CB  ,United States,1751325438.0,1751325439,-93.8792,40.7521,1653.54,False,58.87,95.01,0.33,,1714.5,,False,0,2025-06-30 23:17:20
adc64a,N987MT  ,United States,1751325439.0,1751325439,-118.2064,33.8054,388.62,False,46.92,183.77,0.0,,327.66,,False,0,2025-06-30 23:17:20
a9c380,RPA3304 ,United States,1751325439.0,1751325440,-74.2162,44.2262,6073.14,False,188.03,255.58,7.8,,6355.08,,False,0,2025-06-30 23:17:20
a05dba,UAL1939 ,United States,1751325439.0,1751325439,-115.618,40.6393,11277.6,False,255.88,83.3,0.0,,11856.72,,False,0,2025-06-30 23:17:20
a41b89,DAL2690 ,United States,1751325439.0,1751325439,-76.3279,42.8147,3063.24,False,154.64,185.92,0.0,,3169.92,0333,False,0,2025-06-30 23:17:20
ad4f1c,ERU957  ,United States,1751325440.0,1751325440,-81.018,29.2595,708.66,False,53.7,355.05,2.6,,746.76,0131,False,0,2025-06-30 23:17:20
a57b26,N452SM  ,United States,1751325439.0,1751325439,-104.9186,40.3205,2118.36,False,51.51,320.27,0.98,,2247.9,,False,0,2025-06-30 23:17:20
a2e5ec,SKW4012 ,United States,1751325440.0,1751325440,-107.664,37.0198,10363.2,False,245.88,336.71,0.0,,10911.84,,False,0,2025-06-30 23:17:20
a808bb,N61697  ,United States,1751325440.0,1751325440,-80.687,25.4522,1005.84,False,39.63,91.49,-0.65,,1097.28,,False,0,2025-06-30 23:17:20
ade18c,AAL1248 ,United States,1751325440.0,1751325440,-86.4295,33.0619,8450.58,False,245.08,233.11,3.25,,8968.74,3303,False,0,2025-06-30 23:17:20
a34e7d,N312CM  ,United States,1751325439.0,1751325439,-96.2413,35.9708,1661.16,False,54.65,345.83,-0.33,,1737.36,,False,0,2025-06-30 23:17:20
aa56d4,UAL745  ,United States,1751325385.0,1751325385,-113.7035,44.0919,10972.8,False,224.39,295.1,-0.33,,11513.82,,False,0,2025-06-30 23:17:20
ad4f0b,DAL3115 ,United States,1751325440.0,1751325440,-85.0127,33.196,4739.64,False,196.48,39.9,-11.7,,4991.1,3616,False,0,2025-06-30 23:17:20
ae0195,COUGR80 ,United States,1751325147.0,1751325147,-89.6303,38.4645,922.02,False,97.91,226.92,0.0,,929.64,,False,0,2025-06-30 23:17:20
a295ff,N266HJ  ,United States,1751325439.0,1751325439,-76.2357,39.097,7604.76,False,202.61,40.16,-10.4,,8016.24,2671,False,0,2025-06-30 23:17:20
aaef60,AAL2086 ,United States,1751325439.0,1751325439,-82.0445,36.2066,8252.46,False,233.71,324.32,4.23,,8747.76,5671,True,0,2025-06-30 23:17:20
a7d5a5,N6036Y  ,United States,1751325438.0,1751325439,-121.4725,38.5123,266.7,False,50.51,33.37,-1.95,,205.74,4513,False,0,2025-06-30 23:17:20
a10e8b,UAL2494 ,United States,1751325440.0,1751325440,-104.2053,43.3114,11277.6,False,252.27,92.22,0.0,,11826.24,,False,0,2025-06-30 23:17:20
ad3c16,AAL2108 ,United States,1751325439.0,1751325440,-104.682,31.1427,11582.4,False,230.08,283.97,0.33,,12268.2,0757,False,0,2025-06-30 23:17:20
ab63c2,CMD13   ,United States,1751325435.0,1751325438,-120.4653,37.5211,815.34,False,60.98,9.22,0.0,,792.48,,False,0,2025-06-30 23:17:20
a8e38c,N672EB  ,United States,1751325440.0,1751325440,-72.3349,43.7239,762.0,False,35.94,166.76,-2.28,,754.38,,False,0,2025-06-30 23:17:20
a21b44,MXY760  ,United States,1751325440.0,1751325440,-76.9319,40.5092,3726.18,False,183.86,42.62,-16.26,,3916.68,7026,False,0,2025-06-30 23:17:20
aaa6dd,AAL192  ,United States,1751325438.0,1751325438,-92.9393,33.4324,10058.4,False,265.67,56.37,0.0,,10668.0,0574,False,0,2025-06-30 23:17:20
aa56b5,UAL202  ,United States,1751325417.0,1751325439,-81.3196,37.7644,11277.6,False,226.0,84.12,0.0,,11940.54,3265,False,0,2025-06-30 23:17:20
a22e91,N24KK   ,United States,1751325292.0,1751325334,-87.3425,36.0992,807.72,False,43.68,302.01,-2.28,,800.1,,False,0,2025-06-30 23:17:20
a808d7,ATN3349 ,United States,1751325440.0,1751325440,-83.927,38.6229,4511.04,False,181.58,282.93,-7.8,,4701.54,1671,False,0,2025-06-30 23:17:20
a57b4d,UAL474  ,United States,1751325439.0,1751325440,-95.3228,33.8125,10652.76,False,247.0,44.75,0.33,,11338.56,3226,False,0,2025-06-30 23:17:20
a1fb33,MXY197  ,United States,1751325440.0,1751325440,-72.8068,41.3538,807.72,False,109.54,319.95,-5.85,,838.2,6531,False,0,2025-06-30 23:17:20
a1d8fd,UAL70   ,United States,1751325440.0,1751325440,-73.0654,41.4139,7277.1,False,234.52,59.55,8.45,,7673.34,1163,False,0,2025-06-30 23:17:20
aa56b4,UAL2005 ,United States,1751325439.0,1751325439,-79.8272,46.2215,10972.8,False,188.54,275.17,0.0,,11422.38,1545,False,0,2025-06-30 23:17:20
aa56b3,UAL335  ,United States,1751325412.0,1751325412,-93.2825,30.9601,9669.78,False,225.17,252.31,-13.33,,10325.1,2154,False,0,2025-06-30 23:17:20
acf9cf,SCA35   ,United States,1751325284.0,1751325294,-111.6424,32.8333,838.2,False,53.38,152.45,0.65,,784.86,1200,False,0,2025-06-30 23:17:20
a33b1e,AAL2664 ,United States,1751325437.0,1751325438,-93.2894,32.7274,10363.2,False,232.23,253.13,0.0,,10988.04,2165,False,0,2025-06-30 23:17:20
a46e35,DAL2606 ,United States,1751325440.0,1751325440,-122.736,46.7091,4236.72,False,174.46,358.48,-8.45,,4434.84,6720,False,0,2025-06-30 23:17:20
4b1858,HBJFS   ,Switzerland,1751325439.0,1751325439,-104.377,43.8031,13716.0,False,222.47,255.67,-0.33,,14241.78,3677,False,0,2025-06-30 23:17:20
aa69d5,N770JF  ,United States,1751325428.0,1751325428,-79.1498,33.5339,3322.32,False,97.32,41.36,0.0,,3528.06,2113,False,0,2025-06-30 23:17:20
ab50b9,N828Y   ,United States,1751325438.0,1751325439,-73.4166,40.7554,213.36,False,37.64,111.66,-3.25,,190.5,,False,0,2025-06-30 23:17:20
ad4f72,JBU662  ,United States,1751325440.0,1751325440,-72.4535,39.0706,9136.38,False,232.25,320.03,-9.75,,9677.4,,False,0,2025-06-30 23:17:20
ac96df,JANET10 ,United States,1751325439.0,1751325439,-115.5741,35.4701,3550.92,False,129.29,47.74,-2.28,,3726.18,,False,0,2025-06-30 23:17:20
ad3c1f,ASA1160 ,United States,1751325439.0,1751325440,-120.7119,38.3327,11277.6,False,223.67,176.57,0.0,,11826.24,1505,False,0,2025-06-30 23:17:20
a57b02,N452RA  ,United States,1751325439.0,1751325439,-120.266,34.8887,2743.2,False,62.58,133.67,-0.65,,2788.92,,False,0,2025-06-30 23:17:20
ad90a3,AAL2009 ,United States,1751325440.0,1751325440,-97.3401,32.7821,2804.16,False,151.22,298.22,11.38,,2933.7,2320,False,0,2025-06-30 23:17:20
a21b7d,N235EF  ,United States,1751325440.0,1751325440,-81.1998,42.8993,7924.8,False,219.97,166.06,-0.33,,8298.18,5214,False,0,2025-06-30 23:17:20
a2d2e2,N281ND  ,United States,1751325440.0,1751325440,-72.2736,43.9988,2316.48,False,64.55,5.03,0.0,,2385.06,6124,False,0,2025-06-30 23:17:20
ae13c1,BALL21  ,United States,1751325360.0,1751325361,-97.6892,36.3484,1188.72,False,128.62,180.46,-5.85,,1234.44,,False,0,2025-06-30 23:17:20
a798ad,WMN589  ,United States,1751325439.0,1751325440,-102.8689,39.3456,13106.4,False,211.02,299.5,0.0,,13723.62,2244,False,0,2025-06-30 23:17:20
a34e97,DAL1010 ,United States,1751325387.0,1751325387,-73.7811,40.6358,,True,0.0,84.38,,,,,False,0,2025-06-30 23:17:20
a94b50,UAL1979 ,United States,1751325439.0,1751325439,-102.0435,30.515,10363.2,False,237.6,285.06,0.0,,11003.28,4040,False,0,2025-06-30 23:17:20
a69b92,ASA462  ,United States,1751325440.0,1751325440,-77.2642,46.798,10363.2,False,206.06,285.49,0.0,,10789.92,3333,False,0,2025-06-30 23:17:20
3c65a8,DLH8P   ,Germany,1751325440.0,1751325440,-69.2553,42.9996,7597.14,False,234.95,240.63,-11.7,,7993.38,,False,0,2025-06-30 23:17:20
adf442,N999BY  ,United States,1751325439.0,1751325439,-85.932,32.1304,3931.92,False,95.44,21.17,0.0,,4145.28,,False,0,2025-06-30 23:17:20
3c65ad,DLH1HT  ,Germany,1751325440.0,1751325440,-70.7917,42.6773,1524.0,False,99.99,285.82,0.0,,1569.72,4550,False,0,2025-06-30 23:17:20
3c65ac,DLH481  ,Germany,1751325439.0,1751325439,-99.8148,42.2302,11277.6,False,263.72,73.69,0.0,,11772.9,,False,0,2025-06-30 23:17:20
3c65ab,DLH411  ,Germany,1751325440.0,1751325440,-68.4097,44.3983,11277.6,False,263.85,60.19,0.0,,11841.48,2671,False,0,2025-06-30 23:17:20
a6eb4d,LKF45   ,United States,1751325440.0,1751325440,-88.7615,43.0664,6804.66,False,193.21,106.55,10.73,,7048.5,,False,0,2025-06-30 23:17:20
a05776,AAL2038 ,United States,1751325439.0,1751325440,-82.3734,36.0545,10347.96,False,230.15,336.41,0.0,,10972.8,3606,False,0,2025-06-30 23:17:20
a83e86,JBU1058 ,United States,1751325440.0,1751325440,-73.7753,40.1339,3009.9,False,160.8,29.52,-6.18,,3169.92,1524,False,0,2025-06-30 23:17:20
0d0af7,AMX608  ,Mexico,1751325439.0,1751325439,-85.6764,36.3548,10668.0,False,240.61,71.29,0.0,,11315.7,3245,False,0,2025-06-30 23:17:20
a8e2d6,DAL406  ,United States,1751325440.0,1751325440,-86.3304,35.6202,9448.8,False,249.53,148.14,-0.33,,10027.92,2723,False,0,2025-06-30 23:17:20
ae1477,MNTNA33 ,United States,1751325440.0,1751325440,-96.57,29.0215,3939.54,False,113.61,192.02,-0.65,,4152.9,7202,False,0,2025-06-30 23:17:20
a45b96,DAL874  ,United States,1751325439.0,1751325439,-85.2628,34.4561,6606.54,False,228.0,149.79,-15.93,,7025.64,3241,False,0,2025-06-30 23:17:20
ae278c,LSXX    ,United States,1751325439.0,1751325440,-117.1251,32.5681,190.5,False,49.34,281.43,6.18,,144.78,,False,0,2025-06-30 23:17:20
ae278b,LS20    ,United States,1751325329.0,1751325333,-117.1102,32.5662,22.86,False,0.73,315.0,0.0,,-7.62,,False,0,2025-06-30 23:17:20
a70b43,SKYY5   ,United States,1751325439.0,1751325439,-78.7812,35.8766,213.36,False,36.59,27.65,-6.5,,220.98,,False,0,2025-06-30 23:17:20
a6eb1e,GJS4600 ,United States,1751325414.0,1751325435,-92.015,37.8265,10363.2,False,234.33,228.47,-0.65,,10972.8,6563,False,0,2025-06-30 23:17:20
a41412,DAL2053 ,United States,1751325440.0,1751325440,-85.0601,40.4214,9646.92,False,211.79,218.09,2.28,,10172.7,7404,False,0,2025-06-30 23:17:20
a1511c,N184SD  ,United States,1751325440.0,1751325440,-117.9159,33.6777,182.88,False,30.87,293.57,0.0,,129.54,,False,0,2025-06-30 23:17:20
a928ea,N69FR   ,United States,1751325440.0,1751325440,-82.1666,38.4906,10058.4,False,240.22,105.02,0.0,,10622.28,2146,False,0,2025-06-30 23:17:20
a0579a,N121BZ  ,United States,1751325438.0,1751325439,-101.7179,37.2897,11277.6,False,238.85,31.7,3.9,,11894.82,,False,0,2025-06-30 23:17:20
a1a110,MXY765  ,United States,1751325440.0,1751325440,-73.2329,40.657,10363.2,False,239.2,208.66,0.0,,10949.94,1354,False,0,2025-06-30 23:17:20
0c4183,DWI5910 ,Dominican Republic,1751325439.0,1751325439,-77.5358,33.8427,11887.2,False,226.74,9.27,0.65,,12534.9,,False,0,2025-06-30 23:17:20
a532f5,N434LA  ,United States,1751325440.0,1751325440,-105.0548,40.4918,1744.98,False,65.56,341.71,0.0,,1836.42,,False,0,2025-06-30 23:17:20
a83e3b,N630FB  ,United States,1751325439.0,1751325439,-112.0895,33.5316,3581.4,False,93.93,290.52,-0.33,,3779.52,0331,False,0,2025-06-30 23:17:20
ac2f18,,United States,1751325163.0,1751325163,-117.1822,32.7307,,True,8.75,106.88,,,,,False,0,2025-06-30 23:17:20
a94b29,UAL1814 ,United States,1751325439.0,1751325439,-91.018,35.4619,10363.2,False,216.97,230.19,0.0,,10988.04,6607,False,0,2025-06-30 23:17:20
c082a4,CGXMH   ,Canada,1751325440.0,1751325440,-73.2447,45.5249,548.64,False,36.1,94.09,1.63,,472.44,,False,0,2025-06-30 23:17:20
a915cf,PDT5823 ,United States,1751325440.0,1751325440,-80.9444,35.3204,762.0,False,92.88,175.55,-4.88,,784.86,1177,False,0,2025-06-30 23:17:20
c82439,ANZ2    ,New Zealand,1751325439.0,1751325439,-73.9152,39.9409,3695.7,False,184.88,28.78,-7.15,,3886.2,7025,False,0,2025-06-30 23:17:20
abd9b6,SWA1956 ,United States,1751325439.0,1751325439,-111.9999,40.8096,1463.04,False,94.97,347.17,13.0,,1485.9,,False,0,2025-06-30 23:17:20
a785fd,JIA5317 ,United States,1751325439.0,1751325439,-77.352,38.9212,1234.44,False,149.76,1.57,0.0,,1264.92,2241,False,0,2025-06-30 23:17:20
c02e94,JZA565  ,Canada,1751325439.0,1751325439,-80.1703,41.3969,11582.4,False,215.02,236.61,0.33,,12222.48,5731,False,0,2025-06-30 23:17:20
c01b4f,WJA1117 ,Canada,1751325440.0,1751325440,-84.8066,43.2039,11277.6,False,255.88,81.56,0.0,,11803.38,6742,False,0,2025-06-30 23:17:20
aa43c4,RPA3517 ,United States,1751325440.0,1751325440,-76.2939,39.1441,7010.4,False,199.05,81.83,-0.33,,7391.4,3761,False,0,2025-06-30 23:17:20
a0dab2,SKW5767 ,United States,1751325440.0,1751325440,-85.6155,38.9036,9144.0,False,219.27,301.86,0.0,,9677.4,2005,False,0,2025-06-30 23:17:20
aa56f7,UAL1027 ,United States,1751325439.0,1751325439,-99.1282,42.37,10668.0,False,242.78,72.87,0.0,,11132.82,1441,False,0,2025-06-30 23:17:20
ac2f37,SWA652  ,United States,1751325440.0,1751325440,-114.6579,36.1956,5494.02,False,192.4,90.31,8.45,,5798.82,,False,0,2025-06-30 23:17:20
a94b08,UAL2074 ,United States,1751325439.0,1751325440,-96.3178,36.3436,10363.2,False,223.9,295.45,0.0,,10965.18,3353,True,0,2025-06-30 23:17:20
a08acb,RPA4585 ,United States,1751325440.0,1751325440,-80.8697,43.0022,10363.2,False,209.71,227.39,0.0,,10881.36,0362,False,0,2025-06-30 23:17:20
a6a2c2,N52681  ,United States,1751325436.0,1751325439,-122.2715,47.8908,228.6,False,36.01,359.18,-1.63,,220.98,,False,0,2025-06-30 23:17:20
a58de0,UAL1286 ,United States,1751325436.0,1751325439,-114.8416,31.3965,10363.2,False,230.91,331.38,0.0,,10965.18,,False,0,2025-06-30 23:17:20
ab0dc3,N811HA  ,United States,1751325438.0,1751325438,-78.7859,34.6993,1219.2,False,54.41,319.99,0.98,,1234.44,,False,0,2025-06-30 23:17:20
a52116,N43DF   ,United States,1751325407.0,1751325407,-84.9177,32.9106,876.3,False,46.52,308.26,-2.93,,899.16,,False,0,2025-06-30 23:17:20
a2e77a,N2866L  ,United States,1751325402.0,1751325403,-80.6153,35.0049,441.96,False,65.48,8.13,-1.95,,426.72,,False,0,2025-06-30 23:17:20
ab774b,AAL1728 ,United States,1751325439.0,1751325440,-95.3214,40.2221,10972.8,False,197.31,257.2,0.0,,11513.82,5760,False,0,2025-06-30 23:17:20
a57abb,N452NE  ,United States,1751325292.0,1751325292,-72.2203,42.5401,662.94,False,44.39,302.22,-0.33,,685.8,1200,False,0,2025-06-30 23:17:20
a0dae2,AAL2403 ,United States,1751325439.0,1751325439,-87.1271,32.425,8625.84,False,230.74,94.73,-7.8,,9166.86,4144,False,0,2025-06-30 23:17:20
a2c110,FXC44   ,United States,1751325440.0,1751325440,-73.5704,40.991,472.44,False,69.97,72.9,5.53,,472.44,1200,False,0,2025-06-30 23:17:20
aaa74e,N786FA  ,United States,1751325440.0,1751325440,-117.1563,33.0838,1455.42,False,50.63,64.74,0.33,,1470.66,,False,0,2025-06-30 23:17:20
a1512f,SKW3439 ,United States,1751325439.0,1751325440,-119.2588,35.8835,10668.0,False,214.41,157.13,-0.33,,11201.4,3212,False,0,2025-06-30 23:17:20
a0a798,N141NE  ,United States,1751325435.0,1751325440,-71.1094,42.3375,53.34,False,0.0,0.0,-3.58,,53.34,,False,0,2025-06-30 23:17:20
a91700,NKS2740 ,United States,1751325432.0,1751325437,-82.5377,27.9858,,True,0.0,272.81,,,,,False,0,2025-06-30 23:17:20
a22dec,N24CV   ,United States,1751325439.0,1751325439,-118.0877,33.8132,335.28,False,44.67,277.94,-2.93,,266.7,,False,0,2025-06-30 23:17:20
ac7103,AAL823  ,United States,1751325440.0,1751325440,-80.9424,35.3958,1104.9,False,90.94,208.74,-4.55,,1150.62,1424,False,0,2025-06-30 23:17:20
a5212e,N43EE   ,United States,1751325439.0,1751325440,-78.7802,35.7483,396.24,False,43.3,350.43,0.98,,403.86,,False,0,2025-06-30 23:17:20
a70aa1,ASA1204 ,United States,1751325440.0,1751325440,-119.0099,36.1408,11887.2,False,218.96,167.79,-0.33,,12496.8,3543,False,0,2025-06-30 23:17:20
a7d725,EDV5134 ,United States,1751325440.0,1751325440,-84.4264,38.9547,2186.94,False,149.86,104.51,14.31,,2255.52,6753,False,0,2025-06-30 23:17:20
a34de9,N3117V  ,United States,1751325439.0,1751325439,-80.2301,37.4223,7513.32,False,141.62,121.78,-2.28,,7917.18,,False,0,2025-06-30 23:17:20
ab7781,EJA838  ,United States,1751325440.0,1751325440,-112.5527,33.7404,2217.42,False,130.77,61.32,0.33,,2278.38,1327,False,0,2025-06-30 23:17:20
a3f401,DAL540  ,United States,1751325439.0,1751325439,-100.7586,31.1103,10058.4,False,244.42,80.8,0.0,,10675.62,7212,False,0,2025-06-30 23:17:20
a0b9b1,N146HH  ,United States,1751325439.0,1751325439,-72.4937,41.6826,449.58,False,63.44,112.41,0.33,,441.96,5277,False,0,2025-06-30 23:17:20
ab6458,JRE833  ,United States,1751325440.0,1751325440,-78.7866,36.2225,9448.8,False,211.54,42.54,0.33,,10005.06,,False,0,2025-06-30 23:17:20
49530c,TAP232Y ,Portugal,1751325440.0,1751325440,-72.3724,39.8573,10050.78,False,248.02,84.64,0.0,,10652.76,1242,False,0,2025-06-30 23:17:20
a45af5,N38WR   ,United States,1751325438.0,1751325439,-96.1049,31.1605,2705.1,False,68.9,23.31,2.6,,2849.88,,False,0,2025-06-30 23:17:20
ace744,OXF8285 ,United States,1751325321.0,1751325330,-111.7174,33.4672,533.4,False,42.42,230.91,-2.6,,434.34,1200,False,0,2025-06-30 23:17:20
aadae3,EJA799  ,United States,1751325435.0,1751325437,-81.5327,28.2313,899.16,False,110.64,316.88,0.0,,967.74,2136,False,0,2025-06-30 23:17:20
ace75a,HBAL771 ,United States,1751325439.0,1751325440,-121.0434,43.5119,17373.6,False,7.37,65.22,0.0,,18333.72,,False,0,2025-06-30 23:17:20
ae2762,LS30    ,United States,1751325437.0,1751325437,-117.6221,32.9883,182.88,False,73.87,154.86,0.0,,137.16,,False,0,2025-06-30 23:17:20
a65408,AAL3181 ,United States,1751325419.0,1751325438,-93.0396,32.8154,10370.82,False,226.98,252.59,0.0,,10972.8,2374,False,0,2025-06-30 23:17:20
a65405,VAR507  ,United States,1751325438.0,1751325439,-112.8727,32.9647,1988.82,False,50.22,316.66,1.95,,2057.4,1200,False,0,2025-06-30 23:17:20
a94b6b,UAL1124 ,United States,1751325355.0,1751325440,-92.622,33.3267,10363.2,False,224.45,182.1,0.0,,10988.04,6557,False,0,2025-06-30 23:17:20
a6b717,N5314Q  ,United States,1751325418.0,1751325423,-80.1392,26.7255,1371.6,False,34.53,208.47,0.65,,1485.9,1200,False,0,2025-06-30 23:17:20
a4bdb9,RPA4739 ,United States,1751325439.0,1751325440,-93.2534,44.9801,1379.22,False,119.1,17.34,8.13,,1402.08,,False,0,2025-06-30 23:17:20
495304,TAP258  ,Portugal,1751325439.0,1751325440,-68.0208,46.6795,10058.4,False,259.28,73.4,0.0,,10530.84,3700,False,0,2025-06-30 23:17:20
a3f436,FFT1229 ,United States,1751325328.0,1751325331,-107.8383,39.8523,10972.8,False,231.08,259.74,0.65,,11574.78,3766,False,0,2025-06-30 23:17:20
adf417,N999AE  ,United States,1751325187.0,1751325437,-80.2485,26.4384,1645.92,False,7.22,85.91,-0.33,,1920.24,,False,0,2025-06-30 23:17:20
ad077b,DAL1516 ,United States,1751325439.0,1751325439,-84.4924,33.7175,3131.82,False,129.53,94.56,-5.85,,3291.84,4041,False,0,2025-06-30 23:17:20
ae141e,JAVAN55 ,United States,1751325439.0,1751325439,-97.3457,30.2796,6774.18,False,120.62,301.93,4.55,,7185.66,4661,False,0,2025-06-30 23:17:20
ac712d,SWA554  ,United States,1751325440.0,1751325440,-103.0607,39.1374,11887.2,False,239.74,59.86,0.0,,12466.32,0765,False,0,2025-06-30 23:17:20
a9178d,UAL16   ,United States,1751325130.0,1751325130,-74.1708,40.701,,True,3.34,95.62,,,,,False,0,2025-06-30 23:17:20
a94ae3,UAL1894 ,United States,1751325157.0,1751325330,-112.5855,47.6957,10058.4,False,258.81,91.03,-0.33,,10515.6,1506,False,0,2025-06-30 23:17:20
a9044d,N680MC  ,United States,1751325440.0,1751325440,-121.2519,44.1867,2400.3,False,100.74,95.27,-12.03,,2499.36,,False,0,2025-06-30 23:17:20
acd2be,SWA2517 ,United States,1751325439.0,1751325439,-86.6143,43.7066,11277.6,False,273.15,64.69,0.0,,11742.42,2715,False,0,2025-06-30 23:17:20
a94ae5,UAL1051 ,United States,1751325439.0,1751325439,-74.8606,40.3486,2255.52,False,153.48,25.62,-4.88,,2346.96,2654,False,0,2025-06-30 23:17:20
acd2d3,EDV5063 ,United States,1751325440.0,1751325440,-93.5256,43.5748,5791.2,False,203.65,3.77,0.0,,5989.32,,False,0,2025-06-30 23:17:20
a7c465,N6UX    ,United States,1751325439.0,1751325440,-105.1692,40.0961,1813.56,False,32.87,287.3,1.95,,1912.62,,False,0,2025-06-30 23:17:20
ac82f5,NKS2673 ,United States,1751325439.0,1751325439,-78.3712,38.1883,8290.56,False,214.81,234.75,6.18,,8785.86,1224,False,0,2025-06-30 23:17:20
a1c6a8,SWA1870 ,United States,1751325435.0,1751325439,-89.8482,33.2684,11582.4,False,235.53,275.14,0.33,,12283.44,4371,False,0,2025-06-30 23:17:20
0d0b78,VIV533  ,Mexico,1751325440.0,1751325440,-115.1991,35.91,2743.2,False,148.01,125.24,9.75,,2857.5,,False,0,2025-06-30 23:17:20
ac1b8b,WSN24   ,United States,1751325413.0,1751325414,-118.3124,33.9239,129.54,False,43.26,267.27,-2.28,,76.2,3242,False,0,2025-06-30 23:17:20
a9046d,NKS2327 ,United States,1751325440.0,1751325440,-122.3054,47.4571,,True,4.37,104.06,,,,,False,0,2025-06-30 23:17:20
a7c484,N6WC    ,United States,1751325439.0,1751325439,-117.0166,47.2239,3185.16,False,87.07,196.83,0.0,,3329.94,,False,0,2025-06-30 23:17:20
a1a18f,HAL628  ,United States,1751325440.0,1751325440,-117.4857,33.139,4282.44,False,150.51,140.27,-8.13,,4488.18,2676,False,0,2025-06-30 23:17:20
a9045f,N680MW  ,United States,1751325439.0,1751325439,-93.1213,45.4649,3162.3,False,110.73,357.34,2.93,,3230.88,,False,0,2025-06-30 23:17:20
a8946e,N652CV  ,United States,1751325439.0,1751325439,-90.3556,29.1463,9448.8,False,151.1,103.99,-0.33,,10043.16,,False,0,2025-06-30 23:17:20
a8e43a,N672MA  ,United States,1751325421.0,1751325440,-87.9965,41.2919,518.16,False,53.56,92.75,-0.65,,487.68,1200,False,0,2025-06-30 23:17:20
0d0b10,VOI7771 ,Mexico,1751325438.0,1751325439,-94.6238,33.0995,9151.62,False,248.42,214.28,-0.33,,9715.5,1306,False,0,2025-06-30 23:17:20
a7d754,JIA5672 ,United States,1751325440.0,1751325440,-97.0258,32.9875,601.98,False,69.97,180.42,-2.6,,594.36,1662,False,0,2025-06-30 23:17:20
a1fc3b,ENY4296 ,United States,1751325440.0,1751325440,-89.418,40.4528,7315.2,False,207.7,6.68,0.0,,7680.96,6567,False,0,2025-06-30 23:17:20
a89421,N65194  ,United States,1751325438.0,1751325439,-93.9012,41.2766,822.96,False,48.02,314.13,0.33,,830.58,,False,0,2025-06-30 23:17:20
0d0b20,VTM356  ,Mexico,1751325440.0,1751325440,-88.7444,37.5354,9448.8,False,250.27,41.92,-0.33,,9997.44,7442,False,0,2025-06-30 23:17:20
3c6714,DLH2C   ,Germany,1751325440.0,1751325440,-87.6165,41.9659,1394.46,False,98.26,270.0,-4.88,,1409.7,3047,False,0,2025-06-30 23:17:20
a52162,N43GG   ,United States,1751325440.0,1751325440,-87.0256,33.3677,2689.86,False,152.26,228.01,10.73,,2842.26,,False,0,2025-06-30 23:17:20
a21c4c,ENY3592 ,United States,1751325440.0,1751325440,-80.3654,33.2113,2255.52,False,140.96,129.97,-6.5,,2377.44,1337,False,0,2025-06-30 23:17:20
a2f9dd,GXA125  ,United States,1751325440.0,1751325440,-80.1734,25.9235,723.9,False,137.26,83.33,10.08,,784.86,,False,0,2025-06-30 23:17:20
a95de2,VXP119  ,United States,1751325439.0,1751325440,-120.4877,35.7198,9448.8,False,228.43,140.57,0.0,,9867.9,3327,False,0,2025-06-30 23:17:20
a21c53,AAY673  ,United States,1751325438.0,1751325439,-109.9675,37.1335,10668.0,False,231.97,25.2,-0.33,,11216.64,0747,False,0,2025-06-30 23:17:20
c02cf1,ACA854  ,Canada,1751325438.0,1751325439,-74.2762,45.6252,10058.4,False,263.89,46.97,0.0,,10515.6,6333,False,0,2025-06-30 23:17:20
a7745c,VJA58   ,United States,1751325439.0,1751325439,-80.3494,42.0772,13716.0,False,252.45,80.5,0.65,,14295.12,6707,False,0,2025-06-30 23:17:20
e4937f,PRJRY   ,Brazil,1751325438.0,1751325438,-77.455,38.9504,,True,0.0,270.0,,,,,False,0,2025-06-30 23:17:20
4951f0,TAP209K ,Portugal,1751325439.0,1751325439,-72.8304,40.9023,3657.6,False,183.56,217.26,-0.65,,3848.1,2513,False,0,2025-06-30 23:17:20
3c670d,DLH520  ,Germany,1751325439.0,1751325439,-75.6587,43.3044,11582.4,False,225.41,246.89,0.0,,12153.9,2511,False,0,2025-06-30 23:17:20
40808b,VIR4C   ,United Kingdom,1751325440.0,1751325440,-70.3205,43.086,11414.76,False,246.61,50.33,2.6,,11993.88,1522,False,0,2025-06-30 23:17:20
ac970f,KOW910  ,United States,1751325439.0,1751325440,-97.5051,33.1076,1501.14,False,121.15,134.14,-1.63,,1554.48,,False,0,2025-06-30 23:17:20
a0dc3d,S401    ,United States,1751325439.0,1751325439,-116.681,47.705,1127.76,False,79.33,322.91,-0.98,,1173.48,,False,0,2025-06-30 23:17:20
a33c08,S406    ,United States,1751325423.0,1751325425,-116.7328,47.7142,883.92,False,62.96,226.66,-1.95,,906.78,,False,0,2025-06-30 23:17:20
a7d767,N604PG  ,United States,1751325383.0,1751325419,-121.6658,39.5894,396.24,False,49.58,149.44,-0.33,,342.9,,False,0,2025-06-30 23:17:20
ac9712,N910EC  ,United States,1751325439.0,1751325439,-86.4451,36.1122,1219.2,False,76.4,301.23,-0.33,,1264.92,,False,0,2025-06-30 23:17:20
ab772d,DAL747  ,United States,1751325439.0,1751325439,-118.2304,33.9694,883.92,False,97.38,263.33,-4.88,,868.68,1176,False,0,2025-06-30 23:17:20
408092,BAW5CA  ,United Kingdom,1751325439.0,1751325439,-72.232,46.632,11277.6,False,272.02,62.03,-0.33,,11795.76,2260,False,0,2025-06-30 23:17:20
a89441,N652B   ,United States,1751325439.0,1751325439,-120.5418,38.3156,2316.48,False,78.72,155.28,0.33,,2392.68,1517,False,0,2025-06-30 23:17:20
a7d6a8,FFT2919 ,United States,1751325440.0,1751325440,-82.3851,39.2669,9342.12,False,218.67,199.37,3.25,,9890.76,4140,False,0,2025-06-30 23:17:20
a83f2b,EJA630  ,United States,1751325440.0,1751325440,-104.9288,34.188,9166.86,False,211.54,19.76,7.15,,9685.02,,False,0,2025-06-30 23:17:20
c02eca,ACA2114 ,Canada,1751325439.0,1751325440,-88.7466,44.7205,11887.2,False,264.54,112.53,0.33,,12329.16,7070,False,0,2025-06-30 23:17:20
ace7aa,SWA1582 ,United States,1751325437.0,1751325439,-93.4176,31.1244,11582.4,False,215.02,241.41,0.0,,12252.96,4140,False,0,2025-06-30 23:17:20
a83f30,QXE2395 ,United States,1751325440.0,1751325440,-122.6827,44.8592,4693.92,False,182.57,4.04,-8.78,,4922.52,,False,0,2025-06-30 23:17:20
c02ed9,ACA345  ,Canada,1751325439.0,1751325439,-80.5838,47.8085,12192.0,False,219.35,292.48,-0.33,,12626.34,6542,False,0,2025-06-30 23:17:20
a5cc35,UAL1631 ,United States,1751325364.0,1751325364,-87.9078,41.9716,,True,11.83,90.0,,,,1603,False,0,2025-06-30 23:17:20
a283ed,ENY3978 ,United States,1751325437.0,1751325439,-120.9344,43.1932,10469.88,False,219.25,168.08,5.85,,10942.32,1630,False,0,2025-06-30 23:17:20
a9af03,N723DG  ,United States,1751325280.0,1751325280,-95.0015,41.312,1348.74,False,79.48,256.14,-0.33,,1394.46,,False,0,2025-06-30 23:17:20
aa44ac,UAL331  ,United States,1751325439.0,1751325440,-75.0459,38.4689,9662.16,False,241.87,219.65,-5.2,,10218.42,6245,False,0,2025-06-30 23:17:20
abfd23,SWA3766 ,United States,1751325440.0,1751325440,-104.1119,37.4697,11582.4,False,227.1,288.35,-0.33,,12199.62,2667,False,0,2025-06-30 23:17:20
a3f3dc,EDV4895 ,United States,1751325440.0,1751325440,-83.8505,41.9614,4442.46,False,214.8,47.33,-11.05,,4579.62,5666,False,0,2025-06-30 23:17:20
aaa7ef,N786MM  ,United States,1751325440.0,1751325440,-113.5743,35.7975,5783.58,False,203.36,265.36,0.33,,6134.1,1213,False,0,2025-06-30 23:17:20
a4bf95,DAL738  ,United States,1751325439.0,1751325439,-103.9129,40.0556,11582.4,False,235.73,268.25,0.0,,12176.76,3343,False,0,2025-06-30 23:17:20
ac0a22,AAL1161 ,United States,1751325439.0,1751325439,-91.6463,33.6038,10972.8,False,228.47,246.09,0.33,,11628.12,6712,False,0,2025-06-30 23:17:20
c0853f,ACA466  ,Canada,1751325415.0,1751325439,-79.6154,43.6811,213.36,True,0.0,92.81,,,,3475,False,0,2025-06-30 23:17:20
ace7cc,N930XX  ,United States,1751325440.0,1751325440,-80.596,30.7251,8839.2,False,145.92,12.42,0.0,,9311.64,1451,False,0,2025-06-30 23:17:20
a283f4,AAY1380 ,United States,1751325440.0,1751325440,-84.4042,33.4967,10370.82,False,234.78,349.01,0.33,,11003.28,7445,False,0,2025-06-30 23:17:20
abfd39,SWA1701 ,United States,1751325439.0,1751325439,-122.1515,37.353,3543.3,False,185.89,263.48,9.43,,3672.84,6304,False,0,2025-06-30 23:17:20
a6b6be,N53116  ,United States,1751325440.0,1751325440,-81.8894,35.5006,1310.64,False,49.09,174.59,-1.95,,1295.4,5227,False,0,2025-06-30 23:17:20
a2d3b3,SWA410  ,United States,1751325439.0,1751325439,-75.794,38.9389,8260.08,False,231.82,36.34,-5.53,,8732.52,3313,False,0,2025-06-30 23:17:20
aa57d2,CXK1023 ,United States,1751325439.0,1751325440,-118.026,33.673,609.6,False,61.36,356.15,0.65,,563.88,,False,0,2025-06-30 23:17:20
a1a0a1,JBU528  ,United States,1751325440.0,1751325440,-73.4232,40.6538,1219.2,False,145.27,354.31,0.0,,1249.68,5457,False,0,2025-06-30 23:17:20
c02ee7,ACA859  ,Canada,1751325439.0,1751325440,-74.2665,46.0002,11582.4,False,233.8,242.19,-0.33,,12115.8,2521,False,0,2025-06-30 23:17:20
a809f5,NKS2309 ,United States,1751325439.0,1751325440,-80.7594,24.9406,8107.68,False,225.14,320.56,6.83,,8580.12,,False,0,2025-06-30 23:17:20
a390ed,DAL2551 ,United States,1751325440.0,1751325440,-122.4033,45.5044,685.8,False,81.75,319.59,-1.63,,693.42,1020,False,0,2025-06-30 23:17:20
a8e495,EJA672  ,United States,1751325440.0,1751325440,-76.2036,41.2594,7924.8,False,198.5,227.84,-0.33,,8343.9,1251,False,0,2025-06-30 23:17:20
a0a80e,SKW5597 ,United States,1751325411.0,1751325426,-100.0403,37.8257,9326.88,False,210.92,269.86,7.48,,9852.66,,False,0,2025-06-30 23:17:20
a559de,N444EA  ,United States,1751325439.0,1751325439,-84.1421,34.5418,8534.4,False,197.27,255.35,0.0,,9052.56,5217,False,0,2025-06-30 23:17:20
a559df,N444EB  ,United States,1751325439.0,1751325440,-117.6848,33.9023,1996.44,False,48.18,263.25,0.0,,2026.92,,False,0,2025-06-30 23:17:20
ae14c1,STGRY11 ,United States,1751325323.0,1751325416,-97.3349,33.069,609.6,False,56.83,170.62,-3.25,,579.12,,False,0,2025-06-30 23:17:20
ae14c2,MNTNA77 ,United States,1751325439.0,1751325440,-96.9333,28.5664,3322.32,False,127.92,26.26,0.0,,3505.2,6545,False,0,2025-06-30 23:17:20
a7619b,SKW4698 ,United States,1751325439.0,1751325440,-82.3962,40.8589,5798.82,False,190.81,274.02,6.5,,6073.14,7401,False,0,2025-06-30 23:17:20
ab9a4e,ERU847  ,United States,1751325439.0,1751325439,-81.4419,29.2759,1028.7,False,54.01,342.26,0.0,,1082.04,1200,False,0,2025-06-30 23:17:20
a4bf41,AAL2143 ,United States,1751325440.0,1751325440,-97.1029,32.8991,2872.74,False,132.0,304.68,-7.8,,3017.52,1672,False,0,2025-06-30 23:17:20
ad3d4e,AAL2067 ,United States,1751325437.0,1751325437,-77.3393,37.5362,205.74,False,75.2,147.29,-4.88,,182.88,0543,False,0,2025-06-30 23:17:20
ac1d80,N88WR   ,United States,1751325439.0,1751325439,-117.814,33.9942,2827.02,False,133.11,263.34,-7.15,,2918.46,4610,False,0,2025-06-30 23:17:20
a666ae,N511RS  ,United States,1751325439.0,1751325439,-88.9329,38.7935,13106.4,False,250.3,103.55,-0.33,,13761.72,6026,False,0,2025-06-30 23:17:20
a05827,RPA4645 ,United States,1751325439.0,1751325440,-80.4176,46.3051,10363.2,False,199.5,273.7,0.33,,10797.54,1452,False,0,2025-06-30 23:17:20
abb4ea,SWA2781 ,United States,1751325408.0,1751325408,-112.4923,38.9939,10972.8,False,229.03,258.34,0.33,,11559.54,3536,False,0,2025-06-30 23:17:20
a69c07,N525FJ  ,United States,1751325432.0,1751325432,-95.3821,32.3618,434.34,False,47.43,24.34,-1.3,,441.96,,False,0,2025-06-30 23:17:20
a9f126,N74KV   ,United States,1751325440.0,1751325440,-71.8551,42.5273,1752.6,False,103.69,97.13,-2.6,,1798.32,4631,False,0,2025-06-30 23:17:20
3c6563,OCN51   ,Germany,1751325440.0,1751325440,-70.0996,42.0624,10652.76,False,243.18,42.77,0.0,,11209.02,2734,False,0,2025-06-30 23:17:20
acd4d7,DAL787  ,United States,1751325439.0,1751325439,-84.7156,33.8423,3634.74,False,169.89,135.61,-0.33,,3825.24,3350,False,0,2025-06-30 23:17:20
a5cc19,UAL1368 ,United States,1751325440.0,1751325440,-104.4763,39.7317,4008.12,False,157.73,323.35,-5.2,,4251.96,2366,False,0,2025-06-30 23:17:20
a5cc11,UAL1222 ,United States,1751325439.0,1751325440,-78.1921,32.8327,10363.2,False,249.3,195.93,0.0,,10949.94,2625,False,0,2025-06-30 23:17:20
3c656c,DLH439  ,Germany,1751325440.0,1751325440,-90.1206,41.5662,10668.0,False,285.42,49.68,0.33,,11155.68,5214,False,0,2025-06-30 23:17:20
a390d7,N329ME  ,United States,1751325438.0,1751325439,-93.8369,40.9271,1805.94,False,70.93,198.17,0.0,,1851.66,,False,0,2025-06-30 23:17:20
3c6572,DLH469  ,Germany,1751325440.0,1751325440,-94.4368,35.5385,10668.0,False,256.98,28.98,0.0,,11308.08,7337,False,0,2025-06-30 23:17:20
adf567,N999PR  ,United States,1751325439.0,1751325439,-114.8656,35.7602,11582.4,False,205.75,236.63,-0.33,,12207.24,,False,0,2025-06-30 23:17:20
a1b519,SKW5648 ,United States,1751325363.0,1751325364,-87.8904,42.0028,266.7,False,66.37,270.44,-3.25,,251.46,4307,False,0,2025-06-30 23:17:20
a880c8,RPA3562 ,United States,1751325440.0,1751325440,-79.1274,40.3548,3977.64,False,170.08,279.58,-7.8,,4168.14,5534,False,0,2025-06-30 23:17:20
a69c9b,N525MG  ,United States,1751325439.0,1751325440,-122.0625,37.8673,1082.04,False,84.71,139.93,0.0,,1074.42,3344,False,0,2025-06-30 23:17:20
a0454a,N1163M  ,United States,1751325438.0,1751325439,-98.3576,29.4523,3520.44,False,94.55,174.69,12.68,,3733.8,4657,False,0,2025-06-30 23:17:20
acd571,N926LC  ,United States,1751325252.0,1751325252,-71.7736,42.5629,182.88,False,48.55,130.27,-2.6,,144.78,1200,False,0,2025-06-30 23:17:20
ac7289,N9007R  ,United States,1751325439.0,1751325439,-118.0255,46.9662,3200.4,False,70.81,290.41,0.0,,3337.56,,False,0,2025-06-30 23:17:20
a22ed0,N24MY   ,United States,1751325439.0,1751325439,-114.2854,33.7346,9144.0,False,160.29,286.98,-0.33,,9654.54,3412,False,0,2025-06-30 23:17:20
a21ba0,FFT1116 ,United States,1751325439.0,1751325439,-114.0555,35.8941,7048.5,False,197.56,90.6,1.3,,7459.98,,False,0,2025-06-30 23:17:20
a94c7b,DAL2496 ,United States,1751325440.0,1751325440,-76.5361,37.2771,9144.0,False,251.09,211.08,0.0,,9685.02,2222,False,0,2025-06-30 23:17:20
a03235,AAL274  ,United States,1751325439.0,1751325439,-106.6471,31.6198,10660.38,False,244.09,119.0,0.33,,11285.22,1320,False,0,2025-06-30 23:17:20
a0588d,N121MS  ,United States,1751325439.0,1751325439,-73.4503,41.3436,510.54,False,48.16,66.72,2.6,,487.68,,False,0,2025-06-30 23:17:20
a5cc9e,N473DV  ,United States,1751325439.0,1751325439,-117.7906,46.7547,1699.26,False,72.96,28.19,-0.33,,1767.84,,False,0,2025-06-30 23:17:20
a3f500,AAL1669 ,United States,1751325439.0,1751325439,-101.4029,31.3383,10972.8,False,220.36,241.1,0.0,,11650.98,3266,False,0,2025-06-30 23:17:20
a1c828,N2138S  ,United States,1751325439.0,1751325439,-89.1613,41.5782,3368.04,False,71.54,319.67,0.0,,3474.72,7201,False,0,2025-06-30 23:17:20
aa7a83,SWA2290 ,United States,1751325437.0,1751325439,-90.7354,32.5305,10363.2,False,236.65,269.63,-0.33,,10980.42,,False,0,2025-06-30 23:17:20
ade252,JBU772  ,United States,1751325439.0,1751325439,-71.633,41.6648,4876.8,False,178.36,68.69,-0.65,,5105.4,6173,False,0,2025-06-30 23:17:20
abb59e,ASH6088 ,United States,1751325431.0,1751325438,-93.483,31.4298,8823.96,False,233.86,68.18,2.6,,9349.74,7421,False,0,2025-06-30 23:17:20
abb59f,ASH6309 ,United States,1751325439.0,1751325439,-86.1937,31.1771,10363.2,False,224.36,275.66,0.0,,10995.66,7416,False,0,2025-06-30 23:17:20
a2e806,ASA732  ,United States,1751325440.0,1751325440,-112.2067,34.3558,5852.16,False,187.94,167.03,-9.1,,6210.3,,False,0,2025-06-30 23:17:20
a05871,N121LP  ,United States,1751325435.0,1751325439,-117.675,33.9878,457.2,False,43.92,18.43,0.33,,419.1,,False,0,2025-06-30 23:17:20
ad928b,ASA16   ,United States,1751325439.0,1751325439,-114.4044,47.9111,10668.0,False,258.5,83.26,0.0,,11132.82,6670,False,0,2025-06-30 23:17:20
ad928e,AAL257  ,United States,1751325439.0,1751325439,-80.1943,25.6466,1981.2,False,143.57,187.0,4.23,,2110.74,,False,0,2025-06-30 23:17:20
ad928d,AMX659  ,United States,1751325440.0,1751325440,-98.8922,30.7785,10668.0,False,228.66,188.15,0.0,,11323.32,3242,False,0,2025-06-30 23:17:20
a45ba2,DAL2032 ,United States,1751325379.0,1751325436,-89.3647,33.1632,10363.2,False,244.19,307.81,0.0,,11003.28,6216,False,0,2025-06-30 23:17:20
a1a21f,AAY1472 ,United States,1751325440.0,1751325440,-88.4697,31.1402,8100.06,False,247.71,122.96,-4.23,,8595.36,3451,False,0,2025-06-30 23:17:20
a94c2a,PDT5910 ,United States,1751325440.0,1751325440,-80.6663,34.9789,3032.76,False,151.9,305.63,-0.65,,3192.78,,False,0,2025-06-30 23:17:20
a6ec56,AAL558  ,United States,1751325440.0,1751325440,-100.2658,32.4203,8755.38,False,239.91,272.21,5.2,,9296.4,5215,False,0,2025-06-30 23:17:20
ab77ac,SKW3611 ,United States,1751325178.0,1751325178,-83.3597,42.2353,312.42,False,67.51,209.69,-3.9,,259.08,,False,0,2025-06-30 23:17:20
a1a218,ENY3860 ,United States,1751325440.0,1751325440,-94.5155,32.9746,8907.78,False,244.74,83.85,5.2,,9494.52,3661,False,0,2025-06-30 23:17:20
a653f6,JIA5560 ,United States,1751325439.0,1751325439,-80.2654,37.965,9456.42,False,232.96,78.67,-0.65,,10035.54,1723,False,0,2025-06-30 23:17:20
ad9293,DAL1821 ,United States,1751325350.0,1751325350,-89.0797,32.3799,5433.06,False,206.87,88.58,9.1,,5151.12,,False,0,2025-06-30 23:17:20
a69c95,N525MA  ,United States,1751325439.0,1751325439,-78.8137,40.4382,11582.4,False,178.1,263.53,0.0,,12222.48,1451,False,0,2025-06-30 23:17:20
a1c868,ASA601  ,United States,1751325439.0,1751325439,-120.8034,43.7587,10363.2,False,223.96,302.05,0.33,,10843.26,,False,0,2025-06-30 23:17:20
ad07a6,NFX103  ,United States,1751325439.0,1751325440,-119.5795,35.3495,6096.0,False,145.62,312.71,0.0,,6377.94,1301,False,0,2025-06-30 23:17:20
abfd00,SWA714  ,United States,1751325439.0,1751325440,-118.1674,33.8307,320.04,False,85.17,313.04,11.7,,266.7,,False,0,2025-06-30 23:17:20
a41518,N362Q   ,United States,1751325440.0,1751325440,-122.114,37.4594,,True,5.14,143.44,,,,1200,False,0,2025-06-30 23:17:20
aa7a3c,SWA1274 ,United States,1751325440.0,1751325440,-86.2698,39.1261,11887.2,False,242.51,117.27,0.0,,12519.66,0733,False,0,2025-06-30 23:17:20
abc7a3,SWA3335 ,United States,1751325439.0,1751325440,-82.6465,36.2634,10972.8,False,237.75,253.02,0.33,,11628.12,0262,False,0,2025-06-30 23:17:20
a0589c,N121NG  ,United States,1751325440.0,1751325440,-86.3759,35.988,891.54,False,48.29,255.82,-5.85,,914.4,,False,0,2025-06-30 23:17:20
aadd29,N79999  ,United States,1751325440.0,1751325440,-97.3764,44.0943,12496.8,False,279.03,135.67,0.33,,12923.52,,False,0,2025-06-30 23:17:20
a69c8c,LSO1    ,United States,1751325440.0,1751325440,-96.5795,32.8469,7962.9,False,176.37,53.9,7.15,,8458.2,0507,False,0,2025-06-30 23:17:20
ab64b8,AAL1686 ,United States,1751325439.0,1751325439,-102.9177,41.2976,10668.0,False,252.36,129.04,0.0,,11201.4,,False,0,2025-06-30 23:17:20
a66878,N5117E  ,United States,1751325440.0,1751325440,-121.8334,47.281,2651.76,False,58.15,91.52,-0.33,,2743.2,1374,False,0,2025-06-30 23:17:20
a2d56f,CNS325  ,United States,1751325440.0,1751325440,-77.748,34.4919,3718.56,False,132.5,3.78,12.03,,3909.06,,False,0,2025-06-30 23:17:20
ad4eb5,AAL3026 ,United States,1751325440.0,1751325440,-80.7852,35.0481,10058.4,False,237.6,68.94,0.0,,10668.0,6477,False,0,2025-06-30 23:17:20
aaa861,N786SA  ,United States,1751325439.0,1751325439,-122.3156,48.1545,1341.12,False,53.56,163.83,0.0,,1379.22,0467,False,0,2025-06-30 23:17:20
a2d573,ASA20   ,United States,1751325440.0,1751325440,-104.5697,41.8557,10668.0,False,243.7,86.85,0.0,,11216.64,6256,False,0,2025-06-30 23:17:20
a71ebb,N558SH  ,United States,1751325440.0,1751325440,-123.2899,45.2114,312.42,False,29.43,323.53,0.33,,281.94,,False,0,2025-06-30 23:17:20
a45bd7,FFT2146 ,United States,1751325127.0,1751325127,-108.5157,39.7761,10652.76,False,232.45,57.01,0.33,,11247.12,,False,0,2025-06-30 23:17:20
a5dee3,ASA634  ,United States,1751325439.0,1751325439,-115.4585,35.8868,3383.28,False,155.95,271.7,0.33,,3558.54,,False,0,2025-06-30 23:17:20
a21bea,RPA5757 ,United States,1751325440.0,1751325440,-83.8135,42.3469,9753.6,False,210.88,258.03,0.33,,10256.52,3476,False,0,2025-06-30 23:17:20
a69bcd,DAL362  ,United States,1751325440.0,1751325440,-93.5413,44.7451,10043.16,False,247.84,86.79,0.0,,10347.96,3701,False,0,2025-06-30 23:17:20
abb534,ASH6153 ,United States,1751325359.0,1751325363,-95.3071,30.0072,137.16,False,76.65,270.0,-3.58,,144.78,0755,False,0,2025-06-30 23:17:20
a2d554,N2819Q  ,United States,1751325144.0,1751325156,-94.1205,36.1601,487.68,False,34.59,337.25,-3.9,,480.06,1632,False,0,2025-06-30 23:17:20
a65560,EJA507  ,United States,1751325148.0,1751325148,-84.1978,39.9041,358.14,False,55.8,235.14,-2.6,,312.42,2226,False,0,2025-06-30 23:17:20
a1c88f,MXY509  ,United States,1751325439.0,1751325439,-85.1914,38.2794,11277.6,False,240.46,107.81,0.0,,11932.92,4475,False,0,2025-06-30 23:17:20
a1b573,SWA2520 ,United States,1751325440.0,1751325440,-121.4393,38.5888,1615.44,False,147.82,123.36,15.28,,1645.92,3630,False,0,2025-06-30 23:17:20
abb52c,SWA1709 ,United States,1751325439.0,1751325439,-101.256,30.8018,10972.8,False,221.96,276.12,0.0,,11650.98,5171,True,0,2025-06-30 23:17:20
a0a7a0,AAL2732 ,United States,1751325387.0,1751325409,-78.7378,31.0112,10668.0,False,237.4,337.71,0.33,,11224.26,6776,False,0,2025-06-30 23:17:20
a65509,N507ME  ,United States,1751325440.0,1751325440,-77.7717,39.359,883.92,False,68.24,305.49,-0.98,,883.92,,False,0,2025-06-30 23:17:20
c07193,WJA1522 ,Canada,1751325439.0,1751325439,-121.6416,41.5284,11277.6,False,217.74,222.51,-0.33,,11818.62,,False,0,2025-06-30 23:17:20
c07195,AIE833  ,Canada,1751325439.0,1751325439,-73.2164,45.6888,2590.8,False,125.92,252.16,-5.85,,2674.62,,False,0,2025-06-30 23:17:20
ace877,N9303N  ,United States,1751325311.0,1751325439,-96.8773,33.5781,929.64,False,46.58,239.47,0.33,,929.64,,False,0,2025-06-30 23:17:20
a2c27e,SWA3962 ,United States,1751325440.0,1751325440,-77.4207,37.8723,7010.4,False,212.38,27.56,-0.33,,7399.02,5611,False,0,2025-06-30 23:17:20
abfbd0,UAL1803 ,United States,1751325296.0,1751325297,-115.579,38.4803,10957.56,False,221.35,256.29,-0.33,,11536.68,,False,0,2025-06-30 23:17:20
a880ed,,United States,1751325384.0,1751325384,-97.4065,38.1489,1059.18,False,53.48,133.83,0.98,,1097.28,,False,0,2025-06-30 23:17:20
abb54f,SWA2627 ,United States,1751325440.0,1751325440,-87.2044,36.6009,11887.2,False,231.61,137.7,0.0,,12580.62,2175,False,0,2025-06-30 23:17:20
4080bf,BAW171  ,United Kingdom,1751325439.0,1751325440,-79.4678,41.1513,4922.52,False,170.36,229.29,-8.78,,5158.74,2451,True,0,2025-06-30 23:17:20
3c64f0,DLH404  ,Germany,1751325440.0,1751325440,-71.6887,41.4105,7719.06,False,200.65,233.86,-8.13,,8145.78,0723,False,0,2025-06-30 23:17:20
c02f21,WJA671  ,Canada,1751325438.0,1751325439,-83.3653,45.8403,10972.8,False,223.15,311.07,-0.33,,11414.76,6301,False,0,2025-06-30 23:17:20
a9f0b4,N74FF   ,United States,1751325440.0,1751325440,-119.1072,35.4999,716.28,False,41.42,345.62,3.25,,678.18,,False,0,2025-06-30 23:17:20
3c64f6,DLH420  ,Germany,1751325437.0,1751325439,-68.28,44.8842,10972.8,False,229.35,219.9,0.0,,11498.58,2041,False,0,2025-06-30 23:17:20
abb579,SWA2616 ,United States,1751325440.0,1751325440,-87.8824,41.5979,1249.68,False,142.63,67.97,0.0,,1257.3,3274,False,0,2025-06-30 23:17:20
4080c0,BAW20R  ,United Kingdom,1751325439.0,1751325439,-77.0683,44.5468,11277.6,False,271.65,76.75,-0.65,,11826.24,6561,False,0,2025-06-30 23:17:20
a64205,N502GS  ,United States,1751325440.0,1751325440,-108.805,32.164,14325.6,False,254.34,285.24,0.0,,15003.78,3442,False,0,2025-06-30 23:17:20
aa5806,CBC766  ,United States,1751325439.0,1751325439,-107.6458,32.2312,7139.94,False,185.21,90.48,-18.21,,7574.28,6002,False,0,2025-06-30 23:17:20
3c64ec,DLH450  ,Germany,1751325440.0,1751325440,-111.159,38.2788,10972.8,False,245.2,216.12,0.0,,11559.54,,False,0,2025-06-30 23:17:20
a8d249,DAL1670 ,United States,1751325439.0,1751325440,-80.7023,25.8813,2308.86,False,140.37,39.35,-3.25,,2446.02,2072,False,0,2025-06-30 23:17:20
a07a37,N13QA   ,United States,1751325439.0,1751325439,-121.8802,37.0783,1684.02,False,92.4,323.83,-2.6,,1699.26,,False,0,2025-06-30 23:17:20
aa328f,RPA3309 ,United States,1751325439.0,1751325439,-89.8911,38.8445,5509.26,False,196.3,99.81,13.66,,5775.96,1132,False,0,2025-06-30 23:17:20
a94bfc,UAL414  ,United States,1751325439.0,1751325439,-99.4017,42.0921,10363.2,False,230.19,239.37,0.0,,10820.4,2453,False,0,2025-06-30 23:17:20
a94bff,UAL1945 ,United States,1751325440.0,1751325440,-105.4691,31.5525,10972.8,False,238.14,300.22,0.33,,11620.5,2565,False,0,2025-06-30 23:17:20
abfc97,SWA3001 ,United States,1751325440.0,1751325440,-116.6074,35.0292,8168.64,False,241.9,66.43,-4.88,,8625.84,2710,False,0,2025-06-30 23:17:20
ae13bb,HOOK51  ,United States,1751325440.0,1751325440,-95.8247,36.2565,1211.58,False,116.86,95.81,-1.63,,1264.92,,False,0,2025-06-30 23:17:20
a1c7c1,UAL950  ,United States,1751325440.0,1751325440,-77.5734,39.0938,2247.9,False,158.5,60.44,10.4,,2339.34,,False,0,2025-06-30 23:17:20
a76277,WSN3    ,United States,1751325439.0,1751325440,-111.3791,34.5,4960.62,False,130.16,219.23,0.98,,5250.18,,False,0,2025-06-30 23:17:20
a1fd03,SWA3777 ,United States,1751325438.0,1751325439,-87.831,40.9433,7459.98,False,229.43,169.14,8.78,,7795.26,6541,False,0,2025-06-30 23:17:20
4b15db,EDW2M   ,Switzerland,1751325439.0,1751325440,-114.6448,36.1068,2697.48,False,121.71,243.65,-7.15,,2819.4,,False,0,2025-06-30 23:17:20
c08497,ACA268  ,Canada,1751325440.0,1751325440,-89.4734,48.7317,10668.0,False,250.43,104.64,0.0,,10850.88,,False,0,2025-06-30 23:17:20
acd3ea,N9256C  ,United States,1751325439.0,1751325439,-87.3306,36.6225,563.88,False,47.83,251.18,-1.3,,541.02,,False,0,2025-06-30 23:17:20
a76290,N575SD  ,United States,1751325439.0,1751325439,-88.1589,44.4698,472.44,False,43.49,207.47,0.65,,396.24,,False,0,2025-06-30 23:17:20
aa8bfa,ENY4293 ,United States,1751325439.0,1751325439,-93.185,37.2296,2659.38,False,154.33,73.74,15.61,,2766.06,,False,0,2025-06-30 23:17:20
a07a20,N13PC   ,United States,1751325439.0,1751325439,-93.4373,36.239,4876.8,False,91.29,250.24,-3.9,,5074.92,0112,False,0,2025-06-30 23:17:20
ae13f9,SPECK88 ,United States,1751325427.0,1751325435,-97.2437,36.2135,1226.82,False,138.28,186.62,-1.63,,1295.4,,False,0,2025-06-30 23:17:20
ae13f4,PAWS65  ,United States,1751325440.0,1751325440,-97.5826,36.592,3962.4,False,149.36,70.69,0.65,,4183.38,,False,0,2025-06-30 23:17:20
a21d14,SWA2647 ,United States,1751325439.0,1751325440,-118.813,38.1141,9761.22,False,242.58,259.74,-0.65,,10233.66,,False,0,2025-06-30 23:17:20
a2c28a,N277X   ,United States,1751325361.0,1751325361,-112.0214,33.4284,,True,8.23,227.81,,,,1446,False,0,2025-06-30 23:17:20
a8d206,AAL540  ,United States,1751325439.0,1751325439,-114.7836,41.5441,10515.6,False,236.25,162.51,4.88,,11041.38,,False,0,2025-06-30 23:17:20
a1ea32,UAL253  ,United States,1751325439.0,1751325439,-106.4315,31.9765,9753.6,False,258.82,280.3,0.0,,10325.1,7266,False,0,2025-06-30 23:17:20
a07a72,N13SK   ,United States,1751325230.0,1751325230,-80.1959,26.1936,91.44,False,38.21,43.36,-3.25,,114.3,,False,0,2025-06-30 23:17:20
a1a1b6,RPA5677 ,United States,1751325440.0,1751325440,-73.7299,41.7055,4511.04,False,186.61,188.24,-9.43,,4732.02,4635,True,0,2025-06-30 23:17:20
a33d62,DAL305  ,United States,1751325319.0,1751325319,-78.2908,30.0554,9448.8,False,229.74,6.17,0.0,,9928.86,6050,False,0,2025-06-30 23:17:20
a69bdf,N525DU  ,United States,1751325437.0,1751325439,-93.065,33.0654,11681.46,False,161.46,83.78,2.6,,12352.02,3433,False,0,2025-06-30 23:17:20
a427e3,SUB47   ,United States,1751325291.0,1751325291,-90.6325,38.6622,152.4,False,66.29,257.91,-4.55,,144.78,1064,False,0,2025-06-30 23:17:20
a71efa,AAL2387 ,United States,1751325439.0,1751325439,-111.7594,32.9469,10058.4,False,250.72,110.67,0.0,,10637.52,3252,False,0,2025-06-30 23:17:20
a89545,QXE2326 ,United States,1751325440.0,1751325440,-121.0901,46.3909,9029.7,False,223.38,126.29,5.53,,9456.42,1642,False,0,2025-06-30 23:17:20
a65598,SKW4960 ,United States,1751325440.0,1751325440,-119.4075,38.334,10668.0,False,214.05,184.13,0.33,,11201.4,,False,0,2025-06-30 23:17:20
a83ef2,NKS8830 ,United States,1751325439.0,1751325439,-82.2381,34.2067,11582.4,False,230.78,143.16,0.0,,12275.82,5743,False,0,2025-06-30 23:17:20
a1ea0d,N222SP  ,United States,1751325439.0,1751325439,-113.1608,34.087,2865.12,False,59.24,293.0,-0.98,,3070.86,1117,True,0,2025-06-30 23:17:20
ae13fd,JAVAN51 ,United States,1751325440.0,1751325440,-97.7162,30.6759,4998.72,False,136.43,259.79,-2.28,,5303.52,1200,False,0,2025-06-30 23:17:20
aa3249,N756WB  ,United States,1751325440.0,1751325440,-85.1518,39.4154,944.88,False,63.17,257.77,0.0,,922.02,1200,False,0,2025-06-30 23:17:20
a6a54e,N5270G  ,United States,1751325439.0,1751325440,-88.2981,41.4827,952.5,False,44.25,359.33,-0.33,,937.26,1200,False,0,2025-06-30 23:17:20
a76235,JIA5487 ,United States,1751325439.0,1751325439,-92.6515,33.2623,10668.0,False,250.4,85.17,-0.33,,11323.32,6254,False,0,2025-06-30 23:17:20
aa589c,JBU276  ,United States,1751325439.0,1751325439,-71.9491,39.7946,7315.2,False,224.29,339.74,0.0,,7749.54,,False,0,2025-06-30 23:17:20
a6b87a,SKW5442 ,United States,1751325241.0,1751325241,-89.9894,35.1304,556.26,False,84.94,177.92,-4.23,,594.36,4025,True,0,2025-06-30 23:17:20
a94bd9,N69875  ,United States,1751325168.0,1751325168,-90.6424,38.6621,152.4,False,25.72,253.74,-1.3,,129.54,,False,0,2025-06-30 23:17:20
a5cbf3,UAL2645 ,United States,1751325440.0,1751325440,-75.3157,39.9194,4617.72,False,199.45,43.12,-7.8,,4861.56,0765,False,0,2025-06-30 23:17:20
a6426a,N502LT  ,United States,1751325417.0,1751325433,-85.5027,38.7093,1242.06,False,66.03,206.37,6.5,,1257.3,1200,False,0,2025-06-30 23:17:20
0d0a19,VOI761  ,Mexico,1751325439.0,1751325439,-104.5217,39.0904,6316.98,False,204.5,165.58,10.4,,6682.74,1456,False,0,2025-06-30 23:17:20
a031bd,AAL3053 ,United States,1751325440.0,1751325440,-97.29,33.2551,1554.48,False,144.16,105.52,-4.23,,1645.92,4676,False,0,2025-06-30 23:17:20
0d0a18,VOI800  ,Mexico,1751325440.0,1751325440,-97.8276,32.0613,7444.74,False,232.2,29.46,-7.8,,7901.94,2420,True,0,2025-06-30 23:17:20
aa8be5,EJA779  ,United States,1751325440.0,1751325440,-74.9494,42.1257,6918.96,False,219.56,266.51,-5.53,,7269.48,2441,False,0,2025-06-30 23:17:20
a8955e,NKS2366 ,United States,1751325439.0,1751325439,-91.9563,33.1226,10972.8,False,223.69,230.6,0.0,,11643.36,5771,False,0,2025-06-30 23:17:20
a7d892,N60406  ,United States,1751325433.0,1751325434,-90.2405,38.4848,647.7,False,47.34,19.03,-0.98,,632.46,,False,0,2025-06-30 23:17:20
abb507,SWA867  ,United States,1751325439.0,1751325439,-78.0084,42.4768,11582.4,False,206.13,251.07,0.0,,12184.38,7343,False,0,2025-06-30 23:17:20
acc0fb,N9203R  ,United States,1751325439.0,1751325439,-91.3151,33.9352,3040.38,False,74.15,240.95,-0.33,,3200.4,1646,False,0,2025-06-30 23:17:20
aa3226,AAL1610 ,United States,1751325344.0,1751325351,-84.442,33.6427,,True,0.0,270.0,,,,1626,True,0,2025-06-30 23:17:20
a11f9d,UAL350  ,United States,1751325439.0,1751325440,-73.108,39.8882,7338.06,False,234.84,106.81,7.48,,7719.06,3306,False,0,2025-06-30 23:17:20
aa9d1a,EJA783  ,United States,1751325435.0,1751325435,-96.8469,32.8465,,True,8.75,135.0,,,,2746,False,0,2025-06-30 23:17:20
aa67d5,N77MV   ,United States,1751325440.0,1751325440,-122.2933,47.7301,601.98,False,42.7,328.8,-0.33,,624.84,,False,0,2025-06-30 23:17:20
aaed05,N803AC  ,United States,1751325257.0,1751325257,-121.9344,37.3617,,True,0.0,230.62,,,,1133,False,0,2025-06-30 23:17:20
ac2d09,DAL355  ,United States,1751325439.0,1751325439,-109.0273,36.4006,10965.18,False,236.01,261.73,0.33,,11567.16,1751,False,0,2025-06-30 23:17:20
a303c4,N29355  ,United States,1751325439.0,1751325440,-84.3794,33.1553,548.64,False,40.28,241.8,3.25,,533.4,,False,0,2025-06-30 23:17:20
a72f22,JBU1642 ,United States,1751325440.0,1751325440,-73.7687,40.6294,,True,10.29,241.88,,,,5641,False,0,2025-06-30 23:17:20
a59f53,SWA452  ,United States,1751325440.0,1751325440,-104.279,39.4243,5501.64,False,162.97,329.87,-6.83,,5852.16,7501,True,0,2025-06-30 23:17:20
0d0e40,AMX640  ,Mexico,1751325439.0,1751325439,-74.6693,38.862,11277.6,False,233.14,33.48,-0.33,,11925.3,3267,False,0,2025-06-30 23:17:20
a0a3f8,N140PC  ,United States,1751325389.0,1751325389,-105.1776,40.1712,1485.9,False,43.85,121.08,-2.93,,1600.2,,False,0,2025-06-30 23:17:20
aaed17,AAL2076 ,United States,1751325439.0,1751325439,-81.0072,33.819,6096.0,False,224.71,189.35,0.33,,6454.14,,False,0,2025-06-30 23:17:20
acd296,AAL751  ,United States,1751325439.0,1751325439,-84.6173,36.3156,9433.56,False,233.37,300.47,1.95,,10005.06,1133,False,0,2025-06-30 23:17:20
a5ef0e,UAL1844 ,United States,1751325440.0,1751325440,-74.1743,40.6834,91.44,False,84.91,205.48,13.98,,45.72,,False,0,2025-06-30 23:17:20
a2f6ba,AAY711  ,United States,1751325440.0,1751325440,-97.2645,40.6076,10668.0,False,260.78,75.61,0.0,,11178.54,0147,False,0,2025-06-30 23:17:20
a449f1,DAL716  ,United States,1751325439.0,1751325439,-104.2966,40.2612,3985.26,False,175.05,255.88,-9.1,,4244.34,2673,False,0,2025-06-30 23:17:20
a1e9fe,N222RZ  ,United States,1751325437.0,1751325437,-73.0961,42.1294,2164.08,False,94.73,98.75,0.0,,2232.66,,False,0,2025-06-30 23:17:20
a0b6ea,SKW5552 ,United States,1751325440.0,1751325440,-92.8087,31.8719,9753.6,False,227.33,228.12,0.33,,10378.44,,False,0,2025-06-30 23:17:20
a449e5,DAL2120 ,United States,1751325439.0,1751325440,-116.788,34.8847,8580.12,False,250.52,54.61,-4.55,,9075.42,4777,False,0,2025-06-30 23:17:20
ad4d12,AAL1288 ,United States,1751325438.0,1751325438,-101.0683,27.6131,10675.62,False,243.03,37.26,0.0,,11346.18,,False,0,2025-06-30 23:17:20
0d0e61,XARZR   ,Mexico,1751325420.0,1751325420,-99.253,25.7896,2727.96,False,82.31,89.64,0.0,,2857.5,,False,0,2025-06-30 23:17:20
a2f6b3,ENY3345 ,United States,1751325440.0,1751325440,-70.6805,43.4091,10126.98,False,226.65,218.46,7.48,,10668.0,3557,False,0,2025-06-30 23:17:20
aaa4b3,SKW5606 ,United States,1751325440.0,1751325440,-84.64,40.6667,10355.58,False,239.45,300.75,-0.33,,10942.32,1353,False,0,2025-06-30 23:17:20
a5dc0c,CBC477  ,United States,1751325349.0,1751325359,-112.0221,41.187,1348.74,False,44.38,45.0,-0.65,,1371.6,,False,0,2025-06-30 23:17:20
c080dc,ACA527  ,Canada,1751325440.0,1751325440,-94.8361,44.4801,10363.2,False,227.48,240.01,0.0,,10683.24,1011,False,0,2025-06-30 23:17:20
c080dd,ACA326  ,Canada,1751325439.0,1751325439,-73.9874,45.6882,2263.14,False,132.46,125.36,-5.85,,2324.1,,False,0,2025-06-30 23:17:20
a2e3e9,N2857P  ,United States,1751325320.0,1751325324,-117.1318,32.8131,182.88,False,33.64,293.43,-1.63,,137.16,,False,0,2025-06-30 23:17:20
ab0d76,DAL1109 ,United States,1751325437.0,1751325437,-105.7191,35.2497,9022.08,False,233.4,93.16,3.58,,9555.48,,False,0,2025-06-30 23:17:20
a2d0b2,OXF5246 ,United States,1751325304.0,1751325306,-111.7227,33.4661,525.78,False,40.98,231.12,-4.55,,426.72,,False,0,2025-06-30 23:17:20
a34c6f,N311VM  ,United States,1751325420.0,1751325430,-102.6526,43.9365,3291.84,False,129.3,116.97,0.0,,3459.48,,False,0,2025-06-30 23:17:20
a96def,N7065R  ,United States,1751325436.0,1751325438,-111.7965,33.0942,1028.7,False,41.7,182.12,-0.65,,982.98,1200,False,0,2025-06-30 23:17:20
abfa24,AAL110  ,United States,1751325440.0,1751325440,-84.1026,45.0178,11879.58,False,285.35,71.83,0.33,,12374.88,6267,False,0,2025-06-30 23:17:20
aaed5a,DAL2209 ,United States,1751325439.0,1751325439,-82.0354,28.0271,4968.24,False,183.08,65.96,-5.2,,5242.56,5660,False,0,2025-06-30 23:17:20
acf7e4,N9347T  ,United States,1751325439.0,1751325440,-88.3692,41.5581,716.28,False,45.65,230.03,0.98,,685.8,1200,False,0,2025-06-30 23:17:20
abc4be,SWA882  ,United States,1751325439.0,1751325439,-94.5471,33.6147,10744.2,False,245.61,68.11,7.15,,11391.9,6263,False,0,2025-06-30 23:17:20
a34c68,ENY3602 ,United States,1751325436.0,1751325438,-83.2056,45.8621,9144.0,False,196.13,241.49,-0.65,,9517.38,6557,False,0,2025-06-30 23:17:20
aaa4dc,UAL57   ,United States,1751325440.0,1751325440,-70.825,43.5707,10668.0,False,267.66,61.91,0.0,,11209.02,1753,False,0,2025-06-30 23:17:20
aa559e,N765RM  ,United States,1751325439.0,1751325439,-99.4429,25.2445,6949.44,False,218.1,328.9,-15.93,,7360.92,,False,0,2025-06-30 23:17:20
a9bde6,N727DP  ,United States,1751325436.0,1751325439,-99.0624,33.9561,5821.68,False,126.45,280.08,0.0,,6141.72,6130,False,0,2025-06-30 23:17:20
0d0e1d,AMX645  ,Mexico,1751325439.0,1751325440,-112.522,30.6554,11277.6,False,245.57,130.5,0.0,,11948.16,7705,False,0,2025-06-30 23:17:20
a1d811,RPA5881 ,United States,1751325440.0,1751325440,-76.9641,38.6914,2255.52,False,146.28,145.02,8.78,,2369.82,5662,False,0,2025-06-30 23:17:20
a0b81e,UAL1292 ,United States,1751325439.0,1751325439,-70.4059,42.9484,5897.88,False,213.09,159.51,-14.96,,6195.06,3776,False,0,2025-06-30 23:17:20
adaee8,AAL1193 ,United States,1751325439.0,1751325440,-93.8593,34.9839,10363.2,False,231.33,214.86,-0.33,,10980.42,3266,False,0,2025-06-30 23:17:20
a0b81d,UAL746  ,United States,1751325439.0,1751325440,-101.1196,38.8368,10363.2,False,226.95,271.56,0.33,,10927.08,7041,False,0,2025-06-30 23:17:20
a0b823,UAL1527 ,United States,1751325440.0,1751325440,-111.0183,40.8003,10652.76,False,239.38,94.31,0.0,,11239.5,3342,False,0,2025-06-30 23:17:20
a0b821,UAL234  ,United States,1751325440.0,1751325440,-103.6027,38.0066,9753.6,False,245.01,137.3,4.23,,10302.24,3263,False,0,2025-06-30 23:17:20
a46c9a,UAL1216 ,United States,1751325440.0,1751325440,-100.5841,30.8506,10668.0,False,239.07,85.06,0.0,,11330.94,3724,False,0,2025-06-30 23:17:20
a0b820,UAL2211 ,United States,1751325439.0,1751325439,-86.7309,41.6178,4015.74,False,181.07,310.16,-13.0,,4191.0,5720,False,0,2025-06-30 23:17:20
ac2be9,SWA189  ,United States,1751325426.0,1751325426,-96.8433,32.8441,,True,0.32,278.44,,,,6725,False,0,2025-06-30 23:17:20
acf870,N935CB  ,United States,1751325439.0,1751325439,-117.4406,33.9425,525.78,False,51.79,103.21,2.28,,464.82,1200,False,0,2025-06-30 23:17:20
a770a2,JBU1794 ,United States,1751325439.0,1751325439,-78.5437,29.6576,11292.84,False,231.84,14.65,0.0,,11864.34,4601,False,0,2025-06-30 23:17:20
a23ea5,N2438S  ,United States,1751325440.0,1751325440,-72.8424,40.8433,182.88,False,34.99,270.84,-0.65,,152.4,,False,0,2025-06-30 23:17:20
abb245,SWA2349 ,United States,1751325398.0,1751325398,-122.3821,37.6204,,True,4.89,298.12,,,,2032,False,0,2025-06-30 23:17:20
a1d809,N218JG  ,United States,1751325204.0,1751325208,-88.114,44.4924,251.46,False,49.07,240.48,-3.25,,182.88,,False,0,2025-06-30 23:17:20
a913d6,UAL920  ,United States,1751325440.0,1751325440,-87.9103,41.9704,,True,7.46,95.62,,,,,False,0,2025-06-30 23:17:20
a0b82f,N1454H  ,United States,1751325391.0,1751325439,-67.0501,45.6913,13716.0,False,245.85,234.28,0.0,,14211.3,0777,False,0,2025-06-30 23:17:20
c080a6,WJA1525 ,Canada,1751325440.0,1751325440,-119.3642,37.7571,10972.8,False,250.0,352.67,0.0,,11529.06,7723,False,0,2025-06-30 23:17:20
ac2bf8,ASH6151 ,United States,1751325440.0,1751325440,-90.3588,36.2541,8839.2,False,261.84,50.9,0.0,,9342.12,5614,False,0,2025-06-30 23:17:20
ad0562,SWA40   ,United States,1751325440.0,1751325440,-99.6289,34.0025,12192.0,False,235.62,332.43,0.0,,12877.8,1343,False,0,2025-06-30 23:17:20
a9bf4b,DAL823  ,United States,1751325081.0,1751325278,-111.9296,38.7924,11582.4,False,223.72,262.34,0.0,,12199.62,2051,False,0,2025-06-30 23:17:20
a280fe,SWA537  ,United States,1751325438.0,1751325438,-122.3733,37.6203,,True,31.9,298.12,,,,6213,False,0,2025-06-30 23:17:20
a0b801,UAL1602 ,United States,1751325439.0,1751325440,-92.4645,34.6121,10347.96,False,232.1,298.89,0.0,,10988.04,3203,False,0,2025-06-30 23:17:20
c080d9,ACA423  ,Canada,1751325440.0,1751325440,-78.8827,43.99,3093.72,False,147.8,227.26,-7.15,,3169.92,6553,False,0,2025-06-30 23:17:20
a9bf27,SKW6282 ,United States,1751325439.0,1751325439,-104.4276,38.254,11277.6,False,240.24,95.28,-0.33,,11879.58,3521,False,0,2025-06-30 23:17:20
abc56d,N858DT  ,United States,1751325439.0,1751325439,-112.2156,41.332,2255.52,False,63.02,185.15,-1.95,,2346.96,,False,0,2025-06-30 23:17:20
a0b803,UAL798  ,United States,1751325439.0,1751325439,-95.9854,38.037,10066.02,False,263.48,77.48,-0.33,,10637.52,,False,0,2025-06-30 23:17:20
a96f68,JRE707  ,United States,1751325440.0,1751325440,-122.198,45.4135,2712.72,False,114.54,252.22,-7.48,,2811.78,3160,False,0,2025-06-30 23:17:20
adaef7,N981BC  ,United States,1751325439.0,1751325439,-116.7512,43.7253,1554.48,False,49.73,309.12,0.0,,1577.34,,False,0,2025-06-30 23:17:20
ab627c,SWA1850 ,United States,1751325439.0,1751325439,-112.5443,36.0384,11277.6,False,239.96,79.75,-0.33,,11910.06,,False,0,2025-06-30 23:17:20
a7d3d3,EJA603  ,United States,1751325440.0,1751325440,-77.3887,35.9802,13106.4,False,229.94,218.46,0.0,,13761.72,4002,False,0,2025-06-30 23:17:20
a2d0d5,OXF5542 ,United States,1751325438.0,1751325439,-111.8375,32.909,1219.2,False,43.98,245.83,0.0,,1196.34,1200,False,0,2025-06-30 23:17:20
a796d6,N5886M  ,United States,1751325439.0,1751325439,-88.2836,41.7384,1242.06,False,68.7,339.39,0.0,,1249.68,1301,False,0,2025-06-30 23:17:20
ab628c,SWA4035 ,United States,1751325440.0,1751325440,-100.1446,43.0494,10668.0,False,256.4,114.92,0.0,,11125.2,,False,0,2025-06-30 23:17:20
abb271,SWA4752 ,United States,1751325439.0,1751325439,-85.6314,35.5993,11277.6,False,233.94,170.12,0.0,,11948.16,5624,False,0,2025-06-30 23:17:20
a0a530,N1401E  ,United States,1751325438.0,1751325439,-104.7428,39.1133,2773.68,False,50.42,241.34,-0.33,,2933.7,,False,0,2025-06-30 23:17:20
a16227,N189AM  ,United States,1751325439.0,1751325439,-112.3645,33.4321,396.24,False,20.27,215.71,-1.95,,304.8,,False,0,2025-06-30 23:17:20
a4cf95,JTL40   ,United States,1751325440.0,1751325440,-92.3561,43.9048,13716.0,False,206.03,151.52,-0.33,,14150.34,1652,False,0,2025-06-30 23:17:20
a0ebaf,N159AS  ,United States,1751325273.0,1751325406,-100.4924,31.3847,708.66,False,35.87,188.25,1.95,,701.04,,False,0,2025-06-30 23:17:20
a676ea,CAP2142 ,United States,1751325439.0,1751325439,-92.6496,44.4771,1249.68,False,47.89,182.46,1.63,,1226.82,,False,0,2025-06-30 23:17:20
acd251,N925SD  ,United States,1751325440.0,1751325440,-102.5448,30.9074,7924.8,False,112.3,236.97,0.33,,8412.48,,False,0,2025-06-30 23:17:20
a543f2,N4385W  ,United States,1751325440.0,1751325440,-83.9233,39.6633,883.92,False,54.06,196.02,2.6,,868.68,1200,False,0,2025-06-30 23:17:20
aa8a26,UAL8101 ,United States,1751325439.0,1751325439,-89.4686,41.8714,7239.0,False,220.54,263.57,1.63,,7551.42,3536,False,0,2025-06-30 23:17:20
a17527,AAL3254 ,United States,1751325439.0,1751325439,-89.0723,36.2627,10363.2,False,224.01,253.73,0.0,,10972.8,0576,False,0,2025-06-30 23:17:20
0d0cec,VIV9334 ,Mexico,1751325439.0,1751325439,-108.0948,30.3011,10363.2,False,234.38,204.37,0.0,,10988.04,,False,0,2025-06-30 23:17:20
c03f69,AIE856  ,Canada,1751325439.0,1751325439,-74.5213,46.84,7315.2,False,122.77,209.36,0.0,,7612.38,,False,0,2025-06-30 23:17:20
a0a522,UAL970  ,United States,1751325435.0,1751325435,-67.3345,48.1366,10660.38,False,278.2,70.89,-0.33,,11117.58,1333,False,0,2025-06-30 23:17:20
a04229,N1157X  ,United States,1751325439.0,1751325440,-111.9903,40.6045,1463.04,False,39.51,351.76,-3.58,,1447.8,1200,False,0,2025-06-30 23:17:20
a09bbd,N1383U  ,United States,1751325439.0,1751325439,-122.142,47.9695,609.6,False,53.71,249.83,-1.63,,586.74,1200,False,0,2025-06-30 23:17:20
ab8839,KSU42   ,United States,1751325440.0,1751325440,-97.2395,38.883,464.82,False,48.46,86.35,-3.9,,464.82,,False,0,2025-06-30 23:17:20
adf0f1,N998G   ,United States,1751325439.0,1751325439,-101.4376,38.78,12496.8,False,235.87,111.36,-0.33,,13091.16,6064,False,0,2025-06-30 23:17:20
a53207,AAL2300 ,United States,1751325440.0,1751325440,-82.2512,37.909,10363.2,False,233.41,257.53,0.0,,11003.28,4113,False,0,2025-06-30 23:17:20
a1d87a,AAY53   ,United States,1751325440.0,1751325440,-109.6216,39.215,10668.0,False,237.14,56.41,0.0,,11231.88,,False,0,2025-06-30 23:17:20
a79821,JBU1194 ,United States,1751325440.0,1751325440,-72.5887,41.1275,6400.8,False,184.71,39.01,0.0,,6743.7,2474,False,0,2025-06-30 23:17:20
ac3ea3,SWA1997 ,United States,1751325439.0,1751325440,-97.6838,30.4184,830.58,False,79.36,176.66,0.33,,876.3,2655,False,0,2025-06-30 23:17:20
a890fe,FFT3277 ,United States,1751325439.0,1751325439,-100.8499,31.8517,10645.14,False,223.39,254.78,4.23,,11315.7,3440,False,0,2025-06-30 23:17:20
a34bc8,AAY854  ,United States,1751325439.0,1751325439,-82.2779,30.0105,11277.6,False,216.16,23.27,-0.33,,11902.44,3730,False,0,2025-06-30 23:17:20
a0427e,N116AA  ,United States,1751325439.0,1751325439,-112.0435,33.4284,678.18,False,93.29,266.52,14.96,,617.22,1613,False,0,2025-06-30 23:17:20
a1d873,ENY4146 ,United States,1751325439.0,1751325440,-88.4929,41.4701,3375.66,False,190.2,41.71,0.0,,3505.2,0774,False,0,2025-06-30 23:17:20
c03f37,WJA290  ,Canada,1751325440.0,1751325440,-70.2825,46.642,11277.6,False,259.73,99.46,0.0,,11780.52,1103,False,0,2025-06-30 23:17:20
abc504,SWA858  ,United States,1751325440.0,1751325440,-118.6286,37.2834,9448.8,False,245.55,84.35,0.0,,9936.48,3276,False,0,2025-06-30 23:17:20
a4bbb3,CY0404  ,United States,1751325440.0,1751325440,-81.4924,38.6707,10363.2,False,232.37,340.2,-0.33,,10995.66,,False,0,2025-06-30 23:17:20
ac3eba,SWA642  ,United States,1751325439.0,1751325439,-118.5759,33.9336,1447.8,False,139.81,263.45,13.98,,1455.42,,False,0,2025-06-30 23:17:20
484445,KLM672  ,Kingdom of the Netherlands,1751325410.0,1751325410,-73.7411,45.4764,,True,9.26,42.19,,,,,False,0,2025-06-30 23:17:20
a30535,N294JY  ,United States,1751325439.0,1751325439,-118.4152,33.4008,1539.24,False,49.29,198.25,-0.65,,1539.24,,False,0,2025-06-30 23:17:20
a2e516,N286JJ  ,United States,1751325431.0,1751325431,-118.817,38.473,10584.18,False,237.43,87.27,3.25,,11117.58,3202,False,0,2025-06-30 23:17:20
a31862,N299RB  ,United States,1751325439.0,1751325439,-88.3999,30.8933,4434.84,False,158.29,133.55,-7.15,,4640.58,2125,False,0,2025-06-30 23:17:20
a95c89,FFT3376 ,United States,1751325440.0,1751325440,-102.4596,40.0245,8481.06,False,242.42,82.32,7.8,,8938.26,,False,0,2025-06-30 23:17:20
ac2ba0,SWA1324 ,United States,1751325436.0,1751325436,-121.927,37.3666,,True,0.0,47.81,,,,,False,0,2025-06-30 23:17:20
acf846,ASA290  ,United States,1751325439.0,1751325440,-73.9556,44.57,10363.2,False,222.47,319.13,0.0,,10866.12,3007,False,0,2025-06-30 23:17:20
a4389f,MVK87   ,United States,1751325439.0,1751325439,-93.2397,43.4784,1828.8,False,47.66,327.34,-0.33,,1844.04,,False,0,2025-06-30 23:17:20
ab6229,SWA4639 ,United States,1751325432.0,1751325432,-82.5303,27.9856,,True,6.17,272.81,,,,,False,0,2025-06-30 23:17:20
abb205,SWA2943 ,United States,1751325439.0,1751325440,-105.3262,38.2202,10165.08,False,235.86,205.45,6.18,,10713.72,3250,False,0,2025-06-30 23:17:20
3991e2,AFR616  ,France,1751325439.0,1751325439,-79.342,25.1262,7078.98,False,199.4,307.14,-11.38,,7528.56,,False,0,2025-06-30 23:17:20
ac2bb7,ASH6246 ,United States,1751325440.0,1751325440,-95.0244,36.2281,10668.0,False,247.41,6.33,0.33,,11292.84,7222,False,0,2025-06-30 23:17:20
ac3ee9,SWA822  ,United States,1751325440.0,1751325440,-78.0137,33.6639,11277.6,False,225.56,7.21,0.0,,11894.82,4155,False,0,2025-06-30 23:17:20
aab883,N790FA  ,United States,1751325439.0,1751325439,-116.9026,33.1744,1409.7,False,55.29,135.0,0.0,,1417.32,,False,0,2025-06-30 23:17:20
a30596,AAY778  ,United States,1751325440.0,1751325440,-119.2994,38.4472,10972.8,False,262.7,4.61,0.0,,11529.06,6774,False,0,2025-06-30 23:17:20
a0428a,AAL306  ,United States,1751325439.0,1751325440,-87.2935,42.8239,10363.2,False,206.87,271.42,0.33,,10828.02,2262,False,0,2025-06-30 23:17:20
ac2bc6,SWA3234 ,United States,1751325438.0,1751325439,-86.2024,40.4024,6728.46,False,203.19,336.42,-5.2,,7056.12,1650,False,0,2025-06-30 23:17:20
a4cea3,LXJ409  ,United States,1751325440.0,1751325440,-98.1328,29.8171,3002.28,False,158.87,254.79,-10.73,,3177.54,4555,False,0,2025-06-30 23:17:20
a1c57e,RPA5675 ,United States,1751325432.0,1751325437,-73.8718,40.7779,,True,0.0,300.94,,,,,False,0,2025-06-30 23:17:20
a16273,DAL531  ,United States,1751325440.0,1751325440,-104.2338,39.5065,10675.62,False,255.95,92.65,-0.33,,11247.12,3240,False,0,2025-06-30 23:17:20
aa40f5,N76UD   ,United States,1751325439.0,1751325439,-89.3712,42.7227,1539.24,False,64.78,77.62,0.0,,1539.24,,False,0,2025-06-30 23:17:20
a1b247,N2081S  ,United States,1751325439.0,1751325439,-71.4891,42.6143,937.26,False,33.97,125.13,0.0,,960.12,1200,False,0,2025-06-30 23:17:20
ac8233,ERU905  ,United States,1751325439.0,1751325440,-80.341,27.6017,1181.1,False,53.84,297.3,-0.33,,1257.3,,False,0,2025-06-30 23:17:20
acf83f,N935AC  ,United States,1751325436.0,1751325436,-81.4389,28.3462,152.4,False,63.89,14.93,0.0,,213.36,,False,0,2025-06-30 23:17:20
ac2bd5,ASH6375 ,United States,1751325439.0,1751325439,-96.3264,27.7842,8534.4,False,229.26,208.41,0.0,,9083.04,7405,False,0,2025-06-30 23:17:20
a34bdc,EDV4838 ,United States,1751325440.0,1751325440,-77.9246,38.6071,8526.78,False,228.21,233.16,3.25,,9029.7,3610,False,0,2025-06-30 23:17:20
ac2bd4,ASH6230 ,United States,1751325423.0,1751325425,-110.4006,40.4768,9555.48,False,223.11,118.81,1.63,,10088.88,6042,False,0,2025-06-30 23:17:20
a54520,LXJ439  ,United States,1751325439.0,1751325439,-79.7625,31.2383,12496.8,False,236.78,302.31,-0.33,,13121.64,1316,False,0,2025-06-30 23:17:20
a89234,UAL127  ,United States,1751325439.0,1751325439,-75.3607,38.1402,9006.84,False,251.15,216.59,-3.9,,9509.76,6003,False,0,2025-06-30 23:17:20
ab73f5,SKW3957 ,United States,1751325435.0,1751325440,-86.0673,39.1887,8313.42,False,239.73,0.25,8.13,,8801.1,6601,False,0,2025-06-30 23:17:20
a0b7b8,UAL2487 ,United States,1751325440.0,1751325440,-104.7677,40.2829,10660.38,False,243.45,70.11,0.0,,11254.74,7774,False,0,2025-06-30 23:17:20
a8e20f,DAL315  ,United States,1751325439.0,1751325440,-85.6856,35.6761,10835.64,False,237.82,299.84,3.9,,11490.96,6001,False,0,2025-06-30 23:17:20
aa558a,EJA765  ,United States,1751325439.0,1751325439,-96.3062,30.3953,5181.6,False,192.49,155.7,-11.38,,5455.92,2264,False,0,2025-06-30 23:17:20
aa9bfd,N783DG  ,United States,1751325195.0,1751325195,-118.1487,33.8139,45.72,False,29.84,269.01,-1.3,,-7.62,,False,0,2025-06-30 23:17:20
ac2c79,SWA3451 ,United States,1751325439.0,1751325439,-120.1568,39.0119,7749.54,False,235.87,49.95,6.18,,8130.54,3215,False,0,2025-06-30 23:17:20
aaa3ef,N785JP  ,United States,1751325439.0,1751325439,-111.3512,39.8194,5433.06,False,124.77,331.43,-9.1,,5760.72,,False,0,2025-06-30 23:17:20
a6c88e,AAL1326 ,United States,1751325440.0,1751325440,-78.658,35.9911,883.92,False,101.51,223.97,-3.25,,914.4,1166,False,0,2025-06-30 23:17:20
a187ba,AAL3280 ,United States,1751325440.0,1751325440,-73.874,40.7759,,True,0.0,132.19,,,,,False,0,2025-06-30 23:17:20
4a91af,SAS924  ,Sweden,1751325439.0,1751325440,-69.9676,44.8638,10058.4,False,247.79,29.07,0.0,,10561.32,7142,False,0,2025-06-30 23:17:20
ab60e3,DAL14   ,United States,1751325439.0,1751325439,-75.7876,37.6267,9448.8,False,247.39,31.05,0.0,,9989.82,3123,False,0,2025-06-30 23:17:20
a2d26c,N281HL  ,United States,1751325439.0,1751325440,-99.7342,45.924,12489.18,False,262.45,112.59,0.0,,12923.52,,False,0,2025-06-30 23:17:20
aa9bcb,N783BG  ,United States,1751325440.0,1751325440,-119.0921,34.2003,335.28,False,52.08,93.96,0.65,,289.56,,False,0,2025-06-30 23:17:20
a8922f,N651TW  ,United States,1751325440.0,1751325440,-81.1619,32.5969,8069.58,False,140.03,323.21,11.38,,8542.02,0774,False,0,2025-06-30 23:17:20
abc3ec,SWA3156 ,United States,1751325440.0,1751325440,-82.1743,42.2154,8945.88,False,260.46,81.71,-4.88,,9410.7,0631,False,0,2025-06-30 23:17:20
4a91b3,SAS908  ,Sweden,1751325378.0,1751325378,-74.1655,40.6998,,True,0.0,25.31,,,,,False,0,2025-06-30 23:17:20
0d0d52,VTM941  ,Mexico,1751325439.0,1751325439,-90.1568,35.3386,9753.6,False,229.43,227.73,-0.33,,10325.1,6755,False,0,2025-06-30 23:17:20
acd0c7,N925AK  ,United States,1751325439.0,1751325439,-97.6474,44.385,12489.18,False,235.34,55.06,-0.33,,12931.14,3230,False,0,2025-06-30 23:17:20
ac2c9c,SWA2794 ,United States,1751325439.0,1751325439,-77.8833,38.6398,6073.14,False,226.73,84.92,-5.2,,6408.42,3017,False,0,2025-06-30 23:17:20
aa9bbc,S447    ,United States,1751325438.0,1751325440,-116.7594,47.7101,914.4,False,63.56,299.05,3.25,,937.26,,False,0,2025-06-30 23:17:20
adaf98,H30     ,United States,1751325440.0,1751325440,-122.2749,38.2169,129.54,False,39.34,332.76,4.23,,76.2,,False,0,2025-06-30 23:17:20
a0b7dc,UAL2088 ,United States,1751325439.0,1751325439,-82.5636,36.7445,10972.8,False,234.06,338.74,-0.33,,11650.98,7413,False,0,2025-06-30 23:17:20
a72ef7,GJS3376 ,United States,1751325440.0,1751325440,-72.9407,40.1496,10363.2,False,229.2,225.91,0.0,,10965.18,3461,False,0,2025-06-30 23:17:20
a7851c,DAL806  ,United States,1751325439.0,1751325439,-92.4566,43.2366,10370.82,False,203.36,262.59,0.33,,10744.2,2612,False,0,2025-06-30 23:17:20
a0da26,MVJ54   ,United States,1751325440.0,1751325440,-101.585,35.5061,13106.4,False,226.47,271.82,0.0,,13731.24,,False,0,2025-06-30 23:17:20
a96ebd,N707BW  ,United States,1751325438.0,1751325439,-84.6775,39.8645,4274.82,False,91.71,291.38,2.28,,4442.46,3530,False,0,2025-06-30 23:17:20
a317ba,ENY4151 ,United States,1751325440.0,1751325440,-93.1767,43.3262,8511.54,False,225.7,333.9,-6.83,,8793.48,7220,False,0,2025-06-30 23:17:20
0d0d72,AMX669  ,Mexico,1751325438.0,1751325438,-114.6042,32.2202,10668.0,False,241.91,128.7,0.0,,11269.98,3757,False,0,2025-06-30 23:17:20
aa9bb7,AMX409  ,United States,1751325439.0,1751325440,-86.1725,40.2925,12184.38,False,224.69,222.31,-0.33,,12816.84,2277,False,0,2025-06-30 23:17:20
0d0d75,VIV2264 ,Mexico,1751325439.0,1751325439,-100.6923,26.0573,10363.2,False,233.59,297.98,0.33,,11018.52,,False,0,2025-06-30 23:17:20
a79890,JIA5537 ,United States,1751325353.0,1751325354,-81.083,29.1705,30.48,False,78.04,65.46,-4.55,,38.1,5046,False,0,2025-06-30 23:17:20
a6b554,N531ND  ,United States,1751325440.0,1751325440,-121.9843,47.8321,655.32,False,43.81,195.67,-4.55,,670.56,1200,False,0,2025-06-30 23:17:20
a0b7d9,UAL241  ,United States,1751325439.0,1751325439,-98.6351,33.1476,10355.58,False,229.44,270.13,0.0,,11010.9,7223,False,0,2025-06-30 23:17:20
a0b7d8,UAL2056 ,United States,1751325435.0,1751325438,-87.9079,41.9794,,True,0.0,143.44,,,,,False,0,2025-06-30 23:17:20
a79898,DAL914  ,United States,1751325440.0,1751325440,-96.7495,43.9252,10660.38,False,252.4,67.72,-2.6,,11018.52,7274,False,0,2025-06-30 23:17:20
a0b7ba,UAL1363 ,United States,1751325439.0,1751325439,-111.1972,37.9727,10332.72,False,232.12,233.56,0.65,,10904.22,2632,False,0,2025-06-30 23:17:20
a54595,N439LP  ,United States,1751325439.0,1751325439,-117.8979,33.9925,914.4,False,36.73,217.03,-3.9,,899.16,1200,False,0,2025-06-30 23:17:20
aab812,AAL174  ,United States,1751325440.0,1751325440,-78.373,35.8655,3870.96,False,202.55,70.87,7.48,,4076.7,2402,False,0,2025-06-30 23:17:20
a6fbb5,N5490B  ,United States,1751325145.0,1751325145,-122.2717,47.8928,243.84,False,29.84,359.01,-1.63,,205.74,,False,0,2025-06-30 23:17:20
acd0ca,AAL3236 ,United States,1751325439.0,1751325439,-89.8726,32.2105,10363.2,False,242.94,271.82,0.33,,10995.66,6022,False,0,2025-06-30 23:17:20
a08a1a,AAL2870 ,United States,1751325439.0,1751325440,-90.208,38.842,9456.42,False,257.74,90.11,0.0,,9982.2,1602,False,0,2025-06-30 23:17:20
a80874,N61676  ,United States,1751325399.0,1751325399,-77.5801,39.0761,365.76,False,57.03,76.97,0.0,,327.66,,False,0,2025-06-30 23:17:20
0d0d7d,XACGG   ,Mexico,1751325439.0,1751325439,-105.5942,29.9702,12496.8,False,198.48,55.77,0.0,,13213.08,,False,0,2025-06-30 23:17:20
a08a6b,DAL1675 ,United States,1751325440.0,1751325440,-115.0056,45.0233,11277.6,False,242.72,124.46,0.0,,11826.24,1553,False,0,2025-06-30 23:17:20
ad18b0,DAL1485 ,United States,1751325440.0,1751325440,-85.5153,34.7275,8420.1,False,241.53,142.01,-4.88,,8938.26,1223,False,0,2025-06-30 23:17:20
0d0d0f,XBRLX   ,Mexico,1751325439.0,1751325439,-100.0818,25.1788,5882.64,False,173.23,351.46,-9.1,,6156.96,,False,0,2025-06-30 23:17:20
aa55b5,SKW4891 ,United States,1751325439.0,1751325439,-120.3836,39.7796,11277.6,False,225.73,170.69,0.65,,11864.34,,False,0,2025-06-30 23:17:20
a8e29c,DAL599  ,United States,1751325437.0,1751325439,-95.4627,27.5282,10668.0,False,247.08,37.9,0.0,,11323.32,2235,False,0,2025-06-30 23:17:20
a437da,DAL526  ,United States,1751325422.0,1751325423,-109.6859,39.4175,10111.74,False,235.6,297.01,-5.2,,10660.38,0625,False,0,2025-06-30 23:17:20
a22d7b,UAL178  ,United States,1751325232.0,1751325232,-98.613,48.6096,11582.4,False,259.9,212.31,-0.33,,11910.06,5651,False,0,2025-06-30 23:17:20
a34d63,UCA4829 ,United States,1751325440.0,1751325440,-74.3345,43.06,7322.82,False,213.23,274.84,-0.33,,7673.34,3501,False,0,2025-06-30 23:17:20
ab0e53,AAY2595 ,United States,1751325440.0,1751325440,-79.9301,34.4385,6149.34,False,191.54,132.39,-5.2,,6522.72,2217,False,0,2025-06-30 23:17:20
ab0e54,DAL194  ,United States,1751325439.0,1751325439,-84.5303,33.4563,2202.18,False,144.18,92.45,11.05,,2308.86,3326,False,0,2025-06-30 23:17:20
aaee3b,AAL3004 ,United States,1751325440.0,1751325440,-77.0801,38.3832,4655.82,False,190.79,34.68,-8.78,,4907.28,2257,False,0,2025-06-30 23:17:20
3a3688,THT8    ,France,1751325438.0,1751325439,-97.1734,42.7209,11879.58,False,275.8,70.38,0.0,,12359.64,1416,False,0,2025-06-30 23:17:20
0d0d36,VOI7702 ,Mexico,1751325439.0,1751325439,-96.476,27.6289,11894.82,False,234.63,29.99,0.0,,12626.34,1345,False,0,2025-06-30 23:17:20
aa9e28,SWA701  ,United States,1751325439.0,1751325439,-99.5121,39.2416,12192.0,False,216.72,272.04,-0.33,,12786.36,,False,0,2025-06-30 23:17:20
a33a12,N307HR  ,United States,1751325439.0,1751325439,-81.4178,25.5457,4587.24,False,182.44,79.77,-7.8,,4838.7,,False,0,2025-06-30 23:17:20
a8e279,DAL1457 ,United States,1751325438.0,1751325438,-83.7703,29.6277,10058.4,False,252.75,150.36,0.0,,10622.28,0062,False,0,2025-06-30 23:17:20
a1c4d8,MXY579  ,United States,1751325439.0,1751325439,-81.2474,28.3314,944.88,False,124.8,133.83,8.13,,1005.84,7377,False,0,2025-06-30 23:17:20
a0b7fe,UAL800  ,United States,1751325439.0,1751325439,-86.649,42.4964,9761.22,False,212.82,266.67,-0.33,,10248.9,7342,False,0,2025-06-30 23:17:20
a0b7fd,UAL1023 ,United States,1751325439.0,1751325440,-87.817,42.0028,571.5,False,69.97,270.42,-3.9,,541.02,1421,False,0,2025-06-30 23:17:20
a0b7fb,UAL1779 ,United States,1751325439.0,1751325440,-102.3018,41.805,10668.0,False,247.41,79.58,0.0,,11201.4,7316,False,0,2025-06-30 23:17:20
abc5b8,GTI8230 ,United States,1751325439.0,1751325439,-82.4843,31.7581,10363.2,False,261.3,140.51,-0.65,,10972.8,7341,False,0,2025-06-30 23:17:20
a34d2f,JBU391  ,United States,1751325440.0,1751325440,-81.1651,29.1516,5135.88,False,191.61,174.92,0.0,,5417.82,5730,False,0,2025-06-30 23:17:20
ade088,N99329  ,United States,1751325436.0,1751325436,-86.4698,36.3775,586.74,False,44.02,315.47,0.33,,548.64,,False,0,2025-06-30 23:17:20
ace5b6,AAL1355 ,United States,1751325251.0,1751325255,-83.3593,42.2357,304.8,False,78.95,208.4,-3.9,,243.84,6635,False,0,2025-06-30 23:17:20
ab62ad,SWA3038 ,United States,1751325229.0,1751325229,-90.3322,38.735,236.22,False,76.23,301.76,-3.9,,220.98,1325,False,0,2025-06-30 23:17:20
a2d1e9,N281CE  ,United States,1751325394.0,1751325439,-114.7012,44.1641,13106.4,False,226.96,298.42,0.0,,13700.76,,False,0,2025-06-30 23:17:20
aadb37,UAL925  ,United States,1751325439.0,1751325440,-76.4248,36.9266,7620.0,False,230.52,285.4,0.0,,8069.58,2434,False,0,2025-06-30 23:17:20
ab75f9,N8379L  ,United States,1751325439.0,1751325439,-119.0681,34.2003,304.8,False,42.55,75.29,-2.28,,289.56,,False,0,2025-06-30 23:17:20
ac95d4,XFL255  ,United States,1751325439.0,1751325440,-77.7239,38.8054,1181.1,False,102.02,318.27,7.8,,1219.2,,False,0,2025-06-30 23:17:20
ac1b44,SWA2985 ,United States,1751325439.0,1751325439,-91.5095,34.971,11277.6,False,239.6,119.59,0.0,,11948.16,2532,False,0,2025-06-30 23:17:20
a2d1d6,N281BL  ,United States,1751325440.0,1751325440,-81.8933,28.2148,297.18,False,49.4,271.19,0.33,,312.42,,False,0,2025-06-30 23:17:20
a11fa1,UAL1981 ,United States,1751325439.0,1751325439,-80.2268,41.7234,11277.6,False,254.97,112.17,-0.33,,11871.96,6744,False,0,2025-06-30 23:17:20
a11fa3,UAL2698 ,United States,1751325440.0,1751325440,-73.6296,41.1457,4846.32,False,217.39,35.27,11.38,,5067.3,1543,False,0,2025-06-30 23:17:20
a8e262,DAL1028 ,United States,1751325439.0,1751325440,-89.7328,40.8278,10972.8,False,228.86,170.69,0.33,,11544.3,3661,False,0,2025-06-30 23:17:20
a05614,DAL209  ,United States,1751325437.0,1751325437,-67.2373,45.6964,11582.4,False,226.63,224.91,0.0,,12131.04,0743,False,0,2025-06-30 23:17:20
a8f58e,N67683  ,United States,1751325436.0,1751325437,-122.8417,44.1948,2621.28,False,88.09,356.99,0.0,,2735.58,,False,0,2025-06-30 23:17:20
abfb46,AAL379  ,United States,1751325440.0,1751325440,-81.4365,29.0536,6743.7,False,207.25,345.48,-5.2,,7124.7,3673,False,0,2025-06-30 23:17:20
a46d70,UAL1834 ,United States,1751325440.0,1751325440,-90.6576,28.5617,10363.2,False,236.92,299.96,0.33,,11010.9,,False,0,2025-06-30 23:17:20
a2d1bc,ASA25   ,United States,1751325440.0,1751325440,-86.4167,43.8373,10363.2,False,207.42,265.59,0.0,,10805.16,6654,False,0,2025-06-30 23:17:20
a6a29f,N52671  ,United States,1751325438.0,1751325439,-87.5008,41.3898,1097.28,False,30.97,355.24,1.3,,1097.28,1200,False,0,2025-06-30 23:17:20
a9abc4,N722JB  ,United States,1751325429.0,1751325440,-85.0774,40.9129,6111.24,False,256.64,127.83,-8.13,,6370.32,2416,False,0,2025-06-30 23:17:20
a1b1bc,SWA3762 ,United States,1751325389.0,1751325440,-93.5433,32.6022,11887.2,False,243.94,91.57,0.33,,12565.38,2340,False,0,2025-06-30 23:17:20
ab62f8,SWA915  ,United States,1751325440.0,1751325440,-86.2767,31.3222,11887.2,False,230.73,148.4,0.0,,12580.62,7121,False,0,2025-06-30 23:17:20
a4bd29,XSN40   ,United States,1751325440.0,1751325440,-120.5459,37.8593,5067.3,False,146.08,291.05,0.0,,5303.52,,False,0,2025-06-30 23:17:20
a8e247,DAL2238 ,United States,1751325439.0,1751325439,-93.525,44.8335,3078.48,False,157.68,72.92,-6.83,,3139.44,2010,False,0,2025-06-30 23:17:20
a46d4e,UAL427  ,United States,1751325439.0,1751325439,-106.4051,37.6668,10058.4,False,241.71,67.47,0.33,,10629.9,7627,False,0,2025-06-30 23:17:20
a46d4f,UAL1869 ,United States,1751325439.0,1751325439,-78.4848,38.1476,7559.04,False,204.34,248.28,6.83,,7993.38,0502,False,0,2025-06-30 23:17:20
a46d4a,UAL1938 ,United States,1751325440.0,1751325440,-85.0166,34.8093,9753.6,False,245.24,273.13,-0.33,,10355.58,2116,False,0,2025-06-30 23:17:20
ace5bb,DAL606  ,United States,1751325172.0,1751325172,-93.1814,44.865,365.76,False,67.67,301.64,-3.58,,365.76,2470,False,0,2025-06-30 23:17:20
a82a3f,EJA625  ,United States,1751325439.0,1751325439,-74.5812,39.1201,9486.9,False,239.04,39.41,-12.68,,10020.3,2174,False,0,2025-06-30 23:17:20
a23fb2,RPA5789 ,United States,1751325440.0,1751325440,-72.9284,42.6932,8892.54,False,209.41,95.78,-8.13,,9357.36,3556,False,0,2025-06-30 23:17:20
a7d4e5,N6031F  ,United States,1751325440.0,1751325440,-96.3769,32.9028,777.24,False,55.23,279.11,0.0,,800.1,1200,False,0,2025-06-30 23:17:20
c01a61,ACA832  ,Canada,1751325304.0,1751325304,-73.7532,45.4604,,True,4.63,298.12,,,,,False,0,2025-06-30 23:17:20
a82a44,QXE2433 ,United States,1751325439.0,1751325440,-119.9081,39.5246,10668.0,False,211.58,190.79,-0.33,,11201.4,,False,0,2025-06-30 23:17:20
ad0673,N9385L  ,United States,1751325439.0,1751325439,-80.2717,25.9813,548.64,False,50.12,252.68,2.28,,617.22,,False,0,2025-06-30 23:17:20
a5ca4b,UAL1156 ,United States,1751325440.0,1751325440,-89.3129,41.04,6934.2,False,232.41,6.35,-5.53,,7261.86,1275,False,0,2025-06-30 23:17:20
a11fe7,UCA4250 ,United States,1751325440.0,1751325440,-77.7084,39.4969,3063.24,False,189.53,7.8,0.65,,3200.4,,False,0,2025-06-30 23:17:20
a0a622,N1408B  ,United States,1751325440.0,1751325440,-122.2042,40.4435,1158.24,False,40.8,131.93,2.28,,1143.0,,False,0,2025-06-30 23:17:20
a6b4f7,JBU283  ,United States,1751325143.0,1751325143,-73.7806,40.6521,,True,2.06,300.94,,,,,False,0,2025-06-30 23:17:20
a651ec,LN506TJ ,United States,1751325381.0,1751325418,-78.1714,43.0303,5242.56,False,8.31,201.8,-0.33,,251.46,0467,False,0,2025-06-30 23:17:20
ad4cf2,SWA1036 ,United States,1751325158.0,1751325159,-96.8476,32.8462,,True,0.19,298.12,,,,5132,False,0,2025-06-30 23:17:20
a95d44,N702PC  ,United States,1751325435.0,1751325439,-115.1362,35.9808,,True,0.0,90.0,,,,,False,0,2025-06-30 23:17:20
a70a84,LFA334  ,United States,1751325427.0,1751325429,-81.2502,28.7991,297.18,False,55.16,86.26,-0.65,,327.66,0346,False,0,2025-06-30 23:17:20
a891e5,QXE2268 ,United States,1751325425.0,1751325426,-112.208,37.5288,10668.0,False,224.11,111.97,0.33,,11262.36,,False,0,2025-06-30 23:17:20
a5ca89,SWA712  ,United States,1751325439.0,1751325439,-91.5544,34.4608,11887.2,False,246.97,66.43,0.0,,12573.0,4005,False,0,2025-06-30 23:17:20
a05628,UAL994  ,United States,1751325436.0,1751325436,-74.1642,40.7028,,True,0.0,106.88,,,,,False,0,2025-06-30 23:17:20
c01a5c,JZA775  ,Canada,1751325439.0,1751325439,-79.631,43.6874,,True,5.66,317.81,,,,2266,False,0,2025-06-30 23:17:20
aba04b,N84823  ,United States,1751325440.0,1751325440,-122.288,47.0049,701.04,False,44.16,351.96,-4.55,,731.52,,False,0,2025-06-30 23:17:20
acc020,N920WB  ,United States,1751325437.0,1751325437,-81.3999,29.1488,1028.7,False,60.47,350.7,0.0,,1082.04,,False,0,2025-06-30 23:17:20
a6fd96,N55FG   ,United States,1751325412.0,1751325412,-82.3978,28.476,243.84,False,72.54,270.0,-3.9,,281.94,1610,False,0,2025-06-30 23:17:20
ac7074,DAL3158 ,United States,1751325439.0,1751325440,-80.1504,37.1598,9182.1,False,247.39,262.71,6.83,,9692.64,,False,0,2025-06-30 23:17:20
a807cf,N6163F  ,United States,1751325438.0,1751325439,-88.3974,41.5841,792.48,False,60.34,140.88,0.0,,784.86,1200,False,0,2025-06-30 23:17:20
aa55ee,AAL2753 ,United States,1751325439.0,1751325440,-78.5819,34.1857,10668.0,False,226.39,49.98,0.0,,11269.98,2424,False,0,2025-06-30 23:17:20
aa9e6d,SWA4698 ,United States,1751325433.0,1751325435,-78.726,31.2189,12192.0,False,239.63,196.33,0.33,,12793.98,5623,False,0,2025-06-30 23:17:20
a95d32,NKS2541 ,United States,1751325440.0,1751325440,-81.4616,32.8144,11277.6,False,231.37,7.41,0.0,,11955.78,3261,False,0,2025-06-30 23:17:20
a03038,DAL852  ,United States,1751325439.0,1751325439,-87.5967,42.5354,10378.44,False,211.25,273.21,0.33,,10850.88,5703,False,0,2025-06-30 23:17:20
49526a,RZO329  ,Portugal,1751325437.0,1751325439,-66.9518,46.4267,10972.8,False,207.64,262.31,0.0,,11490.96,0744,False,0,2025-06-30 23:17:20
a18978,N1989B  ,United States,1751325439.0,1751325439,-91.5459,29.7227,7254.24,False,207.34,270.71,6.83,,7719.06,,False,0,2025-06-30 23:17:20
a4aa68,N40BG   ,United States,1751325427.0,1751325430,-82.6909,27.9245,-22.86,False,66.06,171.49,-3.9,,-7.62,4527,False,0,2025-06-30 23:17:20
aa42aa,ENY4284 ,United States,1751325439.0,1751325439,-98.2765,43.7594,9144.0,False,211.83,275.3,-0.33,,9486.9,3134,False,0,2025-06-30 23:17:20
a771af,AAL1890 ,United States,1751325439.0,1751325439,-103.25,31.9187,10370.82,False,238.2,269.51,0.0,,10995.66,3423,False,0,2025-06-30 23:17:20
495267,RZO331  ,Portugal,1751325439.0,1751325439,-79.2499,44.1197,2674.62,False,123.44,227.53,-3.58,,2727.96,7005,False,0,2025-06-30 23:17:20
a651e1,SKW6444 ,United States,1751325439.0,1751325439,-115.5393,40.0741,10668.0,False,229.86,142.82,-0.33,,11239.5,,False,0,2025-06-30 23:17:20
a1d93b,SWA2065 ,United States,1751325440.0,1751325440,-104.2949,32.0084,12192.0,False,221.27,268.67,-0.33,,12885.42,5324,False,0,2025-06-30 23:17:20
aa55bd,ENY4220 ,United States,1751325440.0,1751325440,-85.5083,38.155,3268.98,False,150.23,339.77,13.98,,3421.38,,False,0,2025-06-30 23:17:20
a95d0a,TIV702  ,United States,1751325439.0,1751325440,-112.189,35.7459,12192.0,False,232.6,243.04,-0.33,,12870.18,2645,False,0,2025-06-30 23:17:20
a7860c,FCE58   ,United States,1751325440.0,1751325440,-83.8938,35.2289,2423.16,False,95.87,318.7,-0.33,,2537.46,3271,True,0,2025-06-30 23:17:20
a39017,DAL1836 ,United States,1751325440.0,1751325440,-83.0264,33.1364,6438.9,False,235.73,287.92,-14.31,,6842.76,4151,False,0,2025-06-30 23:17:20
4007fb,BAW99   ,United Kingdom,1751325439.0,1751325440,-74.7196,46.2592,11582.4,False,207.61,245.09,0.0,,12092.94,2402,False,0,2025-06-30 23:17:20
a67960,SKW4887 ,United States,1751325210.0,1751325210,-106.4672,31.7684,1584.96,False,77.68,90.38,-5.53,,1630.68,7360,False,0,2025-06-30 23:17:20
aaffaa,AAL3207 ,United States,1751325440.0,1751325440,-76.139,39.1618,5791.2,False,197.68,81.47,0.0,,6103.62,7066,False,0,2025-06-30 23:17:20
ad1927,JBU620  ,United States,1751325439.0,1751325440,-72.2315,42.666,5219.7,False,200.02,103.54,-4.88,,5463.54,0540,False,0,2025-06-30 23:17:20
a3900e,ENY4233 ,United States,1751325439.0,1751325440,-92.2172,31.5619,9144.0,False,240.0,272.7,0.33,,9692.64,1057,False,0,2025-06-30 23:17:20
aa9ca8,ENY3847 ,United States,1751325439.0,1751325439,-88.1479,42.9576,3375.66,False,174.22,208.0,0.0,,3474.72,5700,False,0,2025-06-30 23:17:20
aaa621,SWA4523 ,United States,1751325440.0,1751325440,-118.116,33.6022,1539.24,False,116.14,56.38,0.0,,1569.72,3344,False,0,2025-06-30 23:17:20
a1b348,CXK208  ,United States,1751325439.0,1751325439,-118.2059,33.7644,891.54,False,38.16,183.87,3.25,,883.92,,False,0,2025-06-30 23:17:20
a29680,ENY4318 ,United States,1751325440.0,1751325440,-93.8186,38.4058,10363.2,False,223.62,194.93,0.0,,10904.22,1326,False,0,2025-06-30 23:17:20
a1d99b,JBU424  ,United States,1751325438.0,1751325438,-82.0405,37.721,10668.0,False,238.05,85.04,0.0,,11315.7,6623,False,0,2025-06-30 23:17:20
a7e93b,FFT2853 ,United States,1751325436.0,1751325439,-82.0382,31.3454,7696.2,False,192.08,344.62,5.85,,8138.16,2631,False,0,2025-06-30 23:17:20
ab6316,SWA1006 ,United States,1751325439.0,1751325439,-111.7726,33.5137,1562.1,False,111.39,154.86,-3.9,,1584.96,6665,False,0,2025-06-30 23:17:20
4247ea,PJV598  ,United Kingdom,1751325394.0,1751325394,-77.81,28.0296,12496.8,False,242.29,27.44,3.25,,12893.04,,False,0,2025-06-30 23:17:20
a5465d,UPS9852 ,United States,1751325439.0,1751325439,-93.4248,37.1643,1844.04,False,118.6,235.07,15.61,,1889.76,,False,0,2025-06-30 23:17:20
aaffcd,HER808  ,United States,1751325439.0,1751325439,-84.9106,33.8957,2720.34,False,148.25,227.95,0.98,,2849.88,3310,False,0,2025-06-30 23:17:20
0d0ba3,VIV101  ,Mexico,1751325438.0,1751325438,-73.7933,40.6429,,True,1.8,45.0,,,,,False,0,2025-06-30 23:17:20
a6663d,N511MD  ,United States,1751325439.0,1751325440,-105.3229,38.5089,7559.04,False,134.27,306.43,5.2,,8001.0,,False,0,2025-06-30 23:17:20
a5dcd0,WUP477  ,United States,1751325440.0,1751325440,-86.585,41.5134,11887.2,False,249.47,66.29,0.33,,12489.18,2112,False,0,2025-06-30 23:17:20
a2f95c,ASA1300 ,United States,1751325440.0,1751325440,-120.3833,40.8998,11277.6,False,223.61,183.17,-0.33,,11833.86,,False,0,2025-06-30 23:17:20
a1635b,AAY2063 ,United States,1751325439.0,1751325439,-109.9028,36.8247,11582.4,False,233.09,238.91,0.0,,12222.48,2663,False,0,2025-06-30 23:17:20
aaffed,DAL2467 ,United States,1751325439.0,1751325440,-94.5191,44.611,6797.04,False,204.02,72.39,-5.2,,7018.02,3137,False,0,2025-06-30 23:17:20
ab6339,SWA765  ,United States,1751325439.0,1751325439,-74.196,39.3571,10668.0,False,230.98,30.96,0.0,,11285.22,5363,False,0,2025-06-30 23:17:20
ad5fe7,ASA352  ,United States,1751325440.0,1751325440,-99.2536,32.5269,10058.4,False,235.1,166.85,0.0,,10668.0,0606,False,0,2025-06-30 23:17:20
abd971,SWA1139 ,United States,1751325438.0,1751325438,-73.8799,40.7725,,True,10.8,30.94,,,,2113,False,0,2025-06-30 23:17:20
a55945,N4438U  ,United States,1751325437.0,1751325437,-90.9624,42.292,1623.06,False,65.24,217.95,-4.88,,1638.3,,False,0,2025-06-30 23:17:20
a3904c,FFT3724 ,United States,1751325439.0,1751325440,-80.7511,28.6679,10972.8,False,237.91,160.15,-0.33,,11544.3,2235,False,0,2025-06-30 23:17:20
c0827e,CGXKV   ,Canada,1751325439.0,1751325439,-73.7729,45.6509,304.8,False,70.53,177.91,-1.63,,266.7,,False,0,2025-06-30 23:17:20
ace60c,DAL942  ,United States,1751325440.0,1751325440,-103.4587,45.9303,10058.4,False,257.46,102.81,0.0,,10500.36,,False,0,2025-06-30 23:17:20
ab7678,,United States,1751325280.0,1751325348,-97.1187,37.8323,2103.12,False,74.19,56.31,0.0,,2186.94,,False,0,2025-06-30 23:17:20
a60fb6,WCC49   ,United States,1751325439.0,1751325440,-119.2185,35.0466,6400.8,False,139.55,124.33,0.0,,6697.98,,False,0,2025-06-30 23:17:20
ab766a,DAL2431 ,United States,1751325421.0,1751325421,-104.6961,39.9045,1600.2,False,89.0,180.0,-4.88,,1706.88,7443,False,0,2025-06-30 23:17:20
adafb5,JBU216  ,United States,1751325439.0,1751325439,-87.0649,42.4966,10683.24,False,263.92,90.56,0.0,,11170.92,3365,False,0,2025-06-30 23:17:20
ace621,SKW733M ,United States,1751325440.0,1751325440,-97.3781,41.875,5090.16,False,208.64,67.99,-11.7,,5318.76,3534,False,0,2025-06-30 23:17:20
a4cfb7,SKW3294 ,United States,1751325439.0,1751325439,-118.2323,47.457,3893.82,False,177.07,58.67,-6.83,,4084.32,4602,False,0,2025-06-30 23:17:20
aa8a8a,LRC627  ,United States,1751325440.0,1751325440,-81.4201,33.2587,10972.8,False,242.08,197.82,0.0,,11612.88,4051,True,0,2025-06-30 23:17:20
a95d88,N702RW  ,United States,1751325440.0,1751325440,-110.3097,37.3366,12496.8,False,241.84,66.16,0.0,,13152.12,,False,0,2025-06-30 23:17:20
a1638a,EJA189  ,United States,1751325320.0,1751325320,-71.3013,42.4719,60.96,False,66.5,98.0,-3.25,,45.72,1477,False,0,2025-06-30 23:17:20
ab767c,VAR838  ,United States,1751325429.0,1751325429,-112.3734,33.4253,,True,9.26,202.5,,,,,False,0,2025-06-30 23:17:20
a2d359,SKW3578 ,United States,1751325202.0,1751325207,-116.4131,46.1717,3040.38,False,152.35,309.66,-8.45,,3192.78,4064,False,0,2025-06-30 23:17:20
a4000f,DAL2575 ,United States,1751325439.0,1751325439,-93.7228,44.7901,4091.94,False,169.22,72.67,-6.18,,4221.48,,False,0,2025-06-30 23:17:20
ace658,N930H   ,United States,1751325438.0,1751325438,-93.5549,44.785,1478.28,False,84.9,178.96,9.43,,1493.52,,False,0,2025-06-30 23:17:20
ad9003,AAL1322 ,United States,1751325437.0,1751325437,-101.0323,38.0293,10972.8,False,224.32,296.86,0.0,,11559.54,2321,False,0,2025-06-30 23:17:20
a78605,DAL560  ,United States,1751325439.0,1751325439,-114.8657,45.774,10607.04,False,244.09,114.13,1.63,,11109.96,1521,False,0,2025-06-30 23:17:20
a95d96,SKW6300 ,United States,1751325438.0,1751325438,-99.037,41.7892,10972.8,False,222.17,259.05,0.0,,11468.1,3115,False,0,2025-06-30 23:17:20
a1b368,N20891  ,United States,1751325410.0,1751325410,-83.4753,36.167,1066.8,False,47.33,322.51,1.3,,1059.18,,False,0,2025-06-30 23:17:20
ad5ff9,CSQ504  ,United States,1751325439.0,1751325440,-79.9566,25.5427,2400.3,False,141.8,306.0,0.0,,2522.22,,False,0,2025-06-30 23:17:20
ad5fea,AAL888Q ,United States,1751325439.0,1751325440,-88.8241,33.007,10972.8,False,241.05,286.62,0.0,,11643.36,0026,False,0,2025-06-30 23:17:20
a6ea9b,N545BC  ,United States,1751325440.0,1751325440,-118.3495,33.8248,335.28,False,41.68,12.84,2.6,,274.32,,False,0,2025-06-30 23:17:20
ad5fef,DAL2862 ,United States,1751325437.0,1751325438,-91.4599,36.6632,10058.4,False,236.52,116.06,0.33,,10668.0,3477,False,0,2025-06-30 23:17:20
aaa68a,SWA2815 ,United States,1751325440.0,1751325440,-88.3078,39.9406,11582.4,False,211.62,256.5,0.0,,12169.14,2007,False,0,2025-06-30 23:17:20
aada4d,JRE799  ,United States,1751325439.0,1751325439,-72.2526,42.1151,3048.0,False,157.24,56.88,0.0,,3169.92,5346,False,0,2025-06-30 23:17:20
abb1c2,SWA4181 ,United States,1751325440.0,1751325440,-102.7835,32.3195,11277.6,False,229.73,123.12,0.0,,11948.16,,False,0,2025-06-30 23:17:20
a10e46,UAL714K ,United States,1751325193.0,1751325193,-87.908,41.9797,,True,4.89,188.44,,,,,False,0,2025-06-30 23:17:20
ac81cc,AAL1379 ,United States,1751325439.0,1751325439,-71.0171,42.3478,236.22,False,84.98,177.22,15.28,,220.98,,False,0,2025-06-30 23:17:20
a2c087,ASA301  ,United States,1751325439.0,1751325439,-87.0636,30.6707,9753.6,False,236.51,274.99,0.0,,10347.96,6275,False,0,2025-06-30 23:17:20
a9accd,AAL1339 ,United States,1751325439.0,1751325439,-87.6351,42.0024,1249.68,False,88.49,270.33,0.65,,1257.3,0511,False,0,2025-06-30 23:17:20
a6a354,JIA5254 ,United States,1751325422.0,1751325422,-77.0394,38.8672,76.2,False,67.32,170.32,-3.58,,53.34,3336,False,0,2025-06-30 23:17:20
ad4d68,N95606  ,United States,1751325439.0,1751325439,-123.0146,45.2327,1089.66,False,46.2,127.76,0.65,,1097.28,,False,0,2025-06-30 23:17:20
ac81d2,AAL1515 ,United States,1751325439.0,1751325439,-96.5949,42.5046,10660.38,False,261.08,85.59,0.0,,11071.86,2443,False,0,2025-06-30 23:17:20
4ca9ba,EIN1YL  ,Ireland,1751325436.0,1751325436,-67.1422,44.9096,10066.02,False,260.45,54.08,0.0,,10553.7,,False,0,2025-06-30 23:17:20
a77390,N58AA   ,United States,1751325438.0,1751325438,-92.8881,46.366,3688.08,False,145.97,222.86,0.0,,3741.42,,False,0,2025-06-30 23:17:20
a188b8,N1983V  ,United States,1751325440.0,1751325440,-71.4912,42.7786,281.94,False,42.26,58.44,3.9,,259.08,,False,0,2025-06-30 23:17:20
ace4ee,N93SP   ,United States,1751325439.0,1751325439,-118.837,36.8577,7383.78,False,205.27,189.08,-8.13,,7749.54,,False,0,2025-06-30 23:17:20
aa568e,UAL1252 ,United States,1751325439.0,1751325440,-88.3867,39.5616,11010.9,False,212.19,247.48,7.8,,11590.02,1216,False,0,2025-06-30 23:17:20
ac1a72,SWA1147 ,United States,1751325439.0,1751325439,-102.7188,30.9342,11277.6,False,245.8,79.63,-0.33,,11971.02,2430,False,0,2025-06-30 23:17:20
a10e29,UAL1748 ,United States,1751325439.0,1751325439,-87.5123,41.8838,1546.86,False,127.58,90.23,-0.33,,1577.34,1610,False,0,2025-06-30 23:17:20
a9acb8,DAL826  ,United States,1751325440.0,1751325440,-95.4751,31.9036,11582.4,False,229.4,261.49,0.0,,12237.72,2561,False,0,2025-06-30 23:17:20
a90352,N680BB  ,United States,1751325439.0,1751325440,-118.4581,47.6922,13121.64,False,226.57,276.0,0.0,,13632.18,,False,0,2025-06-30 23:17:20
a10e23,UAL2116 ,United States,1751325439.0,1751325440,-83.3923,36.1828,10972.8,False,228.32,246.5,-0.33,,11620.5,3755,False,0,2025-06-30 23:17:20
aa5694,UAL1754 ,United States,1751325429.0,1751325431,-122.9861,41.3554,8839.2,False,231.51,179.49,0.0,,9243.06,,False,0,2025-06-30 23:17:20
a10e21,UAL2682 ,United States,1751325281.0,1751325282,-95.3104,30.0072,121.92,False,72.54,270.41,-3.58,,137.16,6220,False,0,2025-06-30 23:17:20
aa5690,UAL1507 ,United States,1751325440.0,1751325440,-94.9854,29.9775,891.54,False,114.72,270.26,0.0,,944.88,4015,False,0,2025-06-30 23:17:20
c0824e,CGXIZ   ,Canada,1751325439.0,1751325440,-72.9917,45.7405,937.26,False,42.18,180.0,0.65,,937.26,,False,0,2025-06-30 23:17:20
a09e47,SKW5935 ,United States,1751325440.0,1751325440,-94.9075,34.8035,10363.2,False,221.56,221.61,0.33,,11018.52,2127,False,0,2025-06-30 23:17:20
a6b69c,N53107  ,United States,1751325439.0,1751325439,-80.2425,26.0138,213.36,False,48.36,270.61,0.0,,243.84,,False,0,2025-06-30 23:17:20
a10e73,CXK173  ,United States,1751325439.0,1751325439,-111.7022,40.1992,1493.52,False,44.45,293.9,-2.93,,1516.38,,False,0,2025-06-30 23:17:20
a0b8fb,AAL1167 ,United States,1751325439.0,1751325439,-81.8428,25.3098,7277.1,False,227.44,100.29,-5.53,,7703.82,5724,False,0,2025-06-30 23:17:20
a7d630,AAL2844 ,United States,1751325439.0,1751325439,-108.9669,32.2788,9677.4,False,240.0,110.84,3.25,,10210.8,4141,False,0,2025-06-30 23:17:20
a96fe9,AXO707  ,United States,1751325438.0,1751325439,-84.2742,37.7714,2133.6,False,94.88,146.05,0.0,,2209.8,6506,False,0,2025-06-30 23:17:20
a53369,EJA434  ,United States,1751325440.0,1751325440,-89.1561,41.2505,3078.48,False,195.02,75.49,0.65,,3185.16,3651,False,0,2025-06-30 23:17:20
a8095f,N617GK  ,United States,1751325439.0,1751325439,-70.8971,42.8421,784.86,False,59.87,287.5,-0.33,,784.86,,False,0,2025-06-30 23:17:20
a042db,DAL595  ,United States,1751325439.0,1751325439,-106.5025,36.0731,11582.4,False,230.56,319.34,0.0,,12222.48,1466,False,0,2025-06-30 23:17:20
a5468e,SWA314  ,United States,1751325439.0,1751325439,-85.6332,33.4113,7513.32,False,217.46,236.87,8.78,,7932.42,2046,False,0,2025-06-30 23:17:20
ae5a3c,R08451  ,United States,1751325433.0,1751325433,-79.2632,34.8842,906.78,False,51.32,227.03,0.0,,937.26,,False,0,2025-06-30 23:17:20
a042f1,ERU116  ,United States,1751325438.0,1751325438,-80.9185,28.9925,144.78,False,31.38,259.61,-3.58,,160.02,,False,0,2025-06-30 23:17:20
a305aa,EDV5109 ,United States,1751325440.0,1751325440,-78.683,42.7445,3070.86,False,153.07,273.47,0.0,,3162.3,2362,False,0,2025-06-30 23:17:20
781003,CHH7925 ,China,1751325439.0,1751325439,-122.6179,38.2309,11277.6,False,237.54,148.1,-0.33,,11811.0,4173,False,0,2025-06-30 23:17:20
a0db14,N154WW  ,United States,1751325063.0,1751325161,-104.0117,30.9135,4846.32,False,78.1,299.6,-0.33,,5166.36,,False,0,2025-06-30 23:17:20
a76028,UAL1115 ,United States,1751325440.0,1751325440,-76.3519,36.9799,10363.2,False,245.19,204.41,0.33,,10972.8,3051,False,0,2025-06-30 23:17:20
a6a33f,DAL740  ,United States,1751325439.0,1751325440,-82.2167,44.4385,9753.6,False,227.49,285.07,0.0,,10218.42,3026,False,0,2025-06-30 23:17:20
a042ae,MXY329  ,United States,1751325439.0,1751325439,-81.3221,37.0884,10972.8,False,245.68,193.69,0.33,,11635.74,7435,False,0,2025-06-30 23:17:20
acf906,JBU1523 ,United States,1751325439.0,1751325439,-78.4558,42.8015,10355.58,False,227.19,302.61,0.0,,10904.22,1553,False,0,2025-06-30 23:17:20
a4008e,AAL981  ,United States,1751325440.0,1751325440,-97.0254,33.0651,1005.84,False,87.47,181.01,-4.55,,1036.32,6564,False,0,2025-06-30 23:17:20
a6667d,N511PT  ,United States,1751325291.0,1751325301,-80.517,25.5708,304.8,False,47.67,214.89,0.0,,342.9,,False,0,2025-06-30 23:17:20
ad3a7f,AAL1385 ,United States,1751325440.0,1751325440,-99.0241,32.2855,7315.2,False,226.22,84.91,0.0,,7757.16,4576,True,0,2025-06-30 23:17:20
a6c997,N53636  ,United States,1751325438.0,1751325438,-81.0943,31.6743,1706.88,False,54.74,36.98,0.33,,1790.7,,False,0,2025-06-30 23:17:20
aa4322,SKW9922 ,United States,1751325440.0,1751325440,-103.9362,38.4094,10058.4,False,242.82,99.88,0.0,,10622.28,,False,0,2025-06-30 23:17:20
abd90c,SWA611  ,United States,1751325439.0,1751325439,-98.1235,28.4151,9144.0,False,247.94,345.21,-0.33,,9723.12,4574,False,0,2025-06-30 23:17:20
ab1fbb,AAL3049 ,United States,1751325440.0,1751325440,-85.4902,38.0928,10668.0,False,247.99,93.81,0.33,,11277.6,1764,False,0,2025-06-30 23:17:20
a0b8ea,N1459V  ,United States,1751325439.0,1751325439,-70.4597,43.4503,769.62,False,48.68,215.54,-0.33,,762.0,,False,0,2025-06-30 23:17:20
a042d5,DAL2070 ,United States,1751325439.0,1751325440,-93.5417,37.3181,10370.82,False,221.85,278.94,0.0,,10980.42,1747,False,0,2025-06-30 23:17:20
a96fd8,N707PD  ,United States,1751325369.0,1751325371,-105.0151,40.4572,1432.56,False,7.72,126.87,0.0,,1508.76,,False,0,2025-06-30 23:17:20
a70f80,JIA5175 ,United States,1751325440.0,1751325440,-84.0514,33.9402,2758.44,False,126.56,232.43,-5.2,,2903.22,3345,False,0,2025-06-30 23:17:20
a260ed,SWA4787 ,United States,1751325440.0,1751325440,-106.8834,32.0048,3314.7,False,173.14,128.61,-10.73,,3512.82,,False,0,2025-06-30 23:17:20
ae4d36,LSXX    ,United States,1751325440.0,1751325440,-117.2057,32.6864,76.2,False,31.98,334.26,-0.33,,38.1,,False,0,2025-06-30 23:17:20
abb7f7,UAL2655 ,United States,1751325439.0,1751325440,-103.5693,33.1273,11277.6,False,245.25,8.08,0.0,,11917.68,7351,False,0,2025-06-30 23:17:20
a3d0ce,N345KM  ,United States,1751325440.0,1751325440,-81.4539,35.5189,2125.98,False,141.5,62.97,-0.33,,2217.42,2153,False,0,2025-06-30 23:17:20
440a8c,TAY813  ,Austria,1751325438.0,1751325440,-73.7796,40.6572,,True,0.39,101.25,,,,,False,0,2025-06-30 23:17:20
ac74e4,SWA523  ,United States,1751325437.0,1751325439,-96.8509,32.8405,152.4,False,78.94,135.26,0.33,,121.92,,False,0,2025-06-30 23:17:20
aa34e8,N757JX  ,United States,1751325418.0,1751325418,-123.1343,45.1779,144.78,False,29.46,12.09,-1.63,,99.06,,False,0,2025-06-30 23:17:20
ac74f9,EDV4639 ,United States,1751325440.0,1751325440,-86.6244,34.7035,1752.6,False,137.12,333.24,-9.43,,1828.8,1741,False,0,2025-06-30 23:17:20
a403df,AAL472  ,United States,1751325440.0,1751325440,-91.0189,33.8894,11277.6,False,247.65,53.11,0.0,,11948.16,2376,False,0,2025-06-30 23:17:20
a883bd,JBU69   ,United States,1751325439.0,1751325439,-71.8051,38.5016,10066.02,False,242.07,198.2,0.33,,10668.0,7024,False,0,2025-06-30 23:17:20
a896ed,N6523D  ,United States,1751325439.0,1751325439,-120.0839,34.6615,2286.0,False,45.94,124.05,-0.65,,2369.82,,False,0,2025-06-30 23:17:20
a5bc79,EJA469  ,United States,1751325438.0,1751325439,-71.2546,43.5894,670.56,False,128.39,308.98,-0.98,,678.18,1533,False,0,2025-06-30 23:17:20
a3d0f5,N345MA  ,United States,1751325439.0,1751325439,-88.9138,40.6089,12192.0,False,208.46,271.84,-0.33,,12801.6,4757,False,0,2025-06-30 23:17:20
ac0d6b,N876JC  ,United States,1751325439.0,1751325440,-118.6992,34.1523,1089.66,False,100.23,252.68,0.0,,1089.66,,False,0,2025-06-30 23:17:20
400610,BAW7TG  ,United Kingdom,1751325435.0,1751325435,-81.6643,37.6408,11582.4,False,251.15,223.01,0.0,,12275.82,1440,False,0,2025-06-30 23:17:20
a69f9d,JIA5073 ,United States,1751325438.0,1751325439,-79.5282,38.4017,8557.26,False,239.32,79.22,-7.15,,9052.56,4063,False,0,2025-06-30 23:17:20
abed68,JRE868  ,United States,1751325325.0,1751325325,-96.8561,32.8487,,True,5.14,312.19,,,,,False,0,2025-06-30 23:17:20
a5cf8b,UAL1620 ,United States,1751325439.0,1751325439,-122.9768,40.7596,11277.6,False,220.69,176.12,0.0,,11803.38,3560,False,0,2025-06-30 23:17:20
aa34d9,N757JG  ,United States,1751325180.0,1751325211,-121.4687,38.5204,213.36,False,40.9,309.9,-2.6,,152.4,1200,False,0,2025-06-30 23:17:20
ae04aa,LOST13  ,United States,1751325433.0,1751325435,-117.0862,37.2534,11887.2,False,191.06,143.1,0.0,,12542.52,,False,0,2025-06-30 23:17:20
abda54,DAL753  ,United States,1751325183.0,1751325183,-118.4228,33.9487,,True,4.12,216.56,,,,3530,False,0,2025-06-30 23:17:20
ae4d48,LTN611  ,United States,1751325425.0,1751325425,-117.2652,32.6535,83.82,False,45.79,270.64,-13.0,,68.58,,False,0,2025-06-30 23:17:20
a45f89,TSU3811 ,United States,1751325439.0,1751325439,-106.345,31.1453,4335.78,False,155.04,341.02,-9.43,,4587.24,,False,0,2025-06-30 23:17:20
a5cf41,UAL2230 ,United States,1751325440.0,1751325440,-91.6691,29.5531,10744.2,False,231.58,262.21,-4.88,,11430.0,2452,False,0,2025-06-30 23:17:20
ae4d5a,BULET45 ,United States,1751325254.0,1751325255,-117.1169,32.5631,38.1,False,5.25,281.31,-1.3,,-7.62,,False,0,2025-06-30 23:17:20
ad81d6,N97FN   ,United States,1751325440.0,1751325440,-103.4568,38.462,13716.0,False,252.2,143.88,-0.33,,14363.7,4067,False,0,2025-06-30 23:17:20
a6dc08,JIA5016 ,United States,1751325440.0,1751325440,-77.4939,37.016,9867.9,False,237.6,43.68,3.25,,10454.64,7213,False,0,2025-06-30 23:17:20
a28847,N262VA  ,United States,1751325439.0,1751325440,-112.0282,41.1827,1478.28,False,45.46,174.81,-2.6,,1501.14,,False,0,2025-06-30 23:17:20
a69f49,ASA3    ,United States,1751325440.0,1751325440,-93.0996,43.6255,10363.2,False,209.02,291.51,-0.33,,10698.48,0533,False,0,2025-06-30 23:17:20
a3f6ed,N35461  ,United States,1751325229.0,1751325232,-78.7143,34.4932,1120.14,False,53.41,110.88,1.63,,1165.86,,False,0,2025-06-30 23:17:20
ad2d99,N94822  ,United States,1751325439.0,1751325439,-79.0653,35.6497,1219.2,False,47.96,305.39,0.0,,1272.54,,False,0,2025-06-30 23:17:20
ab6906,WUP834  ,United States,1751325439.0,1751325440,-79.0339,37.2059,7620.0,False,147.66,6.8,-0.33,,8069.58,3222,False,0,2025-06-30 23:17:20
a789cb,N585PL  ,United States,1751325439.0,1751325440,-90.4668,43.6644,12192.0,False,226.64,315.64,-0.65,,12641.58,6214,False,0,2025-06-30 23:17:20
a9e188,N736CA  ,United States,1751325433.0,1751325433,-83.7652,35.9903,944.88,False,54.19,250.02,-3.25,,952.5,,False,0,2025-06-30 23:17:20
a5cf3c,UAL2712 ,United States,1751325440.0,1751325440,-97.1071,37.1091,10363.2,False,236.12,315.97,0.0,,10957.56,4720,False,0,2025-06-30 23:17:20
ae4d66,KECK618 ,United States,1751325440.0,1751325440,-77.9293,35.7307,9144.0,False,243.48,212.31,0.0,,9707.88,2467,False,0,2025-06-30 23:17:20
c08866,POE483  ,Canada,1751325295.0,1751325297,-90.8845,48.6644,11582.4,False,225.56,292.53,-0.33,,11803.38,,False,0,2025-06-30 23:17:20
c08863,POE443  ,Canada,1751325439.0,1751325440,-83.1541,44.563,11582.4,False,204.18,287.75,0.0,,12077.7,2244,False,0,2025-06-30 23:17:20
c08864,POE256  ,Canada,1751325436.0,1751325436,-73.7449,45.4576,,True,4.63,236.25,,,,,False,0,2025-06-30 23:17:20
acb1e5,AAL2343 ,United States,1751325439.0,1751325439,-97.6885,41.1297,11277.6,False,259.27,69.8,-0.33,,11788.14,2454,False,0,2025-06-30 23:17:20
c08862,POE505  ,Canada,1751325439.0,1751325439,-81.1528,30.5955,10363.2,False,254.6,183.48,0.33,,10919.46,1044,False,0,2025-06-30 23:17:20
a5cf66,UAL1528 ,United States,1751325440.0,1751325440,-95.7463,30.3651,4549.14,False,175.15,139.53,-9.43,,4831.08,0422,False,0,2025-06-30 23:17:20
a28820,N262TM  ,United States,1751325440.0,1751325440,-122.2345,47.8979,3489.96,False,93.92,47.22,0.0,,3634.74,1532,False,0,2025-06-30 23:17:20
a5cf4e,N4735H  ,United States,1751325342.0,1751325347,-71.1779,42.1907,,True,0.0,247.5,,,,,False,0,2025-06-30 23:17:20
c08853,POE407  ,Canada,1751325439.0,1751325439,-80.2685,43.8552,4777.74,False,171.68,287.08,9.75,,4937.76,2212,False,0,2025-06-30 23:17:20
a2b0ed,UAL566  ,United States,1751325440.0,1751325440,-120.7026,38.7592,9860.28,False,247.08,52.1,4.55,,10302.24,3717,False,0,2025-06-30 23:17:20
c0884e,POE642  ,Canada,1751325440.0,1751325440,-108.1326,36.5906,11277.6,False,232.15,64.12,-0.33,,11871.96,5623,False,0,2025-06-30 23:17:20
c0751c,ROU1932 ,Canada,1751325439.0,1751325439,-81.8775,45.4737,11277.6,False,238.01,136.75,0.0,,11765.28,,False,0,2025-06-30 23:17:20
a28812,SKW108R ,United States,1751325440.0,1751325440,-117.4501,33.8184,2453.64,False,130.43,240.2,-4.88,,2545.08,6006,False,0,2025-06-30 23:17:20
c00ba7,JZA628  ,Canada,1751325437.0,1751325437,-79.6015,43.6785,,True,7.2,47.81,,,,3244,False,0,2025-06-30 23:17:20
a1a548,N205HC  ,United States,1751325440.0,1751325440,-91.2154,30.6452,594.36,False,52.12,41.4,0.0,,624.84,,False,0,2025-06-30 23:17:20
a0224c,N1079D  ,United States,1751325439.0,1751325439,-109.3282,37.1846,3543.3,False,107.44,326.92,-4.55,,3733.8,,False,0,2025-06-30 23:17:20
a3e525,DAL518  ,United States,1751325439.0,1751325439,-71.2845,41.7868,3352.8,False,163.35,60.37,0.0,,3505.2,3522,False,0,2025-06-30 23:17:20
acc59d,PDT6017 ,United States,1751325439.0,1751325440,-71.2841,41.4422,3002.28,False,146.07,175.35,12.68,,3139.44,,False,0,2025-06-30 23:17:20
a1ebb2,N22260  ,United States,1751325439.0,1751325439,-76.19,40.8874,1371.6,False,49.28,306.51,-0.65,,1402.08,1110,False,0,2025-06-30 23:17:20
a21ed4,ASA1287 ,United States,1751325439.0,1751325439,-120.1196,38.2224,11277.6,False,221.58,159.33,0.0,,11833.86,2626,False,0,2025-06-30 23:17:20
a7c800,N600HT  ,United States,1751325439.0,1751325439,-93.662,36.0697,11277.6,False,189.57,87.04,0.0,,11917.68,2344,False,0,2025-06-30 23:17:20
a08efd,AAL1024 ,United States,1751325440.0,1751325440,-81.5227,28.2589,2918.46,False,156.21,54.11,-7.8,,3093.72,6762,False,0,2025-06-30 23:17:20
a3f875,N355MB  ,United States,1751325439.0,1751325439,-92.2686,42.1099,3352.8,False,91.15,118.3,0.0,,3467.1,,False,0,2025-06-30 23:17:20
a57ee6,SKW5620 ,United States,1751325437.0,1751325437,-103.3485,43.2073,9144.0,False,243.79,176.49,0.0,,9585.96,,False,0,2025-06-30 23:17:20
c060bd,POE206  ,Canada,1751325439.0,1751325439,-72.9967,45.5591,9144.0,False,216.72,267.96,-0.33,,9555.48,,False,0,2025-06-30 23:17:20
a02291,N108BM  ,United States,1751325439.0,1751325440,-90.9904,30.8369,1805.94,False,142.37,186.43,-7.15,,1889.76,4121,False,0,2025-06-30 23:17:20
c060be,POE309  ,Canada,1751325439.0,1751325439,-79.6553,43.6802,205.74,False,86.6,226.44,2.28,,137.16,0567,False,0,2025-06-30 23:17:20
c060ba,POE365  ,Canada,1751325436.0,1751325440,-79.6349,43.6905,205.74,True,4.89,317.81,,,,2231,False,0,2025-06-30 23:17:20
a1a57a,N205KC  ,United States,1751325332.0,1751325332,-90.8722,35.3986,,False,59.64,235.9,-0.98,,160.02,,False,0,2025-06-30 23:17:20
aa4903,AAL786  ,United States,1751325423.0,1751325423,-69.7289,39.0006,10972.8,False,255.0,49.34,0.0,,11590.02,,False,0,2025-06-30 23:17:20
a3f812,N355HC  ,United States,1751325439.0,1751325439,-87.8756,41.878,457.2,False,45.32,272.6,0.98,,381.0,0325,False,0,2025-06-30 23:17:20
a9f3c0,NKS2494 ,United States,1751325436.0,1751325437,-81.9257,27.1471,2933.7,False,137.27,212.92,-7.15,,3101.34,1614,False,0,2025-06-30 23:17:20
c060c9,POE448  ,Canada,1751325439.0,1751325439,-75.9663,45.5135,2453.64,False,150.1,118.67,-7.48,,2499.36,2146,False,0,2025-06-30 23:17:20
aa21ef,SKW4917 ,United States,1751325439.0,1751325440,-110.8544,32.0123,1303.02,False,90.63,32.25,-0.98,,1287.78,1364,False,0,2025-06-30 23:17:20
c060c4,POE517  ,Canada,1751325389.0,1751325389,-80.1726,26.077,22.86,False,71.0,90.83,-3.9,,60.96,6534,False,0,2025-06-30 23:17:20
c060c6,POE670  ,Canada,1751325439.0,1751325440,-99.683,43.2069,11277.6,False,244.43,84.57,0.0,,11727.18,,False,0,2025-06-30 23:17:20
c060c3,POE452  ,Canada,1751325431.0,1751325431,-86.2502,47.3126,11277.6,False,248.32,115.13,0.0,,11551.92,,False,0,2025-06-30 23:17:20
ac74b3,WUP901  ,United States,1751325197.0,1751325197,-112.0214,33.4256,,True,2.83,171.56,,,,4363,False,0,2025-06-30 23:17:20
a38223,AAY331  ,United States,1751325439.0,1751325439,-91.1253,39.7042,11582.4,False,231.73,314.37,-0.65,,12161.52,1061,False,0,2025-06-30 23:17:20
a0cbdf,PXT150  ,United States,1751325427.0,1751325433,-122.3845,37.6276,,True,0.0,284.06,,,,6655,False,0,2025-06-30 23:17:20
a8d3b4,UAL2133 ,United States,1751325440.0,1751325440,-83.762,42.0769,11277.6,False,255.38,95.66,-0.33,,11841.48,3535,False,0,2025-06-30 23:17:20
a21efb,MXY739  ,United States,1751325439.0,1751325439,-70.6144,43.2509,5135.88,False,189.47,221.7,8.45,,5372.1,,False,0,2025-06-30 23:17:20
a1feea,MXY718  ,United States,1751325439.0,1751325439,-81.5648,38.8485,10972.8,False,226.0,184.44,0.0,,11605.26,2453,False,0,2025-06-30 23:17:20
a8e6dc,N673    ,United States,1751325440.0,1751325440,-71.3425,43.2416,1531.62,False,71.23,35.3,-0.33,,1546.86,5315,False,0,2025-06-30 23:17:20
a20bf5,N2308E  ,United States,1751325439.0,1751325439,-122.9032,46.6216,2255.52,False,47.37,177.51,-0.65,,2362.2,,False,0,2025-06-30 23:17:20
aa7d90,N775WB  ,United States,1751325437.0,1751325440,-121.0932,41.412,2042.16,False,54.66,324.96,0.0,,2110.74,,False,0,2025-06-30 23:17:20
c060e5,CGKSA   ,Canada,1751325440.0,1751325440,-73.027,45.5201,883.92,False,36.0,120.96,-0.33,,,,False,0,2025-06-30 23:17:20
a8e6f2,AAL1918 ,United States,1751325440.0,1751325440,-79.9365,36.0778,10668.0,False,230.0,56.31,0.0,,11315.7,4251,False,0,2025-06-30 23:17:20
a7c85d,FRLD74  ,United States,1751325439.0,1751325440,-117.3279,33.7917,1104.9,False,77.17,179.62,1.3,,1104.9,1255,False,0,2025-06-30 23:17:20
a87217,N643TP  ,United States,1751325439.0,1751325439,-95.4089,38.5376,1798.32,False,58.92,241.87,0.0,,1866.9,,False,0,2025-06-30 23:17:20
acd855,,United States,1751325436.0,1751325436,-97.0789,38.5491,731.52,False,70.86,296.75,1.63,,777.24,,False,0,2025-06-30 23:17:20
ac754b,AAL3263 ,United States,1751325439.0,1751325440,-88.7902,32.4982,11597.64,False,240.25,270.37,0.0,,12291.06,0356,True,0,2025-06-30 23:17:20
aa8efb,N78JF   ,United States,1751325439.0,1751325439,-122.8374,47.1032,3208.02,False,110.32,347.07,-0.65,,3352.8,,False,0,2025-06-30 23:17:20
a7fbbb,SKW5217 ,United States,1751325439.0,1751325439,-119.8002,44.4781,11277.6,False,206.7,203.31,0.33,,11780.52,,False,0,2025-06-30 23:17:20
c060b7,PTR2484 ,Canada,1751325389.0,1751325392,-73.7499,45.4617,,True,4.63,315.0,,,,,False,0,2025-06-30 23:17:20
c060b4,PTR2294 ,Canada,1751325439.0,1751325439,-77.6904,44.0918,7315.2,False,148.55,237.3,0.33,,7673.34,3103,False,0,2025-06-30 23:17:20
c060b3,PTR2394 ,Canada,1751325439.0,1751325439,-85.6169,42.0084,6400.8,False,178.22,77.33,0.65,,6682.74,6232,False,0,2025-06-30 23:17:20
a81bcc,SKW5541 ,United States,1751325142.0,1751325142,-87.9181,41.9805,,True,9.26,191.25,,,,6763,False,0,2025-06-30 23:17:20
abebe0,SWA4186 ,United States,1751325439.0,1751325439,-94.4039,34.0033,8892.54,False,232.81,245.87,-6.18,,9441.18,2603,False,0,2025-06-30 23:17:20
a2c574,AAY998  ,United States,1751325440.0,1751325440,-73.6723,41.0854,7010.4,False,203.95,6.37,0.0,,7399.02,1563,False,0,2025-06-30 23:17:20
ac756c,AAL2576 ,United States,1751325439.0,1751325439,-89.6351,31.3876,6431.28,False,213.54,178.76,-14.31,,6835.14,7411,False,0,2025-06-30 23:17:20
a7650b,DAL798  ,United States,1751325440.0,1751325440,-89.3588,44.4916,10378.44,False,218.5,289.25,0.0,,10736.58,0766,False,0,2025-06-30 23:17:20
acd88e,DAL743  ,United States,1751325439.0,1751325439,-84.556,33.6835,1203.96,False,138.16,298.95,10.73,,1242.06,4156,False,0,2025-06-30 23:17:20
a20d0e,RPA5639 ,United States,1751325440.0,1751325440,-77.5347,42.6112,9448.8,False,251.99,56.83,-0.33,,9982.2,6570,False,0,2025-06-30 23:17:20
aa7ba6,N775AM  ,United States,1751325250.0,1751325250,-118.4483,34.0168,,True,3.6,45.0,,,,,False,0,2025-06-30 23:17:20
ade548,DAL3053 ,United States,1751325440.0,1751325440,-84.8514,32.4117,6583.68,False,229.83,204.04,3.9,,6979.92,1101,False,0,2025-06-30 23:17:20
acb21b,EJA917  ,United States,1751325439.0,1751325439,-107.1494,38.3546,13106.4,False,221.22,41.51,-0.33,,13731.24,0767,False,0,2025-06-30 23:17:20
ade543,AAL2496 ,United States,1751325440.0,1751325440,-102.4032,38.3641,10668.0,False,248.17,97.74,0.33,,11239.5,3547,False,0,2025-06-30 23:17:20
a3e55a,FFT3087 ,United States,1751325275.0,1751325407,-87.7423,41.7897,,True,0.0,129.38,,,,2673,False,0,2025-06-30 23:17:20
a3f88e,DAL1695 ,United States,1751325439.0,1751325439,-84.3415,33.6495,601.98,False,80.25,270.0,-3.9,,617.22,2215,False,0,2025-06-30 23:17:20
a2b29c,N273LA  ,United States,1751325421.0,1751325438,-73.7772,41.6881,1074.42,False,59.32,78.5,-0.33,,1089.66,,False,0,2025-06-30 23:17:20
ad8269,N97MK   ,United States,1751325439.0,1751325439,-80.1288,35.7232,3032.76,False,92.03,303.6,-0.33,,3177.54,,False,0,2025-06-30 23:17:20
c086bd,CGZAQ   ,Canada,1751325439.0,1751325439,-72.9577,45.3916,1432.56,False,36.38,151.26,-0.33,,1447.8,,False,0,2025-06-30 23:17:20
a5255a,RPA4501 ,United States,1751325439.0,1751325439,-79.3605,37.8647,9144.0,False,228.44,239.86,0.33,,9669.78,3503,False,0,2025-06-30 23:17:20
a3829a,N325TP  ,United States,1751325440.0,1751325440,-82.5395,34.19,4152.9,False,122.02,329.33,-7.48,,4351.02,,False,0,2025-06-30 23:17:20
a6eec9,LXJ546  ,United States,1751325439.0,1751325439,-116.0111,36.4915,13716.0,False,231.26,117.71,-0.65,,14401.8,3322,False,0,2025-06-30 23:17:20
a06a09,AAL1664 ,United States,1751325439.0,1751325439,-80.9611,35.5145,1211.58,False,103.14,176.0,-0.33,,1257.3,,False,0,2025-06-30 23:17:20
a70ee6,GJS4447 ,United States,1751325440.0,1751325440,-83.3255,41.3069,10972.8,False,220.65,266.26,-0.33,,11567.16,4040,False,0,2025-06-30 23:17:20
a3828a,SKW3794 ,United States,1751325439.0,1751325439,-118.2777,34.0354,1424.94,False,104.2,82.91,-1.95,,1447.8,1675,False,0,2025-06-30 23:17:20
a32d40,TKR875  ,United States,1751325439.0,1751325440,-102.4618,43.5363,1988.82,False,83.74,261.52,-0.98,,2141.22,,False,0,2025-06-30 23:17:20
a44d1c,DAL1439 ,United States,1751325439.0,1751325439,-82.2225,32.2912,11582.4,False,236.31,187.88,-0.33,,12245.34,3062,False,0,2025-06-30 23:17:20
c06183,POE306  ,Canada,1751325439.0,1751325439,-83.9418,43.6263,11277.6,False,248.67,96.77,-0.33,,11795.76,2655,False,0,2025-06-30 23:17:20
a20d4b,N231MA  ,United States,1751325439.0,1751325439,-94.125,41.6693,1013.46,False,49.82,35.33,-0.65,,1028.7,,False,0,2025-06-30 23:17:20
a154e6,SKW3494 ,United States,1751325439.0,1751325439,-120.7141,35.1876,10058.4,False,219.42,138.61,0.0,,10538.46,6302,False,0,2025-06-30 23:17:20
a3e4a8,HRC35   ,United States,1751325439.0,1751325440,-75.4685,42.9367,9753.6,False,218.1,255.8,-0.33,,10271.76,2006,False,0,2025-06-30 23:17:20
c0617a,POE236  ,Canada,1751325439.0,1751325440,-69.7513,46.5259,10972.8,False,205.31,258.44,0.0,,11445.24,7202,False,0,2025-06-30 23:17:20
a56d0c,N449LF  ,United States,1751325439.0,1751325439,-116.7508,47.4484,1630.68,False,66.72,162.96,5.53,,1691.64,,False,0,2025-06-30 23:17:20
c06177,POE130  ,Canada,1751325437.0,1751325437,-79.6212,43.685,,True,0.45,64.69,,,,4326,False,0,2025-06-30 23:17:20
c06174,POE375  ,Canada,1751325439.0,1751325439,-74.098,45.4695,2484.12,False,149.51,323.96,14.31,,2552.7,,False,0,2025-06-30 23:17:20
c06171,POE662  ,Canada,1751325440.0,1751325440,-104.355,38.7853,11277.6,False,236.35,68.68,0.0,,11856.72,2253,False,0,2025-06-30 23:17:20
ab681a,N834KC  ,United States,1751325439.0,1751325439,-84.0068,36.0598,1706.88,False,59.09,49.24,0.0,,1760.22,6762,False,0,2025-06-30 23:17:20
c0616c,POE267  ,Canada,1751325439.0,1751325439,-76.8041,45.3536,6659.88,False,182.24,257.61,15.93,,6918.96,6211,False,0,2025-06-30 23:17:20
a3f7da,N355EX  ,United States,1751325182.0,1751325182,-112.0131,41.1911,1363.98,False,12.05,50.19,0.0,,1363.98,,False,0,2025-06-30 23:17:20
a657bf,AAL1973 ,United States,1751325439.0,1751325439,-96.9278,33.1864,1524.0,False,108.3,236.23,0.0,,1592.58,3371,False,0,2025-06-30 23:17:20
a19d59,MXY724  ,United States,1751325440.0,1751325440,-77.0726,41.1976,10972.8,False,217.36,250.79,0.0,,11582.4,1370,False,0,2025-06-30 23:17:20
a99262,ASA438  ,United States,1751325439.0,1751325439,-94.9268,34.5608,10363.2,False,230.94,191.44,0.0,,10988.04,1507,False,0,2025-06-30 23:17:20
add0e8,AIP1801 ,United States,1751325440.0,1751325440,-111.9682,40.7318,1554.48,False,71.87,354.25,-4.55,,1554.48,4346,False,0,2025-06-30 23:17:20
a3e4d2,N350AE  ,United States,1751325440.0,1751325440,-117.4693,47.8071,2065.02,False,129.99,9.8,-5.85,,2141.22,,False,0,2025-06-30 23:17:20
a3e4d9,AIRLIFE2,United States,1751325408.0,1751325436,-111.9162,40.3946,1432.56,False,1.63,341.57,-0.65,,1417.32,1200,False,0,2025-06-30 23:17:20
a06a54,DAL395  ,United States,1751325439.0,1751325439,-94.6975,32.1194,10675.62,False,245.65,85.44,0.0,,11338.56,7365,False,0,2025-06-30 23:17:20
a2b1ab,ASA410  ,United States,1751325439.0,1751325439,-99.0345,45.8249,10668.0,False,256.37,113.79,0.0,,11049.0,,False,0,2025-06-30 23:17:20
a20d8a,N231PP  ,United States,1751325439.0,1751325439,-118.4321,48.0679,3055.62,False,71.64,259.66,3.25,,3185.16,,False,0,2025-06-30 23:17:20
a8856d,UAL2630 ,United States,1751325429.0,1751325437,-104.1655,47.2157,10363.2,False,214.15,272.07,0.0,,10797.54,,False,0,2025-06-30 23:17:20
a417fe,FFT1081 ,United States,1751325301.0,1751325425,-84.4233,33.6439,,True,0.0,0.0,,,,5706,False,0,2025-06-30 23:17:20
a0490b,N1173X  ,United States,1751325212.0,1751325428,-82.4434,35.3627,1371.6,False,53.54,2.2,0.33,,1440.18,0253,False,0,2025-06-30 23:17:20
a31a50,UAL8178 ,United States,1751325439.0,1751325439,-97.2651,40.8834,11582.4,False,225.51,254.79,-0.33,,12123.42,2236,False,0,2025-06-30 23:17:20
a394f7,N33RK   ,United States,1751325377.0,1751325377,-80.2478,25.9982,30.48,False,38.07,90.0,-3.9,,30.48,1574,False,0,2025-06-30 23:17:20
c06167,POE322  ,Canada,1751325439.0,1751325439,-79.6298,43.6827,,True,8.75,47.81,,,,5527,False,0,2025-06-30 23:17:20
c07498,CGSDZ   ,Canada,1751325439.0,1751325439,-123.2228,48.7067,1310.64,False,46.41,58.6,3.58,,1371.6,,False,0,2025-06-30 23:17:20
a1ed5f,ENY3652 ,United States,1751325439.0,1751325440,-93.2245,40.8169,7315.2,False,200.63,248.96,0.33,,7673.34,7671,False,0,2025-06-30 23:17:20
a0ba4e,EDV4958 ,United States,1751325440.0,1751325440,-87.7278,38.9285,10058.4,False,228.98,163.15,-0.33,,10645.14,1315,False,0,2025-06-30 23:17:20
a44d3f,DAL1758 ,United States,1751325440.0,1751325440,-84.2863,33.537,1607.82,False,117.29,90.0,-9.75,,1691.64,6053,False,0,2025-06-30 23:17:20
ac0ba7,UAL8211 ,United States,1751325397.0,1751325397,-81.2489,24.7491,7383.78,False,225.8,264.64,5.85,,7795.26,,False,0,2025-06-30 23:17:20
aacbb7,PXT795  ,United States,1751325439.0,1751325439,-120.313,36.0158,6400.8,False,126.14,143.46,0.0,,6697.98,3267,False,0,2025-06-30 23:17:20
a537b2,SWA581  ,United States,1751325440.0,1751325440,-112.9761,32.9155,11277.6,False,248.06,80.81,0.0,,11932.92,2003,False,0,2025-06-30 23:17:20
3d1a77,DEIGT   ,Germany,1751325439.0,1751325439,-121.1198,39.2149,3200.4,False,79.98,203.1,0.65,,3329.94,,False,0,2025-06-30 23:17:20
a7a257,JIA5471 ,United States,1751325439.0,1751325439,-81.2477,35.6459,2750.82,False,150.13,101.46,-1.95,,2880.36,6670,False,0,2025-06-30 23:17:20
a0cd92,N1507X  ,United States,1751325439.0,1751325439,-121.8407,37.3346,365.76,False,51.67,144.73,2.6,,327.66,,False,0,2025-06-30 23:17:20
a1a4e8,SABER5  ,United States,1751325229.0,1751325229,-111.8466,39.4794,4297.68,False,60.7,148.87,-4.88,,4724.4,,False,0,2025-06-30 23:17:20
acd838,AAL578  ,United States,1751325439.0,1751325439,-97.0296,32.8782,419.1,False,89.66,176.71,12.35,,350.52,,False,0,2025-06-30 23:17:20
a261c9,N25233  ,United States,1751325439.0,1751325439,-123.1033,45.4423,579.12,False,40.46,352.69,-2.28,,541.02,,False,0,2025-06-30 23:17:20
aa7e9b,UAL1702 ,United States,1751325165.0,1751325165,-118.7767,39.8924,10058.4,False,258.32,57.61,0.33,,10553.7,1715,False,0,2025-06-30 23:17:20
aa7e9a,UAL2047 ,United States,1751325439.0,1751325439,-115.1219,36.0778,,True,3.34,129.38,,,,,False,0,2025-06-30 23:17:20
c00cf5,MAL7084 ,Canada,1751325440.0,1751325440,-79.6156,43.7077,335.28,False,70.25,227.08,-4.23,,266.7,4354,False,0,2025-06-30 23:17:20
c00cec,MAL7056 ,Canada,1751325440.0,1751325440,-79.6521,43.7977,1676.4,False,104.83,46.99,-6.5,,1661.16,5555,False,0,2025-06-30 23:17:20
a897f4,AAL1868 ,United States,1751325439.0,1751325439,-91.1271,35.4429,10660.38,False,253.04,55.02,0.0,,11300.46,2004,False,0,2025-06-30 23:17:20
abdb35,AAL9    ,United States,1751325422.0,1751325422,-106.447,31.7678,1524.0,False,84.38,50.19,-4.88,,1600.2,2022,False,0,2025-06-30 23:17:20
ae4e57,ELVIS11 ,United States,1751325439.0,1751325440,-81.5882,36.0031,2857.5,False,132.06,116.37,0.0,,2964.18,,False,0,2025-06-30 23:17:20
ade5b8,PCM7650 ,United States,1751325390.0,1751325400,-122.9926,39.088,1661.16,False,95.02,277.78,-4.23,,1691.64,1200,False,0,2025-06-30 23:17:20
a6a7ec,N528PA  ,United States,1751325424.0,1751325424,-81.6273,28.9,396.24,False,53.36,326.0,-3.25,,434.34,1200,False,0,2025-06-30 23:17:20
a16943,N190ME  ,United States,1751325430.0,1751325440,-96.607,33.6817,1074.42,False,47.89,92.46,2.93,,1097.28,,False,0,2025-06-30 23:17:20
a21fa1,RPA5627 ,United States,1751325439.0,1751325440,-70.8942,42.5938,1219.2,False,101.05,199.63,0.33,,1249.68,4002,False,0,2025-06-30 23:17:20
a2fa71,AAY3040 ,United States,1751325439.0,1751325440,-81.1533,29.5339,9189.72,False,249.23,182.48,-5.2,,9707.88,6044,False,0,2025-06-30 23:17:20
a884b6,UAL321  ,United States,1751325410.0,1751325426,-67.5335,41.5588,10668.0,False,255.24,60.54,0.0,,11216.64,5033,False,0,2025-06-30 23:17:20
aa7e99,UAL2399 ,United States,1751325439.0,1751325440,-100.7132,31.0142,10972.8,False,230.52,268.85,0.0,,11643.36,7271,False,0,2025-06-30 23:17:20
a93d4e,PDT5868 ,United States,1751325440.0,1751325440,-75.0291,39.9137,891.54,False,91.96,256.74,-5.2,,906.78,4220,False,0,2025-06-30 23:17:20
a5aa3a,UAL579  ,United States,1751325434.0,1751325434,-95.3092,30.0072,121.92,False,73.57,270.4,-3.9,,137.16,4560,False,0,2025-06-30 23:17:20
aa7e7d,UAL2683 ,United States,1751325439.0,1751325439,-116.8508,32.6973,1836.42,False,120.12,249.7,0.33,,1882.14,,False,0,2025-06-30 23:17:20
aa7e7b,UAL2602 ,United States,1751325438.0,1751325439,-111.4004,42.1429,10363.2,False,226.23,298.08,-0.33,,10904.22,,False,0,2025-06-30 23:17:20
aa7e7a,UAL222  ,United States,1751325439.0,1751325440,-85.7589,33.4879,10668.0,False,236.05,63.04,-0.33,,11315.7,7027,False,0,2025-06-30 23:17:20
a1da83,N21866  ,United States,1751325439.0,1751325440,-122.1984,37.7365,327.66,False,50.6,108.99,-0.33,,281.94,5340,False,0,2025-06-30 23:17:20
a2b1cf,N273BW  ,United States,1751325431.0,1751325431,-77.113,37.8426,1135.38,False,80.83,219.06,-1.63,,1165.86,1121,False,0,2025-06-30 23:17:20
c0635c,PTR2339 ,Canada,1751325439.0,1751325440,-74.1714,41.0572,1333.5,False,126.6,172.53,-0.98,,1379.22,1014,False,0,2025-06-30 23:17:20
a28904,UAL1281 ,United States,1751325440.0,1751325440,-110.6868,36.6725,10972.8,False,229.89,229.54,-0.33,,11582.4,1246,False,0,2025-06-30 23:17:20
c0502e,ACA777  ,Canada,1751325439.0,1751325439,-90.8714,45.5261,10972.8,False,213.82,257.64,0.0,,11277.6,,False,0,2025-06-30 23:17:20
c0635b,PTR2617 ,Canada,1751325439.0,1751325440,-79.8232,46.0593,7315.2,False,181.72,337.36,0.0,,7612.38,4767,False,0,2025-06-30 23:17:20
c0635a,PTR2946 ,Canada,1751325440.0,1751325440,-78.6501,43.6967,2903.22,False,151.24,265.32,-7.48,,2987.04,7076,False,0,2025-06-30 23:17:20
a44d85,DAL2442 ,United States,1751325281.0,1751325281,-119.6505,44.1271,10668.0,False,234.04,152.08,0.33,,11163.3,6606,False,0,2025-06-30 23:17:20
3a3440,RLY12AM ,France,1751325439.0,1751325439,-107.2759,35.6028,2857.5,False,70.75,104.74,-0.98,,3017.52,,False,0,2025-06-30 23:17:20
acc5e7,N922DD  ,United States,1751325440.0,1751325440,-122.5514,45.7642,632.46,False,38.18,104.04,1.3,,632.46,,False,0,2025-06-30 23:17:20
c06358,PTR2485 ,Canada,1751325439.0,1751325439,-77.9782,44.1718,7620.0,False,176.35,65.53,0.33,,7978.14,2202,False,0,2025-06-30 23:17:20
c06356,PTR2355 ,Canada,1751325439.0,1751325439,-76.7197,45.5634,7200.9,False,108.23,294.13,2.93,,7505.7,,False,0,2025-06-30 23:17:20
a6ca2f,N5368H  ,United States,1751325440.0,1751325440,-117.8319,33.6989,304.8,False,41.81,251.34,-0.33,,236.22,,False,0,2025-06-30 23:17:20
a7a1a0,FDX1443 ,United States,1751325439.0,1751325439,-89.1807,40.8992,7208.52,False,237.54,41.84,-15.28,,7528.56,0747,False,0,2025-06-30 23:17:20
c0501e,ACA990  ,Canada,1751325432.0,1751325432,-79.6108,43.6785,,True,0.64,275.62,,,,,False,0,2025-06-30 23:17:20
acb2ad,SWA4155 ,United States,1751325439.0,1751325439,-106.4075,37.1671,10355.58,False,229.88,230.54,0.0,,10927.08,,False,0,2025-06-30 23:17:20
c00cfe,MAL7095 ,Canada,1751325440.0,1751325440,-80.2549,44.0619,2476.5,False,92.58,103.5,0.0,,2514.6,4703,False,0,2025-06-30 23:17:20
c00cfd,MAL7052 ,Canada,1751325439.0,1751325439,-123.4318,48.9408,906.78,False,82.89,96.77,0.0,,944.88,,False,0,2025-06-30 23:17:20
a03660,N11228  ,United States,1751325426.0,1751325433,-87.8949,42.1001,297.18,False,29.62,339.68,-1.95,,236.22,1200,False,0,2025-06-30 23:17:20
a02339,VJA108  ,United States,1751325439.0,1751325439,-121.9209,37.3545,,True,37.04,317.81,,,,,False,0,2025-06-30 23:17:20
a21fbb,N236KR  ,United States,1751325439.0,1751325440,-74.1616,40.8157,563.88,False,115.22,259.19,7.8,,571.5,,False,0,2025-06-30 23:17:20
aa35e1,AAL2223 ,United States,1751325439.0,1751325440,-111.655,33.2474,2491.74,False,126.08,333.33,-2.28,,2598.42,7475,False,0,2025-06-30 23:17:20
add2ad,ASA19   ,United States,1751325440.0,1751325440,-79.2765,43.2821,10363.2,False,231.03,314.01,0.0,,10888.98,3374,False,0,2025-06-30 23:17:20
a524e1,UAL588  ,United States,1751325240.0,1751325240,-108.7924,42.6922,9761.22,False,222.29,315.84,0.33,,10302.24,3526,False,0,2025-06-30 23:17:20
a1697c,N190PM  ,United States,1751325440.0,1751325440,-72.8275,44.1755,3002.28,False,107.04,140.26,6.18,,3101.34,,False,0,2025-06-30 23:17:20
acc5fb,DAL1838 ,United States,1751325439.0,1751325440,-110.136,30.758,10363.2,False,236.74,333.27,-0.33,,10972.8,,False,0,2025-06-30 23:17:20
a68d44,GJS4582 ,United States,1751325439.0,1751325439,-80.7337,40.9402,10363.2,False,227.1,297.38,0.65,,10942.32,1014,False,0,2025-06-30 23:17:20
a777bf,AAL1789 ,United States,1751325440.0,1751325440,-79.6999,41.3991,9144.0,False,225.63,240.04,0.0,,9654.54,2364,False,0,2025-06-30 23:17:20
aa7e51,UAL2264 ,United States,1751325440.0,1751325440,-92.332,37.7525,10363.2,False,230.0,273.98,0.0,,10949.94,6217,False,0,2025-06-30 23:17:20
a67a16,N5160E  ,United States,1751325366.0,1751325366,-120.921,44.2961,1417.32,False,48.58,114.39,-2.28,,1242.06,,False,0,2025-06-30 23:17:20
a0100a,PXG103  ,United States,1751325440.0,1751325440,-84.0107,40.5956,5288.28,False,187.08,124.7,-4.88,,5532.12,7050,False,0,2025-06-30 23:17:20
a28947,UAL2297 ,United States,1751325439.0,1751325439,-101.4637,41.2188,10363.2,False,221.7,246.77,0.0,,10866.12,7372,False,0,2025-06-30 23:17:20
c07646,CGSUN   ,Canada,1751325142.0,1751325142,-106.1765,46.5999,14325.6,False,237.12,324.45,0.65,,14859.0,2417,False,0,2025-06-30 23:17:20
acfb6e,N9356H  ,United States,1751325330.0,1751325336,-90.6425,41.1254,472.44,False,31.65,82.53,-3.58,,449.58,,False,0,2025-06-30 23:17:20
400773,BAW9E   ,United Kingdom,1751325419.0,1751325439,-67.0309,44.9629,11277.6,False,264.54,55.94,0.33,,11833.86,1734,False,0,2025-06-30 23:17:20
400771,BAW12TB ,United Kingdom,1751325439.0,1751325439,-82.5415,27.9882,,True,45.27,182.81,,,,,False,0,2025-06-30 23:17:20
a65942,N508SK  ,United States,1751325440.0,1751325440,-102.4171,32.5203,2438.4,False,118.86,11.99,3.25,,2537.46,,False,0,2025-06-30 23:17:20
a89915,NKS2648 ,United States,1751325439.0,1751325439,-82.2686,39.7419,9212.58,False,233.61,349.85,-7.48,,9768.84,3162,False,0,2025-06-30 23:17:20
a27676,AAY681  ,United States,1751325439.0,1751325440,-107.2614,40.6255,10972.8,False,231.51,217.51,-0.33,,11574.78,,False,0,2025-06-30 23:17:20
a92a8d,N69YK   ,United States,1751325438.0,1751325439,-94.5635,41.7871,1653.54,False,83.75,63.75,0.0,,1699.26,,False,0,2025-06-30 23:17:20
a5cfa5,UAL1842 ,United States,1751325439.0,1751325439,-80.9809,46.4648,10363.2,False,197.55,270.0,0.0,,10774.68,3375,False,0,2025-06-30 23:17:20
add376,JBU187  ,United States,1751325439.0,1751325439,-70.7275,42.4753,2865.12,False,148.21,334.95,10.08,,2979.42,,False,0,2025-06-30 23:17:20
a1435d,SWA1051 ,United States,1751325439.0,1751325439,-91.6695,40.648,9448.8,False,241.84,86.1,0.0,,9913.62,,False,0,2025-06-30 23:17:20
a2c635,SWA827  ,United States,1751325440.0,1751325440,-97.3293,32.073,11887.2,False,236.36,23.61,0.0,,12573.0,4007,False,0,2025-06-30 23:17:20
a80a97,SKW5422 ,United States,1751325439.0,1751325440,-75.688,45.9222,9753.6,False,218.75,255.15,0.0,,10210.8,1330,False,0,2025-06-30 23:17:20
ac508b,DAL2381 ,United States,1751325371.0,1751325371,-84.4225,33.6299,,True,8.75,180.0,,,,,False,0,2025-06-30 23:17:20
a40629,N3589S  ,United States,1751325439.0,1751325439,-122.2905,40.2213,2651.76,False,59.09,353.0,0.33,,2705.1,3326,False,0,2025-06-30 23:17:20
abb8a0,SWA3418 ,United States,1751325440.0,1751325440,-111.7687,33.5067,11262.36,False,241.36,67.04,0.0,,11910.06,1307,False,0,2025-06-30 23:17:20
a3e658,AAL3090 ,United States,1751325440.0,1751325440,-113.1546,37.1483,11277.6,False,242.21,54.86,0.0,,11910.06,7372,False,0,2025-06-30 23:17:20
a26315,EPI253  ,United States,1751325439.0,1751325440,-81.3368,28.5438,60.96,False,40.6,247.66,3.9,,76.2,4203,False,0,2025-06-30 23:17:20
a1fff2,ENY4122 ,United States,1751325440.0,1751325440,-95.4476,33.8522,8138.16,False,232.74,239.3,-5.2,,8648.7,5637,False,0,2025-06-30 23:17:20
a1ecc4,CXK153  ,United States,1751325413.0,1751325413,-70.4068,41.7761,624.84,False,51.11,139.9,0.0,,617.22,5321,False,0,2025-06-30 23:17:20
ab68dd,SCX920  ,United States,1751325439.0,1751325439,-84.7018,40.5542,11582.4,False,229.39,319.09,-0.33,,12192.0,6720,False,0,2025-06-30 23:17:20
ac0e33,SCU56   ,United States,1751325407.0,1751325408,-95.7266,36.2174,754.38,False,53.68,50.05,-0.33,,746.76,,False,0,2025-06-30 23:17:20
a1699a,EJA190  ,United States,1751325439.0,1751325439,-110.1322,32.5509,12489.18,False,274.03,107.14,0.0,,13190.22,6424,False,0,2025-06-30 23:17:20
abb8c4,SWA1310 ,United States,1751325134.0,1751325136,-107.733,39.845,10965.18,False,237.93,259.66,0.0,,11567.16,7024,False,0,2025-06-30 23:17:20
a01037,DAL2760 ,United States,1751325439.0,1751325440,-82.2954,46.1874,10972.8,False,198.8,242.57,0.0,,11437.62,4642,False,0,2025-06-30 23:17:20
a51331,BKN26   ,United States,1751325379.0,1751325399,-90.1223,38.6224,449.58,False,54.78,194.69,-1.95,,388.62,,False,0,2025-06-30 23:17:20
a8990f,N653ND  ,United States,1751325439.0,1751325439,-122.1954,37.3969,929.64,False,44.86,266.05,-0.33,,914.4,1200,False,0,2025-06-30 23:17:20
aca07a,N9120J  ,United States,1751325438.0,1751325438,-122.2948,40.589,792.48,False,49.39,179.4,-4.23,,754.38,,False,0,2025-06-30 23:17:20
a38367,JBU1317 ,United States,1751325439.0,1751325440,-83.3994,35.1522,8801.1,False,236.28,206.51,-8.13,,9342.12,7435,False,0,2025-06-30 23:17:20
a8d4f6,UAL448  ,United States,1751325440.0,1751325440,-103.4594,30.7741,9753.6,False,231.15,286.42,-0.33,,10347.96,2531,False,0,2025-06-30 23:17:20
a7b4ea,JIA5115 ,United States,1751325440.0,1751325440,-89.2367,36.8918,10363.2,False,218.95,228.14,0.33,,10988.04,3204,False,0,2025-06-30 23:17:20
a8d4ef,UAL489  ,United States,1751325440.0,1751325440,-98.0369,32.7721,10668.0,False,247.59,144.13,-0.33,,11323.32,7110,False,0,2025-06-30 23:17:20
a44cda,DAL776  ,United States,1751325440.0,1751325440,-80.6628,31.4536,11582.4,False,255.27,181.62,0.0,,12207.24,3464,False,0,2025-06-30 23:17:20
a1a697,SWA1399 ,United States,1751325439.0,1751325439,-120.8194,40.0915,12192.0,False,226.64,221.69,-0.33,,12793.98,,False,0,2025-06-30 23:17:20
abdb10,APC690  ,United States,1751325435.0,1751325438,-122.6512,47.8186,739.14,False,72.17,329.6,0.0,,769.62,,False,0,2025-06-30 23:17:20
a7ea48,SKW6330 ,United States,1751325440.0,1751325440,-84.4863,45.3678,10668.0,False,197.19,239.42,0.0,,11102.34,3414,False,0,2025-06-30 23:17:20
a1ecfd,RPA5804 ,United States,1751325433.0,1751325433,-73.7698,40.6336,,True,6.94,300.94,,,,1423,False,0,2025-06-30 23:17:20
aa6b9f,UAL884  ,United States,1751325439.0,1751325439,-74.8012,39.9928,10066.02,False,257.96,48.23,-3.25,,10660.38,2727,False,0,2025-06-30 23:17:20
af38c4,G27050  ,United States,1751325439.0,1751325439,-84.3535,33.8753,1021.08,False,58.25,287.47,-1.3,,1059.18,5655,False,0,2025-06-30 23:17:20
abb8ea,SWA2749 ,United States,1751325438.0,1751325439,-115.1756,34.0564,9144.0,False,205.88,228.34,-0.33,,9654.54,3540,False,0,2025-06-30 23:17:20
ab8b3e,N843CP  ,United States,1751325439.0,1751325439,-105.8346,36.2629,12184.38,False,214.14,254.96,0.0,,12832.08,6621,False,0,2025-06-30 23:17:20
a13041,N176JB  ,United States,1751325368.0,1751325368,-88.8487,39.8062,518.16,False,48.61,39.42,-1.3,,472.44,1200,False,0,2025-06-30 23:17:20
a2768c,VTE3502 ,United States,1751325132.0,1751325188,-93.3379,33.1924,6941.82,False,211.53,82.87,-2.6,,7345.68,2350,False,0,2025-06-30 23:17:20
a2766f,ENY4226 ,United States,1751325440.0,1751325440,-80.5591,24.8737,6568.44,False,207.99,196.82,6.5,,6941.82,,False,0,2025-06-30 23:17:20
a40654,ATN3336 ,United States,1751325439.0,1751325440,-97.5022,37.7424,10058.4,False,260.02,94.31,-0.33,,10591.8,7273,False,0,2025-06-30 23:17:20
a9f4c6,RPA3306 ,United States,1751325439.0,1751325439,-84.5467,41.1656,11277.6,False,266.71,52.44,0.0,,11849.1,6722,False,0,2025-06-30 23:17:20
a32ce0,N3030S  ,United States,1751325440.0,1751325440,-121.6638,38.0795,1676.4,False,88.83,42.65,-0.33,,1699.26,1200,False,0,2025-06-30 23:17:20
a871f1,N643SA  ,United States,1751325440.0,1751325440,-96.5389,32.8508,601.98,False,62.44,129.99,1.3,,601.98,1200,False,0,2025-06-30 23:17:20
a32cce,N303ZZ  ,United States,1751325439.0,1751325439,-104.5873,38.468,3124.2,False,88.46,219.34,0.33,,3307.08,1200,False,0,2025-06-30 23:17:20
ab8b56,DAL717  ,United States,1751325440.0,1751325440,-106.1834,43.2323,10058.4,False,249.18,83.24,0.0,,10576.56,,False,0,2025-06-30 23:17:20
aa6b7e,UAL948  ,United States,1751325431.0,1751325440,-122.3788,37.6184,,True,6.69,109.69,,,,,False,0,2025-06-30 23:17:20
a8d4cc,UAL504  ,United States,1751325440.0,1751325440,-89.3448,29.6533,9753.6,False,239.29,263.33,0.33,,10355.58,2542,False,0,2025-06-30 23:17:20
ade633,N995LC  ,United States,1751325440.0,1751325440,-81.6334,28.6985,4229.1,False,118.44,352.01,-0.65,,4457.7,5231,False,0,2025-06-30 23:17:20
ae5fe9,HRCN15  ,United States,1751325416.0,1751325436,-76.2246,36.5869,342.9,False,82.73,349.25,3.25,,335.28,1200,False,0,2025-06-30 23:17:20
4ca86e,EIN1TV  ,Ireland,1751325439.0,1751325439,-86.0376,42.8356,7010.4,False,196.76,244.77,-5.2,,7307.58,2401,False,0,2025-06-30 23:17:20
a76683,UPS65   ,United States,1751325439.0,1751325439,-89.9869,43.0813,11277.6,False,253.92,149.43,0.0,,11696.7,7262,False,0,2025-06-30 23:17:20
ad9645,AAL2140 ,United States,1751325439.0,1751325439,-92.0083,44.0716,8191.5,False,247.8,129.44,8.13,,8442.96,2456,False,0,2025-06-30 23:17:20
a3c05e,N3405J  ,United States,1751325439.0,1751325440,-109.4217,37.5157,3291.84,False,51.17,9.84,-1.3,,3459.48,,False,0,2025-06-30 23:17:20
a50064,SWA4284 ,United States,1751325439.0,1751325440,-114.1024,32.9062,9753.6,False,233.83,267.23,0.0,,10309.86,1631,False,0,2025-06-30 23:17:20
aa234a,AAL2269 ,United States,1751325439.0,1751325440,-95.3931,35.9528,10988.04,False,237.05,159.28,0.0,,11635.74,,False,0,2025-06-30 23:17:20
c00d4d,CFFAY   ,Canada,1751325204.0,1751325204,-72.0178,45.2867,617.22,False,51.54,273.43,-1.3,,601.98,,False,0,2025-06-30 23:17:20
ac501e,SWA2157 ,United States,1751325439.0,1751325439,-96.4393,32.8378,3954.78,False,194.05,56.35,10.4,,4168.14,2246,False,0,2025-06-30 23:17:20
a7fcdb,N6134V  ,United States,1751325439.0,1751325439,-80.8792,33.0191,1668.78,False,71.74,161.18,-0.65,,1722.12,,False,0,2025-06-30 23:17:20
ab4383,AAL1835 ,United States,1751325439.0,1751325439,-106.3198,37.4455,10668.0,False,239.03,59.9,-0.33,,11239.5,0751,False,0,2025-06-30 23:17:20
a44cfd,DAL3223 ,United States,1751325439.0,1751325440,-83.9178,38.4972,10972.8,False,221.57,223.97,0.0,,11612.88,6543,False,0,2025-06-30 23:17:20
ac767c,AAL2353 ,United States,1751325439.0,1751325439,-94.7293,33.9247,8823.96,False,238.12,349.42,0.0,,9364.98,3675,False,0,2025-06-30 23:17:20
ab4389,JTL825  ,United States,1751325439.0,1751325439,-103.1428,33.9177,11590.02,False,244.79,333.54,-0.33,,12245.34,7307,False,0,2025-06-30 23:17:20
a40694,DAL2696 ,United States,1751325440.0,1751325440,-90.8153,40.3614,10370.82,False,237.21,327.76,0.0,,10896.6,0336,False,0,2025-06-30 23:17:20
a7a336,N591XL  ,United States,1751325276.0,1751325277,-86.0873,42.7299,518.16,False,54.82,84.08,-1.95,,472.44,,False,0,2025-06-30 23:17:20
aca01a,SWA836  ,United States,1751325439.0,1751325439,-85.8554,36.0098,11277.6,False,237.01,62.32,0.33,,11925.3,2433,False,0,2025-06-30 23:17:20
a5cfdd,N4739L  ,United States,1751325431.0,1751325431,-95.5314,41.083,2011.68,False,55.41,285.07,0.33,,2034.54,,False,0,2025-06-30 23:17:20
a07e5e,N1306C  ,United States,1751325373.0,1751325374,-121.0618,38.9554,640.08,False,39.08,290.82,-5.2,,609.6,5272,False,0,2025-06-30 23:17:20
ab305e,N82VA   ,United States,1751325337.0,1751325340,-111.744,39.4589,3665.22,False,54.58,336.09,-1.63,,3931.92,,False,0,2025-06-30 23:17:20
a44e06,N377CH  ,United States,1751325439.0,1751325440,-98.3286,33.4791,4739.64,False,205.42,112.84,-8.45,,5021.58,,False,0,2025-06-30 23:17:20
a418b2,DAL2695 ,United States,1751325440.0,1751325440,-89.3226,43.3651,9745.98,False,214.34,306.02,0.0,,10111.74,2415,False,0,2025-06-30 23:17:20
a20e38,SWA1562 ,United States,1751325191.0,1751325193,-118.3712,34.198,259.08,False,72.54,90.81,-3.25,,213.36,2417,False,0,2025-06-30 23:17:20
a68caa,JIA5482 ,United States,1751325439.0,1751325440,-83.2588,38.9859,10355.58,False,226.36,305.1,-1.3,,10972.8,1360,False,0,2025-06-30 23:17:20
a022c4,DAL875  ,United States,1751325440.0,1751325440,-98.4645,38.0358,10675.62,False,254.02,112.25,0.0,,11254.74,6071,False,0,2025-06-30 23:17:20
a5000b,N421HF  ,United States,1751325440.0,1751325440,-94.7248,36.0826,1965.96,False,86.45,231.77,-0.98,,2019.3,1670,False,0,2025-06-30 23:17:20
a022c6,DAL2782 ,United States,1751325439.0,1751325440,-72.1238,40.8374,9098.28,False,238.38,229.81,6.83,,9608.82,7322,False,0,2025-06-30 23:17:20
a19e61,ENY3436 ,United States,1751325440.0,1751325440,-94.5775,33.9873,8069.58,False,226.94,249.43,-3.9,,8564.88,2137,False,0,2025-06-30 23:17:20
a275a8,N258EP  ,United States,1751325439.0,1751325439,-80.9342,29.0117,274.32,False,49.61,220.79,0.65,,289.56,1200,False,0,2025-06-30 23:17:20
a5399b,N436CA  ,United States,1751325439.0,1751325439,-116.906,33.165,899.16,False,44.04,67.33,1.63,,883.92,,False,0,2025-06-30 23:17:20
ac5066,SWA539  ,United States,1751325439.0,1751325439,-115.1467,36.0796,,True,0.0,28.12,,,,,False,0,2025-06-30 23:17:20
a19e68,AAY3493 ,United States,1751325440.0,1751325440,-85.3216,42.3379,3390.9,False,156.76,356.05,-2.28,,3512.82,1035,False,0,2025-06-30 23:17:20
aa2311,SKW4888 ,United States,1751325439.0,1751325439,-88.7593,42.3913,3642.36,False,212.45,99.76,-12.35,,3733.8,2676,False,0,2025-06-30 23:17:20
ab3081,N82WL   ,United States,1751325195.0,1751325195,-116.7235,47.7098,990.6,False,50.41,165.82,0.98,,998.22,,False,0,2025-06-30 23:17:20
aa8fe7,N78TS   ,United States,1751325440.0,1751325440,-72.1926,42.8914,1981.2,False,95.38,219.53,0.0,,2057.4,,False,0,2025-06-30 23:17:20
a0ce3c,N151DL  ,United States,1751325439.0,1751325439,-90.2581,38.3944,1005.84,False,44.47,150.17,-4.55,,1013.46,,False,0,2025-06-30 23:17:20
a51358,EJA426  ,United States,1751325407.0,1751325407,-111.9732,40.7753,1272.54,False,66.01,355.98,-2.6,,1325.88,1447,False,0,2025-06-30 23:17:20
a50027,N421JJ  ,United States,1751325439.0,1751325439,-120.5159,36.9554,2636.52,False,93.08,283.42,-0.33,,2712.72,,False,0,2025-06-30 23:17:20
aa8fd7,N78TA   ,United States,1751325439.0,1751325439,-80.3278,27.0001,1325.88,False,63.39,344.95,0.0,,1402.08,,False,0,2025-06-30 23:17:20
ab9e05,ERU848  ,United States,1751325440.0,1751325440,-81.1146,29.3298,731.52,False,56.41,331.1,-0.98,,769.62,0317,False,0,2025-06-30 23:17:20
4005bc,BAW40F  ,United Kingdom,1751325440.0,1751325440,-73.238,41.214,4922.52,False,204.92,24.31,9.43,,5158.74,1004,False,0,2025-06-30 23:17:20
a1b8b8,AMF4273 ,United States,1751325440.0,1751325440,-99.5429,31.8972,5273.04,False,133.95,245.01,-3.58,,5585.46,7326,False,0,2025-06-30 23:17:20
a1b8b5,N21RW   ,United States,1751325439.0,1751325439,-71.9364,42.686,1981.2,False,82.95,136.01,0.65,,2057.4,1200,False,0,2025-06-30 23:17:20
a0ce7c,CXK595  ,United States,1751325439.0,1751325439,-73.098,43.1421,2453.64,False,50.63,232.43,0.33,,2522.22,3562,False,0,2025-06-30 23:17:20
0d09f7,VIV544  ,Mexico,1751325440.0,1751325440,-87.7869,41.8845,2164.08,False,150.22,90.0,-0.33,,2217.42,3213,False,0,2025-06-30 23:17:20
0d09ef,VIV651  ,Mexico,1751325434.0,1751325439,-97.6629,30.2028,,True,0.0,222.19,,,,1306,False,0,2025-06-30 23:17:20
a1a5cf,ENY3532 ,United States,1751325384.0,1751325384,-103.0585,44.0398,,True,5.66,151.88,,,,6234,False,0,2025-06-30 23:17:20
aa7e16,SWA2799 ,United States,1751325439.0,1751325439,-71.4212,41.5674,1516.38,False,147.85,36.51,0.0,,1569.72,6502,False,0,2025-06-30 23:17:20
a1ee64,CXK553  ,United States,1751325439.0,1751325440,-71.3638,42.0455,1211.58,False,45.1,212.42,0.65,,1226.82,5372,False,0,2025-06-30 23:17:20
abb90d,SWA4444 ,United States,1751325440.0,1751325440,-91.3284,38.6299,5532.12,False,204.18,55.99,-9.1,,5791.2,2341,False,0,2025-06-30 23:17:20
a3e5d9,N350LT  ,United States,1751325439.0,1751325439,-81.4235,27.8301,3078.48,False,150.24,286.51,-9.43,,3253.74,1472,False,0,2025-06-30 23:17:20
a658d8,N508ND  ,United States,1751325440.0,1751325440,-118.4284,34.2734,464.82,False,30.3,139.82,-1.3,,426.72,,False,0,2025-06-30 23:17:20
a525d5,N43020  ,United States,1751325412.0,1751325430,-88.4478,42.2007,944.88,False,45.86,273.22,-0.33,,899.16,,False,0,2025-06-30 23:17:20
a022d8,N108EH  ,United States,1751325439.0,1751325439,-117.6233,33.8962,762.0,False,46.01,259.7,-1.63,,723.9,2304,False,0,2025-06-30 23:17:20
a18b41,SKW3396 ,United States,1751325440.0,1751325440,-118.5268,34.0297,7917.18,False,220.94,342.24,5.2,,8328.66,2424,False,0,2025-06-30 23:17:20
a8609f,QXE2080 ,United States,1751325439.0,1751325439,-123.3394,46.9514,9128.76,False,218.68,174.33,-11.7,,9494.52,7265,False,0,2025-06-30 23:17:20
abb930,SWA1420 ,United States,1751325439.0,1751325439,-98.7722,39.1286,10972.8,False,206.87,277.14,0.0,,11536.68,6507,False,0,2025-06-30 23:17:20
a44e24,DAL1079 ,United States,1751325440.0,1751325440,-77.247,36.7374,10668.0,False,230.19,54.0,0.0,,11300.46,3176,False,0,2025-06-30 23:17:20
a3d2c0,UAL2278 ,United States,1751325439.0,1751325439,-102.6684,45.2052,9745.98,False,210.19,280.29,0.0,,10187.94,6547,False,0,2025-06-30 23:17:20
a44e18,DAL1438 ,United States,1751325438.0,1751325438,-73.7733,40.6501,,True,0.0,300.94,,,,,False,0,2025-06-30 23:17:20
a9d031,EJA731  ,United States,1751325226.0,1751325228,-73.7163,41.0793,175.26,False,62.47,149.85,-3.58,,144.78,1365,False,0,2025-06-30 23:17:20
a9938d,NKS2482 ,United States,1751325207.0,1751325222,-87.8841,42.9473,274.32,False,63.93,251.71,-0.65,,213.36,7770,False,0,2025-06-30 23:17:20
a3e5ea,MVK51   ,United States,1751325423.0,1751325423,-93.3117,44.1911,1089.66,False,45.05,276.56,-4.55,,1066.8,,False,0,2025-06-30 23:17:20
acd913,N927KG  ,United States,1751325437.0,1751325439,-83.8073,43.4348,434.34,False,70.72,261.63,-3.9,,358.14,,False,0,2025-06-30 23:17:20
a2b2da,ENY4066 ,United States,1751325385.0,1751325385,-81.0479,34.0895,754.38,False,90.34,127.13,-0.65,,868.68,2214,False,0,2025-06-30 23:17:20
0d09b9,SLI431  ,Mexico,1751325440.0,1751325440,-95.2292,29.8143,10972.8,False,226.22,238.77,0.0,,11628.12,6237,False,0,2025-06-30 23:17:20
a3f8b8,AAL362  ,United States,1751325440.0,1751325440,-96.0445,33.6999,6248.4,False,211.49,221.05,-10.73,,6629.4,2275,False,0,2025-06-30 23:17:20
a2b2e1,AAY483  ,United States,1751325439.0,1751325439,-85.6001,43.4969,8892.54,False,215.2,173.96,2.28,,9296.4,,False,0,2025-06-30 23:17:20
ad3fd9,AAL2174 ,United States,1751325439.0,1751325439,-81.7238,34.8349,9753.6,False,239.19,336.69,0.0,,10355.58,7333,False,0,2025-06-30 23:17:20
ad3fd7,N953AL  ,United States,1751325434.0,1751325434,-122.7793,47.1409,274.32,False,61.01,14.15,0.0,,266.7,,False,0,2025-06-30 23:17:20
ad3fd6,ASA31   ,United States,1751325439.0,1751325440,-85.5402,45.149,9753.6,False,225.2,287.28,0.0,,10126.98,2243,False,0,2025-06-30 23:17:20
ac0cc9,N876BR  ,United States,1751325439.0,1751325439,-121.6031,38.4557,944.88,False,49.24,296.03,0.65,,937.26,4546,False,0,2025-06-30 23:17:20
ad3fde,DAL3211 ,United States,1751325371.0,1751325377,-84.4354,33.6418,,True,0.0,270.0,,,,5403,False,0,2025-06-30 23:17:20
a9e31c,N736UE  ,United States,1751325419.0,1751325440,-96.0456,32.3504,1363.98,False,46.86,188.84,0.0,,1417.32,,False,0,2025-06-30 23:17:20
a44e59,FFT3738 ,United States,1751325440.0,1751325440,-115.0491,36.0042,2834.64,False,108.05,91.09,-5.53,,2964.18,5117,False,0,2025-06-30 23:17:20
ac7658,AAL3003 ,United States,1751325420.0,1751325438,-86.6583,36.1361,190.5,False,64.58,198.58,0.33,,182.88,0216,False,0,2025-06-30 23:17:20
a1ea70,SWA2084 ,United States,1751325439.0,1751325439,-122.215,37.702,,True,8.23,309.38,,,,,False,0,2025-06-30 23:17:20
a774b3,N58MS   ,United States,1751325440.0,1751325440,-97.6206,38.5975,1363.98,False,66.14,185.36,1.3,,1424.94,,False,0,2025-06-30 23:17:20
aa32c6,N75602  ,United States,1751325363.0,1751325438,-86.2584,35.8456,960.12,False,30.97,101.5,-0.33,,982.98,,False,0,2025-06-30 23:17:20
ad3e36,AAL2997 ,United States,1751325440.0,1751325440,-99.6945,32.3502,9044.94,False,234.67,243.43,4.88,,9593.58,0503,False,0,2025-06-30 23:17:20
a33d97,FFT1608 ,United States,1751325439.0,1751325439,-92.8685,42.5914,11285.22,False,274.75,84.95,0.0,,11719.56,1424,False,0,2025-06-30 23:17:20
a5ba10,N46826  ,United States,1751325440.0,1751325440,-118.842,34.2285,1249.68,False,47.1,6.27,-0.33,,1257.3,,False,0,2025-06-30 23:17:20
a1ea74,N222WS  ,United States,1751325439.0,1751325439,-80.8737,35.7864,1249.68,False,87.98,74.74,-2.6,,1272.54,,False,0,2025-06-30 23:17:20
a6b7e8,N532AN  ,United States,1751325439.0,1751325439,-118.1651,33.7271,365.76,False,41.21,245.67,0.33,,304.8,,False,0,2025-06-30 23:17:20
a44a48,EDV5529 ,United States,1751325439.0,1751325439,-90.3264,32.2182,9425.94,False,232.88,41.51,4.88,,10012.68,,False,0,2025-06-30 23:17:20
abb5bf,SWA3895 ,United States,1751325440.0,1751325440,-116.077,36.1073,7101.84,False,220.86,310.18,12.03,,7482.84,,False,0,2025-06-30 23:17:20
ad08f4,N901KC  ,United States,1751325137.0,1751325137,-94.8756,38.2611,1501.14,False,60.31,171.66,-0.33,,1569.72,,False,0,2025-06-30 23:17:20
a1b4fd,N209RV  ,United States,1751325168.0,1751325171,-80.9257,28.9943,76.2,False,28.33,209.36,-3.9,,91.44,1200,False,0,2025-06-30 23:17:20
a7d7b5,SKW9920 ,United States,1751325440.0,1751325440,-98.4707,32.8213,8130.54,False,223.41,301.82,4.88,,8625.84,3503,False,0,2025-06-30 23:17:20
abfe52,,United States,1751325438.0,1751325438,-105.0147,40.4597,,True,9.26,340.31,,,,,False,0,2025-06-30 23:17:20
a414e8,DAL2168 ,United States,1751325439.0,1751325439,-83.1313,26.2986,10759.44,False,218.05,351.32,4.55,,11330.94,,False,0,2025-06-30 23:17:20
aa7b33,SWA2975 ,United States,1751325439.0,1751325439,-111.7942,33.0373,11277.6,False,245.99,112.11,0.0,,11910.06,1560,False,0,2025-06-30 23:17:20
a0a903,UAL2649 ,United States,1751325440.0,1751325440,-84.8923,42.2173,11277.6,False,254.19,88.84,0.33,,11803.38,1377,False,0,2025-06-30 23:17:20
a82d14,FFT4373 ,United States,1751325440.0,1751325440,-85.1406,40.741,10972.8,False,212.38,281.17,0.0,,11582.4,6603,False,0,2025-06-30 23:17:20
c02fe7,ACA1035 ,Canada,1751325285.0,1751325285,-81.1532,24.7933,8267.7,False,209.59,243.62,6.18,,8100.06,,False,0,2025-06-30 23:17:20
a2c1b6,ENY4147 ,United States,1751325439.0,1751325439,-97.165,32.9709,2095.5,False,125.02,0.71,-6.83,,2194.56,2434,False,0,2025-06-30 23:17:20
a56a56,SWA1931 ,United States,1751325440.0,1751325440,-115.9883,32.7052,8229.6,False,248.32,83.94,0.33,,8709.66,,False,0,2025-06-30 23:17:20
a894b5,FFT3292 ,United States,1751325439.0,1751325439,-117.4911,34.4699,8161.02,False,257.99,54.25,4.55,,8610.6,4707,False,0,2025-06-30 23:17:20
a1fd7b,N22708  ,United States,1751325402.0,1751325439,-96.1198,33.3423,1036.32,False,49.58,59.44,0.33,,1074.42,5155,False,0,2025-06-30 23:17:20
a641b6,DAL291  ,United States,1751325439.0,1751325440,-110.6482,40.3246,12192.0,False,252.51,223.84,0.0,,12816.84,2733,False,0,2025-06-30 23:17:20
ac85ce,DAL766  ,United States,1751325439.0,1751325439,-106.7006,40.2381,10363.2,False,235.37,260.31,0.0,,10934.7,1012,False,0,2025-06-30 23:17:20
a6a4d5,VOI3081 ,United States,1751325438.0,1751325438,-98.7289,25.4974,10370.82,False,237.56,298.45,0.0,,11064.24,,False,0,2025-06-30 23:17:20
a641bf,DAL358  ,United States,1751325440.0,1751325440,-86.8746,34.0105,9441.18,False,243.84,146.44,0.0,,10043.16,6600,False,0,2025-06-30 23:17:20
aacb59,N795HT  ,United States,1751325439.0,1751325439,-117.3427,33.7982,784.86,False,53.37,107.39,1.95,,746.76,1255,False,0,2025-06-30 23:17:20
c02fed,ACA792  ,Canada,1751325439.0,1751325440,-116.0843,35.2713,10668.0,False,248.4,47.85,0.0,,11254.74,2450,False,0,2025-06-30 23:17:20
acd5ad,AAL3092 ,United States,1751325254.0,1751325409,-92.2435,32.3754,10972.8,False,229.04,268.2,0.0,,11635.74,5543,False,0,2025-06-30 23:17:20
abb5e2,SWA2755 ,United States,1751325439.0,1751325439,-105.3767,31.2364,11277.6,False,240.25,126.99,-0.33,,11955.78,6725,False,0,2025-06-30 23:17:20
abb5ea,SKW5798 ,United States,1751325401.0,1751325404,-94.5269,30.4771,3665.22,False,157.34,194.58,-8.45,,3886.2,5633,False,0,2025-06-30 23:17:20
ad2b45,N948EA  ,United States,1751325344.0,1751325350,-120.2529,36.0153,3246.12,False,89.55,328.87,0.65,,3360.42,2432,False,0,2025-06-30 23:17:20
ad2b43,DAL1130 ,United States,1751325440.0,1751325440,-91.3787,37.0,9753.6,False,237.45,283.4,0.0,,10325.1,1213,False,0,2025-06-30 23:17:20
a03304,N1115U  ,United States,1751325439.0,1751325439,-122.8425,47.3522,609.6,False,37.58,19.18,3.25,,624.84,,False,0,2025-06-30 23:17:20
a8d27e,FFT4145 ,United States,1751325439.0,1751325439,-114.1093,34.4252,10965.18,False,228.33,259.22,0.0,,11597.64,6271,False,0,2025-06-30 23:17:20
ac0b61,UAL1126 ,United States,1751325440.0,1751325440,-92.4021,42.8913,10972.8,False,197.57,270.9,0.0,,11376.66,7177,False,0,2025-06-30 23:17:20
ac0b74,SWA770  ,United States,1751325439.0,1751325439,-75.8729,38.7675,3467.1,False,171.4,265.18,-2.6,,3649.98,5676,False,0,2025-06-30 23:17:20
ab9b81,SCX356  ,United States,1751325439.0,1751325439,-85.4548,36.735,11597.64,False,237.2,342.19,0.0,,12275.82,7132,False,0,2025-06-30 23:17:20
a04641,AAL32   ,United States,1751325440.0,1751325440,-105.8373,31.5333,10668.0,False,238.91,126.77,0.0,,11300.46,1323,False,0,2025-06-30 23:17:20
ad3e82,N9520W  ,United States,1751325433.0,1751325433,-80.4362,26.4586,548.64,False,51.18,329.83,1.3,,617.22,,False,0,2025-06-30 23:17:20
a57d42,AAL567  ,United States,1751325440.0,1751325440,-107.3705,37.0696,9441.18,False,240.1,61.46,0.33,,9997.44,5045,False,0,2025-06-30 23:17:20
a44a6d,DAL789  ,United States,1751325439.0,1751325439,-99.5488,42.7841,10660.38,False,242.05,66.05,0.0,,11117.58,2007,False,0,2025-06-30 23:17:20
abeb57,SWA3542 ,United States,1751325440.0,1751325440,-100.3219,30.8205,11887.2,False,241.62,93.05,0.0,,12588.24,3053,False,0,2025-06-30 23:17:20
a05940,AAL423  ,United States,1751325440.0,1751325440,-77.938,36.1405,10012.68,False,229.56,49.64,0.65,,10591.8,1134,False,0,2025-06-30 23:17:20
ade2b8,AAL1770 ,United States,1751325439.0,1751325439,-113.3964,35.3742,11277.6,False,244.39,117.86,0.0,,11894.82,,False,0,2025-06-30 23:17:20
ac72f0,AAL2933 ,United States,1751325440.0,1751325440,-79.2314,27.5748,9936.48,False,232.91,3.29,4.23,,10462.26,,False,0,2025-06-30 23:17:20
ade2b5,NKS2381 ,United States,1751325439.0,1751325439,-105.6239,34.1011,11574.78,False,227.78,289.25,-0.33,,12230.1,6377,False,0,2025-06-30 23:17:20
ac0b80,UAL2239 ,United States,1751325440.0,1751325440,-88.864,42.9495,10972.8,False,201.45,263.4,0.0,,11422.38,5142,False,0,2025-06-30 23:17:20
ac72f7,LRC641  ,United States,1751325440.0,1751325440,-108.7963,29.9308,10675.62,False,246.52,114.8,0.0,,11315.7,6703,False,0,2025-06-30 23:17:20
a09fc4,UAL6    ,United States,1751325439.0,1751325439,-95.594,30.2074,3192.78,False,150.44,139.99,-6.5,,3390.9,4111,False,0,2025-06-30 23:17:20
a414fb,DAL1246 ,United States,1751325440.0,1751325440,-84.7845,33.9441,3627.12,False,178.2,141.21,-0.65,,3840.48,7002,False,0,2025-06-30 23:17:20
a0a91f,UAL2677 ,United States,1751325327.0,1751325327,-87.9088,41.9716,,True,10.8,90.0,,,,,False,0,2025-06-30 23:17:20
ad2b76,N948G   ,United States,1751325440.0,1751325440,-107.4629,38.0479,9144.0,False,155.43,248.45,0.33,,9654.54,0676,False,0,2025-06-30 23:17:20
a0a923,UCA4305 ,United States,1751325439.0,1751325440,-77.5417,38.6353,2766.06,False,135.98,209.96,9.75,,2903.22,5506,False,0,2025-06-30 23:17:20
a2e93c,AAY2597 ,United States,1751325439.0,1751325439,-91.3089,39.755,10972.8,False,223.33,325.32,0.0,,11536.68,7470,False,0,2025-06-30 23:17:20
a3094d,AAY727  ,United States,1751325439.0,1751325439,-95.7522,36.9555,8732.52,False,237.82,80.54,-4.88,,9250.68,6600,False,0,2025-06-30 23:17:20
c071ef,PSC484  ,Canada,1751325439.0,1751325440,-72.1472,45.8533,2918.46,False,137.72,258.14,-6.18,,3002.28,,False,0,2025-06-30 23:17:20
a21cb8,BYA235  ,United States,1751325439.0,1751325439,-94.6022,33.6841,7924.8,False,148.23,271.79,-0.33,,8442.96,3555,False,0,2025-06-30 23:17:20
a54933,N44KP   ,United States,1751325370.0,1751325374,-122.2714,47.8923,213.36,False,28.3,358.96,-2.6,,205.74,,False,0,2025-06-30 23:17:20
a53602,CFR72   ,United States,1751325439.0,1751325439,-117.3222,33.8036,1219.2,False,81.61,213.69,1.3,,1234.44,,False,0,2025-06-30 23:17:20
a53612,DAL206  ,United States,1751325440.0,1751325440,-79.2479,43.5312,10157.46,False,276.4,52.11,2.28,,10668.0,5753,False,0,2025-06-30 23:17:20
a2e935,ENY4205 ,United States,1751325440.0,1751325440,-91.1309,35.2213,10363.2,False,218.12,238.11,0.0,,10980.42,6631,False,0,2025-06-30 23:17:20
a03356,UCA4819 ,United States,1751325439.0,1751325439,-94.0917,28.9341,8801.1,False,232.46,37.81,-4.55,,9334.5,7551,False,0,2025-06-30 23:17:20
a3f621,UAL1179 ,United States,1751325439.0,1751325439,-111.2946,32.7485,10668.0,False,249.83,105.04,0.0,,11285.22,1302,False,0,2025-06-30 23:17:20
a7890e,LXJ585  ,United States,1751325318.0,1751325318,-120.1305,34.5974,2346.96,False,143.34,152.88,-8.45,,2415.54,3206,False,0,2025-06-30 23:17:20
a1c935,RPA5671 ,United States,1751325439.0,1751325440,-73.8593,40.7696,,True,0.77,11.25,,,,,False,0,2025-06-30 23:17:20
a03331,UCA4926 ,United States,1751325439.0,1751325439,-73.9992,42.8486,1074.42,False,137.26,36.31,-5.53,,1089.66,7071,False,0,2025-06-30 23:17:20
a02003,N107PJ  ,United States,1751325439.0,1751325439,-115.3804,46.0543,12664.44,False,216.21,162.13,4.23,,13213.08,,False,0,2025-06-30 23:17:20
a6692d,DAL474  ,United States,1751325440.0,1751325440,-120.2867,47.5208,7292.34,False,253.03,93.38,3.9,,7627.62,3552,False,0,2025-06-30 23:17:20
c00a53,CFDXQ   ,Canada,1751325440.0,1751325440,-81.0102,47.3224,2377.44,False,101.54,155.77,0.33,,2407.92,,False,0,2025-06-30 23:17:20
a0337c,UCA4961 ,United States,1751325439.0,1751325439,-81.4888,35.1198,3040.38,False,148.91,253.13,0.0,,3200.4,5647,False,0,2025-06-30 23:17:20
a7d7f3,SKW5674 ,United States,1751325440.0,1751325440,-104.6552,39.7916,2004.06,False,102.79,201.43,3.9,,2118.36,,False,0,2025-06-30 23:17:20
ac98ac,SWA2811 ,United States,1751325439.0,1751325439,-100.3033,38.0747,11582.4,False,220.23,277.92,-0.33,,12176.76,2115,False,0,2025-06-30 23:17:20
c01d72,FLE400  ,Canada,1751325439.0,1751325439,-79.1065,43.7825,6979.92,False,210.74,75.73,6.18,,7284.72,0545,False,0,2025-06-30 23:17:20
a0205c,SKW4690 ,United States,1751325438.0,1751325438,-101.8344,38.8591,9144.0,False,234.99,286.93,-0.33,,9662.16,1742,False,0,2025-06-30 23:17:20
ad3e16,SWA139  ,United States,1751325440.0,1751325440,-87.934,37.6756,8702.04,False,257.63,86.79,-4.88,,9212.58,0567,False,0,2025-06-30 23:17:20
a33cac,N3077M  ,United States,1751325432.0,1751325437,-72.1108,41.3815,556.26,False,51.75,142.67,-3.25,,533.4,3025,False,0,2025-06-30 23:17:20
a27330,HBAL732 ,United States,1751325440.0,1751325440,-104.4004,37.8958,18288.0,False,9.71,237.99,0.33,,19248.12,4453,False,0,2025-06-30 23:17:20
ab9b13,AAL2519 ,United States,1751325440.0,1751325440,-94.1049,44.4435,6896.1,False,196.05,236.02,8.78,,7094.22,,False,0,2025-06-30 23:17:20
a04691,N117DT  ,United States,1751325320.0,1751325356,-81.4643,28.2999,274.32,False,56.47,343.05,0.0,,304.8,1154,False,0,2025-06-30 23:17:20
a7fa2d,SKW3620 ,United States,1751325439.0,1751325439,-97.5577,36.8287,10363.2,False,222.47,284.33,0.0,,10957.56,1654,False,0,2025-06-30 23:17:20
c01d7e,FLE878  ,Canada,1751325438.0,1751325439,-96.1127,46.8479,11277.6,False,247.62,105.42,0.0,,11590.02,,False,0,2025-06-30 23:17:20
a641fd,GJS4590 ,United States,1751325440.0,1751325440,-77.4628,40.7103,2811.78,False,153.74,140.02,-5.53,,2918.46,2304,False,0,2025-06-30 23:17:20
a68a90,N520ST  ,United States,1751325439.0,1751325439,-79.5408,35.6037,11582.4,False,218.27,210.92,0.0,,12245.34,2477,False,0,2025-06-30 23:17:20
ab52a2,DAL1053 ,United States,1751325440.0,1751325440,-87.7673,41.8033,8343.9,False,235.94,173.87,6.5,,8724.9,3551,False,0,2025-06-30 23:17:20
a26006,NIT252  ,United States,1751325242.0,1751325242,-83.1795,32.2182,723.9,False,44.83,93.29,-5.85,,396.24,,False,0,2025-06-30 23:17:20
abb5a5,ASH6029 ,United States,1751325382.0,1751325383,-85.7419,30.2343,701.04,False,83.69,339.11,-4.55,,762.0,5565,False,0,2025-06-30 23:17:20
ad08bd,SKW4642 ,United States,1751325439.0,1751325439,-102.5612,44.0257,9753.6,False,238.68,200.7,-0.33,,10233.66,,False,0,2025-06-30 23:17:20
a02047,N107SB  ,United States,1751325439.0,1751325439,-97.125,38.0007,10972.8,False,203.16,253.68,0.0,,11567.16,,False,0,2025-06-30 23:17:20
485341,KLM192  ,Kingdom of the Netherlands,1751325440.0,1751325440,-76.9553,44.2608,11887.2,False,263.76,61.84,0.0,,12458.7,2406,False,0,2025-06-30 23:17:20
a34fe6,SKW3896 ,United States,1751325439.0,1751325439,-97.2329,41.52,7223.76,False,181.23,276.52,5.2,,7574.28,2644,False,0,2025-06-30 23:17:20
aa7b54,SWA4632 ,United States,1751325440.0,1751325440,-106.323,31.8224,11582.4,False,234.25,274.41,0.0,,12245.34,1137,False,0,2025-06-30 23:17:20
abb5a3,ASH6226 ,United States,1751325438.0,1751325438,-99.7102,27.2409,9860.28,False,222.16,213.29,-5.2,,10515.6,7313,False,0,2025-06-30 23:17:20
aaa96f,SWA4570 ,United States,1751325440.0,1751325440,-119.8292,37.0619,11277.6,False,227.81,149.61,0.0,,11841.48,3251,False,0,2025-06-30 23:17:20
a4acdf,N400CM  ,United States,1751325439.0,1751325440,-111.5866,48.8779,8199.12,False,126.04,359.53,0.0,,8694.42,,False,0,2025-06-30 23:17:20
a6ffe4,N550EW  ,United States,1751325440.0,1751325440,-114.5416,36.2298,3086.1,False,148.37,251.19,-2.28,,3215.64,,False,0,2025-06-30 23:17:20
a95fbe,ASA508  ,United States,1751325440.0,1751325440,-87.9674,41.4312,10363.2,False,225.96,300.36,0.0,,10881.36,6741,False,0,2025-06-30 23:17:20
c01d2d,FLE624  ,Canada,1751325439.0,1751325440,-80.135,44.1007,4099.56,False,168.51,130.79,-7.48,,4229.1,2130,False,0,2025-06-30 23:17:20
a2c35b,UAL1352 ,United States,1751325440.0,1751325440,-100.0087,30.962,11887.2,False,242.99,92.18,0.0,,12580.62,1065,False,0,2025-06-30 23:17:20
a4034e,HPJ358  ,United States,1751325440.0,1751325440,-74.2903,40.5767,12237.72,False,214.4,9.53,-7.48,,12900.66,6425,False,0,2025-06-30 23:17:20
a6697e,JAS127  ,United States,1751325439.0,1751325440,-75.6901,38.1598,14317.98,False,243.15,214.4,1.63,,14904.72,1720,False,0,2025-06-30 23:17:20
ac2fea,SWA2399 ,United States,1751325440.0,1751325440,-111.1099,35.6083,11277.6,False,247.22,97.89,0.0,,11917.68,,False,0,2025-06-30 23:17:20
a2605b,EJA252  ,United States,1751325437.0,1751325439,-95.4507,39.8516,4297.68,False,219.76,115.37,-9.43,,4488.18,1522,False,0,2025-06-30 23:17:20
a77645,DAL552  ,United States,1751325440.0,1751325440,-110.5827,35.1091,10058.4,False,233.99,74.83,0.0,,10660.38,5262,False,0,2025-06-30 23:17:20
a7c613,N60NA   ,United States,1751325439.0,1751325439,-72.348,42.4003,1219.2,False,54.02,306.87,-0.65,,1226.82,0010,False,0,2025-06-30 23:17:20
a058aa,N121NW  ,United States,1751325439.0,1751325440,-82.3479,34.5894,1363.98,False,52.81,317.76,-0.33,,1394.46,,False,0,2025-06-30 23:17:20
c084a3,ACA153  ,Canada,1751325439.0,1751325439,-79.7878,43.6151,1211.58,False,117.74,246.57,4.23,,1181.1,0552,False,0,2025-06-30 23:17:20
aaa992,SWA3240 ,United States,1751325439.0,1751325439,-89.7875,36.3681,11582.4,False,215.66,216.95,0.0,,12268.2,1045,False,0,2025-06-30 23:17:20
a69cce,N525PH  ,United States,1751325360.0,1751325365,-80.7065,35.3995,236.22,False,56.0,190.59,-2.93,,213.36,2511,False,0,2025-06-30 23:17:20
acd619,SKW5539 ,United States,1751325440.0,1751325440,-123.7468,39.4579,8229.6,False,214.53,147.83,0.33,,8557.26,,False,0,2025-06-30 23:17:20
a5ccf0,N473HB  ,United States,1751325439.0,1751325439,-119.8693,41.2659,11635.74,False,228.41,248.46,-12.03,,12214.86,,False,0,2025-06-30 23:17:20
a4acfc,N400DR  ,United States,1751325439.0,1751325439,-84.5913,43.4844,2468.88,False,92.21,346.12,0.33,,2514.6,,False,0,2025-06-30 23:17:20
a2602c,AAY3208 ,United States,1751325440.0,1751325440,-83.533,29.178,6804.66,False,235.54,163.5,-13.66,,7208.52,2644,False,0,2025-06-30 23:17:20
a75013,TYSON49 ,United States,1751325439.0,1751325439,-89.5673,35.2709,11887.2,False,240.56,52.91,-0.33,,12580.62,7404,False,0,2025-06-30 23:17:20
acc317,NKS2122 ,United States,1751325440.0,1751325440,-80.5469,34.8208,3703.32,False,170.65,321.61,-10.73,,3909.06,3343,False,0,2025-06-30 23:17:20
ac1cde,LBQ640  ,United States,1751325436.0,1751325439,-85.5444,33.6442,3939.54,False,127.82,246.01,0.0,,4160.52,2673,False,0,2025-06-30 23:17:20
a1fcf9,N227WC  ,United States,1751325274.0,1751325274,-117.8619,33.6838,83.82,False,32.23,208.61,-1.3,,38.1,,False,0,2025-06-30 23:17:20
a2c336,UAL1398 ,United States,1751325440.0,1751325440,-102.7711,40.8477,11277.6,False,249.89,60.8,-0.33,,11833.86,,False,0,2025-06-30 23:17:20
a78999,N585ML  ,United States,1751325439.0,1751325439,-88.397,35.7411,3337.56,False,149.51,251.75,-10.73,,3512.82,5523,False,0,2025-06-30 23:17:20
c00a0b,ACA778  ,Canada,1751325439.0,1751325440,-81.1407,45.9191,11277.6,False,270.79,84.55,-0.33,,11750.04,2067,False,0,2025-06-30 23:17:20
acc306,N921MT  ,United States,1751325440.0,1751325440,-90.3928,30.0492,13708.38,False,235.17,128.25,-0.65,,14401.8,2362,False,0,2025-06-30 23:17:20
a4164c,N3621Y  ,United States,1751325358.0,1751325383,-100.5835,34.4847,1935.48,False,78.01,295.38,-0.33,,2019.3,,False,0,2025-06-30 23:17:20
ac865a,N906KC  ,United States,1751325440.0,1751325440,-94.9695,38.7734,601.98,False,35.66,26.57,0.0,,609.6,,False,0,2025-06-30 23:17:20
acc31a,AAL2738 ,United States,1751325440.0,1751325440,-74.0878,40.6138,1744.98,False,152.77,26.82,-10.4,,1813.56,3060,False,0,2025-06-30 23:17:20
a2b081,UAL1015 ,United States,1751325440.0,1751325440,-77.889,46.084,10363.2,False,213.84,276.49,0.0,,10828.02,3537,False,0,2025-06-30 23:17:20
ace96d,AAL2282 ,United States,1751325440.0,1751325440,-96.3906,32.3337,5768.34,False,185.52,315.22,-9.43,,6111.24,2441,False,0,2025-06-30 23:17:20
ace96c,AAL1709 ,United States,1751325439.0,1751325439,-96.9132,33.0869,2042.16,False,115.75,0.25,-6.83,,2141.22,2347,False,0,2025-06-30 23:17:20
ad3cde,N952JA  ,United States,1751325440.0,1751325440,-117.7582,33.4958,937.26,False,45.72,309.06,-0.65,,922.02,,False,0,2025-06-30 23:17:20
a64305,SKW6337 ,United States,1751325439.0,1751325439,-121.605,44.2568,10972.8,False,231.32,335.14,0.33,,11445.24,2612,False,0,2025-06-30 23:17:20
a58fdf,AAL1079 ,United States,1751325379.0,1751325380,-97.0383,32.9015,,True,1.8,351.56,,,,,False,0,2025-06-30 23:17:20
a77602,N580BA  ,United States,1751325440.0,1751325440,-101.8201,31.832,2400.3,False,106.4,113.96,0.0,,2491.74,,False,0,2025-06-30 23:17:20
a6a627,N5276P  ,United States,1751325440.0,1751325440,-122.0762,37.4219,259.08,False,35.48,16.86,-0.65,,213.36,5374,False,0,2025-06-30 23:17:20
a4acbd,N400BC  ,United States,1751325440.0,1751325440,-103.7093,40.945,8656.32,False,236.7,47.64,6.5,,9144.0,,False,0,2025-06-30 23:17:20
a2b060,UAL2158 ,United States,1751325439.0,1751325439,-87.1438,38.2896,11582.4,False,209.87,219.23,0.0,,12222.48,6640,False,0,2025-06-30 23:17:20
a6b94a,EJA532  ,United States,1751325439.0,1751325439,-87.6405,37.1989,6720.84,False,223.87,131.09,-11.7,,7086.6,1776,False,0,2025-06-30 23:17:20
a1a398,CXK298  ,United States,1751325439.0,1751325439,-105.0372,39.5212,1889.76,False,46.52,327.19,-0.33,,1981.2,,False,0,2025-06-30 23:17:20
ac7380,N901GG  ,United States,1751325280.0,1751325281,-120.4534,35.5924,1821.18,False,97.33,332.62,-2.93,,1851.66,2462,False,0,2025-06-30 23:17:20
a178ae,SKW3335 ,United States,1751325438.0,1751325439,-117.0025,44.0162,5326.38,False,202.33,145.99,-11.38,,5608.32,3542,False,0,2025-06-30 23:17:20
a7d928,N6045F  ,United States,1751325439.0,1751325439,-96.1462,32.8232,1074.42,False,53.7,80.63,-1.3,,1097.28,1200,False,0,2025-06-30 23:17:20
acd675,SWA1438 ,United States,1751325351.0,1751325426,-106.6148,35.0478,,True,0.0,180.0,,,,,False,0,2025-06-30 23:17:20
aa58a6,ENY4023 ,United States,1751325440.0,1751325440,-86.8459,42.5278,4023.36,False,152.34,249.85,-6.5,,4160.52,5222,False,0,2025-06-30 23:17:20
a298ef,N2669W  ,United States,1751325439.0,1751325439,-85.2635,30.7798,3314.7,False,65.07,123.06,-0.65,,3467.1,,False,0,2025-06-30 23:17:20
adf4e9,JBU398  ,United States,1751325439.0,1751325439,-72.1823,42.5456,8290.56,False,205.43,177.7,-7.48,,8724.9,5713,False,0,2025-06-30 23:17:20
ae01d3,MAVRK29 ,United States,1751325440.0,1751325440,-85.8463,42.9701,3078.48,False,150.27,310.84,0.0,,3162.3,,False,0,2025-06-30 23:17:20
a88380,FFT3540 ,United States,1751325416.0,1751325424,-115.1215,36.0764,,True,0.06,267.19,,,,,False,0,2025-06-30 23:17:20
ac71fe,N9003S  ,United States,1751325439.0,1751325439,-70.8653,43.2346,1684.02,False,92.4,45.0,0.0,,1729.74,1200,False,0,2025-06-30 23:17:20
ae01aa,SPAR163 ,United States,1751325439.0,1751325439,-95.5713,37.1384,11269.98,False,255.37,82.36,0.33,,11917.68,,False,0,2025-06-30 23:17:20
a3f5a4,N354WG  ,United States,1751325440.0,1751325440,-101.7787,30.8938,12961.62,False,251.82,92.58,-5.2,,13677.9,2607,False,0,2025-06-30 23:17:20
a19b2f,GPD202  ,United States,1751325439.0,1751325439,-71.2411,41.2707,2125.98,False,117.04,75.23,0.0,,2217.42,,False,0,2025-06-30 23:17:20
acc1eb,ASA1083 ,United States,1751325439.0,1751325439,-122.2865,44.9084,10980.42,False,221.81,300.37,0.33,,11437.62,1053,False,0,2025-06-30 23:17:20
acc1ee,AAL610  ,United States,1751325440.0,1751325440,-79.3369,36.4074,10668.0,False,230.75,55.35,0.0,,11300.46,7237,False,0,2025-06-30 23:17:20
aaa929,SWA3478 ,United States,1751325439.0,1751325439,-90.9539,34.1246,11582.4,False,239.33,322.69,0.0,,12260.58,1426,False,0,2025-06-30 23:17:20
a0a8da,UAL2191 ,United States,1751325439.0,1751325439,-97.8113,40.929,11582.4,False,207.38,260.0,0.0,,12092.94,7244,False,0,2025-06-30 23:17:20
a8d327,NKS2002 ,United States,1751325439.0,1751325439,-80.2618,25.4927,4838.7,False,215.94,212.25,0.0,,5120.64,,False,0,2025-06-30 23:17:20
a0de99,AAL2018 ,United States,1751325439.0,1751325439,-80.1264,33.7906,7056.12,False,207.01,28.99,-5.85,,7498.08,3535,False,0,2025-06-30 23:17:20
ad0919,SWA4403 ,United States,1751325438.0,1751325438,-111.9905,33.4289,480.06,False,72.54,270.41,-2.93,,411.48,7244,False,0,2025-06-30 23:17:20
a8f97e,N678AP  ,United States,1751325440.0,1751325440,-86.3497,33.3315,1790.7,False,61.05,16.14,4.55,,1882.14,,False,0,2025-06-30 23:17:20
ac2fa4,SWA3857 ,United States,1751325439.0,1751325439,-104.5212,39.8506,3482.34,False,156.85,353.6,-4.55,,3703.32,7434,False,0,2025-06-30 23:17:20
ae2909,6025    ,United States,1751325440.0,1751325440,-82.8022,27.9795,114.3,False,67.86,70.05,-0.65,,144.78,4743,False,0,2025-06-30 23:17:20
a9afe7,NKS2301 ,United States,1751325440.0,1751325440,-78.851,41.1152,10096.5,False,230.09,203.87,0.65,,10690.86,6667,False,0,2025-06-30 23:17:20
a9f302,SKW4913 ,United States,1751325439.0,1751325440,-86.6624,42.5724,4869.18,False,175.18,255.72,-10.08,,5044.44,7464,False,0,2025-06-30 23:17:20
a07b8f,DAL816  ,United States,1751325440.0,1751325440,-74.0287,39.6526,10919.46,False,229.65,36.9,-7.15,,11551.92,1444,False,0,2025-06-30 23:17:20
abb601,SWA2969 ,United States,1751325440.0,1751325440,-113.5154,37.6393,9753.6,False,234.26,182.27,0.0,,10294.62,,False,0,2025-06-30 23:17:20
abc91f,DAL2094 ,United States,1751325440.0,1751325440,-100.9075,44.2593,10675.62,False,248.16,84.29,0.0,,11125.2,,False,0,2025-06-30 23:17:20
a33e5e,EDV5360 ,United States,1751325440.0,1751325440,-75.218,38.7994,1844.04,False,132.76,205.97,0.0,,1912.62,1512,False,0,2025-06-30 23:17:20
aaa954,SWA1938 ,United States,1751325440.0,1751325440,-87.5681,31.6593,11887.2,False,231.5,54.86,0.0,,12573.0,2705,False,0,2025-06-30 23:17:20
4851b1,KLM225  ,Kingdom of the Netherlands,1751325440.0,1751325440,-97.6778,30.1452,632.46,False,98.32,177.9,6.5,,655.32,2515,False,0,2025-06-30 23:17:20
a1eb32,N2223B  ,United States,1751325440.0,1751325440,-111.691,40.2172,1653.54,False,55.26,144.09,-1.63,,1668.78,,False,0,2025-06-30 23:17:20
a94cc2,N699GG  ,United States,1751325439.0,1751325439,-93.8674,42.9738,12504.42,False,230.51,358.98,-0.33,,12976.86,,False,0,2025-06-30 23:17:20
abb624,SWA2103 ,United States,1751325440.0,1751325440,-95.1432,40.2998,9624.06,False,239.5,153.6,8.45,,10096.5,,False,0,2025-06-30 23:17:20
a7c66b,N60RP   ,United States,1751325435.0,1751325437,-74.2127,42.2212,1859.28,False,54.31,264.02,0.0,,1897.38,,False,0,2025-06-30 23:17:20
ab663f,ASH6355 ,United States,1751325440.0,1751325440,-87.6065,32.4916,8839.2,False,234.25,85.59,0.33,,9403.08,7345,False,0,2025-06-30 23:17:20
a762a5,N575T   ,United States,1751325439.0,1751325439,-123.1083,45.2032,266.7,False,34.71,78.02,1.63,,228.6,,False,0,2025-06-30 23:17:20
a32b7b,N303LK  ,United States,1751325439.0,1751325439,-123.2403,47.4595,1859.28,False,41.52,326.11,2.6,,1927.86,,False,0,2025-06-30 23:17:20
ac0c41,SWA219  ,United States,1751325440.0,1751325440,-89.5009,40.4871,7612.38,False,244.28,52.36,0.0,,7993.38,6131,False,0,2025-06-30 23:17:20
ac1f73,N880SP  ,United States,1751325439.0,1751325439,-104.5834,34.7287,13708.38,False,257.35,97.47,0.33,,14371.32,3207,False,0,2025-06-30 23:17:20
a68b2c,N520YZ  ,United States,1751325439.0,1751325440,-122.1224,37.4709,114.3,False,41.87,333.75,4.23,,68.58,1200,False,0,2025-06-30 23:17:20
a895b0,PDT5968 ,United States,1751325439.0,1751325439,-91.0576,30.6157,579.12,False,88.06,223.58,-1.95,,624.84,1244,False,0,2025-06-30 23:17:20
abec26,SWA4137 ,United States,1751325439.0,1751325439,-88.5262,37.2164,12192.0,False,210.98,220.25,0.0,,12877.8,6621,False,0,2025-06-30 23:17:20
a5bb1b,ASA313  ,United States,1751325438.0,1751325439,-103.3135,46.3961,10363.2,False,214.55,282.6,0.0,,10797.54,5754,False,0,2025-06-30 23:17:20
a69e6f,N5254K  ,United States,1751325437.0,1751325437,-80.1979,26.1959,91.44,False,34.16,71.57,-2.93,,137.16,,False,0,2025-06-30 23:17:20
a6a5c3,N5273U  ,United States,1751325267.0,1751325268,-118.1558,33.8181,,True,8.23,180.0,,,,,False,0,2025-06-30 23:17:20
acc3b4,AAL3251 ,United States,1751325251.0,1751325251,-112.001,33.4368,,True,1.54,247.5,,,,6041,False,0,2025-06-30 23:17:20
ac0c64,SWA2292 ,United States,1751325439.0,1751325439,-77.165,39.1903,4320.54,False,184.68,215.02,10.73,,4526.28,1311,False,0,2025-06-30 23:17:20
aacc5b,UAL918  ,United States,1751325439.0,1751325439,-77.4573,38.9403,,True,1.54,180.0,,,,,False,0,2025-06-30 23:17:20
ab53f1,SCX1948 ,United States,1751325440.0,1751325440,-87.2223,42.1958,11582.4,False,226.65,314.17,0.0,,12115.8,7133,False,0,2025-06-30 23:17:20
c06120,,Canada,1751325431.0,1751325431,-73.7526,45.4602,,True,0.77,118.12,,,,,False,0,2025-06-30 23:17:20
a69e7a,N5254W  ,United States,1751325275.0,1751325297,-122.2271,47.3134,175.26,False,32.43,358.18,-3.58,,152.4,,False,0,2025-06-30 23:17:20
a68b71,N5201H  ,United States,1751325439.0,1751325439,-122.2197,45.3757,1463.04,False,43.49,27.47,0.98,,1524.0,,False,0,2025-06-30 23:17:20
a1a2e0,SWA4613 ,United States,1751325438.0,1751325438,-80.4172,37.8632,10858.5,False,239.52,78.98,-5.2,,11521.44,1716,False,0,2025-06-30 23:17:20
ad93b7,NKS2073 ,United States,1751325440.0,1751325440,-106.8353,36.2715,11597.64,False,225.84,250.57,0.33,,12245.34,3227,False,0,2025-06-30 23:17:20
abec4d,SWA3622 ,United States,1751325405.0,1751325405,-82.5387,27.9858,,True,0.0,270.0,,,,,False,0,2025-06-30 23:17:20
a99087,TIV715  ,United States,1751325217.0,1751325221,-80.1788,26.077,45.72,False,61.22,90.48,-2.93,,68.58,1131,False,0,2025-06-30 23:17:20
ab40e8,CRE824  ,United States,1751325436.0,1751325439,-87.5941,42.9796,1409.7,False,120.58,327.19,-4.88,,1394.46,7747,False,0,2025-06-30 23:17:20
a788b1,N585CD  ,United States,1751325439.0,1751325439,-90.9964,34.0342,2446.02,False,83.31,242.01,0.33,,2560.32,,False,0,2025-06-30 23:17:20
ab40f0,AAL2800 ,United States,1751325440.0,1751325440,-95.1566,33.4082,9631.68,False,250.58,67.81,7.8,,10218.42,3602,False,0,2025-06-30 23:17:20
aa8f47,N78MG   ,United States,1751325439.0,1751325439,-83.7558,35.866,2057.4,False,73.59,51.53,2.93,,2148.84,,False,0,2025-06-30 23:17:20
ac0c8b,SWA1018 ,United States,1751325440.0,1751325440,-102.7248,38.2657,10523.22,False,240.65,312.66,-4.55,,11109.96,6146,False,0,2025-06-30 23:17:20
abec6c,SWA3822 ,United States,1751325440.0,1751325440,-97.0127,41.2609,10972.8,False,202.84,261.54,0.0,,11460.48,6534,False,0,2025-06-30 23:17:20
a8c094,NKS2127 ,United States,1751325440.0,1751325440,-76.01,42.8846,9768.84,False,217.58,254.22,-0.33,,10279.38,5607,False,0,2025-06-30 23:17:20
a548fa,N44HG   ,United States,1751325430.0,1751325430,-83.6671,39.5365,944.88,False,50.17,28.14,-0.65,,929.64,1200,False,0,2025-06-30 23:17:20
ae03c2,BH400   ,United States,1751325438.0,1751325438,-119.1309,34.111,99.06,False,76.52,221.73,6.18,,83.82,,False,0,2025-06-30 23:17:20
a5bb17,AAL1012 ,United States,1751325439.0,1751325440,-94.3038,37.3461,9745.98,False,221.84,279.75,0.33,,10325.1,1724,False,0,2025-06-30 23:17:20
c01dac,FLE662  ,Canada,1751325439.0,1751325440,-86.044,44.0555,11277.6,False,251.36,113.52,0.0,,11765.28,5342,False,0,2025-06-30 23:17:20
a5ce40,SWA3169 ,United States,1751325440.0,1751325440,-84.3359,36.2394,11277.6,False,239.28,117.12,0.0,,11948.16,2145,False,0,2025-06-30 23:17:20
a522b3,N43VU   ,United States,1751325434.0,1751325434,-86.7564,39.8748,1089.66,False,64.41,273.21,-1.95,,1082.04,,False,0,2025-06-30 23:17:20
a69e45,N5253C  ,United States,1751325239.0,1751325239,-81.1426,35.2136,320.04,False,35.23,208.81,-4.55,,304.8,,False,0,2025-06-30 23:17:20
acb0b9,AAL2963 ,United States,1751325440.0,1751325440,-79.9,25.5015,3710.94,False,175.28,305.32,-5.85,,3939.54,,False,0,2025-06-30 23:17:20
acb0b6,ASA824  ,United States,1751325440.0,1751325440,-122.3197,47.2758,1043.94,False,113.69,359.74,-6.18,,1082.04,,False,0,2025-06-30 23:17:20
a788d3,DAL863  ,United States,1751325431.0,1751325436,-73.7954,40.6387,,True,0.0,300.94,,,,,False,0,2025-06-30 23:17:20
ab6800,JBU873  ,United States,1751325428.0,1751325428,-74.1872,40.6866,,True,0.0,267.19,,,,4207,False,0,2025-06-30 23:17:20
478f43,SAS904  ,Norway,1751325439.0,1751325439,-69.2972,47.38,11887.2,False,258.88,29.26,0.0,,12382.5,1617,False,0,2025-06-30 23:17:20
a19aaa,ENY3789 ,United States,1751325440.0,1751325440,-97.6898,32.7884,5067.3,False,194.28,294.73,8.78,,5356.86,2223,False,0,2025-06-30 23:17:20
ad815e,N97AT   ,United States,1751325440.0,1751325440,-122.2513,47.1155,929.64,False,48.64,203.04,2.28,,960.12,,False,0,2025-06-30 23:17:20
a19ab1,AAY3182 ,United States,1751325440.0,1751325440,-87.5027,41.3853,10675.62,False,221.44,158.32,0.33,,11209.02,1626,False,0,2025-06-30 23:17:20
a0345f,RPA4572 ,United States,1751325439.0,1751325439,-79.7983,38.358,10363.2,False,229.25,306.33,-0.33,,10980.42,6530,False,0,2025-06-30 23:17:20
a7fb70,REH80   ,United States,1751325215.0,1751325215,-121.4088,38.6524,167.64,False,46.96,42.78,-1.95,,99.06,1200,False,0,2025-06-30 23:17:20
a1fdaf,N2272Q  ,United States,1751325439.0,1751325439,-123.1157,44.9873,1371.6,False,45.67,14.35,-0.33,,1394.46,,False,0,2025-06-30 23:17:20
ad8168,N97BC   ,United States,1751325440.0,1751325440,-122.6154,38.2678,350.52,False,39.18,29.93,3.25,,281.94,,False,0,2025-06-30 23:17:20
a28749,JSX121  ,United States,1751325409.0,1751325417,-115.1542,36.0975,,True,33.44,205.31,,,,,False,0,2025-06-30 23:17:20
a2d710,SKW3693 ,United States,1751325433.0,1751325433,-111.9767,40.7867,,True,6.69,174.38,,,,,False,0,2025-06-30 23:17:20
aaa9d8,SWA4446 ,United States,1751325401.0,1751325404,-103.1042,36.8264,11887.2,False,232.76,143.99,0.0,,12504.42,0633,False,0,2025-06-30 23:17:20
ab79cc,TKR160  ,United States,1751325238.0,1751325238,-120.816,40.1961,2933.7,False,147.74,95.19,-2.93,,3070.86,,False,0,2025-06-30 23:17:20
a1b725,N20997  ,United States,1751325439.0,1751325439,-80.615,35.0025,495.3,False,51.45,40.54,0.65,,487.68,,False,0,2025-06-30 23:17:20
acb176,N917JB  ,United States,1751325434.0,1751325434,-85.5473,41.7874,525.78,False,80.36,127.46,0.33,,495.3,,False,0,2025-06-30 23:17:20
ac1f0e,AAL1848 ,United States,1751325440.0,1751325440,-85.8055,41.8695,8991.6,False,260.99,112.12,6.83,,9425.94,6247,False,0,2025-06-30 23:17:20
a2b10f,UAL370  ,United States,1751325440.0,1751325440,-93.5512,44.6819,3467.1,False,153.53,239.83,4.23,,3543.3,,False,0,2025-06-30 23:17:20
a895f8,WUP652  ,United States,1751325439.0,1751325439,-80.0977,32.9243,12192.0,False,236.58,214.28,-0.33,,12854.94,2157,False,0,2025-06-30 23:17:20
a2b112,UAL1641 ,United States,1751325439.0,1751325439,-103.1402,40.5618,11277.6,False,246.41,74.25,0.0,,11856.72,7756,False,0,2025-06-30 23:17:20
a882c9,N64784  ,United States,1751325436.0,1751325436,-98.7971,43.7321,2545.08,False,83.82,98.83,3.9,,2674.62,,False,0,2025-06-30 23:17:20
a2d76a,,United States,1751325372.0,1751325372,-115.1457,36.0801,,True,0.0,278.44,,,,,False,0,2025-06-30 23:17:20
a32ad5,DAL1697 ,United States,1751325439.0,1751325439,-90.1029,32.3087,10668.0,False,234.69,83.2,-0.33,,11315.7,4022,False,0,2025-06-30 23:17:20
a68b95,N5202J  ,United States,1751325431.0,1751325431,-89.4236,37.3177,1127.76,False,51.32,42.97,1.3,,1135.38,,False,0,2025-06-30 23:17:20
a81b3a,N621PA  ,United States,1751325401.0,1751325439,-97.0515,33.3306,822.96,False,37.89,221.7,0.0,,830.58,,False,0,2025-06-30 23:17:20
a762d3,AAL3230 ,United States,1751325439.0,1751325439,-90.0443,32.824,9745.98,False,242.0,282.65,0.65,,10363.2,3250,False,0,2025-06-30 23:17:20
a44aa2,FFT2259 ,United States,1751325439.0,1751325439,-111.9765,33.8769,5661.66,False,192.16,8.93,13.33,,6012.18,4125,False,0,2025-06-30 23:17:20
add16d,WUP945  ,United States,1751325440.0,1751325440,-93.3389,39.2758,13716.0,False,249.11,98.43,0.0,,14325.6,3354,False,0,2025-06-30 23:17:20
a2b110,UAL1551 ,United States,1751325435.0,1751325436,-74.1746,40.6965,,True,0.0,42.19,,,,,False,0,2025-06-30 23:17:20
add15f,LRT99   ,United States,1751325439.0,1751325439,-80.5102,28.4543,9433.56,False,256.16,165.46,-10.73,,9944.1,6307,False,0,2025-06-30 23:17:20
a32ac6,ENY3627 ,United States,1751325439.0,1751325440,-86.0362,36.6197,9753.6,False,231.2,250.64,-0.33,,10355.58,5545,False,0,2025-06-30 23:17:20
a2878e,N262MR  ,United States,1751325390.0,1751325439,-111.9473,40.1055,1531.62,False,43.87,309.29,5.85,,1600.2,,False,0,2025-06-30 23:17:20
c00b7c,JZA735  ,Canada,1751325439.0,1751325439,-79.7703,43.4036,3368.04,False,149.25,178.42,13.66,,3467.1,0554,False,0,2025-06-30 23:17:20
ac0c24,SWA577  ,United States,1751325439.0,1751325439,-97.66,30.2017,,True,3.86,357.19,,,,,False,0,2025-06-30 23:17:20
abec03,SWA2452 ,United States,1751325440.0,1751325440,-94.8663,34.9678,12496.8,False,228.3,171.58,0.0,,13174.98,1607,True,0,2025-06-30 23:17:20
a6ee8e,DAL1574 ,United States,1751325440.0,1751325440,-118.3028,46.46,10660.38,False,252.34,79.31,0.65,,11125.2,6675,False,0,2025-06-30 23:17:20
ac99ec,N9106Y  ,United States,1751325363.0,1751325411,-87.4997,41.5397,342.9,False,33.47,267.36,-2.28,,274.32,1200,False,0,2025-06-30 23:17:20
a81b63,EJA621  ,United States,1751325436.0,1751325436,-77.4549,38.9389,,True,0.0,267.19,,,,,False,0,2025-06-30 23:17:20
a15474,N185NJ  ,United States,1751325440.0,1751325440,-117.0609,48.3063,1737.36,False,66.64,15.22,0.65,,1760.22,,False,0,2025-06-30 23:17:20
a8e733,DAL1785 ,United States,1751325439.0,1751325439,-79.266,32.2228,11277.6,False,247.17,290.85,0.0,,11849.1,3666,False,0,2025-06-30 23:17:20
ac741c,AAL1630 ,United States,1751325439.0,1751325439,-80.6487,37.2078,10972.8,False,239.46,238.53,0.0,,11628.12,5606,False,0,2025-06-30 23:17:20
aa344c,N757CR  ,United States,1751325243.0,1751325244,-73.4146,40.7391,53.34,False,36.01,180.0,-2.6,,15.24,3716,False,0,2025-06-30 23:17:20
a4f132,N4175K  ,United States,1751325439.0,1751325439,-122.015,37.6218,1798.32,False,83.18,5.32,7.8,,1851.66,6351,False,0,2025-06-30 23:17:20
a65789,BMJ1805 ,United States,1751325411.0,1751325411,-104.3936,37.9051,2644.14,False,100.06,175.87,-6.5,,2865.12,,False,0,2025-06-30 23:17:20
ae172a,BALL14  ,United States,1751325439.0,1751325439,-97.6542,35.5151,541.02,False,64.13,103.92,0.33,,541.02,,False,0,2025-06-30 23:17:20
a82dbd,NKS2244 ,United States,1751325439.0,1751325439,-85.5536,40.0555,8542.02,False,181.2,204.31,0.0,,9014.46,7254,False,0,2025-06-30 23:17:20
aba40f,N8493F  ,United States,1751325439.0,1751325439,-93.2442,43.109,792.48,False,40.25,305.11,-2.93,,777.24,,False,0,2025-06-30 23:17:20
abfdaf,SWA4333 ,United States,1751325440.0,1751325440,-90.4029,42.9437,9753.6,False,206.11,262.25,0.0,,10142.22,4130,False,0,2025-06-30 23:17:20
acd71a,N9262H  ,United States,1751325439.0,1751325439,-122.636,45.6182,137.16,False,30.28,279.78,-2.6,,114.3,,False,0,2025-06-30 23:17:20
c085aa,CGYQB   ,Canada,1751325440.0,1751325440,-72.6813,45.6542,670.56,False,64.39,7.81,-0.33,,,,False,0,2025-06-30 23:17:20
ac0aac,UAL1095 ,United States,1751325439.0,1751325439,-93.0953,43.1005,10668.0,False,272.78,88.27,0.33,,11056.62,0040,False,0,2025-06-30 23:17:20
aa7ac8,SWA1403 ,United States,1751325440.0,1751325440,-122.4516,37.6973,3078.48,False,158.97,188.0,0.0,,3177.54,,False,0,2025-06-30 23:17:20
a1a48b,N20490  ,United States,1751325259.0,1751325259,-122.942,44.4684,1036.32,False,43.95,69.44,-3.9,,1089.66,,False,0,2025-06-30 23:17:20
a2b12d,UAL396  ,United States,1751325440.0,1751325440,-87.398,41.9925,2148.84,False,124.65,284.09,-0.33,,2202.18,1047,False,0,2025-06-30 23:17:20
a39476,N33LF   ,United States,1751325437.0,1751325437,-105.1169,39.911,1615.44,False,0.51,180.0,0.0,,1699.26,,False,0,2025-06-30 23:17:20
a38141,DAL2468 ,United States,1751325439.0,1751325440,-89.2296,43.8824,10972.8,False,200.88,256.07,-0.33,,11369.04,2211,False,0,2025-06-30 23:17:20
a82df6,EJA626  ,United States,1751325439.0,1751325439,-82.2354,29.6583,13106.4,False,222.0,110.2,0.0,,13731.24,0513,False,0,2025-06-30 23:17:20
ae1751,JAVAN73 ,United States,1751325401.0,1751325401,-100.8925,30.3037,1965.96,False,139.72,189.32,-1.63,,2072.64,,False,0,2025-06-30 23:17:20
ab678e,DAL790  ,United States,1751325440.0,1751325440,-80.2625,25.8028,228.6,False,94.42,85.63,18.86,,251.46,,False,0,2025-06-30 23:17:20
aa7ab1,N7743N  ,United States,1751325439.0,1751325439,-117.5041,33.8048,944.88,False,55.51,330.58,1.63,,914.4,,False,0,2025-06-30 23:17:20
a2b135,UAL1086 ,United States,1751325127.0,1751325188,-108.3223,42.384,10972.8,False,224.67,302.09,0.0,,11551.92,6532,False,0,2025-06-30 23:17:20
ac6118,UAL1329 ,United States,1751325439.0,1751325439,-74.3978,39.8534,6027.42,False,200.65,216.14,6.83,,6332.22,1710,False,0,2025-06-30 23:17:20
c085ce,PAG384  ,Canada,1751325439.0,1751325439,-80.9035,46.9832,1874.52,False,113.32,32.39,-0.33,,1859.28,,False,0,2025-06-30 23:17:20
aa7aa6,SWA46   ,United States,1751325439.0,1751325439,-96.8672,32.8663,236.22,False,68.76,135.91,-4.55,,228.6,4031,False,0,2025-06-30 23:17:20
c085e0,WJA714  ,Canada,1751325439.0,1751325439,-91.9263,45.4129,11277.6,False,250.49,111.19,0.0,,11590.02,3344,False,0,2025-06-30 23:17:20
a5bae5,N46889  ,United States,1751325439.0,1751325439,-122.9461,45.5719,327.66,False,49.4,178.81,-3.58,,297.18,,False,0,2025-06-30 23:17:20
a286a8,N262CL  ,United States,1751325439.0,1751325440,-95.762,30.2108,929.64,False,62.05,168.04,-2.6,,952.5,1200,False,0,2025-06-30 23:17:20
c01e13,FLE440  ,Canada,1751325439.0,1751325439,-80.8244,43.6773,3444.24,False,168.14,98.8,-5.2,,3535.68,2650,False,0,2025-06-30 23:17:20
a0cc06,AAL2226 ,United States,1751325439.0,1751325439,-81.4086,30.1634,7399.02,False,239.79,358.77,2.6,,7818.12,3125,False,0,2025-06-30 23:17:20
a08f60,TWY308  ,United States,1751325440.0,1751325440,-99.9077,35.4362,9547.86,False,220.91,262.78,2.6,,10134.6,,False,0,2025-06-30 23:17:20
ac878c,EDV5203 ,United States,1751325439.0,1751325439,-84.5548,33.8036,2705.1,False,146.56,20.98,14.96,,2842.26,5120,False,0,2025-06-30 23:17:20
a0a9f6,UCA4303 ,United States,1751325440.0,1751325440,-71.8727,41.0809,3055.62,False,167.9,49.72,-5.2,,3200.4,5711,False,0,2025-06-30 23:17:20
a6a711,JIA5443 ,United States,1751325439.0,1751325439,-80.6483,35.4562,10058.4,False,227.5,54.94,-0.33,,10675.62,3307,False,0,2025-06-30 23:17:20
a2b198,UAL2474 ,United States,1751325440.0,1751325440,-77.5928,40.6659,10363.2,False,231.37,197.47,0.0,,10957.56,1147,False,0,2025-06-30 23:17:20
a2b196,UAL1904 ,United States,1751325439.0,1751325439,-73.8414,40.7652,281.94,False,90.94,118.74,11.7,,259.08,,False,0,2025-06-30 23:17:20
a033ae,AAL15   ,United States,1751325439.0,1751325439,-85.3232,44.0358,10355.58,False,213.68,278.31,0.0,,10797.54,5777,False,0,2025-06-30 23:17:20
a3d10f,DAL1387 ,United States,1751325439.0,1751325439,-87.0949,33.258,10972.8,False,239.84,216.45,0.0,,11650.98,2267,False,0,2025-06-30 23:17:20
a2b17a,UAL2382 ,United States,1751325440.0,1751325440,-99.2828,33.8785,10668.0,False,249.33,94.73,-0.33,,11315.7,,False,0,2025-06-30 23:17:20
a53774,UAL2285 ,United States,1751325439.0,1751325439,-97.4723,33.0433,11269.98,False,244.61,124.89,0.33,,11986.26,3202,False,0,2025-06-30 23:17:20
a046f2,RPA4596 ,United States,1751325439.0,1751325439,-85.9083,36.0597,5570.22,False,192.59,94.9,8.78,,5890.26,1535,False,0,2025-06-30 23:17:20
add124,N99JT   ,United States,1751325328.0,1751325328,-96.9389,34.3073,960.12,False,90.74,299.18,-6.83,,998.22,1200,False,0,2025-06-30 23:17:20
ab4187,WUP824  ,United States,1751325439.0,1751325439,-83.0003,42.4851,1257.3,False,128.16,324.97,0.33,,1219.2,7305,False,0,2025-06-30 23:17:20
a08f41,N135RF  ,United States,1751325439.0,1751325439,-115.8238,48.2503,3718.56,False,85.73,104.95,-0.98,,3863.34,,False,0,2025-06-30 23:17:20
a0a9d4,UCA4349 ,United States,1751325440.0,1751325440,-77.4572,38.9448,,True,4.12,191.25,,,,,False,0,2025-06-30 23:17:20
a3f798,N355CF  ,United States,1751325385.0,1751325385,-111.2648,32.6597,1249.68,False,54.87,321.09,-2.6,,1226.82,1623,False,0,2025-06-30 23:17:20
a0a9d1,UCA4247 ,United States,1751325419.0,1751325419,-97.2649,27.2092,4869.18,False,198.14,220.47,0.0,,5158.74,5335,False,0,2025-06-30 23:17:20
ad945a,AAL2679 ,United States,1751325439.0,1751325439,-87.412,28.5203,10363.2,False,238.01,288.0,0.0,,10980.42,,False,0,2025-06-30 23:17:20
a38171,BGR43   ,United States,1751325430.0,1751325430,-108.1205,35.4721,4358.64,False,112.9,101.57,-2.6,,4625.34,,False,0,2025-06-30 23:17:20
ad2aed,AAL355  ,United States,1751325439.0,1751325439,-96.5179,32.4444,4899.66,False,184.08,315.68,-8.45,,5196.84,0302,False,0,2025-06-30 23:17:20
ad2aea,ASA734  ,United States,1751325439.0,1751325440,-117.8177,44.9365,10363.2,False,233.92,314.38,0.33,,10843.26,,False,0,2025-06-30 23:17:20
a1c9a0,N214NX  ,United States,1751325436.0,1751325436,-123.4993,48.1189,,True,28.81,286.88,,,,0733,False,0,2025-06-30 23:17:20
a3e470,N35WH   ,United States,1751325439.0,1751325440,-118.9913,36.9636,7620.0,False,114.09,170.92,0.0,,8008.62,,False,0,2025-06-30 23:17:20
a08f57,ELZ5    ,United States,1751325440.0,1751325440,-81.1465,30.3917,9486.9,False,263.81,184.81,-8.13,,10066.02,2510,False,0,2025-06-30 23:17:20
a8d489,UAL2331 ,United States,1751325440.0,1751325440,-98.3584,43.69,10363.2,False,221.0,280.05,0.0,,10759.44,6530,False,0,2025-06-30 23:17:20
a19c51,N20236  ,United States,1751325439.0,1751325439,-122.2436,46.9673,1341.12,False,47.13,306.12,0.65,,1363.98,,False,0,2025-06-30 23:17:20
a1b6e3,CXK352  ,United States,1751325259.0,1751325260,-118.1483,33.8139,30.48,False,33.44,270.0,-1.3,,-22.86,,False,0,2025-06-30 23:17:20
a1a3b9,N20430  ,United States,1751325439.0,1751325439,-111.9183,33.1607,640.08,False,37.14,306.55,0.33,,548.64,1200,False,0,2025-06-30 23:17:20
adf5ef,N999VB  ,United States,1751325439.0,1751325439,-104.0468,40.3509,8229.6,False,143.77,82.39,0.0,,8702.04,6564,False,0,2025-06-30 23:17:20
c0737c,WJA2199 ,Canada,1751325439.0,1751325439,-74.7454,41.2752,11582.4,False,219.63,310.63,0.0,,12207.24,3723,False,0,2025-06-30 23:17:20
a20c44,ENY3797 ,United States,1751325439.0,1751325439,-85.2006,34.7745,10363.2,False,235.54,320.05,-0.33,,11003.28,5163,False,0,2025-06-30 23:17:20
c0737d,CGRTC   ,Canada,1751325440.0,1751325440,-72.9892,45.8535,929.64,False,73.5,74.99,2.28,,922.02,,False,0,2025-06-30 23:17:20
a7a17b,DAL1655 ,United States,1751325439.0,1751325439,-71.4521,42.8146,3596.64,False,204.27,284.74,3.58,,3756.66,1377,False,0,2025-06-30 23:17:20
a57f42,SWA3385 ,United States,1751325439.0,1751325439,-113.8223,32.9034,10401.3,False,230.55,268.47,-4.55,,10988.04,2152,False,0,2025-06-30 23:17:20
a08f6b,SKW5948 ,United States,1751325439.0,1751325439,-87.6743,39.9191,9753.6,False,218.42,172.56,7.15,,10287.0,6540,False,0,2025-06-30 23:17:20
c06081,ACA376  ,Canada,1751325425.0,1751325425,-73.7334,45.4638,,True,33.95,222.19,,,,,False,0,2025-06-30 23:17:20
a87196,NKS2665 ,United States,1751325439.0,1751325440,-82.6362,35.2274,10972.8,False,242.38,247.41,0.0,,11650.98,5707,False,0,2025-06-30 23:17:20
a69f24,N5259R  ,United States,1751325439.0,1751325439,-121.9555,37.6899,533.4,False,61.01,118.73,-0.33,,487.68,,False,0,2025-06-30 23:17:20
a033d2,MXY656  ,United States,1751325439.0,1751325439,-85.7433,28.0304,10668.0,False,245.98,108.66,0.33,,11315.7,3344,False,0,2025-06-30 23:17:20
a789b4,JIA5273 ,United States,1751325439.0,1751325439,-75.4763,38.6679,7315.2,False,214.99,187.84,0.0,,7734.3,1663,False,0,2025-06-30 23:17:20
a669dc,N512LE  ,United States,1751325190.0,1751325228,-95.675,29.8239,45.72,False,33.02,198.15,-4.88,,38.1,2654,False,0,2025-06-30 23:17:20
a0a9fe,N1419D  ,United States,1751325438.0,1751325438,-81.0479,29.1389,297.18,False,48.37,302.85,-1.63,,320.04,2164,False,0,2025-06-30 23:17:20
a21f57,FFT4874 ,United States,1751325439.0,1751325439,-80.1725,26.0659,38.1,False,71.51,90.41,-4.23,,76.2,7230,False,0,2025-06-30 23:17:20
a88467,QXE2129 ,United States,1751325438.0,1751325438,-102.2034,41.2505,10363.2,False,212.18,293.58,0.33,,10881.36,,False,0,2025-06-30 23:17:20
c08688,CGYYP   ,Canada,1751325439.0,1751325439,-122.8243,48.4362,2743.2,False,72.7,153.98,-1.3,,2872.74,0462,False,0,2025-06-30 23:17:20
a9f424,SKW4950 ,United States,1751325439.0,1751325439,-84.9172,42.8502,6088.38,False,194.32,261.93,-0.33,,6332.22,,False,0,2025-06-30 23:17:20
a8c121,UAL3    ,United States,1751325252.0,1751325262,-67.0838,48.4078,10675.62,False,259.17,72.32,0.0,,11094.72,2421,False,0,2025-06-30 23:17:20
a140dd,N180BZ  ,United States,1751325439.0,1751325439,-71.4374,42.6716,822.96,False,76.43,174.98,0.0,,830.58,5130,False,0,2025-06-30 23:17:20
a57f04,UAL2658 ,United States,1751325440.0,1751325440,-103.2114,42.0331,10363.2,False,226.78,266.49,0.0,,10888.98,7213,False,0,2025-06-30 23:17:20
a45f59,DAL1978 ,United States,1751325433.0,1751325438,-84.2415,33.6161,899.16,False,95.79,307.36,0.0,,929.64,2415,False,0,2025-06-30 23:17:20
a2e9fd,SWA674  ,United States,1751325439.0,1751325439,-76.8049,39.1881,464.82,False,100.82,136.86,0.0,,457.2,6714,False,0,2025-06-30 23:17:20
a1ec57,MXY563  ,United States,1751325439.0,1751325440,-94.9535,32.5414,11269.98,False,235.73,81.34,-0.33,,11948.16,1532,False,0,2025-06-30 23:17:20
ac7419,NKS2572 ,United States,1751325440.0,1751325440,-84.4685,33.648,800.1,False,94.04,275.34,5.2,,822.96,,False,0,2025-06-30 23:17:20
ab9ab3,JRE847  ,United States,1751325440.0,1751325440,-95.7894,38.4944,12192.0,False,187.82,282.82,0.0,,12793.98,1140,False,0,2025-06-30 23:17:20
a8aac8,DAL1083 ,United States,1751325295.0,1751325295,-82.2355,26.7492,3208.02,False,156.95,123.64,-7.8,,3429.0,2255,False,0,2025-06-30 23:17:20
a12c0f,N175DD  ,United States,1751325196.0,1751325196,-119.0411,37.7899,4457.7,False,29.32,36.56,,,,,False,0,2025-06-30 23:17:20
a099ff,N138MC  ,United States,1751325440.0,1751325440,-72.8724,41.8123,2895.6,False,85.76,49.62,0.0,,3009.9,1200,False,0,2025-06-30 23:17:20
a12c18,DAL365  ,United States,1751325439.0,1751325439,-83.3931,45.3551,10972.8,False,217.17,278.03,0.0,,11391.9,3033,False,0,2025-06-30 23:17:20
ad2573,SWA444  ,United States,1751325440.0,1751325440,-94.6733,38.0498,11582.4,False,217.1,270.27,0.0,,12207.24,6211,False,0,2025-06-30 23:17:20
ac058a,DAL2437 ,United States,1751325427.0,1751325427,-96.1624,46.5167,10668.0,False,257.9,116.67,0.0,,10965.18,,False,0,2025-06-30 23:17:20
a82791,N62407  ,United States,1751325440.0,1751325440,-123.1131,45.5836,396.24,False,40.75,335.38,-0.33,,373.38,,False,0,2025-06-30 23:17:20
ad124e,EJA941  ,United States,1751325439.0,1751325439,-96.7768,32.906,1226.82,False,123.6,318.88,-5.85,,1249.68,7254,False,0,2025-06-30 23:17:20
a2af04,N272MG  ,United States,1751325367.0,1751325367,-80.2931,25.6485,182.88,False,50.03,94.13,0.0,,198.12,,False,0,2025-06-30 23:17:20
ad6bdc,JBU416  ,United States,1751325440.0,1751325440,-112.8539,41.577,10668.0,False,243.66,80.4,0.33,,11224.26,,False,0,2025-06-30 23:17:20
a9dde8,N735CZ  ,United States,1751325439.0,1751325439,-81.7879,28.8709,441.96,False,69.31,65.91,0.98,,495.3,,False,0,2025-06-30 23:17:20
a6c12f,VOI730  ,United States,1751325438.0,1751325438,-97.6305,25.9267,11285.22,False,231.81,4.84,-0.33,,12001.5,,False,0,2025-06-30 23:17:20
a24c01,,United States,1751325369.0,1751325382,-118.4067,38.6311,12001.5,False,233.07,284.31,-4.88,,12611.1,,False,0,2025-06-30 23:17:20
a349a6,N3103V  ,United States,1751325380.0,1751325380,-87.8982,42.1066,243.84,False,29.94,340.94,-2.6,,220.98,1200,False,0,2025-06-30 23:17:20
abd26b,SWA3968 ,United States,1751325439.0,1751325439,-105.8369,37.7225,11277.6,False,239.55,62.22,0.0,,11887.2,2640,False,0,2025-06-30 23:17:20
ad1267,N941RS  ,United States,1751325439.0,1751325439,-97.023,38.9684,12496.8,False,254.36,87.57,0.0,,13098.78,1720,False,0,2025-06-30 23:17:20
a12c04,N175CT  ,United States,1751325439.0,1751325439,-74.8557,40.6174,1226.82,False,148.71,28.52,-0.33,,1249.68,2001,False,0,2025-06-30 23:17:20
a7e133,N6069Y  ,United States,1751325439.0,1751325440,-96.6477,33.9699,1280.16,False,67.41,116.76,-1.3,,1295.4,,False,0,2025-06-30 23:17:20
a5a10a,AAL143  ,United States,1751325439.0,1751325439,-121.0677,33.7068,8991.6,False,232.24,260.31,1.63,,9425.94,,False,0,2025-06-30 23:17:20
a060ae,AAL1320 ,United States,1751325439.0,1751325439,-84.0474,33.5951,9806.94,False,237.67,62.82,-4.88,,10416.54,7306,False,0,2025-06-30 23:17:20
a4dad4,UAL710  ,United States,1751325422.0,1751325437,-77.4547,38.9467,,True,0.0,270.0,,,,,False,0,2025-06-30 23:17:20
4075b4,VIR104L ,United Kingdom,1751325440.0,1751325440,-81.3117,38.56,11277.6,False,256.51,40.53,0.0,,11940.54,5163,False,0,2025-06-30 23:17:20
a203b0,AAY1334 ,United States,1751325440.0,1751325440,-95.1518,44.8821,10957.56,False,218.31,330.96,0.0,,11292.84,3062,False,0,2025-06-30 23:17:20
a0d6fb,SKW5236 ,United States,1751325439.0,1751325439,-116.4337,46.7146,10363.2,False,210.38,212.21,0.33,,10835.64,,False,0,2025-06-30 23:17:20
a00c7a,DAL519  ,United States,1751325440.0,1751325440,-97.8668,37.0837,10965.18,False,225.37,292.41,0.33,,11582.4,1614,False,0,2025-06-30 23:17:20
ac17b0,SWA2152 ,United States,1751325428.0,1751325436,-97.6646,30.2018,,True,0.0,351.56,,,,,False,0,2025-06-30 23:17:20
a67146,N514LA  ,United States,1751325439.0,1751325439,-81.8256,34.0751,1203.96,False,64.09,264.47,0.0,,1249.68,,False,0,2025-06-30 23:17:20
ac17b3,N8789T  ,United States,1751325226.0,1751325240,-85.4359,32.6276,297.18,False,33.02,184.47,-2.28,,297.18,,False,0,2025-06-30 23:17:20
a6c125,N534VA  ,United States,1751325440.0,1751325440,-121.6028,36.9342,1219.2,False,49.78,283.75,-0.33,,1211.58,1200,False,0,2025-06-30 23:17:20
a6c120,AAL1422 ,United States,1751325439.0,1751325439,-70.8736,41.9633,2758.44,False,134.57,60.2,-2.6,,2880.36,2541,False,0,2025-06-30 23:17:20
ad129d,N941TW  ,United States,1751325440.0,1751325440,-121.7061,38.0866,1325.88,False,40.86,259.11,0.33,,1318.26,,False,0,2025-06-30 23:17:20
a7912a,DAL693  ,United States,1751325438.0,1751325438,-84.434,33.6485,,True,12.35,258.75,,,,3542,False,0,2025-06-30 23:17:20
a2af23,ENY3801 ,United States,1751325440.0,1751325440,-90.7471,34.3767,9448.8,False,243.5,79.9,0.0,,10043.16,2346,False,0,2025-06-30 23:17:20
a0c3b6,CSB7521 ,United States,1751325345.0,1751325438,-84.6686,39.0685,312.42,False,70.48,180.0,-3.58,,274.32,3456,True,0,2025-06-30 23:17:20
c05f94,ROU1740 ,Canada,1751325425.0,1751325439,-80.7395,24.1882,8275.32,False,239.22,233.13,-12.68,,8763.0,3025,False,0,2025-06-30 23:17:20
a68485,SKW6242 ,United States,1751325332.0,1751325332,-116.1648,43.5434,1089.66,False,82.19,290.14,-4.23,,1676.4,,False,0,2025-06-30 23:17:20
a203a3,N229NG  ,United States,1751325439.0,1751325439,-85.7767,34.8764,7924.8,False,126.3,302.52,0.0,,8404.86,0762,False,0,2025-06-30 23:17:20
a25f51,N252EA  ,United States,1751325358.0,1751325440,-113.377,32.8607,2049.78,False,40.97,262.79,-0.33,,2125.98,4147,False,0,2025-06-30 23:17:20
a3cf6d,UAL1275 ,United States,1751325439.0,1751325439,-109.6791,32.6988,10972.8,False,229.85,295.88,0.33,,11605.26,1001,False,0,2025-06-30 23:17:20
ac0519,SWA1078 ,United States,1751325440.0,1751325440,-81.3407,32.2338,10972.8,False,234.67,125.36,0.0,,11605.26,1531,False,0,2025-06-30 23:17:20
a0c3fc,ABX3196 ,United States,1751325440.0,1751325440,-85.7851,34.2117,11590.02,False,233.12,337.28,0.33,,12268.2,3611,False,0,2025-06-30 23:17:20
ab951a,N8452R  ,United States,1751325285.0,1751325285,-83.8811,43.4248,365.76,False,46.52,218.26,-1.3,,396.24,,False,0,2025-06-30 23:17:20
a2af7c,N272SB  ,United States,1751325440.0,1751325440,-76.3838,36.6405,518.16,False,63.66,44.67,-9.43,,579.12,1200,False,0,2025-06-30 23:17:20
a576f0,MVK94   ,United States,1751325439.0,1751325439,-94.0381,44.2769,1363.98,False,57.38,275.66,0.0,,1371.6,,False,0,2025-06-30 23:17:20
76ccce,SIA7973 ,Singapore,1751325323.0,1751325433,-108.9266,42.7435,10058.4,False,259.84,41.55,0.0,,10568.94,,False,0,2025-06-30 23:17:20
a323d6,VJA301  ,United States,1751325439.0,1751325439,-117.3486,34.3777,9601.2,False,248.1,51.23,7.8,,10119.36,1032,False,0,2025-06-30 23:17:20
ab3edd,ASH3234 ,United States,1751325439.0,1751325439,-96.1009,30.8503,7688.58,False,218.76,151.02,-5.2,,8161.02,5156,False,0,2025-06-30 23:17:20
aab202,AAL198  ,United States,1751325359.0,1751325359,-73.7864,40.6519,,True,2.57,59.06,,,,,False,0,2025-06-30 23:17:20
a696f1,N52334  ,United States,1751325439.0,1751325439,-97.9327,30.2605,624.84,False,49.9,142.54,-0.33,,640.08,1200,False,0,2025-06-30 23:17:20
a826bb,N624ST  ,United States,1751325439.0,1751325439,-122.4817,45.7022,495.3,False,45.05,353.44,0.98,,487.68,,False,0,2025-06-30 23:17:20
acaec8,AAL3137 ,United States,1751325439.0,1751325439,-95.0269,40.7728,10363.2,False,202.07,250.83,0.33,,10858.5,1334,False,0,2025-06-30 23:17:20
ac0543,VTE3841 ,United States,1751325440.0,1751325440,-84.4257,40.3136,8534.4,False,177.87,285.6,0.98,,8968.74,3655,False,0,2025-06-30 23:17:20
abd204,SWA1283 ,United States,1751325439.0,1751325439,-80.5904,32.7516,12192.0,False,240.36,217.43,0.0,,12847.32,3632,False,0,2025-06-30 23:17:20
a959b4,EJA701  ,United States,1751325439.0,1751325440,-88.8777,45.0934,13106.4,False,207.93,278.25,0.33,,13525.5,1376,False,0,2025-06-30 23:17:20
a336e3,AAL1208 ,United States,1751325439.0,1751325439,-103.1482,34.6325,11422.38,False,231.32,118.27,-5.2,,12062.46,7760,False,0,2025-06-30 23:17:20
ac4bb8,SWA3107 ,United States,1751325439.0,1751325440,-87.8039,41.775,792.48,False,110.75,212.29,11.7,,762.0,3153,False,0,2025-06-30 23:17:20
ad3854,N95091  ,United States,1751325184.0,1751325184,-80.573,35.1347,304.8,False,29.69,261.03,-2.28,,289.56,,False,0,2025-06-30 23:17:20
a336df,AAL2668 ,United States,1751325413.0,1751325417,-81.8444,41.4183,297.18,False,73.38,229.83,-3.58,,243.84,2034,False,0,2025-06-30 23:17:20
aa0d0d,MTN7465 ,United States,1751325440.0,1751325440,-78.0781,40.6368,2225.04,False,57.93,213.41,3.25,,2301.24,1661,False,0,2025-06-30 23:17:20
a97aff,N71PF   ,United States,1751325433.0,1751325433,-72.9497,40.6942,342.9,False,72.24,243.8,0.0,,312.42,,False,0,2025-06-30 23:17:20
ad385f,AAL2673 ,United States,1751325439.0,1751325439,-88.5931,32.5801,10058.4,False,234.28,118.03,0.0,,10690.86,0564,False,0,2025-06-30 23:17:20
ad6bac,N964GV  ,United States,1751325439.0,1751325439,-80.4081,26.5936,2103.12,False,65.46,23.14,0.33,,2217.42,,False,0,2025-06-30 23:17:20
abe52d,AMX456  ,United States,1751325439.0,1751325439,-84.829,34.7975,9753.6,False,239.24,208.93,0.0,,10340.34,5665,False,0,2025-06-30 23:17:20
ad2531,TCN946  ,United States,1751325440.0,1751325440,-104.2866,39.7135,6659.88,False,203.04,107.7,8.78,,7063.74,,False,0,2025-06-30 23:17:20
a8aaff,FFT4702 ,United States,1751325433.0,1751325438,-97.6714,30.194,,True,0.0,154.69,,,,3703,False,0,2025-06-30 23:17:20
a589e0,N456RC  ,United States,1751325411.0,1751325436,-119.6709,35.6845,2506.98,False,46.43,12.8,-0.98,,2545.08,,False,0,2025-06-30 23:17:20
407698,VIR8Y   ,United Kingdom,1751325440.0,1751325440,-115.7181,35.5397,10637.52,False,264.88,48.23,2.93,,11224.26,1031,False,0,2025-06-30 23:17:20
407699,VIR153  ,United Kingdom,1751325302.0,1751325308,-73.7731,40.6337,,True,0.0,30.94,,,,6030,False,0,2025-06-30 23:17:20
c029c8,PVL2586 ,Canada,1751325439.0,1751325439,-69.7526,45.3909,7620.0,False,187.03,103.85,0.0,,7993.38,,False,0,2025-06-30 23:17:20
c05f0a,JZA973  ,Canada,1751325440.0,1751325440,-80.1239,43.4453,2773.68,False,139.62,233.09,0.33,,2834.64,2227,False,0,2025-06-30 23:17:20
abd230,SWA495  ,United States,1751325439.0,1751325439,-91.6274,34.409,11582.4,False,219.2,246.93,0.0,,12260.58,2622,False,0,2025-06-30 23:17:20
ab8266,N8401T  ,United States,1751325236.0,1751325238,-112.3887,40.2242,2727.96,False,52.69,279.55,-2.6,,2849.88,0347,False,0,2025-06-30 23:17:20
a4ef58,N417NL  ,United States,1751325424.0,1751325424,-118.4881,34.2057,,True,3.34,270.0,,,,,False,0,2025-06-30 23:17:20
a310c5,BPX297  ,United States,1751325438.0,1751325439,-81.1281,29.2996,83.82,False,51.86,79.14,-2.28,,83.82,0135,False,0,2025-06-30 23:17:20
c05f04,JZA497  ,Canada,1751325439.0,1751325440,-75.5462,45.3576,7315.2,False,150.33,258.15,0.33,,7650.48,,False,0,2025-06-30 23:17:20
a49f7d,N3972W  ,United States,1751325438.0,1751325438,-77.7043,39.0212,434.34,False,61.81,247.49,0.0,,419.1,,False,0,2025-06-30 23:17:20
a6f9b3,DAL571  ,United States,1751325439.0,1751325439,-82.7416,43.077,10363.2,False,214.89,253.73,0.0,,10881.36,6331,False,0,2025-06-30 23:17:20
a310bb,AAY866  ,United States,1751325439.0,1751325439,-89.47,40.0546,10187.94,False,237.44,149.82,2.93,,10728.96,3263,False,0,2025-06-30 23:17:20
a49f89,UAL1559 ,United States,1751325439.0,1751325439,-115.2173,35.9027,11277.6,False,255.19,48.76,0.33,,11887.2,0176,False,0,2025-06-30 23:17:20
c04af4,JZA721  ,Canada,1751325440.0,1751325440,-83.6496,43.9552,9753.6,False,212.61,267.92,0.0,,10218.42,0521,False,0,2025-06-30 23:17:20
ac03ef,ASH6044 ,United States,1751325440.0,1751325440,-82.3919,34.7077,1805.94,False,145.98,14.28,-8.45,,1905.0,7671,False,0,2025-06-30 23:17:20
a0753d,N129BC  ,United States,1751325440.0,1751325440,-88.8568,39.1508,1988.82,False,73.91,236.64,0.65,,2049.78,,False,0,2025-06-30 23:17:20
ab80f4,DAL958  ,United States,1751325440.0,1751325440,-76.7934,42.5177,11887.2,False,262.37,90.0,0.33,,12504.42,6760,False,0,2025-06-30 23:17:20
a1f822,RPA5644 ,United States,1751325439.0,1751325440,-71.409,41.6207,3810.0,False,148.85,243.52,-5.53,,3992.88,2114,False,0,2025-06-30 23:17:20
ac4c8a,SWA4492 ,United States,1751325440.0,1751325440,-121.9264,37.3659,,True,0.0,47.81,,,,,False,0,2025-06-30 23:17:20
ac03ff,SWA1009 ,United States,1751325439.0,1751325439,-83.7177,39.0475,11582.4,False,223.78,270.0,0.33,,12245.34,3545,False,0,2025-06-30 23:17:20
a813e9,N62AE   ,United States,1751325247.0,1751325247,-70.3109,41.6915,160.02,False,63.89,139.9,-3.58,,144.78,1115,False,0,2025-06-30 23:17:20
a97c40,N710CA  ,United States,1751325439.0,1751325440,-81.8069,28.1703,1478.28,False,65.26,75.85,-1.95,,1577.34,2672,False,0,2025-06-30 23:17:20
a07522,AAL975  ,United States,1751325439.0,1751325439,-87.8017,41.9882,601.98,False,80.77,270.0,-4.23,,579.12,1040,False,0,2025-06-30 23:17:20
a21833,,United States,1751325440.0,1751325440,-80.2457,40.4898,541.02,False,77.74,272.28,14.63,,518.16,,False,0,2025-06-30 23:17:20
aa60bb,ENY4241 ,United States,1751325439.0,1751325440,-87.9811,41.9784,784.86,False,102.84,287.17,6.83,,777.24,4312,False,0,2025-06-30 23:17:20
acf0da,AAL1394 ,United States,1751325414.0,1751325416,-81.7778,24.5821,9745.98,False,228.29,303.51,0.0,,10309.86,,False,0,2025-06-30 23:17:20
a6d3af,DAL466  ,United States,1751325439.0,1751325439,-88.257,36.1446,11887.2,False,244.88,89.88,0.0,,12542.52,7213,False,0,2025-06-30 23:17:20
a44521,UAL496  ,United States,1751325439.0,1751325439,-84.914,31.042,10668.0,False,243.21,137.4,-0.33,,11330.94,7435,False,0,2025-06-30 23:17:20
a31216,UAL630  ,United States,1751325440.0,1751325440,-87.7383,42.0031,922.02,False,87.51,267.98,-6.18,,922.02,4172,False,0,2025-06-30 23:17:20
a62f93,UAL2207 ,United States,1751325439.0,1751325439,-88.5547,41.9881,4884.42,False,170.38,265.15,14.63,,5074.92,6531,False,0,2025-06-30 23:17:20
a1f884,ENY4289 ,United States,1751325440.0,1751325440,-110.0024,32.3904,9525.0,False,228.15,289.91,-7.15,,10104.12,1551,False,0,2025-06-30 23:17:20
c01776,CFIWZ   ,Canada,1751325440.0,1751325440,-79.4463,43.4731,655.32,False,111.17,277.98,-2.6,,594.36,1062,False,0,2025-06-30 23:17:20
aa1f97,AAL3008 ,United States,1751325140.0,1751325266,-78.6384,30.8021,11582.4,False,241.36,185.5,-0.33,,12123.42,3767,False,0,2025-06-30 23:17:20
acf0d8,,United States,1751325131.0,1751325131,-71.0172,42.355,,True,6.17,345.94,,,,,False,0,2025-06-30 23:17:20
a6f9fa,GJS4189 ,United States,1751325295.0,1751325295,-87.8926,42.0028,266.7,False,64.31,270.0,-4.55,,228.6,5346,False,0,2025-06-30 23:17:20
a8ac35,UAL921  ,United States,1751325439.0,1751325439,-68.6108,46.4987,10972.8,False,218.99,225.19,0.0,,11468.1,0747,False,0,2025-06-30 23:17:20
acf0e6,OZN933  ,United States,1751325439.0,1751325439,-80.4196,25.6535,0.0,False,35.56,86.68,2.6,,60.96,,False,0,2025-06-30 23:17:20
c04ad7,CGCIW   ,Canada,1751325279.0,1751325279,-72.3285,45.9002,510.54,False,46.96,222.78,-1.95,,495.3,,False,0,2025-06-30 23:17:20
a98f33,MTN7509 ,United States,1751325440.0,1751325440,-80.2909,26.0775,617.22,False,81.8,89.64,-4.23,,662.94,,False,0,2025-06-30 23:17:20
a1e522,CXK690  ,United States,1751325440.0,1751325440,-73.092,40.9054,1333.5,False,54.12,36.11,2.28,,1356.36,3071,False,0,2025-06-30 23:17:20
a24ba7,SKW4180 ,United States,1751325439.0,1751325439,-92.5079,37.8982,11582.4,False,205.98,250.75,0.33,,12207.24,4171,False,0,2025-06-30 23:17:20
a44502,DAL1182 ,United States,1751325166.0,1751325166,-84.4364,33.643,,True,0.0,90.0,,,,5140,False,0,2025-06-30 23:17:20
aa73c3,SWA2603 ,United States,1751325440.0,1751325440,-100.9216,33.6712,11590.02,False,220.13,249.19,0.0,,12245.34,7104,False,0,2025-06-30 23:17:20
a7f3ae,JIA5598 ,United States,1751325440.0,1751325440,-78.3942,39.2027,10370.82,False,250.21,198.96,-0.33,,10995.66,2122,False,0,2025-06-30 23:17:20
a37ec4,AAL2060 ,United States,1751325439.0,1751325439,-96.0876,31.9483,8069.58,False,230.73,328.4,-10.4,,8587.74,4014,False,0,2025-06-30 23:17:20
a37eb0,AAL1391 ,United States,1751325439.0,1751325440,-80.0719,25.6114,3040.38,False,163.14,305.24,-6.5,,3230.88,,False,0,2025-06-30 23:17:20
ac0504,SKW5468 ,United States,1751325439.0,1751325439,-117.1249,43.5687,10363.2,False,222.06,209.42,0.33,,10896.6,,False,0,2025-06-30 23:17:20
a61c8a,N493PH  ,United States,1751325420.0,1751325420,-95.1248,30.1233,411.48,False,71.65,21.04,0.33,,441.96,,False,0,2025-06-30 23:17:20
a97c18,ASA973  ,United States,1751325439.0,1751325439,-100.5083,45.9001,10363.2,False,212.61,284.0,0.0,,10759.44,0561,False,0,2025-06-30 23:17:20
a0c53e,N149MM  ,United States,1751325251.0,1751325262,-86.833,41.4519,929.64,False,61.24,271.44,0.0,,922.02,,False,0,2025-06-30 23:17:20
a1821f,N1969Y  ,United States,1751325440.0,1751325440,-118.4926,34.2348,411.48,False,42.95,173.81,-3.25,,365.76,4661,False,0,2025-06-30 23:17:20
a74f99,LFA325  ,United States,1751325426.0,1751325427,-81.4702,30.5812,1051.56,False,58.83,4.51,0.33,,1097.28,,False,0,2025-06-30 23:17:20
a826f1,SKW4726 ,United States,1751325440.0,1751325440,-104.2009,39.5614,5059.68,False,176.04,306.8,-6.5,,5379.72,5715,False,0,2025-06-30 23:17:20
a33843,JBU341  ,United States,1751325440.0,1751325440,-74.343,39.1131,8770.62,False,227.11,220.04,2.93,,9273.54,7171,False,0,2025-06-30 23:17:20
a5b3ea,N467DC  ,United States,1751325270.0,1751325276,-87.8567,42.4125,365.76,False,29.47,314.29,-3.25,,312.42,,False,0,2025-06-30 23:17:20
ab2c0c,DAL46   ,United States,1751325439.0,1751325439,-72.8505,42.7572,8229.6,False,254.79,60.48,0.33,,8663.94,0357,False,0,2025-06-30 23:17:20
a62ee6,GTI8174 ,United States,1751325439.0,1751325439,-118.1132,33.9173,1691.64,False,122.85,306.49,-5.85,,1729.74,6460,False,0,2025-06-30 23:17:20
a69869,GJS4424 ,United States,1751325439.0,1751325440,-76.036,44.2553,6705.6,False,227.81,186.48,-0.33,,7002.78,6206,False,0,2025-06-30 23:17:20
aae9e6,N802GE  ,United States,1751325337.0,1751325338,-85.8092,41.7518,480.06,False,60.24,272.45,-2.93,,411.48,,False,0,2025-06-30 23:17:20
a44560,UAL2106 ,United States,1751325440.0,1751325440,-88.1871,41.7271,3078.48,False,182.86,42.04,0.0,,3169.92,1553,False,0,2025-06-30 23:17:20
a0628f,AAL2446 ,United States,1751325439.0,1751325439,-92.9882,34.4634,9753.6,False,220.6,252.07,0.0,,10340.34,1676,False,0,2025-06-30 23:17:20
a98ea6,CNS1824 ,United States,1751325440.0,1751325440,-118.4486,34.019,,True,5.92,47.81,,,,,False,0,2025-06-30 23:17:20
c01734,ACA822  ,Canada,1751325436.0,1751325438,-67.6797,46.0653,10058.4,False,276.28,76.87,0.0,,10546.08,,False,0,2025-06-30 23:17:20
a6e837,EJA544  ,United States,1751325440.0,1751325440,-123.2333,42.0139,12496.8,False,204.31,178.41,0.0,,13060.68,6624,False,0,2025-06-30 23:17:20
a70848,EJA552  ,United States,1751325439.0,1751325440,-93.5124,41.3997,13106.4,False,187.66,262.91,0.33,,13624.56,7204,False,0,2025-06-30 23:17:20
aa751e,N773KS  ,United States,1751325440.0,1751325440,-102.2715,39.454,11582.4,False,234.41,278.2,-0.33,,12161.52,,False,0,2025-06-30 23:17:20
c01729,ACA33   ,Canada,1751325440.0,1751325440,-81.0309,43.9707,8641.08,False,243.38,271.09,10.08,,9052.56,0535,False,0,2025-06-30 23:17:20
a4453e,UAL251  ,United States,1751325440.0,1751325440,-84.9806,32.9891,10363.2,False,240.14,228.39,0.0,,10988.04,1525,False,0,2025-06-30 23:17:20
a70853,N552RC  ,United States,1751325440.0,1751325440,-94.9213,41.4108,13106.4,False,242.78,261.72,0.33,,13616.94,7265,False,0,2025-06-30 23:17:20
ac4c21,SWA3182 ,United States,1751325439.0,1751325440,-78.0972,38.0785,7033.26,False,199.52,216.19,6.5,,7437.12,2161,False,0,2025-06-30 23:17:20
aa883e,ENY4042 ,United States,1751325440.0,1751325440,-93.8749,41.615,7947.66,False,197.03,264.16,-8.45,,8282.94,3530,False,0,2025-06-30 23:17:20
a6e866,N544SP  ,United States,1751325440.0,1751325440,-116.5358,43.4979,1531.62,False,53.62,81.17,-0.98,,1554.48,,False,0,2025-06-30 23:17:20
a44544,UAL2456 ,United States,1751325439.0,1751325440,-91.5505,34.0758,10972.8,False,227.16,227.2,0.0,,11620.5,6637,False,0,2025-06-30 23:17:20
ad36c8,AAL460  ,United States,1751325439.0,1751325439,-83.2145,34.3,8549.64,False,246.13,259.89,5.53,,9060.18,5715,False,0,2025-06-30 23:17:20
c00416,CFBOF   ,Canada,1751325281.0,1751325281,-73.4126,45.5147,30.48,False,22.6,228.69,0.0,,0.0,,False,0,2025-06-30 23:17:20
ac4c44,SWA1004 ,United States,1751325439.0,1751325439,-102.127,32.1974,11582.4,False,223.1,264.97,0.0,,12283.44,0043,False,0,2025-06-30 23:17:20
a97c9a,FFT1175 ,United States,1751325440.0,1751325440,-104.408,39.9261,2712.72,False,155.26,37.33,10.4,,2872.74,,False,0,2025-06-30 23:17:20
a7e0f0,N60671  ,United States,1751325365.0,1751325423,-119.7581,34.6046,2743.2,False,98.99,114.57,0.65,,2857.5,,False,0,2025-06-30 23:17:20
a087c5,EJA133  ,United States,1751325440.0,1751325440,-100.8471,41.5071,12496.8,False,270.51,76.36,0.0,,13060.68,6341,False,0,2025-06-30 23:17:20
a790fc,N587M   ,United States,1751325440.0,1751325440,-90.4025,43.0122,8534.4,False,262.75,328.61,0.33,,8854.44,2101,False,0,2025-06-30 23:17:20
ad6c26,N964MS  ,United States,1751325376.0,1751325388,-117.7663,34.0966,426.72,False,33.2,220.6,-5.85,,396.24,4051,True,0,2025-06-30 23:17:20
a50ed9,TIV425  ,United States,1751325398.0,1751325398,-118.3613,34.2114,,True,2.83,2.81,,,,,False,0,2025-06-30 23:17:20
a4eeb4,LXJ417  ,United States,1751325439.0,1751325439,-81.1031,29.8931,9311.64,False,252.92,184.67,-13.66,,9845.04,7053,False,0,2025-06-30 23:17:20
a44591,DAL2824 ,United States,1751325440.0,1751325440,-80.9318,28.3417,3436.62,False,189.2,71.12,4.88,,3611.88,3042,False,0,2025-06-30 23:17:20
ae56b4,R20588  ,United States,1751325425.0,1751325430,-97.713,31.1365,,True,0.0,160.31,,,,,False,0,2025-06-30 23:17:20
ae56b1,R20585  ,United States,1751325411.0,1751325439,-122.3826,47.0089,403.86,False,49.48,295.23,0.0,,403.86,,False,0,2025-06-30 23:17:20
a6981a,DAL482  ,United States,1751325440.0,1751325440,-102.6362,36.3577,10355.58,False,221.98,274.79,-0.33,,10965.18,6223,False,0,2025-06-30 23:17:20
ac4c67,SWA1592 ,United States,1751325440.0,1751325440,-121.8593,45.5286,2613.66,False,147.28,267.4,-5.2,,2743.2,7153,False,0,2025-06-30 23:17:20
a44585,UAL1197 ,United States,1751325439.0,1751325439,-81.2976,28.9482,5615.94,False,226.0,355.56,12.03,,5920.74,6363,False,0,2025-06-30 23:17:20
a44588,UAL1073 ,United States,1751325440.0,1751325440,-104.6999,39.7434,3421.38,False,132.26,271.56,-1.95,,3634.74,5773,False,0,2025-06-30 23:17:20
aac3f4,JBU483  ,United States,1751325439.0,1751325440,-73.6973,40.5135,1699.26,False,147.24,116.57,13.66,,1752.6,3340,False,0,2025-06-30 23:17:20
a56531,LXJ447  ,United States,1751325439.0,1751325439,-112.0158,33.4278,,True,9.26,270.0,,,,3312,False,0,2025-06-30 23:17:20
ac03e2,SWA1664 ,United States,1751325440.0,1751325440,-94.0434,40.7365,10668.0,False,267.25,74.25,0.33,,11178.54,,False,0,2025-06-30 23:17:20
abe3c8,SWA2909 ,United States,1751325439.0,1751325439,-115.1469,36.0785,,True,4.89,120.94,,,,,False,0,2025-06-30 23:17:20
a5b50b,EJA467  ,United States,1751325439.0,1751325439,-96.8841,32.9937,967.74,False,114.37,295.3,-8.13,,990.6,2051,False,0,2025-06-30 23:17:20
aab0ba,SWA721  ,United States,1751325439.0,1751325439,-103.6339,34.1706,10668.0,False,248.8,11.45,0.0,,11269.98,,False,0,2025-06-30 23:17:20
ad23d5,DAL2600 ,United States,1751325439.0,1751325439,-78.8265,35.8559,579.12,False,96.86,227.58,2.93,,586.74,,False,0,2025-06-30 23:17:20
a36bfa,N32AC   ,United States,1751325439.0,1751325439,-91.4171,37.0937,13106.4,False,187.88,257.83,0.33,,13746.48,7460,False,0,2025-06-30 23:17:20
4074e2,BAW21V  ,United Kingdom,1751325439.0,1751325440,-75.0796,42.4839,12184.38,False,232.6,235.36,-0.33,,12801.6,2474,False,0,2025-06-30 23:17:20
a57878,N4512G  ,United States,1751325439.0,1751325439,-119.0079,34.276,304.8,False,44.86,273.95,0.33,,259.08,,False,0,2025-06-30 23:17:20
4074e3,BAW187  ,United Kingdom,1751325440.0,1751325440,-81.9163,41.3863,12184.38,False,231.9,247.02,-0.33,,12824.46,2446,False,0,2025-06-30 23:17:20
ab80cb,KSU40   ,United States,1751325440.0,1751325440,-97.758,38.9036,1417.32,False,34.82,325.84,3.58,,1485.9,,False,0,2025-06-30 23:17:20
a8abe6,QXE2146 ,United States,1751325439.0,1751325439,-122.4492,37.588,2484.12,False,145.0,175.52,14.31,,2583.18,3672,False,0,2025-06-30 23:17:20
a074bc,N1287E  ,United States,1751325435.0,1751325435,-93.187,45.24,1051.56,False,46.54,23.45,-1.95,,1043.94,,False,0,2025-06-30 23:17:20
a5b59d,SWA940  ,United States,1751325440.0,1751325440,-113.4785,35.8809,9639.3,False,232.51,100.07,8.45,,10195.56,,False,0,2025-06-30 23:17:20
ab839d,AAL153  ,United States,1751325440.0,1751325440,-88.3366,36.5694,12192.0,False,235.07,240.07,-0.33,,12893.04,3457,False,0,2025-06-30 23:17:20
a4329f,N37NA   ,United States,1751325440.0,1751325440,-121.9041,36.7308,922.02,False,57.26,301.41,0.33,,891.54,,False,0,2025-06-30 23:17:20
a087fd,SKW4653 ,United States,1751325432.0,1751325440,-103.9903,41.6751,8839.2,False,209.47,12.19,0.0,,9304.02,,False,0,2025-06-30 23:17:20
abc058,SWA572  ,United States,1751325439.0,1751325439,-106.8934,35.4525,11582.4,False,229.51,271.41,0.0,,12207.24,4052,False,0,2025-06-30 23:17:20
c03a5a,WJA2025 ,Canada,1751325439.0,1751325440,-80.446,37.3871,11887.2,False,222.29,10.4,0.0,,12565.38,3735,False,0,2025-06-30 23:17:20
a00d5b,AAL238  ,United States,1751325439.0,1751325440,-76.2075,42.4648,11277.6,False,260.88,113.23,0.0,,11856.72,7764,False,0,2025-06-30 23:17:20
aa6399,N769GM  ,United States,1751325439.0,1751325439,-117.6104,33.961,525.78,False,54.17,85.64,-0.98,,480.06,,False,0,2025-06-30 23:17:20
0c21a7,CMP476  ,Panama,1751325439.0,1751325439,-102.0444,37.7985,10972.8,False,226.0,295.05,0.0,,11567.16,7224,False,0,2025-06-30 23:17:20
a00d48,N102MU  ,United States,1751325341.0,1751325341,-81.9491,27.9995,304.8,False,41.49,250.44,0.65,,304.8,,False,0,2025-06-30 23:17:20
a6c277,N5346D  ,United States,1751325439.0,1751325439,-86.429,39.9672,563.88,False,40.34,275.86,0.65,,525.78,,False,0,2025-06-30 23:17:20
a7e24a,EDV4863 ,United States,1751325439.0,1751325440,-86.7969,36.7558,8648.7,False,223.23,162.57,6.18,,9166.86,6740,False,0,2025-06-30 23:17:20
a74efc,LXJ570  ,United States,1751325440.0,1751325440,-94.0,42.083,13716.0,False,255.7,89.31,-0.33,,14218.92,3730,False,0,2025-06-30 23:17:20
a5b55f,UAL1476 ,United States,1751325440.0,1751325440,-117.9352,33.5467,1424.94,False,130.17,232.22,6.83,,1447.8,,False,0,2025-06-30 23:17:20
a5524d,N442CR  ,United States,1751325237.0,1751325241,-97.7058,35.5913,419.1,False,30.37,358.06,-3.25,,411.48,,False,0,2025-06-30 23:17:20
a0b1ab,N144BF  ,United States,1751325439.0,1751325439,-70.7471,41.8381,891.54,False,39.7,148.78,1.95,,891.54,,False,0,2025-06-30 23:17:20
a324c6,N301TV  ,United States,1751325431.0,1751325435,-94.8312,35.4207,800.1,False,65.53,337.86,-0.65,,777.24,,False,0,2025-06-30 23:17:20
4caffb,ITY610  ,Ireland,1751325439.0,1751325439,-73.78,40.6339,,True,5.66,298.12,,,,2563,False,0,2025-06-30 23:17:20
a1e4d9,AMF1589 ,United States,1751325440.0,1751325440,-70.4576,43.8274,3048.0,False,109.35,219.08,0.0,,3185.16,,False,0,2025-06-30 23:17:20
a5c899,ASA494  ,United States,1751325439.0,1751325439,-103.6321,34.4949,10058.4,False,229.12,191.13,-0.65,,10645.14,6632,False,0,2025-06-30 23:17:20
a23a28,UAL1544 ,United States,1751325439.0,1751325439,-100.2057,36.0797,11582.4,False,240.3,335.19,0.0,,12222.48,2634,False,0,2025-06-30 23:17:20
a5c895,AAL2428 ,United States,1751325439.0,1751325439,-96.7178,37.8884,10050.78,False,261.12,97.7,0.0,,10622.28,3776,False,0,2025-06-30 23:17:20
ad0074,JBU1708 ,United States,1751325440.0,1751325440,-79.7889,26.6873,3870.96,False,187.22,187.26,-6.83,,4091.94,2053,False,0,2025-06-30 23:17:20
ace06b,N929JK  ,United States,1751325417.0,1751325431,-111.8875,39.8027,3406.14,False,33.55,305.64,-2.93,,3634.74,,False,0,2025-06-30 23:17:20
a181d3,N1967S  ,United States,1751325439.0,1751325439,-117.5437,33.3046,1531.62,False,52.81,137.76,0.33,,1546.86,,False,0,2025-06-30 23:17:20
a12d93,N175US  ,United States,1751325439.0,1751325440,-96.8707,33.1561,784.86,False,75.71,205.35,-2.28,,807.72,,False,0,2025-06-30 23:17:20
ad0088,JSX392  ,United States,1751325439.0,1751325439,-118.6594,33.7481,7139.94,False,217.91,314.33,4.23,,7505.7,,False,0,2025-06-30 23:17:20
aac5a9,N7931D  ,United States,1751325439.0,1751325439,-91.6646,41.7749,1714.5,False,77.45,340.6,6.18,,1760.22,,False,0,2025-06-30 23:17:20
a6c247,UAL564  ,United States,1751325440.0,1751325440,-106.7891,39.8546,9532.62,False,233.27,239.08,6.83,,10066.02,0610,False,0,2025-06-30 23:17:20
c04d98,JZA707  ,Canada,1751325440.0,1751325440,-80.4193,43.3078,4145.28,False,168.49,230.58,13.66,,4282.44,6351,False,0,2025-06-30 23:17:20
a6e89b,DAL807  ,United States,1751325439.0,1751325439,-115.1358,36.0775,,True,5.66,90.0,,,,,False,0,2025-06-30 23:17:20
a194e0,N20033  ,United States,1751325439.0,1751325440,-122.7902,45.1333,708.66,False,48.55,9.76,-1.95,,701.04,,False,0,2025-06-30 23:17:20
a12d67,SKW3336 ,United States,1751325439.0,1751325439,-116.0753,33.439,7292.34,False,189.36,235.4,-10.73,,7680.96,,False,0,2025-06-30 23:17:20
ac18cd,N879LP  ,United States,1751325440.0,1751325440,-85.4547,38.3356,731.52,False,42.71,181.38,-0.33,,746.76,,False,0,2025-06-30 23:17:20
ad260e,CXK253  ,United States,1751325440.0,1751325440,-118.2858,33.8384,1059.18,False,42.66,303.69,2.6,,1051.56,,False,0,2025-06-30 23:17:20
a5fd2d,SWA1142 ,United States,1751325440.0,1751325440,-79.5012,37.8746,9441.18,False,249.16,87.87,-0.33,,9997.44,1045,False,0,2025-06-30 23:17:20
407799,BAW9HL  ,United Kingdom,1751325440.0,1751325440,-72.8277,40.3463,9029.7,False,262.24,84.03,4.55,,9540.24,3363,False,0,2025-06-30 23:17:20
a0b1ea,,United States,1751325292.0,1751325292,-117.5362,47.624,,True,0.06,14.06,,,,,False,0,2025-06-30 23:17:20
a431ad,N37CJ   ,United States,1751325440.0,1751325440,-112.7678,33.3873,2887.98,False,50.12,174.7,-2.28,,3009.9,1200,False,0,2025-06-30 23:17:20
a85d15,N638SS  ,United States,1751325439.0,1751325440,-118.3131,33.7073,1242.06,False,51.4,318.65,-1.95,,1226.82,,False,0,2025-06-30 23:17:20
a4dd65,AAL891  ,United States,1751325365.0,1751325410,-87.7447,28.0622,9745.98,False,238.86,272.1,0.0,,10355.58,3561,False,0,2025-06-30 23:17:20
abf964,N8705G  ,United States,1751325439.0,1751325440,-93.1036,41.6537,769.62,False,42.48,348.83,-0.65,,769.62,,False,0,2025-06-30 23:17:20
aa88fb,RPA3566 ,United States,1751325129.0,1751325140,-82.8573,39.9907,297.18,False,71.14,273.73,-3.58,,297.18,4070,False,0,2025-06-30 23:17:20
a1d1d0,SWA4240 ,United States,1751325432.0,1751325437,-111.9958,33.4336,,True,0.0,199.69,,,,,False,0,2025-06-30 23:17:20
a85d00,RPA3467 ,United States,1751325440.0,1751325440,-87.3995,41.9039,1554.48,False,117.6,6.78,0.0,,1584.96,6702,False,0,2025-06-30 23:17:20
ad262c,N94623  ,United States,1751325428.0,1751325428,-99.1204,39.7812,3139.44,False,59.22,352.01,0.0,,3291.84,,False,0,2025-06-30 23:17:20
ab7013,EJA836  ,United States,1751325440.0,1751325440,-75.226,40.1978,3657.6,False,163.02,35.5,-6.83,,3802.38,1745,False,0,2025-06-30 23:17:20
c017ed,JZA555  ,Canada,1751325440.0,1751325440,-79.6086,43.6746,,True,7.72,50.62,,,,1670,False,0,2025-06-30 23:17:20
a4ca56,N40798  ,United States,1751325423.0,1751325427,-119.0749,34.2136,114.3,False,35.5,270.83,-2.28,,53.34,,False,0,2025-06-30 23:17:20
a11a81,SKW3758 ,United States,1751325424.0,1751325424,-90.1257,32.4445,10058.4,False,236.97,92.99,-0.33,,10675.62,3651,False,0,2025-06-30 23:17:20
a73d45,ASA646  ,United States,1751325440.0,1751325440,-105.0414,31.1541,10972.8,False,232.62,295.83,0.0,,11620.5,7431,False,0,2025-06-30 23:17:20
a1e4e9,MXY229  ,United States,1751325439.0,1751325439,-87.6625,39.6585,8839.2,False,235.98,144.4,0.33,,9334.5,5535,False,0,2025-06-30 23:17:20
ac1995,WUP879  ,United States,1751325328.0,1751325340,-68.5049,44.3595,1325.88,False,140.19,42.47,-4.55,,1348.74,2323,False,0,2025-06-30 23:17:20
abe65a,AAL2859 ,United States,1751325439.0,1751325439,-80.6461,35.1334,2598.42,False,150.97,79.99,13.0,,2712.72,,False,0,2025-06-30 23:17:20
ab967b,DAL503  ,United States,1751325438.0,1751325439,-98.7428,38.2308,10363.2,False,221.58,297.52,0.0,,10927.08,3552,False,0,2025-06-30 23:17:20
a8028a,JIA5635 ,United States,1751325439.0,1751325440,-78.7519,36.089,6705.6,False,227.77,259.98,0.0,,7109.46,7210,False,0,2025-06-30 23:17:20
a61d00,UAL2057 ,United States,1751325440.0,1751325440,-110.9885,37.8156,9890.76,False,231.45,240.87,-4.88,,10469.88,1434,False,0,2025-06-30 23:17:20
a6c28c,N53460  ,United States,1751325438.0,1751325440,-86.2996,36.182,358.14,False,34.82,282.8,-2.6,,342.9,1200,False,0,2025-06-30 23:17:20
ad6cbc,N964TS  ,United States,1751325439.0,1751325439,-96.5736,38.0491,6271.26,False,166.87,48.25,10.08,,6614.16,,False,0,2025-06-30 23:17:20
a35a98,ENY3387 ,United States,1751325438.0,1751325438,-83.3697,26.0387,10363.2,False,214.6,358.49,0.33,,10980.42,,False,0,2025-06-30 23:17:20
ad3997,AAL2981 ,United States,1751325440.0,1751325440,-81.2137,35.4228,1866.9,False,129.14,101.49,-8.78,,1958.34,5651,False,0,2025-06-30 23:17:20
a7e276,NKS2230 ,United States,1751325440.0,1751325440,-86.5807,34.8022,11574.78,False,228.05,257.63,0.65,,12268.2,2753,False,0,2025-06-30 23:17:20
a4dd35,SKW3203 ,United States,1751325439.0,1751325439,-118.2308,47.2054,5539.74,False,173.11,228.49,9.43,,5821.68,,False,0,2025-06-30 23:17:20
acf344,ASH6250 ,United States,1751325438.0,1751325438,-94.6776,30.0892,1455.42,False,113.88,214.7,-4.23,,1554.48,7263,False,0,2025-06-30 23:17:20
a48d94,N3927R  ,United States,1751325301.0,1751325303,-116.8637,32.6829,731.52,False,52.79,127.87,-4.23,,685.8,,False,0,2025-06-30 23:17:20
a9225e,EJA688  ,United States,1751325436.0,1751325439,-120.1067,34.6129,2750.82,False,142.76,170.88,0.0,,2819.4,6027,False,0,2025-06-30 23:17:20
ab703e,SKW3640 ,United States,1751325295.0,1751325295,-83.3275,42.2286,312.42,False,71.11,208.05,-4.23,,266.7,6727,False,0,2025-06-30 23:17:20
aac69d,N7938C  ,United States,1751325435.0,1751325435,-116.9357,32.8223,388.62,False,46.28,204.29,-3.25,,373.38,,False,0,2025-06-30 23:17:20
a21911,N234TM  ,United States,1751325439.0,1751325439,-122.4859,38.1817,487.68,False,66.09,238.04,-2.93,,411.48,1200,False,0,2025-06-30 23:17:20
ab704b,SCX395  ,United States,1751325439.0,1751325440,-119.5216,37.808,9753.6,False,238.86,261.33,0.0,,10233.66,,False,0,2025-06-30 23:17:20
a0d90c,AAL3102 ,United States,1751325439.0,1751325440,-87.7736,37.3213,10355.58,False,223.07,234.95,0.0,,10972.8,3560,False,0,2025-06-30 23:17:20
ab7067,UAL1755 ,United States,1751325439.0,1751325439,-78.3512,38.6178,5067.3,False,194.04,81.46,-5.2,,5341.62,3270,False,0,2025-06-30 23:17:20
a97d85,RGY710  ,United States,1751325293.0,1751325293,-113.237,38.2924,11292.84,False,230.95,196.7,0.0,,11917.68,,False,0,2025-06-30 23:17:20
a6c1f1,N5342K  ,United States,1751325439.0,1751325439,-121.3303,38.6677,457.2,False,49.84,277.71,-0.98,,419.1,1200,False,0,2025-06-30 23:17:20
abd1e3,SWA1654 ,United States,1751325440.0,1751325440,-87.9117,37.3779,9090.66,False,238.26,130.53,-9.75,,9646.92,2110,False,0,2025-06-30 23:17:20
a801de,FFT4550 ,United States,1751325427.0,1751325439,-81.2061,32.1353,,True,0.0,326.25,,,,0252,False,0,2025-06-30 23:17:20
a08993,N1336U  ,United States,1751325438.0,1751325438,-90.2343,35.2303,579.12,False,36.03,178.36,-1.95,,601.98,,False,0,2025-06-30 23:17:20
48ae24,LOT7    ,Poland,1751325440.0,1751325440,-71.5609,43.8558,11216.64,False,256.87,34.8,3.25,,11795.76,2762,False,0,2025-06-30 23:17:20
a2061e,UAL761  ,United States,1751325439.0,1751325439,-99.6635,45.5436,12192.0,False,258.05,204.62,0.0,,12626.34,,False,0,2025-06-30 23:17:20
48ae23,LOT45   ,Poland,1751325439.0,1751325439,-76.4261,47.1482,12192.0,False,233.78,205.55,-0.33,,12687.3,,False,0,2025-06-30 23:17:20
a19646,N201FQ  ,United States,1751325440.0,1751325440,-117.7128,33.3858,1676.4,False,73.67,148.42,0.33,,1714.5,,False,0,2025-06-30 23:17:20
485e2f,KLM611  ,Kingdom of the Netherlands,1751325423.0,1751325423,-87.9109,41.9674,,True,13.89,92.81,,,,2455,False,0,2025-06-30 23:17:20
a20645,EJM23   ,United States,1751325440.0,1751325440,-90.2214,42.0395,12496.8,False,261.68,83.11,-0.33,,13014.96,3532,False,0,2025-06-30 23:17:20
485e2e,KLM602  ,Kingdom of the Netherlands,1751325440.0,1751325440,-101.4217,45.7815,10668.0,False,251.17,50.74,0.0,,11109.96,,False,0,2025-06-30 23:17:20
a1e60e,SKW391V ,United States,1751325439.0,1751325439,-99.7452,38.6342,7620.0,False,245.02,116.83,-0.33,,8046.72,,False,0,2025-06-30 23:17:20
a2195d,SWA3381 ,United States,1751325439.0,1751325440,-93.008,43.0025,11582.4,False,200.18,268.53,0.0,,12016.74,6527,False,0,2025-06-30 23:17:20
a0899d,N13364  ,United States,1751325439.0,1751325439,-88.3682,42.4011,944.88,False,35.52,349.99,-3.25,,937.26,,False,0,2025-06-30 23:17:20
a97d63,,United States,1751325439.0,1751325439,-83.9854,35.8153,,True,34.47,225.0,,,,,False,0,2025-06-30 23:17:20
a6c1fe,N5342Y  ,United States,1751325439.0,1751325439,-80.4746,26.5002,548.64,False,51.97,291.49,0.98,,563.88,,False,0,2025-06-30 23:17:20
48ae06,LOT4TL  ,Poland,1751325439.0,1751325440,-71.0372,42.5549,13098.78,False,248.95,199.56,0.0,,13708.38,2523,False,0,2025-06-30 23:17:20
48ae02,LOT2    ,Poland,1751325339.0,1751325339,-84.0729,45.9941,11277.6,False,290.28,38.6,-0.33,,11719.56,5623,False,0,2025-06-30 23:17:20
a4efa4,N417RM  ,United States,1751325401.0,1751325405,-119.2438,37.4862,7315.2,False,225.71,276.41,-3.58,,7650.48,,False,0,2025-06-30 23:17:20
48ae01,,Poland,1751325382.0,1751325382,-82.5954,47.8861,11574.78,False,213.16,219.22,0.33,,11963.4,,False,0,2025-06-30 23:17:20
a37fa1,UAL1696 ,United States,1751325439.0,1751325439,-90.2997,28.3791,10972.8,False,242.03,300.11,-0.33,,11650.98,2645,False,0,2025-06-30 23:17:20
a37fa0,N32403  ,United States,1751325434.0,1751325434,-88.5058,42.2961,944.88,False,48.04,9.87,0.0,,906.78,,False,0,2025-06-30 23:17:20
a01fee,AAL166  ,United States,1751325440.0,1751325440,-111.0264,39.9315,10675.62,False,244.35,77.1,0.33,,11239.5,1727,False,0,2025-06-30 23:17:20
4948b5,JME515U ,Portugal,1751325437.0,1751325437,-77.4397,38.9513,,True,4.89,196.88,,,,,False,0,2025-06-30 23:17:20
a4ca66,AAL1634 ,United States,1751325439.0,1751325439,-81.646,35.0844,10668.0,False,235.71,76.75,0.0,,11330.94,2665,False,0,2025-06-30 23:17:20
a84a1a,JIA5336 ,United States,1751325440.0,1751325440,-85.1685,31.6655,8206.74,False,226.93,329.48,3.25,,8709.66,,False,0,2025-06-30 23:17:20
ad3908,,United States,1751325234.0,1751325236,-81.9975,27.97,281.94,False,62.97,85.31,-0.98,,312.42,,False,0,2025-06-30 23:17:20
a60a54,LFA453  ,United States,1751325439.0,1751325439,-80.5832,28.1541,792.48,False,47.35,252.94,0.98,,830.58,4234,False,0,2025-06-30 23:17:20
a24ce0,UAL500  ,United States,1751325439.0,1751325439,-110.3715,32.6165,11277.6,False,234.48,101.9,0.0,,11902.44,2053,False,0,2025-06-30 23:17:20
a6c1b8,,United States,1751325428.0,1751325428,-119.9525,34.6422,2011.68,False,88.4,314.76,0.65,,2065.02,,False,0,2025-06-30 23:17:20
a0769c,N129RD  ,United States,1751325440.0,1751325440,-96.7117,33.3262,960.12,False,81.03,10.24,3.9,,944.88,,False,0,2025-06-30 23:17:20
a791c0,AAL884  ,United States,1751325439.0,1751325439,-97.1003,32.7809,1493.52,False,126.42,241.04,13.98,,1546.86,3410,False,0,2025-06-30 23:17:20
ab3fc4,AAL236  ,United States,1751325391.0,1751325397,-73.7934,40.651,,True,0.32,75.94,,,,,False,0,2025-06-30 23:17:20
a0a034,CSB7505 ,United States,1751325439.0,1751325440,-78.9977,26.3956,8587.74,False,239.63,71.21,12.35,,9014.46,,False,0,2025-06-30 23:17:20
a814bc,N62JR   ,United States,1751325439.0,1751325439,-118.8212,34.2131,1386.84,False,88.67,287.91,1.3,,1386.84,1312,False,0,2025-06-30 23:17:20
a4ca6a,ASA905  ,United States,1751325440.0,1751325440,-114.5107,46.958,9144.0,False,214.03,303.23,0.0,,9585.96,,False,0,2025-06-30 23:17:20
a19691,RPA5641 ,United States,1751325439.0,1751325439,-71.3305,42.4869,2598.42,False,129.64,127.1,-5.53,,2705.1,4107,False,0,2025-06-30 23:17:20
a827f2,N6243Z  ,United States,1751325440.0,1751325440,-122.7513,47.7268,1066.8,False,47.51,342.35,0.98,,1112.52,,False,0,2025-06-30 23:17:20
ac1934,EJA879  ,United States,1751325439.0,1751325439,-93.1949,44.7518,2072.64,False,137.72,120.78,-8.45,,2080.26,7146,False,0,2025-06-30 23:17:20
a84a17,NKS2226 ,United States,1751325439.0,1751325440,-85.1121,32.9205,8793.48,False,251.09,119.45,3.25,,9349.74,7143,False,0,2025-06-30 23:17:20
a4ca87,N408BW  ,United States,1751325348.0,1751325380,-86.3134,36.2118,304.8,False,40.34,185.86,-3.58,,274.32,,False,0,2025-06-30 23:17:20
a6c1d0,N5341M  ,United States,1751325440.0,1751325440,-82.7173,38.9155,13571.22,False,202.4,72.39,3.25,,14203.68,2522,False,0,2025-06-30 23:17:20
a4460d,UAL2667 ,United States,1751325439.0,1751325439,-87.7491,35.5206,9448.8,False,245.75,115.55,0.0,,10027.92,7202,False,0,2025-06-30 23:17:20
ab3fcc,AAL621  ,United States,1751325440.0,1751325440,-82.6091,34.6345,10850.88,False,217.22,53.86,6.18,,11498.58,7231,False,0,2025-06-30 23:17:20
ac1951,RPA5645 ,United States,1751325439.0,1751325440,-86.8927,41.9312,10668.0,False,251.5,110.47,0.0,,11193.78,3347,False,0,2025-06-30 23:17:20
a33964,ASA122  ,United States,1751325440.0,1751325440,-122.6971,44.7165,4701.54,False,187.15,3.78,-8.78,,4945.38,2055,False,0,2025-06-30 23:17:20
a5ea5c,UAL465  ,United States,1751325440.0,1751325440,-102.8367,30.5083,10668.0,False,250.84,87.18,0.0,,11346.18,1725,False,0,2025-06-30 23:17:20
a70978,N5522A  ,United States,1751325440.0,1751325440,-97.8082,35.5638,1051.56,False,56.92,130.6,-0.65,,1074.42,,False,0,2025-06-30 23:17:20
a5c96e,N472KE  ,United States,1751325439.0,1751325439,-122.377,45.0101,3368.04,False,79.25,173.29,0.0,,3520.44,6661,False,0,2025-06-30 23:17:20
a0a060,N14AJ   ,United States,1751325440.0,1751325440,-115.4888,47.7144,3627.12,False,90.79,274.22,-0.33,,3794.76,,False,0,2025-06-30 23:17:20
c05ec7,ACA1277 ,Canada,1751325214.0,1751325237,-82.9046,46.4196,10363.2,False,201.15,270.0,0.0,,10751.82,0130,False,0,2025-06-30 23:17:20
a81624,N62ZA   ,United States,1751325440.0,1751325440,-73.5837,40.9317,1066.8,False,72.26,77.25,-0.33,,1089.66,0241,False,0,2025-06-30 23:17:20
c05eac,ACA465  ,Canada,1751325434.0,1751325434,-79.6164,43.6637,,True,9.77,255.94,,,,6274,False,0,2025-06-30 23:17:20
ad6d03,SWA3576 ,United States,1751325424.0,1751325425,-117.202,37.2171,10363.2,False,244.26,312.87,0.0,,10904.22,2606,False,0,2025-06-30 23:17:20
a98fd6,NKS2347 ,United States,1751325440.0,1751325440,-92.8,42.7636,9745.98,False,227.01,325.81,-0.33,,10126.98,3143,False,0,2025-06-30 23:17:20
c05ee5,ACA1071 ,Canada,1751325439.0,1751325439,-76.1655,45.2633,8404.86,False,210.7,257.59,4.55,,8785.86,6513,False,0,2025-06-30 23:17:20
ac04ae,SWA2024 ,United States,1751325268.0,1751325268,-104.6959,39.9078,1607.82,False,85.95,178.29,-4.23,,1722.12,5725,False,0,2025-06-30 23:17:20
aac4c4,SKW5694 ,United States,1751325439.0,1751325440,-97.3091,37.1856,10271.76,False,212.79,288.17,3.9,,10858.5,0776,False,0,2025-06-30 23:17:20
a1836c,AAY256  ,United States,1751325440.0,1751325440,-91.9192,31.434,11590.02,False,226.32,250.62,-0.33,,12298.68,3660,False,0,2025-06-30 23:17:20
a3133c,ASA304  ,United States,1751325440.0,1751325440,-88.862,47.8521,10363.2,False,222.16,281.62,0.0,,10576.56,,False,0,2025-06-30 23:17:20
c05edd,ACA578  ,Canada,1751325439.0,1751325439,-119.3079,48.0594,10614.66,False,231.43,113.03,4.23,,11026.14,2601,False,0,2025-06-30 23:17:20
ac04c6,SKW5993 ,United States,1751325439.0,1751325439,-91.0646,43.1682,8511.54,False,177.57,268.17,4.55,,8816.34,,False,0,2025-06-30 23:17:20
ac04c5,SKW5579 ,United States,1751325440.0,1751325440,-121.4963,38.4895,10668.0,False,210.26,158.02,0.0,,11178.54,1776,False,0,2025-06-30 23:17:20
ac04c2,SKW6965 ,United States,1751325439.0,1751325439,-87.8535,41.7515,2865.12,False,156.31,163.95,15.93,,2956.56,1312,False,0,2025-06-30 23:17:20
c05ed0,ACA1029 ,Canada,1751325438.0,1751325439,-93.3988,34.3395,10972.8,False,230.04,251.08,0.0,,11620.5,6220,False,0,2025-06-30 23:17:20
ac04be,ASH6361 ,United States,1751325419.0,1751325419,-92.087,31.8942,8534.4,False,230.3,279.13,0.33,,9044.94,3011,False,0,2025-06-30 23:17:20
4075c3,UBT70Z  ,United Kingdom,1751325440.0,1751325440,-72.8776,41.4386,6827.52,False,228.76,50.47,6.83,,7208.52,2611,False,0,2025-06-30 23:17:20
0c20f6,CMP472  ,Panama,1751325439.0,1751325439,-118.2416,33.9518,731.52,False,91.25,262.87,-4.55,,716.28,0265,False,0,2025-06-30 23:17:20
a0a046,N1399U  ,United States,1751325439.0,1751325439,-117.8685,33.6675,121.92,False,34.53,183.42,3.9,,38.1,,False,0,2025-06-30 23:17:20
a1c023,N2114F  ,United States,1751325251.0,1751325251,-79.0961,35.5937,91.44,False,30.77,200.56,-1.3,,60.96,,False,0,2025-06-30 23:17:20
c05ed8,ACA595  ,Canada,1751325160.0,1751325348,-79.6126,43.6798,,True,0.06,53.44,,,,,False,0,2025-06-30 23:17:20
c05ed9,ACA742  ,Canada,1751325440.0,1751325440,-104.7606,41.1296,10668.0,False,239.67,82.6,0.0,,11231.88,6355,False,0,2025-06-30 23:17:20
a57968,N4519B  ,United States,1751325440.0,1751325440,-70.8715,41.9959,1638.3,False,45.28,1.3,0.98,,1691.64,,False,0,2025-06-30 23:17:20
aab1af,SWA3905 ,United States,1751325440.0,1751325440,-90.8066,39.9806,10431.78,False,254.88,37.7,-8.13,,10972.8,0674,False,0,2025-06-30 23:17:20
a62fd1,SWA2887 ,United States,1751325439.0,1751325439,-115.1513,36.0763,,True,7.72,30.94,,,,,False,0,2025-06-30 23:17:20
a075ae,N129FR  ,United States,1751325437.0,1751325437,-73.6394,41.8167,1219.2,False,41.65,205.62,0.33,,1234.44,,False,0,2025-06-30 23:17:20
aac4ed,UAL19   ,United States,1751325440.0,1751325440,-69.5206,43.1157,10652.76,False,255.69,56.82,4.55,,11155.68,2701,False,0,2025-06-30 23:17:20
a1c083,N21167  ,United States,1751325308.0,1751325308,-76.0415,38.8071,274.32,False,52.07,29.6,-2.28,,259.08,,False,0,2025-06-30 23:17:20
a68631,N5197F  ,United States,1751325439.0,1751325439,-121.858,37.4324,1135.38,False,57.45,340.1,-0.65,,1120.14,1200,False,0,2025-06-30 23:17:20
c05ea6,ACA121  ,Canada,1751325434.0,1751325440,-88.3375,48.9207,9738.36,False,225.82,298.43,0.98,,9883.14,,False,0,2025-06-30 23:17:20
a56661,UAL1604 ,United States,1751325440.0,1751325440,-113.2475,40.7231,10972.8,False,227.81,266.5,-0.65,,11559.54,1462,False,0,2025-06-30 23:17:20
a2e045,UAL1667 ,United States,1751325439.0,1751325439,-88.7763,36.0037,10668.0,False,248.26,25.93,0.0,,11315.7,5672,False,0,2025-06-30 23:17:20
a96a7d,N7057Q  ,United States,1751325187.0,1751325187,-95.7582,41.2447,419.1,False,32.93,0.9,-1.95,,411.48,,False,0,2025-06-30 23:17:20
acf1a3,PDT5805 ,United States,1751325382.0,1751325383,-75.1928,39.8812,160.02,False,74.99,255.3,-3.58,,129.54,4533,False,0,2025-06-30 23:17:20
a55333,N442MW  ,United States,1751325436.0,1751325440,-87.6703,41.8634,213.36,False,0.0,0.0,0.0,,144.78,1200,False,0,2025-06-30 23:17:20
aac363,N793CG  ,United States,1751325439.0,1751325439,-104.1533,39.0917,5204.46,False,168.74,270.17,-9.1,,5509.26,7376,False,0,2025-06-30 23:17:20
a6d234,DAL1780 ,United States,1751325440.0,1751325440,-70.9731,42.4308,365.76,False,68.52,200.2,-3.25,,358.14,1636,False,0,2025-06-30 23:17:20
a98bc2,JRE714  ,United States,1751325439.0,1751325439,-76.046,41.9308,7315.2,False,194.52,353.93,0.0,,7680.96,5535,False,0,2025-06-30 23:17:20
aac35d,ASI978  ,United States,1751325440.0,1751325440,-97.5663,30.9243,1356.36,False,47.87,200.77,-0.33,,1409.7,2157,False,0,2025-06-30 23:17:20
abd010,AAL2270 ,United States,1751325440.0,1751325440,-98.7566,33.0,9159.24,False,224.22,317.05,4.55,,9715.5,3414,False,0,2025-06-30 23:17:20
a9a867,N721MS  ,United States,1751325435.0,1751325435,-103.0611,44.0445,,True,0.06,241.88,,,,,False,0,2025-06-30 23:17:20
a56285,N446SP  ,United States,1751325439.0,1751325439,-121.6539,37.1594,944.88,False,58.85,323.53,-1.95,,929.64,1200,False,0,2025-06-30 23:17:20
a097cc,UAL1046 ,United States,1751325439.0,1751325439,-84.7905,33.7011,3474.72,False,153.68,260.95,17.23,,3649.98,7102,False,0,2025-06-30 23:17:20
a9587d,N701CF  ,United States,1751325439.0,1751325440,-93.0348,45.1275,1539.24,False,114.72,5.4,0.0,,1569.72,,False,0,2025-06-30 23:17:20
a8bbbc,AAL2990 ,United States,1751325438.0,1751325440,-92.344,38.1948,9136.38,False,229.85,255.22,0.0,,9646.92,4067,False,0,2025-06-30 23:17:20
ab9383,AAL2321 ,United States,1751325439.0,1751325440,-89.3039,42.4605,5311.14,False,226.32,99.42,-9.75,,5516.88,1362,False,0,2025-06-30 23:17:20
a69592,N523RH  ,United States,1751325440.0,1751325440,-73.4942,41.1955,617.22,False,68.1,85.67,-3.25,,632.46,0216,False,0,2025-06-30 23:17:20
ac1698,SWA1704 ,United States,1751325440.0,1751325440,-90.8294,37.9961,10058.4,False,251.77,113.74,0.0,,10637.52,1432,False,0,2025-06-30 23:17:20
aa735a,SWA4065 ,United States,1751325440.0,1751325440,-106.7,39.0541,10972.8,False,231.68,206.51,-0.33,,11544.3,3260,False,0,2025-06-30 23:17:20
ab9387,DAL88   ,United States,1751325440.0,1751325440,-78.2347,35.9263,8839.2,False,253.54,63.75,0.0,,9387.84,3141,False,0,2025-06-30 23:17:20
a8cec7,FFT3131 ,United States,1751325439.0,1751325439,-100.4229,30.8601,10363.2,False,233.76,267.6,0.0,,11010.9,2502,False,0,2025-06-30 23:17:20
a99ed2,JIA5250 ,United States,1751325439.0,1751325439,-81.5575,30.8237,3657.6,False,183.08,32.84,8.13,,3840.48,,False,0,2025-06-30 23:17:20
aa1cfa,N7504N  ,United States,1751325439.0,1751325439,-123.3258,39.4986,3505.2,False,80.47,146.21,0.65,,3642.36,,False,0,2025-06-30 23:17:20
a44257,UAL2204 ,United States,1751325426.0,1751325432,-112.6579,37.2672,10363.2,False,230.91,235.07,0.65,,10934.7,1322,False,0,2025-06-30 23:17:20
c05d7b,WJA2930 ,Canada,1751325440.0,1751325440,-78.1012,38.1608,10972.8,False,244.48,181.81,0.0,,11628.12,2721,False,0,2025-06-30 23:17:20
a44258,UAL2272 ,United States,1751325440.0,1751325440,-96.2558,43.3019,9144.0,False,208.32,236.58,-0.33,,9486.9,2652,False,0,2025-06-30 23:17:20
a4423b,UAL2386 ,United States,1751325440.0,1751325440,-96.3181,38.7611,10058.4,False,264.36,108.26,0.0,,10599.42,,False,0,2025-06-30 23:17:20
a25d36,SWA2971 ,United States,1751325392.0,1751325394,-122.213,37.7113,,True,0.19,56.25,,,,2014,False,0,2025-06-30 23:17:20
a347c0,N310KP  ,United States,1751325435.0,1751325435,-92.6333,41.3873,342.9,False,62.27,347.11,-7.8,,289.56,,False,0,2025-06-30 23:17:20
a227d4,N238SM  ,United States,1751325440.0,1751325440,-105.4079,44.646,12192.0,False,199.86,258.72,0.0,,12702.54,,False,0,2025-06-30 23:17:20
aa9990,ENY3720 ,United States,1751325440.0,1751325440,-74.5189,45.3023,10363.2,False,217.29,311.16,0.0,,10843.26,3570,False,0,2025-06-30 23:17:20
ad237c,ASA229  ,United States,1751325439.0,1751325439,-95.8145,46.3925,11277.6,False,255.61,116.93,0.0,,11582.4,,False,0,2025-06-30 23:17:20
a9a80f,N721JD  ,United States,1751325439.0,1751325439,-118.7666,34.2782,1036.32,False,39.58,152.1,2.28,,1013.46,,False,0,2025-06-30 23:17:20
abd063,RPA5621 ,United States,1751325439.0,1751325439,-79.7224,34.0802,9448.8,False,228.38,20.44,0.33,,10020.3,1622,False,0,2025-06-30 23:17:20
a4ebd9,EJA416  ,United States,1751325431.0,1751325431,-118.4877,34.2083,,True,0.0,73.12,,,,,False,0,2025-06-30 23:17:20
a097e9,UAL1852 ,United States,1751325438.0,1751325439,-100.0146,25.9447,3970.02,False,146.7,302.69,-10.08,,4191.0,7260,False,0,2025-06-30 23:17:20
a56256,EJA446  ,United States,1751325319.0,1751325319,-122.383,37.6264,,True,4.89,16.88,,,,5521,False,0,2025-06-30 23:17:20
c05d3c,JZA824  ,Canada,1751325440.0,1751325440,-75.9559,39.1825,6865.62,False,223.57,81.66,1.63,,7261.86,4067,False,0,2025-06-30 23:17:20
a74bab,N5697E  ,United States,1751325439.0,1751325439,-86.5352,34.9167,1051.56,False,45.38,266.1,0.0,,1074.42,0136,False,0,2025-06-30 23:17:20
a25d05,UPS9302 ,United States,1751325439.0,1751325439,-89.7758,35.9981,11559.54,False,241.57,236.82,0.0,,12275.82,0060,False,0,2025-06-30 23:17:20
a5c564,N471FX  ,United States,1751325440.0,1751325440,-95.076,29.3584,4846.32,False,166.73,347.16,0.0,,5135.88,,False,0,2025-06-30 23:17:20
aab09a,SWA4281 ,United States,1751325439.0,1751325440,-122.2782,37.7438,769.62,False,104.14,307.78,18.53,,746.76,3301,False,0,2025-06-30 23:17:20
aa0b10,RPA3618 ,United States,1751325439.0,1751325439,-76.6887,38.2514,7185.66,False,202.79,172.71,4.23,,7597.14,3743,False,0,2025-06-30 23:17:20
a5d7b0,LFA457  ,United States,1751325438.0,1751325439,-81.4488,28.6223,579.12,False,56.65,219.47,2.6,,624.84,3074,False,0,2025-06-30 23:17:20
a12a64,N1740C  ,United States,1751325439.0,1751325439,-82.189,28.5566,853.44,False,38.71,274.57,-0.33,,899.16,,False,0,2025-06-30 23:17:20
ac6fa4,SKW5719 ,United States,1751325439.0,1751325439,-87.6671,42.0919,1623.06,False,112.15,90.0,-8.45,,1638.3,5337,False,0,2025-06-30 23:17:20
aa98cd,JRE782  ,United States,1751325439.0,1751325440,-86.6041,35.9583,13716.0,False,193.34,159.93,0.33,,14378.94,5653,False,0,2025-06-30 23:17:20
a214e5,AAY3226 ,United States,1751325431.0,1751325440,-111.7142,40.2113,,True,0.06,227.81,,,,,False,0,2025-06-30 23:17:20
ac6faf,N900FF  ,United States,1751325439.0,1751325439,-97.4831,35.9286,457.2,False,65.24,161.14,-1.3,,449.58,,False,0,2025-06-30 23:17:20
ab4fd4,DAL296  ,United States,1751325439.0,1751325439,-76.187,36.9237,10066.02,False,244.25,39.19,0.0,,10660.38,7175,False,0,2025-06-30 23:17:20
a62d26,N4975F  ,United States,1751325439.0,1751325439,-117.1065,32.8031,297.18,False,39.11,296.57,-1.63,,243.84,,False,0,2025-06-30 23:17:20
aae94c,MRA609  ,United States,1751325433.0,1751325436,-84.9988,43.4888,2164.08,False,88.76,157.15,-0.33,,2202.18,,False,0,2025-06-30 23:17:20
a214bd,N233ME  ,United States,1751325439.0,1751325439,-118.4934,34.2169,,True,7.46,278.44,,,,5413,False,0,2025-06-30 23:17:20
a24a0a,ASA1135 ,United States,1751325440.0,1751325440,-118.3337,33.5876,7833.36,False,226.63,314.72,7.48,,8221.98,3203,False,0,2025-06-30 23:17:20
a36a13,DAL3155 ,United States,1751325440.0,1751325440,-86.2817,39.9008,10058.4,False,262.82,37.92,0.33,,10607.04,6210,False,0,2025-06-30 23:17:20
ac2952,DAL647  ,United States,1751325439.0,1751325440,-94.9313,30.6275,10363.2,False,230.87,320.24,0.0,,10988.04,7130,False,0,2025-06-30 23:17:20
a0d4d3,GMN86   ,United States,1751325440.0,1751325440,-123.2051,44.6541,1424.94,False,96.4,206.98,0.33,,1463.04,,False,0,2025-06-30 23:17:20
a9327a,DAL2274 ,United States,1751325439.0,1751325439,-105.0381,40.9966,11887.2,False,242.05,43.02,0.0,,12451.08,1633,False,0,2025-06-30 23:17:20
a24a31,MXY206  ,United States,1751325440.0,1751325440,-80.0039,33.0279,2369.82,False,149.83,325.49,12.03,,2484.12,3223,False,0,2025-06-30 23:17:20
ad8fa4,JBU263  ,United States,1751325440.0,1751325440,-91.4172,43.7301,10363.2,False,202.37,290.69,0.0,,10698.48,4553,False,0,2025-06-30 23:17:20
ad493b,SWA1660 ,United States,1751325436.0,1751325436,-86.6744,36.123,,True,5.66,312.19,,,,,False,0,2025-06-30 23:17:20
c05d08,JZA964  ,Canada,1751325421.0,1751325427,-73.7493,45.4598,,True,0.0,270.0,,,,5213,False,0,2025-06-30 23:17:20
adba98,N984GB  ,United States,1751325439.0,1751325439,-93.7759,41.2769,10538.46,False,181.52,275.86,-6.5,,11026.14,4052,False,0,2025-06-30 23:17:20
a3cd6b,DAL948  ,United States,1751325440.0,1751325440,-110.5878,32.5883,10363.2,False,228.51,290.15,0.33,,10965.18,3444,False,0,2025-06-30 23:17:20
a837a5,UAL8144 ,United States,1751325440.0,1751325440,-80.9366,37.0689,9753.6,False,244.65,238.85,0.0,,10340.34,2407,False,0,2025-06-30 23:17:20
a37d8a,DAL1986 ,United States,1751325439.0,1751325439,-97.6633,30.2029,,True,0.06,196.88,,,,3013,False,0,2025-06-30 23:17:20
a9dbd1,N734VQ  ,United States,1751325439.0,1751325439,-81.4349,28.5803,327.66,False,43.46,276.12,0.33,,342.9,1200,False,0,2025-06-30 23:17:20
ad495b,AAL1414 ,United States,1751325439.0,1751325439,-83.9405,36.8459,10957.56,False,229.47,253.19,0.0,,11620.5,5646,False,0,2025-06-30 23:17:20
a82598,N624FB  ,United States,1751325439.0,1751325439,-112.0619,33.6316,731.52,False,52.23,153.69,0.0,,655.32,1200,False,0,2025-06-30 23:17:20
aa739d,UAL403  ,United States,1751325205.0,1751325218,-87.8744,41.9883,297.18,False,79.23,270.37,-3.9,,251.46,6660,False,0,2025-06-30 23:17:20
ac6ff5,APC995  ,United States,1751325439.0,1751325439,-117.1676,45.9643,2865.12,False,89.0,90.66,-0.33,,3017.52,,False,0,2025-06-30 23:17:20
ab9345,JRE845  ,United States,1751325440.0,1751325440,-79.383,33.1942,6187.44,False,176.79,41.34,8.78,,6515.1,2650,False,0,2025-06-30 23:17:20
aa739e,UAL1566 ,United States,1751325440.0,1751325440,-77.7266,38.4205,4625.34,False,187.72,228.67,8.78,,4846.32,2162,False,0,2025-06-30 23:17:20
aac337,AAL48   ,United States,1751325440.0,1751325440,-96.9627,32.7723,1615.44,False,121.33,111.12,6.5,,1691.64,0530,False,0,2025-06-30 23:17:20
a99efb,N719RH  ,United States,1751325439.0,1751325440,-95.7481,33.2886,1059.18,False,35.38,139.13,-1.95,,1112.52,1200,False,0,2025-06-30 23:17:20
adcca0,AAL3103 ,United States,1751325439.0,1751325440,-80.485,41.2984,10972.8,False,214.32,241.47,0.0,,11567.16,1605,False,0,2025-06-30 23:17:20
ab800d,N840CB  ,United States,1751325439.0,1751325439,-83.7996,34.5279,13106.4,False,232.14,153.55,0.0,,13799.82,6262,False,0,2025-06-30 23:17:20
a5b29e,N46622  ,United States,1751325430.0,1751325440,-97.2145,33.2416,426.72,False,35.53,145.62,-1.95,,419.1,,False,0,2025-06-30 23:17:20
ad8fea,N973MN  ,United States,1751325439.0,1751325439,-116.401,35.0365,11369.04,False,257.84,47.75,5.53,,12016.74,7770,False,0,2025-06-30 23:17:20
a1e1d8,RPA5652 ,United States,1751325438.0,1751325440,-75.8377,37.665,6720.84,False,210.34,43.41,5.53,,7124.7,,False,0,2025-06-30 23:17:20
a9eee0,N7390P  ,United States,1751325439.0,1751325439,-93.8267,36.2775,1493.52,False,51.91,340.31,-0.33,,1508.76,4306,False,0,2025-06-30 23:17:20
a9dbbd,N734UV  ,United States,1751325435.0,1751325436,-87.8536,43.5374,1158.24,False,56.14,27.27,-0.65,,1127.76,,False,0,2025-06-30 23:17:20
a9eeef,N73904  ,United States,1751325439.0,1751325439,-121.8124,37.7685,1097.28,False,51.49,68.3,0.0,,1066.8,5310,False,0,2025-06-30 23:17:20
a81289,N6190D  ,United States,1751325438.0,1751325439,-117.2741,32.8809,1386.84,False,40.77,349.82,1.3,,1394.46,,False,0,2025-06-30 23:17:20
ac1675,SWA1728 ,United States,1751325439.0,1751325439,-84.3001,35.9387,7620.0,False,253.85,95.7,0.0,,8077.2,1301,False,0,2025-06-30 23:17:20
a93257,SKW3842 ,United States,1751325439.0,1751325439,-88.3434,43.3371,8534.4,False,213.42,285.38,0.33,,8892.54,1351,False,0,2025-06-30 23:17:20
a12a7c,UAL8167 ,United States,1751325439.0,1751325439,-86.7195,36.3152,10668.0,False,232.25,171.08,0.0,,11308.08,6576,False,0,2025-06-30 23:17:20
aa737d,SWA6475 ,United States,1751325439.0,1751325439,-91.1399,35.7909,11887.2,False,239.34,91.85,0.33,,12542.52,1026,False,0,2025-06-30 23:17:20
a9ca09,N73PT   ,United States,1751325366.0,1751325366,-81.4654,28.4364,106.68,False,29.54,215.07,-3.25,,121.92,1200,False,0,2025-06-30 23:17:20
a97a37,N71FF   ,United States,1751325439.0,1751325440,-117.0009,32.7702,929.64,False,47.55,275.59,-2.93,,906.78,,False,0,2025-06-30 23:17:20
c05bd2,ACA151  ,Canada,1751325440.0,1751325440,-97.1844,48.8874,10568.94,False,213.23,292.11,1.3,,10828.02,,False,0,2025-06-30 23:17:20
c05bd5,ACA795  ,Canada,1751325431.0,1751325437,-79.6343,43.6922,205.74,True,0.0,11.25,,,,0533,False,0,2025-06-30 23:17:20
a48a83,DAL3218 ,United States,1751325440.0,1751325440,-81.2068,32.1343,,True,3.09,272.81,,,,,False,0,2025-06-30 23:17:20
a07311,SKW5316 ,United States,1751325439.0,1751325439,-122.9186,43.6597,10668.0,False,209.94,178.74,-0.33,,11148.06,,False,0,2025-06-30 23:17:20
ab3d9a,SKW4033 ,United States,1751325440.0,1751325440,-84.3961,33.6495,373.38,False,74.08,269.6,-3.58,,365.76,1353,False,0,2025-06-30 23:17:20
a6e4e8,AAL1859 ,United States,1751325440.0,1751325440,-112.1234,40.866,9761.22,False,236.45,267.01,-1.3,,10279.38,4167,False,0,2025-06-30 23:17:20
adcd26,MTN7476 ,United States,1751325439.0,1751325440,-76.0951,36.2898,1211.58,False,84.69,351.97,0.0,,1257.3,,False,0,2025-06-30 23:17:20
a6e4e4,DAL1848 ,United States,1751325439.0,1751325439,-84.3221,33.6319,746.76,False,91.06,270.0,-5.2,,762.0,2144,False,0,2025-06-30 23:17:20
a8bd1b,QXE2223 ,United States,1751325440.0,1751325440,-122.2894,47.8227,4183.38,False,165.16,4.65,2.93,,4373.88,3533,False,0,2025-06-30 23:17:20
a08615,N1328F  ,United States,1751325436.0,1751325436,-81.4385,28.8695,434.34,False,58.79,85.99,0.0,,449.58,0340,False,0,2025-06-30 23:17:20
a10931,AAL636  ,United States,1751325440.0,1751325440,-107.7416,31.8403,10043.16,False,245.4,90.6,0.33,,10622.28,7272,False,0,2025-06-30 23:17:20
adba0a,ASA412  ,United States,1751325439.0,1751325439,-84.7931,42.2929,10668.0,False,255.78,110.73,0.0,,11193.78,6525,False,0,2025-06-30 23:17:20
a9a7c9,N721FJ  ,United States,1751325440.0,1751325440,-105.1408,39.9225,1729.74,False,41.7,141.01,-2.28,,1821.18,,False,0,2025-06-30 23:17:20
a01ca5,SKW5575 ,United States,1751325439.0,1751325439,-95.498,30.1077,2994.66,False,141.96,137.06,-4.55,,3169.92,2253,False,0,2025-06-30 23:17:20
a441d6,DAL2533 ,United States,1751325440.0,1751325440,-122.7313,46.5744,4922.52,False,187.83,358.59,-9.75,,5166.36,2457,False,0,2025-06-30 23:17:20
a4b914,N403PJ  ,United States,1751325347.0,1751325398,-79.0564,40.8324,21793.2,False,73.41,328.76,-1.3,,,0150,False,0,2025-06-30 23:17:20
a1e302,SWA3555 ,United States,1751325439.0,1751325440,-78.6134,41.9305,11582.4,False,211.27,240.38,-0.33,,12199.62,1244,True,0,2025-06-30 23:17:20
adcd6d,JBU224  ,United States,1751325440.0,1751325440,-114.7373,33.2386,10050.78,False,245.2,98.81,-0.33,,10614.66,6556,True,0,2025-06-30 23:17:20
a06010,AAL562  ,United States,1751325439.0,1751325439,-86.3052,34.1133,9745.98,False,235.49,281.85,0.33,,10340.34,2530,False,0,2025-06-30 23:17:20
a704c7,PVA4646 ,United States,1751325398.0,1751325401,-112.9533,37.5939,13106.4,False,248.01,215.8,0.33,,13799.82,,False,0,2025-06-30 23:17:20
a98d0c,N714XX  ,United States,1751325440.0,1751325440,-123.0733,45.5241,289.56,False,42.88,59.74,-3.25,,274.32,,False,0,2025-06-30 23:17:20
a0733a,UPS9768 ,United States,1751325439.0,1751325439,-81.1856,33.8327,2430.78,False,133.17,212.22,19.18,,2522.22,,False,0,2025-06-30 23:17:20
c05ba9,WJA213  ,Canada,1751325434.0,1751325436,-81.6523,47.8451,10972.8,False,207.6,300.7,0.0,,11353.8,,False,0,2025-06-30 23:17:20
c05bc6,ROU1616 ,Canada,1751325439.0,1751325439,-81.0628,28.5969,4846.32,False,186.85,244.56,0.65,,5105.4,5675,False,0,2025-06-30 23:17:20
a694dd,JBU2655 ,United States,1751325440.0,1751325440,-80.0574,36.0931,10980.42,False,243.71,198.97,0.0,,11643.36,0506,False,0,2025-06-30 23:17:20
a5c4e2,ASA676  ,United States,1751325439.0,1751325440,-121.3486,43.8547,10972.8,False,233.66,335.41,0.0,,11468.1,,False,0,2025-06-30 23:17:20
a01cd4,N106UV  ,United States,1751325439.0,1751325439,-111.7337,40.2457,1546.86,False,44.4,63.14,3.25,,1584.96,,False,0,2025-06-30 23:17:20
a5c4f4,EDG471  ,United States,1751325439.0,1751325439,-83.4082,33.0473,10668.0,False,254.07,131.31,-1.3,,11292.84,2411,False,0,2025-06-30 23:17:20
ab4fae,DAL446  ,United States,1751325440.0,1751325440,-87.5011,32.3745,9372.6,False,248.91,98.92,-5.2,,9944.1,2022,False,0,2025-06-30 23:17:20
4d23a1,VIV4085 ,Malta,1751325439.0,1751325439,-116.1165,32.0982,6926.58,False,221.9,108.1,7.15,,7315.2,,False,0,2025-06-30 23:17:20
ad6a7f,N9636K  ,United States,1751325439.0,1751325439,-104.4611,38.6956,2636.52,False,81.12,315.26,-1.3,,2766.06,7341,False,0,2025-06-30 23:17:20
a86d36,FFT4146 ,United States,1751325438.0,1751325439,-103.5548,35.1933,10050.78,False,236.05,84.87,-0.65,,10629.9,,False,0,2025-06-30 23:17:20
ac27a6,SWA3724 ,United States,1751325439.0,1751325440,-81.4221,29.4384,7658.1,False,223.79,359.6,7.8,,8084.82,4075,False,0,2025-06-30 23:17:20
a3dfeb,DAL1612 ,United States,1751325439.0,1751325439,-97.6722,30.1989,,True,8.23,90.0,,,,4111,False,0,2025-06-30 23:17:20
afb23c,JOLLY92 ,United States,1751325439.0,1751325439,-121.9635,37.2518,998.22,False,64.67,338.54,-3.25,,982.98,5344,False,0,2025-06-30 23:17:20
ab3d14,FDY484  ,United States,1751325296.0,1751325318,-90.668,40.1611,2727.96,False,87.46,241.93,-3.25,,2819.4,3261,False,0,2025-06-30 23:17:20
a58982,N456MJ  ,United States,1751325440.0,1751325440,-119.3085,34.67,4930.14,False,157.79,128.51,-7.48,,5128.26,3634,False,0,2025-06-30 23:17:20
a4b96d,SKW3363 ,United States,1751325439.0,1751325440,-121.3683,44.7147,5631.18,False,172.11,320.46,9.75,,5943.6,,False,0,2025-06-30 23:17:20
a4a63d,LN399WS ,United States,1751325434.0,1751325439,-105.0469,42.3759,6111.24,False,129.07,349.9,0.33,,6454.14,5142,False,0,2025-06-30 23:17:20
a44308,DAL932  ,United States,1751325439.0,1751325440,-85.0216,34.2009,4290.06,False,183.37,142.29,-7.8,,4533.9,1206,False,0,2025-06-30 23:17:20
a1099f,SKW5753 ,United States,1751325440.0,1751325440,-85.7438,40.6528,7071.36,False,220.41,333.67,-0.33,,7437.12,6017,False,0,2025-06-30 23:17:20
a1933c,ENY4103 ,United States,1751325439.0,1751325439,-88.3684,30.702,2240.28,False,139.33,307.8,13.0,,2369.82,,False,0,2025-06-30 23:17:20
a5d965,SWA3336 ,United States,1751325439.0,1751325439,-94.5503,39.3129,2004.06,False,146.82,123.86,15.28,,2072.64,,False,0,2025-06-30 23:17:20
a19343,AAL1743 ,United States,1751325438.0,1751325438,-77.4556,38.9346,,True,0.0,199.69,,,,,False,0,2025-06-30 23:17:20
ab3d39,AAL2624 ,United States,1751325439.0,1751325439,-108.5323,35.9279,9144.0,False,240.23,221.27,0.0,,9669.78,3235,False,0,2025-06-30 23:17:20
a38ff9,N329CH  ,United States,1751325373.0,1751325379,-122.5351,45.5713,190.5,False,49.93,297.62,-2.6,,160.02,6310,False,0,2025-06-30 23:17:20
a25cdc,SKW3585 ,United States,1751325439.0,1751325440,-115.9475,43.5667,10363.2,False,204.73,320.71,0.33,,10866.12,,False,0,2025-06-30 23:17:20
a5b316,N4666G  ,United States,1751325332.0,1751325332,-90.8596,40.8145,1828.8,False,63.81,196.39,0.0,,1866.9,,False,0,2025-06-30 23:17:20
a33646,WUP306  ,United States,1751325440.0,1751325440,-104.0811,38.0527,12496.8,False,223.21,115.38,0.0,,13121.64,3746,False,0,2025-06-30 23:17:20
a97a67,N71HD   ,United States,1751325158.0,1751325158,-117.2471,33.8621,518.16,False,26.24,1.12,-4.88,,480.06,1200,False,0,2025-06-30 23:17:20
a97a69,N71HF   ,United States,1751325439.0,1751325439,-73.0632,40.826,274.32,False,35.33,222.05,-3.25,,251.46,4237,False,0,2025-06-30 23:17:20
a20395,N229MT  ,United States,1751325437.0,1751325437,-111.9082,33.0409,762.0,False,55.05,322.59,-0.33,,693.42,,True,0,2025-06-30 23:17:20
c05c7a,JZA7922 ,Canada,1751325439.0,1751325439,-72.2451,45.3186,7048.5,False,249.68,85.75,9.43,,7376.16,,False,0,2025-06-30 23:17:20
a8aa77,PDT6009 ,United States,1751325439.0,1751325440,-78.0388,35.7281,4869.18,False,178.2,279.14,9.1,,5135.88,3675,False,0,2025-06-30 23:17:20
ad34b4,AAL1554 ,United States,1751325440.0,1751325440,-96.2661,33.4204,4183.38,False,167.87,234.61,-6.83,,4434.84,5777,False,0,2025-06-30 23:17:20
a5d927,UAL640  ,United States,1751325440.0,1751325440,-99.2679,37.3436,10660.38,False,247.91,111.29,0.0,,11277.6,2303,False,0,2025-06-30 23:17:20
a32367,DAL2974 ,United States,1751325436.0,1751325439,-77.4533,38.9484,,True,0.0,0.0,,,,,False,0,2025-06-30 23:17:20
ac01a4,ES803   ,United States,1751325431.0,1751325432,-120.9822,38.0515,2019.3,False,67.19,332.65,0.33,,2057.4,,False,0,2025-06-30 23:17:20
a32368,DAL840  ,United States,1751325439.0,1751325439,-101.3304,39.4903,9410.7,False,249.21,100.71,2.6,,9913.62,,False,0,2025-06-30 23:17:20
ab3d6f,EJA823  ,United States,1751325440.0,1751325440,-85.6456,36.4693,13106.4,False,241.22,68.74,0.0,,13776.96,7352,False,0,2025-06-30 23:17:20
a3ccb7,FFT1248 ,United States,1751325440.0,1751325440,-86.1861,42.7969,4648.2,False,203.75,79.97,-7.48,,4808.22,3244,False,0,2025-06-30 23:17:20
a44334,FFT2953 ,United States,1751325439.0,1751325439,-79.3935,36.5877,9806.94,False,241.34,221.2,3.25,,10408.92,6221,False,0,2025-06-30 23:17:20
ad34c1,HER950  ,United States,1751325439.0,1751325440,-80.1801,26.3663,403.86,False,74.99,137.22,-3.58,,449.58,7616,False,0,2025-06-30 23:17:20
a8bd6a,UAL967  ,United States,1751325125.0,1751325125,-74.1788,40.6991,,True,0.0,185.62,,,,0717,False,0,2025-06-30 23:17:20
aa0a6e,SKW6354 ,United States,1751325439.0,1751325440,-90.3751,34.1946,10972.8,False,230.18,231.26,0.33,,11658.6,1102,False,0,2025-06-30 23:17:20
a50cb7,RPA4453 ,United States,1751325440.0,1751325440,-78.275,38.0002,10668.0,False,239.43,82.1,0.0,,11330.94,3451,False,0,2025-06-30 23:17:20
ac5d61,UAL1134 ,United States,1751325439.0,1751325440,-94.0189,44.724,4678.68,False,185.49,72.57,-8.13,,4800.6,6565,False,0,2025-06-30 23:17:20
a228ab,N23802  ,United States,1751325439.0,1751325440,-122.5226,48.4258,914.4,False,63.63,140.91,1.63,,914.4,,False,0,2025-06-30 23:17:20
c05e8e,JZA897  ,Canada,1751325420.0,1751325423,-79.6089,43.6787,,True,0.06,42.19,,,,,False,0,2025-06-30 23:17:20
acf10e,CAP4033 ,United States,1751325390.0,1751325390,-96.7036,43.5271,640.08,False,45.13,335.77,-2.6,,678.18,3436,False,0,2025-06-30 23:17:20
ae5773,PAT516  ,United States,1751325439.0,1751325439,-85.2457,38.1893,2438.4,False,113.14,262.42,0.0,,2529.84,5660,False,0,2025-06-30 23:17:20
a8cffd,UAL75   ,United States,1751325440.0,1751325440,-74.0852,40.8537,922.02,False,108.28,150.39,1.63,,929.64,7341,False,0,2025-06-30 23:17:20
a098f6,AAL2721 ,United States,1751325440.0,1751325440,-82.4511,37.0418,10668.0,False,236.52,54.65,-0.33,,11315.7,0073,False,0,2025-06-30 23:17:20
a5c694,UAL1781 ,United States,1751325424.0,1751325432,-101.902,40.5685,9136.38,False,218.98,256.55,0.0,,9646.92,,False,0,2025-06-30 23:17:20
a9a97f,RPA3481 ,United States,1751325403.0,1751325412,-74.165,40.7007,,True,0.0,95.62,,,,,False,0,2025-06-30 23:17:20
a8bcdd,NKS2722 ,United States,1751325439.0,1751325440,-95.7764,29.8823,9745.98,False,239.41,264.2,0.0,,10355.58,3501,False,0,2025-06-30 23:17:20
a67050,JIA9964 ,United States,1751325439.0,1751325439,-84.3188,35.5665,3649.98,False,164.11,229.07,0.33,,3825.24,6403,False,0,2025-06-30 23:17:20
abe475,SWA2949 ,United States,1751325439.0,1751325440,-80.6246,29.172,11590.02,False,254.41,166.08,0.0,,12176.76,1730,False,0,2025-06-30 23:17:20
abf78f,AAL1270 ,United States,1751325439.0,1751325439,-91.6485,32.7061,10668.0,False,248.12,92.02,0.0,,11315.7,0576,False,0,2025-06-30 23:17:20
ac047d,ASH6126 ,United States,1751325439.0,1751325439,-78.3227,37.9193,6987.54,False,193.49,228.34,3.25,,7391.4,3537,False,0,2025-06-30 23:17:20
a6f99b,N549CP  ,United States,1751325439.0,1751325439,-119.6874,36.8657,11612.88,False,244.91,176.15,-5.2,,12245.34,3571,False,0,2025-06-30 23:17:20
a8268d,QXE2010 ,United States,1751325440.0,1751325440,-118.1792,45.4939,10972.8,False,214.19,321.53,-0.33,,11475.72,,False,0,2025-06-30 23:17:20
a085a4,UAL1846 ,United States,1751325440.0,1751325440,-84.7834,45.0319,9151.62,False,207.91,192.87,-3.58,,9502.14,7321,False,0,2025-06-30 23:17:20
ac048d,SWA921  ,United States,1751325440.0,1751325440,-103.5855,31.0223,9250.68,False,235.94,287.25,-7.48,,9829.8,0554,True,0,2025-06-30 23:17:20
a98cbc,AAL1572 ,United States,1751325423.0,1751325438,-79.6232,43.6858,213.36,True,0.0,146.25,,,,6311,False,0,2025-06-30 23:17:20
a588a9,N456CS  ,United States,1751325440.0,1751325440,-122.4383,37.3285,1691.64,False,59.99,59.04,0.0,,1722.12,5362,False,0,2025-06-30 23:17:20
a81365,N6196P  ,United States,1751325437.0,1751325437,-119.0764,35.4232,502.92,False,50.56,135.41,0.65,,449.58,,False,0,2025-06-30 23:17:20
aa7472,N773CV  ,United States,1751325440.0,1751325440,-118.7278,34.3044,2301.24,False,81.2,112.34,0.0,,2362.2,6074,False,0,2025-06-30 23:17:20
a32396,FFT1928 ,United States,1751325440.0,1751325440,-102.7892,39.2869,9265.92,False,235.82,116.84,5.2,,9776.46,,False,0,2025-06-30 23:17:20
ac049e,ASH6117 ,United States,1751325439.0,1751325440,-96.4321,32.2311,8534.4,False,224.88,316.48,-0.65,,9044.94,2726,False,0,2025-06-30 23:17:20
a81316,N6194E  ,United States,1751325439.0,1751325440,-122.3202,45.3805,1059.18,False,41.21,114.33,-0.98,,1082.04,,False,0,2025-06-30 23:17:20
c04b29,GLR2727 ,Canada,1751325439.0,1751325439,-81.0011,44.2707,4023.36,False,137.03,163.2,0.0,,4160.52,2570,True,0,2025-06-30 23:17:20
c05e62,ROU1523 ,Canada,1751325439.0,1751325439,-71.8288,45.9674,7208.52,False,212.65,267.64,-9.1,,7520.94,4716,False,0,2025-06-30 23:17:20
a99fd7,N7190C  ,United States,1751325431.0,1751325434,-111.4882,32.9649,731.52,False,37.14,300.83,2.28,,678.18,,False,0,2025-06-30 23:17:20
abd17b,SWA978  ,United States,1751325115.0,1751325125,-114.8756,38.9975,11582.4,False,218.92,261.62,0.0,,12207.24,3425,False,0,2025-06-30 23:17:20
a9595a,N701MB  ,United States,1751325440.0,1751325440,-93.8998,41.2423,914.4,False,49.81,321.71,0.33,,937.26,,False,0,2025-06-30 23:17:20
a56374,N4461T  ,United States,1751325439.0,1751325439,-76.6588,38.3097,1082.04,False,79.93,10.01,-3.25,,1059.18,,False,0,2025-06-30 23:17:20
aa6113,AAL3134 ,United States,1751325439.0,1751325439,-93.0048,40.5902,8839.2,False,259.37,48.06,0.33,,9250.68,,False,0,2025-06-30 23:17:20
a6f98e,SKW3761 ,United States,1751325439.0,1751325439,-73.1747,42.3728,7924.8,False,218.61,295.36,0.65,,8336.28,7070,False,0,2025-06-30 23:17:20
a2f092,ENY4312 ,United States,1751325433.0,1751325433,-82.874,26.5379,9060.18,False,230.2,186.03,-6.5,,9601.2,3645,False,0,2025-06-30 23:17:20
a9a929,VXP466  ,United States,1751325440.0,1751325440,-82.6569,27.9063,2689.86,False,149.88,8.69,13.0,,2827.02,7443,False,0,2025-06-30 23:17:20
ab2c11,ASI541  ,United States,1751325440.0,1751325440,-112.0568,33.692,647.7,False,39.57,243.77,-4.55,,556.26,1200,False,0,2025-06-30 23:17:20
c05e72,ROU1910 ,Canada,1751325349.0,1751325350,-79.6166,43.6826,,True,0.0,47.81,,,,0020,False,0,2025-06-30 23:17:20
aa7426,UAL2411 ,United States,1751325439.0,1751325439,-102.5415,40.4494,9753.6,False,231.2,255.96,0.0,,10271.76,,False,0,2025-06-30 23:17:20
a37e6c,AAY1258 ,United States,1751325439.0,1751325439,-85.6052,31.1626,11262.36,False,234.6,120.73,0.0,,11932.92,0154,False,0,2025-06-30 23:17:20
a192f5,N200KS  ,United States,1751325438.0,1751325438,-123.1322,47.2006,883.92,False,73.77,39.91,-12.68,,929.64,,False,0,2025-06-30 23:17:20
ab9413,SCX105  ,United States,1751325157.0,1751325157,-115.1376,36.0837,,True,4.37,171.56,,,,2456,False,0,2025-06-30 23:17:20
ab3dc3,UAL2725 ,United States,1751325434.0,1751325435,-92.3732,29.4687,9151.62,False,243.83,260.9,-0.33,,9738.36,,False,0,2025-06-30 23:17:20
a7f39c,N611MV  ,United States,1751325439.0,1751325439,-121.4225,38.6764,495.3,False,83.53,3.88,-0.65,,457.2,1200,False,0,2025-06-30 23:17:20
a36b2d,JBU1012 ,United States,1751325440.0,1751325440,-81.7937,42.4624,11277.6,False,259.39,88.3,0.0,,11871.96,6233,False,0,2025-06-30 23:17:20
ac0417,ASH6027 ,United States,1751325277.0,1751325277,-105.7345,35.2953,8717.28,False,221.92,107.68,5.85,,9243.06,,False,0,2025-06-30 23:17:20
a24b40,AAY654  ,United States,1751325439.0,1751325439,-111.2579,33.5725,2796.54,False,155.49,234.15,0.0,,2948.94,6060,False,0,2025-06-30 23:17:20
a0d5ed,N153GC  ,United States,1751325421.0,1751325422,-114.2233,36.0907,1158.24,False,65.98,86.42,-0.33,,1104.9,,False,0,2025-06-30 23:17:20
a86e1d,QXE2222 ,United States,1751325439.0,1751325439,-120.9461,47.838,7315.2,False,174.76,275.74,0.33,,7658.1,6065,False,0,2025-06-30 23:17:20
a4a5e2,N399TA  ,United States,1751325420.0,1751325423,-122.6224,48.4006,739.14,False,70.03,344.23,0.0,,754.38,,False,0,2025-06-30 23:17:20
3c7a4c,CFG2044 ,Germany,1751325439.0,1751325439,-79.3363,27.5305,7978.14,False,240.93,198.16,-10.08,,8420.1,5261,False,0,2025-06-30 23:17:20
a468cf,N3830H  ,United States,1751325440.0,1751325440,-81.8787,35.7286,929.64,False,56.08,91.05,0.98,,937.26,,False,0,2025-06-30 23:17:20
a192e0,N200JW  ,United States,1751325439.0,1751325439,-123.2193,44.1363,327.66,False,74.6,359.6,14.96,,312.42,,False,0,2025-06-30 23:17:20
a25e5d,CXK228  ,United States,1751325431.0,1751325431,-97.119,32.6891,449.58,False,56.09,82.09,-3.25,,449.58,,False,0,2025-06-30 23:17:20
a838c0,N629MA  ,United States,1751325439.0,1751325439,-80.6904,35.3725,510.54,False,67.5,14.57,0.33,,510.54,,False,0,2025-06-30 23:17:20
a442f3,DAL1192 ,United States,1751325440.0,1751325440,-81.5899,32.0502,11582.4,False,248.05,194.41,-0.33,,12237.72,1374,False,0,2025-06-30 23:17:20
a81395,N61972  ,United States,1751325439.0,1751325439,-81.1455,28.9566,731.52,False,41.65,252.01,-0.65,,784.86,0715,False,0,2025-06-30 23:17:20
a8137e,N6197D  ,United States,1751325440.0,1751325440,-99.1444,34.2431,9403.08,False,168.35,188.08,-10.08,,9974.58,,False,0,2025-06-30 23:17:20
a08714,,United States,1751325139.0,1751325139,-87.9207,41.99,,True,7.72,270.0,,,,,False,0,2025-06-30 23:17:20
a2ae9f,,United States,1751325433.0,1751325434,-76.3983,36.5872,160.02,False,48.77,313.29,-0.33,,137.16,,False,0,2025-06-30 23:17:20
ac1765,SWA180  ,United States,1751325440.0,1751325440,-106.821,31.8206,10972.8,False,229.97,280.18,0.0,,11612.88,2077,False,0,2025-06-30 23:17:20
abe40a,SWA3382 ,United States,1751325439.0,1751325439,-104.0331,38.5327,11277.6,False,246.16,70.85,0.0,,11871.96,2656,False,0,2025-06-30 23:17:20
ac042a,SWA185  ,United States,1751325439.0,1751325439,-86.7529,36.1643,11582.4,False,233.07,296.06,0.0,,12260.58,2032,False,0,2025-06-30 23:17:20
aad780,UAL968  ,United States,1751325439.0,1751325439,-119.7284,40.0476,10233.66,False,276.2,28.24,1.3,,10721.34,3230,False,0,2025-06-30 23:17:20
a3bb07,N34AT   ,United States,1751325439.0,1751325439,-120.4624,35.1404,2346.96,False,67.56,163.64,0.65,,2415.54,,False,0,2025-06-30 23:17:20
adcdc9,NKS2584 ,United States,1751325437.0,1751325438,-101.4031,38.6786,11574.78,False,218.27,264.05,0.0,,12169.14,6705,False,0,2025-06-30 23:17:20
aa617c,RPA3460 ,United States,1751325427.0,1751325436,-79.6357,43.6899,205.74,True,0.0,317.81,,,,0562,False,0,2025-06-30 23:17:20
a36b73,JBU1138 ,United States,1751325426.0,1751325431,-97.6624,30.2028,,True,0.0,247.5,,,,,False,0,2025-06-30 23:17:20
a3bb19,N34BL   ,United States,1751325427.0,1751325427,-121.8163,37.3297,,True,6.17,233.44,,,,,False,0,2025-06-30 23:17:20
ac1789,SWA2427 ,United States,1751325439.0,1751325439,-92.4313,38.5788,10820.4,False,219.24,271.61,-4.88,,11430.0,6575,False,0,2025-06-30 23:17:20
ab8148,EJA840  ,United States,1751325440.0,1751325440,-77.91,39.3257,2255.52,False,155.29,20.36,-9.75,,2324.1,2153,False,0,2025-06-30 23:17:20
ad6aa7,N9637Q  ,United States,1751325440.0,1751325440,-88.4196,41.4494,472.44,False,29.81,338.75,3.58,,434.34,1200,False,0,2025-06-30 23:17:20
a322d5,N3008U  ,United States,1751325435.0,1751325436,-88.5968,41.3257,975.36,False,39.67,9.71,-0.98,,952.5,1200,False,0,2025-06-30 23:17:20
abe450,SWA1067 ,United States,1751325398.0,1751325398,-96.8571,32.856,,True,0.39,317.81,,,,,False,0,2025-06-30 23:17:20
a9dce9,UAL557  ,United States,1751325439.0,1751325439,-96.8691,38.4672,9753.6,False,211.59,282.21,0.0,,10271.76,2516,False,0,2025-06-30 23:17:20
ac045e,ASH6124 ,United States,1751325439.0,1751325440,-95.1482,34.7612,8534.4,False,224.52,195.28,0.33,,9044.94,2103,False,0,2025-06-30 23:17:20
a588da,N456ER  ,United States,1751325437.0,1751325437,-88.5161,43.9809,533.4,False,48.12,353.86,-0.65,,464.82,4345,False,0,2025-06-30 23:17:20
ac045c,ASH6072 ,United States,1751325440.0,1751325440,-94.1759,34.6181,10668.0,False,236.19,13.73,-0.33,,11285.22,7231,False,0,2025-06-30 23:17:20
aab146,SWA275  ,United States,1751325439.0,1751325439,-103.4976,30.7159,11277.6,False,247.5,91.19,0.0,,11971.02,,False,0,2025-06-30 23:17:20
ad7e6f,JBU1874 ,United States,1751325439.0,1751325439,-102.138,42.077,10675.62,False,241.21,80.18,0.0,,11178.54,2410,False,0,2025-06-30 23:17:20
a8ab3c,JBU507  ,United States,1751325440.0,1751325440,-86.1541,36.5895,3124.2,False,150.12,235.33,-9.75,,3307.08,2002,False,0,2025-06-30 23:17:20
a86e6c,UAL52   ,United States,1751325439.0,1751325439,-74.2419,40.3986,10058.4,False,253.26,52.01,0.0,,10614.66,1373,False,0,2025-06-30 23:17:20
ac4b72,SWA3531 ,United States,1751325439.0,1751325439,-97.4052,40.8598,10972.8,False,207.0,262.57,0.0,,11490.96,3245,False,0,2025-06-30 23:17:20
aa1e99,JRE751  ,United States,1751325439.0,1751325439,-77.4081,42.369,10668.0,False,226.36,66.99,0.33,,11224.26,2476,False,0,2025-06-30 23:17:20
adbb36,NKS2621 ,United States,1751325440.0,1751325440,-108.3917,38.5147,11277.6,False,238.35,63.6,0.0,,11902.44,,False,0,2025-06-30 23:17:20
a73b7e,SWA2477 ,United States,1751325439.0,1751325439,-79.3074,34.3073,11887.2,False,214.94,25.22,0.0,,12550.14,1635,False,0,2025-06-30 23:17:20
aa72d3,SWA1288 ,United States,1751325280.0,1751325280,-76.6855,39.1745,53.34,False,73.23,94.03,-4.23,,68.58,5355,False,0,2025-06-30 23:17:20
ac4b95,SWA2068 ,United States,1751325438.0,1751325439,-82.533,39.8933,1226.82,False,130.84,326.06,-1.63,,1242.06,1020,False,0,2025-06-30 23:17:20
a3373a,AAL2626 ,United States,1751325187.0,1751325187,-80.9693,35.247,350.52,False,74.77,176.05,-3.58,,350.52,6610,False,0,2025-06-30 23:17:20
a50e93,DAL228  ,United States,1751325439.0,1751325439,-79.7173,43.3703,9509.76,False,264.84,64.33,4.88,,9989.82,7426,False,0,2025-06-30 23:17:20
a5fb40,VAR485  ,United States,1751325438.0,1751325439,-113.4542,33.5029,2514.6,False,65.58,274.95,0.33,,2621.28,0757,False,0,2025-06-30 23:17:20
a4db51,FDY368  ,United States,1751325436.0,1751325436,-86.8041,40.7493,2468.88,False,79.56,19.26,0.65,,2552.7,,False,0,2025-06-30 23:17:20
a61b4e,ASA569  ,United States,1751325440.0,1751325440,-96.1661,36.1818,10363.2,False,229.36,306.15,-0.33,,10980.42,2723,False,0,2025-06-30 23:17:20
a33743,SKW4010 ,United States,1751325438.0,1751325438,-97.6273,45.4275,10668.0,False,251.35,118.35,-0.33,,11033.76,,False,0,2025-06-30 23:17:20
a37db9,FFT2630 ,United States,1751325440.0,1751325440,-89.4155,38.725,6804.66,False,221.04,105.52,9.1,,7155.18,1726,False,0,2025-06-30 23:17:20
a86e35,RPA3428 ,United States,1751325440.0,1751325440,-74.177,41.3973,8839.2,False,237.9,20.9,0.33,,9349.74,6236,False,0,2025-06-30 23:17:20
a838e6,RVF9629 ,United States,1751325439.0,1751325439,-92.0429,38.8402,11871.96,False,212.65,250.64,13.0,,12466.32,1113,False,0,2025-06-30 23:17:20
a37da1,ENY4010 ,United States,1751325440.0,1751325440,-76.3881,43.197,1844.04,False,152.96,79.14,-8.13,,1905.0,3165,False,0,2025-06-30 23:17:20
a74e7a,ASA366  ,United States,1751325439.0,1751325439,-118.9393,47.6847,10972.8,False,208.4,277.09,0.0,,11407.14,,False,0,2025-06-30 23:17:20
a37da9,N324F   ,United States,1751325440.0,1751325440,-106.3404,31.4448,9448.8,False,150.56,118.58,0.0,,9997.44,1626,False,0,2025-06-30 23:17:20
a825e3,JBU240  ,United States,1751325439.0,1751325440,-81.0343,28.1536,3368.04,False,160.22,305.99,-6.83,,3589.02,1661,False,0,2025-06-30 23:17:20
a18109,NJM325  ,United States,1751325440.0,1751325440,-82.5179,29.4449,5791.2,False,180.9,118.17,0.0,,6080.76,,False,0,2025-06-30 23:17:20
a3cde4,AAL400  ,United States,1751325208.0,1751325309,-78.6102,29.8964,10668.0,False,229.88,10.05,0.0,,11209.02,3307,False,0,2025-06-30 23:17:20
a6e720,DAL820  ,United States,1751325439.0,1751325439,-85.575,39.185,10363.2,False,222.35,283.65,0.0,,10972.8,3750,False,0,2025-06-30 23:17:20
a20471,SWA1395 ,United States,1751325440.0,1751325440,-116.2361,43.4706,3329.94,False,174.81,104.49,4.88,,3489.96,,False,0,2025-06-30 23:17:20
aa1dc2,ENY3397 ,United States,1751325440.0,1751325440,-78.8156,42.6258,9624.06,False,203.49,275.08,6.18,,10157.46,4111,False,0,2025-06-30 23:17:20
a2f111,SKW3741 ,United States,1751325431.0,1751325439,-115.1387,36.0803,,True,1.54,343.12,,,,,False,0,2025-06-30 23:17:20
a1f794,ABX2246 ,United States,1751325439.0,1751325439,-79.5867,25.1681,6263.64,False,190.98,330.47,-9.43,,6621.78,,False,0,2025-06-30 23:17:20
ac28be,SWA3332 ,United States,1751325438.0,1751325438,-118.146,33.8186,,True,0.0,90.0,,,,,False,0,2025-06-30 23:17:20
a9cb83,SKW6281 ,United States,1751325440.0,1751325440,-95.1476,39.0913,10972.8,False,210.17,238.41,0.0,,11529.06,3533,False,0,2025-06-30 23:17:20
ac28e5,SWA3593 ,United States,1751325439.0,1751325440,-82.5252,28.0795,487.68,False,94.73,182.18,-5.53,,541.02,1711,False,0,2025-06-30 23:17:20
a12adb,CXK246  ,United States,1751325439.0,1751325439,-115.2059,36.2203,800.1,False,34.96,147.01,-2.6,,739.14,,False,0,2025-06-30 23:17:20
ab2b23,DAL2248 ,United States,1751325440.0,1751325440,-86.5435,36.7039,9144.0,False,244.53,351.41,0.0,,9700.26,7135,False,0,2025-06-30 23:17:20
a32449,AAY67   ,United States,1751325439.0,1751325439,-114.9781,36.1958,3543.3,False,176.97,89.67,6.18,,3726.18,,False,0,2025-06-30 23:17:20
a69761,SCX3032 ,United States,1751325440.0,1751325440,-86.2188,39.7633,6179.82,False,223.35,114.2,-5.2,,6469.38,4774,False,0,2025-06-30 23:17:20
a24acc,N247JD  ,United States,1751325235.0,1751325437,-116.7311,38.0441,13700.76,False,235.28,246.69,-2.6,,14378.94,7164,False,0,2025-06-30 23:17:20
a57791,N451TW  ,United States,1751325439.0,1751325439,-86.0097,39.9894,830.58,False,59.7,161.41,-1.63,,800.1,,False,0,2025-06-30 23:17:20
ac5e47,SWA1207 ,United States,1751325439.0,1751325439,-86.5554,36.1226,1516.38,False,118.28,17.73,0.33,,1577.34,5633,False,0,2025-06-30 23:17:20
a25df5,CXK440  ,United States,1751325439.0,1751325440,-96.5761,33.2028,434.34,False,35.26,246.8,0.33,,419.1,1200,False,0,2025-06-30 23:17:20
a74dad,N57SN   ,United States,1751325439.0,1751325439,-122.1856,37.5394,784.86,False,96.64,305.47,-2.28,,769.62,3511,False,0,2025-06-30 23:17:20
ac15d1,UAL1495 ,United States,1751325439.0,1751325439,-87.4628,42.3587,1866.9,False,114.94,249.29,-1.95,,1905.0,7445,False,0,2025-06-30 23:17:20
aad5ca,AAL137  ,United States,1751325312.0,1751325313,-108.3731,42.0869,10972.8,False,246.29,224.24,0.0,,11559.54,,False,0,2025-06-30 23:17:20
ae68bf,        ,United States,1751325439.0,1751325440,-86.3288,32.2951,304.8,False,65.22,276.34,-3.25,,312.42,,False,0,2025-06-30 23:17:20
ae68be,        ,United States,1751325439.0,1751325439,-86.4547,32.2143,594.36,False,95.26,105.99,0.0,,617.22,,False,0,2025-06-30 23:17:20
a0b199,AAL811  ,United States,1751325440.0,1751325440,-84.7396,33.5062,3665.22,False,133.97,36.25,-2.6,,3855.72,2602,False,0,2025-06-30 23:17:20
ad6b14,DAL2985 ,United States,1751325440.0,1751325440,-80.2579,40.9568,9890.76,False,245.55,113.72,4.55,,10439.4,0174,False,0,2025-06-30 23:17:20
a18195,N19650  ,United States,1751325439.0,1751325439,-88.3293,43.2612,1402.08,False,49.1,215.19,0.0,,1417.32,4667,False,0,2025-06-30 23:17:20
c05d9d,WJA2061 ,Canada,1751325440.0,1751325440,-117.6756,34.0679,10972.8,False,237.99,320.7,0.0,,11567.16,2630,False,0,2025-06-30 23:17:20
ad6b08,N964AF  ,United States,1751325439.0,1751325440,-119.3804,34.3412,1645.92,False,66.72,107.04,0.33,,1684.02,,False,0,2025-06-30 23:17:20
ac02b4,AAL2252 ,United States,1751325440.0,1751325440,-95.8366,31.6889,9776.46,False,223.74,315.84,-4.55,,10401.3,6172,False,0,2025-06-30 23:17:20
a086b4,DAL2894 ,United States,1751325440.0,1751325440,-82.2682,41.2082,7620.0,False,249.08,88.46,0.0,,8023.86,1352,False,0,2025-06-30 23:17:20
a099a7,RPA4660 ,United States,1751325439.0,1751325439,-83.2731,37.8928,10058.4,False,234.43,93.14,-0.33,,10668.0,6735,False,0,2025-06-30 23:17:20
4073ce,VIR117F ,United Kingdom,1751325419.0,1751325440,-78.8612,28.3702,10972.8,False,251.88,259.88,0.0,,11529.06,5270,False,0,2025-06-30 23:17:20
ab3e98,ASH6075 ,United States,1751325440.0,1751325440,-97.3446,30.9743,6400.8,False,203.3,79.06,0.65,,6797.04,1522,False,0,2025-06-30 23:17:20
ab3e8a,N8231Q  ,United States,1751325372.0,1751325372,-70.9268,42.5964,60.96,False,31.42,140.31,-1.63,,60.96,,False,0,2025-06-30 23:17:20
abe2c0,N865PS  ,United States,1751325439.0,1751325439,-81.3591,28.5381,289.56,False,42.91,307.69,1.63,,320.04,1200,False,0,2025-06-30 23:17:20
ad6b0c,ASA280  ,United States,1751325407.0,1751325438,-98.812,48.4881,10363.2,False,218.15,270.95,0.0,,10668.0,,False,0,2025-06-30 23:17:20
ad6b0f,AAL2851 ,United States,1751325160.0,1751325160,-75.1933,39.8812,152.4,False,83.97,255.45,-4.55,,152.4,1377,False,0,2025-06-30 23:17:20
ad35e0,AAL2354 ,United States,1751325439.0,1751325440,-89.7056,37.4552,10965.18,False,230.72,316.63,-0.33,,11597.64,4374,False,0,2025-06-30 23:17:20
a48ac4,FFT2225 ,United States,1751325439.0,1751325439,-87.6333,36.9183,10972.8,False,230.22,279.0,0.0,,11643.36,3435,False,0,2025-06-30 23:17:20
aac2e2,UAL1949 ,United States,1751325438.0,1751325438,-93.7372,31.1475,8938.26,False,222.45,227.34,-11.38,,9517.38,7474,False,0,2025-06-30 23:17:20
a01f0d,DAL1648 ,United States,1751325440.0,1751325440,-83.4187,42.5553,2118.36,False,153.0,156.62,-6.18,,2156.46,0672,False,0,2025-06-30 23:17:20
a22a20,MXY547  ,United States,1751325440.0,1751325440,-89.8896,40.5696,11277.6,False,250.02,90.35,0.0,,11841.48,7210,False,0,2025-06-30 23:17:20
abb06d,SCX285  ,United States,1751325439.0,1751325439,-122.1404,47.5562,3436.62,False,150.23,200.23,-10.08,,3596.64,2607,False,0,2025-06-30 23:17:20
a327df,N302MM  ,United States,1751325439.0,1751325439,-83.9915,35.809,274.32,False,9.83,42.88,0.0,,259.08,,False,0,2025-06-30 23:17:20
a47d11,DAL1135 ,United States,1751325438.0,1751325439,-102.422,38.7768,10363.2,False,225.43,253.43,0.0,,10919.46,,False,0,2025-06-30 23:17:20
a5b7a1,N468DC  ,United States,1751325439.0,1751325439,-119.7927,36.8026,2941.32,False,61.64,146.58,0.0,,3032.76,3203,False,0,2025-06-30 23:17:20
abb089,UAL704  ,United States,1751325440.0,1751325440,-93.8581,34.1734,11269.98,False,242.34,81.58,0.33,,11940.54,1645,False,0,2025-06-30 23:17:20
ac08b1,SWA1863 ,United States,1751325439.0,1751325439,-112.2881,33.4044,2506.98,False,146.57,279.5,11.05,,2606.04,1656,False,0,2025-06-30 23:17:20
adacfd,AAL1682 ,United States,1751325439.0,1751325439,-81.2067,28.4583,2819.4,False,141.36,349.3,6.5,,2971.8,0701,False,0,2025-06-30 23:17:20
a47d05,DAL2880 ,United States,1751325439.0,1751325439,-117.1572,37.0641,10896.6,False,246.21,332.36,3.9,,11490.96,,False,0,2025-06-30 23:17:20
adf030,N99783  ,United States,1751325254.0,1751325254,-72.6123,42.4111,792.48,False,65.55,31.2,-0.65,,784.86,,False,0,2025-06-30 23:17:20
398699,,France,1751325269.0,1751325269,-74.1722,40.6899,,True,2.06,115.31,,,,,False,0,2025-06-30 23:17:20
ac3e13,SWA383  ,United States,1751325363.0,1751325384,-117.2473,37.2711,10972.8,False,243.75,315.86,0.33,,11559.54,7076,False,0,2025-06-30 23:17:20
a077fe,N12933  ,United States,1751325440.0,1751325440,-82.4169,27.8246,243.84,False,46.91,201.22,0.0,,274.32,,False,0,2025-06-30 23:17:20
a11d47,DAL232  ,United States,1751325440.0,1751325440,-73.7891,40.638,,True,4.89,300.94,,,,,False,0,2025-06-30 23:17:20
adf068,AAL2407 ,United States,1751325439.0,1751325439,-100.8495,40.3246,10058.4,False,261.27,104.36,0.0,,10568.94,,False,0,2025-06-30 23:17:20
a554b9,N4422R  ,United States,1751325440.0,1751325440,-84.149,32.961,1066.8,False,43.78,87.31,2.28,,1089.66,1200,False,0,2025-06-30 23:17:20
a4ba05,CXK369  ,United States,1751325435.0,1751325435,-86.5261,36.0155,289.56,False,34.71,320.41,1.95,,266.7,1200,False,0,2025-06-30 23:17:20
a8f258,DAL759  ,United States,1751325440.0,1751325440,-82.735,33.176,7802.88,False,229.68,293.64,-11.05,,8267.7,7144,False,0,2025-06-30 23:17:20
a687c8,N52NG   ,United States,1751325439.0,1751325439,-115.3888,43.6114,7010.4,False,134.15,156.97,0.0,,7399.02,,False,0,2025-06-30 23:17:20
abe8b6,SWA3421 ,United States,1751325440.0,1751325440,-87.278,39.225,9448.8,False,258.84,93.87,0.0,,9974.58,1161,False,0,2025-06-30 23:17:20
ac08d4,SWA1407 ,United States,1751325440.0,1751325440,-95.113,33.3378,10972.8,False,230.12,238.16,0.0,,11650.98,0550,False,0,2025-06-30 23:17:20
a35d6c,N316DF  ,United States,1751325439.0,1751325439,-86.4803,31.7578,2423.16,False,104.95,179.44,0.0,,2545.08,,False,0,2025-06-30 23:17:20
a7824e,DAL542  ,United States,1751325439.0,1751325439,-101.2617,41.6574,10058.4,False,263.11,121.73,0.0,,10530.84,,False,0,2025-06-30 23:17:20
ab1e50,N8150J  ,United States,1751325440.0,1751325440,-117.2954,33.0371,1409.7,False,48.42,284.77,0.98,,1409.7,,False,0,2025-06-30 23:17:20
ad5e27,SWA1765 ,United States,1751325439.0,1751325439,-89.3762,36.8236,11803.38,False,242.58,22.7,5.85,,12473.94,,False,0,2025-06-30 23:17:20
a54299,UAL1116 ,United States,1751325440.0,1751325440,-101.9102,30.7656,10675.62,False,248.04,88.57,0.0,,11353.8,3374,False,0,2025-06-30 23:17:20
a8f21c,N676BA  ,United States,1751325439.0,1751325439,-103.0891,38.1148,13716.0,False,269.03,69.87,-0.33,,14310.36,6452,False,0,2025-06-30 23:17:20
ab0b1f,UAL750  ,United States,1751325439.0,1751325439,-94.1265,32.6033,10660.38,False,234.42,161.45,0.33,,11308.08,1163,False,0,2025-06-30 23:17:20
adf06d,DAL3139 ,United States,1751325382.0,1751325388,-84.4354,33.6426,,True,0.0,270.0,,,,,False,0,2025-06-30 23:17:20
a8f235,EDV5260 ,United States,1751325426.0,1751325426,-74.1664,40.6985,,True,1.8,19.69,,,,,False,0,2025-06-30 23:17:20
ad28bf,N947SF  ,United States,1751325439.0,1751325439,-122.1441,47.999,929.64,False,54.26,158.3,1.3,,937.26,1200,False,0,2025-06-30 23:17:20
a1c1c7,RPA5646 ,United States,1751325299.0,1751325300,-86.2111,39.7734,678.18,False,78.58,224.47,-4.23,,655.32,1542,False,0,2025-06-30 23:17:20
a8055a,THNDR04 ,United States,1751325264.0,1751325267,-104.8266,38.9834,,True,30.05,173.12,-1.63,,,,False,0,2025-06-30 23:17:20
aaeb0e,UAL2289 ,United States,1751325440.0,1751325440,-97.6801,30.2441,312.42,False,67.39,179.56,-3.25,,335.28,0027,False,0,2025-06-30 23:17:20
a11d7d,CVU71   ,United States,1751325439.0,1751325439,-114.3412,35.9815,2026.92,False,75.74,262.59,-1.63,,2095.5,,False,0,2025-06-30 23:17:20
a1d4bc,ENY3363 ,United States,1751325439.0,1751325439,-77.6677,43.1252,,True,0.0,351.56,,,,6526,True,0,2025-06-30 23:17:20
a80595,FFT1225 ,United States,1751325438.0,1751325438,-77.8129,33.3159,8839.2,False,242.93,345.9,0.0,,9387.84,,False,0,2025-06-30 23:17:20
a9cecf,AAL107  ,United States,1751325439.0,1751325439,-72.6272,40.9731,4229.1,False,185.29,251.72,-13.33,,4465.32,2512,False,0,2025-06-30 23:17:20
abd5bb,SWA3689 ,United States,1751325440.0,1751325440,-87.171,41.2309,10058.4,False,244.8,354.94,-0.33,,10576.56,6747,False,0,2025-06-30 23:17:20
a09a87,N138SP  ,United States,1751325440.0,1751325440,-122.4517,45.1488,13106.4,False,265.82,336.26,-0.33,,13639.8,4732,False,0,2025-06-30 23:17:20
a327ee,DAL1692 ,United States,1751325440.0,1751325440,-101.571,45.0665,11269.98,False,254.47,96.97,0.0,,11742.42,,False,0,2025-06-30 23:17:20
ac4ffb,SWA3929 ,United States,1751325434.0,1751325434,-101.9741,37.9777,10668.0,False,253.7,84.65,0.0,,11254.74,2650,False,0,2025-06-30 23:17:20
aa9b65,SWA1111 ,United States,1751325432.0,1751325437,-122.2129,37.7109,,True,0.0,59.06,,,,,False,0,2025-06-30 23:17:20
a6c4d7,AAL2306 ,United States,1751325439.0,1751325439,-90.9647,35.5755,10683.24,False,252.56,46.65,-0.33,,11323.32,0502,False,0,2025-06-30 23:17:20
ad6fef,NKS2500 ,United States,1751325440.0,1751325440,-96.8781,40.0729,8260.08,False,232.2,85.55,-10.4,,8694.42,,False,0,2025-06-30 23:17:20
a58a67,SWA3259 ,United States,1751325436.0,1751325436,-122.2134,37.7093,,True,0.0,126.56,,,,,False,0,2025-06-30 23:17:20
a5a4ca,N463AK  ,United States,1751325439.0,1751325439,-115.2226,36.0745,1249.68,False,122.08,267.1,12.03,,1257.3,,False,0,2025-06-30 23:17:20
aaa342,ENY4011 ,United States,1751325439.0,1751325439,-100.6751,30.5484,11277.6,False,232.81,67.8,-0.33,,11971.02,1630,False,0,2025-06-30 23:17:20
a794e1,DAL301  ,United States,1751325438.0,1751325439,-101.7137,31.1791,10363.2,False,229.57,239.12,0.33,,10965.18,7525,False,0,2025-06-30 23:17:20
ab6020,DAL902  ,United States,1751325438.0,1751325439,-115.9617,40.6081,11277.6,False,254.98,83.05,-0.33,,11864.34,,False,0,2025-06-30 23:17:20
ab734d,KSU37   ,United States,1751325439.0,1751325439,-97.669,38.8046,678.18,False,56.82,196.3,-0.98,,693.42,,False,0,2025-06-30 23:17:20
a661bf,DAL328  ,United States,1751325440.0,1751325440,-82.5176,28.5403,6987.54,False,186.65,348.88,4.88,,7376.16,5347,False,0,2025-06-30 23:17:20
a924c6,TWY89   ,United States,1751325418.0,1751325435,-121.0189,33.552,11902.44,False,250.64,261.62,7.15,,12496.8,,False,0,2025-06-30 23:17:20
abb007,DAL54   ,United States,1751325440.0,1751325440,-77.0999,36.3492,10058.4,False,246.42,52.89,0.0,,10675.62,6076,False,0,2025-06-30 23:17:20
ac8009,SWA2689 ,United States,1751325439.0,1751325439,-115.203,34.3778,11887.2,False,246.57,57.01,0.33,,12534.9,7361,False,0,2025-06-30 23:17:20
ace306,N92977  ,United States,1751325439.0,1751325440,-122.7504,38.1338,1943.1,False,53.39,302.01,1.95,,1996.44,1200,False,0,2025-06-30 23:17:20
ad6ff2,AAL1085 ,United States,1751325440.0,1751325440,-92.1954,34.6766,11582.4,False,220.52,241.58,0.0,,12260.58,4111,False,0,2025-06-30 23:17:20
a4ba76,AAL2320 ,United States,1751325438.0,1751325438,-77.6675,43.126,,True,0.0,87.19,,,,3342,False,0,2025-06-30 23:17:20
348351,IBE03DL ,Spain,1751325440.0,1751325440,-70.9478,42.4829,678.18,False,85.27,199.75,-4.23,,701.04,,False,0,2025-06-30 23:17:20
a301df,AAY507  ,United States,1751325180.0,1751325180,-91.6924,41.8842,297.18,False,68.44,271.29,-3.9,,297.18,0437,False,0,2025-06-30 23:17:20
aa9b42,SWA515  ,United States,1751325440.0,1751325440,-103.0101,37.8083,9144.0,False,233.66,331.46,0.0,,9662.16,,False,0,2025-06-30 23:17:20
a19910,JBU637  ,United States,1751325431.0,1751325431,-71.6889,38.5509,8602.98,False,247.65,169.95,3.58,,9098.28,1122,False,0,2025-06-30 23:17:20
ac801e,EDV5089 ,United States,1751325440.0,1751325440,-79.4532,35.1728,9380.22,False,230.18,51.26,5.85,,9966.96,,False,0,2025-06-30 23:17:20
acd00b,N92448  ,United States,1751325439.0,1751325439,-122.6646,45.138,541.02,False,48.75,82.72,-1.95,,518.16,,False,0,2025-06-30 23:17:20
a5a4a0,N4629D  ,United States,1751325213.0,1751325213,-117.275,33.129,137.16,False,32.39,259.94,-1.95,,83.82,,False,0,2025-06-30 23:17:20
ad5cfa,N960JM  ,United States,1751325440.0,1751325440,-113.0694,43.2987,9448.8,False,151.1,166.01,0.0,,9936.48,,False,0,2025-06-30 23:17:20
ab7394,AAL3260 ,United States,1751325439.0,1751325439,-95.5822,44.3828,10668.0,False,258.86,107.46,0.0,,11003.28,3535,False,0,2025-06-30 23:17:20
a817b1,QXE2077 ,United States,1751325440.0,1751325440,-118.442,34.0128,2202.18,False,122.4,79.59,-6.5,,2270.76,1330,False,0,2025-06-30 23:17:20
aa9b20,SWA3516 ,United States,1751325384.0,1751325386,-119.2144,38.6767,6560.82,False,201.16,314.9,-10.08,,6926.58,,False,0,2025-06-30 23:17:20
a3ad5a,DAL2316 ,United States,1751325439.0,1751325439,-86.6981,38.1503,8892.54,False,254.0,8.74,2.28,,9403.08,5615,False,0,2025-06-30 23:17:20
a5b7e6,LXJ468  ,United States,1751325439.0,1751325440,-92.2456,41.5096,13495.02,False,242.88,88.66,5.2,,14028.42,,False,0,2025-06-30 23:17:20
a44917,UAL2356 ,United States,1751325440.0,1751325440,-77.8587,42.7656,10668.0,False,259.64,108.36,0.33,,11231.88,0571,False,0,2025-06-30 23:17:20
a58a28,N456U   ,United States,1751325439.0,1751325439,-97.35,31.8341,2887.98,False,46.79,165.35,0.0,,3025.14,,False,0,2025-06-30 23:17:20
ad1697,SWA286  ,United States,1751325440.0,1751325440,-78.4117,38.2877,11574.78,False,239.47,198.67,0.0,,12245.34,1402,False,0,2025-06-30 23:17:20
a0c936,N15QB   ,United States,1751325440.0,1751325440,-106.6492,31.9964,12489.18,False,268.1,125.55,0.33,,13197.84,7222,False,0,2025-06-30 23:17:20
a46a7e,DAL2714 ,United States,1751325440.0,1751325440,-83.1173,40.7409,10347.96,False,215.96,217.06,0.0,,10919.46,2235,False,0,2025-06-30 23:17:20
ab6081,LYM5120 ,United States,1751325440.0,1751325440,-93.9015,46.4459,9144.0,False,214.22,324.97,0.65,,9372.6,0352,False,0,2025-06-30 23:17:20
acf69b,EDV4967 ,United States,1751325439.0,1751325439,-96.2551,29.7823,8168.64,False,225.94,268.3,-13.66,,8679.18,7255,False,0,2025-06-30 23:17:20
ad0375,TAI425  ,United States,1751325440.0,1751325440,-94.3681,28.529,8572.5,False,227.63,149.44,5.53,,9113.52,6626,False,0,2025-06-30 23:17:20
a59d5f,AAL968  ,United States,1751325439.0,1751325440,-86.9755,35.6776,10355.58,False,232.95,255.81,0.0,,11010.9,0677,False,0,2025-06-30 23:17:20
a6d7e0,SYX54   ,United States,1751325439.0,1751325439,-107.6394,32.5246,2529.84,False,95.12,203.93,-3.9,,2621.28,,False,0,2025-06-30 23:17:20
a06646,AAL727  ,United States,1751325328.0,1751325328,-122.3067,47.4521,,True,5.66,118.12,,,,,False,0,2025-06-30 23:17:20
ac0912,N875BR  ,United States,1751325440.0,1751325440,-121.4567,38.4019,1706.88,False,62.94,45.99,-0.65,,1744.98,4530,False,0,2025-06-30 23:17:20
a3aca6,FFT1821 ,United States,1751325354.0,1751325380,-99.7608,40.6007,10972.8,False,212.54,260.95,0.0,,11513.82,7461,False,0,2025-06-30 23:17:20
0d0ecf,VIV113  ,Mexico,1751325439.0,1751325440,-113.5543,35.308,8351.52,False,233.83,118.09,3.58,,8854.44,,False,0,2025-06-30 23:17:20
a29337,SKW4006 ,United States,1751325432.0,1751325432,-96.0137,36.1953,1508.76,False,127.3,183.48,-7.8,,1630.68,0563,False,0,2025-06-30 23:17:20
8694d8,ANA108  ,Japan,1751325439.0,1751325439,-122.5765,37.808,3611.88,False,172.98,139.58,-7.8,,3764.28,1174,False,0,2025-06-30 23:17:20
a2e306,N28507  ,United States,1751325426.0,1751325426,-96.1413,30.7323,1051.56,False,52.08,122.91,0.65,,1112.52,,False,0,2025-06-30 23:17:20
a9bd7b,N7269T  ,United States,1751325438.0,1751325439,-115.705,47.6157,4145.28,False,66.76,298.54,-0.33,,4305.3,,False,0,2025-06-30 23:17:20
a2097b,N230LA  ,United States,1751325439.0,1751325439,-118.3361,34.1042,304.8,False,28.3,271.04,0.33,,259.08,,False,0,2025-06-30 23:17:20
a05373,N12XN   ,United States,1751325439.0,1751325439,-86.4717,34.7232,7620.0,False,137.71,119.05,0.0,,8084.82,,False,0,2025-06-30 23:17:20
a4493e,UAL1948 ,United States,1751325440.0,1751325440,-120.748,37.6589,6819.9,False,205.38,261.65,-10.08,,7139.94,6107,False,0,2025-06-30 23:17:20
0d0ef2,RFD111  ,Mexico,1751325223.0,1751325223,-100.1139,25.7823,381.0,False,34.85,121.11,-1.3,,373.38,,False,0,2025-06-30 23:17:20
a1d63d,UAL1564 ,United States,1751325437.0,1751325439,-87.8701,41.9658,312.42,False,68.43,269.14,-2.6,,266.7,3211,False,0,2025-06-30 23:17:20
a0669d,DAL1225 ,United States,1751325440.0,1751325440,-84.3118,31.824,10355.58,False,229.83,356.66,0.0,,10980.42,7176,False,0,2025-06-30 23:17:20
a3acaf,N336G   ,United States,1751325439.0,1751325439,-97.6705,30.7882,807.72,False,50.0,183.54,-2.6,,830.58,3546,False,0,2025-06-30 23:17:20
a17355,N193AE  ,United States,1751325433.0,1751325433,-88.6613,38.9828,533.4,False,71.74,71.18,-0.98,,533.4,,False,0,2025-06-30 23:17:20
a0a30e,DAL846  ,United States,1751325440.0,1751325440,-97.0011,33.1347,1432.56,False,98.05,204.82,-6.18,,1508.76,3015,False,0,2025-06-30 23:17:20
a54312,RPA9946 ,United States,1751325440.0,1751325440,-74.782,43.0373,10972.8,False,215.91,273.28,0.0,,11567.16,5733,False,0,2025-06-30 23:17:20
a1e958,N222KH  ,United States,1751325440.0,1751325440,-123.4725,47.1402,1341.12,False,62.36,52.37,1.63,,1409.7,,False,0,2025-06-30 23:17:20
a4dfdd,N413GB  ,United States,1751325439.0,1751325439,-115.3245,35.657,12192.0,False,211.23,227.76,-0.33,,12847.32,,False,0,2025-06-30 23:17:20
a44939,UAL1473 ,United States,1751325224.0,1751325230,-74.1817,40.6992,,True,4.12,191.25,,,,4130,False,0,2025-06-30 23:17:20
0d0efa,RFD166  ,Mexico,1751325439.0,1751325439,-100.0591,26.0047,2423.16,False,94.84,344.91,0.0,,2522.22,,False,0,2025-06-30 23:17:20
a0fcd4,AAL215  ,United States,1751325429.0,1751325438,-87.8766,41.9883,289.56,False,75.63,270.39,-3.58,,243.84,6124,False,0,2025-06-30 23:17:20
a3293e,N3021C  ,United States,1751325439.0,1751325439,-71.6747,42.1498,1036.32,False,66.31,41.86,0.98,,1051.56,5245,False,0,2025-06-30 23:17:20
aa9a93,SWA1636 ,United States,1751325439.0,1751325440,-95.0971,35.7426,11887.2,False,243.36,101.83,0.33,,12557.76,,False,0,2025-06-30 23:17:20
a7e4f9,N608AB  ,United States,1751325241.0,1751325245,-97.3656,32.8485,335.28,False,57.77,171.29,-2.93,,312.42,2630,False,0,2025-06-30 23:17:20
aa9a7a,SWA2681 ,United States,1751325440.0,1751325440,-94.6474,40.6445,11277.6,False,262.65,76.29,0.33,,11818.62,,False,0,2025-06-30 23:17:20
aa51fe,SKW6365 ,United States,1751325360.0,1751325360,-92.2145,32.4467,10363.2,False,231.51,270.64,-0.65,,11003.28,,False,0,2025-06-30 23:17:20
a0a36d,N140HP  ,United States,1751325439.0,1751325440,-117.9732,33.9474,822.96,False,60.74,169.26,-3.58,,807.72,4203,False,0,2025-06-30 23:17:20
aafca8,JBU1682 ,United States,1751325440.0,1751325440,-72.1532,38.7676,10538.46,False,224.16,320.87,-9.43,,11170.92,,False,0,2025-06-30 23:17:20
aa9a81,N7821T  ,United States,1751325396.0,1751325409,-120.1769,39.0808,3108.96,False,54.89,259.74,8.45,,3238.5,,False,0,2025-06-30 23:17:20
a2803d,AAY633  ,United States,1751325440.0,1751325440,-83.9967,36.0427,10668.0,False,236.36,148.8,0.0,,11300.46,6710,False,0,2025-06-30 23:17:20
a7d1ae,N60244  ,United States,1751325439.0,1751325439,-115.5538,36.442,2476.5,False,66.27,117.76,-2.28,,2537.46,,False,0,2025-06-30 23:17:20
a68903,N520AW  ,United States,1751325439.0,1751325439,-82.4722,35.3321,2263.14,False,128.25,131.75,16.91,,2369.82,2526,False,0,2025-06-30 23:17:20
0d0ea9,VTM692  ,Mexico,1751325438.0,1751325438,-101.4672,24.7502,9448.8,False,236.9,31.41,0.0,,10058.4,,False,0,2025-06-30 23:17:20
abd627,SWA4006 ,United States,1751325440.0,1751325440,-88.3682,40.3824,9837.42,False,213.86,215.6,4.55,,10347.96,1323,False,0,2025-06-30 23:17:20
aab62f,N79FF   ,United States,1751325439.0,1751325440,-105.1287,39.9362,1851.66,False,46.24,302.28,-1.95,,1950.72,,False,0,2025-06-30 23:17:20
c03bf2,WJA1514 ,Canada,1751325439.0,1751325439,-114.4113,35.9951,11582.4,False,227.71,228.21,0.0,,12230.1,2102,False,0,2025-06-30 23:17:20
a781d7,JBU883  ,United States,1751325432.0,1751325437,-73.7797,40.653,,True,0.0,120.94,,,,,False,0,2025-06-30 23:17:20
c03bf5,WJA1427 ,Canada,1751325439.0,1751325439,-90.8969,41.5923,10972.8,False,214.45,312.57,0.33,,11475.72,1042,False,0,2025-06-30 23:17:20
ad1619,N942RM  ,United States,1751325362.0,1751325363,-84.2017,42.5966,647.7,False,46.58,6.34,0.33,,601.98,,False,0,2025-06-30 23:17:20
a924fc,DAL796  ,United States,1751325440.0,1751325440,-93.2953,32.2331,11277.6,False,250.98,86.59,0.0,,11963.4,3543,False,0,2025-06-30 23:17:20
ac4fd8,SWA1911 ,United States,1751325439.0,1751325440,-81.9974,29.5937,10668.0,False,244.69,173.97,-0.33,,11269.98,1156,False,0,2025-06-30 23:17:20
abd60b,SWA2281 ,United States,1751325439.0,1751325439,-81.8345,32.1712,11597.64,False,229.63,92.31,0.0,,12237.72,2670,False,0,2025-06-30 23:17:20
a4497f,UAL1171 ,United States,1751325434.0,1751325435,-95.1731,29.9775,632.46,False,110.61,270.27,-4.88,,678.18,,False,0,2025-06-30 23:17:20
8694b6,ANA111  ,Japan,1751325439.0,1751325439,-88.1267,42.9158,6355.08,False,211.15,329.87,5.2,,6583.68,6263,False,0,2025-06-30 23:17:20
a3298a,JBU2473 ,United States,1751325440.0,1751325440,-73.7668,40.6491,,True,4.12,30.94,,,,,False,0,2025-06-30 23:17:20
ab9991,N84678  ,United States,1751325386.0,1751325393,-85.8952,37.5088,1066.8,False,30.94,183.81,-0.65,,1097.28,,False,0,2025-06-30 23:17:20
abe94c,ERU867  ,United States,1751325429.0,1751325429,-81.1448,29.4205,571.5,False,54.57,351.87,0.33,,609.6,0160,False,0,2025-06-30 23:17:20
a16037,AAL2410 ,United States,1751325439.0,1751325440,-87.6904,36.2313,9753.6,False,232.41,276.35,0.0,,10340.34,0350,False,0,2025-06-30 23:17:20
a28011,N260MA  ,United States,1751325439.0,1751325439,-70.8689,41.7645,655.32,False,61.14,218.51,0.0,,655.32,,False,0,2025-06-30 23:17:20
a5b916,UAL1243 ,United States,1751325439.0,1751325439,-120.1816,35.1142,10363.2,False,242.27,315.0,0.33,,10866.12,1050,False,0,2025-06-30 23:17:20
aaa339,N785BG  ,United States,1751325439.0,1751325439,-72.1143,43.7852,1371.6,False,49.52,312.47,0.33,,1402.08,,False,0,2025-06-30 23:17:20
a1e98e,N222MM  ,United States,1751325439.0,1751325439,-113.4118,33.5113,3383.28,False,81.48,273.98,2.6,,3589.02,,False,0,2025-06-30 23:17:20
a66355,VOI1770 ,United States,1751325438.0,1751325439,-115.4727,32.49,11582.4,False,233.3,316.88,-0.33,,12237.72,3263,False,0,2025-06-30 23:17:20
ad27e0,N947HH  ,United States,1751325439.0,1751325439,-118.2375,33.7958,822.96,False,44.76,0.0,0.0,,792.48,,False,0,2025-06-30 23:17:20
ac2a33,AAL936  ,United States,1751325439.0,1751325439,-81.9689,30.3882,7322.82,False,243.92,185.45,0.33,,7741.92,6621,False,0,2025-06-30 23:17:20
a85ff5,JBU1152 ,United States,1751325440.0,1751325440,-76.4274,36.8876,10668.0,False,234.92,35.01,-0.33,,11300.46,2143,False,0,2025-06-30 23:17:20
ac07fd,SWA2350 ,United States,1751325440.0,1751325440,-90.8695,31.773,11582.4,False,233.52,250.17,0.0,,12283.44,3136,False,0,2025-06-30 23:17:20
a6c652,N5357E  ,United States,1751325286.0,1751325286,-78.036,39.2012,777.24,False,27.63,155.82,-2.28,,845.82,,False,0,2025-06-30 23:17:20
a3f04a,DAL337  ,United States,1751325439.0,1751325439,-81.3778,31.472,10058.4,False,220.41,12.67,0.0,,10629.9,2653,False,0,2025-06-30 23:17:20
a96cbe,VXP392  ,United States,1751325439.0,1751325440,-76.3011,37.0317,11894.82,False,228.64,35.01,0.0,,12557.76,3237,False,0,2025-06-30 23:17:20
a5a683,UAL1868 ,United States,1751325440.0,1751325440,-100.4877,46.0543,10668.0,False,256.71,112.51,0.33,,11056.62,,False,0,2025-06-30 23:17:20
4cad47,ITY621  ,Ireland,1751325439.0,1751325439,-114.1542,37.1179,11277.6,False,262.03,32.41,0.0,,11894.82,2412,False,0,2025-06-30 23:17:20
3482d6,AEA097  ,Spain,1751325435.0,1751325438,-79.2677,27.717,9296.4,False,229.4,197.62,-8.13,,9791.7,7232,False,0,2025-06-30 23:17:20
a77035,DAL2114 ,United States,1751325439.0,1751325439,-113.768,36.3932,10363.2,False,229.66,233.75,0.0,,10949.94,3035,False,0,2025-06-30 23:17:20
3c4586,BOX453  ,Germany,1751325439.0,1751325440,-73.8015,40.5465,1417.32,False,138.99,133.8,18.86,,1455.42,3361,False,0,2025-06-30 23:17:20
aaea4a,RVJ802  ,United States,1751325438.0,1751325438,-77.4398,38.9535,,True,6.43,270.0,,,,2750,False,0,2025-06-30 23:17:20
3c458c,BOX448  ,Germany,1751325440.0,1751325440,-72.9588,47.1267,10363.2,False,237.86,239.16,0.0,,10812.78,,False,0,2025-06-30 23:17:20
a5a69b,N463V   ,United States,1751325440.0,1751325440,-89.617,41.1293,13106.4,False,182.25,246.55,-0.33,,13639.8,4555,False,0,2025-06-30 23:17:20
a6503f,JIA5327 ,United States,1751325439.0,1751325439,-81.7125,38.4581,10058.4,False,245.14,92.65,0.0,,10660.38,1311,False,0,2025-06-30 23:17:20
ae47e8,R20043  ,United States,1751325440.0,1751325440,-97.7999,31.1596,434.34,False,57.42,282.42,-1.63,,434.34,,False,0,2025-06-30 23:17:20
a3f080,N353FS  ,United States,1751325427.0,1751325428,-114.917,36.1551,1036.32,False,56.31,275.24,1.63,,982.98,,False,0,2025-06-30 23:17:20
a6503c,FTD506  ,United States,1751325440.0,1751325440,-84.7279,38.7256,5349.24,False,181.17,218.66,14.31,,5593.08,6732,False,0,2025-06-30 23:17:20
3c4593,BOX458  ,Germany,1751325438.0,1751325439,-84.4415,33.6308,,True,3.09,151.88,,,,2214,False,0,2025-06-30 23:17:20
abd4e7,SWA4199 ,United States,1751325439.0,1751325439,-109.0146,32.3621,10675.62,False,240.77,102.46,-0.33,,11285.22,4134,False,0,2025-06-30 23:17:20
ae47e0,R20030  ,United States,1751325440.0,1751325440,-79.068,35.0314,297.18,False,58.92,95.51,0.33,,289.56,,False,0,2025-06-30 23:17:20
a1e8bf,N222DE  ,United States,1751325440.0,1751325440,-82.0589,42.4641,6705.6,False,120.92,268.78,0.33,,7010.4,7465,False,0,2025-06-30 23:17:20
a6c628,ILU558  ,United States,1751325092.0,1751325216,-88.1041,39.7306,579.12,False,60.11,6.88,-2.93,,548.64,0635,False,0,2025-06-30 23:17:20
a198df,N20155  ,United States,1751325438.0,1751325438,-82.3473,34.7732,510.54,False,43.42,36.33,-0.65,,502.92,,False,0,2025-06-30 23:17:20
0d0f91,VIV9404 ,Mexico,1751325439.0,1751325439,-100.2006,25.8304,929.64,False,74.22,122.26,-4.23,,944.88,,False,0,2025-06-30 23:17:20
a208ce,N230DC  ,United States,1751325437.0,1751325437,-112.1535,41.5295,1958.34,False,45.81,302.62,1.95,,2049.78,,False,0,2025-06-30 23:17:20
a35e15,LTA316  ,United States,1751325139.0,1751325200,-77.9764,34.6377,1958.34,False,59.54,219.74,0.0,,2049.78,,False,0,2025-06-30 23:17:20
acf4e8,DAL1347 ,United States,1751325439.0,1751325439,-84.3578,33.7326,2484.12,False,125.53,89.77,-7.48,,2613.66,0733,False,0,2025-06-30 23:17:20
ad01ab,SWA2430 ,United States,1751325438.0,1751325439,-94.0866,32.4397,12192.0,False,222.58,266.82,0.0,,12870.18,2673,False,0,2025-06-30 23:17:20
a53001,GPD433  ,United States,1751325440.0,1751325440,-72.3287,41.8037,2880.36,False,140.83,59.97,-0.33,,3009.9,5204,False,0,2025-06-30 23:17:20
a6895e,N520EM  ,United States,1751325439.0,1751325439,-112.2415,36.2339,13708.38,False,258.67,249.51,0.0,,14394.18,7234,False,0,2025-06-30 23:17:20
a3f00a,ATN3348 ,United States,1751325439.0,1751325439,-85.4349,38.6793,7322.82,False,233.67,53.69,-0.33,,7719.06,2436,False,0,2025-06-30 23:17:20
a53013,UPS9871 ,United States,1751325439.0,1751325439,-120.1898,38.6483,10668.0,False,233.01,169.96,0.0,,11193.78,0530,False,0,2025-06-30 23:17:20
a80641,JIA5207 ,United States,1751325440.0,1751325440,-92.1081,30.3715,2575.56,False,144.27,339.11,13.66,,2743.2,,False,0,2025-06-30 23:17:20
a61ffc,N494LP  ,United States,1751325440.0,1751325440,-93.9593,41.7483,586.74,False,51.26,100.41,-1.95,,594.36,,False,0,2025-06-30 23:17:20
abc1ef,CXK139  ,United States,1751325440.0,1751325440,-78.8668,35.9977,922.02,False,52.63,129.45,0.0,,929.64,,False,0,2025-06-30 23:17:20
a1b07f,BXR1981 ,United States,1751325438.0,1751325438,-122.2948,40.8035,2072.64,False,90.15,177.06,-5.85,,2141.22,,False,0,2025-06-30 23:17:20
aaea8c,DAL174  ,United States,1751325440.0,1751325440,-80.0107,35.1091,10668.0,False,239.09,64.65,0.33,,11300.46,3344,False,0,2025-06-30 23:17:20
a66346,AAL2905 ,United States,1751325440.0,1751325440,-80.3495,34.6152,4472.94,False,179.95,322.9,-2.93,,4724.4,1560,False,0,2025-06-30 23:17:20
a1b092,RPA5886 ,United States,1751325440.0,1751325440,-76.5364,41.2677,7315.2,False,187.67,283.31,0.0,,7696.2,7043,False,0,2025-06-30 23:17:20
a80629,JAS700  ,United States,1751325440.0,1751325440,-116.2456,33.9593,7269.48,False,204.22,261.89,-8.78,,7665.72,7226,False,0,2025-06-30 23:17:20
a6898d,GJS4390 ,United States,1751325428.0,1751325433,-87.9308,41.9748,,True,0.0,270.0,,,,1743,False,0,2025-06-30 23:17:20
ac0906,AAL3306 ,United States,1751325401.0,1751325404,-80.9015,25.3728,3810.0,False,161.93,68.57,-7.48,,4038.6,4364,False,0,2025-06-30 23:17:20
ac3f13,N8888X  ,United States,1751325439.0,1751325440,-93.9334,35.8459,2004.06,False,85.13,135.98,4.23,,2087.88,4372,False,0,2025-06-30 23:17:20
a302a0,SWA1930 ,United States,1751325168.0,1751325168,-121.925,37.3647,,True,0.06,50.62,,,,1061,False,0,2025-06-30 23:17:20
0d0f4b,TAA220  ,Mexico,1751325438.0,1751325438,-99.6545,26.4418,6957.06,False,125.64,31.61,-5.2,,7391.4,,False,0,2025-06-30 23:17:20
abb19c,SWA2606 ,United States,1751325440.0,1751325440,-81.3278,28.5285,441.96,False,80.77,179.64,-3.58,,487.68,4505,False,0,2025-06-30 23:17:20
a568e8,LXJ448  ,United States,1751325439.0,1751325439,-81.4411,31.4788,12496.8,False,209.42,358.87,0.65,,13152.12,6613,False,0,2025-06-30 23:17:20
a1e8ec,N222F   ,United States,1751325304.0,1751325304,-117.273,33.1294,114.3,False,29.36,258.89,-1.63,,76.2,,False,0,2025-06-30 23:17:20
a35e49,DAL1517 ,United States,1751325439.0,1751325440,-109.7963,37.0114,10957.56,False,230.61,240.46,0.0,,11544.3,1736,False,0,2025-06-30 23:17:20
a34b15,FFT1304 ,United States,1751325440.0,1751325440,-86.4942,36.6324,10363.2,False,223.72,197.39,0.0,,10988.04,5777,False,0,2025-06-30 23:17:20
39c494,FBU93L  ,France,1751325439.0,1751325439,-114.9443,35.607,12192.0,False,247.75,228.2,0.0,,12862.56,,False,0,2025-06-30 23:17:20
ae1169,WING73  ,United States,1751325440.0,1751325440,-78.4504,36.1409,4869.18,False,106.58,225.2,-0.65,,5143.5,2423,False,0,2025-06-30 23:17:20
39c495,FBU20J  ,France,1751325439.0,1751325439,-68.8237,44.2749,13106.4,False,235.53,254.42,0.0,,13655.04,0727,False,0,2025-06-30 23:17:20
a448d5,UAL2117 ,United States,1751325439.0,1751325439,-117.2344,32.7506,525.78,False,103.3,306.7,6.5,,480.06,,False,0,2025-06-30 23:17:20
a0a2bd,AAL9783 ,United States,1751325439.0,1751325440,-108.3984,35.2256,11277.6,False,224.02,68.44,0.33,,11910.06,4124,False,0,2025-06-30 23:17:20
abe9b1,JRE867  ,United States,1751325440.0,1751325440,-110.1437,37.9183,12161.52,False,215.89,55.78,-6.18,,12786.36,1044,False,0,2025-06-30 23:17:20
a555ad,N4429Q  ,United States,1751325343.0,1751325348,-122.3958,48.4606,129.54,False,29.25,309.29,-1.3,,121.92,,False,0,2025-06-30 23:17:20
a448d1,UAL2855 ,United States,1751325440.0,1751325440,-111.5216,33.0814,10668.0,False,247.55,104.44,0.0,,11277.6,7113,False,0,2025-06-30 23:17:20
a448bf,N3750J  ,United States,1751325422.0,1751325431,-71.1282,42.7439,266.7,False,38.65,206.91,-3.58,,243.84,,False,0,2025-06-30 23:17:20
a448ba,DAL1155 ,United States,1751325439.0,1751325440,-112.069,35.2862,10972.8,False,228.31,354.83,0.0,,11574.78,0766,False,0,2025-06-30 23:17:20
a23e44,N24350  ,United States,1751325439.0,1751325439,-119.1087,34.2259,297.18,False,50.08,146.31,0.0,,251.46,,False,0,2025-06-30 23:17:20
ac2c10,SWA2339 ,United States,1751325440.0,1751325440,-96.1613,32.6399,11887.2,False,239.04,63.55,0.0,,12588.24,7403,False,0,2025-06-30 23:17:20
a5db01,N4769K  ,United States,1751325376.0,1751325376,-120.1102,45.0155,4747.26,False,99.04,80.73,2.28,,4960.62,,False,0,2025-06-30 23:17:20
ae1193,GRZLY50 ,United States,1751325440.0,1751325440,-116.1934,33.0493,7498.08,False,184.7,90.64,8.13,,7894.32,,False,0,2025-06-30 23:17:20
ab86d5,N84162  ,United States,1751325439.0,1751325439,-97.1614,36.1843,1181.1,False,42.79,260.31,2.28,,1219.2,,False,0,2025-06-30 23:17:20
a7d39a,NKS2202 ,United States,1751325435.0,1751325438,-78.2192,32.2825,10660.38,False,232.26,7.13,-0.65,,11262.36,,False,0,2025-06-30 23:17:20
a22b28,ENY3834 ,United States,1751325439.0,1751325440,-112.0387,35.0189,9753.6,False,208.24,354.61,0.0,,10317.48,0744,False,0,2025-06-30 23:17:20
a89086,AAL3239 ,United States,1751325433.0,1751325436,-111.9934,33.4326,,True,0.0,213.75,,,,,False,0,2025-06-30 23:17:20
aab6d9,N79NA   ,United States,1751325439.0,1751325439,-71.8796,42.5175,1310.64,False,56.41,347.36,0.0,,1363.98,,False,0,2025-06-30 23:17:20
a7e691,SKW6532 ,United States,1751325440.0,1751325440,-87.3864,42.0712,4800.6,False,186.59,102.58,10.4,,4975.86,3122,False,0,2025-06-30 23:17:20
a1c2f6,N212WT  ,United States,1751325392.0,1751325392,-80.1128,26.0092,121.92,False,47.37,177.51,-1.63,,106.68,,False,0,2025-06-30 23:17:20
a1c2f1,SWA4546 ,United States,1751325440.0,1751325440,-119.3736,35.0025,6728.46,False,192.52,145.12,-11.05,,7063.74,3371,False,0,2025-06-30 23:17:20
a568a6,CFR95   ,United States,1751325383.0,1751325383,-120.82,40.1888,2895.6,False,110.48,100.73,0.0,,3055.62,,False,0,2025-06-30 23:17:20
a6506d,SKW4761 ,United States,1751325427.0,1751325427,-88.1182,44.492,,True,5.66,59.06,,,,,False,0,2025-06-30 23:17:20
a06703,RPA4556 ,United States,1751325434.0,1751325438,-79.625,43.6841,198.12,True,0.0,317.81,,,,6345,False,0,2025-06-30 23:17:20
a0eb95,N15892  ,United States,1751325418.0,1751325419,-71.7722,42.5623,152.4,False,42.82,151.28,-5.2,,144.78,1200,False,0,2025-06-30 23:17:20
a34b61,N311JS  ,United States,1751325439.0,1751325439,-122.1126,37.4587,,True,14.92,323.44,,,,1200,False,0,2025-06-30 23:17:20
a89058,N6509L  ,United States,1751325439.0,1751325439,-122.5162,47.8051,1356.36,False,48.82,209.0,0.33,,1409.7,0327,False,0,2025-06-30 23:17:20
a448fa,UAL1839 ,United States,1751325440.0,1751325440,-106.3973,37.5242,10363.2,False,231.72,225.09,-0.33,,10942.32,2776,False,0,2025-06-30 23:17:20
a448fc,DAL2460 ,United States,1751325440.0,1751325440,-76.9347,36.4346,10972.8,False,242.29,207.44,0.0,,11612.88,1774,False,0,2025-06-30 23:17:20
a65086,DAL786  ,United States,1751325439.0,1751325439,-94.5908,43.4312,10980.42,False,202.54,288.2,0.0,,11376.66,3636,False,0,2025-06-30 23:17:20
a7706b,LXJ579  ,United States,1751325439.0,1751325439,-110.076,38.4426,13716.0,False,243.62,87.22,-0.65,,14386.56,,False,0,2025-06-30 23:17:20
a292c9,ENY3929 ,United States,1751325440.0,1751325440,-111.9027,33.4406,822.96,False,72.54,270.0,-3.9,,769.62,,False,0,2025-06-30 23:17:20
a35e5b,AAY2    ,United States,1751325188.0,1751325213,-118.053,37.4384,9448.8,False,219.76,46.14,0.0,,9944.1,,False,0,2025-06-30 23:17:20
a4ce11,AAL2148 ,United States,1751325439.0,1751325439,-87.8919,31.6665,10980.42,False,234.4,286.45,0.0,,11650.98,6031,False,0,2025-06-30 23:17:20
ac2c56,SWA2503 ,United States,1751325440.0,1751325440,-91.9782,34.2784,10972.8,False,228.66,246.95,0.0,,11635.74,1044,False,0,2025-06-30 23:17:20
a35e66,AAL1245 ,United States,1751325433.0,1751325437,-81.1282,25.2919,4953.0,False,172.53,68.48,-7.8,,5280.66,1365,False,0,2025-06-30 23:17:20
a448f8,UAL584  ,United States,1751325439.0,1751325439,-85.0742,33.8837,10668.0,False,239.76,64.31,0.0,,11315.7,2704,False,0,2025-06-30 23:17:20
ab0c73,N8105R  ,United States,1751325440.0,1751325440,-86.2513,40.0679,731.52,False,54.15,345.7,5.53,,723.9,,False,0,2025-06-30 23:17:20
a448f2,UAL2668 ,United States,1751325439.0,1751325439,-76.4157,36.8422,10363.2,False,245.62,204.63,-0.33,,10965.18,3044,False,0,2025-06-30 23:17:20
a9cff8,NKS2151 ,United States,1751325439.0,1751325439,-72.8811,40.8459,6477.0,False,185.41,36.42,-5.53,,6819.9,2426,False,0,2025-06-30 23:17:20
a7e693,SKQ61   ,United States,1751325439.0,1751325439,-77.7578,38.5903,2133.6,False,118.44,162.04,0.0,,2240.28,,False,0,2025-06-30 23:17:20
a448f6,UAL2044 ,United States,1751325287.0,1751325300,-74.1735,40.7019,,True,4.63,5.62,,,,,False,0,2025-06-30 23:17:20
4cabd1,EIN1EA  ,Ireland,1751325439.0,1751325439,-72.103,42.117,9121.14,False,237.99,50.7,4.23,,9624.06,3035,False,0,2025-06-30 23:17:20
a9ab05,ASA518  ,United States,1751325440.0,1751325440,-108.7242,32.4028,10972.8,False,233.34,289.71,0.0,,11612.88,2540,False,0,2025-06-30 23:17:20
a71b43,AAL2474 ,United States,1751325440.0,1751325440,-90.4544,38.8448,10058.4,False,256.12,30.94,0.0,,10614.66,3636,False,0,2025-06-30 23:17:20
a18723,AAY3106 ,United States,1751325439.0,1751325440,-86.3331,30.4095,457.2,False,93.55,259.86,0.33,,487.68,6234,False,0,2025-06-30 23:17:20
ab879f,DAL1110 ,United States,1751325439.0,1751325439,-85.0128,32.2971,8869.68,False,242.19,337.52,-4.88,,9410.7,1121,False,0,2025-06-30 23:17:20
aaeade,N802SC  ,United States,1751325439.0,1751325439,-118.4573,34.0309,1104.9,False,47.56,141.15,-3.9,,1097.28,,False,0,2025-06-30 23:17:20
4cabd4,EIN11P  ,Ireland,1751325440.0,1751325440,-73.8617,40.6145,9464.04,False,251.09,52.07,-0.33,,10027.92,3604,False,0,2025-06-30 23:17:20
a0540a,DAL2198 ,United States,1751325439.0,1751325440,-112.5989,37.3877,10668.0,False,242.13,56.61,0.0,,11262.36,6762,False,0,2025-06-30 23:17:20
a5db4e,SKW5693 ,United States,1751325439.0,1751325439,-122.3953,37.7115,1043.94,False,104.68,273.95,5.85,,1051.56,3735,False,0,2025-06-30 23:17:20
a6fb32,AAL582  ,United States,1751325440.0,1751325440,-102.6927,33.4484,10058.4,False,252.67,64.69,0.0,,10660.38,7637,False,0,2025-06-30 23:17:20
a422f7,DAL770  ,United States,1751325440.0,1751325440,-88.0016,36.1448,10363.2,False,227.9,270.13,0.0,,10995.66,2242,False,0,2025-06-30 23:17:20
a7d2ae,SKW3759 ,United States,1751325440.0,1751325440,-121.1701,38.1869,2987.04,False,159.81,310.56,-6.5,,3116.58,6730,False,0,2025-06-30 23:17:20
abd77e,AAL2323 ,United States,1751325440.0,1751325440,-87.2018,40.2086,7924.8,False,248.61,147.59,0.0,,8328.66,3137,False,0,2025-06-30 23:17:20
a35e9c,AAL2247 ,United States,1751325440.0,1751325440,-76.7809,42.7708,10972.8,False,214.43,252.26,0.0,,11559.54,1312,False,0,2025-06-30 23:17:20
abb12d,SWA2762 ,United States,1751325440.0,1751325440,-83.9748,41.557,10454.64,False,256.69,102.03,-4.88,,11003.28,2773,False,0,2025-06-30 23:17:20
a4ce64,TKK409  ,United States,1751325375.0,1751325404,-95.1992,29.7166,457.2,False,79.3,225.53,-7.48,,548.64,3622,False,0,2025-06-30 23:17:20
a0675f,N125MG  ,United States,1751325424.0,1751325424,-121.1605,44.6361,960.12,False,51.45,88.85,-0.65,,967.74,,False,0,2025-06-30 23:17:20
acd12f,EPI925  ,United States,1751325439.0,1751325439,-80.7867,29.012,609.6,False,48.0,287.46,-3.25,,685.8,7245,False,0,2025-06-30 23:17:20
ab616f,SCX1982 ,United States,1751325440.0,1751325440,-87.6647,46.8556,11582.4,False,211.86,279.65,0.0,,11917.68,,False,0,2025-06-30 23:17:20
a5ee51,SWA1672 ,United States,1751325439.0,1751325440,-73.2606,40.0159,9144.0,False,238.66,224.13,0.0,,9654.54,2433,False,0,2025-06-30 23:17:20
a35da8,FFT1402 ,United States,1751325439.0,1751325440,-87.0839,36.7942,4991.1,False,167.96,154.22,-5.2,,5242.56,1426,False,0,2025-06-30 23:17:20
acd135,SKW5106 ,United States,1751325439.0,1751325439,-88.1777,44.927,9144.0,False,241.77,354.75,0.0,,9441.18,1324,False,0,2025-06-30 23:17:20
ab618b,UAL1865 ,United States,1751325440.0,1751325440,-105.6771,40.744,7231.38,False,212.44,135.0,-10.73,,7673.34,1757,False,0,2025-06-30 23:17:20
abc49b,SWA1262 ,United States,1751325439.0,1751325439,-96.4247,29.2508,11369.04,False,234.86,77.09,5.85,,12062.46,4054,False,0,2025-06-30 23:17:20
a72e69,ASA6    ,United States,1751325440.0,1751325440,-96.6641,32.3677,10668.0,False,248.31,74.01,0.0,,11308.08,7675,False,0,2025-06-30 23:17:20
a542d7,SWA2599 ,United States,1751325439.0,1751325439,-76.9121,38.5661,3535.68,False,184.49,43.53,-9.1,,3726.18,4651,False,0,2025-06-30 23:17:20
a59e97,N461P   ,United States,1751325439.0,1751325439,-73.5612,40.6741,822.96,False,94.23,58.39,-3.58,,815.34,6563,False,0,2025-06-30 23:17:20
ad4afb,ASA1175 ,United States,1751325440.0,1751325440,-121.9746,37.4097,601.98,False,118.98,339.76,8.13,,571.5,3323,False,0,2025-06-30 23:17:20
a06763,LFA680  ,United States,1751325439.0,1751325439,-80.9325,28.5075,1333.5,False,63.37,352.07,-1.3,,1417.32,5505,False,0,2025-06-30 23:17:20
ac3f09,SWA2109 ,United States,1751325440.0,1751325440,-91.0133,39.1625,10668.0,False,259.83,86.25,0.0,,11247.12,1412,False,0,2025-06-30 23:17:20
a5db2c,ASA480  ,United States,1751325439.0,1751325439,-99.8153,46.1832,10363.2,False,211.51,289.32,0.0,,10736.58,3605,False,0,2025-06-30 23:17:20
c008a9,ACA71   ,Canada,1751325416.0,1751325416,-73.764,45.4604,,True,6.94,157.5,,,,2501,False,0,2025-06-30 23:17:20
a1c444,N2127G  ,United States,1751325439.0,1751325439,-117.3928,33.866,1554.48,False,79.63,257.31,-2.93,,1539.24,0761,False,0,2025-06-30 23:17:20
a60da2,N4899G  ,United States,1751325439.0,1751325439,-123.015,47.1065,1097.28,False,48.98,216.03,0.33,,1135.38,,False,0,2025-06-30 23:17:20
a22ac6,RPA5832 ,United States,1751325439.0,1751325439,-83.8954,39.9007,6705.6,False,197.04,217.47,0.0,,7048.5,5216,False,0,2025-06-30 23:17:20
a04155,N1151V  ,United States,1751325306.0,1751325440,-86.4258,42.0077,929.64,False,80.63,111.33,-1.95,,906.78,,False,0,2025-06-30 23:17:20
a0a457,SKW5350 ,United States,1751325344.0,1751325344,-87.8966,41.9883,213.36,False,67.91,270.43,-2.93,,259.08,7013,False,0,2025-06-30 23:17:20
a3adce,AAL1975 ,United States,1751325440.0,1751325440,-83.0575,34.0705,11277.6,False,223.96,57.95,0.0,,11948.16,4311,False,0,2025-06-30 23:17:20
0d0dd3,VOI3382 ,Mexico,1751325421.0,1751325431,-112.9375,30.7695,10668.0,False,243.66,117.27,0.0,,11308.08,,False,0,2025-06-30 23:17:20
a42405,EJA366  ,United States,1751325439.0,1751325440,-72.6067,45.6778,13106.4,False,178.83,261.73,0.33,,13632.18,,False,0,2025-06-30 23:17:20
ab7402,SCX500  ,United States,1751325439.0,1751325439,-86.3589,39.6624,922.02,False,105.35,262.42,6.18,,922.02,,False,0,2025-06-30 23:17:20
a0a42b,N140RD  ,United States,1751325439.0,1751325440,-113.9407,35.1,4381.5,False,91.33,292.52,0.33,,4648.2,,False,0,2025-06-30 23:17:20
ab1db2,UAL2110 ,United States,1751325440.0,1751325440,-92.8289,39.1317,10706.1,False,212.81,276.52,3.9,,11262.36,1176,False,0,2025-06-30 23:17:20
ab8748,AAL125  ,United States,1751325434.0,1751325434,-83.0332,46.2376,11574.78,False,200.71,230.72,-0.33,,12031.98,6002,False,0,2025-06-30 23:17:20
a9ab72,SKW6259 ,United States,1751325440.0,1751325440,-93.7701,34.2333,10972.8,False,235.57,251.01,-0.65,,11597.64,3563,False,0,2025-06-30 23:17:20
0d0ddb,AMX403  ,Mexico,1751325439.0,1751325439,-73.7835,40.6355,,True,9.26,300.94,,,,,False,0,2025-06-30 23:17:20
a2f721,SKW3764 ,United States,1751325439.0,1751325439,-122.6541,47.8219,4320.54,False,174.69,148.98,-7.8,,4511.04,2626,False,0,2025-06-30 23:17:20
aab73f,N79SC   ,United States,1751325439.0,1751325439,-84.386,30.0192,13716.0,False,211.98,118.24,0.33,,14371.32,0153,False,0,2025-06-30 23:17:20
a9ab40,N722CV  ,United States,1751325439.0,1751325439,-95.7954,40.7787,13106.4,False,168.25,304.66,-0.33,,13655.04,0753,False,0,2025-06-30 23:17:20
a28160,N2600L  ,United States,1751325329.0,1751325331,-80.5969,35.0207,434.34,False,47.67,43.69,-4.23,,426.72,,False,0,2025-06-30 23:17:20
a9be74,N727KF  ,United States,1751325439.0,1751325439,-111.3918,39.5442,6705.6,False,120.78,349.7,0.0,,7109.46,,False,0,2025-06-30 23:17:20
ab741e,UAL568  ,United States,1751325439.0,1751325440,-97.713,42.0574,11582.4,False,206.7,254.41,0.0,,12070.08,6416,False,0,2025-06-30 23:17:20
a46abc,CXK161  ,United States,1751325440.0,1751325440,-78.5842,35.4446,1219.2,False,51.51,267.14,0.33,,1249.68,7006,False,0,2025-06-30 23:17:20
a34ae0,DAL2266 ,United States,1751325434.0,1751325437,-84.1156,33.6986,1356.36,False,103.44,227.82,-6.5,,1470.66,1251,False,0,2025-06-30 23:17:20
a46ac0,N384GD  ,United States,1751325439.0,1751325439,-80.1386,36.2838,3627.12,False,143.64,228.78,-3.25,,3802.38,,False,0,2025-06-30 23:17:20
a34ae6,DAL2514 ,United States,1751325434.0,1751325434,-111.981,40.7854,,True,0.0,354.38,,,,,False,0,2025-06-30 23:17:20
a96e72,N7069G  ,United States,1751325440.0,1751325440,-92.5214,41.2045,853.44,False,34.39,291.96,2.28,,883.92,,False,0,2025-06-30 23:17:20
a3ada3,AAL2131 ,United States,1751325440.0,1751325440,-95.6035,41.04,10668.0,False,271.84,59.65,0.0,,11155.68,6710,False,0,2025-06-30 23:17:20
0d0da5,AMX117  ,Mexico,1751325440.0,1751325440,-105.6496,30.0534,10713.72,False,247.3,342.32,-5.53,,11369.04,,False,0,2025-06-30 23:17:20
abc432,SWA2529 ,United States,1751325165.0,1751325165,-77.0396,38.8698,76.2,False,70.72,171.63,-3.58,,38.1,1044,False,0,2025-06-30 23:17:20
a3adb9,AAL2069 ,United States,1751325440.0,1751325440,-111.7764,41.0873,4648.2,False,191.78,98.17,2.6,,4914.9,,False,0,2025-06-30 23:17:20
a7d2f1,FFT1384 ,United States,1751325440.0,1751325440,-80.859,35.1161,1386.84,False,138.0,130.16,11.7,,1432.56,,False,0,2025-06-30 23:17:20
a83b86,N63BK   ,United States,1751325440.0,1751325440,-121.9708,37.6669,556.26,False,35.11,259.02,0.98,,525.78,1200,False,0,2025-06-30 23:17:20
a2945d,N2653M  ,United States,1751325438.0,1751325439,-93.5075,44.7525,601.98,False,75.09,21.29,0.33,,579.12,,False,0,2025-06-30 23:17:20
a0417c,N1152Z  ,United States,1751325440.0,1751325440,-121.9006,47.6719,525.78,False,37.84,82.97,-4.23,,533.4,1200,False,0,2025-06-30 23:17:20
a59da3,N461DF  ,United States,1751325439.0,1751325439,-120.55,37.7334,4457.7,False,141.31,324.63,0.0,,4663.44,,False,0,2025-06-30 23:17:20
a9be4c,N727HR  ,United States,1751325440.0,1751325440,-118.0173,33.748,929.64,False,45.55,288.43,-0.33,,899.16,,False,0,2025-06-30 23:17:20
71be35,AAR204  ,Republic of Korea,1751325440.0,1751325440,-119.3503,34.774,7200.9,False,197.97,143.67,-8.45,,7559.04,1170,False,0,2025-06-30 23:17:20
a209b9,ENY3793 ,United States,1751325439.0,1751325439,-86.3806,42.4189,3390.9,False,196.11,53.64,0.0,,3512.82,4371,False,0,2025-06-30 23:17:20
a5dacd,N47673  ,United States,1751324714.0,1751325439,-96.5604,33.5858,723.9,False,50.67,246.04,-0.33,,731.52,,False,0,2025-06-30 23:17:20
a6c781,JBU128  ,United States,1751325440.0,1751325440,-81.2466,28.6985,4739.64,False,199.14,345.64,7.8,,4998.72,0512,False,0,2025-06-30 23:17:20
acf5bb,NKS2627 ,United States,1751325439.0,1751325439,-100.7501,30.8861,11117.58,False,246.66,92.51,-3.58,,11811.0,1613,False,0,2025-06-30 23:17:20
a5a790,N4633Q  ,United States,1751325439.0,1751325439,-96.2143,32.7099,1379.22,False,45.84,224.09,-0.33,,1417.32,1200,False,0,2025-06-30 23:17:20
a5dad6,N4768B  ,United States,1751325439.0,1751325439,-121.9675,47.2942,1554.48,False,61.79,122.76,5.2,,1600.2,,False,0,2025-06-30 23:17:20
a6b449,N531BM  ,United States,1751325437.0,1751325439,-117.4461,34.0687,1371.6,False,50.28,199.73,-3.25,,1386.84,,False,0,2025-06-30 23:17:20
a9276d,N6893F  ,United States,1751325439.0,1751325439,-81.4118,28.9608,914.4,False,40.95,243.11,0.65,,975.36,3070,False,0,2025-06-30 23:17:20
a209c0,AAY3510 ,United States,1751325434.0,1751325434,-122.5964,45.5902,,True,7.72,118.12,,,,6013,False,0,2025-06-30 23:17:20
a84dce,NKS8834 ,United States,1751325439.0,1751325439,-82.4733,33.841,11887.2,False,230.0,324.28,0.0,,12565.38,5722,False,0,2025-06-30 23:17:20
aa6787,N77JS   ,United States,1751325440.0,1751325440,-72.8057,45.1888,2133.6,False,85.9,198.87,-1.95,,2240.28,,False,0,2025-06-30 23:17:20
ac2b61,SWA2982 ,United States,1751325291.0,1751325301,-70.995,42.3861,99.06,False,75.48,198.68,-4.55,,76.2,3465,False,0,2025-06-30 23:17:20
aaeb6a,VXP570  ,United States,1751325439.0,1751325440,-76.1004,37.9552,10416.54,False,245.28,213.19,6.83,,11018.52,3023,False,0,2025-06-30 23:17:20
aa676e,N77HS   ,United States,1751325440.0,1751325440,-117.2946,33.772,1516.38,False,70.42,244.93,-2.6,,1516.38,1255,False,0,2025-06-30 23:17:20
c03cf4,ACA422  ,Canada,1751325439.0,1751325439,-73.9075,45.4762,2362.2,False,160.54,42.79,-8.45,,2446.02,3477,False,0,2025-06-30 23:17:20
aaa2f6,SWA500  ,United States,1751325226.0,1751325226,-70.3398,43.6468,83.82,False,73.87,95.19,-3.58,,76.2,7011,False,0,2025-06-30 23:17:20
a1c48c,N2129J  ,United States,1751325439.0,1751325439,-74.3806,39.9512,838.2,False,42.93,315.97,2.28,,845.82,,False,0,2025-06-30 23:17:20
ac2b6c,,United States,1751325415.0,1751325418,-92.9559,31.7583,9753.6,False,224.73,227.88,0.0,,10340.34,,False,0,2025-06-30 23:17:20
aa9ab6,SWA1404 ,United States,1751325440.0,1751325440,-116.1425,35.3002,7117.08,False,213.23,48.62,-10.73,,7528.56,1211,False,0,2025-06-30 23:17:20
a5a759,N46315  ,United States,1751325439.0,1751325439,-117.0926,48.0687,1798.32,False,48.1,327.67,1.3,,1851.66,,False,0,2025-06-30 23:17:20
abc2e5,RPA4438 ,United States,1751325439.0,1751325440,-79.5761,43.6898,335.28,False,70.96,226.47,-3.9,,274.32,7177,False,0,2025-06-30 23:17:20
ac2b80,SWA1379 ,United States,1751325347.0,1751325347,-114.4928,42.8343,8191.5,False,223.19,292.78,-5.2,,8656.32,,False,0,2025-06-30 23:17:20
ac2b8e,ASH6039 ,United States,1751325440.0,1751325440,-77.4366,38.8238,1150.62,False,127.78,194.93,13.0,,1188.72,,False,0,2025-06-30 23:17:20
0d0e91,XAMSL   ,Mexico,1751325439.0,1751325439,-88.3515,31.4165,13716.0,False,210.65,77.02,0.33,,14378.94,1147,False,0,2025-06-30 23:17:20
a84dd1,JIA544V ,United States,1751325440.0,1751325440,-87.9351,37.1277,9144.0,False,227.58,236.06,5.53,,9685.02,6636,False,0,2025-06-30 23:17:20
c04ff4,WJA2247 ,Canada,1751325439.0,1751325439,-110.8348,32.8677,10972.8,False,233.35,7.22,0.0,,11605.26,1547,False,0,2025-06-30 23:17:20
a6b439,CSI531  ,United States,1751325435.0,1751325439,-106.1183,36.8842,8534.4,False,125.33,192.32,0.0,,9037.32,3270,False,0,2025-06-30 23:17:20
a71aad,DAL659  ,United States,1751325437.0,1751325439,-111.8343,37.1721,9753.6,False,238.49,251.64,0.0,,10294.62,2330,False,0,2025-06-30 23:17:20
a449a4,UAL1140 ,United States,1751325439.0,1751325439,-76.9549,36.9281,10363.2,False,247.72,201.18,0.0,,10972.8,2144,False,0,2025-06-30 23:17:20
a449a1,UAL8102 ,United States,1751325433.0,1751325435,-75.3151,39.8342,457.2,False,116.34,220.88,8.45,,441.96,,False,0,2025-06-30 23:17:20
c04fe4,ACA886  ,Canada,1751325440.0,1751325440,-70.5112,47.6001,10904.22,False,263.26,55.75,5.2,,11353.8,0525,False,0,2025-06-30 23:17:20
a066de,N125GC  ,United States,1751325440.0,1751325440,-71.0229,42.8935,1310.64,False,49.48,115.23,4.23,,1356.36,1200,False,0,2025-06-30 23:17:20
a4bae9,N40353  ,United States,1751325271.0,1751325271,-122.7719,47.4848,152.4,False,7.85,31.61,-0.98,,152.4,,False,0,2025-06-30 23:17:20
a11f59,UAL1950 ,United States,1751325439.0,1751325439,-86.3773,36.8542,10058.4,False,258.58,77.12,0.0,,10645.14,7634,False,0,2025-06-30 23:17:20
a3f161,EJA353  ,United States,1751325439.0,1751325439,-94.7433,37.6905,6705.6,False,193.77,287.62,0.0,,7063.74,,False,0,2025-06-30 23:17:20
acf486,AAL767  ,United States,1751325440.0,1751325440,-95.9983,33.9303,6309.36,False,208.16,226.6,-6.5,,6675.12,6605,False,0,2025-06-30 23:17:20
a075df,RPA9948 ,United States,1751325439.0,1751325440,-80.9484,42.6619,9075.42,False,211.91,235.38,8.78,,9555.48,4175,False,0,2025-06-30 23:17:20
a0c5c6,SKW5472 ,United States,1751325272.0,1751325274,-97.1819,28.1048,2232.66,False,148.46,245.21,-6.5,,2362.2,4622,False,0,2025-06-30 23:17:20
a9ccde,AAL3020 ,United States,1751325439.0,1751325439,-82.018,41.3161,7635.24,False,250.49,111.19,-5.53,,8023.86,1363,False,0,2025-06-30 23:17:20
a12e57,VTE3008 ,United States,1751325439.0,1751325439,-89.5392,34.4103,2590.8,False,153.17,77.78,-4.23,,2743.2,5627,False,0,2025-06-30 23:17:20
ae213e,PAT01   ,United States,1751325196.0,1751325205,-77.1929,38.7238,121.92,False,32.43,131.78,-2.93,,83.82,6421,False,0,2025-06-30 23:17:20
a195bd,N201AC  ,United States,1751325440.0,1751325440,-99.2823,31.1171,11887.2,False,275.43,101.31,0.0,,12595.86,3763,False,0,2025-06-30 23:17:20
a79386,HAL1617 ,United States,1751325440.0,1751325440,-105.2328,34.5863,11887.2,False,254.65,90.23,0.0,,12542.52,1351,False,0,2025-06-30 23:17:20
a92384,UAL2445 ,United States,1751325439.0,1751325439,-79.2874,41.9019,10363.2,False,215.16,247.36,0.33,,10927.08,4157,False,0,2025-06-30 23:17:20
a4207f,JANET62 ,United States,1751325439.0,1751325439,-115.9796,36.5477,4640.58,False,188.21,117.34,0.0,,4922.52,,False,0,2025-06-30 23:17:20
a2e098,ASA450  ,United States,1751325439.0,1751325439,-85.5226,40.9558,9966.96,False,222.68,292.12,3.25,,10492.74,4014,False,0,2025-06-30 23:17:20
acf497,DAL1101 ,United States,1751325440.0,1751325440,-92.3987,41.543,10035.54,False,279.45,52.86,4.55,,10507.98,,False,0,2025-06-30 23:17:20
acf48f,,United States,1751325272.0,1751325275,-74.1785,40.687,,True,0.9,174.38,,,,,False,0,2025-06-30 23:17:20
a92365,UAL2718 ,United States,1751325242.0,1751325242,-100.0479,38.8021,10363.2,False,206.99,272.42,-0.33,,10927.08,7001,False,0,2025-06-30 23:17:20
aad9d8,N799E   ,United States,1751325274.0,1751325276,-122.5583,38.1447,,True,2.83,239.06,,,,1200,False,0,2025-06-30 23:17:20
ac4f29,SWA503  ,United States,1751325439.0,1751325439,-81.1482,35.0543,10668.0,False,231.0,58.29,0.0,,11315.7,2063,True,0,2025-06-30 23:17:20
a1e5f1,ENY4085 ,United States,1751325439.0,1751325439,-81.0716,31.6186,10363.2,False,245.15,174.1,-0.33,,10949.94,4053,False,0,2025-06-30 23:17:20
a85ce8,QXE2197 ,United States,1751325439.0,1751325440,-119.374,45.647,11582.4,False,213.97,260.31,0.0,,12077.7,,False,0,2025-06-30 23:17:20
a062ef,DAL746  ,United States,1751325440.0,1751325440,-85.1359,33.6237,4465.32,False,185.65,273.97,8.78,,4701.54,7211,False,0,2025-06-30 23:17:20
a48e3a,DAL1906 ,United States,1751325438.0,1751325438,-84.4152,33.6358,,True,9.77,90.0,,,,,False,0,2025-06-30 23:17:20
abf9b1,SWA2917 ,United States,1751325439.0,1751325439,-100.6759,30.5647,11582.4,False,226.4,281.67,0.0,,12283.44,2342,False,0,2025-06-30 23:17:20
a24e94,N248JW  ,United States,1751325439.0,1751325439,-122.5365,47.9348,1188.72,False,55.8,167.76,0.65,,1226.82,,False,0,2025-06-30 23:17:20
a1e5cf,N221MD  ,United States,1751325433.0,1751325439,-76.6243,41.351,1851.66,False,114.31,264.06,0.0,,1905.0,4243,False,0,2025-06-30 23:17:20
0c20d6,CMP709  ,Panama,1751325064.0,1751325379,-79.0854,24.2222,10668.0,False,241.83,181.1,0.33,,11247.12,7401,False,0,2025-06-30 23:17:20
a7e318,SKW6009 ,United States,1751325439.0,1751325439,-121.7419,44.2412,7452.36,False,206.93,88.01,10.08,,7825.74,,False,0,2025-06-30 23:17:20
a5fcef,UAL658  ,United States,1751325440.0,1751325440,-87.4815,42.091,1249.68,False,108.82,94.07,-0.33,,1257.3,7002,False,0,2025-06-30 23:17:20
a7f647,N612BB  ,United States,1751325439.0,1751325439,-103.8527,34.7073,12496.8,False,189.22,131.14,0.65,,13167.36,,False,0,2025-06-30 23:17:20
a445b0,DAL2939 ,United States,1751325439.0,1751325440,-88.3709,34.6983,9204.96,False,233.76,262.03,-12.35,,9738.36,7263,False,0,2025-06-30 23:17:20
aa779d,SWA3983 ,United States,1751325439.0,1751325439,-94.1244,36.0581,11887.2,False,242.19,96.22,0.0,,12542.52,4115,False,0,2025-06-30 23:17:20
a23b55,MXY745  ,United States,1751325439.0,1751325439,-79.1137,36.5504,4282.44,False,185.57,136.35,-9.1,,4518.66,6706,False,0,2025-06-30 23:17:20
aad9f2,N799FA  ,United States,1751325439.0,1751325439,-84.5217,33.1654,1059.18,False,46.43,164.58,0.0,,1097.28,1200,False,0,2025-06-30 23:17:20
a97cb5,GTI3511 ,United States,1751325440.0,1751325440,-90.7119,38.4528,12192.0,False,236.6,319.94,0.0,,12832.08,3732,False,0,2025-06-30 23:17:20
86e84c,JAL69   ,Japan,1751325440.0,1751325440,-123.8336,38.1123,10972.8,False,268.17,310.57,0.0,,11452.86,6763,False,0,2025-06-30 23:17:20
abf9d5,SWA445  ,United States,1751325439.0,1751325439,-118.8504,38.7202,10584.18,False,233.45,284.16,-4.55,,11125.2,,False,0,2025-06-30 23:17:20
0c20ad,CMP366  ,Panama,1751325439.0,1751325440,-77.443,29.4839,11277.6,False,237.47,345.06,0.0,,11818.62,3716,False,0,2025-06-30 23:17:20
ad26b2,CXK198  ,United States,1751325437.0,1751325440,-111.5811,33.2395,914.4,False,49.14,312.88,-2.28,,861.06,4350,False,0,2025-06-30 23:17:20
a67399,SCX3033 ,United States,1751325439.0,1751325439,-97.9491,43.0816,12192.0,False,216.73,243.8,0.0,,12679.68,2451,False,0,2025-06-30 23:17:20
aa5130,ENY4267 ,United States,1751325439.0,1751325439,-88.4466,41.8527,4663.44,False,155.48,258.36,13.0,,4853.94,3206,False,0,2025-06-30 23:17:20
a8299a,JBU8650 ,United States,1751325440.0,1751325440,-81.1136,32.1977,7292.34,False,197.92,43.95,10.08,,7726.68,3077,False,0,2025-06-30 23:17:20
aa777e,SWA464  ,United States,1751325439.0,1751325439,-102.7904,30.9217,11582.4,False,222.23,283.52,0.0,,12268.2,7302,False,0,2025-06-30 23:17:20
a6604f,N51NN   ,United States,1751325358.0,1751325411,-81.4608,28.0096,1318.26,False,34.71,258.02,2.28,,1379.22,3071,False,0,2025-06-30 23:17:20
aa0dfa,EJA747  ,United States,1751325440.0,1751325440,-122.3301,37.808,2377.44,False,121.48,38.81,18.86,,2468.88,6360,False,0,2025-06-30 23:17:20
a195ef,N201CC  ,United States,1751325172.0,1751325172,-94.9527,45.0664,701.04,False,57.52,280.3,-0.98,,723.9,,False,0,2025-06-30 23:17:20
a85e2b,UAL254  ,United States,1751325440.0,1751325440,-73.4471,42.3162,8823.96,False,241.22,6.37,5.2,,9288.78,1162,False,0,2025-06-30 23:17:20
ad2733,ASA475  ,United States,1751325439.0,1751325440,-110.3259,32.7139,10972.8,False,235.66,277.65,-0.33,,11620.5,3170,False,0,2025-06-30 23:17:20
a48e7b,FFT124  ,United States,1751325439.0,1751325439,-81.5843,30.9832,10668.0,False,218.21,15.87,0.0,,11292.84,6200,False,0,2025-06-30 23:17:20
710111,SVA038  ,Saudi Arabia,1751325439.0,1751325439,-77.4559,38.9622,,True,2.83,348.75,,,,,False,0,2025-06-30 23:17:20
aac762,FDX1685 ,United States,1751325438.0,1751325438,-122.2166,37.7181,,True,0.0,39.38,,,,,False,0,2025-06-30 23:17:20
abd429,N861SL  ,United States,1751325439.0,1751325440,-118.2588,33.6761,1188.72,False,44.74,224.53,-0.33,,1165.86,,False,0,2025-06-30 23:17:20
a59b4a,TRF560  ,United States,1751325439.0,1751325440,-96.7549,33.011,762.0,False,56.08,271.05,0.0,,754.38,4666,False,0,2025-06-30 23:17:20
ad6da6,FDY454  ,United States,1751325440.0,1751325440,-90.2921,38.6895,701.04,False,82.83,343.03,-6.5,,701.04,1011,False,0,2025-06-30 23:17:20
a4cb59,,United States,1751325437.0,1751325437,-116.9149,47.5228,1082.04,False,60.31,188.34,-0.65,,1097.28,,False,0,2025-06-30 23:17:20
a445ef,UAL1332 ,United States,1751325439.0,1751325439,-79.451,41.8489,10058.4,False,261.06,58.78,0.33,,10607.04,6242,False,0,2025-06-30 23:17:20
a445ee,UAL1053 ,United States,1751325440.0,1751325440,-80.4925,32.9376,10058.4,False,229.84,26.74,0.0,,10652.76,6106,False,0,2025-06-30 23:17:20
aa0f6c,N74737  ,United States,1751325439.0,1751325439,-121.8151,37.3105,396.24,False,52.56,139.76,0.98,,350.52,1200,False,0,2025-06-30 23:17:20
a445f8,DAL3243 ,United States,1751325439.0,1751325440,-89.6385,43.4677,10972.8,False,194.32,264.53,0.0,,11399.52,7175,False,0,2025-06-30 23:17:20
0c217b,CMP444  ,Panama,1751325200.0,1751325226,-77.7308,27.4228,9144.0,False,238.23,178.89,0.0,,9624.06,,False,0,2025-06-30 23:17:20
abd41a,RPA4724 ,United States,1751325439.0,1751325439,-71.4047,41.719,4328.16,False,172.51,106.81,-6.5,,4533.9,2266,False,0,2025-06-30 23:17:20
a2f2c3,N2897M  ,United States,1751325439.0,1751325439,-118.9788,34.2412,670.56,False,51.98,88.3,0.98,,640.08,,False,0,2025-06-30 23:17:20
a325fd,AAL1605 ,United States,1751325439.0,1751325439,-93.1741,42.5728,10058.4,False,274.06,93.01,0.0,,10431.78,6077,False,0,2025-06-30 23:17:20
aa76cb,SWA1706 ,United States,1751325439.0,1751325440,-77.7253,41.6269,6400.8,False,200.1,189.17,0.0,,6713.22,5653,False,0,2025-06-30 23:17:20
a948c4,DAL785  ,United States,1751325439.0,1751325439,-110.8551,35.3496,9479.28,False,235.58,31.61,5.85,,9989.82,1514,False,0,2025-06-30 23:17:20
a445cd,UAL8152 ,United States,1751325412.0,1751325412,-99.6723,41.8223,9753.6,False,231.45,246.0,-0.33,,10210.8,1515,False,0,2025-06-30 23:17:20
0c215f,CMP847  ,Panama,1751325261.0,1751325261,-109.3342,29.8263,10972.8,False,227.1,277.16,0.0,,11628.12,,False,0,2025-06-30 23:17:20
ac3ac9,SWA732  ,United States,1751325439.0,1751325439,-108.0229,32.379,11582.4,False,230.86,286.17,0.33,,12260.58,1336,False,0,2025-06-30 23:17:20
4caaf1,EIN122  ,Ireland,1751325437.0,1751325437,-71.1765,47.7972,11277.6,False,260.33,73.82,0.0,,11727.18,7274,False,0,2025-06-30 23:17:20
adbdba,N985AC  ,United States,1751325440.0,1751325440,-89.3248,36.1669,579.12,False,42.68,105.38,0.98,,541.02,,False,0,2025-06-30 23:17:20
aab477,N7891G  ,United States,1751325440.0,1751325440,-117.8993,33.8641,1432.56,False,54.02,89.45,0.65,,1409.7,,False,0,2025-06-30 23:17:20
ac4dfb,AAL1980 ,United States,1751325439.0,1751325440,-88.4333,40.9378,10355.58,False,221.6,284.52,3.58,,10881.36,4046,False,0,2025-06-30 23:17:20
a20708,N23K    ,United States,1751325439.0,1751325439,-97.2593,32.7995,1066.8,False,79.3,134.47,0.0,,1089.66,,False,0,2025-06-30 23:17:20
ac3adf,SWA6310 ,United States,1751325431.0,1751325435,-115.1462,36.0812,,True,0.0,255.94,,,,,False,0,2025-06-30 23:17:20
adbdc1,ASA322  ,United States,1751325439.0,1751325439,-78.7864,36.7171,8229.6,False,222.42,47.16,0.0,,8717.28,5605,False,0,2025-06-30 23:17:20
abc12a,SWA3467 ,United States,1751325430.0,1751325430,-100.761,37.4107,11277.6,False,253.24,78.28,0.0,,11879.58,,False,0,2025-06-30 23:17:20
a5c8d4,LFA458  ,United States,1751325439.0,1751325439,-81.159,28.7219,579.12,False,63.64,69.66,0.0,,632.46,5552,False,0,2025-06-30 23:17:20
adbdc9,DAL3208 ,United States,1751325439.0,1751325439,-85.8571,33.5832,4686.3,False,186.74,269.84,-9.75,,4960.62,3333,False,0,2025-06-30 23:17:20
a708b0,AAL529  ,United States,1751325440.0,1751325440,-113.0678,36.6418,10363.2,False,231.77,241.79,-0.33,,10934.7,3207,False,0,2025-06-30 23:17:20
a4a8f5,N4LM    ,United States,1751325205.0,1751325214,-111.9098,33.6274,6156.96,True,3.09,208.12,,,,0507,False,0,2025-06-30 23:17:20
a5c8bb,VTE3054 ,United States,1751325439.0,1751325439,-88.8685,38.3555,3947.16,False,152.44,187.17,-10.08,,4107.18,3166,False,0,2025-06-30 23:17:20
a6b07e,ASA822  ,United States,1751325439.0,1751325439,-122.4386,47.0179,2430.78,False,149.12,30.01,-7.8,,2545.08,,False,0,2025-06-30 23:17:20
aa76a8,SWA2185 ,United States,1751325276.0,1751325276,-77.04,38.8705,83.82,False,70.32,168.61,-4.88,,68.58,3546,False,0,2025-06-30 23:17:20
abe79d,SWA2382 ,United States,1751325440.0,1751325440,-77.0052,39.4554,1234.44,False,126.79,176.51,0.0,,1272.54,1424,False,0,2025-06-30 23:17:20
a2f2fa,UAL199  ,United States,1751325440.0,1751325440,-122.6019,37.1121,11879.58,False,242.04,124.87,0.33,,12443.46,1402,False,0,2025-06-30 23:17:20
ad013b,N937SA  ,United States,1751325371.0,1751325373,-77.3556,39.4321,243.84,False,33.59,220.03,-1.3,,213.36,,False,0,2025-06-30 23:17:20
39d2ae,AFR137K ,France,1751325440.0,1751325440,-83.8394,45.1479,11887.2,False,288.96,50.27,0.0,,12352.02,6555,False,0,2025-06-30 23:17:20
adbe91,JBU190  ,United States,1751325439.0,1751325440,-110.0306,38.2094,10058.4,False,239.56,56.21,0.33,,10614.66,,False,0,2025-06-30 23:17:20
39d2ab,AFR159  ,France,1751325439.0,1751325439,-85.352,41.9977,11887.2,False,279.75,44.48,-0.33,,12451.08,1356,False,0,2025-06-30 23:17:20
ac3b8e,N888AA  ,United States,1751325440.0,1751325440,-89.0961,41.9762,2019.3,False,137.93,88.29,-3.58,,2072.64,7455,False,0,2025-06-30 23:17:20
a4470e,HAL6    ,United States,1751325439.0,1751325439,-117.2684,34.7657,7650.48,False,220.67,64.45,-5.2,,8077.2,3625,False,0,2025-06-30 23:17:20
a7e2da,SKW4310 ,United States,1751325390.0,1751325390,-111.975,40.7761,,True,13.38,177.19,,,,,False,0,2025-06-30 23:17:20
a9bb64,N726RY  ,United States,1751325439.0,1751325440,-81.4053,27.7207,6400.8,False,145.23,87.36,0.0,,6797.04,2112,False,0,2025-06-30 23:17:20
a06461,AAL1443 ,United States,1751325440.0,1751325440,-82.0745,28.7923,4617.72,False,211.81,198.26,-13.33,,4892.04,2567,False,0,2025-06-30 23:17:20
a2074f,N23MW   ,United States,1751325431.0,1751325431,-87.3966,44.9656,601.98,False,73.08,181.61,-0.33,,518.16,,False,0,2025-06-30 23:17:20
a44704,NJM375  ,United States,1751325440.0,1751325440,-83.9178,34.7501,13716.0,False,210.94,158.69,0.0,,14394.18,2572,False,0,2025-06-30 23:17:20
a06435,SKW5540 ,United States,1751325440.0,1751325440,-96.5036,31.8979,10363.2,False,226.43,181.43,-0.33,,11026.14,0553,False,0,2025-06-30 23:17:20
af9b68,GUMP32  ,United States,1751325435.0,1751325435,-86.407,31.8247,228.6,False,66.35,146.06,-0.65,,236.22,,False,0,2025-06-30 23:17:20
a96b65,FFT1756 ,United States,1751325439.0,1751325439,-116.0444,33.3712,8610.6,False,247.8,98.0,3.58,,9105.9,2050,False,0,2025-06-30 23:17:20
a8ae7f,DAL1873 ,United States,1751325305.0,1751325305,-84.4263,33.6435,,True,2.06,90.0,,,,7467,False,0,2025-06-30 23:17:20
39d2a8,AFR355J ,France,1751325439.0,1751325439,-72.2824,45.7706,11887.2,False,281.94,70.94,0.0,,12397.74,7437,False,0,2025-06-30 23:17:20
a96b5a,MTN7503 ,United States,1751325440.0,1751325440,-77.602,35.3891,1851.66,False,133.67,296.76,-4.55,,1920.24,,False,0,2025-06-30 23:17:20
a56742,N4472F  ,United States,1751325357.0,1751325429,-97.3286,33.3377,541.02,False,34.85,148.89,2.6,,525.78,,False,0,2025-06-30 23:17:20
a18421,AMF1543 ,United States,1751325439.0,1751325439,-69.5433,44.287,2446.02,False,108.77,225.19,0.0,,2529.84,,False,0,2025-06-30 23:17:20
39d2a4,AFR637X ,France,1751325440.0,1751325440,-79.4382,43.2108,11887.2,False,280.04,72.8,0.0,,12458.7,2777,False,0,2025-06-30 23:17:20
a935e0,PDT5814 ,United States,1751325439.0,1751325439,-81.1932,35.2948,3192.78,False,164.74,322.49,3.25,,3360.42,,False,0,2025-06-30 23:17:20
a552fa,N442KP  ,United States,1751325364.0,1751325439,-111.8558,41.7846,,True,0.0,0.0,0.0,,,,False,0,2025-06-30 23:17:20
a35aae,AAL1543 ,United States,1751325440.0,1751325440,-90.9076,41.8857,9144.0,False,204.19,266.1,0.0,,9532.62,0250,False,0,2025-06-30 23:17:20
a17140,SKW3430 ,United States,1751325258.0,1751325298,-122.5952,45.587,,True,6.17,118.12,,,,4055,False,0,2025-06-30 23:17:20
a1d44e,SWA1226 ,United States,1751325216.0,1751325288,-108.6789,43.1289,11582.4,False,214.33,313.54,0.0,,12146.28,6475,False,0,2025-06-30 23:17:20
c00685,GLR2703 ,Canada,1751325438.0,1751325438,-123.1559,48.828,899.16,False,121.55,43.29,1.63,,960.12,,False,0,2025-06-30 23:17:20
a5b5fb,N4670G  ,United States,1751325174.0,1751325174,-84.7743,39.2705,274.32,False,36.03,189.87,-1.63,,236.22,,False,0,2025-06-30 23:17:20
a0faf3,AAL1456 ,United States,1751325440.0,1751325440,-103.1368,38.524,10652.76,False,244.46,98.47,-0.33,,11224.26,6017,False,0,2025-06-30 23:17:20
a9bb22,N726PG  ,United States,1751325439.0,1751325440,-87.9193,34.653,13098.78,False,216.06,96.84,0.33,,13799.82,6302,False,0,2025-06-30 23:17:20
a43423,DAL731  ,United States,1751325434.0,1751325434,-84.4339,33.6433,,True,3.6,351.56,,,,,False,0,2025-06-30 23:17:20
a9bb0c,NKS2472 ,United States,1751325439.0,1751325439,-76.0366,37.6544,10378.44,False,245.22,209.95,0.33,,11003.28,1737,False,0,2025-06-30 23:17:20
c00679,CRQ704  ,Canada,1751325439.0,1751325439,-73.688,45.4983,243.84,False,67.72,222.54,-4.55,,198.12,,False,0,2025-06-30 23:17:20
a35aa4,AAY293  ,United States,1751325439.0,1751325439,-120.3275,39.1803,11003.28,False,252.6,52.78,4.55,,11551.92,1747,False,0,2025-06-30 23:17:20
a8ae3e,AAL1586 ,United States,1751325439.0,1751325439,-80.7695,33.6973,5166.36,False,202.98,176.95,-0.33,,5471.16,,False,0,2025-06-30 23:17:20
aa75ef,UAL2328 ,United States,1751325440.0,1751325440,-96.4577,44.0983,11582.4,False,219.91,272.68,0.0,,11978.64,2312,False,0,2025-06-30 23:17:20
a7e2af,EJA607  ,United States,1751325433.0,1751325439,-115.1701,36.082,,True,0.0,90.0,,,,,False,0,2025-06-30 23:17:20
a32756,CXK551  ,United States,1751325439.0,1751325439,-76.3468,36.5724,1203.96,False,55.8,71.73,2.6,,1242.06,1200,False,0,2025-06-30 23:17:20
a935ca,N6929U  ,United States,1751325426.0,1751325434,-88.1685,43.4231,853.44,False,47.03,10.08,3.25,,815.34,,False,0,2025-06-30 23:17:20
a5fde4,N48521  ,United States,1751325439.0,1751325439,-123.6381,45.5228,1356.36,False,45.58,196.39,-0.65,,1424.94,,False,0,2025-06-30 23:17:20
c01970,ROU1993 ,Canada,1751325440.0,1751325440,-71.5388,45.6161,10980.42,False,211.23,266.93,0.0,,11490.96,,False,0,2025-06-30 23:17:20
a5b75d,N468AK  ,United States,1751325439.0,1751325440,-104.8807,38.929,2804.16,False,24.23,176.35,0.65,,2971.8,,False,0,2025-06-30 23:17:20
ad38bf,DAL1871 ,United States,1751325440.0,1751325440,-80.1105,32.9834,487.68,False,82.16,118.01,-3.25,,510.54,3531,False,0,2025-06-30 23:17:20
a5b760,AAL1850 ,United States,1751325439.0,1751325439,-78.8708,42.9844,9761.22,False,229.18,314.64,-0.33,,10279.38,1311,False,0,2025-06-30 23:17:20
a1718e,AMF1557 ,United States,1751325424.0,1751325424,-71.9685,43.5792,2133.6,False,104.45,146.86,-0.33,,2194.56,,False,0,2025-06-30 23:17:20
a4477b,N375MK  ,United States,1751325439.0,1751325439,-101.7407,33.6803,1920.24,False,48.46,99.16,5.2,,1965.96,,False,0,2025-06-30 23:17:20
a12f07,UAL215  ,United States,1751325425.0,1751325425,-77.4468,38.9466,,True,2.31,180.0,,,,3304,False,0,2025-06-30 23:17:20
c01968,ROU1738 ,Canada,1751325440.0,1751325440,-94.3537,33.3953,10660.38,False,243.87,63.16,0.33,,11292.84,7467,False,0,2025-06-30 23:17:20
a12f09,UAL1794 ,United States,1751325439.0,1751325439,-100.9729,32.614,10668.0,False,239.13,113.59,0.0,,11315.7,6675,False,0,2025-06-30 23:17:20
ac3b32,SWA1005 ,United States,1751325440.0,1751325440,-90.5005,35.5307,11277.6,False,227.5,233.83,0.0,,11955.78,1564,False,0,2025-06-30 23:17:20
a1848c,N1970H  ,United States,1751325440.0,1751325440,-78.8406,36.2823,1676.4,False,61.41,351.33,-0.65,,1714.5,1075,False,0,2025-06-30 23:17:20
a43458,FFT3508 ,United States,1751325440.0,1751325440,-84.1541,33.0544,6545.58,False,203.62,126.78,8.13,,6918.96,2075,False,0,2025-06-30 23:17:20
aab2b7,N789HU  ,United States,1751325439.0,1751325439,-97.5492,35.2448,1005.84,False,97.37,183.03,-2.28,,1043.94,,False,0,2025-06-30 23:17:20
aa7757,SWA131  ,United States,1751325440.0,1751325440,-101.0192,35.544,12489.18,False,230.93,140.42,0.0,,13136.88,,False,0,2025-06-30 23:17:20
a8042c,N61531  ,United States,1751325439.0,1751325440,-122.7321,45.8394,922.02,False,20.71,333.43,-0.65,,952.5,,False,0,2025-06-30 23:17:20
a1d45a,RPA5707 ,United States,1751325440.0,1751325440,-80.5244,37.2647,10668.0,False,232.78,66.83,-0.65,,11308.08,2254,False,0,2025-06-30 23:17:20
a97da7,SKW6346 ,United States,1751325439.0,1751325439,-93.217,34.41,6568.44,False,194.31,250.03,3.9,,6926.58,,False,0,2025-06-30 23:17:20
aac5ec,SCX3024 ,United States,1751325440.0,1751325440,-121.4525,45.4694,4099.56,False,167.89,288.21,-9.43,,4320.54,4042,False,0,2025-06-30 23:17:20
a12f2a,UAL1728 ,United States,1751325439.0,1751325439,-89.7306,38.8548,10363.2,False,222.78,270.79,0.0,,10934.7,6547,False,0,2025-06-30 23:17:20
a339b1,DAL2646 ,United States,1751325139.0,1751325139,-87.9024,41.9714,,True,7.72,90.0,,,,,False,0,2025-06-30 23:17:20
a339aa,N307DM  ,United States,1751325436.0,1751325440,-122.9893,48.3782,3787.14,False,120.9,359.51,0.0,,3931.92,6632,False,0,2025-06-30 23:17:20
aa7734,SWA3168 ,United States,1751325439.0,1751325439,-93.9914,32.2012,11887.2,False,234.95,31.11,0.0,,12557.76,7017,False,0,2025-06-30 23:17:20
ac3b51,SWA2712 ,United States,1751325413.0,1751325413,-109.4993,35.2129,10972.8,False,238.66,210.43,-0.33,,11590.02,1420,False,0,2025-06-30 23:17:20
adbe2c,AMF7228 ,United States,1751325109.0,1751325439,-94.5616,31.9576,7010.4,False,134.43,32.66,0.0,,7414.26,7446,False,0,2025-06-30 23:17:20
a3bde1,LXJ340  ,United States,1751325439.0,1751325440,-117.1956,47.9095,2720.34,False,147.78,172.8,-0.98,,2842.26,,False,0,2025-06-30 23:17:20
a2919a,ASA23   ,United States,1751325439.0,1751325439,-119.0967,47.6979,10363.2,False,217.21,277.07,0.0,,10782.3,,False,0,2025-06-30 23:17:20
aab2dd,N789KG  ,United States,1751325440.0,1751325440,-97.2327,39.0594,10675.62,False,245.69,99.52,0.0,,11209.02,,False,0,2025-06-30 23:17:20
ac4e92,WUP892  ,United States,1751325437.0,1751325438,-84.3926,39.1409,342.9,False,58.22,226.43,0.33,,304.8,2272,False,0,2025-06-30 23:17:20
a4ddca,RPA9935 ,United States,1751325382.0,1751325382,-81.5468,37.6733,11887.2,False,230.05,72.29,-0.33,,12565.38,1623,False,0,2025-06-30 23:17:20
aa7718,SWA2302 ,United States,1751325440.0,1751325440,-96.8746,32.9309,701.04,False,91.08,228.21,-5.2,,723.9,5614,False,0,2025-06-30 23:17:20
adab31,AAL1043 ,United States,1751325440.0,1751325440,-96.6342,33.2839,2651.76,False,141.71,266.67,-6.5,,2788.92,6754,False,0,2025-06-30 23:17:20
a1c16e,N212FA  ,United States,1751325439.0,1751325439,-118.4861,34.1852,464.82,False,50.17,174.11,1.95,,426.72,,False,0,2025-06-30 23:17:20
ad12e0,SWA3309 ,United States,1751325440.0,1751325440,-91.0905,42.369,11887.2,False,271.44,69.13,0.0,,12359.64,1025,False,0,2025-06-30 23:17:20
a12f6d,UAL1397 ,United States,1751325440.0,1751325440,-74.2319,40.9218,914.4,False,141.96,79.14,0.33,,922.02,6640,False,0,2025-06-30 23:17:20
a4a9aa,N4TT    ,United States,1751325439.0,1751325439,-121.5155,38.4879,472.44,False,46.68,211.94,5.2,,472.44,4201,False,0,2025-06-30 23:17:20
a326c7,N302AG  ,United States,1751325433.0,1751325438,-77.4573,38.9384,,True,0.06,180.0,,,,,False,0,2025-06-30 23:17:20
a196f3,ENY3548 ,United States,1751325440.0,1751325440,-95.7136,32.6547,7178.04,False,221.98,94.79,4.88,,7612.38,3472,False,0,2025-06-30 23:17:20
4b191c,SWR40   ,Switzerland,1751325439.0,1751325440,-116.6612,34.3411,7589.52,False,205.45,243.37,-16.58,,8016.24,0677,False,0,2025-06-30 23:17:20
a35c0b,JBU2783 ,United States,1751325439.0,1751325440,-77.2203,42.7658,9144.0,False,209.4,254.91,0.33,,9624.06,1335,False,0,2025-06-30 23:17:20
4b191a,SWR38K  ,Switzerland,1751325440.0,1751325440,-122.5172,38.5787,8191.5,False,206.62,209.37,-10.73,,8557.26,6244,False,0,2025-06-30 23:17:20
acf591,LFA687  ,United States,1751325439.0,1751325439,-81.2351,28.8784,701.04,False,61.54,38.21,-2.28,,754.38,,False,0,2025-06-30 23:17:20
a339e0,FFT3853 ,United States,1751325439.0,1751325439,-81.3266,29.3193,7353.3,False,212.74,357.09,10.4,,7749.54,7406,False,0,2025-06-30 23:17:20
abc292,AAL2153 ,United States,1751325439.0,1751325439,-82.8599,35.1463,11277.6,False,233.21,346.61,0.0,,11948.16,6272,False,0,2025-06-30 23:17:20
a12f88,N176AS  ,United States,1751325440.0,1751325440,-100.8269,31.5159,1562.1,False,57.53,74.97,-6.18,,1600.2,,False,0,2025-06-30 23:17:20
ab1d06,RPA5889 ,United States,1751325437.0,1751325440,-79.1566,37.5072,7223.76,False,220.87,292.02,4.55,,7650.48,,False,0,2025-06-30 23:17:20
a7816a,DAL497  ,United States,1751325383.0,1751325389,-70.9979,42.3799,60.96,False,65.58,199.71,-3.9,,38.1,7363,False,0,2025-06-30 23:17:20
abc29a,DAL278  ,United States,1751325440.0,1751325440,-84.4104,33.6347,,True,26.75,270.0,,,,,False,0,2025-06-30 23:17:20
a4cc00,SKW835X ,United States,1751325246.0,1751325247,-121.9229,37.3626,,True,0.0,47.81,,,,1535,False,0,2025-06-30 23:17:20
a7d182,,United States,1751325272.0,1751325272,-75.1215,38.312,,True,4.89,315.0,,,,,False,0,2025-06-30 23:17:20
a0fc0a,N1624K  ,United States,1751325439.0,1751325439,-71.6546,41.8498,3040.38,False,174.19,306.84,-0.33,,3162.3,4775,False,0,2025-06-30 23:17:20
a196c8,SWA1287 ,United States,1751325437.0,1751325438,-89.1692,32.9075,11582.4,False,239.74,263.47,0.33,,12268.2,0071,False,0,2025-06-30 23:17:20
a96ae3,ASA1086 ,United States,1751325439.0,1751325439,-122.1382,47.3418,4221.48,False,178.1,172.2,11.05,,4404.36,6644,False,0,2025-06-30 23:17:20
a1e6b9,SWA2141 ,United States,1751325439.0,1751325440,-83.6937,35.8324,11887.2,False,219.44,155.78,0.0,,12565.38,6461,False,0,2025-06-30 23:17:20
ab97c1,N846SP  ,United States,1751325439.0,1751325439,-118.0743,33.8225,274.32,False,45.87,246.89,-2.28,,236.22,,False,0,2025-06-30 23:17:20
aac7b1,ENY3485 ,United States,1751325439.0,1751325439,-96.9315,32.2473,5173.98,False,197.32,171.15,-0.98,,5501.64,6245,False,0,2025-06-30 23:17:20
a12f70,UAL1031 ,United States,1751325439.0,1751325439,-95.2506,30.0073,388.62,False,86.43,269.66,-4.55,,426.72,7523,False,0,2025-06-30 23:17:20
a12f72,UAL1743 ,United States,1751325440.0,1751325440,-97.2303,30.247,7962.9,False,231.91,279.96,0.98,,8442.96,7270,False,0,2025-06-30 23:17:20
a459a4,N38HD   ,United States,1751325437.0,1751325440,-79.0678,37.4851,7620.0,False,204.88,2.01,0.0,,8039.1,,False,0,2025-06-30 23:17:20
adabfe,JBU1388 ,United States,1751325439.0,1751325439,-82.4877,37.6583,10668.0,False,244.58,83.11,0.0,,11308.08,2175,False,0,2025-06-30 23:17:20
ab1d28,AAL1074 ,United States,1751325440.0,1751325440,-77.7229,34.371,10668.0,False,229.24,11.92,0.0,,11277.6,1457,False,0,2025-06-30 23:17:20
c03c6b,HRT370  ,Canada,1751325439.0,1751325439,-78.5491,44.787,7993.38,False,208.18,214.12,-8.78,,8336.28,7260,False,0,2025-06-30 23:17:20
aafd17,AAL1233 ,United States,1751325440.0,1751325440,-78.9614,29.1129,11033.76,False,238.45,193.35,-4.88,,11582.4,6540,False,0,2025-06-30 23:17:20
a170d9,AAY202  ,United States,1751325439.0,1751325440,-80.5399,28.7024,5554.98,False,204.06,93.32,7.8,,5867.4,3156,False,0,2025-06-30 23:17:20
a36f90,AAY116  ,United States,1751325439.0,1751325439,-121.6368,38.7955,11285.22,False,221.56,169.16,0.0,,11849.1,1653,False,0,2025-06-30 23:17:20
a36f7e,DAL642  ,United States,1751325440.0,1751325440,-103.9959,31.8528,10888.98,False,244.84,326.31,3.9,,11521.44,5764,True,0,2025-06-30 23:17:20
a9cdc2,N73020  ,United States,1751325440.0,1751325440,-93.699,41.8264,1341.12,False,39.26,5.26,-0.98,,1409.7,,False,0,2025-06-30 23:17:20
71bf82,KAL005  ,Republic of Korea,1751325439.0,1751325440,-114.9164,35.9981,1737.36,False,101.33,77.09,-4.88,,1775.46,,False,0,2025-06-30 23:17:20
a73dfe,JBU433  ,United States,1751325439.0,1751325440,-73.5545,24.5716,10668.0,False,222.96,127.03,0.65,,11247.12,,False,0,2025-06-30 23:17:20
ab1d2f,AAY1206 ,United States,1751325439.0,1751325440,-82.6915,33.6947,11582.4,False,235.66,317.92,-0.33,,12252.96,0273,False,0,2025-06-30 23:17:20
a35c44,N31536  ,United States,1751325439.0,1751325439,-82.8361,41.7217,579.12,False,63.99,24.71,-0.33,,541.02,,False,0,2025-06-30 23:17:20
a7f762,NKS2787 ,United States,1751325439.0,1751325439,-81.2133,30.9693,10370.82,False,258.77,180.0,0.0,,10980.42,2267,False,0,2025-06-30 23:17:20
aafd1f,DAL108  ,United States,1751325439.0,1751325439,-84.4091,33.6366,,True,8.23,90.0,,,,,False,0,2025-06-30 23:17:20
4caa9b,ITY603  ,Ireland,1751325440.0,1751325440,-68.0428,41.8782,11277.6,False,255.48,67.26,0.0,,11871.96,1173,False,0,2025-06-30 23:17:20
a6749f,N515GG  ,United States,1751325440.0,1751325440,-120.9124,38.8439,2171.7,False,69.34,33.81,1.63,,2247.9,4566,False,0,2025-06-30 23:17:20
a36f66,MDS320  ,United States,1751325440.0,1751325440,-86.8785,34.7873,5791.2,False,136.44,133.93,0.0,,6103.62,3616,False,0,2025-06-30 23:17:20
ad27ab,MTN7464 ,United States,1751325357.0,1751325413,-78.4464,40.2859,9448.8,False,72.41,223.56,0.33,,1889.76,4146,True,0,2025-06-30 23:17:20
abe7c5,SWA1382 ,United States,1751325439.0,1751325439,-92.8474,41.2125,10668.0,False,260.1,94.54,0.0,,11155.68,6040,False,0,2025-06-30 23:17:20
a050d8,N1196M  ,United States,1751325438.0,1751325438,-81.2417,29.6473,739.14,False,59.6,6.94,0.33,,746.76,,False,0,2025-06-30 23:17:20
a206f2,N23JC   ,United States,1751325439.0,1751325439,-120.9847,37.6917,1584.96,False,65.49,136.27,2.28,,1615.44,,False,0,2025-06-30 23:17:20
ad14a3,AAL2180 ,United States,1751325440.0,1751325440,-82.9647,33.5257,11582.4,False,244.39,277.5,0.0,,12260.58,0735,False,0,2025-06-30 23:17:20
a97dcb,DAL9950 ,United States,1751325439.0,1751325440,-83.1721,37.2055,12192.0,False,238.57,140.34,0.0,,12877.8,1773,False,0,2025-06-30 23:17:20
a206fc,SVL3    ,United States,1751325440.0,1751325440,-117.3346,33.1189,830.58,False,115.47,254.23,18.86,,830.58,,False,0,2025-06-30 23:17:20
ab0a35,JRE810  ,United States,1751325440.0,1751325440,-83.6896,35.708,13716.0,False,197.92,347.08,0.0,,14356.08,3643,False,0,2025-06-30 23:17:20
a816ca,FFT1085 ,United States,1751325150.0,1751325159,-112.0098,33.4331,,True,0.9,357.19,,,,1021,False,0,2025-06-30 23:17:20
abd536,SWA2235 ,United States,1751325439.0,1751325439,-116.3745,35.1251,7315.2,False,238.77,46.92,-0.33,,7719.06,4762,False,0,2025-06-30 23:17:20
a949f6,N698RS  ,United States,1751325439.0,1751325439,-111.9413,33.2654,1584.96,False,118.27,313.41,-0.98,,1607.82,4306,False,0,2025-06-30 23:17:20
ab2eff,N82F    ,United States,1751325440.0,1751325440,-117.0723,32.626,365.76,False,40.64,270.0,0.33,,304.8,,False,0,2025-06-30 23:17:20
ac086b,SWA3148 ,United States,1751325439.0,1751325440,-90.6363,41.6221,11590.02,False,198.39,263.3,0.0,,12115.8,7546,False,0,2025-06-30 23:17:20
aaa224,SWA2877 ,United States,1751325439.0,1751325439,-73.6792,42.317,7734.3,False,215.94,96.57,-7.48,,8145.78,6560,False,0,2025-06-30 23:17:20
c006db,CFCPM   ,Canada,1751325439.0,1751325439,-73.5926,45.9357,944.88,False,65.51,13.16,7.15,,922.02,,False,0,2025-06-30 23:17:20
a3ac7a,DAL1764 ,United States,1751325439.0,1751325440,-80.9739,31.3536,10027.92,False,262.96,187.31,-4.88,,10599.42,3030,False,0,2025-06-30 23:17:20
a1c0ec,UCA4295 ,United States,1751325439.0,1751325439,-79.9054,36.9534,10972.8,False,221.58,229.8,0.0,,11605.26,1371,False,0,2025-06-30 23:17:20
a7f6b9,FFT4001 ,United States,1751325439.0,1751325439,-96.5169,32.5745,9753.6,False,222.6,238.51,-0.33,,10378.44,0433,False,0,2025-06-30 23:17:20
aafbd5,N80692  ,United States,1751325439.0,1751325439,-122.9052,47.5843,2560.32,False,52.52,209.33,-0.33,,2644.14,,False,0,2025-06-30 23:17:20
a72c32,N561SA  ,United States,1751325440.0,1751325440,-88.4685,41.9935,792.48,False,66.76,118.54,-0.65,,784.86,,True,0,2025-06-30 23:17:20
ad6ec6,AAL1994 ,United States,1751325439.0,1751325439,-116.1487,33.5936,8839.2,False,238.02,86.9,-0.33,,9334.5,2020,False,0,2025-06-30 23:17:20
a1c0cf,N2119C  ,United States,1751325439.0,1751325440,-122.9822,42.0177,3703.32,False,92.84,355.87,-0.98,,3878.58,,False,0,2025-06-30 23:17:20
a420af,UPS9843 ,United States,1751325440.0,1751325440,-123.1425,44.9063,11894.82,False,223.8,179.34,0.0,,12405.36,3577,False,0,2025-06-30 23:17:20
a1c0e0,N2119V  ,United States,1751325423.0,1751325423,-116.0806,44.1936,2667.0,False,67.52,12.77,-2.28,,2827.02,,False,0,2025-06-30 23:17:20
a923a8,UAL1159 ,United States,1751325439.0,1751325440,-96.4342,30.392,10363.2,False,230.49,323.9,0.0,,11010.9,3121,False,0,2025-06-30 23:17:20
a923a9,UAL1518 ,United States,1751325438.0,1751325438,-72.5134,38.659,7985.76,False,233.21,315.98,-5.2,,8481.06,,False,0,2025-06-30 23:17:20
abe872,SWA2353 ,United States,1751325440.0,1751325440,-91.05,34.3516,11277.6,False,247.04,52.7,-0.33,,11948.16,7355,False,0,2025-06-30 23:17:20
ad2862,AAL1461 ,United States,1751325439.0,1751325439,-85.5667,42.2594,8404.86,False,284.71,87.72,6.5,,8793.48,6504,False,0,2025-06-30 23:17:20
ab1bf0,AAL2973 ,United States,1751325440.0,1751325440,-87.4685,35.5024,12496.8,False,250.53,71.57,-0.33,,13190.22,2204,False,0,2025-06-30 23:17:20
0c2069,CMP445  ,Panama,1751325376.0,1751325416,-81.3892,24.9661,10668.0,False,250.77,139.74,0.0,,11254.74,0771,False,0,2025-06-30 23:17:20
aa64ca,AAL2962 ,United States,1751325440.0,1751325440,-86.4701,39.1741,11277.6,False,244.15,117.75,0.0,,11910.06,7027,False,0,2025-06-30 23:17:20
a85f6f,N639CT  ,United States,1751325440.0,1751325440,-116.9166,32.7467,1082.04,False,48.18,300.12,0.0,,1074.42,,False,0,2025-06-30 23:17:20
a1c0d1,N2119E  ,United States,1751325430.0,1751325440,-72.6898,40.972,754.38,False,47.32,281.92,-0.33,,754.38,,False,0,2025-06-30 23:17:20
abd559,SWA205  ,United States,1751325439.0,1751325440,-104.8778,38.9324,7315.2,False,232.48,200.6,10.4,,7734.3,3232,False,0,2025-06-30 23:17:20
a540e2,AMX039  ,United States,1751325438.0,1751325438,-99.823,26.0038,12192.0,False,246.3,225.93,0.33,,12931.14,3432,False,0,2025-06-30 23:17:20
aaa244,UAL2608 ,United States,1751325428.0,1751325428,-81.9671,37.5522,10058.4,False,245.99,70.96,0.0,,10668.0,2442,False,0,2025-06-30 23:17:20
aaa247,SWA4597 ,United States,1751325440.0,1751325440,-121.4246,36.4963,5196.84,False,195.38,330.33,-10.4,,5425.44,,False,0,2025-06-30 23:17:20
a4cc98,CXK660  ,United States,1751325439.0,1751325439,-71.0676,42.7473,685.8,False,51.06,12.22,1.95,,685.8,,False,0,2025-06-30 23:17:20
a2f3d8,N29HH   ,United States,1751325406.0,1751325432,-81.3309,28.0201,723.9,False,80.94,260.12,0.0,,784.86,0005,False,0,2025-06-30 23:17:20
a446eb,,United States,1751325222.0,1751325222,-112.0073,33.4332,,True,4.12,334.69,,,,,False,0,2025-06-30 23:17:20
a5ec61,ASA34   ,United States,1751325438.0,1751325439,-83.4169,44.3698,10668.0,False,252.46,97.96,-0.33,,11148.06,2265,False,0,2025-06-30 23:17:20
ac3bf4,N888EC  ,United States,1751325438.0,1751325439,-85.767,38.8976,3063.24,False,86.43,343.4,1.3,,3147.06,6277,False,0,2025-06-30 23:17:20
ad6edb,N965BJ  ,United States,1751325305.0,1751325309,-120.1907,39.0277,2788.92,False,82.16,67.93,-2.28,,2910.84,1200,False,0,2025-06-30 23:17:20
abe892,SWA3410 ,United States,1751325439.0,1751325439,-108.3323,33.1595,11277.6,False,243.22,125.27,0.33,,11917.68,5224,False,0,2025-06-30 23:17:20
a7f6bf,N612FX  ,United States,1751325439.0,1751325440,-79.5541,29.6773,13670.28,False,232.02,180.25,-7.15,,14264.64,2676,False,0,2025-06-30 23:17:20
47ae38,NBT31D  ,Norway,1751325436.0,1751325436,-101.5088,46.8796,11574.78,False,254.29,221.88,0.33,,12031.98,,False,0,2025-06-30 23:17:20
a4df52,AAL591  ,United States,1751325439.0,1751325440,-85.2053,34.7154,10058.4,False,242.76,93.52,0.33,,10698.48,0423,False,0,2025-06-30 23:17:20
a3280a,VJA02   ,United States,1751325439.0,1751325439,-74.4467,40.9132,617.22,False,116.78,52.88,-3.58,,609.6,3556,False,0,2025-06-30 23:17:20
acf563,JSX909  ,United States,1751325440.0,1751325440,-116.8982,33.2553,2240.28,False,122.55,238.91,0.0,,2324.1,2414,False,0,2025-06-30 23:17:20
acf54f,JBU100  ,United States,1751325439.0,1751325439,-82.1333,25.7824,7315.2,False,216.69,127.09,0.33,,7726.68,2755,False,0,2025-06-30 23:17:20
ab7270,AAL3299 ,United States,1751325439.0,1751325439,-85.5084,39.413,8808.72,False,251.84,348.09,-4.55,,9326.88,2263,False,0,2025-06-30 23:17:20
a709e8,N5525H  ,United States,1751325334.0,1751325335,-84.2344,39.4775,518.16,False,41.62,351.47,-1.63,,495.3,,False,0,2025-06-30 23:17:20
c03c02,WJA723  ,Canada,1751325440.0,1751325440,-84.1228,45.2396,10972.8,False,219.08,295.3,0.33,,11430.0,0502,False,0,2025-06-30 23:17:20
aaa267,UAL2243 ,United States,1751325145.0,1751325145,-87.9082,41.9792,,True,2.06,174.38,,,,1761,False,0,2025-06-30 23:17:20
ad1560,JBU324  ,United States,1751325439.0,1751325439,-110.6597,34.6065,10073.64,False,242.73,99.02,0.0,,10637.52,2004,False,0,2025-06-30 23:17:20
ac3beb,DAL1233 ,United States,1751325436.0,1751325436,-73.7865,40.6573,,True,0.0,300.94,,,,,False,0,2025-06-30 23:17:20
a5ff34,CFR607  ,United States,1751325369.0,1751325371,-117.3932,33.7976,723.9,False,28.08,241.56,-1.3,,701.04,,False,0,2025-06-30 23:17:20
a6d6ae,N54MH   ,United States,1751325432.0,1751325433,-116.0686,38.3682,13106.4,False,231.63,264.26,0.33,,13769.34,,False,0,2025-06-30 23:17:20
abd57e,SWA3747 ,United States,1751325439.0,1751325440,-80.5317,35.8166,10668.0,False,223.29,8.75,0.0,,11300.46,7222,False,0,2025-06-30 23:17:20
a829e6,N625MC  ,United States,1751325440.0,1751325440,-118.7302,48.0536,6705.6,False,120.56,243.65,0.0,,7010.4,,False,0,2025-06-30 23:17:20
a72c10,EJA561  ,United States,1751325439.0,1751325440,-104.6992,39.8087,10408.92,False,224.51,288.85,-10.4,,10957.56,6004,False,0,2025-06-30 23:17:20
abd59a,SWA4438 ,United States,1751325437.0,1751325439,-109.3517,34.0906,12192.0,False,225.86,309.45,0.0,,12862.56,7427,False,0,2025-06-30 23:17:20
c03c04,WJA1589 ,Canada,1751325439.0,1751325439,-91.2565,42.082,12192.0,False,199.41,276.67,-0.33,,12702.54,1355,False,0,2025-06-30 23:17:20
adbeed,NKS2491 ,United States,1751325439.0,1751325439,-80.6457,33.0031,11879.58,False,219.41,28.73,0.33,,12557.76,2336,False,0,2025-06-30 23:17:20
ac926b,WUP909  ,United States,1751325440.0,1751325440,-105.8651,40.6091,7444.74,False,246.76,127.8,-11.38,,7886.7,4070,False,0,2025-06-30 23:17:20
aaa28d,SWA2962 ,United States,1751325420.0,1751325420,-117.5345,47.6258,,True,0.0,230.62,,,,,False,0,2025-06-30 23:17:20
a85f29,UAL1791 ,United States,1751325440.0,1751325440,-113.1994,41.1569,10058.4,False,245.41,77.65,0.0,,10576.56,,False,0,2025-06-30 23:17:20
a29212,FDX1207 ,United States,1751325433.0,1751325439,-122.2191,37.7163,,True,0.0,137.81,,,,,False,0,2025-06-30 23:17:20
a0b550,AAL1878 ,United States,1751325134.0,1751325206,-74.1677,40.6987,,True,0.0,5.62,,,,,False,0,2025-06-30 23:17:20
ad00e3,AAL1363 ,United States,1751325439.0,1751325439,-91.9405,36.4768,10972.8,False,220.48,186.3,0.0,,11612.88,1155,False,0,2025-06-30 23:17:20
a32867,SKW3770 ,United States,1751325439.0,1751325439,-123.0724,43.9491,10058.4,False,206.9,178.29,0.33,,10500.36,4603,False,0,2025-06-30 23:17:20
ac90f3,DAL732  ,United States,1751325440.0,1751325440,-85.506,42.4572,8404.86,False,219.73,271.34,7.48,,8785.86,,False,0,2025-06-30 23:17:20
ace0cf,NKS2162 ,United States,1751325438.0,1751325438,-82.5369,27.9857,,True,0.0,270.0,,,,,False,0,2025-06-30 23:17:20
a0fbb7,UAL2040 ,United States,1751325440.0,1751325440,-87.2384,42.4206,3291.84,False,134.63,249.42,-2.28,,3398.52,2437,False,0,2025-06-30 23:17:20
adac5d,AAL2465 ,United States,1751325440.0,1751325440,-104.9792,30.9776,11277.6,False,238.29,127.19,0.33,,11948.16,7220,False,0,2025-06-30 23:17:20
adac5a,NKS2533 ,United States,1751325439.0,1751325439,-73.7225,38.5611,9997.44,False,250.31,122.58,7.15,,10576.56,6541,False,0,2025-06-30 23:17:20
a36eae,DAL1075 ,United States,1751325439.0,1751325439,-70.6851,42.0627,2621.28,False,132.27,48.31,-3.58,,2727.96,3563,False,0,2025-06-30 23:17:20
a24ef7,AAY2248 ,United States,1751325439.0,1751325439,-84.3946,31.5503,10675.62,False,243.34,180.48,0.0,,11323.32,0734,False,0,2025-06-30 23:17:20
a3bebd,EJA340  ,United States,1751325439.0,1751325440,-79.9212,36.2748,6705.6,False,185.29,222.86,0.33,,7101.84,,False,0,2025-06-30 23:17:20
ace0d2,AAL1766 ,United States,1751325439.0,1751325439,-79.4786,34.855,10972.8,False,247.55,243.59,0.0,,11612.88,7235,False,0,2025-06-30 23:17:20
a18539,N1975F  ,United States,1751325228.0,1751325228,-84.7668,39.2744,312.42,False,31.58,257.77,-2.28,,259.08,,False,0,2025-06-30 23:17:20
a0653f,N1242U  ,United States,1751325437.0,1751325439,-89.0699,42.6261,640.08,False,34.59,202.75,3.58,,617.22,,False,0,2025-06-30 23:17:20
a96c72,SKW6314 ,United States,1751325440.0,1751325440,-85.0932,38.5576,5410.2,False,196.14,322.14,9.43,,5669.28,6733,False,0,2025-06-30 23:17:20
a12ee7,UAL1206 ,United States,1751325439.0,1751325439,-74.718,40.5361,1828.8,False,149.79,21.98,0.0,,1889.76,6750,False,0,2025-06-30 23:17:20
a32844,ENY4113 ,United States,1751325440.0,1751325440,-94.1475,33.7627,7940.04,False,238.9,60.45,-5.2,,8404.86,3452,False,0,2025-06-30 23:17:20
a923ef,UAL1983 ,United States,1751325439.0,1751325440,-96.597,42.14,10363.2,False,214.66,260.06,0.33,,10789.92,6206,False,0,2025-06-30 23:17:20
a12ee0,UAL1884 ,United States,1751325440.0,1751325440,-102.4021,38.0299,9989.82,False,225.33,312.87,-4.88,,10546.08,3773,False,0,2025-06-30 23:17:20
ac0818,SWA824  ,United States,1751325439.0,1751325439,-121.8832,37.3199,335.28,False,76.61,319.36,-4.23,,297.18,2711,False,0,2025-06-30 23:17:20
a9bc60,N7261Q  ,United States,1751325439.0,1751325439,-97.2427,38.9234,601.98,False,36.62,265.97,2.6,,617.22,,False,0,2025-06-30 23:17:20
a9bc68,N7261Y  ,United States,1751325439.0,1751325439,-112.1975,33.7898,1272.54,False,54.59,272.7,-0.33,,1234.44,0272,False,0,2025-06-30 23:17:20
a8af9d,QXE2192 ,United States,1751325440.0,1751325440,-124.293,48.18,10363.2,False,210.38,298.32,0.0,,10713.72,3511,False,0,2025-06-30 23:17:20
a12edc,N1755W  ,United States,1751325438.0,1751325439,-84.9938,43.2193,1737.36,False,87.38,190.52,-3.58,,1714.5,,False,0,2025-06-30 23:17:20
a96c50,N706RA  ,United States,1751325439.0,1751325439,-117.0995,32.8168,449.58,False,47.69,110.19,0.0,,403.86,,False,0,2025-06-30 23:17:20
abe80e,SWA1452 ,United States,1751325439.0,1751325439,-80.1465,33.0694,845.82,False,93.26,176.84,-5.2,,891.54,2310,False,0,2025-06-30 23:17:20
a923cd,UAL1136 ,United States,1751325440.0,1751325440,-99.0931,33.9165,10363.2,False,228.92,302.33,0.65,,10995.66,1227,False,0,2025-06-30 23:17:20
a923cf,UAL2127 ,United States,1751325439.0,1751325439,-81.118,35.5306,10668.0,False,233.46,53.33,0.0,,11308.08,7533,False,0,2025-06-30 23:17:20
a30246,SKW4145 ,United States,1751325439.0,1751325440,-122.007,47.6621,3710.94,False,163.16,222.19,-8.78,,3878.58,4601,False,0,2025-06-30 23:17:20
c00794,CRQ928  ,Canada,1751325440.0,1751325440,-73.5995,45.5661,708.66,False,98.17,214.11,-2.28,,678.18,,False,0,2025-06-30 23:17:20
a17277,N19234  ,United States,1751325439.0,1751325439,-121.9465,47.6476,1188.72,False,54.08,78.48,1.63,,1219.2,,False,0,2025-06-30 23:17:20
ab8537,SCX657  ,United States,1751325435.0,1751325438,-102.1328,41.2576,9753.6,False,227.14,242.04,0.0,,10256.52,3630,False,0,2025-06-30 23:17:20
a9bc12,RPA3542 ,United States,1751325376.0,1751325376,-87.8972,41.9704,,True,7.2,90.0,,,,,False,0,2025-06-30 23:17:20
a7d0c5,N602XL  ,United States,1751325394.0,1751325394,-96.6527,40.7724,1028.7,False,58.68,238.26,-1.3,,1051.56,,False,0,2025-06-30 23:17:20
a96c2e,JIA5202 ,United States,1751325281.0,1751325285,-84.4419,33.6415,,True,0.51,255.94,,,,0651,False,0,2025-06-30 23:17:20
abe82c,SWA257  ,United States,1751325439.0,1751325439,-84.5818,38.8268,10972.8,False,225.87,269.09,0.0,,11597.64,6514,False,0,2025-06-30 23:17:20
a8af5f,NKS2011 ,United States,1751325439.0,1751325439,-81.7266,36.2919,10965.18,False,236.39,191.68,0.0,,11612.88,4714,False,0,2025-06-30 23:17:20
a793fd,DAL791  ,United States,1751325440.0,1751325440,-79.5296,42.1787,10668.0,False,257.92,87.83,-0.33,,11254.74,1635,False,0,2025-06-30 23:17:20
c03af2,WJA1618 ,Canada,1751325440.0,1751325440,-83.2283,38.8705,11277.6,False,237.66,114.01,0.0,,11925.3,3056,False,0,2025-06-30 23:17:20
a4350c,DAL2047 ,United States,1751325440.0,1751325440,-77.477,42.0301,7650.48,False,215.6,181.23,6.83,,8054.34,7446,False,0,2025-06-30 23:17:20
ab8553,UAL768  ,United States,1751325439.0,1751325439,-93.798,41.5159,9159.24,False,198.08,269.11,0.0,,9555.48,6613,False,0,2025-06-30 23:17:20
a66239,JBU1501 ,United States,1751325430.0,1751325436,-73.7821,40.6326,,True,0.0,300.94,,,,,False,0,2025-06-30 23:17:20
a60bcb,UAL481  ,United States,1751325439.0,1751325439,-81.7275,46.4269,9136.38,False,203.42,242.27,-0.65,,9509.76,1310,False,0,2025-06-30 23:17:20
ac4f4c,SWA339  ,United States,1751325439.0,1751325439,-76.6758,38.7358,2583.18,False,158.0,60.76,-6.83,,2705.1,2045,False,0,2025-06-30 23:17:20
aa5237,AAL677  ,United States,1751325439.0,1751325439,-93.1289,43.7555,10058.4,False,262.77,117.52,0.33,,10370.82,3573,False,0,2025-06-30 23:17:20
a96ba2,JBU1287 ,United States,1751325439.0,1751325439,-81.1293,33.1519,10370.82,False,240.62,172.75,0.0,,10988.04,1413,False,0,2025-06-30 23:17:20
a2928e,N265LD  ,United States,1751325440.0,1751325440,-117.3292,32.9496,1097.28,False,46.58,276.34,-0.33,,1074.42,,False,0,2025-06-30 23:17:20
a5fef4,ASA357  ,United States,1751325439.0,1751325439,-102.2475,42.5916,10058.4,False,248.01,116.62,0.0,,10546.08,,False,0,2025-06-30 23:17:20
ac4f74,N8922V  ,United States,1751325439.0,1751325439,-82.6541,27.9289,190.5,False,35.14,287.9,-3.9,,220.98,0160,False,0,2025-06-30 23:17:20
a54267,N438SA  ,United States,1751325439.0,1751325439,-99.3161,31.7389,1813.56,False,70.63,79.51,-3.25,,1874.52,3053,False,0,2025-06-30 23:17:20
abd3a3,N861MB  ,United States,1751325156.0,1751325156,-112.0591,33.4634,,True,0.51,329.06,,,,0100,False,0,2025-06-30 23:17:20
a2e23f,CXK254  ,United States,1751325439.0,1751325439,-117.8939,34.1082,1242.06,False,56.63,114.7,0.0,,1257.3,1200,False,0,2025-06-30 23:17:20
ab83e8,DAL1656 ,United States,1751325440.0,1751325440,-85.6506,37.2103,10668.0,False,246.13,97.81,0.0,,11300.46,0070,False,0,2025-06-30 23:17:20
aa7881,N774GH  ,United States,1751325429.0,1751325432,-116.1955,43.0003,13106.4,False,222.97,295.56,-0.33,,13716.0,,False,0,2025-06-30 23:17:20
a84bd9,N6334V  ,United States,1751325439.0,1751325440,-122.8624,46.0876,1905.0,False,58.24,356.46,1.63,,1981.2,,False,0,2025-06-30 23:17:20
a84bbd,N63332  ,United States,1751325439.0,1751325440,-97.3696,32.8716,487.68,False,36.94,167.12,-1.63,,441.96,,False,0,2025-06-30 23:17:20
ac4f6f,SWA1094 ,United States,1751325439.0,1751325439,-81.2647,33.8116,11887.2,False,222.3,1.33,0.0,,12565.38,5457,False,0,2025-06-30 23:17:20
a0b59d,DAL2109 ,United States,1751325433.0,1751325439,-73.8624,40.7697,,True,0.0,45.0,,,,,False,0,2025-06-30 23:17:20
a6d88b,GJS4443 ,United States,1751325439.0,1751325439,-74.2005,40.6286,1203.96,False,110.52,215.91,12.68,,1234.44,1610,False,0,2025-06-30 23:17:20
ad13c4,N9414A  ,United States,1751325439.0,1751325439,-102.302,31.8235,1874.52,False,86.6,133.56,3.25,,1950.72,,False,0,2025-06-30 23:17:20
ab83f8,N841ED  ,United States,1751325439.0,1751325440,-84.5442,33.2021,1211.58,False,59.8,111.71,-3.58,,1242.06,1200,False,0,2025-06-30 23:17:20
ad5c30,ASA1046 ,United States,1751325434.0,1751325434,-122.8962,42.9097,11277.6,False,219.72,178.79,0.0,,11780.52,3570,False,0,2025-06-30 23:17:20
ad5c33,AAL1724 ,United States,1751325439.0,1751325439,-81.1893,42.9223,7315.2,False,174.9,228.34,0.33,,7650.48,2105,False,0,2025-06-30 23:17:20
a35bee,N3151Q  ,United States,1751325440.0,1751325440,-121.3789,39.9572,2567.94,False,54.01,197.74,0.0,,2636.52,,False,0,2025-06-30 23:17:20
a6d87f,LXJ540  ,United States,1751325440.0,1751325440,-119.7841,37.1295,9448.8,False,224.31,185.53,0.0,,9913.62,3626,False,0,2025-06-30 23:17:20
ad5c38,DAL1325 ,United States,1751325439.0,1751325440,-85.9297,35.1638,9555.48,False,232.28,141.84,-5.85,,10172.7,2024,False,0,2025-06-30 23:17:20
ac90a0,PDT5788 ,United States,1751325440.0,1751325440,-78.8988,35.646,8229.6,False,225.81,70.99,0.0,,8717.28,,False,0,2025-06-30 23:17:20
ac90a7,AAL1823 ,United States,1751325366.0,1751325371,-80.9687,35.2398,297.18,False,76.28,176.52,-3.9,,297.18,4177,False,0,2025-06-30 23:17:20
abd3c7,AAL2798 ,United States,1751325438.0,1751325439,-92.2964,35.1359,11277.6,False,252.36,39.04,0.33,,11948.16,2310,False,0,2025-06-30 23:17:20
a197d0,SGX201  ,United States,1751325440.0,1751325440,-74.2355,40.4647,1828.8,False,133.31,159.68,0.0,,1882.14,2740,False,0,2025-06-30 23:17:20
4caa41,EIN6PE  ,Ireland,1751325439.0,1751325439,-105.8943,43.911,11582.4,False,236.0,219.69,0.0,,12138.66,,False,0,2025-06-30 23:17:20
c00727,CRQ905  ,Canada,1751325438.0,1751325439,-75.9343,46.7553,6103.62,False,108.65,318.84,0.0,,6316.98,,False,0,2025-06-30 23:17:20
a4ded6,N41265  ,United States,1751325440.0,1751325440,-95.9619,41.137,975.36,False,47.06,285.86,3.25,,1005.84,,False,0,2025-06-30 23:17:20
a077f4,N1293T  ,United States,1751325439.0,1751325439,-80.202,26.0034,274.32,False,50.73,83.6,1.95,,320.04,,False,0,2025-06-30 23:17:20
abc0c1,SWA1483 ,United States,1751325439.0,1751325439,-89.4046,39.7552,11262.36,False,236.48,124.9,-4.55,,11856.72,3531,False,0,2025-06-30 23:17:20
a67535,LTA515  ,United States,1751325275.0,1751325275,-85.873,39.6178,929.64,False,71.67,66.75,0.0,,929.64,,False,0,2025-06-30 23:17:20
a197d6,N201XQ  ,United States,1751325388.0,1751325389,-119.8965,36.8627,2331.72,False,77.39,144.2,-0.33,,2400.3,3217,False,0,2025-06-30 23:17:20
aa0ec5,N747YV  ,United States,1751325276.0,1751325276,-118.4486,34.0194,,True,0.0,137.81,,,,,False,0,2025-06-30 23:17:20
aa0ec7,RPA3659 ,United States,1751325385.0,1751325385,-83.6472,45.7408,9083.04,False,201.61,238.46,-5.2,,9448.8,,False,0,2025-06-30 23:17:20
a7951e,N588RG  ,United States,1751325439.0,1751325439,-84.2134,43.4837,2788.92,False,89.61,164.69,0.0,,2834.64,,False,0,2025-06-30 23:17:20
a66217,N510GT  ,United States,1751325440.0,1751325440,-104.9984,40.3256,13716.0,False,255.09,141.3,0.33,,14333.22,4040,False,0,2025-06-30 23:17:20
adbf87,WUP985  ,United States,1751325440.0,1751325440,-82.2841,41.6066,14325.6,False,272.04,76.88,0.33,,14897.1,1473,False,0,2025-06-30 23:17:20
a4def4,N41270  ,United States,1751325439.0,1751325440,-116.9714,33.0753,1097.28,False,38.9,290.11,2.6,,1089.66,,False,0,2025-06-30 23:17:20
abc0e4,SWA2220 ,United States,1751325439.0,1751325439,-106.2672,31.9567,12192.0,False,230.07,268.21,0.0,,12877.8,5060,False,0,2025-06-30 23:17:20
a11d18,N171CB  ,United States,1751325440.0,1751325440,-121.3387,37.4077,2026.92,False,65.68,264.16,-0.65,,2072.64,,False,0,2025-06-30 23:17:20
