icao24,callsign,origin_country,time_position,last_contact,longitude,latitude,baro_altitude,on_ground,velocity,heading,vertical_rate,squawk,spi,position_source,category,other,timestamp
c07d0b,CGVJE   ,Canada,1751325317.0,1751325318,-74.5635,45.1216,396.24,False,48.19,196.11,0.0,,335.28,,False,0,2025-06-30 23:16:38
a5f852,RTY484  ,United States,1751325397.0,1751325397,-104.3513,40.7554,2179.32,False,62.37,28.04,0.0,,2278.38,,False,0,2025-06-30 23:16:38
a3b87f,DAL1765 ,United States,1751325398.0,1751325398,-94.4855,42.6087,10668.0,False,264.99,88.89,0.0,,11087.1,4330,False,0,2025-06-30 23:16:38
aaf633,UAL1208 ,United States,1751325398.0,1751325398,-112.7733,40.7217,10972.8,False,227.41,270.78,0.33,,11544.3,1411,False,0,2025-06-30 23:16:38
a5f845,N484JH  ,United States,1751325346.0,1751325353,-89.1573,33.3348,10363.2,False,179.32,201.19,0.0,,11003.28,0124,False,0,2025-06-30 23:16:38
ac4963,DAL675  ,United States,1751325398.0,1751325398,-102.4818,41.3267,10058.4,False,252.5,127.38,0.0,,10568.94,,False,0,2025-06-30 23:16:38
aae316,AAL3201 ,United States,1751325397.0,1751325397,-112.4838,37.1413,10972.8,False,232.43,233.46,0.0,,11582.4,6776,False,0,2025-06-30 23:16:38
a36898,DAL1378 ,United States,1751325397.0,1751325397,-83.6626,39.7299,9745.98,False,232.2,330.54,-0.98,,10294.62,3662,False,0,2025-06-30 23:16:38
acdfa3,ASA535  ,United States,1751325397.0,1751325398,-106.7766,41.6656,10363.2,False,229.84,297.02,-0.33,,10927.08,1474,False,0,2025-06-30 23:16:38
a5954e,UAL1612 ,United States,1751325397.0,1751325397,-86.9667,42.4951,3345.18,False,141.62,249.59,-12.03,,3459.48,4106,False,0,2025-06-30 23:16:38
abacb6,SCX9026 ,United States,1751325397.0,1751325398,-83.7162,30.9718,12192.0,False,221.21,0.0,0.0,,12854.94,6055,False,0,2025-06-30 23:16:38
a6aec4,N53HA   ,United States,1751325396.0,1751325397,-101.149,39.1176,10416.54,False,195.72,261.23,-4.55,,10957.56,,False,0,2025-06-30 23:16:38
a22248,N2368P  ,United States,1751325397.0,1751325397,-80.9793,29.1811,121.92,False,20.25,152.78,0.0,,121.92,,False,0,2025-06-30 23:16:38
acdfab,DAL2379 ,United States,1751325394.0,1751325396,-84.2248,33.7236,1318.26,False,106.49,142.85,-5.2,,1379.22,5234,False,0,2025-06-30 23:16:38
a3685d,JANET15 ,United States,1751325397.0,1751325397,-115.6793,36.3398,4937.76,False,196.83,307.14,0.65,,5227.32,,False,0,2025-06-30 23:16:38
a2ded8,SWA3931 ,United States,1751325304.0,1751325308,-104.66,39.8695,1600.2,False,78.21,181.13,-1.63,,1684.02,4102,False,0,2025-06-30 23:16:38
aae32c,N800PK  ,United States,1751325397.0,1751325398,-101.2862,38.9254,8221.98,False,149.35,113.12,0.0,,8663.94,,False,0,2025-06-30 23:16:38
a2355d,SKW3632 ,United States,1751325397.0,1751325398,-118.803,34.1581,3909.06,False,155.46,139.56,-7.8,,4084.32,3611,False,0,2025-06-30 23:16:38
a72533,N56GM   ,United States,1751325379.0,1751325380,-90.421,32.98,7620.0,False,146.36,14.04,0.0,,8077.2,7235,False,0,2025-06-30 23:16:38
adeca5,AAL1522 ,United States,1751325397.0,1751325397,-81.0128,35.232,2506.98,False,125.87,315.33,-8.78,,2636.52,1617,False,0,2025-06-30 23:16:38
a2228b,ASA266  ,United States,1751325397.0,1751325397,-124.267,48.6362,10668.0,False,239.51,144.71,0.0,,11041.38,3431,False,0,2025-06-30 23:16:38
aad012,UAL880  ,United States,1751325395.0,1751325396,-93.561,32.805,10058.4,False,267.49,29.62,0.0,,10668.0,4045,False,0,2025-06-30 23:16:38
abacd2,UAL624  ,United States,1751325395.0,1751325397,-102.6442,36.7204,11277.6,False,239.8,352.36,0.0,,11887.2,1456,False,0,2025-06-30 23:16:38
a47597,DAL1398 ,United States,1751325102.0,1751325102,-71.0047,42.3739,,True,1.8,199.69,,,,5634,False,0,2025-06-30 23:16:38
ab0361,AAL1826 ,United States,1751325398.0,1751325398,-89.7393,42.1608,8770.62,False,209.3,204.23,11.05,,9121.14,3173,False,0,2025-06-30 23:16:38
abf008,SWA4541 ,United States,1751325397.0,1751325397,-89.532,41.1507,5417.82,False,223.48,85.38,-14.63,,5631.18,3020,False,0,2025-06-30 23:16:38
a3426d,SFE2    ,United States,1751325316.0,1751325316,-98.1786,30.7489,480.06,False,26.7,64.92,2.28,,480.06,,False,0,2025-06-30 23:16:38
a4d838,DAL134  ,United States,1751325398.0,1751325398,-76.1703,44.4728,11277.6,False,262.11,66.15,0.0,,11826.24,2607,False,0,2025-06-30 23:16:38
accccd,N9238P  ,United States,1751325397.0,1751325397,-120.9892,38.0885,1402.08,False,65.16,231.41,-0.33,,1424.94,,False,0,2025-06-30 23:16:38
ac234f,UAL2621 ,United States,1751325397.0,1751325397,-89.3145,35.1267,10972.8,False,234.45,244.11,-0.33,,11643.36,0535,False,0,2025-06-30 23:16:38
a35592,JBU1880 ,United States,1751325397.0,1751325397,-77.0692,38.7672,2186.94,False,149.39,344.62,-6.5,,2278.38,2305,False,0,2025-06-30 23:16:38
ac101f,SWA1905 ,United States,1751325397.0,1751325398,-118.0503,33.9874,1729.74,False,127.43,263.28,-10.73,,1775.46,3253,False,0,2025-06-30 23:16:38
a39bfa,UAL8197 ,United States,1751325398.0,1751325398,-86.1622,42.5352,11582.4,False,208.88,269.29,0.0,,12092.94,2216,False,0,2025-06-30 23:16:38
ae5000,SHWK424 ,United States,1751325398.0,1751325398,-117.1248,32.5682,167.64,False,37.64,280.23,6.18,,114.3,,False,0,2025-06-30 23:16:38
ac3688,SWA2840 ,United States,1751325397.0,1751325397,-100.3673,38.3563,10668.0,False,255.17,115.69,0.0,,11247.12,,False,0,2025-06-30 23:16:38
a59529,N459SP  ,United States,1751325398.0,1751325398,-95.9519,32.9113,1676.4,False,49.54,164.95,2.6,,1729.74,1200,False,0,2025-06-30 23:16:38
a4755c,N387AS  ,United States,1751325260.0,1751325260,-97.4896,37.8024,1463.04,False,127.14,103.81,-8.78,,2179.32,,False,0,2025-06-30 23:16:38
a1abfc,N20693  ,United States,1751325397.0,1751325398,-89.0095,44.2855,952.5,False,32.58,338.7,-1.3,,914.4,,False,0,2025-06-30 23:16:38
a3689e,DAL381  ,United States,1751325398.0,1751325398,-98.8802,30.7986,7124.7,False,213.61,107.95,-11.7,,7566.66,1773,False,0,2025-06-30 23:16:38
ac1042,SWA1994 ,United States,1751325397.0,1751325397,-93.0311,30.0865,11887.2,False,232.78,106.43,-0.33,,12595.86,7332,False,0,2025-06-30 23:16:38
e8027a,LAN502  ,Chile,1751325398.0,1751325398,-80.7593,25.6382,2293.62,False,147.72,27.37,-7.15,,2446.02,,False,0,2025-06-30 23:16:38
ad5672,N959DS  ,United States,1751325390.0,1751325390,-90.982,33.6675,541.02,False,52.12,184.53,-0.65,,548.64,7045,False,0,2025-06-30 23:16:38
aa8075,ENY3501 ,United States,1751325397.0,1751325398,-89.7931,38.805,9144.0,False,218.37,218.98,0.33,,9662.16,6203,False,0,2025-06-30 23:16:38
adda1e,AAL2892 ,United States,1751325398.0,1751325398,-108.0824,32.2034,11277.6,False,248.8,103.63,-0.33,,11940.54,6022,False,0,2025-06-30 23:16:38
ae74e1,ZEUS22  ,United States,1751325370.0,1751325371,-78.7725,35.8666,152.4,False,19.28,316.08,-2.6,,129.54,,False,0,2025-06-30 23:16:38
adda23,DAL2480 ,United States,1751325397.0,1751325397,-84.2518,41.1054,6400.8,False,199.86,338.72,0.0,,6705.6,2170,False,0,2025-06-30 23:16:38
aae1ea,AAL175  ,United States,1751325397.0,1751325397,-118.952,44.4043,10965.18,False,248.29,300.23,-0.33,,11490.96,2212,False,0,2025-06-30 23:16:38
a95251,N70BC   ,United States,1751325084.0,1751325084,-79.2069,37.7495,4861.56,False,192.36,235.46,-0.98,,5120.64,5334,False,0,2025-06-30 23:16:38
aded77,JBU1052 ,United States,1751325396.0,1751325396,-77.7747,33.0337,10683.24,False,227.91,3.88,0.0,,11262.36,,False,0,2025-06-30 23:16:38
ae0d91,R24648  ,United States,1751325397.0,1751325398,-78.9176,35.1333,182.88,False,40.21,266.33,-2.6,,182.88,,False,0,2025-06-30 23:16:38
ad41cd,SWA2366 ,United States,1751325397.0,1751325397,-91.796,31.4779,12192.0,False,233.02,275.32,0.0,,12900.66,1076,False,0,2025-06-30 23:16:38
a127bb,UAL1759 ,United States,1751325324.0,1751325324,-108.3495,42.87,10972.8,False,224.74,309.52,0.33,,11544.3,3204,False,0,2025-06-30 23:16:38
e80244,,Chile,1751325396.0,1751325396,-82.0153,24.9429,10972.8,False,223.5,312.95,0.0,,11567.16,,False,0,2025-06-30 23:16:38
a52bfb,EJA432  ,United States,1751325396.0,1751325396,-122.1081,43.1544,12626.34,False,226.69,344.2,-10.08,,13220.7,1357,False,0,2025-06-30 23:16:38
ac491d,DAL1739 ,United States,1751325397.0,1751325398,-87.3727,38.7247,10058.4,False,230.75,168.16,0.0,,10668.0,1314,False,0,2025-06-30 23:16:38
a4c592,JBU834  ,United States,1751325398.0,1751325398,-71.1882,42.3335,2438.4,False,132.2,39.95,0.0,,2537.46,3256,False,0,2025-06-30 23:16:38
a114f4,AAL3303 ,United States,1751325397.0,1751325397,-90.9908,42.9542,9105.9,False,266.69,115.48,-2.6,,9425.94,6700,False,0,2025-06-30 23:16:38
a5958c,SWA543  ,United States,1751325397.0,1751325397,-76.6214,39.1722,655.32,False,129.67,91.14,2.28,,655.32,2445,False,0,2025-06-30 23:16:38
a8584a,FFT2697 ,United States,1751325272.0,1751325272,-112.0083,33.4333,,True,5.14,329.06,,,,2161,False,0,2025-06-30 23:16:38
a1ad49,N207P   ,United States,1751325397.0,1751325397,-105.3444,31.2147,7620.0,False,119.76,126.97,0.0,,8069.58,,False,0,2025-06-30 23:16:38
aa099e,JBU8034 ,United States,1751325397.0,1751325397,-70.9069,42.5655,1181.1,False,91.71,201.38,-3.58,,1219.2,4014,False,0,2025-06-30 23:16:38
4cc2a7,ICE670  ,Iceland,1751325394.0,1751325396,-101.6807,40.3461,9182.1,False,252.44,79.19,3.58,,9662.16,,False,0,2025-06-30 23:16:38
a0f4b5,DAL938  ,United States,1751325393.0,1751325396,-73.7811,40.6301,,True,0.0,30.94,,,,2714,False,0,2025-06-30 23:16:38
4cc2a6,ICE671  ,Iceland,1751325397.0,1751325397,-100.5662,45.228,11582.4,False,237.77,211.28,0.0,,12016.74,,False,0,2025-06-30 23:16:38
ab6fbf,DAL28   ,United States,1751325397.0,1751325397,-68.3562,41.6535,10058.4,False,263.88,61.09,0.0,,10561.32,7176,False,0,2025-06-30 23:16:38
a14a18,N182WK  ,United States,1751325398.0,1751325398,-95.0181,38.7728,1828.8,False,71.71,222.96,-1.95,,1866.9,,False,0,2025-06-30 23:16:38
aaf617,SCX740  ,United States,1751325398.0,1751325398,-96.115,32.0613,8221.98,False,230.47,320.16,-12.68,,8755.38,4124,False,0,2025-06-30 23:16:38
a247f0,SKW3869 ,United States,1751325397.0,1751325398,-87.6862,41.7384,563.88,False,70.25,312.92,-3.25,,533.4,4114,False,0,2025-06-30 23:16:38
a8a82f,QXE2056 ,United States,1751325398.0,1751325398,-120.7239,37.1671,8191.5,False,208.8,185.51,-5.2,,8572.5,1531,False,0,2025-06-30 23:16:38
a85887,JBU2924 ,United States,1751325397.0,1751325397,-71.1492,41.8453,3352.8,False,136.87,60.26,0.0,,3505.2,4127,False,0,2025-06-30 23:16:38
a14a35,N182XP  ,United States,1751325186.0,1751325193,-89.7776,43.2923,571.5,False,48.87,180.0,-2.6,,518.16,,False,0,2025-06-30 23:16:38
a5827b,N454RM  ,United States,1751325345.0,1751325346,-111.4341,40.4522,4800.6,False,130.62,187.01,-4.88,,5105.4,1200,False,0,2025-06-30 23:16:38
aa3d45,N759UL  ,United States,1751325397.0,1751325398,-121.335,47.6688,3169.92,False,60.7,180.0,-0.65,,3314.7,1200,False,0,2025-06-30 23:16:38
aa07f9,UAL576  ,United States,1751325398.0,1751325398,-109.231,38.9897,10355.58,False,235.04,235.16,-0.33,,10949.94,3522,False,0,2025-06-30 23:16:38
a3ed69,DAL1482 ,United States,1751325398.0,1751325398,-80.058,37.3044,10980.42,False,224.61,240.5,-0.33,,11628.12,7005,False,0,2025-06-30 23:16:38
a5f7e5,N484EM  ,United States,1751325397.0,1751325397,-97.0259,32.9494,373.38,False,64.82,180.45,-3.58,,358.14,3660,False,0,2025-06-30 23:16:38
a38a50,        ,United States,1751325398.0,1751325398,-103.4866,32.8159,2590.8,False,73.7,299.25,0.0,,2674.62,,False,0,2025-06-30 23:16:38
a5f7bc,N484CW  ,United States,1751325397.0,1751325398,-96.8557,32.6711,365.76,False,83.1,131.49,13.33,,373.38,,False,0,2025-06-30 23:16:38
a737c7,SWA4587 ,United States,1751325395.0,1751325395,-97.6615,30.2025,,True,0.0,275.62,,,,3542,False,0,2025-06-30 23:16:38
a0e1f5,N156RE  ,United States,1751325398.0,1751325398,-74.6495,39.6533,8427.72,False,214.27,225.49,12.35,,8945.88,1137,False,0,2025-06-30 23:16:38
accd13,AAL1329 ,United States,1751325397.0,1751325397,-80.1513,25.6593,2651.76,False,154.6,296.48,-5.53,,2819.4,,False,0,2025-06-30 23:16:38
accd10,ASA534  ,United States,1751325398.0,1751325398,-106.4859,31.8492,11277.6,False,232.97,100.69,0.0,,11940.54,1734,False,0,2025-06-30 23:16:38
a64d4d,JBU37   ,United States,1751325397.0,1751325397,-73.2392,42.2651,5593.08,False,192.2,263.24,10.08,,5867.4,7040,False,0,2025-06-30 23:16:38
a091f3,EDV5067 ,United States,1751325382.0,1751325382,-73.7663,40.6497,,True,6.43,28.12,,,,,False,0,2025-06-30 23:16:38
a63a23,N500CA  ,United States,1751325378.0,1751325378,-86.9143,36.1047,632.46,False,75.89,192.53,0.65,,624.84,,False,0,2025-06-30 23:16:38
a0f4f6,DAL771  ,United States,1751325397.0,1751325397,-88.2237,42.8332,10370.82,False,208.37,270.85,0.0,,10797.54,1505,False,0,2025-06-30 23:16:38
a88d20,N650EB  ,United States,1751325397.0,1751325397,-107.664,38.3849,12496.8,False,265.38,60.5,0.0,,13136.88,1011,False,0,2025-06-30 23:16:38
ab14d9,DAL1956 ,United States,1751325311.0,1751325314,-84.4289,33.6427,,True,0.0,270.0,,,,5313,False,0,2025-06-30 23:16:38
aaf4d3,N805DZ  ,United States,1751325397.0,1751325397,-121.8911,38.6329,2598.42,False,62.16,12.43,10.08,,2689.86,5263,False,0,2025-06-30 23:16:38
a02a95,N11HM   ,United States,1751325398.0,1751325398,-118.7059,48.0501,11430.0,False,257.93,94.23,-0.65,,11871.96,3530,False,0,2025-06-30 23:16:38
a1ad5a,SKW5466 ,United States,1751325371.0,1751325371,-87.9089,41.9716,,True,10.29,84.38,,,,,False,0,2025-06-30 23:16:38
a6f28c,GJS4418 ,United States,1751325396.0,1751325396,-77.4476,38.9442,,True,5.66,267.19,,,,,False,0,2025-06-30 23:16:38
a3ed0f,EJM352  ,United States,1751325398.0,1751325398,-91.5259,38.63,13716.0,False,258.56,73.94,0.0,,14325.6,2642,False,0,2025-06-30 23:16:38
a3b7d1,LXJ339  ,United States,1751325398.0,1751325398,-77.4898,38.3435,11902.44,False,231.1,58.01,-3.25,,12580.62,3066,False,0,2025-06-30 23:16:38
a3b7cb,FFT24   ,United States,1751325306.0,1751325334,-78.0024,25.0898,10972.8,False,232.97,318.85,0.0,,11544.3,,False,0,2025-06-30 23:16:38
ae0d0b,SENTRY1 ,United States,1751325393.0,1751325394,-77.4545,38.2447,335.28,False,53.73,120.49,0.33,,297.18,,False,0,2025-06-30 23:16:38
a40d8d,DAL1407 ,United States,1751325397.0,1751325397,-78.1346,37.16,7833.36,False,244.85,33.26,5.2,,8305.8,1306,False,0,2025-06-30 23:16:38
a9a266,N72NG   ,United States,1751325397.0,1751325397,-117.6188,32.9547,3093.72,False,105.75,291.7,8.45,,3230.88,,False,0,2025-06-30 23:16:38
a40d7a,DAL2004 ,United States,1751325397.0,1751325397,-109.3699,38.6687,11269.98,False,236.13,36.5,-0.33,,11871.96,2073,False,0,2025-06-30 23:16:38
a64d15,N505FW  ,United States,1751325305.0,1751325309,-97.3449,32.8411,342.9,False,44.9,198.02,0.0,,312.42,,False,0,2025-06-30 23:16:38
c04829,ROU1641 ,Canada,1751325398.0,1751325398,-75.4583,38.2178,10668.0,False,237.47,27.62,0.0,,11300.46,1026,False,0,2025-06-30 23:16:38
acba1b,SWA3613 ,United States,1751325397.0,1751325397,-116.2313,43.212,10972.8,False,210.27,278.72,0.0,,11490.96,,False,0,2025-06-30 23:16:38
a5f7c6,CFR609  ,United States,1751325373.0,1751325394,-117.3983,33.7872,678.18,False,6.22,24.44,-3.58,,655.32,,False,0,2025-06-30 23:16:38
a39d95,DAL921  ,United States,1751325397.0,1751325397,-84.6794,33.5429,3642.36,False,133.82,91.76,0.65,,3825.24,2306,False,0,2025-06-30 23:16:38
ad8a23,CXK103  ,United States,1751325397.0,1751325397,-117.0156,33.0635,1341.12,False,38.49,278.46,2.6,,1371.6,,False,0,2025-06-30 23:16:38
ad9d59,N97674  ,United States,1751325398.0,1751325398,-118.0307,33.6672,792.48,False,51.49,68.3,0.98,,762.0,,False,0,2025-06-30 23:16:38
a64d27,N505GP  ,United States,1751325398.0,1751325398,-75.5728,38.6128,8039.1,False,191.01,210.78,4.88,,8496.3,,False,0,2025-06-30 23:16:38
aa0909,ENY3482 ,United States,1751325284.0,1751325284,-87.9094,41.9829,,True,14.4,90.0,,,,2432,False,0,2025-06-30 23:16:38
a831ce,N627S   ,United States,1751325397.0,1751325398,-120.8219,37.7283,624.84,False,62.8,161.86,3.9,,594.36,,False,0,2025-06-30 23:16:38
a5d1f7,SWA2590 ,United States,1751325398.0,1751325398,-116.3513,34.1085,11277.6,False,244.22,110.73,0.33,,11902.44,2010,False,0,2025-06-30 23:16:38
a99a52,FFT2083 ,United States,1751325397.0,1751325397,-112.4116,33.1683,4191.0,False,175.37,226.19,12.03,,4427.22,0753,False,0,2025-06-30 23:16:38
a28fac,N264US  ,United States,1751325397.0,1751325397,-97.5144,31.7734,2575.56,False,56.36,123.84,0.0,,2712.72,,False,0,2025-06-30 23:16:38
ad4250,N9531J  ,United States,1751325397.0,1751325398,-96.5867,33.1615,426.72,False,38.24,95.4,3.25,,396.24,1200,False,0,2025-06-30 23:16:38
a03ce6,AAL1452 ,United States,1751325398.0,1751325398,-81.1796,32.0021,10058.4,False,221.11,25.79,0.0,,10637.52,2366,False,0,2025-06-30 23:16:38
ab0293,N80841  ,United States,1751325394.0,1751325395,-85.995,43.2877,914.4,False,43.74,358.65,-0.98,,883.92,,False,0,2025-06-30 23:16:38
a59601,UAL415  ,United States,1751325397.0,1751325398,-74.0581,46.9889,11582.4,False,229.48,268.97,-0.33,,12085.32,2517,False,0,2025-06-30 23:16:38
c020f0,CFMMH   ,Canada,1751325397.0,1751325397,-73.1317,45.54,548.64,False,50.63,84.75,-0.33,,518.16,,False,0,2025-06-30 23:16:38
c07c7a,ACA512  ,Canada,1751325397.0,1751325397,-92.7252,45.7427,10447.02,False,213.36,256.33,1.3,,10706.1,6711,False,0,2025-06-30 23:16:38
a53fc8,N4372L  ,United States,1751325085.0,1751325085,-97.5167,32.547,792.48,False,95.85,293.4,-2.28,,838.2,7424,True,0,2025-06-30 23:16:38
a831e5,SKW6967 ,United States,1751325397.0,1751325397,-90.0262,42.1285,11247.12,False,173.56,267.28,5.85,,11750.04,6257,False,0,2025-06-30 23:16:38
a87a0d,BPX213  ,United States,1751325394.0,1751325395,-81.1721,29.6093,967.74,False,41.88,232.99,-0.33,,1021.08,1200,False,0,2025-06-30 23:16:38
a724e3,N56DG   ,United States,1751325398.0,1751325398,-71.3601,43.2907,922.02,False,50.15,169.96,0.0,,914.4,,False,0,2025-06-30 23:16:38
a5d1b9,UAL2161 ,United States,1751325387.0,1751325387,-92.8708,31.6376,10058.4,False,246.47,68.58,0.0,,10668.0,7211,False,0,2025-06-30 23:16:38
a3696e,DAL1623 ,United States,1751325124.0,1751325124,-111.9855,40.787,,True,7.72,264.38,,,,2710,False,0,2025-06-30 23:16:38
a6f1a4,N54678  ,United States,1751325396.0,1751325396,-118.0555,34.0699,441.96,False,37.04,270.0,3.58,,396.24,,False,0,2025-06-30 23:16:38
a8dd30,N670RA  ,United States,1751325398.0,1751325398,-99.3976,34.0503,7947.66,False,148.19,271.19,0.0,,8382.0,6236,False,0,2025-06-30 23:16:38
a9fd29,N7426G  ,United States,1751325395.0,1751325396,-122.4421,48.545,335.28,False,47.66,166.26,-0.33,,335.28,,False,0,2025-06-30 23:16:38
a75a21,LXJ573  ,United States,1751325397.0,1751325397,-82.7339,41.9551,6560.82,False,219.85,104.36,-6.18,,6850.38,7236,False,0,2025-06-30 23:16:38
a977f8,N709WG  ,United States,1751325198.0,1751325198,-116.9702,32.7944,304.8,False,57.62,352.3,-2.6,,251.46,,False,0,2025-06-30 23:16:38
a9b4a4,RPA3663 ,United States,1751325351.0,1751325351,-87.9041,41.9704,,True,9.26,90.0,,,,,False,0,2025-06-30 23:16:38
a23675,UCA4854 ,United States,1751325398.0,1751325398,-90.4771,32.0603,10972.8,False,228.84,245.57,0.33,,11628.12,1417,False,0,2025-06-30 23:16:38
ab5d03,KSU31   ,United States,1751325397.0,1751325397,-97.4149,38.7123,1203.96,False,41.2,285.95,5.2,,1257.3,,False,0,2025-06-30 23:16:38
a4b1f9,N401SS  ,United States,1751325397.0,1751325397,-105.4382,40.2301,2926.08,False,56.63,177.92,0.33,,3116.58,,False,0,2025-06-30 23:16:38
a7aa1f,SCU17   ,United States,1751325353.0,1751325353,-96.4559,36.105,1059.18,False,49.58,337.43,-9.1,,1066.8,,False,0,2025-06-30 23:16:38
a27cc9,N26BM   ,United States,1751325397.0,1751325397,-122.3229,47.5331,182.88,False,60.21,123.15,-1.95,,152.4,,False,0,2025-06-30 23:16:38
a831b2,QXE2003 ,United States,1751325346.0,1751325349,-114.14,38.7898,10668.0,False,238.71,146.07,0.33,,11216.64,,False,0,2025-06-30 23:16:38
a0e314,N15617  ,United States,1751325396.0,1751325397,-97.6437,38.8803,868.68,False,33.97,1.74,2.93,,899.16,,False,0,2025-06-30 23:16:38
a977bb,DAL304  ,United States,1751325398.0,1751325398,-84.0863,41.9865,4754.88,False,192.93,79.71,-1.63,,4922.52,1307,False,0,2025-06-30 23:16:38
a08021,AAL1070 ,United States,1751325398.0,1751325398,-82.6742,28.2793,1630.68,False,116.31,88.48,-5.53,,1737.36,2205,False,0,2025-06-30 23:16:38
a3560b,DAL2817 ,United States,1751325323.0,1751325323,-122.3086,47.4461,,True,6.43,126.56,,,,6062,False,0,2025-06-30 23:16:38
ac47b7,SWA3579 ,United States,1751325391.0,1751325391,-87.7469,41.7874,,True,4.12,258.75,,,,,False,0,2025-06-30 23:16:38
c046f7,WJA1565 ,Canada,1751325397.0,1751325398,-118.9553,38.8504,11582.4,False,245.21,356.99,0.0,,12176.76,6711,False,0,2025-06-30 23:16:38
c07e2c,ACA1187 ,Canada,1751325398.0,1751325398,-75.0793,39.9035,640.08,False,93.85,254.74,-1.3,,640.08,4224,False,0,2025-06-30 23:16:38
a2ccee,N28PG   ,United States,1751325300.0,1751325305,-123.2188,44.1132,144.78,False,28.31,357.92,-1.95,,106.68,,False,0,2025-06-30 23:16:38
a59662,N4593X  ,United States,1751325396.0,1751325396,-118.4272,34.025,335.28,False,42.97,328.21,-0.65,,289.56,,False,0,2025-06-30 23:16:38
aa8114,UAL1470 ,United States,1751325398.0,1751325398,-101.7391,42.3301,11277.6,False,262.7,85.39,0.0,,11811.0,,False,0,2025-06-30 23:16:38
a46345,FFT1476 ,United States,1751325397.0,1751325397,-92.5125,34.1093,11277.6,False,249.37,65.76,0.0,,11948.16,0532,False,0,2025-06-30 23:16:38
aa8110,N776TX  ,United States,1751325398.0,1751325398,-117.0014,33.3071,1440.18,False,66.4,310.6,0.98,,1463.04,,False,0,2025-06-30 23:16:38
a40cdf,LXJ360  ,United States,1751325398.0,1751325398,-107.3865,42.5755,13106.4,False,206.93,304.88,-0.33,,13708.38,6264,False,0,2025-06-30 23:16:38
ac2412,SWA1089 ,United States,1751325397.0,1751325397,-99.9134,31.131,10363.2,False,214.81,293.13,0.0,,11003.28,7434,False,0,2025-06-30 23:16:38
a5e635,N47990  ,United States,1751325397.0,1751325398,-82.1853,40.715,1508.76,False,66.79,49.69,0.0,,1516.38,6654,False,0,2025-06-30 23:16:38
a5e632,N4799X  ,United States,1751325386.0,1751325386,-81.6387,30.3265,944.88,False,40.03,115.91,0.98,,1005.84,,False,0,2025-06-30 23:16:38
ad9db0,ASA1434 ,United States,1751325398.0,1751325398,-119.4194,35.0381,10668.0,False,237.47,143.28,-0.33,,11224.26,3746,False,0,2025-06-30 23:16:38
c07e32,ACA1092 ,Canada,1751325397.0,1751325398,-98.3449,39.6005,10660.38,False,262.64,67.3,-0.33,,11216.64,5700,False,0,2025-06-30 23:16:38
c07e33,ACA759  ,Canada,1751325397.0,1751325397,-82.3028,43.0126,8999.22,False,212.83,238.04,1.63,,9441.18,6357,False,0,2025-06-30 23:16:38
a41ffc,MVK77   ,United States,1751325358.0,1751325358,-94.2284,44.2378,1272.54,False,45.51,264.16,0.33,,1272.54,,False,0,2025-06-30 23:16:38
a1f018,N224CJ  ,United States,1751325397.0,1751325397,-92.8305,44.6775,929.64,False,123.0,259.4,0.0,,929.64,4570,False,0,2025-06-30 23:16:38
a2dffe,UAL1920 ,United States,1751325397.0,1751325398,-106.7279,40.8147,10972.8,False,227.63,235.12,0.0,,11567.16,7270,False,0,2025-06-30 23:16:38
abadd6,SWA1138 ,United States,1751325397.0,1751325398,-107.4406,36.2967,11582.4,False,224.18,251.4,0.0,,12199.62,6421,False,0,2025-06-30 23:16:38
ad574f,,United States,1751325396.0,1751325396,-107.6603,40.4567,11277.6,False,236.33,76.66,0.0,,11871.96,,False,0,2025-06-30 23:16:38
a6f30e,N547MP  ,United States,1751325398.0,1751325398,-90.4852,38.3745,4366.26,False,132.61,197.38,10.08,,4564.38,1714,False,0,2025-06-30 23:16:38
ac2439,SWA3228 ,United States,1751325398.0,1751325398,-97.6829,30.3535,914.4,False,99.34,178.22,-4.88,,975.36,1226,False,0,2025-06-30 23:16:38
a2ccbf,N28MK   ,United States,1751325397.0,1751325397,-89.8227,42.5146,1539.24,False,68.84,80.54,0.0,,1546.86,,False,0,2025-06-30 23:16:38
c035bb,JZA965  ,Canada,1751325398.0,1751325398,-76.146,45.9473,9479.28,False,181.1,281.47,5.85,,9898.38,,False,0,2025-06-30 23:16:38
a41ff5,N365MC  ,United States,1751325397.0,1751325398,-83.1907,25.6432,9745.98,False,232.75,301.44,0.0,,10309.86,,False,0,2025-06-30 23:16:38
e49f22,,Brazil,1751325205.0,1751325205,-77.4413,27.3428,9448.8,False,208.16,313.4,0.0,,9959.34,,False,0,2025-06-30 23:16:38
a7130c,SWA2404 ,United States,1751325397.0,1751325397,-122.2445,38.477,6758.94,False,232.28,355.3,12.03,,7033.26,3333,False,0,2025-06-30 23:16:38
c035d4,JZA596  ,Canada,1751325398.0,1751325398,-121.5937,39.1241,1645.92,False,136.42,174.59,-5.85,,1691.64,2655,False,0,2025-06-30 23:16:38
a46310,DAL1284 ,United States,1751325396.0,1751325398,-87.2769,32.4613,10050.78,False,244.95,241.39,3.58,,10668.0,7716,False,0,2025-06-30 23:16:38
a5702a,N45EC   ,United States,1751325398.0,1751325398,-121.8977,38.0428,556.26,False,48.37,203.84,0.65,,510.54,1200,False,0,2025-06-30 23:16:38
a1acdb,RPA5883 ,United States,1751325397.0,1751325398,-74.3442,42.1629,11582.4,False,204.96,262.5,-0.33,,12192.0,6302,False,0,2025-06-30 23:16:38
a76cc0,GJS4555 ,United States,1751325397.0,1751325398,-86.8116,41.7913,3680.46,False,183.87,350.01,-0.33,,3787.14,1565,False,0,2025-06-30 23:16:38
a2101f,MXY612  ,United States,1751325397.0,1751325397,-119.4288,35.2921,9357.36,False,237.95,297.84,11.38,,9837.42,7265,False,0,2025-06-30 23:16:38
a9ea7d,N738TS  ,United States,1751325397.0,1751325397,-119.3104,36.0464,7010.4,False,143.11,171.32,0.0,,7330.44,2266,False,0,2025-06-30 23:16:38
a9ea7e,N738TT  ,United States,1751325397.0,1751325397,-92.0249,42.0578,822.96,False,39.57,15.84,5.2,,784.86,,False,0,2025-06-30 23:16:38
a36994,EDV5012 ,United States,1751325392.0,1751325397,-73.7841,40.6336,,True,0.0,118.12,,,,,False,0,2025-06-30 23:16:38
ac377b,SWA246  ,United States,1751325397.0,1751325397,-90.2387,40.4796,9128.76,False,262.79,41.43,-11.05,,9608.82,4065,False,0,2025-06-30 23:16:38
3c4b33,DLH457  ,Germany,1751325398.0,1751325398,-113.933,36.7044,10058.4,False,267.38,54.48,0.33,,10607.04,1042,False,0,2025-06-30 23:16:38
3c4b31,DLH441  ,Germany,1751325398.0,1751325398,-87.778,40.9161,10668.0,False,284.05,23.59,0.0,,11209.02,4037,False,0,2025-06-30 23:16:38
abadf9,SWA4742 ,United States,1751325393.0,1751325398,-111.994,33.4321,,True,0.0,90.0,,,,,False,0,2025-06-30 23:16:38
3c4b26,DLH403  ,Germany,1751325349.0,1751325349,-74.1737,40.6915,,True,0.0,323.44,,,,,False,0,2025-06-30 23:16:38
adedaa,DCM7190 ,United States,1751325398.0,1751325398,-80.7935,33.5413,3520.44,False,141.45,169.1,-7.48,,3688.08,,False,0,2025-06-30 23:16:38
a9ea4d,N738RU  ,United States,1751325398.0,1751325398,-87.6253,41.5728,762.0,False,53.7,274.95,0.33,,723.9,1200,False,0,2025-06-30 23:16:38
ab4af1,AAL739  ,United States,1751325397.0,1751325397,-71.3102,41.3581,3429.0,False,198.51,165.75,15.61,,3566.16,,False,0,2025-06-30 23:16:38
ac245c,SWA1495 ,United States,1751325397.0,1751325398,-81.4822,36.8022,11582.4,False,237.51,238.82,0.0,,12268.2,6577,False,0,2025-06-30 23:16:38
ab0485,AAL368  ,United States,1751325398.0,1751325398,-79.8542,25.6487,3291.84,False,171.37,110.01,4.88,,3474.72,,False,0,2025-06-30 23:16:38
a97906,N7095B  ,United States,1751325398.0,1751325398,-117.1069,34.0501,822.96,False,56.53,139.06,-0.65,,807.72,1255,False,0,2025-06-30 23:16:38
c01081,CFGGM   ,Canada,1751325167.0,1751325167,-82.1703,42.2317,632.46,False,60.51,63.22,-0.65,,571.5,,False,0,2025-06-30 23:16:38
3c4b35,DLH431  ,Germany,1751325357.0,1751325373,-82.7961,47.442,10058.4,False,302.26,38.16,0.0,,10393.68,,False,0,2025-06-30 23:16:38
a9ea5d,SKW3704 ,United States,1751325376.0,1751325376,-107.9283,39.0097,7673.34,False,218.93,69.65,-10.73,,8267.7,1340,False,0,2025-06-30 23:16:38
ad4461,JSX200  ,United States,1751325398.0,1751325398,-103.3525,32.864,10972.8,False,226.26,314.82,-0.33,,11605.26,2370,False,0,2025-06-30 23:16:38
a3ecc8,FFT3916 ,United States,1751325397.0,1751325397,-81.0772,31.7368,10980.42,False,247.93,198.13,-0.65,,11605.26,7462,False,0,2025-06-30 23:16:38
a8dd7b,UAL929  ,United States,1751325395.0,1751325398,-69.7407,47.639,10668.0,False,260.9,78.51,-0.33,,11087.1,6551,False,0,2025-06-30 23:16:38
a85931,QXE2078 ,United States,1751325397.0,1751325397,-122.2795,47.1853,6858.0,False,187.89,175.29,5.53,,7178.04,1661,False,0,2025-06-30 23:16:38
a0808f,SKW5914 ,United States,1751325397.0,1751325397,-102.245,38.5905,9753.6,False,211.15,301.75,-0.33,,10271.76,,False,0,2025-06-30 23:16:38
0d10fd,VOI5596 ,Mexico,1751325397.0,1751325397,-100.1171,25.7841,,True,1.8,30.94,,,,,False,0,2025-06-30 23:16:38
a9b4de,UAL2407 ,United States,1751325397.0,1751325397,-90.1342,31.9412,10363.2,False,235.89,251.96,0.0,,11010.9,5237,False,0,2025-06-30 23:16:38
ad4453,N954JH  ,United States,1751325397.0,1751325397,-73.7625,41.786,1036.32,False,44.74,224.53,-0.98,,1066.8,,False,0,2025-06-30 23:16:38
ae0de9,ARROW13 ,United States,1751325395.0,1751325396,-104.5949,39.5815,1889.76,False,52.07,37.78,-0.33,,1973.58,,False,0,2025-06-30 23:16:38
a34370,N3092S  ,United States,1751325397.0,1751325397,-118.3173,47.8849,2560.32,False,75.76,266.5,-0.33,,2682.24,,False,0,2025-06-30 23:16:38
a3fffc,DAL2625 ,United States,1751325398.0,1751325398,-74.2557,44.6136,6812.28,False,211.2,197.29,7.8,,7117.08,,False,0,2025-06-30 23:16:38
a008c9,DAL879  ,United States,1751325391.0,1751325397,-122.3188,47.3445,655.32,False,83.86,0.35,-5.2,,670.56,,False,0,2025-06-30 23:16:38
4cc27c,,Iceland,1751325385.0,1751325385,-74.1741,40.6863,,True,7.46,25.31,,,,,False,0,2025-06-30 23:16:38
a3a65f,AAL2995 ,United States,1751325396.0,1751325396,-73.7971,40.6395,,True,0.0,120.94,,,,,False,0,2025-06-30 23:16:38
ac247a,SWA4330 ,United States,1751325398.0,1751325398,-90.0472,37.6762,6286.5,False,189.7,324.72,-10.08,,6667.5,0411,False,0,2025-06-30 23:16:38
a6905d,TWY522  ,United States,1751325230.0,1751325230,-122.3823,37.6265,,True,1.8,118.12,,,,4561,False,0,2025-06-30 23:16:38
ada5ee,JBU603  ,United States,1751325398.0,1751325398,-81.661,43.9975,9761.22,False,233.95,291.54,0.33,,10210.8,6660,False,0,2025-06-30 23:16:38
a9534b,N70MC   ,United States,1751325398.0,1751325398,-122.6631,44.6922,2606.04,False,88.15,356.32,0.0,,2712.72,,False,0,2025-06-30 23:16:38
a69061,JIA5220 ,United States,1751325398.0,1751325398,-83.5539,37.8803,6515.1,False,207.98,92.13,7.8,,6865.62,4077,False,0,2025-06-30 23:16:38
a248df,MMY59   ,United States,1751325398.0,1751325398,-122.0447,40.4289,1158.24,False,57.89,292.46,-3.25,,1135.38,,False,0,2025-06-30 23:16:38
a6f35c,EJA547  ,United States,1751325398.0,1751325398,-120.9511,39.108,1912.62,False,128.89,350.35,-10.4,,1950.72,1200,False,0,2025-06-30 23:16:38
a69072,TKR912  ,United States,1751325398.0,1751325398,-111.6236,33.2853,624.84,False,74.95,316.11,-2.28,,541.02,,False,0,2025-06-30 23:16:38
a14b1a,UAL1927 ,United States,1751325397.0,1751325398,-87.1637,28.4481,10972.8,False,234.92,288.12,0.0,,11620.5,1110,False,0,2025-06-30 23:16:38
a45072,DAL585  ,United States,1751325397.0,1751325397,-89.197,32.119,10363.2,False,240.08,232.05,0.0,,11010.9,3374,False,0,2025-06-30 23:16:38
0d10bc,VIV731  ,Mexico,1751325397.0,1751325398,-98.2381,26.3853,11597.64,False,223.93,246.44,0.0,,12329.16,7353,False,0,2025-06-30 23:16:38
a248b4,N2460U  ,United States,1751325311.0,1751325313,-93.0439,44.0857,1249.68,False,53.68,257.83,-1.95,,1226.82,,False,0,2025-06-30 23:16:38
aa815e,N776X   ,United States,1751325389.0,1751325390,-84.6466,43.0942,2125.98,False,92.44,43.2,-2.6,,2141.22,,False,0,2025-06-30 23:16:38
addb4a,AAL1211 ,United States,1751325398.0,1751325398,-79.8416,27.3541,8823.96,False,257.47,173.23,-4.88,,9311.64,5755,False,0,2025-06-30 23:16:38
a1ae05,SWA2511 ,United States,1751325397.0,1751325397,-114.945,36.0735,1485.9,False,103.41,269.43,-7.48,,1501.14,0721,False,0,2025-06-30 23:16:38
4aca64,SAS925  ,Sweden,1751325397.0,1751325397,-75.9954,41.9954,6705.6,False,198.02,208.9,0.0,,7033.26,6021,False,0,2025-06-30 23:16:38
a69028,N5218U  ,United States,1751325396.0,1751325398,-73.0907,40.8318,358.14,False,53.53,42.27,-0.33,,327.66,4213,False,0,2025-06-30 23:16:38
4aca65,SAS938  ,Sweden,1751325398.0,1751325398,-122.0765,48.1696,5852.16,False,215.37,30.42,10.08,,6103.62,1571,False,0,2025-06-30 23:16:38
a1ae79,CXK599  ,United States,1751325246.0,1751325248,-91.1395,30.541,22.86,False,34.99,221.42,-2.28,,22.86,,False,0,2025-06-30 23:16:38
a88cbf,PDT5965 ,United States,1751325398.0,1751325398,-79.6543,36.8042,6096.0,False,215.67,209.74,0.0,,6454.14,,False,0,2025-06-30 23:16:38
a14b4e,N1826K  ,United States,1751325398.0,1751325398,-81.3631,29.0241,12496.8,False,215.06,7.98,0.0,,13114.02,0670,False,0,2025-06-30 23:16:38
a222b2,MXY705  ,United States,1751325392.0,1751325392,-100.316,37.7504,11277.6,False,247.47,89.29,0.0,,11879.58,2404,False,0,2025-06-30 23:16:38
a2bb10,SWA3698 ,United States,1751325397.0,1751325398,-103.9532,44.6573,11590.02,False,205.42,280.97,0.0,,12085.32,1376,False,0,2025-06-30 23:16:38
ac370b,SWA3784 ,United States,1751325397.0,1751325398,-85.9806,36.3635,11277.6,False,239.31,68.56,0.0,,11948.16,4621,False,0,2025-06-30 23:16:38
a9b62a,ASA1319 ,United States,1751325397.0,1751325397,-86.3235,44.7927,10363.2,False,219.18,282.47,0.0,,10759.44,6554,False,0,2025-06-30 23:16:38
a2ce2d,N280C   ,United States,1751325389.0,1751325389,-80.1721,37.9582,7040.88,False,231.47,93.7,-5.53,,7437.12,3321,False,0,2025-06-30 23:16:38
a71340,,United States,1751325326.0,1751325326,-122.9199,46.9567,381.0,False,60.11,186.88,3.25,,396.24,,False,0,2025-06-30 23:16:38
a7cfe6,JIA5435 ,United States,1751325397.0,1751325398,-81.1303,35.1259,2042.16,False,146.74,288.18,8.13,,2141.22,,False,0,2025-06-30 23:16:38
a89fda,FFT4830 ,United States,1751325158.0,1751325158,-120.5822,42.7544,10668.0,False,220.97,167.91,0.0,,11178.54,1611,False,0,2025-06-30 23:16:38
c01006,CFGBT   ,Canada,1751325398.0,1751325398,-73.0501,45.9569,243.84,False,29.26,190.12,-0.33,,,,False,0,2025-06-30 23:16:38
a475a3,DAL2732 ,United States,1751325397.0,1751325397,-88.2437,44.5634,10668.0,False,262.09,102.7,0.0,,11064.24,3057,False,0,2025-06-30 23:16:38
d7226c,,,1751325353.0,1751325353,-93.817,36.0884,1066.8,False,42.07,168.0,0.0,,1135.38,,False,0,2025-06-30 23:16:38
a27e64,N26TY   ,United States,1751325392.0,1751325392,-115.1368,35.9807,,True,0.0,14.06,,,,,False,0,2025-06-30 23:16:38
a8efba,EJA675  ,United States,1751325179.0,1751325184,-94.0977,36.3939,495.3,False,61.01,199.2,-3.25,,487.68,7322,False,0,2025-06-30 23:16:38
aa2abc,AAL2819 ,United States,1751325391.0,1751325396,-84.4421,33.6419,,True,0.0,270.0,,,,6154,True,0,2025-06-30 23:16:38
ab0425,JRE809  ,United States,1751325398.0,1751325398,-79.2908,41.2213,13106.4,False,222.12,84.82,-0.65,,13723.62,2423,False,0,2025-06-30 23:16:38
a88ccf,AAL2489 ,United States,1751325397.0,1751325397,-80.9703,28.3206,10500.36,False,205.96,342.11,0.65,,11064.24,3566,False,0,2025-06-30 23:16:38
ac3731,SWA2666 ,United States,1751325398.0,1751325398,-82.3601,27.8975,6088.38,False,196.04,66.33,0.33,,6431.28,7517,False,0,2025-06-30 23:16:38
c02358,JZA687  ,Canada,1751325397.0,1751325397,-79.3978,43.9348,7924.8,False,230.62,237.48,-0.33,,8290.56,1021,False,0,2025-06-30 23:16:38
a222a1,N237BG  ,United States,1751325397.0,1751325397,-80.8822,29.3283,12192.0,False,240.96,149.6,0.0,,12786.36,2453,False,0,2025-06-30 23:16:38
a3a5eb,AAY1160 ,United States,1751325397.0,1751325397,-85.3885,38.1103,2026.92,False,139.43,317.24,-1.95,,2095.5,0412,False,0,2025-06-30 23:16:38
a2ce7d,,United States,1751325317.0,1751325317,-122.3008,47.4609,,True,0.0,180.0,,,,,False,0,2025-06-30 23:16:38
acce0e,N924LP  ,United States,1751325397.0,1751325397,-84.1627,39.0281,640.08,False,54.02,36.87,0.0,,601.98,,False,0,2025-06-30 23:16:38
a51b58,SWA1293 ,United States,1751325398.0,1751325398,-105.3687,32.8099,11582.4,False,227.55,253.45,0.0,,12268.2,1514,False,0,2025-06-30 23:16:38
ac48f2,SWA4020 ,United States,1751325398.0,1751325398,-78.1228,37.6908,3436.62,False,182.67,104.35,-9.75,,3619.5,3237,False,0,2025-06-30 23:16:38
a582bb,UAL1129 ,United States,1751325398.0,1751325398,-82.7659,42.5853,9814.56,False,225.73,283.31,-4.88,,10340.34,5766,False,0,2025-06-30 23:16:38
a27e9c,N26WD   ,United States,1751325267.0,1751325267,-111.8757,39.7594,1897.38,False,41.37,169.25,-0.65,,1996.44,,False,0,2025-06-30 23:16:38
c0360e,WJA1597 ,Canada,1751325397.0,1751325397,-84.7955,35.2934,9288.78,False,241.71,322.35,5.85,,9837.42,2011,False,0,2025-06-30 23:16:38
abae2c,SWA1747 ,United States,1751325398.0,1751325398,-104.4279,34.5304,11277.6,False,227.12,138.77,-0.33,,11902.44,,False,0,2025-06-30 23:16:38
ab4b34,DAL2167 ,United States,1751325397.0,1751325398,-96.978,44.8894,10668.0,False,247.08,96.7,0.0,,11018.52,1667,False,0,2025-06-30 23:16:38
aa2b21,RPA3549 ,United States,1751325398.0,1751325398,-87.4786,42.1661,1546.86,False,105.06,171.55,0.0,,1569.72,3140,False,0,2025-06-30 23:16:38
a605eb,N4877D  ,United States,1751325396.0,1751325396,-97.1639,32.331,944.88,False,55.3,77.64,-6.5,,952.5,,False,0,2025-06-30 23:16:38
a14b79,XBKTS   ,United States,1751325156.0,1751325159,-116.9548,32.5389,175.26,False,40.3,284.04,-1.63,,144.78,,False,0,2025-06-30 23:16:38
a475d8,FFT4344 ,United States,1751325397.0,1751325397,-98.1686,37.9918,11285.22,False,242.31,117.71,0.0,,11894.82,,False,0,2025-06-30 23:16:38
a39e6b,DAL1024 ,United States,1751325397.0,1751325398,-115.6079,34.1512,9753.6,False,230.06,278.75,0.0,,10287.0,7257,False,0,2025-06-30 23:16:38
ab5e6c,SWA3358 ,United States,1751325397.0,1751325398,-82.2766,30.3082,10972.8,False,239.37,278.65,0.33,,11590.02,3240,False,0,2025-06-30 23:16:38
a9a397,ASA582  ,United States,1751325398.0,1751325398,-122.3515,45.3419,10972.8,False,233.4,337.45,0.0,,11430.0,7275,False,0,2025-06-30 23:16:38
a2bb1a,N275WY  ,United States,1751325270.0,1751325271,-88.1665,43.0905,342.9,False,27.35,286.39,-4.88,,297.18,1200,False,0,2025-06-30 23:16:38
c07cb9,PRO4810 ,Canada,1751325397.0,1751325397,-75.6694,46.426,7338.06,False,114.97,308.46,-0.33,,7650.48,,False,0,2025-06-30 23:16:38
ac22c5,AAL2019 ,United States,1751325398.0,1751325398,-81.9759,29.5273,11582.4,False,235.64,107.01,0.0,,12214.86,1045,False,0,2025-06-30 23:16:38
a7008f,N550MS  ,United States,1751325398.0,1751325398,-95.4122,38.8192,2819.4,False,152.7,94.25,-10.73,,2895.6,,False,0,2025-06-30 23:16:38
abae62,SWA2356 ,United States,1751325397.0,1751325397,-96.6221,36.3121,8328.66,False,220.8,234.87,-5.2,,8816.34,1624,False,0,2025-06-30 23:16:38
a4d8e1,,United States,1751325178.0,1751325178,-81.0836,34.897,784.86,False,65.41,60.81,-1.3,,853.44,,False,0,2025-06-30 23:16:38
a0f70c,SKW5264 ,United States,1751325397.0,1751325397,-85.6571,39.9238,7924.8,False,241.88,358.42,0.33,,8366.76,6744,False,0,2025-06-30 23:16:38
acce3f,AAL1486 ,United States,1751325398.0,1751325398,-80.7754,36.4353,8991.6,False,228.78,9.19,7.15,,9525.0,,False,0,2025-06-30 23:16:38
ab5e9b,SWA4478 ,United States,1751325397.0,1751325398,-114.4484,40.7028,11277.6,False,251.95,86.84,0.0,,11864.34,,False,0,2025-06-30 23:16:38
a2bb89,UAL688K ,United States,1751325398.0,1751325398,-70.5736,42.261,1767.84,False,121.27,11.5,-4.88,,1828.8,3521,False,0,2025-06-30 23:16:38
a52e54,ASA555  ,United States,1751325347.0,1751325357,-122.3165,47.4593,,True,16.46,39.38,,,,2252,False,0,2025-06-30 23:16:38
a2bb83,UAL665  ,United States,1751325398.0,1751325398,-73.8234,39.5906,2537.46,False,149.58,334.76,-2.6,,2659.38,,False,0,2025-06-30 23:16:38
ae0e4d,R9626686,United States,1751325397.0,1751325397,-85.441,38.0519,548.64,False,43.33,209.91,1.3,,541.02,,False,0,2025-06-30 23:16:38
a4c5d7,N4064H  ,United States,1751325394.0,1751325395,-88.2467,31.1579,3162.3,False,78.77,272.25,0.0,,3322.32,4170,False,0,2025-06-30 23:16:38
a38b85,N3276K  ,United States,1751325229.0,1751325230,-100.3727,25.6658,731.52,False,52.03,245.46,0.0,,693.42,,False,0,2025-06-30 23:16:38
a27dac,N26LP   ,United States,1751325397.0,1751325397,-90.9131,42.5734,922.02,False,68.5,112.52,-3.25,,899.16,,False,0,2025-06-30 23:16:38
a1adab,SKW6000 ,United States,1751325398.0,1751325398,-101.4203,26.34,7368.54,False,206.37,292.73,3.25,,7833.36,,False,0,2025-06-30 23:16:38
a0e431,AAL765  ,United States,1751325398.0,1751325398,-85.7134,36.7436,10370.82,False,234.64,261.43,0.0,,10995.66,3335,False,0,2025-06-30 23:16:38
ada64a,NKS2607 ,United States,1751325397.0,1751325397,-74.7312,39.3434,975.36,False,148.0,14.91,-8.13,,1013.46,3647,False,0,2025-06-30 23:16:38
ac1058,N877AA  ,United States,1751325377.0,1751325377,-73.7222,41.0873,251.46,False,36.58,154.16,-3.9,,297.18,1200,False,0,2025-06-30 23:16:38
a99b83,DAL363  ,United States,1751324881.0,1751325334,-122.3827,37.6156,,True,5.4,208.12,,,,,False,0,2025-06-30 23:16:38
a15db7,N1875C  ,United States,1751325398.0,1751325398,-94.8565,33.4924,6195.06,False,184.81,173.61,-9.75,,6553.2,1433,False,0,2025-06-30 23:16:38
ac1068,SKW5945 ,United States,1751325397.0,1751325397,-104.0681,42.7379,10058.4,False,210.05,2.25,0.0,,10561.32,,False,0,2025-06-30 23:16:38
a52da7,N4325V  ,United States,1751325398.0,1751325398,-78.1193,39.0962,883.92,False,46.34,157.14,0.33,,883.92,,False,0,2025-06-30 23:16:38
ad4390,AAL2319 ,United States,1751325397.0,1751325397,-80.3984,25.8484,556.26,False,86.34,118.86,-3.58,,617.22,3753,False,0,2025-06-30 23:16:38
ac1080,ES807   ,United States,1751325397.0,1751325397,-120.6401,37.489,815.34,False,61.77,150.02,-2.28,,800.1,0376,False,0,2025-06-30 23:16:38
a965fb,N7041X  ,United States,1751325390.0,1751325394,-112.0437,33.1379,762.0,False,35.3,313.23,0.98,,693.42,6013,False,0,2025-06-30 23:16:38
a03de6,N1143X  ,United States,1751325262.0,1751325262,-75.4394,43.2709,449.58,False,37.56,216.09,-2.6,,411.48,,False,0,2025-06-30 23:16:38
a02ab4,N11JT   ,United States,1751325395.0,1751325397,-73.0692,41.2328,883.92,False,44.31,344.51,0.33,,906.78,4360,False,0,2025-06-30 23:16:38
a35701,EDV5327 ,United States,1751325397.0,1751325397,-86.2496,32.4135,7307.58,False,227.52,88.06,0.33,,7741.92,,False,0,2025-06-30 23:16:38
c06a82,TSC602  ,Canada,1751325395.0,1751325395,-73.7367,45.4797,,True,7.72,42.19,,,,,False,0,2025-06-30 23:16:38
aa92f8,UAL538  ,United States,1751325397.0,1751325397,-111.8798,42.386,10363.2,False,250.21,246.49,0.0,,10904.22,,False,0,2025-06-30 23:16:38
a9eb09,N738ZG  ,United States,1751325303.0,1751325303,-78.1041,38.3741,853.44,False,37.68,237.83,-5.2,,853.44,1200,False,0,2025-06-30 23:16:38
a1f116,ENY4193 ,United States,1751325397.0,1751325398,-81.4488,32.4307,10668.0,False,220.55,343.47,0.33,,11262.36,1343,False,0,2025-06-30 23:16:38
a21127,ENY3792 ,United States,1751325397.0,1751325397,-83.1204,36.6517,9067.8,False,232.52,330.15,5.85,,9601.2,3106,False,0,2025-06-30 23:16:38
a965d6,N7040V  ,United States,1751325397.0,1751325397,-116.551,43.5952,982.98,False,45.94,124.05,-3.9,,975.36,,False,0,2025-06-30 23:16:38
ad438d,ASA219  ,United States,1751325398.0,1751325398,-117.3937,32.917,8801.1,False,208.58,137.1,4.88,,9273.54,1013,False,0,2025-06-30 23:16:38
c06a38,ACA779  ,Canada,1751325397.0,1751325397,-74.7134,45.5007,5448.3,False,197.6,265.67,9.1,,5661.66,,False,0,2025-06-30 23:16:38
a6f2c5,N547JR  ,United States,1751325397.0,1751325397,-91.8504,45.0907,4152.9,False,144.99,259.37,-10.4,,4221.48,4674,False,0,2025-06-30 23:16:38
a9eb15,N738ZU  ,United States,1751325397.0,1751325397,-76.2925,36.5004,518.16,False,29.23,151.63,-3.58,,518.16,6465,False,0,2025-06-30 23:16:38
a965e8,N7041C  ,United States,1751325382.0,1751325382,-73.6916,41.7142,579.12,False,37.26,215.45,-1.95,,541.02,,False,0,2025-06-30 23:16:38
ac7e09,AAL2488 ,United States,1751325397.0,1751325397,-85.2792,39.1435,9364.98,False,231.65,317.88,-2.6,,9898.38,1152,False,0,2025-06-30 23:16:38
a2377d,N242AR  ,United States,1751325398.0,1751325398,-122.9584,44.856,396.24,False,32.83,327.8,0.0,,373.38,,False,0,2025-06-30 23:16:38
ad3098,SWA2637 ,United States,1751325398.0,1751325398,-83.3325,27.8781,8313.42,False,235.78,87.87,-15.61,,8801.1,2435,False,0,2025-06-30 23:16:38
ac7e18,KYE4923 ,United States,1751325381.0,1751325394,-96.2731,46.3651,12192.0,False,234.28,314.47,0.0,,12496.8,2375,False,0,2025-06-30 23:16:38
344503,IBE0363 ,Spain,1751325397.0,1751325397,-79.1626,39.6158,11582.4,False,234.37,212.09,-0.65,,12237.72,3144,False,0,2025-06-30 23:16:38
a2241c,AIP1814 ,United States,1751325397.0,1751325397,-104.8453,39.2208,4792.98,False,114.26,189.59,0.0,,5044.44,5174,False,0,2025-06-30 23:16:38
a9c8be,N73AM   ,United States,1751325151.0,1751325151,-97.3613,32.8392,396.24,False,25.21,180.0,-2.28,,342.9,,False,0,2025-06-30 23:16:38
ab15c1,AAY1100 ,United States,1751325397.0,1751325397,-92.7281,35.1263,11582.4,False,234.2,304.98,0.33,,12252.96,2576,False,0,2025-06-30 23:16:38
ac48bb,N89071  ,United States,1751325398.0,1751325398,-122.9601,47.5069,1219.2,False,36.64,231.84,-0.65,,1257.3,,False,0,2025-06-30 23:16:38
a98909,AAL2198 ,United States,1751325398.0,1751325398,-96.708,32.801,3878.58,False,160.29,73.02,13.0,,4076.7,3652,False,0,2025-06-30 23:16:38
a4996b,DAL1021 ,United States,1751325398.0,1751325398,-80.694,28.4333,3733.8,False,216.23,73.98,7.8,,3939.54,7330,False,0,2025-06-30 23:16:38
a8690e,CSQ102  ,United States,1751325397.0,1751325398,-79.542,25.4103,2697.48,False,128.85,261.97,0.0,,2819.4,,False,0,2025-06-30 23:16:38
c02098,HRT738  ,Canada,1751325398.0,1751325398,-79.4721,43.6124,1851.66,False,135.38,13.4,-0.65,,1866.9,5507,False,0,2025-06-30 23:16:38
a2467a,MXY121  ,United States,1751325397.0,1751325397,-90.1851,34.5187,11887.2,False,236.17,83.37,0.0,,12588.24,6774,False,0,2025-06-30 23:16:38
44007c,AUA90   ,Austria,1751325397.0,1751325397,-66.9512,44.4391,10668.0,False,267.96,56.43,0.0,,11201.4,2773,False,0,2025-06-30 23:16:38
adeb7b,N9961U  ,United States,1751325338.0,1751325338,-85.2041,43.6939,1562.1,False,46.43,12.8,0.65,,1531.62,,False,0,2025-06-30 23:16:38
a61644,N49104  ,United States,1751325397.0,1751325398,-81.5997,28.2676,723.9,False,28.83,272.05,-0.98,,754.38,1275,False,0,2025-06-30 23:16:38
a3795a,JBU677  ,United States,1751325398.0,1751325398,-78.1965,34.7471,11277.6,False,223.44,38.27,0.0,,11925.3,2123,False,0,2025-06-30 23:16:38
ab274c,KOW818  ,United States,1751325396.0,1751325397,-114.5097,39.132,14333.22,False,257.04,143.96,0.0,,14996.16,,False,0,2025-06-30 23:16:38
a8da73,MAD67   ,United States,1751325398.0,1751325398,-76.004,42.1526,7010.4,False,230.37,72.05,0.0,,7345.68,0431,False,0,2025-06-30 23:16:38
c058cd,ROU1646 ,Canada,1751325397.0,1751325397,-77.221,35.7333,10965.18,False,246.3,192.18,0.0,,11582.4,1527,False,0,2025-06-30 23:16:38
a2463c,N2459Y  ,United States,1751325394.0,1751325394,-71.1789,42.1931,,True,0.0,28.12,,,,,False,0,2025-06-30 23:16:38
ac340a,SWA3736 ,United States,1751325398.0,1751325398,-84.7582,30.407,11582.4,False,228.43,289.33,0.0,,12252.96,6253,False,0,2025-06-30 23:16:38
a3661f,AAL2982 ,United States,1751325398.0,1751325398,-83.9011,26.2392,10972.8,False,222.07,312.75,0.0,,11597.64,,False,0,2025-06-30 23:16:38
a22003,ENY4132 ,United States,1751325398.0,1751325398,-95.6086,34.1939,8061.96,False,216.05,228.19,-9.43,,8549.64,1342,False,0,2025-06-30 23:16:38
c058c3,ACA2124 ,Canada,1751325398.0,1751325398,-68.0243,46.6912,12489.18,False,270.72,74.46,0.0,,13022.58,0563,False,0,2025-06-30 23:16:38
c058bf,ACA921  ,Canada,1751325398.0,1751325398,-77.1367,44.7392,9707.88,False,217.97,240.29,-9.1,,10187.94,0703,False,0,2025-06-30 23:16:38
c058be,ACA788  ,Canada,1751325388.0,1751325396,-79.6202,43.6664,198.12,True,5.14,354.38,,,,7367,False,0,2025-06-30 23:16:38
484fff,KLM695  ,Kingdom of the Netherlands,1751325397.0,1751325398,-74.8632,46.3537,11582.4,False,224.73,235.73,0.0,,12092.94,,False,0,2025-06-30 23:16:38
a04e00,DAL496  ,United States,1751325379.0,1751325379,-73.7833,40.6534,,True,0.06,300.94,,,,,False,0,2025-06-30 23:16:38
a3c940,VJA343  ,United States,1751325398.0,1751325398,-75.9341,37.8776,13106.4,False,240.29,214.27,-0.33,,13784.58,1511,False,0,2025-06-30 23:16:38
ac3430,SWC2102 ,United States,1751325382.0,1751325386,-86.6798,36.1239,,True,0.0,194.06,,,,,False,0,2025-06-30 23:16:38
ac7aa9,DAL2627 ,United States,1751325397.0,1751325397,-81.6772,30.6263,1554.48,False,145.3,29.02,14.96,,1630.68,,False,0,2025-06-30 23:16:38
a4732c,SLH386  ,United States,1751325381.0,1751325381,-111.962,40.7917,,True,7.46,140.62,,,,3241,False,0,2025-06-30 23:16:38
44003f,AUA74   ,Austria,1751325350.0,1751325350,-73.7421,45.4756,,True,7.2,42.19,,,,,False,0,2025-06-30 23:16:38
ac210e,SWA3167 ,United States,1751325398.0,1751325398,-119.4587,35.5221,11582.4,False,239.19,329.35,0.0,,12192.0,2443,False,0,2025-06-30 23:16:38
ad675d,DAL2573 ,United States,1751325397.0,1751325397,-74.4582,40.8526,2697.48,False,151.68,326.9,8.78,,2819.4,1677,False,0,2025-06-30 23:16:38
ac3446,EJM1    ,United States,1751325397.0,1751325397,-86.3383,38.7429,14325.6,False,222.55,261.63,0.0,,14927.58,3437,False,0,2025-06-30 23:16:38
a74923,JBU2129 ,United States,1751325393.0,1751325397,-73.7751,40.6509,,True,0.0,120.94,,,,,False,0,2025-06-30 23:16:38
ac8dde,LTA908  ,United States,1751325397.0,1751325397,-79.3387,35.0039,2430.78,False,57.65,272.05,0.0,,2545.08,,False,0,2025-06-30 23:16:38
a88a7b,N65BA   ,United States,1751325397.0,1751325397,-94.722,38.2648,6728.46,False,113.89,160.75,4.55,,7124.7,,False,0,2025-06-30 23:16:38
ad6755,ASA509  ,United States,1751325398.0,1751325398,-118.9631,45.3407,11277.6,False,243.64,125.2,0.0,,11780.52,1563,False,0,2025-06-30 23:16:38
ab013c,SCX425  ,United States,1751325397.0,1751325398,-118.3106,33.9447,403.86,False,75.23,262.53,-3.58,,365.76,3631,False,0,2025-06-30 23:16:38
e80047,VIV7401 ,Chile,1751325350.0,1751325350,-100.1172,25.781,,True,4.37,210.94,,,,,False,0,2025-06-30 23:16:38
ac7aba,ASI414  ,United States,1751325397.0,1751325397,-112.5547,33.7464,1737.36,False,55.31,43.49,0.0,,1775.46,1200,False,0,2025-06-30 23:16:38
ad4105,AAL3160 ,United States,1751325397.0,1751325397,-72.4533,42.5066,7734.3,False,154.53,278.62,-5.2,,8138.16,3156,False,0,2025-06-30 23:16:38
a7ccce,SKW5623 ,United States,1751325397.0,1751325398,-103.1617,41.3719,9753.6,False,219.24,181.61,-0.33,,10271.76,,False,0,2025-06-30 23:16:38
a04e2b,CWG119  ,United States,1751325397.0,1751325397,-105.1965,38.2747,12496.8,False,242.28,131.82,0.65,,13106.4,1632,False,0,2025-06-30 23:16:38
a89ccc,NKS2680 ,United States,1751325397.0,1751325397,-109.4035,38.6135,11582.4,False,230.54,244.06,0.0,,12207.24,6714,False,0,2025-06-30 23:16:38
ae1e62,CREEP31 ,United States,1751325397.0,1751325397,-97.7761,36.4649,2956.56,False,98.01,97.24,10.4,,3101.34,,False,0,2025-06-30 23:16:38
a6f00d,AAL2165 ,United States,1751325251.0,1751325251,-75.1956,39.8806,144.78,False,82.35,255.53,-4.23,,137.16,6756,False,0,2025-06-30 23:16:38
a9c631,NKS2710 ,United States,1751325379.0,1751325379,-84.4419,33.6344,,True,8.23,2.81,,,,0254,False,0,2025-06-30 23:16:38
c04671,ROU1564 ,Canada,1751325397.0,1751325397,-71.8391,45.3649,8282.94,False,271.73,81.95,7.8,,8671.56,,False,0,2025-06-30 23:16:38
a9d96f,N7336W  ,United States,1751325397.0,1751325397,-107.1443,32.2682,1950.72,False,44.9,85.4,-1.63,,2034.54,,False,0,2025-06-30 23:16:38
440002,AUA82   ,Austria,1751325398.0,1751325398,-115.404,40.576,10058.4,False,264.43,37.09,0.0,,10599.42,,False,0,2025-06-30 23:16:38
c0466c,ROU1673 ,Canada,1751325398.0,1751325398,-77.965,34.3302,11269.98,False,224.93,1.83,0.33,,11902.44,5746,True,0,2025-06-30 23:16:38
a6036d,N487JL  ,United States,1751325395.0,1751325398,-121.7285,42.9697,13106.4,False,252.99,335.36,-0.33,,13723.62,,False,0,2025-06-30 23:16:38
a258b4,CSI502  ,United States,1751325397.0,1751325398,-97.5935,31.882,4869.18,False,113.83,220.6,-10.73,,5128.26,2563,False,0,2025-06-30 23:16:38
a8697f,FFT3283 ,United States,1751325397.0,1751325397,-108.7107,32.1122,10370.82,False,236.81,279.5,-0.33,,10980.42,7317,False,0,2025-06-30 23:16:38
adc8e7,AAL186  ,United States,1751325398.0,1751325398,-98.4708,30.9267,9753.6,False,239.51,279.64,-0.33,,10363.2,6615,False,0,2025-06-30 23:16:38
a0e086,AAL2635 ,United States,1751325397.0,1751325398,-109.5524,32.2854,10660.38,False,246.73,95.98,0.0,,11285.22,7341,False,0,2025-06-30 23:16:38
a47377,N386VH  ,United States,1751325398.0,1751325398,-92.7568,43.1457,2423.16,False,72.26,250.02,0.0,,2476.5,,False,0,2025-06-30 23:16:38
aa3ae9,UAL1828 ,United States,1751325329.0,1751325331,-87.9318,41.9775,,True,7.2,0.0,,,,3227,False,0,2025-06-30 23:16:38
abab67,DAL765  ,United States,1751325397.0,1751325397,-93.3222,43.4985,10363.2,False,204.52,273.03,0.0,,10698.48,7143,False,0,2025-06-30 23:16:38
ac32f2,SWA1202 ,United States,1751325397.0,1751325397,-80.6095,25.9844,1478.28,False,130.75,39.89,0.0,,1577.34,1417,False,0,2025-06-30 23:16:38
ab5b8c,SWA3823 ,United States,1751325397.0,1751325397,-88.8563,41.7996,6438.9,False,176.06,274.86,13.33,,6690.36,0164,False,0,2025-06-30 23:16:38
a5d044,N474DC  ,United States,1751325398.0,1751325398,-75.2427,39.4396,1508.76,False,93.75,110.22,-2.93,,1531.62,1200,False,0,2025-06-30 23:16:38
aa3ae4,UAL501  ,United States,1751325397.0,1751325397,-82.8266,28.0203,6286.5,False,195.94,111.24,-2.28,,6652.26,2131,False,0,2025-06-30 23:16:38
a5d04e,N474DN  ,United States,1751325290.0,1751325290,-93.7392,42.7189,533.4,False,32.72,323.31,-4.88,,525.78,,False,0,2025-06-30 23:16:38
a97659,N709DS  ,United States,1751325397.0,1751325397,-95.9671,45.133,13716.0,False,284.64,102.1,0.65,,14180.82,,False,0,2025-06-30 23:16:38
44001e,AUA94   ,Austria,1751325398.0,1751325398,-69.7226,43.194,10668.0,False,243.44,46.46,0.0,,11163.3,6256,False,0,2025-06-30 23:16:38
a35388,AAL832  ,United States,1751325396.0,1751325397,-110.8736,34.9287,9448.8,False,241.25,48.46,0.33,,9997.44,2604,False,0,2025-06-30 23:16:38
ac7b87,NKS2093 ,United States,1751325398.0,1751325398,-79.6124,41.1987,10972.8,False,229.76,202.37,-0.33,,11597.64,7033,False,0,2025-06-30 23:16:38
a6bfe8,GJS4183 ,United States,1751325398.0,1751325398,-87.5989,41.9883,1600.2,False,113.18,270.0,-9.1,,1615.44,6520,False,0,2025-06-30 23:16:38
a3a351,N3330E  ,United States,1751325398.0,1751325398,-71.6323,42.7445,853.44,False,61.24,35.43,-2.93,,838.2,1200,False,0,2025-06-30 23:16:38
a005f7,N100NY  ,United States,1751325395.0,1751325397,-119.5804,34.6023,3093.72,False,82.95,305.66,-1.63,,3192.78,1200,False,0,2025-06-30 23:16:38
ac7b8a,AAL2142 ,United States,1751325397.0,1751325397,-95.3368,32.8977,9105.9,False,209.75,83.38,5.85,,9662.16,6266,False,0,2025-06-30 23:16:38
adfe90,LOST25  ,United States,1751325219.0,1751325224,-118.06,33.7927,,True,4.63,5.62,,,,3343,False,0,2025-06-30 23:16:38
c0596b,CGHWK   ,Canada,1751325280.0,1751325285,-75.2838,46.4046,1394.46,False,50.54,308.39,0.0,,1386.84,,False,0,2025-06-30 23:16:38
a73659,LXJ564  ,United States,1751325397.0,1751325397,-110.2188,32.8915,13098.78,False,229.54,288.56,0.33,,13807.44,2636,False,0,2025-06-30 23:16:38
a97626,SKW5135 ,United States,1751325397.0,1751325397,-90.5123,42.254,8534.4,False,199.13,294.58,0.0,,8877.3,3613,False,0,2025-06-30 23:16:38
a91fcf,N68713  ,United States,1751325398.0,1751325398,-123.1109,45.3176,845.82,False,38.58,0.0,0.0,,845.82,,False,0,2025-06-30 23:16:38
ae1e96,ROVE67  ,United States,1751325397.0,1751325397,-100.6717,30.9737,2834.64,False,148.88,216.71,-12.03,,3017.52,,False,0,2025-06-30 23:16:38
a005d9,N100MT  ,United States,1751325397.0,1751325397,-108.3912,37.6169,3992.88,False,107.17,145.17,0.0,,4221.48,,False,0,2025-06-30 23:16:38
a04e60,RPA4781 ,United States,1751325398.0,1751325398,-73.4547,40.7513,998.22,False,137.06,299.45,-5.2,,1043.94,7055,False,0,2025-06-30 23:16:38
a8b926,NKS8861 ,United States,1751325350.0,1751325362,-74.1676,40.6995,,True,0.0,5.62,,,,,False,0,2025-06-30 23:16:38
a5d000,N474AK  ,United States,1751325163.0,1751325163,-104.8241,38.9835,1920.24,False,55.08,55.27,-1.3,,2065.02,,False,0,2025-06-30 23:16:38
ad9b94,SKW5240 ,United States,1751325397.0,1751325398,-106.4048,40.9514,9448.8,False,223.93,132.49,-6.18,,9966.96,,False,0,2025-06-30 23:16:38
ae1e9d,JAVAN72 ,United States,1751325397.0,1751325397,-100.6611,30.7638,1973.58,False,132.8,204.98,-0.98,,2080.26,,False,0,2025-06-30 23:16:38
a74992,JIA5127 ,United States,1751325394.0,1751325398,-85.543,35.0301,2339.34,False,148.68,56.86,-10.4,,2446.02,3460,False,0,2025-06-30 23:16:38
a78ffa,ASA9    ,United States,1751325398.0,1751325398,-87.9099,40.4768,10972.8,False,224.71,298.74,0.0,,11536.68,2560,False,0,2025-06-30 23:16:38
a03b40,MXY271  ,United States,1751325129.0,1751325129,-82.5331,27.9842,,True,2.31,137.81,,,,4274,False,0,2025-06-30 23:16:38
aa3b05,UAL1221 ,United States,1751325398.0,1751325398,-119.5333,34.1941,4518.66,False,186.26,91.11,-4.88,,4701.54,,False,0,2025-06-30 23:16:38
a39b39,AAL2669 ,United States,1751325397.0,1751325397,-79.5507,28.1553,9448.8,False,228.3,8.42,0.0,,9944.1,2151,False,0,2025-06-30 23:16:38
c04602,ANT547  ,Canada,1751325110.0,1751325115,-123.5481,48.6725,533.4,False,87.62,105.67,-5.85,,556.26,6400,False,0,2025-06-30 23:16:38
a485c3,N3904X  ,United States,1751325376.0,1751325376,-90.9393,30.1646,91.44,False,43.3,170.43,2.93,,91.44,,False,0,2025-06-30 23:16:38
a748bc,DAL72   ,United States,1751325397.0,1751325397,-77.9758,37.3952,11277.6,False,248.9,48.44,0.0,,11948.16,3371,False,0,2025-06-30 23:16:38
a1be72,ENY3867 ,United States,1751325398.0,1751325398,-87.7082,38.604,10363.2,False,203.39,223.87,0.0,,10934.7,5462,False,0,2025-06-30 23:16:38
a95097,N7HM    ,United States,1751325397.0,1751325397,-87.1038,31.2355,10668.0,False,194.52,96.07,0.0,,11277.6,7447,False,0,2025-06-30 23:16:38
a65e3f,N50936  ,United States,1751325135.0,1751325135,-81.2652,29.0743,121.92,False,34.92,315.0,-4.23,,144.78,1200,False,0,2025-06-30 23:16:38
a41e2c,UAL2417 ,United States,1751325398.0,1751325398,-102.9496,39.6638,10363.2,False,228.73,251.24,0.33,,10919.46,7003,False,0,2025-06-30 23:16:38
a2cb14,UAL1227 ,United States,1751325397.0,1751325397,-121.8805,37.4915,2133.6,False,137.09,263.97,-5.85,,2202.18,1670,False,0,2025-06-30 23:16:38
a39b20,N331SK  ,United States,1751325397.0,1751325397,-95.7313,29.8788,1805.94,False,126.4,129.72,0.0,,1920.24,7775,False,0,2025-06-30 23:16:38
a365c9,AAY99   ,United States,1751325398.0,1751325398,-105.1069,35.2929,10972.8,False,230.25,259.44,0.0,,11597.64,,False,0,2025-06-30 23:16:38
a77e2a,N582JM  ,United States,1751325397.0,1751325397,-95.3914,34.1169,8945.88,False,201.27,209.05,5.2,,9502.14,6207,False,0,2025-06-30 23:16:38
a7ce03,N6015F  ,United States,1751325397.0,1751325397,-96.1867,32.82,1112.52,False,57.76,265.91,-1.63,,1127.76,1513,False,0,2025-06-30 23:16:38
a365b7,DAL2443 ,United States,1751325398.0,1751325398,-82.4229,42.4404,3520.44,False,160.73,264.49,-7.48,,3627.12,1536,False,0,2025-06-30 23:16:38
a498be,N3957W  ,United States,1751325397.0,1751325397,-82.0618,32.7318,2880.36,False,66.59,69.18,0.0,,3032.76,1200,False,0,2025-06-30 23:16:38
a03b6d,DAL1035 ,United States,1751325398.0,1751325398,-80.1995,33.0793,8839.2,False,226.63,44.54,6.18,,9380.22,1602,False,0,2025-06-30 23:16:38
a615d0,SWA3459 ,United States,1751325397.0,1751325397,-91.3567,38.3256,12192.0,False,222.47,305.97,0.0,,12832.08,3016,False,0,2025-06-30 23:16:38
a41e29,UAL1101 ,United States,1751325398.0,1751325398,-103.702,31.0241,10363.2,False,233.86,293.46,0.0,,10995.66,3047,False,0,2025-06-30 23:16:38
ac8e1d,AAL3118 ,United States,1751325398.0,1751325398,-72.6668,40.7241,10972.8,False,239.55,203.81,0.0,,11590.02,3564,False,0,2025-06-30 23:16:38
ab6e4a,N8357R  ,United States,1751325396.0,1751325396,-96.7039,31.8557,1455.42,False,42.37,150.95,-1.63,,1508.76,,False,0,2025-06-30 23:16:38
a15b4c,EDV5152 ,United States,1751325398.0,1751325398,-86.1876,35.7599,3878.58,False,178.02,312.77,-8.45,,4061.46,1305,False,0,2025-06-30 23:16:38
a41e94,UAL2298 ,United States,1751325398.0,1751325398,-114.9353,36.135,1859.28,False,122.65,273.37,-7.48,,1920.24,,False,0,2025-06-30 23:16:38
a9636c,N704AB  ,United States,1751325374.0,1751325377,-83.7577,40.39,617.22,False,52.08,249.78,-4.23,,563.88,,False,0,2025-06-30 23:16:38
aca8c1,N9146R  ,United States,1751325398.0,1751325398,-75.686,40.9053,4876.8,False,86.98,181.69,0.33,,5090.16,3443,False,0,2025-06-30 23:16:38
a41e90,UAL2299 ,United States,1751325398.0,1751325398,-88.0788,43.1057,9753.6,False,206.87,274.28,0.0,,10165.08,3074,False,0,2025-06-30 23:16:38
a4e8b4,SWA137  ,United States,1751325397.0,1751325398,-97.8877,30.4338,1676.4,False,115.73,102.06,-6.18,,1783.08,1443,False,0,2025-06-30 23:16:38
a508c5,SWA2310 ,United States,1751325397.0,1751325398,-77.3021,38.6841,3329.94,False,174.63,248.57,6.5,,3489.96,2112,False,0,2025-06-30 23:16:38
a2de7e,SKW3533 ,United States,1751325353.0,1751325353,-117.865,33.6818,45.72,False,61.22,208.07,-2.93,,22.86,4620,False,0,2025-06-30 23:16:38
ad9b28,AAL2909 ,United States,1751325398.0,1751325398,-80.9766,35.3318,822.96,False,86.61,176.25,-3.9,,861.06,5470,False,0,2025-06-30 23:16:38
abab21,CXK1102 ,United States,1751325396.0,1751325397,-97.0487,32.5014,685.8,False,59.54,347.52,-1.95,,693.42,,False,0,2025-06-30 23:16:38
a41e74,UAL486  ,United States,1751325398.0,1751325398,-103.6887,40.2245,5684.52,False,173.68,255.59,-8.78,,6027.42,7472,False,0,2025-06-30 23:16:38
a9767f,TSU7122 ,United States,1751325289.0,1751325289,-117.1887,32.7345,,True,9.77,106.88,,,,,False,0,2025-06-30 23:16:38
ab5b66,SWA3323 ,United States,1751325375.0,1751325396,-94.1788,31.4725,10241.28,False,238.71,33.93,5.85,,10873.74,4035,False,0,2025-06-30 23:16:38
a39b56,UPS7805 ,United States,1751325397.0,1751325398,-79.6402,26.1028,6027.42,False,217.17,51.64,18.53,,6324.6,,False,0,2025-06-30 23:16:38
a365f8,EJA318  ,United States,1751325397.0,1751325397,-85.6573,42.0435,12496.8,False,218.65,142.46,-0.33,,13068.3,2406,False,0,2025-06-30 23:16:38
a97693,CXK479  ,United States,1751325397.0,1751325397,-84.372,34.0497,1524.0,False,63.09,99.39,0.33,,1569.72,1512,False,0,2025-06-30 23:16:38
ab6e8b,N8359L  ,United States,1751325212.0,1751325212,-82.329,28.027,99.06,False,28.31,250.91,-2.93,,114.3,,False,0,2025-06-30 23:16:38
a12731,UAL1325 ,United States,1751325397.0,1751325397,-87.2079,42.3076,10972.8,False,206.55,261.41,-0.33,,11490.96,1625,False,0,2025-06-30 23:16:38
a12735,UAL2496 ,United States,1751325397.0,1751325398,-101.8782,39.5232,10668.0,False,256.11,70.4,0.33,,11231.88,1010,False,0,2025-06-30 23:16:38
a7ce70,N6018K  ,United States,1751325397.0,1751325397,-105.1278,40.2337,1996.44,False,54.93,225.38,-1.95,,2103.12,,False,0,2025-06-30 23:16:38
a9c5c5,JBU534  ,United States,1751325398.0,1751325398,-81.0494,28.365,8839.2,False,231.22,63.72,0.0,,9342.12,2164,False,0,2025-06-30 23:16:38
ac8cf1,AAL1761 ,United States,1751325397.0,1751325397,-89.9783,36.222,11269.98,False,251.64,51.72,0.0,,11940.54,3640,False,0,2025-06-30 23:16:38
a9c5c2,N729HZ  ,United States,1751325397.0,1751325397,-93.4839,40.8457,10668.0,False,283.12,82.8,-0.65,,11186.16,3220,False,0,2025-06-30 23:16:38
a89e79,N65439  ,United States,1751325395.0,1751325395,-80.9669,35.7375,579.12,False,40.18,166.68,0.0,,601.98,,False,0,2025-06-30 23:16:38
a77e8f,JIA5136 ,United States,1751325398.0,1751325398,-81.8822,34.5426,6096.0,False,214.32,53.3,0.0,,6454.14,6454,False,0,2025-06-30 23:16:38
a88b46,N65KD   ,United States,1751325397.0,1751325397,-123.0045,45.1634,1409.7,False,53.8,186.04,0.0,,1440.18,,False,0,2025-06-30 23:16:38
aa3b84,AMX410  ,United States,1751325397.0,1751325397,-94.2023,30.8283,11277.6,False,239.84,39.25,0.0,,11955.78,7437,True,0,2025-06-30 23:16:38
a842ac,JIA5348 ,United States,1751325215.0,1751325215,-69.2176,44.7031,2880.36,False,150.44,5.69,-12.68,,2987.04,1662,False,0,2025-06-30 23:16:38
acdcc0,JSX471  ,United States,1751325398.0,1751325398,-111.8355,33.8822,2225.04,False,135.25,194.09,-6.5,,2316.48,3271,False,0,2025-06-30 23:16:38
a16db9,AAL1401 ,United States,1751325397.0,1751325397,-74.3448,39.1025,9159.24,False,244.12,221.75,-0.33,,9669.78,3474,False,0,2025-06-30 23:16:38
ad5329,JBU309  ,United States,1751325397.0,1751325397,-72.3569,39.7369,6530.34,False,233.9,151.35,2.93,,6880.86,2777,False,0,2025-06-30 23:16:38
a24720,RPA5665 ,United States,1751325398.0,1751325398,-75.2524,39.4586,9448.8,False,234.94,37.97,0.33,,10020.3,2154,False,0,2025-06-30 23:16:38
a1272d,UAL679  ,United States,1751325398.0,1751325398,-117.9006,33.9857,2194.56,False,141.92,263.34,-4.88,,2286.0,7410,False,0,2025-06-30 23:16:38
aa3b75,N75898  ,United States,1751325397.0,1751325397,-122.4524,48.9172,640.08,False,46.7,130.53,2.93,,655.32,,False,0,2025-06-30 23:16:38
a988f0,DAL564  ,United States,1751325398.0,1751325398,-91.7014,36.545,11887.2,False,242.97,94.25,0.0,,12534.9,3160,False,0,2025-06-30 23:16:38
ac2038,SWA491  ,United States,1751325389.0,1751325389,-111.1365,37.4607,10736.58,False,232.3,241.28,-4.55,,11330.94,3523,False,0,2025-06-30 23:16:38
a64b96,N5043J  ,United States,1751325395.0,1751325395,-122.1126,37.458,,True,0.06,140.62,,,,1200,False,0,2025-06-30 23:16:38
ac335b,SWA3092 ,United States,1751325398.0,1751325398,-89.4408,41.7127,8534.4,False,187.18,259.71,-0.65,,8923.02,6201,False,0,2025-06-30 23:16:38
a8a5bf,N65624  ,United States,1751325398.0,1751325398,-82.168,28.3399,152.4,False,47.22,246.23,1.3,,198.12,,False,0,2025-06-30 23:16:38
a88b64,LN65LJ  ,United States,1751325397.0,1751325398,-78.625,35.0597,12192.0,False,240.87,217.19,-0.33,,12870.18,6636,False,0,2025-06-30 23:16:38
3c4b23,DLH419  ,Germany,1751325398.0,1751325398,-77.4573,38.9434,,True,2.06,180.0,,,,,False,0,2025-06-30 23:16:38
adb656,AAL1027 ,United States,1751325398.0,1751325398,-80.3773,25.3348,4419.6,False,193.09,209.71,13.0,,4655.82,,False,0,2025-06-30 23:16:38
a04db6,N119AV  ,United States,1751325397.0,1751325397,-117.1435,32.8312,518.16,False,48.4,92.44,1.63,,464.82,,False,0,2025-06-30 23:16:38
3c15c1,OCN11   ,Germany,1751325397.0,1751325397,-114.2326,36.2881,4030.98,False,129.27,213.31,-9.43,,4282.44,,False,0,2025-06-30 23:16:38
a1270b,UAL2252 ,United States,1751325398.0,1751325398,-77.3935,38.3883,11277.6,False,234.7,58.26,0.0,,11932.92,3725,False,0,2025-06-30 23:16:38
a1270f,UAL1433 ,United States,1751325391.0,1751325393,-94.7973,29.9014,1272.54,False,138.98,315.9,-6.5,,1363.98,,False,0,2025-06-30 23:16:38
ac337e,SWA3244 ,United States,1751325398.0,1751325398,-91.2475,42.5656,11277.6,False,275.71,80.77,0.0,,11734.8,1452,False,0,2025-06-30 23:16:38
a12778,UAL2651 ,United States,1751325397.0,1751325398,-98.353,42.4782,10972.8,False,222.12,241.65,0.0,,11445.24,1167,False,0,2025-06-30 23:16:38
ad402f,DAL880  ,United States,1751325397.0,1751325397,-86.1702,36.5691,10058.4,False,236.14,180.5,0.0,,10660.38,2346,False,0,2025-06-30 23:16:38
a602ab,ASA517  ,United States,1751325397.0,1751325398,-82.5489,25.8496,9753.6,False,229.4,300.3,0.0,,10309.86,,False,0,2025-06-30 23:16:38
a5e2a1,ATN3345 ,United States,1751325397.0,1751325397,-120.272,34.2746,9448.8,False,234.62,248.39,0.0,,9883.14,7452,False,0,2025-06-30 23:16:38
a735d7,ASA975  ,United States,1751325397.0,1751325397,-111.9747,34.444,8290.56,False,215.97,354.67,8.13,,8755.38,2673,False,0,2025-06-30 23:16:38
ae6031,MAKO69  ,United States,1751325397.0,1751325398,-120.2747,37.4263,1661.16,False,75.78,145.23,0.0,,1676.4,1200,False,0,2025-06-30 23:16:38
a04dfa,DAL957  ,United States,1751325398.0,1751325398,-86.4712,35.8335,10058.4,False,243.11,150.18,-0.33,,10668.0,3254,False,0,2025-06-30 23:16:38
a4870d,FFT1416 ,United States,1751325397.0,1751325398,-82.9142,28.281,2971.8,False,125.15,134.0,-10.08,,3139.44,4755,False,0,2025-06-30 23:16:38
a868d2,N6409D  ,United States,1751325398.0,1751325398,-117.0862,32.8162,472.44,False,50.67,105.31,-1.3,,419.1,,False,0,2025-06-30 23:16:38
ab38a1,DAL937  ,United States,1751325398.0,1751325398,-84.94,33.256,4305.3,False,200.26,18.11,-10.08,,4533.9,5647,False,0,2025-06-30 23:16:38
a988da,N713SZ  ,United States,1751325182.0,1751325182,-80.1423,26.3468,220.98,False,58.95,43.59,-3.25,,281.94,,False,0,2025-06-30 23:16:38
ad5398,AAL2338 ,United States,1751325397.0,1751325398,-74.3372,39.1186,10058.4,False,240.62,40.06,0.0,,10645.14,2003,False,0,2025-06-30 23:16:38
a9b39e,NKS2294 ,United States,1751325171.0,1751325171,-115.154,36.0857,,True,0.64,154.69,,,,1735,False,0,2025-06-30 23:16:38
ac2082,SWA469  ,United States,1751325398.0,1751325398,-97.0071,32.3285,10431.78,False,252.61,63.64,6.83,,11094.72,4026,False,0,2025-06-30 23:16:38
a602ce,N487CB  ,United States,1751325397.0,1751325397,-104.6961,39.5835,2872.74,False,128.98,94.35,6.5,,3055.62,,False,0,2025-06-30 23:16:38
a03ab8,N1137U  ,United States,1751325397.0,1751325397,-118.0802,33.6588,1394.46,False,53.23,302.77,0.0,,1394.46,,False,0,2025-06-30 23:16:38
a76b3c,N5773S  ,United States,1751325398.0,1751325398,-118.5721,47.852,3177.54,False,94.79,296.43,-1.63,,3322.32,,False,0,2025-06-30 23:16:38
a2471c,N246JL  ,United States,1751325398.0,1751325398,-73.1957,42.899,5440.68,False,180.2,240.21,3.9,,5692.14,1340,False,0,2025-06-30 23:16:38
a842a9,NKS2173 ,United States,1751325397.0,1751325397,-94.121,30.6764,5867.4,False,196.17,247.0,-9.43,,6256.02,4177,False,0,2025-06-30 23:16:38
a722b1,AAL1321 ,United States,1751325397.0,1751325397,-117.6475,34.332,10058.4,False,250.23,106.24,0.0,,10591.8,3262,False,0,2025-06-30 23:16:38
a16dd7,AMF1561 ,United States,1751325397.0,1751325397,-72.1355,43.223,2804.16,False,116.21,117.7,-0.33,,2903.22,5361,False,0,2025-06-30 23:16:38
a4c2f8,AAL1502 ,United States,1751325398.0,1751325398,-116.7449,34.0585,7200.9,False,218.44,263.64,-10.73,,7589.52,6723,False,0,2025-06-30 23:16:38
ab38aa,DAL2654 ,United States,1751325397.0,1751325398,-93.0721,43.7418,6659.88,False,215.85,345.93,-12.35,,6918.96,3132,False,0,2025-06-30 23:16:38
a65e8c,N5096C  ,United States,1751325393.0,1751325393,-93.4336,44.8229,411.48,False,36.7,301.24,-4.55,,381.0,,False,0,2025-06-30 23:16:38
a8b8b9,PDT5982 ,United States,1751325398.0,1751325398,-82.3695,36.0562,6530.34,False,200.28,305.49,4.88,,6903.72,3353,False,0,2025-06-30 23:16:38
a36713,N3181Q  ,United States,1751325397.0,1751325397,-84.3883,33.7814,617.22,False,51.06,265.96,0.33,,609.6,,False,0,2025-06-30 23:16:38
ab2854,AAY2720 ,United States,1751325398.0,1751325398,-82.8195,28.8181,5844.54,False,204.81,348.41,9.1,,6156.96,3754,False,0,2025-06-30 23:16:38
a3b768,TKR885  ,United States,1751325397.0,1751325397,-102.4297,43.524,1981.2,False,84.41,260.88,0.0,,2118.36,,False,0,2025-06-30 23:16:38
a1146e,N169PM  ,United States,1751325397.0,1751325398,-116.6959,47.9052,1691.64,False,53.62,49.28,-2.28,,1752.6,,False,0,2025-06-30 23:16:38
ab284d,AAL3030 ,United States,1751325398.0,1751325398,-95.4114,38.6502,4503.42,False,187.82,358.74,-11.7,,4724.4,3632,False,0,2025-06-30 23:16:38
ab151d,N813GF  ,United States,1751325227.0,1751325227,-82.1242,28.2621,198.12,False,38.2,224.45,-2.28,,228.6,,False,0,2025-06-30 23:16:38
a48759,JRE391  ,United States,1751325398.0,1751325398,-84.5262,35.727,6042.66,False,200.14,46.46,-18.86,,6370.32,2760,False,0,2025-06-30 23:16:38
ac4843,SWA2965 ,United States,1751325397.0,1751325397,-85.7818,32.578,7315.2,False,213.98,54.59,0.0,,7749.54,4003,False,0,2025-06-30 23:16:38
a0f46f,DAL204  ,United States,1751325397.0,1751325397,-72.1855,43.7387,10668.0,False,244.02,34.7,0.0,,11209.02,1722,False,0,2025-06-30 23:16:38
ac8eb4,WUP908  ,United States,1751325397.0,1751325397,-77.9228,39.1853,1836.42,False,154.18,38.36,-0.33,,1889.76,1751,False,0,2025-06-30 23:16:38
a58103,AAL399  ,United States,1751325398.0,1751325398,-101.1227,31.7655,9753.6,False,238.81,296.62,0.0,,10386.06,6466,False,0,2025-06-30 23:16:38
a0079d,N1004E  ,United States,1751325397.0,1751325397,-121.8025,37.4632,1074.42,False,55.34,339.88,-1.63,,1066.8,1200,False,0,2025-06-30 23:16:38
a12796,UAL2691 ,United States,1751325397.0,1751325398,-76.533,36.578,10972.8,False,244.85,202.09,0.0,,11612.88,7104,False,0,2025-06-30 23:16:38
a60430,N487SF  ,United States,1751325398.0,1751325398,-96.8621,32.6795,,True,0.0,312.19,,,,1165,False,0,2025-06-30 23:16:38
a12799,UAL526  ,United States,1751325397.0,1751325397,-111.8577,36.7851,10668.0,False,246.22,67.13,0.33,,11254.74,,False,0,2025-06-30 23:16:38
a1277b,UAL698  ,United States,1751325398.0,1751325398,-84.4377,36.005,10363.2,False,242.47,254.87,0.0,,10995.66,2523,False,0,2025-06-30 23:16:38
a39aa3,N331MK  ,United States,1751325398.0,1751325398,-73.2054,40.6147,769.62,False,56.62,61.81,0.0,,762.0,,False,0,2025-06-30 23:16:38
a35435,CXK687  ,United States,1751325397.0,1751325397,-72.635,41.7513,228.6,False,49.9,0.59,-2.28,,198.12,,False,0,2025-06-30 23:16:38
a3b796,DAL1987 ,United States,1751325398.0,1751325398,-79.4888,28.2332,10058.4,False,224.49,13.11,0.0,,10561.32,6705,False,0,2025-06-30 23:16:38
a24789,AAY1599 ,United States,1751325396.0,1751325396,-117.1325,44.5893,10972.8,False,224.48,284.74,0.33,,11506.2,,False,0,2025-06-30 23:16:38
ac8ee5,,United States,1751325398.0,1751325398,-118.3589,34.2114,,True,2.83,343.12,,,,,False,0,2025-06-30 23:16:38
a24782,ENY3932 ,United States,1751325398.0,1751325398,-77.2897,38.0994,4488.18,False,186.53,13.88,-8.45,,4724.4,3132,False,0,2025-06-30 23:16:38
a28dda,N264AA  ,United States,1751325397.0,1751325398,-81.1315,28.733,381.0,False,51.08,333.69,-3.25,,396.24,0325,False,0,2025-06-30 23:16:38
acdea4,N9283A  ,United States,1751325397.0,1751325397,-122.5675,46.8671,1211.58,False,54.21,80.72,-0.65,,1249.68,,False,0,2025-06-30 23:16:38
ac486a,SWA1733 ,United States,1751325397.0,1751325397,-80.7078,32.0618,9456.42,False,258.58,203.2,-13.66,,10027.92,3727,False,0,2025-06-30 23:16:38
ab6efc,DAL2294 ,United States,1751325397.0,1751325397,-73.652,40.7718,609.6,False,80.19,221.36,0.33,,609.6,4137,False,0,2025-06-30 23:16:38
440184,AUA66   ,Austria,1751325245.0,1751325397,-72.5883,48.0289,11887.2,False,271.89,57.75,0.0,,12352.02,6275,False,0,2025-06-30 23:16:38
ac3558,AAL1805 ,United States,1751325398.0,1751325398,-91.2098,33.6348,7315.2,False,220.95,231.05,0.0,,7749.54,7147,False,0,2025-06-30 23:16:38
ac4888,SWA1123 ,United States,1751325398.0,1751325398,-79.4694,36.7851,6400.8,False,204.77,131.74,0.0,,6766.56,3250,False,0,2025-06-30 23:16:38
ad6884,AAL831  ,United States,1751325397.0,1751325397,-81.151,35.4252,1554.48,False,127.63,99.04,-5.2,,1623.06,4376,False,0,2025-06-30 23:16:38
ad9bc8,AAL2361 ,United States,1751325396.0,1751325396,-113.3391,32.8658,10370.82,False,234.1,260.64,0.33,,10972.8,2260,False,0,2025-06-30 23:16:38
acdef1,N9285H  ,United States,1751325397.0,1751325398,-118.362,33.8303,1973.58,False,57.85,316.08,0.98,,2004.06,,False,0,2025-06-30 23:16:38
a40abe,N36JC   ,United States,1751325264.0,1751325265,-122.8881,46.9594,365.76,False,47.29,188.13,-0.65,,358.14,,False,0,2025-06-30 23:16:38
ac8efa,EDV4942 ,United States,1751324946.0,1751325398,-73.8807,40.7797,,True,0.0,33.75,,,,,False,0,2025-06-30 23:16:38
ae1ed8,BB083   ,United States,1751325304.0,1751325326,-82.3136,29.7145,426.72,False,105.67,307.48,-0.65,,472.44,,False,0,2025-06-30 23:16:38
ada521,AAL1164 ,United States,1751325398.0,1751325398,-87.9829,36.2574,7078.98,False,220.38,272.41,6.18,,7467.6,1675,False,0,2025-06-30 23:16:38
ada526,DAL2745 ,United States,1751325397.0,1751325397,-83.2624,42.3671,1165.86,False,94.19,209.08,-5.85,,1150.62,0561,False,0,2025-06-30 23:16:38
a36799,JBU1202 ,United States,1751325392.0,1751325392,-78.7321,42.9351,,True,0.0,135.0,,,,1144,False,0,2025-06-30 23:16:38
ad6881,NKS2207 ,United States,1751325397.0,1751325397,-89.6271,29.6576,5890.26,False,199.97,115.44,10.73,,6240.78,,False,0,2025-06-30 23:16:38
a2347f,N241JA  ,United States,1751325397.0,1751325397,-87.3443,36.8641,1859.28,False,63.64,122.79,-2.28,,1905.0,,False,0,2025-06-30 23:16:38
ab00ce,AAL1855 ,United States,1751325397.0,1751325397,-111.4896,37.7388,10668.0,False,246.5,60.49,0.33,,11254.74,,False,0,2025-06-30 23:16:38
a03c24,N114MB  ,United States,1751325371.0,1751325374,-72.4321,41.2435,609.6,False,74.59,335.56,-1.63,,609.6,,False,0,2025-06-30 23:16:38
a9b41d,N724TM  ,United States,1751325397.0,1751325397,-122.257,47.8605,358.14,False,37.73,281.0,-1.3,,358.14,1200,False,0,2025-06-30 23:16:38
a95129,N7PH    ,United States,1751325386.0,1751325386,-121.7468,44.3108,3329.94,False,98.28,100.25,0.65,,3489.96,4633,False,0,2025-06-30 23:16:38
44012f,AUA87   ,Austria,1751325397.0,1751325397,-72.3163,41.0508,5455.92,False,202.38,251.93,-10.73,,5753.1,2514,False,0,2025-06-30 23:16:38
a3c9a1,,United States,1751325391.0,1751325396,-84.4289,33.6419,,True,1.54,272.81,,,,,False,0,2025-06-30 23:16:38
a8a785,JBU2134 ,United States,1751325398.0,1751325398,-79.8635,29.0034,6705.6,False,202.39,251.01,-4.88,,7101.84,3747,False,0,2025-06-30 23:16:38
a4616b,N3810T  ,United States,1751325398.0,1751325398,-80.6005,28.046,670.56,False,46.85,148.93,0.0,,701.04,1200,False,0,2025-06-30 23:16:38
a126c9,UAL2316 ,United States,1751325398.0,1751325398,-78.5556,42.0516,10149.84,False,260.87,51.16,-4.88,,10713.72,2275,False,0,2025-06-30 23:16:38
a04f75,AAL2840 ,United States,1751325398.0,1751325398,-87.3331,41.0067,6294.12,False,228.26,154.36,8.13,,6576.06,1354,False,0,2025-06-30 23:16:38
acdf9a,AAL1283 ,United States,1751325398.0,1751325398,-95.4811,38.0916,10066.02,False,256.43,112.66,-0.33,,10614.66,,False,0,2025-06-30 23:16:38
a3c9c5,AAL2861 ,United States,1751325395.0,1751325395,-74.1806,40.6817,,True,7.2,275.62,,,,3526,False,0,2025-06-30 23:16:38
a9b402,SKW6422 ,United States,1751325398.0,1751325398,-96.6937,33.2816,2247.9,False,134.55,266.27,-6.83,,2346.96,2133,False,0,2025-06-30 23:16:38
aa3bfa,N759FE  ,United States,1751325398.0,1751325398,-104.6526,39.429,2164.08,False,74.97,316.67,-0.65,,2263.14,0034,False,0,2025-06-30 23:16:38
a2219e,N2363U  ,United States,1751325398.0,1751325398,-76.2072,43.467,1097.28,False,56.02,225.74,-0.98,,1097.28,,False,0,2025-06-30 23:16:38
a3ff0e,CAP3957 ,United States,1751325376.0,1751325376,-82.817,34.3201,1059.18,False,29.86,169.08,0.65,,1074.42,,False,0,2025-06-30 23:16:38
a04f49,SKW5992 ,United States,1751325398.0,1751325398,-86.382,41.4882,5379.72,False,192.23,298.62,-7.8,,5600.7,6512,False,0,2025-06-30 23:16:38
a3ff26,DAL31   ,United States,1751325397.0,1751325398,-84.8492,33.6796,3009.9,False,152.28,254.32,10.73,,3154.68,3365,False,0,2025-06-30 23:16:38
a95113,N7NL    ,United States,1751325397.0,1751325398,-96.9,32.242,1463.04,False,64.31,200.61,-2.93,,1501.14,,False,0,2025-06-30 23:16:38
a126ed,UAL296  ,United States,1751325397.0,1751325397,-104.658,40.0308,2034.54,False,97.75,180.3,-1.63,,2148.84,,False,0,2025-06-30 23:16:38
a6add1,N5298D  ,United States,1751325390.0,1751325390,-123.1093,47.2303,403.86,False,48.94,266.99,-2.28,,396.24,0305,False,0,2025-06-30 23:16:38
a7242c,N5597E  ,United States,1751325397.0,1751325397,-85.182,33.7895,1798.32,False,45.47,338.08,3.58,,1851.66,1653,False,0,2025-06-30 23:16:38
a15c54,SKW3327 ,United States,1751325397.0,1751325397,-120.1142,47.7786,6705.6,False,191.0,276.34,0.65,,7018.02,,False,0,2025-06-30 23:16:38
a52add,T71     ,United States,1751325397.0,1751325397,-117.2781,33.8079,1249.68,False,88.17,294.47,-4.23,,1287.78,,False,0,2025-06-30 23:16:38
ac4801,SWA4028 ,United States,1751325398.0,1751325398,-86.6916,41.5212,3070.86,False,175.95,269.33,0.33,,3177.54,4001,False,0,2025-06-30 23:16:38
a233b9,N241AC  ,United States,1751325398.0,1751325398,-93.3762,44.7799,609.6,False,36.19,345.17,0.33,,586.74,,False,0,2025-06-30 23:16:38
aa9220,SKW5404 ,United States,1751325090.0,1751325090,-99.5633,40.2295,10972.8,False,216.6,304.26,0.0,,11529.06,,False,0,2025-06-30 23:16:38
a58153,N454DR  ,United States,1751325397.0,1751325397,-121.7591,45.3865,13106.4,False,213.27,301.89,0.0,,13662.66,6032,False,0,2025-06-30 23:16:38
a15c1c,N187QS  ,United States,1751325397.0,1751325398,-71.391,42.4971,480.06,False,95.53,172.26,-2.93,,472.44,2423,False,0,2025-06-30 23:16:38
a03c46,XAA9436 ,United States,1751325396.0,1751325397,-109.2621,39.3348,13106.4,False,255.54,256.5,-0.33,,13731.24,3224,False,0,2025-06-30 23:16:38
a379d3,DAL483  ,United States,1751325397.0,1751325397,-87.553,36.1088,11269.98,False,238.95,87.41,0.0,,11932.92,2020,False,0,2025-06-30 23:16:38
a4b145,N401KM  ,United States,1751325397.0,1751325397,-70.9503,41.8637,685.8,False,50.66,99.94,4.88,,701.04,,False,0,2025-06-30 23:16:38
ab6eb9,AAL2867 ,United States,1751325398.0,1751325398,-95.14,35.6117,9951.72,False,210.26,96.6,4.55,,10500.36,2367,False,0,2025-06-30 23:16:38
a88aa1,N65CP   ,United States,1751325209.0,1751325209,-95.249,39.9551,2407.92,False,92.48,320.64,-0.33,,2484.12,,False,0,2025-06-30 23:16:38
ac481d,SWA733  ,United States,1751325316.0,1751325316,-95.8892,36.0957,708.66,False,89.63,2.96,0.0,,754.38,5662,False,0,2025-06-30 23:16:38
a4c492,SKW3407 ,United States,1751325396.0,1751325397,-119.8985,34.7078,9144.0,False,215.73,314.32,0.33,,9624.06,,False,0,2025-06-30 23:16:38
a83108,JBU170  ,United States,1751325397.0,1751325397,-78.9544,27.9717,9822.18,False,237.46,23.9,4.23,,10347.96,,False,0,2025-06-30 23:16:38
a126e7,UAL1523 ,United States,1751325396.0,1751325398,-79.1329,30.1035,10972.8,False,249.48,196.9,0.0,,11529.06,5050,True,0,2025-06-30 23:16:38
a126e8,UAL1242 ,United States,1751325398.0,1751325398,-97.6461,30.154,647.7,False,98.67,129.5,10.08,,670.56,4676,False,0,2025-06-30 23:16:38
a97733,NKS2401 ,United States,1751325397.0,1751325397,-93.9768,29.9539,7216.14,False,211.37,101.23,4.55,,7658.1,2456,False,0,2025-06-30 23:16:38
a89f0f,N6548J  ,United States,1751325360.0,1751325376,-95.5561,30.0834,68.58,False,32.51,175.46,-3.25,,106.68,5335,False,0,2025-06-30 23:16:38
a3ff75,N357GS  ,United States,1751325236.0,1751325237,-119.0377,35.4209,312.42,False,56.66,290.74,-5.2,,228.6,3631,False,0,2025-06-30 23:16:38
a4c3b4,N406JA  ,United States,1751325397.0,1751325397,-104.9496,40.341,1783.08,False,53.61,25.58,-0.65,,1874.52,,False,0,2025-06-30 23:16:38
a486cc,DAL2830 ,United States,1751325397.0,1751325397,-120.5267,37.4311,11277.6,False,229.22,165.31,-0.33,,11856.72,6623,False,0,2025-06-30 23:16:38
a629fc,N4969G  ,United States,1751325384.0,1751325384,-80.524,27.3439,899.16,False,46.57,135.9,-0.65,,952.5,,False,0,2025-06-30 23:16:38
ab5c26,AAL1114 ,United States,1751325397.0,1751325397,-95.6798,33.9009,11269.98,False,242.05,46.98,0.0,,11932.92,0556,False,0,2025-06-30 23:16:38
a486d8,DAL1172 ,United States,1751325397.0,1751325397,-97.1348,43.7493,10073.64,False,243.19,64.03,-0.33,,10431.78,3264,False,0,2025-06-30 23:16:38
a6af55,N53NW   ,United States,1751325398.0,1751325398,-81.4613,26.6676,3611.88,False,157.71,327.66,0.0,,3802.38,,False,0,2025-06-30 23:16:38
adc9b6,JBU233  ,United States,1751325397.0,1751325397,-97.9604,42.75,9753.6,False,219.68,257.56,0.0,,10165.08,7332,False,0,2025-06-30 23:16:38
ad79e8,ASA114  ,United States,1751325397.0,1751325398,-91.2742,42.3526,10934.7,False,197.59,271.19,2.28,,11376.66,4340,False,0,2025-06-30 23:16:38
a15c80,AAL3072 ,United States,1751325398.0,1751325398,-101.6387,39.1236,10058.4,False,245.52,112.16,0.0,,10568.94,1517,False,0,2025-06-30 23:16:38
a593cb,N459CP  ,United States,1751325397.0,1751325397,-121.7656,40.0232,3543.3,False,85.99,177.6,0.0,,3695.7,,False,0,2025-06-30 23:16:38
a3ec77,USC101  ,United States,1751325397.0,1751325398,-77.7471,38.4331,7757.16,False,199.62,213.12,4.55,,8221.98,2131,False,0,2025-06-30 23:16:38
a28f80,SKW3840 ,United States,1751325398.0,1751325398,-122.9772,41.2085,9448.8,False,216.89,172.5,-0.33,,9906.0,6604,False,0,2025-06-30 23:16:38
ad79d5,N96792  ,United States,1751325397.0,1751325398,-71.8211,42.5456,579.12,False,54.22,56.61,-1.63,,586.74,,False,0,2025-06-30 23:16:38
c04738,CJT2385 ,Canada,1751325397.0,1751325397,-88.5904,47.7501,10972.8,False,223.05,293.37,0.0,,11209.02,,False,0,2025-06-30 23:16:38
a83174,NKS2521 ,United States,1751325398.0,1751325398,-81.5451,35.5082,11277.6,False,235.32,128.7,-0.33,,11948.16,7141,False,0,2025-06-30 23:16:38
ad79eb,AAL986  ,United States,1751325398.0,1751325398,-85.2851,35.669,6096.0,False,199.93,257.22,0.0,,6446.52,5713,False,0,2025-06-30 23:16:38
a3c9e2,EJA343  ,United States,1751325397.0,1751325397,-121.55,38.439,7620.0,False,225.71,31.77,0.0,,7962.9,4571,False,0,2025-06-30 23:16:38
a3ff2e,CXK557  ,United States,1751325395.0,1751325395,-117.7677,34.0903,403.86,False,34.61,281.14,-2.28,,358.14,,False,0,2025-06-30 23:16:38
ac33c4,SWA2323 ,United States,1751325397.0,1751325397,-76.0305,37.5177,8221.98,False,257.27,41.6,-1.63,,8717.28,5624,False,0,2025-06-30 23:16:38
7380c6,ELY006  ,Israel,1751325398.0,1751325398,-101.827,41.937,10660.38,False,257.43,66.82,-0.33,,11186.16,2466,False,0,2025-06-30 23:16:38
a9b43f,AAL2949 ,United States,1751325396.0,1751325397,-75.1762,40.0962,1828.8,False,141.73,144.75,0.0,,1882.14,1175,False,0,2025-06-30 23:16:38
a340c8,N309AG  ,United States,1751325397.0,1751325397,-77.8349,39.1824,1234.44,False,119.04,22.35,0.0,,1264.92,1752,False,0,2025-06-30 23:16:38
a340d2,ASA1097 ,United States,1751325376.0,1751325376,-122.3181,47.4394,114.3,False,82.83,0.36,-3.9,,152.4,7642,False,0,2025-06-30 23:16:38
344344,IBE03CC ,Spain,1751325398.0,1751325398,-76.9626,42.4212,11277.6,False,265.48,86.33,0.0,,11894.82,3532,False,0,2025-06-30 23:16:38
a6f17a,N54661  ,United States,1751325398.0,1751325398,-121.2574,38.2809,1219.2,False,42.42,202.83,0.65,,1234.44,1200,False,0,2025-06-30 23:16:38
a8dadc,NOAA67  ,United States,1751325397.0,1751325397,-103.3259,39.4688,7620.0,False,145.28,109.01,0.33,,8061.96,,False,0,2025-06-30 23:16:38
ac212d,SWA3310 ,United States,1751325397.0,1751325397,-85.5913,34.214,10972.8,False,241.11,286.23,0.0,,11643.36,1071,False,0,2025-06-30 23:16:38
ad9ac9,JBU101  ,United States,1751325382.0,1751325382,-83.2136,25.5092,10370.82,False,234.64,282.67,0.0,,10965.18,,False,0,2025-06-30 23:16:38
ab0158,UAL2148 ,United States,1751325397.0,1751325397,-79.8357,37.623,10965.18,False,215.47,237.18,1.95,,11612.88,3735,False,0,2025-06-30 23:16:38
ad5457,,United States,1751325194.0,1751325194,-97.5052,39.6215,1828.8,False,92.82,258.81,-0.65,,2217.42,,False,0,2025-06-30 23:16:38
ab014c,N808TP  ,United States,1751325261.0,1751325261,-122.9972,46.541,1203.96,False,61.46,151.5,-2.28,,1242.06,,False,0,2025-06-30 23:16:38
a28eb7,JSX109  ,United States,1751325397.0,1751325397,-117.1853,34.8026,5920.74,False,209.63,255.21,-5.85,,6271.26,,False,0,2025-06-30 23:16:38
adfdbe,ROLER11 ,United States,1751325397.0,1751325397,-123.9177,48.2052,8229.6,False,160.22,137.6,-0.33,,8557.26,,False,0,2025-06-30 23:16:38
a36825,JBU2080 ,United States,1751325395.0,1751325395,-78.45,29.5567,10668.0,False,229.45,3.86,0.0,,11193.78,6601,False,0,2025-06-30 23:16:38
acddf8,EDV5250 ,United States,1751325310.0,1751325315,-78.73,42.9369,,True,1.8,143.44,,,,2326,False,0,2025-06-30 23:16:38
a5d0be,N474J   ,United States,1751325397.0,1751325397,-113.2706,34.7592,6705.6,False,140.95,263.08,0.33,,7078.98,4107,False,0,2025-06-30 23:16:38
a04edb,AAL506  ,United States,1751325398.0,1751325398,-94.4231,37.8292,9753.6,False,226.76,294.53,0.0,,10302.24,5716,False,0,2025-06-30 23:16:38
a12861,DAL939  ,United States,1751325386.0,1751325386,-108.1624,39.568,10668.0,False,240.95,60.59,-0.33,,11239.5,7371,False,0,2025-06-30 23:16:38
aaf488,N805AZ  ,United States,1751325398.0,1751325398,-117.8512,33.8297,1691.64,False,46.04,71.77,0.0,,1706.88,,False,0,2025-06-30 23:16:38
ab1496,AAL1421 ,United States,1751325397.0,1751325397,-73.7209,39.6813,9144.0,False,244.85,220.48,-0.65,,9624.06,3542,False,0,2025-06-30 23:16:38
ac3477,DAL2772 ,United States,1751325397.0,1751325397,-84.3445,33.6319,632.46,False,83.35,270.71,-4.23,,655.32,2311,False,0,2025-06-30 23:16:38
acdde3,SWA540  ,United States,1751325397.0,1751325398,-112.1588,32.8769,11277.6,False,244.88,100.53,0.33,,11917.68,4412,False,0,2025-06-30 23:16:38
a6f0e3,N5462Q  ,United States,1751325388.0,1751325393,-121.0357,44.0108,2095.5,False,39.25,100.57,-0.33,,2171.7,,False,0,2025-06-30 23:16:38
adb782,AAL845  ,United States,1751325398.0,1751325398,-74.9496,39.8364,1219.2,False,120.16,353.36,-0.65,,1257.3,3325,False,0,2025-06-30 23:16:38
a9d9f7,AAL730  ,United States,1751325397.0,1751325398,-79.6851,35.4726,7962.9,False,228.85,61.25,8.78,,8450.58,,False,0,2025-06-30 23:16:38
a9d9f2,ASA291  ,United States,1751325397.0,1751325397,-90.9211,39.4923,6728.46,False,210.0,149.85,-9.75,,7063.74,3505,False,0,2025-06-30 23:16:38
ac2154,SWA2832 ,United States,1751325397.0,1751325398,-82.7646,28.2769,2179.32,False,136.89,88.49,-0.65,,2308.86,2713,False,0,2025-06-30 23:16:38
abaadd,SWA1184 ,United States,1751325397.0,1751325397,-84.2952,33.0278,11582.4,False,231.47,345.19,0.0,,12252.96,1474,False,0,2025-06-30 23:16:38
aa3c86,N759LV  ,United States,1751325397.0,1751325397,-121.3114,47.6291,2682.24,False,60.74,141.19,-0.98,,2842.26,1200,False,0,2025-06-30 23:16:38
a8ef5f,N675MA  ,United States,1751325397.0,1751325397,-109.6043,32.7342,8534.4,False,126.63,290.2,0.0,,9014.46,,False,0,2025-06-30 23:16:38
a3a503,DAL2271 ,United States,1751325397.0,1751325397,-104.1597,40.6309,6217.92,False,224.22,47.05,5.85,,6583.68,,False,0,2025-06-30 23:16:38
ab017b,VXP725  ,United States,1751325397.0,1751325397,-85.9297,36.2639,5250.18,False,188.99,61.55,12.03,,5516.88,3471,False,0,2025-06-30 23:16:38
ac2173,SWA2927 ,United States,1751325397.0,1751325397,-81.2231,28.6788,1402.08,False,128.29,235.29,-6.83,,1501.14,6511,False,0,2025-06-30 23:16:38
a53ea4,N437RP  ,United States,1751325338.0,1751325342,-91.9587,34.5236,4389.12,False,104.51,247.73,-0.65,,4617.72,1446,False,0,2025-06-30 23:16:38
a9d9ec,N734AE  ,United States,1751325397.0,1751325397,-80.1165,25.7483,266.7,False,56.92,9.89,-0.33,,289.56,,False,0,2025-06-30 23:16:38
a580b8,N4538G  ,United States,1751325385.0,1751325385,-123.1561,45.1894,152.4,False,26.58,75.43,-3.25,,114.3,,False,0,2025-06-30 23:16:38
a580b6,N4538E  ,United States,1751325256.0,1751325257,-74.4558,41.7252,1219.2,False,53.54,87.8,1.3,,1242.06,,False,0,2025-06-30 23:16:38
a89f54,ASI148  ,United States,1751325397.0,1751325397,-112.4107,33.7935,1493.52,False,24.89,251.94,0.98,,1508.76,1200,False,0,2025-06-30 23:16:38
ad4171,SKW5915 ,United States,1751325398.0,1751325398,-95.9616,41.0477,4450.08,False,194.02,258.06,-10.4,,4625.34,3212,False,0,2025-06-30 23:16:38
accaf4,SKW5068 ,United States,1751325398.0,1751325398,-91.2562,31.5865,8595.36,False,206.86,253.23,4.23,,9113.52,,False,0,2025-06-30 23:16:38
a28ee7,SWA8506 ,United States,1751325398.0,1751325398,-82.4647,33.131,8915.4,False,234.0,292.9,-10.4,,9448.8,2016,False,0,2025-06-30 23:16:38
adb77f,NKS2506 ,United States,1751325397.0,1751325398,-117.7351,33.3761,6797.04,False,209.99,138.77,-13.66,,7162.8,3673,False,0,2025-06-30 23:16:38
a710b9,N55401  ,United States,1751325396.0,1751325396,-90.7664,33.4792,1051.56,False,59.82,86.05,-2.93,,1082.04,,False,0,2025-06-30 23:16:38
a5e3e4,EDV5232 ,United States,1751325397.0,1751325397,-73.902,40.6061,1828.8,False,126.73,212.4,0.33,,1897.38,2333,False,0,2025-06-30 23:16:38
a4b0bb,DAL56   ,United States,1751325397.0,1751325397,-107.6722,42.5438,11201.4,False,252.99,61.45,1.95,,11780.52,,False,0,2025-06-30 23:16:38
aa4f70,N7633B  ,United States,1751325345.0,1751325345,-116.9327,32.8194,381.0,False,38.06,279.33,0.33,,320.04,,False,0,2025-06-30 23:16:38
a09239,RPA4435 ,United States,1751325398.0,1751325398,-79.7422,39.2872,9357.36,False,239.41,95.8,-6.18,,9906.0,3473,True,0,2025-06-30 23:16:38
a1beb8,MDS211  ,United States,1751325397.0,1751325397,-105.5704,31.3141,4960.62,False,141.51,297.5,-5.85,,5234.94,,False,0,2025-06-30 23:16:38
ab39e3,SKW3564 ,United States,1751325397.0,1751325397,-85.4917,34.7023,8153.4,False,234.53,141.95,-7.15,,8633.46,6253,False,0,2025-06-30 23:16:38
a90f3d,N683K   ,United States,1751325397.0,1751325398,-122.4743,45.5473,464.82,False,59.66,299.44,-2.6,,449.58,,False,0,2025-06-30 23:16:38
a6800a,KPO518  ,United States,1751325178.0,1751325178,-73.8059,42.7731,190.5,False,49.92,178.23,-1.95,,167.64,2562,False,0,2025-06-30 23:16:38
ad474c,DAL2803 ,United States,1751325356.0,1751325356,-84.4315,33.6368,,True,5.92,59.06,,,,5611,False,0,2025-06-30 23:16:38
a3204f,N300LC  ,United States,1751325397.0,1751325397,-96.8569,32.1485,1676.4,False,49.28,143.49,-0.65,,1729.74,,False,0,2025-06-30 23:16:38
a0c06b,N148AC  ,United States,1751325396.0,1751325397,-118.7013,34.0331,495.3,False,47.47,265.65,0.65,,457.2,,False,0,2025-06-30 23:16:38
a20072,N228TR  ,United States,1751325286.0,1751325286,-73.152,41.5619,624.84,False,50.44,178.25,-7.15,,746.76,,False,0,2025-06-30 23:16:38
a3338c,SKW3831 ,United States,1751325397.0,1751325397,-81.3102,40.5484,6065.52,False,175.07,260.87,6.5,,6377.94,7451,False,0,2025-06-30 23:16:38
ac5ab7,SWA990  ,United States,1751325397.0,1751325397,-81.1533,32.1314,571.5,False,107.18,75.83,12.03,,586.74,,False,0,2025-06-30 23:16:38
abe101,SWA991  ,United States,1751325269.0,1751325269,-90.2602,29.9914,,True,27.78,106.88,,,,6541,False,0,2025-06-30 23:16:38
a5d668,UAL2018 ,United States,1751325155.0,1751325157,-81.8459,41.4173,289.56,False,77.79,230.1,-3.58,,236.22,3003,False,0,2025-06-30 23:16:38
a6932d,N5223R  ,United States,1751325186.0,1751325188,-80.2932,25.9125,0.0,False,37.1,86.82,-2.6,,15.24,,False,0,2025-06-30 23:16:38
a9b958,N7256Q  ,United States,1751325393.0,1751325397,-90.8005,33.6971,914.4,False,47.31,226.76,4.88,,922.02,1200,False,0,2025-06-30 23:16:38
acbdae,N92VB   ,United States,1751325396.0,1751325398,-123.0956,44.3517,845.82,False,67.52,192.77,0.65,,838.2,,False,0,2025-06-30 23:16:38
a70333,ASA1257 ,United States,1751325397.0,1751325397,-121.9815,47.0268,6073.14,False,216.31,154.65,11.7,,6339.84,1636,False,0,2025-06-30 23:16:38
a2004b,N228SB  ,United States,1751325398.0,1751325398,-97.4929,35.9965,8115.3,False,257.98,87.49,-5.53,,8587.74,,False,0,2025-06-30 23:16:38
4079cd,VIR36VL ,United Kingdom,1751325398.0,1751325398,-77.0506,36.1677,11887.2,False,239.93,35.22,0.0,,12550.14,0732,False,0,2025-06-30 23:16:38
c025fc,JZA766  ,Canada,1751325397.0,1751325397,-117.4006,33.0375,3634.74,False,143.17,144.65,-8.13,,3794.76,7057,False,0,2025-06-30 23:16:38
aa1abe,N750HF  ,United States,1751325397.0,1751325397,-116.923,34.7517,6103.62,False,211.46,263.01,0.33,,6416.04,,False,0,2025-06-30 23:16:38
ac1466,DAL533  ,United States,1751325397.0,1751325397,-118.6504,47.5364,10058.4,False,250.59,91.18,0.33,,10485.12,1547,False,0,2025-06-30 23:16:38
a33377,N305SB  ,United States,1751325397.0,1751325397,-117.1442,34.1131,640.08,False,39.43,82.5,1.63,,601.98,,False,0,2025-06-30 23:16:38
a2005a,SIS28   ,United States,1751325397.0,1751325397,-104.0036,42.2832,12192.0,False,227.83,283.85,0.0,,12755.88,5650,False,0,2025-06-30 23:16:38
ad7ab8,JBU1200 ,United States,1751325397.0,1751325397,-101.2299,30.9351,10050.78,False,240.53,79.03,0.33,,10675.62,1070,False,0,2025-06-30 23:16:38
a81000,UAL1635 ,United States,1751325398.0,1751325398,-91.0264,34.342,10058.4,False,249.73,71.01,0.0,,10668.0,7663,False,0,2025-06-30 23:16:38
a81001,UAL2347 ,United States,1751325398.0,1751325398,-103.4193,42.2178,11277.6,False,244.53,84.33,0.0,,11826.24,2462,False,0,2025-06-30 23:16:38
a81005,UAL8166 ,United States,1751325395.0,1751325395,-107.8479,42.8308,10668.0,False,242.56,148.27,0.0,,11216.64,,False,0,2025-06-30 23:16:38
a5d68e,N47537  ,United States,1751325397.0,1751325397,-70.8994,43.0086,609.6,False,74.24,345.96,0.0,,624.84,,False,0,2025-06-30 23:16:38
ac0143,SWA3846 ,United States,1751325398.0,1751325398,-101.4356,30.7961,11277.6,False,246.98,91.07,0.0,,11971.02,7731,False,0,2025-06-30 23:16:38
a81006,UAL1001 ,United States,1751325397.0,1751325397,-84.0988,45.557,8983.98,False,198.63,237.05,-5.2,,9357.36,3523,False,0,2025-06-30 23:16:38
a5d68a,UAL1820 ,United States,1751325398.0,1751325398,-77.9751,34.0575,10058.4,False,231.6,1.65,0.0,,10629.9,,False,0,2025-06-30 23:16:38
c06e87,ACA375  ,Canada,1751325384.0,1751325384,-73.7503,45.4667,,True,8.75,357.19,,,,,False,0,2025-06-30 23:16:38
a87cbb,NKS2262 ,United States,1751325397.0,1751325397,-88.9962,31.3974,10972.8,False,235.23,268.12,0.0,,11650.98,2120,False,0,2025-06-30 23:16:38
a7bff9,N599MR  ,United States,1751325314.0,1751325316,-94.3855,38.0928,2720.34,False,85.57,172.75,-0.33,,2827.02,,False,0,2025-06-30 23:16:38
ac5ada,SWA2523 ,United States,1751325397.0,1751325397,-77.4346,38.6675,5356.86,False,183.08,85.97,-8.45,,5646.42,1572,False,0,2025-06-30 23:16:38
c012bd,WJA1591 ,Canada,1751325398.0,1751325398,-90.9854,41.8519,10972.8,False,219.38,315.86,0.0,,11460.48,3211,False,0,2025-06-30 23:16:38
a4798f,FFT3109 ,United States,1751325397.0,1751325397,-91.1263,33.9999,11590.02,False,225.61,223.52,0.0,,12283.44,6073,False,0,2025-06-30 23:16:38
aa974f,SWA459  ,United States,1751325397.0,1751325398,-84.3963,30.7869,11887.2,False,239.22,180.12,0.33,,12557.76,5534,False,0,2025-06-30 23:16:38
abe147,SWA206  ,United States,1751325398.0,1751325398,-92.5428,40.1044,11277.6,False,256.33,69.93,0.33,,11826.24,,False,0,2025-06-30 23:16:38
a2be06,AAY2728 ,United States,1751325398.0,1751325398,-95.6184,30.7238,9090.66,False,241.88,68.02,4.23,,9654.54,1622,False,0,2025-06-30 23:16:38
acaae3,SKW5828 ,United States,1751325366.0,1751325383,-87.9308,41.9743,,True,0.0,264.38,,,,,False,0,2025-06-30 23:16:38
a5d623,UAL668  ,United States,1751325075.0,1751325130,-92.4286,27.5592,10363.2,False,238.06,320.88,0.0,,11003.28,,False,0,2025-06-30 23:16:38
c038ca,ACA826  ,Canada,1751325397.0,1751325397,-79.6342,43.6932,,True,0.13,11.25,,,,2263,False,0,2025-06-30 23:16:38
a1e08d,N22VK   ,United States,1751325397.0,1751325398,-122.3386,46.2057,3931.92,False,178.05,200.11,-9.1,,4091.94,4671,False,0,2025-06-30 23:16:38
a358a5,N3144V  ,United States,1751325397.0,1751325397,-122.2738,38.2278,121.92,False,30.67,202.69,-2.28,,68.58,,False,0,2025-06-30 23:16:38
a5864b,N455SM  ,United States,1751325397.0,1751325398,-79.106,38.0838,12192.0,False,240.62,199.09,0.33,,12877.8,1011,False,0,2025-06-30 23:16:38
a0f8cb,UCA4890 ,United States,1751325398.0,1751325398,-83.9354,35.8617,617.22,False,72.4,224.14,-4.55,,617.22,3264,False,0,2025-06-30 23:16:38
ac5afd,SWA4721 ,United States,1751325398.0,1751325398,-109.5057,33.7832,11277.6,False,240.2,109.91,0.65,,11932.92,1062,False,0,2025-06-30 23:16:38
a4fcd4,N420NJ  ,United States,1751325398.0,1751325398,-81.2773,34.0714,3291.84,False,135.29,334.31,10.73,,3459.48,,False,0,2025-06-30 23:16:38
a5d648,UAL1020 ,United States,1751325158.0,1751325158,-94.2401,28.4195,8046.72,False,247.74,120.72,3.9,,7924.8,2546,False,0,2025-06-30 23:16:38
a9da5c,N734ES  ,United States,1751325397.0,1751325397,-117.0417,33.625,1546.86,False,42.81,175.87,3.58,,1577.34,,False,0,2025-06-30 23:16:38
a118d5,N17WN   ,United States,1751325328.0,1751325328,-83.3889,42.666,441.96,False,55.58,268.41,-4.23,,365.76,,False,0,2025-06-30 23:16:38
a8ba8d,N66119  ,United States,1751325398.0,1751325398,-123.1522,45.1644,281.94,False,32.7,102.72,-0.33,,243.84,,False,0,2025-06-30 23:16:38
a5c31b,SWA3062 ,United States,1751325396.0,1751325396,-84.4321,33.6402,,True,0.0,272.81,,,,,False,0,2025-06-30 23:16:38
a9ed9d,N739MR  ,United States,1751325398.0,1751325398,-123.9383,45.7788,1943.1,False,49.99,8.88,0.0,,2004.06,,False,0,2025-06-30 23:16:38
ad2169,N945TE  ,United States,1751325397.0,1751325397,-86.2501,36.13,944.88,False,63.51,35.11,-0.98,,967.74,1200,False,0,2025-06-30 23:16:38
a76fe9,ASA1358 ,United States,1751325397.0,1751325398,-122.7201,46.3113,6355.08,False,203.5,353.47,-9.1,,6652.26,3750,False,0,2025-06-30 23:16:38
a93061,N691W   ,United States,1751325284.0,1751325284,-122.7733,45.2289,182.88,False,32.31,9.16,-2.28,,175.26,,False,0,2025-06-30 23:16:38
aae703,N801QS  ,United States,1751325397.0,1751325397,-79.215,26.0565,13106.4,False,230.06,8.75,0.33,,13693.14,,False,0,2025-06-30 23:16:38
a37b0c,AAL2035 ,United States,1751325398.0,1751325398,-101.8017,30.844,10972.8,False,227.21,261.67,0.0,,11650.98,7610,True,0,2025-06-30 23:16:38
a345b9,N31NW   ,United States,1751325139.0,1751325143,-112.7868,34.9233,4358.64,False,88.9,280.33,-1.95,,4632.96,,False,0,2025-06-30 23:16:38
adde95,JBU220  ,United States,1751325398.0,1751325398,-97.1353,40.8864,10675.62,False,263.47,82.71,0.0,,11155.68,7205,False,0,2025-06-30 23:16:38
a105ff,N165TW  ,United States,1751325245.0,1751325245,-118.3336,33.7983,114.3,False,28.52,309.14,-3.9,,30.48,,False,0,2025-06-30 23:16:38
ac2706,UAL431  ,United States,1751325396.0,1751325396,-113.9116,38.3892,11567.16,False,222.23,266.15,0.0,,12176.76,,False,0,2025-06-30 23:16:38
a4b5b6,SKW3383 ,United States,1751325398.0,1751325398,-120.4734,34.9269,5113.02,False,172.74,141.29,9.1,,5334.0,,False,0,2025-06-30 23:16:38
a3a8ef,FFT3871 ,United States,1751325397.0,1751325398,-111.9614,36.6517,9448.8,False,230.97,166.74,0.0,,9982.2,,False,0,2025-06-30 23:16:38
a63e1b,N501ER  ,United States,1751325397.0,1751325397,-118.4129,34.2594,,True,4.63,320.62,,,,,False,0,2025-06-30 23:16:38
a095f0,RPA4495 ,United States,1751325397.0,1751325397,-85.7119,36.3552,5394.96,False,201.78,67.36,5.53,,5684.52,2541,False,0,2025-06-30 23:16:38
a50b0e,LXJ424  ,United States,1751325397.0,1751325397,-72.1744,41.4926,5189.22,False,177.17,64.18,0.0,,5448.3,3045,False,0,2025-06-30 23:16:38
a0f8f1,UCA4814 ,United States,1751325187.0,1751325248,-90.7729,32.263,3611.88,False,161.23,101.6,-6.18,,3794.76,2523,True,0,2025-06-30 23:16:38
a01b56,DAL524  ,United States,1751325396.0,1751325397,-80.1817,37.8353,10668.0,False,237.98,98.08,0.33,,11300.46,3152,False,0,2025-06-30 23:16:38
c038a3,ACA847  ,Canada,1751325292.0,1751325292,-73.7584,45.4605,,True,2.57,101.25,,,,2516,False,0,2025-06-30 23:16:38
aa716b,N772KW  ,United States,1751325398.0,1751325398,-80.2597,26.9135,2095.5,False,71.08,2.9,-1.3,,2202.18,,False,0,2025-06-30 23:16:38
c0003e,,Canada,1751325397.0,1751325398,-78.9492,44.1363,6423.66,False,173.78,216.94,-7.48,,6682.74,1762,False,0,2025-06-30 23:16:38
a87cf9,QXE2020 ,United States,1751325398.0,1751325398,-121.5329,45.5293,3779.52,False,160.0,270.37,-8.45,,3977.64,4075,False,0,2025-06-30 23:16:38
aae73b,SCX503  ,United States,1751325397.0,1751325397,-95.4142,41.7449,11582.4,False,217.25,202.56,-0.33,,12062.46,,False,0,2025-06-30 23:16:38
a1f2cd,N2244M  ,United States,1751325391.0,1751325394,-80.4511,27.6147,556.26,False,51.0,261.3,1.3,,609.6,,False,0,2025-06-30 23:16:38
020122,RAM208M ,Morocco,1751325397.0,1751325397,-71.2088,45.9834,8839.2,False,241.4,268.17,-3.9,,9243.06,2531,False,0,2025-06-30 23:16:38
020121,RAM218W ,Morocco,1751325397.0,1751325398,-77.0007,37.0722,7315.2,False,225.35,283.47,0.0,,7749.54,5612,False,0,2025-06-30 23:16:38
aae757,UAL793C ,United States,1751325398.0,1751325398,-88.8123,37.3648,10972.8,False,222.61,183.31,0.0,,11628.12,1330,False,0,2025-06-30 23:16:38
ab0777,N81ER   ,United States,1751325398.0,1751325398,-94.1527,41.6088,13716.0,False,230.57,77.76,0.0,,14226.54,3751,False,0,2025-06-30 23:16:38
ab0779,N81ET   ,United States,1751325397.0,1751325397,-77.9213,41.469,2438.4,False,129.63,319.99,0.0,,2499.36,2656,False,0,2025-06-30 23:16:38
a9eca5,N739BT  ,United States,1751325327.0,1751325327,-122.2715,47.8917,182.88,False,31.4,1.88,-1.3,,228.6,,False,0,2025-06-30 23:16:38
a8103e,ASA140  ,United States,1751325398.0,1751325398,-122.5896,47.7495,3947.16,False,166.84,149.01,-2.6,,4137.66,4114,False,0,2025-06-30 23:16:38
a95665,AAL1317 ,United States,1751325397.0,1751325398,-86.2615,38.8156,6896.1,False,222.37,174.16,6.83,,7239.0,6756,False,0,2025-06-30 23:16:38
a37b1c,SKW3589 ,United States,1751325397.0,1751325397,-119.8258,39.6562,10363.2,False,241.89,349.96,0.0,,10858.5,7264,False,0,2025-06-30 23:16:38
a1f2b1,UAL40   ,United States,1751325397.0,1751325397,-67.0484,43.5506,10058.4,False,272.91,64.55,0.0,,10576.56,1525,False,0,2025-06-30 23:16:38
ac6de4,N90LY   ,United States,1751325398.0,1751325398,-121.5839,44.1849,3779.52,False,90.6,285.14,3.9,,3970.02,,False,0,2025-06-30 23:16:38
a25b3f,ASA432  ,United States,1751325397.0,1751325397,-100.2375,31.0976,10668.0,False,243.87,79.42,0.0,,11315.7,0737,False,0,2025-06-30 23:16:38
ad4747,AAL1681 ,United States,1751325280.0,1751325280,-97.0547,32.9148,190.5,False,74.08,179.6,-2.6,,167.64,0731,False,0,2025-06-30 23:16:38
ad4744,ASA598  ,United States,1751325160.0,1751325160,-87.9077,41.9716,,True,5.66,92.81,,,,1401,False,0,2025-06-30 23:16:38
a93019,N691TC  ,United States,1751325397.0,1751325397,-85.544,38.2836,701.04,False,42.88,239.74,-0.98,,670.56,,False,0,2025-06-30 23:16:38
a5b078,LXJ466  ,United States,1751325397.0,1751325397,-80.1934,43.9101,8839.2,False,221.28,190.45,-0.33,,9250.68,2222,False,0,2025-06-30 23:16:38
acbe3c,DAL3101 ,United States,1751325397.0,1751325397,-84.077,33.8565,2674.62,False,125.56,181.41,-7.15,,2804.16,4433,False,0,2025-06-30 23:16:38
a9ee0d,N739SC  ,United States,1751325398.0,1751325398,-104.5286,39.7933,1737.36,False,37.57,88.43,1.95,,1752.6,,False,0,2025-06-30 23:16:38
ab4e87,N8279Z  ,United States,1751325395.0,1751325397,-122.2366,47.108,609.6,False,59.03,263.49,1.3,,624.84,,False,0,2025-06-30 23:16:38
a9ee38,N739TW  ,United States,1751325397.0,1751325397,-122.1458,37.488,548.64,False,35.4,234.46,2.6,,510.54,1200,False,0,2025-06-30 23:16:38
780a70,CPA3295 ,China,1751325397.0,1751325397,-73.7746,44.8204,10668.0,False,248.99,350.25,0.0,,11193.78,1714,False,0,2025-06-30 23:16:38
a9db01,N734MG  ,United States,1751325397.0,1751325397,-80.4608,27.7341,1767.84,False,48.48,160.8,0.0,,1882.14,1653,False,0,2025-06-30 23:16:38
ad7b17,AAL1747 ,United States,1751325398.0,1751325398,-87.8782,40.7727,7612.38,False,238.25,178.64,5.85,,7978.14,6276,False,0,2025-06-30 23:16:38
ac5b43,SWA154  ,United States,1751325397.0,1751325397,-91.9746,34.9453,10363.2,False,228.77,212.51,0.0,,10995.66,3512,False,0,2025-06-30 23:16:38
a2ab73,AAY3067 ,United States,1751325397.0,1751325398,-86.1398,34.7866,10370.82,False,239.07,351.84,0.33,,11003.28,1066,False,0,2025-06-30 23:16:38
a38e8e,N3281L  ,United States,1751325397.0,1751325397,-77.0724,38.5795,914.4,False,32.93,208.97,0.0,,937.26,5114,False,0,2025-06-30 23:16:38
c06ce4,CGPGD   ,Canada,1751325397.0,1751325397,-72.6975,40.8431,662.94,False,116.29,1.27,8.78,,662.94,,False,0,2025-06-30 23:16:38
a4eb8d,N416MR  ,United States,1751325398.0,1751325398,-122.7539,46.3902,3718.56,False,67.65,219.14,3.25,,3870.96,,False,0,2025-06-30 23:16:38
a452c4,DAL832  ,United States,1751325397.0,1751325397,-77.4461,37.5991,5798.82,False,189.44,21.34,-1.63,,6141.72,1775,False,0,2025-06-30 23:16:38
a968df,DAL668  ,United States,1751325398.0,1751325398,-95.1791,38.4982,11277.6,False,250.04,100.43,-0.33,,11864.34,1712,False,0,2025-06-30 23:16:38
a46705,CXK244  ,United States,1751325397.0,1751325397,-80.676,35.5319,723.9,False,39.85,191.16,-0.33,,731.52,,False,0,2025-06-30 23:16:38
a34729,DAL1098 ,United States,1751325398.0,1751325398,-74.6521,45.577,9761.22,False,226.1,321.93,0.0,,10210.8,1376,False,0,2025-06-30 23:16:38
4bb0ec,THY81D  ,Turkey,1751325398.0,1751325398,-69.4397,42.9186,7490.46,False,194.49,241.74,-8.45,,7863.84,0736,False,0,2025-06-30 23:16:38
a0e751,UAL1934 ,United States,1751325397.0,1751325397,-90.2842,34.9818,11513.82,False,244.77,50.29,-11.7,,12184.38,2401,False,0,2025-06-30 23:16:38
adde4c,N993FG  ,United States,1751325397.0,1751325397,-78.8363,35.9123,914.4,False,61.17,71.87,-2.6,,922.02,,False,0,2025-06-30 23:16:38
a715a6,N5559W  ,United States,1751325381.0,1751325384,-107.7835,42.5082,7315.2,False,130.36,312.44,0.0,,7696.2,,False,0,2025-06-30 23:16:38
acab3f,SWA193  ,United States,1751325357.0,1751325361,-106.6144,35.0484,,True,5.4,90.0,,,,,False,0,2025-06-30 23:16:38
a5d5ae,SWA2913 ,United States,1751325397.0,1751325397,-74.9691,39.4094,9395.46,False,238.27,225.44,10.73,,9936.48,7157,False,0,2025-06-30 23:16:38
a968bb,SKW6304 ,United States,1751325268.0,1751325268,-97.0261,32.9014,,True,26.24,185.62,,,,5220,False,0,2025-06-30 23:16:38
a572af,LXJ450  ,United States,1751325378.0,1751325383,-118.4879,34.2046,,True,0.0,216.56,,,,,False,0,2025-06-30 23:16:38
ad7b4d,EJA968  ,United States,1751325398.0,1751325398,-122.2639,47.4843,243.84,False,53.47,329.98,-4.23,,243.84,7055,False,0,2025-06-30 23:16:38
a49b8d,N39609  ,United States,1751325378.0,1751325396,-93.1946,42.4347,815.34,False,42.9,275.51,-2.28,,800.1,,False,0,2025-06-30 23:16:38
ad7b7c,N968SP  ,United States,1751325379.0,1751325388,-96.3535,42.6728,2110.74,False,77.61,165.41,-3.58,,2125.98,4555,False,0,2025-06-30 23:16:38
a51e7d,EJA429  ,United States,1751325397.0,1751325397,-87.0693,33.3081,4038.6,False,181.99,205.99,15.28,,4251.96,,False,0,2025-06-30 23:16:38
c07fe9,WJA328  ,Canada,1751325398.0,1751325398,-75.2657,45.013,11277.6,False,258.22,70.45,0.33,,11811.0,0515,False,0,2025-06-30 23:16:38
4bb0e3,THY79K  ,Turkey,1751325398.0,1751325398,-121.7863,38.9331,11582.4,False,235.0,232.83,0.0,,12131.04,3361,False,0,2025-06-30 23:16:38
aa2e0b,EJA755  ,United States,1751325396.0,1751325396,-112.4663,37.003,12847.32,False,240.31,241.62,-5.2,,13517.88,1351,False,0,2025-06-30 23:16:38
a6f5b5,ASA773  ,United States,1751325397.0,1751325398,-119.6242,35.9364,11277.6,False,222.6,189.31,-0.33,,11856.72,1644,False,0,2025-06-30 23:16:38
a98b8b,N714GM  ,United States,1751325396.0,1751325396,-87.0095,35.8737,1066.8,False,67.92,201.32,0.0,,1089.66,,False,0,2025-06-30 23:16:38
ac0094,SWA964  ,United States,1751325397.0,1751325397,-92.659,31.9777,10363.2,False,229.38,266.4,0.33,,11003.28,1423,False,0,2025-06-30 23:16:38
a5d713,UAL1845 ,United States,1751325397.0,1751325397,-84.7816,39.0102,9753.6,False,221.73,270.27,0.0,,10309.86,6551,False,0,2025-06-30 23:16:38
a0d456,N15222  ,United States,1751325393.0,1751325396,-84.2242,38.897,662.94,False,60.42,321.57,-0.98,,624.84,,False,0,2025-06-30 23:16:38
a33425,,United States,1751325356.0,1751325356,-79.4506,26.0492,2758.44,False,126.52,255.4,-6.5,,2918.46,,False,0,2025-06-30 23:16:38
a51dc0,N429HC  ,United States,1751325398.0,1751325398,-71.2982,42.3088,342.9,False,61.86,218.59,1.95,,342.9,,False,0,2025-06-30 23:16:38
a22752,NIT238  ,United States,1751325096.0,1751325125,-83.1631,32.1162,647.7,False,54.5,19.29,-0.65,,594.36,,False,0,2025-06-30 23:16:38
a19107,N20PZ   ,United States,1751325398.0,1751325398,-123.1859,44.2195,2606.04,False,87.13,15.76,0.0,,2720.34,,False,0,2025-06-30 23:16:38
ad2095,JBU387  ,United States,1751325397.0,1751325397,-102.5298,40.3172,10363.2,False,228.08,255.9,0.0,,10911.84,1356,False,0,2025-06-30 23:16:38
ae537b,R20374  ,United States,1751325396.0,1751325396,-97.3166,32.7602,464.82,False,59.16,0.0,0.65,,457.2,,False,0,2025-06-30 23:16:38
a22768,N238ND  ,United States,1751325398.0,1751325398,-71.3683,42.5712,944.88,False,49.41,321.34,0.33,,952.5,,False,0,2025-06-30 23:16:38
a98b7b,N714FW  ,United States,1751325317.0,1751325394,-97.4203,32.9412,304.8,False,28.71,143.75,0.98,,297.18,,False,0,2025-06-30 23:16:38
a9db63,N734RE  ,United States,1751325397.0,1751325397,-117.2561,32.9873,784.86,False,33.88,329.93,3.58,,762.0,,False,0,2025-06-30 23:16:38
a69418,JIA5316 ,United States,1751325395.0,1751325398,-95.5902,32.2615,7315.2,False,213.57,271.52,0.33,,7757.16,7203,False,0,2025-06-30 23:16:38
a21432,FFT3122 ,United States,1751325397.0,1751325397,-88.1459,32.2039,10050.78,False,240.81,88.78,0.33,,10690.86,2513,False,0,2025-06-30 23:16:38
a4fdc2,N420XX  ,United States,1751325397.0,1751325397,-87.4647,32.3041,7010.4,False,198.7,94.6,0.0,,7414.26,,False,0,2025-06-30 23:16:38
a2274d,N238MB  ,United States,1751325398.0,1751325398,-96.4719,35.1198,3025.14,False,86.67,66.94,-0.33,,3169.92,,False,0,2025-06-30 23:16:38
a56107,N446BG  ,United States,1751325398.0,1751325398,-89.8707,43.7626,3070.86,False,72.72,242.17,0.0,,3116.58,,False,0,2025-06-30 23:16:38
780a18,CPA882  ,China,1751325397.0,1751325397,-122.4553,37.0302,10660.38,False,251.9,125.02,0.0,,11148.06,1401,False,0,2025-06-30 23:16:38
ac38d6,N887LF  ,United States,1751325382.0,1751325393,-115.5217,36.468,2034.54,False,82.94,315.0,5.53,,2087.88,,False,0,2025-06-30 23:16:38
a1f46c,NSH225  ,United States,1751325397.0,1751325397,-96.8605,41.1342,12192.0,False,216.78,247.39,0.0,,12725.4,5630,False,0,2025-06-30 23:16:38
abe09a,SWA1929 ,United States,1751325398.0,1751325398,-91.9414,37.9334,10668.0,False,246.31,100.35,0.0,,11269.98,6737,False,0,2025-06-30 23:16:38
a6f5fc,DAL1876 ,United States,1751325397.0,1751325397,-117.211,33.2135,4785.36,False,180.99,279.49,-8.78,,5036.82,,False,0,2025-06-30 23:16:38
a822d1,EJA623  ,United States,1751325396.0,1751325398,-112.8869,34.8833,8839.2,False,238.01,133.25,0.0,,9326.88,4677,False,0,2025-06-30 23:16:38
a822d6,QXE2144 ,United States,1751325396.0,1751325397,-118.2772,46.5827,10972.8,False,204.07,243.18,0.0,,11422.38,,False,0,2025-06-30 23:16:38
a8ce4f,AAL1375 ,United States,1751325397.0,1751325397,-81.2795,35.2411,3040.38,False,154.24,283.11,0.33,,3200.4,,False,0,2025-06-30 23:16:38
a9db19,N734NF  ,United States,1751325398.0,1751325398,-117.2523,33.1455,457.2,False,38.81,75.41,-0.33,,426.72,,False,0,2025-06-30 23:16:38
ad45a4,AAL757  ,United States,1751325397.0,1751325398,-121.5056,46.4164,8503.92,False,250.47,124.96,8.78,,8884.92,1652,False,0,2025-06-30 23:16:38
a955e5,N700PT  ,United States,1751325390.0,1751325391,-118.9282,37.4934,7620.0,False,123.08,182.64,0.98,,8016.24,,False,0,2025-06-30 23:16:38
a1e132,MXY149  ,United States,1751325397.0,1751325397,-86.6082,31.0728,9502.14,False,236.14,79.96,2.6,,10073.64,7432,False,0,2025-06-30 23:16:38
a13af4,DAL679  ,United States,1751325398.0,1751325398,-105.3874,43.2109,10980.42,False,226.85,259.81,0.0,,11529.06,1033,False,0,2025-06-30 23:16:38
a37ab5,AAY1325 ,United States,1751325398.0,1751325398,-81.797,33.1236,11292.84,False,232.39,332.58,0.33,,11955.78,7173,False,0,2025-06-30 23:16:38
a99e73,N719KX  ,United States,1751325398.0,1751325398,-95.5722,33.2654,8983.98,False,206.45,67.59,8.13,,9540.24,0571,False,0,2025-06-30 23:16:38
a3475e,FFT688  ,United States,1751325397.0,1751325397,-80.0812,38.2433,10668.0,False,244.83,62.47,0.0,,11308.08,1414,False,0,2025-06-30 23:16:38
a4b70e,N40242  ,United States,1751325397.0,1751325397,-94.5199,39.0391,1493.52,False,79.35,212.56,-0.33,,1569.72,,False,0,2025-06-30 23:16:38
ab05f2,N8092H  ,United States,1751325397.0,1751325397,-71.389,42.6302,731.52,False,48.33,152.07,0.0,,754.38,1200,False,0,2025-06-30 23:16:38
ab05f7,N8092N  ,United States,1751325398.0,1751325398,-73.9373,42.6555,1859.28,False,39.31,173.99,2.28,,1897.38,,False,0,2025-06-30 23:16:38
a2012d,N22803  ,United States,1751325398.0,1751325398,-96.4995,32.5262,746.76,False,53.04,251.92,0.0,,754.38,1200,False,0,2025-06-30 23:16:38
ac5b20,SWA3515 ,United States,1751325397.0,1751325397,-104.2444,38.1864,11582.4,False,225.1,261.72,0.33,,12192.0,,False,0,2025-06-30 23:16:38
a86ab5,UAL20   ,United States,1751325397.0,1751325397,-88.084,36.5941,10058.4,False,259.46,39.53,0.0,,10645.14,4051,False,0,2025-06-30 23:16:38
aa1bff,N750WB  ,United States,1751325397.0,1751325397,-114.7387,47.0562,4968.24,False,55.68,297.51,0.0,,5234.94,,False,0,2025-06-30 23:16:38
a6f777,DAL624  ,United States,1751325397.0,1751325398,-89.7304,31.8521,10668.0,False,235.29,55.96,0.0,,11292.84,4250,False,0,2025-06-30 23:16:38
a44169,UAL1302 ,United States,1751325397.0,1751325397,-107.6951,38.8178,9144.0,False,236.81,229.49,0.0,,9677.4,6576,False,0,2025-06-30 23:16:38
a5613e,N446DM  ,United States,1751325397.0,1751325397,-70.4221,43.7524,861.06,False,87.04,107.9,-2.28,,861.06,,False,0,2025-06-30 23:16:38
a3cafe,N3431R  ,United States,1751325262.0,1751325263,-117.6796,34.1141,457.2,False,28.37,247.62,-2.28,,426.72,0715,False,0,2025-06-30 23:16:38
a82449,N6234C  ,United States,1751325397.0,1751325397,-97.3875,38.8135,1013.46,False,50.48,267.08,0.33,,1036.32,,False,0,2025-06-30 23:16:38
a6e441,AVL121  ,United States,1751325397.0,1751325397,-77.7113,38.6659,922.02,False,45.69,262.23,0.0,,929.64,,False,0,2025-06-30 23:16:38
a4eae7,KOW416  ,United States,1751325397.0,1751325397,-75.3499,39.0957,10248.9,False,246.29,221.78,4.23,,10843.26,2720,False,0,2025-06-30 23:16:38
ac1563,N878PR  ,United States,1751325393.0,1751325393,-95.6402,43.9176,7772.4,False,142.2,70.78,4.88,,7993.38,0124,False,0,2025-06-30 23:16:38
a70463,DAL1150 ,United States,1751325398.0,1751325398,-81.4084,30.4801,10066.02,False,222.34,358.28,0.0,,10622.28,7337,False,0,2025-06-30 23:16:38
ad2218,N9450E  ,United States,1751325397.0,1751325397,-119.2245,34.228,2133.6,False,67.16,354.73,-6.18,,2186.94,,False,0,2025-06-30 23:16:38
ad4873,AAL1184 ,United States,1751325397.0,1751325397,-87.1223,41.9544,3070.86,False,146.91,285.64,-0.65,,3162.3,3407,False,0,2025-06-30 23:16:38
ac5bf6,DAL2312 ,United States,1751325398.0,1751325398,-79.9876,38.9552,10058.4,False,246.15,66.86,-0.33,,10652.76,2224,False,0,2025-06-30 23:16:38
4bb145,THY5KM  ,Turkey,1751325396.0,1751325397,-89.7868,34.3947,10972.8,False,244.85,225.94,0.0,,11650.98,6023,False,0,2025-06-30 23:16:38
c013d4,AKT162  ,Canada,1751325323.0,1751325323,-73.7457,45.4614,,True,4.12,303.75,,,,,False,0,2025-06-30 23:16:38
a9edb0,NKS2562 ,United States,1751325342.0,1751325350,-78.4781,30.6822,10066.02,False,225.97,7.98,0.33,,10599.42,7420,False,0,2025-06-30 23:16:38
ad7bdf,SWA4119 ,United States,1751325397.0,1751325398,-86.3451,35.1747,12496.8,False,228.69,152.97,-0.33,,13182.6,4042,False,0,2025-06-30 23:16:38
c05c86,,Canada,1751325241.0,1751325241,-73.7558,45.4558,,True,0.0,154.69,,,,,False,0,2025-06-30 23:16:38
a37afc,N323RR  ,United States,1751325397.0,1751325397,-118.2442,34.438,5227.32,False,183.42,100.99,13.0,,5471.16,2033,False,0,2025-06-30 23:16:38
a3a9a3,DAL1817 ,United States,1751325398.0,1751325398,-93.0953,44.5996,4023.36,False,205.62,118.87,13.98,,4114.8,,False,0,2025-06-30 23:16:38
abf57a,N87RF   ,United States,1751325397.0,1751325397,-69.7088,43.9635,236.22,False,51.18,230.71,5.85,,205.74,,False,0,2025-06-30 23:16:38
ad3581,JBU58   ,United States,1751325398.0,1751325398,-75.7987,37.3495,10683.24,False,233.9,15.56,0.0,,11300.46,0741,False,0,2025-06-30 23:16:38
a37af8,AAL505  ,United States,1751325203.0,1751325203,-80.3297,25.7854,68.58,False,79.82,87.41,-3.9,,121.92,,False,0,2025-06-30 23:16:38
a7addf,N594SM  ,United States,1751325397.0,1751325397,-97.1862,32.9203,601.98,False,56.32,163.55,-0.65,,586.74,7143,False,0,2025-06-30 23:16:38
a7045b,JIA5655 ,United States,1751325398.0,1751325398,-88.5143,37.8558,10660.38,False,257.09,82.99,-0.33,,11285.22,6513,False,0,2025-06-30 23:16:38
a83782,UAL2674 ,United States,1751325397.0,1751325397,-91.3423,34.9479,9753.6,False,223.4,210.28,0.0,,10347.96,5613,False,0,2025-06-30 23:16:38
aa1be0,AAL1803 ,United States,1751325393.0,1751325393,-97.0488,32.913,,True,6.94,0.0,,,,,False,0,2025-06-30 23:16:38
a83787,UAL2012 ,United States,1751325235.0,1751325236,-99.4574,40.0838,9753.6,False,217.43,307.79,0.0,,10248.9,2453,False,0,2025-06-30 23:16:38
a239de,CXK454  ,United States,1751325398.0,1751325398,-96.3104,33.1512,952.5,False,54.74,53.02,0.33,,982.98,6766,False,0,2025-06-30 23:16:38
a106d5,VTE3757 ,United States,1751325398.0,1751325398,-83.1033,36.0052,7010.4,False,231.11,118.45,-0.33,,7467.6,5175,False,0,2025-06-30 23:16:38
a0e6c6,UAL2218 ,United States,1751325397.0,1751325397,-84.3352,34.3748,9448.8,False,238.99,72.07,-11.38,,10035.54,5603,False,0,2025-06-30 23:16:38
a69424,ASA819  ,United States,1751325397.0,1751325398,-71.7679,43.0053,6172.2,False,208.58,301.69,10.4,,6438.9,4204,False,0,2025-06-30 23:16:38
a239e0,UAL1410 ,United States,1751325338.0,1751325341,-81.2996,25.0898,8214.36,False,241.67,263.77,8.13,,8679.18,,False,0,2025-06-30 23:16:38
ad3585,JSX761  ,United States,1751325324.0,1751325352,-113.1013,38.9673,10058.4,False,223.91,197.1,0.33,,10591.8,3705,True,0,2025-06-30 23:16:38
c05c0e,WJA1223 ,Canada,1751325398.0,1751325398,-78.1177,32.9695,11277.6,False,223.46,7.14,0.0,,11894.82,5712,False,0,2025-06-30 23:16:38
a359c2,DAL2115 ,United States,1751325397.0,1751325397,-95.1341,30.0071,937.26,False,89.51,270.33,-3.25,,998.22,1702,False,0,2025-06-30 23:16:38
a3ddfc,N3484T  ,United States,1751325397.0,1751325397,-97.8567,36.7651,2011.68,False,54.54,271.08,0.33,,2080.26,,False,0,2025-06-30 23:16:38
a13c43,SKW3465 ,United States,1751325398.0,1751325398,-119.8919,34.8686,10538.46,False,230.99,315.27,5.53,,11056.62,,False,0,2025-06-30 23:16:38
4bb187,THY83J  ,Turkey,1751325398.0,1751325398,-88.1849,40.5676,11582.4,False,220.81,224.72,-0.33,,12176.76,6377,False,0,2025-06-30 23:16:38
a359bc,DAL1478 ,United States,1751325398.0,1751325398,-85.0502,36.1038,8229.6,False,232.26,348.24,5.85,,8724.9,7622,False,0,2025-06-30 23:16:38
a4fddb,RPA4500 ,United States,1751325398.0,1751325398,-70.1956,43.585,9753.6,False,221.89,253.71,0.0,,10241.28,3674,False,0,2025-06-30 23:16:38
a5611d,N446CD  ,United States,1751325398.0,1751325398,-91.8343,41.6494,1066.8,False,68.47,272.15,0.0,,1082.04,,False,0,2025-06-30 23:16:38
a69447,N523CB  ,United States,1751325397.0,1751325397,-118.3816,34.198,320.04,False,55.56,89.47,-3.58,,266.7,3753,False,0,2025-06-30 23:16:38
a9db95,N734TE  ,United States,1751325397.0,1751325397,-117.3766,33.2114,281.94,False,42.75,219.63,2.6,,213.36,,False,0,2025-06-30 23:16:38
a4ead3,N416EE  ,United States,1751325397.0,1751325398,-84.4926,42.0225,3383.28,False,104.77,128.22,0.0,,3482.34,,False,0,2025-06-30 23:16:38
a82427,N6233D  ,United States,1751325398.0,1751325398,-118.254,34.0686,472.44,False,42.57,223.53,0.98,,419.1,4765,False,0,2025-06-30 23:16:38
a2bf05,CXK217  ,United States,1751325398.0,1751325398,-79.0401,35.7853,662.94,False,40.44,143.28,0.0,,670.56,,False,0,2025-06-30 23:16:38
c013b7,PSC372  ,Canada,1751325276.0,1751325282,-70.5322,46.9724,2171.7,False,143.32,71.37,-0.33,,2164.08,,False,0,2025-06-30 23:16:38
aa1ba3,SKW4990 ,United States,1751325397.0,1751325397,-85.6815,39.2921,10668.0,False,246.07,120.53,0.0,,11285.22,6574,False,0,2025-06-30 23:16:38
a01c34,N106NK  ,United States,1751324336.0,1751325385,-96.5351,33.754,1303.02,False,58.0,6.62,-2.28,,1280.16,,False,0,2025-06-30 23:16:38
a01c37,AAL118  ,United States,1751325392.0,1751325394,-73.7929,40.6397,,True,0.0,300.94,,,,3241,False,0,2025-06-30 23:16:38
a6e413,SKQ37   ,United States,1751325096.0,1751325097,-87.8246,33.097,6096.0,False,118.73,242.66,0.0,,6461.76,,False,0,2025-06-30 23:16:38
a14f46,CXK521  ,United States,1751325364.0,1751325397,-97.3121,33.358,1066.8,False,56.18,74.05,-2.28,,1089.66,,False,0,2025-06-30 23:16:38
a6810d,VOI5592 ,United States,1751325353.0,1751325359,-100.1179,25.7823,,True,0.06,300.94,,,,,False,0,2025-06-30 23:16:38
a3a9eb,AAL496  ,United States,1751325089.0,1751325089,-112.0122,33.4398,,True,8.75,90.0,,,,6604,False,0,2025-06-30 23:16:38
a213bd,ATN3338 ,United States,1751325122.0,1751325357,-112.0044,33.4408,419.1,False,76.65,270.0,0.0,,327.66,2364,False,0,2025-06-30 23:16:38
a1f3c5,MXY812  ,United States,1751325129.0,1751325132,-87.2538,37.8547,2087.88,False,136.98,341.16,-8.13,,2171.7,4241,False,0,2025-06-30 23:16:38
a586b0,SWA1669 ,United States,1751325392.0,1751325392,-108.7143,35.5235,12192.0,False,228.39,229.38,0.0,,12847.32,,False,0,2025-06-30 23:16:38
ab4ea9,CMB548  ,United States,1751325396.0,1751325397,-79.5426,38.0228,9456.42,False,240.93,71.45,-0.33,,10020.3,1166,False,0,2025-06-30 23:16:38
a50c11,N424SF  ,United States,1751325398.0,1751325398,-111.5564,33.1658,815.34,False,36.18,330.15,0.0,,746.76,,False,0,2025-06-30 23:16:38
a333ae,AAL396  ,United States,1751325095.0,1751325095,-87.8932,42.0028,259.08,False,77.17,269.62,-3.25,,220.98,6537,False,0,2025-06-30 23:16:38
ac2813,SWA3480 ,United States,1751325398.0,1751325398,-77.826,36.906,7620.0,False,254.14,34.53,-0.33,,8092.44,6431,False,0,2025-06-30 23:16:38
a609d4,UAL8140 ,United States,1751325390.0,1751325390,-74.166,40.6991,,True,1.03,25.31,,,,,False,0,2025-06-30 23:16:38
a26f79,HBAL756 ,United States,1751325394.0,1751325397,-96.95,43.5763,19446.24,False,1.63,161.57,-0.33,,20406.36,3226,True,0,2025-06-30 23:16:38
a3a9fb,UWD35   ,United States,1751325390.0,1751325390,-80.2656,40.1381,441.96,False,72.29,265.1,-4.55,,434.34,,False,0,2025-06-30 23:16:38
a7f171,N6102W  ,United States,1751325397.0,1751325397,-104.591,38.9516,4373.88,False,58.52,255.23,2.28,,4632.96,,False,0,2025-06-30 23:16:38
a8116a,N619NS  ,United States,1751325397.0,1751325398,-80.9022,29.0376,1264.92,False,55.37,318.01,-4.23,,1348.74,0153,False,0,2025-06-30 23:16:38
ad4803,N955JA  ,United States,1751325397.0,1751325397,-116.9613,32.8064,411.48,False,51.06,94.04,-0.33,,365.76,,False,0,2025-06-30 23:16:38
a1f3b5,AMF1531 ,United States,1751325397.0,1751325397,-70.3725,43.9623,1440.18,False,73.19,222.44,2.6,,1463.04,,False,0,2025-06-30 23:16:38
a37c1c,JBU1579 ,United States,1751325397.0,1751325398,-80.2016,26.1506,906.78,False,103.92,270.0,-5.85,,982.98,1444,False,0,2025-06-30 23:16:38
ab4ec6,NCR112  ,United States,1751325397.0,1751325397,-77.9679,36.8979,8923.02,False,196.61,68.67,-5.2,,9479.28,2065,False,0,2025-06-30 23:16:38
4bb199,THY31K  ,Turkey,1751325397.0,1751325397,-83.9558,34.2458,4046.22,False,172.77,195.9,-5.53,,4274.82,3126,False,0,2025-06-30 23:16:38
4bb196,THY41Y  ,Turkey,1751325358.0,1751325358,-69.8862,48.5551,11269.98,False,270.03,61.43,0.0,,11704.32,5330,False,0,2025-06-30 23:16:38
ad4810,N955JP  ,United States,1751325397.0,1751325397,-72.5719,41.4639,906.78,False,65.04,98.64,0.0,,914.4,1200,False,0,2025-06-30 23:16:38
ac2836,SWA2576 ,United States,1751325397.0,1751325397,-89.7361,41.1561,4899.66,False,179.64,123.55,-4.88,,5097.78,2622,False,0,2025-06-30 23:16:38
a62c1a,SWA4113 ,United States,1751325397.0,1751325397,-97.4461,35.4579,1813.56,False,144.21,60.51,13.0,,1882.14,,False,0,2025-06-30 23:16:38
a5e9f4,EDV5038 ,United States,1751325396.0,1751325396,-73.879,40.7797,,True,0.0,28.12,,,,,False,0,2025-06-30 23:16:38
a50c3e,UAL3916 ,United States,1751325397.0,1751325397,-104.6591,39.9455,2034.54,False,92.1,180.96,-2.6,,2156.46,1027,False,0,2025-06-30 23:16:38
a7f140,NGF6845 ,United States,1751325397.0,1751325397,-119.0262,35.0699,5791.2,False,117.15,136.07,0.0,,6035.04,6306,False,0,2025-06-30 23:16:38
a56198,N446HB  ,United States,1751325397.0,1751325397,-92.7349,45.1676,1386.84,False,71.27,292.49,-0.33,,1379.22,3622,False,0,2025-06-30 23:16:38
a466fc,FFT1100 ,United States,1751325397.0,1751325397,-85.4422,33.1064,7162.8,False,223.28,78.3,-6.83,,7597.14,6404,False,0,2025-06-30 23:16:38
ab4eeb,DAL904  ,United States,1751325396.0,1751325398,-84.2239,33.6615,1036.32,False,100.82,245.27,-4.55,,1082.04,3232,False,0,2025-06-30 23:16:38
a320c1,EJA300  ,United States,1751325218.0,1751325218,-115.1704,36.0808,,True,2.31,168.75,,,,3266,False,0,2025-06-30 23:16:38
a4ff16,N54346  ,United States,1751325397.0,1751325397,-80.1512,25.7331,213.36,False,34.97,63.81,0.65,,236.22,,False,0,2025-06-30 23:16:38
aa7288,AAL1111 ,United States,1751325397.0,1751325397,-90.8585,35.7589,10980.42,False,224.07,237.66,0.0,,11620.5,6322,False,0,2025-06-30 23:16:38
ab3bca,N8228S  ,United States,1751325397.0,1751325398,-81.2333,34.0304,701.04,False,48.22,320.19,0.98,,701.04,,False,0,2025-06-30 23:16:38
a25c6e,ENY3342 ,United States,1751325398.0,1751325398,-80.3769,25.7834,289.56,False,73.65,87.2,-4.23,,335.28,,False,0,2025-06-30 23:16:38
ad8ecf,N973AE  ,United States,1751325397.0,1751325397,-110.9011,32.194,1021.08,False,50.72,40.48,0.65,,975.36,,False,0,2025-06-30 23:16:38
a68198,N51800  ,United States,1751325122.0,1751325394,-96.2379,33.5922,899.16,False,59.14,334.77,0.98,,899.16,,False,0,2025-06-30 23:16:38
ac1547,AAL2393 ,United States,1751325397.0,1751325397,-79.2714,25.4804,6903.72,False,218.02,107.58,7.48,,7284.72,,False,0,2025-06-30 23:16:38
ab9238,N8448U  ,United States,1751325391.0,1751325391,-80.5149,34.9823,769.62,False,49.0,265.79,-0.33,,762.0,,False,0,2025-06-30 23:16:38
ac287c,SWA2924 ,United States,1751325398.0,1751325398,-123.188,42.2299,11285.22,False,217.21,172.93,0.33,,11795.76,,False,0,2025-06-30 23:16:38
a81166,JIA5143 ,United States,1751325398.0,1751325398,-94.8873,33.89,7315.2,False,227.6,249.35,0.0,,7772.4,2174,False,0,2025-06-30 23:16:38
a9a75b,N721AZ  ,United States,1751325397.0,1751325397,-78.6364,37.9604,13716.0,False,242.63,81.96,0.33,,14371.32,1051,False,0,2025-06-30 23:16:38
a466d2,DAL2946 ,United States,1751325397.0,1751325397,-96.5439,44.6962,10675.62,False,251.62,91.17,0.0,,11018.52,6020,False,0,2025-06-30 23:16:38
acbf63,AAL2388 ,United States,1751325396.0,1751325397,-80.1506,37.8389,11277.6,False,237.54,85.03,-0.33,,11940.54,2312,False,0,2025-06-30 23:16:38
ac13d6,SWA1960 ,United States,1751325299.0,1751325311,-76.674,39.1814,,True,0.0,143.44,,,,,False,0,2025-06-30 23:16:38
acbf60,NKS354  ,United States,1751325397.0,1751325397,-79.5359,25.8153,2430.78,False,152.37,291.8,-8.13,,2598.42,,False,0,2025-06-30 23:16:38
a8bc34,FFT3211 ,United States,1751325397.0,1751325397,-101.9956,31.9892,10972.8,False,228.5,308.42,0.0,,11650.98,6250,False,0,2025-06-30 23:16:38
c01455,AN158   ,Canada,1751325398.0,1751325398,-123.3503,48.6574,434.34,False,51.17,279.84,-0.65,,441.96,,False,0,2025-06-30 23:16:38
abf3b8,SWA1702 ,United States,1751325398.0,1751325398,-85.5958,38.7825,10972.8,False,219.77,268.26,0.0,,11590.02,3737,False,0,2025-06-30 23:16:38
ac6f8a,DAL1660 ,United States,1751325397.0,1751325397,-91.1009,37.8879,11277.6,False,244.6,106.87,0.0,,11910.06,1117,False,0,2025-06-30 23:16:38
a560f4,AAL3046 ,United States,1751325398.0,1751325398,-94.4739,33.3705,10355.58,False,228.72,258.72,0.0,,10988.04,5757,False,0,2025-06-30 23:16:38
a0851b,ABX3131 ,United States,1751325397.0,1751325397,-90.7386,41.5624,10363.2,False,203.07,241.23,0.33,,10828.02,3056,False,0,2025-06-30 23:16:38
a8cf70,NKS2597 ,United States,1751325397.0,1751325397,-79.4839,36.1511,9624.06,False,231.4,37.05,-4.88,,10226.04,2145,False,0,2025-06-30 23:16:38
a680c8,N518SS  ,United States,1751325398.0,1751325398,-73.3321,42.3976,8763.0,False,195.0,359.09,4.55,,9235.44,2225,False,0,2025-06-30 23:16:38
ac00b1,SWA1116 ,United States,1751325211.0,1751325212,-92.5672,27.6355,10866.12,False,237.5,317.99,-4.88,,11551.92,,False,0,2025-06-30 23:16:38
a98c12,N714MX  ,United States,1751325398.0,1751325398,-80.2483,34.7686,1363.98,False,61.63,232.46,0.0,,1386.84,,False,0,2025-06-30 23:16:38
a0980d,N13731  ,United States,1751325397.0,1751325397,-87.2019,34.7554,1706.88,False,45.34,294.82,0.0,,1737.36,,False,0,2025-06-30 23:16:38
ac6f9c,N900EM  ,United States,1751325398.0,1751325398,-115.2587,33.132,11430.0,False,248.15,357.74,-4.88,,12123.42,,False,0,2025-06-30 23:16:38
a09829,N1374U  ,United States,1751325393.0,1751325393,-76.1037,36.5557,914.4,False,39.34,27.24,2.28,,937.26,1200,False,0,2025-06-30 23:16:38
a190fc,N20PN   ,United States,1751325100.0,1751325100,-111.9035,33.6263,,True,0.0,182.81,,,,,False,0,2025-06-30 23:16:38
a74c93,N57FF   ,United States,1751325398.0,1751325398,-105.0428,40.0327,1912.62,False,50.93,81.87,1.3,,2011.68,,False,0,2025-06-30 23:16:38
a8cf3a,N667LF  ,United States,1751325397.0,1751325398,-116.8727,47.637,1699.26,False,121.84,355.16,-10.08,,1767.84,,False,0,2025-06-30 23:16:38
a9b9e3,AAL81   ,United States,1751325397.0,1751325397,-81.2174,40.4045,10972.8,False,228.23,243.78,0.0,,11590.02,5553,False,0,2025-06-30 23:16:38
a8bc29,FDX1366 ,United States,1751325398.0,1751325398,-110.9767,34.874,11582.4,False,240.25,262.49,0.0,,12268.2,,False,0,2025-06-30 23:16:38
484f71,KLM211  ,Kingdom of the Netherlands,1751325398.0,1751325398,-71.2613,42.5427,11277.6,False,248.44,28.85,0.0,,11879.58,6242,False,0,2025-06-30 23:16:38
ac00d6,SWA2365 ,United States,1751325398.0,1751325398,-116.6385,32.8128,2979.42,False,142.01,220.15,-8.13,,3116.58,3216,False,0,2025-06-30 23:16:38
aa1c48,FDY395  ,United States,1751325397.0,1751325398,-78.8073,40.5341,3048.0,False,95.46,7.43,0.0,,3192.78,7701,False,0,2025-06-30 23:16:38
a09884,N1377E  ,United States,1751325106.0,1751325116,-87.2493,45.1097,617.22,False,48.57,53.62,-1.63,,533.4,,False,0,2025-06-30 23:16:38
40688c,BAW7D   ,United Kingdom,1751325332.0,1751325332,-112.7802,38.9848,12192.0,False,246.44,203.89,-0.33,,12832.08,3054,False,0,2025-06-30 23:16:38
abe0bb,SWA2206 ,United States,1751325398.0,1751325398,-118.061,33.7433,533.4,False,88.06,313.58,-1.3,,502.92,7274,False,0,2025-06-30 23:16:38
a716cb,N556MC  ,United States,1751325398.0,1751325398,-116.7198,47.7014,1790.7,False,85.78,278.28,3.58,,1859.28,,False,0,2025-06-30 23:16:38
a8cf36,N667LB  ,United States,1751325397.0,1751325397,-117.2101,32.8333,754.38,False,39.85,281.16,2.6,,723.9,,False,0,2025-06-30 23:16:38
a703c1,GJS4527 ,United States,1751325398.0,1751325398,-79.0886,37.9576,9037.32,False,230.13,248.08,3.25,,9578.34,6542,False,0,2025-06-30 23:16:38
a87f51,AAL602  ,United States,1751325398.0,1751325398,-90.2824,38.8889,9144.0,False,229.05,259.65,0.33,,9700.26,4072,False,0,2025-06-30 23:16:38
a716ee,JIA5135 ,United States,1751325397.0,1751325397,-86.5122,32.9461,9441.18,False,231.92,66.05,-0.98,,10005.06,4623,False,0,2025-06-30 23:16:38
a08547,N1322K  ,United States,1751325396.0,1751325397,-122.1129,37.458,,True,0.0,354.38,,,,,False,0,2025-06-30 23:16:38
ad20f4,AAL627  ,United States,1751325398.0,1751325398,-81.9555,36.6513,7574.28,False,208.61,151.1,-5.2,,8039.1,6737,False,0,2025-06-30 23:16:38
a50c7c,SWA2587 ,United States,1751325397.0,1751325397,-108.8679,31.8771,10668.0,False,248.51,90.95,0.0,,11277.6,1073,False,0,2025-06-30 23:16:38
ab081e,N81MH   ,United States,1751325353.0,1751325353,-72.6566,41.749,182.88,False,39.16,99.83,-3.58,,152.4,7005,False,0,2025-06-30 23:16:38
ab06a1,N8097H  ,United States,1751325398.0,1751325398,-97.387,32.8841,701.04,False,45.48,136.37,-0.98,,678.18,,False,0,2025-06-30 23:16:38
a51ed1,UAL1061 ,United States,1751325397.0,1751325397,-110.4526,36.9837,10363.2,False,231.71,231.4,-0.33,,10980.42,3233,False,0,2025-06-30 23:16:38
a2aba2,N271QS  ,United States,1751325284.0,1751325284,-82.8678,39.9913,297.18,False,61.32,273.37,-3.25,,251.46,5755,False,0,2025-06-30 23:16:38
a2022f,N2288F  ,United States,1751325395.0,1751325398,-95.4912,29.5277,2697.48,False,38.94,223.39,1.63,,2811.78,4627,False,0,2025-06-30 23:16:38
a34878,SKW3894 ,United States,1751325397.0,1751325397,-111.9978,33.4322,,True,9.77,90.0,,,,,False,0,2025-06-30 23:16:38
ab06b7,N80975  ,United States,1751325398.0,1751325398,-80.1033,26.1817,213.36,False,42.97,121.79,-1.63,,266.7,,False,0,2025-06-30 23:16:38
a6e507,N543WB  ,United States,1751325398.0,1751325398,-118.7393,34.0339,975.36,False,47.51,56.48,0.98,,944.88,,False,0,2025-06-30 23:16:38
a4a538,TCN399  ,United States,1751325398.0,1751325398,-85.0787,39.322,2964.18,False,153.14,86.15,-8.13,,3078.48,3251,False,0,2025-06-30 23:16:38
ab19df,SCX1908 ,United States,1751325397.0,1751325397,-92.6136,42.4692,8542.02,False,209.17,334.51,-0.33,,8854.44,1021,False,0,2025-06-30 23:16:38
a3484e,AAL358  ,United States,1751325398.0,1751325398,-81.8927,34.8835,5554.98,False,216.02,235.97,7.48,,5859.78,,False,0,2025-06-30 23:16:38
acbf02,N920JR  ,United States,1751325398.0,1751325398,-81.0656,29.5061,12496.8,False,172.56,14.33,0.0,,13129.26,5703,False,0,2025-06-30 23:16:38
a58873,AAL738  ,United States,1751325398.0,1751325398,-117.8699,33.6442,5654.04,False,217.61,90.14,8.78,,5943.6,4224,False,0,2025-06-30 23:16:38
a2bec7,SWA2101 ,United States,1751325203.0,1751325203,-90.2594,29.9912,,True,23.66,106.88,,,,1747,False,0,2025-06-30 23:16:38
a9dc5e,UAL1798 ,United States,1751325397.0,1751325398,-110.122,32.4515,6918.96,False,207.34,301.4,-10.08,,7353.3,2576,False,0,2025-06-30 23:16:38
a0d561,AAL1792 ,United States,1751325266.0,1751325388,-89.2227,33.1137,10058.4,False,242.24,118.96,0.0,,10683.24,7075,False,0,2025-06-30 23:16:38
a5c51d,LFA459  ,United States,1751325397.0,1751325397,-81.2685,28.5699,335.28,False,45.32,243.73,-0.33,,373.38,5541,False,0,2025-06-30 23:16:38
a0857b,N13232  ,United States,1751325398.0,1751325398,-72.1993,42.2317,853.44,False,57.33,5.15,1.63,,868.68,,False,0,2025-06-30 23:16:38
aaf9ea,,United States,1751325396.0,1751325397,-87.9094,41.9817,,True,1.03,236.25,,,,,False,0,2025-06-30 23:16:38
ab19fb,UAL1915 ,United States,1751325396.0,1751325396,-94.5314,31.0215,7299.96,False,228.15,33.69,4.55,,7749.54,2553,False,0,2025-06-30 23:16:38
ac13b3,SWA3254 ,United States,1751325352.0,1751325352,-104.7339,39.841,1577.34,False,86.94,90.34,-4.88,,1661.16,1754,False,0,2025-06-30 23:16:38
ac6f69,N900CL  ,United States,1751325094.0,1751325364,-77.7579,35.5693,838.2,False,53.03,219.09,0.0,,830.58,,False,0,2025-06-30 23:16:38
a45552,ATN3344 ,United States,1751325397.0,1751325398,-73.5064,40.4152,1226.82,False,146.9,18.37,-0.33,,1249.68,1411,False,0,2025-06-30 23:16:38
a1e23a,ENY4086 ,United States,1751325397.0,1751325397,-107.5867,32.0534,10668.0,False,235.44,94.89,-0.33,,11300.46,0713,False,0,2025-06-30 23:16:38
aa70dc,DPJ772  ,United States,1751325398.0,1751325398,-86.227,41.7693,11551.92,False,227.38,89.87,9.43,,12153.9,6205,False,0,2025-06-30 23:16:38
ac26cf,RPA5888 ,United States,1751325397.0,1751325397,-81.8197,42.2298,10363.2,False,207.65,233.87,-0.33,,10904.22,5763,False,0,2025-06-30 23:16:38
a4b827,DAL37   ,United States,1751325229.0,1751325230,-84.4261,33.6395,,True,0.0,90.0,,,,0563,False,0,2025-06-30 23:16:38
a44213,UAL552  ,United States,1751325397.0,1751325397,-92.0561,39.1962,10972.8,False,215.76,259.98,0.0,,11567.16,4352,False,0,2025-06-30 23:16:38
a44211,UAL2462 ,United States,1751325395.0,1751325395,-79.6206,43.679,,True,4.37,334.69,,,,0510,False,0,2025-06-30 23:16:38
ac6f6c,N900CP  ,United States,1751325389.0,1751325391,-88.3067,35.7703,2590.8,False,56.62,289.09,-0.33,,2743.2,6344,True,0,2025-06-30 23:16:38
aad3c9,UAL969  ,United States,1751325032.0,1751325084,-117.5031,42.8983,11574.78,False,236.99,221.13,0.0,,12153.9,,False,0,2025-06-30 23:16:38
a44214,UAL1423 ,United States,1751325398.0,1751325398,-83.8885,43.9435,10363.2,False,210.56,281.56,0.0,,10843.26,1156,False,0,2025-06-30 23:16:38
ab3c61,DAL1736 ,United States,1751325398.0,1751325398,-84.4177,32.8086,6576.06,False,225.34,179.35,10.08,,6964.68,7157,False,0,2025-06-30 23:16:38
a6d0ea,N5383D  ,United States,1751325397.0,1751325397,-118.8088,34.0312,1249.68,False,53.8,6.04,0.65,,1264.92,,False,0,2025-06-30 23:16:38
a1e241,AAY568  ,United States,1751325398.0,1751325398,-120.4721,45.7331,7780.02,False,253.68,91.28,2.28,,8138.16,3537,False,0,2025-06-30 23:16:38
ac252a,SWA3645 ,United States,1751325398.0,1751325398,-101.1487,31.0493,10668.0,False,250.92,78.53,0.0,,11323.32,5351,False,0,2025-06-30 23:16:38
a5844a,N4547E  ,United States,1751325397.0,1751325397,-105.1511,40.1771,1676.4,False,50.03,300.26,-2.6,,1744.98,,False,0,2025-06-30 23:16:38
ad4513,N954S   ,United States,1751325398.0,1751325398,-122.4367,37.4797,2156.46,False,98.45,165.17,0.0,,2209.8,3751,False,0,2025-06-30 23:16:38
a9b700,N725K   ,United States,1751325397.0,1751325397,-120.7655,37.3607,3223.26,False,54.2,225.38,0.0,,3368.04,1200,False,0,2025-06-30 23:16:38
ab1890,DAL1812 ,United States,1751325393.0,1751325393,-84.4309,33.6366,,True,8.75,90.0,,,,5736,False,0,2025-06-30 23:16:38
a9672c,ASA1279 ,United States,1751325398.0,1751325398,-118.9459,38.9981,10363.2,False,256.84,1.84,0.0,,10881.36,7612,False,0,2025-06-30 23:16:38
3965b0,AFR003  ,France,1751325397.0,1751325397,-68.7114,43.6216,10668.0,False,256.26,56.63,0.33,,11201.4,2731,False,0,2025-06-30 23:16:38
a59799,N46DM   ,United States,1751325397.0,1751325398,-78.807,35.8503,403.86,False,63.76,165.52,7.15,,396.24,,False,0,2025-06-30 23:16:38
ac6bbf,N9P     ,United States,1751325398.0,1751325398,-112.7134,42.0078,8267.7,False,255.73,44.76,0.0,,8694.42,,False,0,2025-06-30 23:16:38
ac6bd0,AXEL90  ,United States,1751325172.0,1751325172,-110.0392,39.5052,9753.6,False,251.69,336.89,-0.33,,10302.24,,False,0,2025-06-30 23:16:38
aa2bc2,UAL305  ,United States,1751325398.0,1751325398,-112.1347,35.4331,10668.0,False,246.46,108.25,0.33,,11277.6,,False,0,2025-06-30 23:16:38
a3311b,JBU349  ,United States,1751325397.0,1751325397,-80.9344,35.2955,10363.2,False,240.57,184.78,0.0,,10988.04,7004,False,0,2025-06-30 23:16:38
a83439,N628CT  ,United States,1751325398.0,1751325398,-90.705,42.4045,,True,4.12,25.31,,,,,False,0,2025-06-30 23:16:38
c023c9,ACA062  ,Canada,1751325398.0,1751325398,-80.733,44.5744,6484.62,False,185.21,145.87,-6.83,,6743.7,7462,False,0,2025-06-30 23:16:38
a9eb8f,N7383L  ,United States,1751325397.0,1751325397,-104.5811,39.7996,1706.88,False,37.04,180.0,-3.25,,1783.08,,False,0,2025-06-30 23:16:38
a0d166,,United States,1751325383.0,1751325383,-85.3059,43.7088,1158.24,False,53.8,173.96,0.0,,1104.9,,False,0,2025-06-30 23:16:38
a1f11d,AAY9202 ,United States,1751325398.0,1751325398,-82.1846,29.222,5646.42,False,189.58,353.3,-5.53,,5981.7,0107,False,0,2025-06-30 23:16:38
aa2ba5,UAL755  ,United States,1751325398.0,1751325398,-92.9004,34.1011,10058.4,False,241.75,69.44,0.0,,10652.76,0547,False,0,2025-06-30 23:16:38
a22482,SWA586  ,United States,1751325132.0,1751325132,-112.0005,33.433,,True,10.29,5.62,,,,5000,False,0,2025-06-30 23:16:38
a0817f,UAL68   ,United States,1751325397.0,1751325398,-70.9766,44.5563,10668.0,False,247.59,41.04,0.0,,11186.16,2666,False,0,2025-06-30 23:16:38
aa2ba2,UAL8163 ,United States,1751325397.0,1751325397,-81.2126,29.6951,6126.48,False,200.63,180.15,-9.1,,6469.38,6517,False,0,2025-06-30 23:16:38
aa2ba1,UAL2338 ,United States,1751325398.0,1751325398,-95.8756,31.3048,8366.76,False,220.19,334.09,5.2,,8877.3,3550,False,0,2025-06-30 23:16:38
aa2ba4,UAL2862 ,United States,1751325397.0,1751325397,-103.6925,40.7506,10363.2,False,231.36,259.36,0.0,,10896.6,0002,False,0,2025-06-30 23:16:38
ac2567,AAL220  ,United States,1751325398.0,1751325398,-81.4131,45.0466,11887.2,False,287.35,54.55,-0.33,,12412.98,3416,False,0,2025-06-30 23:16:38
acced9,AAL844  ,United States,1751325397.0,1751325397,-86.6909,32.3091,10363.2,False,233.07,86.08,0.0,,10995.66,3620,False,0,2025-06-30 23:16:38
aae582,AAL3147 ,United States,1751325398.0,1751325398,-75.3204,38.2624,6720.84,False,221.65,24.84,-10.73,,7117.08,7760,False,0,2025-06-30 23:16:38
a0d19e,AAL1863 ,United States,1751325395.0,1751325395,-77.4579,38.9483,,True,8.75,151.88,,,,2145,False,0,2025-06-30 23:16:38
acbbd9,N794AE  ,United States,1751325086.0,1751325136,-82.7036,32.799,754.38,False,65.55,36.06,0.0,,784.86,,False,0,2025-06-30 23:16:38
a72706,N560BC  ,United States,1751325397.0,1751325397,-88.613,31.2784,12481.56,False,207.94,101.56,0.0,,13190.22,3666,False,0,2025-06-30 23:16:38
a093a1,N136Y   ,United States,1751325397.0,1751325397,-97.1668,32.5204,1188.72,False,67.16,98.81,0.0,,1234.44,,False,0,2025-06-30 23:16:38
3965aa,AFR5G   ,France,1751325397.0,1751325397,-72.795,41.4899,7437.12,False,238.64,50.51,10.08,,7833.36,2337,False,0,2025-06-30 23:16:38
a03f24,DAL580  ,United States,1751325398.0,1751325398,-94.1053,33.042,9639.3,False,241.54,79.07,7.15,,10241.28,3523,False,0,2025-06-30 23:16:38
c049e9,WJA1681 ,Canada,1751325397.0,1751325398,-73.5491,43.4488,10363.2,False,227.27,341.52,0.0,,10888.98,2275,False,0,2025-06-30 23:16:38
a4b420,ASA778  ,United States,1751325397.0,1751325397,-115.7988,36.1691,5654.04,False,163.51,127.84,-8.78,,5966.46,,False,0,2025-06-30 23:16:38
a129b0,SKW3299 ,United States,1751325388.0,1751325391,-117.5407,47.6228,,True,0.0,98.44,,,,,False,0,2025-06-30 23:16:38
a4b423,VAR402  ,United States,1751325397.0,1751325397,-112.5065,33.1875,1615.44,False,60.78,133.29,1.3,,1638.3,4303,False,0,2025-06-30 23:16:38
a72747,N560DT  ,United States,1751325397.0,1751325398,-122.0437,37.9728,160.02,False,64.95,324.67,-3.25,,99.06,6605,False,0,2025-06-30 23:16:38
aad284,N797FA  ,United States,1751325396.0,1751325398,-84.6703,33.1705,868.68,False,53.98,349.01,-1.95,,899.16,,False,0,2025-06-30 23:16:38
acbbcc,OST7    ,United States,1751325176.0,1751325186,-97.0876,36.1891,556.26,False,41.7,2.12,0.65,,556.26,,False,0,2025-06-30 23:16:38
a4b42b,N402BC  ,United States,1751325377.0,1751325377,-120.6657,35.6072,2103.12,False,75.76,3.5,0.0,,2164.08,,False,0,2025-06-30 23:16:38
c036b1,WJA1789 ,Canada,1751325398.0,1751325398,-80.1595,35.7102,7528.56,False,217.85,257.87,7.8,,7978.14,,False,0,2025-06-30 23:16:38
ac259b,DAL489  ,United States,1751325398.0,1751325398,-120.7659,47.5466,6903.72,False,230.07,91.79,8.45,,7200.9,3526,False,0,2025-06-30 23:16:38
ad4584,SWA3137 ,United States,1751325397.0,1751325398,-100.0306,30.6447,11582.4,False,223.66,277.53,0.0,,12268.2,6057,False,0,2025-06-30 23:16:38
a2cf34,ENY3340 ,United States,1751325383.0,1751325394,-78.7971,26.4502,8542.02,False,221.96,70.22,7.8,,9029.7,,False,0,2025-06-30 23:16:38
a3ef0c,N3523R  ,United States,1751325398.0,1751325398,-97.0302,32.6988,403.86,False,53.66,355.6,-1.3,,396.24,,False,0,2025-06-30 23:16:38
c02494,WJA1273 ,Canada,1751325398.0,1751325398,-81.6097,32.722,10668.0,False,232.47,325.18,-0.33,,11300.46,3013,False,0,2025-06-30 23:16:38
accf9f,N92415  ,United States,1751325374.0,1751325379,-120.8775,37.6303,609.6,False,52.12,221.4,-0.98,,571.5,,False,0,2025-06-30 23:16:38
a99afb,NKS2462 ,United States,1751325398.0,1751325398,-98.9699,33.9669,7688.58,False,223.92,91.97,-7.15,,8161.02,3301,False,0,2025-06-30 23:16:38
ae63e7,ROPER33 ,United States,1751325397.0,1751325397,-121.502,39.3299,944.88,False,133.85,214.67,-5.2,,929.64,,False,0,2025-06-30 23:16:38
a9ead7,N738XG  ,United States,1751325397.0,1751325397,-84.7339,32.9771,1188.72,False,50.51,273.5,0.65,,1234.44,,False,0,2025-06-30 23:16:38
a9411b,N696BB  ,United States,1751325396.0,1751325397,-72.6993,40.7675,419.1,False,73.21,251.57,0.0,,411.48,,False,0,2025-06-30 23:16:38
a4d9d8,SWA1823 ,United States,1751325398.0,1751325398,-85.8226,40.024,7376.16,False,222.62,340.14,-5.2,,7749.54,1620,False,0,2025-06-30 23:16:38
a0f6b9,SKW3816 ,United States,1751325397.0,1751325398,-96.7675,43.7562,2720.34,False,144.54,56.76,16.58,,2834.64,,False,0,2025-06-30 23:16:38
ae50ce,,United States,1751325334.0,1751325334,-79.8858,35.6156,381.0,False,50.79,146.15,0.0,,373.38,,False,0,2025-06-30 23:16:38
e80475,TAM8181 ,Chile,1751325397.0,1751325397,-72.0931,39.4045,7139.94,False,247.02,139.48,4.23,,7536.18,4073,False,0,2025-06-30 23:16:38
e80474,TAM8126 ,Chile,1751325398.0,1751325398,-81.0436,28.7837,2354.58,False,135.1,263.66,-6.83,,2491.74,4112,False,0,2025-06-30 23:16:38
a369be,ENY3385 ,United States,1751325397.0,1751325397,-84.9039,33.5297,9662.16,False,219.34,85.43,-6.5,,10264.14,5743,False,0,2025-06-30 23:16:38
4ac8a8,SAS935  ,Sweden,1751325397.0,1751325397,-122.2653,37.5726,617.22,False,91.36,297.86,-6.18,,594.36,7762,False,0,2025-06-30 23:16:38
a02c40,AAL16   ,United States,1751325398.0,1751325398,-80.6121,42.2206,11277.6,False,256.12,102.53,0.0,,11871.96,3324,False,0,2025-06-30 23:16:38
e8046f,TAM8087 ,Chile,1751325257.0,1751325257,-101.8808,24.5765,10660.38,False,257.85,139.13,0.0,,11353.8,,False,0,2025-06-30 23:16:38
a4c6b3,ASA1006 ,United States,1751325398.0,1751325398,-120.027,46.3333,9555.48,False,224.35,309.6,-13.66,,9989.82,,False,0,2025-06-30 23:16:38
aaf828,AA0013  ,United States,1751325380.0,1751325380,-87.9279,41.9785,,True,4.37,2.81,,,,,False,0,2025-06-30 23:16:38
a03f84,RPA4399 ,United States,1751325397.0,1751325398,-79.7558,37.0051,6598.92,False,207.94,132.29,-5.53,,6987.54,4671,False,0,2025-06-30 23:16:38
ac3816,CAP487  ,United States,1751325394.0,1751325394,-117.098,33.5583,723.9,False,58.46,6.06,0.0,,678.18,,False,0,2025-06-30 23:16:38
a9b775,JIA5292 ,United States,1751325397.0,1751325397,-96.3803,36.9422,10591.8,False,219.01,225.76,2.6,,11193.78,,False,0,2025-06-30 23:16:38
ab5eb2,SWA3186 ,United States,1751325397.0,1751325397,-90.1664,38.5928,10363.2,False,223.4,268.02,0.0,,10949.94,6520,False,0,2025-06-30 23:16:38
a9a419,FFT3479 ,United States,1751325397.0,1751325397,-76.1883,37.8365,8961.12,False,246.29,212.89,6.83,,9479.28,1672,False,0,2025-06-30 23:16:38
a69148,N522KL  ,United States,1751325397.0,1751325397,-83.6486,27.2131,7200.9,False,179.91,116.49,-5.53,,7612.38,4455,False,0,2025-06-30 23:16:38
ad5817,SWA1614 ,United States,1751325398.0,1751325398,-78.5217,29.0835,11277.6,False,233.27,5.95,0.0,,11811.0,1455,False,0,2025-06-30 23:16:38
a356f6,AAL2470 ,United States,1751325367.0,1751325367,-100.6914,37.0495,10668.0,False,248.65,92.13,0.0,,11254.74,,False,0,2025-06-30 23:16:38
a88ddb,N650MP  ,United States,1751325397.0,1751325397,-88.3366,35.9522,13106.4,False,230.46,235.46,-0.33,,13799.82,6524,False,0,2025-06-30 23:16:38
aaf831,ASA1235 ,United States,1751325393.0,1751325393,-111.1489,42.7931,11277.6,False,241.96,109.63,-0.33,,11856.72,6667,False,0,2025-06-30 23:16:38
a4b48e,N402FB  ,United States,1751325397.0,1751325397,-99.8249,25.7747,4907.28,False,153.31,89.62,4.88,,5173.98,,False,0,2025-06-30 23:16:38
a5d481,N475JM  ,United States,1751325385.0,1751325397,-88.9578,31.4844,2720.34,False,91.62,147.38,0.0,,2865.12,,False,0,2025-06-30 23:16:38
a7277c,N560FW  ,United States,1751325397.0,1751325397,-102.6814,36.5115,12489.18,False,219.26,127.08,-0.33,,13121.64,,False,0,2025-06-30 23:16:38
ac382e,DAL442  ,United States,1751325224.0,1751325224,-107.386,40.9131,10363.2,False,234.11,250.89,0.0,,10919.46,4135,False,0,2025-06-30 23:16:38
a9b755,NKS2398 ,United States,1751325396.0,1751325396,-94.8163,30.0081,1699.26,False,116.42,243.77,-2.93,,1821.18,1663,False,0,2025-06-30 23:16:38
ab4ba6,JBU1752 ,United States,1751325398.0,1751325398,-81.3844,26.9615,8199.12,False,220.09,314.34,-3.9,,8694.42,4755,False,0,2025-06-30 23:16:38
a87ae9,N6455V  ,United States,1751325377.0,1751325389,-95.1254,38.7632,914.4,False,59.22,352.01,-0.65,,876.3,,False,0,2025-06-30 23:16:38
ac250b,SWA3102 ,United States,1751325398.0,1751325398,-97.742,30.7004,11201.4,False,246.56,88.09,-9.43,,11910.06,0474,False,0,2025-06-30 23:16:38
ad5837,AAL2115 ,United States,1751325398.0,1751325398,-80.2469,25.7968,419.1,False,97.85,126.45,9.75,,457.2,,False,0,2025-06-30 23:16:38
abaeb2,SWA4357 ,United States,1751325397.0,1751325397,-104.7535,30.8297,11277.6,False,236.88,125.9,0.33,,11948.16,1066,False,0,2025-06-30 23:16:38
a2cf3b,AAY1231 ,United States,1751325397.0,1751325397,-87.8868,34.7189,10363.2,False,235.35,284.95,0.33,,11003.28,0726,False,0,2025-06-30 23:16:38
485f82,KLM642  ,Kingdom of the Netherlands,1751325397.0,1751325397,-68.375,46.6956,11277.6,False,275.87,46.81,-0.33,,11780.52,3364,False,0,2025-06-30 23:16:38
a02c7b,HER110  ,United States,1751325394.0,1751325397,-101.7371,38.3407,13106.4,False,253.9,302.34,0.0,,13700.76,2176,False,0,2025-06-30 23:16:38
a489d9,N3917M  ,United States,1751325397.0,1751325397,-76.5258,35.9583,739.14,False,46.48,264.92,-0.98,,746.76,5374,False,0,2025-06-30 23:16:38
a02c94,DAL369  ,United States,1751325397.0,1751325397,-102.9848,40.3619,10363.2,False,229.17,254.37,-0.33,,10919.46,7405,False,0,2025-06-30 23:16:38
a02c91,DAL1404 ,United States,1751325398.0,1751325398,-78.4872,36.0415,11277.6,False,225.56,29.66,0.0,,11955.78,6714,False,0,2025-06-30 23:16:38
a369ee,AAL1051 ,United States,1751325397.0,1751325397,-85.3697,36.5626,11277.6,False,235.42,64.78,0.0,,11948.16,1602,False,0,2025-06-30 23:16:38
a223c1,AAY3059 ,United States,1751325397.0,1751325398,-81.132,31.764,6995.16,False,206.87,187.14,-7.8,,7429.5,1667,False,0,2025-06-30 23:16:38
a76f63,N5786Z  ,United States,1751325397.0,1751325397,-72.34,41.6406,731.52,False,82.99,47.01,-0.33,,731.52,1200,False,0,2025-06-30 23:16:38
a26c9f,N2551U  ,United States,1751325281.0,1751325301,-84.3899,34.3231,518.16,False,36.1,319.04,-3.9,,541.02,3544,False,0,2025-06-30 23:16:38
ab5f87,SWA348  ,United States,1751325287.0,1751325290,-95.211,29.707,441.96,False,93.2,227.24,-1.95,,624.84,,False,0,2025-06-30 23:16:38
ab4c4b,EJA827  ,United States,1751325398.0,1751325398,-75.1538,42.1755,5577.84,False,232.57,88.86,-9.75,,5806.44,0525,False,0,2025-06-30 23:16:38
a26c7a,N2550S  ,United States,1751325077.0,1751325134,-121.0741,36.4549,2339.34,False,75.11,173.31,-0.33,,2392.68,1200,False,0,2025-06-30 23:16:38
a2bc5a,UAL472  ,United States,1751325398.0,1751325398,-79.8587,28.9577,10058.4,False,230.72,43.37,0.0,,10576.56,1126,False,0,2025-06-30 23:16:38
ad56e0,JBU9    ,United States,1751325281.0,1751325281,-71.5084,38.2656,9448.8,False,249.53,176.22,0.0,,10005.06,1176,False,0,2025-06-30 23:16:38
a570d1,PRE45   ,United States,1751325398.0,1751325398,-106.3273,32.3205,13106.4,False,236.39,24.84,0.0,,13815.06,,False,0,2025-06-30 23:16:38
c06aaa,TSC567  ,Canada,1751325398.0,1751325398,-78.0547,33.0219,10668.0,False,222.81,4.1,0.0,,11277.6,6655,False,0,2025-06-30 23:16:38
a2cf7e,N280RM  ,United States,1751325397.0,1751325397,-118.4873,34.1459,1981.2,False,148.25,340.12,26.01,,2049.78,,False,0,2025-06-30 23:16:38
a8df0d,N6707H  ,United States,1751325385.0,1751325385,-86.5869,34.9414,541.02,False,48.37,246.16,0.0,,533.4,,False,0,2025-06-30 23:16:38
aae3d7,N800WF  ,United States,1751325397.0,1751325397,-100.2746,43.8748,12192.0,False,192.83,273.82,0.33,,12664.44,2412,False,0,2025-06-30 23:16:38
a1f0b4,RPA5884 ,United States,1751325398.0,1751325398,-71.6144,42.5548,3749.04,False,141.77,105.15,-6.5,,3916.68,4163,False,0,2025-06-30 23:16:38
a76f6c,UAL714  ,United States,1751325300.0,1751325392,-87.8984,41.9723,,True,6.17,241.88,,,,0632,False,0,2025-06-30 23:16:38
ac36ef,SWA4018 ,United States,1751325397.0,1751325398,-118.2652,34.7492,11582.4,False,246.22,312.12,-0.33,,12199.62,0741,False,0,2025-06-30 23:16:38
aae3e3,N800WT  ,United States,1751325398.0,1751325398,-111.6724,33.3264,769.62,False,81.93,7.21,8.13,,708.66,1200,False,0,2025-06-30 23:16:38
345109,IBE03SP ,Spain,1751325397.0,1751325398,-73.7242,40.6842,266.7,False,71.47,210.26,-2.93,,251.46,6005,False,0,2025-06-30 23:16:38
a52f57,ASI859  ,United States,1751325398.0,1751325398,-112.1736,32.9123,2819.4,False,64.45,73.3,-0.33,,2910.84,0324,False,0,2025-06-30 23:16:38
461f4f,FIN1    ,Finland,1751325396.0,1751325397,-116.4189,34.4631,9144.0,False,195.03,226.28,0.0,,9639.3,6757,False,0,2025-06-30 23:16:38
adef60,N99725  ,United States,1751325354.0,1751325354,-81.8755,30.4647,579.12,False,55.08,357.86,0.0,,601.98,,False,0,2025-06-30 23:16:38
a4d9f6,N411XT  ,United States,1751325398.0,1751325398,-97.6598,30.1946,,True,11.83,351.56,,,,,False,0,2025-06-30 23:16:38
ab4c83,SCX295  ,United States,1751325397.0,1751325397,-118.4551,45.7234,11582.4,False,213.03,265.85,0.0,,12077.7,,False,0,2025-06-30 23:16:38
a4c6af,AAL1659 ,United States,1751325396.0,1751325397,-106.6035,31.6295,10058.4,False,250.45,119.67,0.33,,10660.38,7740,False,0,2025-06-30 23:16:38
ad9f7f,AAL2947 ,United States,1751325398.0,1751325398,-81.0484,35.107,1341.12,False,135.46,234.74,13.0,,1379.22,,False,0,2025-06-30 23:16:38
ad8c4c,AAL3161 ,United States,1751325397.0,1751325397,-78.9661,40.4907,10972.8,False,234.64,188.57,0.0,,11597.64,7015,False,0,2025-06-30 23:16:38
0d103d,,Mexico,1751325398.0,1751325398,-118.7921,35.3509,12481.56,False,199.93,149.54,0.65,,13159.74,7033,False,0,2025-06-30 23:16:38
a09533,AAL1373 ,United States,1751325397.0,1751325397,-80.0668,25.8549,3162.3,False,151.95,208.73,9.43,,3345.18,,False,0,2025-06-30 23:16:38
a8df06,DAL1413 ,United States,1751325398.0,1751325398,-83.4751,33.1687,4411.98,False,185.76,274.45,-8.78,,4663.44,2364,False,0,2025-06-30 23:16:38
a3dc47,DAL449  ,United States,1751325398.0,1751325398,-113.7589,33.7845,10972.8,False,237.04,292.73,0.0,,11605.26,7463,False,0,2025-06-30 23:16:38
a4fc36,N420GA  ,United States,1751325397.0,1751325397,-112.1899,33.707,845.82,False,60.62,186.82,1.3,,784.86,,False,0,2025-06-30 23:16:38
a76f43,UAL250  ,United States,1751325242.0,1751325242,-100.8312,40.5836,10668.0,False,243.26,66.31,0.0,,11170.92,,False,0,2025-06-30 23:16:38
0d104d,XBCPE   ,Mexico,1751325397.0,1751325397,-116.992,32.5336,358.14,False,40.13,179.27,1.63,,297.18,,False,0,2025-06-30 23:16:38
a3ef6e,N3526J  ,United States,1751325398.0,1751325398,-122.2445,47.8747,464.82,False,53.19,175.01,-0.98,,464.82,,False,0,2025-06-30 23:16:38
a2bc9e,UAL620  ,United States,1751325396.0,1751325396,-77.4506,38.9423,,True,0.0,0.0,,,,,False,0,2025-06-30 23:16:38
c0371f,,Canada,1751325384.0,1751325384,-105.9195,48.7319,10988.04,False,202.89,287.56,0.0,,11399.52,,False,0,2025-06-30 23:16:38
a76f48,UAL1385 ,United States,1751325398.0,1751325398,-99.447,39.8145,10066.02,False,274.19,94.95,0.0,,10591.8,7622,False,0,2025-06-30 23:16:38
a596e9,N4597S  ,United States,1751325119.0,1751325119,-111.9158,33.3042,457.2,False,45.27,179.35,-3.9,,342.9,1200,False,0,2025-06-30 23:16:38
ac23ef,SWA264  ,United States,1751325398.0,1751325398,-76.8033,39.0648,944.88,False,117.79,300.15,-2.28,,960.12,7255,False,0,2025-06-30 23:16:38
a1f0f1,N224MA  ,United States,1751325396.0,1751325397,-80.1308,26.3444,571.5,False,51.06,184.04,-0.65,,609.6,,False,0,2025-06-30 23:16:38
a5e6d7,N48GA   ,United States,1751325398.0,1751325398,-121.327,38.1034,2491.74,False,85.15,355.5,6.18,,2590.8,3210,False,0,2025-06-30 23:16:38
461f57,FIN20   ,Finland,1751325397.0,1751325397,-91.6239,39.202,11887.2,False,274.68,34.32,0.0,,12489.18,2323,False,0,2025-06-30 23:16:38
a2bc94,N2758W  ,United States,1751325105.0,1751325105,-94.1616,35.9615,624.84,False,65.38,345.42,-4.23,,632.46,4367,False,0,2025-06-30 23:16:38
a22539,UAL2363 ,United States,1751325194.0,1751325194,-87.8925,42.0028,251.46,False,66.88,270.44,-4.23,,228.6,4375,False,0,2025-06-30 23:16:38
a23862,N242KV  ,United States,1751325398.0,1751325398,-84.9025,33.3641,13716.0,False,200.37,336.07,0.0,,14356.08,7763,False,0,2025-06-30 23:16:38
4063e6,VIR22Q  ,United Kingdom,1751325397.0,1751325398,-69.7137,43.0096,11277.6,False,243.85,53.49,0.0,,11856.72,3606,False,0,2025-06-30 23:16:38
0d1005,VOI1715 ,Mexico,1751325397.0,1751325398,-116.5013,32.2112,11277.6,False,233.8,130.81,0.0,,11925.3,7736,False,0,2025-06-30 23:16:38
a99c95,N7183Q  ,United States,1751325220.0,1751325234,-70.1537,44.8042,1127.76,False,60.28,27.44,-0.33,,1135.38,,False,0,2025-06-30 23:16:38
a0955b,N137BR  ,United States,1751325397.0,1751325398,-112.1133,34.054,13632.18,False,222.73,152.49,1.95,,14340.84,7640,False,0,2025-06-30 23:16:38
a0822c,UCA4881 ,United States,1751325398.0,1751325398,-92.166,31.3563,10363.2,False,222.79,250.02,0.33,,10980.42,,False,0,2025-06-30 23:16:38
ad447d,N954L   ,United States,1751325398.0,1751325398,-103.8917,39.6302,5768.34,False,221.88,118.23,10.73,,6111.24,,False,0,2025-06-30 23:16:38
ab5f00,SWA1053 ,United States,1751325356.0,1751325374,-96.8482,32.8469,,True,0.0,92.81,,,,,False,0,2025-06-30 23:16:38
a23844,RPA5699 ,United States,1751325397.0,1751325398,-77.1307,38.9449,708.66,False,81.69,139.09,-4.55,,716.28,1621,False,0,2025-06-30 23:16:38
461f08,FIN15   ,Finland,1751325385.0,1751325385,-73.7747,40.6358,,True,5.14,300.94,,,,6554,False,0,2025-06-30 23:16:38
abf17f,AAL2332 ,United States,1751325396.0,1751325397,-108.5013,36.0367,9448.8,False,241.68,58.14,0.0,,9974.58,4155,True,0,2025-06-30 23:16:38
addadb,JBU378  ,United States,1751325397.0,1751325398,-88.2966,34.8646,10668.0,False,233.48,79.33,0.0,,11308.08,3177,False,0,2025-06-30 23:16:38
a02bd0,N11WB   ,United States,1751325397.0,1751325397,-116.9023,34.4374,5280.66,False,154.97,225.27,-2.6,,5570.22,,False,0,2025-06-30 23:16:38
a14baa,N18287  ,United States,1751325353.0,1751325353,-117.5244,34.6835,3558.54,False,73.69,71.69,1.63,,3695.7,4710,False,0,2025-06-30 23:16:38
a4c849,SKW3429 ,United States,1751325397.0,1751325397,-120.8116,36.4178,9326.88,False,213.88,140.76,4.88,,9776.46,3253,False,0,2025-06-30 23:16:38
a700c3,SFY205  ,United States,1751325188.0,1751325188,-80.6325,27.8315,1211.58,False,32.08,74.18,-0.65,,1295.4,,False,0,2025-06-30 23:16:38
a7ac54,ASA862  ,United States,1751325275.0,1751325278,-122.3165,47.4594,,True,12.35,36.56,,,,,False,0,2025-06-30 23:16:38
c035f8,WJA2903 ,Canada,1751325397.0,1751325397,-72.0469,42.1517,11590.02,False,218.2,337.55,0.0,,12192.0,4135,False,0,2025-06-30 23:16:38
a570f1,N45NB   ,United States,1751325398.0,1751325398,-107.2858,37.2461,12192.0,False,218.07,264.59,0.33,,12824.46,,False,0,2025-06-30 23:16:38
a2bbac,UAL1911 ,United States,1751325397.0,1751325397,-95.1831,30.3655,3832.86,False,209.34,22.85,17.23,,4046.22,2020,False,0,2025-06-30 23:16:38
a9ff60,N743TH  ,United States,1751325398.0,1751325398,-122.236,38.075,1287.78,False,42.48,163.1,2.28,,1303.02,,False,0,2025-06-30 23:16:38
ac36a9,SWA2044 ,United States,1751325397.0,1751325397,-92.9026,33.2,11277.6,False,251.68,52.47,0.0,,11948.16,2736,False,0,2025-06-30 23:16:38
ab4c15,AAL3017 ,United States,1751325396.0,1751325398,-77.8996,32.6779,10972.8,False,247.47,196.17,0.0,,11559.54,1656,False,0,2025-06-30 23:16:38
aa80c0,EJA776  ,United States,1751325397.0,1751325397,-120.8685,39.8629,12504.42,False,231.5,161.61,0.98,,13091.16,2660,False,0,2025-06-30 23:16:38
ab5f43,SWA1974 ,United States,1751325397.0,1751325397,-85.1585,36.522,10972.8,False,232.87,348.14,0.0,,11628.12,2252,False,0,2025-06-30 23:16:38
a700ac,DAL778  ,United States,1751325398.0,1751325398,-109.0946,37.7539,10668.0,False,241.36,67.04,0.0,,11254.74,,False,0,2025-06-30 23:16:38
a33222,ENY3816 ,United States,1751325397.0,1751325397,-96.6281,31.8147,6400.8,False,213.93,161.78,0.33,,6781.8,2334,False,0,2025-06-30 23:16:38
a9ec06,UAL1660 ,United States,1751325398.0,1751325398,-96.1686,42.7708,10363.2,False,206.4,276.01,0.0,,10774.68,3545,False,0,2025-06-30 23:16:38
ab03a4,DAL809  ,United States,1751325398.0,1751325398,-85.9098,35.1295,9662.16,False,243.44,141.43,-4.88,,10256.52,2540,False,0,2025-06-30 23:16:38
a34542,N31JB   ,United States,1751325389.0,1751325389,-120.5718,37.578,411.48,False,53.28,169.99,-2.93,,342.9,,False,0,2025-06-30 23:16:38
adb9a1,N9837L  ,United States,1751325396.0,1751325397,-95.06,38.7607,670.56,False,45.8,358.71,-2.28,,662.94,,False,0,2025-06-30 23:16:38
a9ff49,SKW5584 ,United States,1751325397.0,1751325397,-103.4092,41.1516,8839.2,False,238.53,47.71,0.0,,9311.64,,False,0,2025-06-30 23:16:38
ab4c1d,DAL98   ,United States,1751325397.0,1751325397,-82.9593,40.7914,7978.14,False,254.65,39.67,2.6,,8397.24,4154,False,0,2025-06-30 23:16:38
a1057a,AAL1817 ,United States,1751325397.0,1751325398,-84.202,36.037,9433.56,False,244.87,295.11,4.23,,10005.06,2524,False,0,2025-06-30 23:16:38
a690ef,LXJ522  ,United States,1751325397.0,1751325397,-93.9063,34.0953,13114.02,False,218.48,248.45,0.0,,13792.2,1272,False,0,2025-06-30 23:16:38
c06b68,PRO4371 ,Canada,1751325327.0,1751325327,-80.7871,46.6393,434.34,False,64.51,209.63,-3.9,,365.76,,False,0,2025-06-30 23:16:38
a0d236,N152GC  ,United States,1751325302.0,1751325302,-114.6111,36.0702,1188.72,False,54.65,93.78,-2.93,,1150.62,,False,0,2025-06-30 23:16:38
abaf30,VAR852  ,United States,1751325322.0,1751325326,-112.8472,33.5229,1036.32,False,56.98,219.87,-2.93,,1005.84,,False,0,2025-06-30 23:16:38
a7bf7c,N599GR  ,United States,1751325293.0,1751325293,-72.4771,41.4457,312.42,False,88.46,111.49,-5.85,,304.8,1200,False,0,2025-06-30 23:16:38
a8deb4,DAL1768 ,United States,1751325397.0,1751325397,-73.2537,39.6909,3429.0,False,196.55,309.69,-5.53,,3604.26,,False,0,2025-06-30 23:16:38
ada952,N98FK   ,United States,1751325398.0,1751325398,-92.6024,34.0907,9448.8,False,170.73,64.28,0.0,,10005.06,3623,False,0,2025-06-30 23:16:38
ad3302,N95HE   ,United States,1751325397.0,1751325397,-99.0139,38.5008,12496.8,False,232.37,86.83,0.0,,13106.4,2063,False,0,2025-06-30 23:16:38
a8484b,BYF31   ,United States,1751325397.0,1751325397,-121.4379,37.6863,,True,4.12,118.12,,,,5345,False,0,2025-06-30 23:16:38
aaf996,EJA806  ,United States,1751325397.0,1751325398,-111.689,33.0644,9753.6,False,247.74,327.46,0.0,,10317.48,1663,False,0,2025-06-30 23:16:38
aa9679,RPA3465 ,United States,1751325398.0,1751325398,-87.7243,41.6544,3352.8,False,169.79,152.97,13.33,,3482.34,7257,False,0,2025-06-30 23:16:38
ab9024,EJA844  ,United States,1751325395.0,1751325395,-72.8836,41.2664,,True,0.0,33.75,,,,2257,False,0,2025-06-30 23:16:38
acbcbc,N92KK   ,United States,1751325269.0,1751325269,-72.7322,42.1749,281.94,False,44.2,129.81,-6.83,,251.46,,False,0,2025-06-30 23:16:38
a63bf4,SWA4674 ,United States,1751325398.0,1751325398,-96.6662,32.799,1524.0,False,120.91,317.76,0.0,,1592.58,3413,False,0,2025-06-30 23:16:38
a3323d,DAL32   ,United States,1751325398.0,1751325398,-96.3083,32.7997,4716.78,False,201.7,82.82,7.48,,4975.86,0512,False,0,2025-06-30 23:16:38
ac267c,AAL1100 ,United States,1751325348.0,1751325348,-97.038,32.9078,,True,2.06,171.56,,,,,False,0,2025-06-30 23:16:38
a4b58e,N402RH  ,United States,1751325397.0,1751325397,-122.6216,45.2672,838.2,False,53.05,267.22,-5.2,,838.2,,False,0,2025-06-30 23:16:38
a2bbcc,UAL2665 ,United States,1751325397.0,1751325397,-101.9712,42.2554,10668.0,False,251.07,98.25,0.0,,11170.92,,False,0,2025-06-30 23:16:38
a87bb9,N646CB  ,United States,1751325397.0,1751325397,-118.1272,33.8028,327.66,False,46.31,91.27,-0.33,,289.56,,False,0,2025-06-30 23:16:38
a7287d,N560SC  ,United States,1751325366.0,1751325366,-86.6663,36.1185,,True,4.89,289.69,,,,1014,False,0,2025-06-30 23:16:38
a5d56b,N475TW  ,United States,1751325397.0,1751325397,-122.6662,45.7384,1821.18,False,88.4,351.63,7.15,,1889.76,,False,0,2025-06-30 23:16:38
accff2,N9244H  ,United States,1751325301.0,1751325301,-83.1349,42.1118,396.24,False,36.59,297.65,-1.95,,320.04,,False,0,2025-06-30 23:16:38
abf32f,SWA1796 ,United States,1751325398.0,1751325398,-77.2796,36.7406,11582.4,False,242.56,234.32,0.0,,12237.72,7134,False,0,2025-06-30 23:16:38
4065de,BAW33K  ,United Kingdom,1751325346.0,1751325349,-73.7941,40.6516,,True,3.6,61.88,,,,3534,False,0,2025-06-30 23:16:38
aac03d,ENY3596 ,United States,1751325398.0,1751325398,-86.7819,41.6555,3688.08,False,181.22,328.7,-0.33,,3825.24,6676,False,0,2025-06-30 23:16:38
abe00f,SWA2201 ,United States,1751325130.0,1751325130,-74.5439,24.9054,10965.18,False,240.95,319.85,0.0,,11544.3,,False,0,2025-06-30 23:16:38
ac136d,SWA4708 ,United States,1751325397.0,1751325398,-81.3814,28.6682,1036.32,False,127.25,82.1,-6.5,,1112.52,1047,False,0,2025-06-30 23:16:38
aa2cb0,AVA031  ,United States,1751325398.0,1751325398,-79.9714,25.1265,4937.76,False,198.34,162.65,8.45,,5219.7,,False,0,2025-06-30 23:16:38
a72832,N560PC  ,United States,1751325309.0,1751325309,-122.8534,45.7562,198.12,False,36.12,259.33,-6.5,,167.64,,False,0,2025-06-30 23:16:38
44ccc2,BEL52B  ,Belgium,1751325362.0,1751325362,-73.7957,40.6465,,True,5.4,326.25,,,,,False,0,2025-06-30 23:16:38
a3eefb,N35229  ,United States,1751325293.0,1751325293,-80.4359,25.6528,-38.1,False,24.71,87.61,0.0,,-15.24,,False,0,2025-06-30 23:16:38
a57229,AAL2356 ,United States,1751325397.0,1751325398,-83.9808,36.2924,10370.82,False,240.12,258.88,-0.33,,11003.28,2634,False,0,2025-06-30 23:16:38
4078de,BAW291  ,United Kingdom,1751325398.0,1751325398,-77.3587,38.7286,1386.84,False,151.32,1.75,-4.88,,1440.18,5005,False,0,2025-06-30 23:16:38
44ccd0,BEL1BT  ,Belgium,1751325398.0,1751325398,-75.5997,39.448,7437.12,False,241.95,40.43,5.53,,7856.22,3316,False,0,2025-06-30 23:16:38
abe056,SWA2947 ,United States,1751325397.0,1751325397,-77.452,38.9475,,True,4.63,28.12,,,,2136,False,0,2025-06-30 23:16:38
a9558b,N700LC  ,United States,1751325370.0,1751325371,-96.4367,30.677,708.66,False,97.58,94.84,-7.8,,716.28,4564,False,0,2025-06-30 23:16:38
a8359c,SKW5361 ,United States,1751325397.0,1751325397,-101.3423,31.5677,6728.46,False,197.54,104.94,5.85,,7132.32,,False,0,2025-06-30 23:16:38
ad31f0,N9497M  ,United States,1751325397.0,1751325397,-96.4186,33.147,1028.7,False,74.08,83.22,0.0,,1059.18,1200,False,0,2025-06-30 23:16:38
a4c7b9,N407MD  ,United States,1751325398.0,1751325398,-84.432,33.2227,891.54,False,50.23,327.12,-0.33,,922.02,1200,False,0,2025-06-30 23:16:38
ac390f,AAL2398 ,United States,1751325397.0,1751325397,-115.0747,47.6633,10668.0,False,254.78,88.15,0.33,,11132.82,6601,False,0,2025-06-30 23:16:38
a38d0b,N328LJ  ,United States,1751325278.0,1751325278,-111.9098,33.6239,,True,3.86,303.75,,,,4414,False,0,2025-06-30 23:16:38
a9689b,N705RC  ,United States,1751325227.0,1751325231,-104.0341,39.561,2857.5,False,135.38,358.04,-4.55,,3025.14,,False,0,2025-06-30 23:16:38
a51d1b,AAL2831 ,United States,1751325397.0,1751325398,-86.1907,37.7385,10363.2,False,233.35,277.22,-0.33,,10988.04,0445,False,0,2025-06-30 23:16:38
ab5faa,SWA3253 ,United States,1751325397.0,1751325398,-103.5386,39.5192,6438.9,False,236.15,110.13,8.45,,6819.9,,False,0,2025-06-30 23:16:38
a081a3,UCA4241 ,United States,1751325398.0,1751325398,-96.2848,31.1442,7383.78,False,211.26,152.12,-3.25,,7818.12,4151,False,0,2025-06-30 23:16:38
a6e28a,N5426F  ,United States,1751325381.0,1751325381,-80.4304,35.4094,388.62,False,49.52,156.1,-0.33,,388.62,,False,0,2025-06-30 23:16:38
a4529e,N378MH  ,United States,1751325398.0,1751325398,-91.7788,30.629,7620.0,False,134.61,62.46,0.0,,8092.44,7065,False,0,2025-06-30 23:16:38
a02d5b,FFL599  ,United States,1751325397.0,1751325398,-103.4642,32.9828,9677.4,False,242.8,285.86,-8.78,,10248.9,1026,False,0,2025-06-30 23:16:38
a95596,N700LP  ,United States,1751325397.0,1751325397,-96.4214,33.2105,2423.16,False,144.5,242.43,-9.1,,2529.84,2676,False,0,2025-06-30 23:16:38
ab0633,N8094C  ,United States,1751325397.0,1751325398,-76.0377,42.4993,1935.48,False,70.72,171.63,-2.6,,1958.34,3761,False,0,2025-06-30 23:16:38
aaf93d,N806MC  ,United States,1751325398.0,1751325398,-83.4705,42.9247,12496.8,False,189.13,276.87,0.65,,13075.92,1750,False,0,2025-06-30 23:16:38
a8def1,DAL3231 ,United States,1751325397.0,1751325397,-84.4242,33.637,,True,5.92,11.25,,,,4612,False,0,2025-06-30 23:16:38
a9687f,N705Q   ,United States,1751325389.0,1751325390,-84.538,42.4952,541.02,False,57.65,92.05,0.98,,480.06,,False,0,2025-06-30 23:16:38
ab1971,AAL2028 ,United States,1751325397.0,1751325397,-83.1066,34.7081,10668.0,False,229.87,71.2,0.0,,11308.08,1062,False,0,2025-06-30 23:16:38
a83564,EJA628  ,United States,1751325398.0,1751325398,-76.5031,38.6777,8343.9,False,242.92,39.76,-13.0,,8808.72,3027,False,0,2025-06-30 23:16:38
ab1978,AAY2890 ,United States,1751325398.0,1751325398,-85.0517,33.1054,9448.8,False,230.7,151.21,0.0,,10027.92,1513,False,0,2025-06-30 23:16:38
a83569,QXE2290 ,United States,1751325398.0,1751325398,-123.1695,46.6938,8016.24,False,199.36,182.96,5.53,,8351.52,1670,False,0,2025-06-30 23:16:38
a224fa,UAL2194 ,United States,1751325398.0,1751325398,-92.1185,30.0292,9182.1,False,220.12,84.64,-14.31,,9753.6,4664,False,0,2025-06-30 23:16:38
ab5fdd,AAL3175 ,United States,1751325391.0,1751325396,-84.442,33.6411,,True,0.0,284.06,,,,1535,True,0,2025-06-30 23:16:38
a9a52f,OST20   ,United States,1751325205.0,1751325205,-97.1009,36.126,502.92,False,51.45,90.57,-3.25,,495.3,,False,0,2025-06-30 23:16:38
a8ded6,DAL1927 ,United States,1751325398.0,1751325398,-88.2783,32.3826,9753.6,False,250.94,256.85,0.0,,10347.96,3512,False,0,2025-06-30 23:16:38
a14d78,SKW3297 ,United States,1751325397.0,1751325397,-122.0956,39.9771,10363.2,False,236.88,324.1,0.0,,10835.64,3232,False,0,2025-06-30 23:16:38
a37a25,N323HA  ,United States,1751325382.0,1751325382,-100.5256,43.2311,3215.64,False,96.84,98.86,7.15,,3375.66,,False,0,2025-06-30 23:16:38
a5c293,N470RB  ,United States,1751325397.0,1751325397,-118.3868,33.6797,1127.76,False,47.32,258.08,-0.65,,1104.9,,False,0,2025-06-30 23:16:38
a8dee0,UAL170  ,United States,1751325251.0,1751325256,-74.1688,40.7009,,True,0.0,95.62,,,,,False,0,2025-06-30 23:16:38
a26d4a,N2556Q  ,United States,1751325394.0,1751325394,-118.0271,34.037,518.16,False,67.25,13.72,-4.23,,480.06,,False,0,2025-06-30 23:16:38
ada922,N98DM   ,United States,1751325397.0,1751325397,-84.2794,40.2806,1463.04,False,91.89,235.95,-4.23,,1478.28,1713,False,0,2025-06-30 23:16:38
a9fec4,ENYMTX35,United States,1751325364.0,1751325364,-87.9279,41.9787,,True,3.86,0.0,,,,,False,0,2025-06-30 23:16:38
c07ee0,WJA1430 ,Canada,1751325285.0,1751325285,-118.4123,43.0851,11887.2,False,222.34,187.98,0.0,,12451.08,2141,False,0,2025-06-30 23:16:38
a691c0,CXK544  ,United States,1751325397.0,1751325398,-119.1356,34.2435,304.8,False,46.78,278.22,0.33,,289.56,0407,False,0,2025-06-30 23:16:38
a38d8f,AAL2250 ,United States,1751325398.0,1751325398,-79.5113,25.418,4480.56,False,211.27,281.09,-5.2,,4739.64,,False,0,2025-06-30 23:16:38
ad57bb,SKW490Z ,United States,1751325397.0,1751325397,-106.8197,39.842,8778.24,False,197.81,228.06,5.53,,9281.16,3210,False,0,2025-06-30 23:16:38
a15fa4,AAY2310 ,United States,1751325398.0,1751325398,-111.4344,33.3981,2537.46,False,149.88,354.49,8.78,,2651.76,4112,False,0,2025-06-30 23:16:38
ab04f3,SCX394  ,United States,1751325397.0,1751325397,-94.3359,44.6524,6073.14,False,198.99,72.55,-4.88,,6271.26,3350,False,0,2025-06-30 23:16:38
a7ad0d,JBU1002 ,United States,1751325392.0,1751325397,-78.9671,26.7123,7139.94,False,224.36,64.61,6.5,,7543.8,,False,0,2025-06-30 23:16:38
aa1a26,ENY4040 ,United States,1751325398.0,1751325398,-87.4625,41.9874,2095.5,False,122.96,270.72,-7.15,,2148.84,6270,False,0,2025-06-30 23:16:38
a37a3f,JBU2184 ,United States,1751325398.0,1751325398,-71.6006,41.6036,3352.8,False,151.05,329.5,0.0,,3512.82,6277,False,0,2025-06-30 23:16:38
ab04fb,TRF509  ,United States,1751325397.0,1751325397,-96.3162,32.7385,617.22,False,48.51,124.2,0.0,,609.6,,False,0,2025-06-30 23:16:38
a6f4be,N5473R  ,United States,1751325396.0,1751325397,-95.7047,33.3126,1356.36,False,45.42,346.91,3.25,,1394.46,,False,0,2025-06-30 23:16:38
aa94aa,ENY3808 ,United States,1751325397.0,1751325397,-84.9357,44.5662,9052.56,False,209.15,193.08,-4.88,,9441.18,4374,False,0,2025-06-30 23:16:38
a50a88,AAL778  ,United States,1751325397.0,1751325397,-113.102,34.61,10355.58,False,221.56,263.6,0.0,,10942.32,,False,0,2025-06-30 23:16:38
c07eee,WJA613  ,Canada,1751325397.0,1751325397,-76.1334,45.3863,4008.12,False,184.7,282.88,16.58,,4137.66,,False,0,2025-06-30 23:16:38
a4ea77,AAL2311 ,United States,1751325398.0,1751325398,-84.4449,30.6903,10043.16,False,236.41,97.13,-0.33,,10652.76,3202,False,0,2025-06-30 23:16:38
407993,BAW11J  ,United Kingdom,1751325398.0,1751325398,-73.6189,40.6375,2491.74,False,156.22,25.97,11.38,,2598.42,2741,False,0,2025-06-30 23:16:38
407992,BAW8DS  ,United Kingdom,1751325398.0,1751325398,-117.2508,34.6132,8930.64,False,268.4,54.36,6.18,,9410.7,7631,False,0,2025-06-30 23:16:38
c02501,AIE803  ,Canada,1751325397.0,1751325397,-74.4761,46.9057,7002.78,False,114.34,206.45,0.0,,7292.34,,False,0,2025-06-30 23:16:38
addd2b,N9925U  ,United States,1751325397.0,1751325397,-120.0811,34.7446,2316.48,False,52.51,131.03,0.98,,2362.2,,False,0,2025-06-30 23:16:38
a47905,N388AC  ,United States,1751325396.0,1751325398,-78.2411,29.0728,12306.3,False,234.84,2.64,8.78,,12908.28,1344,False,0,2025-06-30 23:16:38
a584bc,AAL1719 ,United States,1751325397.0,1751325397,-121.8537,45.987,11277.6,False,220.97,167.91,0.0,,11750.04,7075,False,0,2025-06-30 23:16:38
a74a03,N569TA  ,United States,1751325398.0,1751325398,-103.2853,37.1937,12184.38,False,204.42,339.83,0.0,,12809.22,0233,False,0,2025-06-30 23:16:38
aa2d14,SKW9909 ,United States,1751325397.0,1751325397,-86.3497,42.4654,6096.0,False,192.93,269.24,0.33,,6324.6,,False,0,2025-06-30 23:16:38
a9427a,N696RC  ,United States,1751325358.0,1751325381,-118.5879,35.2644,2263.14,False,52.93,117.81,-0.65,,2301.24,,False,0,2025-06-30 23:16:38
ab1902,N814JB  ,United States,1751324995.0,1751325162,-83.9319,40.4572,1089.66,False,65.4,155.85,-2.93,,1059.18,,False,0,2025-06-30 23:16:38
a49a82,EJA396  ,United States,1751325167.0,1751325169,-86.6848,33.6004,495.3,False,61.85,258.97,-0.65,,502.92,5620,True,0,2025-06-30 23:16:38
a51d5f,N429DF  ,United States,1751325397.0,1751325397,-116.8459,33.8986,1676.4,False,74.74,193.94,2.28,,1744.98,,False,0,2025-06-30 23:16:38
a0f922,DISCUS5 ,United States,1751325193.0,1751325193,-111.7886,39.51,4937.76,False,52.97,330.95,-3.58,,5273.04,,False,0,2025-06-30 23:16:38
a9ed89,N739LW  ,United States,1751325287.0,1751325288,-80.5385,34.9117,670.56,False,32.43,271.82,-1.3,,678.18,,False,0,2025-06-30 23:16:38
c010ec,ACA175  ,Canada,1751325397.0,1751325398,-79.6804,43.6655,685.8,False,92.61,237.02,10.08,,632.46,6355,False,0,2025-06-30 23:16:38
c010ea,ACA793  ,Canada,1751325398.0,1751325398,-79.6087,43.6758,,True,8.23,225.0,,,,0543,False,0,2025-06-30 23:16:38
aa9600,UAL787  ,United States,1751325397.0,1751325397,-95.4371,30.0459,2240.28,False,134.15,138.73,-6.18,,2377.44,0041,False,0,2025-06-30 23:16:38
a2396e,SWA1925 ,United States,1751325398.0,1751325398,-98.5736,29.6108,784.86,False,68.24,130.41,-2.93,,838.2,2527,False,0,2025-06-30 23:16:38
c06c8f,CGPCW   ,Canada,1751325397.0,1751325397,-124.9056,48.9356,4541.52,False,143.07,100.99,1.3,,4747.26,,False,0,2025-06-30 23:16:38
a0835d,RPA4506 ,United States,1751325397.0,1751325397,-79.1386,35.3804,8839.2,False,244.16,51.42,0.33,,9380.22,,False,0,2025-06-30 23:16:38
a1afd5,N208BA  ,United States,1751325398.0,1751325398,-122.1335,47.3919,685.8,False,84.33,278.77,-3.58,,701.04,,False,0,2025-06-30 23:16:38
a99d87,ASA572  ,United States,1751325398.0,1751325398,-86.1314,38.5771,10363.2,False,232.17,302.88,0.0,,10965.18,7033,False,0,2025-06-30 23:16:38
a46603,UAL2288 ,United States,1751325397.0,1751325398,-98.3418,37.1513,10363.2,False,234.47,292.85,0.0,,10957.56,6527,False,0,2025-06-30 23:16:38
a9a4e2,JIA5155 ,United States,1751325398.0,1751325398,-82.0729,38.8901,9448.8,False,246.42,157.02,0.33,,10005.06,0362,False,0,2025-06-30 23:16:38
a1afcf,TTE208  ,United States,1751325396.0,1751325396,-114.4929,43.1731,7627.62,False,207.38,100.0,0.0,,8031.48,,False,0,2025-06-30 23:16:38
abf29f,SWA3121 ,United States,1751325387.0,1751325397,-119.6142,44.6316,10668.0,False,248.3,103.66,-0.33,,11140.44,6640,False,0,2025-06-30 23:16:38
a39fb7,UAL533  ,United States,1751325397.0,1751325397,-87.4168,41.9236,1546.86,False,118.06,356.25,0.65,,1569.72,2304,False,0,2025-06-30 23:16:38
a4a300,N3981D  ,United States,1751325397.0,1751325397,-112.3766,32.797,3040.38,False,65.36,115.15,3.25,,3185.16,7202,False,0,2025-06-30 23:16:38
a22642,ASA406  ,United States,1751325397.0,1751325397,-77.6235,38.7864,2278.38,False,133.96,264.05,12.35,,2362.2,,False,0,2025-06-30 23:16:38
a2cfa2,SKW3671 ,United States,1751325397.0,1751325397,-117.682,47.6797,1943.1,False,143.46,59.39,-2.28,,2034.54,4652,False,0,2025-06-30 23:16:38
a35949,JBU1786 ,United States,1751325397.0,1751325397,-80.272,40.5551,1158.24,False,139.63,13.42,4.23,,1158.24,,False,0,2025-06-30 23:16:38
a4fca9,GTW420  ,United States,1751325398.0,1751325398,-76.1814,38.976,2567.94,False,101.26,343.77,12.68,,2689.86,,False,0,2025-06-30 23:16:38
a0d319,N152RE  ,United States,1751324300.0,1751325397,-96.7042,33.588,1005.84,False,47.03,289.82,-0.33,,1013.46,,False,0,2025-06-30 23:16:38
a0d374,AAL3105 ,United States,1751325397.0,1751325397,-92.0706,42.4788,9144.0,False,216.02,304.03,0.33,,9509.76,6246,False,0,2025-06-30 23:16:38
a3466f,PRE31   ,United States,1751325397.0,1751325397,-103.5321,41.8209,6111.24,False,112.98,244.37,0.0,,6461.76,,False,0,2025-06-30 23:16:38
a74a5a,SWA2501 ,United States,1751325398.0,1751325398,-118.5941,37.8226,10965.18,False,208.49,221.4,-0.33,,11544.3,,False,0,2025-06-30 23:16:38
a46665,N38291  ,United States,1751325392.0,1751325396,-97.6829,33.019,914.4,False,38.48,150.35,-1.95,,922.02,,False,0,2025-06-30 23:16:38
a9ed2e,N739HE  ,United States,1751325398.0,1751325398,-121.1305,37.3654,1882.14,False,58.64,97.56,-1.3,,1889.76,5346,False,0,2025-06-30 23:16:38
aa1a81,SKW6481 ,United States,1751325397.0,1751325397,-96.1571,36.6579,9761.22,False,216.28,231.28,0.0,,10363.2,3216,False,0,2025-06-30 23:16:38
a2cffc,SWA2021 ,United States,1751325397.0,1751325397,-111.7649,33.4192,1501.14,False,115.3,297.94,-5.53,,1524.0,4567,False,0,2025-06-30 23:16:38
c010a8,ACA112  ,Canada,1751325397.0,1751325397,-80.4551,43.4296,4861.56,False,180.37,63.58,-7.8,,5052.06,1645,False,0,2025-06-30 23:16:38
a9da0d,N734BN  ,United States,1751325324.0,1751325324,-122.2216,37.7312,,True,0.0,70.31,,,,,False,0,2025-06-30 23:16:38
a32015,N300HV  ,United States,1751325397.0,1751325397,-117.5804,33.2722,1676.4,False,64.23,130.45,-0.33,,1691.64,4770,False,0,2025-06-30 23:16:38
c010cb,ACA148  ,Canada,1751325397.0,1751325397,-89.712,48.332,10675.62,False,248.25,113.06,-0.33,,10896.6,,False,0,2025-06-30 23:16:38
a4795e,DSU24   ,United States,1751325396.0,1751325396,-90.7371,33.7627,624.84,False,69.48,88.3,0.65,,640.08,1200,False,0,2025-06-30 23:16:38
ac37bd,SWA2256 ,United States,1751325398.0,1751325398,-94.5531,36.3345,10668.0,False,248.99,117.84,0.0,,11300.46,3265,False,0,2025-06-30 23:16:38
a87d8b,N646WT  ,United States,1751325397.0,1751325397,-83.5181,29.1349,7924.8,False,156.6,163.59,-4.55,,8397.24,6655,False,0,2025-06-30 23:16:38
ab3a0c,UAL1068 ,United States,1751325391.0,1751325391,-87.931,41.9753,,True,0.0,270.0,,,,6231,False,0,2025-06-30 23:16:38
ab04bb,EJA809  ,United States,1751325397.0,1751325397,-80.2912,41.8812,13106.4,False,216.6,250.14,0.33,,13723.62,3320,False,0,2025-06-30 23:16:38
a9da08,N734BH  ,United States,1751325395.0,1751325396,-80.2282,25.9977,60.96,False,35.5,89.17,2.6,,91.44,,False,0,2025-06-30 23:16:38
aa94ef,LN781HC ,United States,1751325397.0,1751325397,-109.686,38.2729,6004.56,False,96.98,318.87,6.83,,6377.94,,False,0,2025-06-30 23:16:38
a7ad84,DAL924  ,United States,1751325397.0,1751325397,-104.3455,31.8748,10972.8,False,230.57,268.34,0.0,,11628.12,1207,False,0,2025-06-30 23:16:38
a9da02,N734BB  ,United States,1751325388.0,1751325388,-120.8572,44.0473,2392.68,False,49.48,273.58,-1.63,,2529.84,,False,0,2025-06-30 23:16:38
a52fb2,EJA433  ,United States,1751325397.0,1751325398,-103.8018,39.2012,12496.8,False,224.29,69.74,-0.33,,13106.4,2065,False,0,2025-06-30 23:16:38
a0704a,N12713  ,United States,1751325333.0,1751325333,-82.7573,27.974,-15.24,False,31.98,334.26,-1.95,,0.0,,False,0,2025-06-30 23:16:38
a2000d,EDV5246 ,United States,1751325397.0,1751325397,-78.3531,39.2331,9753.6,False,242.26,204.06,0.33,,10340.34,0414,False,0,2025-06-30 23:16:38
a33325,AAY71   ,United States,1751325397.0,1751325397,-110.2328,35.3999,10668.0,False,234.94,104.07,0.0,,11308.08,,False,0,2025-06-30 23:16:38
c04049,ACA508  ,Canada,1751325180.0,1751325244,-79.6161,43.6768,205.74,True,5.4,45.0,,,,6275,False,0,2025-06-30 23:16:38
a3e911,FFT4208 ,United States,1751325398.0,1751325398,-78.513,36.631,7726.68,False,215.88,16.19,10.08,,8191.5,3233,False,0,2025-06-30 23:16:38
ac52ee,ASH6065 ,United States,1751325397.0,1751325398,-95.0665,33.6987,9448.8,False,239.23,21.05,-0.33,,10058.4,7273,False,0,2025-06-30 23:16:38
a26623,N2538R  ,United States,1751325398.0,1751325398,-120.8293,38.3376,2308.86,False,54.17,175.64,-0.33,,2377.44,4575,False,0,2025-06-30 23:16:38
a19fbe,N20312  ,United States,1751325387.0,1751325387,-85.4998,38.4695,640.08,False,45.69,352.23,0.0,,624.84,,False,0,2025-06-30 23:16:38
ac52f2,ASH6288 ,United States,1751325397.0,1751325397,-95.9706,28.3855,8534.4,False,218.67,208.37,0.0,,9060.18,4114,False,0,2025-06-30 23:16:38
a7da2e,TWY76   ,United States,1751325397.0,1751325398,-107.9388,37.6529,12192.0,False,229.78,250.1,0.0,,12839.7,1422,False,0,2025-06-30 23:16:38
899082,EVA667  ,Taiwan,1751325398.0,1751325398,-88.9649,46.1046,9144.0,False,271.52,351.5,-0.33,,9380.22,7762,False,0,2025-06-30 23:16:38
ade8fa,AAL2636 ,United States,1751325397.0,1751325397,-88.9927,41.0563,5570.22,False,228.71,42.27,-9.75,,5814.06,0773,False,0,2025-06-30 23:16:38
ac52ff,SWA123  ,United States,1751325398.0,1751325398,-82.9812,28.1728,7056.12,False,214.37,157.87,-9.75,,7482.84,2733,False,0,2025-06-30 23:16:38
a2c90d,ENY3348 ,United States,1751325397.0,1751325397,-82.5879,28.2528,1333.5,False,123.9,114.01,-2.6,,1432.56,3422,False,0,2025-06-30 23:16:38
a06cd9,N12633  ,United States,1751323695.0,1751325365,-72.5422,40.8206,251.46,False,27.7,74.93,0.0,,243.84,,False,0,2025-06-30 23:16:38
a874e1,JBU740  ,United States,1751325323.0,1751325394,-71.6932,38.1309,10980.42,False,223.38,323.71,0.0,,11605.26,,False,0,2025-06-30 23:16:38
adc2a7,AAL851  ,United States,1751325397.0,1751325397,-97.0539,33.0471,914.4,False,97.23,180.3,-3.9,,937.26,0515,False,0,2025-06-30 23:16:38
a0261f,N10897  ,United States,1751325398.0,1751325398,-104.5427,38.2868,1508.76,False,46.44,94.45,-1.95,,1577.34,1200,False,0,2025-06-30 23:16:38
a1a924,RPA5882 ,United States,1751325398.0,1751325398,-76.2882,43.5638,10363.2,False,213.8,306.98,-0.33,,10904.22,1343,False,0,2025-06-30 23:16:38
a66a8c,TRF512  ,United States,1751325397.0,1751325397,-96.1289,32.7299,556.26,False,46.82,257.95,1.3,,556.26,1200,False,0,2025-06-30 23:16:38
a2790a,N259BD  ,United States,1751325398.0,1751325398,-122.5669,47.2424,312.42,False,45.11,225.92,-0.65,,304.8,,False,0,2025-06-30 23:16:38
a1460a,SKW3446 ,United States,1751325397.0,1751325397,-122.6944,45.6176,937.26,False,105.37,296.06,8.13,,960.12,,False,0,2025-06-30 23:16:38
a8c4d8,UAL134  ,United States,1751325398.0,1751325398,-71.8162,43.1797,10058.4,False,256.03,61.17,0.0,,10576.56,1716,False,0,2025-06-30 23:16:38
c0404e,WJA2710 ,Canada,1751325397.0,1751325398,-79.5349,28.9242,10972.8,False,240.82,197.27,0.0,,11521.44,6344,False,0,2025-06-30 23:16:38
c0404f,ROU1628 ,Canada,1751325353.0,1751325396,-78.9188,30.9386,10980.42,False,257.1,202.72,0.0,,11551.92,7260,False,0,2025-06-30 23:16:38
a38641,SKW4121 ,United States,1751325397.0,1751325397,-98.2397,28.2255,9753.6,False,229.96,180.0,0.33,,10386.06,0465,False,0,2025-06-30 23:16:38
a1a986,ENY3981 ,United States,1751325195.0,1751325196,-97.0547,32.9155,198.12,False,66.88,180.44,-2.93,,175.26,2741,False,0,2025-06-30 23:16:38
a9f7b0,EJA741  ,United States,1751325398.0,1751325398,-79.3425,38.7451,13106.4,False,226.3,11.54,0.33,,13792.2,1435,False,0,2025-06-30 23:16:38
a32ff6,AAL584  ,United States,1751325397.0,1751325397,-106.6817,31.8574,9448.8,False,248.1,96.67,0.33,,10005.06,0701,False,0,2025-06-30 23:16:38
0d0877,XCOPF   ,Mexico,1751325398.0,1751325398,-106.6148,30.289,9563.1,False,204.83,187.21,6.83,,10134.6,,False,0,2025-06-30 23:16:38
406ec7,BAW293  ,United Kingdom,1751325397.0,1751325398,-71.8073,41.6886,12192.0,False,240.78,216.14,0.0,,12801.6,0726,False,0,2025-06-30 23:16:38
a1efe7,ASA756  ,United States,1751325397.0,1751325397,-122.5852,45.3136,1798.32,False,134.75,32.05,-5.85,,1866.9,,False,0,2025-06-30 23:16:38
a874a4,FFT1066 ,United States,1751325398.0,1751325398,-93.0967,42.3995,10363.2,False,283.23,71.8,0.0,,10789.92,3246,False,0,2025-06-30 23:16:38
c0797b,ACA1075 ,Canada,1751325397.0,1751325397,-98.7291,42.2243,11582.4,False,216.74,244.1,0.0,,12077.7,6240,False,0,2025-06-30 23:16:38
aa6e81,UAL1805 ,United States,1751325397.0,1751325398,-109.8412,39.4915,10972.8,False,247.58,261.52,0.0,,11559.54,3247,False,0,2025-06-30 23:16:38
a18cbb,UAL1855 ,United States,1751325397.0,1751325397,-105.0912,41.3199,11879.58,False,260.45,63.99,0.0,,12489.18,6024,False,0,2025-06-30 23:16:38
a78a52,AAL1948 ,United States,1751325398.0,1751325398,-95.5022,32.6157,10340.34,False,247.47,73.83,4.23,,10972.8,1561,False,0,2025-06-30 23:16:38
a0bcb2,AAL619  ,United States,1751325397.0,1751325398,-85.6255,40.3006,7459.98,False,233.37,348.17,-4.55,,7848.6,4133,False,0,2025-06-30 23:16:38
a32fd5,SKW3594 ,United States,1751325397.0,1751325398,-120.8022,46.8115,6225.54,False,177.94,331.51,-7.8,,6530.34,,False,0,2025-06-30 23:16:38
040124,ETH516  ,Ethiopia,1751325398.0,1751325398,-74.1123,39.2014,11871.96,False,244.73,227.73,-5.85,,12534.9,7251,False,0,2025-06-30 23:16:38
a2c92b,AAY397  ,United States,1751325398.0,1751325398,-81.1987,33.4542,11574.78,False,240.77,179.39,0.33,,12245.34,6650,False,0,2025-06-30 23:16:38
a5ad90,LBQ782  ,United States,1751325398.0,1751325398,-84.1126,34.798,4556.76,False,124.3,39.29,0.0,,4823.46,4047,False,0,2025-06-30 23:16:38
a7ed2e,N61JA   ,United States,1751325398.0,1751325398,-104.9948,38.3674,2682.24,False,53.68,108.43,-1.63,,2827.02,,False,0,2025-06-30 23:16:38
c0799e,TSC695  ,Canada,1751325397.0,1751325397,-76.7217,45.2145,11841.48,False,223.66,240.66,-4.88,,12405.36,0750,False,0,2025-06-30 23:16:38
899036,EVA018  ,Taiwan,1751325397.0,1751325397,-124.4461,37.7141,9220.2,False,225.35,109.47,-9.1,,9593.58,,False,0,2025-06-30 23:16:38
a5031a,AAL1657 ,United States,1751325398.0,1751325398,-99.6879,32.2554,10660.38,False,237.96,85.29,0.33,,11323.32,6752,False,0,2025-06-30 23:16:38
acfe09,EDV5166 ,United States,1751325392.0,1751325392,-73.8684,40.7757,,True,8.23,123.75,,,,6644,False,0,2025-06-30 23:16:38
a68fe3,N5216V  ,United States,1751325397.0,1751325397,-84.4788,37.9527,762.0,False,50.22,276.47,0.0,,739.14,,False,0,2025-06-30 23:16:38
aaab05,N787FA  ,United States,1751325397.0,1751325398,-119.2742,34.2538,1082.04,False,50.61,287.15,0.0,,1074.42,,False,0,2025-06-30 23:16:38
aa141e,ENY3796 ,United States,1751325398.0,1751325398,-88.2586,43.419,4518.66,False,168.12,347.45,-5.2,,4655.82,1343,False,0,2025-06-30 23:16:38
a7b927,CXK657  ,United States,1751325331.0,1751325331,-104.524,39.754,1661.16,False,49.45,2.98,-0.65,,1767.84,,False,0,2025-06-30 23:16:38
a3999e,ATN6750 ,United States,1751325121.0,1751325127,-97.3251,33.0227,335.28,False,60.14,169.65,-2.28,,304.8,6520,False,0,2025-06-30 23:16:38
406f73,BAW243  ,United Kingdom,1751325397.0,1751325398,-83.0365,27.5035,11582.4,False,259.4,241.71,-0.33,,12237.72,4636,False,0,2025-06-30 23:16:38
aaab20,N787GC  ,United States,1751325257.0,1751325259,-111.9158,33.304,441.96,False,46.81,180.0,-4.55,,342.9,6316,False,0,2025-06-30 23:16:38
a6dfaa,DAL332  ,United States,1751325398.0,1751325398,-121.6494,47.8971,5433.06,False,165.28,254.1,-8.78,,5684.52,7030,False,0,2025-06-30 23:16:38
aba8d0,RAX698  ,United States,1751325093.0,1751325099,-112.5194,44.0308,11277.6,False,248.35,86.79,-0.33,,11871.96,,False,0,2025-06-30 23:16:38
406f72,BAW81V  ,United Kingdom,1751325398.0,1751325398,-76.5095,44.6419,11269.98,False,264.25,56.43,-0.33,,11818.62,3467,False,0,2025-06-30 23:16:38
a37347,AAY878  ,United States,1751325397.0,1751325397,-81.4209,31.7525,11894.82,False,218.83,25.48,-0.33,,12550.14,3626,False,0,2025-06-30 23:16:38
a64996,JBU2078 ,United States,1751325397.0,1751325397,-79.9696,27.2226,6096.0,False,190.96,305.02,0.0,,6431.28,4173,False,0,2025-06-30 23:16:38
c06644,CGMSX   ,Canada,1751325397.0,1751325397,-108.141,38.5581,9144.0,False,127.79,193.03,-0.33,,9677.4,,False,0,2025-06-30 23:16:38
c06645,TLK822  ,Canada,1751325398.0,1751325398,-73.7521,45.4508,411.48,False,91.67,225.0,4.88,,365.76,,False,0,2025-06-30 23:16:38
c07973,ACA511  ,Canada,1751325397.0,1751325397,-79.8395,43.6449,1691.64,False,136.18,308.56,12.35,,1684.02,1303,False,0,2025-06-30 23:16:38
c07971,ACA773  ,Canada,1751325397.0,1751325397,-79.492,43.7477,830.58,False,80.08,227.08,-4.55,,792.48,1303,False,0,2025-06-30 23:16:38
a24014,ENY3897 ,United States,1751325398.0,1751325398,-98.9603,35.28,7566.66,False,213.61,257.91,6.5,,7993.38,,False,0,2025-06-30 23:16:38
c0796d,CGTZO   ,Canada,1751325397.0,1751325397,-79.0676,43.1159,563.88,False,50.29,120.76,5.2,,510.54,,False,0,2025-06-30 23:16:38
a1dcf2,SWA2062 ,United States,1751325395.0,1751325395,-114.2797,33.6612,10363.2,False,229.01,276.84,0.0,,10942.32,3613,False,0,2025-06-30 23:16:38
0d0857,ACW1411 ,Mexico,1751325397.0,1751325397,-100.2436,25.112,7620.0,False,186.4,175.09,6.83,,8092.44,,False,0,2025-06-30 23:16:38
a7a616,DAL2225 ,United States,1751325396.0,1751325397,-81.433,31.0409,10058.4,False,223.28,359.47,0.0,,10637.52,3264,False,0,2025-06-30 23:16:38
a1a98d,AAY2122 ,United States,1751325398.0,1751325398,-79.5068,26.4345,4838.7,False,199.1,53.72,9.75,,5113.02,,False,0,2025-06-30 23:16:38
a64931,N504EA  ,United States,1751325395.0,1751325397,-122.6744,46.8658,1546.86,False,57.98,138.96,2.6,,1569.72,,False,0,2025-06-30 23:16:38
a06e0b,DAL1397 ,United States,1751325398.0,1751325398,-93.3611,33.3515,10668.0,False,245.84,73.84,0.0,,11308.08,5206,False,0,2025-06-30 23:16:38
a4f601,EPI544  ,United States,1751325398.0,1751325398,-80.8671,28.8854,1043.94,False,43.81,195.67,-6.18,,1104.9,1200,False,0,2025-06-30 23:16:38
a37389,AAL2457 ,United States,1751325398.0,1751325398,-104.3692,31.2717,11582.4,False,237.17,293.12,0.33,,12260.58,6051,True,0,2025-06-30 23:16:38
a861ef,N6393C  ,United States,1751325133.0,1751325133,-119.0384,35.4158,289.56,False,37.84,316.1,-2.93,,205.74,4775,False,0,2025-06-30 23:16:38
a68fb0,N5215D  ,United States,1751325397.0,1751325397,-80.3071,25.6531,304.8,False,46.48,84.92,-1.3,,342.9,,False,0,2025-06-30 23:16:38
ab7b63,SKW3934 ,United States,1751325397.0,1751325397,-89.8061,38.8332,5105.4,False,198.42,99.85,10.4,,5341.62,1126,False,0,2025-06-30 23:16:38
a24082,SKW3600 ,United States,1751325398.0,1751325398,-98.0439,35.5159,3566.16,False,163.86,280.67,9.43,,3771.9,,False,0,2025-06-30 23:16:38
ab32db,N820WM  ,United States,1751325398.0,1751325398,-82.5318,34.6044,1036.32,False,53.35,39.52,0.0,,1066.8,,False,0,2025-06-30 23:16:38
a7da9c,JBU932  ,United States,1751325397.0,1751325397,-88.7913,35.4363,10668.0,False,241.83,67.09,-0.33,,11338.56,2532,False,0,2025-06-30 23:16:38
ae08fd,WING84  ,United States,1751325397.0,1751325398,-82.2145,38.3412,8252.46,False,133.93,141.24,0.0,,8709.66,6253,False,0,2025-06-30 23:16:38
a6dfa1,N542CW  ,United States,1751325285.0,1751325285,-121.0918,47.2485,2293.62,False,57.8,110.85,0.0,,2369.82,3032,False,0,2025-06-30 23:16:38
a2b698,AAY2406 ,United States,1751325398.0,1751325398,-118.5766,33.8616,2682.24,False,134.29,89.12,11.05,,2773.68,,False,0,2025-06-30 23:16:38
aca2ae,JSX410  ,United States,1751325398.0,1751325398,-115.1409,36.1303,914.4,False,81.34,198.43,-3.58,,861.06,2142,False,0,2025-06-30 23:16:38
aa2701,AAL682  ,United States,1751325397.0,1751325398,-84.8934,40.0101,7917.18,False,250.84,64.75,7.8,,8290.56,3430,False,0,2025-06-30 23:16:38
a3c30b,N341WT  ,United States,1751325396.0,1751325396,-90.2922,36.1431,335.28,False,47.22,246.23,0.0,,327.66,,False,0,2025-06-30 23:16:38
a7da8f,N605HP  ,United States,1751325397.0,1751325397,-90.7287,29.6667,4838.7,False,192.47,268.47,0.0,,5105.4,5424,False,0,2025-06-30 23:16:38
a5bfc3,N47LH   ,United States,1751325398.0,1751325398,-80.1426,26.5328,1950.72,False,57.22,356.39,2.93,,2080.26,,False,0,2025-06-30 23:16:38
a4e307,AAL3044 ,United States,1751325397.0,1751325398,-83.2007,26.1368,8214.36,False,220.86,133.77,-3.9,,8702.04,3347,False,0,2025-06-30 23:16:38
a9e64c,N737NV  ,United States,1751325397.0,1751325397,-80.5875,27.9391,449.58,False,52.05,266.6,-0.33,,472.44,,False,0,2025-06-30 23:16:38
a9966f,TWY771  ,United States,1751325397.0,1751325397,-81.4312,40.3302,5638.8,False,225.84,70.57,-11.05,,5890.26,2722,False,0,2025-06-30 23:16:38
add665,N991AL  ,United States,1751325398.0,1751325398,-118.5213,34.0402,922.02,False,47.34,109.03,-1.95,,906.78,,False,0,2025-06-30 23:16:38
add667,AAL2139 ,United States,1751325103.0,1751325103,-81.2827,28.4494,22.86,False,77.69,179.24,-3.58,,53.34,3677,False,0,2025-06-30 23:16:38
a8a017,JBU394  ,United States,1751325398.0,1751325398,-70.9617,42.6696,1219.2,False,115.59,67.77,0.0,,1257.3,1412,False,0,2025-06-30 23:16:38
c051cc,TSC187  ,Canada,1751325397.0,1751325397,-79.3529,43.7276,1455.42,False,130.65,46.76,-3.9,,1447.8,4112,False,0,2025-06-30 23:16:38
ad734a,JBU161  ,United States,1751325388.0,1751325393,-73.7812,40.6322,,True,0.0,298.12,,,,,False,0,2025-06-30 23:16:38
c051e4,ACA844  ,Canada,1751325398.0,1751325398,-72.3305,46.4211,7536.18,False,253.92,59.43,3.9,,7848.6,,False,0,2025-06-30 23:16:38
a038ff,SKW5871 ,United States,1751325398.0,1751325398,-85.8472,39.6503,7924.8,False,204.74,4.03,0.0,,8336.28,4035,False,0,2025-06-30 23:16:38
c051e6,,Canada,1751325393.0,1751325393,-73.7571,45.4573,,True,2.06,250.31,,,,,False,0,2025-06-30 23:16:38
ac5378,ASH6254 ,United States,1751325397.0,1751325397,-83.8889,30.8537,7315.2,False,209.9,134.7,-0.65,,7749.54,1316,False,0,2025-06-30 23:16:38
c051d0,TSC487  ,Canada,1751325381.0,1751325390,-78.2677,26.8758,10066.02,False,236.0,34.07,0.0,,10584.18,,False,0,2025-06-30 23:16:38
c051d1,TSC399  ,Canada,1751325393.0,1751325393,-73.7416,45.4614,,True,5.14,267.19,,,,1174,False,0,2025-06-30 23:16:38
a9e663,N737PT  ,United States,1751325199.0,1751325200,-118.1439,33.8227,53.34,False,30.87,270.95,-2.6,,-15.24,,False,0,2025-06-30 23:16:38
ac536c,SWA1688 ,United States,1751325397.0,1751325397,-103.0571,38.9821,9014.46,False,230.29,301.67,-5.53,,9525.0,2137,False,0,2025-06-30 23:16:38
a4805b,N3899Q  ,United States,1751325397.0,1751325397,-80.6098,35.5128,762.0,False,46.75,294.03,-0.98,,792.48,,False,0,2025-06-30 23:16:38
a8d983,N67BL   ,United States,1751325397.0,1751325398,-112.1932,33.304,1615.44,False,48.04,279.87,3.58,,1623.06,4176,False,0,2025-06-30 23:16:38
a1a8b2,N206EA  ,United States,1751325396.0,1751325398,-73.8574,41.5793,1836.42,False,86.65,97.5,0.0,,1836.42,3634,False,0,2025-06-30 23:16:38
add66d,AAL2284 ,United States,1751325397.0,1751325397,-110.6896,32.3201,10058.4,False,250.41,124.11,-0.33,,10645.14,2074,False,0,2025-06-30 23:16:38
add66c,DAL1186 ,United States,1751325392.0,1751325392,-84.4383,33.6445,,True,9.26,81.56,,,,2156,False,0,2025-06-30 23:16:38
a158c9,AAL2790 ,United States,1751325305.0,1751325317,-78.5192,30.6413,9456.42,False,234.87,336.92,0.0,,9936.48,4172,False,0,2025-06-30 23:16:38
c1e7e0,SAF209  ,Canada,1751325283.0,1751325283,-79.6294,43.6789,,True,12.35,137.81,,,,,False,0,2025-06-30 23:16:38
ac537f,ASH6020 ,United States,1751325398.0,1751325398,-84.9734,33.1716,9753.6,False,240.69,246.17,0.33,,10332.72,7065,False,0,2025-06-30 23:16:38
a05b17,N12192  ,United States,1751325398.0,1751325398,-121.6369,37.9372,944.88,False,49.94,92.36,0.0,,952.5,1200,False,0,2025-06-30 23:16:38
c051da,TSC822  ,Canada,1751325397.0,1751325398,-81.2802,28.5974,906.78,False,99.31,214.02,-3.9,,982.98,5666,False,0,2025-06-30 23:16:38
ad6040,DAL2892 ,United States,1751325397.0,1751325397,-83.9683,38.9637,8321.04,False,233.52,220.53,6.5,,8785.86,7206,False,0,2025-06-30 23:16:38
a9e642,NKS2318 ,United States,1751325398.0,1751325398,-85.2638,40.9987,9433.56,False,221.11,263.45,1.3,,9928.86,5765,False,0,2025-06-30 23:16:38
0d06d3,SLI2709 ,Mexico,1751325397.0,1751325397,-98.7049,28.2546,11582.4,False,219.81,223.29,-0.33,,12313.92,2250,False,0,2025-06-30 23:16:38
a385c8,DAL2815 ,United States,1751325313.0,1751325328,-81.9632,25.2622,4648.2,False,194.99,141.1,-11.05,,4899.66,2531,False,0,2025-06-30 23:16:38
394a00,AFR021  ,France,1751325397.0,1751325397,-100.6032,41.8256,10058.4,False,256.22,68.69,0.0,,10538.46,2447,False,0,2025-06-30 23:16:38
c064d8,ACA1051 ,Canada,1751325398.0,1751325398,-89.9241,40.0589,11582.4,False,208.81,224.6,0.0,,12169.14,6545,False,0,2025-06-30 23:16:38
a80cc9,N618DH  ,United States,1751325367.0,1751325381,-118.6589,34.4249,1379.22,False,53.51,33.23,0.65,,1386.84,0263,False,0,2025-06-30 23:16:38
a99645,N717CE  ,United States,1751325397.0,1751325398,-97.3285,32.5708,457.2,False,50.63,354.75,-0.33,,480.06,,False,0,2025-06-30 23:16:38
a50370,DAL951  ,United States,1751325398.0,1751325398,-77.4352,42.4505,12489.18,False,257.66,85.07,0.33,,13114.02,7304,False,0,2025-06-30 23:16:38
a05b78,DAL460  ,United States,1751325397.0,1751325397,-82.9752,37.045,10485.12,False,244.12,62.79,4.55,,11125.2,1333,False,0,2025-06-30 23:16:38
a252a7,ENY4288 ,United States,1751325398.0,1751325398,-85.4788,35.2755,4869.18,False,199.47,243.5,-6.18,,5143.5,7103,False,0,2025-06-30 23:16:38
aa6ceb,N771BV  ,United States,1751325398.0,1751325398,-101.4821,43.0917,12496.8,False,249.16,105.82,0.33,,13022.58,,False,0,2025-06-30 23:16:38
a7ecb1,N61DA   ,United States,1751325397.0,1751325397,-71.889,42.447,922.02,False,47.87,351.35,0.0,,937.26,,False,0,2025-06-30 23:16:38
a1cb0f,UAL2863 ,United States,1751325397.0,1751325397,-78.4877,44.5926,10668.0,False,263.53,123.53,0.0,,11193.78,3331,False,0,2025-06-30 23:16:38
a1cb20,N2143A  ,United States,1751325397.0,1751325397,-118.679,34.1497,2011.68,False,67.52,277.88,0.0,,2049.78,5153,False,0,2025-06-30 23:16:38
a252ae,AAY267  ,United States,1751325398.0,1751325398,-96.5898,38.1554,11277.6,False,253.83,106.12,0.0,,11902.44,,False,0,2025-06-30 23:16:38
394a18,AFR51P  ,France,1751325396.0,1751325396,-77.4552,38.9364,,True,5.92,129.38,,,,,False,0,2025-06-30 23:16:38
a2fe28,AAY1390 ,United States,1751325398.0,1751325398,-78.8977,39.7674,10972.8,False,235.83,193.37,0.65,,11605.26,2315,False,0,2025-06-30 23:16:38
ac78b0,EDV5560 ,United States,1751325397.0,1751325397,-94.2565,39.8368,10652.76,False,227.92,161.85,5.85,,11224.26,6435,False,0,2025-06-30 23:16:38
a05b3c,OST14   ,United States,1751325396.0,1751325396,-96.7664,35.6787,1051.56,False,45.3,1.95,0.33,,1074.42,,False,0,2025-06-30 23:16:38
a17b40,,United States,1751325398.0,1751325398,-75.4503,40.6435,,True,0.0,140.62,,,,,False,0,2025-06-30 23:16:38
aca38e,FWK913  ,United States,1751325397.0,1751325397,-83.3999,33.3397,4648.2,False,197.4,279.9,-10.4,,4869.18,3273,False,0,2025-06-30 23:16:38
a1cb05,JBU348  ,United States,1751325398.0,1751325398,-93.5898,43.1866,10675.62,False,268.55,81.3,0.0,,11079.48,1354,False,0,2025-06-30 23:16:38
ac793f,AAL1883 ,United States,1751325398.0,1751325398,-103.8905,39.2943,11887.2,False,235.81,133.41,0.0,,12489.18,6043,False,0,2025-06-30 23:16:38
a5ae2f,SWA1789 ,United States,1751325142.0,1751325143,-90.331,38.7344,243.84,False,70.67,301.61,-3.9,,220.98,6665,False,0,2025-06-30 23:16:38
a42b45,DAL2392 ,United States,1751325398.0,1751325398,-84.3027,34.7814,10355.58,False,238.44,311.15,-0.33,,10995.66,5777,False,0,2025-06-30 23:16:38
a43e5e,UAL2395 ,United States,1751325395.0,1751325395,-73.8696,40.7755,,True,0.0,61.88,,,,,False,0,2025-06-30 23:16:38
a635d4,N5G     ,United States,1751325397.0,1751325397,-73.7996,40.6423,,True,1.03,135.0,,,,,False,0,2025-06-30 23:16:38
c077b1,CGTIM   ,Canada,1751325398.0,1751325398,-80.6628,46.8282,1188.72,False,90.17,183.27,-3.58,,1135.38,,False,0,2025-06-30 23:16:38
a372d4,N321JE  ,United States,1751325389.0,1751325389,-84.0036,42.0851,1249.68,False,70.4,64.0,0.33,,1226.82,,False,0,2025-06-30 23:16:38
a4e2b1,,United States,1751325308.0,1751325309,-73.3363,42.2603,1546.86,False,53.65,24.35,1.63,,1607.82,,False,0,2025-06-30 23:16:38
a385da,AAY1157 ,United States,1751325398.0,1751325398,-83.996,38.2284,4274.82,False,177.07,328.67,0.0,,4480.56,2641,False,0,2025-06-30 23:16:38
394a0d,AFR346J ,France,1751325398.0,1751325398,-72.2647,46.1293,6316.98,False,210.62,228.37,-11.05,,6598.92,0704,False,0,2025-06-30 23:16:38
780233,CPA2084 ,China,1751325397.0,1751325397,-120.6243,37.199,10668.0,False,240.94,161.06,0.0,,11170.92,4116,False,0,2025-06-30 23:16:38
394a0b,AFR034  ,France,1751325397.0,1751325397,-75.7634,41.6456,10972.8,False,234.57,214.0,0.0,,11597.64,4044,False,0,2025-06-30 23:16:38
394a0a,AFR024  ,France,1751325243.0,1751325243,-118.3728,33.9384,106.68,False,69.43,263.19,-4.88,,83.82,3321,False,0,2025-06-30 23:16:38
ac0fdc,SWA3695 ,United States,1751325398.0,1751325398,-81.3454,29.6994,10050.78,False,208.09,357.17,9.1,,10607.04,3220,False,0,2025-06-30 23:16:38
ab9fef,N8480F  ,United States,1751325379.0,1751325383,-82.1799,27.9907,236.22,False,42.6,127.15,2.6,,259.08,,False,0,2025-06-30 23:16:38
ac5310,ASH6082 ,United States,1751325398.0,1751325398,-101.1171,30.7393,8229.6,False,230.73,82.83,0.33,,8747.76,,False,0,2025-06-30 23:16:38
a05b7e,DAL1299 ,United States,1751325397.0,1751325398,-96.1495,30.62,6728.46,False,205.05,117.98,-9.43,,7147.56,6230,False,0,2025-06-30 23:16:38
ae093d,FORGE31 ,United States,1751325398.0,1751325398,-83.4176,36.016,12496.8,False,200.16,63.11,0.0,,13213.08,1555,False,0,2025-06-30 23:16:38
ae4fae,FFAB123 ,United States,1751325152.0,1751325153,-117.2225,32.7084,76.2,False,47.04,41.01,0.33,,30.48,,False,0,2025-06-30 23:16:38
ac7968,AAL2229 ,United States,1751325398.0,1751325398,-94.5131,37.8756,10805.16,False,256.02,10.07,-4.88,,11422.38,3667,False,0,2025-06-30 23:16:38
a42b21,MVK83   ,United States,1751325398.0,1751325398,-93.4645,43.7862,1219.2,False,44.8,325.76,0.0,,1211.58,,False,0,2025-06-30 23:16:38
abefba,SWA1807 ,United States,1751325396.0,1751325397,-90.5716,35.9121,10972.8,False,222.45,227.34,0.0,,11628.12,7203,False,0,2025-06-30 23:16:38
ab5993,AAL660  ,United States,1751325398.0,1751325398,-82.4768,36.6886,10668.0,False,236.77,323.93,-0.33,,11308.08,7245,False,0,2025-06-30 23:16:38
a4f5f0,DAL222  ,United States,1751325396.0,1751325397,-68.8702,39.8222,10668.0,False,261.38,47.23,0.0,,11247.12,,False,0,2025-06-30 23:16:38
a8a083,NKS2437 ,United States,1751325397.0,1751325397,-81.7272,34.535,11582.4,False,237.04,152.04,0.0,,12268.2,5346,False,0,2025-06-30 23:16:38
a7ee0f,N61TA   ,United States,1751325398.0,1751325398,-81.6986,27.9078,1638.3,False,62.38,58.14,0.0,,1722.12,,False,0,2025-06-30 23:16:38
a2fe3c,EDV5408 ,United States,1751325397.0,1751325398,-88.5956,41.4632,10972.8,False,195.55,248.23,0.0,,11506.2,7413,False,0,2025-06-30 23:16:38
ad2fd0,AAL3111 ,United States,1751325397.0,1751325397,-117.5463,33.5535,4069.08,False,211.08,60.19,8.13,,4267.2,,False,0,2025-06-30 23:16:38
a30b9a,N29584  ,United States,1751325232.0,1751325319,-97.7664,33.3587,822.96,False,53.01,181.67,-2.28,,1013.46,,False,0,2025-06-30 23:16:38
a9704d,DAL318  ,United States,1751325397.0,1751325397,-93.5231,42.5782,10972.8,False,205.63,258.02,0.0,,11391.9,2417,False,0,2025-06-30 23:16:38
a528d6,SWA2635 ,United States,1751325398.0,1751325398,-115.8273,35.2541,6713.22,False,179.74,223.84,0.0,,7094.22,,False,0,2025-06-30 23:16:38
ae4fd5,ST702   ,United States,1751325397.0,1751325398,-117.3878,33.0422,53.34,False,35.23,298.81,0.0,,7.62,,False,0,2025-06-30 23:16:38
abefdd,SWA2092 ,United States,1751325397.0,1751325397,-117.2666,32.7709,899.16,False,113.72,304.12,12.35,,876.3,,False,0,2025-06-30 23:16:38
a4f5a0,ASA419  ,United States,1751325397.0,1751325397,-96.5736,37.196,10363.2,False,230.03,304.61,0.0,,10949.94,1570,False,0,2025-06-30 23:16:38
a06db4,AAL1550 ,United States,1751325398.0,1751325398,-81.1436,33.8488,7856.22,False,220.27,181.61,8.45,,8321.04,,False,0,2025-06-30 23:16:38
a515ad,AAL375  ,United States,1751325397.0,1751325397,-92.8604,46.403,9768.84,False,224.66,312.49,0.0,,10027.92,6521,False,0,2025-06-30 23:16:38
acc961,DAL522  ,United States,1751325397.0,1751325397,-89.0648,43.1873,2278.38,False,160.16,97.01,11.38,,2324.1,,False,0,2025-06-30 23:16:38
abdcbe,SWA970  ,United States,1751325397.0,1751325397,-120.4649,36.1654,11277.6,False,234.09,129.92,0.33,,11849.1,3665,False,0,2025-06-30 23:16:38
acb636,AAL2550 ,United States,1751325397.0,1751325397,-89.7526,35.055,10058.4,False,251.23,78.18,-0.33,,10675.62,6211,False,0,2025-06-30 23:16:38
ab4692,N82554  ,United States,1751325307.0,1751325329,-97.6775,30.692,,True,34.09,185.19,-2.93,,,2144,False,0,2025-06-30 23:16:38
abdcda,ASH6356 ,United States,1751325397.0,1751325397,-82.1933,36.4382,9753.6,False,236.31,237.17,0.33,,10370.82,3356,False,0,2025-06-30 23:16:38
a372f9,N321KS  ,United States,1751325394.0,1751325394,-80.964,28.1106,1203.96,False,51.47,268.28,0.33,,1257.3,4754,False,0,2025-06-30 23:16:38
c1e898,BUS841  ,Canada,1751325225.0,1751325225,-79.6344,43.6799,,True,6.17,244.69,,,,,False,0,2025-06-30 23:16:38
ac6679,N89877  ,United States,1751325398.0,1751325398,-123.1356,45.2128,335.28,False,41.24,266.42,3.9,,274.32,,False,0,2025-06-30 23:16:38
a2a2df,UAL982  ,United States,1751325398.0,1751325398,-71.2964,41.0455,11879.58,False,259.39,50.31,-0.33,,12512.04,3633,False,0,2025-06-30 23:16:38
a9969b,FFT2770 ,United States,1751325398.0,1751325398,-74.0561,39.9792,7879.08,False,227.79,23.84,-9.43,,8328.66,1750,False,0,2025-06-30 23:16:38
a85095,N635CV  ,United States,1751325398.0,1751325398,-87.0217,36.6926,2705.1,False,153.23,153.69,-7.15,,2804.16,2131,False,0,2025-06-30 23:16:38
a3c2a9,AAL366  ,United States,1751325397.0,1751325397,-83.1795,41.9978,11277.6,False,256.17,84.93,0.0,,11864.34,1423,False,0,2025-06-30 23:16:38
ad1cde,JBU315  ,United States,1751325398.0,1751325398,-83.3667,44.3267,10363.2,False,211.87,275.43,0.0,,10828.02,1104,False,0,2025-06-30 23:16:38
a98386,ASA337  ,United States,1751325397.0,1751325397,-87.9729,42.2963,3810.0,False,153.25,4.43,13.98,,3924.3,3234,False,0,2025-06-30 23:16:38
a982d6,CXK436  ,United States,1751325398.0,1751325398,-73.1286,40.7738,342.9,False,40.04,159.7,0.98,,327.66,,False,0,2025-06-30 23:16:38
a05ab3,UCA4823 ,United States,1751325330.0,1751325335,-77.443,38.9481,,True,0.39,345.94,,,,,False,0,2025-06-30 23:16:38
a7db62,N605S   ,United States,1751325397.0,1751325397,-101.6435,35.7576,12192.0,False,218.85,257.92,0.0,,12854.94,,False,0,2025-06-30 23:16:38
a982cc,N7115A  ,United States,1751325397.0,1751325398,-82.3527,28.4604,883.92,False,56.54,15.3,0.65,,937.26,,False,0,2025-06-30 23:16:38
a05aac,UCA4816 ,United States,1751325397.0,1751325397,-99.0704,33.5083,11277.6,False,220.35,130.64,0.33,,11948.16,,False,0,2025-06-30 23:16:38
add6ed,IRO7408 ,United States,1751325398.0,1751325398,-70.3523,43.8883,1097.28,False,76.95,209.65,-2.6,,1112.52,,False,0,2025-06-30 23:16:38
abcc8f,N86AS   ,United States,1751325109.0,1751325109,-79.4814,36.7354,1516.38,False,92.31,24.71,0.0,,1569.72,,False,0,2025-06-30 23:16:38
a742ec,SWA3115 ,United States,1751325372.0,1751325397,-93.0782,32.8485,11277.6,False,247.57,34.42,0.0,,11932.92,7206,False,0,2025-06-30 23:16:38
ad60bb,JSX901  ,United States,1751325397.0,1751325397,-99.8571,34.5047,10058.4,False,229.75,129.82,-0.33,,10637.52,,False,0,2025-06-30 23:16:38
a7ee6b,N61WT   ,United States,1751325393.0,1751325394,-74.2715,39.9286,266.7,False,57.92,71.89,-0.98,,236.22,,False,0,2025-06-30 23:16:38
a26723,N254JA  ,United States,1751325277.0,1751325277,-86.1741,39.5436,1089.66,False,45.7,238.82,0.33,,1082.04,,False,0,2025-06-30 23:16:38
a18da2,N2DF    ,United States,1751325397.0,1751325397,-80.6615,27.656,9822.18,False,218.88,340.07,12.68,,10370.82,6250,False,0,2025-06-30 23:16:38
04004a,ETH512  ,Ethiopia,1751325391.0,1751325396,-73.7951,40.6411,,True,0.0,354.38,,,,,False,0,2025-06-30 23:16:38
a6bb97,JIA5501 ,United States,1751325397.0,1751325397,-75.3316,39.69,7856.22,False,229.11,40.63,5.53,,8298.18,7037,False,0,2025-06-30 23:16:38
a742c2,AAL1663 ,United States,1751325397.0,1751325397,-107.1286,32.1288,8229.6,False,244.32,103.39,0.0,,8724.9,4174,False,0,2025-06-30 23:16:38
a8fb11,N678SS  ,United States,1751325397.0,1751325397,-113.2695,33.2417,4648.2,False,139.48,38.56,0.0,,4899.66,6772,False,0,2025-06-30 23:16:38
a36105,EDV4889 ,United States,1751325393.0,1751325393,-94.2983,36.2632,434.34,False,69.66,339.69,-3.9,,441.96,4061,False,0,2025-06-30 23:16:38
a91b2b,TAI583  ,United States,1751325397.0,1751325397,-83.0089,28.4289,10363.2,False,242.95,220.71,-0.33,,10957.56,6574,False,0,2025-06-30 23:16:38
aabeb5,N7914W  ,United States,1751325396.0,1751325396,-95.5243,39.0206,1402.08,False,50.28,352.95,-0.65,,1463.04,,False,0,2025-06-30 23:16:38
a79e8c,MTU90   ,United States,1751325397.0,1751325397,-86.6995,35.8231,914.4,False,63.17,77.77,0.33,,937.26,,False,0,2025-06-30 23:16:38
a6ce7d,DAL506  ,United States,1751325395.0,1751325395,-82.7663,25.6284,9144.0,False,225.46,302.89,0.33,,9685.02,,False,0,2025-06-30 23:16:38
a29aa5,,United States,1751325397.0,1751325397,-111.9998,40.8115,1417.32,False,89.27,352.38,8.78,,1447.8,,False,0,2025-06-30 23:16:38
a1ddbb,JBU1211 ,United States,1751325397.0,1751325397,-99.469,42.3295,10972.8,False,222.09,256.06,0.0,,11460.48,2746,False,0,2025-06-30 23:16:38
a17ac9,N195AL  ,United States,1751325397.0,1751325398,-97.5259,35.5249,1257.3,False,112.8,218.33,-5.2,,1287.78,1612,False,0,2025-06-30 23:16:38
a1210a,N172EL  ,United States,1751325397.0,1751325397,-121.4669,37.6889,1043.94,False,44.4,296.86,-0.98,,1036.32,1200,False,0,2025-06-30 23:16:38
c0678c,N       ,Canada,1751325397.0,1751325397,-123.329,48.8158,594.36,False,79.39,202.08,0.0,,617.22,,False,0,2025-06-30 23:16:38
aa6f80,SWA660  ,United States,1751325398.0,1751325398,-86.5376,36.1674,1196.34,False,114.67,14.29,-6.18,,1257.3,1073,False,0,2025-06-30 23:16:38
ac66c4,N899AA  ,United States,1751325299.0,1751325307,-81.4603,28.3228,213.36,False,45.97,148.27,-1.3,,236.22,1200,False,0,2025-06-30 23:16:38
a3b124,EDV5242 ,United States,1751325397.0,1751325397,-79.5167,42.2456,9448.8,False,250.95,85.06,-0.33,,9966.96,4176,False,0,2025-06-30 23:16:38
a54aaa,AAL2045 ,United States,1751325397.0,1751325397,-87.8695,34.7357,9738.36,False,235.42,257.63,-0.33,,10347.96,4516,False,0,2025-06-30 23:16:38
aaac21,SKW5504 ,United States,1751325397.0,1751325397,-122.3453,37.6062,114.3,False,60.05,297.0,-1.95,,53.34,7231,False,0,2025-06-30 23:16:38
a54aae,ASA300  ,United States,1751325397.0,1751325397,-81.0939,31.5455,9685.02,False,248.48,189.77,-5.53,,10241.28,1615,False,0,2025-06-30 23:16:38
a55ddf,N445H   ,United States,1751325397.0,1751325397,-73.0669,40.8284,2438.4,False,138.33,257.98,0.33,,2529.84,1642,False,0,2025-06-30 23:16:38
a29aff,SWA1083 ,United States,1751325397.0,1751325397,-99.1986,32.8136,11582.4,False,229.02,335.16,0.0,,12260.58,2501,False,0,2025-06-30 23:16:38
71c076,KAL274  ,Republic of Korea,1751325397.0,1751325398,-121.5925,36.0153,9144.0,False,271.82,325.8,0.0,,9555.48,,False,0,2025-06-30 23:16:38
a4943e,UAL2217 ,United States,1751325397.0,1751325397,-82.2352,36.389,9144.0,False,244.04,238.62,0.0,,9692.64,0555,False,0,2025-06-30 23:16:38
c05403,WJA2724 ,Canada,1751325398.0,1751325398,-80.0278,28.3968,11277.6,False,247.08,168.71,0.0,,11849.1,0542,False,0,2025-06-30 23:16:38
acc9c3,ERU923  ,United States,1751325397.0,1751325397,-81.2164,28.9898,563.88,False,45.3,181.95,-1.3,,601.98,1246,False,0,2025-06-30 23:16:38
a3612a,DAL1458 ,United States,1751325398.0,1751325398,-81.2194,29.0349,10050.78,False,213.27,339.38,0.0,,10607.04,0000,False,0,2025-06-30 23:16:38
a74412,N56757  ,United States,1751325308.0,1751325308,-87.2779,36.7225,213.36,False,37.42,71.57,-1.3,,182.88,,False,0,2025-06-30 23:16:38
a49441,UAL1971 ,United States,1751325397.0,1751325397,-100.3624,32.3825,10363.2,False,224.74,284.99,0.65,,10980.42,3240,False,0,2025-06-30 23:16:38
ac53a0,ASH6252 ,United States,1751325386.0,1751325398,-94.2972,31.7665,8709.66,False,229.57,30.88,3.25,,9273.54,7301,False,0,2025-06-30 23:16:38
a98408,FFT1203 ,United States,1751325398.0,1751325398,-75.3645,39.6427,2286.0,False,138.93,181.27,11.05,,2377.44,,False,0,2025-06-30 23:16:38
ac53b2,SWA1306 ,United States,1751325385.0,1751325385,-100.6351,37.9153,10972.8,False,221.01,273.07,0.0,,11574.78,5670,False,0,2025-06-30 23:16:38
ae09de,SPRTN622,United States,1751325397.0,1751325397,-121.2976,38.361,1432.56,False,68.95,1.28,0.33,,1409.7,4253,False,0,2025-06-30 23:16:38
a2a43c,N27B    ,United States,1751325161.0,1751325264,-83.0627,33.9545,822.96,False,56.79,42.8,0.98,,906.78,,False,0,2025-06-30 23:16:38
abdf4e,N864SL  ,United States,1751325398.0,1751325398,-118.3617,33.7098,1546.86,False,48.34,196.7,-0.98,,1554.48,,False,0,2025-06-30 23:16:38
acff48,N9367H  ,United States,1751325397.0,1751325397,-80.3978,25.6364,304.8,False,39.41,215.97,5.2,,335.28,,False,0,2025-06-30 23:16:38
ade9d4,NCJ96   ,United States,1751325389.0,1751325398,-96.4012,43.0726,6995.16,False,122.24,24.62,0.33,,7269.48,4521,False,0,2025-06-30 23:16:38
ad73a6,NKS2046 ,United States,1751325398.0,1751325398,-90.1755,39.4384,9547.86,False,251.38,44.42,-5.2,,10073.64,3453,False,0,2025-06-30 23:16:38
a2679a,AAY1857 ,United States,1751325369.0,1751325369,-82.5462,35.4465,,True,4.37,247.5,,,,,False,0,2025-06-30 23:16:38
c06751,WJA2965 ,Canada,1751325398.0,1751325398,-74.1694,45.3123,3329.94,False,164.2,58.45,-5.53,,3444.24,1607,False,0,2025-06-30 23:16:38
a66ad4,N512WC  ,United States,1751325398.0,1751325398,-85.341,30.9026,6926.58,False,188.78,40.03,7.48,,7330.44,,False,0,2025-06-30 23:16:38
a24142,N2440Q  ,United States,1751325398.0,1751325398,-121.5218,47.2659,2743.2,False,68.35,123.33,0.0,,2842.26,,False,0,2025-06-30 23:16:38
ad99f9,ASA1247 ,United States,1751325360.0,1751325360,-122.3069,47.4522,,True,5.92,115.31,,,,1723,False,0,2025-06-30 23:16:38
a80dac,NKS2285 ,United States,1751325397.0,1751325397,-76.5649,38.8708,1783.08,False,150.16,347.54,-2.93,,1866.9,7221,False,0,2025-06-30 23:16:38
ac53d5,SWA1378 ,United States,1751325397.0,1751325397,-76.7619,39.1858,2240.28,False,128.2,307.01,14.63,,2316.48,6516,False,0,2025-06-30 23:16:38
a9d2f2,N732EW  ,United States,1751325384.0,1751325388,-122.1217,37.6625,,True,0.06,196.88,,,,1200,False,0,2025-06-30 23:16:38
c06709,ACA1396 ,Canada,1751325393.0,1751325398,-79.6326,43.6875,205.74,True,0.0,315.0,,,,6350,False,0,2025-06-30 23:16:38
a3d755,AMF2924 ,United States,1751325397.0,1751325397,-113.1096,34.2998,3909.06,False,142.12,325.62,0.98,,4137.66,4243,True,0,2025-06-30 23:16:38
a63738,N5WF    ,United States,1751325398.0,1751325398,-121.3695,39.1329,2042.16,False,64.43,152.41,1.63,,2095.5,,False,0,2025-06-30 23:16:38
a0bf26,UAL1394 ,United States,1751325398.0,1751325398,-75.4684,38.8196,10363.2,False,248.55,186.54,-0.33,,10957.56,3013,False,0,2025-06-30 23:16:38
ac53f8,SWA3347 ,United States,1751325398.0,1751325398,-94.4102,41.7235,11277.6,False,267.53,61.27,0.0,,11757.66,7375,False,0,2025-06-30 23:16:38
c06723,CGNBM   ,Canada,1751325397.0,1751325398,-72.993,45.4879,944.88,False,33.38,208.54,-0.33,,,,False,0,2025-06-30 23:16:38
ac9c6d,N911WY  ,United States,1751325397.0,1751325397,-115.1741,36.2097,792.48,False,37.94,310.6,-1.63,,739.14,,False,0,2025-06-30 23:16:38
a8b2dd,N66LC   ,United States,1751325108.0,1751325108,-97.6304,37.6852,1577.34,False,96.96,108.24,-1.3,,1630.68,,False,0,2025-06-30 23:16:38
ab20e6,AAY1218 ,United States,1751325398.0,1751325398,-83.0933,34.83,11582.4,False,233.27,329.08,0.0,,12268.2,7146,False,0,2025-06-30 23:16:38
ad60b7,JBU1873 ,United States,1751325398.0,1751325398,-74.1635,40.2969,2727.96,False,145.19,192.07,12.68,,2827.02,3062,False,0,2025-06-30 23:16:38
a12191,N172KW  ,United States,1751325398.0,1751325398,-117.158,32.8079,457.2,False,50.42,118.66,-1.3,,403.86,,False,0,2025-06-30 23:16:38
a54aa3,N440AF  ,United States,1751325397.0,1751325397,-120.3426,39.2638,6903.72,False,186.69,148.98,19.51,,7231.38,3710,False,0,2025-06-30 23:16:38
c06724,ACA1041 ,Canada,1751325397.0,1751325398,-82.3493,43.9811,8625.84,False,211.99,268.89,8.13,,9022.08,6304,False,0,2025-06-30 23:16:38
a3b110,AAY1717 ,United States,1751325397.0,1751325397,-117.4746,43.0811,10965.18,False,219.78,210.53,0.0,,11506.2,,False,0,2025-06-30 23:16:38
71c042,KAL085  ,Republic of Korea,1751325397.0,1751325397,-83.3588,44.1101,11277.6,False,253.84,120.31,0.0,,11803.38,,False,0,2025-06-30 23:16:38
a146ce,SWA442  ,United States,1751325398.0,1751325398,-99.802,35.6533,10668.0,False,254.41,75.6,0.0,,11292.84,7520,False,0,2025-06-30 23:16:38
a266c8,N254EK  ,United States,1751325097.0,1751325097,-122.1129,37.4546,,True,3.34,90.0,,,,4223,False,0,2025-06-30 23:16:38
a8646b,N64RT   ,United States,1751325289.0,1751325350,-81.3989,31.4212,1874.52,False,135.96,163.97,-12.35,,1927.86,7327,False,0,2025-06-30 23:16:38
a8b476,PDT5843 ,United States,1751325397.0,1751325397,-82.3203,36.9403,9182.1,False,175.97,48.2,4.55,,9738.36,0310,False,0,2025-06-30 23:16:38
aa016e,N744AH  ,United States,1751325246.0,1751325246,-111.8069,33.2695,472.44,False,30.63,229.09,-5.85,,373.38,3454,False,0,2025-06-30 23:16:38
a05c59,AAL2495 ,United States,1751325397.0,1751325397,-80.7247,35.0443,3246.12,False,167.76,334.77,-8.13,,3413.76,2333,False,0,2025-06-30 23:16:38
a146f1,SWA482  ,United States,1751325397.0,1751325397,-89.9229,41.8292,9768.84,False,201.02,262.06,5.53,,10203.18,0231,False,0,2025-06-30 23:16:38
a43f00,N373AR  ,United States,1751325398.0,1751325398,-85.6864,32.1741,5181.6,False,96.42,97.05,-4.23,,5425.44,4205,False,0,2025-06-30 23:16:38
a6119b,N490RM  ,United States,1751325395.0,1751325395,-80.8961,36.6899,7147.56,False,165.14,0.0,10.4,,7551.42,,False,0,2025-06-30 23:16:38
a279cb,JSX178  ,United States,1751325397.0,1751325398,-119.6152,35.6848,9029.7,False,234.09,320.08,4.55,,9456.42,2067,False,0,2025-06-30 23:16:38
a026e1,RPA9933 ,United States,1751325398.0,1751325398,-76.6767,36.967,4503.42,False,172.22,303.55,10.4,,4762.5,,False,0,2025-06-30 23:16:38
ac79a3,AAL2399 ,United States,1751325398.0,1751325398,-97.1627,33.0759,1196.34,False,114.42,16.72,-2.6,,1249.68,3450,False,0,2025-06-30 23:16:38
a55f31,SWA4683 ,United States,1751325397.0,1751325397,-81.9696,28.3607,3596.64,False,174.93,270.84,-1.95,,3810.0,4130,False,0,2025-06-30 23:16:38
a120af,CXK276  ,United States,1751325397.0,1751325397,-112.2507,41.3454,1958.34,False,53.0,1.11,-1.95,,2026.92,,False,0,2025-06-30 23:16:38
ab8f0d,DAL500  ,United States,1751325397.0,1751325397,-86.218,35.9118,9121.14,False,242.41,299.78,6.5,,9669.78,5756,False,0,2025-06-30 23:16:38
a8c759,FFT3265 ,United States,1751325398.0,1751325398,-87.6146,35.6488,9753.6,False,225.97,256.44,-0.33,,10363.2,1256,False,0,2025-06-30 23:16:38
a0bf8c,UAL545  ,United States,1751325397.0,1751325398,-79.1395,37.1644,10927.08,False,232.85,229.66,10.08,,11574.78,7032,False,0,2025-06-30 23:16:38
c078ff,CGTVI   ,Canada,1751325396.0,1751325396,-75.9318,45.2543,495.3,False,34.82,288.97,0.33,,449.58,,False,0,2025-06-30 23:16:38
a6246e,UAL2696 ,United States,1751325398.0,1751325398,-104.5221,39.8959,3261.36,False,144.57,0.61,0.0,,3474.72,7266,False,0,2025-06-30 23:16:38
a1cc46,MXY243  ,United States,1751325398.0,1751325398,-79.1026,41.9528,10668.0,False,252.36,94.56,0.33,,11247.12,1361,False,0,2025-06-30 23:16:38
a3b186,AAL3012 ,United States,1751325398.0,1751325398,-89.7899,29.7326,11277.6,False,239.07,122.25,0.0,,11971.02,6072,False,0,2025-06-30 23:16:38
a86461,N64RH   ,United States,1751325398.0,1751325398,-122.088,37.4346,182.88,False,41.85,313.51,-0.65,,137.16,1200,False,0,2025-06-30 23:16:38
c052ca,WJA1775 ,Canada,1751325396.0,1751325398,-122.2783,46.4489,10972.8,False,252.59,0.0,0.0,,11407.14,3303,False,0,2025-06-30 23:16:38
adb17b,N9812B  ,United States,1751325397.0,1751325397,-123.0812,47.3535,1097.28,False,39.58,278.97,0.65,,1143.0,,False,0,2025-06-30 23:16:38
acc9b2,DAL2323 ,United States,1751325388.0,1751325393,-97.6591,30.2022,,True,0.0,357.19,,,,0530,True,0,2025-06-30 23:16:38
ab46c2,N8257G  ,United States,1751325398.0,1751325398,-118.3926,34.1442,1706.88,False,52.9,97.26,-1.3,,1722.12,,False,0,2025-06-30 23:16:38
a133c7,CVU77   ,United States,1751325288.0,1751325296,-113.4318,36.4541,2834.64,False,88.75,68.94,0.0,,2994.66,,False,0,2025-06-30 23:16:38
c1e8ae,BUS827  ,Canada,1751325219.0,1751325219,-79.6314,43.6805,,True,10.8,135.0,,,,,False,0,2025-06-30 23:16:38
a146f9,UAL238  ,United States,1751325366.0,1751325366,-74.1696,40.6952,,True,2.06,25.31,,,,,False,0,2025-06-30 23:16:38
c1e8d3,TR442   ,Canada,1751325240.0,1751325240,-79.6293,43.6788,,True,3.86,101.25,,,,,False,0,2025-06-30 23:16:38
a61173,EDV5306 ,United States,1751325396.0,1751325396,-79.6342,43.6879,,True,5.4,255.94,,,,2276,False,0,2025-06-30 23:16:38
a17c65,SKW3276 ,United States,1751325397.0,1751325397,-119.8831,37.9136,6979.92,False,177.07,166.73,-4.88,,7299.96,1540,False,0,2025-06-30 23:16:38
a013ee,DAL2885 ,United States,1751325397.0,1751325397,-90.4701,44.6753,10195.56,False,215.28,312.0,7.48,,10500.36,6234,False,0,2025-06-30 23:16:38
c1e8bb,BLUE342 ,Canada,1751325262.0,1751325262,-79.628,43.6891,,True,4.63,0.0,,,,,False,0,2025-06-30 23:16:38
ad99b0,N9758H  ,United States,1751325392.0,1751325393,-77.1054,37.8443,1524.0,False,75.88,59.44,0.0,,1569.72,,False,0,2025-06-30 23:16:38
c052d3,WJA2915 ,Canada,1751325397.0,1751325397,-75.8618,37.7287,10668.0,False,228.44,33.33,0.0,,11292.84,6764,False,0,2025-06-30 23:16:38
a3e9b2,DAL2661 ,United States,1751325398.0,1751325398,-78.4382,43.0373,11277.6,False,261.99,98.24,0.0,,11841.48,3633,False,0,2025-06-30 23:16:38
abdf22,EJA864  ,United States,1751325397.0,1751325397,-98.7079,38.4287,12496.8,False,258.62,93.08,0.0,,13098.78,3355,False,0,2025-06-30 23:16:38
a996a1,IRO7440 ,United States,1751325397.0,1751325397,-88.9231,45.1811,2461.26,False,73.41,188.87,0.0,,2484.12,,False,0,2025-06-30 23:16:38
4850f5,KLM166  ,Kingdom of the Netherlands,1751325397.0,1751325397,-80.0052,39.5132,10972.8,False,241.65,209.46,0.0,,11628.12,7556,False,0,2025-06-30 23:16:38
a91c02,N6861F  ,United States,1751325398.0,1751325398,-119.0024,34.2041,1097.28,False,54.5,287.58,-2.93,,1074.42,,False,0,2025-06-30 23:16:38
a3c3e0,UAL2650 ,United States,1751325397.0,1751325397,-81.0012,41.8231,11887.2,False,257.78,93.78,0.0,,12512.04,3665,False,0,2025-06-30 23:16:38
c065b2,CGMNH   ,Canada,1751325339.0,1751325366,-79.7596,44.2581,655.32,False,55.0,277.52,-3.58,,632.46,1200,False,0,2025-06-30 23:16:38
a54c60,UAL2241 ,United States,1751325397.0,1751325397,-78.728,38.0711,8282.94,False,219.15,248.37,4.88,,8785.86,7015,False,0,2025-06-30 23:16:38
a67f81,DAL887  ,United States,1751325397.0,1751325397,-98.752,43.4854,10363.2,False,220.25,268.53,0.0,,10782.3,3046,False,0,2025-06-30 23:16:38
89911b,CAL5232 ,Taiwan,1751325131.0,1751325134,-97.9485,48.2493,10668.0,False,275.34,119.68,0.0,,10927.08,5633,False,0,2025-06-30 23:16:38
a43f7d,FFT4316 ,United States,1751325397.0,1751325397,-99.8051,31.6978,11277.6,False,239.07,76.56,0.33,,11955.78,7234,False,0,2025-06-30 23:16:38
a2b6ff,SKW3605 ,United States,1751325397.0,1751325397,-120.0699,46.9454,5989.32,False,203.35,108.43,-4.88,,6278.88,4703,False,0,2025-06-30 23:16:38
a8fc09,UAL2135 ,United States,1751325397.0,1751325397,-86.3562,40.9451,6705.6,False,211.09,335.37,-0.33,,7010.4,1034,False,0,2025-06-30 23:16:38
ac541b,SWA889  ,United States,1751325278.0,1751325383,-89.3694,33.0594,11887.2,False,225.64,144.93,0.0,,12595.86,1150,False,0,2025-06-30 23:16:38
a29c6c,N26778  ,United States,1751325397.0,1751325398,-119.1735,34.1445,822.96,False,47.39,122.14,1.63,,784.86,,False,0,2025-06-30 23:16:38
a17c95,AAL1717 ,United States,1751325396.0,1751325397,-95.3141,44.31,10050.78,False,256.02,111.82,0.0,,10355.58,0021,False,0,2025-06-30 23:16:38
a253dd,N2490Y  ,United States,1751325396.0,1751325396,-87.8127,43.8631,975.36,False,50.58,4.67,0.65,,929.64,,False,0,2025-06-30 23:16:38
a66c5d,N5128R  ,United States,1751325397.0,1751325397,-121.2348,44.448,1996.44,False,56.4,14.8,0.33,,2057.4,,False,0,2025-06-30 23:16:38
a120f3,DAL669  ,United States,1751325241.0,1751325241,-111.2409,42.5892,10675.62,False,248.25,66.94,0.0,,11201.4,,False,0,2025-06-30 23:16:38
406ecc,VIR47GH ,United Kingdom,1751325397.0,1751325397,-73.7895,46.6925,10965.18,False,235.75,241.31,0.33,,11452.86,2467,False,0,2025-06-30 23:16:38
ab477d,DAL1946 ,United States,1751325280.0,1751325291,-72.2536,25.44,10363.2,False,238.14,329.78,0.0,,10934.7,,False,0,2025-06-30 23:16:38
a67f8a,DAL26   ,United States,1751325397.0,1751325397,-96.243,41.3736,12496.8,False,276.65,118.19,0.65,,13007.34,1135,False,0,2025-06-30 23:16:38
ac4107,UAL310  ,United States,1751325397.0,1751325397,-91.8819,41.2565,9128.76,False,208.16,247.94,0.0,,9563.1,3105,False,0,2025-06-30 23:16:38
a6bc31,SKW5901 ,United States,1751325397.0,1751325398,-87.9784,41.9978,1021.08,False,108.55,359.46,17.88,,1021.08,6524,False,0,2025-06-30 23:16:38
abdde6,FRV864  ,United States,1751325361.0,1751325361,-80.1911,26.1966,30.48,False,60.62,83.18,-3.9,,91.44,,False,0,2025-06-30 23:16:38
a649ce,N504LH  ,United States,1751325344.0,1751325347,-88.1806,41.5193,396.24,False,54.08,214.14,-3.25,,373.38,1200,False,0,2025-06-30 23:16:38
ac9ac3,N911DX  ,United States,1751325398.0,1751325398,-92.1054,41.6526,754.38,False,73.61,268.0,0.0,,762.0,,False,0,2025-06-30 23:16:38
a9c151,AAL136  ,United States,1751325398.0,1751325398,-95.4865,43.6989,10058.4,False,272.33,61.45,-0.33,,10401.3,1057,False,0,2025-06-30 23:16:38
a8517f,N635ND  ,United States,1751325397.0,1751325398,-122.8173,47.4409,1051.56,False,43.59,210.5,2.28,,1089.66,5150,False,0,2025-06-30 23:16:38
c0407b,ROU1976 ,Canada,1751325398.0,1751325398,-71.1909,46.9336,1234.44,False,90.01,204.66,-5.53,,1257.3,,False,0,2025-06-30 23:16:38
add734,JBU777  ,United States,1751325398.0,1751325398,-76.2991,43.1156,10972.8,False,209.43,274.23,0.33,,11521.44,1406,False,0,2025-06-30 23:16:38
a3e9fd,N351RB  ,United States,1751325398.0,1751325398,-102.4315,35.584,9448.8,False,160.8,119.52,0.0,,9989.82,,False,0,2025-06-30 23:16:38
ab213e,SLH816  ,United States,1751325397.0,1751325398,-104.229,38.3737,12192.0,False,202.7,243.96,0.0,,12816.84,,False,0,2025-06-30 23:16:38
405bfb,BAW223N ,United Kingdom,1751325397.0,1751325397,-81.35,38.5297,11582.4,False,240.73,241.96,0.0,,12252.96,4002,False,0,2025-06-30 23:16:38
ad1de0,N909KC  ,United States,1751325350.0,1751325350,-94.8917,38.8038,396.24,False,44.25,359.33,-2.6,,411.48,,False,0,2025-06-30 23:16:38
405bfc,BAW22B  ,United Kingdom,1751325398.0,1751325398,-74.4577,39.0069,5928.36,False,186.94,220.09,-8.45,,6263.64,1055,False,0,2025-06-30 23:16:38
ac9abc,DAL1939 ,United States,1751325397.0,1751325397,-85.9643,33.3435,7932.42,False,219.28,242.47,6.5,,8397.24,7155,False,0,2025-06-30 23:16:38
ab214d,SCX504  ,United States,1751325298.0,1751325300,-93.1797,44.8642,365.76,False,76.4,301.23,-3.9,,335.28,6201,False,0,2025-06-30 23:16:38
a360f6,N317BL  ,United States,1751325346.0,1751325352,-98.0043,35.4648,426.72,False,26.75,0.0,-2.28,,419.1,,False,0,2025-06-30 23:16:38
ab2169,UAL358  ,United States,1751325397.0,1751325397,-95.9822,33.0111,6248.4,False,225.19,69.12,6.18,,6606.54,3630,False,0,2025-06-30 23:16:38
a55f6c,RPA4418 ,United States,1751325397.0,1751325398,-73.8246,40.9097,624.84,False,97.06,128.33,-1.3,,624.84,6010,False,0,2025-06-30 23:16:38
a2ec85,N288JK  ,United States,1751325301.0,1751325316,-121.3276,38.566,274.32,False,45.84,135.91,-4.23,,259.08,,False,0,2025-06-30 23:16:38
a503bd,N422HA  ,United States,1751325397.0,1751325397,-95.8722,33.7622,1615.44,False,66.97,27.94,0.0,,1676.4,2544,True,0,2025-06-30 23:16:38
a55b7a,SWA3865 ,United States,1751325241.0,1751325241,-118.264,38.037,9144.0,False,250.55,303.53,0.33,,9616.44,,False,0,2025-06-30 23:16:38
a8d5bd,AAL1735 ,United States,1751325398.0,1751325398,-84.5401,38.0685,10668.0,False,231.7,150.76,0.0,,11308.08,6533,False,0,2025-06-30 23:16:38
c06461,AIE705  ,Canada,1751325397.0,1751325398,-74.483,47.0228,8968.74,False,219.0,172.44,-1.3,,9342.12,,False,0,2025-06-30 23:16:38
a55b7f,N444WT  ,United States,1751325398.0,1751325398,-95.3403,44.2116,12496.8,False,275.82,55.72,-0.33,,12893.04,6734,False,0,2025-06-30 23:16:38
a512ff,N426MC  ,United States,1751325396.0,1751325396,-84.0585,40.2203,1219.2,False,43.87,230.71,0.98,,1219.2,,False,0,2025-06-30 23:16:38
a15739,N186CS  ,United States,1751325397.0,1751325398,-122.095,37.5171,373.38,False,54.53,207.53,-3.25,,320.04,1200,False,0,2025-06-30 23:16:38
ade6c6,N995S   ,United States,1751325382.0,1751325382,-76.9702,35.101,2308.86,False,113.45,332.16,-4.23,,2400.3,,False,0,2025-06-30 23:16:38
a79b50,N59CR   ,United States,1751325397.0,1751325397,-82.0207,34.7049,1783.08,False,96.19,334.67,-4.23,,1851.66,7234,False,0,2025-06-30 23:16:38
ac50ad,N893CB  ,United States,1751325389.0,1751325389,-86.1089,35.8244,1402.08,False,80.79,88.54,3.58,,1447.8,,False,0,2025-06-30 23:16:38
abef98,SWA980  ,United States,1751325397.0,1751325397,-119.5576,46.0624,10988.04,False,232.25,309.97,0.0,,11437.62,,False,0,2025-06-30 23:16:38
a43b85,DAL1884 ,United States,1751325398.0,1751325398,-80.0709,33.5353,11277.6,False,225.24,26.74,0.33,,11925.3,1303,False,0,2025-06-30 23:16:38
aa23ea,N75202  ,United States,1751325397.0,1751325397,-71.4092,43.2621,1402.08,False,45.51,174.16,-0.33,,1417.32,,False,0,2025-06-30 23:16:38
a92b0c,DAL591  ,United States,1751325397.0,1751325397,-104.0734,36.8291,11277.6,False,245.44,88.8,0.0,,11902.44,,False,0,2025-06-30 23:16:38
ad70ba,SWA2144 ,United States,1751325397.0,1751325397,-96.3537,40.7981,12192.0,False,211.07,258.47,0.0,,12733.02,1372,False,0,2025-06-30 23:16:38
abdc78,SWA2472 ,United States,1751325397.0,1751325397,-103.8209,38.1976,9593.58,False,248.71,149.14,6.5,,10119.36,,False,0,2025-06-30 23:16:38
a5ab6f,N4644V  ,United States,1751325397.0,1751325397,-122.5378,48.5157,937.26,False,44.39,302.22,0.65,,982.98,,False,0,2025-06-30 23:16:38
a7eb3b,N6091T  ,United States,1751325398.0,1751325398,-122.2983,47.9455,548.64,False,58.13,180.51,-3.58,,525.78,,False,0,2025-06-30 23:16:38
a8e8dd,N673WM  ,United States,1751325351.0,1751325387,-94.3297,30.6002,4884.42,False,185.09,246.93,-9.75,,5158.74,5313,False,0,2025-06-30 23:16:38
abdc91,ASH6344 ,United States,1751325397.0,1751325398,-96.72,32.2483,8839.2,False,238.69,166.41,0.33,,9418.32,1003,False,0,2025-06-30 23:16:38
abdc92,ASH6240 ,United States,1751325306.0,1751325397,-93.4157,32.4318,8839.2,False,236.87,34.38,0.0,,9372.6,4052,False,0,2025-06-30 23:16:38
abdc96,ASH6097 ,United States,1751325397.0,1751325397,-88.8456,36.6356,9753.6,False,213.06,247.27,-0.33,,10332.72,7630,False,0,2025-06-30 23:16:38
acfc56,DAL1386 ,United States,1751325396.0,1751325397,-79.5663,32.1888,9753.6,False,247.2,294.86,0.0,,10302.24,6654,False,0,2025-06-30 23:16:38
a8d5c3,N669BB  ,United States,1751325398.0,1751325398,-107.1118,38.7396,9022.08,False,205.52,168.89,12.68,,9525.0,,False,0,2025-06-30 23:16:38
ae4f86,HEX32   ,United States,1751325394.0,1751325394,-117.6364,32.6953,91.44,False,42.93,225.97,0.0,,53.34,,False,0,2025-06-30 23:16:38
a81e85,N622JT  ,United States,1751325397.0,1751325397,-79.7383,27.5496,5052.06,False,206.26,193.41,-9.75,,5288.28,2771,False,0,2025-06-30 23:16:38
add3dc,AAL1915 ,United States,1751325377.0,1751325377,-97.0261,32.901,,True,16.46,185.62,,,,6572,False,0,2025-06-30 23:16:38
a0baa1,SKW4792 ,United States,1751325226.0,1751325226,-87.9085,41.9716,,True,10.29,90.0,,,,,False,0,2025-06-30 23:16:38
a68e4c,SKW6398 ,United States,1751325397.0,1751325397,-111.9937,33.431,,True,2.83,239.06,,,,,False,0,2025-06-30 23:16:38
a02457,N108VR  ,United States,1751325397.0,1751325397,-104.6937,38.6646,3581.4,False,145.77,131.57,12.68,,3817.62,,False,0,2025-06-30 23:16:38
a1574e,DAL353  ,United States,1751325397.0,1751325397,-73.7893,40.6585,,True,0.0,264.38,,,,,False,0,2025-06-30 23:16:38
a79b0b,N58998  ,United States,1751325187.0,1751325187,-82.3641,34.867,457.2,False,50.68,5.83,-3.25,,472.44,,False,0,2025-06-30 23:16:38
a7fe18,N614FA  ,United States,1751325397.0,1751325398,-123.0065,45.6664,1325.88,False,41.11,351.36,2.6,,1371.6,,False,0,2025-06-30 23:16:38
a3970f,AAY2646 ,United States,1751325398.0,1751325398,-85.1146,33.425,10972.8,False,239.23,327.92,0.0,,11620.5,6034,False,0,2025-06-30 23:16:38
add3d9,NKS2056 ,United States,1751325398.0,1751325398,-83.3482,32.9073,11277.6,False,242.31,194.01,0.0,,11948.16,7101,False,0,2025-06-30 23:16:38
abdc9b,SWA2267 ,United States,1751325397.0,1751325397,-114.8452,36.0734,1988.82,False,123.48,270.95,-7.48,,2057.4,1402,False,0,2025-06-30 23:16:38
a6cb01,LXJ537  ,United States,1751325396.0,1751325397,-122.7377,46.7514,3863.34,False,173.43,358.47,-11.05,,4030.98,3760,False,0,2025-06-30 23:16:38
aa36e7,N75733  ,United States,1751325397.0,1751325397,-116.9847,32.651,883.92,False,49.65,10.15,-0.33,,861.06,,False,0,2025-06-30 23:16:38
a752b3,LXJ571  ,United States,1751325398.0,1751325398,-83.5384,40.571,5791.2,False,220.72,65.05,-0.65,,6050.28,1373,False,0,2025-06-30 23:16:38
aa23b3,RPA3444 ,United States,1751325398.0,1751325398,-85.1842,43.7617,8534.4,False,204.0,198.53,0.0,,8892.54,6442,False,0,2025-06-30 23:16:38
a03765,AAL4    ,United States,1751325398.0,1751325398,-116.2852,35.2549,9166.86,False,256.7,47.52,3.9,,9654.54,7714,False,0,2025-06-30 23:16:38
a4f2bc,N418KC  ,United States,1751325398.0,1751325398,-95.5918,29.0548,10066.02,False,176.3,20.5,0.0,,10675.62,7334,False,0,2025-06-30 23:16:38
a27737,SWA3058 ,United States,1751325393.0,1751325393,-116.7198,36.5399,10142.22,False,241.48,317.85,4.55,,10668.0,,False,0,2025-06-30 23:16:38
ac7809,N902QS  ,United States,1751325397.0,1751325398,-79.3803,26.5216,2682.24,False,149.96,266.66,-10.73,,2819.4,,False,0,2025-06-30 23:16:38
ab4505,N825SG  ,United States,1751325398.0,1751325398,-101.9975,26.5834,11887.2,False,244.65,51.66,0.33,,12595.86,,False,0,2025-06-30 23:16:38
c00dce,FLE640  ,Canada,1751325391.0,1751325391,-92.7252,48.3033,11277.6,False,250.66,110.29,0.0,,11521.44,,False,0,2025-06-30 23:16:38
a06ab1,N126HF  ,United States,1751325332.0,1751325332,-73.0874,40.8078,121.92,False,32.01,225.0,-3.58,,114.3,,False,0,2025-06-30 23:16:38
a01112,AAL341  ,United States,1751325397.0,1751325398,-102.1134,41.8072,10355.58,False,227.82,254.14,0.0,,10866.12,2261,False,0,2025-06-30 23:16:38
a1440c,SWA785  ,United States,1751325397.0,1751325397,-122.0286,46.8076,6423.66,False,217.9,171.58,7.8,,6720.84,1552,False,0,2025-06-30 23:16:38
ab9eb0,N848MM  ,United States,1751325397.0,1751325397,-82.8553,27.8829,60.96,False,30.39,182.91,0.0,,83.82,1200,False,0,2025-06-30 23:16:38
a3d425,FFT690  ,United States,1751325394.0,1751325397,-101.716,38.0586,10668.0,False,243.96,94.11,0.0,,11239.5,,False,0,2025-06-30 23:16:38
a32ddd,N30370  ,United States,1751325398.0,1751325398,-82.5942,33.5645,990.6,False,36.13,289.98,3.58,,1021.08,,False,0,2025-06-30 23:16:38
a0cdff,N151B   ,United States,1751325397.0,1751325398,-73.7291,41.0208,944.88,False,100.08,250.17,8.78,,960.12,,False,0,2025-06-30 23:16:38
a26462,N253TX  ,United States,1751325397.0,1751325397,-74.0799,40.5952,3649.98,False,184.36,192.41,-0.33,,3802.38,1153,False,0,2025-06-30 23:16:38
abb9b2,SWA4514 ,United States,1751325398.0,1751325398,-121.3857,36.989,6156.96,False,207.22,132.28,11.38,,6416.04,2164,False,0,2025-06-30 23:16:38
adc171,N986AC  ,United States,1751325216.0,1751325227,-96.816,43.5543,800.1,False,128.74,95.73,-2.28,,822.96,,False,0,2025-06-30 23:16:38
aa7ec3,UAL1478 ,United States,1751325397.0,1751325398,-84.4009,30.3495,10668.0,False,240.09,114.7,0.0,,11300.46,2503,False,0,2025-06-30 23:16:38
a1ede9,UAL933  ,United States,1751325397.0,1751325397,-73.8265,39.5858,10363.2,False,243.4,220.46,0.0,,10972.8,2217,False,0,2025-06-30 23:16:38
a4f414,RPA9937 ,United States,1751325398.0,1751325398,-80.1062,40.5792,1287.78,False,151.85,91.94,-8.13,,1310.64,4455,False,0,2025-06-30 23:16:38
ac76b2,OZN902  ,United States,1751325389.0,1751325389,-80.5119,25.6402,243.84,False,45.79,90.0,0.33,,297.18,,False,0,2025-06-30 23:16:38
a0cdf3,AAL3066 ,United States,1751325397.0,1751325397,-96.4172,33.3312,3688.08,False,165.55,235.12,-7.8,,3886.2,1321,False,0,2025-06-30 23:16:38
aabc11,ENY3869 ,United States,1751325397.0,1751325397,-86.2305,34.1311,8023.86,False,212.55,4.3,7.8,,8519.16,5637,False,0,2025-06-30 23:16:38
ab9f54,UAL1787 ,United States,1751325397.0,1751325397,-104.66,39.8775,1653.54,False,75.11,180.39,-5.2,,1752.6,2067,False,0,2025-06-30 23:16:38
abb9d5,N8549P  ,United States,1751325396.0,1751325396,-100.8924,32.0016,2354.58,False,54.64,98.66,-0.33,,2476.5,,False,0,2025-06-30 23:16:38
c0772d,CGTDK   ,Canada,1751325398.0,1751325398,-123.4867,48.6609,274.32,False,43.81,105.67,-1.3,,304.8,,False,0,2025-06-30 23:16:38
a1dab3,JBU1178 ,United States,1751325398.0,1751325398,-72.607,42.6816,7825.74,False,236.05,99.15,-10.73,,8237.22,2310,False,0,2025-06-30 23:16:38
a14452,SWA937  ,United States,1751325397.0,1751325397,-109.8683,37.174,11277.6,False,240.23,78.14,-0.65,,11894.82,,False,0,2025-06-30 23:16:38
a2b416,UAL2603 ,United States,1751325397.0,1751325398,-103.7292,40.0279,5295.9,False,214.22,77.8,10.73,,5600.7,,False,0,2025-06-30 23:16:38
abb9df,SWA1983 ,United States,1751325397.0,1751325397,-87.1064,32.8249,11277.6,False,234.9,63.88,-0.33,,11955.78,0013,False,0,2025-06-30 23:16:38
c07721,TSC510  ,Canada,1751325238.0,1751325238,-73.7509,45.4666,,True,5.14,289.69,,,,,False,0,2025-06-30 23:16:38
adc17b,AAL2767 ,United States,1751325398.0,1751325398,-99.0517,32.4829,7901.94,False,227.92,251.44,4.55,,8374.38,6221,False,0,2025-06-30 23:16:38
ab9f61,WUP848  ,United States,1751325397.0,1751325397,-78.7941,36.2792,7620.0,False,151.19,41.83,0.33,,8092.44,,False,0,2025-06-30 23:16:38
a1311e,SKW3350 ,United States,1751325398.0,1751325398,-116.3681,33.0176,9121.14,False,227.37,300.45,-12.35,,9624.06,,False,0,2025-06-30 23:16:38
c00da8,FLE608  ,Canada,1751325397.0,1751325398,-88.5331,44.6999,11277.6,False,251.45,110.1,0.0,,11681.46,4475,True,0,2025-06-30 23:16:38
ab8c37,AAL2943 ,United States,1751325398.0,1751325398,-83.008,37.679,9448.8,False,247.71,85.47,0.0,,10012.68,1404,False,0,2025-06-30 23:16:38
adc180,DAL3204 ,United States,1751325396.0,1751325397,-85.339,33.7011,5135.88,False,203.68,309.16,8.13,,5433.06,7500,False,0,2025-06-30 23:16:38
ac0f4d,SWA5555 ,United States,1751325398.0,1751325398,-106.3148,40.0351,8907.78,False,231.43,264.77,2.93,,9418.32,3225,False,0,2025-06-30 23:16:38
aabc3a,N791FA  ,United States,1751325398.0,1751325398,-119.0286,35.4211,373.38,False,39.39,220.76,0.65,,312.42,,False,0,2025-06-30 23:16:38
a872e8,N6431N  ,United States,1751325291.0,1751325292,-118.732,34.7097,2164.08,False,71.55,350.06,3.25,,2232.66,1200,False,0,2025-06-30 23:16:38
ad1c38,N944CB  ,United States,1751325398.0,1751325398,-117.5854,33.5249,1729.74,False,58.47,28.37,-1.63,,1767.84,,False,0,2025-06-30 23:16:38
acfc26,NCR519  ,United States,1751325397.0,1751325397,-111.0617,35.3108,12192.0,False,244.2,318.59,0.0,,12847.32,,False,0,2025-06-30 23:16:38
a8d5db,EDV5374 ,United States,1751325114.0,1751325114,-84.4304,33.6411,,True,3.34,75.94,,,,5146,False,0,2025-06-30 23:16:38
acc6ce,NKS2687 ,United States,1751325395.0,1751325397,-112.6041,36.8386,11262.36,False,240.16,70.48,0.0,,11887.2,7755,False,0,2025-06-30 23:16:38
a39781,AAL2718 ,United States,1751325397.0,1751325397,-82.8218,36.9028,10668.0,False,239.14,56.58,0.0,,11315.7,7306,False,0,2025-06-30 23:16:38
a92b66,RTY690  ,United States,1751325397.0,1751325398,-105.0273,40.4836,1569.72,False,41.37,158.86,-2.28,,1645.92,,False,0,2025-06-30 23:16:38
ad2f75,JSX651  ,United States,1751325397.0,1751325397,-119.9283,36.9078,10050.78,False,227.6,98.97,-1.63,,10530.84,3237,False,0,2025-06-30 23:16:38
a44de8,N377BC  ,United States,1751325397.0,1751325397,-72.6734,43.8505,1851.66,False,88.94,148.24,0.0,,1905.0,,False,0,2025-06-30 23:16:38
a2519f,MXY110  ,United States,1751325397.0,1751325398,-93.5603,36.0112,4716.78,False,175.5,278.94,-8.13,,4960.62,2061,False,0,2025-06-30 23:16:38
a62151,N4940E  ,United States,1751325392.0,1751325392,-115.2016,36.2123,,True,4.12,278.44,,,,,False,0,2025-06-30 23:16:38
a8c439,PDT5973 ,United States,1751325397.0,1751325398,-77.5574,35.4001,6697.98,False,231.14,204.45,0.33,,7101.84,1160,False,0,2025-06-30 23:16:38
4ba953,THY7    ,Turkey,1751325398.0,1751325398,-70.9638,43.1279,10972.8,False,250.31,211.47,0.0,,11544.3,2520,False,0,2025-06-30 23:16:38
a19f29,SWA958  ,United States,1751325398.0,1751325398,-85.5059,32.4756,11277.6,False,222.37,49.97,-0.33,,11948.16,4273,False,0,2025-06-30 23:16:38
ad976e,NKS2447 ,United States,1751325398.0,1751325398,-80.4508,34.8364,11582.4,False,243.09,197.36,0.0,,12275.82,1154,False,0,2025-06-30 23:16:38
a1b9c9,N210CW  ,United States,1751325396.0,1751325396,-78.4891,34.6412,2438.4,False,74.9,200.92,0.0,,2537.46,,False,0,2025-06-30 23:16:38
a6cacb,DAL1672 ,United States,1751325397.0,1751325397,-115.1383,36.0798,,True,5.92,45.0,,,,,False,0,2025-06-30 23:16:38
a7fde3,N614CY  ,United States,1751325397.0,1751325397,-93.7895,42.295,1097.28,False,71.75,337.66,-2.93,,1120.14,,False,0,2025-06-30 23:16:38
ab4489,DAL30   ,United States,1751325397.0,1751325398,-72.0232,40.2648,9441.18,False,248.29,55.55,0.0,,9989.82,7105,False,0,2025-06-30 23:16:38
a023a5,AAL2459 ,United States,1751325398.0,1751325398,-92.8044,40.9829,11269.98,False,267.61,74.39,0.0,,11795.76,5062,False,0,2025-06-30 23:16:38
a88774,JBU1694 ,United States,1751325397.0,1751325397,-73.158,41.0788,1714.5,False,136.89,291.84,-5.85,,1790.7,7175,False,0,2025-06-30 23:16:38
a92abb,PDT5984 ,United States,1751325398.0,1751325398,-86.3467,34.8207,3337.56,False,147.27,264.59,0.33,,3520.44,0461,False,0,2025-06-30 23:16:38
a20f1a,UCA4243 ,United States,1751325397.0,1751325397,-89.1587,30.0765,4320.54,False,145.96,241.36,10.08,,4564.38,,False,0,2025-06-30 23:16:38
a4e181,RRA4407 ,United States,1751325397.0,1751325398,-79.9451,42.1791,8702.04,False,235.47,61.7,5.53,,9166.86,,False,0,2025-06-30 23:16:38
acb469,CNS612  ,United States,1751325397.0,1751325398,-71.3345,42.4662,259.08,False,59.18,1.49,-3.25,,243.84,,False,0,2025-06-30 23:16:38
a25188,GTI4542 ,United States,1751325397.0,1751325397,-95.7241,41.1616,11277.6,False,267.55,119.87,0.0,,11742.42,6636,False,0,2025-06-30 23:16:38
ad7125,N9650V  ,United States,1751325396.0,1751325397,-112.337,40.9593,2095.5,False,53.17,28.3,0.0,,2171.7,,False,0,2025-06-30 23:16:38
a87468,N644DF  ,United States,1751325398.0,1751325398,-80.4487,25.6011,297.18,False,51.37,240.61,-0.98,,327.66,,False,0,2025-06-30 23:16:38
4ba946,THY12E  ,Turkey,1751325398.0,1751325398,-106.1839,42.0171,8839.2,False,257.02,48.81,-0.33,,9334.5,,False,0,2025-06-30 23:16:38
a2b47f,UAL2695 ,United States,1751325397.0,1751325397,-79.8831,26.1649,2727.96,False,148.01,54.76,13.98,,2872.74,,False,0,2025-06-30 23:16:38
a07f44,TWY131  ,United States,1751325397.0,1751325398,-118.7559,34.0889,7185.66,False,224.07,160.28,-12.03,,7528.56,3737,False,0,2025-06-30 23:16:38
aa7df3,SWA3377 ,United States,1751325398.0,1751325398,-115.2796,36.0126,3291.84,False,148.45,93.58,-7.15,,3459.48,,False,0,2025-06-30 23:16:38
a1a6d5,CXK558  ,United States,1751325360.0,1751325360,-81.4259,30.6584,929.64,False,30.69,166.43,4.88,,990.6,,False,0,2025-06-30 23:16:38
a20f59,N23152  ,United States,1751325397.0,1751325397,-117.6383,33.55,1417.32,False,72.76,282.66,-0.98,,1424.94,,False,0,2025-06-30 23:16:38
acb470,AAL163  ,United States,1751325393.0,1751325397,-93.8276,29.4511,10972.8,False,233.9,320.53,0.0,,11628.12,,False,0,2025-06-30 23:16:38
a32f30,EJM304  ,United States,1751325397.0,1751325397,-82.611,28.8184,8176.26,False,188.11,353.09,4.88,,8633.46,5764,False,0,2025-06-30 23:16:38
a88737,FFT3335 ,United States,1751325398.0,1751325398,-122.6452,45.2282,2240.28,False,149.07,4.16,-7.15,,2346.96,0430,False,0,2025-06-30 23:16:38
a8d739,N669SA  ,United States,1751325397.0,1751325397,-117.5552,33.8796,815.34,False,44.7,101.96,4.23,,800.1,,False,0,2025-06-30 23:16:38
a79aae,HAL1613 ,United States,1751325397.0,1751325397,-112.7566,35.2438,12192.0,False,231.3,246.4,0.0,,12885.42,4056,False,0,2025-06-30 23:16:38
aa6aa1,SKW4937 ,United States,1751325397.0,1751325397,-87.5062,42.3098,2141.22,False,111.47,172.84,-3.9,,2179.32,3602,False,0,2025-06-30 23:16:38
c062b8,JZA851  ,Canada,1751325398.0,1751325398,-76.907,45.3496,8656.32,False,223.21,263.38,0.33,,9075.42,0675,False,0,2025-06-30 23:16:38
a8741c,PDT5858 ,United States,1751325396.0,1751325398,-74.006,42.6284,2606.04,False,142.22,301.39,11.38,,2712.72,1742,False,0,2025-06-30 23:16:38
a49197,N3939X  ,United States,1751325397.0,1751325397,-104.6813,38.8358,2011.68,False,43.95,253.69,-4.55,,2110.74,,False,0,2025-06-30 23:16:38
a32f1b,ENY3889 ,United States,1751325398.0,1751325398,-100.3336,28.817,10363.2,False,229.7,177.3,0.33,,11003.28,0436,False,0,2025-06-30 23:16:38
a3c15d,DAL1077 ,United States,1751325398.0,1751325398,-76.5967,38.0057,10050.78,False,234.9,26.68,0.33,,10645.14,5757,False,0,2025-06-30 23:16:38
a4e146,SWA2331 ,United States,1751325397.0,1751325397,-109.7218,32.2678,10972.8,False,226.13,288.85,0.33,,11605.26,3256,False,0,2025-06-30 23:16:38
a143a3,SWA3869 ,United States,1751325397.0,1751325397,-97.9701,41.0589,11277.6,False,261.07,87.52,0.0,,11795.76,0535,False,0,2025-06-30 23:16:38
a32f0f,N304K   ,United States,1751325398.0,1751325398,-84.5428,33.7018,8839.2,False,255.05,101.4,-0.33,,9372.6,2307,False,0,2025-06-30 23:16:38
ac518d,N893MA  ,United States,1751325392.0,1751325392,-97.3971,31.1155,647.7,False,85.66,65.9,2.28,,640.08,,False,0,2025-06-30 23:16:38
a1dc60,EJA219  ,United States,1751325397.0,1751325397,-87.6946,42.0775,784.86,False,107.1,219.35,-0.33,,762.0,6227,False,0,2025-06-30 23:16:38
a32f84,JTL304  ,United States,1751325397.0,1751325397,-95.1735,47.2535,12451.08,False,250.99,167.33,-6.18,,12771.12,,False,0,2025-06-30 23:16:38
a3e6e4,ARCAT85 ,United States,1751325398.0,1751325398,-116.3176,33.14,4160.52,False,172.05,219.78,-10.08,,4381.5,4777,False,0,2025-06-30 23:16:38
c0508e,CGEND   ,Canada,1751325397.0,1751325397,-123.2527,48.6247,426.72,False,59.16,0.0,0.65,,464.82,,False,0,2025-06-30 23:16:38
a263f1,N253PJ  ,United States,1751325397.0,1751325397,-117.1433,33.7566,762.0,False,55.53,283.39,-1.3,,708.66,,False,0,2025-06-30 23:16:38
a010f7,PFT103  ,United States,1751325053.0,1751325123,-112.3678,39.1698,10363.2,False,203.4,212.08,4.88,,10919.46,3127,False,0,2025-06-30 23:16:38
aa7f2b,UAL2601 ,United States,1751325398.0,1751325398,-81.5732,29.1293,10668.0,False,215.88,3.14,0.0,,11254.74,2355,False,0,2025-06-30 23:16:38
c05086,ACA1301 ,Canada,1751325397.0,1751325398,-99.5302,34.8864,10972.8,False,245.77,349.02,0.0,,11635.74,0417,False,0,2025-06-30 23:16:38
0d08e6,VIV206  ,Mexico,1751325397.0,1751325397,-97.9756,27.2421,10660.38,False,234.93,62.48,0.0,,11353.8,,False,0,2025-06-30 23:16:38
a526e2,AAL596  ,United States,1751325397.0,1751325397,-84.0876,34.0014,10972.8,False,243.35,269.39,0.0,,11643.36,7254,False,0,2025-06-30 23:16:38
a646bc,SKW4916 ,United States,1751325397.0,1751325397,-101.664,30.835,10668.0,False,242.31,86.23,0.0,,11353.8,7302,False,0,2025-06-30 23:16:38
a263e3,AAY1862 ,United States,1751325398.0,1751325398,-98.4013,35.3564,11262.36,False,239.23,89.51,0.0,,11925.3,0762,False,0,2025-06-30 23:16:38
a130cb,EDV5194 ,United States,1751325398.0,1751325398,-81.7523,41.4782,830.58,False,86.96,223.8,-5.2,,792.48,7402,False,0,2025-06-30 23:16:38
aa7f28,UAL1230 ,United States,1751325397.0,1751325397,-123.3317,44.5927,10668.0,False,219.2,178.79,0.0,,11117.58,7053,False,0,2025-06-30 23:16:38
aa7f27,UAL326  ,United States,1751325397.0,1751325397,-79.4628,37.8131,7787.64,False,234.76,237.53,1.3,,8229.6,3703,False,0,2025-06-30 23:16:38
a2b3a2,SWA1437 ,United States,1751325397.0,1751325397,-98.2673,43.4421,11582.4,False,206.46,280.19,0.33,,12009.12,3167,False,0,2025-06-30 23:16:38
0d08f3,VIV4024 ,Mexico,1751325397.0,1751325397,-100.0769,25.7621,769.62,False,95.6,122.92,8.78,,792.48,,False,0,2025-06-30 23:16:38
a779eb,DAL795  ,United States,1751325397.0,1751325397,-97.6932,37.2681,10652.76,False,256.52,87.13,0.33,,11269.98,,False,0,2025-06-30 23:16:38
a81f1f,QXE2071 ,United States,1751325397.0,1751325397,-116.1229,43.4779,1600.2,False,99.76,34.92,-5.2,,1638.3,,False,0,2025-06-30 23:16:38
a406c9,FFT2017 ,United States,1751325393.0,1751325397,-115.1424,36.079,,True,9.77,0.0,,,,2140,False,0,2025-06-30 23:16:38
0d08eb,VOI1716 ,Mexico,1751325371.0,1751325377,-118.369,33.9388,121.92,False,67.38,262.98,-3.58,,83.82,4263,True,0,2025-06-30 23:16:38
0d08ef,AMX687  ,Mexico,1751325397.0,1751325397,-94.577,35.0974,10972.8,False,227.45,220.14,0.33,,11635.74,4430,True,0,2025-06-30 23:16:38
a81f29,N622RG  ,United States,1751325382.0,1751325382,-72.3592,42.577,914.4,False,35.92,218.02,-0.33,,937.26,1200,False,0,2025-06-30 23:16:38
c05056,ACA1068 ,Canada,1751325396.0,1751325397,-98.2813,45.3379,11277.6,False,256.14,119.35,0.33,,11666.22,,False,0,2025-06-30 23:16:38
aa7f03,UAL2400 ,United States,1751325398.0,1751325398,-74.9357,45.9885,9753.6,False,216.58,298.21,0.0,,10195.56,1462,False,0,2025-06-30 23:16:38
aa7f02,UAL1008 ,United States,1751325397.0,1751325397,-97.4224,30.8236,10058.4,False,251.28,96.82,-0.33,,10675.62,6370,False,0,2025-06-30 23:16:38
aa7f01,UAL1069 ,United States,1751325397.0,1751325397,-87.4689,42.0508,1242.06,False,104.4,172.07,0.0,,1242.06,6270,False,0,2025-06-30 23:16:38
a539c9,DAL220  ,United States,1751325398.0,1751325398,-99.3033,44.4273,11277.6,False,250.92,72.83,0.0,,11711.94,,False,0,2025-06-30 23:16:38
abedc8,AAL1263 ,United States,1751325397.0,1751325397,-95.974,33.5176,5151.12,False,198.55,243.37,-10.08,,5440.68,1016,False,0,2025-06-30 23:16:38
a8b14f,N65956  ,United States,1751325398.0,1751325398,-96.7444,33.2236,1074.42,False,64.42,18.15,-1.63,,1097.28,1425,False,0,2025-06-30 23:16:38
c0636a,PTR2636 ,Canada,1751325397.0,1751325397,-79.432,44.6611,4671.06,False,158.5,119.56,-9.43,,4838.7,7172,False,0,2025-06-30 23:16:38
c0636c,PTR2292 ,Canada,1751325398.0,1751325398,-72.2895,45.5771,6697.98,False,165.04,263.92,0.33,,7010.4,,False,0,2025-06-30 23:16:38
a779b0,ASA396  ,United States,1751325382.0,1751325382,-117.298,42.4158,11582.4,False,228.92,340.71,0.0,,12146.28,,False,0,2025-06-30 23:16:38
c0506b,ACA581  ,Canada,1751325398.0,1751325398,-89.4232,34.8267,11582.4,False,230.63,224.64,0.0,,12291.06,0603,False,0,2025-06-30 23:16:38
a7419b,N567HA  ,United States,1751325378.0,1751325380,-75.1168,38.3105,30.48,False,7.85,211.61,-0.98,,-15.24,,False,0,2025-06-30 23:16:38
a92ae9,EDV5180 ,United States,1751325390.0,1751325390,-84.4416,33.6365,,True,6.17,53.44,,,,5437,False,0,2025-06-30 23:16:38
ab3132,N820DM  ,United States,1751325397.0,1751325398,-118.2575,33.7788,1059.18,False,40.33,113.29,2.6,,1043.94,,False,0,2025-06-30 23:16:38
a43c56,MVK89   ,United States,1751325238.0,1751325238,-93.5231,44.0102,1257.3,False,59.68,136.4,-3.25,,1272.54,,False,0,2025-06-30 23:16:38
a9f777,NKS2357 ,United States,1751325395.0,1751325395,-108.8497,35.485,10050.78,False,228.52,99.59,-0.33,,10652.76,,False,0,2025-06-30 23:16:38
ac6445,AAL1559 ,United States,1751325397.0,1751325397,-87.654,41.9658,1203.96,False,114.72,270.26,-4.23,,1219.2,0520,False,0,2025-06-30 23:16:38
acb4e1,N918FA  ,United States,1751325393.0,1751325393,-117.1662,33.502,1066.8,False,47.43,192.53,1.3,,1066.8,,False,0,2025-06-30 23:16:38
c1e884,,Canada,1751325283.0,1751325283,-79.6344,43.68,,True,5.66,236.25,,,,,False,0,2025-06-30 23:16:38
abdd6d,SWA2676 ,United States,1751325398.0,1751325398,-97.0816,41.507,11269.98,False,255.6,73.75,0.0,,11757.66,3721,False,0,2025-06-30 23:16:38
ade7f4,DSU08   ,United States,1751325397.0,1751325397,-90.7569,33.7487,182.88,False,38.64,176.95,3.58,,160.02,1200,False,0,2025-06-30 23:16:38
abdd91,SWA1043 ,United States,1751325397.0,1751325397,-87.2498,41.5327,1737.36,False,135.74,297.05,-4.55,,1775.46,4036,False,0,2025-06-30 23:16:38
ae07ed,PEND84  ,United States,1751325398.0,1751325398,-122.8413,38.1741,1409.7,False,105.67,276.71,0.0,,1424.94,1740,False,0,2025-06-30 23:16:38
a7ff72,SKW5214 ,United States,1751325395.0,1751325397,-113.5305,33.8484,10363.2,False,210.38,276.88,0.33,,10942.32,2672,False,0,2025-06-30 23:16:38
a4e0ec,SKW3469 ,United States,1751325331.0,1751325337,-122.5993,45.5914,,True,5.66,118.12,,,,3245,False,0,2025-06-30 23:16:38
a07ee3,N13096  ,United States,1751325391.0,1751325392,-123.0309,46.0553,1569.72,False,56.63,177.92,-0.65,,1607.82,,False,0,2025-06-30 23:16:38
c0523f,ROU1795 ,Canada,1751325397.0,1751325397,-77.903,35.1413,10668.0,False,234.24,353.06,0.33,,11277.6,4154,False,0,2025-06-30 23:16:38
a81f83,SKW5978 ,United States,1751325283.0,1751325283,-115.4428,38.4741,10363.2,False,212.86,256.3,0.0,,10927.08,,False,0,2025-06-30 23:16:38
ad84db,NKS236  ,United States,1751325325.0,1751325325,-80.164,26.0659,0.0,False,68.94,90.0,-3.58,,60.96,,False,0,2025-06-30 23:16:38
a8d6bd,PDT5899 ,United States,1751325397.0,1751325397,-79.8625,34.6014,4564.38,False,197.54,301.04,-5.53,,4815.84,,False,0,2025-06-30 23:16:38
a9f6b9,SKW6413 ,United States,1751325170.0,1751325170,-97.2478,27.1528,5113.02,False,176.88,187.35,-10.73,,5440.68,6271,False,0,2025-06-30 23:16:38
c05271,ASP595  ,Canada,1751325397.0,1751325398,-80.9261,44.7482,10073.64,False,218.09,137.39,-7.8,,10485.12,2110,False,0,2025-06-30 23:16:38
a8c3a2,FFT3696 ,United States,1751325397.0,1751325398,-121.8857,46.352,10355.58,False,225.11,165.17,6.18,,10797.54,6602,False,0,2025-06-30 23:16:38
a993ad,JIA5419 ,United States,1751325396.0,1751325397,-81.2537,32.1292,175.26,False,69.45,90.42,-4.55,,167.64,2137,False,0,2025-06-30 23:16:38
a860b7,RPA3453 ,United States,1751325398.0,1751325398,-78.426,38.8698,5920.74,False,182.17,284.39,6.83,,6256.02,3625,False,0,2025-06-30 23:16:38
a43c7a,DAL3113 ,United States,1751325397.0,1751325397,-93.0,43.0612,9753.6,False,225.94,334.08,-0.33,,10119.36,1336,False,0,2025-06-30 23:16:38
acea3e,JSX851  ,United States,1751325397.0,1751325398,-75.5569,38.3124,10370.82,False,229.15,213.37,-0.98,,10957.56,3004,False,0,2025-06-30 23:16:38
a13227,CXK184  ,United States,1751325398.0,1751325398,-115.1406,35.9459,2011.68,False,64.91,18.0,-0.65,,2065.02,,False,0,2025-06-30 23:16:38
a3d3f0,DAL581  ,United States,1751325389.0,1751325389,-84.0318,33.5056,1341.12,False,119.89,358.77,-6.5,,1577.34,3122,False,0,2025-06-30 23:16:38
c0653d,ACA546  ,Canada,1751325397.0,1751325397,-115.4085,48.8345,10668.0,False,252.49,93.27,0.33,,11117.58,4531,False,0,2025-06-30 23:16:38
a500ab,N421PR  ,United States,1751325397.0,1751325397,-84.4406,35.919,2720.34,False,111.6,347.76,-4.55,,2827.02,5451,False,0,2025-06-30 23:16:38
0d0997,,Mexico,1751325026.0,1751325279,-112.626,29.8354,10972.8,False,231.99,317.79,0.0,,11635.74,,False,0,2025-06-30 23:16:38
aca1da,ASA1198 ,United States,1751325398.0,1751325398,-118.9209,35.6926,10668.0,False,228.0,167.09,0.0,,11224.26,1637,False,0,2025-06-30 23:16:38
a1588d,N186SG  ,United States,1751325351.0,1751325354,-122.345,48.3603,556.26,False,65.58,355.05,0.0,,571.5,,False,0,2025-06-30 23:16:38
c1e844,,Canada,1751325395.0,1751325395,-79.664,43.6772,,True,15.43,225.0,,,,,False,0,2025-06-30 23:16:38
a26535,N2531Y  ,United States,1751325398.0,1751325398,-93.6931,42.8907,1341.12,False,53.82,301.72,-1.63,,1341.12,,False,0,2025-06-30 23:16:38
aca1dd,AAL2376 ,United States,1751325398.0,1751325398,-115.0299,36.0737,1097.28,False,85.55,266.55,-5.85,,1074.42,2203,False,0,2025-06-30 23:16:38
a5ac3b,AAL3276 ,United States,1751325397.0,1751325397,-88.8072,35.2884,9753.6,False,234.06,253.4,0.33,,10378.44,7147,False,0,2025-06-30 23:16:38
c06539,ACA557  ,Canada,1751325398.0,1751325398,-122.0162,45.0515,11582.4,False,249.5,356.34,0.0,,12077.7,7072,False,0,2025-06-30 23:16:38
a1a844,N20592  ,United States,1751325398.0,1751325398,-97.7839,43.6232,944.88,False,34.09,275.19,-0.33,,960.12,1200,False,0,2025-06-30 23:16:38
c0522f,CGFDE   ,Canada,1751325398.0,1751325398,-72.9339,45.4725,1127.76,False,23.6,163.54,-0.33,,,,False,0,2025-06-30 23:16:38
c05220,ROU1924 ,Canada,1751325398.0,1751325398,-80.5004,44.4155,6477.0,False,178.46,137.8,-11.38,,6758.94,1111,False,0,2025-06-30 23:16:38
a06bd3,AAL569  ,United States,1751325397.0,1751325397,-94.2493,32.353,10972.8,False,229.97,263.32,0.0,,11643.36,3146,False,0,2025-06-30 23:16:38
aba91b,UAL414C ,United States,1751325398.0,1751325398,-115.2958,35.6727,11582.4,False,224.89,230.85,0.0,,12230.1,3715,False,0,2025-06-30 23:16:38
a79c54,00000000,United States,1751325397.0,1751325398,-89.7915,28.2359,12192.0,False,232.67,274.31,-0.65,,12893.04,,False,0,2025-06-30 23:16:38
ac0fb6,SWA853  ,United States,1751325398.0,1751325398,-91.3607,42.0797,9144.0,False,202.74,271.31,0.0,,9532.62,6571,False,0,2025-06-30 23:16:38
aa6d40,PCM7720 ,United States,1751325398.0,1751325398,-121.6971,38.7652,960.12,False,67.08,318.73,4.55,,937.26,4515,False,0,2025-06-30 23:16:38
c00eb0,ACA629  ,Canada,1751325398.0,1751325398,-79.0546,43.8759,2171.7,False,123.32,234.85,-1.3,,2202.18,7042,False,0,2025-06-30 23:16:38
abdd09,SWA45   ,United States,1751325398.0,1751325398,-96.2325,30.255,4282.44,False,180.48,155.41,-9.75,,4533.9,5777,False,0,2025-06-30 23:16:38
a2a216,N269TA  ,United States,1751325397.0,1751325397,-100.5837,34.1561,12504.42,False,245.56,104.56,1.3,,13144.5,,False,0,2025-06-30 23:16:38
a2a213,SKW3777 ,United States,1751325205.0,1751325206,-119.3286,36.8895,2910.84,False,143.98,214.37,-14.31,,3025.14,,False,0,2025-06-30 23:16:38
abdd00,ASH6159 ,United States,1751325396.0,1751325397,-77.8622,40.4725,5791.2,False,199.09,170.78,0.65,,6080.76,2461,False,0,2025-06-30 23:16:38
aba7b0,DAL2833 ,United States,1751325397.0,1751325397,-88.6867,37.8812,8625.84,False,253.24,348.28,-4.88,,9121.14,1774,False,0,2025-06-30 23:16:38
aca29a,,United States,1751325249.0,1751325249,-77.4253,24.6778,10378.44,False,237.51,356.9,0.0,,10927.08,,False,0,2025-06-30 23:16:38
ac77d3,AAL2212 ,United States,1751325397.0,1751325397,-84.4173,40.5839,8412.48,False,218.29,279.91,4.88,,8846.82,4066,False,0,2025-06-30 23:16:38
c07854,CGTOT   ,Canada,1751325396.0,1751325397,-78.6534,44.1581,1120.14,False,73.13,352.72,0.65,,1089.66,5345,False,0,2025-06-30 23:16:38
a3852d,LXJ326  ,United States,1751325397.0,1751325397,-119.1022,39.8388,13319.76,False,237.12,54.45,4.23,,13975.08,3352,False,0,2025-06-30 23:16:38
a55bbf,N444ZG  ,United States,1751325397.0,1751325397,-73.415,40.752,190.5,False,26.52,161.92,-0.98,,167.64,,False,0,2025-06-30 23:16:38
a1589d,SKW3346 ,United States,1751325398.0,1751325398,-119.5552,34.5978,8534.4,False,221.9,315.0,0.0,,8953.5,1052,False,0,2025-06-30 23:16:38
aba7c2,VAR850  ,United States,1751325397.0,1751325397,-112.8985,33.28,1325.88,False,51.12,241.11,-7.8,,1325.88,1200,False,0,2025-06-30 23:16:38
abca00,AAL2491 ,United States,1751325398.0,1751325398,-94.9334,33.4844,9502.14,False,246.28,68.04,9.75,,10088.88,3676,False,0,2025-06-30 23:16:38
abdd1c,ASH6378 ,United States,1751325106.0,1751325123,-95.2598,29.9776,160.02,False,71.51,269.59,-3.58,,228.6,,False,0,2025-06-30 23:16:38
ab7a21,DAL2349 ,United States,1751325397.0,1751325397,-93.0135,44.8041,1120.14,False,107.34,285.57,-4.55,,1120.14,,False,0,2025-06-30 23:16:38
aabd56,SKW4685 ,United States,1751325397.0,1751325397,-92.0352,45.285,8839.2,False,245.3,159.63,0.33,,9090.66,,False,0,2025-06-30 23:16:38
aaaa1e,SWA3629 ,United States,1751325398.0,1751325398,-95.8907,39.6073,9639.3,False,210.75,289.98,13.33,,10134.6,,False,0,2025-06-30 23:16:38
a37265,DAL2310 ,United States,1751325398.0,1751325398,-77.0299,35.7869,10363.2,False,234.54,203.53,0.0,,10965.18,3355,False,0,2025-06-30 23:16:38
a037b4,N113DS  ,United States,1751325397.0,1751325397,-84.3898,37.4915,2270.76,False,88.07,147.89,0.0,,2354.58,3121,False,0,2025-06-30 23:16:38
a037b9,DAL653  ,United States,1751325398.0,1751325398,-94.8536,36.2618,10363.2,False,223.72,287.39,0.33,,10980.42,2277,False,0,2025-06-30 23:16:38
ab8d76,ASH6014 ,United States,1751325398.0,1751325398,-88.9239,35.326,6690.36,False,204.07,237.35,12.35,,7086.6,5654,False,0,2025-06-30 23:16:38
a980da,N711MC  ,United States,1751325397.0,1751325397,-115.5323,35.7616,4907.28,False,192.34,30.54,0.33,,5181.6,4617,False,0,2025-06-30 23:16:38
ab31c1,N820KE  ,United States,1751325397.0,1751325397,-122.9468,48.5187,502.92,False,59.11,58.52,-0.33,,502.92,,False,0,2025-06-30 23:16:38
acb4c1,DAL1962 ,United States,1751325398.0,1751325398,-84.229,33.539,1615.44,False,104.32,67.99,-7.8,,1699.26,4631,False,0,2025-06-30 23:16:38
abdd63,SKW5535 ,United States,1751325345.0,1751325370,-120.7452,43.3687,7833.36,False,198.26,171.34,5.85,,8252.46,,False,0,2025-06-30 23:16:38
ac64cf,UAL1028 ,United States,1751325397.0,1751325397,-97.1685,26.3482,10972.8,False,235.6,209.14,0.0,,11673.84,0503,False,0,2025-06-30 23:16:38
abdd4a,SWA4712 ,United States,1751325398.0,1751325398,-115.4297,33.8168,11269.98,False,249.15,67.67,3.58,,11902.44,2052,False,0,2025-06-30 23:16:38
ad1d3d,AAL2242 ,United States,1751325398.0,1751325398,-85.7132,35.7078,11582.4,False,237.29,254.28,0.0,,12268.2,4162,False,0,2025-06-30 23:16:38
aaaa4a,SWA786  ,United States,1751325397.0,1751325397,-98.7423,30.3376,8336.28,False,214.92,276.6,14.96,,8846.82,2547,False,0,2025-06-30 23:16:38
a43bd1,N372GB  ,United States,1751325318.0,1751325318,-81.4353,40.9176,,True,0.0,135.0,,,,,False,0,2025-06-30 23:16:38
abdd67,SKW5393 ,United States,1751325205.0,1751325209,-104.6602,39.8699,1607.82,False,74.6,180.79,-4.88,,1691.64,,False,0,2025-06-30 23:16:38
aabd7f,UAL990  ,United States,1751325397.0,1751325397,-115.9798,46.5125,10668.0,False,266.68,34.15,0.0,,11178.54,,False,0,2025-06-30 23:16:38
abca36,EJA859  ,United States,1751325398.0,1751325398,-77.2876,39.24,3063.24,False,205.48,59.45,0.0,,3177.54,3672,False,0,2025-06-30 23:16:38
a80bf0,N6176G  ,United States,1751325397.0,1751325397,-80.1545,25.6281,403.86,False,40.46,191.74,1.3,,426.72,,False,0,2025-06-30 23:16:38
a7b88d,MTU97   ,United States,1751325377.0,1751325377,-86.574,35.1976,1531.62,False,62.54,15.75,1.63,,1584.96,5513,False,0,2025-06-30 23:16:38
ad2efa,DAL1783 ,United States,1751325397.0,1751325397,-86.4307,37.1611,11277.6,False,226.7,191.39,0.0,,11940.54,6611,False,0,2025-06-30 23:16:38
c050c5,ACA377  ,Canada,1751325397.0,1751325397,-73.7455,45.4613,,True,6.43,317.81,,,,,False,0,2025-06-30 23:16:38
c050c0,ACA1282 ,Canada,1751325397.0,1751325397,-79.4295,43.7904,944.88,False,83.44,228.25,0.33,,906.78,6730,False,0,2025-06-30 23:16:38
ac523c,UAL1990 ,United States,1751325397.0,1751325398,-94.6885,31.8008,10050.78,False,250.49,41.09,0.0,,10652.76,6154,True,0,2025-06-30 23:16:38
a4f59c,AAL478  ,United States,1751325123.0,1751325123,-111.993,33.4397,,True,1.54,90.0,,,,,False,0,2025-06-30 23:16:38
ac789b,SWA218  ,United States,1751325398.0,1751325398,-88.9692,35.2328,11582.4,False,216.93,189.42,0.0,,12252.96,3177,False,0,2025-06-30 23:16:38
acc86f,CXK148  ,United States,1751325364.0,1751325364,-88.5461,42.6652,731.52,False,41.78,184.24,-0.98,,708.66,1200,False,0,2025-06-30 23:16:38
a1a7a2,N2055E  ,United States,1751325338.0,1751325338,-80.5348,34.9439,906.78,False,49.55,102.59,0.0,,922.02,,False,0,2025-06-30 23:16:38
a157d9,RTY186  ,United States,1751325398.0,1751325398,-105.0445,40.5135,1691.64,False,52.16,104.86,-1.95,,1767.84,,False,0,2025-06-30 23:16:38
a6cbdd,EJA537  ,United States,1751325398.0,1751325398,-95.2912,38.2455,13106.4,False,197.25,267.31,0.0,,13716.0,1533,False,0,2025-06-30 23:16:38
a3729a,LXJ321  ,United States,1751325389.0,1751325389,-122.218,47.4964,,True,0.0,351.56,,,,,False,0,2025-06-30 23:16:38
a2529e,N249ND  ,United States,1751325398.0,1751325398,-70.8618,43.2627,1371.6,False,47.8,235.97,0.0,,1386.84,,False,0,2025-06-30 23:16:38
a98219,DAL2240 ,United States,1751325398.0,1751325398,-105.6895,31.4383,11277.6,False,244.05,126.77,0.0,,11932.92,0732,False,0,2025-06-30 23:16:38
c063eb,WJA431  ,Canada,1751325398.0,1751325398,-89.1095,48.6297,10972.8,False,227.51,302.25,0.0,,11201.4,,False,0,2025-06-30 23:16:38
a74277,N567RW  ,United States,1751325398.0,1751325398,-95.8128,31.9434,6263.64,False,199.01,333.1,-9.75,,6637.02,6211,False,0,2025-06-30 23:16:38
a9e526,N737BA  ,United States,1751325397.0,1751325398,-80.2979,26.2884,579.12,False,44.43,227.82,0.33,,609.6,,False,0,2025-06-30 23:16:38
a1a7de,N20565  ,United States,1751325398.0,1751325398,-69.1934,44.0455,1036.32,False,44.42,118.35,0.33,,1043.94,,False,0,2025-06-30 23:16:38
a63563,N5BM    ,United States,1751325398.0,1751325398,-117.0097,32.7712,762.0,False,47.54,256.87,1.63,,731.52,,False,0,2025-06-30 23:16:38
a81ee1,NKS2320 ,United States,1751325167.0,1751325167,-82.5323,27.9778,,True,1.8,191.25,,,,7441,False,0,2025-06-30 23:16:38
a1dd2d,RPA5724 ,United States,1751325392.0,1751325392,-73.8788,40.7775,,True,3.6,216.56,,,,,False,0,2025-06-30 23:16:38
a3c259,EDV5322 ,United States,1751325397.0,1751325397,-77.0363,38.8374,198.12,False,73.87,174.81,14.63,,175.26,4602,False,0,2025-06-30 23:16:38
a18d65,N2AV    ,United States,1751325397.0,1751325397,-122.539,45.0968,2743.2,False,51.66,195.0,6.5,,2872.74,,False,0,2025-06-30 23:16:38
a144e1,N181FA  ,United States,1751325398.0,1751325398,-78.279,35.9215,1028.7,False,47.1,111.8,0.98,,1051.56,0055,False,0,2025-06-30 23:16:38
ab329e,UAL301  ,United States,1751325398.0,1751325398,-104.205,34.3399,10957.56,False,233.48,329.99,0.0,,11590.02,2047,False,0,2025-06-30 23:16:38
a9f821,N741VE  ,United States,1751325397.0,1751325397,-98.4907,33.0708,8549.64,False,238.33,304.89,0.0,,9083.04,2241,False,0,2025-06-30 23:16:38
a74224,JIA5145 ,United States,1751325397.0,1751325398,-93.5884,36.4945,10668.0,False,254.47,35.04,0.65,,11300.46,2324,False,0,2025-06-30 23:16:38
a67bd3,DAL7    ,United States,1751325398.0,1751325398,-118.9816,33.9415,3352.8,False,183.66,284.27,3.25,,3474.72,,False,0,2025-06-30 23:16:38
a8d83f,N66913  ,United States,1751325398.0,1751325398,-94.2199,35.9874,2773.68,False,80.02,184.79,0.0,,2880.36,1557,False,0,2025-06-30 23:16:38
acb59c,AAL1564 ,United States,1751325398.0,1751325398,-88.2855,42.0428,3268.98,False,145.31,287.09,6.18,,3368.04,1341,False,0,2025-06-30 23:16:38
a0aa2b,AAL1635 ,United States,1751325398.0,1751325398,-95.7224,30.3412,3985.26,False,160.26,139.82,-5.85,,4221.48,2375,False,0,2025-06-30 23:16:38
a5157b,N42689  ,United States,1751325397.0,1751325397,-93.1723,44.5297,1158.24,False,52.76,316.19,0.0,,1150.62,,False,0,2025-06-30 23:16:38
a43d09,UPS9787 ,United States,1751325397.0,1751325397,-85.2042,32.2594,11590.02,False,234.15,329.21,0.0,,12275.82,3214,False,0,2025-06-30 23:16:38
a0aa1b,UCA4977 ,United States,1751325398.0,1751325398,-77.7578,42.0941,8923.02,False,242.01,39.31,-7.15,,9387.84,3705,False,0,2025-06-30 23:16:38
a3c274,EJA341  ,United States,1751325397.0,1751325398,-89.3316,45.1112,5836.92,False,171.65,336.51,-10.73,,5951.22,7243,False,0,2025-06-30 23:16:38
a264a4,SWA1670 ,United States,1751325398.0,1751325398,-86.9377,35.6582,11582.4,False,231.33,256.37,0.0,,12252.96,0605,False,0,2025-06-30 23:16:38
8991e6,SJX032  ,Taiwan,1751325397.0,1751325398,-123.0274,48.0663,5212.08,False,175.33,103.06,-5.2,,5433.06,,False,0,2025-06-30 23:16:38
a8886d,UAL748  ,United States,1751325397.0,1751325397,-71.6278,41.9891,10675.62,False,247.47,46.68,0.33,,11239.5,3724,False,0,2025-06-30 23:16:38
aa1219,AAL3249 ,United States,1751325397.0,1751325397,-94.7111,41.3951,6614.16,False,247.87,86.67,8.45,,6880.86,,False,0,2025-06-30 23:16:38
a397ab,N330VA  ,United States,1751325397.0,1751325397,-94.8577,38.3745,1813.56,False,58.68,357.99,-0.65,,1851.66,,False,0,2025-06-30 23:16:38
a62265,N4948A  ,United States,1751325397.0,1751325397,-123.2661,44.6086,2377.44,False,93.63,0.31,1.63,,2499.36,1200,False,0,2025-06-30 23:16:38
a9f818,AAL2717 ,United States,1751325397.0,1751325397,-89.4297,42.7838,11277.6,False,255.14,116.72,0.0,,11757.66,5620,False,0,2025-06-30 23:16:38
ad727d,AAL448R ,United States,1751325397.0,1751325397,-107.3692,31.9898,11277.6,False,246.31,100.35,0.0,,11940.54,,False,0,2025-06-30 23:16:38
aa6ba6,SWA1450 ,United States,1751325397.0,1751325397,-96.1187,32.6826,5867.4,False,221.9,94.52,10.08,,6195.06,3653,False,0,2025-06-30 23:16:38
a7fed3,JIA5429 ,United States,1751325397.0,1751325397,-84.5236,32.9309,10668.0,False,243.05,221.65,0.33,,11330.94,3506,False,0,2025-06-30 23:16:38
ad9811,AAL1595 ,United States,1751325398.0,1751325398,-112.5216,37.59,10058.4,False,240.89,62.94,0.33,,10614.66,7370,False,0,2025-06-30 23:16:38
0d07b3,VOI1823 ,Mexico,1751325275.0,1751325275,-114.3766,30.6006,11887.2,False,234.63,131.8,-0.33,,12588.24,3316,False,0,2025-06-30 23:16:38
a9d284,ASA397  ,United States,1751325398.0,1751325398,-85.5397,30.4362,10363.2,False,238.85,264.31,0.0,,10980.42,1614,False,0,2025-06-30 23:16:38
a384f2,DAL2329 ,United States,1751325398.0,1751325398,-78.5965,35.1965,10294.62,False,242.04,207.06,3.9,,10888.98,5631,False,0,2025-06-30 23:16:38
a2a1a5,ENY4087 ,United States,1751325397.0,1751325397,-84.972,35.9158,10363.2,False,229.9,275.26,0.33,,10988.04,7032,False,0,2025-06-30 23:16:38
ab8ba5,WWI84   ,United States,1751325396.0,1751325397,-110.7961,37.3336,10675.62,False,241.09,71.72,0.0,,11239.5,1055,False,0,2025-06-30 23:16:38
a42a15,XSR368  ,United States,1751325398.0,1751325398,-79.0816,42.506,6492.24,False,151.3,230.52,8.78,,6789.42,7427,False,0,2025-06-30 23:16:38
ade812,CAP132  ,United States,1751325398.0,1751325398,-86.9785,34.7164,640.08,False,65.25,17.43,0.33,,632.46,,False,0,2025-06-30 23:16:38
a754b5,UAL618  ,United States,1751325398.0,1751325398,-73.5519,43.2018,4884.42,False,182.32,262.05,-0.33,,5082.54,1520,False,0,2025-06-30 23:16:38
ad2ea4,AAL1568 ,United States,1751325397.0,1751325397,-97.6706,30.2009,,True,7.72,90.0,,,,0276,False,0,2025-06-30 23:16:38
ad2ea1,ASA507  ,United States,1751325398.0,1751325398,-86.5088,34.7815,10363.2,False,236.8,275.74,0.0,,10988.04,5020,False,0,2025-06-30 23:16:38
a18d6b,N2BA    ,United States,1751325327.0,1751325338,-81.7169,28.7817,175.26,False,36.88,67.01,-2.93,,213.36,,False,0,2025-06-30 23:16:38
ab4545,N825UW  ,United States,1751325140.0,1751325140,-82.3677,29.4492,662.94,False,80.06,226.56,-0.98,,708.66,2355,False,0,2025-06-30 23:16:38
a3d4ed,AAL1253 ,United States,1751325397.0,1751325397,-113.2576,39.1097,10972.8,False,233.48,253.88,0.0,,11559.54,1013,False,0,2025-06-30 23:16:38
ab586f,AAL3119 ,United States,1751325396.0,1751325396,-83.9904,35.8077,,True,0.0,210.94,,,,5710,False,0,2025-06-30 23:16:38
a30a7b,N2950X  ,United States,1751325398.0,1751325398,-75.051,40.6896,457.2,False,44.86,130.82,0.0,,449.58,,False,0,2025-06-30 23:16:38
a42a5c,DAL1060 ,United States,1751325393.0,1751325395,-97.665,30.2003,,True,0.0,78.75,,,,4661,False,0,2025-06-30 23:16:38
a7a59f,JBU1252 ,United States,1751325398.0,1751325398,-73.5071,40.3195,5356.86,False,192.2,39.57,-4.88,,5661.66,2465,False,0,2025-06-30 23:16:38
0aca28,AVA263  ,Colombia,1751324964.0,1751325127,-79.2829,24.2492,11285.22,False,252.27,167.64,0.0,,11879.58,1325,False,0,2025-06-30 23:16:38
abeeea,SWA2115 ,United States,1751325397.0,1751325397,-104.6743,39.0279,2651.76,False,122.57,213.36,0.33,,2811.78,,False,0,2025-06-30 23:16:38
a9f87d,RPA3602 ,United States,1751325393.0,1751325398,-77.4573,38.9396,,True,0.0,180.0,,,,,False,0,2025-06-30 23:16:38
ad720d,N9657G  ,United States,1751325398.0,1751325398,-74.4033,39.3639,495.3,False,57.43,18.27,-0.33,,480.06,,False,0,2025-06-30 23:16:38
a3d4b5,MVK43   ,United States,1751325085.0,1751325099,-93.7554,44.1737,1013.46,False,67.82,125.74,-2.93,,990.6,,False,0,2025-06-30 23:16:38
aba891,AAL2194 ,United States,1751325398.0,1751325398,-80.0452,25.786,2103.12,False,145.0,48.16,-0.33,,2232.66,,False,0,2025-06-30 23:16:38
a2b4ea,UAL1194 ,United States,1751325398.0,1751325398,-77.149,35.1649,10972.8,False,243.4,197.59,0.0,,11605.26,3707,False,0,2025-06-30 23:16:38
a371c9,N3208J  ,United States,1751325397.0,1751325398,-122.5958,45.7514,1638.3,False,40.25,141.23,-1.63,,1691.64,,False,0,2025-06-30 23:16:38
c0517e,WJA281  ,Canada,1751325398.0,1751325398,-78.2106,44.3273,6324.6,False,160.23,236.26,-7.8,,6591.3,3135,False,0,2025-06-30 23:16:38
aa127e,RPA3303 ,United States,1751325398.0,1751325398,-89.119,43.0133,937.26,False,106.13,266.94,-0.33,,929.64,6071,False,0,2025-06-30 23:16:38
a42a37,EDV5053 ,United States,1751325374.0,1751325374,-83.3598,42.2351,312.42,False,70.45,208.81,-2.28,,251.46,,False,0,2025-06-30 23:16:38
a1cdd8,UAL2641 ,United States,1751325387.0,1751325392,-74.1865,40.6847,,True,0.0,222.19,,,,,False,0,2025-06-30 23:16:38
a1110b,N168SW  ,United States,1751325398.0,1751325398,-111.938,33.6129,899.16,False,84.96,290.19,10.4,,838.2,,False,0,2025-06-30 23:16:38
a2edb4,SWA4247 ,United States,1751325398.0,1751325398,-89.9597,38.6655,1516.38,False,132.28,261.05,0.0,,1562.1,2751,False,0,2025-06-30 23:16:38
a3b414,FFT2443 ,United States,1751325398.0,1751325398,-95.404,35.4825,10980.42,False,233.0,321.81,-1.3,,11635.74,6225,False,0,2025-06-30 23:16:38
a9c2de,SKW6536 ,United States,1751325398.0,1751325398,-90.1435,41.8234,8397.24,False,196.22,265.04,5.2,,8755.38,5614,False,0,2025-06-30 23:16:38
a17dce,ELZ9    ,United States,1751325397.0,1751325398,-117.8228,33.7483,480.06,False,78.01,207.92,-3.9,,441.96,,False,0,2025-06-30 23:16:38
a3b41a,LXJ338  ,United States,1751325369.0,1751325376,-89.9091,34.9022,929.64,False,145.87,64.07,-0.98,,960.12,3245,False,0,2025-06-30 23:16:38
a0ade2,AAL2885 ,United States,1751325398.0,1751325398,-115.7639,32.726,7421.88,False,249.91,83.86,3.9,,7848.6,,False,0,2025-06-30 23:16:38
ab1203,AAL1888 ,United States,1751325397.0,1751325397,-80.453,34.4824,7848.6,False,236.77,67.11,-5.2,,8328.66,6414,False,0,2025-06-30 23:16:38
a77b76,AAL1031 ,United States,1751325398.0,1751325398,-94.957,35.8923,10965.18,False,228.94,313.09,-0.33,,11612.88,5725,False,0,2025-06-30 23:16:38
ac583f,DAL919  ,United States,1751325398.0,1751325398,-84.5273,33.8709,3619.5,False,157.48,353.25,10.73,,3787.14,3120,False,0,2025-06-30 23:16:38
a8fe5d,NKS2662 ,United States,1751325397.0,1751325397,-82.6478,39.9781,922.02,False,108.8,276.79,0.0,,914.4,2032,False,0,2025-06-30 23:16:38
ab252d,WUP817  ,United States,1751325398.0,1751325398,-74.1166,40.181,152.4,False,73.19,132.44,9.1,,129.54,,False,0,2025-06-30 23:16:38
a972d3,FFT71   ,United States,1751325397.0,1751325397,-100.8814,36.3456,10355.58,False,240.85,326.41,0.0,,10949.94,6161,False,0,2025-06-30 23:16:38
ab1210,PRY01   ,United States,1751325397.0,1751325397,-94.3087,30.0114,8237.22,False,123.99,33.49,0.0,,8755.38,6746,False,0,2025-06-30 23:16:38
a91e92,N687PW  ,United States,1751325397.0,1751325397,-93.961,37.3548,2118.36,False,90.35,59.93,0.0,,2194.56,,False,0,2025-06-30 23:16:38
71c308,AAR212  ,Republic of Korea,1751325397.0,1751325398,-122.3087,37.51,2712.72,False,119.42,154.21,-4.55,,2804.16,7306,False,0,2025-06-30 23:16:38
ad7828,SWA2736 ,United States,1751325344.0,1751325344,-107.5749,40.201,10972.8,False,221.62,277.6,0.0,,11567.16,2754,False,0,2025-06-30 23:16:38
a9d5e7,UAL2394 ,United States,1751325397.0,1751325397,-87.8615,42.0028,388.62,False,80.26,270.73,-3.9,,358.14,3403,False,0,2025-06-30 23:16:38
a9d5e4,UAL2142 ,United States,1751325398.0,1751325398,-87.4844,36.3086,5219.7,False,210.74,283.7,12.68,,5478.78,1547,False,0,2025-06-30 23:16:38
a9e8fc,N738CG  ,United States,1751325397.0,1751325397,-70.892,42.5954,274.32,False,55.66,314.63,-0.65,,236.22,,False,0,2025-06-30 23:16:38
ab120b,DAL299  ,United States,1751325398.0,1751325398,-93.2197,44.9912,2804.16,False,163.66,121.24,-7.8,,2872.74,,False,0,2025-06-30 23:16:38
a6ab62,N529LL  ,United States,1751325398.0,1751325398,-84.6193,33.6809,3634.74,False,128.31,32.22,0.0,,3817.62,2420,False,0,2025-06-30 23:16:38
a2579f,N250BH  ,United States,1751325397.0,1751325397,-84.1799,35.3394,6903.72,False,214.41,209.15,-9.43,,7284.72,7365,False,0,2025-06-30 23:16:38
a1245e,AMX636  ,United States,1751325398.0,1751325398,-89.4825,36.062,11277.6,False,251.81,46.49,0.0,,11948.16,4244,False,0,2025-06-30 23:16:38
a24450,N245TW  ,United States,1751325398.0,1751325398,-93.563,44.6138,723.9,False,45.1,332.85,0.0,,716.28,,False,0,2025-06-30 23:16:38
a9e8cf,N738AM  ,United States,1751325397.0,1751325398,-117.1108,33.9428,1729.74,False,72.55,181.22,1.3,,1783.08,7252,False,0,2025-06-30 23:16:38
ac9ef7,JSX108  ,United States,1751325396.0,1751325396,-115.1671,36.0856,,True,5.4,298.12,,,,4754,False,0,2025-06-30 23:16:38
a9e8db,N738AZ  ,United States,1751325397.0,1751325397,-117.1679,32.8231,304.8,False,37.04,270.8,2.93,,266.7,,False,0,2025-06-30 23:16:38
a91e6e,NKS2190 ,United States,1751325397.0,1751325397,-88.7798,41.2329,4290.06,False,195.55,42.33,-8.45,,4457.7,2656,False,0,2025-06-30 23:16:38
a29dee,ENY4139 ,United States,1751325398.0,1751325398,-95.6398,33.7463,6141.72,False,204.93,237.51,-5.85,,6499.86,1767,False,0,2025-06-30 23:16:38
a37765,SKW4065 ,United States,1751325397.0,1751325397,-122.6119,46.8853,3436.62,False,157.94,43.42,-8.13,,3589.02,,False,0,2025-06-30 23:16:38
a59143,EJA458  ,United States,1751325396.0,1751325397,-97.5874,32.1721,4152.9,False,194.08,151.33,-12.35,,4381.5,3702,False,0,2025-06-30 23:16:38
47c98d,NBT41R  ,Norway,1751325397.0,1751325397,-114.7595,36.1945,10668.0,False,268.27,57.13,0.65,,11277.6,7751,False,0,2025-06-30 23:16:38
406b05,BAW97A  ,United Kingdom,1751325385.0,1751325391,-92.3796,32.1634,10363.2,False,235.2,233.18,0.0,,10995.66,7402,False,0,2025-06-30 23:16:38
a2dafe,N283VC  ,United States,1751325153.0,1751325153,-115.2023,36.2088,,True,3.6,196.88,,,,,False,0,2025-06-30 23:16:38
a05f31,DAL1556 ,United States,1751325397.0,1751325398,-121.6413,37.1563,1524.0,False,136.63,278.01,-7.8,,1554.48,3174,False,0,2025-06-30 23:16:38
a05f37,DAL711  ,United States,1751325398.0,1751325398,-93.2548,35.9026,10980.42,False,223.37,278.88,0.0,,11628.12,2506,False,0,2025-06-30 23:16:38
abbc52,SWA2870 ,United States,1751325398.0,1751325398,-86.5241,35.5446,11277.6,False,235.94,132.53,-0.33,,11948.16,4123,False,0,2025-06-30 23:16:38
a3514f,JBU49   ,United States,1751325397.0,1751325398,-90.7884,47.3663,10972.8,False,222.35,279.72,0.0,,11216.64,,False,0,2025-06-30 23:16:38
a77ab6,N581MD  ,United States,1751325397.0,1751325398,-94.5944,45.1345,8229.6,False,169.99,170.59,-0.33,,8465.82,,False,0,2025-06-30 23:16:38
a53afb,SCU49   ,United States,1751325211.0,1751325211,-96.1993,36.3716,1653.54,False,30.12,7.85,-1.3,,1714.5,,False,0,2025-06-30 23:16:38
acb9ed,AAL2864 ,United States,1751325397.0,1751325398,-106.0914,31.8562,10957.56,False,234.81,302.02,0.0,,11605.26,0726,False,0,2025-06-30 23:16:38
a8b722,N6604E  ,United States,1751325397.0,1751325398,-80.8042,28.3631,1036.32,False,42.34,332.5,0.0,,1104.9,1200,False,0,2025-06-30 23:16:38
a2dadf,YEL83   ,United States,1751325398.0,1751325398,-76.7463,36.4728,13716.0,False,211.31,33.38,0.33,,14348.46,2642,False,0,2025-06-30 23:16:38
a59167,SCU51   ,United States,1751325397.0,1751325397,-96.2452,36.3223,2148.84,False,62.35,356.69,2.93,,2217.42,,False,0,2025-06-30 23:16:38
a77ae0,DAL715  ,United States,1751325397.0,1751325397,-105.3308,30.9179,10668.0,False,245.95,116.19,0.0,,11308.08,1366,False,0,2025-06-30 23:16:38
a24493,SWA871  ,United States,1751325397.0,1751325397,-98.3033,30.4516,11285.22,False,252.1,44.59,0.33,,11963.4,2131,False,0,2025-06-30 23:16:38
aaf0c3,ASA1191 ,United States,1751325398.0,1751325398,-118.9677,36.1026,11582.4,False,252.63,350.27,0.33,,12192.0,7303,False,0,2025-06-30 23:16:38
c04453,WJA1582 ,Canada,1751325397.0,1751325397,-93.8992,45.6339,11277.6,False,255.39,106.5,0.0,,11590.02,,False,0,2025-06-30 23:16:38
a4c170,RPA9940 ,United States,1751325398.0,1751325398,-86.0287,40.2387,6118.86,False,200.4,26.04,5.85,,6431.28,4064,False,0,2025-06-30 23:16:38
acdc40,DAL2293 ,United States,1751325390.0,1751325395,-73.7835,40.6322,,True,0.0,8.44,,,,,False,0,2025-06-30 23:16:38
a6aaba,DAL604  ,United States,1751325361.0,1751325397,-93.8128,28.5296,9144.0,False,237.09,308.83,0.33,,9738.36,,False,0,2025-06-30 23:16:38
a6aabc,N529DV  ,United States,1751325390.0,1751325398,-122.6308,46.6526,1866.9,False,136.52,275.84,-7.48,,1912.62,,False,0,2025-06-30 23:16:38
a5916a,JCM458  ,United States,1751325388.0,1751325397,-81.3928,31.529,2042.16,False,145.38,170.84,-8.45,,2125.98,6132,False,0,2025-06-30 23:16:38
aaf0ce,AAL1408 ,United States,1751325398.0,1751325398,-74.2985,44.8367,10980.42,False,213.55,315.68,0.0,,11475.72,1401,False,0,2025-06-30 23:16:38
a3a110,N333BC  ,United States,1751325397.0,1751325397,-83.3179,38.6532,3063.24,False,71.88,255.07,0.0,,3185.16,,False,0,2025-06-30 23:16:38
aaf0ca,SCPR446 ,United States,1751325396.0,1751325398,-116.7338,47.7133,922.02,False,62.51,230.68,0.33,,944.88,,False,0,2025-06-30 23:16:38
a3c775,UAL2172 ,United States,1751325389.0,1751325396,-101.8522,46.5467,10949.94,False,208.9,296.63,2.28,,11376.66,1366,False,0,2025-06-30 23:16:38
a0af44,EJA143  ,United States,1751325398.0,1751325398,-107.7556,39.715,13106.4,False,247.83,239.02,0.33,,13769.34,1146,False,0,2025-06-30 23:16:38
ad63f7,DAL1683 ,United States,1751325395.0,1751325397,-84.992,34.0675,3939.54,False,177.17,131.23,0.0,,4145.28,3573,False,0,2025-06-30 23:16:38
a73410,SWA2674 ,United States,1751325397.0,1751325397,-104.5202,40.0014,2941.32,False,131.71,0.9,-7.8,,3124.2,7342,False,0,2025-06-30 23:16:38
abbc75,SWA528  ,United States,1751325397.0,1751325397,-96.3944,32.4689,2735.58,False,146.96,326.42,0.65,,2880.36,7001,False,0,2025-06-30 23:16:38
c05736,CGHAR   ,Canada,1751325164.0,1751325164,-123.3804,48.4251,,True,7.2,90.0,,,,,False,0,2025-06-30 23:16:38
a04c50,N1180N  ,United States,1751325397.0,1751325397,-80.6249,28.1437,998.22,False,51.76,153.43,-7.15,,1066.8,1200,False,0,2025-06-30 23:16:38
a3a138,N333CT  ,United States,1751325398.0,1751325398,-112.0389,41.2426,1577.34,False,56.08,178.95,0.0,,1607.82,,False,0,2025-06-30 23:16:38
c0440e,ACA745  ,Canada,1751325398.0,1751325398,-82.1409,43.9832,8625.84,False,209.38,270.42,1.63,,9029.7,6335,False,0,2025-06-30 23:16:38
a61457,N491FL  ,United States,1751324774.0,1751325238,-77.4277,35.9302,883.92,False,41.67,179.29,-1.95,,922.02,,False,0,2025-06-30 23:16:38
406b12,TOM727  ,United Kingdom,1751325294.0,1751325312,-77.1166,25.1334,11879.58,False,259.28,53.47,0.33,,12473.94,,False,0,2025-06-30 23:16:38
a4e6a1,N4149T  ,United States,1751325398.0,1751325398,-88.2674,40.0166,365.76,False,44.92,76.76,-3.58,,335.28,,False,0,2025-06-30 23:16:38
aaaf07,N788JA  ,United States,1751325396.0,1751325396,-81.5765,28.6834,205.74,False,49.56,85.24,-0.65,,228.6,,False,0,2025-06-30 23:16:38
a1cf6b,JBU188  ,United States,1751325398.0,1751325398,-93.4028,42.1208,10675.62,False,273.36,81.12,0.0,,11117.58,6751,False,0,2025-06-30 23:16:38
aaf18d,N804JM  ,United States,1751325398.0,1751325398,-105.7278,40.708,11871.96,False,236.1,60.64,-0.33,,12489.18,,False,0,2025-06-30 23:16:38
a639c0,N50YC   ,United States,1751325398.0,1751325398,-94.8274,38.7212,883.92,False,99.59,274.44,-0.98,,906.78,,False,0,2025-06-30 23:16:38
adb476,AAL2676 ,United States,1751325398.0,1751325398,-86.6289,32.8767,10050.78,False,234.7,58.26,0.33,,10675.62,1605,False,0,2025-06-30 23:16:38
a243d2,AAY104  ,United States,1751325398.0,1751325398,-114.399,35.8957,5753.1,False,211.44,90.42,10.4,,6096.0,,False,0,2025-06-30 23:16:38
a230a0,AIP640  ,United States,1751325397.0,1751325397,-111.9855,40.8755,2644.14,False,79.51,355.17,9.1,,2781.3,,False,0,2025-06-30 23:16:38
ada141,N9779H  ,United States,1751325398.0,1751325398,-83.7795,38.2138,2301.24,False,63.78,12.58,0.0,,2354.58,,False,0,2025-06-30 23:16:38
ab49d4,N8262S  ,United States,1751325398.0,1751325398,-89.063,42.9029,1074.42,False,45.38,93.9,2.28,,1043.94,,False,0,2025-06-30 23:16:38
a496a9,N395PH  ,United States,1751325397.0,1751325397,-91.3901,39.9277,7315.2,False,143.86,3.9,-0.33,,7673.34,2140,False,0,2025-06-30 23:16:38
a389eb,AAL833  ,United States,1751325397.0,1751325398,-80.2662,25.5115,3238.5,False,162.46,209.81,4.88,,3421.38,,False,0,2025-06-30 23:16:38
a4e6c0,AAL1105 ,United States,1751325397.0,1751325397,-81.3159,34.9156,3771.9,False,161.37,42.03,-3.9,,3970.02,6433,False,0,2025-06-30 23:16:38
a8a478,QXE2091 ,United States,1751325397.0,1751325397,-118.2886,33.9637,624.84,False,90.16,263.12,-4.55,,601.98,6615,False,0,2025-06-30 23:16:38
ab6c01,FDY408  ,United States,1751325394.0,1751325397,-96.2662,33.4699,1828.8,False,70.28,222.33,0.0,,1905.0,1567,False,0,2025-06-30 23:16:38
ab6c08,DAL130  ,United States,1751325398.0,1751325398,-72.8793,39.8082,9448.8,False,250.89,55.1,0.0,,9997.44,7001,True,0,2025-06-30 23:16:38
a05f95,RPA4697 ,United States,1751325398.0,1751325398,-74.4445,39.4239,6705.6,False,224.88,40.17,-11.7,,7071.36,4003,False,0,2025-06-30 23:16:38
a9614d,SKW3846 ,United States,1751325176.0,1751325176,-110.9372,32.1142,,True,36.01,315.0,,,,1077,False,0,2025-06-30 23:16:38
a123bf,UAL1151 ,United States,1751325397.0,1751325397,-92.8497,42.9592,10675.62,False,265.49,111.24,-0.33,,11079.48,1774,False,0,2025-06-30 23:16:38
a1cf48,JBU1023 ,United States,1751325398.0,1751325398,-83.2727,43.9613,10347.96,False,208.0,267.73,-0.33,,10843.26,6664,False,0,2025-06-30 23:16:38
a3fc47,N356ND  ,United States,1751325340.0,1751325340,-119.9693,34.5698,2286.0,False,51.06,102.22,-0.98,,2354.58,,False,0,2025-06-30 23:16:38
a28c23,SWA3818 ,United States,1751325397.0,1751325397,-96.1899,32.9983,11582.4,False,231.02,207.59,0.0,,12291.06,0653,False,0,2025-06-30 23:16:38
acef18,SWA3543 ,United States,1751325395.0,1751325395,-122.2131,37.7029,,True,0.0,213.75,,,,,False,0,2025-06-30 23:16:38
ab6c26,AAL2449 ,United States,1751325397.0,1751325398,-97.0209,32.7172,1844.04,False,138.62,148.2,10.08,,1920.24,0531,False,0,2025-06-30 23:16:38
a01805,RPA9934 ,United States,1751325397.0,1751325397,-83.384,42.1848,883.92,False,99.74,209.34,3.58,,853.44,,False,0,2025-06-30 23:16:38
a41c56,DAL605  ,United States,1751325398.0,1751325398,-94.3885,40.8251,11277.6,False,247.66,7.76,0.33,,11803.38,1046,False,0,2025-06-30 23:16:38
a96144,SGX703  ,United States,1751325397.0,1751325397,-71.195,42.5948,2613.66,False,154.61,80.04,14.96,,2720.34,3473,False,0,2025-06-30 23:16:38
a73487,N56307  ,United States,1751325388.0,1751325396,-73.0846,41.1695,266.7,False,49.09,321.81,-3.58,,266.7,1200,False,0,2025-06-30 23:16:38
ab23b5,DAL1169 ,United States,1751325397.0,1751325397,-84.4364,33.6358,,True,5.14,90.0,,,,,False,0,2025-06-30 23:16:38
ad0f29,SWA4624 ,United States,1751325398.0,1751325398,-88.0599,38.9661,11277.6,False,254.58,98.83,0.0,,11902.44,1114,False,0,2025-06-30 23:16:38
a9742c,VXP1101 ,United States,1751325397.0,1751325398,-72.8856,41.2968,182.88,False,64.95,183.63,-4.23,,167.64,5733,False,0,2025-06-30 23:16:38
a90aaa,PDT5939 ,United States,1751325395.0,1751325396,-80.0383,36.6788,5166.36,False,212.86,46.27,-0.33,,5463.54,,False,0,2025-06-30 23:16:38
ac56d9,SWA2274 ,United States,1751325397.0,1751325398,-103.1893,30.3637,10668.0,False,250.67,84.46,0.0,,11323.32,7263,False,0,2025-06-30 23:16:38
ac56ba,SWA2557 ,United States,1751325397.0,1751325398,-91.4259,36.2951,10668.0,False,240.22,115.63,0.0,,11308.08,1472,False,0,2025-06-30 23:16:38
add9c1,N99171  ,United States,1751325397.0,1751325397,-93.2375,44.6143,518.16,False,54.96,136.9,-0.65,,502.92,,False,0,2025-06-30 23:16:38
ac9f3e,N912MT  ,United States,1751325397.0,1751325397,-122.956,45.5422,,True,0.0,16.88,,,,,False,0,2025-06-30 23:16:38
aca6a5,N914ML  ,United States,1751325397.0,1751325397,-76.4654,37.3745,12192.0,False,198.27,216.45,-0.33,,12847.32,4076,False,0,2025-06-30 23:16:38
a9d74a,N733MG  ,United States,1751325155.0,1751325155,-121.2002,44.083,1097.28,False,29.84,0.0,-1.63,,1097.28,,False,0,2025-06-30 23:16:38
ab1122,DAL2136 ,United States,1751325397.0,1751325397,-93.3219,36.8504,9753.6,False,228.62,281.16,-0.33,,10325.1,1661,False,0,2025-06-30 23:16:38
ac4441,N89PA   ,United States,1751325256.0,1751325256,-120.9731,39.2189,1150.62,False,42.33,16.23,-1.95,,1150.62,,False,0,2025-06-30 23:16:38
a7df61,SKW4632 ,United States,1751325397.0,1751325397,-123.6416,39.9883,8244.84,False,198.62,145.98,5.2,,8610.6,,False,0,2025-06-30 23:16:38
ad7760,AAL2309 ,United States,1751325397.0,1751325397,-109.3248,37.1001,11277.6,False,238.48,58.68,0.33,,11887.2,6776,False,0,2025-06-30 23:16:38
aaadf8,SWA2976 ,United States,1751325397.0,1751325397,-89.7547,31.2484,12496.8,False,229.33,97.48,0.0,,13182.6,7101,False,0,2025-06-30 23:16:38
aaf10e,N804DK  ,United States,1751325397.0,1751325398,-71.0142,42.2407,1828.8,False,79.96,310.04,0.0,,1889.76,,False,0,2025-06-30 23:16:38
aaf10f,N804DL  ,United States,1751325124.0,1751325124,-118.4517,34.0135,,True,4.12,135.0,,,,,False,0,2025-06-30 23:16:38
c055d6,JZA7974 ,Canada,1751325397.0,1751325397,-73.8286,45.534,2141.22,False,145.65,42.42,-7.8,,2209.8,7055,False,0,2025-06-30 23:16:38
a613f3,N491BL  ,United States,1751325398.0,1751325398,-85.6201,38.4847,1150.62,False,47.89,2.46,-1.95,,1165.86,,False,0,2025-06-30 23:16:38
39cf07,AFR174  ,France,1751325397.0,1751325398,-87.6647,31.5038,11582.4,False,257.45,217.69,-0.33,,12268.2,5424,False,0,2025-06-30 23:16:38
39cf02,AFR52K  ,France,1751325397.0,1751325397,-77.4581,39.0515,548.64,False,71.52,181.24,-3.9,,541.02,2544,False,0,2025-06-30 23:16:38
39cf04,AFR069  ,France,1751325397.0,1751325397,-104.6672,37.2537,11887.2,False,261.59,63.23,0.0,,12504.42,3417,True,0,2025-06-30 23:16:38
a6bf7c,N534CA  ,United States,1751325397.0,1751325397,-96.5762,32.4583,1059.18,False,45.65,140.03,0.65,,1112.52,,False,0,2025-06-30 23:16:38
a9d6a5,N733ES  ,United States,1751325352.0,1751325397,-97.5843,33.0604,1043.94,False,51.41,251.93,-0.33,,1059.18,,False,0,2025-06-30 23:16:38
a600e4,SWA2045 ,United States,1751325398.0,1751325398,-80.9715,35.2722,480.06,False,69.06,176.58,-3.9,,495.3,2135,False,0,2025-06-30 23:16:38
c055f5,JZA7975 ,Canada,1751325398.0,1751325398,-77.3218,44.1892,6705.6,False,148.99,237.41,0.33,,7025.64,0605,False,0,2025-06-30 23:16:38
c055f7,JZA652  ,Canada,1751325397.0,1751325398,-122.6129,45.8695,3101.34,False,133.84,16.07,7.15,,3246.12,3527,False,0,2025-06-30 23:16:38
3949f0,AFR693T ,France,1751325397.0,1751325397,-77.6229,37.1478,8740.14,False,254.12,34.11,2.93,,9273.54,3513,False,0,2025-06-30 23:16:38
acdaa5,TIV709  ,United States,1751325342.0,1751325385,-118.3597,34.1996,,True,0.0,0.0,,,,1624,False,0,2025-06-30 23:16:38
aa4c42,UAL2171 ,United States,1751325397.0,1751325397,-104.6413,40.1181,2034.54,False,101.48,205.53,1.3,,2156.46,7212,False,0,2025-06-30 23:16:38
a7cc2c,NKS2022 ,United States,1751325398.0,1751325398,-80.3349,28.5251,6126.48,False,217.45,73.37,8.13,,6477.0,2603,False,0,2025-06-30 23:16:38
ac578c,SWA737  ,United States,1751325398.0,1751325398,-85.7771,37.4015,11277.6,False,246.63,12.53,0.0,,11932.92,1162,False,0,2025-06-30 23:16:38
a24515,N2451H  ,United States,1751325398.0,1751325398,-91.4066,41.62,510.54,False,54.96,223.1,0.0,,464.82,,False,0,2025-06-30 23:16:38
a17ecd,DAL140  ,United States,1751325398.0,1751325398,-73.7811,40.6549,,True,3.6,98.44,,,,,False,0,2025-06-30 23:16:38
a01880,,United States,1751325235.0,1751325235,-73.7869,40.655,,True,7.46,300.94,,,,,False,0,2025-06-30 23:16:38
a759eb,DAL684  ,United States,1751325392.0,1751325397,-73.7625,40.6477,,True,0.0,120.94,,,,,False,0,2025-06-30 23:16:38
a2a823,SKW3733 ,United States,1751325397.0,1751325397,-122.8932,48.9077,2514.6,False,144.16,307.61,-4.88,,2621.28,1616,False,0,2025-06-30 23:16:38
a999d2,AAL100  ,United States,1751325398.0,1751325398,-72.2106,43.0203,10668.0,False,265.28,61.0,0.0,,11231.88,3633,False,0,2025-06-30 23:16:38
adb434,N982ST  ,United States,1751325397.0,1751325398,-96.8352,32.9207,342.9,False,60.53,199.36,0.0,,312.42,,False,0,2025-06-30 23:16:38
a24529,UAL2628 ,United States,1751325397.0,1751325397,-106.4319,40.8459,10668.0,False,237.78,50.18,0.0,,11254.74,,False,0,2025-06-30 23:16:38
a24526,UAL1505 ,United States,1751325398.0,1751325398,-102.385,41.6344,9448.8,False,245.01,72.02,0.0,,9959.34,,False,0,2025-06-30 23:16:38
ab249d,AAY2953 ,United States,1751325397.0,1751325398,-80.7929,34.4029,11277.6,False,226.34,8.63,0.0,,11932.92,1611,False,0,2025-06-30 23:16:38
adb437,SKW5710 ,United States,1751325397.0,1751325397,-95.9322,30.5851,5676.9,False,201.72,151.02,-10.08,,5996.94,1242,False,0,2025-06-30 23:16:38
a29eb6,SWA659  ,United States,1751325397.0,1751325397,-99.2426,35.6635,11887.2,False,252.71,80.15,0.0,,12542.52,,False,0,2025-06-30 23:16:38
a3b3e3,N338DS  ,United States,1751325397.0,1751325397,-80.0558,33.3162,883.92,False,59.37,278.97,-1.63,,914.4,1200,False,0,2025-06-30 23:16:38
4ca15e,EIN9PM  ,Ireland,1751325397.0,1751325398,-103.8772,40.3982,5440.68,False,194.72,239.17,-9.75,,5791.2,,False,0,2025-06-30 23:16:38
a7a9b4,N593MW  ,United States,1751325396.0,1751325397,-80.1773,34.1511,2727.96,False,92.59,14.81,-0.33,,2857.5,3735,False,0,2025-06-30 23:16:38
aca788,SWA4390 ,United States,1751325350.0,1751325350,-115.1476,36.0796,,True,3.34,56.25,,,,5607,False,0,2025-06-30 23:16:38
a05ee5,N123AP  ,United States,1751325398.0,1751325398,-120.8845,37.9535,1424.94,False,45.7,168.31,0.0,,1409.7,,False,0,2025-06-30 23:16:38
ad646e,JBU733  ,United States,1751325397.0,1751325398,-72.0952,43.5011,7543.8,False,225.27,319.91,5.85,,7924.8,7002,False,0,2025-06-30 23:16:38
a7a9cd,DAL517  ,United States,1751325398.0,1751325398,-102.9725,39.4959,10972.8,False,233.33,287.32,-0.33,,11536.68,6057,False,0,2025-06-30 23:16:38
ad5151,N9572L  ,United States,1751325397.0,1751325397,-121.6455,47.3934,2849.88,False,46.94,207.41,2.6,,2971.8,1200,False,0,2025-06-30 23:16:38
a3a0ca,UAL1946 ,United States,1751325396.0,1751325396,-87.9121,41.9704,,True,6.17,90.0,,,,,False,0,2025-06-30 23:16:38
a3b529,AAL1137 ,United States,1751325398.0,1751325398,-95.5905,30.0124,9799.32,False,248.29,124.45,3.58,,10408.92,3401,False,0,2025-06-30 23:16:38
a1388c,SKW3451 ,United States,1751325398.0,1751325398,-106.7392,29.3552,10668.0,False,229.39,115.93,-0.65,,11300.46,1072,False,0,2025-06-30 23:16:38
a2eed5,OXF3274 ,United States,1751325397.0,1751325398,-111.7248,33.4138,906.78,False,50.07,9.46,-4.23,,838.2,1200,False,0,2025-06-30 23:16:38
aa5fc2,PCM7731 ,United States,1751325398.0,1751325398,-122.1392,40.0818,2872.74,False,66.23,162.83,1.95,,2994.66,,False,0,2025-06-30 23:16:38
ada1de,MAL7054 ,United States,1751325398.0,1751325398,-77.9299,44.413,7513.32,False,160.68,239.82,-6.18,,7856.22,3614,False,0,2025-06-30 23:16:38
a3fba4,FFT3281 ,United States,1751325394.0,1751325394,-94.9442,30.0069,1501.14,False,117.29,270.0,0.0,,1592.58,1772,False,0,2025-06-30 23:16:38
acca88,AAL2355 ,United States,1751325398.0,1751325398,-77.1389,38.512,3169.92,False,170.54,17.01,-2.6,,3329.94,1366,False,0,2025-06-30 23:16:38
a2454f,UAL1233 ,United States,1751325398.0,1751325398,-74.1106,40.7775,518.16,False,87.43,205.81,-4.55,,510.54,0652,False,0,2025-06-30 23:16:38
a23200,SWA2829 ,United States,1751325313.0,1751325313,-121.601,38.7148,99.06,False,66.89,180.88,-3.25,,38.1,7235,False,0,2025-06-30 23:16:38
ab6cb0,UAL1535 ,United States,1751325398.0,1751325398,-97.5027,32.7706,10965.18,False,226.83,310.95,-0.33,,11635.74,7313,False,0,2025-06-30 23:16:38
a17ef7,FDX1805 ,United States,1751325398.0,1751325398,-120.2521,38.9227,12504.42,False,229.38,169.93,0.0,,13129.26,3435,False,0,2025-06-30 23:16:38
a3c87d,N343AK  ,United States,1751325386.0,1751325386,-105.7557,43.8989,8252.46,False,168.42,84.74,-6.18,,8686.8,,False,0,2025-06-30 23:16:38
a36516,FFT3163 ,United States,1751325398.0,1751325398,-117.5129,34.3791,3749.04,False,156.15,119.18,-11.7,,3931.92,1623,False,0,2025-06-30 23:16:38
a4c207,N4053T  ,United States,1751325255.0,1751325255,-119.1545,34.1993,106.68,False,40.67,177.83,0.65,,121.92,,False,0,2025-06-30 23:16:38
a2452c,UAL1168 ,United States,1751325397.0,1751325397,-104.8847,44.282,9753.6,False,225.0,253.8,0.0,,10264.14,6231,False,0,2025-06-30 23:16:38
a2452a,UAL1209 ,United States,1751325396.0,1751325397,-101.0328,45.7965,10668.0,False,249.14,107.05,0.0,,11102.34,,False,0,2025-06-30 23:16:38
a37842,JBU2230 ,United States,1751325397.0,1751325397,-73.3508,42.7433,10561.32,False,243.35,90.73,-6.18,,11132.82,3101,False,0,2025-06-30 23:16:38
ab3982,AAL2662 ,United States,1751325397.0,1751325397,-90.2862,35.3605,11887.2,False,231.37,291.66,0.33,,12580.62,3312,False,0,2025-06-30 23:16:38
a8a3ce,JBU1692 ,United States,1751325327.0,1751325327,-78.0307,27.7647,10668.0,False,236.27,2.0,0.0,,11186.16,,False,0,2025-06-30 23:16:38
abbca1,SWA2861 ,United States,1751325398.0,1751325398,-89.079,42.5354,10363.2,False,199.62,270.74,0.0,,10812.78,1560,False,0,2025-06-30 23:16:38
ab7fee,AAL2554 ,United States,1751325398.0,1751325398,-84.6014,37.7566,10957.56,False,226.02,291.78,-0.33,,11590.02,7355,False,0,2025-06-30 23:16:38
aaf317,N8040F  ,United States,1751325397.0,1751325397,-83.8538,32.7122,518.16,False,43.42,346.29,-0.33,,541.02,,False,0,2025-06-30 23:16:38
ab0001,N808EH  ,United States,1751325397.0,1751325398,-116.9359,33.0425,914.4,False,52.84,96.71,0.33,,891.54,,False,0,2025-06-30 23:16:38
ac9ff2,AAL1849 ,United States,1751325397.0,1751325397,-113.0699,43.1602,9745.98,False,231.55,281.53,0.0,,10256.52,,False,0,2025-06-30 23:16:38
ac3315,SWA2774 ,United States,1751325398.0,1751325398,-104.9645,39.692,4503.42,False,166.44,283.95,3.25,,4777.74,,False,0,2025-06-30 23:16:38
aca948,ASA818  ,United States,1751325398.0,1751325398,-73.886,42.7511,11277.6,False,256.46,94.49,-0.33,,11871.96,3673,False,0,2025-06-30 23:16:38
a9d6d0,N733GK  ,United States,1751325398.0,1751325398,-73.0273,43.8265,1371.6,False,52.06,168.02,-0.65,,1402.08,,False,0,2025-06-30 23:16:38
a1bbe5,AXEL21  ,United States,1751325357.0,1751325360,-106.9295,41.8874,7924.8,False,229.29,9.95,-13.98,,8374.38,4145,False,0,2025-06-30 23:16:38
abbcc1,SWA3158 ,United States,1751325397.0,1751325398,-70.9817,42.4129,251.46,False,74.37,199.81,-3.9,,236.22,6272,False,0,2025-06-30 23:16:38
ac4660,N890LT  ,United States,1751325398.0,1751325398,-93.1422,45.1592,3200.4,False,145.92,15.75,19.83,,3261.36,,False,0,2025-06-30 23:16:38
aae008,N80FG   ,United States,1751325397.0,1751325397,-78.5351,35.6174,541.02,False,47.12,121.61,-2.28,,533.4,7163,False,0,2025-06-30 23:16:38
adc93b,N988DV  ,United States,1751325397.0,1751325397,-100.8936,34.1243,10668.0,False,260.45,63.99,-0.33,,11277.6,,False,0,2025-06-30 23:16:38
a9d6ba,N733FN  ,United States,1751325395.0,1751325395,-77.4301,38.2605,304.8,False,52.23,39.81,-1.63,,289.56,,False,0,2025-06-30 23:16:38
a35220,ENY3618 ,United States,1751325397.0,1751325397,-79.0095,46.1675,10363.2,False,196.52,275.86,0.0,,10797.54,1441,False,0,2025-06-30 23:16:38
a36553,JBU2185 ,United States,1751325398.0,1751325398,-78.4742,42.0366,7924.8,False,211.59,220.66,-0.33,,8351.52,1317,False,0,2025-06-30 23:16:38
a42ee9,DAL9951 ,United States,1751325397.0,1751325398,-83.8624,29.331,11590.02,False,222.97,343.24,-0.33,,12245.34,7275,False,0,2025-06-30 23:16:38
a9d6e0,N733HA  ,United States,1751325397.0,1751325397,-117.5088,33.306,1089.66,False,50.95,136.64,0.33,,1066.8,,False,0,2025-06-30 23:16:38
a3c847,UAL2190 ,United States,1751325380.0,1751325380,-122.5822,45.5883,,True,8.75,118.12,,,,,False,0,2025-06-30 23:16:38
ac8ce5,AAL750  ,United States,1751325397.0,1751325397,-115.1564,36.0755,,True,2.31,315.0,,,,6663,False,0,2025-06-30 23:16:38
a47209,N386ES  ,United States,1751325397.0,1751325398,-91.5905,41.5624,502.92,False,46.95,4.4,-0.33,,480.06,,False,0,2025-06-30 23:16:38
aca94b,AAL2026 ,United States,1751325398.0,1751325398,-76.3998,36.3478,11277.6,False,232.1,28.89,0.0,,11910.06,6627,False,0,2025-06-30 23:16:38
a9e9fb,N738NM  ,United States,1751325397.0,1751325397,-88.4954,42.5919,1112.52,False,60.23,55.09,-0.33,,1089.66,,False,0,2025-06-30 23:16:38
a3b50f,AAL1622 ,United States,1751325397.0,1751325397,-99.0241,36.8975,10363.2,False,212.35,231.49,0.0,,10965.18,,False,0,2025-06-30 23:16:38
a54eb3,N441DV  ,United States,1751325398.0,1751325398,-92.3271,43.9664,8229.6,False,154.68,123.06,0.0,,8496.3,,False,0,2025-06-30 23:16:38
aca7f0,N9140S  ,United States,1751325387.0,1751325387,-103.1927,31.7762,1165.86,False,60.19,322.64,-3.58,,1196.34,,False,0,2025-06-30 23:16:38
a60258,N4868E  ,United States,1751325189.0,1751325190,-87.3333,30.6504,762.0,False,45.58,323.26,-0.33,,777.24,1200,False,0,2025-06-30 23:16:38
acca19,,United States,1751325233.0,1751325233,-73.7759,40.6486,,True,5.14,219.38,,,,,False,0,2025-06-30 23:16:38
a8553c,NKS2560 ,United States,1751325398.0,1751325398,-84.4347,33.6443,,True,3.86,137.81,,,,2441,False,0,2025-06-30 23:16:38
a65bf2,LXJ509  ,United States,1751325397.0,1751325397,-103.6648,35.4276,13708.38,False,246.72,105.11,0.0,,14363.7,,False,0,2025-06-30 23:16:38
a89bab,AAL1964 ,United States,1751325184.0,1751325184,-97.0277,32.891,,True,11.32,208.12,,,,2675,False,0,2025-06-30 23:16:38
ac7a33,AAL2432 ,United States,1751325278.0,1751325295,-80.9693,35.2472,350.52,False,67.59,175.63,-2.93,,342.9,3161,False,0,2025-06-30 23:16:38
a61592,UAL1148 ,United States,1751325398.0,1751325398,-94.7839,41.8605,10965.18,False,201.12,260.87,0.0,,11437.62,2461,False,0,2025-06-30 23:16:38
ad77df,N967TQ  ,United States,1751325397.0,1751325397,-68.2532,44.6804,13106.4,False,234.27,246.31,0.0,,13639.8,0773,False,0,2025-06-30 23:16:38
a3a289,N333SE  ,United States,1751325398.0,1751325398,-81.1026,29.2155,1737.36,False,83.54,348.27,-2.93,,1813.56,1200,False,0,2025-06-30 23:16:38
abbd73,SWA3204 ,United States,1751325398.0,1751325398,-94.8061,39.9347,11277.6,False,260.98,82.52,0.0,,11833.86,2004,False,0,2025-06-30 23:16:38
a6bef1,N5337T  ,United States,1751325131.0,1751325132,-89.6039,37.3584,1036.32,False,62.86,172.0,-0.98,,1051.56,,False,0,2025-06-30 23:16:38
a7ded2,N606PD  ,United States,1751325138.0,1751325142,-73.4872,40.7435,76.2,False,19.76,308.66,-2.28,,53.34,,False,0,2025-06-30 23:16:38
407f2c,BAW9CG  ,United Kingdom,1751325398.0,1751325398,-100.5678,45.5158,12192.0,False,254.57,214.46,0.0,,12633.96,,False,0,2025-06-30 23:16:38
a8feb8,SKW5476 ,United States,1751325398.0,1751325398,-102.7564,44.6458,9753.6,False,241.12,195.34,0.0,,10210.8,,False,0,2025-06-30 23:16:38
acca2c,WMU51   ,United States,1751325396.0,1751325397,-85.6054,42.0309,937.26,False,76.97,107.1,0.0,,914.4,,False,0,2025-06-30 23:16:38
abaa43,SWA1773 ,United States,1751325398.0,1751325398,-119.7512,39.2765,9662.16,False,250.96,50.24,6.18,,10119.36,3354,False,0,2025-06-30 23:16:38
ac7a52,AAL2652 ,United States,1751325397.0,1751325397,-96.8618,32.747,3680.46,False,170.28,316.22,-2.6,,3878.58,1000,False,0,2025-06-30 23:16:38
a91ed6,N687SP  ,United States,1751325397.0,1751325397,-86.6,39.2024,739.14,False,47.85,26.84,2.6,,716.28,,False,0,2025-06-30 23:16:38
a9c506,ASA434  ,United States,1751325397.0,1751325398,-77.4451,39.2367,1226.82,False,127.67,156.74,0.0,,1257.3,3304,False,0,2025-06-30 23:16:38
ad9a33,N976CT  ,United States,1751325397.0,1751325397,-84.7414,33.2839,518.16,False,41.47,322.56,-0.98,,510.54,1200,False,0,2025-06-30 23:16:38
ac7a5e,AAL403  ,United States,1751325398.0,1751325398,-87.1796,42.8907,7475.22,False,268.93,70.91,2.28,,7772.4,3275,False,0,2025-06-30 23:16:38
a7def8,EJA606  ,United States,1751325397.0,1751325397,-80.4908,32.8617,8176.26,False,201.37,37.63,7.48,,8648.7,0752,False,0,2025-06-30 23:16:38
ac7a65,TAI563  ,United States,1751325369.0,1751325369,-110.6101,29.8925,10668.0,False,251.14,122.88,0.0,,11300.46,3672,False,0,2025-06-30 23:16:38
a98868,NKS2406 ,United States,1751325397.0,1751325398,-86.0874,33.9334,7757.16,False,216.02,325.97,2.6,,8237.22,6117,False,0,2025-06-30 23:16:38
aaf1f2,AAL1101 ,United States,1751325398.0,1751325398,-82.7728,28.3496,5135.88,False,211.95,350.22,0.0,,5425.44,3706,False,0,2025-06-30 23:16:38
ab11fb,CRE812  ,United States,1751325397.0,1751325397,-87.5298,30.4709,13106.4,False,221.21,270.27,-0.33,,13799.82,1477,False,0,2025-06-30 23:16:38
aa4ce2,ENY3519 ,United States,1751325328.0,1751325328,-85.528,42.1243,861.06,False,85.19,352.02,-2.93,,876.3,5325,False,0,2025-06-30 23:16:38
a377b3,N322WA  ,United States,1751325397.0,1751325397,-72.4187,42.0619,1950.72,False,74.83,229.74,0.0,,2065.02,1424,False,0,2025-06-30 23:16:38
a1bd27,N2109T  ,United States,1751325391.0,1751325392,-95.7589,41.2203,548.64,False,43.73,0.0,-4.23,,563.88,,False,0,2025-06-30 23:16:38
a124b5,DAL90   ,United States,1751325397.0,1751325397,-70.4943,41.0564,10668.0,False,243.88,57.32,0.0,,11193.78,3614,False,0,2025-06-30 23:16:38
abbd8d,SWA1686 ,United States,1751325398.0,1751325398,-83.2126,37.2017,11277.6,False,241.48,70.33,0.0,,11948.16,0630,True,0,2025-06-30 23:16:38
ac7a76,N903BM  ,United States,1751325326.0,1751325326,-101.8884,34.3313,1379.22,False,55.8,354.71,-0.65,,1417.32,,False,0,2025-06-30 23:16:38
c05840,ACA843  ,Canada,1751325398.0,1751325398,-77.6573,44.5262,8671.56,False,177.01,240.01,-6.83,,9090.66,4054,False,0,2025-06-30 23:16:38
aa0653,NKS2352 ,United States,1751324977.0,1751325133,-93.1488,32.6663,9456.42,False,247.38,93.46,0.0,,10058.4,2024,False,0,2025-06-30 23:16:38
ae0a40,HEART28 ,United States,1751325389.0,1751325390,-78.8699,40.3416,906.78,False,51.53,104.45,-0.65,,914.4,1200,False,0,2025-06-30 23:16:38
a7486a,ASA14   ,United States,1751325397.0,1751325397,-88.143,32.4425,10668.0,False,235.62,89.87,0.33,,11308.08,6703,False,0,2025-06-30 23:16:38
a86861,N64056  ,United States,1751325398.0,1751325398,-112.2882,33.539,449.58,False,31.98,205.74,-1.95,,342.9,1200,False,0,2025-06-30 23:16:38
a6abb6,N529PV  ,United States,1751325398.0,1751325398,-83.7438,32.822,3642.36,False,86.46,280.98,0.0,,3832.86,2050,False,0,2025-06-30 23:16:38
a7debf,NKS2119 ,United States,1751325390.0,1751325390,-81.1183,37.5714,11277.6,False,241.81,63.87,0.33,,11948.16,5770,False,0,2025-06-30 23:16:38
c03210,ASP844  ,Canada,1751325397.0,1751325397,-79.3183,43.8159,1043.94,False,105.46,310.45,-5.85,,1021.08,1356,False,0,2025-06-30 23:16:38
a8551a,N636MA  ,United States,1751325398.0,1751325398,-71.8326,42.5746,5334.0,False,154.61,45.67,0.0,,5570.22,2712,False,0,2025-06-30 23:16:38
acca85,NKS2233 ,United States,1751325397.0,1751325397,-82.1181,27.5029,3368.04,False,196.75,305.85,-5.85,,3566.16,4756,False,0,2025-06-30 23:16:38
a7dec2,JIA5447 ,United States,1751325398.0,1751325398,-79.29,37.0054,7917.18,False,228.96,222.91,0.33,,8366.76,3536,False,0,2025-06-30 23:16:38
a65bbc,DAL415  ,United States,1751325397.0,1751325397,-86.8149,45.4377,10675.62,False,263.38,100.12,-0.33,,11064.24,6633,False,0,2025-06-30 23:16:38
a017f9,N105HC  ,United States,1751325394.0,1751325394,-87.481,30.667,1798.32,False,79.84,295.57,0.0,,1889.76,6270,False,0,2025-06-30 23:16:38
c0584f,ACA824  ,Canada,1751325398.0,1751325398,-79.6306,43.6871,,True,4.89,317.81,,,,2213,False,0,2025-06-30 23:16:38
a9b0ed,RPA3310 ,United States,1751325397.0,1751325397,-84.0053,39.6305,10058.4,False,261.09,80.13,-0.33,,10652.76,5770,False,0,2025-06-30 23:16:38
a72213,JIA5449 ,United States,1751325397.0,1751325398,-91.6919,34.9883,9448.8,False,253.94,52.57,0.0,,10005.06,6231,False,0,2025-06-30 23:16:38
a747a8,N56849  ,United States,1751325397.0,1751325397,-84.0192,39.6974,579.12,False,36.32,232.48,-1.95,,510.54,1200,False,0,2025-06-30 23:16:38
a231ae,TRF40   ,United States,1751325397.0,1751325397,-96.0021,32.7286,1432.56,False,66.87,277.07,0.0,,1485.9,0007,False,0,2025-06-30 23:16:38
a9b273,ASA549  ,United States,1751325398.0,1751325398,-105.3021,40.8398,10668.0,False,243.97,114.94,0.0,,11239.5,1566,False,0,2025-06-30 23:16:38
a507de,N423MG  ,United States,1751325398.0,1751325398,-80.117,27.6045,4320.54,False,140.74,160.57,-3.9,,4587.24,3356,False,0,2025-06-30 23:16:38
a3b4c8,DAL1923 ,United States,1751325397.0,1751325397,-91.4998,45.248,8260.08,False,252.03,109.43,3.25,,8481.06,3225,False,0,2025-06-30 23:16:38
a65d11,N509TJ  ,United States,1751325398.0,1751325398,-77.9407,42.5005,937.26,False,68.53,221.35,0.0,,929.64,6474,False,0,2025-06-30 23:16:38
ada296,AAL1541 ,United States,1751325393.0,1751325393,-115.1348,36.0804,,True,0.0,272.81,,,,,False,0,2025-06-30 23:16:38
a1aa10,UAL45   ,United States,1751325398.0,1751325398,-121.4233,39.1463,11582.4,False,245.8,233.08,0.0,,12161.52,1322,False,0,2025-06-30 23:16:38
a3b4d6,AAL1351 ,United States,1751325397.0,1751325397,-87.9664,31.0547,4061.46,False,194.68,113.52,-10.73,,4290.06,3655,False,0,2025-06-30 23:16:38
ada293,NKS2388 ,United States,1751325397.0,1751325397,-91.4535,35.7143,6774.18,False,222.67,114.14,-11.7,,7178.04,3273,False,0,2025-06-30 23:16:38
ab5a01,SCX407  ,United States,1751325398.0,1751325398,-113.5697,35.0433,10363.2,False,232.14,239.8,0.0,,10942.32,,False,0,2025-06-30 23:16:38
a6ad05,N5292K  ,United States,1751325396.0,1751325397,-88.0834,30.6365,30.48,False,39.01,138.74,-2.93,,38.1,1200,False,0,2025-06-30 23:16:38
a3b4e9,LBQ783  ,United States,1751325397.0,1751325398,-83.1605,32.7389,5791.2,False,132.58,155.22,0.0,,6141.72,1746,False,0,2025-06-30 23:16:38
a257f8,N250EX  ,United States,1751325397.0,1751325397,-82.867,28.8095,8161.02,False,196.66,351.42,5.85,,8641.08,6647,False,0,2025-06-30 23:16:38
ac57d2,SWA1211 ,United States,1751325398.0,1751325398,-77.9883,33.8232,10668.0,False,225.54,6.02,0.0,,11277.6,2377,False,0,2025-06-30 23:16:38
a40a50,N36DT   ,United States,1751325398.0,1751325398,-118.4162,34.4196,2324.1,False,76.61,139.36,0.0,,2392.68,4730,False,0,2025-06-30 23:16:38
abbd0a,SWA671  ,United States,1751325398.0,1751325398,-91.8919,34.8404,11582.4,False,221.94,221.52,0.0,,12260.58,6502,False,0,2025-06-30 23:16:38
acdd03,N928MP  ,United States,1751325397.0,1751325397,-118.3411,33.6472,1417.32,False,41.68,192.84,0.0,,1424.94,,False,0,2025-06-30 23:16:38
c030bb,ACA762  ,Canada,1751325398.0,1751325398,-82.0149,46.0381,11277.6,False,270.68,86.19,-0.33,,11727.18,3337,False,0,2025-06-30 23:16:38
a1aa4e,SWA2254 ,United States,1751325397.0,1751325397,-98.2724,37.4135,11582.4,False,210.99,230.84,0.0,,12207.24,,False,0,2025-06-30 23:16:38
a27a5c,EJA259  ,United States,1751325396.0,1751325397,-111.9922,35.3566,9144.0,False,239.07,265.06,0.0,,9677.4,2313,False,0,2025-06-30 23:16:38
a0191e,AAL378  ,United States,1751325397.0,1751325397,-80.9061,35.1628,2720.34,False,152.69,304.71,-1.3,,2865.12,3064,False,0,2025-06-30 23:16:38
a9887c,N713PE  ,United States,1751325227.0,1751325227,-87.5738,30.2954,396.24,False,58.59,226.78,-0.98,,556.26,0155,False,0,2025-06-30 23:16:38
c030eb,ACA344  ,Canada,1751325398.0,1751325398,-89.9881,48.7417,11277.6,False,249.65,102.38,0.33,,11498.58,,False,0,2025-06-30 23:16:38
a497ee,N3951Y  ,United States,1751325397.0,1751325397,-89.0085,44.6726,1074.42,False,77.24,346.52,-0.65,,1028.7,4055,False,0,2025-06-30 23:16:38
abbd2d,SWA1999 ,United States,1751325397.0,1751325397,-82.025,36.4188,10972.8,False,233.26,316.52,0.0,,11628.12,1654,False,0,2025-06-30 23:16:38
ac31a1,AAL3311 ,United States,1751325397.0,1751325398,-93.1664,35.7905,11582.4,False,220.69,246.36,0.0,,12260.58,6251,False,0,2025-06-30 23:16:38
acdd18,NKS2098 ,United States,1751325392.0,1751325394,-118.6361,38.6567,10363.2,False,245.14,321.9,0.33,,10896.6,,False,0,2025-06-30 23:16:38
abaa0e,SWA792  ,United States,1751325398.0,1751325398,-98.1423,32.6286,8122.92,False,217.24,261.83,8.13,,8602.98,5154,False,0,2025-06-30 23:16:38
a3b4a4,MVK33   ,United States,1751325387.0,1751325387,-93.2112,44.6219,403.86,False,28.66,291.04,-4.55,,365.76,,False,0,2025-06-30 23:16:38
a5e29a,ASA1297 ,United States,1751325397.0,1751325397,-122.3116,42.0451,10972.8,False,252.32,351.44,0.33,,11475.72,6012,False,0,2025-06-30 23:16:38
c030f7,ACA325  ,Canada,1751325397.0,1751325397,-74.1394,45.5564,2971.8,False,151.06,317.07,12.03,,3040.38,,False,0,2025-06-30 23:16:38
a15a6e,N1868H  ,United States,1751325397.0,1751325397,-122.2086,37.7261,22.86,False,24.66,293.36,0.0,,-30.48,5363,False,0,2025-06-30 23:16:38
a9d879,N733ZK  ,United States,1751325398.0,1751325398,-121.8596,36.6401,670.56,False,41.67,32.91,2.28,,655.32,,False,0,2025-06-30 23:16:38
a1bd6a,MXY707  ,United States,1751325397.0,1751325397,-88.4939,32.5553,10668.0,False,228.18,120.03,0.0,,11330.94,2015,False,0,2025-06-30 23:16:38
abbd47,SWA3304 ,United States,1751325398.0,1751325398,-115.8243,34.9318,9144.0,False,207.76,226.3,0.33,,9646.92,,False,0,2025-06-30 23:16:38
a17fb5,AAY1490 ,United States,1751325397.0,1751325398,-86.3293,30.5575,777.24,False,105.09,150.05,-6.18,,830.58,1037,False,0,2025-06-30 23:16:38
ae1ba8,        ,United States,1751325398.0,1751325398,-104.6485,38.9759,7307.58,False,158.39,338.27,-0.33,,7734.3,,False,0,2025-06-30 23:16:38
a12611,N173TX  ,United States,1751325395.0,1751325398,-104.5327,31.2301,8526.78,False,135.92,307.0,0.0,,9029.7,2762,False,0,2025-06-30 23:16:38
ab6bdf,KSU35   ,United States,1751325398.0,1751325398,-97.6605,38.7659,632.46,False,40.84,160.88,-2.6,,647.7,,False,0,2025-06-30 23:16:38
71c516,APZ103  ,Republic of Korea,1751325397.0,1751325397,-124.4623,38.6101,11277.6,False,246.65,128.73,0.0,,11780.52,1404,False,0,2025-06-30 23:16:38
a2ca97,N2792P  ,United States,1751325364.0,1751325364,-118.237,33.8897,121.92,False,24.23,273.65,-4.88,,83.82,,False,0,2025-06-30 23:16:38
a841a7,N631CB  ,United States,1751325398.0,1751325398,-104.7488,36.5526,13106.4,False,212.82,289.49,-0.65,,13738.86,6444,False,0,2025-06-30 23:16:38
abbbae,UAL1092 ,United States,1751325395.0,1751325397,-97.5863,41.5029,10355.58,False,216.95,257.68,0.0,,10820.4,1417,False,0,2025-06-30 23:16:38
a64a73,SKW4894 ,United States,1751325397.0,1751325398,-114.7968,34.0199,10972.8,False,219.74,281.2,0.33,,11605.26,1541,False,0,2025-06-30 23:16:38
a3c900,FFT3521 ,United States,1751325392.0,1751325392,-111.7177,36.0292,9753.6,False,209.87,256.1,0.0,,10302.24,7361,False,0,2025-06-30 23:16:38
a471f0,N386DS  ,United States,1751325398.0,1751325398,-83.5616,40.4787,929.64,False,47.69,249.81,0.65,,906.78,,False,0,2025-06-30 23:16:38
a52a99,AAL1703 ,United States,1751325397.0,1751325397,-86.4707,33.2123,10058.4,False,237.51,59.55,0.0,,10698.48,2043,False,0,2025-06-30 23:16:38
c043cb,WJA1763 ,Canada,1751325397.0,1751325397,-121.7284,46.307,10972.8,False,244.85,347.13,-0.33,,11414.76,0712,False,0,2025-06-30 23:16:38
a721d7,N559LC  ,United States,1751325398.0,1751325398,-76.1512,38.5736,1836.42,False,133.17,223.75,0.0,,1897.38,1135,False,0,2025-06-30 23:16:38
a2ca64,UAL108  ,United States,1751325397.0,1751325397,-76.9113,39.109,6172.2,False,202.34,87.67,9.43,,6492.24,2404,False,0,2025-06-30 23:16:38
adfba0,N641T   ,United States,1751325397.0,1751325397,-119.0883,36.941,3848.1,False,68.81,331.9,0.65,,4030.98,,False,0,2025-06-30 23:16:38
a841b7,N631CT  ,United States,1751325394.0,1751325394,-117.0026,33.2659,807.72,False,49.7,36.16,1.3,,792.48,,False,0,2025-06-30 23:16:38
a2efae,SWA793  ,United States,1751325398.0,1751325398,-90.3923,35.1544,11582.4,False,226.88,295.52,0.33,,12252.96,1532,False,0,2025-06-30 23:16:38
c069d8,WJA1624 ,Canada,1751325398.0,1751325398,-112.5346,41.5984,11887.2,False,241.79,179.88,0.0,,12489.18,,False,0,2025-06-30 23:16:38
ada227,JBU1189 ,United States,1751325397.0,1751325397,-99.5564,40.9543,10980.42,False,218.39,244.76,0.33,,11490.96,1357,False,0,2025-06-30 23:16:38
aaf27c,UAL675  ,United States,1751325397.0,1751325397,-87.6491,33.2721,10980.42,False,234.94,255.93,-0.33,,11658.6,6704,False,0,2025-06-30 23:16:38
acdbe7,PDT5771 ,United States,1751325382.0,1751325382,-73.7505,45.4615,,True,3.6,267.19,,,,4745,False,0,2025-06-30 23:16:38
ad526a,N958AL  ,United States,1751325397.0,1751325397,-122.6587,48.7517,541.02,False,70.22,100.98,0.0,,548.64,,False,0,2025-06-30 23:16:38
a721a4,JBU1689 ,United States,1751325397.0,1751325398,-80.9742,30.3344,10317.48,False,260.1,188.53,-5.2,,10919.46,3401,False,0,2025-06-30 23:16:38
ad526c,AAL1619 ,United States,1751325397.0,1751325397,-81.5329,36.027,4991.1,False,180.24,151.53,-8.13,,5273.04,1106,False,0,2025-06-30 23:16:38
a04cbf,N989CW  ,United States,1751325398.0,1751325398,-85.6331,38.2275,426.72,False,42.26,356.51,-3.9,,419.1,,False,0,2025-06-30 23:16:38
a64a3b,EJA504  ,United States,1751325393.0,1751325396,-113.4491,38.0673,13106.4,False,223.46,196.72,0.0,,13776.96,,False,0,2025-06-30 23:16:38
c056d2,NRL593  ,Canada,1751325213.0,1751325213,-74.0093,45.6792,,True,19.03,225.0,,,,3413,False,0,2025-06-30 23:16:38
a9b292,N724BS  ,United States,1751325397.0,1751325397,-71.3784,42.0434,739.14,False,111.71,46.31,-6.5,,769.62,3117,False,0,2025-06-30 23:16:38
a43ea7,UAL1412 ,United States,1751325397.0,1751325397,-76.1729,37.5981,10972.8,False,246.99,214.22,0.0,,11620.5,3353,False,0,2025-06-30 23:16:38
a43ea2,UAL1681 ,United States,1751325398.0,1751325398,-84.5344,32.2875,11277.6,False,243.37,169.4,0.0,,11955.78,6552,False,0,2025-06-30 23:16:38
a01567,AAL2868 ,United States,1751325398.0,1751325398,-99.6532,29.7822,11277.6,False,248.98,38.46,0.0,,11993.88,1236,False,0,2025-06-30 23:16:38
a37517,JBU358  ,United States,1751325393.0,1751325396,-73.7616,40.6473,,True,0.0,120.94,,,,,False,0,2025-06-30 23:16:38
a8a0c1,QXE2414 ,United States,1751325398.0,1751325398,-121.4223,45.191,7559.04,False,197.05,168.25,-9.43,,7947.66,4711,False,0,2025-06-30 23:16:38
a9d3bf,WWI73   ,United States,1751325397.0,1751325397,-99.2529,32.2522,4572.0,False,164.87,100.61,12.35,,4838.7,,False,0,2025-06-30 23:16:38
a18eed,N2SM    ,United States,1751325398.0,1751325398,-114.3098,36.5334,12496.8,False,233.38,28.15,0.0,,13190.22,7773,False,0,2025-06-30 23:16:38
a18ef7,N2SX    ,United States,1751325398.0,1751325398,-78.5729,40.41,3017.52,False,62.12,206.57,0.0,,3093.72,4510,False,0,2025-06-30 23:16:38
ad61de,SWA105  ,United States,1751325398.0,1751325398,-117.4583,34.0569,883.92,False,83.35,269.29,-4.23,,876.3,4130,False,0,2025-06-30 23:16:38
ab8fa7,KSU44   ,United States,1751325397.0,1751325397,-97.2423,38.8867,510.54,False,41.67,89.29,-3.25,,518.16,,False,0,2025-06-30 23:16:38
ad8901,SKW5990 ,United States,1751325397.0,1751325397,-101.9511,46.0564,10058.4,False,209.66,11.75,0.33,,10492.74,,False,0,2025-06-30 23:16:38
ad8906,N971TA  ,United States,1751325397.0,1751325398,-117.9846,33.6314,685.8,False,42.58,258.15,0.98,,640.08,,False,0,2025-06-30 23:16:38
aa4a90,SKW5573 ,United States,1751325398.0,1751325398,-87.5101,42.0029,1242.06,False,89.63,267.04,-0.33,,1249.68,1661,False,0,2025-06-30 23:16:38
a2b810,UAL2713 ,United States,1751325396.0,1751325396,-77.436,38.9545,,True,0.0,180.0,,,,,False,0,2025-06-30 23:16:38
a850dc,FFT2339 ,United States,1751325397.0,1751325397,-82.5214,28.1727,1219.2,False,98.49,183.89,-0.98,,1303.02,1132,False,0,2025-06-30 23:16:38
a5050e,SWA3826 ,United States,1751325397.0,1751325397,-85.6498,42.8596,1432.56,False,131.71,237.12,11.7,,1409.7,,False,0,2025-06-30 23:16:38
a480ef,N39FB   ,United States,1751325392.0,1751325398,-94.8911,38.7752,594.36,False,60.19,359.51,-3.9,,571.5,,False,0,2025-06-30 23:16:38
a9e6df,AAL1891 ,United States,1751325397.0,1751325397,-78.3371,35.7426,2735.58,False,149.28,321.16,-7.48,,2865.12,6622,False,0,2025-06-30 23:16:38
a996e1,DAL1897 ,United States,1751325397.0,1751325397,-84.4363,37.83,2293.62,False,150.17,355.48,-7.48,,2392.68,3330,False,0,2025-06-30 23:16:38
a24235,N2447N  ,United States,1751325393.0,1751325397,-122.4847,47.8462,807.72,False,95.21,148.03,-1.95,,830.58,,False,0,2025-06-30 23:16:38
a8c6e8,PDT5747 ,United States,1751325111.0,1751325127,-80.9692,35.2466,358.14,False,69.09,176.16,-2.93,,342.9,,False,0,2025-06-30 23:16:38
a80f87,N6185K  ,United States,1751325142.0,1751325146,-122.5815,48.2865,1127.76,False,43.55,345.64,-1.63,,1188.72,,False,0,2025-06-30 23:16:38
a36212,AAY2879 ,United States,1751325398.0,1751325398,-90.7079,38.4385,10668.0,False,237.21,153.88,0.0,,11292.84,3614,False,0,2025-06-30 23:16:38
a17bfe,AAY1411 ,United States,1751325397.0,1751325398,-94.8757,32.8765,10988.04,False,228.53,254.46,0.0,,11673.84,7114,False,0,2025-06-30 23:16:38
ab3639,SCX634  ,United States,1751325397.0,1751325398,-86.7125,36.0747,723.9,False,94.79,242.88,5.85,,731.52,,True,0,2025-06-30 23:16:38
a36218,ASI6248 ,United States,1751325396.0,1751325396,-111.8944,32.9905,762.0,False,57.25,40.99,-1.95,,678.18,1200,False,0,2025-06-30 23:16:38
a43ec9,,United States,1751325350.0,1751325350,-100.7933,40.7631,10363.2,False,225.93,257.64,0.33,,10888.98,,False,0,2025-06-30 23:16:38
a12234,N172SJ  ,United States,1751325397.0,1751325397,-74.4122,42.636,1737.36,False,62.15,107.84,-0.33,,1729.74,,False,0,2025-06-30 23:16:38
ab2316,N8168   ,United States,1751325398.0,1751325398,-121.924,37.3557,,True,7.46,140.62,,,,,False,0,2025-06-30 23:16:38
a43ec3,UAL2215 ,United States,1751325397.0,1751325397,-81.8545,28.4065,4777.74,False,204.99,288.89,9.1,,5044.44,0223,False,0,2025-06-30 23:16:38
a2685b,SWA2702 ,United States,1751325397.0,1751325398,-90.7898,34.6303,11277.6,False,236.03,120.09,-0.33,,11932.92,3256,False,0,2025-06-30 23:16:38
ad8935,AAL1402 ,United States,1751325398.0,1751325398,-83.133,28.9849,7627.62,False,211.91,337.29,2.6,,8069.58,5775,False,0,2025-06-30 23:16:38
ab3655,UAL590  ,United States,1751325273.0,1751325319,-87.9309,41.9772,,True,0.0,270.0,,,,,False,0,2025-06-30 23:16:38
ab8fee,AAL1548 ,United States,1751325398.0,1751325398,-100.7759,44.6197,11277.6,False,252.63,99.02,0.0,,11727.18,,False,0,2025-06-30 23:16:38
abcca0,N86BJ   ,United States,1751325383.0,1751325383,-97.7583,32.9361,1249.68,False,62.5,20.22,-0.65,,1280.16,,False,0,2025-06-30 23:16:38
ad1fc8,AAL1827 ,United States,1751325397.0,1751325397,-80.5761,35.7296,3147.06,False,149.78,242.82,-8.13,,3322.32,2354,False,0,2025-06-30 23:16:38
a12241,N172SX  ,United States,1751325397.0,1751325397,-117.2002,33.0901,1470.66,False,47.1,186.27,0.0,,1478.28,,False,0,2025-06-30 23:16:38
a66bc3,N5124B  ,United States,1751325397.0,1751325397,-122.9201,46.0247,2019.3,False,50.22,6.47,0.0,,2065.02,,False,0,2025-06-30 23:16:38
a74541,GJS3377 ,United States,1751325125.0,1751325125,-84.6467,39.0632,350.52,False,63.79,180.0,-4.23,,304.8,2175,False,0,2025-06-30 23:16:38
a98515,SKW3922 ,United States,1751325395.0,1751325397,-85.4546,31.4047,1242.06,False,122.59,10.89,10.08,,1310.64,,False,0,2025-06-30 23:16:38
a8c840,QXE2482 ,United States,1751325398.0,1751325398,-122.4402,47.2265,1295.4,False,121.23,111.67,-5.85,,1348.74,7014,False,0,2025-06-30 23:16:38
a6cec4,GJS4539 ,United States,1751325392.0,1751325392,-77.4549,38.9381,,True,0.0,267.19,,,,,False,0,2025-06-30 23:16:38
a5f208,SWA2467 ,United States,1751325398.0,1751325398,-103.1125,39.3971,7322.82,False,215.68,110.38,2.28,,7741.92,,False,0,2025-06-30 23:16:38
a63897,N50LF   ,United States,1751325377.0,1751325377,-101.8277,33.6622,975.36,False,66.38,88.67,-3.58,,1036.32,3227,False,0,2025-06-30 23:16:38
a8c83b,EJA665  ,United States,1751325397.0,1751325397,-116.9687,32.6982,1196.34,False,94.27,226.99,-4.55,,1188.72,,False,0,2025-06-30 23:16:38
a2ebe7,N288CB  ,United States,1751325398.0,1751325398,-120.3311,34.8353,1615.44,False,42.53,147.85,2.28,,1638.3,,False,0,2025-06-30 23:16:38
a4954e,N3949X  ,United States,1751325397.0,1751325397,-116.7557,44.162,3048.0,False,62.64,326.05,0.0,,3200.4,,False,0,2025-06-30 23:16:38
ac8a11,N907KC  ,United States,1751325397.0,1751325397,-95.0362,38.8139,1043.94,False,49.54,254.95,0.65,,1074.42,,False,0,2025-06-30 23:16:38
a86540,PDT5832 ,United States,1751325397.0,1751325398,-75.2877,40.2542,1882.14,False,129.17,149.35,-5.53,,1958.34,4275,False,0,2025-06-30 23:16:38
ab34f3,DAL2035 ,United States,1751325398.0,1751325398,-84.5013,33.6161,960.12,False,120.79,242.89,8.13,,990.6,2564,False,0,2025-06-30 23:16:38
a8785b,FFT1728 ,United States,1751325395.0,1751325395,-115.136,36.0823,,True,0.0,309.38,,,,,False,0,2025-06-30 23:16:38
a43eec,UAL2073 ,United States,1751325394.0,1751325394,-77.4397,38.9464,,True,5.14,180.0,,,,,False,0,2025-06-30 23:16:38
a43eea,UAL562  ,United States,1751325397.0,1751325397,-100.218,45.5565,11277.6,False,249.65,95.56,0.0,,11696.7,,False,0,2025-06-30 23:16:38
a92ea0,EDV5062 ,United States,1751325394.0,1751325397,-88.05,31.057,2065.02,False,143.92,230.22,-8.45,,2171.7,7512,False,0,2025-06-30 23:16:38
ab34ea,DAL509  ,United States,1751325397.0,1751325398,-90.1752,42.4185,10363.2,False,193.07,267.71,0.0,,10805.16,4167,False,0,2025-06-30 23:16:38
a43eed,UAL1729 ,United States,1751325398.0,1751325398,-104.2563,39.5952,4236.72,False,166.15,308.72,-11.7,,4503.42,2271,False,0,2025-06-30 23:16:38
a7a84a,N5928E  ,United States,1751325397.0,1751325398,-73.1233,40.8051,335.28,False,46.94,43.67,0.33,,312.42,,False,0,2025-06-30 23:16:38
a2ebbd,ASA485  ,United States,1751325397.0,1751325398,-82.3168,33.6717,9037.32,False,241.15,295.53,5.53,,9585.96,0737,False,0,2025-06-30 23:16:38
aced21,,United States,1751325395.0,1751325396,-119.593,44.2923,10972.8,False,224.61,323.29,0.0,,11483.34,,False,0,2025-06-30 23:16:38
ac9d5e,N9114Z  ,United States,1751325323.0,1751325346,-96.4519,43.6576,1470.66,False,47.51,70.39,0.98,,1516.38,,False,0,2025-06-30 23:16:38
a30bce,ASA783  ,United States,1751325398.0,1751325398,-88.6742,35.1206,10363.2,False,234.59,270.25,-0.33,,11003.28,2253,False,0,2025-06-30 23:16:38
aced24,AAL1048 ,United States,1751325397.0,1751325397,-81.8693,35.1511,10058.4,False,240.71,54.31,0.0,,10683.24,6247,False,0,2025-06-30 23:16:38
a3621e,AAL2485 ,United States,1751325398.0,1751325398,-99.3932,32.097,11064.24,False,245.57,78.64,-4.88,,11734.8,1035,False,0,2025-06-30 23:16:38
ac67fc,AAL2225 ,United States,1751325397.0,1751325398,-80.7734,35.6351,2209.8,False,128.39,244.36,-7.15,,2324.1,5647,False,0,2025-06-30 23:16:38
a73220,ASA1225 ,United States,1751325397.0,1751325397,-121.6844,44.6952,11582.4,False,243.12,347.29,0.33,,12062.46,1767,False,0,2025-06-30 23:16:38
abba43,DAL3059 ,United States,1751325162.0,1751325162,-87.1602,30.4779,91.44,False,76.58,258.77,-4.23,,106.68,0664,False,0,2025-06-30 23:16:38
a74505,DAL214  ,United States,1751325395.0,1751325395,-84.4261,33.6412,,True,0.0,90.0,,,,4461,False,0,2025-06-30 23:16:38
aa6fca,SWA2807 ,United States,1751325397.0,1751325398,-118.4592,33.8067,6484.62,False,225.85,359.61,14.96,,6789.42,,False,0,2025-06-30 23:16:38
a55ed5,SKW5237 ,United States,1751325397.0,1751325397,-106.8302,40.5538,8633.46,False,228.74,106.19,-3.58,,9113.52,,False,0,2025-06-30 23:16:38
a3c549,FFT1113 ,United States,1751325397.0,1751325397,-97.4045,36.7719,11582.4,False,228.84,294.43,0.0,,12230.1,3346,False,0,2025-06-30 23:16:38
aaad8f,SWA4382 ,United States,1751325397.0,1751325397,-121.9617,37.4484,1485.9,False,115.62,49.15,9.1,,1508.76,1706,False,0,2025-06-30 23:16:38
a54bab,SWA844  ,United States,1751325397.0,1751325397,-76.7411,39.1777,297.18,False,79.36,93.34,-4.55,,274.32,4132,False,0,2025-06-30 23:16:38
a3c54f,LXJ342  ,United States,1751325398.0,1751325398,-76.2,43.3971,11940.54,False,261.42,99.63,-5.2,,12550.14,7317,False,0,2025-06-30 23:16:38
a4e538,RPA4742 ,United States,1751325397.0,1751325397,-80.0681,38.5295,6400.8,False,211.56,358.05,0.33,,6743.7,6514,False,0,2025-06-30 23:16:38
a3d890,DAL2027 ,United States,1751325397.0,1751325397,-99.7976,43.8693,10675.62,False,245.56,75.44,0.0,,11109.96,,False,0,2025-06-30 23:16:38
acda2c,SWA3498 ,United States,1751325397.0,1751325398,-97.3474,30.2726,1790.7,False,140.13,299.95,-1.63,,1897.38,3540,False,0,2025-06-30 23:16:38
a36279,SKW3945 ,United States,1751325398.0,1751325398,-95.7031,32.729,10668.0,False,234.7,59.73,0.0,,11300.46,3515,False,0,2025-06-30 23:16:38
a9c0be,N7276G  ,United States,1751325398.0,1751325398,-108.621,45.7473,1935.48,False,57.8,286.02,0.65,,2034.54,,False,0,2025-06-30 23:16:38
a517a1,SWA3711 ,United States,1751325398.0,1751325398,-84.3555,33.2302,12192.0,False,234.53,350.79,0.0,,12877.8,2513,False,0,2025-06-30 23:16:38
a16a20,AMF1545 ,United States,1751325397.0,1751325397,-70.2209,44.2939,3063.24,False,99.9,212.38,0.0,,3185.16,,False,0,2025-06-30 23:16:38
a014db,N104PF  ,United States,1751325398.0,1751325398,-88.0995,41.594,579.12,False,53.0,91.11,1.63,,533.4,1200,False,0,2025-06-30 23:16:38
a30d18,EDV5266 ,United States,1751325396.0,1751325397,-83.7702,34.1588,3749.04,False,160.26,220.18,-4.55,,3947.16,0505,False,0,2025-06-30 23:16:38
adb268,N98184  ,United States,1751325396.0,1751325396,-90.086,38.9403,624.84,False,49.66,140.04,-2.28,,594.36,,False,0,2025-06-30 23:16:38
a027f9,N109UV  ,United States,1751325398.0,1751325398,-111.7299,40.1959,1653.54,False,51.88,149.62,0.98,,1699.26,,False,0,2025-06-30 23:16:38
a30d04,AAY457  ,United States,1751325389.0,1751325389,-111.6691,33.3127,,True,11.32,135.0,,,,,False,0,2025-06-30 23:16:38
a16a02,AAL3083 ,United States,1751325397.0,1751325397,-85.8146,32.2765,10050.78,False,237.42,110.95,-0.33,,10675.62,3612,False,0,2025-06-30 23:16:38
a8c88f,UAL14   ,United States,1751325338.0,1751325347,-74.1764,40.6986,,True,0.13,39.38,,,,,False,0,2025-06-30 23:16:38
06a1ce,QQE761  ,Qatar,1751325398.0,1751325398,-106.3918,31.8293,13716.0,False,258.78,98.11,0.0,,14432.28,6765,False,0,2025-06-30 23:16:38
a8fbe8,N67807  ,United States,1751325397.0,1751325397,-121.8584,38.5567,320.04,False,34.16,232.96,1.95,,236.22,1200,False,0,2025-06-30 23:16:38
ac429b,SWA3265 ,United States,1751325397.0,1751325397,-114.5885,36.1955,5836.92,False,199.6,90.15,11.38,,6156.96,,False,0,2025-06-30 23:16:38
a0ad1b,UAL8198 ,United States,1751325376.0,1751325376,-94.5291,29.7493,5913.12,False,205.69,99.79,9.43,,6225.54,2526,False,0,2025-06-30 23:16:38
a04a33,N118CX  ,United States,1751325396.0,1751325397,-83.5877,26.5494,12588.24,False,175.97,122.34,-7.48,,13220.7,2236,False,0,2025-06-30 23:16:38
a87898,JBU1214 ,United States,1751325398.0,1751325398,-70.6148,42.1139,2415.54,False,129.35,24.93,-5.2,,2537.46,2443,False,0,2025-06-30 23:16:38
a7dbaa,SKW5913 ,United States,1751325265.0,1751325265,-122.3869,37.6212,,True,1.29,216.56,,,,,False,0,2025-06-30 23:16:38
a4d277,N41HA   ,United States,1751325397.0,1751325397,-118.9627,34.405,6400.8,False,140.01,150.99,0.0,,6690.36,,False,0,2025-06-30 23:16:38
ab34a7,AAL3073 ,United States,1751325398.0,1751325398,-84.839,38.9452,2514.6,False,137.27,66.12,-2.28,,2606.04,3445,False,0,2025-06-30 23:16:38
adb29c,ASA1269 ,United States,1751325393.0,1751325393,-98.4432,39.468,10363.2,False,215.59,287.35,0.0,,10896.6,1647,False,0,2025-06-30 23:16:38
a267fa,N254SR  ,United States,1751325397.0,1751325397,-111.9683,33.2261,998.22,False,43.73,89.33,-2.93,,937.26,1200,False,0,2025-06-30 23:16:38
aa0243,N744JW  ,United States,1751325397.0,1751325397,-112.1415,38.9897,13708.38,False,248.68,174.3,0.0,,14371.32,3170,False,0,2025-06-30 23:16:38
a2b7cd,UAL2275 ,United States,1751325397.0,1751325397,-115.252,43.9092,10058.4,False,244.39,117.86,0.0,,10568.94,6674,False,0,2025-06-30 23:16:38
a98539,DAL392  ,United States,1751325397.0,1751325397,-87.1662,37.2732,11582.4,False,216.56,244.84,0.0,,12252.96,4465,False,0,2025-06-30 23:16:38
0d04ae,SLI470  ,Mexico,1751325398.0,1751325398,-94.4634,28.7725,8839.2,False,238.6,66.09,0.0,,9395.46,6517,False,0,2025-06-30 23:16:38
aaad1b,N78710  ,United States,1751325395.0,1751325395,-83.8528,35.9687,396.24,False,32.38,252.43,-3.58,,434.34,,False,0,2025-06-30 23:16:38
a121be,N172MR  ,United States,1751325397.0,1751325397,-122.8751,46.4184,2011.68,False,54.55,339.0,0.0,,2080.26,,False,0,2025-06-30 23:16:38
a05d8d,N1220W  ,United States,1751325188.0,1751325190,-120.0684,39.1101,3322.32,False,159.69,2.95,-13.0,,3451.86,7223,False,0,2025-06-30 23:16:38
4cc52e,ICE9V   ,Iceland,1751325398.0,1751325398,-87.1875,42.2785,2263.14,False,151.38,192.76,-6.18,,2316.48,0731,False,0,2025-06-30 23:16:38
4cc52f,ICE821  ,Iceland,1751325396.0,1751325397,-77.7478,36.4365,4678.68,False,178.51,229.79,-6.83,,4945.38,2464,False,0,2025-06-30 23:16:38
acb82e,AVA211  ,United States,1751325397.0,1751325397,-77.1415,34.7534,10370.82,False,242.94,193.59,0.0,,10980.42,1614,False,0,2025-06-30 23:16:38
4cc52b,ICE657  ,Iceland,1751325397.0,1751325397,-93.4409,45.2727,4076.7,False,192.44,159.34,-9.75,,4183.38,,False,0,2025-06-30 23:16:38
a4f7fb,CXK214  ,United States,1751325397.0,1751325398,-117.1041,33.3122,1676.4,False,33.88,221.92,0.33,,1706.88,,False,0,2025-06-30 23:16:38
a2da60,AAY1311 ,United States,1751325398.0,1751325398,-78.0479,38.9678,3055.62,False,170.59,3.46,0.0,,3215.64,2620,False,0,2025-06-30 23:16:38
ac685d,SKW3612 ,United States,1751325397.0,1751325397,-91.3437,42.2681,7620.0,False,245.56,74.07,0.65,,7909.56,,False,0,2025-06-30 23:16:38
a744b3,ASA1100 ,United States,1751325398.0,1751325398,-120.2547,38.9332,11887.2,False,216.45,169.73,-0.33,,12466.32,1610,False,0,2025-06-30 23:16:38
a3fa60,N35543  ,United States,1751325397.0,1751325398,-97.0292,32.2516,1341.12,False,47.51,184.97,-0.65,,1409.7,,False,0,2025-06-30 23:16:38
a481c0,N39PL   ,United States,1751325123.0,1751325123,-83.328,42.2391,312.42,False,70.42,207.88,-3.25,,251.46,,False,0,2025-06-30 23:16:38
a4e4f9,N414WJ  ,United States,1751325397.0,1751325397,-120.6384,38.6389,3215.64,False,87.36,210.04,-1.3,,3322.32,,False,0,2025-06-30 23:16:38
a2da59,,United States,1751325132.0,1751325132,-97.0376,32.9091,,True,8.23,90.0,,,,,False,0,2025-06-30 23:16:38
a997cc,DAL750  ,United States,1751325095.0,1751325097,-118.4191,38.3772,11277.6,False,251.35,80.58,0.33,,11818.62,3647,False,0,2025-06-30 23:16:38
4cc548,ICE37B  ,Iceland,1751325243.0,1751325254,-79.6368,43.6793,205.74,True,0.64,56.25,,,,2426,False,0,2025-06-30 23:16:38
4cc549,ICE43E  ,Iceland,1751325398.0,1751325398,-76.1202,38.7523,3025.14,False,147.01,265.79,-3.58,,3169.92,2550,False,0,2025-06-30 23:16:38
a494e9,UAL1379 ,United States,1751325398.0,1751325398,-77.5021,38.9477,335.28,False,98.47,296.7,11.38,,297.18,,False,0,2025-06-30 23:16:38
ac5544,N894MA  ,United States,1751325396.0,1751325396,-81.6226,28.721,304.8,False,58.41,109.55,0.0,,320.04,1200,False,0,2025-06-30 23:16:38
ab355c,JBU2876 ,United States,1751325397.0,1751325397,-75.2248,38.2845,11590.02,False,242.61,216.72,0.33,,12260.58,6300,False,0,2025-06-30 23:16:38
a78d73,DAL472  ,United States,1751325398.0,1751325398,-105.9618,41.4273,10972.8,False,225.7,296.1,0.0,,11559.54,3557,False,0,2025-06-30 23:16:38
acb83b,N919BH  ,United States,1751325398.0,1751325398,-98.1612,29.9424,1112.52,False,90.24,140.32,-2.6,,1158.24,6762,False,0,2025-06-30 23:16:38
a2ed5a,SKW4031 ,United States,1751325398.0,1751325398,-119.6928,38.2975,10668.0,False,221.52,167.25,0.65,,11193.78,0657,False,0,2025-06-30 23:16:38
ac6886,UAL498  ,United States,1751324996.0,1751325117,-99.8308,40.2979,10972.8,False,221.36,308.02,-0.33,,11475.72,1043,False,0,2025-06-30 23:16:38
c053b4,ASP655  ,Canada,1751325397.0,1751325397,-83.6248,33.4081,13716.0,False,197.11,1.65,0.0,,14371.32,7437,False,0,2025-06-30 23:16:38
a494c5,UAL2466 ,United States,1751325398.0,1751325398,-85.1131,44.0154,8534.4,False,216.9,192.88,0.0,,8884.92,7023,False,0,2025-06-30 23:16:38
a30d6b,SKW4130 ,United States,1751325393.0,1751325393,-95.6288,46.3895,10668.0,False,253.08,119.07,0.33,,10988.04,,False,0,2025-06-30 23:16:38
a9d59f,UAL2152 ,United States,1751325397.0,1751325398,-104.5367,40.132,2331.72,False,108.48,299.24,-4.23,,2476.5,,False,0,2025-06-30 23:16:38
a2b919,ASA415  ,United States,1751325373.0,1751325373,-113.4874,43.9851,10363.2,False,226.64,295.69,-0.33,,10896.6,,False,0,2025-06-30 23:16:38
a3890e,N327HP  ,United States,1751325283.0,1751325283,-84.5627,33.3512,243.84,False,44.67,308.45,-2.93,,251.46,1200,False,0,2025-06-30 23:16:38
ac5569,AAL497  ,United States,1751325397.0,1751325397,-81.6814,37.1199,8869.68,False,224.82,169.72,-12.68,,9410.7,1512,False,0,2025-06-30 23:16:38
a54d2d,OXF4263 ,United States,1751325398.0,1751325398,-111.4583,33.1655,1325.88,False,48.4,2.44,1.63,,1303.02,1200,False,0,2025-06-30 23:16:38
a9c27a,NKS2792 ,United States,1751325397.0,1751325397,-83.3142,42.2968,693.42,False,75.96,208.3,-4.23,,647.7,1675,False,0,2025-06-30 23:16:38
a0030d,JTL10   ,United States,1751325397.0,1751325397,-79.7046,28.3755,11887.2,False,222.37,298.46,-0.65,,12496.8,3341,False,0,2025-06-30 23:16:38
4cc57b,ICE31T  ,Iceland,1751325398.0,1751325398,-83.4849,42.7469,2537.46,False,150.01,150.18,-5.2,,2590.8,0712,False,0,2025-06-30 23:16:38
a4f7cb,RPA9931 ,United States,1751325395.0,1751325395,-71.0192,42.3557,,True,0.0,120.94,,,,,False,0,2025-06-30 23:16:38
4cc57a,ICE825  ,Iceland,1751325397.0,1751325397,-79.4116,40.8446,11582.4,False,222.49,248.0,-0.33,,12230.1,3637,False,0,2025-06-30 23:16:38
ad0bd1,N94LH   ,United States,1751325398.0,1751325398,-92.9349,35.4131,12192.0,False,213.28,207.12,0.0,,12854.94,1717,False,0,2025-06-30 23:16:38
acb88c,EPI508  ,United States,1751325117.0,1751325117,-80.9456,29.061,-15.24,False,31.59,196.07,-1.95,,0.0,1200,False,0,2025-06-30 23:16:38
a624ac,SWA147  ,United States,1751325397.0,1751325397,-107.9342,35.4724,7246.62,False,209.58,77.67,-11.05,,7696.2,,False,0,2025-06-30 23:16:38
a4e4aa,N414TE  ,United States,1751325397.0,1751325397,-89.6697,35.958,12496.8,False,231.34,58.64,-0.33,,13197.84,3411,False,0,2025-06-30 23:16:38
4cc573,ICE1A   ,Iceland,1751325397.0,1751325397,-77.5853,37.6425,6446.52,False,205.89,358.14,-9.1,,6842.76,2425,False,0,2025-06-30 23:16:38
4cc570,ICE680  ,Iceland,1751325398.0,1751325398,-122.3093,47.6797,2026.92,False,142.5,0.0,10.4,,2103.12,,False,0,2025-06-30 23:16:38
7807bb,CSG2585 ,China,1751325398.0,1751325398,-108.4102,34.0207,10058.4,False,246.13,171.34,0.0,,10645.14,5747,False,0,2025-06-30 23:16:38
acb892,SKW5431 ,United States,1751325295.0,1751325295,-100.8968,40.7458,9144.0,False,208.19,257.44,-0.33,,9616.44,,False,0,2025-06-30 23:16:38
4cc569,FPY410  ,Iceland,1751325398.0,1751325398,-75.8696,39.2919,5143.5,False,205.35,47.44,12.03,,5402.58,5640,False,0,2025-06-30 23:16:38
a0acbb,UAL2028 ,United States,1751325397.0,1751325397,-99.6577,37.518,10363.2,False,200.75,251.47,0.0,,10942.32,6005,False,0,2025-06-30 23:16:38
a29cbf,ASA297  ,United States,1751325397.0,1751325398,-92.8833,43.1058,10363.2,False,202.27,268.25,-0.33,,10721.34,4563,True,0,2025-06-30 23:16:38
c03069,ACA1066 ,Canada,1751325396.0,1751325397,-108.6231,37.4114,11285.22,False,236.0,140.31,-0.33,,11902.44,2664,False,0,2025-06-30 23:16:38
c03064,ACA740  ,Canada,1751325398.0,1751325398,-91.3433,42.8807,11277.6,False,272.92,82.53,0.0,,11719.56,3327,False,0,2025-06-30 23:16:38
a6aa6e,ASA929  ,United States,1751325398.0,1751325398,-122.6771,44.9128,3528.06,False,177.91,3.98,-2.28,,3695.7,3637,False,0,2025-06-30 23:16:38
a51958,AAL3308 ,United States,1751325398.0,1751325398,-93.4945,32.9683,10058.4,False,250.23,85.64,0.0,,10675.62,2210,False,0,2025-06-30 23:16:38
ac5700,SWA4034 ,United States,1751325398.0,1751325398,-91.0173,38.955,10972.8,False,222.39,272.12,0.0,,11574.78,1042,False,0,2025-06-30 23:16:38
a24304,EPI245  ,United States,1751325247.0,1751325247,-81.3471,29.7871,861.06,False,65.46,356.4,0.0,,914.4,1200,False,0,2025-06-30 23:16:38
406a34,BAW216  ,United Kingdom,1751325398.0,1751325398,-70.1052,42.6933,10668.0,False,251.96,51.63,0.0,,11216.64,0413,False,0,2025-06-30 23:16:38
c0307c,ACA566  ,Canada,1751325398.0,1751325398,-122.9016,40.3399,11887.2,False,216.22,169.3,0.0,,12443.46,2673,False,0,2025-06-30 23:16:38
a0acb6,UAL2627 ,United States,1751325397.0,1751325397,-98.4506,45.2047,10668.0,False,241.11,109.05,0.0,,11049.0,,False,0,2025-06-30 23:16:38
a13650,UAL636  ,United States,1751325351.0,1751325351,-98.5444,29.5886,601.98,False,69.98,131.42,-3.58,,731.52,1716,True,0,2025-06-30 23:16:38
a13651,UAL2081 ,United States,1751325398.0,1751325398,-82.4988,35.4315,10668.0,False,239.76,219.43,0.98,,11315.7,1242,False,0,2025-06-30 23:16:38
a2b98d,N275FA  ,United States,1751325398.0,1751325398,-75.7144,40.4917,685.8,False,46.23,132.75,0.98,,670.56,0450,False,0,2025-06-30 23:16:38
a611db,UAL1464 ,United States,1751325396.0,1751325397,-100.2689,38.4709,10972.8,False,220.12,287.97,0.0,,11567.16,1115,False,0,2025-06-30 23:16:38
a9d4b5,RPA3585 ,United States,1751325397.0,1751325397,-85.6088,38.3107,8709.66,False,239.98,354.09,-11.05,,9212.58,1015,False,0,2025-06-30 23:16:38
a8fd3c,AAL2871 ,United States,1751325397.0,1751325397,-109.4595,37.9712,10538.46,False,238.16,25.46,2.6,,11148.06,2665,False,0,2025-06-30 23:16:38
a48321,DAL2756 ,United States,1751325397.0,1751325397,-91.8711,45.4435,7353.3,False,239.08,86.79,6.18,,7559.04,5354,False,0,2025-06-30 23:16:38
a3899d,ENY3562 ,United States,1751325398.0,1751325398,-88.0388,39.3937,9144.0,False,214.9,251.43,0.0,,9624.06,1366,False,0,2025-06-30 23:16:38
aaadb2,SWA2628 ,United States,1751325397.0,1751325397,-76.9158,39.2125,3352.8,False,166.99,280.65,4.23,,3489.96,3535,False,0,2025-06-30 23:16:38
a78d6b,JIA5652 ,United States,1751325398.0,1751325398,-82.8872,36.2593,10660.38,False,241.81,63.05,2.93,,11300.46,3155,False,0,2025-06-30 23:16:38
a48315,DAL1984 ,United States,1751325397.0,1751325398,-79.6533,32.7644,10972.8,False,248.19,291.78,0.33,,11597.64,3516,False,0,2025-06-30 23:16:38
ab7dbe,N84CM   ,United States,1751325397.0,1751325397,-91.5889,35.051,10972.8,False,158.97,225.39,0.0,,11635.74,5566,False,0,2025-06-30 23:16:38
a3d90a,AAL1793 ,United States,1751325398.0,1751325398,-81.6686,25.5305,6408.42,False,184.49,95.44,-4.88,,6781.8,3471,False,0,2025-06-30 23:16:38
a2301d,BOE955  ,United States,1751325397.0,1751325397,-119.2871,47.5913,4511.04,False,100.84,89.12,0.33,,4716.78,,False,0,2025-06-30 23:16:38
a984b1,NKS2456 ,United States,1751325397.0,1751325397,-83.7201,37.3732,11277.6,False,230.04,161.08,-0.33,,11932.92,6443,False,0,2025-06-30 23:16:38
a997e5,AAL964  ,United States,1751325398.0,1751325398,-76.3934,39.1853,2522.22,False,161.12,55.14,13.66,,2621.28,1317,False,0,2025-06-30 23:16:38
a89a4e,N6530Y  ,United States,1751325397.0,1751325397,-120.9204,38.097,2133.6,False,92.09,312.96,-2.93,,2171.7,,False,0,2025-06-30 23:16:38
a29ce8,N268CA  ,United States,1751325377.0,1751325379,-87.461,32.5727,4572.0,False,120.16,173.36,0.0,,4815.84,,False,0,2025-06-30 23:16:38
a23000,N240AA  ,United States,1751325390.0,1751325397,-81.6507,28.899,251.46,False,52.56,3.37,0.98,,304.8,,False,0,2025-06-30 23:16:38
a31fdb,SCM3    ,United States,1751325395.0,1751325396,-90.0887,34.4747,7109.46,False,164.73,195.21,10.4,,7536.18,,False,0,2025-06-30 23:16:38
a51928,N4278Z  ,United States,1751325397.0,1751325397,-118.6725,32.9758,213.36,False,41.56,328.67,-0.65,,152.4,,False,0,2025-06-30 23:16:38
a8b4c6,FFT2705 ,United States,1751325398.0,1751325398,-87.7943,39.0312,10363.2,False,218.79,267.84,0.0,,10965.18,2111,False,0,2025-06-30 23:16:38
a0acf8,UAL1032 ,United States,1751325179.0,1751325179,-87.9081,41.9792,,True,4.37,191.25,,,,,False,0,2025-06-30 23:16:38
a0acf9,UAL2100 ,United States,1751325366.0,1751325366,-114.7419,39.4027,10972.8,False,222.2,245.81,0.33,,11559.54,6055,False,0,2025-06-30 23:16:38
a90a1e,N6816F  ,United States,1751325395.0,1751325395,-93.012,44.1544,1219.2,False,48.92,92.41,2.93,,1219.2,,False,0,2025-06-30 23:16:38
a62676,VAR496  ,United States,1751325396.0,1751325397,-112.7323,33.3302,678.18,False,62.66,347.68,1.3,,601.98,,False,0,2025-06-30 23:16:38
a97310,JBU2523 ,United States,1751325397.0,1751325397,-76.6457,37.5558,7757.16,False,240.99,199.71,5.53,,8229.6,6204,False,0,2025-06-30 23:16:38
a73322,N563M   ,United States,1751325397.0,1751325398,-91.3421,44.2462,4282.44,False,172.88,351.1,-2.6,,4381.5,,False,0,2025-06-30 23:16:38
a7a956,JBU120  ,United States,1751325397.0,1751325398,-73.3936,40.4211,10820.4,False,233.75,209.1,1.63,,11445.24,2454,False,0,2025-06-30 23:16:38
a8a309,PDT5923 ,United States,1751325397.0,1751325397,-78.7333,42.936,,True,8.75,45.0,,,,,False,0,2025-06-30 23:16:38
a4c02d,GTI8240 ,United States,1751325395.0,1751325395,-73.7785,40.6547,,True,0.0,210.94,,,,,False,0,2025-06-30 23:16:38
ad0e61,AAL2288 ,United States,1751325393.0,1751325393,-88.3842,32.4202,11277.6,False,229.83,93.34,0.0,,11963.4,5122,False,0,2025-06-30 23:16:38
a2a688,N270AM  ,United States,1751325351.0,1751325397,-95.8795,32.6374,571.5,False,44.86,273.95,-0.65,,579.12,,False,0,2025-06-30 23:16:38
a9e914,N738DF  ,United States,1751325250.0,1751325250,-82.3536,34.7759,388.62,False,41.26,305.87,-2.93,,373.38,,False,0,2025-06-30 23:16:38
add8e0,N9911L  ,United States,1751325387.0,1751325387,-122.7455,38.0553,876.3,False,56.66,249.26,-0.33,,822.96,1200,False,0,2025-06-30 23:16:38
ac9e77,DAL2246 ,United States,1751325397.0,1751325398,-97.5441,43.2442,11582.4,False,210.65,247.76,0.0,,12031.98,7073,False,0,2025-06-30 23:16:38
ac55f3,UAL2236 ,United States,1751325081.0,1751325087,-95.3063,30.0072,121.92,False,69.96,270.0,-3.58,,144.78,6244,True,0,2025-06-30 23:16:38
adc5b8,MTN7463 ,United States,1751325383.0,1751325393,-79.3738,40.057,1821.18,False,75.0,206.04,0.0,,1874.52,6020,False,0,2025-06-30 23:16:38
a6bcda,N533PC  ,United States,1751325397.0,1751325397,-112.0435,33.7375,1257.3,False,74.06,163.45,-3.58,,1242.06,,False,0,2025-06-30 23:16:38
a7598c,UAL1012 ,United States,1751325397.0,1751325397,-105.6184,36.2833,10972.8,False,218.66,246.57,0.0,,11582.4,7166,False,0,2025-06-30 23:16:38
a2ecf3,AAY3082 ,United States,1751325398.0,1751325398,-87.559,30.7764,4876.8,False,149.03,86.04,-7.48,,5166.36,2472,False,0,2025-06-30 23:16:38
c0565b,CGGSG   ,Canada,1751325397.0,1751325397,-79.8387,43.7747,548.64,False,57.19,3.09,2.28,,495.3,5336,False,0,2025-06-30 23:16:38
a98620,N7122G  ,United States,1751325098.0,1751325181,-86.7318,33.5694,480.06,False,40.72,3.62,0.65,,480.06,,False,0,2025-06-30 23:16:38
a6cffc,AAL1617 ,United States,1751325397.0,1751325397,-105.2358,31.0679,10073.64,False,236.73,124.55,0.0,,10683.24,2402,False,0,2025-06-30 23:16:38
a73348,JIA5609 ,United States,1751325397.0,1751325397,-85.9616,39.2411,8282.94,False,239.31,75.81,-11.05,,8724.9,7625,False,0,2025-06-30 23:16:38
a4e62a,ASI221  ,United States,1751325397.0,1751325397,-97.7557,30.9722,1066.8,False,40.75,136.02,0.98,,1097.28,6052,False,0,2025-06-30 23:16:38
a1ce16,SWA1496 ,United States,1751325398.0,1751325398,-96.0013,39.079,11277.6,False,261.86,90.34,0.0,,11849.1,,False,0,2025-06-30 23:16:38
a5afc8,N4659G  ,United States,1751325195.0,1751325195,-87.8967,42.1036,243.84,False,31.82,337.17,-2.6,,236.22,,False,0,2025-06-30 23:16:38
ac9e91,SKW4747 ,United States,1751325397.0,1751325398,-102.5127,34.0883,9685.02,False,229.35,356.53,0.98,,10248.9,,False,0,2025-06-30 23:16:38
adb2a4,DAL2135 ,United States,1751325398.0,1751325398,-81.7475,35.155,4297.68,False,202.25,244.22,5.85,,4533.9,,False,0,2025-06-30 23:16:38
a47074,N38513  ,United States,1751325275.0,1751325355,-73.2054,41.9496,1524.0,False,60.97,58.46,0.0,,1569.72,,False,0,2025-06-30 23:16:38
a04b24,AAL2834 ,United States,1751325387.0,1751325388,-97.0547,32.9149,190.5,False,73.57,180.4,-2.6,,175.26,6373,False,0,2025-06-30 23:16:38
a29e24,EJA268  ,United States,1751325267.0,1751325321,-77.4549,38.9386,,True,0.06,267.19,,,,,False,0,2025-06-30 23:16:38
ac42df,SWA167  ,United States,1751325398.0,1751325398,-102.1204,31.9265,12496.8,False,234.0,123.34,0.0,,13197.84,,False,0,2025-06-30 23:16:38
a67ff0,N518JA  ,United States,1751325397.0,1751325398,-103.0063,39.3296,11582.4,False,233.4,294.76,0.33,,12176.76,1112,False,0,2025-06-30 23:16:38
a59007,CAP458  ,United States,1751325398.0,1751325398,-117.3931,33.833,1135.38,False,51.24,353.66,-1.63,,1127.76,,False,0,2025-06-30 23:16:38
a87942,QXE2160 ,United States,1751325398.0,1751325398,-118.6473,47.2817,10668.0,False,241.21,95.14,0.65,,11109.96,1561,False,0,2025-06-30 23:16:38
a028e5,ABX3123 ,United States,1751325397.0,1751325397,-96.3243,40.4084,11887.2,False,261.92,71.21,-0.33,,12428.22,7337,False,0,2025-06-30 23:16:38
aca5ff,SKW5708 ,United States,1751325397.0,1751325397,-103.6837,40.5255,6979.92,False,197.45,217.38,-10.4,,7368.54,,False,0,2025-06-30 23:16:38
a5aff2,AAL2206 ,United States,1751325397.0,1751325397,-95.3867,32.6315,7673.34,False,244.76,94.94,6.5,,8145.78,2372,False,0,2025-06-30 23:16:38
a85397,N63565  ,United States,1751325397.0,1751325397,-80.0335,35.5426,1104.9,False,38.89,142.52,0.0,,1104.9,,False,0,2025-06-30 23:16:38
aa28b9,N75382  ,United States,1751325255.0,1751325316,-77.837,38.5161,396.24,False,45.44,344.23,-3.9,,381.0,1200,False,0,2025-06-30 23:16:38
ad504d,SKW5108 ,United States,1751325397.0,1751325398,-93.4367,40.6344,8534.4,False,207.59,241.91,0.33,,8953.5,6265,False,0,2025-06-30 23:16:38
a638a0,MVP347  ,United States,1751325397.0,1751325397,-81.2615,30.7589,11605.26,False,215.04,163.6,0.0,,12245.34,6614,False,0,2025-06-30 23:16:38
ada021,N9771   ,United States,1751325397.0,1751325397,-115.1089,35.9818,3550.92,False,72.59,49.31,0.0,,3749.04,,False,0,2025-06-30 23:16:38
a42e13,DAL2520 ,United States,1751325398.0,1751325398,-76.1612,37.2995,10355.58,False,237.79,204.68,0.0,,10972.8,1747,False,0,2025-06-30 23:16:38
aaae08,N7878S  ,United States,1751325280.0,1751325280,-118.2372,33.8897,99.06,False,27.78,271.06,-4.88,,68.58,,False,0,2025-06-30 23:16:38
a4f8d9,N41967  ,United States,1751325397.0,1751325397,-88.4872,43.5808,960.12,False,39.01,228.74,0.33,,929.64,,False,0,2025-06-30 23:16:38
a4e5a9,N4142Q  ,United States,1751325371.0,1751325371,-89.6354,43.3387,571.5,False,42.44,276.26,-4.55,,548.64,,False,0,2025-06-30 23:16:38
a638c4,N50NA   ,United States,1751325397.0,1751325397,-118.3053,47.3986,7924.8,False,132.93,232.86,0.0,,8290.56,,False,0,2025-06-30 23:16:38
a53b19,N436TH  ,United States,1751325397.0,1751325397,-122.1415,48.237,906.78,False,52.23,333.69,0.0,,922.02,1200,False,0,2025-06-30 23:16:38
ab48ba,N826SE  ,United States,1751325398.0,1751325398,-86.7674,36.7229,922.02,False,76.52,41.73,0.0,,937.26,,False,0,2025-06-30 23:16:38
a2b8b8,UAL989  ,United States,1751325397.0,1751325397,-70.1189,41.7636,10058.4,False,255.26,50.89,0.0,,10584.18,3576,False,0,2025-06-30 23:16:38
a53b11,N436T   ,United States,1751325397.0,1751325397,-86.3888,38.2467,3657.6,False,75.36,330.11,0.0,,3817.62,5130,False,0,2025-06-30 23:16:38
ab48bf,SKW3756 ,United States,1751325397.0,1751325397,-81.9206,34.0719,9966.96,False,234.44,337.83,6.18,,10584.18,2172,False,0,2025-06-30 23:16:38
a96049,CXK577  ,United States,1751325398.0,1751325398,-74.427,40.7713,365.76,False,44.92,119.5,0.65,,335.28,1200,False,0,2025-06-30 23:16:38
adb35c,JBU319  ,United States,1751325398.0,1751325398,-93.7013,42.0909,10363.2,False,200.61,260.85,-0.33,,10789.92,6736,False,0,2025-06-30 23:16:38
a96046,IRO7570 ,United States,1751325398.0,1751325398,-88.1323,45.5319,2484.12,False,75.11,179.61,0.33,,2491.74,,False,0,2025-06-30 23:16:38
a388af,DAL1710 ,United States,1751325398.0,1751325398,-90.5831,37.8609,10363.2,False,236.23,306.94,0.0,,10965.18,1541,False,0,2025-06-30 23:16:38
a28b00,JSX346  ,United States,1751325397.0,1751325397,-119.2231,36.4347,9753.6,False,241.44,346.32,-0.65,,10210.8,2436,False,0,2025-06-30 23:16:38
a242e5,AMF7222 ,United States,1751325397.0,1751325398,-98.3831,35.4143,4884.42,False,132.71,249.11,-0.65,,5151.12,6611,False,0,2025-06-30 23:16:38
a5e041,EJA478  ,United States,1751325398.0,1751325398,-85.1499,34.2951,9144.0,False,235.38,258.27,0.0,,9692.64,0470,False,0,2025-06-30 23:16:38
ac68c3,N899WM  ,United States,1751325398.0,1751325398,-85.2902,32.9055,2430.78,False,83.95,19.32,-0.33,,2552.7,,False,0,2025-06-30 23:16:38
c041bc,ROU1812 ,Canada,1751325397.0,1751325397,-77.5852,34.9534,9753.6,False,245.68,190.86,0.0,,10340.34,0501,False,0,2025-06-30 23:16:38
ab6b02,AAL1309 ,United States,1751325398.0,1751325398,-109.8623,36.7124,10058.4,False,241.53,24.27,-0.33,,10614.66,4105,False,0,2025-06-30 23:16:38
a59062,N458FS  ,United States,1751325397.0,1751325397,-78.8656,26.7032,10652.76,False,261.52,129.01,-11.05,,11209.02,5032,False,0,2025-06-30 23:16:38
a9e976,N738HD  ,United States,1751325397.0,1751325397,-105.1383,40.3165,1920.24,False,47.87,188.65,-2.93,,2019.3,,False,0,2025-06-30 23:16:38
ab48e8,UAL676  ,United States,1751325397.0,1751325398,-112.5581,36.4047,10980.42,False,235.83,242.88,0.0,,11590.02,2542,False,0,2025-06-30 23:16:38
aaae1b,SWA2537 ,United States,1751325397.0,1751325397,-77.325,38.0663,6210.3,False,206.98,30.96,-4.55,,6576.06,6506,False,0,2025-06-30 23:16:38
a42e4e,LXJ369  ,United States,1751325238.0,1751325238,-82.521,27.968,,True,0.0,205.31,,,,,False,0,2025-06-30 23:16:38
a5f35f,N4827L  ,United States,1751325397.0,1751325397,-94.1163,41.5424,914.4,False,50.29,59.24,-2.6,,944.88,,False,0,2025-06-30 23:16:38
a78cfc,JBU491  ,United States,1751325397.0,1751325398,-80.4786,43.0585,8176.26,False,195.62,267.89,3.58,,8580.12,7475,False,0,2025-06-30 23:16:38
a242c3,MXY533  ,United States,1751325398.0,1751325398,-89.7613,31.8263,11277.6,False,231.74,73.09,0.0,,11963.4,2070,False,0,2025-06-30 23:16:38
a42e48,FFT3660 ,United States,1751325398.0,1751325398,-105.5703,31.2474,10668.0,False,241.42,123.79,0.0,,11308.08,2634,False,0,2025-06-30 23:16:38
a8535f,N6355J  ,United States,1751325395.0,1751325396,-87.9268,43.6759,1402.08,False,52.58,210.58,0.0,,1394.46,,False,0,2025-06-30 23:16:38
a2db21,SWA3206 ,United States,1751325330.0,1751325378,-87.7578,41.7898,,False,13.89,337.5,,,,7414,False,0,2025-06-30 23:16:38
ab35cb,AAL1978 ,United States,1751325398.0,1751325398,-84.7537,33.5022,11277.6,False,233.23,75.04,0.0,,11948.16,3424,False,0,2025-06-30 23:16:38
a29e5c,SKW181H ,United States,1751325397.0,1751325397,-123.3028,44.469,2369.82,False,147.28,182.6,-4.88,,2476.5,4736,False,0,2025-06-30 23:16:38
a04b7d,N118SB  ,United States,1751325398.0,1751325398,-107.5316,33.0014,6728.46,False,128.97,330.88,-1.95,,7101.84,,False,0,2025-06-30 23:16:38
a9d637,,United States,1751325354.0,1751325354,-76.291,37.4878,1341.12,False,53.53,317.73,-0.65,,1363.98,,False,0,2025-06-30 23:16:38
abce34,N86TN   ,United States,1751325397.0,1751325397,-93.2426,35.1562,13106.4,False,235.32,94.51,-0.33,,13754.1,1304,False,0,2025-06-30 23:16:38
a242c5,N245CA  ,United States,1751325397.0,1751325397,-117.0933,32.9742,1059.18,False,32.32,13.82,0.98,,1059.18,,False,0,2025-06-30 23:16:38
ad7634,AAL1837 ,United States,1751325397.0,1751325397,-103.5632,30.4247,10668.0,False,240.12,69.43,0.0,,11323.32,1677,False,0,2025-06-30 23:16:38
a7cb14,CCK60   ,United States,1751325398.0,1751325398,-78.8897,38.02,8625.84,False,222.11,248.25,5.85,,9159.24,2105,False,0,2025-06-30 23:16:38
ad7639,DAL3017 ,United States,1751325305.0,1751325305,-79.8582,36.1588,647.7,False,80.41,226.3,-4.23,,701.04,1370,False,0,2025-06-30 23:16:38
a3fb6f,DAL708  ,United States,1751325398.0,1751325398,-114.9611,36.1815,10058.4,False,248.2,69.87,0.0,,10599.42,7342,False,0,2025-06-30 23:16:38
a732ae,GJS4176 ,United States,1751325395.0,1751325395,-75.1117,38.9853,1844.04,False,131.94,204.17,0.0,,1920.24,2327,False,0,2025-06-30 23:16:38
a865c8,FFT2280 ,United States,1751325397.0,1751325397,-82.0212,38.5171,9753.6,False,243.91,178.67,0.0,,10355.58,1031,False,0,2025-06-30 23:16:38
aaf002,ASH6231 ,United States,1751325397.0,1751325397,-86.0955,34.1635,8534.4,False,239.53,233.03,-0.33,,9037.32,3136,False,0,2025-06-30 23:16:38
ab2344,N8169L  ,United States,1751325128.0,1751325128,-90.9429,30.1873,60.96,False,32.45,182.73,-2.93,,68.58,,False,0,2025-06-30 23:16:38
a8b5ad,QXE2029 ,United States,1751325397.0,1751325397,-121.5659,43.5409,10668.0,False,211.79,164.65,0.33,,11125.2,,False,0,2025-06-30 23:16:38
acb950,NKS19   ,United States,1751325397.0,1751325397,-87.9971,41.8762,2598.42,False,152.14,54.91,-8.13,,2674.62,3772,False,0,2025-06-30 23:16:38
a05da4,N1221J  ,United States,1751325396.0,1751325396,-90.7915,31.2694,13098.78,False,240.25,270.0,-0.33,,13815.06,1014,False,0,2025-06-30 23:16:38
a6ab27,JBU2071 ,United States,1751325397.0,1751325397,-79.4855,25.9818,4914.9,False,193.77,109.06,9.1,,5189.22,,False,0,2025-06-30 23:16:38
aaf007,ASH6073 ,United States,1751325394.0,1751325394,-77.4548,38.9442,,True,0.0,270.0,,,,,False,0,2025-06-30 23:16:38
ab3681,N821VV  ,United States,1751325397.0,1751325397,-118.9946,35.5594,5074.92,False,142.41,333.62,-0.33,,5303.52,7312,False,0,2025-06-30 23:16:38
a41b66,ABX480  ,United States,1751325397.0,1751325397,-82.205,41.2342,11277.6,False,262.41,46.83,0.0,,11871.96,6651,False,0,2025-06-30 23:16:38
a66e8e,N513WF  ,United States,1751325397.0,1751325397,-122.4813,47.7946,754.38,False,62.29,210.8,0.65,,762.0,,False,0,2025-06-30 23:16:38
aa15cc,AAL2394 ,United States,1751325397.0,1751325397,-81.0087,32.2639,2529.84,False,148.91,35.72,15.28,,2644.14,,False,0,2025-06-30 23:16:38
a852b9,N6350T  ,United States,1751325397.0,1751325397,-120.7966,38.6799,1554.48,False,74.7,253.19,-1.95,,1592.58,1200,False,0,2025-06-30 23:16:38
ac300d,SWA3915 ,United States,1751325397.0,1751325397,-79.4246,35.3857,5166.36,False,199.19,39.45,-0.65,,5463.54,4575,False,0,2025-06-30 23:16:38
a7de53,JBU1143 ,United States,1751325397.0,1751325397,-74.8056,38.6979,10965.18,False,237.66,219.2,0.33,,11620.5,1321,False,0,2025-06-30 23:16:38
a7a8ed,DAL1134 ,United States,1751325396.0,1751325397,-92.0952,46.7607,9784.08,False,227.16,299.58,-0.33,,10027.92,7435,False,0,2025-06-30 23:16:38
a65b76,AAL1192 ,United States,1751325397.0,1751325397,-78.7561,29.0205,10058.4,False,231.68,12.31,-0.33,,10538.46,6150,False,0,2025-06-30 23:16:38
a6ab45,N529KG  ,United States,1751325398.0,1751325398,-85.883,39.7935,4975.86,False,213.95,221.39,-10.4,,5181.6,1306,False,0,2025-06-30 23:16:38
a7cb0b,AAL2660 ,United States,1751325398.0,1751325398,-122.7197,44.4893,5676.9,False,204.74,4.03,-9.1,,5974.08,,False,0,2025-06-30 23:16:38
ab1046,N8116J  ,United States,1751325397.0,1751325397,-79.4846,35.741,883.92,False,54.96,308.16,0.0,,914.4,,False,0,2025-06-30 23:16:38
a998a0,N7171Y  ,United States,1751325398.0,1751325398,-96.1483,32.3456,2141.22,False,98.22,337.2,-2.6,,2232.66,,False,0,2025-06-30 23:16:38
c067a6,CGNGN   ,Canada,1751325335.0,1751325353,-75.4728,45.5385,419.1,False,40.43,255.26,-2.28,,373.38,,False,0,2025-06-30 23:16:38
a638e1,N50PE   ,United States,1751325394.0,1751325397,-77.6616,43.1201,,True,29.32,241.88,,,,,False,0,2025-06-30 23:16:38
a9b06f,DAL437  ,United States,1751325397.0,1751325397,-113.0062,36.8079,10668.0,False,248.84,56.21,0.0,,11231.88,7441,False,0,2025-06-30 23:16:38
a66e3b,SKW6508 ,United States,1751325390.0,1751325394,-117.5757,34.0569,350.52,False,67.91,270.0,-2.93,,297.18,0763,False,0,2025-06-30 23:16:38
a1373d,DAL78   ,United States,1751325397.0,1751325397,-72.1602,41.8217,9776.46,False,249.1,53.65,6.18,,10309.86,2722,False,0,2025-06-30 23:16:38
71c701,APZ112  ,Republic of Korea,1751325398.0,1751325398,-124.4829,39.2757,8633.46,False,270.15,295.49,3.25,,9006.84,3234,False,0,2025-06-30 23:16:38
a54e72,N441BE  ,United States,1751325396.0,1751325397,-76.133,40.0689,777.24,False,83.55,298.3,0.0,,784.86,,False,0,2025-06-30 23:16:38
ac3053,SWA34   ,United States,1751325396.0,1751325396,-96.8518,32.847,,True,0.0,180.0,,,,,False,0,2025-06-30 23:16:38
a54e88,N441CB  ,United States,1751325397.0,1751325397,-93.9075,40.7542,1653.54,False,57.85,95.1,-0.65,,1714.5,,False,0,2025-06-30 23:16:38
adc64a,N987MT  ,United States,1751325397.0,1751325397,-118.1999,33.8206,381.0,False,43.1,246.8,-0.65,,320.04,,False,0,2025-06-30 23:16:38
a9c380,RPA3304 ,United States,1751325398.0,1751325398,-74.1217,44.2436,5798.82,False,186.41,255.62,4.23,,6065.52,,False,0,2025-06-30 23:16:38
a05dba,UAL1939 ,United States,1751325397.0,1751325397,-115.743,40.6281,11277.6,False,255.94,83.19,-0.65,,11856.72,,False,0,2025-06-30 23:16:38
a41b89,DAL2690 ,United States,1751325397.0,1751325397,-76.3205,42.8696,2811.78,False,144.71,185.51,10.4,,2903.22,0333,False,0,2025-06-30 23:16:38
ad4f1c,ERU957  ,United States,1751325398.0,1751325398,-81.0153,29.24,579.12,False,53.8,353.96,2.28,,617.22,,False,0,2025-06-30 23:16:38
a57b26,N452SM  ,United States,1751325397.0,1751325397,-104.9029,40.3048,2065.02,False,55.47,331.77,0.0,,2186.94,,False,0,2025-06-30 23:16:38
a2e5ec,SKW4012 ,United States,1751325398.0,1751325398,-107.6187,36.9352,10363.2,False,244.06,336.79,0.0,,10911.84,,False,0,2025-06-30 23:16:38
a808bb,N61697  ,United States,1751325389.0,1751325395,-80.7081,25.4526,1097.28,False,42.7,89.31,-1.63,,1173.48,,False,0,2025-06-30 23:16:38
ade18c,AAL1248 ,United States,1751325398.0,1751325398,-86.3421,33.1172,8336.28,False,240.66,233.08,4.88,,8846.82,5766,False,0,2025-06-30 23:16:38
a34e7d,N312CM  ,United States,1751325392.0,1751325398,-96.2642,35.9717,1661.16,False,63.17,120.32,-1.63,,1729.74,,False,0,2025-06-30 23:16:38
aa56d4,UAL745  ,United States,1751325385.0,1751325385,-113.7035,44.0919,10972.8,False,224.39,295.1,-0.33,,11513.82,,False,0,2025-06-30 23:16:38
ad4f0b,DAL3115 ,United States,1751325397.0,1751325398,-85.0718,33.1397,5219.7,False,199.48,47.09,-10.4,,5509.26,3616,False,0,2025-06-30 23:16:38
ae0195,COUGR80 ,United States,1751325147.0,1751325147,-89.6303,38.4645,922.02,False,97.91,226.92,0.0,,929.64,,False,0,2025-06-30 23:16:38
a295ff,N266HJ  ,United States,1751325397.0,1751325397,-76.2997,39.0381,8039.1,False,204.06,40.19,-10.4,,8481.06,2671,False,0,2025-06-30 23:16:38
aaef60,AAL2086 ,United States,1751325397.0,1751325397,-81.9821,36.1362,7970.52,False,231.44,324.23,6.5,,8450.58,5671,True,0,2025-06-30 23:16:38
a7d5a5,N6036Y  ,United States,1751325397.0,1751325397,-121.4849,38.4974,274.32,False,48.62,29.82,0.33,,220.98,4513,False,0,2025-06-30 23:16:38
a10e8b,UAL2494 ,United States,1751325398.0,1751325398,-104.3352,43.3147,11277.6,False,252.23,91.99,0.0,,11826.24,,False,0,2025-06-30 23:16:38
ad3c16,AAL2108 ,United States,1751325397.0,1751325397,-104.5826,31.1212,11582.4,False,231.33,284.16,0.0,,12268.2,0757,False,0,2025-06-30 23:16:38
ab63c2,CMD13   ,United States,1751325396.0,1751325397,-120.4693,37.5005,815.34,False,60.47,9.3,-0.65,,800.1,,False,0,2025-06-30 23:16:38
a8e38c,N672EB  ,United States,1751325398.0,1751325398,-72.3383,43.7376,838.2,False,38.24,162.78,-1.95,,830.58,,False,0,2025-06-30 23:16:38
a21b44,MXY760  ,United States,1751325398.0,1751325398,-76.9946,40.4572,4251.96,False,190.05,42.59,-9.43,,4457.7,7026,False,0,2025-06-30 23:16:38
aaa6dd,AAL192  ,United States,1751325397.0,1751325397,-93.0365,33.3781,10058.4,False,265.24,56.31,0.0,,10668.0,0574,False,0,2025-06-30 23:16:38
aa56b5,UAL202  ,United States,1751325312.0,1751325395,-81.587,37.7422,11277.6,False,226.0,84.12,0.0,,11932.92,3265,False,0,2025-06-30 23:16:38
a22e91,N24KK   ,United States,1751325292.0,1751325334,-87.3425,36.0992,807.72,False,43.68,302.01,-2.28,,800.1,,False,0,2025-06-30 23:16:38
a808d7,ATN3349 ,United States,1751325398.0,1751325398,-83.8406,38.6279,4754.88,False,182.51,258.79,-0.98,,4953.0,1671,False,0,2025-06-30 23:16:38
a57b4d,UAL474  ,United States,1751325398.0,1751325398,-95.4055,33.7528,10645.14,False,248.19,53.94,0.0,,11338.56,3226,False,0,2025-06-30 23:16:38
a1fb33,MXY197  ,United States,1751325398.0,1751325398,-72.7706,41.3215,914.4,False,115.01,319.9,0.0,,929.64,6531,False,0,2025-06-30 23:16:38
a1d8fd,UAL70   ,United States,1751325398.0,1751325398,-73.1602,41.3648,6911.34,False,227.84,48.75,8.45,,7269.48,1163,False,0,2025-06-30 23:16:38
aa56b4,UAL2005 ,United States,1751325397.0,1751325397,-79.7247,46.2151,10972.8,False,188.54,275.17,-0.33,,11422.38,1545,False,0,2025-06-30 23:16:38
aa56b3,UAL335  ,United States,1751325392.0,1751325392,-93.2358,30.9728,9959.34,False,225.14,253.68,-14.31,,10591.8,2154,False,0,2025-06-30 23:16:38
acf9cf,SCA35   ,United States,1751325284.0,1751325294,-111.6424,32.8333,838.2,False,53.38,152.45,0.65,,784.86,1200,False,0,2025-06-30 23:16:38
a33b1e,AAL2664 ,United States,1751325396.0,1751325397,-93.1931,32.752,10363.2,False,233.07,253.32,0.0,,10988.04,2165,False,0,2025-06-30 23:16:38
a46e35,DAL2606 ,United States,1751325398.0,1751325398,-122.7338,46.6436,4587.24,False,175.47,358.66,-8.45,,4792.98,6720,False,0,2025-06-30 23:16:38
4b1858,HBJFS   ,Switzerland,1751325397.0,1751325397,-104.2644,43.8239,13716.0,False,222.84,255.84,0.0,,14234.16,3677,False,0,2025-06-30 23:16:38
aa69d5,N770JF  ,United States,1751325396.0,1751325398,-79.172,33.5126,3322.32,False,97.71,41.16,0.0,,3528.06,2113,False,0,2025-06-30 23:16:38
ab50b9,N828Y   ,United States,1751325397.0,1751325397,-73.4317,40.7466,312.42,False,53.59,3.3,0.33,,289.56,,False,0,2025-06-30 23:16:38
ad4f72,JBU662  ,United States,1751325397.0,1751325397,-72.3797,39.0018,9570.72,False,230.08,320.08,-5.53,,10134.6,,False,0,2025-06-30 23:16:38
ad3c1f,ASA1160 ,United States,1751325398.0,1751325398,-120.7183,38.4163,11277.6,False,223.67,176.57,0.0,,11826.24,1505,False,0,2025-06-30 23:16:38
a57b02,N452RA  ,United States,1751325397.0,1751325397,-120.2862,34.9044,2773.68,False,59.0,132.17,0.65,,2819.4,,False,0,2025-06-30 23:16:38
ad90a3,AAL2009 ,United States,1751325398.0,1751325398,-97.2772,32.7701,2385.06,False,145.95,265.96,9.75,,2491.74,2320,False,0,2025-06-30 23:16:38
a21b7d,N235EF  ,United States,1751325397.0,1751325398,-81.2169,42.9795,7924.8,False,206.28,189.91,0.0,,8290.56,5214,False,0,2025-06-30 23:16:38
a2d2e2,N281ND  ,United States,1751325397.0,1751325398,-72.2752,43.9738,2346.96,False,64.89,2.73,-1.3,,2377.44,6124,False,0,2025-06-30 23:16:38
ae13c1,BALL21  ,United States,1751325360.0,1751325361,-97.6892,36.3484,1188.72,False,128.62,180.46,-5.85,,1234.44,,False,0,2025-06-30 23:16:38
a798ad,WMN589  ,United States,1751325398.0,1751325398,-102.7797,39.3063,13205.46,False,213.57,299.59,-4.88,,13822.68,2244,False,0,2025-06-30 23:16:38
a34e97,DAL1010 ,United States,1751325387.0,1751325387,-73.7811,40.6358,,True,0.0,84.38,,,,,False,0,2025-06-30 23:16:38
a94b50,UAL1979 ,United States,1751325397.0,1751325397,-101.9408,30.5131,10363.2,False,233.95,255.87,0.0,,11003.28,4040,False,0,2025-06-30 23:16:38
a69b92,ASA462  ,United States,1751325397.0,1751325397,-77.1529,46.7769,10363.2,False,207.06,285.42,0.0,,10797.54,3333,False,0,2025-06-30 23:16:38
3c65a8,DLH8P   ,Germany,1751325398.0,1751325398,-69.149,43.0434,8191.5,False,241.14,240.76,-15.28,,8641.08,,False,0,2025-06-30 23:16:38
adf442,N999BY  ,United States,1751325398.0,1751325398,-85.9474,32.0968,3931.92,False,96.11,21.35,0.33,,4145.28,,False,0,2025-06-30 23:16:38
3c65ad,DLH1HT  ,Germany,1751325398.0,1751325398,-70.7445,42.6633,1524.0,False,102.58,314.59,-0.33,,1569.72,4550,False,0,2025-06-30 23:16:38
3c65ac,DLH481  ,Germany,1751325397.0,1751325397,-99.9443,42.2017,11277.6,False,262.88,73.52,0.0,,11772.9,,False,0,2025-06-30 23:16:38
3c65ab,DLH411  ,Germany,1751325397.0,1751325397,-68.5313,44.3482,11277.6,False,265.25,60.1,0.0,,11841.48,2671,False,0,2025-06-30 23:16:38
a6eb4d,LKF45   ,United States,1751325398.0,1751325398,-88.8562,43.0871,6446.52,False,190.74,106.77,7.48,,6659.88,,False,0,2025-06-30 23:16:38
a05776,AAL2038 ,United States,1751325397.0,1751325398,-82.3301,35.9741,10355.58,False,230.62,336.47,0.0,,10988.04,3606,False,0,2025-06-30 23:16:38
a83e86,JBU1058 ,United States,1751325398.0,1751325398,-73.8143,40.0807,3322.32,False,161.5,29.59,-5.2,,3497.58,1524,False,0,2025-06-30 23:16:38
0d0af7,AMX608  ,Mexico,1751325397.0,1751325398,-85.7828,36.3256,10668.0,False,241.1,71.33,0.0,,11315.7,3245,False,0,2025-06-30 23:16:38
a8e2d6,DAL406  ,United States,1751325397.0,1751325398,-86.3919,35.7011,9448.8,False,251.39,148.13,0.33,,10027.92,2723,False,0,2025-06-30 23:16:38
ae1477,MNTNA33 ,United States,1751325398.0,1751325398,-96.5596,29.0636,3931.92,False,111.79,191.41,0.33,,4145.28,7202,False,0,2025-06-30 23:16:38
a45b96,DAL874  ,United States,1751325397.0,1751325397,-85.3253,34.5262,7246.62,False,234.13,141.87,-10.4,,7703.82,3241,False,0,2025-06-30 23:16:38
ae278b,LS20    ,United States,1751325329.0,1751325333,-117.1102,32.5662,22.86,False,0.73,315.0,0.0,,-7.62,,False,0,2025-06-30 23:16:38
a70b43,SKYY5   ,United States,1751325398.0,1751325398,-78.7828,35.8568,365.76,False,59.02,345.36,-3.58,,342.9,,False,0,2025-06-30 23:16:38
a6eb1e,GJS4600 ,United States,1751325396.0,1751325398,-91.9791,37.8517,10363.2,False,235.06,228.46,0.0,,10972.8,6563,False,0,2025-06-30 23:16:38
a41412,DAL2053 ,United States,1751325398.0,1751325398,-84.9948,40.4843,9502.14,False,210.52,219.45,3.58,,10012.68,7404,False,0,2025-06-30 23:16:38
a1511c,N184SD  ,United States,1751325397.0,1751325397,-117.9021,33.6759,213.36,False,32.16,277.35,-0.65,,160.02,,False,0,2025-06-30 23:16:38
a928ea,N69FR   ,United States,1751325397.0,1751325398,-82.2797,38.5143,10058.4,False,241.71,104.92,0.0,,10622.28,2146,False,0,2025-06-30 23:16:38
a0579a,N121BZ  ,United States,1751325397.0,1751325397,-101.7766,37.2139,11262.36,False,239.39,31.91,-1.3,,11887.2,,False,0,2025-06-30 23:16:38
a1a110,MXY765  ,United States,1751325398.0,1751325398,-73.1761,40.736,10363.2,False,239.2,208.66,0.0,,10949.94,1354,False,0,2025-06-30 23:16:38
0c4183,DWI5910 ,Dominican Republic,1751325397.0,1751325397,-77.552,33.7582,11887.2,False,226.66,9.14,0.33,,12527.28,,False,0,2025-06-30 23:16:38
a532f5,N434LA  ,United States,1751325398.0,1751325398,-105.0442,40.4684,1737.36,False,65.59,343.13,0.0,,1828.8,,False,0,2025-06-30 23:16:38
a83e3b,N630FB  ,United States,1751325398.0,1751325398,-112.0706,33.5035,3581.4,False,91.91,11.62,0.98,,3779.52,0331,False,0,2025-06-30 23:16:38
ac2f18,,United States,1751325163.0,1751325163,-117.1822,32.7307,,True,8.75,106.88,,,,,False,0,2025-06-30 23:16:38
a94b29,UAL1814 ,United States,1751325397.0,1751325397,-90.9416,35.5135,10363.2,False,216.93,231.06,0.0,,10988.04,6607,False,0,2025-06-30 23:16:38
c082a4,CGXMH   ,Canada,1751325398.0,1751325398,-73.2644,45.5251,457.2,False,34.48,88.29,1.63,,403.86,,False,0,2025-06-30 23:16:38
a915cf,PDT5823 ,United States,1751325398.0,1751325398,-80.9476,35.3579,975.36,False,103.22,175.43,-5.85,,1021.08,1177,False,0,2025-06-30 23:16:38
c82439,ANZ2    ,New Zealand,1751325397.0,1751325397,-73.9597,39.8779,3977.64,False,192.4,28.07,-7.48,,4183.38,7025,False,0,2025-06-30 23:16:38
abd9b6,,United States,1751325383.0,1751325383,-111.9956,40.7758,,True,8.23,354.38,,,,,False,0,2025-06-30 23:16:38
a785fd,JIA5317 ,United States,1751325397.0,1751325397,-77.3541,38.8645,1226.82,False,148.23,1.79,0.0,,1257.3,2241,False,0,2025-06-30 23:16:38
c02e94,JZA565  ,Canada,1751325397.0,1751325397,-80.0805,41.4413,11582.4,False,214.74,236.73,0.33,,12222.48,5731,False,0,2025-06-30 23:16:38
c01b4f,WJA1117 ,Canada,1751325398.0,1751325398,-84.9357,43.1898,11277.6,False,255.95,81.45,0.33,,11803.38,6742,False,0,2025-06-30 23:16:38
aa43c4,RPA3517 ,United States,1751325398.0,1751325398,-76.3888,39.1335,7010.4,False,199.13,81.68,0.33,,7391.4,3761,False,0,2025-06-30 23:16:38
a0dab2,SKW5767 ,United States,1751325398.0,1751325398,-85.526,38.8601,9144.0,False,218.12,301.89,0.0,,9677.4,2005,False,0,2025-06-30 23:16:38
aa56f7,UAL1027 ,United States,1751325398.0,1751325398,-99.2453,42.343,10668.0,False,242.94,72.75,0.0,,11140.44,1441,False,0,2025-06-30 23:16:38
ac2f37,SWA652  ,United States,1751325398.0,1751325398,-114.7452,36.1959,5173.98,False,182.63,90.16,8.13,,5463.54,,False,0,2025-06-30 23:16:38
a94b08,UAL2074 ,United States,1751325398.0,1751325398,-96.2238,36.3075,10363.2,False,224.34,295.68,0.0,,10965.18,3353,True,0,2025-06-30 23:16:38
a08acb,RPA4585 ,United States,1751325398.0,1751325398,-80.7903,43.0557,10363.2,False,211.2,227.57,0.33,,10881.36,0362,False,0,2025-06-30 23:16:38
a6a2c2,N52681  ,United States,1751325397.0,1751325397,-122.2712,47.8772,304.8,False,39.1,359.25,-1.63,,297.18,,False,0,2025-06-30 23:16:38
a58de0,UAL1286 ,United States,1751325397.0,1751325397,-114.7959,31.3243,10363.2,False,230.66,331.49,0.33,,10965.18,,False,0,2025-06-30 23:16:38
ab0dc3,N811HA  ,United States,1751325397.0,1751325397,-78.7695,34.6851,1158.24,False,49.9,312.08,0.98,,1234.44,,False,0,2025-06-30 23:16:38
a52116,N43DF   ,United States,1751325397.0,1751325397,-84.9142,32.9082,899.16,False,45.59,310.88,-0.98,,922.02,,False,0,2025-06-30 23:16:38
a2e77a,N2866L  ,United States,1751325102.0,1751325103,-80.4914,35.0599,716.28,False,51.84,229.83,-2.6,,716.28,,False,0,2025-06-30 23:16:38
ab774b,AAL1728 ,United States,1751325398.0,1751325398,-95.2267,40.2384,10972.8,False,195.97,257.57,0.0,,11513.82,5760,False,0,2025-06-30 23:16:38
a57abb,N452NE  ,United States,1751325292.0,1751325292,-72.2203,42.5401,662.94,False,44.39,302.22,-0.33,,685.8,1200,False,0,2025-06-30 23:16:38
a0dae2,AAL2403 ,United States,1751325397.0,1751325397,-87.2302,32.4372,8945.88,False,238.08,99.83,-7.8,,9525.0,4144,False,0,2025-06-30 23:16:38
a2c110,FXC44   ,United States,1751325397.0,1751325397,-73.6051,40.9811,312.42,False,77.76,67.85,0.33,,312.42,1200,False,0,2025-06-30 23:16:38
aaa74e,N786FA  ,United States,1751325398.0,1751325398,-117.1773,33.075,1440.18,False,51.78,64.71,0.98,,1455.42,,False,0,2025-06-30 23:16:38
a1512f,SKW3439 ,United States,1751325397.0,1751325398,-119.2977,35.9586,10668.0,False,223.19,157.22,-0.33,,11193.78,3212,False,0,2025-06-30 23:16:38
a0a798,N141NE  ,United States,1751325395.0,1751325397,-71.1094,42.3375,60.96,False,0.0,0.0,0.0,,38.1,,False,0,2025-06-30 23:16:38
a91700,NKS2740 ,United States,1751325392.0,1751325397,-82.5377,27.9858,,True,0.0,272.81,,,,,False,0,2025-06-30 23:16:38
a22dec,N24CV   ,United States,1751325397.0,1751325397,-118.0849,33.8015,335.28,False,47.87,81.35,1.63,,281.94,,False,0,2025-06-30 23:16:38
ac7103,AAL823  ,United States,1751325398.0,1751325398,-80.9034,35.4094,1203.96,False,103.3,264.86,0.0,,1249.68,1424,False,0,2025-06-30 23:16:38
a5212e,N43EE   ,United States,1751325398.0,1751325398,-78.7657,35.745,365.76,False,37.13,227.25,-1.63,,381.0,,False,0,2025-06-30 23:16:38
a70aa1,ASA1204 ,United States,1751325398.0,1751325398,-119.0318,36.2218,11887.2,False,223.31,167.63,0.0,,12496.8,3543,False,0,2025-06-30 23:16:38
a7d725,EDV5134 ,United States,1751325398.0,1751325398,-84.4961,38.9691,1623.06,False,145.74,104.72,16.91,,1668.78,6753,False,0,2025-06-30 23:16:38
a34de9,N3117V  ,United States,1751325397.0,1751325397,-80.287,37.4503,7620.0,False,142.76,121.74,-2.6,,8031.48,,False,0,2025-06-30 23:16:38
ab7781,EJA838  ,United States,1751325398.0,1751325398,-112.6087,33.7144,2217.42,False,152.95,60.59,-4.55,,2278.38,1327,False,0,2025-06-30 23:16:38
a3f401,DAL540  ,United States,1751325397.0,1751325397,-100.8638,31.0955,10058.4,False,244.5,80.68,0.0,,10675.62,7212,False,0,2025-06-30 23:16:38
a0b9b1,N146HH  ,United States,1751325397.0,1751325397,-72.5231,41.6916,434.34,False,63.24,111.97,0.65,,426.72,,False,0,2025-06-30 23:16:38
ab6458,JRE833  ,United States,1751325398.0,1751325398,-78.8491,36.1599,9448.8,False,214.21,36.9,-0.33,,10005.06,,False,0,2025-06-30 23:16:38
49530c,TAP232Y ,Portugal,1751325398.0,1751325398,-72.4935,39.8486,10058.4,False,248.53,84.66,-0.33,,10660.38,1242,False,0,2025-06-30 23:16:38
a45af5,N38WR   ,United States,1751325398.0,1751325398,-96.116,31.1374,2598.42,False,68.11,21.72,2.28,,2735.58,,False,0,2025-06-30 23:16:38
ace744,OXF8285 ,United States,1751325321.0,1751325330,-111.7174,33.4672,533.4,False,42.42,230.91,-2.6,,434.34,1200,False,0,2025-06-30 23:16:38
aadae3,EJA799  ,United States,1751325397.0,1751325397,-81.4976,28.2047,906.78,False,126.86,306.59,0.0,,975.36,2136,False,0,2025-06-30 23:16:38
ace75a,HBAL771 ,United States,1751325376.0,1751325395,-121.049,43.5097,17373.6,False,8.3,60.26,0.0,,18333.72,,False,0,2025-06-30 23:16:38
ae2762,LS30    ,United States,1751325367.0,1751325393,-117.647,33.0276,121.92,False,68.59,155.16,1.63,,83.82,,False,0,2025-06-30 23:16:38
a65408,AAL3181 ,United States,1751325396.0,1751325396,-92.9866,32.8295,10370.82,False,227.47,252.63,0.0,,10972.8,2374,False,0,2025-06-30 23:16:38
a65405,VAR507  ,United States,1751325372.0,1751325372,-112.895,32.9332,2011.68,False,58.22,136.43,7.15,,2034.54,1200,False,0,2025-06-30 23:16:38
a94b6b,UAL1124 ,United States,1751325355.0,1751325391,-92.622,33.3267,10363.2,False,223.92,181.97,0.0,,10988.04,6557,False,0,2025-06-30 23:16:38
a6b717,N5314Q  ,United States,1751325372.0,1751325372,-80.1321,26.7385,1341.12,False,35.68,204.72,0.65,,1447.8,1200,False,0,2025-06-30 23:16:38
a4bdb9,RPA4739 ,United States,1751325397.0,1751325398,-93.2451,44.9399,906.78,False,103.19,345.27,6.83,,906.78,,False,0,2025-06-30 23:16:38
a4012b,N3570E  ,United States,1751325396.0,1751325396,-118.4991,34.2154,,True,3.86,210.94,,,,,False,0,2025-06-30 23:16:38
495304,TAP258  ,Portugal,1751325398.0,1751325398,-68.1572,46.6516,10073.64,False,259.78,73.43,-0.33,,10546.08,3700,False,0,2025-06-30 23:16:38
a3f436,FFT1229 ,United States,1751325328.0,1751325331,-107.8383,39.8523,10972.8,False,231.08,259.74,0.65,,11574.78,3766,False,0,2025-06-30 23:16:38
adf417,N999AE  ,United States,1751325187.0,1751325396,-80.2485,26.4384,1645.92,False,7.22,85.91,-0.33,,1920.24,,False,0,2025-06-30 23:16:38
ad077b,DAL1516 ,United States,1751325397.0,1751325397,-84.5484,33.7318,3337.56,False,129.76,110.66,-0.33,,3512.82,5027,False,0,2025-06-30 23:16:38
ae141e,JAVAN55 ,United States,1751325397.0,1751325397,-97.2978,30.2575,6492.24,False,127.23,296.67,3.25,,6888.48,4661,False,0,2025-06-30 23:16:38
ac712d,SWA554  ,United States,1751325398.0,1751325398,-103.1607,39.0923,11887.2,False,239.03,59.9,0.0,,12473.94,0765,False,0,2025-06-30 23:16:38
a9178d,UAL16   ,United States,1751325130.0,1751325130,-74.1708,40.701,,True,3.34,95.62,,,,,False,0,2025-06-30 23:16:38
a94ae3,UAL1894 ,United States,1751325157.0,1751325330,-112.5855,47.6957,10058.4,False,258.81,91.03,-0.33,,10515.6,1506,False,0,2025-06-30 23:16:38
a9044d,N680MC  ,United States,1751325398.0,1751325398,-121.3041,44.1931,2842.26,False,105.94,101.2,-7.15,,2971.8,,False,0,2025-06-30 23:16:38
acd2be,SWA2517 ,United States,1751325397.0,1751325397,-86.7441,43.662,11277.6,False,272.93,64.79,0.0,,11742.42,2715,False,0,2025-06-30 23:16:38
a94ae5,UAL1051 ,United States,1751325397.0,1751325397,-74.8933,40.2959,2453.64,False,154.87,25.37,-3.25,,2560.32,2654,False,0,2025-06-30 23:16:38
acd2d3,EDV5063 ,United States,1751325398.0,1751325398,-93.5325,43.4978,5791.2,False,203.61,3.62,0.0,,5989.32,,False,0,2025-06-30 23:16:38
a7c465,N6UX    ,United States,1751325397.0,1751325398,-105.1544,40.0894,1775.46,False,38.22,298.98,2.28,,1874.52,,False,0,2025-06-30 23:16:38
ac82f5,NKS2673 ,United States,1751325397.0,1751325397,-78.2879,38.2349,8229.6,False,214.69,234.56,0.33,,8724.9,1224,False,0,2025-06-30 23:16:38
a1c6a8,SWA1870 ,United States,1751325395.0,1751325395,-89.7475,33.2607,11582.4,False,235.63,275.39,0.33,,12283.44,4371,False,0,2025-06-30 23:16:38
0d0b78,VIV533  ,Mexico,1751325398.0,1751325398,-115.2458,35.9494,2331.72,False,144.41,139.04,10.08,,2415.54,,False,0,2025-06-30 23:16:38
ac1b8b,WSN24   ,United States,1751325397.0,1751325397,-118.3047,33.9243,167.64,False,45.28,268.7,-4.55,,129.54,3242,False,0,2025-06-30 23:16:38
a9046d,NKS2327 ,United States,1751325388.0,1751325388,-122.3062,47.4594,,True,4.12,174.38,,,,,False,0,2025-06-30 23:16:38
a7c484,N6WC    ,United States,1751325397.0,1751325397,-117.0028,47.255,3185.16,False,87.07,196.83,0.0,,3329.94,,False,0,2025-06-30 23:16:38
a1a18f,HAL628  ,United States,1751325398.0,1751325398,-117.5309,33.1821,4625.34,False,152.61,137.87,-8.45,,4861.56,2676,False,0,2025-06-30 23:16:38
a9045f,N680MW  ,United States,1751325397.0,1751325397,-93.1136,45.4248,3002.28,False,110.16,5.9,3.9,,3063.24,,False,0,2025-06-30 23:16:38
a8946e,N652CV  ,United States,1751325397.0,1751325397,-90.4186,29.16,9448.8,False,151.6,103.94,0.0,,10043.16,,False,0,2025-06-30 23:16:38
a8e43a,N672MA  ,United States,1751325382.0,1751325386,-87.9906,41.2835,518.16,False,41.16,270.72,1.95,,480.06,1200,False,0,2025-06-30 23:16:38
0d0b10,VOI7771 ,Mexico,1751325396.0,1751325397,-94.5584,33.1774,9151.62,False,249.2,215.17,-0.33,,9715.5,1306,False,0,2025-06-30 23:16:38
a7d754,JIA5672 ,United States,1751325397.0,1751325398,-97.0256,33.0177,762.0,False,86.43,180.0,-5.2,,777.24,1662,False,0,2025-06-30 23:16:38
a1fc3b,ENY4296 ,United States,1751325398.0,1751325398,-89.4299,40.3745,7315.2,False,208.16,6.53,-0.98,,7673.34,6567,False,0,2025-06-30 23:16:38
a89421,N65194  ,United States,1751325397.0,1751325397,-93.8841,41.2633,822.96,False,48.45,318.01,-0.33,,792.48,,False,0,2025-06-30 23:16:38
0d0b20,VTM356  ,Mexico,1751325398.0,1751325398,-88.8226,37.4655,9448.8,False,249.58,41.74,-0.33,,9997.44,7442,False,0,2025-06-30 23:16:38
3c6714,DLH2C   ,Germany,1751325398.0,1751325398,-87.5638,41.9657,1546.86,False,105.98,270.56,0.65,,1569.72,3047,False,0,2025-06-30 23:16:38
a52162,N43GG   ,United States,1751325395.0,1751325395,-86.9727,33.4075,2240.28,False,143.85,227.75,10.73,,2324.1,,False,0,2025-06-30 23:16:38
a21c4c,ENY3592 ,United States,1751325397.0,1751325397,-80.4149,33.2461,2545.08,False,144.98,129.96,-6.83,,2689.86,1337,False,0,2025-06-30 23:16:38
a2f9dd,GXA125  ,United States,1751325398.0,1751325398,-80.2284,25.9176,548.64,False,115.56,83.1,2.28,,601.98,,False,0,2025-06-30 23:16:38
a95de2,VXP119  ,United States,1751325398.0,1751325398,-120.5536,35.7853,9448.8,False,227.38,140.69,0.0,,9867.9,3327,False,0,2025-06-30 23:16:38
a21c53,AAY673  ,United States,1751325397.0,1751325397,-110.0134,37.0552,10660.38,False,234.49,25.33,0.33,,11209.02,0747,False,0,2025-06-30 23:16:38
c02cf1,ACA854  ,Canada,1751325397.0,1751325397,-74.3777,45.5585,10058.4,False,263.86,46.82,0.0,,10515.6,6333,False,0,2025-06-30 23:16:38
a7745c,VJA58   ,United States,1751325397.0,1751325397,-80.4754,42.0614,13716.0,False,254.65,80.35,-0.33,,14295.12,6707,False,0,2025-06-30 23:16:38
e4937f,PRJRY   ,Brazil,1751325392.0,1751325397,-77.455,38.9504,,True,0.0,270.0,,,,,False,0,2025-06-30 23:16:38
4951f0,TAP209K ,Portugal,1751325397.0,1751325397,-72.7556,40.9407,3665.22,False,184.97,251.51,0.0,,3848.1,2513,False,0,2025-06-30 23:16:38
3c670d,DLH520  ,Germany,1751325397.0,1751325397,-75.5485,43.3326,11582.4,False,225.21,254.09,0.0,,12153.9,2511,False,0,2025-06-30 23:16:38
40808b,VIR4C   ,United Kingdom,1751325398.0,1751325398,-70.4184,43.0265,11277.6,False,247.33,50.32,4.55,,11849.1,1522,False,0,2025-06-30 23:16:38
ac970f,KOW910  ,United States,1751325397.0,1751325397,-97.5483,33.1404,1531.62,False,137.12,123.21,0.0,,1592.58,,False,0,2025-06-30 23:16:38
a33c08,S406    ,United States,1751325398.0,1751325398,-116.7201,47.7261,1051.56,False,63.17,229.96,-9.43,,1082.04,,False,0,2025-06-30 23:16:38
a7d767,N604PG  ,United States,1751325383.0,1751325390,-121.6658,39.5894,396.24,False,53.39,147.99,1.3,,342.9,,False,0,2025-06-30 23:16:38
ac9712,N910EC  ,United States,1751325397.0,1751325397,-86.415,36.0974,1219.2,False,75.8,301.96,0.0,,1272.54,,False,0,2025-06-30 23:16:38
ab772d,DAL747  ,United States,1751325397.0,1751325397,-118.186,33.9739,1104.9,False,100.44,263.53,-5.2,,1104.9,1176,False,0,2025-06-30 23:16:38
408092,BAW5CA  ,United Kingdom,1751325397.0,1751325397,-72.3625,46.5843,11269.98,False,271.32,62.07,0.0,,11795.76,2260,False,0,2025-06-30 23:16:38
a89441,N652B   ,United States,1751325398.0,1751325398,-120.5583,38.3422,2316.48,False,79.61,153.93,0.33,,2392.68,1517,False,0,2025-06-30 23:16:38
a7d6a8,FFT2919 ,United States,1751325398.0,1751325398,-82.3501,39.3442,9212.58,False,215.74,199.21,1.3,,9753.6,4140,False,0,2025-06-30 23:16:38
a83f2b,EJA630  ,United States,1751325398.0,1751325398,-104.9458,34.1104,8770.62,False,209.61,2.67,10.08,,9281.16,,False,0,2025-06-30 23:16:38
c02eca,ACA2114 ,Canada,1751325397.0,1751325397,-88.8763,44.7588,11887.2,False,263.87,112.47,0.33,,12321.54,7070,False,0,2025-06-30 23:16:38
ace7aa,SWA1582 ,United States,1751325282.0,1751325395,-93.1106,31.2678,11582.4,False,215.02,241.41,0.0,,12252.96,4140,False,0,2025-06-30 23:16:38
a83f30,QXE2395 ,United States,1751325398.0,1751325398,-122.6896,44.7897,5052.06,False,187.22,4.1,-9.1,,5303.52,,False,0,2025-06-30 23:16:38
c02ed9,ACA345  ,Canada,1751325396.0,1751325396,-80.4684,47.7764,12192.0,False,219.83,292.42,-0.33,,12626.34,6542,False,0,2025-06-30 23:16:38
a5cc35,UAL1631 ,United States,1751325364.0,1751325364,-87.9078,41.9716,,True,11.83,90.0,,,,1603,False,0,2025-06-30 23:16:38
a283ed,ENY3978 ,United States,1751325371.0,1751325377,-120.9716,43.3216,10256.52,False,218.74,168.06,5.85,,10721.34,1630,False,0,2025-06-30 23:16:38
a9af03,N723DG  ,United States,1751325280.0,1751325280,-95.0015,41.312,1348.74,False,79.48,256.14,-0.33,,1394.46,,False,0,2025-06-30 23:16:38
aa44ac,UAL331  ,United States,1751325397.0,1751325398,-74.9713,38.5392,9875.52,False,243.2,219.08,-5.2,,10447.02,6245,False,0,2025-06-30 23:16:38
abfd23,SWA3766 ,United States,1751325398.0,1751325398,-104.0097,37.4428,11582.4,False,228.08,288.27,0.0,,12199.62,2667,False,0,2025-06-30 23:16:38
a3f3dc,EDV4895 ,United States,1751325397.0,1751325398,-83.9305,41.9063,4869.18,False,212.59,47.16,-10.73,,5036.82,5666,False,0,2025-06-30 23:16:38
aaa7ef,N786MM  ,United States,1751325398.0,1751325398,-113.482,35.8033,5897.88,False,202.25,265.62,-8.13,,6256.02,1213,False,0,2025-06-30 23:16:38
a4bf95,DAL738  ,United States,1751325397.0,1751325397,-103.7962,40.0585,11582.4,False,235.74,268.12,0.0,,12176.76,3343,False,0,2025-06-30 23:16:38
ac0a22,AAL1161 ,United States,1751325397.0,1751325397,-91.5538,33.6381,10972.8,False,228.26,246.21,0.33,,11628.12,6712,False,0,2025-06-30 23:16:38
c0853f,ACA466  ,Canada,1751325355.0,1751325397,-79.6154,43.6811,,True,0.0,92.81,,,,3475,False,0,2025-06-30 23:16:38
ace7cc,N930XX  ,United States,1751325397.0,1751325397,-80.6103,30.6695,8839.2,False,145.92,12.42,-0.33,,9319.26,1451,False,0,2025-06-30 23:16:38
a283f4,AAY1380 ,United States,1751325397.0,1751325398,-84.384,33.4091,10363.2,False,235.28,349.03,0.0,,10995.66,7445,False,0,2025-06-30 23:16:38
abfd39,SWA1701 ,United States,1751325397.0,1751325397,-122.0683,37.3608,3322.32,False,165.84,263.05,5.2,,3436.62,6304,False,0,2025-06-30 23:16:38
a6b6be,N53116  ,United States,1751325397.0,1751325397,-81.8926,35.519,1402.08,False,48.23,168.93,-2.6,,1402.08,5227,False,0,2025-06-30 23:16:38
a2d3b3,SWA410  ,United States,1751325397.0,1751325397,-75.8607,38.8682,8778.24,False,233.37,36.21,-13.66,,9296.4,1136,False,0,2025-06-30 23:16:38
aa57d2,CXK1023 ,United States,1751325397.0,1751325397,-118.0227,33.6498,640.08,False,57.98,318.96,0.33,,594.36,,False,0,2025-06-30 23:16:38
a1a0a1,JBU528  ,United States,1751325398.0,1751325398,-73.4309,40.5997,1219.2,False,145.58,8.33,0.0,,1249.68,5457,False,0,2025-06-30 23:16:38
c02ee7,ACA859  ,Canada,1751325398.0,1751325398,-74.1547,46.0411,11582.4,False,234.02,242.36,0.0,,12115.8,2521,False,0,2025-06-30 23:16:38
a809f5,NKS2309 ,United States,1751325398.0,1751325398,-80.6859,24.8946,7879.08,False,221.0,284.97,3.9,,8336.28,,False,0,2025-06-30 23:16:38
a390ed,DAL2551 ,United States,1751325397.0,1751325398,-122.3758,45.4805,777.24,False,83.98,334.22,-1.63,,792.48,1020,False,0,2025-06-30 23:16:38
a8e495,EJA672  ,United States,1751325398.0,1751325398,-76.1473,41.3213,7924.8,False,202.93,207.15,-0.33,,8343.9,1251,False,0,2025-06-30 23:16:38
a0a80e,SKW5597 ,United States,1751325383.0,1751325384,-99.9731,37.8264,9144.0,False,213.52,269.17,5.53,,9654.54,,False,0,2025-06-30 23:16:38
a559de,N444EA  ,United States,1751325397.0,1751325397,-84.0548,34.5607,8534.4,False,196.78,255.31,0.0,,9052.56,5217,False,0,2025-06-30 23:16:38
a559df,N444EB  ,United States,1751325398.0,1751325398,-117.6628,33.9044,2004.06,False,49.09,264.59,0.33,,2034.54,,False,0,2025-06-30 23:16:38
ae14c1,STGRY11 ,United States,1751325323.0,1751325395,-97.3349,33.069,609.6,False,57.85,174.9,-3.58,,586.74,,False,0,2025-06-30 23:16:38
ae14c2,MNTNA77 ,United States,1751325397.0,1751325397,-96.9576,28.5232,3322.32,False,127.92,26.26,0.33,,3505.2,0467,False,0,2025-06-30 23:16:38
a7619b,SKW4698 ,United States,1751325397.0,1751325398,-82.3032,40.8537,5547.36,False,182.72,274.68,7.15,,5806.44,7401,False,0,2025-06-30 23:16:38
ab9a4e,ERU847  ,United States,1751325397.0,1751325397,-81.434,29.257,1028.7,False,54.07,338.81,-0.65,,1089.66,1200,False,0,2025-06-30 23:16:38
a4bf41,AAL2143 ,United States,1751325398.0,1751325398,-97.0537,32.8708,3215.64,False,131.98,303.88,-8.13,,3390.9,1672,False,0,2025-06-30 23:16:38
ad3d4e,AAL2067 ,United States,1751325396.0,1751325396,-77.3575,37.5591,365.76,False,75.05,146.75,-3.9,,365.76,0543,False,0,2025-06-30 23:16:38
ac1d80,N88WR   ,United States,1751325397.0,1751325397,-117.7521,34.0001,3131.82,False,143.51,263.21,-7.48,,3246.12,4610,False,0,2025-06-30 23:16:38
a666ae,N511RS  ,United States,1751325397.0,1751325397,-89.0511,38.8158,13106.4,False,250.3,103.55,0.33,,13761.72,6026,False,0,2025-06-30 23:16:38
a05827,RPA4645 ,United States,1751325397.0,1751325397,-80.3103,46.3003,10363.2,False,198.99,273.71,-0.33,,10797.54,1452,False,0,2025-06-30 23:16:38
abb4ea,SWA2781 ,United States,1751325396.0,1751325396,-112.4641,38.9984,10972.8,False,229.03,258.34,-0.65,,11559.54,3536,False,0,2025-06-30 23:16:38
a69c07,N525FJ  ,United States,1751325383.0,1751325392,-95.3742,32.3434,548.64,False,52.95,302.3,-3.9,,556.26,,False,0,2025-06-30 23:16:38
a9f126,N74KV   ,United States,1751325398.0,1751325398,-71.9067,42.5321,1836.42,False,103.69,97.13,0.0,,1889.76,4631,False,0,2025-06-30 23:16:38
3c6563,OCN51   ,Germany,1751325398.0,1751325398,-70.1833,41.9951,10652.76,False,243.18,42.77,-0.33,,11216.64,2734,False,0,2025-06-30 23:16:38
acd4d7,DAL787  ,United States,1751325397.0,1751325397,-84.7602,33.8958,3634.74,False,175.67,149.76,-0.33,,3817.62,3350,False,0,2025-06-30 23:16:38
a5cc19,UAL1368 ,United States,1751325398.0,1751325398,-104.4175,39.6932,4221.48,False,156.84,308.07,-5.2,,4480.56,2366,False,0,2025-06-30 23:16:38
a5cc11,UAL1222 ,United States,1751325398.0,1751325398,-78.1619,32.9229,10363.2,False,252.27,195.74,-0.33,,10957.56,2625,False,0,2025-06-30 23:16:38
3c656c,DLH439  ,Germany,1751325398.0,1751325398,-90.2218,41.4899,10668.0,False,282.82,41.46,0.33,,11163.3,5214,False,0,2025-06-30 23:16:38
a390d7,N329ME  ,United States,1751325397.0,1751325398,-93.8262,40.952,1813.56,False,71.75,197.53,0.0,,1859.28,,False,0,2025-06-30 23:16:38
3c6572,DLH469  ,Germany,1751325398.0,1751325398,-94.4939,35.4541,10668.0,False,256.48,28.78,-0.33,,11308.08,7337,False,0,2025-06-30 23:16:38
adf567,N999PR  ,United States,1751325397.0,1751325397,-114.7867,35.8024,11582.4,False,206.18,236.71,0.33,,12207.24,,False,0,2025-06-30 23:16:38
a1b519,SKW5648 ,United States,1751325363.0,1751325364,-87.8904,42.0028,266.7,False,66.37,270.44,-3.25,,251.46,4307,False,0,2025-06-30 23:16:38
a880c8,RPA3562 ,United States,1751325398.0,1751325398,-79.0435,40.3439,4290.06,False,175.32,279.63,-7.8,,4488.18,5534,True,0,2025-06-30 23:16:38
a69c9b,N525MG  ,United States,1751325397.0,1751325398,-122.0894,37.8912,1082.04,False,84.76,134.75,0.0,,1074.42,3344,False,0,2025-06-30 23:16:38
a0454a,N1163M  ,United States,1751325397.0,1751325397,-98.3609,29.4871,3009.9,False,91.85,175.5,13.98,,3200.4,4657,False,0,2025-06-30 23:16:38
acd571,N926LC  ,United States,1751325252.0,1751325252,-71.7736,42.5629,182.88,False,48.55,130.27,-2.6,,144.78,1200,False,0,2025-06-30 23:16:38
ac7289,N9007R  ,United States,1751325398.0,1751325398,-117.9897,46.9564,3200.4,False,65.93,292.96,0.33,,3360.42,,False,0,2025-06-30 23:16:38
a22ed0,N24MY   ,United States,1751325397.0,1751325398,-114.2174,33.7172,9144.0,False,160.29,286.98,-0.33,,9654.54,3412,False,0,2025-06-30 23:16:38
a21ba0,FFT1116 ,United States,1751325397.0,1751325397,-114.1465,35.8948,6797.04,False,196.01,90.6,3.9,,7185.66,,False,0,2025-06-30 23:16:38
a94c7b,DAL2496 ,United States,1751325398.0,1751325398,-76.4749,37.3583,9144.0,False,250.65,211.15,0.0,,9685.02,2222,False,0,2025-06-30 23:16:38
a03235,AAL274  ,United States,1751325398.0,1751325398,-106.7404,31.6641,10660.38,False,243.39,118.95,0.0,,11285.22,1320,False,0,2025-06-30 23:16:38
a0588d,N121MS  ,United States,1751325397.0,1751325397,-73.4693,41.3435,419.1,False,35.0,155.7,2.28,,381.0,,False,0,2025-06-30 23:16:38
a5cc9e,N473DV  ,United States,1751325397.0,1751325398,-117.8089,46.7308,1699.26,False,68.1,26.95,0.33,,1767.84,,False,0,2025-06-30 23:16:38
a3f500,AAL1669 ,United States,1751325397.0,1751325397,-101.3175,31.379,10972.8,False,219.91,241.04,0.0,,11643.36,3266,False,0,2025-06-30 23:16:38
a1c828,N2138S  ,United States,1751325397.0,1751325397,-89.1384,41.558,3368.04,False,69.36,319.81,0.0,,3474.72,7201,False,0,2025-06-30 23:16:38
ade252,JBU772  ,United States,1751325397.0,1751325397,-71.7166,41.6403,4876.8,False,178.55,68.54,0.0,,5105.4,6173,False,0,2025-06-30 23:16:38
abb59e,ASH6088 ,United States,1751325397.0,1751325397,-93.5601,31.4034,8679.18,False,231.56,68.22,4.55,,9197.34,7421,False,0,2025-06-30 23:16:38
abb59f,ASH6309 ,United States,1751325397.0,1751325397,-86.0968,31.1687,10279.38,False,220.78,275.75,6.83,,10911.84,7416,False,0,2025-06-30 23:16:38
a2e806,ASA732  ,United States,1751325397.0,1751325398,-112.2256,34.4264,6301.74,False,189.37,168.72,-13.0,,6690.36,,False,0,2025-06-30 23:16:38
a05871,N121LP  ,United States,1751325394.0,1751325394,-117.6927,33.9859,457.2,False,42.64,138.42,1.95,,373.38,,False,0,2025-06-30 23:16:38
ad928b,ASA16   ,United States,1751325393.0,1751325393,-114.562,47.8987,10668.0,False,257.47,83.23,0.0,,11140.44,6670,False,0,2025-06-30 23:16:38
ad928e,AAL257  ,United States,1751325397.0,1751325397,-80.1916,25.7,1592.58,False,136.42,177.84,14.63,,1684.02,,False,0,2025-06-30 23:16:38
ad928d,AMX659  ,United States,1751325398.0,1751325398,-98.8781,30.8644,10668.0,False,229.17,188.13,0.0,,11323.32,3242,False,0,2025-06-30 23:16:38
a45ba2,DAL2032 ,United States,1751325379.0,1751325379,-89.3647,33.1632,10363.2,False,244.19,307.81,0.33,,10995.66,6216,False,0,2025-06-30 23:16:38
a1a21f,AAY1472 ,United States,1751325397.0,1751325398,-88.5612,31.1913,8237.22,False,251.42,122.97,0.0,,8740.14,3451,False,0,2025-06-30 23:16:38
a94c2a,PDT5910 ,United States,1751325398.0,1751325398,-80.6061,34.9506,3040.38,False,151.1,299.36,0.33,,3200.4,,False,0,2025-06-30 23:16:38
a6ec56,AAL558  ,United States,1751325398.0,1751325398,-100.1599,32.416,8580.12,False,241.47,272.32,3.58,,9098.28,5215,False,0,2025-06-30 23:16:38
ab77ac,SKW3611 ,United States,1751325178.0,1751325178,-83.3597,42.2353,312.42,False,67.51,209.69,-3.9,,259.08,,False,0,2025-06-30 23:16:38
a1a218,ENY3860 ,United States,1751325397.0,1751325398,-94.6265,32.9645,8671.56,False,248.38,83.82,6.18,,9243.06,2272,False,0,2025-06-30 23:16:38
a653f6,JIA5560 ,United States,1751325395.0,1751325395,-80.3785,37.9469,9441.18,False,232.05,78.49,-0.98,,10020.3,1723,False,0,2025-06-30 23:16:38
ad9293,DAL1821 ,United States,1751325350.0,1751325350,-89.0797,32.3799,5433.06,False,206.87,88.58,9.1,,5151.12,,False,0,2025-06-30 23:16:38
a69c95,N525MA  ,United States,1751325397.0,1751325397,-78.7259,40.4459,11582.4,False,178.16,263.37,0.33,,12222.48,3304,False,0,2025-06-30 23:16:38
a1c868,ASA601  ,United States,1751325397.0,1751325397,-120.7293,43.6932,10363.2,False,235.63,340.22,0.33,,10843.26,,False,0,2025-06-30 23:16:38
ad07a6,NFX103  ,United States,1751325397.0,1751325398,-119.5298,35.312,6096.0,False,146.0,312.57,0.0,,6377.94,1301,False,0,2025-06-30 23:16:38
abfd00,SWA714  ,United States,1751325392.0,1751325398,-118.1408,33.8091,,True,48.38,314.57,0.33,,,,False,0,2025-06-30 23:16:38
a41518,N362Q   ,United States,1751325398.0,1751325398,-122.1155,37.4609,,True,3.34,143.44,,,,1200,False,0,2025-06-30 23:16:38
aa7a3c,SWA1274 ,United States,1751325398.0,1751325398,-86.3753,39.168,11887.2,False,243.41,116.62,0.0,,12519.66,0733,False,0,2025-06-30 23:16:38
abc7a3,SWA3335 ,United States,1751325398.0,1751325398,-82.5408,36.2897,10972.8,False,238.25,253.05,0.0,,11628.12,0262,True,0,2025-06-30 23:16:38
a0589c,N121NG  ,United States,1751325398.0,1751325398,-86.3565,35.9859,1082.04,False,42.23,272.79,-1.95,,1112.52,,False,0,2025-06-30 23:16:38
aadd29,N79999  ,United States,1751325398.0,1751325398,-97.4782,44.1694,12496.8,False,278.3,135.67,0.0,,12923.52,,False,0,2025-06-30 23:16:38
a69c8c,LSO1    ,United States,1751325397.0,1751325398,-96.6429,32.8078,7772.4,False,169.37,53.9,5.53,,8252.46,0507,False,0,2025-06-30 23:16:38
ab64b8,AAL1686 ,United States,1751325396.0,1751325397,-103.017,41.3579,10668.0,False,252.44,128.88,0.0,,11201.4,,False,0,2025-06-30 23:16:38
a66878,N5117E  ,United States,1751325398.0,1751325398,-121.8661,47.2817,2651.76,False,59.71,91.97,-1.3,,2735.58,1374,False,0,2025-06-30 23:16:38
a2d56f,CNS325  ,United States,1751325396.0,1751325397,-77.752,34.4407,3177.54,False,131.95,3.58,12.35,,3345.18,,False,0,2025-06-30 23:16:38
ad4eb5,AAL3026 ,United States,1751325398.0,1751325398,-80.8863,35.0161,10058.4,False,237.12,68.89,0.0,,10668.0,6477,False,0,2025-06-30 23:16:38
aaa861,N786SA  ,United States,1751325397.0,1751325397,-122.3239,48.1737,1341.12,False,53.56,163.83,0.0,,1379.22,0467,False,0,2025-06-30 23:16:38
a2d573,ASA20   ,United States,1751325397.0,1751325398,-104.6933,41.8506,10668.0,False,244.21,86.86,0.0,,11216.64,6256,False,0,2025-06-30 23:16:38
a71ebb,N558SH  ,United States,1751325397.0,1751325398,-123.276,45.2053,312.42,False,30.37,271.94,-1.3,,289.56,,False,0,2025-06-30 23:16:38
a45bd7,FFT2146 ,United States,1751325127.0,1751325127,-108.5157,39.7761,10652.76,False,232.45,57.01,0.33,,11247.12,,False,0,2025-06-30 23:16:38
a5dee3,ASA634  ,United States,1751325397.0,1751325397,-115.3856,35.887,3398.52,False,154.23,255.31,-0.98,,3566.16,,False,0,2025-06-30 23:16:38
a21bea,RPA5757 ,United States,1751325398.0,1751325398,-83.7089,42.3632,9753.6,False,209.66,258.25,0.0,,10256.52,3476,False,0,2025-06-30 23:16:38
a69bcd,DAL362  ,United States,1751325398.0,1751325398,-93.672,44.7398,10050.78,False,247.32,86.78,-0.33,,10355.58,3701,False,0,2025-06-30 23:16:38
abb534,ASH6153 ,United States,1751325359.0,1751325363,-95.3071,30.0072,137.16,False,76.65,270.0,-3.58,,144.78,0755,False,0,2025-06-30 23:16:38
a2d554,N2819Q  ,United States,1751325144.0,1751325156,-94.1205,36.1601,487.68,False,34.59,337.25,-3.9,,480.06,1632,False,0,2025-06-30 23:16:38
a65560,EJA507  ,United States,1751325148.0,1751325148,-84.1978,39.9041,358.14,False,55.8,235.14,-2.6,,312.42,2226,False,0,2025-06-30 23:16:38
a1c88f,MXY509  ,United States,1751325397.0,1751325397,-85.3,38.3067,11277.6,False,239.81,107.74,0.0,,11932.92,0152,False,0,2025-06-30 23:16:38
a1b573,SWA2520 ,United States,1751325397.0,1751325398,-121.4987,38.6197,1051.56,False,143.27,122.83,10.73,,1043.94,3630,False,0,2025-06-30 23:16:38
abb52c,SWA1709 ,United States,1751325397.0,1751325397,-101.1597,30.7927,10972.8,False,222.02,276.25,0.0,,11650.98,4232,False,0,2025-06-30 23:16:38
a0a7a0,AAL2732 ,United States,1751325387.0,1751325396,-78.7378,31.0112,10668.0,False,237.4,337.71,0.33,,11224.26,6776,False,0,2025-06-30 23:16:38
a65509,N507ME  ,United States,1751325397.0,1751325397,-77.7451,39.3441,891.54,False,67.4,306.0,0.0,,899.16,,False,0,2025-06-30 23:16:38
c07193,WJA1522 ,Canada,1751325397.0,1751325397,-121.5677,41.5888,11277.6,False,217.39,222.41,0.0,,11811.0,,False,0,2025-06-30 23:16:38
c07195,AIE833  ,Canada,1751325397.0,1751325397,-73.1528,45.703,2880.36,False,117.38,253.71,-5.2,,2987.04,,False,0,2025-06-30 23:16:38
ace877,N9303N  ,United States,1751325311.0,1751325397,-96.8773,33.5781,929.64,False,46.66,235.78,0.33,,929.64,,False,0,2025-06-30 23:16:38
a2c27e,SWA3962 ,United States,1751325398.0,1751325398,-77.4654,37.8032,7018.02,False,192.11,26.91,0.98,,7399.02,5611,False,0,2025-06-30 23:16:38
abfbd0,UAL1803 ,United States,1751325296.0,1751325297,-115.579,38.4803,10957.56,False,221.35,256.29,-0.33,,11536.68,,False,0,2025-06-30 23:16:38
a880ed,,United States,1751325384.0,1751325384,-97.4065,38.1489,1059.18,False,53.48,133.83,0.98,,1097.28,,False,0,2025-06-30 23:16:38
abb54f,SWA2627 ,United States,1751325398.0,1751325398,-87.2766,36.6648,11887.2,False,230.89,137.71,0.0,,12580.62,2175,False,0,2025-06-30 23:16:38
4080bf,BAW171  ,United Kingdom,1751325398.0,1751325398,-79.4026,41.1926,5219.7,False,171.94,233.88,-5.53,,5463.54,2451,False,0,2025-06-30 23:16:38
3c64f0,DLH404  ,Germany,1751325398.0,1751325398,-71.6061,41.4557,8054.34,False,204.77,233.99,-8.13,,8488.68,0723,False,0,2025-06-30 23:16:38
c02f21,WJA671  ,Canada,1751325398.0,1751325398,-83.2778,45.7867,10972.8,False,223.83,311.27,-0.33,,11422.38,6301,False,0,2025-06-30 23:16:38
a9f0b4,N74FF   ,United States,1751325398.0,1751325398,-119.0989,35.4856,640.08,False,39.83,331.45,1.95,,594.36,,False,0,2025-06-30 23:16:38
3c64f6,DLH420  ,Germany,1751325397.0,1751325397,-68.2055,44.9476,10972.8,False,227.9,219.87,0.0,,11498.58,2041,False,0,2025-06-30 23:16:38
abb579,SWA2616 ,United States,1751325398.0,1751325398,-87.9487,41.5772,1242.06,False,142.34,67.7,0.0,,1249.68,3274,False,0,2025-06-30 23:16:38
4080c0,BAW20R  ,United Kingdom,1751325397.0,1751325397,-77.2061,44.5235,11269.98,False,271.15,76.73,0.0,,11833.86,6561,False,0,2025-06-30 23:16:38
a64205,N502GS  ,United States,1751325398.0,1751325398,-108.6971,32.1389,14325.6,False,253.84,285.28,0.33,,15003.78,3442,False,0,2025-06-30 23:16:38
aa5806,CBC766  ,United States,1751325396.0,1751325397,-107.731,32.2311,7886.7,False,189.83,90.31,-17.23,,8351.52,6002,False,0,2025-06-30 23:16:38
3c64ec,DLH450  ,Germany,1751325398.0,1751325398,-111.089,38.3541,10972.8,False,244.68,216.36,0.0,,11559.54,,False,0,2025-06-30 23:16:38
a8d249,DAL1670 ,United States,1751325398.0,1751325398,-80.7404,25.8386,2484.12,False,150.08,38.6,-8.45,,2636.52,2072,False,0,2025-06-30 23:16:38
a07a37,N13QA   ,United States,1751325397.0,1751325397,-121.8546,37.0502,1790.7,False,90.55,323.78,-2.28,,1813.56,,False,0,2025-06-30 23:16:38
aa328f,RPA3309 ,United States,1751325397.0,1751325397,-89.9829,38.8569,4930.14,False,190.55,99.79,11.05,,5166.36,1132,False,0,2025-06-30 23:16:38
a94bfc,UAL414  ,United States,1751325397.0,1751325397,-99.2998,42.137,10363.2,False,229.04,239.35,0.0,,10820.4,2453,False,0,2025-06-30 23:16:38
a94bff,UAL1945 ,United States,1751325398.0,1751325398,-105.3785,31.5074,10972.8,False,236.89,300.69,-0.33,,11620.5,2565,False,0,2025-06-30 23:16:38
abfc97,SWA3001 ,United States,1751325398.0,1751325398,-116.7104,34.9923,8397.24,False,247.71,66.63,-5.53,,8846.82,2710,False,0,2025-06-30 23:16:38
ae13bf,HOOK57  ,United States,1751325105.0,1751325110,-97.1939,36.4233,1036.32,False,125.22,86.7,-7.8,,1082.04,,False,0,2025-06-30 23:16:38
ae13bb,HOOK51  ,United States,1751325397.0,1751325398,-95.8741,36.2543,1127.76,False,98.05,37.11,11.38,,1173.48,,False,0,2025-06-30 23:16:38
a1c7c1,UAL950  ,United States,1751325398.0,1751325398,-77.6089,39.0463,1615.44,False,149.19,353.27,13.0,,1668.78,,False,0,2025-06-30 23:16:38
a76277,WSN3    ,United States,1751325396.0,1751325397,-111.3381,34.5416,5029.2,False,140.04,219.19,-5.53,,5318.76,,False,0,2025-06-30 23:16:38
a1fd03,SWA3777 ,United States,1751325397.0,1751325397,-87.8522,41.0262,7101.84,False,225.29,169.07,6.83,,7414.26,6541,False,0,2025-06-30 23:16:38
4b15db,EDW2M   ,Switzerland,1751325398.0,1751325398,-114.5939,36.1273,2933.7,False,122.63,243.86,-2.28,,3078.48,,False,0,2025-06-30 23:16:38
c08497,ACA268  ,Canada,1751325398.0,1751325398,-89.6116,48.7556,10675.62,False,248.44,104.76,-0.33,,10858.5,,False,0,2025-06-30 23:16:38
acd3ea,N9256C  ,United States,1751325397.0,1751325397,-87.3094,36.6287,647.7,False,48.48,250.8,-2.6,,632.46,,False,0,2025-06-30 23:16:38
a76290,N575SD  ,United States,1751325397.0,1751325397,-88.1428,44.48,350.52,False,41.09,235.71,2.6,,274.32,,False,0,2025-06-30 23:16:38
aa8bfa,ENY4293 ,United States,1751325397.0,1751325397,-93.253,37.2139,2034.54,False,142.04,74.45,13.98,,2125.98,,False,0,2025-06-30 23:16:38
a07a20,N13PC   ,United States,1751325398.0,1751325398,-93.398,36.2504,4998.72,False,91.77,250.35,-3.58,,5227.32,,False,0,2025-06-30 23:16:38
ae13f9,SPECK88 ,United States,1751325396.0,1751325396,-97.2386,36.252,1196.34,False,138.52,185.54,-0.33,,1264.92,,False,0,2025-06-30 23:16:38
ae13f4,PAWS65  ,United States,1751325398.0,1751325398,-97.6477,36.5749,3947.16,False,145.78,72.33,-0.98,,4175.76,,False,0,2025-06-30 23:16:38
a21d14,SWA2647 ,United States,1751325397.0,1751325397,-118.6983,38.1308,9753.6,False,240.65,259.53,0.0,,10226.04,,False,0,2025-06-30 23:16:38
a2c28a,N277X   ,United States,1751325361.0,1751325361,-112.0214,33.4284,,True,8.23,227.81,,,,1446,False,0,2025-06-30 23:16:38
a8d206,AAL540  ,United States,1751325397.0,1751325397,-114.8196,41.6295,10370.82,False,237.54,162.35,0.0,,10896.6,,False,0,2025-06-30 23:16:38
a1ea32,UAL253  ,United States,1751325397.0,1751325397,-106.3176,31.9578,9753.6,False,259.54,284.7,0.0,,10325.1,7266,False,0,2025-06-30 23:16:38
a07a72,N13SK   ,United States,1751325230.0,1751325230,-80.1959,26.1936,91.44,False,38.21,43.36,-3.25,,114.3,,False,0,2025-06-30 23:16:38
a1a1b6,RPA5677 ,United States,1751325398.0,1751325398,-73.7162,41.7768,4930.14,False,193.38,188.26,-10.4,,5173.98,3515,False,0,2025-06-30 23:16:38
a33d62,DAL305  ,United States,1751325319.0,1751325319,-78.2908,30.0554,9448.8,False,229.74,6.17,0.0,,9928.86,6050,False,0,2025-06-30 23:16:38
a69bdf,N525DU  ,United States,1751325398.0,1751325398,-93.1328,33.0591,11612.88,False,159.98,83.54,2.28,,12275.82,3433,False,0,2025-06-30 23:16:38
a427e3,SUB47   ,United States,1751325291.0,1751325291,-90.6325,38.6622,152.4,False,66.29,257.91,-4.55,,144.78,1064,False,0,2025-06-30 23:16:38
a71efa,AAL2387 ,United States,1751325397.0,1751325397,-111.8651,32.9807,10058.4,False,249.76,110.75,0.0,,10637.52,3252,False,0,2025-06-30 23:16:38
a89545,QXE2326 ,United States,1751325398.0,1751325398,-121.1868,46.44,8793.48,False,220.09,126.25,7.15,,9212.58,1642,False,0,2025-06-30 23:16:38
a65598,SKW4960 ,United States,1751325398.0,1751325398,-119.4001,38.4153,10668.0,False,216.1,184.1,-0.33,,11193.78,,False,0,2025-06-30 23:16:38
a83ef2,NKS8830 ,United States,1751325397.0,1751325397,-82.3013,34.2765,11582.4,False,230.37,143.08,-0.33,,12275.82,5743,False,0,2025-06-30 23:16:38
a1ea0d,N222SP  ,United States,1751325396.0,1751325397,-113.1356,34.0781,2895.6,False,61.23,294.84,-2.6,,3078.48,1117,True,0,2025-06-30 23:16:38
ae13fd,JAVAN51 ,United States,1751325398.0,1751325398,-97.6569,30.6832,4998.72,False,139.64,264.08,0.33,,5295.9,6454,False,0,2025-06-30 23:16:38
aa3249,N756WB  ,United States,1751325397.0,1751325398,-85.1218,39.4219,914.4,False,63.87,259.32,1.63,,906.78,1200,False,0,2025-06-30 23:16:38
a6a54e,N5270G  ,United States,1751325397.0,1751325398,-88.2931,41.4673,922.02,False,42.7,338.07,0.33,,906.78,1200,False,0,2025-06-30 23:16:38
a76235,JIA5487 ,United States,1751325395.0,1751325398,-92.768,33.2522,10668.0,False,251.86,80.6,-0.33,,11323.32,6254,False,0,2025-06-30 23:16:38
aa589c,JBU276  ,United States,1751325397.0,1751325397,-71.9106,39.7141,7307.58,False,225.92,339.75,0.33,,7741.92,,False,0,2025-06-30 23:16:38
a6b87a,SKW5442 ,United States,1751325241.0,1751325241,-89.9894,35.1304,556.26,False,84.94,177.92,-4.23,,594.36,4025,True,0,2025-06-30 23:16:38
a94bd9,N69875  ,United States,1751325168.0,1751325168,-90.6424,38.6621,152.4,False,25.72,253.74,-1.3,,129.54,,False,0,2025-06-30 23:16:38
a5cbf3,UAL2645 ,United States,1751325397.0,1751325398,-75.384,39.8629,4960.62,False,207.85,42.89,-8.13,,5219.7,0765,False,0,2025-06-30 23:16:38
a6426a,N502LT  ,United States,1751325396.0,1751325397,-85.4969,38.7199,1074.42,False,58.9,205.89,5.2,,1074.42,1200,False,0,2025-06-30 23:16:38
0d0a19,VOI761  ,Mexico,1751325397.0,1751325397,-104.546,39.1643,5897.88,False,199.89,165.39,11.7,,6248.4,1456,False,0,2025-06-30 23:16:38
a031bd,AAL3053 ,United States,1751325397.0,1751325398,-97.3531,33.27,1912.62,False,143.66,105.58,-8.45,,2026.92,4676,False,0,2025-06-30 23:16:38
0d0a18,VOI800  ,Mexico,1751325398.0,1751325398,-97.8788,31.9837,7909.56,False,236.3,29.19,-11.38,,8412.48,2665,False,0,2025-06-30 23:16:38
aa8be5,EJA779  ,United States,1751325398.0,1751325398,-74.8379,42.1305,7132.32,False,220.5,266.92,-5.85,,7498.08,2441,False,0,2025-06-30 23:16:38
a8955e,NKS2366 ,United States,1751325396.0,1751325396,-91.8781,33.1767,10965.18,False,223.69,230.6,0.33,,11635.74,5771,False,0,2025-06-30 23:16:38
a7d892,N60406  ,United States,1751325393.0,1751325393,-90.2478,38.4693,647.7,False,46.53,18.03,-0.33,,632.46,,False,0,2025-06-30 23:16:38
abb507,SWA867  ,United States,1751325397.0,1751325397,-77.909,42.502,11582.4,False,205.96,251.2,0.0,,12184.38,1476,False,0,2025-06-30 23:16:38
acc0fb,N9203R  ,United States,1751325397.0,1751325397,-91.286,33.9486,3032.76,False,74.15,240.95,0.0,,3192.78,1646,False,0,2025-06-30 23:16:38
aa3226,AAL1610 ,United States,1751325344.0,1751325351,-84.442,33.6427,,True,0.0,270.0,,,,1626,True,0,2025-06-30 23:16:38
a11f9d,UAL350  ,United States,1751325397.0,1751325398,-73.2175,39.9136,7056.12,False,231.36,106.14,4.55,,7421.88,3306,False,0,2025-06-30 23:16:38
aa9d1a,EJA783  ,United States,1751325397.0,1751325397,-96.8496,32.8484,,True,7.2,98.44,,,,2746,False,0,2025-06-30 23:16:38
aa67d5,N77MV   ,United States,1751325397.0,1751325398,-122.2805,47.7157,594.36,False,43.59,329.5,-0.65,,624.84,,False,0,2025-06-30 23:16:38
aaed05,N803AC  ,United States,1751325257.0,1751325257,-121.9344,37.3617,,True,0.0,230.62,,,,1133,False,0,2025-06-30 23:16:38
ac2d09,DAL355  ,United States,1751325397.0,1751325397,-108.9168,36.4135,10972.8,False,240.01,261.99,-0.98,,11582.4,1751,False,0,2025-06-30 23:16:38
a303c4,N29355  ,United States,1751325396.0,1751325396,-84.3619,33.1594,426.72,False,47.79,345.66,1.3,,403.86,,False,0,2025-06-30 23:16:38
a72f22,JBU1642 ,United States,1751325392.0,1751325392,-73.7577,40.6416,0.0,False,68.73,210.6,-0.65,,-15.24,5641,False,0,2025-06-30 23:16:38
a59f53,SWA452  ,United States,1751325398.0,1751325398,-104.2378,39.3693,5768.34,False,170.64,329.57,-5.53,,6126.48,7501,True,0,2025-06-30 23:16:38
0d0e40,AMX640  ,Mexico,1751325397.0,1751325397,-74.731,38.7884,11277.6,False,232.29,33.16,0.0,,11932.92,3267,False,0,2025-06-30 23:16:38
a0a3f8,N140PC  ,United States,1751325389.0,1751325389,-105.1776,40.1712,1485.9,False,43.85,121.08,-2.93,,1600.2,,False,0,2025-06-30 23:16:38
aaed17,AAL2076 ,United States,1751325397.0,1751325397,-80.9904,33.9039,6096.0,False,225.31,189.46,0.33,,6454.14,,False,0,2025-06-30 23:16:38
acd296,AAL751  ,United States,1751325397.0,1751325397,-84.523,36.2708,9288.78,False,236.11,300.36,3.25,,9852.66,0426,False,0,2025-06-30 23:16:38
a5ef0e,UAL1844 ,United States,1751325354.0,1751325388,-74.1635,40.7028,,True,2.83,149.06,,,,,False,0,2025-06-30 23:16:38
a2f6ba,AAY711  ,United States,1751325398.0,1751325398,-97.389,40.5832,10668.0,False,260.9,75.5,0.0,,11178.54,0147,False,0,2025-06-30 23:16:38
a449f1,DAL716  ,United States,1751325397.0,1751325397,-104.2122,40.2779,4373.88,False,175.93,255.44,-9.1,,4648.2,2673,False,0,2025-06-30 23:16:38
a1e9fe,N222RZ  ,United States,1751325394.0,1751325394,-73.143,42.1366,2164.08,False,89.34,104.68,0.65,,2194.56,,False,0,2025-06-30 23:16:38
a0b6ea,SKW5552 ,United States,1751325397.0,1751325397,-92.7328,31.9301,9753.6,False,227.91,227.38,-0.65,,10378.44,,False,0,2025-06-30 23:16:38
a449e5,DAL2120 ,United States,1751325398.0,1751325398,-116.8798,34.8311,8778.24,False,250.22,54.71,-5.2,,9281.16,4777,False,0,2025-06-30 23:16:38
ad4d12,AAL1288 ,United States,1751325396.0,1751325396,-101.1367,27.5436,10675.62,False,243.36,44.91,0.33,,11346.18,,False,0,2025-06-30 23:16:38
0d0e61,XARZR   ,Mexico,1751325324.0,1751325325,-99.3326,25.7893,2727.96,False,83.34,90.0,0.0,,2857.5,,False,0,2025-06-30 23:16:38
a2f6b3,ENY3345 ,United States,1751325398.0,1751325398,-70.6076,43.476,9852.66,False,227.37,218.48,7.48,,10378.44,3557,False,0,2025-06-30 23:16:38
aaa4b3,SKW5606 ,United States,1751325398.0,1751325398,-84.5384,40.6206,10363.2,False,238.3,300.77,0.65,,10949.94,1353,False,0,2025-06-30 23:16:38
a5dc0c,CBC477  ,United States,1751325349.0,1751325359,-112.0221,41.187,1348.74,False,44.38,45.0,-0.65,,1371.6,,False,0,2025-06-30 23:16:38
c080dc,ACA527  ,Canada,1751325398.0,1751325398,-94.733,44.5226,10355.58,False,227.22,240.13,0.33,,10683.24,1011,False,0,2025-06-30 23:16:38
c080dd,ACA326  ,Canada,1751325397.0,1751325397,-74.0503,45.7129,2484.12,False,134.46,118.82,-5.85,,2560.32,,False,0,2025-06-30 23:16:38
c080db,ACA515  ,Canada,1751325113.0,1751325116,-83.1158,46.341,9753.6,False,206.66,275.28,0.33,,10111.74,6254,False,0,2025-06-30 23:16:38
a2e3e9,N2857P  ,United States,1751325320.0,1751325324,-117.1318,32.8131,182.88,False,33.64,293.43,-1.63,,137.16,,False,0,2025-06-30 23:16:38
ab0d76,DAL1109 ,United States,1751325397.0,1751325397,-105.8173,35.262,8961.12,False,224.79,106.49,2.6,,9486.9,,False,0,2025-06-30 23:16:38
a2d0b2,OXF5246 ,United States,1751325304.0,1751325306,-111.7227,33.4661,525.78,False,40.98,231.12,-4.55,,426.72,,False,0,2025-06-30 23:16:38
a34c6f,N311VM  ,United States,1751325395.0,1751325395,-102.6865,43.949,3291.84,False,117.11,116.9,1.3,,3459.48,,False,0,2025-06-30 23:16:38
a96def,N7065R  ,United States,1751325397.0,1751325398,-111.7955,33.1092,982.98,False,39.08,200.82,1.95,,922.02,1200,False,0,2025-06-30 23:16:38
abfa24,AAL110  ,United States,1751325398.0,1751325398,-84.2475,44.9839,11887.2,False,285.67,71.63,0.0,,12374.88,6267,False,0,2025-06-30 23:16:38
aaed5a,DAL2209 ,United States,1751325397.0,1751325397,-82.1078,27.9981,5341.62,False,186.48,65.56,-9.75,,5638.8,5660,False,0,2025-06-30 23:16:38
acf7e4,N9347T  ,United States,1751325397.0,1751325397,-88.3486,41.56,609.6,False,48.37,271.22,0.0,,571.5,1200,False,0,2025-06-30 23:16:38
abc4be,SWA882  ,United States,1751325397.0,1751325397,-94.6487,33.5808,10675.62,False,244.46,68.13,0.98,,11323.32,6263,False,0,2025-06-30 23:16:38
a34c68,ENY3602 ,United States,1751325278.0,1751325357,-82.8571,45.9935,9144.0,False,195.19,241.68,-0.65,,9525.0,6557,False,0,2025-06-30 23:16:38
aaa4dc,UAL57   ,United States,1751325397.0,1751325398,-70.9469,43.5234,10668.0,False,266.51,61.9,0.0,,11209.02,1753,False,0,2025-06-30 23:16:38
abfa36,,United States,1751325111.0,1751325111,-121.2896,38.5342,403.86,False,56.36,56.16,-0.33,,365.76,,False,0,2025-06-30 23:16:38
aa559e,N765RM  ,United States,1751325398.0,1751325398,-99.3897,25.1794,7543.8,False,226.05,317.12,-16.91,,8008.62,,False,0,2025-06-30 23:16:38
a9bde6,N727DP  ,United States,1751325392.0,1751325397,-99.0026,33.9531,5821.68,False,126.08,271.4,0.0,,6149.34,6130,False,0,2025-06-30 23:16:38
0d0e1d,AMX645  ,Mexico,1751325397.0,1751325398,-112.604,30.7159,11277.6,False,245.57,130.5,0.0,,11940.54,7705,False,0,2025-06-30 23:16:38
a1d811,RPA5881 ,United States,1751325398.0,1751325398,-77.002,38.734,1760.22,False,127.84,145.99,11.05,,1844.04,5662,False,0,2025-06-30 23:16:38
a0b81e,UAL1292 ,United States,1751325397.0,1751325397,-70.4452,43.0253,6545.58,False,220.2,159.91,-16.58,,6888.48,3776,False,0,2025-06-30 23:16:38
adaee8,AAL1193 ,United States,1751325398.0,1751325398,-93.7988,35.0556,10363.2,False,230.62,214.82,0.0,,10980.42,3266,False,0,2025-06-30 23:16:38
a0b81d,UAL746  ,United States,1751325398.0,1751325398,-101.0104,38.8343,10347.96,False,226.47,271.82,0.0,,10919.46,7041,False,0,2025-06-30 23:16:38
a0b823,UAL1527 ,United States,1751325398.0,1751325398,-111.1362,40.8069,10668.0,False,238.32,94.21,-0.33,,11262.36,3342,False,0,2025-06-30 23:16:38
a0b821,UAL234  ,United States,1751325398.0,1751325398,-103.6818,38.0744,9639.3,False,240.27,137.26,1.95,,10195.56,3263,False,0,2025-06-30 23:16:38
a46c9a,UAL1216 ,United States,1751325398.0,1751325398,-100.688,30.8431,10668.0,False,239.46,85.44,0.0,,11330.94,3724,False,0,2025-06-30 23:16:38
a0b820,UAL2211 ,United States,1751325397.0,1751325397,-86.6602,41.5731,4480.56,False,185.09,310.15,-10.4,,4671.06,5720,False,0,2025-06-30 23:16:38
ac2be9,SWA189  ,United States,1751325397.0,1751325397,-96.8429,32.8453,,True,17.49,140.62,,,,6725,False,0,2025-06-30 23:16:38
acf870,N935CB  ,United States,1751325397.0,1751325397,-117.4583,33.9507,426.72,False,40.06,167.39,1.3,,381.0,1200,False,0,2025-06-30 23:16:38
a770a2,JBU1794 ,United States,1751325397.0,1751325397,-78.5691,29.5725,11285.22,False,231.84,14.65,0.33,,11849.1,4601,False,0,2025-06-30 23:16:38
a23ea5,N2438S  ,United States,1751325398.0,1751325398,-72.8286,40.8331,213.36,False,42.63,351.67,0.0,,198.12,,False,0,2025-06-30 23:16:38
abb245,SWA2349 ,United States,1751325398.0,1751325398,-122.3821,37.6204,,True,4.89,298.12,,,,2032,False,0,2025-06-30 23:16:38
a1d809,N218JG  ,United States,1751325204.0,1751325208,-88.114,44.4924,251.46,False,49.07,240.48,-3.25,,182.88,,False,0,2025-06-30 23:16:38
a913d6,UAL920  ,United States,1751325397.0,1751325397,-87.9132,41.9716,,True,9.26,90.0,,,,,False,0,2025-06-30 23:16:38
a0b82f,N1454H  ,United States,1751325391.0,1751325391,-67.0501,45.6913,13716.0,False,247.7,234.3,0.0,,14211.3,0777,False,0,2025-06-30 23:16:38
a7e6cf,SKW5667 ,United States,1751325107.0,1751325112,-104.66,39.8719,1623.06,False,69.47,181.27,-3.25,,1706.88,,False,0,2025-06-30 23:16:38
c080a6,WJA1525 ,Canada,1751325398.0,1751325398,-119.3491,37.6634,10972.8,False,249.94,352.79,0.0,,11529.06,7723,False,0,2025-06-30 23:16:38
ac2bf8,ASH6151 ,United States,1751325398.0,1751325398,-90.4527,36.1923,8839.2,False,261.84,50.9,0.33,,9342.12,5614,False,0,2025-06-30 23:16:38
ad0562,SWA40   ,United States,1751325398.0,1751325398,-99.5794,33.923,12192.0,False,234.91,332.76,-0.33,,12877.8,1343,False,0,2025-06-30 23:16:38
a9bf4b,DAL823  ,United States,1751325081.0,1751325278,-111.9296,38.7924,11582.4,False,223.72,262.34,0.0,,12199.62,2051,False,0,2025-06-30 23:16:38
a280fe,SWA537  ,United States,1751325397.0,1751325398,-122.3491,37.6102,99.06,False,71.55,296.93,-4.88,,53.34,6213,False,0,2025-06-30 23:16:38
a0b801,UAL1602 ,United States,1751325398.0,1751325398,-92.3732,34.5704,10363.2,False,232.1,298.89,0.0,,11003.28,3203,False,0,2025-06-30 23:16:38
c080d9,ACA423  ,Canada,1751325397.0,1751325398,-78.8242,44.0286,3390.9,False,154.14,228.38,-7.8,,3482.34,6553,False,0,2025-06-30 23:16:38
a9bf27,SKW6282 ,United States,1751325397.0,1751325397,-104.5425,38.2626,11277.6,False,240.24,95.28,0.65,,11887.2,3521,False,0,2025-06-30 23:16:38
abc56d,N858DT  ,United States,1751325397.0,1751325397,-112.211,41.3553,2255.52,False,64.54,188.71,0.0,,2346.96,,False,0,2025-06-30 23:16:38
a0b803,UAL798  ,United States,1751325398.0,1751325398,-96.1075,38.0156,10066.02,False,263.99,77.51,0.0,,10637.52,,False,0,2025-06-30 23:16:38
a96f68,JRE707  ,United States,1751325398.0,1751325398,-122.1399,45.4267,3025.14,False,115.18,252.05,-7.48,,3147.06,3160,False,0,2025-06-30 23:16:38
adaef7,N981BC  ,United States,1751325397.0,1751325397,-116.7331,43.7115,1485.9,False,50.72,319.52,1.95,,1508.76,,False,0,2025-06-30 23:16:38
ab627c,SWA1850 ,United States,1751325397.0,1751325397,-112.655,36.022,11277.6,False,240.56,79.65,0.0,,11910.06,,False,0,2025-06-30 23:16:38
a7d3d3,EJA603  ,United States,1751325398.0,1751325398,-77.3232,36.049,13106.4,False,228.53,216.3,0.33,,13769.34,4002,False,0,2025-06-30 23:16:38
a2d0d5,OXF5542 ,United States,1751325397.0,1751325397,-111.8199,32.9164,1219.2,False,48.84,246.41,1.63,,1188.72,1200,False,0,2025-06-30 23:16:38
a796d6,N5886M  ,United States,1751325397.0,1751325397,-88.2716,41.7141,1242.06,False,68.04,339.65,-0.33,,1249.68,1301,False,0,2025-06-30 23:16:38
ab628c,SWA4035 ,United States,1751325397.0,1751325398,-100.2659,43.0907,10675.62,False,255.72,114.86,0.0,,11132.82,,False,0,2025-06-30 23:16:38
abb271,SWA4752 ,United States,1751325397.0,1751325397,-85.6501,35.687,11277.6,False,233.94,170.12,0.0,,11948.16,0667,False,0,2025-06-30 23:16:38
a0a530,N1401E  ,United States,1751325391.0,1751325391,-104.7187,39.1234,2712.72,False,49.52,235.15,0.33,,2880.36,,False,0,2025-06-30 23:16:38
a16227,N189AM  ,United States,1751325397.0,1751325397,-112.3505,33.4366,457.2,False,46.93,257.33,-1.3,,373.38,,False,0,2025-06-30 23:16:38
a4cf95,JTL40   ,United States,1751325398.0,1751325398,-92.4076,43.9731,13716.0,False,205.57,151.45,0.0,,14150.34,1652,False,0,2025-06-30 23:16:38
a0ebaf,N159AS  ,United States,1751325273.0,1751325291,-100.4924,31.3847,708.66,False,30.19,193.8,-2.6,,701.04,,False,0,2025-06-30 23:16:38
a676ea,CAP2142 ,United States,1751325397.0,1751325397,-92.6429,44.4951,1188.72,False,43.68,237.99,0.0,,1165.86,,False,0,2025-06-30 23:16:38
acd251,N925SD  ,United States,1751325398.0,1751325398,-102.5051,30.9301,7924.8,False,106.75,235.01,0.0,,8412.48,,False,0,2025-06-30 23:16:38
a543f2,N4385W  ,United States,1751325397.0,1751325398,-83.9103,39.6786,914.4,False,48.94,192.14,0.65,,899.16,,False,0,2025-06-30 23:16:38
aa8a26,UAL8101 ,United States,1751325397.0,1751325397,-89.3602,41.8804,7132.32,False,212.7,263.75,2.6,,7437.12,3536,False,0,2025-06-30 23:16:38
a17527,AAL3254 ,United States,1751325397.0,1751325397,-88.9732,36.2861,10363.2,False,224.15,253.6,0.0,,10972.8,0576,False,0,2025-06-30 23:16:38
0d0cec,VIV9334 ,Mexico,1751325397.0,1751325397,-108.0533,30.3804,10363.2,False,225.4,204.4,-0.33,,10988.04,,False,0,2025-06-30 23:16:38
c03f69,AIE856  ,Canada,1751325397.0,1751325397,-74.4882,46.8804,7315.2,False,122.77,209.36,0.0,,7612.38,,False,0,2025-06-30 23:16:38
a0a522,UAL970  ,United States,1751325396.0,1751325396,-67.4709,48.105,10660.38,False,282.28,70.74,-0.33,,11102.34,1333,False,0,2025-06-30 23:16:38
a04229,N1157X  ,United States,1751325398.0,1751325398,-111.9994,40.5932,1584.96,False,45.56,83.52,-2.6,,1569.72,1200,False,0,2025-06-30 23:16:38
aa67e1,N77NG   ,United States,1751324940.0,1751325109,-118.4186,33.9369,,True,0.0,261.56,,,,4667,False,0,2025-06-30 23:16:38
a09bbd,N1383U  ,United States,1751325398.0,1751325398,-122.1158,47.9772,640.08,False,52.89,232.91,-1.63,,624.84,1200,False,0,2025-06-30 23:16:38
ab8839,KSU42   ,United States,1751325398.0,1751325398,-97.2493,38.8971,502.92,False,51.47,178.28,0.0,,518.16,,False,0,2025-06-30 23:16:38
adf0f1,N998G   ,United States,1751325398.0,1751325398,-101.5421,38.8117,12496.8,False,235.68,111.24,0.0,,13091.16,6064,False,0,2025-06-30 23:16:38
a53207,AAL2300 ,United States,1751325397.0,1751325398,-82.1401,37.9282,10347.96,False,234.92,257.61,1.63,,10988.04,4113,True,0,2025-06-30 23:16:38
a1d87a,AAY53   ,United States,1751325398.0,1751325398,-109.7169,39.1657,10675.62,False,237.71,56.21,0.33,,11231.88,,False,0,2025-06-30 23:16:38
a79821,JBU1194 ,United States,1751325398.0,1751325398,-72.6467,41.0733,6400.8,False,186.16,39.06,0.0,,6743.7,6765,False,0,2025-06-30 23:16:38
ac3ea3,SWA1997 ,United States,1751325397.0,1751325398,-97.6667,30.4456,1013.46,False,99.89,251.38,-5.53,,1074.42,2655,False,0,2025-06-30 23:16:38
a890fe,FFT3277 ,United States,1751325397.0,1751325397,-100.7552,31.8742,10492.74,False,221.68,254.38,3.58,,11148.06,3440,False,0,2025-06-30 23:16:38
a34bc8,AAY854  ,United States,1751325397.0,1751325397,-82.3149,29.9352,11269.98,False,217.79,15.48,0.33,,11894.82,3730,False,0,2025-06-30 23:16:38
a0427e,N116AA  ,United States,1751325392.0,1751325392,-112.0071,33.4288,,True,25.72,270.0,,,,,False,0,2025-06-30 23:16:38
a1d873,ENY4146 ,United States,1751325397.0,1751325398,-88.5573,41.4159,3375.66,False,189.47,41.7,0.0,,3505.2,0774,False,0,2025-06-30 23:16:38
c03f37,WJA290  ,Canada,1751325398.0,1751325398,-70.4227,46.658,11277.6,False,258.54,99.27,0.33,,11772.9,1103,False,0,2025-06-30 23:16:38
abc504,SWA858  ,United States,1751325397.0,1751325398,-118.7432,37.2673,9448.8,False,247.9,73.48,0.65,,9928.86,3276,False,0,2025-06-30 23:16:38
a4bbb3,CY0404  ,United States,1751325397.0,1751325398,-81.4543,38.5877,10363.2,False,220.33,340.21,0.33,,10995.66,,False,0,2025-06-30 23:16:38
ac3eba,SWA642  ,United States,1751325397.0,1751325397,-118.5136,33.9389,845.82,False,134.42,264.29,13.33,,815.34,,False,0,2025-06-30 23:16:38
484445,KLM672  ,Kingdom of the Netherlands,1751325385.0,1751325385,-73.7429,45.475,,True,6.94,42.19,,,,,False,0,2025-06-30 23:16:38
a30535,N294JY  ,United States,1751325397.0,1751325397,-118.413,33.4193,1539.24,False,49.45,182.98,0.0,,1539.24,,False,0,2025-06-30 23:16:38
a2e516,N286JJ  ,United States,1751325395.0,1751325395,-118.9163,38.4693,10492.74,False,237.97,87.15,2.6,,10972.8,3202,False,0,2025-06-30 23:16:38
a31862,N299RB  ,United States,1751325397.0,1751325397,-88.45,30.9344,4732.02,False,158.29,133.55,-7.48,,4960.62,2125,False,0,2025-06-30 23:16:38
a95c89,FFT3376 ,United States,1751325398.0,1751325398,-102.5787,40.012,8206.74,False,240.96,82.15,5.85,,8663.94,,False,0,2025-06-30 23:16:38
ac2ba0,SWA1324 ,United States,1751325396.0,1751325397,-121.927,37.3666,,True,0.0,47.81,,,,,False,0,2025-06-30 23:16:38
acf846,ASA290  ,United States,1751325397.0,1751325398,-73.8788,44.5068,10363.2,False,221.7,318.95,0.33,,10873.74,3007,False,0,2025-06-30 23:16:38
a4389f,MVK87   ,United States,1751325397.0,1751325397,-93.227,43.4634,1866.9,False,44.38,325.39,-0.98,,1882.14,,False,0,2025-06-30 23:16:38
ab6229,SWA4639 ,United States,1751325395.0,1751325395,-82.5296,27.9836,,True,7.2,22.5,,,,,False,0,2025-06-30 23:16:38
a2e585,AAY1126 ,United States,1751325090.0,1751325090,-79.4667,34.2259,3322.32,False,152.02,140.49,0.0,,3512.82,5646,False,0,2025-06-30 23:16:38
abb205,SWA2943 ,United States,1751325398.0,1751325398,-105.2781,38.3,9944.1,False,234.49,205.33,4.88,,10477.5,3250,False,0,2025-06-30 23:16:38
3991e2,AFR616  ,France,1751325397.0,1751325397,-79.2751,25.08,7482.84,False,206.71,307.21,-10.08,,7932.42,,False,0,2025-06-30 23:16:38
ac2bb7,ASH6246 ,United States,1751325398.0,1751325398,-95.0369,36.1356,10668.0,False,246.9,6.34,-0.33,,11292.84,7222,False,0,2025-06-30 23:16:38
ac3ee9,SWA822  ,United States,1751325398.0,1751325398,-78.0264,33.5801,11277.6,False,224.54,7.24,0.33,,11894.82,4155,False,0,2025-06-30 23:16:38
aab883,N790FA  ,United States,1751325397.0,1751325397,-116.9218,33.1882,1402.08,False,56.7,126.14,0.0,,1409.7,,False,0,2025-06-30 23:16:38
a30596,AAY778  ,United States,1751325398.0,1751325398,-119.3095,38.3484,10980.42,False,262.19,4.61,0.0,,11544.3,6774,False,0,2025-06-30 23:16:38
a0428a,AAL306  ,United States,1751325397.0,1751325398,-87.1872,42.8218,10355.58,False,205.86,271.58,0.0,,10820.4,2262,False,0,2025-06-30 23:16:38
ac2bc6,SWA3234 ,United States,1751325397.0,1751325397,-86.162,40.3315,6941.82,False,205.29,336.52,-5.2,,7292.34,1650,False,0,2025-06-30 23:16:38
a4cea3,LXJ409  ,United States,1751325397.0,1751325398,-98.0655,29.8321,3398.52,False,160.85,254.99,-6.83,,3589.02,4555,False,0,2025-06-30 23:16:38
a1c57e,RPA5675 ,United States,1751325384.0,1751325392,-73.8718,40.7779,,True,0.0,300.94,,,,,False,0,2025-06-30 23:16:38
a16273,DAL531  ,United States,1751325398.0,1751325398,-104.3584,39.5109,10675.62,False,256.44,92.53,0.0,,11247.12,3240,False,0,2025-06-30 23:16:38
aa40f5,N76UD   ,United States,1751325397.0,1751325397,-89.4042,42.7175,1539.24,False,65.18,78.16,0.0,,1539.24,,False,0,2025-06-30 23:16:38
a1b247,N2081S  ,United States,1751325397.0,1751325397,-71.5061,42.6139,929.64,False,41.95,33.5,-0.65,,952.5,1200,False,0,2025-06-30 23:16:38
ac8233,ERU905  ,United States,1751325398.0,1751325398,-80.3219,27.5926,1173.48,False,49.02,298.18,2.6,,1226.82,,False,0,2025-06-30 23:16:38
ac2bd5,ASH6375 ,United States,1751325397.0,1751325397,-96.2798,27.8608,8534.4,False,229.72,208.34,0.0,,9083.04,7405,False,0,2025-06-30 23:16:38
a34bdc,EDV4838 ,United States,1751325398.0,1751325398,-77.8472,38.6669,8420.1,False,226.59,210.12,2.93,,8907.78,3610,False,0,2025-06-30 23:16:38
ac2bd4,ASH6230 ,United States,1751325282.0,1751325335,-110.7094,40.6055,9204.96,False,200.97,118.6,4.88,,9730.74,6042,False,0,2025-06-30 23:16:38
a54520,LXJ439  ,United States,1751325397.0,1751325397,-79.6737,31.19,12489.18,False,238.2,302.39,0.0,,13114.02,1316,False,0,2025-06-30 23:16:38
a89234,UAL127  ,United States,1751325397.0,1751325397,-75.2885,38.2168,9304.02,False,249.72,216.54,-6.83,,9822.18,6003,False,0,2025-06-30 23:16:38
ab73f5,SKW3957 ,United States,1751325395.0,1751325398,-86.067,39.1038,8168.64,False,234.59,359.75,6.18,,8641.08,6601,False,0,2025-06-30 23:16:38
a0b7b8,UAL2487 ,United States,1751325398.0,1751325398,-104.8806,40.2516,10660.38,False,243.45,70.11,0.0,,11254.74,7774,False,0,2025-06-30 23:16:38
a8e20f,DAL315  ,United States,1751325398.0,1751325398,-85.5914,35.632,10744.2,False,234.37,299.89,0.98,,11399.52,6001,False,0,2025-06-30 23:16:38
aa558a,EJA765  ,United States,1751325397.0,1751325397,-96.3422,30.4624,5608.32,False,195.61,154.78,-12.03,,5905.5,2264,False,0,2025-06-30 23:16:38
aa9bfd,N783DG  ,United States,1751325195.0,1751325195,-118.1487,33.8139,45.72,False,29.84,269.01,-1.3,,-7.62,,False,0,2025-06-30 23:16:38
ac2c79,SWA3451 ,United States,1751325397.0,1751325397,-120.2435,38.955,7459.98,False,231.46,49.87,8.13,,7825.74,3215,False,0,2025-06-30 23:16:38
aaa3ef,N785JP  ,United States,1751325397.0,1751325397,-111.3215,39.7782,5783.58,False,126.22,330.72,-7.48,,6126.48,,False,0,2025-06-30 23:16:38
a6c88e,AAL1326 ,United States,1751325398.0,1751325398,-78.6394,36.0253,914.4,False,105.33,169.02,-0.33,,944.88,1166,False,0,2025-06-30 23:16:38
a187ba,AAL3280 ,United States,1751325394.0,1751325395,-73.874,40.7759,,True,0.0,132.19,,,,,False,0,2025-06-30 23:16:38
4a91af,SAS924  ,Sweden,1751325398.0,1751325398,-70.0308,44.7826,10058.4,False,247.99,28.9,0.0,,10561.32,7142,False,0,2025-06-30 23:16:38
ab60e3,DAL14   ,United States,1751325397.0,1751325397,-75.8497,37.548,9448.8,False,247.9,34.94,0.0,,9997.44,3123,False,0,2025-06-30 23:16:38
a2d26c,N281HL  ,United States,1751325398.0,1751325398,-99.8647,45.9617,12489.18,False,260.9,112.37,-0.65,,12923.52,,False,0,2025-06-30 23:16:38
aa9bcb,N783BG  ,United States,1751325394.0,1751325394,-119.1135,34.2064,304.8,False,44.74,171.4,1.63,,243.84,,False,0,2025-06-30 23:16:38
a8922f,N651TW  ,United States,1751325398.0,1751325398,-81.1243,32.5546,7581.9,False,139.93,322.92,12.68,,8023.86,0774,False,0,2025-06-30 23:16:38
abc3ec,SWA3156 ,United States,1751325398.0,1751325398,-82.3059,42.2011,9151.62,False,260.46,81.71,-4.88,,9631.68,0631,False,0,2025-06-30 23:16:38
4a91b3,SAS908  ,Sweden,1751325378.0,1751325378,-74.1655,40.6998,,True,0.0,25.31,,,,,False,0,2025-06-30 23:16:38
0d0d52,VTM941  ,Mexico,1751325397.0,1751325397,-90.0786,35.397,9753.6,False,227.95,227.56,-0.33,,10325.1,6755,False,0,2025-06-30 23:16:38
acd0c7,N925AK  ,United States,1751325397.0,1751325398,-97.7487,44.3339,12496.8,False,235.63,54.96,-0.33,,12946.38,3230,False,0,2025-06-30 23:16:38
ac2c9c,SWA2794 ,United States,1751325397.0,1751325397,-77.9927,38.632,6286.5,False,229.38,84.72,-4.88,,6637.02,3017,False,0,2025-06-30 23:16:38
aa9bbc,S447    ,United States,1751325398.0,1751325398,-116.7286,47.717,922.02,False,62.5,214.61,2.6,,944.88,,False,0,2025-06-30 23:16:38
a0b7dc,UAL2088 ,United States,1751325397.0,1751325397,-82.5298,36.6597,10972.8,False,234.5,343.04,0.0,,11650.98,7413,False,0,2025-06-30 23:16:38
a72ef7,GJS3376 ,United States,1751325397.0,1751325398,-72.859,40.2102,10363.2,False,229.57,226.0,0.0,,10965.18,3461,False,0,2025-06-30 23:16:38
a7851c,DAL806  ,United States,1751325397.0,1751325397,-92.3516,43.2464,10363.2,False,202.79,262.71,0.0,,10736.58,2612,False,0,2025-06-30 23:16:38
a0da26,MVJ54   ,United States,1751325398.0,1751325398,-101.4808,35.5034,13106.4,False,226.47,271.82,-0.33,,13738.86,,False,0,2025-06-30 23:16:38
a96ebd,N707BW  ,United States,1751325397.0,1751325397,-84.6426,39.8428,4282.44,False,94.23,313.89,0.0,,4450.08,3530,False,0,2025-06-30 23:16:38
a317ba,ENY4151 ,United States,1751325398.0,1751325398,-93.1256,43.2496,8534.4,False,226.39,333.84,0.33,,8823.96,7220,False,0,2025-06-30 23:16:38
0d0d72,AMX669  ,Mexico,1751325397.0,1751325397,-114.6853,32.2756,10668.0,False,241.91,128.7,0.0,,11269.98,3757,False,0,2025-06-30 23:16:38
aa9bb7,AMX409  ,United States,1751325397.0,1751325398,-86.0982,40.3549,12192.0,False,224.31,222.4,-0.33,,12824.46,2277,False,0,2025-06-30 23:16:38
0d0d75,VIV2264 ,Mexico,1751325397.0,1751325398,-100.6083,26.0169,10363.2,False,233.59,297.98,-0.33,,11026.14,,False,0,2025-06-30 23:16:38
a79890,JIA5537 ,United States,1751325353.0,1751325354,-81.083,29.1705,30.48,False,78.04,65.46,-4.55,,38.1,5046,False,0,2025-06-30 23:16:38
a6b554,N531ND  ,United States,1751325398.0,1751325398,-121.9697,47.8422,800.1,False,36.53,270.81,-3.25,,822.96,1200,False,0,2025-06-30 23:16:38
a0b7d9,UAL241  ,United States,1751325397.0,1751325397,-98.5329,33.1408,10355.58,False,228.83,280.75,-0.33,,11010.9,7223,False,0,2025-06-30 23:16:38
a0b7bb,UAL2121 ,United States,1751325101.0,1751325102,-108.1552,39.6059,10637.52,False,235.43,20.73,-2.6,,11224.26,2017,False,0,2025-06-30 23:16:38
a79898,DAL914  ,United States,1751325398.0,1751325398,-96.8725,43.8887,10668.0,False,250.97,67.59,0.0,,11026.14,7274,False,0,2025-06-30 23:16:38
a0b7ba,UAL1363 ,United States,1751325397.0,1751325397,-111.1087,38.0242,10332.72,False,230.68,233.62,0.0,,10904.22,2632,False,0,2025-06-30 23:16:38
a54595,N439LP  ,United States,1751325397.0,1751325397,-117.8868,34.0054,914.4,False,42.25,222.04,0.33,,914.4,1200,False,0,2025-06-30 23:16:38
aab812,AAL174  ,United States,1751325398.0,1751325398,-78.4582,35.8413,3581.4,False,186.12,70.96,5.85,,3771.9,2402,False,0,2025-06-30 23:16:38
a6fbb5,N5490B  ,United States,1751325145.0,1751325145,-122.2717,47.8928,243.84,False,29.84,359.01,-1.63,,205.74,,False,0,2025-06-30 23:16:38
acd0ca,AAL3236 ,United States,1751325391.0,1751325395,-89.7474,32.2072,10363.2,False,242.91,271.58,0.0,,10995.66,6022,False,0,2025-06-30 23:16:38
a08a1a,AAL2870 ,United States,1751325398.0,1751325398,-90.3312,38.8421,9448.8,False,257.74,89.89,0.33,,9974.58,1602,False,0,2025-06-30 23:16:38
a80874,N61676  ,United States,1751325396.0,1751325396,-77.5821,39.0757,365.76,False,57.03,76.97,0.0,,327.66,,False,0,2025-06-30 23:16:38
0d0d7d,XACGG   ,Mexico,1751325397.0,1751325397,-105.6655,29.9282,12496.8,False,197.04,56.39,0.0,,13213.08,,False,0,2025-06-30 23:16:38
a08a6b,DAL1675 ,United States,1751325398.0,1751325398,-115.1113,45.0746,11277.6,False,243.86,124.43,0.0,,11818.62,1553,False,0,2025-06-30 23:16:38
ad18b0,DAL1485 ,United States,1751325397.0,1751325398,-85.5846,34.8008,8633.46,False,244.19,142.19,-4.88,,9166.86,2163,False,0,2025-06-30 23:16:38
0d0d0f,XBRLX   ,Mexico,1751325397.0,1751325397,-100.0708,25.1134,6217.92,False,184.14,351.49,-9.1,,6522.72,,False,0,2025-06-30 23:16:38
aa55b5,SKW4891 ,United States,1751325397.0,1751325397,-120.4016,39.8638,11277.6,False,225.22,170.67,0.33,,11864.34,,False,0,2025-06-30 23:16:38
a8e29c,DAL599  ,United States,1751325398.0,1751325398,-95.5233,27.4587,10668.0,False,246.76,37.8,0.0,,11323.32,2235,False,0,2025-06-30 23:16:38
a437da,DAL526  ,United States,1751325396.0,1751325396,-109.6215,39.392,10248.9,False,236.51,296.9,-5.2,,10805.16,0625,False,0,2025-06-30 23:16:38
a22d7b,UAL178  ,United States,1751325232.0,1751325232,-98.613,48.6096,11582.4,False,259.9,212.31,-0.33,,11910.06,5651,False,0,2025-06-30 23:16:38
a34d63,UCA4829 ,United States,1751325398.0,1751325398,-74.225,43.0532,7322.82,False,211.69,274.88,-0.65,,7673.34,3501,False,0,2025-06-30 23:16:38
ab0e53,AAY2595 ,United States,1751325398.0,1751325398,-79.9946,34.4866,6362.7,False,194.86,132.11,-5.2,,6758.94,2217,False,0,2025-06-30 23:16:38
ab0e54,DAL194  ,United States,1751325397.0,1751325397,-84.5806,33.4855,1798.32,False,146.24,165.33,7.8,,1882.14,3326,False,0,2025-06-30 23:16:38
aaee3b,AAL3004 ,United States,1751325398.0,1751325398,-77.1255,38.3198,5021.58,False,195.1,26.97,-8.78,,5295.9,2257,False,0,2025-06-30 23:16:38
3a3688,THT8    ,France,1751325397.0,1751325397,-97.3048,42.6863,11879.58,False,276.64,70.22,0.0,,12359.64,1416,False,0,2025-06-30 23:16:38
0d0d36,VOI7702 ,Mexico,1751325397.0,1751325397,-96.5255,27.5525,11887.2,False,235.78,29.98,0.33,,12618.72,1345,False,0,2025-06-30 23:16:38
aa9e28,SWA701  ,United States,1751325397.0,1751325397,-99.4084,39.2389,12192.0,False,216.72,272.04,-0.33,,12786.36,,False,0,2025-06-30 23:16:38
a33a12,N307HR  ,United States,1751325396.0,1751325397,-81.4948,25.5331,4884.42,False,188.7,79.79,-8.13,,5151.12,,False,0,2025-06-30 23:16:38
a8e279,DAL1457 ,United States,1751325398.0,1751325398,-83.8227,29.7085,10058.4,False,252.94,150.52,-0.33,,10622.28,0062,False,0,2025-06-30 23:16:38
a1c4d8,MXY579  ,United States,1751325397.0,1751325397,-81.2784,28.3639,609.6,False,101.76,147.6,7.48,,655.32,7377,False,0,2025-06-30 23:16:38
a0b7fe,UAL800  ,United States,1751325397.0,1751325397,-86.5403,42.5011,9761.22,False,214.36,266.7,0.33,,10248.9,7342,False,0,2025-06-30 23:16:38
a0b7fd,UAL1023 ,United States,1751325397.0,1751325398,-87.7765,42.0027,754.38,False,89.51,270.0,-4.55,,739.14,1421,False,0,2025-06-30 23:16:38
a0b7fb,UAL1779 ,United States,1751325397.0,1751325398,-102.4231,41.7884,10660.38,False,247.51,79.46,0.0,,11193.78,7316,False,0,2025-06-30 23:16:38
abc5b8,GTI8230 ,United States,1751325397.0,1751325397,-82.5573,31.8334,10355.58,False,259.92,139.82,1.3,,10965.18,7341,False,0,2025-06-30 23:16:38
a34d2f,JBU391  ,United States,1751325397.0,1751325398,-81.1677,29.2254,5402.58,False,197.18,182.24,-11.05,,5715.0,5730,False,0,2025-06-30 23:16:38
ade088,N99329  ,United States,1751325396.0,1751325396,-86.4567,36.3666,548.64,False,39.67,303.9,3.58,,502.92,,False,0,2025-06-30 23:16:38
ace5b6,AAL1355 ,United States,1751325251.0,1751325255,-83.3593,42.2357,304.8,False,78.95,208.4,-3.9,,243.84,6635,False,0,2025-06-30 23:16:38
ab62ad,SWA3038 ,United States,1751325229.0,1751325229,-90.3322,38.735,236.22,False,76.23,301.76,-3.9,,220.98,1325,False,0,2025-06-30 23:16:38
a2d1e9,N281CE  ,United States,1751325394.0,1751325394,-114.7012,44.1641,13106.4,False,227.66,298.48,-0.33,,13700.76,,False,0,2025-06-30 23:16:38
aadb37,UAL925  ,United States,1751325396.0,1751325396,-76.3171,36.904,7612.38,False,229.38,280.07,0.98,,8061.96,2434,False,0,2025-06-30 23:16:38
ab75f9,N8379L  ,United States,1751325398.0,1751325398,-119.0881,34.2003,365.76,False,41.68,91.41,-0.98,,327.66,,False,0,2025-06-30 23:16:38
ac95d4,XFL255  ,United States,1751325398.0,1751325398,-77.6896,38.7753,922.02,False,108.99,318.64,0.0,,944.88,,False,0,2025-06-30 23:16:38
ac1b44,SWA2985 ,United States,1751325397.0,1751325397,-91.6051,35.0156,11277.6,False,240.3,119.64,0.33,,11948.16,2532,False,0,2025-06-30 23:16:38
a2d1d6,N281BL  ,United States,1751325397.0,1751325397,-81.872,28.2142,297.18,False,49.92,271.77,0.33,,312.42,,False,0,2025-06-30 23:16:38
a11fa1,UAL1981 ,United States,1751325397.0,1751325397,-80.3468,41.758,11277.6,False,255.8,109.75,0.33,,11871.96,6744,False,0,2025-06-30 23:16:38
a11fa3,UAL2698 ,United States,1751325398.0,1751325398,-73.692,41.0791,4351.02,False,212.96,35.26,12.03,,4533.9,1543,False,0,2025-06-30 23:16:38
a8e262,DAL1028 ,United States,1751325398.0,1751325398,-89.7513,40.9127,10972.8,False,228.94,170.56,0.0,,11544.3,3661,False,0,2025-06-30 23:16:38
a8f58e,N67683  ,United States,1751325397.0,1751325397,-122.8392,44.1635,2621.28,False,88.12,356.65,0.0,,2735.58,,False,0,2025-06-30 23:16:38
abfb46,AAL379  ,United States,1751325398.0,1751325398,-81.414,28.9774,6957.06,False,211.49,345.49,-5.2,,7353.3,3673,False,0,2025-06-30 23:16:38
a46d70,UAL1834 ,United States,1751325397.0,1751325397,-90.5694,28.5168,10363.2,False,237.82,299.84,0.0,,11010.9,,False,0,2025-06-30 23:16:38
a2d1bc,ASA25   ,United States,1751325398.0,1751325398,-86.3088,43.8433,10363.2,False,207.38,265.73,0.0,,10805.16,6654,False,0,2025-06-30 23:16:38
a6a29f,N52671  ,United States,1751325397.0,1751325397,-87.498,41.3785,1066.8,False,31.09,343.66,0.98,,1059.18,1200,False,0,2025-06-30 23:16:38
a9abc4,N722JB  ,United States,1751325397.0,1751325398,-85.1546,40.9585,6347.46,False,258.95,128.3,-8.13,,6621.78,2416,False,0,2025-06-30 23:16:38
a1b1bc,SWA3762 ,United States,1751325389.0,1751325397,-93.5433,32.6022,11887.2,False,243.94,91.57,0.0,,12565.38,2340,False,0,2025-06-30 23:16:38
ab62f8,SWA915  ,United States,1751325398.0,1751325398,-86.328,31.3974,11894.82,False,232.1,156.9,-0.98,,12588.24,7121,False,0,2025-06-30 23:16:38
a4bd29,XSN40   ,United States,1751325398.0,1751325398,-120.4808,37.8395,5067.3,False,145.89,290.86,0.0,,5303.52,,False,0,2025-06-30 23:16:38
a8e247,DAL2238 ,United States,1751325398.0,1751325398,-93.6052,44.8158,3352.8,False,159.95,72.79,-6.18,,3421.38,2010,False,0,2025-06-30 23:16:38
a46d4e,UAL427  ,United States,1751325397.0,1751325397,-106.5117,37.6316,10058.4,False,241.23,67.43,0.0,,10629.9,7627,False,0,2025-06-30 23:16:38
a46d4f,UAL1869 ,United States,1751325397.0,1751325397,-78.3948,38.1776,7277.1,False,201.92,241.21,5.53,,7688.58,0502,False,0,2025-06-30 23:16:38
a46d4a,UAL1938 ,United States,1751325398.0,1751325398,-84.9043,34.8045,9753.6,False,245.21,273.01,0.0,,10355.58,2116,False,0,2025-06-30 23:16:38
ace5bb,DAL606  ,United States,1751325172.0,1751325172,-93.1814,44.865,365.76,False,67.67,301.64,-3.58,,365.76,2470,False,0,2025-06-30 23:16:38
a82a3f,EJA625  ,United States,1751325397.0,1751325397,-74.655,39.0502,10020.3,False,238.32,39.39,-12.35,,10591.8,2174,False,0,2025-06-30 23:16:38
a23fb2,RPA5789 ,United States,1751325398.0,1751325398,-73.0365,42.7012,9212.58,False,217.14,95.71,-7.48,,9700.26,3556,False,0,2025-06-30 23:16:38
a7d4e5,N6031F  ,United States,1751325397.0,1751325397,-96.3525,32.8996,769.62,False,55.15,278.58,0.0,,792.48,1200,False,0,2025-06-30 23:16:38
c01a61,ACA832  ,Canada,1751325304.0,1751325304,-73.7532,45.4604,,True,4.63,298.12,,,,,False,0,2025-06-30 23:16:38
a82a44,QXE2433 ,United States,1751325398.0,1751325398,-119.9007,39.6029,10668.0,False,210.49,174.11,-0.33,,11201.4,,False,0,2025-06-30 23:16:38
ad0673,N9385L  ,United States,1751325397.0,1751325397,-80.2525,25.9867,472.44,False,44.74,252.61,2.93,,541.02,,False,0,2025-06-30 23:16:38
a5ca4b,UAL1156 ,United States,1751325398.0,1751325398,-89.3259,40.9518,7018.02,False,236.62,6.49,0.0,,7345.68,1275,False,0,2025-06-30 23:16:38
a11fe7,UCA4250 ,United States,1751325398.0,1751325398,-77.7021,39.4281,3063.24,False,176.44,352.46,0.33,,3192.78,,False,0,2025-06-30 23:16:38
a0a622,N1408B  ,United States,1751325398.0,1751325398,-122.2178,40.4546,1036.32,False,39.31,137.12,3.25,,1005.84,,False,0,2025-06-30 23:16:38
a6b4f7,JBU283  ,United States,1751325143.0,1751325143,-73.7806,40.6521,,True,2.06,300.94,,,,,False,0,2025-06-30 23:16:38
a651ec,LN506TJ ,United States,1751325381.0,1751325381,-78.1714,43.0303,304.8,False,8.31,201.8,-0.33,,251.46,0467,False,0,2025-06-30 23:16:38
ad4cf2,SWA1036 ,United States,1751325158.0,1751325159,-96.8476,32.8462,,True,0.19,298.12,,,,5132,False,0,2025-06-30 23:16:38
a95d44,N702PC  ,United States,1751325396.0,1751325396,-115.1362,35.9808,,True,0.0,90.0,,,,,False,0,2025-06-30 23:16:38
a70a84,LFA334  ,United States,1751325387.0,1751325397,-81.2592,28.7851,220.98,False,53.62,3.85,1.3,,251.46,0346,False,0,2025-06-30 23:16:38
a891e5,QXE2268 ,United States,1751325397.0,1751325397,-112.2736,37.5499,10668.0,False,224.78,112.04,0.33,,11262.36,,False,0,2025-06-30 23:16:38
a5ca89,SWA712  ,United States,1751325397.0,1751325397,-91.6575,34.4236,11887.2,False,247.17,66.32,0.0,,12573.0,4005,False,0,2025-06-30 23:16:38
a11fb9,N1713V  ,United States,1751325098.0,1751325099,-73.9404,41.8045,739.14,False,44.39,175.35,-1.63,,716.28,,False,0,2025-06-30 23:16:38
a05628,UAL994  ,United States,1751325395.0,1751325395,-74.1646,40.7028,,True,2.06,106.88,,,,,False,0,2025-06-30 23:16:38
c01a5c,JZA775  ,Canada,1751325397.0,1751325397,-79.6291,43.686,,True,4.37,317.81,,,,2266,False,0,2025-06-30 23:16:38
aba04b,N84823  ,United States,1751325397.0,1751325397,-122.2891,46.9882,853.44,False,46.4,3.81,-6.5,,906.78,,False,0,2025-06-30 23:16:38
acc020,N920WB  ,United States,1751325394.0,1751325394,-81.3949,29.1264,1028.7,False,59.43,348.01,0.0,,1082.04,,False,0,2025-06-30 23:16:38
a6fd96,N55FG   ,United States,1751325382.0,1751325383,-82.3758,28.4763,335.28,False,67.42,268.25,-3.25,,396.24,1610,False,0,2025-06-30 23:16:38
ac7074,DAL3158 ,United States,1751325398.0,1751325398,-80.0381,37.1768,8907.78,False,246.68,255.38,5.85,,9387.84,,False,0,2025-06-30 23:16:38
a807cf,N6163F  ,United States,1751325396.0,1751325397,-88.4243,41.584,762.0,False,52.56,49.76,0.65,,746.76,1200,False,0,2025-06-30 23:16:38
aa55ee,AAL2753 ,United States,1751325398.0,1751325398,-78.6605,34.1305,10668.0,False,226.66,49.69,-0.33,,11269.98,2424,False,0,2025-06-30 23:16:38
aa9e6d,SWA4698 ,United States,1751325398.0,1751325398,-78.701,31.2921,12192.0,False,239.63,196.33,-0.33,,12793.98,5623,False,0,2025-06-30 23:16:38
a95d32,NKS2541 ,United States,1751325398.0,1751325398,-81.4707,32.7276,11277.6,False,231.04,1.28,0.0,,11955.78,3261,False,0,2025-06-30 23:16:38
a03038,DAL852  ,United States,1751325397.0,1751325397,-87.4884,42.5309,10363.2,False,209.71,273.23,0.0,,10835.64,5703,False,0,2025-06-30 23:16:38
a18978,N1989B  ,United States,1751325398.0,1751325398,-91.4576,29.7208,7010.4,False,202.86,272.33,9.1,,7406.64,,False,0,2025-06-30 23:16:38
a4aa68,N40BG   ,United States,1751325397.0,1751325397,-82.694,27.9426,68.58,False,68.03,172.18,-2.93,,91.44,4527,False,0,2025-06-30 23:16:38
aa42aa,ENY4284 ,United States,1751325397.0,1751325398,-98.1667,43.752,9144.0,False,210.8,275.32,0.0,,9486.9,3134,False,0,2025-06-30 23:16:38
a771af,AAL1890 ,United States,1751325397.0,1751325397,-103.1462,31.9202,10355.58,False,234.97,266.74,-0.33,,10988.04,3423,False,0,2025-06-30 23:16:38
495267,RZO331  ,Portugal,1751325397.0,1751325397,-79.2024,44.1511,2819.4,False,124.13,227.18,-3.25,,2872.74,7005,False,0,2025-06-30 23:16:38
a651e1,SKW6444 ,United States,1751325397.0,1751325397,-115.6075,40.1428,10668.0,False,230.48,142.62,-0.33,,11239.5,,False,0,2025-06-30 23:16:38
a1d93b,SWA2065 ,United States,1751325398.0,1751325398,-104.1962,32.0105,12192.0,False,221.8,268.54,0.0,,12885.42,5324,False,0,2025-06-30 23:16:38
aa55bd,ENY4220 ,United States,1751325398.0,1751325398,-85.511,38.1003,2727.96,False,151.97,37.3,11.7,,2849.88,,False,0,2025-06-30 23:16:38
a95d0a,TIV702  ,United States,1751325398.0,1751325398,-112.0951,35.7848,12192.0,False,233.06,243.1,0.0,,12862.56,2645,False,0,2025-06-30 23:16:38
a7860c,FCE58   ,United States,1751325397.0,1751325398,-83.8626,35.2035,2423.16,False,95.09,298.78,0.0,,2537.46,7036,False,0,2025-06-30 23:16:38
a39017,DAL1836 ,United States,1751325398.0,1751325398,-82.9248,33.109,6896.1,False,242.75,287.51,-9.75,,7315.2,4151,False,0,2025-06-30 23:16:38
4007fb,BAW99   ,United Kingdom,1751325398.0,1751325398,-74.6179,46.292,11582.4,False,207.61,245.09,0.0,,12092.94,2402,False,0,2025-06-30 23:16:38
a67960,SKW4887 ,United States,1751325210.0,1751325210,-106.4672,31.7684,1584.96,False,77.68,90.38,-5.53,,1630.68,7360,False,0,2025-06-30 23:16:38
aaffaa,AAL3207 ,United States,1751325398.0,1751325398,-76.2334,39.1509,5775.96,False,197.45,81.91,1.95,,6088.38,6071,False,0,2025-06-30 23:16:38
ad1927,JBU620  ,United States,1751325398.0,1751325398,-72.3315,42.6842,5425.44,False,202.5,103.97,-5.2,,5684.52,0540,False,0,2025-06-30 23:16:38
a3900e,ENY4233 ,United States,1751325398.0,1751325398,-92.1121,31.5577,9144.0,False,237.43,272.73,-0.33,,9692.64,1057,False,0,2025-06-30 23:16:38
aa9ca8,ENY3847 ,United States,1751325397.0,1751325397,-88.1062,43.0153,3383.28,False,174.22,208.0,0.98,,3482.34,3634,False,0,2025-06-30 23:16:38
aaa621,SWA4523 ,United States,1751325398.0,1751325398,-118.1599,33.5779,1539.24,False,116.58,55.61,0.0,,1569.72,3344,False,0,2025-06-30 23:16:38
a1b348,CXK208  ,United States,1751325397.0,1751325397,-118.2048,33.7791,762.0,False,38.1,182.32,3.9,,746.76,,False,0,2025-06-30 23:16:38
a29680,ENY4318 ,United States,1751325397.0,1751325397,-93.7895,38.4879,10363.2,False,222.82,196.64,0.33,,10896.6,1326,False,0,2025-06-30 23:16:38
a1d99b,JBU424  ,United States,1751325396.0,1751325398,-82.1518,37.7133,10668.0,False,238.56,85.05,0.0,,11315.7,6623,False,0,2025-06-30 23:16:38
a4bcca,N404PH  ,United States,1751325102.0,1751325179,-97.8138,30.5329,8321.04,True,4.15,82.87,-1.3,,,0267,False,0,2025-06-30 23:16:38
a7e93b,FFT2853 ,United States,1751325393.0,1751325397,-82.0157,31.2742,7459.98,False,183.82,344.91,6.18,,7886.7,2631,False,0,2025-06-30 23:16:38
ab6316,SWA1006 ,United States,1751325397.0,1751325397,-111.819,33.5272,1821.18,False,118.33,90.5,-8.13,,1874.52,6665,False,0,2025-06-30 23:16:38
4247ea,PJV598  ,United Kingdom,1751325394.0,1751325394,-77.81,28.0296,12496.8,False,242.29,27.44,3.25,,12893.04,,False,0,2025-06-30 23:16:38
a5465d,UPS9852 ,United States,1751325397.0,1751325397,-93.4026,37.1987,1173.48,False,94.76,196.07,16.58,,1173.48,,False,0,2025-06-30 23:16:38
aaffcd,HER808  ,United States,1751325397.0,1751325397,-84.8565,33.9293,2720.34,False,151.55,237.33,-0.98,,2849.88,3310,False,0,2025-06-30 23:16:38
0d0ba3,VIV101  ,Mexico,1751325394.0,1751325394,-73.7945,40.6421,,True,3.34,70.31,,,,,False,0,2025-06-30 23:16:38
a6663d,N511MD  ,United States,1751325398.0,1751325398,-105.2712,38.4794,7292.34,False,133.67,306.08,4.88,,7719.06,,False,0,2025-06-30 23:16:38
a5dcd0,WUP477  ,United States,1751325398.0,1751325398,-86.6994,41.4753,11879.58,False,249.42,66.03,0.0,,12489.18,2112,False,0,2025-06-30 23:16:38
a2f95c,ASA1300 ,United States,1751325398.0,1751325398,-120.3769,40.9835,11277.6,False,223.64,183.3,-0.33,,11833.86,,False,0,2025-06-30 23:16:38
a1635b,AAY2063 ,United States,1751325398.0,1751325398,-109.8107,36.8692,11574.78,False,232.12,239.06,-0.33,,12214.86,2663,False,0,2025-06-30 23:16:38
aaffed,DAL2467 ,United States,1751325398.0,1751325398,-94.622,44.5875,7010.4,False,205.32,72.2,-5.2,,7246.62,3137,False,0,2025-06-30 23:16:38
a7d604,N6039N  ,United States,1751325122.0,1751325122,-93.4297,44.8253,403.86,False,39.57,254.16,-2.93,,388.62,,False,0,2025-06-30 23:16:38
ab6339,SWA765  ,United States,1751325398.0,1751325398,-74.2532,39.2829,10668.0,False,235.3,30.77,0.0,,11285.22,5363,False,0,2025-06-30 23:16:38
ad5fe7,ASA352  ,United States,1751325398.0,1751325398,-99.2775,32.6136,10058.4,False,234.6,166.82,0.0,,10668.0,0727,False,0,2025-06-30 23:16:38
abd971,SWA1139 ,United States,1751325385.0,1751325385,-73.8816,40.7722,,True,23.66,210.94,,,,2113,False,0,2025-06-30 23:16:38
a55945,N4438U  ,United States,1751325397.0,1751325397,-90.9365,42.3017,1699.26,False,61.43,265.2,-0.65,,1722.12,,False,0,2025-06-30 23:16:38
a3904c,FFT3724 ,United States,1751325397.0,1751325398,-80.7857,28.7524,10980.42,False,238.75,159.96,-0.33,,11551.92,2235,False,0,2025-06-30 23:16:38
c0827e,CGXKV   ,Canada,1751325397.0,1751325397,-73.7601,45.6524,304.8,False,76.45,36.79,4.23,,274.32,,False,0,2025-06-30 23:16:38
ace60c,DAL942  ,United States,1751325398.0,1751325398,-103.5959,45.9519,10058.4,False,257.85,102.68,0.0,,10500.36,,False,0,2025-06-30 23:16:38
ab7678,,United States,1751325280.0,1751325348,-97.1187,37.8323,2103.12,False,74.19,56.31,0.0,,2186.94,,False,0,2025-06-30 23:16:38
a60fb6,WCC49   ,United States,1751325398.0,1751325398,-119.2708,35.076,6400.8,False,138.84,124.28,0.0,,6697.98,,False,0,2025-06-30 23:16:38
ab766a,DAL2431 ,United States,1751325397.0,1751325397,-104.697,39.9236,1699.26,False,86.58,176.59,-3.58,,1790.7,7443,False,0,2025-06-30 23:16:38
adafb5,JBU216  ,United States,1751325397.0,1751325397,-87.1992,42.4975,10675.62,False,263.92,90.45,0.0,,11163.3,3365,False,0,2025-06-30 23:16:38
ace621,SKW733M ,United States,1751325398.0,1751325398,-97.4774,41.8449,5570.22,False,212.08,67.91,-11.7,,5814.06,3534,False,0,2025-06-30 23:16:38
a4cfb7,SKW3294 ,United States,1751325397.0,1751325397,-118.3219,47.4293,4221.48,False,177.15,81.99,-5.2,,4434.84,4602,False,0,2025-06-30 23:16:38
aa8a8a,LRC627  ,United States,1751325397.0,1751325398,-81.3868,33.3465,10972.8,False,242.42,197.67,0.33,,11612.88,3241,False,0,2025-06-30 23:16:38
a95d88,N702RW  ,United States,1751325398.0,1751325398,-110.4139,37.2999,12496.8,False,242.05,66.05,0.33,,13152.12,,False,0,2025-06-30 23:16:38
a1638a,EJA189  ,United States,1751325320.0,1751325320,-71.3013,42.4719,60.96,False,66.5,98.0,-3.25,,45.72,1477,False,0,2025-06-30 23:16:38
ab767c,VAR838  ,United States,1751325385.0,1751325392,-112.3676,33.4316,373.38,False,31.09,218.96,-0.65,,274.32,,False,0,2025-06-30 23:16:38
a2d359,SKW3578 ,United States,1751325202.0,1751325207,-116.4131,46.1717,3040.38,False,152.35,309.66,-8.45,,3192.78,4064,False,0,2025-06-30 23:16:38
a4000f,DAL2575 ,United States,1751325397.0,1751325397,-93.8126,44.7703,4251.96,False,189.72,72.65,-4.55,,4404.36,,False,0,2025-06-30 23:16:38
ace658,N930H   ,United States,1751325397.0,1751325397,-93.5327,44.8089,1043.94,False,80.19,221.36,11.05,,1043.94,,False,0,2025-06-30 23:16:38
ad9003,AAL1322 ,United States,1751325397.0,1751325397,-100.9413,37.9927,10972.8,False,224.78,297.09,-0.33,,11559.54,2321,False,0,2025-06-30 23:16:38
a78605,DAL560  ,United States,1751325397.0,1751325397,-114.9853,45.8115,10492.74,False,244.56,114.08,2.6,,10980.42,1521,False,0,2025-06-30 23:16:38
a95d96,SKW6300 ,United States,1751325397.0,1751325397,-98.9294,41.8049,10972.8,False,220.65,258.98,0.0,,11468.1,3115,False,0,2025-06-30 23:16:38
a1b368,N20891  ,United States,1751325307.0,1751325308,-83.4831,36.165,1066.8,False,47.33,322.51,1.3,,1059.18,,False,0,2025-06-30 23:16:38
ad5ff9,CSQ504  ,United States,1751325396.0,1751325397,-79.9065,25.5097,2438.4,False,145.5,305.94,-2.6,,2560.32,,False,0,2025-06-30 23:16:38
ad5fea,AAL888Q ,United States,1751325396.0,1751325398,-88.7178,32.9806,10972.8,False,240.05,285.79,0.0,,11643.36,0026,False,0,2025-06-30 23:16:38
a6ea9b,N545BC  ,United States,1751325397.0,1751325397,-118.3511,33.8107,205.74,False,28.38,313.53,3.58,,152.4,,False,0,2025-06-30 23:16:38
ad5fef,DAL2862 ,United States,1751325396.0,1751325396,-91.5581,36.7003,10058.4,False,238.69,114.85,-0.33,,10660.38,3477,False,0,2025-06-30 23:16:38
aaa68a,SWA2815 ,United States,1751325398.0,1751325398,-88.207,39.9592,11582.4,False,211.62,256.5,0.0,,12169.14,2007,False,0,2025-06-30 23:16:38
aada4d,JRE799  ,United States,1751325397.0,1751325397,-72.3177,42.0834,3048.0,False,150.1,56.75,0.0,,3169.92,5346,False,0,2025-06-30 23:16:38
abb1c2,SWA4181 ,United States,1751325398.0,1751325398,-102.8686,32.3666,11277.6,False,229.73,123.12,0.65,,11948.16,,False,0,2025-06-30 23:16:38
a10e46,UAL714K ,United States,1751325193.0,1751325193,-87.908,41.9797,,True,4.89,188.44,,,,,False,0,2025-06-30 23:16:38
a2c087,ASA301  ,United States,1751325397.0,1751325397,-86.9607,30.6627,9753.6,False,235.07,275.27,0.0,,10347.96,6275,False,0,2025-06-30 23:16:38
a9accd,AAL1339 ,United States,1751325397.0,1751325397,-87.5907,42.0022,1249.68,False,87.97,269.66,0.0,,1257.3,0511,False,0,2025-06-30 23:16:38
a6a354,JIA5254 ,United States,1751325394.0,1751325397,-77.0476,38.8829,167.64,False,69.58,141.6,-4.88,,129.54,3336,False,0,2025-06-30 23:16:38
ad4d68,N95606  ,United States,1751325397.0,1751325397,-123.0346,45.2434,1097.28,False,50.66,124.66,-0.33,,1097.28,,False,0,2025-06-30 23:16:38
ac81d2,AAL1515 ,United States,1751325397.0,1751325397,-96.7259,42.4971,10668.0,False,259.58,85.45,0.0,,11087.1,2443,False,0,2025-06-30 23:16:38
4ca9ba,EIN1YL  ,Ireland,1751325386.0,1751325386,-67.2705,44.8375,10066.02,False,259.03,51.13,0.0,,10568.94,,False,0,2025-06-30 23:16:38
a77390,,United States,1751325336.0,1751325336,-92.7558,46.4639,3688.08,False,143.77,223.11,0.0,,3741.42,,False,0,2025-06-30 23:16:38
a188b8,,United States,1751325395.0,1751325397,-71.5117,42.7816,114.3,False,40.49,117.22,3.58,,83.82,,False,0,2025-06-30 23:16:38
ace4ee,N93SP   ,United States,1751325397.0,1751325397,-118.826,36.9344,7703.82,False,207.45,181.99,-8.13,,8077.2,,False,0,2025-06-30 23:16:38
aa568e,UAL1252 ,United States,1751325397.0,1751325398,-88.2885,39.5898,10698.48,False,215.33,257.72,6.83,,11262.36,1216,False,0,2025-06-30 23:16:38
ac1a72,SWA1147 ,United States,1751325397.0,1751325397,-102.8249,30.9178,11277.6,False,245.3,79.61,0.0,,11971.02,2430,False,0,2025-06-30 23:16:38
a10e29,UAL1748 ,United States,1751325397.0,1751325397,-87.5782,41.884,1539.24,False,138.39,89.79,0.0,,1584.96,1610,False,0,2025-06-30 23:16:38
a9acb8,DAL826  ,United States,1751325397.0,1751325398,-95.3743,31.9164,11582.4,False,229.32,261.62,0.0,,12237.72,4627,False,0,2025-06-30 23:16:38
a90352,N680BB  ,United States,1751325398.0,1751325398,-118.3335,47.6832,13121.64,False,227.13,276.11,0.0,,13632.18,,False,0,2025-06-30 23:16:38
a10e23,UAL2116 ,United States,1751325398.0,1751325398,-83.2953,36.2172,10972.8,False,227.85,246.44,-0.33,,11620.5,3755,False,0,2025-06-30 23:16:38
aa5694,UAL1754 ,United States,1751325396.0,1751325396,-122.9872,41.4248,8839.2,False,232.03,179.36,-0.65,,9243.06,,False,0,2025-06-30 23:16:38
a10e21,UAL2682 ,United States,1751325281.0,1751325282,-95.3104,30.0072,121.92,False,72.54,270.41,-3.58,,137.16,6220,False,0,2025-06-30 23:16:38
aa5690,UAL1507 ,United States,1751325397.0,1751325397,-94.935,29.9774,891.54,False,115.24,269.49,-0.33,,944.88,4015,False,0,2025-06-30 23:16:38
c0824e,CGXIZ   ,Canada,1751325398.0,1751325398,-72.987,45.7444,922.02,False,53.94,57.07,1.3,,922.02,,False,0,2025-06-30 23:16:38
a09e47,SKW5935 ,United States,1751325397.0,1751325398,-94.8391,34.867,10363.2,False,221.56,221.61,0.65,,11018.52,2127,False,0,2025-06-30 23:16:38
a6b69c,N53107  ,United States,1751325397.0,1751325397,-80.2216,26.0137,213.36,False,48.4,272.44,0.98,,228.6,,False,0,2025-06-30 23:16:38
a10e73,CXK173  ,United States,1751325397.0,1751325397,-111.6887,40.207,1607.82,False,43.95,159.44,-1.63,,1645.92,,False,0,2025-06-30 23:16:38
a0b8fb,AAL1167 ,United States,1751325395.0,1751325395,-81.9398,25.3258,7498.08,False,226.52,100.47,-5.53,,7955.28,5724,False,0,2025-06-30 23:16:38
a7d630,AAL2844 ,United States,1751325396.0,1751325397,-109.0678,32.3112,9517.38,False,240.73,110.26,6.5,,10035.54,4141,False,0,2025-06-30 23:16:38
a96fe9,AXO707  ,United States,1751325397.0,1751325397,-84.2991,37.8008,2133.6,False,95.31,146.22,0.0,,2209.8,6506,False,0,2025-06-30 23:16:38
a53369,EJA434  ,United States,1751325398.0,1751325398,-89.251,41.232,3169.92,False,202.01,75.4,-4.88,,3291.84,5365,False,0,2025-06-30 23:16:38
a8095f,N617GK  ,United States,1751325397.0,1751325397,-70.8706,42.8291,815.34,False,61.95,307.92,-1.63,,815.34,,False,0,2025-06-30 23:16:38
a042db,DAL595  ,United States,1751325397.0,1751325397,-106.4333,36.0072,11582.4,False,230.62,319.52,0.0,,12222.48,1466,False,0,2025-06-30 23:16:38
a5468e,SWA314  ,United States,1751325395.0,1751325397,-85.5494,33.457,7063.74,False,214.46,236.84,10.73,,7475.22,5262,False,0,2025-06-30 23:16:38
ae5a3c,R08451  ,United States,1751325397.0,1751325397,-79.2483,34.8958,906.78,False,51.66,225.81,0.0,,937.26,,False,0,2025-06-30 23:16:38
a042f1,ERU116  ,United States,1751325397.0,1751325398,-80.9122,28.9828,274.32,False,44.83,356.71,0.33,,297.18,,False,0,2025-06-30 23:16:38
a305aa,EDV5109 ,United States,1751325398.0,1751325398,-78.6046,42.7411,3070.86,False,155.16,273.61,-0.33,,3162.3,2362,False,0,2025-06-30 23:16:38
781003,CHH7925 ,China,1751325397.0,1751325397,-122.6774,38.3064,11277.6,False,237.97,148.17,0.0,,11818.62,4173,False,0,2025-06-30 23:16:38
a0db14,N154WW  ,United States,1751325063.0,1751325161,-104.0117,30.9135,4846.32,False,78.1,299.6,-0.33,,5166.36,,False,0,2025-06-30 23:16:38
a76028,UAL1115 ,United States,1751325397.0,1751325398,-76.3037,37.0646,10363.2,False,244.26,204.51,0.33,,10972.8,3051,False,0,2025-06-30 23:16:38
a6a33f,DAL740  ,United States,1751325397.0,1751325398,-82.1014,44.4163,9753.6,False,227.0,285.11,0.33,,10226.04,3026,False,0,2025-06-30 23:16:38
a042ae,MXY329  ,United States,1751325397.0,1751325397,-81.2947,37.1789,10972.8,False,246.18,193.66,0.0,,11635.74,7435,False,0,2025-06-30 23:16:38
acf906,JBU1523 ,United States,1751325397.0,1751325397,-78.3584,42.7556,10355.58,False,226.32,302.75,0.0,,10904.22,1553,False,0,2025-06-30 23:16:38
a4008e,AAL981  ,United States,1751325398.0,1751325398,-97.0248,33.0978,1173.48,False,87.46,179.66,-1.63,,1219.2,6564,False,0,2025-06-30 23:16:38
a6667d,N511PT  ,United States,1751325291.0,1751325301,-80.517,25.5708,304.8,False,47.67,214.89,0.0,,342.9,,False,0,2025-06-30 23:16:38
ad3a7f,AAL1385 ,United States,1751325397.0,1751325398,-99.1241,32.2781,7315.2,False,225.24,84.76,-0.33,,7757.16,6275,False,0,2025-06-30 23:16:38
a6c997,N53636  ,United States,1751325148.0,1751325393,-81.184,31.5593,1737.36,False,56.39,31.95,-2.6,,1813.56,,False,0,2025-06-30 23:16:38
aa4322,SKW9922 ,United States,1751325398.0,1751325398,-104.0505,38.4251,10058.4,False,243.33,99.86,0.0,,10622.28,,False,0,2025-06-30 23:16:38
abd90c,SWA611  ,United States,1751325397.0,1751325397,-98.0962,28.3238,9144.0,False,248.57,345.13,-0.33,,9723.12,4574,False,0,2025-06-30 23:16:38
ab1fbb,AAL3049 ,United States,1751325398.0,1751325398,-85.6084,38.099,10668.0,False,248.51,93.8,0.33,,11277.6,1764,False,0,2025-06-30 23:16:38
a0b8ea,N1459V  ,United States,1751325397.0,1751325397,-70.445,43.4648,777.24,False,46.71,216.49,0.0,,769.62,,False,0,2025-06-30 23:16:38
a042d5,DAL2070 ,United States,1751325397.0,1751325398,-93.4384,37.3053,10370.82,False,221.77,278.81,0.33,,10972.8,1747,False,0,2025-06-30 23:16:38
a96fd8,N707PD  ,United States,1751325369.0,1751325371,-105.0151,40.4572,1432.56,False,7.72,126.87,0.0,,1508.76,,False,0,2025-06-30 23:16:38
a70f80,JIA5175 ,United States,1751325396.0,1751325398,-84.0037,33.9704,3055.62,False,128.3,233.31,-8.13,,3215.64,3345,False,0,2025-06-30 23:16:38
a260ed,SWA4787 ,United States,1751325397.0,1751325398,-106.9451,32.0468,3726.18,False,178.6,128.69,-10.08,,3939.54,,False,0,2025-06-30 23:16:38
ae4d36,LSXX    ,United States,1751325380.0,1751325393,-117.1911,32.666,91.44,False,48.0,329.04,0.33,,45.72,,False,0,2025-06-30 23:16:38
abb7f7,UAL2655 ,United States,1751325398.0,1751325398,-103.585,33.0357,11277.6,False,245.76,8.06,0.0,,11917.68,7351,False,0,2025-06-30 23:16:38
a3d0ce,N345KM  ,United States,1751325397.0,1751325398,-81.5167,35.4981,2354.58,False,149.31,82.87,-7.48,,2461.26,2153,False,0,2025-06-30 23:16:38
440a8c,TAY813  ,Austria,1751325389.0,1751325398,-73.7791,40.6572,,True,1.03,84.38,,,,,False,0,2025-06-30 23:16:38
ac74e4,SWA523  ,United States,1751325397.0,1751325397,-96.8631,32.851,,True,4.89,146.25,,,,,False,0,2025-06-30 23:16:38
aa34e8,N757JX  ,United States,1751325391.0,1751325398,-123.1352,45.1705,167.64,False,30.35,0.0,-1.95,,129.54,,False,0,2025-06-30 23:16:38
ac74f9,EDV4639 ,United States,1751325398.0,1751325398,-86.5963,34.6572,2110.74,False,138.73,333.34,-9.1,,2209.8,1741,False,0,2025-06-30 23:16:38
a403df,AAL472  ,United States,1751325397.0,1751325397,-91.1087,33.8336,11277.6,False,247.86,53.44,0.0,,11948.16,2376,False,0,2025-06-30 23:16:38
a883bd,JBU69   ,United States,1751325396.0,1751325398,-71.7671,38.5919,10058.4,False,247.6,198.28,-0.33,,10660.38,7024,False,0,2025-06-30 23:16:38
a896ed,N6523D  ,United States,1751325397.0,1751325397,-120.1013,34.6708,2286.0,False,45.81,124.94,0.0,,2377.44,,False,0,2025-06-30 23:16:38
a5bc79,EJA469  ,United States,1751325398.0,1751325398,-71.2163,43.5491,891.54,False,134.91,328.25,-7.15,,906.78,1533,False,0,2025-06-30 23:16:38
a3d0f5,N345MA  ,United States,1751325397.0,1751325397,-88.8104,40.6071,12192.0,False,208.9,271.13,-0.33,,12793.98,4757,False,0,2025-06-30 23:16:38
ac0d6b,N876JC  ,United States,1751325398.0,1751325398,-118.6569,34.1634,1089.66,False,97.62,252.52,0.0,,1089.66,,False,0,2025-06-30 23:16:38
400610,BAW7TG  ,United Kingdom,1751325392.0,1751325392,-81.5807,37.7121,11582.4,False,251.15,223.01,0.0,,12275.82,1440,False,0,2025-06-30 23:16:38
a69f9d,JIA5073 ,United States,1751325395.0,1751325395,-79.628,38.3596,8831.58,False,242.12,48.96,0.65,,9342.12,4063,False,0,2025-06-30 23:16:38
abed68,JRE868  ,United States,1751325325.0,1751325325,-96.8561,32.8487,,True,5.14,312.19,,,,,False,0,2025-06-30 23:16:38
a5cf8b,UAL1620 ,United States,1751325397.0,1751325397,-122.984,40.8419,11277.6,False,219.15,176.1,0.0,,11803.38,3560,False,0,2025-06-30 23:16:38
aa34d9,N757JG  ,United States,1751325180.0,1751325211,-121.4687,38.5204,213.36,False,40.9,309.9,-2.6,,152.4,1200,False,0,2025-06-30 23:16:38
ae04aa,LOST13  ,United States,1751325395.0,1751325397,-117.1359,37.3071,11887.2,False,190.25,143.69,0.0,,12542.52,,False,0,2025-06-30 23:16:38
abda54,DAL753  ,United States,1751325183.0,1751325183,-118.4228,33.9487,,True,4.12,216.56,,,,3530,False,0,2025-06-30 23:16:38
ae4d48,LTN611  ,United States,1751325397.0,1751325397,-117.2516,32.6532,160.02,False,44.76,270.0,0.0,,114.3,,False,0,2025-06-30 23:16:38
a45f89,TSU3811 ,United States,1751325397.0,1751325397,-106.3221,31.0902,4701.54,False,155.77,339.71,-9.1,,4983.48,,False,0,2025-06-30 23:16:38
a5cf41,UAL2230 ,United States,1751325398.0,1751325398,-91.5707,29.5648,10942.32,False,230.49,262.3,-4.88,,11635.74,2452,False,0,2025-06-30 23:16:38
ae4d5a,BULET45 ,United States,1751325254.0,1751325255,-117.1169,32.5631,38.1,False,5.25,281.31,-1.3,,-7.62,,False,0,2025-06-30 23:16:38
ad81d6,N97FN   ,United States,1751325397.0,1751325397,-103.5283,38.5389,13716.0,False,253.03,144.02,0.33,,14356.08,4067,False,0,2025-06-30 23:16:38
a6dc08,JIA5016 ,United States,1751325398.0,1751325398,-77.5714,36.951,9738.36,False,237.96,43.77,2.93,,10325.1,7213,False,0,2025-06-30 23:16:38
a28847,N262VA  ,United States,1751325397.0,1751325397,-112.0286,41.1987,1531.62,False,41.67,180.0,1.63,,1562.1,,False,0,2025-06-30 23:16:38
a69f49,ASA3    ,United States,1751325398.0,1751325398,-92.9985,43.5965,10363.2,False,209.02,291.51,-0.33,,10698.48,0533,False,0,2025-06-30 23:16:38
a3f6ed,N35461  ,United States,1751325229.0,1751325232,-78.7143,34.4932,1120.14,False,53.41,110.88,1.63,,1165.86,,False,0,2025-06-30 23:16:38
ad2d99,N94822  ,United States,1751325397.0,1751325397,-79.0484,35.638,1219.2,False,50.72,306.75,1.95,,1257.3,,False,0,2025-06-30 23:16:38
ab6906,WUP834  ,United States,1751325398.0,1751325398,-79.0421,37.1508,7620.0,False,148.17,6.78,0.0,,8077.2,3222,False,0,2025-06-30 23:16:38
a789cb,N585PL  ,United States,1751325398.0,1751325398,-90.3841,43.6039,12192.0,False,225.96,311.49,-0.33,,12641.58,6214,False,0,2025-06-30 23:16:38
a9e188,N736CA  ,United States,1751325392.0,1751325392,-83.7425,35.997,1036.32,False,54.02,250.53,-1.63,,1059.18,,False,0,2025-06-30 23:16:38
a5cf3c,UAL2712 ,United States,1751325398.0,1751325398,-97.03,37.0451,10363.2,False,236.12,315.97,0.0,,10957.56,4720,False,0,2025-06-30 23:16:38
ae4d66,KECK618 ,United States,1751325398.0,1751325398,-77.8693,35.8082,9144.0,False,243.48,212.31,0.0,,9707.88,2467,False,0,2025-06-30 23:16:38
c08866,POE483  ,Canada,1751325295.0,1751325297,-90.8845,48.6644,11582.4,False,225.56,292.53,-0.33,,11803.38,,False,0,2025-06-30 23:16:38
c08863,POE443  ,Canada,1751325397.0,1751325398,-83.0519,44.5397,11574.78,False,200.44,287.78,0.65,,12077.7,2244,False,0,2025-06-30 23:16:38
c08864,POE256  ,Canada,1751325397.0,1751325397,-73.7431,45.4589,,True,5.92,194.06,,,,,False,0,2025-06-30 23:16:38
acb1e5,AAL2343 ,United States,1751325397.0,1751325397,-97.8105,41.0956,11277.6,False,259.27,69.8,0.0,,11788.14,2454,False,0,2025-06-30 23:16:38
c08862,POE505  ,Canada,1751325394.0,1751325396,-81.1455,30.6984,10363.2,False,254.09,183.48,0.0,,10919.46,1044,False,0,2025-06-30 23:16:38
a5cf66,UAL1528 ,United States,1751325398.0,1751325398,-95.7977,30.4173,4892.04,False,184.31,139.64,-7.8,,5189.22,0422,False,0,2025-06-30 23:16:38
a28820,N262TM  ,United States,1751325398.0,1751325398,-122.2734,47.8736,3489.96,False,94.27,46.99,0.0,,3634.74,1532,False,0,2025-06-30 23:16:38
a5cf4e,N4735H  ,United States,1751325342.0,1751325347,-71.1779,42.1907,,True,0.0,247.5,,,,,False,0,2025-06-30 23:16:38
c08853,POE407  ,Canada,1751325397.0,1751325397,-80.1854,43.834,4328.16,False,168.84,299.38,10.4,,4465.32,2212,False,0,2025-06-30 23:16:38
a2b0ed,UAL566  ,United States,1751325398.0,1751325398,-120.7965,38.7019,9631.68,False,245.23,52.07,4.88,,10058.4,3717,False,0,2025-06-30 23:16:38
c0884e,POE642  ,Canada,1751325398.0,1751325398,-108.2303,36.5523,11277.6,False,235.83,63.99,0.33,,11879.58,5623,False,0,2025-06-30 23:16:38
c0751c,ROU1932 ,Canada,1751325397.0,1751325397,-81.9655,45.5393,11277.6,False,236.94,136.85,0.0,,11765.28,,False,0,2025-06-30 23:16:38
a28812,SKW108R ,United States,1751325398.0,1751325398,-117.4029,33.8497,2674.62,False,136.49,229.59,-5.2,,2788.92,6006,False,0,2025-06-30 23:16:38
c00ba7,JZA628  ,Canada,1751325393.0,1751325393,-79.606,43.6753,,True,10.29,47.81,,,,3244,False,0,2025-06-30 23:16:38
a1a548,N205HC  ,United States,1751325397.0,1751325397,-91.2314,30.6301,579.12,False,54.96,43.1,0.33,,601.98,,False,0,2025-06-30 23:16:38
a0224c,N1079D  ,United States,1751325388.0,1751325388,-109.2952,37.1439,3756.66,False,107.73,326.69,-3.9,,3970.02,,False,0,2025-06-30 23:16:38
a3e525,DAL518  ,United States,1751325397.0,1751325397,-71.3563,41.7561,3352.8,False,162.9,60.28,0.0,,3505.2,3522,False,0,2025-06-30 23:16:38
acc59d,PDT6017 ,United States,1751325397.0,1751325398,-71.2888,41.4969,2506.98,False,142.22,176.68,11.05,,2613.66,,False,0,2025-06-30 23:16:38
a1ebb2,N22260  ,United States,1751325396.0,1751325397,-76.1738,40.8768,1280.16,False,39.39,310.76,2.6,,1295.4,1110,False,0,2025-06-30 23:16:38
a21ed4,ASA1287 ,United States,1751325397.0,1751325397,-120.1571,38.3009,11277.6,False,221.4,159.46,0.0,,11833.86,2626,False,0,2025-06-30 23:16:38
a7c800,N600HT  ,United States,1751325397.0,1751325397,-93.7487,36.0624,11277.6,False,184.63,78.75,0.0,,11917.68,2344,False,0,2025-06-30 23:16:38
a08efd,AAL1024 ,United States,1751325398.0,1751325398,-81.5805,28.2293,3139.44,False,156.24,62.34,-4.55,,3322.32,6762,False,0,2025-06-30 23:16:38
a3f875,N355MB  ,United States,1751325398.0,1751325398,-92.309,42.1261,3345.18,False,93.42,117.55,0.0,,3459.48,,False,0,2025-06-30 23:16:38
a57ee6,SKW5620 ,United States,1751325396.0,1751325397,-103.3558,43.2954,9144.0,False,243.79,176.49,0.0,,9585.96,,False,0,2025-06-30 23:16:38
c060bd,POE206  ,Canada,1751325397.0,1751325397,-72.8805,45.5619,9144.0,False,216.19,268.09,0.33,,9555.48,,False,0,2025-06-30 23:16:38
a02291,N108BM  ,United States,1751325398.0,1751325398,-90.9891,30.8913,2110.74,False,146.28,177.18,-7.15,,2209.8,4121,False,0,2025-06-30 23:16:38
c060be,POE309  ,Canada,1751325397.0,1751325397,-79.6358,43.6937,,True,7.2,225.0,,,,0567,False,0,2025-06-30 23:16:38
c060ba,POE365  ,Canada,1751325397.0,1751325397,-79.6325,43.6886,,True,6.94,317.81,,,,2231,False,0,2025-06-30 23:16:38
a1a57a,N205KC  ,United States,1751325332.0,1751325332,-90.8722,35.3986,,False,59.64,235.9,-0.98,,160.02,,False,0,2025-06-30 23:16:38
a3f812,N355HC  ,United States,1751325396.0,1751325397,-87.8522,41.8773,426.72,False,46.58,276.34,-1.3,,335.28,0325,False,0,2025-06-30 23:16:38
a9f3c0,NKS2494 ,United States,1751325397.0,1751325397,-81.8876,27.1794,2994.66,False,135.22,231.95,0.0,,3169.92,1614,False,0,2025-06-30 23:16:38
c060c9,POE448  ,Canada,1751325397.0,1751325397,-76.037,45.5407,2750.82,False,151.5,118.83,-7.15,,2819.4,2146,False,0,2025-06-30 23:16:38
aa21ef,SKW4917 ,United States,1751325398.0,1751325398,-110.8817,31.9835,1409.7,False,109.11,51.51,-0.33,,1409.7,1364,False,0,2025-06-30 23:16:38
a906f3,PDT5813 ,United States,1751325087.0,1751325093,-75.1885,39.8821,182.88,False,72.24,255.57,-4.23,,152.4,4202,False,0,2025-06-30 23:16:38
c060c4,POE517  ,Canada,1751325389.0,1751325389,-80.1726,26.077,22.86,False,71.0,90.83,-3.9,,60.96,6534,False,0,2025-06-30 23:16:38
c060c6,POE670  ,Canada,1751325398.0,1751325398,-99.8071,43.1983,11277.6,False,243.92,84.55,0.0,,11734.8,,False,0,2025-06-30 23:16:38
c060c3,POE452  ,Canada,1751325354.0,1751325354,-86.4757,47.3868,11277.6,False,248.32,115.13,0.0,,11551.92,,False,0,2025-06-30 23:16:38
ac74b3,WUP901  ,United States,1751325197.0,1751325197,-112.0214,33.4256,,True,2.83,171.56,,,,4363,False,0,2025-06-30 23:16:38
a38223,AAY331  ,United States,1751325396.0,1751325397,-91.0443,39.6427,11590.02,False,233.18,314.55,0.0,,12176.76,1061,False,0,2025-06-30 23:16:38
a0cbdf,PXT150  ,United States,1751325397.0,1751325397,-122.3845,37.6276,,True,0.0,284.06,,,,6655,False,0,2025-06-30 23:16:38
a8d3b4,UAL2133 ,United States,1751325398.0,1751325398,-83.8908,42.0864,11277.6,False,255.89,95.65,0.0,,11833.86,3535,False,0,2025-06-30 23:16:38
a21efb,MXY739  ,United States,1751325397.0,1751325397,-70.5452,43.3001,4785.36,False,186.32,228.92,7.48,,5006.34,,False,0,2025-06-30 23:16:38
a1feea,MXY718  ,United States,1751325397.0,1751325397,-81.5562,38.9337,10972.8,False,227.58,184.54,0.0,,11605.26,2453,False,0,2025-06-30 23:16:38
a8e6dc,N673    ,United States,1751325398.0,1751325398,-71.3639,43.2196,1531.62,False,73.38,35.58,0.0,,1546.86,5315,False,0,2025-06-30 23:16:38
a20bf5,N2308E  ,United States,1751325398.0,1751325398,-122.9041,46.6378,2225.04,False,41.68,178.59,2.6,,2286.0,,False,0,2025-06-30 23:16:38
aa7d90,N775WB  ,United States,1751325388.0,1751325388,-121.0737,41.3926,2072.64,False,54.35,319.22,-0.33,,2141.22,,False,0,2025-06-30 23:16:38
c060e5,CGKSA   ,Canada,1751325398.0,1751325398,-73.0472,45.5215,822.96,False,41.72,87.17,-0.33,,,,False,0,2025-06-30 23:16:38
a8e6f2,AAL1918 ,United States,1751325398.0,1751325398,-80.0273,36.0319,10668.0,False,230.75,60.92,0.0,,11315.7,4251,False,0,2025-06-30 23:16:38
a7c85d,FRLD74  ,United States,1751325398.0,1751325398,-117.3055,33.8036,1036.32,False,69.7,301.11,0.33,,1028.7,1255,False,0,2025-06-30 23:16:38
a87217,N643TP  ,United States,1751325377.0,1751325379,-95.3725,38.5529,1798.32,False,57.32,241.59,-0.33,,1866.9,,False,0,2025-06-30 23:16:38
acd855,,United States,1751325387.0,1751325387,-97.0446,38.5343,701.04,False,72.06,298.58,-2.28,,762.0,,False,0,2025-06-30 23:16:38
ac754b,AAL3263 ,United States,1751325396.0,1751325397,-88.6799,32.4977,11582.4,False,240.77,270.61,0.33,,12275.82,0356,True,0,2025-06-30 23:16:38
aa8efb,N78JF   ,United States,1751325397.0,1751325397,-122.8424,47.0629,3230.88,False,110.53,28.95,-0.65,,3375.66,,False,0,2025-06-30 23:16:38
a7fbbb,SKW5217 ,United States,1751325397.0,1751325398,-119.7568,44.55,11277.6,False,207.85,203.33,0.0,,11780.52,,False,0,2025-06-30 23:16:38
c060b7,PTR2484 ,Canada,1751325389.0,1751325392,-73.7499,45.4617,,True,4.63,315.0,,,,,False,0,2025-06-30 23:16:38
c060b4,PTR2294 ,Canada,1751325397.0,1751325397,-77.6255,44.1224,7315.2,False,148.39,236.31,-0.65,,7665.72,3103,False,0,2025-06-30 23:16:38
c060b3,PTR2394 ,Canada,1751325397.0,1751325398,-85.7038,41.9906,6400.8,False,178.47,69.06,0.0,,6682.74,6232,False,0,2025-06-30 23:16:38
a81bcc,SKW5541 ,United States,1751325142.0,1751325142,-87.9181,41.9805,,True,9.26,191.25,,,,6763,False,0,2025-06-30 23:16:38
abebe0,SWA4186 ,United States,1751325396.0,1751325397,-94.3038,34.0404,9121.14,False,239.75,246.07,-4.55,,9677.4,2603,False,0,2025-06-30 23:16:38
a2c574,AAY998  ,United States,1751325398.0,1751325398,-73.6835,41.0087,7010.4,False,205.27,5.75,0.0,,7399.02,1563,False,0,2025-06-30 23:16:38
ac756c,AAL2576 ,United States,1751325397.0,1751325397,-89.6374,31.4694,6911.34,False,218.64,179.73,-9.75,,7353.3,7411,False,0,2025-06-30 23:16:38
a7650b,DAL798  ,United States,1751325398.0,1751325398,-89.2508,44.4646,10378.44,False,217.51,288.91,0.33,,10744.2,0766,False,0,2025-06-30 23:16:38
acd88e,DAL743  ,United States,1751325397.0,1751325397,-84.5029,33.6622,937.26,False,113.91,295.41,5.53,,967.74,4156,False,0,2025-06-30 23:16:38
a20d0e,RPA5639 ,United States,1751325398.0,1751325398,-77.6425,42.559,9448.8,False,252.27,56.73,0.65,,9982.2,6570,False,0,2025-06-30 23:16:38
aa7ba6,N775AM  ,United States,1751325250.0,1751325250,-118.4483,34.0168,,True,3.6,45.0,,,,,False,0,2025-06-30 23:16:38
ade548,DAL3053 ,United States,1751325397.0,1751325398,-84.8101,32.4912,6408.42,False,226.17,203.88,2.6,,6789.42,1101,False,0,2025-06-30 23:16:38
acb21b,EJA917  ,United States,1751325397.0,1751325397,-107.219,38.2927,13106.4,False,218.31,41.47,0.0,,13731.24,0767,False,0,2025-06-30 23:16:38
ade543,AAL2496 ,United States,1751325398.0,1751325398,-102.5212,38.3766,10668.0,False,247.08,97.66,0.0,,11247.12,3547,False,0,2025-06-30 23:16:38
a3e55a,FFT3087 ,United States,1751325275.0,1751325387,-87.7423,41.7897,,True,0.0,129.38,,,,2673,False,0,2025-06-30 23:16:38
a3f88e,DAL1695 ,United States,1751325397.0,1751325397,-84.3003,33.6495,800.1,False,97.75,269.7,-4.55,,838.2,2215,False,0,2025-06-30 23:16:38
a2b29c,N273LA  ,United States,1751325390.0,1751325390,-73.7972,41.6792,1082.04,False,63.59,53.22,0.0,,1089.66,,False,0,2025-06-30 23:16:38
ad8269,N97MK   ,United States,1751325398.0,1751325398,-80.096,35.7016,3032.76,False,92.04,315.68,0.0,,3177.54,,False,0,2025-06-30 23:16:38
c086bd,CGZAQ   ,Canada,1751325397.0,1751325397,-72.967,45.4033,1371.6,False,36.26,148.34,1.63,,1394.46,,False,0,2025-06-30 23:16:38
a5255a,RPA4501 ,United States,1751325397.0,1751325397,-79.2625,37.9022,9144.0,False,227.55,247.96,0.33,,9669.78,3503,False,0,2025-06-30 23:16:38
a3829a,N325TP  ,United States,1751325398.0,1751325398,-82.511,34.1498,4472.94,False,125.46,329.44,-7.48,,4693.92,,False,0,2025-06-30 23:16:38
a6eec9,LXJ546  ,United States,1751325397.0,1751325397,-116.1071,36.5322,13716.0,False,231.26,117.71,-0.33,,14394.18,3322,False,0,2025-06-30 23:16:38
a06a09,AAL1664 ,United States,1751325397.0,1751325397,-80.9628,35.5557,1203.96,False,117.74,185.01,-0.33,,1249.68,,False,0,2025-06-30 23:16:38
a70ee6,GJS4447 ,United States,1751325398.0,1751325398,-83.2151,41.3123,10972.8,False,220.62,266.39,0.33,,11567.16,4040,False,0,2025-06-30 23:16:38
a3828a,SKW3794 ,United States,1751325397.0,1751325397,-118.3288,34.0301,1562.1,False,120.28,82.87,-6.5,,1592.58,1675,False,0,2025-06-30 23:16:38
a32d40,TKR875  ,United States,1751325398.0,1751325398,-102.4206,43.5404,1988.82,False,79.45,262.18,1.3,,2141.22,,False,0,2025-06-30 23:16:38
a44d1c,DAL1439 ,United States,1751325397.0,1751325397,-82.2083,32.3802,11582.4,False,237.19,187.6,0.0,,12245.34,0167,False,0,2025-06-30 23:16:38
c06183,POE306  ,Canada,1751325397.0,1751325397,-84.0704,43.6374,11277.6,False,247.08,96.7,0.0,,11795.76,2655,False,0,2025-06-30 23:16:38
a20d4b,N231MA  ,United States,1751325397.0,1751325397,-94.1493,41.6697,998.22,False,59.16,118.57,0.98,,1013.46,,False,0,2025-06-30 23:16:38
a154e6,SKW3494 ,United States,1751325397.0,1751325398,-120.78,35.2491,10058.4,False,217.97,138.64,0.33,,10538.46,6302,False,0,2025-06-30 23:16:38
a3e4a8,HRC35   ,United States,1751325398.0,1751325398,-75.3607,42.9568,9753.6,False,218.1,255.8,0.0,,10271.76,2006,False,0,2025-06-30 23:16:38
c0617a,POE236  ,Canada,1751325398.0,1751325398,-69.6427,46.5412,10972.8,False,205.31,258.44,0.33,,11445.24,7202,False,0,2025-06-30 23:16:38
a56d0c,N449LF  ,United States,1751325397.0,1751325397,-116.7606,47.4728,1607.82,False,67.5,165.43,-1.3,,1661.16,,False,0,2025-06-30 23:16:38
c06177,POE130  ,Canada,1751325388.0,1751325393,-79.6222,43.6845,205.74,True,4.63,45.0,,,,4326,False,0,2025-06-30 23:16:38
c06174,POE375  ,Canada,1751325397.0,1751325397,-74.0385,45.4352,2156.46,False,141.53,300.11,1.95,,2194.56,,False,0,2025-06-30 23:16:38
c06171,POE662  ,Canada,1751325398.0,1751325398,-104.462,38.7525,11277.6,False,235.39,68.59,-0.33,,11856.72,2253,False,0,2025-06-30 23:16:38
ab681a,N834KC  ,United States,1751325397.0,1751325397,-84.0271,36.045,1684.02,False,59.82,49.18,0.33,,1729.74,6762,False,0,2025-06-30 23:16:38
c0616c,POE267  ,Canada,1751325397.0,1751325397,-76.7062,45.3691,6187.44,False,186.71,257.27,9.1,,6431.28,,False,0,2025-06-30 23:16:38
a3f7da,N355EX  ,United States,1751325182.0,1751325182,-112.0131,41.1911,1363.98,False,12.05,50.19,0.0,,1363.98,,False,0,2025-06-30 23:16:38
a657bf,AAL1973 ,United States,1751325397.0,1751325397,-96.8832,33.211,1524.0,False,128.56,236.76,0.33,,1584.96,3371,False,0,2025-06-30 23:16:38
a19d59,MXY724  ,United States,1751325398.0,1751325398,-76.9706,41.2254,10972.8,False,216.4,249.11,0.0,,11582.4,1370,False,0,2025-06-30 23:16:38
a99262,ASA438  ,United States,1751325397.0,1751325397,-94.9063,34.6454,10355.58,False,230.64,191.06,0.33,,10980.42,1507,False,0,2025-06-30 23:16:38
add0e8,AIP1801 ,United States,1751325397.0,1751325398,-111.9649,40.7047,1676.4,False,74.77,356.05,-1.3,,1691.64,4346,False,0,2025-06-30 23:16:38
a3e4d2,N350AE  ,United States,1751325398.0,1751325398,-117.4818,47.7579,2346.96,False,133.63,9.75,-4.55,,2438.4,,False,0,2025-06-30 23:16:38
a3e4d9,AIRLIFE2,United States,1751325359.0,1751325374,-111.908,40.3907,1493.52,False,21.12,304.08,-0.98,,1478.28,1200,False,0,2025-06-30 23:16:38
a06a54,DAL395  ,United States,1751325397.0,1751325397,-94.8067,32.112,10675.62,False,245.65,85.44,0.0,,11338.56,5455,False,0,2025-06-30 23:16:38
a2b1ab,ASA410  ,United States,1751325397.0,1751325397,-99.1635,45.8644,10675.62,False,256.16,113.68,0.0,,11056.62,,False,0,2025-06-30 23:16:38
a20d8a,N231PP  ,United States,1751325398.0,1751325398,-118.3938,48.073,2948.94,False,69.82,258.52,6.83,,3070.86,,False,0,2025-06-30 23:16:38
a8856d,UAL2630 ,United States,1751325397.0,1751325398,-104.0758,47.2135,10363.2,False,214.15,272.07,0.0,,10797.54,,False,0,2025-06-30 23:16:38
a417fe,FFT1081 ,United States,1751325301.0,1751325375,-84.4233,33.6439,,True,0.0,0.0,,,,5706,False,0,2025-06-30 23:16:38
a0490b,N1173X  ,United States,1751325212.0,1751325212,-82.4434,35.3627,1371.6,False,48.83,110.34,2.93,,1402.08,0253,False,0,2025-06-30 23:16:38
a31a50,UAL8178 ,United States,1751325397.0,1751325397,-97.1578,40.9055,11574.78,False,224.88,254.88,0.0,,12115.8,2236,False,0,2025-06-30 23:16:38
a394f7,N33RK   ,United States,1751325377.0,1751325377,-80.2478,25.9982,30.48,False,38.07,90.0,-3.9,,30.48,1574,False,0,2025-06-30 23:16:38
c06167,POE322  ,Canada,1751325396.0,1751325396,-79.6306,43.6807,,True,9.26,315.0,,,,5527,False,0,2025-06-30 23:16:38
c07498,CGSDZ   ,Canada,1751325397.0,1751325397,-123.2447,48.6974,1188.72,False,45.94,55.95,3.9,,1226.82,,False,0,2025-06-30 23:16:38
a1ed5f,ENY3652 ,United States,1751325397.0,1751325398,-93.1334,40.8434,7368.54,False,199.49,248.99,-5.2,,7726.68,7671,False,0,2025-06-30 23:16:38
a0ba4e,EDV4958 ,United States,1751325398.0,1751325398,-87.7601,39.0114,10058.4,False,230.26,162.98,0.0,,10645.14,1315,False,0,2025-06-30 23:16:38
a44d3f,DAL1758 ,United States,1751325397.0,1751325398,-84.3395,33.5371,1988.82,False,117.3,89.5,-8.45,,2095.5,6053,False,0,2025-06-30 23:16:38
ac0ba7,UAL8211 ,United States,1751325397.0,1751325397,-81.2489,24.7491,7383.78,False,225.8,264.64,5.85,,7795.26,,False,0,2025-06-30 23:16:38
aacbb7,PXT795  ,United States,1751325396.0,1751325397,-120.3489,36.0549,6400.8,False,125.84,143.65,0.0,,6697.98,3267,False,0,2025-06-30 23:16:38
a537b2,SWA581  ,United States,1751325397.0,1751325398,-113.0861,32.9004,11277.6,False,248.06,80.81,0.0,,11932.92,2003,False,0,2025-06-30 23:16:38
3d1a77,DEIGT   ,Germany,1751325397.0,1751325397,-121.1037,39.2424,3200.4,False,80.56,204.93,0.0,,3322.32,,False,0,2025-06-30 23:16:38
a7a257,JIA5471 ,United States,1751325397.0,1751325397,-81.298,35.6806,3048.0,False,148.75,149.44,-8.45,,3192.78,6670,False,0,2025-06-30 23:16:38
a0cd92,N1507X  ,United States,1751325397.0,1751325397,-121.8339,37.3455,274.32,False,36.89,309.91,4.88,,236.22,,False,0,2025-06-30 23:16:38
a1a4e8,SABER5  ,United States,1751325229.0,1751325229,-111.8466,39.4794,4297.68,False,60.7,148.87,-4.88,,4724.4,,False,0,2025-06-30 23:16:38
a261c9,N25233  ,United States,1751325396.0,1751325396,-123.1018,45.4272,571.5,False,42.5,353.05,0.98,,533.4,,False,0,2025-06-30 23:16:38
aa7e9b,UAL1702 ,United States,1751325165.0,1751325165,-118.7767,39.8924,10058.4,False,258.32,57.61,0.33,,10553.7,1715,False,0,2025-06-30 23:16:38
aa7e9a,UAL2047 ,United States,1751325396.0,1751325396,-115.1247,36.0783,,True,5.92,90.0,,,,,False,0,2025-06-30 23:16:38
c00cf5,MAL7084 ,Canada,1751325398.0,1751325398,-79.5855,43.7282,502.92,False,83.37,227.25,-4.23,,441.96,4354,False,0,2025-06-30 23:16:38
c00cec,MAL7056 ,Canada,1751325398.0,1751325398,-79.6913,43.7704,1950.72,False,102.33,47.65,-6.5,,1950.72,5555,False,0,2025-06-30 23:16:38
a897f4,AAL1868 ,United States,1751325397.0,1751325397,-91.2226,35.3882,10660.38,False,253.04,55.02,0.0,,11300.46,2004,False,0,2025-06-30 23:16:38
abdb35,AAL9    ,United States,1751325397.0,1751325397,-106.4646,31.7551,1661.16,False,92.29,49.29,-6.5,,1722.12,2022,False,0,2025-06-30 23:16:38
ae4e57,ELVIS11 ,United States,1751325398.0,1751325398,-81.6423,36.0254,2857.5,False,132.76,117.46,0.0,,2964.18,,False,0,2025-06-30 23:16:38
ade5b8,PCM7650 ,United States,1751325390.0,1751325390,-122.9926,39.088,1661.16,False,94.88,277.16,-2.93,,1699.26,1200,False,0,2025-06-30 23:16:38
a6a7ec,N528PA  ,United States,1751325394.0,1751325394,-81.6183,28.888,396.24,False,56.07,326.6,-0.65,,426.72,1200,False,0,2025-06-30 23:16:38
a21fa1,RPA5627 ,United States,1751325397.0,1751325397,-70.8775,42.6297,1219.2,False,100.23,197.32,0.33,,1249.68,4002,False,0,2025-06-30 23:16:38
a2fa71,AAY3040 ,United States,1751325397.0,1751325398,-81.1488,29.6284,9395.46,False,250.75,182.35,-4.88,,9921.24,6044,False,0,2025-06-30 23:16:38
a884b6,UAL321  ,United States,1751325391.0,1751325391,-67.5853,41.5367,10668.0,False,254.99,60.64,0.33,,11216.64,5033,False,0,2025-06-30 23:16:38
aa7e99,UAL2399 ,United States,1751325397.0,1751325398,-100.6132,31.0159,10972.8,False,230.53,268.72,0.0,,11643.36,7271,False,0,2025-06-30 23:16:38
a93d4e,PDT5868 ,United States,1751325398.0,1751325398,-74.9879,39.9247,1043.94,False,84.45,230.69,-3.58,,1066.8,4220,False,0,2025-06-30 23:16:38
a5aa3a,UAL579  ,United States,1751325383.0,1751325398,-95.2707,30.0073,259.08,False,82.31,270.0,-3.9,,396.24,4560,False,0,2025-06-30 23:16:38
aa7e7d,UAL2683 ,United States,1751325397.0,1751325397,-116.7982,32.7169,1836.42,False,139.81,240.7,-0.33,,1882.14,,False,0,2025-06-30 23:16:38
aa7e7b,UAL2602 ,United States,1751325395.0,1751325396,-111.2956,42.1011,10363.2,False,226.48,298.19,0.33,,10904.22,,False,0,2025-06-30 23:16:38
aa7e7a,UAL222  ,United States,1751325397.0,1751325398,-85.8536,33.4475,10668.0,False,235.6,62.99,0.0,,11315.7,7027,False,0,2025-06-30 23:16:38
a1da83,N21866  ,United States,1751325398.0,1751325398,-122.2216,37.7425,304.8,False,53.59,86.7,1.3,,266.7,5340,False,0,2025-06-30 23:16:38
a2b1cf,N273BW  ,United States,1751325396.0,1751325397,-77.0926,37.8625,1211.58,False,80.43,219.29,-2.28,,1226.82,1121,False,0,2025-06-30 23:16:38
c0635c,PTR2339 ,Canada,1751325397.0,1751325398,-74.1783,41.1044,1379.22,False,124.13,174.05,-1.3,,1424.94,1014,False,0,2025-06-30 23:16:38
a28904,UAL1281 ,United States,1751325397.0,1751325398,-110.6049,36.7287,10972.8,False,229.95,229.72,0.33,,11582.4,1246,False,0,2025-06-30 23:16:38
c0502e,ACA777  ,Canada,1751325397.0,1751325397,-90.7587,45.5433,10972.8,False,213.71,257.77,0.0,,11277.6,,False,0,2025-06-30 23:16:38
c0635b,PTR2617 ,Canada,1751325398.0,1751325398,-79.7864,45.9965,7307.58,False,181.03,338.32,-1.63,,7604.76,4767,False,0,2025-06-30 23:16:38
c0635a,PTR2946 ,Canada,1751325398.0,1751325398,-78.5708,43.7014,3238.5,False,153.42,264.81,-8.13,,3345.18,7076,False,0,2025-06-30 23:16:38
a44d85,DAL2442 ,United States,1751325281.0,1751325281,-119.6505,44.1271,10668.0,False,234.04,152.08,0.33,,11163.3,6606,False,0,2025-06-30 23:16:38
3a3440,RLY12AM ,France,1751325397.0,1751325397,-107.3071,35.6086,2857.5,False,68.1,98.25,0.33,,3017.52,,False,0,2025-06-30 23:16:38
acc5e7,N922DD  ,United States,1751325397.0,1751325398,-122.5631,45.7585,617.22,False,24.78,355.24,0.98,,617.22,,False,0,2025-06-30 23:16:38
c06358,PTR2485 ,Canada,1751325397.0,1751325397,-78.0592,44.1421,7620.0,False,170.28,62.27,0.0,,7978.14,2202,False,0,2025-06-30 23:16:38
c06356,PTR2355 ,Canada,1751325397.0,1751325397,-76.6677,45.5467,7071.36,False,105.17,295.19,3.58,,7368.54,,False,0,2025-06-30 23:16:38
a6ca2f,N5368H  ,United States,1751325397.0,1751325398,-117.8112,33.7044,396.24,False,54.02,250.53,-2.6,,320.04,,False,0,2025-06-30 23:16:38
a7a1a0,FDX1443 ,United States,1751325397.0,1751325397,-89.2598,40.8321,7612.38,False,242.66,41.73,-4.55,,7955.28,0747,False,0,2025-06-30 23:16:38
c0501e,ACA990  ,Canada,1751325397.0,1751325397,-79.6102,43.6784,,True,1.8,275.62,,,,,False,0,2025-06-30 23:16:38
acb2ad,SWA4155 ,United States,1751325397.0,1751325397,-106.3244,37.2219,10363.2,False,229.88,230.54,0.0,,10934.7,,False,0,2025-06-30 23:16:38
c00cfe,MAL7095 ,Canada,1751325398.0,1751325398,-80.3019,44.07,2476.5,False,92.58,103.5,0.0,,2514.6,4703,False,0,2025-06-30 23:16:38
c00cfd,MAL7052 ,Canada,1751325398.0,1751325398,-123.4783,48.9445,906.78,False,82.89,96.77,0.0,,937.26,,False,0,2025-06-30 23:16:38
a03660,N11228  ,United States,1751325398.0,1751325398,-87.8915,42.0937,320.04,False,26.7,334.92,0.0,,259.08,1200,False,0,2025-06-30 23:16:38
a02339,VJA108  ,United States,1751325397.0,1751325397,-121.9205,37.3525,,True,4.89,137.81,,,,,False,0,2025-06-30 23:16:38
a21fbb,N236KR  ,United States,1751325397.0,1751325398,-74.11,40.8247,457.2,False,103.31,251.11,0.98,,449.58,,False,0,2025-06-30 23:16:38
aa35e1,AAL2223 ,United States,1751325397.0,1751325398,-111.6319,33.2038,2583.18,False,126.87,337.59,-7.8,,2697.48,7475,False,0,2025-06-30 23:16:38
add2ad,ASA19   ,United States,1751325398.0,1751325398,-79.1903,43.2211,10363.2,False,231.38,314.1,0.0,,10888.98,3374,False,0,2025-06-30 23:16:38
a524e1,UAL588  ,United States,1751325240.0,1751325240,-108.7924,42.6922,9761.22,False,222.29,315.84,0.33,,10302.24,3526,False,0,2025-06-30 23:16:38
a1697c,N190PM  ,United States,1751325398.0,1751325398,-72.8633,44.2065,2727.96,False,106.71,140.48,6.18,,2827.02,,False,0,2025-06-30 23:16:38
acc5fb,DAL1838 ,United States,1751325397.0,1751325397,-110.0921,30.6766,10363.2,False,237.88,337.76,0.0,,10972.8,,False,0,2025-06-30 23:16:38
a68d44,GJS4582 ,United States,1751325397.0,1751325397,-80.6334,40.9008,10363.2,False,227.1,297.38,-0.33,,10942.32,3620,False,0,2025-06-30 23:16:38
a777bf,AAL1789 ,United States,1751325398.0,1751325398,-79.6011,41.4406,9144.0,False,225.68,238.99,-0.33,,9654.54,2364,False,0,2025-06-30 23:16:38
aa7e51,UAL2264 ,United States,1751325398.0,1751325398,-92.2237,37.7464,10363.2,False,230.03,274.1,0.0,,10949.94,6217,False,0,2025-06-30 23:16:38
a67a16,N5160E  ,United States,1751325366.0,1751325366,-120.921,44.2961,1417.32,False,48.58,114.39,-2.28,,1242.06,,False,0,2025-06-30 23:16:38
a0100a,PXG103  ,United States,1751325398.0,1751325398,-84.087,40.6356,5509.26,False,190.63,124.33,-5.2,,5768.34,7050,False,0,2025-06-30 23:16:38
a28947,UAL2297 ,United States,1751325386.0,1751325386,-101.335,41.2605,10363.2,False,220.35,246.91,0.0,,10858.5,7372,False,0,2025-06-30 23:16:38
c07646,CGSUN   ,Canada,1751325142.0,1751325142,-106.1765,46.5999,14325.6,False,237.12,324.45,0.65,,14859.0,2417,False,0,2025-06-30 23:16:38
acfb6e,N9356H  ,United States,1751325330.0,1751325336,-90.6425,41.1254,472.44,False,31.65,82.53,-3.58,,449.58,,False,0,2025-06-30 23:16:38
400773,BAW9E   ,United Kingdom,1751325389.0,1751325393,-67.1164,44.9225,11277.6,False,264.99,57.2,0.0,,11833.86,1734,False,0,2025-06-30 23:16:38
400771,BAW12TB ,United Kingdom,1751325396.0,1751325396,-82.5414,27.9932,,True,3.6,227.81,,,,,False,0,2025-06-30 23:16:38
a65942,N508SK  ,United States,1751325398.0,1751325398,-102.4259,32.4758,2270.76,False,122.21,9.94,3.58,,2354.58,,False,0,2025-06-30 23:16:38
a89915,NKS2648 ,United States,1751325397.0,1751325397,-82.2511,39.653,9509.76,False,242.93,352.33,-6.83,,10081.26,3162,False,0,2025-06-30 23:16:38
a27676,AAY681  ,United States,1751325398.0,1751325398,-107.1919,40.6944,10972.8,False,231.51,217.51,0.0,,11574.78,,False,0,2025-06-30 23:16:38
a92a8d,N69YK   ,United States,1751325397.0,1751325397,-94.6005,41.7734,1653.54,False,83.28,63.59,0.0,,1706.88,,False,0,2025-06-30 23:16:38
a5cfa5,UAL1842 ,United States,1751325397.0,1751325397,-80.8716,46.4649,10363.2,False,196.52,269.85,0.0,,10774.68,3375,False,0,2025-06-30 23:16:38
add376,JBU187  ,United States,1751325397.0,1751325397,-70.7208,42.4217,2438.4,False,150.19,17.13,11.05,,2529.84,,False,0,2025-06-30 23:16:38
a1435d,SWA1051 ,United States,1751325398.0,1751325398,-91.7888,40.6418,9448.8,False,241.29,86.21,0.0,,9913.62,,False,0,2025-06-30 23:16:38
a2c635,SWA827  ,United States,1751325398.0,1751325398,-97.3718,31.9906,11887.2,False,237.93,23.85,0.0,,12573.0,4007,False,0,2025-06-30 23:16:38
a80a97,SKW5422 ,United States,1751325398.0,1751325398,-75.5752,45.9431,9753.6,False,217.75,255.08,0.0,,10210.8,1330,False,0,2025-06-30 23:16:38
ac508b,DAL2381 ,United States,1751325371.0,1751325371,-84.4225,33.6299,,True,8.75,180.0,,,,,False,0,2025-06-30 23:16:38
a40629,N3589S  ,United States,1751325398.0,1751325398,-122.2871,40.1993,2651.76,False,59.09,353.0,-0.33,,2712.72,3326,False,0,2025-06-30 23:16:38
abb8a0,SWA3418 ,United States,1751325397.0,1751325398,-111.8681,33.4706,11262.36,False,241.02,66.61,0.0,,11910.06,1307,False,0,2025-06-30 23:16:38
a3e658,AAL3090 ,United States,1751325397.0,1751325397,-113.2484,37.0954,11277.6,False,242.5,54.76,0.0,,11910.06,7372,False,0,2025-06-30 23:16:38
a26315,EPI253  ,United States,1751325379.0,1751325380,-81.3176,28.551,30.48,False,39.38,246.11,-2.6,,30.48,4203,False,0,2025-06-30 23:16:38
a1fff2,ENY4122 ,United States,1751325398.0,1751325398,-95.3571,33.8969,8351.52,False,237.33,239.38,-5.2,,8877.3,5637,False,0,2025-06-30 23:16:38
a1ecc4,CXK153  ,United States,1751325108.0,1751325388,-70.5345,41.8801,647.7,False,53.68,140.05,-0.33,,640.08,5321,False,0,2025-06-30 23:16:38
ab68dd,SCX920  ,United States,1751325397.0,1751325397,-84.6284,40.4894,11582.4,False,228.67,319.11,0.0,,12192.0,6720,False,0,2025-06-30 23:16:38
ac0e33,SCU56   ,United States,1751325361.0,1751325361,-95.7458,36.2017,754.38,False,52.78,46.97,0.33,,746.76,,False,0,2025-06-30 23:16:38
a1699a,EJA190  ,United States,1751325397.0,1751325397,-110.2482,32.5822,12496.8,False,273.8,108.06,0.0,,13190.22,6424,False,0,2025-06-30 23:16:38
abb8c4,SWA1310 ,United States,1751325134.0,1751325136,-107.733,39.845,10965.18,False,237.93,259.66,0.0,,11567.16,7024,False,0,2025-06-30 23:16:38
a01037,DAL2760 ,United States,1751325397.0,1751325397,-82.1988,46.2222,10965.18,False,198.8,242.57,-0.33,,11430.0,4642,False,0,2025-06-30 23:16:38
a51331,BKN26   ,United States,1751325379.0,1751325379,-90.1223,38.6224,449.58,False,64.36,177.71,-2.93,,411.48,,False,0,2025-06-30 23:16:38
a8990f,N653ND  ,United States,1751325397.0,1751325397,-122.1766,37.3954,944.88,False,47.49,309.73,0.0,,929.64,1200,False,0,2025-06-30 23:16:38
aca07a,N9120J  ,United States,1751325397.0,1751325397,-122.2949,40.6084,944.88,False,51.97,178.87,-1.63,,922.02,,False,0,2025-06-30 23:16:38
a38367,JBU1317 ,United States,1751325398.0,1751325398,-83.3512,35.2316,9113.52,False,235.13,206.51,-8.13,,9669.78,7435,False,0,2025-06-30 23:16:38
a80a5d,N617SP  ,United States,1751325105.0,1751325105,-104.8539,39.5826,1706.88,False,39.1,179.25,-3.9,,1790.7,,False,0,2025-06-30 23:16:38
a8d4f6,UAL448  ,United States,1751325398.0,1751325398,-103.3629,30.7494,9753.6,False,230.02,286.37,0.0,,10347.96,2531,False,0,2025-06-30 23:16:38
a7b4ea,JIA5115 ,United States,1751325398.0,1751325398,-89.1598,36.9471,10363.2,False,220.06,228.22,0.0,,10988.04,3204,False,0,2025-06-30 23:16:38
a8d4ef,UAL489  ,United States,1751325397.0,1751325398,-98.1018,32.8482,10668.0,False,247.82,144.46,0.0,,11323.32,7110,False,0,2025-06-30 23:16:38
a44cda,DAL776  ,United States,1751325398.0,1751325398,-80.6598,31.5502,11582.4,False,255.78,181.61,-0.33,,12207.24,3464,False,0,2025-06-30 23:16:38
a1a697,SWA1399 ,United States,1751325397.0,1751325397,-120.7456,40.1553,12192.0,False,225.92,221.68,0.0,,12793.98,,False,0,2025-06-30 23:16:38
abdb10,APC690  ,United States,1751325393.0,1751325393,-122.6315,47.7956,746.76,False,71.22,327.69,0.0,,777.24,,False,0,2025-06-30 23:16:38
a7ea48,SKW6330 ,United States,1751325397.0,1751325397,-84.395,45.4056,10668.0,False,194.82,239.71,-0.33,,11102.34,3414,False,0,2025-06-30 23:16:38
a1ecfd,RPA5804 ,United States,1751325396.0,1751325396,-73.7681,40.6328,,True,2.31,300.94,,,,1423,False,0,2025-06-30 23:16:38
aa6b9f,UAL884  ,United States,1751325397.0,1751325397,-74.8957,39.9279,9852.66,False,260.14,48.21,6.83,,10431.78,2727,False,0,2025-06-30 23:16:38
af38c4,G27050  ,United States,1751325397.0,1751325397,-84.3274,33.8686,1051.56,False,60.21,286.89,-0.98,,1089.66,5655,False,0,2025-06-30 23:16:38
abb8ea,SWA2749 ,United States,1751325397.0,1751325397,-115.1068,34.1072,9144.0,False,205.2,228.56,0.33,,9654.54,3540,False,0,2025-06-30 23:16:38
ab8b3e,N843CP  ,United States,1751325397.0,1751325397,-105.7397,36.2837,12192.0,False,212.02,254.95,0.65,,12847.32,6621,False,0,2025-06-30 23:16:38
a13041,N176JB  ,United States,1751325368.0,1751325368,-88.8487,39.8062,518.16,False,48.61,39.42,-1.3,,472.44,1200,False,0,2025-06-30 23:16:38
a2768c,VTE3502 ,United States,1751325132.0,1751325188,-93.3379,33.1924,6941.82,False,211.53,82.87,-2.6,,7345.68,2350,False,0,2025-06-30 23:16:38
a2766f,ENY4226 ,United States,1751325397.0,1751325397,-80.5343,24.9486,6225.54,False,203.9,197.02,8.78,,6583.68,,False,0,2025-06-30 23:16:38
a40654,ATN3336 ,United States,1751325398.0,1751325398,-97.626,37.7457,10058.4,False,261.36,90.79,0.0,,10591.8,7273,False,0,2025-06-30 23:16:38
a9f4c6,RPA3306 ,United States,1751325397.0,1751325397,-84.6512,41.1046,11277.6,False,264.04,52.28,0.0,,11849.1,6722,False,0,2025-06-30 23:16:38
a32ce0,N3030S  ,United States,1751325398.0,1751325398,-121.6916,38.0542,1676.4,False,88.33,40.28,0.0,,1699.26,1200,False,0,2025-06-30 23:16:38
a871f1,N643SA  ,United States,1751325398.0,1751325398,-96.5601,32.8672,586.74,False,65.24,127.95,0.33,,579.12,1200,False,0,2025-06-30 23:16:38
a32cce,N303ZZ  ,United States,1751325397.0,1751325397,-104.5612,38.4937,3124.2,False,86.77,218.5,0.0,,3307.08,1200,False,0,2025-06-30 23:16:38
ab8b56,DAL717  ,United States,1751325398.0,1751325398,-106.3107,43.2213,10058.4,False,248.16,83.21,0.33,,10576.56,,False,0,2025-06-30 23:16:38
aa6b7e,UAL948  ,United States,1751325266.0,1751325384,-122.3809,37.6192,,True,0.0,118.12,,,,,False,0,2025-06-30 23:16:38
a8d4cc,UAL504  ,United States,1751325398.0,1751325398,-89.2417,29.6655,9753.6,False,240.46,261.26,-0.33,,10355.58,4133,False,0,2025-06-30 23:16:38
ade633,N995LC  ,United States,1751325398.0,1751325398,-81.627,28.6566,4114.8,False,109.06,352.14,5.85,,4351.02,5231,False,0,2025-06-30 23:16:38
ae5fe9,HRCN15  ,United States,1751325380.0,1751325380,-76.238,36.5609,342.9,False,86.47,22.75,0.33,,342.9,1200,False,0,2025-06-30 23:16:38
4ca86e,EIN1TV  ,Ireland,1751325397.0,1751325397,-85.9456,42.8675,7223.76,False,198.38,244.83,-5.2,,7536.18,2401,False,0,2025-06-30 23:16:38
a76683,UPS65   ,United States,1751325397.0,1751325397,-90.0537,43.1639,11277.6,False,255.59,149.25,0.0,,11689.08,7262,False,0,2025-06-30 23:16:38
ad9645,AAL2140 ,United States,1751325397.0,1751325397,-92.1089,44.1312,7886.7,False,244.58,129.28,7.8,,8130.54,2456,False,0,2025-06-30 23:16:38
a3c05e,N3405J  ,United States,1751325398.0,1751325398,-109.4279,37.4967,3291.84,False,54.68,19.8,-1.3,,3459.48,,False,0,2025-06-30 23:16:38
a50064,SWA4284 ,United States,1751325397.0,1751325398,-113.9999,32.9105,9753.6,False,233.83,267.23,0.0,,10317.48,1631,False,0,2025-06-30 23:16:38
aa234a,AAL2269 ,United States,1751325397.0,1751325398,-95.4325,36.0373,10957.56,False,238.72,156.64,0.33,,11597.64,,False,0,2025-06-30 23:16:38
c00d4d,CFFAY   ,Canada,1751325204.0,1751325204,-72.0178,45.2867,617.22,False,51.54,273.43,-1.3,,601.98,,False,0,2025-06-30 23:16:38
ac501e,SWA2157 ,United States,1751325397.0,1751325397,-96.5107,32.7976,3482.34,False,188.48,56.35,10.4,,3665.22,2246,False,0,2025-06-30 23:16:38
a7fcdb,N6134V  ,United States,1751325397.0,1751325397,-80.8896,33.0446,1676.4,False,70.77,160.91,0.0,,1729.74,,False,0,2025-06-30 23:16:38
ab4383,AAL1835 ,United States,1751325396.0,1751325397,-106.4201,37.3991,10668.0,False,239.55,59.69,-0.33,,11239.5,0751,False,0,2025-06-30 23:16:38
a44cfd,DAL3223 ,United States,1751325397.0,1751325398,-83.8436,38.5575,10972.8,False,220.47,224.05,0.0,,11612.88,6543,False,0,2025-06-30 23:16:38
ac767c,AAL2353 ,United States,1751325394.0,1751325397,-94.7153,33.8295,8823.96,False,238.71,0.49,0.0,,9364.98,3675,False,0,2025-06-30 23:16:38
ab4389,JTL825  ,United States,1751325397.0,1751325397,-103.0937,33.8357,11582.4,False,243.87,333.71,0.0,,12237.72,7307,False,0,2025-06-30 23:16:38
a40694,DAL2696 ,United States,1751325398.0,1751325398,-90.7533,40.2865,10363.2,False,236.78,327.69,0.33,,10888.98,0336,False,0,2025-06-30 23:16:38
a7a336,N591XL  ,United States,1751325276.0,1751325277,-86.0873,42.7299,518.16,False,54.82,84.08,-1.95,,472.44,,False,0,2025-06-30 23:16:38
aa1007,N7478M  ,United States,1751325089.0,1751325091,-72.7073,42.1843,236.22,False,28.74,224.27,-2.93,,220.98,,False,0,2025-06-30 23:16:38
aca01a,SWA836  ,United States,1751325397.0,1751325397,-85.9532,35.9681,11277.6,False,236.8,62.15,0.33,,11932.92,2433,False,0,2025-06-30 23:16:38
a5cfdd,N4739L  ,United States,1751325398.0,1751325398,-95.5107,41.0785,1981.2,False,54.41,285.35,0.33,,2004.06,,False,0,2025-06-30 23:16:38
a07e5e,N1306C  ,United States,1751325373.0,1751325374,-121.0618,38.9554,640.08,False,39.08,290.82,-5.2,,609.6,5272,False,0,2025-06-30 23:16:38
ab305e,N82VA   ,United States,1751325337.0,1751325340,-111.744,39.4589,3665.22,False,54.58,336.09,-1.63,,3931.92,,False,0,2025-06-30 23:16:38
a44e06,N377CH  ,United States,1751325398.0,1751325398,-98.4123,33.5086,5082.54,False,207.05,112.81,-8.78,,5387.34,,False,0,2025-06-30 23:16:38
a418b2,DAL2695 ,United States,1751325397.0,1751325398,-89.2327,43.3176,9738.36,False,212.54,305.34,0.0,,10111.74,2415,False,0,2025-06-30 23:16:38
a20e38,SWA1562 ,United States,1751325191.0,1751325193,-118.3712,34.198,259.08,False,72.54,90.81,-3.25,,213.36,2417,False,0,2025-06-30 23:16:38
a68caa,JIA5482 ,United States,1751325398.0,1751325398,-83.1709,38.9362,10363.2,False,224.52,306.24,0.65,,10988.04,1360,False,0,2025-06-30 23:16:38
a022c4,DAL875  ,United States,1751325397.0,1751325398,-98.5772,38.0723,10675.62,False,252.87,112.23,0.33,,11254.74,6071,False,0,2025-06-30 23:16:38
a5000b,N421HF  ,United States,1751325397.0,1751325397,-94.6938,36.1041,1981.2,False,86.77,228.85,0.0,,2034.54,1670,False,0,2025-06-30 23:16:38
a022c6,DAL2782 ,United States,1751325397.0,1751325398,-72.0337,40.8953,8938.26,False,235.48,229.87,3.9,,9441.18,7322,False,0,2025-06-30 23:16:38
a19e61,ENY3436 ,United States,1751325398.0,1751325398,-94.4815,34.0172,8229.6,False,226.76,249.55,-3.9,,8732.52,2137,False,0,2025-06-30 23:16:38
a275a8,N258EP  ,United States,1751325398.0,1751325398,-80.9243,29.0284,266.7,False,49.31,203.36,0.33,,281.94,1200,False,0,2025-06-30 23:16:38
a5399b,N436CA  ,United States,1751325397.0,1751325397,-116.9101,33.1488,899.16,False,56.88,65.98,-1.63,,876.3,,False,0,2025-06-30 23:16:38
ac5066,SWA539  ,United States,1751325394.0,1751325394,-115.1467,36.0796,,True,0.0,28.12,,,,,False,0,2025-06-30 23:16:38
a19e68,AAY3493 ,United States,1751325397.0,1751325397,-85.3156,42.2739,3398.52,False,184.62,356.01,-2.28,,3528.06,1035,False,0,2025-06-30 23:16:38
aa2311,SKW4888 ,United States,1751325397.0,1751325397,-88.8687,42.4055,4152.9,False,228.28,99.99,-12.68,,4259.58,2676,False,0,2025-06-30 23:16:38
ab3081,N82WL   ,United States,1751325195.0,1751325195,-116.7235,47.7098,990.6,False,50.41,165.82,0.98,,998.22,,False,0,2025-06-30 23:16:38
aa8fe7,N78TS   ,United States,1751325398.0,1751325398,-72.1616,42.9191,1981.2,False,94.33,219.25,-0.33,,2057.4,,False,0,2025-06-30 23:16:38
a0ce3c,N151DL  ,United States,1751325397.0,1751325397,-90.2498,38.4063,1005.84,False,38.73,239.69,3.25,,1005.84,,False,0,2025-06-30 23:16:38
a51358,EJA426  ,United States,1751325396.0,1751325396,-111.9725,40.7689,1310.64,False,65.63,354.6,-3.25,,1333.5,1447,False,0,2025-06-30 23:16:38
a50027,N421JJ  ,United States,1751325397.0,1751325397,-120.4734,36.9478,2636.52,False,93.74,282.36,0.33,,2712.72,,False,0,2025-06-30 23:16:38
aa8fd7,N78TA   ,United States,1751325397.0,1751325397,-80.3208,26.9767,1325.88,False,63.39,344.95,0.0,,1402.08,,False,0,2025-06-30 23:16:38
ab9e05,ERU848  ,United States,1751325397.0,1751325398,-81.1043,29.31,769.62,False,55.34,339.88,-1.63,,807.72,0317,False,0,2025-06-30 23:16:38
4005bc,BAW40F  ,United Kingdom,1751325398.0,1751325398,-73.2798,41.144,4526.28,False,200.32,24.26,9.43,,4732.02,1004,False,0,2025-06-30 23:16:38
a1b8b8,AMF4273 ,United States,1751325398.0,1751325398,-99.4893,31.9191,5402.58,False,132.37,245.43,-4.55,,5722.62,7326,False,0,2025-06-30 23:16:38
a1b8b5,N21RW   ,United States,1751325397.0,1751325397,-71.9244,42.7064,1988.82,False,71.52,254.56,-0.65,,2057.4,1200,False,0,2025-06-30 23:16:38
a0ce7c,CXK595  ,United States,1751325397.0,1751325397,-73.0768,43.1532,2446.02,False,51.94,236.31,-0.98,,2506.98,3562,False,0,2025-06-30 23:16:38
0d09f7,VIV544  ,Mexico,1751325397.0,1751325398,-87.8632,41.8846,2164.08,False,151.25,90.0,-0.33,,2217.42,3213,False,0,2025-06-30 23:16:38
0d09ef,VIV651  ,Mexico,1751325386.0,1751325395,-97.6629,30.2028,,True,0.0,222.19,,,,1306,False,0,2025-06-30 23:16:38
a1a5cf,ENY3532 ,United States,1751325384.0,1751325384,-103.0585,44.0398,,True,5.66,151.88,,,,6234,False,0,2025-06-30 23:16:38
aa7e16,SWA2799 ,United States,1751325397.0,1751325397,-71.4654,41.5224,1729.74,False,150.12,34.67,-5.2,,1805.94,6502,False,0,2025-06-30 23:16:38
a1ee64,CXK553  ,United States,1751325398.0,1751325398,-71.3506,42.0596,1211.58,False,45.94,214.05,-0.33,,1226.82,5372,False,0,2025-06-30 23:16:38
abb90d,SWA4444 ,United States,1751325398.0,1751325398,-91.4107,38.5868,5920.74,False,209.17,56.23,-9.1,,6217.92,2341,False,0,2025-06-30 23:16:38
a3e5d9,N350LT  ,United States,1751325398.0,1751325398,-81.363,27.814,3459.48,False,155.76,286.7,-9.75,,3657.6,1472,False,0,2025-06-30 23:16:38
a658d8,N508ND  ,United States,1751325398.0,1751325398,-118.4374,34.2836,579.12,False,34.71,173.19,-0.98,,541.02,,False,0,2025-06-30 23:16:38
a525d5,N43020  ,United States,1751325397.0,1751325397,-88.4395,42.2002,944.88,False,46.48,275.08,-1.3,,899.16,,False,0,2025-06-30 23:16:38
a022d8,N108EH  ,United States,1751325396.0,1751325397,-117.6027,33.9005,792.48,False,39.53,251.8,0.33,,762.0,2304,False,0,2025-06-30 23:16:38
a18b41,SKW3396 ,United States,1751325398.0,1751325398,-118.4963,33.9505,7719.06,False,218.17,342.29,4.88,,8115.3,2424,False,0,2025-06-30 23:16:38
a8609f,QXE2080 ,United States,1751325397.0,1751325398,-123.3511,47.0326,9601.2,False,216.07,174.4,-11.38,,9974.58,7265,False,0,2025-06-30 23:16:38
abb930,SWA1420 ,United States,1751325395.0,1751325395,-98.6676,39.1185,10972.8,False,206.36,277.16,0.0,,11536.68,6507,False,0,2025-06-30 23:16:38
a44e24,DAL1079 ,United States,1751325398.0,1751325398,-77.3345,36.6862,10660.38,False,230.49,53.9,0.33,,11292.84,3176,False,0,2025-06-30 23:16:38
acd925,,United States,1751325107.0,1751325107,-78.7576,34.4512,1424.94,False,56.83,27.49,-5.53,,1485.9,,False,0,2025-06-30 23:16:38
a3d2c0,UAL2278 ,United States,1751325397.0,1751325397,-102.5585,45.1909,9753.6,False,210.79,280.4,-0.33,,10195.56,6547,False,0,2025-06-30 23:16:38
a44e18,DAL1438 ,United States,1751325393.0,1751325394,-73.7733,40.6501,,True,0.0,300.94,,,,,False,0,2025-06-30 23:16:38
a9d031,EJA731  ,United States,1751325226.0,1751325228,-73.7163,41.0793,175.26,False,62.47,149.85,-3.58,,144.78,1365,False,0,2025-06-30 23:16:38
a9938d,NKS2482 ,United States,1751325207.0,1751325222,-87.8841,42.9473,274.32,False,63.93,251.71,-0.65,,213.36,7770,False,0,2025-06-30 23:16:38
a3e5ea,MVK51   ,United States,1751325326.0,1751325379,-93.2523,44.188,1234.44,False,49.43,272.39,0.33,,1219.2,,False,0,2025-06-30 23:16:38
acd913,N927KG  ,United States,1751325397.0,1751325397,-83.7734,43.4459,632.46,False,82.4,238.79,-5.85,,571.5,,False,0,2025-06-30 23:16:38
a2b2da,ENY4066 ,United States,1751325385.0,1751325385,-81.0479,34.0895,754.38,False,90.34,127.13,-0.65,,868.68,2214,False,0,2025-06-30 23:16:38
0d09b9,SLI431  ,Mexico,1751325398.0,1751325398,-95.1455,29.8587,10972.8,False,228.07,238.75,0.33,,11628.12,6237,False,0,2025-06-30 23:16:38
a3f8b8,AAL362  ,United States,1751325398.0,1751325398,-95.981,33.7615,6827.52,False,219.63,220.63,-13.33,,7254.24,2275,False,0,2025-06-30 23:16:38
a2b2e1,AAY483  ,United States,1751325397.0,1751325397,-85.6117,43.5763,8679.18,False,213.16,173.9,5.85,,9067.8,,False,0,2025-06-30 23:16:38
ad3fd9,AAL2174 ,United States,1751325397.0,1751325397,-81.6798,34.7506,9753.6,False,239.67,336.74,0.0,,10355.58,7333,False,0,2025-06-30 23:16:38
ad3fd7,N953AL  ,United States,1751325394.0,1751325394,-122.7884,47.1202,274.32,False,60.21,19.98,-0.33,,266.7,,False,0,2025-06-30 23:16:38
ad3fd6,ASA31   ,United States,1751325398.0,1751325398,-85.4287,45.1165,9753.6,False,228.47,293.91,0.0,,10126.98,2243,False,0,2025-06-30 23:16:38
ac0cc9,N876BR  ,United States,1751325397.0,1751325397,-121.5803,38.4506,937.26,False,49.82,286.19,-0.65,,922.02,4546,False,0,2025-06-30 23:16:38
ad3fde,DAL3211 ,United States,1751325371.0,1751325377,-84.4354,33.6418,,True,0.0,270.0,,,,5403,False,0,2025-06-30 23:16:38
a9e31c,N736UE  ,United States,1751325396.0,1751325397,-96.0438,32.3603,1363.98,False,48.38,188.56,0.0,,1417.32,,False,0,2025-06-30 23:16:38
a44e59,FFT3738 ,United States,1751325398.0,1751325398,-115.1004,36.0049,3048.0,False,115.4,93.07,-0.65,,3200.4,5117,False,0,2025-06-30 23:16:38
ac7658,AAL3003 ,United States,1751325398.0,1751325398,-86.6528,36.1498,266.7,False,70.28,197.9,-2.6,,251.46,0216,False,0,2025-06-30 23:16:38
a1ea70,SWA2084 ,United States,1751325397.0,1751325397,-122.2136,37.7025,,True,1.29,180.0,,,,,False,0,2025-06-30 23:16:38
a774b3,N58MS   ,United States,1751325397.0,1751325398,-97.6188,38.6231,1234.44,False,66.41,182.22,3.58,,1295.4,,False,0,2025-06-30 23:16:38
aa32c6,N75602  ,United States,1751325363.0,1751325363,-86.2584,35.8456,960.12,False,34.23,47.44,-0.33,,982.98,,False,0,2025-06-30 23:16:38
ad3e36,AAL2997 ,United States,1751325398.0,1751325398,-99.601,32.3895,8900.16,False,233.07,243.94,4.55,,9441.18,0503,False,0,2025-06-30 23:16:38
a33d97,FFT1608 ,United States,1751325397.0,1751325397,-93.0073,42.5824,11285.22,False,274.24,84.94,0.33,,11719.56,1424,False,0,2025-06-30 23:16:38
a5ba10,N46826  ,United States,1751325397.0,1751325398,-118.8457,34.2109,1249.68,False,46.78,8.22,0.33,,1257.3,,False,0,2025-06-30 23:16:38
a1ea74,N222WS  ,United States,1751325397.0,1751325397,-80.9135,35.7786,1371.6,False,87.96,76.13,-2.28,,1394.46,,False,0,2025-06-30 23:16:38
a6b7e8,N532AN  ,United States,1751325397.0,1751325397,-118.1514,33.7193,342.9,False,43.41,264.56,-0.33,,281.94,,False,0,2025-06-30 23:16:38
a44a48,EDV5529 ,United States,1751325398.0,1751325398,-90.394,32.1529,9235.44,False,234.72,41.45,4.88,,9814.56,,False,0,2025-06-30 23:16:38
abb5bf,SWA3895 ,United States,1751325398.0,1751325398,-115.9988,36.0541,6652.26,False,216.24,309.79,9.1,,6995.16,,False,0,2025-06-30 23:16:38
ad08f4,N901KC  ,United States,1751325137.0,1751325137,-94.8756,38.2611,1501.14,False,60.31,171.66,-0.33,,1569.72,,False,0,2025-06-30 23:16:38
a1b4fd,N209RV  ,United States,1751325168.0,1751325171,-80.9257,28.9943,76.2,False,28.33,209.36,-3.9,,91.44,1200,False,0,2025-06-30 23:16:38
a7d7b5,SKW9920 ,United States,1751325398.0,1751325398,-98.3864,32.7772,7901.94,False,220.31,301.54,2.6,,8382.0,6257,False,0,2025-06-30 23:16:38
a414e8,DAL2168 ,United States,1751325397.0,1751325397,-83.1176,26.2178,10492.74,False,221.69,351.32,3.58,,11056.62,,False,0,2025-06-30 23:16:38
aa7b33,SWA2975 ,United States,1751325397.0,1751325397,-111.8976,33.0726,11277.6,False,246.47,112.07,0.0,,11910.06,6652,False,0,2025-06-30 23:16:38
a0a903,UAL2649 ,United States,1751325398.0,1751325398,-85.0217,42.2153,11277.6,False,256.26,88.73,-0.33,,11803.38,1377,False,0,2025-06-30 23:16:38
a82d14,FFT4373 ,United States,1751325398.0,1751325398,-85.0379,40.7256,10972.8,False,212.38,281.17,0.0,,11582.4,6603,False,0,2025-06-30 23:16:38
c02fe7,ACA1035 ,Canada,1751325285.0,1751325285,-81.1532,24.7933,8267.7,False,209.59,243.62,6.18,,8100.06,,False,0,2025-06-30 23:16:38
a2c1b6,ENY4147 ,United States,1751325397.0,1751325397,-97.1657,32.9232,2438.4,False,128.61,0.23,-9.1,,2560.32,2434,False,0,2025-06-30 23:16:38
a56a56,SWA1931 ,United States,1751325398.0,1751325398,-116.0981,32.6955,8229.6,False,249.35,83.96,0.33,,8702.04,,False,0,2025-06-30 23:16:38
a894b5,FFT3292 ,United States,1751325397.0,1751325397,-117.586,34.4126,7962.9,False,253.11,53.6,3.58,,8397.24,4707,False,0,2025-06-30 23:16:38
a1fd7b,N22708  ,United States,1751325396.0,1751325397,-96.1219,33.3405,1043.94,False,50.25,42.51,0.98,,1082.04,5155,False,0,2025-06-30 23:16:38
a641b6,DAL291  ,United States,1751325397.0,1751325398,-110.5618,40.3933,12192.0,False,251.05,223.84,0.0,,12809.22,,False,0,2025-06-30 23:16:38
ac85ce,DAL766  ,United States,1751325397.0,1751325397,-106.5862,40.2531,10363.2,False,234.95,260.17,0.0,,10934.7,1012,False,0,2025-06-30 23:16:38
a6a4d5,VOI3081 ,United States,1751325397.0,1751325397,-98.6432,25.455,10363.2,False,237.35,298.62,0.0,,11056.62,,False,0,2025-06-30 23:16:38
a641bf,DAL358  ,United States,1751325397.0,1751325398,-86.9354,34.0873,9441.18,False,243.71,146.71,-0.33,,10043.16,6600,False,0,2025-06-30 23:16:38
aacb59,N795HT  ,United States,1751325397.0,1751325397,-117.3655,33.8022,777.24,False,46.44,94.45,1.63,,739.14,1255,False,0,2025-06-30 23:16:38
c02fed,ACA792  ,Canada,1751325398.0,1751325398,-116.1683,35.209,10652.76,False,247.64,47.69,2.6,,11239.5,2450,False,0,2025-06-30 23:16:38
acd5ad,AAL3092 ,United States,1751325254.0,1751325395,-92.2435,32.3754,10972.8,False,229.04,268.2,0.0,,11635.74,5543,False,0,2025-06-30 23:16:38
abb5e2,SWA2755 ,United States,1751325397.0,1751325397,-105.4602,31.2905,11277.6,False,242.51,126.89,0.0,,11948.16,6725,False,0,2025-06-30 23:16:38
aa7b10,SWA2393 ,United States,1751325104.0,1751325104,-90.26,29.9914,,True,18.52,106.88,,,,2701,False,0,2025-06-30 23:16:38
abb5ea,SKW5798 ,United States,1751325397.0,1751325397,-94.5251,30.4832,3703.32,False,158.34,194.49,-10.4,,3916.68,5633,False,0,2025-06-30 23:16:38
ad2b45,N948EA  ,United States,1751325344.0,1751325350,-120.2529,36.0153,3246.12,False,89.55,328.87,0.65,,3360.42,2432,False,0,2025-06-30 23:16:38
ad2b43,DAL1130 ,United States,1751325398.0,1751325398,-91.2698,36.9791,9753.6,False,237.57,283.52,0.33,,10325.1,1213,False,0,2025-06-30 23:16:38
a03304,N1115U  ,United States,1751325397.0,1751325397,-122.8493,47.3399,487.68,False,32.44,14.7,3.25,,502.92,,False,0,2025-06-30 23:16:38
a8d27e,FFT4145 ,United States,1751325397.0,1751325397,-114.0055,34.4415,10980.42,False,229.43,259.14,0.0,,11597.64,6271,False,0,2025-06-30 23:16:38
ac0b61,UAL1126 ,United States,1751325398.0,1751325398,-92.3,42.8898,10972.8,False,198.61,271.04,0.0,,11376.66,7177,False,0,2025-06-30 23:16:38
ac0b74,SWA770  ,United States,1751325397.0,1751325397,-75.7867,38.7731,3749.04,False,182.77,265.16,-11.38,,3962.4,5676,False,0,2025-06-30 23:16:38
ab9b81,SCX356  ,United States,1751325397.0,1751325397,-85.4203,36.6487,11597.64,False,236.71,342.16,0.0,,12275.82,7132,False,0,2025-06-30 23:16:38
a04641,AAL32   ,United States,1751325397.0,1751325397,-105.922,31.59,10683.24,False,240.1,131.79,-0.33,,11315.7,1323,False,0,2025-06-30 23:16:38
ad3e82,N9520W  ,United States,1751325391.0,1751325397,-80.4318,26.4547,579.12,False,53.65,294.35,2.6,,624.84,,False,0,2025-06-30 23:16:38
a57d42,AAL567  ,United States,1751325398.0,1751325398,-107.4688,37.0267,9441.18,False,238.5,61.39,0.0,,9997.44,5045,False,0,2025-06-30 23:16:38
a44a6d,DAL789  ,United States,1751325398.0,1751325398,-99.6616,42.7469,10668.0,False,241.32,65.84,0.0,,11125.2,2007,False,0,2025-06-30 23:16:38
abeb57,SWA3542 ,United States,1751325398.0,1751325398,-100.4277,30.8253,11887.2,False,241.59,92.93,0.0,,12588.24,0735,False,0,2025-06-30 23:16:38
a05940,AAL423  ,United States,1751325398.0,1751325398,-78.0189,36.0846,9806.94,False,229.56,49.64,9.75,,10363.2,1134,False,0,2025-06-30 23:16:38
ade2b8,AAL1770 ,United States,1751325397.0,1751325398,-113.4948,35.4168,11277.6,False,244.39,117.86,0.33,,11894.82,,False,0,2025-06-30 23:16:38
ac72f0,AAL2933 ,United States,1751325398.0,1751325398,-79.2369,27.4874,9761.22,False,229.8,3.21,3.58,,10279.38,,False,0,2025-06-30 23:16:38
ade2b5,NKS2381 ,United States,1751325397.0,1751325397,-105.5261,34.0727,11582.4,False,228.12,289.5,0.0,,12237.72,6377,False,0,2025-06-30 23:16:38
ac0b80,UAL2239 ,United States,1751325398.0,1751325398,-88.7617,42.9581,10972.8,False,202.53,263.29,0.0,,11430.0,5142,False,0,2025-06-30 23:16:38
ac72f7,LRC641  ,United States,1751325398.0,1751325398,-108.894,29.97,10668.0,False,247.2,114.86,0.33,,11308.08,6703,False,0,2025-06-30 23:16:38
a09fc4,UAL6    ,United States,1751325397.0,1751325397,-95.6367,30.2515,3451.86,False,153.67,139.75,-6.83,,3657.6,4111,False,0,2025-06-30 23:16:38
a414fb,DAL1246 ,United States,1751325397.0,1751325397,-84.8367,33.998,3764.28,False,180.69,141.01,-4.23,,3985.26,7002,False,0,2025-06-30 23:16:38
a0a91f,UAL2677 ,United States,1751325327.0,1751325327,-87.9088,41.9716,,True,10.8,90.0,,,,,False,0,2025-06-30 23:16:38
ad2b76,N948G   ,United States,1751325398.0,1751325398,-107.3949,38.0693,9144.0,False,154.95,248.38,0.0,,9654.54,0676,False,0,2025-06-30 23:16:38
a0a923,UCA4305 ,United States,1751325398.0,1751325398,-77.509,38.6793,2392.68,False,132.61,210.54,9.1,,2506.98,5506,False,0,2025-06-30 23:16:38
a2e93c,AAY2597 ,United States,1751325397.0,1751325397,-91.2527,39.6822,10972.8,False,229.15,333.9,0.33,,11536.68,7470,False,0,2025-06-30 23:16:38
a3094d,AAY727  ,United States,1751325397.0,1751325397,-95.8633,36.9406,8968.74,False,244.67,80.44,-9.75,,9517.38,6600,False,0,2025-06-30 23:16:38
c071ef,PSC484  ,Canada,1751325397.0,1751325398,-72.0721,45.8642,3169.92,False,142.86,258.37,-4.55,,3261.36,,False,0,2025-06-30 23:16:38
a21cb8,BYA235  ,United States,1751325397.0,1751325397,-94.5352,33.6824,7924.8,False,147.2,271.8,0.0,,8442.96,3555,False,0,2025-06-30 23:16:38
a54933,N44KP   ,United States,1751325370.0,1751325374,-122.2714,47.8923,213.36,False,28.3,358.96,-2.6,,205.74,,False,0,2025-06-30 23:16:38
a53602,CFR72   ,United States,1751325397.0,1751325397,-117.2894,33.8102,1280.16,False,77.67,290.96,-7.8,,1295.4,,False,0,2025-06-30 23:16:38
a53612,DAL206  ,United States,1751325398.0,1751325398,-79.3703,43.4785,10050.78,False,273.82,64.4,3.58,,10553.7,5753,False,0,2025-06-30 23:16:38
a2e935,ENY4205 ,United States,1751325398.0,1751325398,-91.0469,35.2642,10363.2,False,218.12,238.11,0.33,,10980.42,6631,False,0,2025-06-30 23:16:38
a03356,UCA4819 ,United States,1751325398.0,1751325398,-94.1731,28.8855,8839.2,False,236.31,66.11,0.0,,9380.22,7551,False,0,2025-06-30 23:16:38
a3f621,UAL1179 ,United States,1751325397.0,1751325397,-111.4026,32.7729,10668.0,False,249.7,104.92,-0.33,,11285.22,1302,False,0,2025-06-30 23:16:38
a7890e,LXJ585  ,United States,1751325318.0,1751325318,-120.1305,34.5974,2346.96,False,143.34,152.88,-8.45,,2415.54,3206,False,0,2025-06-30 23:16:38
a1c935,RPA5671 ,United States,1751325390.0,1751325397,-73.8596,40.7698,,True,1.03,315.0,,,,,False,0,2025-06-30 23:16:38
a03331,UCA4926 ,United States,1751325396.0,1751325396,-74.0414,42.8059,1242.06,False,141.8,36.0,-0.98,,1264.92,7071,False,0,2025-06-30 23:16:38
a02003,N107PJ  ,United States,1751325397.0,1751325398,-115.4165,46.1324,12473.94,False,217.84,162.12,3.9,,13014.96,,False,0,2025-06-30 23:16:38
a6692d,DAL474  ,United States,1751325397.0,1751325397,-120.4275,47.5263,7117.08,False,249.41,93.31,4.88,,7452.36,3552,False,0,2025-06-30 23:16:38
c00a53,CFDXQ   ,Canada,1751325398.0,1751325398,-81.0331,47.3576,2346.96,False,102.19,154.98,0.33,,2385.06,,False,0,2025-06-30 23:16:38
a0337c,UCA4961 ,United States,1751325397.0,1751325397,-81.4233,35.136,3032.76,False,148.61,253.51,0.0,,3200.4,5647,False,0,2025-06-30 23:16:38
a7d7f3,,United States,1751325395.0,1751325398,-104.6418,39.8281,1668.78,False,90.56,180.98,9.1,,1760.22,,False,0,2025-06-30 23:16:38
ac98ac,SWA2811 ,United States,1751325360.0,1751325371,-100.1098,38.0535,11582.4,False,219.72,277.94,0.0,,12176.76,2115,False,0,2025-06-30 23:16:38
c01d72,FLE400  ,Canada,1751325397.0,1751325397,-79.2129,43.7628,6583.68,False,210.37,75.56,10.4,,6858.0,0545,False,0,2025-06-30 23:16:38
a0205c,SKW4690 ,United States,1751325397.0,1751325397,-101.7298,38.8341,9144.0,False,234.16,287.12,0.65,,9662.16,1742,False,0,2025-06-30 23:16:38
ad3e16,SWA139  ,United States,1751325398.0,1751325398,-88.0562,37.6702,8839.2,False,255.14,84.91,0.0,,9349.74,0567,False,0,2025-06-30 23:16:38
a0a98a,UCA4865 ,United States,1751325095.0,1751325096,-79.853,36.1627,701.04,False,67.68,226.23,-5.2,,708.66,6207,False,0,2025-06-30 23:16:38
a33cac,N3077M  ,United States,1751325397.0,1751325397,-72.1226,41.3957,716.28,False,54.32,151.74,-4.55,,701.04,3025,False,0,2025-06-30 23:16:38
a27330,HBAL732 ,United States,1751325398.0,1751325398,-104.3965,37.8978,18288.0,False,9.71,237.99,0.0,,19248.12,4453,False,0,2025-06-30 23:16:38
ab9b13,AAL2519 ,United States,1751325398.0,1751325398,-94.0193,44.4842,6461.76,False,190.48,236.57,10.4,,6659.88,,True,0,2025-06-30 23:16:38
a04691,N117DT  ,United States,1751325320.0,1751325356,-81.4643,28.2999,274.32,False,56.47,343.05,0.0,,304.8,1154,False,0,2025-06-30 23:16:38
a7fa2d,SKW3620 ,United States,1751325397.0,1751325397,-97.4569,36.808,10363.2,False,217.23,284.4,-0.33,,10965.18,1654,False,0,2025-06-30 23:16:38
c01d7e,FLE878  ,Canada,1751325397.0,1751325398,-96.242,46.872,11277.6,False,246.22,105.14,0.0,,11590.02,,False,0,2025-06-30 23:16:38
a641fd,GJS4590 ,United States,1751325397.0,1751325397,-77.5125,40.7556,3032.76,False,155.97,140.22,-5.53,,3139.44,2304,False,0,2025-06-30 23:16:38
a68a90,N520ST  ,United States,1751325397.0,1751325397,-79.4885,35.6749,11582.4,False,218.98,210.96,0.0,,12245.34,2477,False,0,2025-06-30 23:16:38
ab52a2,DAL1053 ,United States,1751325398.0,1751325398,-87.7799,41.8909,8107.68,False,231.79,173.88,6.83,,8481.06,3551,False,0,2025-06-30 23:16:38
a26006,NIT252  ,United States,1751325242.0,1751325242,-83.1795,32.2182,723.9,False,44.83,93.29,-5.85,,396.24,,False,0,2025-06-30 23:16:38
abb5a5,ASH6029 ,United States,1751325382.0,1751325383,-85.7419,30.2343,701.04,False,83.69,339.11,-4.55,,762.0,5565,False,0,2025-06-30 23:16:38
ad08bd,SKW4642 ,United States,1751325397.0,1751325397,-102.5127,44.108,9753.6,False,237.57,203.35,0.33,,10233.66,,False,0,2025-06-30 23:16:38
a02047,N107SB  ,United States,1751325398.0,1751325398,-97.0326,38.0219,10972.8,False,202.38,253.91,0.0,,11567.16,,False,0,2025-06-30 23:16:38
485341,KLM192  ,Kingdom of the Netherlands,1751325398.0,1751325398,-77.0761,44.214,11887.2,False,261.95,61.62,0.0,,12458.7,2406,False,0,2025-06-30 23:16:38
a34fe6,SKW3896 ,United States,1751325397.0,1751325397,-97.1437,41.5121,6972.3,False,178.16,276.63,5.85,,7315.2,2644,False,0,2025-06-30 23:16:38
aa7b54,SWA4632 ,United States,1751325397.0,1751325398,-106.2209,31.8351,11582.4,False,234.66,250.13,0.0,,12245.34,1137,False,0,2025-06-30 23:16:38
abb5a3,ASH6226 ,United States,1751325397.0,1751325397,-99.6608,27.3082,10066.02,False,221.02,213.32,-4.88,,10736.58,7313,False,0,2025-06-30 23:16:38
aaa96f,SWA4570 ,United States,1751325398.0,1751325398,-119.8837,37.1361,11277.6,False,228.07,149.5,0.0,,11841.48,3251,False,0,2025-06-30 23:16:38
a4acdf,N400CM  ,United States,1751325397.0,1751325397,-111.5843,48.8306,8199.12,False,126.06,359.06,0.0,,8694.42,,False,0,2025-06-30 23:16:38
a6ffe4,N550EW  ,United States,1751325398.0,1751325398,-114.4767,36.2477,3337.56,False,148.2,251.38,-6.18,,3489.96,,False,0,2025-06-30 23:16:38
a95fbe,ASA508  ,United States,1751325398.0,1751325398,-87.8768,41.3779,10363.2,False,232.45,314.91,0.0,,10888.98,6741,False,0,2025-06-30 23:16:38
c01d2d,FLE624  ,Canada,1751325398.0,1751325398,-80.2017,44.1419,4450.08,False,169.69,130.45,-10.73,,4594.86,2130,False,0,2025-06-30 23:16:38
a2c35b,UAL1352 ,United States,1751325397.0,1751325398,-100.1156,30.9655,11887.2,False,243.51,92.18,0.33,,12580.62,1065,False,0,2025-06-30 23:16:38
a4034e,HPJ358  ,United States,1751325398.0,1751325398,-74.3073,40.4968,12496.8,False,218.8,9.06,-1.3,,13159.74,2436,False,0,2025-06-30 23:16:38
a6697e,JAS127  ,United States,1751325398.0,1751325398,-75.6255,38.2342,14196.06,False,241.29,214.4,2.6,,14790.42,1720,False,0,2025-06-30 23:16:38
ac2fea,SWA2399 ,United States,1751325398.0,1751325398,-111.2233,35.621,11277.6,False,247.15,97.78,-0.33,,11917.68,,False,0,2025-06-30 23:16:38
a2605b,EJA252  ,United States,1751325393.0,1751325397,-95.5531,39.8889,4693.92,False,225.76,115.22,-10.08,,4914.9,1522,False,0,2025-06-30 23:16:38
a77645,DAL552  ,United States,1751325397.0,1751325397,-110.6879,35.0856,10058.4,False,235.39,74.54,0.0,,10660.38,5262,False,0,2025-06-30 23:16:38
a7c613,N60NA   ,United States,1751325397.0,1751325397,-72.3256,42.3875,1234.44,False,53.82,305.67,-0.98,,1242.06,0010,False,0,2025-06-30 23:16:38
a058aa,N121NW  ,United States,1751325389.0,1751325390,-82.3273,34.5722,1386.84,False,55.74,350.97,0.0,,1417.32,,False,0,2025-06-30 23:16:38
c084a3,ACA153  ,Canada,1751325397.0,1751325397,-79.74,43.6373,1059.18,False,98.02,236.56,3.9,,1021.08,0552,False,0,2025-06-30 23:16:38
aaa992,SWA3240 ,United States,1751325397.0,1751325397,-89.7274,36.4329,11582.4,False,214.21,216.9,0.0,,12268.2,1045,False,0,2025-06-30 23:16:38
a69cce,N525PH  ,United States,1751325360.0,1751325365,-80.7065,35.3995,236.22,False,56.0,190.59,-2.93,,213.36,2511,False,0,2025-06-30 23:16:38
acd619,SKW5539 ,United States,1751325398.0,1751325398,-123.8019,39.5258,8229.6,False,209.4,147.95,0.33,,8564.88,,False,0,2025-06-30 23:16:38
a5ccf0,N473HB  ,United States,1751325373.0,1751325373,-119.7033,41.3148,12412.98,False,223.94,248.86,-11.38,,13014.96,,False,0,2025-06-30 23:16:38
a4acfc,N400DR  ,United States,1751325397.0,1751325398,-84.5802,43.4507,2468.88,False,91.85,347.05,0.0,,2514.6,,False,0,2025-06-30 23:16:38
a2602c,AAY3208 ,United States,1751325398.0,1751325398,-83.5623,29.2643,7513.32,False,236.52,163.58,-13.98,,7955.28,2644,False,0,2025-06-30 23:16:38
a75013,TYSON49 ,United States,1751325397.0,1751325397,-89.6552,35.2165,11894.82,False,240.56,52.91,-0.33,,12588.24,7404,False,0,2025-06-30 23:16:38
acc317,NKS2122 ,United States,1751325397.0,1751325398,-80.4977,34.7694,4053.84,False,177.01,321.96,-9.1,,4274.82,3343,False,0,2025-06-30 23:16:38
ac1cde,LBQ640  ,United States,1751325397.0,1751325397,-85.4967,33.6618,3947.16,False,121.39,246.26,0.0,,4168.14,2673,False,0,2025-06-30 23:16:38
a1fcf9,N227WC  ,United States,1751325274.0,1751325274,-117.8619,33.6838,83.82,False,32.23,208.61,-1.3,,38.1,,False,0,2025-06-30 23:16:38
a2c336,UAL1398 ,United States,1751325398.0,1751325398,-102.8766,40.802,11277.6,False,249.81,60.11,0.0,,11841.48,,False,0,2025-06-30 23:16:38
a78999,N585ML  ,United States,1751325397.0,1751325398,-88.3294,35.7592,3787.14,False,157.48,251.92,-8.13,,3977.64,5523,False,0,2025-06-30 23:16:38
c00a0b,ACA778  ,Canada,1751325398.0,1751325398,-81.2856,45.9094,11269.98,False,269.82,84.42,0.33,,11734.8,7431,False,0,2025-06-30 23:16:38
acc306,N921MT  ,United States,1751325397.0,1751325398,-90.4735,30.1045,13708.38,False,236.3,128.19,-0.65,,14401.8,2362,False,0,2025-06-30 23:16:38
a4164c,N3621Y  ,United States,1751325358.0,1751325383,-100.5835,34.4847,1935.48,False,78.01,295.38,-0.33,,2019.3,,False,0,2025-06-30 23:16:38
ac865a,N906KC  ,United States,1751325387.0,1751325387,-94.9886,38.7753,601.98,False,48.55,167.14,-0.33,,609.6,,False,0,2025-06-30 23:16:38
acc31a,AAL2738 ,United States,1751325398.0,1751325398,-74.1216,40.5622,2133.6,False,154.85,25.8,-6.18,,2225.04,3060,False,0,2025-06-30 23:16:38
a2b081,UAL1015 ,United States,1751325398.0,1751325398,-77.7737,46.0748,10363.2,False,213.38,276.65,0.0,,10828.02,3537,False,0,2025-06-30 23:16:38
ace96d,AAL2282 ,United States,1751325398.0,1751325398,-96.3298,32.2861,6164.58,False,188.08,298.6,-9.43,,6530.34,2441,False,0,2025-06-30 23:16:38
ace96c,AAL1709 ,United States,1751325397.0,1751325397,-96.9134,33.044,2316.48,False,116.78,0.25,-5.53,,2430.78,2347,False,0,2025-06-30 23:16:38
ad3cde,N952JA  ,United States,1751325398.0,1751325398,-117.7571,33.507,929.64,False,51.01,138.27,0.33,,906.78,,False,0,2025-06-30 23:16:38
a64305,SKW6337 ,United States,1751325397.0,1751325397,-121.5541,44.1775,10972.8,False,229.49,335.22,-0.33,,11452.86,2612,False,0,2025-06-30 23:16:38
a58fdf,AAL1079 ,United States,1751325379.0,1751325380,-97.0383,32.9015,,True,1.8,351.56,,,,,False,0,2025-06-30 23:16:38
a77602,N580BA  ,United States,1751325397.0,1751325397,-101.8642,31.8452,2400.3,False,102.35,107.25,-0.33,,2491.74,,False,0,2025-06-30 23:16:38
a6a627,N5276P  ,United States,1751325398.0,1751325398,-122.0914,37.4127,335.28,False,44.25,113.29,-0.65,,289.56,5374,False,0,2025-06-30 23:16:38
a6ffc6,N550DR  ,United States,1751325119.0,1751325119,-80.1729,26.0659,45.72,False,63.79,90.46,-3.58,,91.44,,False,0,2025-06-30 23:16:38
a4acbd,N400BC  ,United States,1751325398.0,1751325398,-103.7962,40.8848,8290.56,False,235.97,47.65,7.8,,8763.0,,False,0,2025-06-30 23:16:38
a2b060,UAL2158 ,United States,1751325397.0,1751325397,-87.0803,38.3508,11582.4,False,209.47,219.32,0.0,,12222.48,6640,False,0,2025-06-30 23:16:38
a6b94a,EJA532  ,United States,1751325397.0,1751325397,-87.7213,37.2553,7010.4,False,225.33,131.11,0.0,,7399.02,1776,False,0,2025-06-30 23:16:38
a1a398,CXK298  ,United States,1751325397.0,1751325397,-105.0374,39.5068,1866.9,False,43.95,73.69,3.9,,1965.96,,False,0,2025-06-30 23:16:38
ac7380,N901GG  ,United States,1751325280.0,1751325281,-120.4534,35.5924,1821.18,False,97.33,332.62,-2.93,,1851.66,2462,False,0,2025-06-30 23:16:38
a178ae,SKW3335 ,United States,1751325391.0,1751325395,-117.081,44.0839,5829.3,False,210.71,136.68,-8.13,,6126.48,3542,False,0,2025-06-30 23:16:38
a7d928,N6045F  ,United States,1751325397.0,1751325397,-96.1636,32.8282,1013.46,False,44.17,194.85,1.95,,1036.32,1200,False,0,2025-06-30 23:16:38
acd675,SWA1438 ,United States,1751325351.0,1751325351,-106.6148,35.0478,,True,0.0,180.0,,,,,False,0,2025-06-30 23:16:38
aa58a6,ENY4023 ,United States,1751325398.0,1751325398,-86.7687,42.5487,4290.06,False,169.31,249.36,-7.15,,4434.84,5222,False,0,2025-06-30 23:16:38
a298ef,N2669W  ,United States,1751325397.0,1751325397,-85.2871,30.7928,3322.32,False,64.67,121.67,0.33,,3474.72,,False,0,2025-06-30 23:16:38
adf4e9,JBU398  ,United States,1751325397.0,1751325397,-72.223,42.6167,8564.88,False,213.17,134.61,-4.55,,9014.46,5713,False,0,2025-06-30 23:16:38
ae01d3,MAVRK29 ,United States,1751325398.0,1751325398,-85.79,42.9342,3070.86,False,140.73,311.15,5.2,,3154.68,,False,0,2025-06-30 23:16:38
a88380,FFT3540 ,United States,1751325398.0,1751325398,-115.1215,36.0764,,True,2.31,253.12,,,,,False,0,2025-06-30 23:16:38
ac71fe,N9003S  ,United States,1751325397.0,1751325397,-70.8987,43.2098,1684.02,False,92.05,43.87,0.0,,1729.74,1200,False,0,2025-06-30 23:16:38
ae01aa,SPAR163 ,United States,1751325397.0,1751325397,-95.6914,37.1254,11269.98,False,252.82,82.28,0.0,,11917.68,,False,0,2025-06-30 23:16:38
a3f5a4,N354WG  ,United States,1751325398.0,1751325398,-101.889,30.8981,13098.78,False,251.82,92.58,0.0,,13815.06,2607,False,0,2025-06-30 23:16:38
a19b2f,GPD202  ,United States,1751325393.0,1751325396,-71.3024,41.2584,2125.98,False,117.04,75.23,0.0,,2217.42,,False,0,2025-06-30 23:16:38
acc1eb,ASA1083 ,United States,1751325397.0,1751325397,-122.1837,44.8659,10988.04,False,222.7,300.24,0.0,,11445.24,1053,False,0,2025-06-30 23:16:38
acc1ee,AAL610  ,United States,1751325398.0,1751325398,-79.4245,36.3582,10668.0,False,231.76,55.22,0.0,,11300.46,7237,False,0,2025-06-30 23:16:38
aaa929,SWA3478 ,United States,1751325398.0,1751325398,-90.8884,34.0546,11582.4,False,238.94,321.21,0.33,,12268.2,1426,False,0,2025-06-30 23:16:38
a0a8da,UAL2191 ,United States,1751325397.0,1751325397,-97.7084,40.9427,11582.4,False,207.3,260.14,-0.33,,12092.94,7244,False,0,2025-06-30 23:16:38
a8d327,NKS2002 ,United States,1751325397.0,1751325397,-80.2139,25.5615,4838.7,False,215.51,212.32,0.0,,5120.64,,False,0,2025-06-30 23:16:38
a0de99,AAL2018 ,United States,1751325398.0,1751325398,-80.1718,33.7224,7277.1,False,206.11,29.12,-5.2,,7719.06,3535,False,0,2025-06-30 23:16:38
ad0919,SWA4403 ,United States,1751325398.0,1751325398,-111.9591,33.4288,617.22,False,77.17,269.62,-2.93,,548.64,7244,False,0,2025-06-30 23:16:38
a8f97e,N678AP  ,United States,1751325397.0,1751325397,-86.3572,33.3089,1584.96,False,62.54,15.75,4.55,,1661.16,,False,0,2025-06-30 23:16:38
ac2fa4,SWA3857 ,United States,1751325397.0,1751325397,-104.5036,39.7932,3817.62,False,153.36,345.03,-7.8,,4053.84,7434,False,0,2025-06-30 23:16:38
ae2909,6025    ,United States,1751325398.0,1751325398,-82.8261,27.9659,114.3,False,69.04,52.87,0.65,,152.4,4743,False,0,2025-06-30 23:16:38
a9afe7,NKS2301 ,United States,1751325398.0,1751325398,-78.8044,41.1942,9936.48,False,228.26,203.79,9.75,,10500.36,6667,False,0,2025-06-30 23:16:38
a9f302,SKW4913 ,United States,1751325398.0,1751325398,-86.5749,42.5891,5265.42,False,184.18,255.11,-10.08,,5471.16,7464,False,0,2025-06-30 23:16:38
a07b8f,DAL816  ,United States,1751325398.0,1751325398,-74.0963,39.5829,11125.2,False,230.78,36.84,-5.2,,11765.28,1444,False,0,2025-06-30 23:16:38
abb601,SWA2969 ,United States,1751325397.0,1751325397,-113.5109,37.7297,9753.6,False,234.26,182.27,0.0,,10294.62,,False,0,2025-06-30 23:16:38
abc91f,DAL2094 ,United States,1751325398.0,1751325398,-101.0362,44.2501,10668.0,False,247.14,84.27,0.33,,11117.58,,False,0,2025-06-30 23:16:38
a33e5e,EDV5360 ,United States,1751325395.0,1751325396,-75.1901,38.8477,1844.04,False,131.94,204.17,0.0,,1912.62,1512,False,0,2025-06-30 23:16:38
aaa954,SWA1938 ,United States,1751325398.0,1751325398,-87.6515,31.6095,11887.2,False,231.04,55.25,0.0,,12573.0,2705,False,0,2025-06-30 23:16:38
4851b1,KLM225  ,Kingdom of the Netherlands,1751325398.0,1751325398,-97.6785,30.1799,266.7,False,89.0,179.34,11.05,,274.32,,False,0,2025-06-30 23:16:38
aaefbf,N80326  ,United States,1751325102.0,1751325102,-72.3549,42.5423,845.82,False,64.39,7.81,-0.65,,899.16,,False,0,2025-06-30 23:16:38
a1eb32,N2223B  ,United States,1751325398.0,1751325398,-111.7068,40.2345,1638.3,False,56.82,148.32,0.0,,1653.54,,False,0,2025-06-30 23:16:38
a94cc2,N699GG  ,United States,1751325398.0,1751325398,-93.8652,42.8886,12504.42,False,229.99,358.97,0.33,,12984.48,,False,0,2025-06-30 23:16:38
abb624,SWA2103 ,United States,1751325398.0,1751325398,-95.1955,40.3809,9250.68,False,238.12,153.71,8.13,,9692.64,,False,0,2025-06-30 23:16:38
a7c66b,N60RP   ,United States,1751325397.0,1751325397,-74.1881,42.2229,1836.42,False,54.17,265.64,0.65,,1874.52,,False,0,2025-06-30 23:16:38
ab663f,ASH6355 ,United States,1751325398.0,1751325398,-87.7104,32.4847,8839.2,False,234.8,85.48,-0.33,,9403.08,7345,False,0,2025-06-30 23:16:38
a762a5,,United States,1751325394.0,1751325394,-123.1249,45.2006,175.26,False,27.66,71.57,1.3,,,,False,0,2025-06-30 23:16:38
a32b7b,N303LK  ,United States,1751325397.0,1751325397,-123.2258,47.4464,1798.32,False,44.82,311.74,2.28,,1859.28,,False,0,2025-06-30 23:16:38
ac0c41,SWA219  ,United States,1751325398.0,1751325398,-89.5989,40.4289,7802.88,False,252.11,45.74,-5.2,,8199.12,6131,False,0,2025-06-30 23:16:38
ac1f73,N880SP  ,United States,1751325397.0,1751325397,-104.6995,34.7425,13708.38,False,258.52,102.29,-0.33,,14378.94,3207,False,0,2025-06-30 23:16:38
a68b2c,N520YZ  ,United States,1751325397.0,1751325398,-122.1131,37.4591,22.86,False,21.61,321.77,0.0,,-30.48,,False,0,2025-06-30 23:16:38
a895b0,PDT5968 ,United States,1751325397.0,1751325397,-91.0251,30.6454,594.36,False,115.7,223.92,-0.65,,640.08,1244,False,0,2025-06-30 23:16:38
abec26,SWA4137 ,United States,1751325397.0,1751325397,-88.4626,37.2763,12192.0,False,209.47,220.42,0.0,,12877.8,6621,False,0,2025-06-30 23:16:38
a5bb1b,ASA313  ,United States,1751325396.0,1751325396,-103.2019,46.3787,10363.2,False,214.16,282.77,0.0,,10797.54,5754,False,0,2025-06-30 23:16:38
a69e6f,N5254K  ,United States,1751325396.0,1751325397,-80.2031,26.1856,182.88,False,39.0,351.66,-1.63,,236.22,,False,0,2025-06-30 23:16:38
a6a5c3,N5273U  ,United States,1751325267.0,1751325268,-118.1558,33.8181,,True,8.23,180.0,,,,,False,0,2025-06-30 23:16:38
acc3b4,AAL3251 ,United States,1751325251.0,1751325251,-112.001,33.4368,,True,1.54,247.5,,,,6041,False,0,2025-06-30 23:16:38
ac0c64,SWA2292 ,United States,1751325397.0,1751325397,-77.0909,39.2218,3924.3,False,178.51,270.0,8.78,,4107.18,1311,False,0,2025-06-30 23:16:38
aacc5b,UAL918  ,United States,1751325397.0,1751325397,-77.4573,38.9412,,True,3.86,180.0,,,,,False,0,2025-06-30 23:16:38
ab53f1,SCX1948 ,United States,1751325398.0,1751325398,-87.1403,42.1367,11582.4,False,226.65,314.17,0.0,,12115.8,7133,False,0,2025-06-30 23:16:38
a69e7a,N5254W  ,United States,1751325275.0,1751325297,-122.2271,47.3134,175.26,False,32.43,358.18,-3.58,,152.4,,False,0,2025-06-30 23:16:38
a68b71,N5201H  ,United States,1751325397.0,1751325397,-122.2319,45.3623,1463.04,False,35.3,46.77,-9.1,,1501.14,,False,0,2025-06-30 23:16:38
a1a2e0,SWA4613 ,United States,1751325388.0,1751325398,-80.5524,37.8495,11109.96,False,240.2,83.61,-4.88,,11772.9,1716,False,0,2025-06-30 23:16:38
ad93b7,NKS2073 ,United States,1751325398.0,1751325398,-106.7358,36.2998,11597.64,False,226.98,250.54,0.65,,12237.72,3227,False,0,2025-06-30 23:16:38
abec4d,SWA3622 ,United States,1751325390.0,1751325395,-82.5387,27.9858,,True,0.0,270.0,,,,,False,0,2025-06-30 23:16:38
a99087,TIV715  ,United States,1751325217.0,1751325221,-80.1788,26.077,45.72,False,61.22,90.48,-2.93,,68.58,1131,False,0,2025-06-30 23:16:38
ab40e8,CRE824  ,United States,1751325397.0,1751325397,-87.5628,42.944,1592.58,False,118.29,327.07,-4.88,,1592.58,7747,False,0,2025-06-30 23:16:38
a788b1,N585CD  ,United States,1751325396.0,1751325396,-90.963,34.049,2446.02,False,83.31,242.01,0.33,,2560.32,,False,0,2025-06-30 23:16:38
ab40f0,AAL2800 ,United States,1751325398.0,1751325398,-95.2612,33.3724,9288.78,False,252.87,67.77,8.13,,9860.28,3602,False,0,2025-06-30 23:16:38
aa8f47,N78MG   ,United States,1751325397.0,1751325397,-83.7838,35.8496,1935.48,False,73.98,53.77,3.25,,2011.68,,False,0,2025-06-30 23:16:38
ac0c8b,SWA1018 ,United States,1751325398.0,1751325398,-102.6399,38.2038,10812.78,False,239.17,312.82,-7.8,,11407.14,6146,False,0,2025-06-30 23:16:38
abec6c,SWA3822 ,United States,1751325398.0,1751325398,-96.9125,41.2722,10972.8,False,203.35,261.56,0.0,,11460.48,6534,False,0,2025-06-30 23:16:38
a8c094,NKS2127 ,United States,1751325398.0,1751325398,-75.9032,42.9067,9761.22,False,218.07,254.26,0.0,,10271.76,1322,False,0,2025-06-30 23:16:38
a548fa,N44HG   ,United States,1751325391.0,1751325391,-83.6867,39.5302,952.5,False,49.14,83.99,0.0,,937.26,1200,False,0,2025-06-30 23:16:38
a5bb17,AAL1012 ,United States,1751325398.0,1751325398,-94.2009,37.332,9745.98,False,222.35,279.72,0.0,,10325.1,1724,False,0,2025-06-30 23:16:38
c01dac,FLE662  ,Canada,1751325398.0,1751325398,-86.1642,44.0932,11277.6,False,252.51,113.54,-0.33,,11757.66,5342,False,0,2025-06-30 23:16:38
a5ce40,SWA3169 ,United States,1751325397.0,1751325398,-84.4359,36.281,11277.6,False,238.82,117.17,-0.33,,11948.16,4421,False,0,2025-06-30 23:16:38
a522b3,N43VU   ,United States,1751325388.0,1751325388,-86.7227,39.8735,1082.04,False,64.41,273.21,-1.95,,1082.04,,False,0,2025-06-30 23:16:38
a69e45,N5253C  ,United States,1751325239.0,1751325239,-81.1426,35.2136,320.04,False,35.23,208.81,-4.55,,304.8,,False,0,2025-06-30 23:16:38
acb0b9,AAL2963 ,United States,1751325397.0,1751325397,-79.8382,25.4619,3985.26,False,181.27,305.18,-6.5,,4229.1,,False,0,2025-06-30 23:16:38
acb0b6,ASA824  ,United States,1751325398.0,1751325398,-122.3203,47.233,1356.36,False,115.33,2.3,-9.1,,1424.94,,False,0,2025-06-30 23:16:38
a788d3,DAL863  ,United States,1751325391.0,1751325396,-73.7954,40.6387,,True,0.0,300.94,,,,,False,0,2025-06-30 23:16:38
ab6800,JBU873  ,United States,1751325368.0,1751325368,-74.1872,40.6866,,True,0.0,267.19,,,,4207,False,0,2025-06-30 23:16:38
478f43,SAS904  ,Norway,1751325397.0,1751325397,-69.3668,47.2956,11887.2,False,258.88,29.26,0.33,,12382.5,1617,False,0,2025-06-30 23:16:38
a19aaa,ENY3789 ,United States,1751325397.0,1751325397,-97.6109,32.7576,4663.44,False,189.68,294.69,9.75,,4930.14,2223,False,0,2025-06-30 23:16:38
ad815e,N97AT   ,United States,1751325398.0,1751325398,-122.2409,47.132,845.82,False,48.44,202.48,1.95,,868.68,,False,0,2025-06-30 23:16:38
a19ab1,AAY3182 ,United States,1751325397.0,1751325398,-87.5442,41.4637,10668.0,False,221.63,158.2,0.33,,11201.4,1626,False,0,2025-06-30 23:16:38
a0345f,RPA4572 ,United States,1751325397.0,1751325397,-79.7136,38.3036,10355.58,False,227.18,309.86,-0.33,,10980.42,6530,False,0,2025-06-30 23:16:38
a7fb70,REH80   ,United States,1751325215.0,1751325215,-121.4088,38.6524,167.64,False,46.96,42.78,-1.95,,99.06,1200,False,0,2025-06-30 23:16:38
a1fdaf,N2272Q  ,United States,1751325397.0,1751325397,-123.1216,44.9708,1379.22,False,43.05,14.53,0.33,,1402.08,,False,0,2025-06-30 23:16:38
ad8168,N97BC   ,United States,1751325397.0,1751325397,-122.6065,38.2584,121.92,False,34.99,306.03,7.48,,68.58,,False,0,2025-06-30 23:16:38
a28749,JSX121  ,United States,1751325362.0,1751325362,-115.1539,36.0983,,True,6.43,165.94,,,,,False,0,2025-06-30 23:16:38
a2d710,,United States,1751325395.0,1751325395,-111.9782,40.7875,,True,2.83,87.19,,,,,False,0,2025-06-30 23:16:38
aaa9d8,SWA4446 ,United States,1751325379.0,1751325390,-103.138,36.8638,11887.2,False,233.48,143.96,0.0,,12504.42,0633,False,0,2025-06-30 23:16:38
ab79cc,TKR160  ,United States,1751325238.0,1751325238,-120.816,40.1961,2933.7,False,147.74,95.19,-2.93,,3070.86,,False,0,2025-06-30 23:16:38
a1b725,N20997  ,United States,1751325397.0,1751325397,-80.6245,34.9848,502.92,False,53.41,346.63,1.3,,487.68,,False,0,2025-06-30 23:16:38
acb176,N917JB  ,United States,1751325397.0,1751325397,-85.5744,41.8038,472.44,False,78.91,129.71,2.28,,449.58,,False,0,2025-06-30 23:16:38
ac1f0e,AAL1848 ,United States,1751325398.0,1751325398,-85.9298,41.9038,8679.18,False,264.99,105.66,7.15,,9098.28,6247,False,0,2025-06-30 23:16:38
a2c43b,N278AG  ,United States,1751324814.0,1751325105,-97.8252,33.3896,929.64,False,52.48,178.88,-1.63,,914.4,,False,0,2025-06-30 23:16:38
a2b10f,UAL370  ,United States,1751325397.0,1751325397,-93.4844,44.711,2887.98,False,142.4,238.89,16.58,,2933.7,,False,0,2025-06-30 23:16:38
a895f8,WUP652  ,United States,1751325397.0,1751325397,-80.0377,32.9984,12192.0,False,236.15,214.35,0.0,,12854.94,2157,False,0,2025-06-30 23:16:38
a2b112,UAL1641 ,United States,1751325397.0,1751325397,-103.2582,40.5364,11277.6,False,246.05,74.1,0.0,,11856.72,7756,False,0,2025-06-30 23:16:38
a882c9,N64784  ,United States,1751325398.0,1751325398,-98.8369,43.7359,2423.16,False,85.44,96.57,4.23,,2545.08,,False,0,2025-06-30 23:16:38
a2d76a,,United States,1751325372.0,1751325372,-115.1457,36.0801,,True,0.0,278.44,,,,,False,0,2025-06-30 23:16:38
a32ad5,DAL1697 ,United States,1751325397.0,1751325397,-90.2054,32.2971,10660.38,False,236.74,82.26,-0.33,,11308.08,4022,False,0,2025-06-30 23:16:38
a68b95,N5202J  ,United States,1751325326.0,1751325349,-89.4381,37.3064,1112.52,False,51.37,34.8,0.0,,1135.38,,False,0,2025-06-30 23:16:38
a81b3a,N621PA  ,United States,1751325358.0,1751325397,-97.0395,33.3425,822.96,False,39.45,219.71,0.0,,830.58,,False,0,2025-06-30 23:16:38
a762d3,AAL3230 ,United States,1751325391.0,1751325396,-89.9236,32.801,9753.6,False,241.5,282.67,0.0,,10370.82,3250,False,0,2025-06-30 23:16:38
a44aa2,FFT2259 ,United States,1751325397.0,1751325397,-111.9897,33.8049,5135.88,False,189.82,8.42,13.33,,5448.3,4125,False,0,2025-06-30 23:16:38
add16d,WUP945  ,United States,1751325398.0,1751325398,-93.4575,39.2894,13716.0,False,248.09,98.47,0.33,,14325.6,3354,False,0,2025-06-30 23:16:38
a2b110,UAL1551 ,United States,1751325390.0,1751325396,-74.1746,40.6965,,True,0.0,42.19,,,,,False,0,2025-06-30 23:16:38
add15f,LRT99   ,United States,1751325397.0,1751325397,-80.5265,28.5502,9852.66,False,259.34,173.62,-10.73,,10370.82,6307,False,0,2025-06-30 23:16:38
a32ac6,ENY3627 ,United States,1751325397.0,1751325398,-85.9332,36.6489,9753.6,False,230.54,250.72,0.33,,10355.58,5545,False,0,2025-06-30 23:16:38
a2878e,N262MR  ,United States,1751325390.0,1751325390,-111.9473,40.1055,1531.62,False,63.5,244.06,-1.3,,1592.58,,False,0,2025-06-30 23:16:38
c00b7c,JZA735  ,Canada,1751325397.0,1751325397,-79.7724,43.4586,2743.2,False,145.66,178.18,16.91,,2811.78,0554,False,0,2025-06-30 23:16:38
ac0c24,SWA577  ,United States,1751325394.0,1751325398,-97.6599,30.2,,True,3.86,357.19,,,,,False,0,2025-06-30 23:16:38
abec03,SWA2452 ,United States,1751325398.0,1751325398,-94.882,35.0524,12496.8,False,227.87,171.43,0.0,,13174.98,1607,True,0,2025-06-30 23:16:38
a6ee8e,DAL1574 ,United States,1751325397.0,1751325398,-118.4387,46.442,10561.32,False,251.62,78.92,1.63,,11026.14,6675,False,0,2025-06-30 23:16:38
ac99ec,N9106Y  ,United States,1751325363.0,1751325380,-87.4997,41.5397,342.9,False,37.57,271.57,-0.65,,274.32,1200,False,0,2025-06-30 23:16:38
a81b63,EJA621  ,United States,1751325396.0,1751325396,-77.4549,38.9389,,True,0.0,267.19,,,,,False,0,2025-06-30 23:16:38
a15474,N185NJ  ,United States,1751325398.0,1751325398,-117.0697,48.2823,1706.88,False,63.67,12.13,0.33,,1744.98,,False,0,2025-06-30 23:16:38
a8e733,DAL1785 ,United States,1751325396.0,1751325397,-79.1668,32.1791,11277.6,False,240.95,308.41,0.33,,11849.1,3666,False,0,2025-06-30 23:16:38
ac741c,AAL1630 ,United States,1751325395.0,1751325395,-80.5449,37.2578,10972.8,False,239.09,238.91,0.0,,11628.12,5606,False,0,2025-06-30 23:16:38
aa344c,N757CR  ,United States,1751325243.0,1751325244,-73.4146,40.7391,53.34,False,36.01,180.0,-2.6,,15.24,3716,False,0,2025-06-30 23:16:38
a4f132,N4175K  ,United States,1751325397.0,1751325397,-122.0186,37.5913,1493.52,False,80.62,5.49,7.8,,1531.62,6351,False,0,2025-06-30 23:16:38
a65789,BMJ1805 ,United States,1751325389.0,1751325389,-104.3955,37.924,2682.24,False,100.06,175.87,-6.5,,2865.12,,False,0,2025-06-30 23:16:38
ae172a,BALL14  ,United States,1751325397.0,1751325397,-97.6792,35.509,541.02,False,61.95,48.37,0.98,,548.64,,False,0,2025-06-30 23:16:38
a82dbd,NKS2244 ,United States,1751325397.0,1751325397,-85.5175,40.1169,8534.4,False,180.99,204.16,0.0,,9006.84,7254,False,0,2025-06-30 23:16:38
aba40f,N8493F  ,United States,1751325398.0,1751325398,-93.2288,43.1008,845.82,False,34.82,304.16,0.0,,845.82,,False,0,2025-06-30 23:16:38
abfdaf,SWA4333 ,United States,1751325398.0,1751325398,-90.2987,42.9539,9753.6,False,207.0,262.57,0.0,,10142.22,4130,False,0,2025-06-30 23:16:38
acd71a,N9262H  ,United States,1751325397.0,1751325397,-122.6344,45.6291,251.46,False,42.42,112.83,-0.65,,228.6,,False,0,2025-06-30 23:16:38
c085aa,CGYQB   ,Canada,1751325398.0,1751325398,-72.6915,45.6317,701.04,False,65.8,26.97,-0.33,,,,False,0,2025-06-30 23:16:38
ac0aac,UAL1095 ,United States,1751325397.0,1751325397,-93.2361,43.0969,10675.62,False,272.83,87.95,-0.33,,11064.24,0040,False,0,2025-06-30 23:16:38
aa7ac8,SWA1403 ,United States,1751325398.0,1751325398,-122.4289,37.7484,2781.3,False,140.42,224.41,15.93,,2849.88,,False,0,2025-06-30 23:16:38
a1a48b,N20490  ,United States,1751325259.0,1751325259,-122.942,44.4684,1036.32,False,43.95,69.44,-3.9,,1089.66,,False,0,2025-06-30 23:16:38
a2b12d,UAL396  ,United States,1751325398.0,1751325398,-87.3329,41.9803,2156.46,False,135.75,284.04,0.0,,2209.8,1047,False,0,2025-06-30 23:16:38
a39476,N33LF   ,United States,1751325397.0,1751325398,-105.1169,39.911,1615.44,False,1.63,161.57,0.0,,1699.26,,False,0,2025-06-30 23:16:38
a38141,DAL2468 ,United States,1751325397.0,1751325398,-89.1278,43.9009,10972.8,False,200.01,255.86,-0.33,,11384.28,2211,False,0,2025-06-30 23:16:38
a82df6,EJA626  ,United States,1751325397.0,1751325397,-82.325,29.6872,13106.4,False,220.38,110.21,-0.33,,13738.86,0513,False,0,2025-06-30 23:16:38
ae1751,JAVAN73 ,United States,1751325398.0,1751325398,-100.8917,30.3083,1973.58,False,139.21,189.36,-0.33,,2087.88,,False,0,2025-06-30 23:16:38
aa7ab1,N7743N  ,United States,1751325397.0,1751325397,-117.4913,33.7871,960.12,False,53.36,326.0,-0.65,,922.02,,False,0,2025-06-30 23:16:38
a2b135,UAL1086 ,United States,1751325127.0,1751325188,-108.3223,42.384,10972.8,False,224.67,302.09,0.0,,11551.92,6532,False,0,2025-06-30 23:16:38
ac6118,UAL1329 ,United States,1751325398.0,1751325398,-74.3417,39.9125,5654.04,False,196.53,216.27,9.75,,5935.98,1710,False,0,2025-06-30 23:16:38
c085ce,PAG384  ,Canada,1751325398.0,1751325398,-80.9361,46.9474,1866.9,False,115.43,33.55,-0.33,,1851.66,,False,0,2025-06-30 23:16:38
aa7aa6,SWA46   ,United States,1751325398.0,1751325398,-96.8885,32.8847,403.86,False,72.03,135.58,-5.2,,403.86,4031,False,0,2025-06-30 23:16:38
c085e0,WJA714  ,Canada,1751325397.0,1751325397,-92.052,45.4471,11277.6,False,250.79,111.04,0.0,,11590.02,1715,False,0,2025-06-30 23:16:38
a5bae5,N46889  ,United States,1751325396.0,1751325397,-122.9477,45.5915,518.16,False,52.16,174.91,-4.88,,495.3,,False,0,2025-06-30 23:16:38
a286a8,N262CL  ,United States,1751325391.0,1751325396,-95.7677,30.2368,1036.32,False,56.5,169.51,-0.98,,1089.66,1200,False,0,2025-06-30 23:16:38
c01e13,FLE440  ,Canada,1751325397.0,1751325397,-80.9115,43.6871,3657.6,False,169.16,98.75,-4.88,,3764.28,2650,False,0,2025-06-30 23:16:38
a0cc06,AAL2226 ,United States,1751325397.0,1751325397,-81.4064,30.0722,7254.24,False,238.24,358.76,5.53,,7673.34,3125,False,0,2025-06-30 23:16:38
a08f60,TWY308  ,United States,1751325398.0,1751325398,-99.8066,35.4468,9441.18,False,218.87,262.71,2.6,,10020.3,,False,0,2025-06-30 23:16:38
ac878c,EDV5203 ,United States,1751325398.0,1751325398,-84.577,33.7538,2148.84,False,143.17,15.63,15.93,,2255.52,5120,False,0,2025-06-30 23:16:38
a0a9f6,UCA4303 ,United States,1751325395.0,1751325398,-71.9515,41.0417,3307.08,False,187.76,64.35,-6.18,,3474.72,5711,False,0,2025-06-30 23:16:38
a6a711,JIA5443 ,United States,1751325397.0,1751325397,-80.7345,35.4066,10058.4,False,229.65,54.85,0.0,,10675.62,3307,False,0,2025-06-30 23:16:38
a2b198,UAL2474 ,United States,1751325398.0,1751325398,-77.5547,40.7471,10363.2,False,231.1,200.05,0.0,,10957.56,1147,False,0,2025-06-30 23:16:38
a2b196,UAL1904 ,United States,1751325360.0,1751325360,-73.8785,40.782,,True,5.66,22.5,,,,,False,0,2025-06-30 23:16:38
a033ae,AAL15   ,United States,1751325397.0,1751325397,-85.2119,44.0239,10363.2,False,213.75,278.44,-0.33,,10805.16,5777,False,0,2025-06-30 23:16:38
a3d10f,DAL1387 ,United States,1751325397.0,1751325397,-87.0312,33.3305,10965.18,False,239.12,216.43,0.33,,11635.74,2267,False,0,2025-06-30 23:16:38
a2b17a,UAL2382 ,United States,1751325398.0,1751325398,-99.3957,33.886,10668.0,False,249.72,94.37,0.33,,11308.08,,False,0,2025-06-30 23:16:38
a53774,UAL2285 ,United States,1751325397.0,1751325397,-97.5649,33.0923,11269.98,False,244.68,121.85,0.0,,11993.88,3202,False,0,2025-06-30 23:16:38
a046f2,RPA4596 ,United States,1751325397.0,1751325397,-85.9965,36.0658,5135.88,False,188.96,94.84,11.7,,5433.06,0372,False,0,2025-06-30 23:16:38
add124,N99JT   ,United States,1751325328.0,1751325328,-96.9389,34.3073,960.12,False,90.74,299.18,-6.83,,998.22,1200,False,0,2025-06-30 23:16:38
ab4187,WUP824  ,United States,1751325397.0,1751325397,-82.9632,42.4459,1257.3,False,127.74,324.84,-0.33,,1219.2,7305,False,0,2025-06-30 23:16:38
a08f41,N135RF  ,United States,1751325388.0,1751325388,-115.8794,48.2602,3649.98,False,82.11,95.03,-1.3,,3794.76,,False,0,2025-06-30 23:16:38
a0a9d4,UCA4349 ,United States,1751325398.0,1751325398,-77.4572,38.9459,,True,2.83,191.25,,,,,False,0,2025-06-30 23:16:38
a3f798,N355CF  ,United States,1751325385.0,1751325385,-111.2648,32.6597,1249.68,False,54.87,321.09,-2.6,,1226.82,1623,False,0,2025-06-30 23:16:38
a0a9d1,UCA4247 ,United States,1751325396.0,1751325397,-97.2345,27.241,4869.18,False,197.81,220.36,0.0,,5158.74,5335,False,0,2025-06-30 23:16:38
ad945a,AAL2679 ,United States,1751325396.0,1751325397,-87.3109,28.4911,10363.2,False,238.66,288.08,0.0,,10980.42,,False,0,2025-06-30 23:16:38
a38171,BGR43   ,United States,1751325389.0,1751325393,-108.1689,35.4804,4358.64,False,110.78,101.52,3.9,,4632.96,,False,0,2025-06-30 23:16:38
ad2aed,AAL355  ,United States,1751325397.0,1751325397,-96.4596,32.3938,5273.04,False,189.54,315.77,-9.43,,5593.08,0302,False,0,2025-06-30 23:16:38
ad2aea,ASA734  ,United States,1751325398.0,1751325398,-117.73,44.8755,10363.2,False,234.64,314.56,0.33,,10850.88,,False,0,2025-06-30 23:16:38
a1c9a0,N214NX  ,United States,1751325397.0,1751325397,-123.4763,48.1149,152.4,False,48.42,284.77,-3.58,,167.64,0733,False,0,2025-06-30 23:16:38
a3e470,N35WH   ,United States,1751325398.0,1751325398,-118.9995,37.0052,7620.0,False,114.09,170.92,0.0,,8008.62,,False,0,2025-06-30 23:16:38
a08f57,ELZ5    ,United States,1751325398.0,1751325398,-81.1366,30.4919,9753.6,False,268.94,184.72,0.0,,10340.34,2510,False,0,2025-06-30 23:16:38
a8d489,UAL2331 ,United States,1751325398.0,1751325398,-98.2461,43.6756,10363.2,False,220.41,279.95,0.0,,10759.44,6530,False,0,2025-06-30 23:16:38
a19c51,N20236  ,United States,1751325397.0,1751325398,-122.2449,46.9668,1371.6,False,49.78,256.25,-0.65,,1417.32,,False,0,2025-06-30 23:16:38
a1b6e3,CXK352  ,United States,1751325259.0,1751325260,-118.1483,33.8139,30.48,False,33.44,270.0,-1.3,,-22.86,,False,0,2025-06-30 23:16:38
a1a3b9,N20430  ,United States,1751325396.0,1751325397,-111.9032,33.1525,609.6,False,40.98,298.5,1.3,,533.4,1200,False,0,2025-06-30 23:16:38
adf5ef,N999VB  ,United States,1751325397.0,1751325397,-104.1175,40.3436,8229.6,False,143.84,82.19,0.0,,8702.04,6564,False,0,2025-06-30 23:16:38
c0737c,WJA2199 ,Canada,1751325397.0,1751325397,-74.6632,41.2219,11582.4,False,218.46,310.89,0.0,,12207.24,3723,False,0,2025-06-30 23:16:38
a20c44,ENY3797 ,United States,1751325397.0,1751325397,-85.1309,34.706,10363.2,False,235.7,319.43,0.33,,11003.28,6037,False,0,2025-06-30 23:16:38
c0737d,CGRTC   ,Canada,1751325397.0,1751325398,-72.9827,45.8633,960.12,False,58.27,256.21,0.33,,944.88,,False,0,2025-06-30 23:16:38
a7a17b,DAL1655 ,United States,1751325397.0,1751325397,-71.3542,42.7963,3436.62,False,188.78,284.04,4.23,,3589.02,1377,False,0,2025-06-30 23:16:38
a57f42,SWA3385 ,United States,1751325396.0,1751325397,-113.7161,32.9057,10759.44,False,229.0,268.58,-9.75,,11369.04,2152,False,0,2025-06-30 23:16:38
a08f6b,SKW5948 ,United States,1751325397.0,1751325397,-87.6882,40.0012,9456.42,False,219.95,172.61,6.18,,9974.58,6540,False,0,2025-06-30 23:16:38
c06081,ACA376  ,Canada,1751325375.0,1751325391,-73.7096,45.4818,114.3,False,70.98,222.94,-0.98,,68.58,,False,0,2025-06-30 23:16:38
a87196,NKS2665 ,United States,1751325398.0,1751325398,-82.5342,35.2621,10972.8,False,241.91,247.36,0.0,,11650.98,5707,False,0,2025-06-30 23:16:38
a69f24,N5259R  ,United States,1751325397.0,1751325397,-121.9832,37.6962,533.4,False,59.88,98.9,0.98,,487.68,,False,0,2025-06-30 23:16:38
a033d2,MXY656  ,United States,1751325396.0,1751325397,-85.8433,28.0603,10668.0,False,244.35,108.66,0.33,,11315.7,3344,False,0,2025-06-30 23:16:38
a789b4,JIA5273 ,United States,1751325397.0,1751325397,-75.462,38.7493,7315.2,False,217.61,187.88,-0.33,,7734.3,1663,False,0,2025-06-30 23:16:38
a669dc,N512LE  ,United States,1751325190.0,1751325228,-95.675,29.8239,45.72,False,33.02,198.15,-4.88,,38.1,2654,False,0,2025-06-30 23:16:38
a0a9fe,N1419D  ,United States,1751325398.0,1751325398,-81.0307,29.1265,388.62,False,56.48,311.68,-0.65,,419.1,2164,False,0,2025-06-30 23:16:38
a21f57,FFT4874 ,United States,1751325397.0,1751325398,-80.2029,26.0662,198.12,False,72.54,90.0,-3.58,,236.22,7230,False,0,2025-06-30 23:16:38
a08f98,,United States,1751325122.0,1751325122,-86.8072,36.1529,228.6,False,10.4,278.53,-1.63,,396.24,,False,0,2025-06-30 23:16:38
a88467,QXE2129 ,United States,1751325395.0,1751325396,-102.1039,41.2177,10363.2,False,212.39,293.71,0.0,,10881.36,,False,0,2025-06-30 23:16:38
c08688,CGYYP   ,Canada,1751325397.0,1751325397,-122.8247,48.4615,2743.2,False,68.42,223.17,0.98,,2880.36,0462,False,0,2025-06-30 23:16:38
a9f424,SKW4950 ,United States,1751325397.0,1751325398,-84.819,42.8602,5905.5,False,192.21,262.0,8.45,,6141.72,,False,0,2025-06-30 23:16:38
a8c121,UAL3    ,United States,1751325252.0,1751325262,-67.0838,48.4078,10675.62,False,259.17,72.32,0.0,,11094.72,2421,False,0,2025-06-30 23:16:38
a140dd,N180BZ  ,United States,1751325397.0,1751325397,-71.4479,42.7001,822.96,False,78.01,164.31,0.0,,838.2,5130,False,0,2025-06-30 23:16:38
a57f04,UAL2658 ,United States,1751325398.0,1751325398,-103.0971,42.0383,10363.2,False,226.75,266.62,0.0,,10888.98,7213,False,0,2025-06-30 23:16:38
a45f59,DAL1978 ,United States,1751325398.0,1751325398,-84.2113,33.5972,899.16,False,98.96,314.16,0.0,,929.64,2415,False,0,2025-06-30 23:16:38
a2e9fd,SWA674  ,United States,1751325397.0,1751325397,-76.833,39.2215,655.32,False,108.93,165.5,-6.83,,670.56,2245,False,0,2025-06-30 23:16:38
a1ec57,MXY563  ,United States,1751325398.0,1751325398,-95.0553,32.5216,11277.6,False,235.57,76.36,-0.33,,11963.4,1532,False,0,2025-06-30 23:16:38
ac7419,NKS2572 ,United States,1751325398.0,1751325398,-84.4314,33.647,411.48,False,78.24,271.88,14.63,,403.86,,False,0,2025-06-30 23:16:38
ab9ab3,JRE847  ,United States,1751325397.0,1751325398,-95.7008,38.4785,12192.0,False,188.94,282.9,0.0,,12793.98,1140,False,0,2025-06-30 23:16:38
a8aac8,DAL1083 ,United States,1751325295.0,1751325295,-82.2355,26.7492,3208.02,False,156.95,123.64,-7.8,,3429.0,2255,False,0,2025-06-30 23:16:38
a12c0f,N175DD  ,United States,1751325196.0,1751325196,-119.0411,37.7899,4457.7,False,29.32,36.56,,,,,False,0,2025-06-30 23:16:38
a099ff,N138MC  ,United States,1751325398.0,1751325398,-72.9053,41.7914,2857.5,False,84.65,49.44,0.65,,2971.8,1200,False,0,2025-06-30 23:16:38
a12c18,DAL365  ,United States,1751325398.0,1751325398,-83.28,45.344,10972.8,False,217.1,277.9,-0.33,,11399.52,3033,False,0,2025-06-30 23:16:38
ad2573,SWA444  ,United States,1751325397.0,1751325398,-94.5696,38.0493,11582.4,False,216.59,270.41,0.0,,12207.24,6211,False,0,2025-06-30 23:16:38
ac058a,DAL2437 ,United States,1751325393.0,1751325393,-96.2648,46.5521,10668.0,False,258.36,116.62,0.33,,10965.18,,False,0,2025-06-30 23:16:38
a82791,N62407  ,United States,1751325398.0,1751325398,-123.0977,45.573,457.2,False,43.01,276.87,0.98,,419.1,,False,0,2025-06-30 23:16:38
ad124e,EJA941  ,United States,1751325397.0,1751325397,-96.7392,32.8695,1440.18,False,139.33,319.19,-4.88,,1485.9,7254,False,0,2025-06-30 23:16:38
a2af04,N272MG  ,United States,1751325367.0,1751325367,-80.2931,25.6485,182.88,False,50.03,94.13,0.0,,198.12,,False,0,2025-06-30 23:16:38
ad6bdc,JBU416  ,United States,1751325397.0,1751325397,-112.9753,41.5615,10668.0,False,243.24,80.26,0.0,,11224.26,,False,0,2025-06-30 23:16:38
a9dde8,N735CZ  ,United States,1751325397.0,1751325397,-81.8148,28.8595,441.96,False,68.43,66.52,0.0,,495.3,,False,0,2025-06-30 23:16:38
a6c12f,VOI730  ,United States,1751325398.0,1751325398,-97.6381,25.8437,11277.6,False,231.77,4.71,0.0,,12001.5,,False,0,2025-06-30 23:16:38
a24c01,,United States,1751325369.0,1751325382,-118.4067,38.6311,12001.5,False,233.07,284.31,-4.88,,12611.1,,False,0,2025-06-30 23:16:38
a349a6,N3103V  ,United States,1751325380.0,1751325380,-87.8982,42.1066,243.84,False,29.94,340.94,-2.6,,220.98,1200,False,0,2025-06-30 23:16:38
abd26b,SWA3968 ,United States,1751325397.0,1751325397,-105.9388,37.68,11277.6,False,239.1,62.17,-0.33,,11887.2,2640,False,0,2025-06-30 23:16:38
ad1267,N941RS  ,United States,1751325397.0,1751325397,-97.1457,38.9643,12496.8,False,255.91,87.58,0.33,,13098.78,1720,False,0,2025-06-30 23:16:38
a12c04,N175CT  ,United States,1751325397.0,1751325397,-74.8909,40.568,1234.44,False,148.96,28.69,-1.63,,1257.3,2001,False,0,2025-06-30 23:16:38
a7e133,N6069Y  ,United States,1751325396.0,1751325397,-96.6801,33.9688,1219.2,False,70.72,81.63,1.63,,1249.68,,False,0,2025-06-30 23:16:38
a5a10a,AAL143  ,United States,1751325397.0,1751325397,-120.9654,33.7213,8862.06,False,231.06,260.52,7.15,,9273.54,,False,0,2025-06-30 23:16:38
a060ae,AAL1320 ,United States,1751325397.0,1751325397,-84.1458,33.5615,9997.44,False,237.94,76.11,-4.88,,10622.28,7306,False,0,2025-06-30 23:16:38
a4dad4,UAL710  ,United States,1751325382.0,1751325398,-77.4547,38.9467,,True,0.0,270.0,,,,,False,0,2025-06-30 23:16:38
4075b4,VIR104L ,United Kingdom,1751325398.0,1751325398,-81.3904,38.4876,11277.6,False,255.06,40.5,0.0,,11940.54,5163,False,0,2025-06-30 23:16:38
a203b0,AAY1334 ,United States,1751325397.0,1751325397,-95.0953,44.8092,10949.94,False,219.01,330.91,0.0,,11285.22,3062,False,0,2025-06-30 23:16:38
a0d6fb,SKW5236 ,United States,1751325397.0,1751325397,-116.3719,46.782,10363.2,False,209.67,212.17,0.0,,10835.64,,False,0,2025-06-30 23:16:38
a00c7a,DAL519  ,United States,1751325398.0,1751325398,-97.7687,37.0513,10957.56,False,224.89,292.46,0.0,,11574.78,1614,False,0,2025-06-30 23:16:38
a36c12,N32BB   ,United States,1751325088.0,1751325088,-86.432,30.3559,243.84,False,71.11,322.05,-2.93,,259.08,2521,False,0,2025-06-30 23:16:38
ac17b0,SWA2152 ,United States,1751325394.0,1751325396,-97.6646,30.2018,,True,0.0,351.56,,,,,False,0,2025-06-30 23:16:38
a67146,N514LA  ,United States,1751325397.0,1751325397,-81.7968,34.0774,1211.58,False,64.6,264.52,0.0,,1264.92,,False,0,2025-06-30 23:16:38
ac17b3,N8789T  ,United States,1751325226.0,1751325240,-85.4359,32.6276,297.18,False,33.02,184.47,-2.28,,297.18,,False,0,2025-06-30 23:16:38
a6c125,N534VA  ,United States,1751325397.0,1751325397,-121.582,36.9355,1219.2,False,54.77,208.01,-0.33,,1211.58,1200,False,0,2025-06-30 23:16:38
a6c120,AAL1422 ,United States,1751325397.0,1751325397,-70.933,41.9377,2865.12,False,134.83,60.01,-2.6,,2987.04,2541,False,0,2025-06-30 23:16:38
ad129d,N941TW  ,United States,1751325398.0,1751325398,-121.6865,38.09,1310.64,False,42.69,257.47,-0.98,,1295.4,,False,0,2025-06-30 23:16:38
a7912a,DAL693  ,United States,1751325389.0,1751325392,-84.4173,33.6495,289.56,False,65.85,270.45,0.0,,281.94,3542,False,0,2025-06-30 23:16:38
a2af23,ENY3801 ,United States,1751325398.0,1751325398,-90.8555,34.3606,9448.8,False,243.59,79.78,-0.33,,10043.16,2346,False,0,2025-06-30 23:16:38
a0c3b6,CSB7521 ,United States,1751325345.0,1751325346,-84.6686,39.0685,312.42,False,70.48,180.0,-3.58,,274.32,3525,False,0,2025-06-30 23:16:38
c05f94,ROU1740 ,Canada,1751325384.0,1751325391,-80.6628,24.2415,8968.74,False,240.97,232.98,-17.23,,9502.14,3025,False,0,2025-06-30 23:16:38
a68485,SKW6242 ,United States,1751325332.0,1751325332,-116.1648,43.5434,1089.66,False,82.19,290.14,-4.23,,1676.4,,False,0,2025-06-30 23:16:38
a203a3,N229NG  ,United States,1751325398.0,1751325398,-85.729,34.8514,7924.8,False,126.73,302.4,0.0,,8404.86,3142,False,0,2025-06-30 23:16:38
a25f51,N252EA  ,United States,1751325358.0,1751325358,-113.377,32.8607,2049.78,False,43.41,264.56,-0.33,,2148.84,4147,False,0,2025-06-30 23:16:38
a3cf6d,UAL1275 ,United States,1751325397.0,1751325397,-109.5868,32.6608,10972.8,False,230.99,296.17,0.33,,11605.26,1001,False,0,2025-06-30 23:16:38
ac0519,SWA1078 ,United States,1751325398.0,1751325398,-81.4259,32.2853,10972.8,False,235.38,125.39,0.33,,11605.26,1531,False,0,2025-06-30 23:16:38
a0c3fc,ABX3196 ,United States,1751325398.0,1751325398,-85.7441,34.1304,11590.02,False,233.6,337.33,0.33,,12268.2,3611,False,0,2025-06-30 23:16:38
ab951a,N8452R  ,United States,1751325285.0,1751325285,-83.8811,43.4248,365.76,False,46.52,218.26,-1.3,,396.24,,False,0,2025-06-30 23:16:38
a2af7c,N272SB  ,United States,1751325396.0,1751325396,-76.4034,36.6227,548.64,False,59.35,42.54,2.28,,617.22,1200,False,0,2025-06-30 23:16:38
a576f0,MVK94   ,United States,1751325396.0,1751325397,-94.0089,44.2746,1371.6,False,46.99,275.02,-0.65,,1386.84,,False,0,2025-06-30 23:16:38
76ccce,SIA7973 ,Singapore,1751325323.0,1751325323,-108.9266,42.7435,10058.4,False,261.72,41.33,0.0,,10576.56,,False,0,2025-06-30 23:16:38
a323d6,VJA301  ,United States,1751325397.0,1751325397,-117.4357,34.3195,9288.78,False,246.57,51.1,7.8,,9791.7,1032,False,0,2025-06-30 23:16:38
ab3edd,ASH3234 ,United States,1751325396.0,1751325397,-96.1482,30.9237,7909.56,False,218.31,150.96,-5.2,,8397.24,5156,False,0,2025-06-30 23:16:38
aab202,AAL198  ,United States,1751325359.0,1751325359,-73.7864,40.6519,,True,2.57,59.06,,,,,False,0,2025-06-30 23:16:38
a696f1,N52334  ,United States,1751325397.0,1751325397,-97.9431,30.2767,624.84,False,47.82,168.21,0.33,,640.08,1200,False,0,2025-06-30 23:16:38
a826bb,N624ST  ,United States,1751325397.0,1751325397,-122.479,45.6854,480.06,False,43.41,354.56,-0.33,,464.82,,False,0,2025-06-30 23:16:38
acaec8,AAL3137 ,United States,1751325397.0,1751325397,-94.9312,40.7979,10355.58,False,202.22,251.15,0.0,,10850.88,1334,False,0,2025-06-30 23:16:38
ac0543,VTE3841 ,United States,1751325397.0,1751325398,-84.3415,40.2956,8534.4,False,177.37,285.65,0.0,,8968.74,3655,False,0,2025-06-30 23:16:38
abd204,SWA1283 ,United States,1751325397.0,1751325397,-80.5252,32.8237,12192.0,False,240.77,217.36,0.0,,12847.32,3632,False,0,2025-06-30 23:16:38
a959b4,EJA701  ,United States,1751325397.0,1751325398,-88.7683,45.0821,13106.4,False,206.4,278.31,-0.65,,13533.12,1376,False,0,2025-06-30 23:16:38
a336e3,AAL1208 ,United States,1751325397.0,1751325397,-103.2431,34.6742,11620.5,False,237.04,117.96,-4.55,,12268.2,7760,False,0,2025-06-30 23:16:38
ac4bb8,SWA3107 ,United States,1751325398.0,1751325398,-87.7718,41.7972,487.68,False,75.32,288.31,12.35,,426.72,3153,False,0,2025-06-30 23:16:38
ad3854,N95091  ,United States,1751325184.0,1751325184,-80.573,35.1347,304.8,False,29.69,261.03,-2.28,,289.56,,False,0,2025-06-30 23:16:38
a336df,AAL2668 ,United States,1751325398.0,1751325398,-81.834,41.4248,358.14,False,74.1,229.79,-3.9,,312.42,2034,False,0,2025-06-30 23:16:38
aa0d0d,MTN7465 ,United States,1751325397.0,1751325397,-78.0612,40.6554,2072.64,False,59.8,215.19,3.25,,2141.22,3076,False,0,2025-06-30 23:16:38
a97aff,N71PF   ,United States,1751325395.0,1751325395,-72.9207,40.7049,350.52,False,72.04,245.08,0.33,,320.04,,False,0,2025-06-30 23:16:38
ad385f,AAL2673 ,United States,1751325298.0,1751325299,-88.918,32.7087,10058.4,False,243.62,111.04,0.0,,10683.24,0564,False,0,2025-06-30 23:16:38
ad6bac,N964GV  ,United States,1751325397.0,1751325397,-80.4095,26.5693,2110.74,False,66.78,344.36,0.33,,2217.42,,False,0,2025-06-30 23:16:38
abe52d,AMX456  ,United States,1751325397.0,1751325397,-84.7767,34.8756,9753.6,False,238.79,208.99,0.0,,10340.34,4336,False,0,2025-06-30 23:16:38
ad2531,TCN946  ,United States,1751325398.0,1751325398,-104.3806,39.7365,6309.36,False,200.62,107.46,7.8,,6690.36,,False,0,2025-06-30 23:16:38
a8aaff,FFT4702 ,United States,1751325388.0,1751325393,-97.6714,30.194,,True,0.0,154.69,,,,3703,False,0,2025-06-30 23:16:38
a589e0,N456RC  ,United States,1751325381.0,1751325384,-119.6735,35.6725,2506.98,False,45.33,9.14,-0.98,,2545.08,,False,0,2025-06-30 23:16:38
407698,VIR8Y   ,United Kingdom,1751325398.0,1751325398,-115.8095,35.4729,10492.74,False,266.67,48.13,4.23,,11071.86,1031,False,0,2025-06-30 23:16:38
407699,VIR153  ,United Kingdom,1751325302.0,1751325308,-73.7731,40.6337,,True,0.0,30.94,,,,6030,False,0,2025-06-30 23:16:38
c029c8,PVL2586 ,Canada,1751325397.0,1751325397,-69.8493,45.4077,7620.0,False,187.16,104.0,0.33,,7993.38,,False,0,2025-06-30 23:16:38
c05f0a,JZA973  ,Canada,1751325398.0,1751325398,-80.066,43.4765,2773.68,False,140.97,233.76,-0.33,,2834.64,2227,False,0,2025-06-30 23:16:38
abd230,SWA495  ,United States,1751325398.0,1751325398,-91.5377,34.4405,11582.4,False,218.52,247.0,0.0,,12260.58,1576,False,0,2025-06-30 23:16:38
ab8266,N8401T  ,United States,1751325236.0,1751325238,-112.3887,40.2242,2727.96,False,52.69,279.55,-2.6,,2849.88,0347,False,0,2025-06-30 23:16:38
a4ef58,N417NL  ,United States,1751325389.0,1751325396,-118.4874,34.2059,,True,0.0,180.0,,,,,False,0,2025-06-30 23:16:38
a310c5,BPX297  ,United States,1751325396.0,1751325396,-81.1499,29.2962,213.36,False,55.09,78.69,-2.93,,228.6,0135,False,0,2025-06-30 23:16:38
c05f04,JZA497  ,Canada,1751325398.0,1751325398,-75.4681,45.3692,7315.2,False,150.44,257.96,-0.33,,7650.48,,False,0,2025-06-30 23:16:38
a49f7d,N3972W  ,United States,1751325397.0,1751325397,-77.6795,39.0331,434.34,False,60.78,236.04,0.0,,419.1,,False,0,2025-06-30 23:16:38
a6f9b3,DAL571  ,United States,1751325397.0,1751325397,-82.6357,43.0994,10363.2,False,216.23,253.98,0.0,,10881.36,6331,False,0,2025-06-30 23:16:38
a310bb,AAY866  ,United States,1751325397.0,1751325397,-89.5287,40.1319,10058.4,False,236.55,149.7,4.55,,10591.8,3263,False,0,2025-06-30 23:16:38
a49f89,UAL1559 ,United States,1751325397.0,1751325397,-115.3061,35.8389,11277.6,False,255.48,48.51,-0.33,,11887.2,0176,False,0,2025-06-30 23:16:38
c04af4,JZA721  ,Canada,1751325397.0,1751325398,-83.5378,43.9581,9753.6,False,213.12,267.92,0.0,,10218.42,0521,False,0,2025-06-30 23:16:38
ac03ef,ASH6044 ,United States,1751325398.0,1751325398,-82.4084,34.6543,2141.22,False,148.48,14.04,-9.1,,2255.52,7671,False,0,2025-06-30 23:16:38
a0753d,N129BC  ,United States,1751325398.0,1751325398,-88.8268,39.1661,1988.82,False,73.91,236.64,0.0,,2049.78,,False,0,2025-06-30 23:16:38
ab80f4,DAL958  ,United States,1751325398.0,1751325398,-76.9266,42.5177,11887.2,False,261.85,89.89,0.0,,12512.04,6760,False,0,2025-06-30 23:16:38
a1f822,RPA5644 ,United States,1751325397.0,1751325398,-71.3461,41.6519,4038.6,False,157.24,213.12,-5.53,,4236.72,2114,False,0,2025-06-30 23:16:38
ac4c8a,SWA4492 ,United States,1751325390.0,1751325395,-121.9264,37.3659,,True,0.0,47.81,,,,,False,0,2025-06-30 23:16:38
ac03ff,SWA1009 ,United States,1751325397.0,1751325397,-83.6096,39.0472,11582.4,False,222.76,270.4,-0.33,,12245.34,3545,False,0,2025-06-30 23:16:38
a813e9,N62AE   ,United States,1751325247.0,1751325247,-70.3109,41.6915,160.02,False,63.89,139.9,-3.58,,144.78,1115,False,0,2025-06-30 23:16:38
a97c40,N710CA  ,United States,1751325398.0,1751325398,-81.8296,28.1555,1485.9,False,67.98,50.53,-0.65,,1584.96,2672,False,0,2025-06-30 23:16:38
a07522,AAL975  ,United States,1751325397.0,1751325397,-87.7586,41.9882,792.48,False,85.91,270.0,-4.23,,777.24,1040,False,0,2025-06-30 23:16:38
aa60bb,ENY4241 ,United States,1751325398.0,1751325398,-87.9387,41.9692,457.2,False,80.98,277.67,12.03,,419.1,,False,0,2025-06-30 23:16:38
acf0da,AAL1394 ,United States,1751325251.0,1751325311,-81.4276,24.4772,9768.84,False,233.9,285.56,-0.33,,10332.72,,False,0,2025-06-30 23:16:38
a6d3af,DAL466  ,United States,1751325397.0,1751325397,-88.3718,36.1444,11887.2,False,244.88,89.88,0.0,,12542.52,7213,False,0,2025-06-30 23:16:38
a44521,UAL496  ,United States,1751325397.0,1751325397,-85.0029,31.0878,10668.0,False,237.26,98.6,0.33,,11330.94,7435,False,0,2025-06-30 23:16:38
a31216,UAL630  ,United States,1751325397.0,1751325398,-87.6926,42.0028,1097.28,False,89.51,270.33,-5.53,,1112.52,4172,False,0,2025-06-30 23:16:38
a62f93,UAL2207 ,United States,1751325397.0,1751325397,-88.4687,41.982,4328.16,False,173.06,280.27,12.35,,4495.8,6531,False,0,2025-06-30 23:16:38
a1f884,ENY4289 ,United States,1751325398.0,1751325398,-109.9079,32.3613,9806.94,False,227.29,289.3,-7.15,,10408.92,1551,False,0,2025-06-30 23:16:38
c01776,CFIWZ   ,Canada,1751325398.0,1751325398,-79.3901,43.4762,777.24,False,108.17,263.72,-2.28,,723.9,1062,False,0,2025-06-30 23:16:38
aa1f97,AAL3008 ,United States,1751325140.0,1751325266,-78.6384,30.8021,11582.4,False,241.36,185.5,-0.33,,12123.42,3767,False,0,2025-06-30 23:16:38
acf0d8,,United States,1751325131.0,1751325131,-71.0172,42.355,,True,6.17,345.94,,,,,False,0,2025-06-30 23:16:38
a6f9fa,GJS4189 ,United States,1751325295.0,1751325295,-87.8926,42.0028,266.7,False,64.31,270.0,-4.55,,228.6,5346,False,0,2025-06-30 23:16:38
a8ac35,UAL921  ,United States,1751325397.0,1751325397,-68.5247,46.5576,10972.8,False,218.99,225.19,0.0,,11468.1,0747,False,0,2025-06-30 23:16:38
acf0e6,OZN933  ,United States,1751325389.0,1751325389,-80.4356,25.6528,-60.96,False,26.26,87.75,0.0,,-22.86,,False,0,2025-06-30 23:16:38
c04ad7,CGCIW   ,Canada,1751325279.0,1751325279,-72.3285,45.9002,510.54,False,46.96,222.78,-1.95,,495.3,,False,0,2025-06-30 23:16:38
a98f33,MTN7509 ,United States,1751325398.0,1751325398,-80.3267,26.0777,769.62,False,85.91,90.0,-2.6,,830.58,,False,0,2025-06-30 23:16:38
a1e522,CXK690  ,United States,1751325398.0,1751325398,-73.1083,40.8886,1219.2,False,55.08,34.73,2.6,,1242.06,3071,False,0,2025-06-30 23:16:38
a24ba7,SKW4180 ,United States,1751325397.0,1751325397,-92.4147,37.9239,11582.4,False,206.95,250.84,0.0,,12207.24,4171,False,0,2025-06-30 23:16:38
a44502,DAL1182 ,United States,1751325166.0,1751325166,-84.4364,33.643,,True,0.0,90.0,,,,5140,False,0,2025-06-30 23:16:38
aa73c3,SWA2603 ,United States,1751325397.0,1751325398,-100.8274,33.7011,11590.02,False,219.95,249.32,-0.33,,12245.34,7104,False,0,2025-06-30 23:16:38
a7f3ae,JIA5598 ,United States,1751325398.0,1751325398,-78.3548,39.2921,10363.2,False,248.91,198.81,-0.33,,10988.04,2122,False,0,2025-06-30 23:16:38
a37ec4,AAL2060 ,United States,1751325397.0,1751325397,-96.0333,31.8733,8564.88,False,235.14,328.33,-12.03,,9113.52,4014,False,0,2025-06-30 23:16:38
a37eb0,AAL1391 ,United States,1751325397.0,1751325398,-80.0156,25.5753,3329.94,False,169.0,305.33,-7.15,,3535.68,,False,0,2025-06-30 23:16:38
ac0504,SKW5468 ,United States,1751325397.0,1751325397,-117.0681,43.6418,10363.2,False,222.76,209.47,0.0,,10896.6,,False,0,2025-06-30 23:16:38
a61c8a,,United States,1751325377.0,1751325377,-95.1352,30.0975,411.48,False,66.28,15.76,1.63,,,,False,0,2025-06-30 23:16:38
a97c18,ASA973  ,United States,1751325397.0,1751325397,-100.3966,45.8805,10363.2,False,213.23,284.1,0.0,,10759.44,0561,False,0,2025-06-30 23:16:38
a0c53e,N149MM  ,United States,1751325251.0,1751325262,-86.833,41.4519,929.64,False,61.24,271.44,0.0,,922.02,,False,0,2025-06-30 23:16:38
a1821f,N1969Y  ,United States,1751325398.0,1751325398,-118.4942,34.2503,541.02,False,48.02,175.08,-4.23,,495.3,4661,False,0,2025-06-30 23:16:38
a07573,N129DG  ,United States,1751325093.0,1751325104,-122.2055,37.7278,,True,0.0,329.06,,,,,False,0,2025-06-30 23:16:38
a74f99,LFA325  ,United States,1751325397.0,1751325397,-81.471,30.5659,1043.94,False,58.13,0.0,0.33,,1089.66,,False,0,2025-06-30 23:16:38
a826f1,SKW4726 ,United States,1751325398.0,1751325398,-104.1312,39.5213,5273.04,False,182.32,306.74,-5.53,,5608.32,5715,False,0,2025-06-30 23:16:38
a33843,JBU341  ,United States,1751325398.0,1751325398,-74.2726,39.1781,8572.5,False,223.76,220.24,5.85,,9067.8,7171,False,0,2025-06-30 23:16:38
a5b3ea,N467DC  ,United States,1751325270.0,1751325276,-87.8567,42.4125,365.76,False,29.47,314.29,-3.25,,312.42,,False,0,2025-06-30 23:16:38
ab2c0c,DAL46   ,United States,1751325397.0,1751325397,-72.9636,42.71,8229.6,False,253.19,60.41,0.0,,8663.94,0357,False,0,2025-06-30 23:16:38
a62ee6,GTI8174 ,United States,1751325397.0,1751325397,-118.0878,33.8767,2004.06,False,122.36,342.63,-8.13,,2057.4,6460,False,0,2025-06-30 23:16:38
a69869,GJS4424 ,United States,1751325398.0,1751325398,-76.023,44.3398,6713.22,False,227.07,184.55,-0.33,,7002.78,6206,False,0,2025-06-30 23:16:38
aae9e6,N802GE  ,United States,1751325337.0,1751325338,-85.8092,41.7518,480.06,False,60.24,272.45,-2.93,,411.48,,False,0,2025-06-30 23:16:38
a44560,UAL2106 ,United States,1751325398.0,1751325398,-88.2486,41.6758,3078.48,False,180.72,41.77,0.0,,3169.92,1553,False,0,2025-06-30 23:16:38
a0628f,AAL2446 ,United States,1751325397.0,1751325397,-92.8922,34.4892,9753.6,False,220.12,252.03,0.0,,10347.96,1676,False,0,2025-06-30 23:16:38
a98ea6,CNS1824 ,United States,1751325397.0,1751325397,-118.4506,34.0174,,True,4.63,45.0,,,,,False,0,2025-06-30 23:16:38
c01734,ACA822  ,Canada,1751325395.0,1751325398,-67.8189,46.0422,10058.4,False,275.87,75.86,0.0,,10546.08,,False,0,2025-06-30 23:16:38
a6e837,EJA544  ,United States,1751325398.0,1751325398,-123.2361,42.0909,12496.8,False,204.31,178.41,0.0,,13060.68,6624,False,0,2025-06-30 23:16:38
a70848,EJA552  ,United States,1751325397.0,1751325398,-93.4188,41.4083,13106.4,False,188.62,263.11,-0.33,,13624.56,7204,False,0,2025-06-30 23:16:38
aa751e,N773KS  ,United States,1751325398.0,1751325398,-102.1586,39.4415,11582.4,False,233.47,278.36,0.0,,12161.52,,False,0,2025-06-30 23:16:38
a4a885,N4G     ,United States,1751325102.0,1751325102,-85.7236,39.8015,1310.64,False,59.27,3.48,0.0,,1287.78,,False,0,2025-06-30 23:16:38
c01729,ACA33   ,Canada,1751325397.0,1751325398,-80.9043,43.9687,8191.5,False,238.8,271.6,12.35,,8572.5,0535,False,0,2025-06-30 23:16:38
a4453e,UAL251  ,United States,1751325398.0,1751325398,-84.8997,33.0498,10363.2,False,240.14,228.39,0.0,,10980.42,1525,False,0,2025-06-30 23:16:38
a70853,N552RC  ,United States,1751325398.0,1751325398,-94.8001,41.4239,13106.4,False,243.21,261.85,0.0,,13609.32,7265,False,0,2025-06-30 23:16:38
ac4c21,SWA3182 ,United States,1751325398.0,1751325398,-78.0413,38.1388,6728.46,False,197.06,215.97,7.8,,7109.46,2161,False,0,2025-06-30 23:16:38
aa883e,ENY4042 ,United States,1751325397.0,1751325398,-93.7751,41.6227,8321.04,False,200.61,264.26,-9.43,,8663.94,3530,False,0,2025-06-30 23:16:38
a6e866,N544SP  ,United States,1751325397.0,1751325397,-116.5617,43.4931,1531.62,False,52.29,103.08,0.65,,1562.1,,False,0,2025-06-30 23:16:38
a44544,UAL2456 ,United States,1751325397.0,1751325398,-91.4746,34.1342,10972.8,False,227.16,227.2,0.0,,11620.5,6637,False,0,2025-06-30 23:16:38
ad36c8,AAL460  ,United States,1751325397.0,1751325397,-83.1048,34.3163,8328.66,False,247.23,259.81,4.55,,8823.96,5715,False,0,2025-06-30 23:16:38
c00416,CFBOF   ,Canada,1751325281.0,1751325281,-73.4126,45.5147,30.48,False,22.6,228.69,0.0,,0.0,,False,0,2025-06-30 23:16:38
ac4c44,SWA1004 ,United States,1751325397.0,1751325397,-102.0282,32.2048,11582.4,False,224.12,265.0,-0.33,,12283.44,0043,False,0,2025-06-30 23:16:38
a97c9a,FFT1175 ,United States,1751325398.0,1751325398,-104.473,39.9027,2430.78,False,139.42,74.37,6.18,,2567.94,,False,0,2025-06-30 23:16:38
a7e0f0,N60671  ,United States,1751325365.0,1751325366,-119.7581,34.6046,2743.2,False,99.89,114.98,-0.65,,2865.12,,False,0,2025-06-30 23:16:38
a087c5,EJA133  ,United States,1751325394.0,1751325397,-100.9888,41.4813,12496.8,False,270.01,76.33,0.0,,13060.68,6341,False,0,2025-06-30 23:16:38
a790fc,N587M   ,United States,1751325398.0,1751325398,-90.3336,42.9268,8534.4,False,265.51,332.79,0.0,,8862.06,2101,False,0,2025-06-30 23:16:38
ad6c26,N964MS  ,United States,1751325376.0,1751325388,-117.7663,34.0966,426.72,False,33.2,220.6,-5.85,,396.24,4051,True,0,2025-06-30 23:16:38
a50ed9,TIV425  ,United States,1751325370.0,1751325370,-118.3611,34.2103,,True,3.86,345.94,,,,,False,0,2025-06-30 23:16:38
a4eeb4,LXJ417  ,United States,1751325397.0,1751325397,-81.0939,29.9896,9883.14,False,264.79,184.68,-15.93,,10462.26,7053,False,0,2025-06-30 23:16:38
a44591,DAL2824 ,United States,1751325398.0,1751325398,-81.0034,28.3201,3230.88,False,165.8,70.61,5.85,,3398.52,3042,False,0,2025-06-30 23:16:38
ae56b4,R20588  ,United States,1751325394.0,1751325394,-97.713,31.1365,,True,0.0,160.31,,,,,False,0,2025-06-30 23:16:38
ae56b1,R20585  ,United States,1751325234.0,1751325350,-122.2711,47.0358,487.68,False,51.6,249.58,0.0,,495.3,,False,0,2025-06-30 23:16:38
a6981a,DAL482  ,United States,1751325398.0,1751325398,-102.5337,36.3506,10363.2,False,221.56,275.06,-0.33,,10972.8,6223,False,0,2025-06-30 23:16:38
ac4c67,SWA1592 ,United States,1751325398.0,1751325398,-121.7799,45.5311,2834.64,False,150.78,271.37,-7.8,,2979.42,7153,False,0,2025-06-30 23:16:38
a44585,UAL1197 ,United States,1751325397.0,1751325397,-81.2893,28.8628,5219.7,False,224.55,350.9,7.8,,5501.64,6363,False,0,2025-06-30 23:16:38
a44588,UAL1073 ,United States,1751325398.0,1751325398,-104.6323,39.735,3497.58,False,153.15,299.15,-2.93,,3718.56,5773,False,0,2025-06-30 23:16:38
aac3f4,JBU483  ,United States,1751325398.0,1751325398,-73.7602,40.5386,1089.66,False,141.25,121.14,14.96,,1104.9,3340,False,0,2025-06-30 23:16:38
a56531,LXJ447  ,United States,1751325391.0,1751325391,-112.0114,33.4278,,True,5.4,264.38,,,,3312,False,0,2025-06-30 23:16:38
ac03e2,SWA1664 ,United States,1751325398.0,1751325398,-94.1714,40.709,10668.0,False,266.76,74.22,-0.33,,11186.16,,False,0,2025-06-30 23:16:38
a5b50b,EJA467  ,United States,1751325397.0,1751325397,-96.8427,32.9696,1211.58,False,120.7,318.97,0.0,,1264.92,2051,False,0,2025-06-30 23:16:38
aab0ba,SWA721  ,United States,1751325397.0,1751325397,-103.6564,34.0785,10668.0,False,248.8,11.45,0.33,,11269.98,,False,0,2025-06-30 23:16:38
a36bfa,N32AC   ,United States,1751325397.0,1751325397,-91.3293,37.1089,13106.4,False,189.5,257.77,-0.33,,13746.48,7460,False,0,2025-06-30 23:16:38
4074e2,BAW21V  ,United Kingdom,1751325397.0,1751325398,-74.9822,42.5338,12184.38,False,231.89,235.39,0.0,,12801.6,4265,False,0,2025-06-30 23:16:38
a57878,N4512G  ,United States,1751325397.0,1751325397,-119.0034,34.2822,342.9,False,47.87,98.65,-0.65,,304.8,,False,0,2025-06-30 23:16:38
4074e3,BAW187  ,United Kingdom,1751325398.0,1751325398,-81.8089,41.4206,12192.0,False,232.37,247.07,-0.33,,12832.08,2446,False,0,2025-06-30 23:16:38
ab80cb,KSU40   ,United States,1751325397.0,1751325398,-97.7467,38.8922,1226.82,False,44.09,318.31,3.9,,1280.16,,False,0,2025-06-30 23:16:38
a8abe6,QXE2146 ,United States,1751325397.0,1751325397,-122.4561,37.6417,1958.34,False,141.54,174.79,14.96,,2034.54,3672,False,0,2025-06-30 23:16:38
a074bc,N1287E  ,United States,1751325397.0,1751325397,-93.197,45.2245,1074.42,False,51.14,23.73,-0.33,,1059.18,,False,0,2025-06-30 23:16:38
a5b59d,SWA940  ,United States,1751325398.0,1751325398,-113.5861,35.8896,9326.88,False,232.55,90.76,6.83,,9860.28,,False,0,2025-06-30 23:16:38
ab839d,AAL153  ,United States,1751325398.0,1751325398,-88.2408,36.6139,12192.0,False,235.07,240.07,0.0,,12893.04,3457,False,0,2025-06-30 23:16:38
a4329f,N37NA   ,United States,1751325398.0,1751325398,-121.8814,36.7197,914.4,False,54.8,302.35,-0.33,,891.54,,False,0,2025-06-30 23:16:38
a087fd,SKW4653 ,United States,1751325392.0,1751325397,-104.0118,41.6001,8839.2,False,210.98,12.1,0.0,,9304.02,,False,0,2025-06-30 23:16:38
abc058,SWA572  ,United States,1751325397.0,1751325397,-106.786,35.4501,11582.4,False,233.14,271.64,-0.33,,12207.24,4052,False,0,2025-06-30 23:16:38
c03a5a,WJA2025 ,Canada,1751325398.0,1751325398,-80.4647,37.3056,11887.2,False,221.28,10.45,0.0,,12565.38,3735,False,0,2025-06-30 23:16:38
a00d5b,AAL238  ,United States,1751325397.0,1751325398,-76.3292,42.5031,11269.98,False,262.17,109.96,0.33,,11849.1,3104,False,0,2025-06-30 23:16:38
aa6399,N769GM  ,United States,1751325397.0,1751325397,-117.6359,33.9604,518.16,False,58.19,87.47,1.3,,464.82,,False,0,2025-06-30 23:16:38
0c21a7,CMP476  ,Panama,1751325395.0,1751325396,-101.9418,37.7605,10972.8,False,226.0,295.05,0.0,,11567.16,7224,False,0,2025-06-30 23:16:38
a00d48,N102MU  ,United States,1751325341.0,1751325341,-81.9491,27.9995,304.8,False,41.49,250.44,0.65,,304.8,,False,0,2025-06-30 23:16:38
a6c277,N5346D  ,United States,1751325374.0,1751325375,-86.4453,39.9587,548.64,False,57.59,108.76,0.0,,502.92,,False,0,2025-06-30 23:16:38
a7e24a,EDV4863 ,United States,1751325397.0,1751325397,-86.8285,36.836,8382.0,False,221.45,162.7,8.13,,8884.92,6740,False,0,2025-06-30 23:16:38
a74efc,LXJ570  ,United States,1751325398.0,1751325398,-94.1283,42.0817,13716.0,False,255.7,89.19,0.0,,14218.92,3730,False,0,2025-06-30 23:16:38
a5b55f,UAL1476 ,United States,1751325398.0,1751325398,-117.8989,33.5786,1097.28,False,107.7,192.97,7.48,,1089.66,,False,0,2025-06-30 23:16:38
a5524d,N442CR  ,United States,1751325237.0,1751325241,-97.7058,35.5913,419.1,False,30.37,358.06,-3.25,,411.48,,False,0,2025-06-30 23:16:38
a0b1ab,N144BF  ,United States,1751325398.0,1751325398,-70.7635,41.8506,906.78,False,57.26,81.21,0.33,,906.78,,False,0,2025-06-30 23:16:38
a324c6,N301TV  ,United States,1751325397.0,1751325398,-94.8228,35.4032,800.1,False,60.21,340.02,-0.65,,777.24,,False,0,2025-06-30 23:16:38
4caffb,ITY610  ,Ireland,1751325398.0,1751325398,-73.7773,40.6327,,True,4.63,300.94,,,,2563,False,0,2025-06-30 23:16:38
a1e4d9,AMF1589 ,United States,1751325398.0,1751325398,-70.4224,43.8594,3048.0,False,109.6,217.95,0.33,,3185.16,,False,0,2025-06-30 23:16:38
a5c899,ASA494  ,United States,1751325397.0,1751325397,-103.6123,34.5802,10058.4,False,228.93,190.88,0.0,,10637.52,6632,False,0,2025-06-30 23:16:38
a23a28,UAL1544 ,United States,1751325397.0,1751325397,-100.1591,35.9976,11582.4,False,241.92,335.23,0.0,,12222.48,2634,False,0,2025-06-30 23:16:38
a5c895,AAL2428 ,United States,1751325397.0,1751325397,-96.8405,37.9014,10058.4,False,261.49,97.46,0.0,,10629.9,3776,False,0,2025-06-30 23:16:38
ad0074,JBU1708 ,United States,1751325397.0,1751325397,-79.8063,26.7592,4198.62,False,202.27,160.23,-12.68,,4434.84,2053,False,0,2025-06-30 23:16:38
ace06b,N929JK  ,United States,1751325392.0,1751325393,-111.8803,39.7969,3421.38,False,35.73,300.26,-1.95,,3649.98,,False,0,2025-06-30 23:16:38
a181d3,N1967S  ,United States,1751325397.0,1751325398,-117.5602,33.3189,1524.0,False,51.68,133.39,0.0,,1539.24,,False,0,2025-06-30 23:16:38
a12d93,N175US  ,United States,1751325398.0,1751325398,-96.8508,33.1777,899.16,False,68.91,221.07,-0.33,,922.02,,False,0,2025-06-30 23:16:38
ad0088,JSX392  ,United States,1751325397.0,1751325397,-118.5801,33.701,6934.2,False,211.53,299.74,4.88,,7292.34,,False,0,2025-06-30 23:16:38
aac5a9,N7931D  ,United States,1751325397.0,1751325397,-91.6517,41.7479,1463.04,False,75.34,340.45,5.85,,1493.52,,False,0,2025-06-30 23:16:38
a6c247,UAL564  ,United States,1751325398.0,1751325398,-106.6909,39.8999,9296.4,False,231.24,238.93,3.9,,9822.18,0610,False,0,2025-06-30 23:16:38
c04d98,JZA707  ,Canada,1751325398.0,1751325398,-80.3526,43.3482,3558.54,False,170.14,229.91,18.86,,3680.46,6351,False,0,2025-06-30 23:16:38
a6e89b,DAL807  ,United States,1751325397.0,1751325397,-115.1379,36.0778,,True,3.86,154.69,,,,,False,0,2025-06-30 23:16:38
a194e0,N20033  ,United States,1751325398.0,1751325398,-122.7937,45.1154,792.48,False,48.12,6.14,1.95,,784.86,,False,0,2025-06-30 23:16:38
a12d67,SKW3336 ,United States,1751325397.0,1751325397,-116.0053,33.4794,7520.94,False,194.21,235.47,-5.53,,7924.8,,False,0,2025-06-30 23:16:38
ac18cd,N879LP  ,United States,1751325398.0,1751325398,-85.4572,38.3517,731.52,False,46.55,159.96,0.33,,739.14,,False,0,2025-06-30 23:16:38
ad260e,CXK253  ,United States,1751325398.0,1751325398,-118.2678,33.8334,944.88,False,41.69,285.75,2.6,,922.02,,False,0,2025-06-30 23:16:38
a5fd2d,SWA1142 ,United States,1751325398.0,1751325398,-79.6191,37.8714,9448.8,False,246.06,87.96,0.0,,10005.06,1045,False,0,2025-06-30 23:16:38
407799,BAW9HL  ,United Kingdom,1751325398.0,1751325398,-72.9554,40.3365,8724.9,False,262.6,84.38,9.1,,9220.2,3363,False,0,2025-06-30 23:16:38
a0b1ea,,United States,1751325292.0,1751325292,-117.5362,47.624,,True,0.06,14.06,,,,,False,0,2025-06-30 23:16:38
a431ad,N37CJ   ,United States,1751325398.0,1751325398,-112.7743,33.4075,3009.9,False,58.1,159.8,-3.58,,3139.44,1200,False,0,2025-06-30 23:16:38
ac4ca8,SWA2283 ,United States,1751325082.0,1751325083,-82.5304,27.9808,,True,6.69,323.44,,,,7364,False,0,2025-06-30 23:16:38
a85d15,N638SS  ,United States,1751325398.0,1751325398,-118.3006,33.7163,1242.06,False,45.51,169.58,0.33,,1234.44,,False,0,2025-06-30 23:16:38
a4dd65,AAL891  ,United States,1751325365.0,1751325375,-87.7447,28.0622,9745.98,False,234.68,271.63,1.3,,10355.58,3561,False,0,2025-06-30 23:16:38
abf964,N8705G  ,United States,1751325398.0,1751325398,-93.1014,41.6383,784.86,False,40.65,1.45,-0.33,,784.86,,False,0,2025-06-30 23:16:38
aa88fb,RPA3566 ,United States,1751325129.0,1751325140,-82.8573,39.9907,297.18,False,71.14,273.73,-3.58,,297.18,4070,False,0,2025-06-30 23:16:38
a1d1d0,SWA4240 ,United States,1751325397.0,1751325397,-111.9958,33.4336,,True,0.0,199.69,,,,,False,0,2025-06-30 23:16:38
a85d00,RPA3467 ,United States,1751325398.0,1751325398,-87.4448,41.8791,1783.08,False,126.64,87.9,-6.18,,1828.8,6702,False,0,2025-06-30 23:16:38
ad262c,N94623  ,United States,1751325384.0,1751325384,-99.1161,39.7581,3139.44,False,57.62,352.3,-0.33,,3291.84,,False,0,2025-06-30 23:16:38
ab7013,EJA836  ,United States,1751325398.0,1751325398,-75.2736,40.1467,3931.92,False,167.75,35.64,-4.23,,4091.94,1745,False,0,2025-06-30 23:16:38
c017ed,JZA555  ,Canada,1751325397.0,1751325397,-79.6124,43.6725,,True,9.77,53.44,,,,1670,False,0,2025-06-30 23:16:38
a4ca56,N40798  ,United States,1751325398.0,1751325398,-119.0638,34.2134,160.02,False,40.14,271.47,-2.6,,106.68,,False,0,2025-06-30 23:16:38
a11a81,SKW3758 ,United States,1751325388.0,1751325392,-90.2164,32.4484,10058.4,False,236.94,92.86,0.65,,10683.24,3651,False,0,2025-06-30 23:16:38
a73d45,ASA646  ,United States,1751325397.0,1751325397,-104.9459,31.1213,10972.8,False,231.2,284.04,0.33,,11620.5,7431,False,0,2025-06-30 23:16:38
a1e4e9,MXY229  ,United States,1751325397.0,1751325397,-87.7222,39.7331,8839.2,False,229.08,158.39,-0.33,,9326.88,5535,False,0,2025-06-30 23:16:38
ac1995,WUP879  ,United States,1751325328.0,1751325340,-68.5049,44.3595,1325.88,False,140.19,42.47,-4.55,,1348.74,2323,False,0,2025-06-30 23:16:38
abf96c,SWA492  ,United States,1751325115.0,1751325115,-96.8523,32.849,,True,2.31,225.0,,,,7262,False,0,2025-06-30 23:16:38
abe65a,AAL2859 ,United States,1751325398.0,1751325398,-80.7136,35.1239,2148.84,False,148.17,80.41,6.83,,2247.9,,False,0,2025-06-30 23:16:38
ab967b,DAL503  ,United States,1751325397.0,1751325397,-98.6519,38.1933,10363.2,False,220.22,297.7,0.0,,10934.7,3552,False,0,2025-06-30 23:16:38
a8028a,JIA5635 ,United States,1751325398.0,1751325398,-78.6477,36.1039,6697.98,False,227.77,259.98,0.33,,7094.22,7210,False,0,2025-06-30 23:16:38
a61d00,UAL2057 ,United States,1751325397.0,1751325397,-110.8914,37.8585,10111.74,False,230.75,240.92,-5.2,,10706.1,1434,False,0,2025-06-30 23:16:38
a6c28c,N53460  ,United States,1751325396.0,1751325397,-86.2987,36.1665,502.92,False,51.09,25.02,0.0,,495.3,1200,False,0,2025-06-30 23:16:38
ad6cbc,N964TS  ,United States,1751325391.0,1751325397,-96.6411,38.0016,5806.44,False,163.58,48.19,11.38,,6126.48,,False,0,2025-06-30 23:16:38
a35a98,ENY3387 ,United States,1751325397.0,1751325397,-83.3573,25.9603,10363.2,False,215.15,338.83,0.0,,10980.42,,False,0,2025-06-30 23:16:38
ad3997,AAL2981 ,United States,1751325398.0,1751325398,-81.2739,35.433,2019.3,False,141.46,101.96,-4.88,,2118.36,5651,False,0,2025-06-30 23:16:38
a7e276,NKS2230 ,United States,1751325397.0,1751325398,-86.4778,34.821,11567.16,False,227.16,257.44,0.33,,12260.58,6453,False,0,2025-06-30 23:16:38
a4dd35,SKW3203 ,United States,1751325397.0,1751325397,-118.1595,47.2483,5166.36,False,169.48,228.57,8.78,,5433.06,,False,0,2025-06-30 23:16:38
acf344,ASH6250 ,United States,1751325398.0,1751325398,-94.6502,30.1237,1630.68,False,119.02,214.79,-4.88,,1767.84,7263,False,0,2025-06-30 23:16:38
a48d94,N3927R  ,United States,1751325301.0,1751325303,-116.8637,32.6829,731.52,False,52.79,127.87,-4.23,,685.8,,False,0,2025-06-30 23:16:38
a9225e,EJA688  ,United States,1751325397.0,1751325398,-120.1163,34.6619,2887.98,False,144.88,170.81,-9.43,,2956.56,6027,False,0,2025-06-30 23:16:38
ab703e,SKW3640 ,United States,1751325295.0,1751325295,-83.3275,42.2286,312.42,False,71.11,208.05,-4.23,,266.7,6727,False,0,2025-06-30 23:16:38
aac69d,N7938C  ,United States,1751325393.0,1751325393,-116.935,32.837,525.78,False,53.18,102.29,0.33,,472.44,,False,0,2025-06-30 23:16:38
a21911,N234TM  ,United States,1751325397.0,1751325397,-122.458,38.1944,579.12,False,69.51,241.73,-3.9,,495.3,1200,False,0,2025-06-30 23:16:38
ab704b,SCX395  ,United States,1751325398.0,1751325398,-119.4103,37.8214,9753.6,False,236.67,261.5,-0.33,,10233.66,,False,0,2025-06-30 23:16:38
a0d90c,AAL3102 ,United States,1751325398.0,1751325398,-87.6881,37.3693,10363.2,False,223.07,234.95,-0.33,,10972.8,3560,False,0,2025-06-30 23:16:38
ab7067,UAL1755 ,United States,1751325397.0,1751325397,-78.446,38.6075,5303.52,False,201.16,81.77,-8.45,,5600.7,3270,False,0,2025-06-30 23:16:38
a97d85,RGY710  ,United States,1751325293.0,1751325293,-113.237,38.2924,11292.84,False,230.95,196.7,0.0,,11917.68,,False,0,2025-06-30 23:16:38
a6c1f1,N5342K  ,United States,1751325397.0,1751325397,-121.3082,38.6627,487.68,False,44.81,282.6,0.65,,426.72,1200,False,0,2025-06-30 23:16:38
abd1e3,SWA1654 ,United States,1751325398.0,1751325398,-87.9972,37.4361,9349.74,False,237.2,130.43,-10.4,,9921.24,2110,False,0,2025-06-30 23:16:38
a801de,FFT4550 ,United States,1751325397.0,1751325397,-81.2061,32.1353,,True,0.0,326.25,,,,0252,False,0,2025-06-30 23:16:38
a08993,N1336U  ,United States,1751325385.0,1751325393,-90.2336,35.2467,609.6,False,34.56,184.27,0.0,,617.22,,False,0,2025-06-30 23:16:38
48ae24,LOT7    ,Poland,1751325398.0,1751325398,-71.6374,43.7759,11064.24,False,257.72,34.67,3.9,,11643.36,2762,False,0,2025-06-30 23:16:38
a2061e,UAL761  ,United States,1751325397.0,1751325397,-99.6061,45.6314,12184.38,False,255.75,204.61,0.33,,12618.72,,False,0,2025-06-30 23:16:38
48ae23,LOT45   ,Poland,1751325397.0,1751325397,-76.3703,47.2281,12184.38,False,233.56,205.44,0.0,,12679.68,,False,0,2025-06-30 23:16:38
a19646,N201FQ  ,United States,1751325398.0,1751325398,-117.7299,33.4093,1676.4,False,72.26,148.69,0.0,,1714.5,,False,0,2025-06-30 23:16:38
485e2f,KLM611  ,Kingdom of the Netherlands,1751325397.0,1751325397,-87.9149,41.9674,,True,10.8,92.81,,,,2455,False,0,2025-06-30 23:16:38
a20645,EJM23   ,United States,1751325398.0,1751325398,-90.3519,42.0276,12489.18,False,260.72,82.97,-0.33,,13014.96,3532,False,0,2025-06-30 23:16:38
485e2e,KLM602  ,Kingdom of the Netherlands,1751325398.0,1751325398,-101.5259,45.7218,10660.38,False,250.77,50.66,0.0,,11102.34,,False,0,2025-06-30 23:16:38
a2195d,SWA3381 ,United States,1751325398.0,1751325398,-92.9056,43.0044,11582.4,False,199.16,268.52,-0.33,,12016.74,6527,False,0,2025-06-30 23:16:38
a0899d,N13364  ,United States,1751325397.0,1751325397,-88.3823,42.3988,1097.28,False,43.77,150.42,-2.6,,1097.28,,False,0,2025-06-30 23:16:38
a6c1fe,N5342Y  ,United States,1751325371.0,1751325371,-80.4425,26.4886,548.64,False,51.7,301.16,0.33,,563.88,,False,0,2025-06-30 23:16:38
48ae06,LOT4TL  ,Poland,1751325398.0,1751325398,-70.9944,42.6434,13106.4,False,248.78,199.45,-0.33,,13708.38,2523,False,0,2025-06-30 23:16:38
48ae02,LOT2    ,Poland,1751325339.0,1751325339,-84.0729,45.9941,11277.6,False,290.28,38.6,-0.33,,11719.56,5623,False,0,2025-06-30 23:16:38
a4efa4,N417RM  ,United States,1751325396.0,1751325396,-119.2322,37.4852,7315.2,False,225.77,276.54,0.33,,7658.1,,False,0,2025-06-30 23:16:38
48ae01,,Poland,1751325382.0,1751325382,-82.5954,47.8861,11574.78,False,213.16,219.22,0.33,,11963.4,,False,0,2025-06-30 23:16:38
a37fa1,UAL1696 ,United States,1751325397.0,1751325397,-90.2107,28.3336,10972.8,False,241.52,299.9,0.0,,11650.98,2645,False,0,2025-06-30 23:16:38
a37fa0,N32403  ,United States,1751325397.0,1751325397,-88.5097,42.2806,960.12,False,48.31,7.96,0.0,,922.02,,False,0,2025-06-30 23:16:38
a01fee,AAL166  ,United States,1751325398.0,1751325398,-111.1422,39.9112,10668.0,False,244.35,77.1,0.33,,11231.88,,False,0,2025-06-30 23:16:38
4948b5,,Portugal,1751325395.0,1751325395,-77.4396,38.9536,,True,8.23,180.0,,,,,False,0,2025-06-30 23:16:38
a4ca66,AAL1634 ,United States,1751325397.0,1751325397,-81.751,35.064,10668.0,False,235.21,76.72,0.0,,11330.94,2255,False,0,2025-06-30 23:16:38
a84a1a,JIA5336 ,United States,1751325398.0,1751325398,-85.1138,31.595,8100.06,False,219.91,325.19,2.6,,8595.36,,False,0,2025-06-30 23:16:38
ad3908,,United States,1751325234.0,1751325236,-81.9975,27.97,281.94,False,62.97,85.31,-0.98,,312.42,,False,0,2025-06-30 23:16:38
a60a54,LFA453  ,United States,1751325397.0,1751325397,-80.562,28.1535,609.6,False,64.03,308.8,5.2,,640.08,4234,False,0,2025-06-30 23:16:38
a24ce0,UAL500  ,United States,1751325397.0,1751325397,-110.4741,32.6347,11277.6,False,233.87,101.8,-0.33,,11902.44,2053,False,0,2025-06-30 23:16:38
a0769c,N129RD  ,United States,1751325397.0,1751325398,-96.7163,33.2947,822.96,False,83.53,7.43,2.6,,800.1,,False,0,2025-06-30 23:16:38
a791c0,AAL884  ,United States,1751325397.0,1751325397,-97.0711,32.8196,937.26,False,119.43,195.23,6.83,,952.5,3410,False,0,2025-06-30 23:16:38
ab3fc4,AAL236  ,United States,1751325391.0,1751325397,-73.7934,40.651,,True,0.32,75.94,,,,,False,0,2025-06-30 23:16:38
a0a034,CSB7505 ,United States,1751325396.0,1751325398,-79.0933,26.3662,8016.24,False,233.29,71.09,13.66,,8412.48,,False,0,2025-06-30 23:16:38
a814bc,N62JR   ,United States,1751325397.0,1751325397,-118.7805,34.2032,1493.52,False,91.71,280.99,-4.23,,1485.9,1312,False,0,2025-06-30 23:16:38
a4ca6a,ASA905  ,United States,1751325398.0,1751325398,-114.412,46.9137,9144.0,False,214.03,303.23,0.0,,9585.96,,False,0,2025-06-30 23:16:38
a19691,RPA5641 ,United States,1751325397.0,1751325397,-71.3893,42.5092,2842.26,False,135.85,97.18,-6.5,,2964.18,4107,False,0,2025-06-30 23:16:38
a827f2,N6243Z  ,United States,1751325397.0,1751325398,-122.734,47.7135,1036.32,False,48.37,302.85,0.33,,1082.04,,False,0,2025-06-30 23:16:38
ac1934,EJA879  ,United States,1751325397.0,1751325397,-93.2573,44.7786,2369.82,False,142.22,121.39,-7.48,,2400.3,7146,False,0,2025-06-30 23:16:38
a84a17,NKS2226 ,United States,1751325397.0,1751325398,-85.2089,32.9676,8679.18,False,245.71,120.86,2.28,,9235.44,7143,False,0,2025-06-30 23:16:38
a4ca87,N408BW  ,United States,1751325348.0,1751325380,-86.3134,36.2118,304.8,False,40.34,185.86,-3.58,,274.32,,False,0,2025-06-30 23:16:38
a6c1d0,N5341M  ,United States,1751325398.0,1751325398,-82.8106,38.8923,13441.68,False,203.6,73.26,2.28,,14081.76,2522,False,0,2025-06-30 23:16:38
a4460d,UAL2667 ,United States,1751325397.0,1751325397,-87.8514,35.5603,9448.8,False,246.21,115.49,0.0,,10020.3,7202,False,0,2025-06-30 23:16:38
a24cc0,UAL1733 ,United States,1751325092.0,1751325092,-74.1684,40.7001,,True,0.77,95.62,,,,,False,0,2025-06-30 23:16:38
ab3fcc,AAL621  ,United States,1751325398.0,1751325398,-82.6893,34.586,10668.0,False,217.11,53.67,0.0,,11308.08,7231,False,0,2025-06-30 23:16:38
ac1951,RPA5645 ,United States,1751325398.0,1751325398,-87.0103,41.964,10668.0,False,247.11,110.47,-0.33,,11193.78,3347,False,0,2025-06-30 23:16:38
a33964,ASA122  ,United States,1751325398.0,1751325398,-122.7042,44.6455,5067.3,False,191.88,4.15,-8.78,,5334.0,2055,False,0,2025-06-30 23:16:38
a5ea5c,UAL465  ,United States,1751325398.0,1751325398,-102.9452,30.5037,10668.0,False,251.35,87.18,-0.33,,11346.18,1725,False,0,2025-06-30 23:16:38
a70978,N5522A  ,United States,1751325398.0,1751325398,-97.8278,35.5686,1021.08,False,36.06,47.89,2.6,,1051.56,,False,0,2025-06-30 23:16:38
a5c96e,N472KE  ,United States,1751325397.0,1751325397,-122.3819,45.0397,3368.04,False,79.25,173.29,0.0,,3512.82,6661,False,0,2025-06-30 23:16:38
a0a060,N14AJ   ,United States,1751325397.0,1751325397,-115.438,47.712,3627.12,False,89.18,273.64,0.98,,3794.76,,False,0,2025-06-30 23:16:38
c05ec7,ACA1277 ,Canada,1751325214.0,1751325237,-82.9046,46.4196,10363.2,False,201.15,270.0,0.0,,10751.82,0130,False,0,2025-06-30 23:16:38
a81624,N62ZA   ,United States,1751325398.0,1751325398,-73.6183,40.9246,1074.42,False,71.3,73.66,0.65,,1104.9,0241,False,0,2025-06-30 23:16:38
c05eac,ACA465  ,Canada,1751325395.0,1751325395,-79.6086,43.6675,190.5,False,58.22,226.43,-0.33,,129.54,6274,False,0,2025-06-30 23:16:38
ad6d03,SWA3576 ,United States,1751325396.0,1751325397,-117.1463,37.1755,10363.2,False,244.23,313.04,0.65,,10904.22,2606,False,0,2025-06-30 23:16:38
a86faf,N64249  ,United States,1751325102.0,1751325102,-122.1184,37.6568,,True,14.4,298.12,,,,0343,False,0,2025-06-30 23:16:38
a98fd6,NKS2347 ,United States,1751325397.0,1751325398,-92.7342,42.693,9745.98,False,225.32,325.51,0.0,,10134.6,3143,False,0,2025-06-30 23:16:38
c05ee5,ACA1071 ,Canada,1751325397.0,1751325397,-76.057,45.2801,8298.18,False,205.85,257.74,4.23,,8671.56,6513,False,0,2025-06-30 23:16:38
ac04ae,SWA2024 ,United States,1751325268.0,1751325268,-104.6959,39.9078,1607.82,False,85.95,178.29,-4.23,,1722.12,5725,False,0,2025-06-30 23:16:38
aac4c4,SKW5694 ,United States,1751325397.0,1751325398,-97.2143,37.1604,10058.4,False,214.25,288.48,6.5,,10637.52,0776,False,0,2025-06-30 23:16:38
a1836c,AAY256  ,United States,1751325398.0,1751325398,-91.8248,31.4624,11590.02,False,227.29,250.7,0.0,,12298.68,3660,False,0,2025-06-30 23:16:38
a3133c,ASA304  ,United States,1751325397.0,1751325398,-88.7366,47.8346,10363.2,False,222.16,281.62,-0.33,,10584.18,,False,0,2025-06-30 23:16:38
c05edd,ACA578  ,Canada,1751325397.0,1751325397,-119.4288,48.0937,10462.26,False,232.85,112.88,2.93,,10873.74,2601,False,0,2025-06-30 23:16:38
ac04c6,SKW5993 ,United States,1751325397.0,1751325397,-90.9732,43.1701,8206.74,False,179.61,268.36,9.43,,8503.92,,False,0,2025-06-30 23:16:38
ac04c5,SKW5579 ,United States,1751325397.0,1751325398,-121.5341,38.5634,10668.0,False,210.74,158.07,0.33,,11178.54,1776,False,0,2025-06-30 23:16:38
ac04c2,SKW6965 ,United States,1751325397.0,1751325397,-87.8755,41.8072,2164.08,False,150.04,163.06,14.63,,2232.66,1312,False,0,2025-06-30 23:16:38
c05ed0,ACA1029 ,Canada,1751325397.0,1751325397,-93.3017,34.367,10972.8,False,227.76,251.16,-0.33,,11620.5,6220,False,0,2025-06-30 23:16:38
ac04be,ASH6361 ,United States,1751325374.0,1751325389,-91.9791,31.8794,8534.4,False,230.3,279.13,0.33,,9044.94,3011,False,0,2025-06-30 23:16:38
4075c3,UBT70Z  ,United Kingdom,1751325398.0,1751325398,-72.9656,41.3842,6583.68,False,225.21,50.75,7.15,,6941.82,2611,False,0,2025-06-30 23:16:38
0c20f6,CMP472  ,Panama,1751325397.0,1751325397,-118.1998,33.956,922.02,False,95.84,263.22,-4.55,,922.02,0265,False,0,2025-06-30 23:16:38
a0a046,N1399U  ,United States,1751325344.0,1751325350,-117.8571,33.691,91.44,False,30.63,209.15,-1.95,,38.1,,False,0,2025-06-30 23:16:38
a1c023,N2114F  ,United States,1751325251.0,1751325251,-79.0961,35.5937,91.44,False,30.77,200.56,-1.3,,60.96,,False,0,2025-06-30 23:16:38
c05ed8,ACA595  ,Canada,1751325160.0,1751325348,-79.6126,43.6798,,True,0.06,53.44,,,,,False,0,2025-06-30 23:16:38
c05ed9,ACA742  ,Canada,1751325398.0,1751325398,-104.8791,41.1178,10668.0,False,239.23,82.46,0.0,,11231.88,6355,False,0,2025-06-30 23:16:38
a57968,N4519B  ,United States,1751325398.0,1751325398,-70.8722,41.9795,1539.24,False,43.23,1.36,2.28,,1592.58,,False,0,2025-06-30 23:16:38
aab1af,SWA3905 ,United States,1751325398.0,1751325398,-90.8828,39.9048,10774.68,False,252.31,37.71,-7.15,,11330.94,0674,False,0,2025-06-30 23:16:38
a62fd1,SWA2887 ,United States,1751325367.0,1751325367,-115.1308,36.0737,662.94,False,77.17,269.62,-2.28,,655.32,,False,0,2025-06-30 23:16:38
a075ae,N129FR  ,United States,1751325397.0,1751325397,-73.6298,41.8306,1280.16,False,43.95,286.31,1.63,,1424.94,,False,0,2025-06-30 23:16:38
aac4ed,UAL19   ,United States,1751325398.0,1751325398,-69.6314,43.0624,10485.12,False,255.55,56.66,3.25,,10980.42,2701,False,0,2025-06-30 23:16:38
a1c083,N21167  ,United States,1751325308.0,1751325308,-76.0415,38.8071,274.32,False,52.07,29.6,-2.28,,259.08,,False,0,2025-06-30 23:16:38
a74fa2,JIA5068 ,United States,1751325106.0,1751325108,-97.0331,32.9069,,True,11.32,0.0,,,,,False,0,2025-06-30 23:16:38
a68631,N5197F  ,United States,1751325397.0,1751325397,-121.8498,37.416,1074.42,False,41.68,335.97,3.58,,1082.04,1200,False,0,2025-06-30 23:16:38
c05ea6,ACA121  ,Canada,1751325398.0,1751325398,-88.241,48.8862,9738.36,False,224.67,298.44,-0.33,,9883.14,,False,0,2025-06-30 23:16:38
a56661,UAL1604 ,United States,1751325398.0,1751325398,-113.1343,40.7242,10980.42,False,227.9,270.39,0.0,,11567.16,1462,False,0,2025-06-30 23:16:38
a2e045,UAL1667 ,United States,1751325397.0,1751325397,-88.8267,35.9193,10668.0,False,248.26,25.93,0.0,,11315.7,5672,False,0,2025-06-30 23:16:38
a96a7d,N7057Q  ,United States,1751325187.0,1751325187,-95.7582,41.2447,419.1,False,32.93,0.9,-1.95,,411.48,,False,0,2025-06-30 23:16:38
acf1a3,PDT5805 ,United States,1751325382.0,1751325383,-75.1928,39.8812,160.02,False,74.99,255.3,-3.58,,129.54,4533,False,0,2025-06-30 23:16:38
a55333,N442MW  ,United States,1751325388.0,1751325396,-87.6703,41.8634,213.36,False,0.0,0.0,0.0,,144.78,1200,False,0,2025-06-30 23:16:38
aac363,N793CG  ,United States,1751325397.0,1751325397,-104.0715,39.0844,5577.84,False,172.96,289.46,-8.78,,5897.88,7376,False,0,2025-06-30 23:16:38
a6d234,DAL1780 ,United States,1751325398.0,1751325398,-70.9599,42.4582,533.4,False,83.82,200.1,-4.23,,533.4,1636,False,0,2025-06-30 23:16:38
a98bc2,JRE714  ,United States,1751325397.0,1751325397,-76.0776,41.8591,7338.06,False,210.58,38.35,-5.85,,7703.82,5535,False,0,2025-06-30 23:16:38
aac35d,ASI978  ,United States,1751325397.0,1751325397,-97.5582,30.9419,1356.36,False,51.88,202.75,0.0,,1402.08,2303,False,0,2025-06-30 23:16:38
abd010,AAL2270 ,United States,1751325398.0,1751325398,-98.6874,32.9375,8702.04,False,230.74,316.81,8.45,,9235.44,3414,False,0,2025-06-30 23:16:38
a9a867,N721MS  ,United States,1751325390.0,1751325395,-103.0611,44.0445,,True,0.0,241.88,,,,,False,0,2025-06-30 23:16:38
a56285,N446SP  ,United States,1751325397.0,1751325397,-121.6394,37.1411,1005.84,False,57.88,329.56,-0.98,,998.22,1200,False,0,2025-06-30 23:16:38
a097cc,UAL1046 ,United States,1751325397.0,1751325397,-84.7226,33.6929,3032.76,False,152.45,280.89,-0.33,,3192.78,7102,False,0,2025-06-30 23:16:38
a9587d,N701CF  ,United States,1751325398.0,1751325398,-93.0404,45.0857,1531.62,False,108.57,5.71,0.0,,1562.1,,False,0,2025-06-30 23:16:38
a8bbbc,AAL2990 ,United States,1751325398.0,1751325398,-92.2414,38.2161,9144.0,False,229.72,255.34,-0.33,,9654.54,4067,False,0,2025-06-30 23:16:38
ab9383,AAL2321 ,United States,1751325398.0,1751325398,-89.4177,42.4747,5638.8,False,223.19,99.42,-3.58,,5852.16,1362,False,0,2025-06-30 23:16:38
a69592,N523RH  ,United States,1751325398.0,1751325398,-73.5272,41.1957,632.46,False,65.02,85.46,0.33,,640.08,0216,False,0,2025-06-30 23:16:38
ac1698,SWA1704 ,United States,1751325398.0,1751325398,-90.9387,38.0343,10050.78,False,251.77,113.74,-0.98,,10629.9,1432,False,0,2025-06-30 23:16:38
aa735a,SWA4065 ,United States,1751325398.0,1751325398,-106.6492,39.1331,10972.8,False,232.83,206.51,0.33,,11544.3,3260,False,0,2025-06-30 23:16:38
ab9387,DAL88   ,United States,1751325398.0,1751325398,-78.341,35.8836,8839.2,False,252.85,63.8,0.0,,9387.84,3141,False,0,2025-06-30 23:16:38
a8cec7,FFT3131 ,United States,1751325397.0,1751325397,-100.3228,30.8469,10363.2,False,232.69,282.25,-0.33,,11010.9,4252,False,0,2025-06-30 23:16:38
a99ed2,JIA5250 ,United States,1751325397.0,1751325397,-81.5997,30.7678,3337.56,False,165.09,33.05,8.45,,3489.96,,False,0,2025-06-30 23:16:38
aa1cfa,N7504N  ,United States,1751325397.0,1751325397,-123.3466,39.5243,3535.68,False,80.02,149.48,-0.65,,3665.22,,False,0,2025-06-30 23:16:38
a44257,UAL2204 ,United States,1751325197.0,1751325396,-112.1661,37.5394,10355.58,False,231.21,234.97,-0.33,,10927.08,1322,False,0,2025-06-30 23:16:38
c05d7b,WJA2930 ,Canada,1751325397.0,1751325398,-78.0977,38.2531,10980.42,False,243.95,181.69,0.0,,11628.12,2721,False,0,2025-06-30 23:16:38
a44258,UAL2272 ,United States,1751325398.0,1751325398,-96.1683,43.3487,9144.0,False,209.89,233.27,0.0,,9479.28,2652,False,0,2025-06-30 23:16:38
a4423b,UAL2386 ,United States,1751325398.0,1751325398,-96.4395,38.7923,10058.4,False,264.2,108.15,0.0,,10599.42,,False,0,2025-06-30 23:16:38
a25d36,SWA2971 ,United States,1751325392.0,1751325394,-122.213,37.7113,,True,0.19,56.25,,,,2014,False,0,2025-06-30 23:16:38
a347c0,N310KP  ,United States,1751325334.0,1751325370,-92.6338,41.3891,327.66,False,57.48,314.27,4.55,,274.32,,False,0,2025-06-30 23:16:38
a227d4,N238SM  ,United States,1751325397.0,1751325398,-105.3046,44.6606,12192.0,False,199.76,258.86,0.0,,12702.54,,False,0,2025-06-30 23:16:38
aa9990,ENY3720 ,United States,1751325398.0,1751325398,-74.4453,45.2384,10363.2,False,220.41,330.8,0.33,,10850.88,3570,False,0,2025-06-30 23:16:38
ad237c,ASA229  ,United States,1751325398.0,1751325398,-95.9381,46.4357,11277.6,False,255.38,116.82,-0.33,,11590.02,,False,0,2025-06-30 23:16:38
a9a80f,N721JD  ,United States,1751325397.0,1751325397,-118.7841,34.2821,914.4,False,42.5,83.05,4.23,,891.54,,False,0,2025-06-30 23:16:38
abd063,RPA5621 ,United States,1751325398.0,1751325398,-79.7579,34.0009,9448.8,False,227.9,20.48,0.0,,10020.3,1622,False,0,2025-06-30 23:16:38
a4ebd9,EJA416  ,United States,1751325391.0,1751325396,-118.4877,34.2083,,True,0.0,73.12,,,,,False,0,2025-06-30 23:16:38
a097e9,UAL1852 ,United States,1751325397.0,1751325397,-99.963,25.9148,4267.2,False,153.72,302.15,-4.23,,4503.42,7260,False,0,2025-06-30 23:16:38
a56256,EJA446  ,United States,1751325319.0,1751325319,-122.383,37.6264,,True,4.89,16.88,,,,5521,False,0,2025-06-30 23:16:38
c05d3c,JZA824  ,Canada,1751325398.0,1751325398,-76.0585,39.1708,6774.18,False,209.53,81.67,9.1,,7170.42,4067,False,0,2025-06-30 23:16:38
a74bab,N5697E  ,United States,1751325397.0,1751325397,-86.5146,34.9179,1043.94,False,45.34,266.75,-0.65,,1066.8,0136,False,0,2025-06-30 23:16:38
a25d05,UPS9302 ,United States,1751325397.0,1751325397,-89.6822,36.0473,11567.16,False,240.88,237.29,0.0,,12291.06,0060,False,0,2025-06-30 23:16:38
a5c564,N471FX  ,United States,1751325398.0,1751325398,-95.0608,29.3004,4671.06,False,141.79,347.43,17.56,,4960.62,,False,0,2025-06-30 23:16:38
aab09a,SWA4281 ,United States,1751325397.0,1751325398,-122.2431,37.7212,350.52,False,78.66,312.35,6.83,,312.42,,False,0,2025-06-30 23:16:38
aa0b10,RPA3618 ,United States,1751325397.0,1751325397,-76.7008,38.3267,7002.78,False,198.64,172.71,5.2,,7399.02,3743,False,0,2025-06-30 23:16:38
a5d7b0,LFA457  ,United States,1751325397.0,1751325397,-81.4338,28.639,579.12,False,56.81,218.01,-0.65,,632.46,3074,False,0,2025-06-30 23:16:38
a12a64,N1740C  ,United States,1751325397.0,1751325397,-82.1773,28.5449,868.68,False,49.24,349.16,0.0,,914.4,,False,0,2025-06-30 23:16:38
ac6fa4,SKW5719 ,United States,1751325397.0,1751325397,-87.723,42.092,1851.66,False,109.07,90.54,0.0,,1882.14,5337,False,0,2025-06-30 23:16:38
aa98cd,JRE782  ,United States,1751325397.0,1751325398,-86.6349,36.0271,13716.0,False,194.14,160.17,0.0,,14378.94,5167,False,0,2025-06-30 23:16:38
a214e5,AAY3226 ,United States,1751325397.0,1751325397,-111.7139,40.2116,,True,3.6,160.31,,,,,False,0,2025-06-30 23:16:38
ac6faf,N900FF  ,United States,1751325397.0,1751325397,-97.4903,35.9516,457.2,False,64.19,170.31,-1.3,,457.2,,False,0,2025-06-30 23:16:38
ab4fd4,DAL296  ,United States,1751325397.0,1751325397,-76.2656,36.8567,10066.02,False,244.8,48.07,0.0,,10652.76,7175,False,0,2025-06-30 23:16:38
a62d26,N4975F  ,United States,1751325397.0,1751325397,-117.089,32.7976,381.0,False,42.69,282.53,-0.33,,327.66,,False,0,2025-06-30 23:16:38
ab0971,AAL1970 ,United States,1751325108.0,1751325108,-81.6609,30.5082,38.1,False,64.44,250.41,-2.93,,45.72,,False,0,2025-06-30 23:16:38
aae94c,MRA609  ,United States,1751325397.0,1751325397,-85.0144,43.5154,2164.08,False,90.11,156.8,-0.98,,2194.56,,False,0,2025-06-30 23:16:38
a214bd,N233ME  ,United States,1751325369.0,1751325369,-118.4916,34.2107,,True,12.35,354.38,,,,5413,False,0,2025-06-30 23:16:38
a24a0a,ASA1135 ,United States,1751325398.0,1751325398,-118.2616,33.5276,7505.7,False,224.81,314.81,8.13,,7871.46,1047,False,0,2025-06-30 23:16:38
a36a13,DAL3155 ,United States,1751325398.0,1751325398,-86.3604,39.8224,10073.64,False,260.72,36.58,-1.3,,10629.9,5671,False,0,2025-06-30 23:16:38
ac2952,DAL647  ,United States,1751325397.0,1751325397,-94.8668,30.5603,10363.2,False,231.26,320.32,0.0,,10988.04,7130,True,0,2025-06-30 23:16:38
a0d4d3,GMN86   ,United States,1751325398.0,1751325398,-123.1816,44.6862,1432.56,False,96.04,209.17,-0.33,,1470.66,,False,0,2025-06-30 23:16:38
a9327a,DAL2274 ,United States,1751325397.0,1751325397,-105.1201,40.93,11887.2,False,242.05,43.02,0.0,,12451.08,1633,False,0,2025-06-30 23:16:38
a24a31,MXY206  ,United States,1751325398.0,1751325398,-79.9663,32.9817,1905.0,False,145.68,326.09,11.38,,1988.82,3223,False,0,2025-06-30 23:16:38
ad8fa4,JBU263  ,United States,1751325398.0,1751325398,-91.3196,43.7032,10363.2,False,202.07,290.88,0.0,,10698.48,4553,False,0,2025-06-30 23:16:38
ad493b,,United States,1751325393.0,1751325393,-86.6718,36.1226,,True,9.26,225.0,,,,,False,0,2025-06-30 23:16:38
c05d08,JZA964  ,Canada,1751325387.0,1751325387,-73.7493,45.4598,,True,0.0,270.0,,,,5213,False,0,2025-06-30 23:16:38
adba98,N984GB  ,United States,1751325397.0,1751325397,-93.6851,41.27,10668.0,False,181.47,275.69,0.0,,11163.3,4052,False,0,2025-06-30 23:16:38
a3cd6b,DAL948  ,United States,1751325398.0,1751325398,-110.4904,32.5634,10363.2,False,228.89,285.38,0.0,,10972.8,3444,False,0,2025-06-30 23:16:38
a837a5,UAL8144 ,United States,1751325396.0,1751325398,-80.835,37.118,9753.6,False,245.53,238.97,0.0,,10340.34,2407,False,0,2025-06-30 23:16:38
a37d8a,DAL1986 ,United States,1751325397.0,1751325397,-97.6631,30.2034,,True,1.54,227.81,,,,3013,False,0,2025-06-30 23:16:38
a9dbd1,N734VQ  ,United States,1751325397.0,1751325397,-81.4156,28.578,312.42,False,47.45,279.36,-0.65,,320.04,1200,False,0,2025-06-30 23:16:38
ad495b,AAL1414 ,United States,1751325397.0,1751325397,-83.8375,36.8711,10957.56,False,228.49,253.12,0.33,,11620.5,5646,False,0,2025-06-30 23:16:38
a82598,N624FB  ,United States,1751325397.0,1751325397,-112.0724,33.6495,716.28,False,52.92,153.43,1.95,,640.08,,False,0,2025-06-30 23:16:38
aa739d,UAL403  ,United States,1751325205.0,1751325218,-87.8744,41.9883,297.18,False,79.23,270.37,-3.9,,251.46,6660,False,0,2025-06-30 23:16:38
ac6ff5,APC995  ,United States,1751325397.0,1751325397,-117.2164,45.9651,2865.12,False,91.09,91.62,-0.33,,3009.9,,False,0,2025-06-30 23:16:38
ab9345,JRE845  ,United States,1751325398.0,1751325398,-79.4355,33.1442,5814.06,False,172.77,41.38,8.78,,6126.48,2650,False,0,2025-06-30 23:16:38
aa739e,UAL1566 ,United States,1751325398.0,1751325398,-77.6659,38.4719,4198.62,False,186.42,210.88,10.4,,4396.74,2162,False,0,2025-06-30 23:16:38
aac337,AAL48   ,United States,1751325398.0,1751325398,-97.002,32.7986,1165.86,False,112.63,158.0,13.98,,1211.58,0530,False,0,2025-06-30 23:16:38
a99efb,N719RH  ,United States,1751325396.0,1751325398,-95.7596,33.299,1135.38,False,37.1,135.0,-2.6,,1188.72,1200,False,0,2025-06-30 23:16:38
adcca0,AAL3103 ,United States,1751325398.0,1751325398,-80.3913,41.3367,10972.8,False,214.32,241.47,0.0,,11567.16,1605,False,0,2025-06-30 23:16:38
ab800d,N840CB  ,United States,1751325397.0,1751325397,-83.8476,34.6063,13106.4,False,230.99,152.98,-0.33,,13799.82,6262,False,0,2025-06-30 23:16:38
a5b29e,N46622  ,United States,1751325384.0,1751325397,-97.231,33.2471,487.68,False,44.35,86.01,-2.6,,487.68,,False,0,2025-06-30 23:16:38
ad8fea,N973MN  ,United States,1751325397.0,1751325397,-116.4879,34.9716,11140.44,False,254.97,47.94,4.88,,11772.9,7770,False,0,2025-06-30 23:16:38
a1e1d8,RPA5652 ,United States,1751325396.0,1751325397,-75.9056,37.6079,6515.1,False,204.52,43.37,5.2,,6911.34,,False,0,2025-06-30 23:16:38
a9eee0,N7390P  ,United States,1751325397.0,1751325397,-93.8187,36.2584,1493.52,False,53.29,344.89,-0.65,,1508.76,4306,False,0,2025-06-30 23:16:38
a9dbbd,N734UV  ,United States,1751325395.0,1751325397,-87.8665,43.5199,1165.86,False,55.47,28.23,-0.33,,1143.0,,False,0,2025-06-30 23:16:38
a9eeef,N73904  ,United States,1751325397.0,1751325397,-121.8355,37.7613,1097.28,False,53.84,63.92,-0.33,,1066.8,5310,False,0,2025-06-30 23:16:38
a81289,N6190D  ,United States,1751325397.0,1751325397,-117.2707,32.8656,1287.78,False,41.07,347.7,1.3,,1287.78,,False,0,2025-06-30 23:16:38
ac1675,SWA1728 ,United States,1751325397.0,1751325397,-84.4171,35.9482,7620.0,False,253.33,95.71,0.33,,8077.2,2030,False,0,2025-06-30 23:16:38
a93257,SKW3842 ,United States,1751325397.0,1751325397,-88.2369,43.3158,8534.4,False,211.3,285.39,0.0,,8892.54,1351,False,0,2025-06-30 23:16:38
a12a7c,UAL8167 ,United States,1751325397.0,1751325397,-86.7364,36.4019,10668.0,False,232.76,171.1,0.0,,11308.08,6576,False,0,2025-06-30 23:16:38
aa737d,SWA6475 ,United States,1751325397.0,1751325397,-91.2506,35.794,11887.2,False,239.36,91.97,0.33,,12542.52,1026,False,0,2025-06-30 23:16:38
a9ca09,N73PT   ,United States,1751325366.0,1751325366,-81.4654,28.4364,106.68,False,29.54,215.07,-3.25,,121.92,1200,False,0,2025-06-30 23:16:38
a97a37,N71FF   ,United States,1751325398.0,1751325398,-116.98,32.7706,1036.32,False,49.14,259.75,-2.28,,1021.08,,False,0,2025-06-30 23:16:38
c05bd2,ACA151  ,Canada,1751325398.0,1751325398,-97.076,48.853,10469.88,False,210.0,300.15,2.28,,10721.34,,False,0,2025-06-30 23:16:38
c05bd5,ACA795  ,Canada,1751325397.0,1751325397,-79.6343,43.6921,,True,2.83,19.69,,,,0533,False,0,2025-06-30 23:16:38
a48a83,DAL3218 ,United States,1751325396.0,1751325396,-81.2064,32.1341,,True,0.0,357.19,,,,,False,0,2025-06-30 23:16:38
a07311,SKW5316 ,United States,1751325397.0,1751325397,-122.9209,43.7375,10652.76,False,202.74,178.69,4.23,,11132.82,,False,0,2025-06-30 23:16:38
ab3d9a,SKW4033 ,United States,1751325397.0,1751325397,-84.3625,33.6495,518.16,False,73.57,269.6,-3.9,,518.16,1353,False,0,2025-06-30 23:16:38
a6e4e8,AAL1859 ,United States,1751325398.0,1751325398,-112.0062,40.8707,9768.84,False,236.97,267.01,0.0,,10287.0,4167,False,0,2025-06-30 23:16:38
adcd26,MTN7476 ,United States,1751325398.0,1751325398,-76.0896,36.2586,1211.58,False,82.65,351.77,0.0,,1257.3,,False,0,2025-06-30 23:16:38
a6e4e4,DAL1848 ,United States,1751325397.0,1751325397,-84.2798,33.6312,944.88,False,93.91,274.4,-4.23,,975.36,2144,False,0,2025-06-30 23:16:38
a8bd1b,QXE2223 ,United States,1751325398.0,1751325398,-122.296,47.7662,4015.74,False,136.76,4.53,13.0,,4198.62,3533,False,0,2025-06-30 23:16:38
a08615,N1328F  ,United States,1751325397.0,1751325397,-81.4618,28.8695,449.58,False,57.65,92.05,-0.33,,464.82,0340,False,0,2025-06-30 23:16:38
a10931,AAL636  ,United States,1751325398.0,1751325398,-107.8508,31.8415,10035.54,False,245.4,90.6,0.33,,10614.66,7272,False,0,2025-06-30 23:16:38
adba0a,ASA412  ,United States,1751325397.0,1751325397,-84.9156,42.3272,10668.0,False,256.44,110.8,0.0,,11193.78,6525,False,0,2025-06-30 23:16:38
a9a7c9,N721FJ  ,United States,1751325398.0,1751325398,-105.136,39.9375,1783.08,False,51.66,224.19,-2.28,,1866.9,,False,0,2025-06-30 23:16:38
a01ca5,SKW5575 ,United States,1751325397.0,1751325397,-95.539,30.1503,3284.22,False,148.66,140.19,-7.48,,3474.72,2253,False,0,2025-06-30 23:16:38
a441d6,DAL2533 ,United States,1751325398.0,1751325398,-122.7288,46.5027,5326.38,False,193.49,358.63,-9.75,,5593.08,2457,False,0,2025-06-30 23:16:38
a4b914,N403PJ  ,United States,1751325347.0,1751325396,-79.0564,40.8324,36393.12,False,73.41,328.76,-1.3,,,0150,False,0,2025-06-30 23:16:38
a1e302,SWA3555 ,United States,1751325397.0,1751325398,-78.5207,41.9702,11582.4,False,210.38,240.24,0.0,,12192.0,0463,True,0,2025-06-30 23:16:38
adcd6d,JBU224  ,United States,1751325397.0,1751325397,-114.8469,33.2529,10058.4,False,245.78,98.91,0.0,,10614.66,6556,True,0,2025-06-30 23:16:38
a06010,AAL562  ,United States,1751325398.0,1751325398,-86.2022,34.0953,9745.98,False,234.88,281.75,0.0,,10340.34,2530,False,0,2025-06-30 23:16:38
a704c7,PVA4646 ,United States,1751325395.0,1751325395,-112.9472,37.6007,13106.4,False,248.01,215.8,0.0,,13799.82,,False,0,2025-06-30 23:16:38
a98d0c,N714XX  ,United States,1751325397.0,1751325398,-123.0873,45.5122,388.62,False,39.44,30.58,-1.63,,381.0,,False,0,2025-06-30 23:16:38
a0733a,UPS9768 ,United States,1751325397.0,1751325397,-81.1554,33.8729,1615.44,False,112.73,212.89,17.23,,1668.78,,False,0,2025-06-30 23:16:38
c05ba9,WJA213  ,Canada,1751325381.0,1751325391,-81.5276,47.7951,10972.8,False,207.6,300.7,0.0,,11361.42,,False,0,2025-06-30 23:16:38
c05bc6,ROU1616 ,Canada,1751325397.0,1751325397,-80.9903,28.6274,4838.7,False,187.56,244.84,0.0,,5105.4,5675,False,0,2025-06-30 23:16:38
a694dd,JBU2655 ,United States,1751325398.0,1751325398,-80.0206,36.1801,10980.42,False,243.54,198.86,0.0,,11643.36,0506,False,0,2025-06-30 23:16:38
a5c4e2,ASA676  ,United States,1751325397.0,1751325398,-121.2984,43.7742,10972.8,False,234.33,338.22,-0.33,,11468.1,,False,0,2025-06-30 23:16:38
a01cd4,N106UV  ,United States,1751325397.0,1751325397,-111.735,40.2329,1470.66,False,38.95,326.31,2.6,,1501.14,,False,0,2025-06-30 23:16:38
a5c4f4,EDG471  ,United States,1751325397.0,1751325397,-83.4924,33.1131,10949.94,False,253.98,133.69,-8.13,,11605.26,2411,False,0,2025-06-30 23:16:38
ab4fae,DAL446  ,United States,1751325398.0,1751325398,-87.6099,32.3889,9608.82,False,248.99,99.03,-6.18,,10203.18,2022,False,0,2025-06-30 23:16:38
4d23a1,VIV4085 ,Malta,1751325397.0,1751325397,-116.2084,32.1238,6682.74,False,215.39,108.09,7.15,,7048.5,,False,0,2025-06-30 23:16:38
ad6a7f,N9636K  ,United States,1751325397.0,1751325397,-104.4357,38.6745,2628.9,False,77.76,337.85,-0.33,,2766.06,7341,False,0,2025-06-30 23:16:38
a86d36,FFT4146 ,United States,1751325398.0,1751325398,-103.6601,35.1854,10058.4,False,236.98,85.14,-0.33,,10637.52,,False,0,2025-06-30 23:16:38
ac27a6,SWA3724 ,United States,1751325397.0,1751325398,-81.4215,29.352,7322.82,False,223.27,359.74,8.13,,7726.68,4075,False,0,2025-06-30 23:16:38
a3dfeb,DAL1612 ,United States,1751325397.0,1751325397,-97.6733,30.1964,,True,9.77,357.19,,,,4111,False,0,2025-06-30 23:16:38
afb23c,JOLLY92 ,United States,1751325397.0,1751325397,-121.952,37.2294,1143.0,False,65.46,336.86,-3.9,,1135.38,,False,0,2025-06-30 23:16:38
ab3d14,FDY484  ,United States,1751325296.0,1751325318,-90.668,40.1611,2727.96,False,87.46,241.93,-3.25,,2819.4,3261,False,0,2025-06-30 23:16:38
a58982,N456MJ  ,United States,1751325398.0,1751325398,-119.3654,34.7073,5242.56,False,158.2,128.4,-7.15,,5455.92,3634,False,0,2025-06-30 23:16:38
a4b96d,SKW3363 ,United States,1751325397.0,1751325397,-121.3116,44.6656,5273.04,False,168.49,320.58,9.1,,5554.98,,False,0,2025-06-30 23:16:38
a4a63d,LN399WS ,United States,1751325397.0,1751325397,-105.0367,42.3332,6111.24,False,129.07,349.9,0.0,,6454.14,5142,False,0,2025-06-30 23:16:38
a44308,DAL932  ,United States,1751325386.0,1751325398,-85.0879,34.2721,4640.58,False,188.2,142.44,-9.43,,4899.66,1206,False,0,2025-06-30 23:16:38
a1099f,SKW5753 ,United States,1751325397.0,1751325397,-85.7082,40.5724,7292.34,False,226.06,344.29,-3.58,,7673.34,6017,False,0,2025-06-30 23:16:38
a1933c,ENY4103 ,United States,1751325397.0,1751325397,-88.3221,30.6702,1630.68,False,132.26,309.63,10.08,,1729.74,,False,0,2025-06-30 23:16:38
a5d965,SWA3336 ,United States,1751325396.0,1751325396,-94.6102,39.3424,1524.0,False,127.22,108.87,9.43,,1554.48,,False,0,2025-06-30 23:16:38
a19343,AAL1743 ,United States,1751325386.0,1751325393,-77.4556,38.9346,,True,0.0,199.69,,,,,False,0,2025-06-30 23:16:38
ab3d39,AAL2624 ,United States,1751325397.0,1751325397,-108.4695,36.0002,9144.0,False,236.5,212.2,0.33,,9669.78,3235,False,0,2025-06-30 23:16:38
a38ff9,N329CH  ,United States,1751325373.0,1751325379,-122.5351,45.5713,190.5,False,49.93,297.62,-2.6,,160.02,6310,False,0,2025-06-30 23:16:38
a25cdc,SKW3585 ,United States,1751325397.0,1751325397,-115.8804,43.5068,10363.2,False,206.25,320.87,0.0,,10866.12,,False,0,2025-06-30 23:16:38
a1801c,SKW3482 ,United States,1751325115.0,1751325115,-117.1839,32.7322,22.86,False,69.04,286.0,-4.55,,83.82,3377,False,0,2025-06-30 23:16:38
a5b316,N4666G  ,United States,1751325332.0,1751325332,-90.8596,40.8145,1828.8,False,63.81,196.39,0.0,,1866.9,,False,0,2025-06-30 23:16:38
a33646,WUP306  ,United States,1751325397.0,1751325398,-104.1776,38.0889,12496.8,False,223.21,115.38,-0.33,,13114.02,3746,False,0,2025-06-30 23:16:38
a97a67,N71HD   ,United States,1751325158.0,1751325158,-117.2471,33.8621,518.16,False,26.24,1.12,-4.88,,480.06,1200,False,0,2025-06-30 23:16:38
a97a69,N71HF   ,United States,1751325397.0,1751325397,-73.0503,40.8359,373.38,False,38.92,224.46,-2.93,,350.52,4237,False,0,2025-06-30 23:16:38
a20395,N229MT  ,United States,1751325397.0,1751325398,-111.895,33.0249,784.86,False,54.37,325.41,-0.98,,716.28,,True,0,2025-06-30 23:16:38
c05c7a,JZA7922 ,Canada,1751325397.0,1751325397,-72.3774,45.3115,6758.94,False,248.69,85.61,7.8,,7071.36,,False,0,2025-06-30 23:16:38
a8aa77,PDT6009 ,United States,1751325398.0,1751325398,-77.9582,35.717,4518.66,False,173.89,279.88,8.45,,4762.5,3675,False,0,2025-06-30 23:16:38
ad34b4,AAL1554 ,United States,1751325397.0,1751325398,-96.2032,33.4581,4480.56,False,174.95,235.42,-7.15,,4747.26,5777,False,0,2025-06-30 23:16:38
a5d927,UAL640  ,United States,1751325397.0,1751325397,-99.3778,37.3778,10660.38,False,247.24,111.23,0.0,,11277.6,2303,False,0,2025-06-30 23:16:38
a2f016,GXA106  ,United States,1751325109.0,1751325109,-80.9269,41.3138,982.98,False,116.57,339.33,-5.85,,975.36,0654,False,0,2025-06-30 23:16:38
a32367,DAL2974 ,United States,1751325390.0,1751325395,-77.4533,38.9484,,True,0.0,0.0,,,,,False,0,2025-06-30 23:16:38
ac01a4,ES803   ,United States,1751325381.0,1751325387,-120.9656,38.0241,2004.06,False,66.95,333.04,2.28,,2042.16,,False,0,2025-06-30 23:16:38
a32368,DAL840  ,United States,1751325397.0,1751325397,-101.4477,39.5072,9258.3,False,248.61,100.61,3.25,,9753.6,,False,0,2025-06-30 23:16:38
ab3d6f,EJA823  ,United States,1751325398.0,1751325398,-85.7515,36.4359,13106.4,False,245.33,68.6,-0.33,,13776.96,3416,False,0,2025-06-30 23:16:38
a3ccb7,FFT1248 ,United States,1751325398.0,1751325398,-86.2912,42.783,4975.86,False,213.32,79.72,-7.48,,5143.5,3244,False,0,2025-06-30 23:16:38
a44334,FFT2953 ,United States,1751325397.0,1751325397,-79.3195,36.6558,9631.68,False,239.51,221.26,3.9,,10226.04,6221,False,0,2025-06-30 23:16:38
ad34c1,HER950  ,United States,1751325398.0,1751325398,-80.1994,26.3903,419.1,False,79.76,146.31,-0.33,,464.82,7616,False,0,2025-06-30 23:16:38
a8bd6a,UAL967  ,United States,1751325125.0,1751325125,-74.1788,40.6991,,True,0.0,185.62,,,,0717,False,0,2025-06-30 23:16:38
aa0a6e,SKW6354 ,United States,1751325376.0,1751325389,-90.2528,34.2757,10972.8,False,230.26,231.44,-0.33,,11658.6,1102,False,0,2025-06-30 23:16:38
a50cb7,RPA4453 ,United States,1751325398.0,1751325398,-78.388,37.9878,10668.0,False,238.41,82.06,0.0,,11330.94,3451,False,0,2025-06-30 23:16:38
ac5d61,UAL1134 ,United States,1751325398.0,1751325398,-94.112,44.7031,5029.2,False,190.03,72.35,-8.78,,5166.36,6565,False,0,2025-06-30 23:16:38
a228ab,N23802  ,United States,1751325397.0,1751325397,-122.5448,48.4446,762.0,False,67.13,139.35,1.3,,762.0,,False,0,2025-06-30 23:16:38
c05e8e,JZA897  ,Canada,1751325392.0,1751325396,-79.6088,43.6788,,True,0.9,42.19,,,,,False,0,2025-06-30 23:16:38
acf10e,CAP4033 ,United States,1751325390.0,1751325390,-96.7036,43.5271,640.08,False,45.13,335.77,-2.6,,678.18,3436,False,0,2025-06-30 23:16:38
ae5773,PAT516  ,United States,1751325398.0,1751325398,-85.1921,38.1946,2438.4,False,113.39,263.49,-0.33,,2529.84,5660,False,0,2025-06-30 23:16:38
a8cffd,UAL75   ,United States,1751325397.0,1751325398,-74.1132,40.8907,975.36,False,114.98,150.22,-2.6,,990.6,7341,False,0,2025-06-30 23:16:38
a098f6,AAL2721 ,United States,1751325397.0,1751325398,-82.5424,36.9899,10683.24,False,236.52,54.65,-0.33,,11330.94,0073,False,0,2025-06-30 23:16:38
a5c694,UAL1781 ,United States,1751325394.0,1751325394,-101.8248,40.5825,9144.0,False,218.87,256.68,0.0,,9646.92,,False,0,2025-06-30 23:16:38
a9a97f,RPA3481 ,United States,1751325392.0,1751325392,-74.165,40.7007,,True,0.0,95.62,,,,,False,0,2025-06-30 23:16:38
a8bcdd,NKS2722 ,United States,1751325397.0,1751325397,-95.6751,29.8913,9814.56,False,235.32,264.1,-5.85,,10424.16,3501,False,0,2025-06-30 23:16:38
a67050,JIA9964 ,United States,1751325397.0,1751325397,-84.2602,35.608,3558.54,False,165.51,228.78,5.85,,3733.8,5101,False,0,2025-06-30 23:16:38
abe475,SWA2949 ,United States,1751325398.0,1751325398,-80.6509,29.2646,11590.02,False,253.41,166.02,0.0,,12176.76,1730,False,0,2025-06-30 23:16:38
abf78f,AAL1270 ,United States,1751325397.0,1751325397,-91.7598,32.7095,10668.0,False,248.1,91.9,-0.33,,11315.7,0576,False,0,2025-06-30 23:16:38
ac047d,ASH6126 ,United States,1751325397.0,1751325397,-78.2549,37.9671,6819.9,False,189.13,228.42,4.88,,7216.14,3537,False,0,2025-06-30 23:16:38
a6f99b,N549CP  ,United States,1751325397.0,1751325397,-119.6951,36.9585,11833.86,False,243.37,176.12,-5.53,,12466.32,3571,False,0,2025-06-30 23:16:38
a8268d,QXE2010 ,United States,1751325398.0,1751325398,-118.1048,45.4319,10972.8,False,211.54,312.54,-0.33,,11483.34,,False,0,2025-06-30 23:16:38
a085a4,UAL1846 ,United States,1751325398.0,1751325398,-84.7584,45.1083,9288.78,False,207.26,193.35,-4.55,,9646.92,7321,False,0,2025-06-30 23:16:38
ac048d,SWA921  ,United States,1751325398.0,1751325398,-103.494,30.982,9555.48,False,236.81,300.41,-7.48,,10149.84,0554,True,0,2025-06-30 23:16:38
a98cbc,AAL1572 ,United States,1751325398.0,1751325398,-79.6232,43.6859,,True,0.0,146.25,,,,6311,False,0,2025-06-30 23:16:38
a588a9,N456CS  ,United States,1751325398.0,1751325398,-122.4635,37.3165,1691.64,False,62.99,59.04,0.0,,1722.12,5362,False,0,2025-06-30 23:16:38
a81365,N6196P  ,United States,1751325384.0,1751325384,-119.1006,35.4389,487.68,False,56.47,113.06,2.6,,434.34,,False,0,2025-06-30 23:16:38
aa7472,N773CV  ,United States,1751325398.0,1751325398,-118.7623,34.3162,2301.24,False,82.35,112.4,0.0,,2362.2,6074,False,0,2025-06-30 23:16:38
a32396,FFT1928 ,United States,1751325397.0,1751325398,-102.8923,39.3276,8945.88,False,236.75,117.01,7.15,,9441.18,,False,0,2025-06-30 23:16:38
ac049e,ASH6117 ,United States,1751325398.0,1751325398,-96.374,32.1626,8534.4,False,226.64,334.31,-0.33,,9044.94,2726,False,0,2025-06-30 23:16:38
a81316,N6194E  ,United States,1751325397.0,1751325397,-122.3231,45.3946,1104.9,False,40.13,180.73,0.0,,1127.76,,False,0,2025-06-30 23:16:38
c04b29,GLR2727 ,Canada,1751325397.0,1751325397,-81.0183,44.3208,4015.74,False,141.05,168.85,1.63,,4160.52,2570,True,0,2025-06-30 23:16:38
c05e62,ROU1523 ,Canada,1751325397.0,1751325397,-71.7105,45.9706,7589.52,False,221.38,267.74,-9.43,,7924.8,4716,False,0,2025-06-30 23:16:38
a99fd7,N7190C  ,United States,1751325396.0,1751325397,-111.4769,32.959,731.52,False,32.29,300.65,-0.98,,685.8,,False,0,2025-06-30 23:16:38
abd17b,SWA978  ,United States,1751325115.0,1751325125,-114.8756,38.9975,11582.4,False,218.92,261.62,0.0,,12207.24,3425,False,0,2025-06-30 23:16:38
a9595a,N701MB  ,United States,1751325374.0,1751325374,-93.8732,41.2165,914.4,False,61.32,322.84,0.0,,929.64,,False,0,2025-06-30 23:16:38
a56374,N4461T  ,United States,1751325397.0,1751325398,-76.6649,38.2799,1203.96,False,78.15,9.09,-2.93,,1203.96,,False,0,2025-06-30 23:16:38
aa6113,AAL3134 ,United States,1751325397.0,1751325397,-93.1006,40.5245,8580.12,False,260.82,48.04,10.73,,8961.12,,False,0,2025-06-30 23:16:38
a6f98e,SKW3761 ,United States,1751325397.0,1751325397,-73.0751,42.337,7924.8,False,215.12,296.26,0.33,,8336.28,7070,False,0,2025-06-30 23:16:38
a2f092,ENY4312 ,United States,1751325398.0,1751325398,-82.8649,26.6132,9304.02,False,239.52,186.04,-6.83,,9852.66,3645,False,0,2025-06-30 23:16:38
a9a929,VXP466  ,United States,1751325398.0,1751325398,-82.6607,27.8512,2156.46,False,141.71,340.71,11.38,,2270.76,7443,False,0,2025-06-30 23:16:38
ab2c11,ASI541  ,United States,1751325398.0,1751325398,-112.0558,33.706,716.28,False,45.93,131.37,-3.9,,632.46,1200,False,0,2025-06-30 23:16:38
c05e72,ROU1910 ,Canada,1751325349.0,1751325350,-79.6166,43.6826,,True,0.0,47.81,,,,0020,False,0,2025-06-30 23:16:38
aa7426,UAL2411 ,United States,1751325397.0,1751325397,-102.4302,40.4704,9753.6,False,231.58,256.12,0.0,,10271.76,,False,0,2025-06-30 23:16:38
a37e6c,AAY1258 ,United States,1751325397.0,1751325397,-85.6925,31.2075,11269.98,False,233.87,124.42,0.0,,11940.54,0154,False,0,2025-06-30 23:16:38
a192f5,N200KS  ,United States,1751325397.0,1751325397,-123.1698,47.1887,1645.92,False,79.36,86.66,-21.78,,1714.5,,False,0,2025-06-30 23:16:38
ab9413,SCX105  ,United States,1751325157.0,1751325157,-115.1376,36.0837,,True,4.37,171.56,,,,2456,False,0,2025-06-30 23:16:38
ab3dc3,UAL2725 ,United States,1751325398.0,1751325398,-92.2823,29.4814,9144.0,False,244.34,260.91,0.33,,9730.74,,False,0,2025-06-30 23:16:38
a7f39c,N611MV  ,United States,1751325396.0,1751325397,-121.4092,38.6476,601.98,False,83.78,324.75,-5.53,,571.5,1200,False,0,2025-06-30 23:16:38
a36b2d,JBU1012 ,United States,1751325397.0,1751325398,-81.9274,42.4594,11277.6,False,261.47,88.2,0.0,,11871.96,6233,False,0,2025-06-30 23:16:38
ac0417,ASH6027 ,United States,1751325277.0,1751325277,-105.7345,35.2953,8717.28,False,221.92,107.68,5.85,,9243.06,,False,0,2025-06-30 23:16:38
a24b40,AAY654  ,United States,1751325397.0,1751325397,-111.2016,33.6067,2903.22,False,157.64,234.03,-5.85,,3078.48,,False,0,2025-06-30 23:16:38
a0d5ed,N153GC  ,United States,1751325398.0,1751325398,-114.2402,36.0897,1158.24,False,65.34,82.76,0.0,,1104.9,,False,0,2025-06-30 23:16:38
a86e1d,QXE2222 ,United States,1751325397.0,1751325397,-120.8488,47.8314,7315.2,False,175.27,275.73,0.0,,7658.1,6065,False,0,2025-06-30 23:16:38
a4a5e2,N399TA  ,United States,1751325380.0,1751325380,-122.6121,48.3756,746.76,False,73.14,344.5,0.0,,762.0,,False,0,2025-06-30 23:16:38
3c7a4c,CFG2044 ,Germany,1751325379.0,1751325383,-79.2898,27.6563,8671.56,False,249.56,198.14,-15.93,,9136.38,5261,False,0,2025-06-30 23:16:38
a468cf,N3830H  ,United States,1751325397.0,1751325397,-81.8765,35.7363,861.06,False,44.19,257.91,2.28,,868.68,,False,0,2025-06-30 23:16:38
a25e5d,CXK228  ,United States,1751325397.0,1751325397,-97.14,32.6868,533.4,False,57.62,82.3,-1.95,,525.78,,False,0,2025-06-30 23:16:38
a838c0,N629MA  ,United States,1751325397.0,1751325397,-80.6963,35.344,556.26,False,83.89,1.76,-3.25,,548.64,,False,0,2025-06-30 23:16:38
a442f3,DAL1192 ,United States,1751325397.0,1751325398,-81.5621,32.1417,11582.4,False,247.68,194.56,0.0,,12237.72,1374,False,0,2025-06-30 23:16:38
a81395,N61972  ,United States,1751325397.0,1751325397,-81.1282,28.9612,731.52,False,42.3,251.57,0.0,,792.48,0715,False,0,2025-06-30 23:16:38
a8137e,N6197D  ,United States,1751325398.0,1751325398,-99.1332,34.3065,9829.8,False,170.84,189.01,-10.4,,10424.16,,False,0,2025-06-30 23:16:38
a08714,,United States,1751325139.0,1751325139,-87.9207,41.99,,True,7.72,270.0,,,,,False,0,2025-06-30 23:16:38
ac1765,SWA180  ,United States,1751325398.0,1751325398,-106.7211,31.8052,10972.8,False,229.47,280.2,0.0,,11612.88,2077,False,0,2025-06-30 23:16:38
abe40a,SWA3382 ,United States,1751325397.0,1751325397,-104.1439,38.5024,11277.6,False,244.04,70.8,0.0,,11871.96,2656,False,0,2025-06-30 23:16:38
ac042a,SWA185  ,United States,1751325397.0,1751325397,-86.6511,36.1355,11582.4,False,232.0,280.09,0.0,,12260.58,2032,False,0,2025-06-30 23:16:38
aad780,UAL968  ,United States,1751325397.0,1751325397,-119.7921,39.9568,10073.64,False,275.74,28.29,2.6,,10553.7,3230,False,0,2025-06-30 23:16:38
a3bb07,N34AT   ,United States,1751325397.0,1751325397,-120.4704,35.1657,2324.1,False,69.87,166.37,0.33,,2392.68,,False,0,2025-06-30 23:16:38
adcdc9,NKS2584 ,United States,1751325395.0,1751325398,-101.2979,38.6871,11582.4,False,216.74,264.01,0.0,,12176.76,6705,False,0,2025-06-30 23:16:38
aa617c,RPA3460 ,United States,1751325392.0,1751325396,-79.6357,43.6899,205.74,True,0.0,317.81,,,,0562,False,0,2025-06-30 23:16:38
a36b73,JBU1138 ,United States,1751325397.0,1751325397,-97.6624,30.2028,,True,0.0,247.5,,,,,False,0,2025-06-30 23:16:38
a3bb19,N34BL   ,United States,1751325370.0,1751325370,-121.8158,37.33,,True,0.64,227.81,,,,,False,0,2025-06-30 23:16:38
ac1789,SWA2427 ,United States,1751325397.0,1751325397,-92.3303,38.5948,10980.42,False,215.87,244.9,0.33,,11582.4,6575,False,0,2025-06-30 23:16:38
ab8148,EJA840  ,United States,1751325397.0,1751325398,-77.9367,39.2696,2682.24,False,157.22,20.1,-9.75,,2766.06,2153,False,0,2025-06-30 23:16:38
ad6aa7,N9637Q  ,United States,1751325216.0,1751325216,-88.4412,41.4086,449.58,False,46.84,178.11,-3.58,,434.34,1200,False,0,2025-06-30 23:16:38
a322d5,N3008U  ,United States,1751325397.0,1751325397,-88.5986,41.3118,975.36,False,35.43,334.18,0.65,,944.88,1200,False,0,2025-06-30 23:16:38
abe450,SWA1067 ,United States,1751325396.0,1751325397,-96.8571,32.856,,True,0.45,317.81,,,,,False,0,2025-06-30 23:16:38
a9dce9,UAL557  ,United States,1751325397.0,1751325397,-96.7698,38.4503,9753.6,False,211.59,282.21,0.0,,10279.38,2516,False,0,2025-06-30 23:16:38
ac045e,ASH6124 ,United States,1751325398.0,1751325398,-95.1214,34.8421,8534.4,False,225.01,195.24,-0.33,,9037.32,2103,False,0,2025-06-30 23:16:38
a588da,N456ER  ,United States,1751325397.0,1751325397,-88.5145,43.9614,609.6,False,58.13,0.51,-3.9,,541.02,4345,False,0,2025-06-30 23:16:38
ac045c,ASH6072 ,United States,1751325397.0,1751325398,-94.2016,34.5315,10668.0,False,235.7,13.76,0.33,,11285.22,7231,False,0,2025-06-30 23:16:38
aab146,SWA275  ,United States,1751325397.0,1751325397,-103.6064,30.718,11193.78,False,248.53,91.19,8.45,,11879.58,,False,0,2025-06-30 23:16:38
ad7e6f,JBU1874 ,United States,1751325397.0,1751325397,-102.2564,42.0616,10675.62,False,240.79,80.03,0.0,,11178.54,2410,False,0,2025-06-30 23:16:38
a8ab3c,JBU507  ,United States,1751325398.0,1751325398,-86.0944,36.6224,3398.52,False,161.67,235.5,-9.1,,3589.02,2002,False,0,2025-06-30 23:16:38
a86e6c,UAL52   ,United States,1751325397.0,1751325397,-74.3403,40.3396,10058.4,False,251.73,51.89,-0.33,,10614.66,1373,False,0,2025-06-30 23:16:38
ac4b72,SWA3531 ,United States,1751325397.0,1751325397,-97.3035,40.8699,10972.8,False,207.0,262.57,-0.33,,11483.34,3245,False,0,2025-06-30 23:16:38
aa1e99,JRE751  ,United States,1751325398.0,1751325398,-77.5108,42.3362,10668.0,False,226.76,66.75,0.0,,11224.26,4170,False,0,2025-06-30 23:16:38
adbb36,NKS2621 ,United States,1751325397.0,1751325398,-108.4946,38.4745,11285.22,False,237.89,63.55,0.33,,11910.06,,False,0,2025-06-30 23:16:38
a73b7e,SWA2477 ,United States,1751325397.0,1751325397,-79.349,34.2345,11887.2,False,215.85,25.4,0.0,,12550.14,1635,False,0,2025-06-30 23:16:38
aa72d3,SWA1288 ,United States,1751325280.0,1751325280,-76.6855,39.1745,53.34,False,73.23,94.03,-4.23,,68.58,5355,False,0,2025-06-30 23:16:38
ac4b95,SWA2068 ,United States,1751325398.0,1751325398,-82.498,39.8535,1516.38,False,132.85,325.57,-7.48,,1554.48,1020,False,0,2025-06-30 23:16:38
a3373a,AAL2626 ,United States,1751325187.0,1751325187,-80.9693,35.247,350.52,False,74.77,176.05,-3.58,,350.52,6610,False,0,2025-06-30 23:16:38
a50e93,DAL228  ,United States,1751325397.0,1751325397,-79.8409,43.3268,9243.06,False,265.75,64.18,7.8,,9707.88,7426,False,0,2025-06-30 23:16:38
a5fb40,VAR485  ,United States,1751325398.0,1751325398,-113.4271,33.5007,2514.6,False,62.04,275.71,0.0,,2621.28,0757,False,0,2025-06-30 23:16:38
a4db51,FDY368  ,United States,1751325395.0,1751325395,-86.8168,40.7227,2438.4,False,71.65,21.04,1.95,,2529.84,,False,0,2025-06-30 23:16:38
a61b4e,ASA569  ,United States,1751325398.0,1751325398,-96.0794,36.1303,10363.2,False,229.36,306.15,0.0,,10980.42,2723,False,0,2025-06-30 23:16:38
a33743,SKW4010 ,United States,1751325397.0,1751325397,-97.7414,45.4708,10668.0,False,244.66,118.24,0.0,,11033.76,,False,0,2025-06-30 23:16:38
a37db9,FFT2630 ,United States,1751325397.0,1751325398,-89.518,38.7475,6454.14,False,216.94,105.68,7.15,,6781.8,1726,False,0,2025-06-30 23:16:38
a86e35,RPA3428 ,United States,1751325397.0,1751325398,-74.2198,41.3131,8839.2,False,239.04,20.93,-0.65,,9349.74,6236,False,0,2025-06-30 23:16:38
a838e6,RVF9629 ,United States,1751325397.0,1751325397,-91.9452,38.8671,11407.14,False,217.05,250.62,10.4,,11986.26,1113,False,0,2025-06-30 23:16:38
a37da1,ENY4010 ,United States,1751325398.0,1751325398,-76.4659,43.1867,2186.94,False,155.11,80.07,-8.45,,2263.14,3165,False,0,2025-06-30 23:16:38
a74e7a,ASA366  ,United States,1751325397.0,1751325397,-118.8243,47.6749,10972.8,False,208.53,277.37,0.0,,11407.14,,False,0,2025-06-30 23:16:38
a37da9,N324F   ,United States,1751325397.0,1751325397,-106.3996,31.4725,9448.8,False,151.25,118.66,0.0,,9997.44,1626,False,0,2025-06-30 23:16:38
a825e3,JBU240  ,United States,1751325397.0,1751325398,-80.9782,28.1174,3627.12,False,165.25,306.26,-7.48,,3855.72,1661,False,0,2025-06-30 23:16:38
a18109,NJM325  ,United States,1751325398.0,1751325398,-82.5869,29.4771,5791.2,False,180.21,118.1,0.0,,6073.14,,False,0,2025-06-30 23:16:38
a3cde4,AAL400  ,United States,1751325208.0,1751325309,-78.6102,29.8964,10668.0,False,229.88,10.05,0.0,,11209.02,3307,False,0,2025-06-30 23:16:38
a6e720,DAL820  ,United States,1751325397.0,1751325397,-85.4699,39.1651,10363.2,False,222.35,283.65,0.0,,10972.8,3750,False,0,2025-06-30 23:16:38
a20471,SWA1395 ,United States,1751325398.0,1751325398,-116.319,43.4825,2872.74,False,155.39,100.49,17.88,,3009.9,,False,0,2025-06-30 23:16:38
aa1dc2,ENY3397 ,United States,1751325398.0,1751325398,-78.7121,42.6189,9387.84,False,204.05,275.21,5.85,,9906.0,4111,False,0,2025-06-30 23:16:38
a2f111,SKW3741 ,United States,1751325387.0,1751325391,-115.1388,36.0804,,True,0.0,343.12,,,,,False,0,2025-06-30 23:16:38
a1f794,ABX2246 ,United States,1751325397.0,1751325397,-79.5479,25.1055,6652.26,False,194.18,330.65,-9.43,,7025.64,,False,0,2025-06-30 23:16:38
ac28be,SWA3332 ,United States,1751325378.0,1751325378,-118.146,33.8186,,True,0.0,90.0,,,,,False,0,2025-06-30 23:16:38
a9cb83,SKW6281 ,United States,1751325397.0,1751325398,-95.0602,39.1329,10972.8,False,210.34,238.6,0.33,,11536.68,3533,False,0,2025-06-30 23:16:38
ac28e5,SWA3593 ,United States,1751325398.0,1751325398,-82.5311,28.1147,701.04,False,99.48,150.92,-3.9,,769.62,1711,False,0,2025-06-30 23:16:38
a12adb,CXK246  ,United States,1751325397.0,1751325397,-115.2024,36.2323,899.16,False,39.29,223.94,-0.65,,845.82,,False,0,2025-06-30 23:16:38
ab2b23,DAL2248 ,United States,1751325397.0,1751325398,-86.5035,36.618,9144.0,False,242.22,323.81,0.0,,9700.26,7135,False,0,2025-06-30 23:16:38
a32449,AAY67   ,United States,1751325397.0,1751325397,-115.0563,36.1961,3314.7,False,158.97,90.56,4.23,,3474.72,,False,0,2025-06-30 23:16:38
a69761,SCX3032 ,United States,1751325397.0,1751325397,-86.3197,39.7988,6400.8,False,228.25,119.28,-5.2,,6705.6,4774,False,0,2025-06-30 23:16:38
a24acc,N247JD  ,United States,1751325235.0,1751325397,-116.7311,38.0441,13700.76,False,234.47,247.15,-2.93,,14378.94,7164,False,0,2025-06-30 23:16:38
a57791,N451TW  ,United States,1751325397.0,1751325397,-86.0208,40.0104,883.92,False,61.07,156.67,-1.95,,853.44,,False,0,2025-06-30 23:16:38
ac5e47,SWA1207 ,United States,1751325397.0,1751325397,-86.5726,36.0792,1577.34,False,120.63,16.35,-5.2,,1645.92,5633,False,0,2025-06-30 23:16:38
a20467,N229WC  ,United States,1751325116.0,1751325121,-118.1431,33.811,38.1,False,27.28,314.24,-1.3,,-7.62,,False,0,2025-06-30 23:16:38
a25df5,CXK440  ,United States,1751325395.0,1751325398,-96.5643,33.2112,434.34,False,32.83,212.2,0.33,,419.1,1200,False,0,2025-06-30 23:16:38
a74dad,N57SN   ,United States,1751325397.0,1751325397,-122.1533,37.5145,1089.66,False,102.57,345.48,-10.4,,1089.66,3511,False,0,2025-06-30 23:16:38
ac15d1,UAL1495 ,United States,1751325397.0,1751325397,-87.4076,42.3738,2125.98,False,115.73,249.71,-4.88,,2179.32,7445,False,0,2025-06-30 23:16:38
aad5ca,AAL137  ,United States,1751325312.0,1751325313,-108.3731,42.0869,10972.8,False,246.29,224.24,0.0,,11559.54,,False,0,2025-06-30 23:16:38
ae68bf,        ,United States,1751325398.0,1751325398,-86.2998,32.2924,441.96,False,63.63,276.03,-2.93,,457.2,,False,0,2025-06-30 23:16:38
ae68be,        ,United States,1751325397.0,1751325397,-86.4714,32.2431,601.98,False,90.96,174.48,0.0,,624.84,,False,0,2025-06-30 23:16:38
a0b199,AAL811  ,United States,1751325397.0,1751325398,-84.7757,33.4648,3855.72,False,139.21,37.04,-2.93,,4061.46,2602,False,0,2025-06-30 23:16:38
ad6b14,DAL2985 ,United States,1751325397.0,1751325398,-80.3742,40.9903,9685.02,False,250.0,110.22,4.88,,10226.04,0174,False,0,2025-06-30 23:16:38
a18195,N19650  ,United States,1751325397.0,1751325397,-88.3139,43.2757,1402.08,False,46.99,221.89,0.0,,1424.94,4667,False,0,2025-06-30 23:16:38
c05d9d,WJA2061 ,Canada,1751325398.0,1751325398,-117.6072,33.9981,10972.8,False,238.06,320.88,0.0,,11567.16,2630,False,0,2025-06-30 23:16:38
ad6b08,N964AF  ,United States,1751325397.0,1751325397,-119.4092,34.3485,1645.92,False,67.21,106.91,-0.33,,1684.02,,False,0,2025-06-30 23:16:38
ac02b4,AAL2252 ,United States,1751325397.0,1751325398,-95.7674,31.6281,9982.2,False,224.11,315.93,-4.88,,10614.66,6172,False,0,2025-06-30 23:16:38
a086b4,DAL2894 ,United States,1751325398.0,1751325398,-82.3933,41.2056,7612.38,False,248.05,88.46,-0.33,,8016.24,1352,False,0,2025-06-30 23:16:38
a099a7,RPA4660 ,United States,1751325397.0,1751325397,-83.3851,37.8976,10058.4,False,234.4,93.02,-0.65,,10668.0,6735,False,0,2025-06-30 23:16:38
4073ce,VIR117F ,United Kingdom,1751325398.0,1751325398,-78.8068,28.3788,10972.8,False,252.89,259.92,0.0,,11529.06,5270,False,0,2025-06-30 23:16:38
ab3e98,ASH6075 ,United States,1751325398.0,1751325398,-97.4323,30.954,6537.96,False,205.71,74.33,-5.2,,6934.2,1522,False,0,2025-06-30 23:16:38
ab3e8a,N8231Q  ,United States,1751325372.0,1751325372,-70.9268,42.5964,60.96,False,31.42,140.31,-1.63,,60.96,,False,0,2025-06-30 23:16:38
abe2c0,N865PS  ,United States,1751325397.0,1751325397,-81.3439,28.5409,137.16,False,35.9,244.54,3.9,,160.02,1200,False,0,2025-06-30 23:16:38
ad6b0c,ASA280  ,United States,1751325372.0,1751325372,-98.7099,48.4867,10363.2,False,218.17,271.22,0.0,,10660.38,,False,0,2025-06-30 23:16:38
ad6b0f,AAL2851 ,United States,1751325160.0,1751325160,-75.1933,39.8812,152.4,False,83.97,255.45,-4.55,,152.4,1377,False,0,2025-06-30 23:16:38
ad35e0,AAL2354 ,United States,1751325397.0,1751325398,-89.6312,37.3913,10965.18,False,232.65,317.42,0.0,,11597.64,4374,False,0,2025-06-30 23:16:38
a48ac4,FFT2225 ,United States,1751325397.0,1751325397,-87.5257,36.9046,10972.8,False,230.22,279.0,0.0,,11643.36,3435,False,0,2025-06-30 23:16:38
aac2e2,UAL1949 ,United States,1751325397.0,1751325397,-93.666,31.2041,9425.94,False,227.16,227.2,-11.38,,10035.54,7474,False,0,2025-06-30 23:16:38
a01f0d,DAL1648 ,United States,1751325397.0,1751325398,-83.4672,42.6007,2438.4,False,157.71,122.34,-7.8,,2491.74,0672,False,0,2025-06-30 23:16:38
a22a20,MXY547  ,United States,1751325398.0,1751325398,-90.0126,40.57,11277.6,False,250.02,90.24,-0.33,,11841.48,7210,False,0,2025-06-30 23:16:38
abb06d,SCX285  ,United States,1751325397.0,1751325397,-122.0892,47.6007,3810.0,False,154.76,222.44,-8.13,,3992.88,2607,False,0,2025-06-30 23:16:38
a327df,N302MM  ,United States,1751325396.0,1751325396,-83.9947,35.8065,274.32,False,14.92,223.6,0.0,,259.08,,False,0,2025-06-30 23:16:38
a47d11,DAL1135 ,United States,1751325397.0,1751325397,-102.3211,38.8001,10363.2,False,224.65,253.64,0.0,,10919.46,,False,0,2025-06-30 23:16:38
a5b7a1,N468DC  ,United States,1751325397.0,1751325397,-119.8087,36.822,2941.32,False,61.64,146.58,0.0,,3032.76,3203,False,0,2025-06-30 23:16:38
abb089,UAL704  ,United States,1751325398.0,1751325398,-93.9671,34.16,11277.6,False,243.29,81.73,0.33,,11948.16,1645,False,0,2025-06-30 23:16:38
ac08b1,SWA1863 ,United States,1751325397.0,1751325397,-112.2247,33.3954,2026.92,False,141.5,279.84,11.7,,2080.26,1656,False,0,2025-06-30 23:16:38
adacfd,AAL1682 ,United States,1751325397.0,1751325397,-81.1956,28.4066,2270.76,False,140.64,348.61,12.35,,2400.3,0701,False,0,2025-06-30 23:16:38
a47d05,DAL2880 ,United States,1751325396.0,1751325397,-117.1027,36.9809,10744.2,False,244.83,332.47,2.6,,11330.94,,False,0,2025-06-30 23:16:38
adf030,N99783  ,United States,1751325254.0,1751325254,-72.6123,42.4111,792.48,False,65.55,31.2,-0.65,,784.86,,False,0,2025-06-30 23:16:38
398699,,France,1751325269.0,1751325269,-74.1722,40.6899,,True,2.06,115.31,,,,,False,0,2025-06-30 23:16:38
ac3e13,SWA383  ,United States,1751325363.0,1751325384,-117.2473,37.2711,10972.8,False,243.75,315.86,0.33,,11559.54,7076,False,0,2025-06-30 23:16:38
a077fe,N12933  ,United States,1751325397.0,1751325397,-82.4116,27.8413,213.36,False,43.3,193.05,-0.98,,259.08,,False,0,2025-06-30 23:16:38
a11d47,DAL232  ,United States,1751325398.0,1751325398,-73.787,40.6371,,True,4.63,300.94,,,,,False,0,2025-06-30 23:16:38
adf068,AAL2407 ,United States,1751325398.0,1751325398,-100.9728,40.3487,10058.4,False,261.77,104.34,0.0,,10568.94,,False,0,2025-06-30 23:16:38
a554b9,N4422R  ,United States,1751325398.0,1751325398,-84.1689,32.9604,944.88,False,44.83,86.71,2.93,,960.12,,False,0,2025-06-30 23:16:38
a8f258,DAL759  ,United States,1751325398.0,1751325398,-82.6387,33.1411,8275.32,False,234.0,292.9,-11.05,,8770.62,7144,False,0,2025-06-30 23:16:38
a687c8,N52NG   ,United States,1751325397.0,1751325397,-115.4164,43.6585,7010.4,False,133.68,156.89,0.33,,7399.02,,False,0,2025-06-30 23:16:38
abe8b6,SWA3421 ,United States,1751325397.0,1751325398,-87.4039,39.217,9448.8,False,261.27,76.1,0.0,,9974.58,1100,False,0,2025-06-30 23:16:38
ac08d4,SWA1407 ,United States,1751325398.0,1751325398,-95.0254,33.3835,10972.8,False,230.56,238.22,0.0,,11650.98,0550,False,0,2025-06-30 23:16:38
a35d6c,N316DF  ,United States,1751325397.0,1751325397,-86.4806,31.7976,2415.54,False,105.46,179.72,-0.33,,2537.46,,False,0,2025-06-30 23:16:38
a7824e,DAL542  ,United States,1751325397.0,1751325397,-101.3748,41.7097,10058.4,False,262.84,121.64,0.33,,10530.84,,False,0,2025-06-30 23:16:38
ab1e50,N8150J  ,United States,1751325397.0,1751325397,-117.2827,33.0217,1402.08,False,51.41,337.03,0.0,,1394.46,,False,0,2025-06-30 23:16:38
ad5e27,SWA1765 ,United States,1751325397.0,1751325397,-89.4205,36.7393,11559.54,False,243.86,23.1,6.5,,12222.48,,False,0,2025-06-30 23:16:38
a54299,UAL1116 ,United States,1751325398.0,1751325398,-102.0192,30.7631,10675.62,False,248.57,88.46,0.0,,11353.8,3374,False,0,2025-06-30 23:16:38
a8f21c,N676BA  ,United States,1751325397.0,1751325397,-103.2099,38.0797,13716.0,False,269.69,69.8,0.0,,14310.36,6452,False,0,2025-06-30 23:16:38
ab0b1f,UAL750  ,United States,1751325397.0,1751325398,-94.1602,32.6879,10645.14,False,235.73,161.29,0.0,,11292.84,1163,False,0,2025-06-30 23:16:38
adf06d,DAL3139 ,United States,1751325382.0,1751325388,-84.4354,33.6426,,True,0.0,270.0,,,,,False,0,2025-06-30 23:16:38
a8f235,EDV5260 ,United States,1751325300.0,1751325300,-74.1699,40.6929,,True,6.17,22.5,,,,,False,0,2025-06-30 23:16:38
ad28bf,N947SF  ,United States,1751325397.0,1751325397,-122.1389,47.9926,937.26,False,42.48,16.9,0.33,,944.88,1200,False,0,2025-06-30 23:16:38
a1c1c7,RPA5646 ,United States,1751325299.0,1751325300,-86.2111,39.7734,678.18,False,78.58,224.47,-4.23,,655.32,1542,False,0,2025-06-30 23:16:38
a8055a,THNDR04 ,United States,1751325264.0,1751325267,-104.8266,38.9834,,True,30.05,173.12,-1.63,,,,False,0,2025-06-30 23:16:38
aaeb0e,UAL2289 ,United States,1751325398.0,1751325398,-97.6808,30.2697,457.2,False,67.41,178.69,-3.25,,487.68,0027,False,0,2025-06-30 23:16:38
a11d7d,CVU71   ,United States,1751325397.0,1751325397,-114.3072,35.9851,2011.68,False,76.32,262.25,-0.33,,2072.64,,False,0,2025-06-30 23:16:38
a1d4bc,ENY3363 ,United States,1751325386.0,1751325394,-77.6677,43.1252,,True,0.0,351.56,,,,6526,True,0,2025-06-30 23:16:38
a80595,FFT1225 ,United States,1751325383.0,1751325383,-77.7779,33.1985,8839.2,False,246.05,345.96,0.0,,9387.84,,False,0,2025-06-30 23:16:38
a9cecf,AAL107  ,United States,1751325397.0,1751325397,-72.5382,40.9954,4762.5,False,190.66,251.76,-12.35,,5021.58,2512,False,0,2025-06-30 23:16:38
abd5bb,SWA3689 ,United States,1751325398.0,1751325398,-87.1598,41.1394,10058.4,False,247.5,354.63,0.65,,10576.56,6747,False,0,2025-06-30 23:16:38
a09a87,N138SP  ,United States,1751325397.0,1751325398,-122.3945,45.0566,13106.4,False,265.82,336.26,0.0,,13647.42,4732,False,0,2025-06-30 23:16:38
a327ee,DAL1692 ,United States,1751325398.0,1751325398,-101.7055,45.0779,11277.6,False,254.64,98.13,0.0,,11757.66,,False,0,2025-06-30 23:16:38
ac4ffb,SWA3929 ,United States,1751325396.0,1751325397,-102.0825,37.9697,10668.0,False,253.65,84.76,0.0,,11254.74,2650,False,0,2025-06-30 23:16:38
aa9b65,SWA1111 ,United States,1751325397.0,1751325397,-122.2129,37.7109,,True,0.0,59.06,,,,,False,0,2025-06-30 23:16:38
a6c4d7,AAL2306 ,United States,1751325397.0,1751325397,-91.0491,35.5103,10675.62,False,252.19,46.57,0.0,,11315.7,0502,False,0,2025-06-30 23:16:38
ad6fef,NKS2500 ,United States,1751325398.0,1751325398,-96.9925,40.0659,8686.8,False,234.25,85.59,-10.08,,9136.38,,False,0,2025-06-30 23:16:38
a58a67,SWA3259 ,United States,1751325396.0,1751325396,-122.2134,37.7093,,True,0.0,126.56,,,,,False,0,2025-06-30 23:16:38
a5a4ca,N463AK  ,United States,1751325397.0,1751325397,-115.1701,36.0761,853.44,False,101.89,268.55,6.83,,800.1,,False,0,2025-06-30 23:16:38
aaa342,ENY4011 ,United States,1751325398.0,1751325398,-100.7682,30.5154,11277.6,False,232.34,67.75,0.0,,11971.02,,False,0,2025-06-30 23:16:38
a794e1,DAL301  ,United States,1751325397.0,1751325397,-101.6282,31.2231,10363.2,False,230.54,238.97,0.0,,10965.18,7525,False,0,2025-06-30 23:16:38
ab734d,KSU37   ,United States,1751325397.0,1751325397,-97.6498,38.8101,609.6,False,42.18,300.0,2.93,,632.46,,False,0,2025-06-30 23:16:38
a661bf,DAL328  ,United States,1751325398.0,1751325398,-82.4931,28.4734,6766.56,False,185.54,331.52,7.15,,7147.56,5347,False,0,2025-06-30 23:16:38
a924c6,TWY89   ,United States,1751325395.0,1751325395,-120.9596,33.5593,11795.76,False,248.53,261.67,7.48,,12382.5,,False,0,2025-06-30 23:16:38
abb007,DAL54   ,United States,1751325398.0,1751325398,-77.1914,36.2932,10058.4,False,246.42,52.89,0.0,,10675.62,6076,False,0,2025-06-30 23:16:38
ac8009,SWA2689 ,United States,1751325397.0,1751325397,-115.2975,34.327,11887.2,False,245.86,57.04,0.0,,12534.9,7361,False,0,2025-06-30 23:16:38
ace306,N92977  ,United States,1751325398.0,1751325398,-122.729,38.1231,1866.9,False,52.95,302.3,1.95,,1912.62,1200,False,0,2025-06-30 23:16:38
ad6ff2,AAL1085 ,United States,1751325398.0,1751325398,-92.116,34.7273,11582.4,False,220.94,226.98,0.0,,12260.58,4111,False,0,2025-06-30 23:16:38
a4ba76,AAL2320 ,United States,1751325394.0,1751325395,-77.6675,43.1259,,True,0.0,87.19,,,,3342,False,0,2025-06-30 23:16:38
348351,IBE03DL ,Spain,1751325398.0,1751325398,-70.9327,42.5138,876.3,False,88.04,199.81,-4.88,,899.16,,False,0,2025-06-30 23:16:38
a301df,AAY507  ,United States,1751325180.0,1751325180,-91.6924,41.8842,297.18,False,68.44,271.29,-3.9,,297.18,0437,False,0,2025-06-30 23:16:38
aa9b42,SWA515  ,United States,1751325397.0,1751325398,-102.9564,37.7298,9136.38,False,235.01,331.64,0.0,,9654.54,,False,0,2025-06-30 23:16:38
a19910,JBU637  ,United States,1751325396.0,1751325397,-71.707,38.6278,8458.2,False,247.89,168.99,4.23,,8961.12,1122,False,0,2025-06-30 23:16:38
ac801e,EDV5089 ,United States,1751325398.0,1751325398,-79.5354,35.1184,9144.0,False,230.5,51.16,5.85,,9715.5,,False,0,2025-06-30 23:16:38
acd00b,N92448  ,United States,1751325398.0,1751325398,-122.6894,45.1339,624.84,False,43.05,75.47,0.0,,617.22,,False,0,2025-06-30 23:16:38
a5a4a0,N4629D  ,United States,1751325213.0,1751325213,-117.275,33.129,137.16,False,32.39,259.94,-1.95,,83.82,,False,0,2025-06-30 23:16:38
ad5cfa,N960JM  ,United States,1751325397.0,1751325397,-113.088,43.3538,9448.8,False,150.47,166.15,0.0,,9936.48,,False,0,2025-06-30 23:16:38
ab7394,AAL3260 ,United States,1751325397.0,1751325397,-95.7118,44.4119,10668.0,False,258.75,106.99,0.0,,11003.28,3535,False,0,2025-06-30 23:16:38
a817b1,QXE2077 ,United States,1751325398.0,1751325398,-118.4986,34.0142,2423.16,False,128.9,96.42,-5.85,,2506.98,1330,False,0,2025-06-30 23:16:38
aa9b20,SWA3516 ,United States,1751325384.0,1751325386,-119.2144,38.6767,6560.82,False,201.16,314.9,-10.08,,6926.58,,False,0,2025-06-30 23:16:38
a3ad5a,DAL2316 ,United States,1751325397.0,1751325397,-86.7162,38.0576,8778.24,False,251.45,8.83,2.6,,9281.16,5615,False,0,2025-06-30 23:16:38
a5b7e6,LXJ468  ,United States,1751325398.0,1751325398,-92.3686,41.507,13197.84,False,247.55,88.33,7.48,,13738.86,,False,0,2025-06-30 23:16:38
a44917,UAL2356 ,United States,1751325398.0,1751325398,-77.9831,42.8003,10668.0,False,257.68,116.05,0.98,,11231.88,0571,False,0,2025-06-30 23:16:38
a58a28,N456U   ,United States,1751325397.0,1751325397,-97.3553,31.8514,2895.6,False,48.55,167.14,0.0,,3032.76,,False,0,2025-06-30 23:16:38
ad1697,SWA286  ,United States,1751325397.0,1751325398,-78.3746,38.3745,11574.78,False,239.96,198.63,-0.33,,12245.34,1402,False,0,2025-06-30 23:16:38
a0c936,N15QB   ,United States,1751325398.0,1751325398,-106.7462,32.0555,12489.18,False,268.93,125.42,0.0,,13205.46,7222,False,0,2025-06-30 23:16:38
a46a7e,DAL2714 ,United States,1751325398.0,1751325398,-83.0532,40.8053,10347.96,False,215.55,217.14,0.0,,10919.46,2235,False,0,2025-06-30 23:16:38
ab6081,LYM5120 ,United States,1751325398.0,1751325398,-93.823,46.385,9136.38,False,221.67,316.97,-0.98,,9357.36,0352,False,0,2025-06-30 23:16:38
acf69b,EDV4967 ,United States,1751325397.0,1751325397,-96.1602,29.8065,8694.42,False,234.58,236.9,-13.0,,9235.44,7255,False,0,2025-06-30 23:16:38
ad0375,TAI425  ,United States,1751325396.0,1751325397,-94.4197,28.606,8321.04,False,226.04,149.35,5.2,,8846.82,6626,False,0,2025-06-30 23:16:38
a59d5f,AAL968  ,United States,1751325397.0,1751325398,-86.8716,35.6989,10363.2,False,232.32,255.9,-0.33,,11026.14,0677,False,0,2025-06-30 23:16:38
a6d7e0,SYX54   ,United States,1751325397.0,1751325397,-107.6244,32.5575,2712.72,False,93.23,199.33,-3.58,,2804.16,,False,0,2025-06-30 23:16:38
a06646,AAL727  ,United States,1751325328.0,1751325328,-122.3067,47.4521,,True,5.66,118.12,,,,,False,0,2025-06-30 23:16:38
ac0912,N875BR  ,United States,1751325398.0,1751325398,-121.4783,38.386,1714.5,False,62.61,47.0,0.0,,1752.6,4530,False,0,2025-06-30 23:16:38
a3aca6,FFT1821 ,United States,1751325354.0,1751325380,-99.7608,40.6007,10972.8,False,212.54,260.95,0.0,,11513.82,7461,False,0,2025-06-30 23:16:38
0d0ecf,VIV113  ,Mexico,1751325398.0,1751325398,-113.6475,35.3489,8229.6,False,228.46,116.62,1.63,,8724.9,,False,0,2025-06-30 23:16:38
a29337,SKW4006 ,United States,1751325395.0,1751325395,-96.0152,36.2377,1821.18,False,130.44,147.56,-9.1,,1943.1,0563,False,0,2025-06-30 23:16:38
8694d8,ANA108  ,Japan,1751325397.0,1751325397,-122.63,37.8581,4000.5,False,173.24,140.54,-12.35,,4183.38,1174,False,0,2025-06-30 23:16:38
a2e306,N28507  ,United States,1751325369.0,1751325369,-96.1681,30.747,1051.56,False,53.79,123.69,-1.3,,1104.9,,False,0,2025-06-30 23:16:38
a9bd7b,N7269T  ,United States,1751325397.0,1751325397,-115.6741,47.6037,4145.28,False,69.43,300.75,2.6,,4320.54,,False,0,2025-06-30 23:16:38
a2097b,N230LA  ,United States,1751325397.0,1751325397,-118.3254,34.1015,274.32,False,25.54,325.67,-0.33,,228.6,,False,0,2025-06-30 23:16:38
a05373,N12XN   ,United States,1751325397.0,1751325397,-86.5269,34.7483,7620.0,False,137.71,119.05,-0.33,,8084.82,,False,0,2025-06-30 23:16:38
a4493e,UAL1948 ,United States,1751325398.0,1751325398,-120.6505,37.6704,7216.14,False,210.19,261.41,-9.75,,7559.04,6107,False,0,2025-06-30 23:16:38
0d0ef2,RFD111  ,Mexico,1751325223.0,1751325223,-100.1139,25.7823,381.0,False,34.85,121.11,-1.3,,373.38,,False,0,2025-06-30 23:16:38
a1d63d,UAL1564 ,United States,1751325397.0,1751325397,-87.8378,41.9659,449.58,False,67.91,270.0,-3.9,,419.1,3211,False,0,2025-06-30 23:16:38
a0669d,DAL1225 ,United States,1751325398.0,1751325398,-84.306,31.7376,10363.2,False,230.35,356.67,-0.33,,10988.04,7176,False,0,2025-06-30 23:16:38
a3acaf,N336G   ,United States,1751325397.0,1751325397,-97.669,30.808,922.02,False,51.51,182.86,-1.63,,952.5,3546,False,0,2025-06-30 23:16:38
a4493a,UAL1710 ,United States,1751325102.0,1751325115,-87.8716,41.9884,304.8,False,76.65,270.38,-3.9,,259.08,6713,False,0,2025-06-30 23:16:38
a17355,N193AE  ,United States,1751325398.0,1751325398,-88.6892,38.9754,586.74,False,71.91,72.08,-1.63,,563.88,,False,0,2025-06-30 23:16:38
a0a30e,DAL846  ,United States,1751325397.0,1751325398,-96.9815,33.1688,1531.62,False,100.73,216.69,0.0,,1600.2,3015,False,0,2025-06-30 23:16:38
a54312,RPA9946 ,United States,1751325398.0,1751325398,-74.6717,43.0326,10972.8,False,214.88,273.29,0.0,,11567.16,0413,False,0,2025-06-30 23:16:38
a1e958,N222KH  ,United States,1751325398.0,1751325398,-123.5012,47.1294,1341.12,False,53.15,62.94,1.3,,1409.7,,False,0,2025-06-30 23:16:38
a4dfdd,N413GB  ,United States,1751325397.0,1751325397,-115.252,35.7106,12192.0,False,211.61,227.86,0.33,,12847.32,,False,0,2025-06-30 23:16:38
a44939,UAL1473 ,United States,1751325224.0,1751325230,-74.1817,40.6992,,True,4.12,191.25,,,,4130,False,0,2025-06-30 23:16:38
0d0efa,RFD166  ,Mexico,1751325398.0,1751325398,-100.0493,25.9714,2423.16,False,94.35,344.83,0.0,,2522.22,,False,0,2025-06-30 23:16:38
a0fcd4,AAL215  ,United States,1751325395.0,1751325397,-87.8462,41.9883,411.48,False,74.08,270.0,-3.58,,373.38,6124,False,0,2025-06-30 23:16:38
a3293e,N3021C  ,United States,1751325397.0,1751325397,-71.7,42.1335,1066.8,False,67.08,48.73,0.65,,1059.18,5245,False,0,2025-06-30 23:16:38
aa9a93,SWA1636 ,United States,1751325398.0,1751325398,-95.2073,35.7612,11894.82,False,243.65,101.57,-0.98,,12565.38,,False,0,2025-06-30 23:16:38
a7e4f9,N608AB  ,United States,1751325241.0,1751325245,-97.3656,32.8485,335.28,False,57.77,171.29,-2.93,,312.42,2630,False,0,2025-06-30 23:16:38
aa9a7a,SWA2681 ,United States,1751325398.0,1751325398,-94.7741,40.6212,11277.6,False,262.91,76.53,0.33,,11826.24,,False,0,2025-06-30 23:16:38
aa51fe,SKW6365 ,United States,1751325360.0,1751325360,-92.2145,32.4467,10363.2,False,231.51,270.64,-0.65,,11003.28,,False,0,2025-06-30 23:16:38
a0a36d,N140HP  ,United States,1751325397.0,1751325398,-117.9783,33.9689,838.2,False,59.54,170.05,-0.33,,830.58,4203,False,0,2025-06-30 23:16:38
aafca8,JBU1682 ,United States,1751325398.0,1751325398,-72.0859,38.7028,10774.68,False,221.27,320.94,-4.55,,11407.14,,False,0,2025-06-30 23:16:38
aa9a81,N7821T  ,United States,1751325396.0,1751325396,-120.1769,39.0808,3108.96,False,61.75,259.44,-0.65,,3238.5,,False,0,2025-06-30 23:16:38
a2803d,AAY633  ,United States,1751325398.0,1751325398,-84.054,36.1196,10668.0,False,237.24,148.93,0.0,,11308.08,6710,False,0,2025-06-30 23:16:38
a7d1ae,N60244  ,United States,1751325384.0,1751325384,-115.5453,36.4561,2529.84,False,75.8,301.96,6.83,,2575.56,,False,0,2025-06-30 23:16:38
a68903,N520AW  ,United States,1751325397.0,1751325397,-82.5099,35.3662,1592.58,False,117.14,160.77,16.91,,1668.78,2526,False,0,2025-06-30 23:16:38
0d0ea9,,Mexico,1751325397.0,1751325397,-101.5176,24.6749,9448.8,False,236.9,31.41,-0.33,,,,False,0,2025-06-30 23:16:38
abd627,SWA4006 ,United States,1751325398.0,1751325398,-88.3176,40.453,9654.54,False,215.9,197.61,4.55,,10149.84,1323,False,0,2025-06-30 23:16:38
aab62f,N79FF   ,United States,1751325397.0,1751325397,-105.1098,39.926,1889.76,False,49.52,302.7,0.65,,1996.44,,False,0,2025-06-30 23:16:38
c03bf2,WJA1514 ,Canada,1751325397.0,1751325398,-114.3322,36.0525,11582.4,False,228.09,228.29,0.0,,12230.1,2102,False,0,2025-06-30 23:16:38
a781d7,JBU883  ,United States,1751325396.0,1751325396,-73.7797,40.653,,True,0.0,120.94,,,,,False,0,2025-06-30 23:16:38
c03bf5,WJA1427 ,Canada,1751325397.0,1751325397,-90.8164,41.5371,10972.8,False,217.77,312.32,-0.65,,11475.72,1042,False,0,2025-06-30 23:16:38
ad1619,N942RM  ,United States,1751325362.0,1751325363,-84.2017,42.5966,647.7,False,46.58,6.34,0.33,,601.98,,False,0,2025-06-30 23:16:38
a924fc,DAL796  ,United States,1751325395.0,1751325395,-93.4125,32.2271,11277.6,False,251.01,86.47,0.0,,11963.4,3543,False,0,2025-06-30 23:16:38
ac4fd8,SWA1911 ,United States,1751325397.0,1751325398,-82.0086,29.6849,10668.0,False,245.77,173.87,0.0,,11269.98,1156,False,0,2025-06-30 23:16:38
abd60b,SWA2281 ,United States,1751325397.0,1751325397,-81.9358,32.175,11597.64,False,228.62,92.45,0.33,,12237.72,2670,False,0,2025-06-30 23:16:38
a4497f,UAL1171 ,United States,1751325397.0,1751325398,-95.1303,29.9775,845.82,False,115.24,270.0,-4.88,,899.16,,False,0,2025-06-30 23:16:38
8694b6,ANA111  ,Japan,1751325397.0,1751325397,-88.0737,42.8484,6050.28,False,205.15,329.9,9.43,,6278.88,6263,False,0,2025-06-30 23:16:38
a3298a,JBU2473 ,United States,1751325397.0,1751325397,-73.7685,40.6492,,True,3.34,115.31,,,,,False,0,2025-06-30 23:16:38
ab9991,N84678  ,United States,1751325386.0,1751325393,-85.8952,37.5088,1066.8,False,30.94,183.81,-0.65,,1097.28,,False,0,2025-06-30 23:16:38
abe94c,ERU867  ,United States,1751325398.0,1751325398,-81.1429,29.4047,571.5,False,56.54,352.68,-0.33,,609.6,0160,False,0,2025-06-30 23:16:38
a16037,AAL2410 ,United States,1751325397.0,1751325397,-87.5823,36.2216,9745.98,False,232.41,276.35,0.0,,10332.72,0350,False,0,2025-06-30 23:16:38
a28011,N260MA  ,United States,1751325397.0,1751325397,-70.8484,41.7837,662.94,False,67.65,219.14,0.0,,662.94,,False,0,2025-06-30 23:16:38
a5b916,UAL1243 ,United States,1751325397.0,1751325398,-120.103,35.0496,10363.2,False,241.91,315.09,0.0,,10866.12,1050,False,0,2025-06-30 23:16:38
aaa339,N785BG  ,United States,1751325397.0,1751325398,-72.095,43.7723,1371.6,False,52.05,313.0,0.0,,1402.08,,False,0,2025-06-30 23:16:38
a1e98e,N222MM  ,United States,1751325397.0,1751325397,-113.3723,33.5093,3291.84,False,90.69,273.25,-0.65,,3497.58,,False,0,2025-06-30 23:16:38
a66355,VOI1770 ,United States,1751325398.0,1751325398,-115.4042,32.428,11590.02,False,234.03,316.87,-0.33,,12245.34,3263,True,0,2025-06-30 23:16:38
ad27e0,N947HH  ,United States,1751325397.0,1751325397,-118.2441,33.7803,853.44,False,45.69,35.84,-0.33,,822.96,,False,0,2025-06-30 23:16:38
ac2a33,AAL936  ,United States,1751325397.0,1751325397,-81.9586,30.4801,7322.82,False,244.43,185.43,0.0,,7741.92,6621,False,0,2025-06-30 23:16:38
a85ff5,JBU1152 ,United States,1751325398.0,1751325398,-76.4908,36.8149,10668.0,False,233.78,35.05,0.0,,11300.46,2143,False,0,2025-06-30 23:16:38
ac07fd,SWA2350 ,United States,1751325397.0,1751325397,-90.7698,31.8037,11582.4,False,233.52,250.17,0.0,,12283.44,3136,False,0,2025-06-30 23:16:38
a6c652,N5357E  ,United States,1751325286.0,1751325286,-78.036,39.2012,777.24,False,27.63,155.82,-2.28,,845.82,,False,0,2025-06-30 23:16:38
a3f04a,DAL337  ,United States,1751325397.0,1751325397,-81.3991,31.3906,10058.4,False,220.41,12.67,0.0,,10629.9,2653,False,0,2025-06-30 23:16:38
a96cbe,VXP392  ,United States,1751325398.0,1751325398,-76.3622,36.9617,11894.82,False,227.92,34.98,-0.33,,12557.76,3237,False,0,2025-06-30 23:16:38
a5a683,UAL1868 ,United States,1751325398.0,1751325398,-100.6186,46.0919,10675.62,False,260.23,112.31,0.0,,11064.24,,False,0,2025-06-30 23:16:38
4cad47,ITY621  ,Ireland,1751325397.0,1751325397,-114.2205,37.034,11277.6,False,261.75,32.32,0.0,,11894.82,2412,False,0,2025-06-30 23:16:38
3482d6,AEA097  ,Spain,1751325397.0,1751325397,-79.2392,27.7935,9555.48,False,238.82,198.2,-5.85,,10050.78,7232,False,0,2025-06-30 23:16:38
a77035,DAL2114 ,United States,1751325396.0,1751325397,-113.679,36.4457,10363.2,False,230.49,233.9,0.0,,10942.32,3035,False,0,2025-06-30 23:16:38
3c4586,BOX453  ,Germany,1751325397.0,1751325398,-73.8105,40.5911,815.34,False,112.69,209.84,10.4,,807.72,3361,False,0,2025-06-30 23:16:38
aaea4a,RVJ802  ,United States,1751325397.0,1751325397,-77.4385,38.9517,,True,6.69,0.0,,,,2750,False,0,2025-06-30 23:16:38
3c458c,BOX448  ,Germany,1751325398.0,1751325398,-72.8462,47.1727,10363.2,False,237.15,239.21,0.0,,10812.78,,False,0,2025-06-30 23:16:38
a5a69b,N463V   ,United States,1751325397.0,1751325398,-89.5333,41.1568,13106.4,False,181.1,246.57,0.0,,13639.8,4555,False,0,2025-06-30 23:16:38
a6503f,JIA5327 ,United States,1751325397.0,1751325397,-81.8294,38.4664,10058.4,False,244.09,97.87,0.0,,10660.38,1311,False,0,2025-06-30 23:16:38
ae47e8,R20043  ,United States,1751325397.0,1751325397,-97.7753,31.1532,441.96,False,59.15,283.07,-2.6,,434.34,,False,0,2025-06-30 23:16:38
a3f080,N353FS  ,United States,1751325398.0,1751325398,-114.8982,36.1538,1013.46,False,58.24,273.54,0.98,,960.12,,False,0,2025-06-30 23:16:38
a6503c,FTD506  ,United States,1751325397.0,1751325398,-84.6738,38.7785,4709.16,False,175.71,218.58,16.58,,4914.9,6732,False,0,2025-06-30 23:16:38
3c4593,BOX458  ,Germany,1751325397.0,1751325397,-84.44,33.6318,,True,16.46,270.0,,,,2214,False,0,2025-06-30 23:16:38
abd4e7,SWA4199 ,United States,1751325397.0,1751325397,-109.119,32.3816,10584.18,False,236.53,102.43,4.23,,11178.54,4134,False,0,2025-06-30 23:16:38
ae47e0,R20030  ,United States,1751325394.0,1751325394,-79.0957,35.0315,274.32,False,52.99,90.56,1.3,,274.32,,False,0,2025-06-30 23:16:38
a1e8bf,N222DE  ,United States,1751325398.0,1751325398,-81.9975,42.4672,6705.6,False,119.42,264.31,0.0,,7010.4,7465,False,0,2025-06-30 23:16:38
a6c628,ILU558  ,United States,1751325092.0,1751325216,-88.1041,39.7306,579.12,False,60.11,6.88,-2.93,,548.64,0635,False,0,2025-06-30 23:16:38
a198df,N20155  ,United States,1751325396.0,1751325396,-82.3616,34.7572,594.36,False,53.03,30.3,-1.95,,579.12,,False,0,2025-06-30 23:16:38
0d0f91,VIV9404 ,Mexico,1751325397.0,1751325397,-100.2269,25.8451,1013.46,False,75.88,120.56,-3.25,,1028.7,,False,0,2025-06-30 23:16:38
a208ce,N230DC  ,United States,1751325397.0,1751325397,-112.135,41.5205,1889.76,False,45.53,302.07,0.0,,1973.58,,False,0,2025-06-30 23:16:38
a35e15,LTA316  ,United States,1751325139.0,1751325200,-77.9764,34.6377,1958.34,False,59.54,219.74,0.0,,2049.78,,False,0,2025-06-30 23:16:38
acf4e8,DAL1347 ,United States,1751325397.0,1751325397,-84.4149,33.7326,2857.5,False,126.04,90.0,-9.1,,3009.9,0733,False,0,2025-06-30 23:16:38
acf4f5,LIFELN3 ,United States,1751325104.0,1751325104,-104.9961,40.4167,,True,0.0,160.31,,,,,False,0,2025-06-30 23:16:38
ad01ab,SWA2430 ,United States,1751325395.0,1751325397,-93.9862,32.4442,12192.0,False,223.02,267.22,0.0,,12870.18,2673,False,0,2025-06-30 23:16:38
a53001,GPD433  ,United States,1751325397.0,1751325397,-72.3906,41.7769,2880.36,False,141.53,59.89,0.0,,3009.9,5204,False,0,2025-06-30 23:16:38
a6895e,N520EM  ,United States,1751325397.0,1751325397,-112.1285,36.268,13716.0,False,258.49,249.62,-0.33,,14394.18,7234,False,0,2025-06-30 23:16:38
a3f00a,ATN3348 ,United States,1751325397.0,1751325397,-85.5234,38.6253,7322.82,False,229.22,51.56,0.33,,7719.06,2436,False,0,2025-06-30 23:16:38
a53013,UPS9871 ,United States,1751325397.0,1751325397,-120.2095,38.7352,10675.62,False,234.12,169.88,-0.33,,11209.02,0530,False,0,2025-06-30 23:16:38
a80641,JIA5207 ,United States,1751325389.0,1751325389,-92.081,30.3108,1844.04,False,140.91,338.59,15.28,,1965.96,,False,0,2025-06-30 23:16:38
a61ffc,N494LP  ,United States,1751325398.0,1751325398,-93.9748,41.76,617.22,False,50.06,202.35,0.65,,632.46,,False,0,2025-06-30 23:16:38
abc1ef,CXK139  ,United States,1751325397.0,1751325398,-78.8857,36.0103,929.64,False,51.11,130.1,0.0,,944.88,,False,0,2025-06-30 23:16:38
a1b07f,BXR1981 ,United States,1751325397.0,1751325397,-122.2946,40.8376,2286.0,False,90.59,181.95,-1.95,,2346.96,,False,0,2025-06-30 23:16:38
aaea8c,DAL174  ,United States,1751325398.0,1751325398,-80.1101,35.0703,10668.0,False,239.78,64.59,0.0,,11300.46,3344,False,0,2025-06-30 23:16:38
a66346,AAL2905 ,United States,1751325398.0,1751325398,-80.3088,34.5541,4693.92,False,187.05,333.72,-4.55,,4953.0,1560,False,0,2025-06-30 23:16:38
a1b092,RPA5886 ,United States,1751325398.0,1751325398,-76.4446,41.2513,7315.2,False,187.67,283.31,-0.33,,7696.2,7043,False,0,2025-06-30 23:16:38
a80629,JAS700  ,United States,1751325398.0,1751325398,-116.1534,33.9615,7627.62,False,204.38,274.62,-8.45,,8039.1,7226,False,0,2025-06-30 23:16:38
a6898d,GJS4390 ,United States,1751325393.0,1751325393,-87.9308,41.9748,,True,0.0,270.0,,,,1743,False,0,2025-06-30 23:16:38
ac0906,AAL3306 ,United States,1751325397.0,1751325397,-80.9074,25.3706,3832.86,False,158.78,68.92,-7.48,,4411.98,4364,False,0,2025-06-30 23:16:38
ac3f13,N8888X  ,United States,1751325398.0,1751325398,-93.9606,35.8688,1836.42,False,83.68,136.0,2.93,,1912.62,4372,False,0,2025-06-30 23:16:38
a302a0,SWA1930 ,United States,1751325168.0,1751325168,-121.925,37.3647,,True,0.06,50.62,,,,1061,False,0,2025-06-30 23:16:38
0d0f4b,TAA220  ,Mexico,1751325397.0,1751325397,-99.6807,26.4034,7018.02,False,122.37,31.42,0.0,,7444.74,,False,0,2025-06-30 23:16:38
abb19c,SWA2606 ,United States,1751325397.0,1751325398,-81.3283,28.5616,632.46,False,90.03,179.35,-5.2,,685.8,4505,False,0,2025-06-30 23:16:38
a568e8,LXJ448  ,United States,1751325397.0,1751325397,-81.4392,31.3998,12496.8,False,216.12,358.77,-0.65,,13152.12,6613,False,0,2025-06-30 23:16:38
a1e8ec,N222F   ,United States,1751325304.0,1751325304,-117.273,33.1294,114.3,False,29.36,258.89,-1.63,,76.2,,False,0,2025-06-30 23:16:38
a35e49,DAL1517 ,United States,1751325398.0,1751325398,-109.7031,37.0535,10957.56,False,229.2,240.56,0.33,,11536.68,1736,False,0,2025-06-30 23:16:38
a34b15,FFT1304 ,United States,1751325398.0,1751325398,-86.463,36.7128,10363.2,False,223.57,197.27,0.0,,10988.04,5777,False,0,2025-06-30 23:16:38
39c494,FBU93L  ,France,1751325397.0,1751325398,-114.8591,35.6693,12192.0,False,248.09,228.11,0.0,,12862.56,,False,0,2025-06-30 23:16:38
ae1169,WING73  ,United States,1751325398.0,1751325398,-78.4137,36.1703,4907.28,False,113.86,225.55,-3.58,,5181.6,2423,False,0,2025-06-30 23:16:38
39c495,FBU20J  ,France,1751325397.0,1751325397,-68.7043,44.2987,13106.4,False,235.39,254.54,0.33,,13655.04,0727,False,0,2025-06-30 23:16:38
a0a2bd,AAL9783 ,United States,1751325398.0,1751325398,-108.4943,35.1956,11269.98,False,223.87,69.27,0.33,,11894.82,4124,False,0,2025-06-30 23:16:38
abe9b1,JRE867  ,United States,1751325398.0,1751325398,-110.2273,37.8732,12390.12,False,216.6,55.74,-5.2,,13022.58,1044,False,0,2025-06-30 23:16:38
a555ad,N4429Q  ,United States,1751325343.0,1751325348,-122.3958,48.4606,129.54,False,29.25,309.29,-1.3,,121.92,,False,0,2025-06-30 23:16:38
a448d1,UAL2855 ,United States,1751325397.0,1751325398,-111.63,33.1048,10668.0,False,248.05,104.41,0.0,,11277.6,6312,False,0,2025-06-30 23:16:38
a448bf,N3750J  ,United States,1751325388.0,1751325388,-71.1125,42.7375,335.28,False,47.65,307.98,-1.3,,320.04,,False,0,2025-06-30 23:16:38
a448ba,DAL1155 ,United States,1751325397.0,1751325398,-112.0594,35.2009,10896.6,False,227.38,354.55,4.88,,11498.58,0766,False,0,2025-06-30 23:16:38
a23e44,N24350  ,United States,1751325397.0,1751325397,-119.1132,34.2434,381.0,False,45.67,157.48,-3.58,,335.28,,False,0,2025-06-30 23:16:38
ac2c10,SWA2339 ,United States,1751325398.0,1751325398,-96.2574,32.5994,11887.2,False,240.19,63.54,-0.33,,12588.24,7403,False,0,2025-06-30 23:16:38
a5db01,N4769K  ,United States,1751325376.0,1751325376,-120.1102,45.0155,4747.26,False,99.04,80.73,2.28,,4960.62,,False,0,2025-06-30 23:16:38
ae1193,GRZLY50 ,United States,1751325398.0,1751325398,-116.2764,33.0506,7170.42,False,182.16,91.29,8.45,,7551.42,,False,0,2025-06-30 23:16:38
ab86d5,N84162  ,United States,1751325397.0,1751325398,-97.142,36.1875,1066.8,False,44.9,251.98,0.33,,1097.28,,False,0,2025-06-30 23:16:38
a7d39a,NKS2202 ,United States,1751325388.0,1751325397,-78.2334,32.1838,10668.0,False,233.67,6.83,0.33,,11262.36,,False,0,2025-06-30 23:16:38
a22b28,ENY3834 ,United States,1751325397.0,1751325398,-112.0299,34.9411,9753.6,False,210.29,354.67,0.33,,10317.48,0744,False,0,2025-06-30 23:16:38
a89086,AAL3239 ,United States,1751325368.0,1751325374,-111.9934,33.4327,,True,0.0,213.75,,,,,False,0,2025-06-30 23:16:38
aab6d9,N79NA   ,United States,1751325397.0,1751325397,-71.8733,42.4971,1341.12,False,52.79,344.74,-0.65,,1379.22,,False,0,2025-06-30 23:16:38
a7e691,SKW6532 ,United States,1751325398.0,1751325398,-87.476,42.0861,4442.46,False,175.71,102.86,11.05,,4602.48,3122,False,0,2025-06-30 23:16:38
a1c2f6,N212WT  ,United States,1751325392.0,1751325392,-80.1128,26.0092,121.92,False,47.37,177.51,-1.63,,106.68,,False,0,2025-06-30 23:16:38
a1c2f1,SWA4546 ,United States,1751325397.0,1751325398,-119.4289,35.0618,7208.52,False,197.99,142.18,-11.05,,7574.28,3371,False,0,2025-06-30 23:16:38
ab1f6c,N8158N  ,United States,1751325098.0,1751325127,-84.563,33.3515,243.84,False,37.77,307.81,-1.95,,259.08,1200,True,0,2025-06-30 23:16:38
a568a6,CFR95   ,United States,1751325383.0,1751325383,-120.82,40.1888,2895.6,False,110.48,100.73,0.0,,3055.62,,False,0,2025-06-30 23:16:38
a6506d,SKW4761 ,United States,1751325365.0,1751325365,-88.1252,44.489,,True,9.26,61.88,,,,,False,0,2025-06-30 23:16:38
a06703,RPA4556 ,United States,1751325391.0,1751325397,-79.6251,43.6842,198.12,True,0.39,317.81,,,,6345,False,0,2025-06-30 23:16:38
a0eb95,N15892  ,United States,1751325397.0,1751325397,-71.7679,42.5685,213.36,False,41.49,227.01,-2.93,,198.12,1200,False,0,2025-06-30 23:16:38
a34b61,N311JS  ,United States,1751325391.0,1751325395,-122.1125,37.4579,,True,0.06,135.0,,,,1200,False,0,2025-06-30 23:16:38
a89058,N6509L  ,United States,1751325397.0,1751325397,-122.5047,47.822,1356.36,False,49.68,201.25,0.0,,1409.7,0327,False,0,2025-06-30 23:16:38
a448fa,UAL1839 ,United States,1751325397.0,1751325397,-106.3184,37.5869,10363.2,False,230.99,225.09,0.0,,10942.32,2776,False,0,2025-06-30 23:16:38
a448fc,DAL2460 ,United States,1751325398.0,1751325398,-76.8819,36.5164,10972.8,False,242.76,207.65,0.0,,11612.88,1774,False,0,2025-06-30 23:16:38
a65086,DAL786  ,United States,1751325397.0,1751325398,-94.4916,43.4073,10972.8,False,203.84,288.39,-0.33,,11369.04,3636,False,0,2025-06-30 23:16:38
a7706b,LXJ579  ,United States,1751325397.0,1751325397,-110.1939,38.438,13708.38,False,243.65,87.1,-0.33,,14378.94,,False,0,2025-06-30 23:16:38
a292c9,ENY3929 ,United States,1751325397.0,1751325398,-111.8652,33.4411,990.6,False,88.57,263.33,-5.2,,952.5,,False,0,2025-06-30 23:16:38
a35e5b,AAY2    ,United States,1751325188.0,1751325213,-118.053,37.4384,9448.8,False,219.76,46.14,0.0,,9944.1,,False,0,2025-06-30 23:16:38
a4ce11,AAL2148 ,United States,1751325396.0,1751325397,-87.7906,31.6405,10988.04,False,234.7,286.69,0.0,,11658.6,6031,False,0,2025-06-30 23:16:38
ac2c56,SWA2503 ,United States,1751325398.0,1751325398,-91.882,34.3123,10972.8,False,228.66,246.95,0.0,,11635.74,1044,False,0,2025-06-30 23:16:38
a35e66,AAL1245 ,United States,1751325397.0,1751325397,-81.1859,25.2713,5242.56,False,173.67,68.45,-8.13,,5554.98,1365,False,0,2025-06-30 23:16:38
a448f8,UAL584  ,United States,1751325397.0,1751325397,-85.1711,33.8413,10668.0,False,239.74,60.85,-0.33,,11315.7,2704,False,0,2025-06-30 23:16:38
ab0c73,N8105R  ,United States,1751325397.0,1751325398,-86.2508,40.0479,487.68,False,49.41,1.79,7.8,,472.44,,False,0,2025-06-30 23:16:38
a448f2,UAL2668 ,United States,1751325397.0,1751325397,-76.368,36.926,10363.2,False,245.62,204.63,0.33,,10965.18,3044,False,0,2025-06-30 23:16:38
a9cff8,NKS2151 ,United States,1751325397.0,1751325397,-72.9357,40.7898,6682.74,False,184.58,36.61,-4.55,,7040.88,2426,False,0,2025-06-30 23:16:38
a7e693,SKQ61   ,United States,1751325397.0,1751325397,-77.7673,38.6326,2133.6,False,111.44,198.85,0.0,,2240.28,,False,0,2025-06-30 23:16:38
a448f6,UAL2044 ,United States,1751325287.0,1751325300,-74.1735,40.7019,,True,4.63,5.62,,,,,False,0,2025-06-30 23:16:38
4cabd1,EIN1EA  ,Ireland,1751325397.0,1751325397,-72.1959,42.0603,8953.5,False,237.92,50.53,3.25,,9441.18,3035,False,0,2025-06-30 23:16:38
4cabd2,EIN119  ,Ireland,1751325108.0,1751325109,-77.4543,38.9493,,True,0.0,180.0,,,,3543,False,0,2025-06-30 23:16:38
a9ab05,ASA518  ,United States,1751325397.0,1751325398,-108.6248,32.3753,10972.8,False,232.64,288.03,0.0,,11612.88,2540,False,0,2025-06-30 23:16:38
a71b43,AAL2474 ,United States,1751325398.0,1751325398,-90.518,38.7619,10058.4,False,256.83,30.98,-0.33,,10614.66,3636,False,0,2025-06-30 23:16:38
a18723,AAY3106 ,United States,1751325398.0,1751325398,-86.3044,30.4334,457.2,False,94.79,215.5,-0.33,,487.68,6234,False,0,2025-06-30 23:16:38
ab879f,DAL1110 ,United States,1751325397.0,1751325397,-84.9706,32.2127,9075.42,False,242.5,333.0,-4.88,,9624.06,1121,False,0,2025-06-30 23:16:38
aaeade,N802SC  ,United States,1751325397.0,1751325397,-118.4737,34.0336,1310.64,False,54.94,6.99,-4.23,,1303.02,,False,0,2025-06-30 23:16:38
4cabd4,EIN11P  ,Ireland,1751325398.0,1751325398,-73.9595,40.5563,9464.04,False,252.13,51.96,0.0,,10027.92,3604,False,0,2025-06-30 23:16:38
a0540a,DAL2198 ,United States,1751325398.0,1751325398,-112.6939,37.3375,10660.38,False,241.7,56.55,0.0,,11247.12,6762,False,0,2025-06-30 23:16:38
a5db4e,SKW5693 ,United States,1751325397.0,1751325397,-122.3634,37.6863,586.74,False,109.14,357.84,10.73,,556.26,3735,False,0,2025-06-30 23:16:38
a6fb32,AAL582  ,United States,1751325397.0,1751325397,-102.7961,33.4073,10058.4,False,253.36,64.63,0.0,,10660.38,7637,False,0,2025-06-30 23:16:38
a422f7,DAL770  ,United States,1751325398.0,1751325398,-87.8956,36.1447,10363.2,False,228.93,270.13,0.0,,10995.66,2242,False,0,2025-06-30 23:16:38
a7d2ae,SKW3759 ,United States,1751325397.0,1751325398,-121.1108,38.1468,3261.36,False,167.12,310.51,-6.83,,3406.14,6730,False,0,2025-06-30 23:16:38
abd77e,AAL2323 ,United States,1751325398.0,1751325398,-87.2674,40.2877,7924.8,False,248.61,147.59,0.0,,8321.04,3137,False,0,2025-06-30 23:16:38
a35e9c,AAL2247 ,United States,1751325398.0,1751325398,-76.676,42.7955,10972.8,False,214.43,252.26,-0.33,,11559.54,1312,False,0,2025-06-30 23:16:38
abb12d,SWA2762 ,United States,1751325398.0,1751325398,-84.1005,41.5772,10660.38,False,254.57,102.01,-2.28,,11216.64,2773,False,0,2025-06-30 23:16:38
a4ce64,TKK409  ,United States,1751325375.0,1751325397,-95.1992,29.7166,525.78,False,79.3,225.53,-7.48,,548.64,3622,False,0,2025-06-30 23:16:38
acd12f,EPI925  ,United States,1751325397.0,1751325397,-80.7672,29.0069,731.52,False,45.93,285.59,-3.25,,769.62,7245,False,0,2025-06-30 23:16:38
ab616f,SCX1982 ,United States,1751325398.0,1751325398,-87.5511,46.8422,11582.4,False,210.25,279.58,-0.65,,11925.3,,False,0,2025-06-30 23:16:38
a5ee51,SWA1672 ,United States,1751325397.0,1751325398,-73.1776,40.0812,9144.0,False,243.01,224.49,0.0,,9654.54,2433,False,0,2025-06-30 23:16:38
a35da8,FFT1402 ,United States,1751325398.0,1751325398,-87.1281,36.8474,5288.28,False,175.71,141.42,-6.18,,5562.6,1426,False,0,2025-06-30 23:16:38
acd135,SKW5106 ,United States,1751325397.0,1751325397,-88.1658,44.8372,9144.0,False,238.19,354.67,-0.33,,9448.8,1324,False,0,2025-06-30 23:16:38
ab618b,UAL1865 ,United States,1751325398.0,1751325398,-105.7517,40.8008,7673.34,False,215.71,135.1,-10.4,,8138.16,1757,False,0,2025-06-30 23:16:38
abc49b,SWA1262 ,United States,1751325397.0,1751325397,-96.525,29.2411,11148.06,False,235.97,99.03,5.2,,11833.86,4054,False,0,2025-06-30 23:16:38
a72e69,ASA6    ,United States,1751325398.0,1751325398,-96.7698,32.3418,10668.0,False,249.09,73.81,0.0,,11308.08,7675,False,0,2025-06-30 23:16:38
a542d7,SWA2599 ,United States,1751325397.0,1751325397,-76.9669,38.5105,3931.92,False,187.55,35.17,-9.43,,4145.28,4651,False,0,2025-06-30 23:16:38
a59e97,N461P   ,United States,1751325397.0,1751325398,-73.6046,40.662,975.36,False,92.83,75.89,-3.58,,975.36,6563,False,0,2025-06-30 23:16:38
ad4afb,ASA1175 ,United States,1751325398.0,1751325398,-121.9448,37.3793,297.18,False,90.74,318.45,10.08,,236.22,3323,False,0,2025-06-30 23:16:38
a06763,LFA680  ,United States,1751325397.0,1751325397,-80.9273,28.4841,1356.36,False,63.3,352.53,-2.6,,1440.18,5505,False,0,2025-06-30 23:16:38
ac3f09,SWA2109 ,United States,1751325398.0,1751325398,-91.1385,39.1562,10668.0,False,261.38,86.28,0.0,,11247.12,1412,False,0,2025-06-30 23:16:38
a5db2c,ASA480  ,United States,1751325397.0,1751325397,-99.707,46.1567,10363.2,False,211.68,289.45,0.0,,10728.96,3605,False,0,2025-06-30 23:16:38
c008a9,ACA71   ,Canada,1751325348.0,1751325348,-73.753,45.4702,,True,39.1,222.19,,,,2501,False,0,2025-06-30 23:16:38
a1c444,N2127G  ,United States,1751325397.0,1751325397,-117.3574,33.8732,1645.92,False,80.13,257.39,-1.63,,1653.54,0761,False,0,2025-06-30 23:16:38
a60da2,N4899G  ,United States,1751325398.0,1751325398,-122.9988,47.1217,1127.76,False,50.42,216.29,-0.33,,1165.86,,False,0,2025-06-30 23:16:38
a22ac6,RPA5832 ,United States,1751325397.0,1751325397,-83.8366,39.9594,6705.6,False,197.67,217.7,-0.65,,7048.5,7455,False,0,2025-06-30 23:16:38
a04155,N1151V  ,United States,1751325306.0,1751325397,-86.4258,42.0077,929.64,False,74.61,91.19,-0.65,,906.78,,False,0,2025-06-30 23:16:38
a0a457,SKW5350 ,United States,1751325344.0,1751325344,-87.8966,41.9883,213.36,False,67.91,270.43,-2.93,,259.08,7013,False,0,2025-06-30 23:16:38
a47db3,LTA389  ,United States,1751325118.0,1751325118,-78.6126,34.4936,1348.74,False,60.98,170.78,-17.23,,1394.46,,False,0,2025-06-30 23:16:38
a3adce,AAL1975 ,United States,1751325398.0,1751325398,-83.144,34.0255,11277.6,False,223.96,57.95,0.0,,11955.78,4311,False,0,2025-06-30 23:16:38
0d0dd3,VOI3382 ,Mexico,1751325366.0,1751325382,-113.0612,30.8245,10668.0,False,244.12,117.21,-0.33,,11315.7,,False,0,2025-06-30 23:16:38
a42405,EJA366  ,United States,1751325398.0,1751325398,-72.5127,45.686,13106.4,False,175.94,270.34,0.0,,13632.18,,False,0,2025-06-30 23:16:38
a0a42b,N140RD  ,United States,1751325398.0,1751325398,-113.9,35.086,4381.5,False,99.84,292.73,0.65,,4648.2,,False,0,2025-06-30 23:16:38
ab1db2,UAL2110 ,United States,1751325398.0,1751325398,-92.7271,39.1227,10447.02,False,215.43,276.58,7.15,,10995.66,1176,False,0,2025-06-30 23:16:38
ab8748,AAL125  ,United States,1751325391.0,1751325397,-82.944,46.2863,11574.78,False,200.65,235.13,0.0,,12039.6,6002,False,0,2025-06-30 23:16:38
a9ab72,SKW6259 ,United States,1751325398.0,1751325398,-93.6688,34.2624,10972.8,False,234.77,250.81,0.0,,11605.26,5750,False,0,2025-06-30 23:16:38
0d0ddb,AMX403  ,Mexico,1751325398.0,1751325398,-73.7801,40.6341,,True,5.92,275.62,,,,,False,0,2025-06-30 23:16:38
a2f721,SKW3764 ,United States,1751325397.0,1751325397,-122.7051,47.8787,4556.76,False,176.81,148.81,0.0,,4762.5,2626,False,0,2025-06-30 23:16:38
aab73f,N79SC   ,United States,1751325397.0,1751325397,-84.467,30.057,13716.0,False,212.44,118.18,-0.33,,14378.94,0153,False,0,2025-06-30 23:16:38
a9ab40,N722CV  ,United States,1751325397.0,1751325397,-95.7267,40.7424,13106.4,False,168.12,304.91,0.0,,13662.66,0753,False,0,2025-06-30 23:16:38
a28160,N2600L  ,United States,1751325329.0,1751325331,-80.5969,35.0207,434.34,False,47.67,43.69,-4.23,,426.72,,False,0,2025-06-30 23:16:38
a9be74,N727KF  ,United States,1751325398.0,1751325398,-111.3998,39.5009,6705.6,False,124.42,44.33,-0.98,,7109.46,,False,0,2025-06-30 23:16:38
ab741e,UAL568  ,United States,1751325397.0,1751325398,-97.6133,42.0781,11582.4,False,206.56,254.54,0.0,,12062.46,6416,False,0,2025-06-30 23:16:38
a46abc,CXK161  ,United States,1751325397.0,1751325397,-78.5596,35.445,1219.2,False,52.99,270.0,0.0,,1242.06,7006,False,0,2025-06-30 23:16:38
a34ae0,DAL2266 ,United States,1751325397.0,1751325398,-84.0975,33.73,1569.72,False,115.92,194.65,-5.85,,1653.54,1251,False,0,2025-06-30 23:16:38
a46ac0,N384GD  ,United States,1751325397.0,1751325397,-80.0883,36.32,3649.98,False,143.89,228.04,0.0,,3832.86,,False,0,2025-06-30 23:16:38
a34ae6,DAL2514 ,United States,1751325394.0,1751325394,-111.981,40.7855,,True,0.0,354.38,,,,,False,0,2025-06-30 23:16:38
a96e72,N7069G  ,United States,1751325398.0,1751325398,-92.5056,41.2001,762.0,False,32.96,292.96,2.93,,769.62,,False,0,2025-06-30 23:16:38
a3ada3,AAL2131 ,United States,1751325398.0,1751325398,-95.7195,40.9884,10668.0,False,270.95,59.54,0.0,,11163.3,6710,False,0,2025-06-30 23:16:38
0d0da5,AMX117  ,Mexico,1751325398.0,1751325398,-105.6082,29.9688,10911.84,False,239.74,330.85,-4.55,,11582.4,,False,0,2025-06-30 23:16:38
abc432,SWA2529 ,United States,1751325165.0,1751325165,-77.0396,38.8698,76.2,False,70.72,171.63,-3.58,,38.1,1044,False,0,2025-06-30 23:16:38
a3adb9,AAL2069 ,United States,1751325398.0,1751325398,-111.8691,41.0972,4221.48,False,185.38,97.82,11.38,,4465.32,,False,0,2025-06-30 23:16:38
a7d2f1,FFT1384 ,United States,1751325397.0,1751325398,-80.9057,35.1486,952.5,False,122.78,129.56,7.48,,982.98,,False,0,2025-06-30 23:16:38
a83b86,N63BK   ,United States,1751325398.0,1751325398,-121.9622,37.6738,510.54,False,24.78,184.76,1.63,,480.06,1200,False,0,2025-06-30 23:16:38
a2945d,N2653M  ,United States,1751325397.0,1751325397,-93.5217,44.7256,601.98,False,79.25,19.73,-0.98,,586.74,,False,0,2025-06-30 23:16:38
a0417c,N1152Z  ,United States,1751325397.0,1751325398,-121.8988,47.6802,662.94,False,34.16,307.04,-4.88,,678.18,1200,False,0,2025-06-30 23:16:38
a59da3,N461DF  ,United States,1751325397.0,1751325397,-120.5111,37.69,4457.7,False,141.31,324.63,0.0,,4663.44,,False,0,2025-06-30 23:16:38
a9be4c,N727HR  ,United States,1751325398.0,1751325398,-118.0089,33.7577,937.26,False,46.7,139.47,-0.33,,906.78,,False,0,2025-06-30 23:16:38
71be35,AAR204  ,Republic of Korea,1751325398.0,1751325398,-119.4053,34.8358,7482.84,False,209.08,143.81,-8.78,,7856.22,1170,False,0,2025-06-30 23:16:38
a209b9,ENY3793 ,United States,1751325397.0,1751325397,-86.4608,42.375,3398.52,False,196.83,53.61,-3.25,,3512.82,4371,False,0,2025-06-30 23:16:38
a5dacd,N47673  ,United States,1751324714.0,1751325397,-96.5604,33.5858,723.9,False,52.27,280.2,-3.9,,731.52,,False,0,2025-06-30 23:16:38
a6c781,JBU128  ,United States,1751325397.0,1751325398,-81.2255,28.6253,4251.96,False,197.39,345.82,13.66,,4488.18,0512,False,0,2025-06-30 23:16:38
acf5bb,NKS2627 ,United States,1751325397.0,1751325397,-100.8577,30.8901,11254.74,False,245.63,92.52,-1.95,,11955.78,1613,False,0,2025-06-30 23:16:38
a5a790,N4633Q  ,United States,1751325397.0,1751325397,-96.2,32.7223,1379.22,False,45.11,225.92,0.0,,1417.32,1200,False,0,2025-06-30 23:16:38
a5dad6,N4768B  ,United States,1751325397.0,1751325397,-121.9947,47.3074,1341.12,False,56.53,130.94,6.83,,1402.08,,False,0,2025-06-30 23:16:38
a6b449,N531BM  ,United States,1751325360.0,1751325379,-117.438,34.1034,1554.48,False,58.66,127.87,-1.95,,1569.72,,False,0,2025-06-30 23:16:38
a9276d,N6893F  ,United States,1751325395.0,1751325395,-81.396,28.9695,883.92,False,44.45,233.0,-0.33,,937.26,3070,False,0,2025-06-30 23:16:38
a209c0,AAY3510 ,United States,1751325372.0,1751325372,-122.5968,45.5934,,True,8.75,227.81,,,,6013,False,0,2025-06-30 23:16:38
a84dce,NKS8834 ,United States,1751325397.0,1751325397,-82.4129,33.7707,11887.2,False,229.7,324.39,0.0,,12565.38,5722,False,0,2025-06-30 23:16:38
aa6787,N77JS   ,United States,1751325397.0,1751325398,-72.7906,45.2194,2255.52,False,84.27,198.88,-2.93,,2316.48,,False,0,2025-06-30 23:16:38
ac2b61,SWA2982 ,United States,1751325291.0,1751325301,-70.995,42.3861,99.06,False,75.48,198.68,-4.55,,76.2,3465,False,0,2025-06-30 23:16:38
aaeb6a,VXP570  ,United States,1751325397.0,1751325398,-76.0371,38.0329,10134.6,False,244.44,212.89,6.5,,10721.34,3023,False,0,2025-06-30 23:16:38
aa676e,N77HS   ,United States,1751325398.0,1751325398,-117.2794,33.7921,1524.0,False,70.81,159.59,4.23,,1539.24,1255,False,0,2025-06-30 23:16:38
c03cf4,ACA422  ,Canada,1751325397.0,1751325397,-73.9664,45.4312,2606.04,False,160.95,42.41,-2.6,,2697.48,3477,False,0,2025-06-30 23:16:38
aaa2f6,SWA500  ,United States,1751325226.0,1751325226,-70.3398,43.6468,83.82,False,73.87,95.19,-3.58,,76.2,7011,False,0,2025-06-30 23:16:38
a1c48c,N2129J  ,United States,1751325398.0,1751325398,-74.3661,39.94,723.9,False,43.87,320.71,2.93,,723.9,,False,0,2025-06-30 23:16:38
ac2b6c,,United States,1751325388.0,1751325389,-92.9095,31.7942,9753.6,False,225.45,227.87,-0.33,,10340.34,,False,0,2025-06-30 23:16:38
aa9ab6,SWA1404 ,United States,1751325398.0,1751325398,-116.2169,35.2464,7322.82,False,218.19,47.96,-0.65,,7741.92,1211,False,0,2025-06-30 23:16:38
a5a759,N46315  ,United States,1751325398.0,1751325398,-117.0765,48.0542,1767.84,False,47.65,322.02,0.33,,1882.14,,False,0,2025-06-30 23:16:38
abc2e5,RPA4438 ,United States,1751325398.0,1751325398,-79.5496,43.708,487.68,False,70.96,226.47,-3.58,,434.34,7177,False,0,2025-06-30 23:16:38
ac2b80,SWA1379 ,United States,1751325347.0,1751325347,-114.4928,42.8343,8191.5,False,223.19,292.78,-5.2,,8656.32,,False,0,2025-06-30 23:16:38
ac2b8e,ASH6039 ,United States,1751325398.0,1751325398,-77.433,38.8691,800.1,False,110.26,176.79,8.13,,815.34,,False,0,2025-06-30 23:16:38
a053cb,N120B   ,United States,1751325093.0,1751325093,-118.3727,34.198,281.94,False,55.06,91.07,-3.58,,228.6,1200,False,0,2025-06-30 23:16:38
0d0e91,XAMSL   ,Mexico,1751325396.0,1751325397,-88.4432,31.3984,13716.0,False,211.15,77.05,-0.33,,14378.94,1147,False,0,2025-06-30 23:16:38
a84dd1,JIA544V ,United States,1751325398.0,1751325398,-87.8462,37.1758,8923.02,False,229.29,235.88,5.53,,9456.42,6636,False,0,2025-06-30 23:16:38
c04ff4,WJA2247 ,Canada,1751325397.0,1751325397,-110.848,32.7798,10972.8,False,233.8,7.08,0.0,,11605.26,1547,False,0,2025-06-30 23:16:38
a6b439,CSI531  ,United States,1751325397.0,1751325397,-106.1069,36.9264,8534.4,False,124.82,192.38,0.0,,9037.32,3270,False,0,2025-06-30 23:16:38
a71aad,DAL659  ,United States,1751325356.0,1751325382,-111.6227,37.2035,9753.6,False,238.39,264.18,0.0,,10294.62,2330,False,0,2025-06-30 23:16:38
a449a4,UAL1140 ,United States,1751325397.0,1751325397,-76.9123,37.0159,10180.32,False,248.39,201.25,5.2,,10767.06,2144,False,0,2025-06-30 23:16:38
c04fe4,ACA886  ,Canada,1751325397.0,1751325398,-70.634,47.5433,10675.62,False,265.69,55.57,2.6,,11125.2,0525,False,0,2025-06-30 23:16:38
a066de,N125GC  ,United States,1751325397.0,1751325397,-71.0255,42.9022,1219.2,False,39.43,277.5,2.6,,1242.06,1200,False,0,2025-06-30 23:16:38
a4bae9,N40353  ,United States,1751325271.0,1751325271,-122.7719,47.4848,152.4,False,7.85,31.61,-0.98,,152.4,,False,0,2025-06-30 23:16:38
a11f59,UAL1950 ,United States,1751325397.0,1751325397,-86.4955,36.8325,10058.4,False,259.2,77.04,0.0,,10645.14,7634,False,0,2025-06-30 23:16:38
a3f161,EJA353  ,United States,1751325397.0,1751325398,-94.6547,37.6681,6705.6,False,200.93,287.74,0.0,,7063.74,,False,0,2025-06-30 23:16:38
acf486,AAL767  ,United States,1751325398.0,1751325398,-95.9283,33.986,6568.44,False,214.31,226.26,-4.88,,6949.44,6605,False,0,2025-06-30 23:16:38
a075df,RPA9948 ,United States,1751325398.0,1751325398,-80.8602,42.7067,8892.54,False,207.48,235.4,5.2,,9357.36,4175,False,0,2025-06-30 23:16:38
a0c5c6,SKW5472 ,United States,1751325272.0,1751325274,-97.1819,28.1048,2232.66,False,148.46,245.21,-6.5,,2362.2,4622,False,0,2025-06-30 23:16:38
a9ccde,AAL3020 ,United States,1751325397.0,1751325397,-82.1353,41.3502,7856.22,False,251.06,109.51,-5.2,,8260.08,1363,False,0,2025-06-30 23:16:38
a12e57,VTE3008 ,United States,1751325395.0,1751325396,-89.6075,34.3948,2804.16,False,148.47,73.7,-5.53,,2964.18,5627,False,0,2025-06-30 23:16:38
ae213e,PAT01   ,United States,1751325196.0,1751325205,-77.1929,38.7238,121.92,False,32.43,131.78,-2.93,,83.82,6421,False,0,2025-06-30 23:16:38
a195bd,N201AC  ,United States,1751325397.0,1751325397,-99.4021,31.1377,11887.2,False,275.43,101.31,0.0,,12588.24,6156,False,0,2025-06-30 23:16:38
a79386,HAL1617 ,United States,1751325397.0,1751325398,-105.3501,34.5807,11887.2,False,255.95,84.23,-0.33,,12542.52,1351,False,0,2025-06-30 23:16:38
a92384,UAL2445 ,United States,1751325397.0,1751325397,-79.1868,41.9331,10363.2,False,214.29,247.56,0.33,,10927.08,1421,False,0,2025-06-30 23:16:38
a4207f,JANET62 ,United States,1751325335.0,1751325336,-116.0197,36.7086,4640.58,False,192.94,188.43,0.98,,4922.52,,False,0,2025-06-30 23:16:38
a2e098,ASA450  ,United States,1751325397.0,1751325397,-85.4191,40.9238,9837.42,False,220.39,292.07,2.93,,10355.58,4014,False,0,2025-06-30 23:16:38
acf497,DAL1101 ,United States,1751325398.0,1751325398,-92.5106,41.4792,9845.04,False,280.07,52.69,5.53,,10309.86,,False,0,2025-06-30 23:16:38
acf48f,,United States,1751325272.0,1751325275,-74.1785,40.687,,True,0.9,174.38,,,,,False,0,2025-06-30 23:16:38
a92365,UAL2718 ,United States,1751325242.0,1751325242,-100.0479,38.8021,10363.2,False,206.99,272.42,-0.33,,10927.08,7001,False,0,2025-06-30 23:16:38
aad9d8,N799E   ,United States,1751325274.0,1751325276,-122.5583,38.1447,,True,2.83,239.06,,,,1200,False,0,2025-06-30 23:16:38
ac4f29,SWA503  ,United States,1751325397.0,1751325397,-81.2388,35.0081,10668.0,False,231.0,58.29,0.0,,11315.7,7754,False,0,2025-06-30 23:16:38
a1e5f1,ENY4085 ,United States,1751325397.0,1751325397,-81.0829,31.7115,10363.2,False,244.63,174.09,0.0,,10949.94,4053,False,0,2025-06-30 23:16:38
a85ce8,QXE2197 ,United States,1751325397.0,1751325397,-119.2615,45.6605,11582.4,False,212.96,260.26,0.33,,12077.7,,False,0,2025-06-30 23:16:38
a062ef,DAL746  ,United States,1751325398.0,1751325398,-85.0547,33.6374,4107.18,False,180.34,254.62,9.1,,4320.54,7211,False,0,2025-06-30 23:16:38
a48e3a,DAL1906 ,United States,1751325385.0,1751325385,-84.4207,33.6359,,True,8.75,118.12,,,,,False,0,2025-06-30 23:16:38
abf9b1,SWA2917 ,United States,1751325397.0,1751325397,-100.5791,30.5475,11582.4,False,226.4,281.67,0.0,,12275.82,2342,False,0,2025-06-30 23:16:38
a24e94,N248JW  ,United States,1751325397.0,1751325397,-122.5515,47.9533,1165.86,False,54.41,130.01,0.98,,1203.96,,False,0,2025-06-30 23:16:38
a1e5cf,N221MD  ,United States,1751325393.0,1751325397,-76.5707,41.3552,1851.66,False,114.31,264.06,0.0,,1905.0,4243,False,0,2025-06-30 23:16:38
0c20d6,CMP709  ,Panama,1751325064.0,1751325379,-79.0854,24.2222,10668.0,False,241.83,181.1,0.33,,11247.12,7401,False,0,2025-06-30 23:16:38
a7e318,SKW6009 ,United States,1751325396.0,1751325397,-121.8529,44.238,7056.12,False,207.48,87.73,7.48,,7421.88,,False,0,2025-06-30 23:16:38
a5fcef,UAL658  ,United States,1751325397.0,1751325398,-87.5372,42.0914,1242.06,False,109.58,90.27,0.0,,1249.68,7002,False,0,2025-06-30 23:16:38
a7f647,N612BB  ,United States,1751325396.0,1751325397,-103.9189,34.7551,12496.8,False,188.84,131.24,0.65,,13167.36,,False,0,2025-06-30 23:16:38
a445b0,DAL2939 ,United States,1751325397.0,1751325398,-88.2655,34.7102,9692.64,False,238.34,262.18,-7.8,,10256.52,7263,False,0,2025-06-30 23:16:38
aa779d,SWA3983 ,United States,1751325397.0,1751325397,-94.2373,36.0682,11887.2,False,241.67,96.23,0.33,,12542.52,4115,False,0,2025-06-30 23:16:38
a23b55,MXY745  ,United States,1751325397.0,1751325398,-79.1745,36.6019,4625.34,False,191.76,136.41,-8.78,,4884.42,6706,False,0,2025-06-30 23:16:38
aad9f2,N799FA  ,United States,1751325397.0,1751325397,-84.5276,33.1824,1051.56,False,48.49,162.72,0.0,,1089.66,1200,False,0,2025-06-30 23:16:38
a97cb5,GTI3511 ,United States,1751325398.0,1751325398,-90.6388,38.3843,12192.0,False,237.39,320.1,0.0,,12832.08,3732,False,0,2025-06-30 23:16:38
86e84c,JAL69   ,Japan,1751325397.0,1751325398,-123.7369,38.0467,10965.18,False,267.78,310.64,-0.33,,11445.24,6763,False,0,2025-06-30 23:16:38
abf9d5,SWA445  ,United States,1751325397.0,1751325397,-118.7429,38.699,10782.3,False,230.46,284.35,-4.55,,11346.18,,False,0,2025-06-30 23:16:38
ad26b2,CXK198  ,United States,1751325398.0,1751325398,-111.5667,33.2271,1051.56,False,50.58,313.76,-3.25,,1013.46,4350,False,0,2025-06-30 23:16:38
a67399,SCX3033 ,United States,1751325397.0,1751325397,-97.8486,43.1176,12192.0,False,217.19,243.86,0.0,,12672.06,2451,False,0,2025-06-30 23:16:38
aa5130,ENY4267 ,United States,1751325397.0,1751325397,-88.3686,41.8646,4015.74,False,158.6,258.4,12.03,,4168.14,3206,False,0,2025-06-30 23:16:38
a8299a,JBU8650 ,United States,1751325398.0,1751325398,-81.1744,32.144,6903.72,False,194.29,43.93,10.08,,7315.2,3077,False,0,2025-06-30 23:16:38
aa777e,SWA464  ,United States,1751325397.0,1751325398,-102.6951,30.914,11582.4,False,221.61,264.81,0.0,,12260.58,7302,False,0,2025-06-30 23:16:38
a6604f,N51NN   ,United States,1751325358.0,1751325358,-81.4608,28.0096,1318.26,False,34.71,258.02,2.28,,1379.22,3071,False,0,2025-06-30 23:16:38
aa0dfa,EJA747  ,United States,1751325398.0,1751325398,-122.3272,37.7687,1615.44,False,108.11,317.12,18.53,,1661.16,6360,False,0,2025-06-30 23:16:38
a195ef,N201CC  ,United States,1751325172.0,1751325172,-94.9527,45.0664,701.04,False,57.52,280.3,-0.98,,723.9,,False,0,2025-06-30 23:16:38
a85e2b,UAL254  ,United States,1751325398.0,1751325398,-73.4609,42.225,8564.88,False,242.75,6.33,7.48,,9014.46,1162,False,0,2025-06-30 23:16:38
ad2733,ASA475  ,United States,1751325398.0,1751325398,-110.222,32.7025,10972.8,False,236.54,277.37,0.0,,11620.5,3170,False,0,2025-06-30 23:16:38
a48e7b,FFT124  ,United States,1751325397.0,1751325397,-81.6099,30.9053,10660.38,False,217.25,13.28,0.0,,11285.22,6200,False,0,2025-06-30 23:16:38
710111,SVA038  ,Saudi Arabia,1751325397.0,1751325397,-77.4559,38.9612,,True,1.29,2.81,,,,,False,0,2025-06-30 23:16:38
aac762,FDX1685 ,United States,1751325397.0,1751325397,-122.2166,37.7181,,True,0.0,39.38,,,,,False,0,2025-06-30 23:16:38
abd429,N861SL  ,United States,1751325398.0,1751325398,-118.2456,33.6887,1203.96,False,45.44,210.63,-1.63,,1181.1,,False,0,2025-06-30 23:16:38
a59b4a,TRF560  ,United States,1751325397.0,1751325398,-96.73,33.0106,762.0,False,51.97,271.13,0.0,,762.0,4666,False,0,2025-06-30 23:16:38
ad6da6,FDY454  ,United States,1751325397.0,1751325397,-90.2803,38.6593,975.36,False,86.0,344.38,-4.23,,975.36,1011,False,0,2025-06-30 23:16:38
a445ef,UAL1332 ,United States,1751325397.0,1751325397,-79.5637,41.7995,10058.4,False,261.02,69.1,0.0,,10607.04,6242,False,0,2025-06-30 23:16:38
a445ee,UAL1053 ,United States,1751325398.0,1751325398,-80.5388,32.8601,10058.4,False,230.07,26.85,0.0,,10645.14,6106,False,0,2025-06-30 23:16:38
aa0f6c,N74737  ,United States,1751325397.0,1751325397,-121.8303,37.3259,396.24,False,50.72,139.52,0.33,,350.52,1200,False,0,2025-06-30 23:16:38
a445f8,DAL3243 ,United States,1751325397.0,1751325398,-89.5382,43.4747,10972.8,False,193.8,264.52,0.0,,11399.52,7175,False,0,2025-06-30 23:16:38
0c217b,CMP444  ,Panama,1751325200.0,1751325226,-77.7308,27.4228,9144.0,False,238.23,178.89,0.0,,9624.06,,False,0,2025-06-30 23:16:38
abd41a,RPA4724 ,United States,1751325397.0,1751325397,-71.4881,41.7072,4572.0,False,176.07,68.76,-1.3,,4800.6,2266,False,0,2025-06-30 23:16:38
a2f2c3,N2897M  ,United States,1751325397.0,1751325397,-119.0021,34.2397,670.56,False,51.37,82.52,2.28,,586.74,,False,0,2025-06-30 23:16:38
a325fd,AAL1605 ,United States,1751325397.0,1751325397,-93.3138,42.5781,10058.4,False,272.52,93.03,0.33,,10439.4,6077,False,0,2025-06-30 23:16:38
aa76cb,SWA1706 ,United States,1751325397.0,1751325398,-77.7094,41.7014,6400.8,False,197.48,189.14,0.0,,6713.22,5653,True,0,2025-06-30 23:16:38
a948c4,DAL785  ,United States,1751325396.0,1751325397,-110.912,35.274,9448.8,False,234.43,31.63,0.0,,9974.58,1514,False,0,2025-06-30 23:16:38
a445cd,UAL8152 ,United States,1751325360.0,1751325362,-99.5384,41.8668,9753.6,False,232.39,246.1,0.0,,10210.8,1515,False,0,2025-06-30 23:16:38
0c215f,CMP847  ,Panama,1751325261.0,1751325261,-109.3342,29.8263,10972.8,False,227.1,277.16,0.0,,11628.12,,False,0,2025-06-30 23:16:38
ac3ac9,SWA732  ,United States,1751325398.0,1751325398,-107.9245,32.3548,11582.4,False,231.5,286.26,0.33,,12260.58,1336,False,0,2025-06-30 23:16:38
4caaf1,EIN122  ,Ireland,1751325390.0,1751325390,-71.3335,47.7664,11277.6,False,262.45,73.84,0.0,,11734.8,7274,False,0,2025-06-30 23:16:38
adbdba,N985AC  ,United States,1751325397.0,1751325398,-89.3444,36.172,548.64,False,44.41,108.23,0.0,,518.16,,False,0,2025-06-30 23:16:38
aab477,N7891G  ,United States,1751325398.0,1751325398,-117.9237,33.8634,1440.18,False,52.48,91.12,0.98,,1417.32,,False,0,2025-06-30 23:16:38
ac4dfb,AAL1980 ,United States,1751325397.0,1751325398,-88.3263,40.9165,10126.98,False,222.86,284.71,6.83,,10637.52,4046,False,0,2025-06-30 23:16:38
a20708,N23K    ,United States,1751325398.0,1751325398,-97.2846,32.8202,1066.8,False,79.31,133.95,0.0,,1089.66,,False,0,2025-06-30 23:16:38
ac3adf,SWA6310 ,United States,1751325395.0,1751325395,-115.1462,36.0812,,True,0.0,255.94,,,,,False,0,2025-06-30 23:16:38
adbdc1,ASA322  ,United States,1751325397.0,1751325397,-78.8706,36.6663,8229.6,False,222.45,55.65,0.0,,8717.28,5605,False,0,2025-06-30 23:16:38
abc12a,SWA3467 ,United States,1751325397.0,1751325397,-100.8523,37.3955,11277.6,False,253.06,77.91,5.53,,11498.58,,False,0,2025-06-30 23:16:38
a5c8d4,LFA458  ,United States,1751325397.0,1751325397,-81.1846,28.7141,579.12,False,65.89,70.86,0.33,,617.22,5552,False,0,2025-06-30 23:16:38
adbdc9,DAL3208 ,United States,1751325397.0,1751325397,-85.7699,33.5835,5212.08,False,190.34,270.0,-18.21,,5524.5,3333,False,0,2025-06-30 23:16:38
a708b0,AAL529  ,United States,1751325395.0,1751325398,-112.9613,36.6784,10363.2,False,230.97,249.67,0.33,,10934.7,3207,False,0,2025-06-30 23:16:38
a4a8f5,N4LM    ,United States,1751325205.0,1751325214,-111.9098,33.6274,6156.96,True,3.09,208.12,,,,0507,False,0,2025-06-30 23:16:38
a5c8bb,VTE3054 ,United States,1751325397.0,1751325397,-88.8575,38.4137,4373.88,False,155.48,190.68,-10.4,,4564.38,3166,False,0,2025-06-30 23:16:38
a6b07e,ASA822  ,United States,1751325397.0,1751325397,-122.4844,46.9719,2750.82,False,148.05,44.86,-2.6,,2872.74,,False,0,2025-06-30 23:16:38
aa76a8,SWA2185 ,United States,1751325276.0,1751325276,-77.04,38.8705,83.82,False,70.32,168.61,-4.88,,68.58,3546,False,0,2025-06-30 23:16:38
abe79d,SWA2382 ,United States,1751325398.0,1751325398,-77.009,39.5038,1226.82,False,129.39,176.35,0.33,,1257.3,1424,False,0,2025-06-30 23:16:38
a2f2fa,UAL199  ,United States,1751325397.0,1751325398,-122.696,37.1645,11887.2,False,241.74,124.77,-0.33,,12443.46,1402,False,0,2025-06-30 23:16:38
ad013b,N937SA  ,United States,1751325371.0,1751325373,-77.3556,39.4321,243.84,False,33.59,220.03,-1.3,,213.36,,False,0,2025-06-30 23:16:38
39d2ae,AFR137K ,France,1751325398.0,1751325398,-83.9581,45.0781,11887.2,False,288.96,50.27,0.0,,12359.64,6555,False,0,2025-06-30 23:16:38
adbe91,JBU190  ,United States,1751325398.0,1751325398,-110.1234,38.1602,10058.4,False,239.28,56.31,0.0,,10614.66,,False,0,2025-06-30 23:16:38
39d2ab,AFR159  ,France,1751325397.0,1751325397,-85.4497,41.9234,11887.2,False,279.39,44.4,0.0,,12451.08,1356,False,0,2025-06-30 23:16:38
ac3b8e,N888AA  ,United States,1751325398.0,1751325398,-89.166,41.9746,2179.32,False,138.96,88.3,-3.58,,2247.9,7455,False,0,2025-06-30 23:16:38
a4470e,HAL6    ,United States,1751325397.0,1751325397,-117.3586,34.7301,8023.86,False,222.04,64.33,-10.4,,8473.44,3625,False,0,2025-06-30 23:16:38
a7e2da,SKW4310 ,United States,1751325390.0,1751325390,-111.975,40.7761,,True,13.38,177.19,,,,,False,0,2025-06-30 23:16:38
a9bb64,N726RY  ,United States,1751325397.0,1751325398,-81.4681,27.7182,6400.8,False,147.26,87.6,0.0,,6797.04,2112,False,0,2025-06-30 23:16:38
a06461,AAL1443 ,United States,1751325397.0,1751325398,-82.0456,28.8697,5204.46,False,215.88,198.05,-13.66,,5509.26,2567,False,0,2025-06-30 23:16:38
a2074f,N23MW   ,United States,1751325380.0,1751325380,-87.396,44.9987,662.94,False,72.02,180.41,-1.95,,617.22,,False,0,2025-06-30 23:16:38
a44704,NJM375  ,United States,1751325398.0,1751325398,-83.9528,34.824,13716.0,False,211.13,158.56,-0.33,,14394.18,2572,False,0,2025-06-30 23:16:38
a06435,SKW5540 ,United States,1751325398.0,1751325398,-96.5011,31.9834,10363.2,False,225.91,181.44,0.0,,11026.14,0553,False,0,2025-06-30 23:16:38
af9b68,GUMP32  ,United States,1751325302.0,1751325305,-86.4574,31.8904,182.88,False,63.07,151.76,-0.33,,190.5,,False,0,2025-06-30 23:16:38
a96b65,FFT1756 ,United States,1751325397.0,1751325397,-116.1542,33.3842,8450.58,False,245.18,97.96,4.23,,8938.26,2050,False,0,2025-06-30 23:16:38
a8ae7f,DAL1873 ,United States,1751325305.0,1751325305,-84.4263,33.6435,,True,2.06,90.0,,,,7467,False,0,2025-06-30 23:16:38
39d2a8,AFR355J ,France,1751325397.0,1751325397,-72.4267,45.7357,11887.2,False,283.08,70.91,0.0,,12397.74,7437,False,0,2025-06-30 23:16:38
a96b5a,MTN7503 ,United States,1751325397.0,1751325398,-77.5466,35.3627,2072.64,False,141.23,310.42,-4.55,,2148.84,,False,0,2025-06-30 23:16:38
a00df8,N102UV  ,United States,1751325085.0,1751325085,-79.9458,37.3427,464.82,False,41.64,297.2,-3.9,,441.96,,False,0,2025-06-30 23:16:38
a56742,N4472F  ,United States,1751325357.0,1751325381,-97.3286,33.3377,541.02,False,55.23,9.11,0.0,,525.78,,False,0,2025-06-30 23:16:38
a18421,AMF1543 ,United States,1751325362.0,1751325362,-69.4687,44.3394,2446.02,False,108.42,226.15,0.0,,2529.84,,False,0,2025-06-30 23:16:38
39d2a4,AFR637X ,France,1751325398.0,1751325398,-79.5754,43.1767,11887.2,False,280.26,62.45,0.0,,12458.7,2777,False,0,2025-06-30 23:16:38
a935e0,PDT5814 ,United States,1751325397.0,1751325397,-81.1494,35.2478,2910.84,False,148.9,322.3,11.7,,3040.38,,False,0,2025-06-30 23:16:38
a552fa,N442KP  ,United States,1751325364.0,1751325394,-111.8558,41.7846,,True,0.0,0.0,0.0,,,,False,0,2025-06-30 23:16:38
a35aae,AAL1543 ,United States,1751325398.0,1751325398,-90.8049,41.8911,9144.0,False,204.23,265.96,0.0,,9532.62,0250,False,0,2025-06-30 23:16:38
a17140,SKW3430 ,United States,1751325258.0,1751325298,-122.5952,45.587,,True,6.17,118.12,,,,4055,False,0,2025-06-30 23:16:38
a1d44e,SWA1226 ,United States,1751325216.0,1751325288,-108.6789,43.1289,11582.4,False,214.33,313.54,0.0,,12146.28,6475,False,0,2025-06-30 23:16:38
c00685,GLR2703 ,Canada,1751325397.0,1751325397,-123.2012,48.7955,883.92,False,122.13,39.19,-0.33,,937.26,,False,0,2025-06-30 23:16:38
a5b5fb,N4670G  ,United States,1751325174.0,1751325174,-84.7743,39.2705,274.32,False,36.03,189.87,-1.63,,236.22,,False,0,2025-06-30 23:16:38
a0faf3,AAL1456 ,United States,1751325398.0,1751325398,-103.2519,38.5372,10652.76,False,243.29,98.27,-0.33,,11224.26,6017,False,0,2025-06-30 23:16:38
a9bb22,N726PG  ,United States,1751325397.0,1751325397,-88.019,34.6626,13106.4,False,218.55,96.62,0.0,,13807.44,6302,False,0,2025-06-30 23:16:38
a43423,DAL731  ,United States,1751325396.0,1751325396,-84.4338,33.6429,,True,0.0,30.94,,,,,False,0,2025-06-30 23:16:38
a9bb0c,NKS2472 ,United States,1751325397.0,1751325397,-75.9779,37.735,10363.2,False,246.25,210.37,0.33,,10988.04,1737,False,0,2025-06-30 23:16:38
c00679,CRQ704  ,Canada,1751325397.0,1751325397,-73.6605,45.5197,411.48,False,83.4,222.25,-2.93,,373.38,,False,0,2025-06-30 23:16:38
a35aa4,AAY293  ,United States,1751325397.0,1751325397,-120.4246,39.1228,10782.3,False,252.91,52.69,5.85,,11315.7,1747,False,0,2025-06-30 23:16:38
a8ae3e,AAL1586 ,United States,1751325397.0,1751325397,-80.7744,33.7737,5166.36,False,202.46,176.94,0.33,,5471.16,,False,0,2025-06-30 23:16:38
aa75ef,UAL2328 ,United States,1751325398.0,1751325398,-96.3424,44.0943,11582.4,False,220.45,272.81,0.0,,11978.64,2312,False,0,2025-06-30 23:16:38
a7e2af,EJA607  ,United States,1751325397.0,1751325397,-115.1701,36.082,,True,0.0,90.0,,,,,False,0,2025-06-30 23:16:38
a32756,CXK551  ,United States,1751325397.0,1751325397,-76.3526,36.5811,1158.24,False,27.63,204.18,-1.95,,1203.96,1067,False,0,2025-06-30 23:16:38
a5fde4,N48521  ,United States,1751325397.0,1751325397,-123.6304,45.539,1303.02,False,51.08,198.8,-1.3,,1371.6,,False,0,2025-06-30 23:16:38
c01970,ROU1993 ,Canada,1751325397.0,1751325398,-71.4248,45.6203,10972.8,False,211.71,267.08,0.33,,11483.34,,False,0,2025-06-30 23:16:38
a5b75d,N468AK  ,United States,1751325397.0,1751325397,-104.8809,38.9385,2705.1,False,26.24,178.88,4.55,,2872.74,,False,0,2025-06-30 23:16:38
ad38bf,DAL1871 ,United States,1751325398.0,1751325398,-80.1462,32.9996,647.7,False,97.33,117.38,-3.9,,678.18,3531,False,0,2025-06-30 23:16:38
aa6446,N769PK  ,United States,1751325122.0,1751325123,-100.2349,25.8688,426.72,False,42.38,213.11,-1.3,,426.72,,False,0,2025-06-30 23:16:38
a5b760,AAL1850 ,United States,1751325397.0,1751325397,-78.7871,42.9242,9761.22,False,229.16,311.82,0.33,,10279.38,2201,False,0,2025-06-30 23:16:38
a1718e,AMF1557 ,United States,1751325380.0,1751325382,-71.9992,43.6138,2133.6,False,104.76,147.64,-0.33,,2202.18,,False,0,2025-06-30 23:16:38
a4477b,N375MK  ,United States,1751325397.0,1751325397,-101.762,33.6835,1737.36,False,48.13,100.47,3.58,,1752.6,,False,0,2025-06-30 23:16:38
a12f07,UAL215  ,United States,1751325342.0,1751325342,-77.4471,38.9473,,True,4.12,90.0,,,,3304,False,0,2025-06-30 23:16:38
c01968,ROU1738 ,Canada,1751325397.0,1751325398,-94.4534,33.353,10668.0,False,242.72,63.16,-0.33,,11300.46,7467,False,0,2025-06-30 23:16:38
a12f09,UAL1794 ,United States,1751325397.0,1751325397,-101.0692,32.6502,10668.0,False,237.67,116.07,-0.33,,11308.08,6675,False,0,2025-06-30 23:16:38
ac3b32,SWA1005 ,United States,1751325397.0,1751325398,-90.4136,35.5795,11277.6,False,227.12,242.33,0.0,,11955.78,1564,False,0,2025-06-30 23:16:38
a1848c,N1970H  ,United States,1751325398.0,1751325398,-78.8361,36.2589,1684.02,False,60.65,349.74,-0.98,,1722.12,1075,False,0,2025-06-30 23:16:38
a43458,FFT3508 ,United States,1751325398.0,1751325398,-84.227,33.0999,6172.2,False,198.69,126.37,8.13,,6522.72,2075,False,0,2025-06-30 23:16:38
aab2b7,N789HU  ,United States,1751325397.0,1751325397,-97.5562,35.284,1059.18,False,107.18,141.04,-2.28,,1089.66,,False,0,2025-06-30 23:16:38
aa7757,SWA131  ,United States,1751325397.0,1751325397,-101.0878,35.6119,12489.18,False,231.33,140.5,0.0,,13129.26,,False,0,2025-06-30 23:16:38
a8042c,N61531  ,United States,1751325398.0,1751325398,-122.7411,45.8365,922.02,False,21.41,54.78,1.3,,952.5,,False,0,2025-06-30 23:16:38
a1d45a,RPA5707 ,United States,1751325385.0,1751325385,-80.647,37.2085,10668.0,False,233.54,58.97,-0.33,,11308.08,2254,False,0,2025-06-30 23:16:38
a97da7,SKW6346 ,United States,1751325397.0,1751325397,-93.1361,34.4345,6370.32,False,185.35,250.21,7.15,,6720.84,,False,0,2025-06-30 23:16:38
aac5ec,SCX3024 ,United States,1751325397.0,1751325397,-121.3641,45.4489,4396.74,False,175.05,288.33,-10.08,,4625.34,4042,False,0,2025-06-30 23:16:38
a12f2a,UAL1728 ,United States,1751325397.0,1751325397,-89.6219,38.8536,10363.2,False,222.27,270.93,0.0,,10934.7,6547,False,0,2025-06-30 23:16:38
a339b1,DAL2646 ,United States,1751325139.0,1751325139,-87.9024,41.9714,,True,7.72,90.0,,,,,False,0,2025-06-30 23:16:38
a339aa,N307DM  ,United States,1751325396.0,1751325397,-122.9888,48.3343,3787.14,False,121.41,359.51,0.0,,3931.92,6632,False,0,2025-06-30 23:16:38
aa7734,SWA3168 ,United States,1751325388.0,1751325397,-94.0571,32.1083,11887.2,False,235.39,31.05,0.0,,12557.76,7017,False,0,2025-06-30 23:16:38
ac3b51,SWA2712 ,United States,1751325397.0,1751325397,-109.4779,35.2426,10972.8,False,238.92,210.54,0.0,,11590.02,1420,False,0,2025-06-30 23:16:38
adbe2c,AMF7228 ,United States,1751325109.0,1751325397,-94.5616,31.9576,7010.4,False,134.43,32.66,0.0,,7414.26,7446,False,0,2025-06-30 23:16:38
a3bde1,LXJ340  ,United States,1751325397.0,1751325398,-117.2059,47.9655,2720.34,False,145.61,173.1,0.98,,2842.26,,False,0,2025-06-30 23:16:38
a2919a,ASA23   ,United States,1751325397.0,1751325397,-118.9757,47.6878,10363.2,False,216.76,277.23,0.0,,10782.3,,False,0,2025-06-30 23:16:38
aab2dd,N789KG  ,United States,1751325397.0,1751325398,-97.35,39.0748,10675.62,False,242.56,99.52,0.33,,11209.02,,False,0,2025-06-30 23:16:38
ac4e92,WUP892  ,United States,1751325398.0,1751325398,-84.3634,39.1401,464.82,False,72.07,288.31,-4.23,,434.34,2272,False,0,2025-06-30 23:16:38
a4ddca,RPA9935 ,United States,1751325382.0,1751325382,-81.5468,37.6733,11887.2,False,230.05,72.29,-0.33,,12565.38,1623,False,0,2025-06-30 23:16:38
aa7718,SWA2302 ,United States,1751325398.0,1751325398,-96.8431,32.9542,868.68,False,94.68,227.64,-4.23,,899.16,5614,False,0,2025-06-30 23:16:38
adab31,AAL1043 ,United States,1751325397.0,1751325398,-96.5697,33.2875,2933.7,False,144.45,260.57,-6.83,,3093.72,6754,False,0,2025-06-30 23:16:38
a1c16e,N212FA  ,United States,1751325397.0,1751325397,-118.4883,34.2039,320.04,False,47.67,173.18,3.25,,274.32,,False,0,2025-06-30 23:16:38
ad12e0,SWA3309 ,United States,1751325398.0,1751325398,-91.2197,42.3324,11887.2,False,270.47,69.05,0.0,,12359.64,1025,False,0,2025-06-30 23:16:38
a12f6d,UAL1397 ,United States,1751325398.0,1751325398,-74.301,40.9084,1097.28,False,143.99,75.52,-6.83,,1127.76,6640,False,0,2025-06-30 23:16:38
a326c7,N302AG  ,United States,1751325392.0,1751325397,-77.4573,38.9384,,True,0.06,180.0,,,,,False,0,2025-06-30 23:16:38
a196f3,ENY3548 ,United States,1751325398.0,1751325398,-95.8123,32.6616,6903.72,False,218.82,94.58,8.13,,7322.82,3472,False,0,2025-06-30 23:16:38
ad159b,PDT5766 ,United States,1751325106.0,1751325106,-84.1851,30.8927,2964.18,False,159.1,166.73,-5.2,,3451.86,4220,False,0,2025-06-30 23:16:38
4b191c,SWR40   ,Switzerland,1751325398.0,1751325398,-116.5773,34.3758,8229.6,False,212.81,243.43,-17.23,,8702.04,0677,False,0,2025-06-30 23:16:38
a35c0b,JBU2783 ,United States,1751325398.0,1751325398,-77.1174,42.7862,9144.0,False,212.02,254.95,0.33,,9624.06,1335,False,0,2025-06-30 23:16:38
4b191a,SWR38K  ,Switzerland,1751325398.0,1751325398,-122.4679,38.6478,8732.52,False,213.71,209.09,-12.35,,9121.14,6244,False,0,2025-06-30 23:16:38
acf591,LFA687  ,United States,1751325397.0,1751325397,-81.2527,28.8594,601.98,False,66.86,39.69,5.2,,640.08,,False,0,2025-06-30 23:16:38
a339e0,FFT3853 ,United States,1751325397.0,1751325397,-81.3223,29.2389,7018.02,False,208.51,357.74,3.25,,7414.26,7406,False,0,2025-06-30 23:16:38
abc292,AAL2153 ,United States,1751325397.0,1751325397,-82.835,35.0612,11277.6,False,233.45,346.36,0.0,,11948.16,6272,False,0,2025-06-30 23:16:38
a12f88,N176AS  ,United States,1751325398.0,1751325398,-100.8389,31.4987,1737.36,False,59.73,2.47,-0.65,,1790.7,,False,0,2025-06-30 23:16:38
ab1d06,RPA5889 ,United States,1751325396.0,1751325397,-79.0633,37.4773,7040.88,False,216.0,292.11,4.88,,7452.36,,False,0,2025-06-30 23:16:38
a7816a,DAL497  ,United States,1751325383.0,1751325389,-70.9979,42.3799,60.96,False,65.58,199.71,-3.9,,38.1,7363,False,0,2025-06-30 23:16:38
abc29a,DAL278  ,United States,1751325397.0,1751325397,-84.4075,33.6349,,True,4.12,182.81,,,,,False,0,2025-06-30 23:16:38
a4cc00,SKW835X ,United States,1751325246.0,1751325247,-121.9229,37.3626,,True,0.0,47.81,,,,1535,False,0,2025-06-30 23:16:38
a7d182,,United States,1751325272.0,1751325272,-75.1215,38.312,,True,4.89,315.0,,,,,False,0,2025-06-30 23:16:38
a0fc0a,N1624K  ,United States,1751325397.0,1751325397,-71.584,41.8103,3040.38,False,174.6,306.73,0.0,,3154.68,4775,False,0,2025-06-30 23:16:38
a196c8,SWA1287 ,United States,1751325342.0,1751325342,-88.9288,32.9303,11582.4,False,237.47,263.91,-0.33,,12268.2,0071,False,0,2025-06-30 23:16:38
a96ae3,ASA1086 ,United States,1751325397.0,1751325397,-122.1518,47.408,3726.18,False,174.17,171.68,11.38,,3878.58,6644,False,0,2025-06-30 23:16:38
a1e6b9,SWA2141 ,United States,1751325398.0,1751325398,-83.7349,35.9071,11887.2,False,219.91,155.83,-0.33,,12565.38,6461,False,0,2025-06-30 23:16:38
ab97c1,N846SP  ,United States,1751325397.0,1751325397,-118.0851,33.8313,304.8,False,51.96,90.57,-1.63,,259.08,,False,0,2025-06-30 23:16:38
aac7b1,ENY3485 ,United States,1751325397.0,1751325397,-96.9426,32.321,5173.98,False,197.13,173.86,0.65,,5501.64,6245,False,0,2025-06-30 23:16:38
a12f70,UAL1031 ,United States,1751325397.0,1751325397,-95.2098,30.0073,601.98,False,99.81,269.41,-4.55,,647.7,7523,False,0,2025-06-30 23:16:38
a12f72,UAL1743 ,United States,1751325397.0,1751325398,-97.1322,30.2326,7894.32,False,224.21,279.38,0.65,,8374.38,5152,False,0,2025-06-30 23:16:38
a459a4,N38HD   ,United States,1751325397.0,1751325397,-79.0709,37.4124,7620.0,False,204.36,2.02,0.65,,8039.1,,False,0,2025-06-30 23:16:38
adabfe,JBU1388 ,United States,1751325397.0,1751325397,-82.6008,37.6475,10668.0,False,238.33,83.18,0.0,,11308.08,2175,False,0,2025-06-30 23:16:38
ab1d28,AAL1074 ,United States,1751325398.0,1751325398,-77.7444,34.2868,10668.0,False,228.23,11.97,0.0,,11277.6,1457,False,0,2025-06-30 23:16:38
c03c6b,HRT370  ,Canada,1751325397.0,1751325397,-78.4881,44.8512,8267.7,False,208.18,214.12,-4.88,,8625.84,7260,False,0,2025-06-30 23:16:38
aafd17,AAL1233 ,United States,1751325398.0,1751325398,-78.9377,29.2008,11239.5,False,238.22,193.11,-5.2,,11803.38,6540,False,0,2025-06-30 23:16:38
a170d9,AAY202  ,United States,1751325397.0,1751325398,-80.6229,28.7204,5257.8,False,199.04,123.4,7.48,,5554.98,3156,False,0,2025-06-30 23:16:38
a36f90,AAY116  ,United States,1751325397.0,1751325397,-121.6569,38.8777,11277.6,False,222.07,169.18,0.0,,11833.86,1653,False,0,2025-06-30 23:16:38
a36f7e,DAL642  ,United States,1751325398.0,1751325398,-103.9406,31.7732,10744.2,False,244.79,330.96,1.95,,11369.04,5764,True,0,2025-06-30 23:16:38
a9cdc2,N73020  ,United States,1751325398.0,1751325398,-93.6965,41.8218,1371.6,False,49.52,147.3,-0.33,,1432.56,,False,0,2025-06-30 23:16:38
71bf82,KAL005  ,Republic of Korea,1751325398.0,1751325398,-114.9625,35.9982,1943.1,False,104.99,91.68,-2.93,,2004.06,,False,0,2025-06-30 23:16:38
a73dfe,JBU433  ,United States,1751325396.0,1751325397,-73.6237,24.6267,10683.24,False,222.1,132.56,-0.98,,11262.36,,False,0,2025-06-30 23:16:38
ab1d2f,AAY1206 ,United States,1751325397.0,1751325398,-82.6204,33.6288,11582.4,False,235.66,317.92,0.0,,12252.96,7352,False,0,2025-06-30 23:16:38
a35c44,N31536  ,United States,1751325368.0,1751325368,-82.8121,41.6998,609.6,False,53.92,262.87,-0.33,,563.88,,False,0,2025-06-30 23:16:38
a7f762,NKS2787 ,United States,1751325396.0,1751325397,-81.2132,31.0695,10370.82,False,257.74,180.0,0.0,,10980.42,2267,False,0,2025-06-30 23:16:38
aafd1f,DAL108  ,United States,1751325396.0,1751325396,-84.4147,33.6365,,True,11.83,90.0,,,,,False,0,2025-06-30 23:16:38
4caa9b,ITY603  ,Ireland,1751325397.0,1751325397,-68.1645,41.8401,11277.6,False,255.48,67.26,0.0,,11871.96,1173,False,0,2025-06-30 23:16:38
a6749f,N515GG  ,United States,1751325398.0,1751325398,-120.9312,38.8221,2110.74,False,69.63,34.16,1.63,,2179.32,4566,False,0,2025-06-30 23:16:38
a36f66,MDS320  ,United States,1751325398.0,1751325398,-86.9233,34.8231,5791.2,False,136.45,133.63,0.0,,6103.62,3616,False,0,2025-06-30 23:16:38
ad27ab,MTN7464 ,United States,1751325357.0,1751325357,-78.4464,40.2859,1836.42,False,72.41,223.56,0.33,,1889.76,4146,False,0,2025-06-30 23:16:38
abe7c5,SWA1382 ,United States,1751325397.0,1751325397,-92.977,41.2203,10668.0,False,261.16,94.63,0.33,,11155.68,6040,False,0,2025-06-30 23:16:38
a050d8,N1196M  ,United States,1751325395.0,1751325395,-81.2453,29.6243,723.9,False,60.11,6.88,0.65,,746.76,,False,0,2025-06-30 23:16:38
a206f2,N23JC   ,United States,1751325397.0,1751325397,-121.0064,37.7099,1470.66,False,64.47,137.91,2.93,,1493.52,,False,0,2025-06-30 23:16:38
ad14a3,AAL2180 ,United States,1751325397.0,1751325398,-82.8547,33.5138,11559.54,False,241.2,277.35,4.55,,12230.1,0735,False,0,2025-06-30 23:16:38
a97dcb,DAL9950 ,United States,1751325398.0,1751325398,-83.2436,37.2743,12192.0,False,236.0,140.31,0.0,,12870.18,5202,False,0,2025-06-30 23:16:38
a206fc,SVL3    ,United States,1751325398.0,1751325398,-117.2858,33.1274,182.88,False,81.54,259.82,12.35,,152.4,,False,0,2025-06-30 23:16:38
ab0a35,JRE810  ,United States,1751325398.0,1751325398,-83.6693,35.6353,13670.28,False,194.8,347.03,4.55,,14310.36,3643,False,0,2025-06-30 23:16:38
a816ca,FFT1085 ,United States,1751325150.0,1751325159,-112.0098,33.4331,,True,0.9,357.19,,,,1021,False,0,2025-06-30 23:16:38
abd536,SWA2235 ,United States,1751325397.0,1751325397,-116.4611,35.0701,7315.2,False,238.3,55.56,-0.98,,7711.44,4762,False,0,2025-06-30 23:16:38
a949f6,N698RS  ,United States,1751325397.0,1751325397,-111.9031,33.2351,1592.58,False,114.63,313.36,1.3,,1615.44,4306,False,0,2025-06-30 23:16:38
ab2eff,N82F    ,United States,1751325398.0,1751325398,-117.0544,32.6265,335.28,False,40.25,265.6,0.98,,281.94,,False,0,2025-06-30 23:16:38
ac086b,SWA3148 ,United States,1751325398.0,1751325398,-90.5376,41.6306,11490.96,False,200.16,265.73,2.93,,12016.74,7546,False,0,2025-06-30 23:16:38
aaa224,SWA2877 ,United States,1751325397.0,1751325397,-73.7887,42.3262,8061.96,False,221.62,96.53,-7.48,,8488.68,6560,False,0,2025-06-30 23:16:38
c006db,CFCPM   ,Canada,1751325397.0,1751325397,-73.6133,45.9177,701.04,False,61.01,61.27,7.48,,640.08,,False,0,2025-06-30 23:16:38
a3ac7a,DAL1764 ,United States,1751325397.0,1751325397,-80.9593,31.4519,10233.66,False,261.94,187.33,-4.55,,10812.78,3030,False,0,2025-06-30 23:16:38
a1c0ec,UCA4295 ,United States,1751325397.0,1751325397,-79.8265,37.006,10972.8,False,215.79,229.93,0.33,,11612.88,1371,False,0,2025-06-30 23:16:38
a7f6b9,FFT4001 ,United States,1751325397.0,1751325397,-96.431,32.6174,9753.6,False,222.78,239.47,0.0,,10370.82,0433,False,0,2025-06-30 23:16:38
aafbd5,N80692  ,United States,1751325397.0,1751325397,-122.8919,47.6008,2560.32,False,48.78,207.65,-0.98,,2667.0,,False,0,2025-06-30 23:16:38
a72c32,N561SA  ,United States,1751325395.0,1751325395,-88.5016,42.0054,883.92,False,67.85,107.2,0.0,,868.68,,True,0,2025-06-30 23:16:38
ad6ec6,AAL1994 ,United States,1751325397.0,1751325397,-116.256,33.5887,8839.2,False,238.53,86.91,-0.33,,9342.12,2020,False,0,2025-06-30 23:16:38
a1c0cf,N2119C  ,United States,1751325398.0,1751325398,-122.9685,41.985,3733.8,False,92.61,339.85,-0.65,,3909.06,,False,0,2025-06-30 23:16:38
a420af,UPS9843 ,United States,1751325398.0,1751325398,-123.1439,44.9902,11894.82,False,223.28,179.34,0.0,,12405.36,3577,False,0,2025-06-30 23:16:38
a1c0e0,N2119V  ,United States,1751325356.0,1751325356,-116.0902,44.1533,2712.72,False,67.52,12.77,-2.28,,2827.02,,False,0,2025-06-30 23:16:38
a923a8,UAL1159 ,United States,1751325398.0,1751325398,-96.3789,30.3198,10363.2,False,231.05,327.55,0.0,,11010.9,7262,False,0,2025-06-30 23:16:38
a923a9,UAL1518 ,United States,1751325396.0,1751325396,-72.4358,38.5959,8199.12,False,236.49,316.06,-5.2,,8702.04,,False,0,2025-06-30 23:16:38
abe872,SWA2353 ,United States,1751325398.0,1751325398,-91.1391,34.2952,11277.6,False,247.76,52.68,0.33,,11948.16,7355,False,0,2025-06-30 23:16:38
ad2862,AAL1461 ,United States,1751325397.0,1751325397,-85.7118,42.2551,8107.68,False,285.74,87.73,6.83,,8481.06,6504,False,0,2025-06-30 23:16:38
ab1bf0,AAL2973 ,United States,1751325398.0,1751325398,-87.5781,35.4724,12496.8,False,251.67,71.53,0.0,,13197.84,2204,False,0,2025-06-30 23:16:38
0c2069,CMP445  ,Panama,1751325376.0,1751325376,-81.3892,24.9661,10668.0,False,249.26,139.6,0.33,,11254.74,0771,False,0,2025-06-30 23:16:38
aa64ca,AAL2962 ,United States,1751325398.0,1751325398,-86.5755,39.2171,11277.6,False,245.06,117.64,-0.33,,11910.06,7027,False,0,2025-06-30 23:16:38
a85f6f,N639CT  ,United States,1751325397.0,1751325397,-116.8987,32.7366,1051.56,False,47.89,309.33,1.3,,1051.56,,False,0,2025-06-30 23:16:38
a1c0d1,N2119E  ,United States,1751325397.0,1751325398,-72.6714,40.9717,731.52,False,47.22,240.64,-0.33,,731.52,,False,0,2025-06-30 23:16:38
abd559,SWA205  ,United States,1751325397.0,1751325398,-104.8384,39.0142,6865.62,False,232.48,200.6,10.73,,7261.86,3232,False,0,2025-06-30 23:16:38
a540e2,AMX039  ,United States,1751325397.0,1751325397,-99.7484,26.0652,12184.38,False,246.91,227.7,-0.33,,12923.52,3432,False,0,2025-06-30 23:16:38
aaa244,UAL2608 ,United States,1751325386.0,1751325390,-82.0781,37.5216,10058.4,False,246.33,70.73,0.33,,10668.0,2442,False,0,2025-06-30 23:16:38
aaa247,SWA4597 ,United States,1751325398.0,1751325398,-121.3705,36.4363,5646.42,False,199.43,322.13,-11.05,,5905.5,,False,0,2025-06-30 23:16:38
a4cc98,CXK660  ,United States,1751325397.0,1751325397,-71.073,42.7283,556.26,False,50.93,8.13,2.6,,548.64,,False,0,2025-06-30 23:16:38
a2f3d8,N29HH   ,United States,1751325395.0,1751325395,-81.3214,28.02,723.9,False,80.77,270.36,-0.33,,784.86,1200,False,0,2025-06-30 23:16:38
a446eb,,United States,1751325222.0,1751325222,-112.0073,33.4332,,True,4.12,334.69,,,,,False,0,2025-06-30 23:16:38
a5ec61,ASA34   ,United States,1751325397.0,1751325397,-83.5466,44.3828,10668.0,False,252.38,97.85,0.0,,11148.06,2265,False,0,2025-06-30 23:16:38
ac3bf4,N888EC  ,United States,1751325397.0,1751325398,-85.75,38.8681,3055.62,False,86.52,332.37,0.0,,3139.44,6277,False,0,2025-06-30 23:16:38
ad6edb,N965BJ  ,United States,1751325305.0,1751325309,-120.1907,39.0277,2788.92,False,82.16,67.93,-2.28,,2910.84,1200,False,0,2025-06-30 23:16:38
abe892,SWA3410 ,United States,1751325397.0,1751325397,-108.4223,33.2115,11277.6,False,241.14,124.13,0.33,,11917.68,5224,False,0,2025-06-30 23:16:38
a7f6bf,N612FX  ,United States,1751325397.0,1751325397,-79.5539,29.765,13716.0,False,231.5,180.0,0.0,,14310.36,2676,False,0,2025-06-30 23:16:38
47ae38,NBT31D  ,Norway,1751325393.0,1751325397,-101.4135,46.9524,11574.78,False,254.29,221.88,0.0,,12024.36,,False,0,2025-06-30 23:16:38
a4df52,AAL591  ,United States,1751325398.0,1751325398,-85.3155,34.7209,10058.4,False,242.73,93.4,0.0,,10698.48,7013,False,0,2025-06-30 23:16:38
a3280a,VJA02   ,United States,1751325397.0,1751325397,-74.4834,40.8796,853.44,False,112.17,37.92,-5.85,,861.06,3556,False,0,2025-06-30 23:16:38
acf563,JSX909  ,United States,1751325398.0,1751325398,-116.8475,33.2807,2240.28,False,134.99,239.04,0.0,,2331.72,2414,False,0,2025-06-30 23:16:38
acf54f,JBU100  ,United States,1751325386.0,1751325386,-82.2234,25.8439,7315.2,False,214.12,126.4,-0.33,,7726.68,2755,False,0,2025-06-30 23:16:38
ab7270,AAL3299 ,United States,1751325397.0,1751325397,-85.4688,39.3249,9014.46,False,246.2,332.63,-5.2,,9540.24,2263,False,0,2025-06-30 23:16:38
a709e8,N5525H  ,United States,1751325334.0,1751325335,-84.2344,39.4775,518.16,False,41.62,351.47,-1.63,,495.3,,False,0,2025-06-30 23:16:38
c03c02,WJA723  ,Canada,1751325398.0,1751325398,-84.0173,45.2043,10972.8,False,217.22,295.53,0.0,,11430.0,0502,False,0,2025-06-30 23:16:38
aaa267,UAL2243 ,United States,1751325145.0,1751325145,-87.9082,41.9792,,True,2.06,174.38,,,,1761,False,0,2025-06-30 23:16:38
ad1560,JBU324  ,United States,1751325397.0,1751325397,-110.7693,34.6204,10058.4,False,243.89,96.54,0.0,,10629.9,2004,False,0,2025-06-30 23:16:38
ac3beb,DAL1233 ,United States,1751325396.0,1751325396,-73.7865,40.6573,,True,0.0,300.94,,,,,False,0,2025-06-30 23:16:38
a5ff34,CFR607  ,United States,1751325369.0,1751325371,-117.3932,33.7976,723.9,False,28.08,241.56,-1.3,,701.04,,False,0,2025-06-30 23:16:38
a6d6ae,N54MH   ,United States,1751325378.0,1751325392,-115.9274,38.3794,13106.4,False,229.58,264.21,-0.33,,13769.34,,False,0,2025-06-30 23:16:38
abd57e,SWA3747 ,United States,1751325398.0,1751325398,-80.5475,35.7331,10660.38,False,223.88,8.86,0.65,,11292.84,7222,False,0,2025-06-30 23:16:38
a829e6,N625MC  ,United States,1751325398.0,1751325398,-118.6692,48.0738,6705.6,False,120.56,243.65,0.0,,7010.4,,False,0,2025-06-30 23:16:38
a72c10,EJA561  ,United States,1751325398.0,1751325398,-104.5965,39.7819,10835.64,False,222.71,288.31,-10.08,,11414.76,6004,False,0,2025-06-30 23:16:38
abd59a,SWA4438 ,United States,1751325396.0,1751325397,-109.2748,34.0383,12192.0,False,225.61,309.17,-0.33,,12870.18,7427,False,0,2025-06-30 23:16:38
c03c04,WJA1589 ,Canada,1751325397.0,1751325397,-91.1562,42.0844,12192.0,False,198.41,266.58,-0.33,,12702.54,1355,False,0,2025-06-30 23:16:38
adbeed,NKS2491 ,United States,1751325397.0,1751325397,-80.6928,32.9306,11879.58,False,219.41,28.73,0.0,,12557.76,2336,False,0,2025-06-30 23:16:38
ac926b,WUP909  ,United States,1751325398.0,1751325398,-105.9626,40.6684,7840.98,False,255.44,131.65,-6.5,,8305.8,,False,0,2025-06-30 23:16:38
aaa28d,SWA2962 ,United States,1751325316.0,1751325336,-117.5345,47.6258,,True,0.0,230.62,,,,,False,0,2025-06-30 23:16:38
a85f29,UAL1791 ,United States,1751325397.0,1751325398,-113.3185,41.1373,10058.4,False,245.8,77.8,0.0,,10576.56,,False,0,2025-06-30 23:16:38
a29212,FDX1207 ,United States,1751325387.0,1751325393,-122.2191,37.7163,,True,0.0,137.81,,,,,False,0,2025-06-30 23:16:38
a0b550,AAL1878 ,United States,1751325134.0,1751325206,-74.1677,40.6987,,True,0.0,5.62,,,,,False,0,2025-06-30 23:16:38
ad00e3,AAL1363 ,United States,1751325397.0,1751325397,-91.9292,36.5601,10972.8,False,219.4,186.19,0.0,,11612.88,1155,False,0,2025-06-30 23:16:38
a32867,SKW3770 ,United States,1751325397.0,1751325397,-123.0758,44.0269,10058.4,False,206.91,178.15,0.0,,10500.36,4603,False,0,2025-06-30 23:16:38
ac90f3,DAL732  ,United States,1751325397.0,1751325397,-85.3924,42.4552,8145.78,False,220.76,271.34,4.55,,8511.54,,False,0,2025-06-30 23:16:38
ace0cf,NKS2162 ,United States,1751325388.0,1751325388,-82.5369,27.9857,,True,0.0,270.0,,,,,False,0,2025-06-30 23:16:38
a0fbb7,UAL2040 ,United States,1751325398.0,1751325398,-87.1715,42.439,3497.58,False,143.06,249.81,-8.13,,3619.5,2437,False,0,2025-06-30 23:16:38
adac5d,AAL2465 ,United States,1751325398.0,1751325398,-105.0618,31.0316,11277.6,False,238.29,127.19,0.0,,11948.16,7220,False,0,2025-06-30 23:16:38
adac5a,NKS2533 ,United States,1751325397.0,1751325397,-73.8244,38.6121,9791.7,False,249.88,122.64,6.5,,10378.44,6541,False,0,2025-06-30 23:16:38
a36eae,DAL1075 ,United States,1751325397.0,1751325397,-70.7362,42.0288,2758.44,False,134.11,48.42,-3.25,,2872.74,3563,False,0,2025-06-30 23:16:38
a24ef7,AAY2248 ,United States,1751325397.0,1751325397,-84.3948,31.6422,10668.0,False,243.88,179.03,-0.33,,11315.7,0734,False,0,2025-06-30 23:16:38
a3bebd,EJA340  ,United States,1751325398.0,1751325398,-79.8652,36.3275,6705.6,False,186.51,202.89,-0.33,,7101.84,,False,0,2025-06-30 23:16:38
ace0d2,AAL1766 ,United States,1751325397.0,1751325397,-79.378,34.8962,10972.8,False,247.55,243.59,0.0,,11612.88,7235,False,0,2025-06-30 23:16:38
a18539,N1975F  ,United States,1751325228.0,1751325228,-84.7668,39.2744,312.42,False,31.58,257.77,-2.28,,259.08,,False,0,2025-06-30 23:16:38
a0653f,N1242U  ,United States,1751325246.0,1751325255,-89.0127,42.606,487.68,False,29.18,279.13,-3.25,,441.96,,False,0,2025-06-30 23:16:38
a96c72,SKW6314 ,United States,1751325398.0,1751325398,-85.0356,38.4991,5029.2,False,194.69,322.19,8.45,,5265.42,6733,False,0,2025-06-30 23:16:38
a12ee7,UAL1206 ,United States,1751325397.0,1751325397,-74.746,40.4835,1828.8,False,149.03,22.32,0.65,,1889.76,6750,False,0,2025-06-30 23:16:38
a32844,ENY4113 ,United States,1751325397.0,1751325398,-94.2429,33.7189,8153.4,False,242.03,63.76,-4.88,,8633.46,3452,False,0,2025-06-30 23:16:38
a923ef,UAL1983 ,United States,1751325398.0,1751325398,-96.4907,42.1538,10363.2,False,214.15,260.04,0.0,,10789.92,6206,False,0,2025-06-30 23:16:38
a12ee0,UAL1884 ,United States,1751325398.0,1751325398,-102.3236,37.9721,10195.56,False,223.85,313.04,-4.88,,10759.44,3773,False,0,2025-06-30 23:16:38
ac0818,SWA824  ,United States,1751325397.0,1751325397,-121.8584,37.2972,510.54,False,85.41,322.09,-4.55,,480.06,2711,False,0,2025-06-30 23:16:38
a9bc60,N7261Q  ,United States,1751325397.0,1751325397,-97.2362,38.9157,480.06,False,30.39,2.91,1.63,,487.68,,False,0,2025-06-30 23:16:38
a9bc68,N7261Y  ,United States,1751325397.0,1751325397,-112.1738,33.7914,1325.88,False,52.51,272.25,-1.63,,1295.4,0272,False,0,2025-06-30 23:16:38
a8af9d,QXE2192 ,United States,1751325398.0,1751325398,-124.188,48.142,10363.2,False,211.77,298.43,0.33,,10721.34,3511,False,0,2025-06-30 23:16:38
a12edc,N1755W  ,United States,1751325398.0,1751325398,-84.9861,43.2501,1889.76,False,81.42,191.66,-2.6,,1874.52,,False,0,2025-06-30 23:16:38
a96c50,N706RA  ,United States,1751325397.0,1751325397,-117.1198,32.8231,441.96,False,48.72,111.69,-1.63,,388.62,,False,0,2025-06-30 23:16:38
abe80e,SWA1452 ,United States,1751325397.0,1751325397,-80.12,33.095,1059.18,False,96.88,236.48,-4.23,,1112.52,2310,False,0,2025-06-30 23:16:38
a923cd,UAL1136 ,United States,1751325398.0,1751325398,-99.0007,33.8777,10363.2,False,226.62,287.98,0.33,,10995.66,1227,False,0,2025-06-30 23:16:38
a923cf,UAL2127 ,United States,1751325398.0,1751325398,-81.2021,35.4796,10668.0,False,233.15,53.43,0.0,,11308.08,7533,False,0,2025-06-30 23:16:38
a30246,SKW4145 ,United States,1751325398.0,1751325398,-121.9457,47.7076,4069.08,False,163.51,222.32,-6.83,,4251.96,4601,False,0,2025-06-30 23:16:38
c00794,CRQ928  ,Canada,1751325398.0,1751325398,-73.5847,45.6027,792.48,False,104.46,178.59,-1.63,,769.62,,False,0,2025-06-30 23:16:38
a660dc,N51UD   ,United States,1751325114.0,1751325114,-92.1067,42.2734,1066.8,False,64.62,142.77,0.0,,1066.8,,False,0,2025-06-30 23:16:38
a17277,N19234  ,United States,1751325397.0,1751325397,-121.9762,47.6439,1112.52,False,53.79,80.09,1.3,,1135.38,,False,0,2025-06-30 23:16:38
ab8537,SCX657  ,United States,1751325398.0,1751325398,-102.0398,41.2835,9753.6,False,222.6,255.55,-0.33,,10248.9,3630,False,0,2025-06-30 23:16:38
a9bc12,RPA3542 ,United States,1751325376.0,1751325376,-87.8972,41.9704,,True,7.2,90.0,,,,,False,0,2025-06-30 23:16:38
a7d0c5,N602XL  ,United States,1751325394.0,1751325394,-96.6527,40.7724,1028.7,False,58.68,238.26,-1.3,,1051.56,,False,0,2025-06-30 23:16:38
a96c2e,JIA5202 ,United States,1751325281.0,1751325285,-84.4419,33.6415,,True,0.51,255.94,,,,0651,False,0,2025-06-30 23:16:38
abe82c,SWA257  ,United States,1751325397.0,1751325397,-84.4732,38.8282,10972.8,False,226.38,269.09,0.0,,11597.64,6514,False,0,2025-06-30 23:16:38
a8af5f,NKS2011 ,United States,1751325397.0,1751325397,-81.7043,36.3795,10965.18,False,235.89,191.7,0.0,,11620.5,4714,False,0,2025-06-30 23:16:38
a793fd,DAL791  ,United States,1751325398.0,1751325398,-79.661,42.1752,10675.62,False,259.45,87.95,0.0,,11262.36,2767,False,0,2025-06-30 23:16:38
c03af2,WJA1618 ,Canada,1751325398.0,1751325398,-83.334,38.9072,11277.6,False,237.51,113.62,0.0,,11925.3,3056,False,0,2025-06-30 23:16:38
a4350c,DAL2047 ,United States,1751325397.0,1751325398,-77.4746,42.1111,7414.26,False,212.0,181.25,5.2,,7795.26,7446,False,0,2025-06-30 23:16:38
ab8553,UAL768  ,United States,1751325397.0,1751325397,-93.6988,41.5169,9151.62,False,198.59,269.26,0.0,,9547.86,6613,False,0,2025-06-30 23:16:38
a66239,JBU1501 ,United States,1751325386.0,1751325396,-73.7821,40.6326,,True,0.0,300.94,,,,,False,0,2025-06-30 23:16:38
a60bcb,UAL481  ,United States,1751325397.0,1751325397,-81.63,46.4623,9144.0,False,203.88,242.34,-0.33,,9517.38,1310,False,0,2025-06-30 23:16:38
ac4f4c,SWA339  ,United States,1751325397.0,1751325397,-76.7417,38.7053,2758.44,False,162.77,53.09,-0.65,,2887.98,2045,False,0,2025-06-30 23:16:38
aa5237,AAL677  ,United States,1751325397.0,1751325397,-93.2512,43.8014,10050.78,False,261.61,117.27,0.33,,10355.58,3573,False,0,2025-06-30 23:16:38
a96ba2,JBU1287 ,United States,1751325397.0,1751325397,-81.1435,33.2413,10363.2,False,239.94,172.11,0.0,,10980.42,1413,False,0,2025-06-30 23:16:38
a2928e,N265LD  ,United States,1751325398.0,1751325398,-117.3195,32.9627,1104.9,False,51.26,169.59,0.33,,1082.04,,False,0,2025-06-30 23:16:38
aab3ab,SJE78   ,United States,1751325101.0,1751325101,-118.4976,34.219,,True,0.45,261.56,,,,6764,False,0,2025-06-30 23:16:38
a5fef4,ASA357  ,United States,1751325397.0,1751325397,-102.3606,42.6332,10058.4,False,246.86,116.35,0.0,,10546.08,,False,0,2025-06-30 23:16:38
ac4f74,N8922V  ,United States,1751325397.0,1751325397,-82.6418,27.9215,289.56,False,43.73,323.13,1.3,,320.04,0160,False,0,2025-06-30 23:16:38
a54267,N438SA  ,United States,1751325397.0,1751325397,-99.3466,31.7344,1943.1,False,69.94,80.26,-2.93,,2004.06,3053,False,0,2025-06-30 23:16:38
abd3a3,N861MB  ,United States,1751325156.0,1751325156,-112.0591,33.4634,,True,0.51,329.06,,,,0100,False,0,2025-06-30 23:16:38
a2e23f,CXK254  ,United States,1751325397.0,1751325397,-117.9018,34.1026,1264.92,False,50.22,263.53,-1.3,,1272.54,1200,False,0,2025-06-30 23:16:38
ab83e8,DAL1656 ,United States,1751325398.0,1751325398,-85.7652,37.2228,10668.0,False,246.06,97.69,0.0,,11300.46,5413,False,0,2025-06-30 23:16:38
aa7881,N774GH  ,United States,1751325396.0,1751325396,-116.1153,42.9721,13106.4,False,222.04,295.67,0.0,,13716.0,,False,0,2025-06-30 23:16:38
a84bd9,N6334V  ,United States,1751325398.0,1751325398,-122.8661,46.0663,1889.76,False,57.77,8.71,0.65,,1958.34,,False,0,2025-06-30 23:16:38
a84bbd,N63332  ,United States,1751325398.0,1751325398,-97.372,32.8865,548.64,False,42.48,168.83,-2.28,,510.54,,False,0,2025-06-30 23:16:38
ac4f6f,SWA1094 ,United States,1751325397.0,1751325397,-81.2672,33.7276,11887.2,False,222.33,1.59,0.0,,12565.38,1335,False,0,2025-06-30 23:16:38
a0b59d,DAL2109 ,United States,1751325383.0,1751325395,-73.8624,40.7697,,True,0.0,45.0,,,,,False,0,2025-06-30 23:16:38
a6d88b,GJS4443 ,United States,1751325397.0,1751325397,-74.1803,40.661,716.28,False,88.48,180.0,13.98,,723.9,1610,False,0,2025-06-30 23:16:38
ad13c4,N9414A  ,United States,1751325398.0,1751325398,-102.3292,31.8451,1737.36,False,85.76,130.38,2.6,,1813.56,,False,0,2025-06-30 23:16:38
ab83f8,N841ED  ,United States,1751325398.0,1751325398,-84.5492,33.2218,1226.82,False,56.38,154.6,-0.65,,1257.3,1200,False,0,2025-06-30 23:16:38
ad5c30,ASA1046 ,United States,1751325396.0,1751325396,-122.8983,42.984,11277.6,False,219.2,178.79,0.0,,11780.52,3570,False,0,2025-06-30 23:16:38
ad5c33,AAL1724 ,United States,1751325397.0,1751325397,-81.1119,42.9552,7315.2,False,173.63,245.87,0.33,,7642.86,2105,False,0,2025-06-30 23:16:38
a35bee,N3151Q  ,United States,1751325398.0,1751325398,-121.3702,39.977,2552.7,False,55.48,198.94,0.33,,2613.66,,False,0,2025-06-30 23:16:38
a6d87f,LXJ540  ,United States,1751325398.0,1751325398,-119.7741,37.2137,9448.8,False,224.31,185.53,0.0,,9913.62,3626,False,0,2025-06-30 23:16:38
ad5c38,DAL1325 ,United States,1751325397.0,1751325398,-85.996,35.2332,9814.56,False,232.6,141.74,-6.83,,10454.64,5461,False,0,2025-06-30 23:16:38
ac90a0,PDT5788 ,United States,1751325398.0,1751325398,-78.9962,35.6183,8229.6,False,218.99,70.8,0.33,,8717.28,,False,0,2025-06-30 23:16:38
ac90a7,AAL1823 ,United States,1751325366.0,1751325371,-80.9687,35.2398,297.18,False,76.28,176.52,-3.9,,297.18,4177,False,0,2025-06-30 23:16:38
abd3c7,AAL2798 ,United States,1751325397.0,1751325397,-92.3677,35.0626,11277.6,False,251.47,38.6,0.0,,11948.16,2310,False,0,2025-06-30 23:16:38
a197d0,SGX201  ,United States,1751325398.0,1751325398,-74.2587,40.5125,1828.8,False,136.38,159.92,0.0,,1882.14,2740,False,0,2025-06-30 23:16:38
4caa41,EIN6PE  ,Ireland,1751325397.0,1751325397,-105.8166,43.9786,11582.4,False,236.33,219.79,0.0,,12131.04,,False,0,2025-06-30 23:16:38
c00727,CRQ905  ,Canada,1751325396.0,1751325397,-75.895,46.7243,6103.62,False,106.47,318.92,0.0,,6316.98,,False,0,2025-06-30 23:16:38
a4ded6,N41265  ,United States,1751325397.0,1751325398,-95.9378,41.1338,838.2,False,46.04,283.57,4.55,,868.68,,False,0,2025-06-30 23:16:38
a077f4,N1293T  ,United States,1751325397.0,1751325397,-80.2226,26.0023,121.92,False,47.33,89.38,3.58,,160.02,,False,0,2025-06-30 23:16:38
abc0c1,SWA1483 ,United States,1751325397.0,1751325397,-89.4995,39.806,11277.6,False,237.58,124.41,0.0,,11864.34,3531,False,0,2025-06-30 23:16:38
a67535,LTA515  ,United States,1751325275.0,1751325275,-85.873,39.6178,929.64,False,71.67,66.75,0.0,,929.64,,False,0,2025-06-30 23:16:38
a197d6,N201XQ  ,United States,1751325388.0,1751325389,-119.8965,36.8627,2331.72,False,77.39,144.2,-0.33,,2400.3,3217,False,0,2025-06-30 23:16:38
aa0ec5,N747YV  ,United States,1751325276.0,1751325276,-118.4486,34.0194,,True,0.0,137.81,,,,,False,0,2025-06-30 23:16:38
aa0ec7,RPA3659 ,United States,1751325385.0,1751325385,-83.6472,45.7408,9083.04,False,201.61,238.46,-5.2,,9448.8,,False,0,2025-06-30 23:16:38
a7951e,N588RG  ,United States,1751325398.0,1751325398,-84.2259,43.5159,2788.92,False,89.53,163.65,0.0,,2834.64,,False,0,2025-06-30 23:16:38
a66217,N510GT  ,United States,1751325398.0,1751325398,-105.0779,40.4014,13716.0,False,257.26,141.25,-0.33,,14333.22,4040,False,0,2025-06-30 23:16:38
adbf87,WUP985  ,United States,1751325398.0,1751325398,-82.4161,41.5835,14325.6,False,272.15,76.78,0.0,,14897.1,1473,False,0,2025-06-30 23:16:38
a4def4,N41270  ,United States,1751325397.0,1751325398,-116.9576,33.0666,975.36,False,38.2,315.55,2.93,,967.74,,False,0,2025-06-30 23:16:38
abc0e4,SWA2220 ,United States,1751325396.0,1751325397,-106.1662,31.9709,12192.0,False,229.74,258.11,0.0,,12877.8,5060,False,0,2025-06-30 23:16:38
a11d18,N171CB  ,United States,1751325397.0,1751325398,-121.3069,37.4101,2019.3,False,67.72,264.33,0.33,,2057.4,,False,0,2025-06-30 23:16:38
