icao24,callsign,origin_country,time_position,last_contact,longitude,latitude,baro_altitude,on_ground,velocity,heading,vertical_rate,squawk,spi,position_source,category,other,timestamp
c07d0b,CGVJE   ,Canada,1751325188.0,1751325190,-74.5442,45.1769,487.68,False,50.91,194.04,-3.58,,434.34,,False,0,2025-06-30 23:13:37
a5f852,RTY484  ,United States,1751325216.0,1751325216,-104.4139,40.6695,2148.84,False,56.11,31.5,0.65,,2255.52,,False,0,2025-06-30 23:13:37
a3b87f,DAL1765 ,United States,1751325217.0,1751325217,-95.065,42.5987,10668.0,False,261.95,88.42,0.0,,11094.72,4330,False,0,2025-06-30 23:13:37
aaf633,UAL1208 ,United States,1751325216.0,1751325217,-112.2877,40.6971,10965.18,False,228.63,277.11,0.0,,11536.68,1411,False,0,2025-06-30 23:13:37
a5f845,N484JH  ,United States,1751325216.0,1751325216,-89.0693,33.5243,10363.2,False,166.8,201.34,0.0,,11003.28,0124,False,0,2025-06-30 23:13:37
ac4963,DAL675  ,United States,1751325216.0,1751325217,-102.9163,41.5754,10058.4,False,251.88,127.2,0.0,,10568.94,,False,0,2025-06-30 23:13:37
aae316,AAL3201 ,United States,1751325211.0,1751325216,-112.0897,37.3733,10972.8,False,234.18,233.31,0.0,,11582.4,6776,False,0,2025-06-30 23:13:37
a36898,DAL1378 ,United States,1751325216.0,1751325216,-83.4233,39.4013,9753.6,False,231.25,330.7,0.0,,10302.24,3662,False,0,2025-06-30 23:13:37
acdfa3,ASA535  ,United States,1751325217.0,1751325217,-106.3353,41.4942,10363.2,False,229.87,297.6,0.33,,10927.08,1474,False,0,2025-06-30 23:13:37
a5954e,UAL1612 ,United States,1751325216.0,1751325216,-86.6291,42.5789,5097.78,False,183.79,255.57,-11.38,,5303.52,7641,False,0,2025-06-30 23:13:37
abacb6,SCX9026 ,United States,1751325216.0,1751325217,-83.5206,30.6769,12192.0,False,224.68,309.7,0.0,,12854.94,6055,False,0,2025-06-30 23:13:37
a6aec4,N53HA   ,United States,1751325178.0,1751325178,-100.6342,39.1726,12077.7,False,220.09,262.34,-2.6,,12801.6,,False,0,2025-06-30 23:13:37
a22248,N2368P  ,United States,1751325216.0,1751325216,-80.9947,29.2104,91.44,False,18.89,150.64,0.0,,106.68,,False,0,2025-06-30 23:13:37
acdfab,DAL2379 ,United States,1751325216.0,1751325216,-84.4568,33.732,2834.64,False,126.57,90.93,-8.78,,2979.42,5234,False,0,2025-06-30 23:13:37
a3685d,JANET15 ,United States,1751325216.0,1751325216,-115.3538,36.1937,3992.88,False,153.27,289.41,17.88,,4198.62,,False,0,2025-06-30 23:13:37
a2ded8,SWA3931 ,United States,1751325216.0,1751325216,-104.6593,39.9332,1943.1,False,86.43,179.32,-3.58,,2057.4,4102,False,0,2025-06-30 23:13:37
aae32c,N800PK  ,United States,1751325216.0,1751325217,-101.5714,39.0224,8221.98,False,149.56,113.3,0.33,,8663.94,,False,0,2025-06-30 23:13:37
a2355d,SKW3632 ,United States,1751325216.0,1751325216,-119.0025,34.3769,5151.12,False,181.74,144.33,-8.78,,5402.58,3611,False,0,2025-06-30 23:13:37
a72533,N56GM   ,United States,1751325066.0,1751325066,-90.5388,32.5787,7620.0,False,146.73,13.79,0.0,,8077.2,7235,False,0,2025-06-30 23:13:37
adeca5,AAL1522 ,United States,1751325216.0,1751325216,-80.8018,35.0723,3032.76,False,153.87,320.56,0.0,,3177.54,1617,False,0,2025-06-30 23:13:37
a2228b,ASA266  ,United States,1751325216.0,1751325216,-124.6076,48.9536,10668.0,False,237.84,144.42,0.0,,11033.76,3431,False,0,2025-06-30 23:13:37
aad012,UAL880  ,United States,1751325212.0,1751325214,-93.8288,32.43,10058.4,False,264.24,31.06,0.0,,10675.62,4045,False,0,2025-06-30 23:13:37
abacd2,UAL624  ,United States,1751325216.0,1751325216,-102.5806,36.3404,11574.78,False,236.74,352.26,0.0,,12192.0,1456,False,0,2025-06-30 23:13:37
a47597,DAL1398 ,United States,1751325102.0,1751325102,-71.0047,42.3739,,True,1.8,199.69,,,,5634,False,0,2025-06-30 23:13:37
ab0361,AAL1826 ,United States,1751325217.0,1751325217,-89.5603,42.4663,7978.14,False,192.58,187.68,2.6,,8282.94,3173,False,0,2025-06-30 23:13:37
abf008,SWA4541 ,United States,1751325216.0,1751325216,-90.0139,41.119,6393.18,False,229.38,84.72,1.3,,6652.26,3020,False,0,2025-06-30 23:13:37
a3426d,SFE2    ,United States,1751325150.0,1751325150,-98.1667,30.7589,495.3,False,46.31,40.95,2.28,,518.16,,False,0,2025-06-30 23:13:37
a4d838,DAL134  ,United States,1751325217.0,1751325217,-76.712,44.2999,11277.6,False,260.44,65.87,0.0,,11833.86,6575,False,0,2025-06-30 23:13:37
accccd,N9238P  ,United States,1751325216.0,1751325216,-120.8991,38.1718,1402.08,False,69.21,212.86,-2.28,,1424.94,,False,0,2025-06-30 23:13:37
ac234f,UAL2621 ,United States,1751325216.0,1751325216,-88.8919,35.2937,10980.42,False,235.16,244.33,0.0,,11650.98,0535,False,0,2025-06-30 23:13:37
a35592,JBU1880 ,United States,1751325216.0,1751325216,-77.1365,38.5181,3360.42,False,166.65,16.87,-2.6,,3520.44,2305,False,0,2025-06-30 23:13:37
ac101f,SWA1905 ,United States,1751325216.0,1751325217,-117.8047,34.0116,2644.14,False,140.89,263.29,-5.85,,2750.82,3253,False,0,2025-06-30 23:13:37
a39bfa,UAL8197 ,United States,1751325216.0,1751325217,-85.6997,42.5393,11582.4,False,210.42,269.44,0.0,,12100.56,2216,False,0,2025-06-30 23:13:37
ae5000,SHWK424 ,United States,1751325215.0,1751325215,-117.1265,32.5688,121.92,False,36.33,282.26,1.63,,76.2,,False,0,2025-06-30 23:13:37
ac3688,SWA2840 ,United States,1751325216.0,1751325216,-100.8397,38.5338,10668.0,False,250.13,115.46,0.33,,11247.12,,False,0,2025-06-30 23:13:37
a59529,N459SP  ,United States,1751325217.0,1751325217,-95.9801,32.924,1676.4,False,46.48,174.92,0.65,,1752.6,1200,False,0,2025-06-30 23:13:37
a4755c,N387AS  ,United States,1751325185.0,1751325185,-97.5932,37.8243,2103.12,False,127.14,103.81,-8.78,,2179.32,,False,0,2025-06-30 23:13:37
a1abfc,N20693  ,United States,1751325022.0,1751325110,-88.9756,44.2032,868.68,False,40.8,174.94,0.0,,822.96,,False,0,2025-06-30 23:13:37
a3689e,DAL381  ,United States,1751325217.0,1751325217,-99.3151,30.8591,9334.5,False,248.1,97.63,-13.98,,9944.1,1773,False,0,2025-06-30 23:13:37
ac1042,SWA1994 ,United States,1751325217.0,1751325217,-93.4733,30.1324,11643.36,False,240.39,88.04,2.93,,12329.16,7332,False,0,2025-06-30 23:13:37
e8027a,LAN502  ,Chile,1751325184.0,1751325184,-80.8827,25.346,4099.56,False,195.33,26.77,-16.26,,5631.18,,False,0,2025-06-30 23:13:37
ad5672,N959DS  ,United States,1751325215.0,1751325215,-90.9419,33.7207,632.46,False,50.93,278.13,1.3,,640.08,7045,False,0,2025-06-30 23:13:37
aa8075,ENY3501 ,United States,1751325216.0,1751325217,-89.5051,39.0812,9144.0,False,218.62,219.27,0.0,,9654.54,6203,False,0,2025-06-30 23:13:37
adda1e,AAL2892 ,United States,1751325217.0,1751325217,-108.551,32.2808,11277.6,False,250.01,99.0,0.0,,11932.92,6022,False,0,2025-06-30 23:13:37
ae74e1,ZEUS22  ,United States,1751325216.0,1751325216,-78.7279,35.8053,457.2,False,73.35,10.92,-0.65,,472.44,,False,0,2025-06-30 23:13:37
adda23,DAL2480 ,United States,1751325216.0,1751325216,-84.0968,40.8023,6400.8,False,199.38,338.67,0.0,,6705.6,2170,False,0,2025-06-30 23:13:37
aae1ea,AAL175  ,United States,1751325217.0,1751325217,-118.4679,44.2004,10972.8,False,248.18,300.66,-0.33,,11498.58,2212,False,0,2025-06-30 23:13:37
a95251,N70BC   ,United States,1751325084.0,1751325084,-79.2069,37.7495,4861.56,False,192.36,235.46,-0.98,,5120.64,5334,False,0,2025-06-30 23:13:37
aded77,JBU1052 ,United States,1751325216.0,1751325216,-77.8037,32.6642,10668.0,False,229.41,3.73,-0.33,,11239.5,,False,0,2025-06-30 23:13:37
ae0d91,R24648  ,United States,1751325217.0,1751325217,-78.9457,35.1314,213.36,False,39.31,263.99,5.2,,205.74,,False,0,2025-06-30 23:13:37
ad41cd,SWA2366 ,United States,1751325216.0,1751325216,-91.3533,31.4415,12192.0,False,234.14,275.55,0.0,,12900.66,1076,False,0,2025-06-30 23:13:37
a127bb,UAL1759 ,United States,1751325214.0,1751325214,-108.1156,42.7272,10866.12,False,226.12,309.74,3.9,,11430.0,3204,False,0,2025-06-30 23:13:37
e80244,,Chile,1751324912.0,1751324912,-81.394,24.1915,10972.8,False,216.17,323.32,0.0,,11567.16,,False,0,2025-06-30 23:13:37
a52bfb,EJA432  ,United States,1751325216.0,1751325216,-121.9726,42.802,13106.4,False,226.06,344.29,0.0,,13700.76,1357,False,0,2025-06-30 23:13:37
ac491d,DAL1739 ,United States,1751325217.0,1751325217,-87.4749,39.0903,10058.4,False,229.22,168.74,0.33,,10660.38,0604,False,0,2025-06-30 23:13:37
a4c592,JBU834  ,United States,1751325216.0,1751325217,-71.3566,42.4557,2720.34,False,128.62,152.62,-7.15,,2834.64,3256,False,0,2025-06-30 23:13:37
a114f4,AAL3303 ,United States,1751325216.0,1751325216,-91.5241,43.1394,9433.56,False,264.42,115.22,0.0,,9745.98,6700,False,0,2025-06-30 23:13:37
a5958c,SWA543  ,United States,1751325216.0,1751325216,-76.8183,39.201,731.52,False,106.75,145.01,-5.2,,746.76,2445,False,0,2025-06-30 23:13:37
a1ad45,N207NW  ,United States,1751324978.0,1751324979,-97.6455,35.5239,396.24,False,44.76,0.66,-1.3,,388.62,,False,0,2025-06-30 23:13:37
a8584a,FFT2697 ,United States,1751324944.0,1751324944,-112.0038,33.4353,,True,4.37,180.0,,,,2161,False,0,2025-06-30 23:13:37
a1ad49,N207P   ,United States,1751325216.0,1751325216,-105.5239,31.3318,7620.0,False,117.09,127.32,0.0,,8069.58,,False,0,2025-06-30 23:13:37
aa099e,JBU8034 ,United States,1751325216.0,1751325216,-70.7277,42.59,1394.46,False,103.46,327.18,-5.2,,1447.8,4014,False,0,2025-06-30 23:13:37
4cc2a7,ICE670  ,Iceland,1751325217.0,1751325217,-102.1872,40.2712,8488.68,False,242.74,78.88,5.53,,8945.88,,False,0,2025-06-30 23:13:37
a0f4b5,DAL938  ,United States,1751325213.0,1751325216,-73.7811,40.6301,,True,0.0,30.94,,,,2714,False,0,2025-06-30 23:13:37
4cc2a6,ICE671  ,Iceland,1751325216.0,1751325216,-100.2789,45.56,11582.4,False,240.6,211.45,0.0,,12001.5,,False,0,2025-06-30 23:13:37
ab6fbf,DAL28   ,United States,1751325216.0,1751325216,-68.8555,41.4468,10058.4,False,263.88,61.09,0.0,,10568.94,7176,False,0,2025-06-30 23:13:37
a14a18,N182WK  ,United States,1751325217.0,1751325217,-94.9212,38.8357,1615.44,False,55.28,231.42,2.93,,1676.4,,False,0,2025-06-30 23:13:37
aaf617,SCX740  ,United States,1751325217.0,1751325217,-95.8315,31.769,9974.58,False,231.99,320.31,-4.88,,10607.04,3303,False,0,2025-06-30 23:13:37
a247f0,SKW3869 ,United States,1751325216.0,1751325217,-87.5211,41.6406,1417.32,False,123.13,294.96,-4.55,,1440.18,4114,False,0,2025-06-30 23:13:37
a8a82f,QXE2056 ,United States,1751325217.0,1751325217,-120.6812,37.5136,8999.22,False,215.56,185.62,-5.2,,9425.94,1531,False,0,2025-06-30 23:13:37
a85887,JBU2924 ,United States,1751325216.0,1751325216,-71.4441,41.7156,3352.8,False,161.51,44.74,0.0,,3512.82,4127,False,0,2025-06-30 23:13:37
a14a35,N182XP  ,United States,1751325186.0,1751325193,-89.7776,43.2923,571.5,False,48.87,180.0,-2.6,,518.16,,False,0,2025-06-30 23:13:37
a5827b,N454RM  ,United States,1751325216.0,1751325216,-111.417,40.6166,6256.02,False,137.67,183.86,-12.68,,6637.02,4355,False,0,2025-06-30 23:13:37
a2ba48,ENY3390 ,United States,1751324942.0,1751324942,-94.2971,36.2606,441.96,False,70.03,338.9,-3.25,,441.96,6241,False,0,2025-06-30 23:13:37
aa3d45,N759UL  ,United States,1751325216.0,1751325216,-121.3355,47.7659,3169.92,False,60.71,180.49,-0.33,,3307.08,1200,False,0,2025-06-30 23:13:37
aa07f9,UAL576  ,United States,1751325216.0,1751325216,-108.8247,39.2081,10347.96,False,235.44,235.68,0.33,,10942.32,3522,False,0,2025-06-30 23:13:37
a3ed69,DAL1482 ,United States,1751325217.0,1751325217,-79.6542,37.4867,9837.42,False,234.37,240.11,8.13,,10424.16,7005,False,0,2025-06-30 23:13:37
a5f7e5,N484EM  ,United States,1751325216.0,1751325216,-97.0254,33.0765,1066.8,False,83.34,180.35,-2.93,,1097.28,3660,False,0,2025-06-30 23:13:37
a38a50,        ,United States,1751325217.0,1751325217,-103.3784,32.7656,2255.52,False,63.17,300.32,2.6,,2324.1,,False,0,2025-06-30 23:13:37
a5f7bc,N484CW  ,United States,1751325084.0,1751325084,-96.8694,32.6825,,True,5.14,340.31,,,,,False,0,2025-06-30 23:13:37
a737c7,SWA4587 ,United States,1751325215.0,1751325215,-97.6666,30.2,,True,5.66,67.5,,,,3765,False,0,2025-06-30 23:13:37
a0e1f5,N156RE  ,United States,1751325217.0,1751325217,-74.3357,39.9159,7170.42,False,217.21,217.49,14.63,,7612.38,1137,False,0,2025-06-30 23:13:37
accd13,AAL1329 ,United States,1751325215.0,1751325215,-79.9038,25.5038,3909.06,False,183.12,305.16,-7.8,,4137.66,,False,0,2025-06-30 23:13:37
accd10,ASA534  ,United States,1751325216.0,1751325217,-106.9267,31.9203,11277.6,False,237.43,100.36,0.0,,11940.54,1734,False,0,2025-06-30 23:13:37
a64d4d,JBU37   ,United States,1751325216.0,1751325216,-72.8705,42.2251,3771.9,False,179.22,318.03,13.33,,3947.16,7040,False,0,2025-06-30 23:13:37
a091f3,EDV5067 ,United States,1751325214.0,1751325214,-73.78,40.6544,,True,7.2,120.94,,,,,False,0,2025-06-30 23:13:37
a0f4f6,DAL771  ,United States,1751325216.0,1751325216,-87.7623,42.8272,10363.2,False,208.39,271.13,0.0,,10797.54,1505,False,0,2025-06-30 23:13:37
a88d20,N650EB  ,United States,1751325216.0,1751325216,-108.1372,38.1724,12496.8,False,263.85,60.19,0.0,,13136.88,1011,False,0,2025-06-30 23:13:37
ab14d9,DAL1956 ,United States,1751325214.0,1751325215,-84.4281,33.641,,True,6.43,0.0,,,,5313,False,0,2025-06-30 23:13:37
aaf4d3,N805DZ  ,United States,1751325216.0,1751325216,-121.8799,38.547,1028.7,False,50.95,268.26,8.45,,990.6,5263,False,0,2025-06-30 23:13:37
a02a95,N11HM   ,United States,1751325217.0,1751325217,-119.3095,48.0786,11300.46,False,242.83,93.77,2.6,,11742.42,3530,False,0,2025-06-30 23:13:37
a1ad5a,SKW5466 ,United States,1751325212.0,1751325212,-87.9181,41.9716,,True,0.06,87.19,,,,,False,0,2025-06-30 23:13:37
a3ed0f,EJM352  ,United States,1751325217.0,1751325217,-92.0386,38.5126,13716.0,False,255.89,73.53,0.0,,14325.6,2642,False,0,2025-06-30 23:13:37
a3b7d1,LXJ339  ,United States,1751325217.0,1751325217,-77.8834,38.1486,12793.98,False,220.8,57.75,-4.88,,13464.54,3066,False,0,2025-06-30 23:13:37
a3b7cb,FFT24   ,United States,1751325195.0,1751325196,-77.843,24.9073,10972.8,False,233.98,323.58,0.0,,11544.3,,False,0,2025-06-30 23:13:37
a40d8d,DAL1407 ,United States,1751325216.0,1751325216,-78.404,36.8293,6758.94,False,236.87,33.03,7.15,,7162.8,1306,False,0,2025-06-30 23:13:37
a9a266,N72NG   ,United States,1751325215.0,1751325216,-117.4318,32.9016,1722.12,False,97.47,287.19,7.15,,1767.84,,False,0,2025-06-30 23:13:37
a40d7a,DAL2004 ,United States,1751325216.0,1751325216,-109.6613,38.3586,11285.22,False,238.4,36.4,-0.33,,11894.82,2073,False,0,2025-06-30 23:13:37
a64d15,N505FW  ,United States,1751325216.0,1751325216,-97.3313,32.8734,327.66,False,43.76,197.8,-0.33,,297.18,,False,0,2025-06-30 23:13:37
c04829,ROU1641 ,Canada,1751325217.0,1751325217,-75.7252,37.8937,10660.38,False,237.28,33.41,0.0,,11292.84,1026,False,0,2025-06-30 23:13:37
acba1b,SWA3613 ,United States,1751325215.0,1751325217,-115.7653,43.159,10972.8,False,210.43,279.0,0.0,,11498.58,,False,0,2025-06-30 23:13:37
a5f7c6,CFR609  ,United States,1751325216.0,1751325216,-117.3128,33.8028,739.14,False,44.38,304.61,1.95,,723.9,,False,0,2025-06-30 23:13:37
abad6c,SWA2218 ,United States,1751324950.0,1751324950,-76.6934,39.175,91.44,False,85.15,94.5,-4.55,,76.2,1436,False,0,2025-06-30 23:13:37
a39d95,DAL921  ,United States,1751325216.0,1751325216,-84.8533,33.3761,3642.36,False,168.24,36.17,-0.65,,3832.86,7375,False,0,2025-06-30 23:13:37
ad8a23,CXK103  ,United States,1751325214.0,1751325215,-116.9499,33.0432,792.48,False,34.79,293.53,4.55,,792.48,,False,0,2025-06-30 23:13:37
ad9d59,N97674  ,United States,1751325217.0,1751325217,-118.127,33.6637,1097.28,False,50.11,19.18,0.33,,1097.28,,False,0,2025-06-30 23:13:37
a64d27,N505GP  ,United States,1751325216.0,1751325217,-75.437,38.8907,6979.92,False,183.34,187.9,7.48,,7376.16,,False,0,2025-06-30 23:13:37
aa0909,ENY3482 ,United States,1751325120.0,1751325120,-87.9314,41.9835,,True,8.23,180.0,,,,2432,False,0,2025-06-30 23:13:37
a5d1f7,SWA2590 ,United States,1751325216.0,1751325217,-116.801,34.2491,10401.3,False,249.7,110.38,8.13,,10965.18,2010,False,0,2025-06-30 23:13:37
a99a3d,SKW4294 ,United States,1751325073.0,1751325073,-83.3597,42.2352,312.42,False,59.92,209.87,-3.9,,243.84,,False,0,2025-06-30 23:13:37
a99a52,FFT2083 ,United States,1751325216.0,1751325216,-112.2105,33.3308,2628.9,False,119.56,230.76,9.43,,2743.2,0753,False,0,2025-06-30 23:13:37
a28fac,N264US  ,United States,1751325216.0,1751325216,-97.5005,31.7477,2575.56,False,55.53,230.26,0.0,,2712.72,,False,0,2025-06-30 23:13:37
ad4250,N9531J  ,United States,1751325214.0,1751325217,-96.5813,33.1699,419.1,False,46.93,12.67,3.25,,388.62,1200,False,0,2025-06-30 23:13:37
a03ce6,AAL1452 ,United States,1751325217.0,1751325217,-81.359,31.6847,10066.02,False,216.51,25.77,0.0,,10645.14,2366,False,0,2025-06-30 23:13:37
ab0293,N80841  ,United States,1751325203.0,1751325216,-85.9499,43.2319,975.36,False,41.56,301.33,-0.65,,952.5,,False,0,2025-06-30 23:13:37
a59601,UAL415  ,United States,1751325216.0,1751325217,-73.513,46.9936,11574.78,False,228.43,269.35,-0.33,,12077.7,2517,False,0,2025-06-30 23:13:37
c020f0,CFMMH   ,Canada,1751325216.0,1751325216,-73.2453,45.5499,609.6,False,51.61,85.43,0.0,,579.12,,False,0,2025-06-30 23:13:37
c07c7a,ACA512  ,Canada,1751325216.0,1751325216,-92.2418,45.8234,10363.2,False,214.62,256.7,0.0,,10622.28,6226,False,0,2025-06-30 23:13:37
a53fc8,N4372L  ,United States,1751325085.0,1751325085,-97.5167,32.547,792.48,False,95.85,293.4,-2.28,,838.2,7424,True,0,2025-06-30 23:13:37
a831e5,SKW6967 ,United States,1751325216.0,1751325216,-89.6348,42.1411,9654.54,False,186.9,267.63,13.66,,10096.5,6257,False,0,2025-06-30 23:13:37
a87a0d,BPX213  ,United States,1751325214.0,1751325216,-81.1244,29.5619,944.88,False,37.09,336.28,-4.88,,1005.84,1200,False,0,2025-06-30 23:13:37
a724e3,N56DG   ,United States,1751325216.0,1751325216,-71.3777,43.3707,929.64,False,50.67,164.69,0.65,,922.02,,False,0,2025-06-30 23:13:37
a5d1b9,UAL2161 ,United States,1751325122.0,1751325203,-93.5197,31.4177,8930.64,False,251.24,68.37,3.9,,9494.52,7211,False,0,2025-06-30 23:13:37
a3696e,DAL1623 ,United States,1751325124.0,1751325124,-111.9855,40.787,,True,7.72,264.38,,,,2710,False,0,2025-06-30 23:13:37
a8dd30,N670RA  ,United States,1751325217.0,1751325217,-99.1084,34.0414,7940.04,False,145.44,288.56,-0.33,,8382.0,6236,False,0,2025-06-30 23:13:37
a9fd29,N7426G  ,United States,1751325216.0,1751325216,-122.4135,48.5237,426.72,False,38.41,20.38,-0.98,,434.34,,False,0,2025-06-30 23:13:37
a75a21,LXJ573  ,United States,1751325216.0,1751325216,-83.2399,42.0005,7475.22,False,244.58,95.79,-5.53,,7825.74,7236,False,0,2025-06-30 23:13:37
a977f8,N709WG  ,United States,1751325198.0,1751325198,-116.9702,32.7944,304.8,False,57.62,352.3,-2.6,,251.46,,False,0,2025-06-30 23:13:37
a23675,UCA4854 ,United States,1751325196.0,1751325197,-90.0277,32.2324,10972.8,False,231.36,245.43,0.33,,11628.12,1417,False,0,2025-06-30 23:13:37
ab5d03,KSU31   ,United States,1751325216.0,1751325216,-97.4154,38.7719,1066.8,False,50.54,128.39,1.95,,1112.52,,False,0,2025-06-30 23:13:37
a4b1f9,N401SS  ,United States,1751325216.0,1751325216,-105.4493,40.3208,2865.12,False,54.14,176.19,0.65,,3032.76,,False,0,2025-06-30 23:13:37
a7aa1f,SCU17   ,United States,1751325205.0,1751325205,-96.4336,36.0896,1013.46,False,50.41,294.73,-6.83,,1104.9,,False,0,2025-06-30 23:13:37
a27cc9,N26BM   ,United States,1751325216.0,1751325216,-122.4579,47.5088,670.56,False,64.01,76.52,-5.85,,670.56,,False,0,2025-06-30 23:13:37
a831b2,QXE2003 ,United States,1751325214.0,1751325216,-114.3439,39.0256,10668.0,False,237.43,145.86,-0.33,,11209.02,,False,0,2025-06-30 23:13:37
a0e314,N15617  ,United States,1751325217.0,1751325217,-97.6451,38.8232,518.16,False,33.47,2.64,3.58,,533.4,,False,0,2025-06-30 23:13:37
a977bb,DAL304  ,United States,1751325217.0,1751325217,-84.5319,41.9791,5234.94,False,206.32,94.15,-0.33,,5425.44,1307,False,0,2025-06-30 23:13:37
a08021,AAL1070 ,United States,1751325216.0,1751325217,-82.9262,28.2975,2796.54,False,149.72,149.21,-7.48,,2956.56,2205,False,0,2025-06-30 23:13:37
a3560b,DAL2817 ,United States,1751325178.0,1751325178,-122.3111,47.4496,,True,13.89,177.19,,,,6062,False,0,2025-06-30 23:13:37
ac47b7,SWA3579 ,United States,1751325091.0,1751325091,-87.7464,41.7875,,True,0.0,210.94,,,,,False,0,2025-06-30 23:13:37
c046f7,WJA1565 ,Canada,1751325216.0,1751325216,-118.9302,38.4484,11582.4,False,248.24,357.27,-0.33,,12176.76,6711,False,0,2025-06-30 23:13:37
c07e2c,ACA1187 ,Canada,1751325217.0,1751325217,-74.9229,39.9932,914.4,False,97.39,208.73,-0.98,,929.64,4224,False,0,2025-06-30 23:13:37
a2ccee,N28PG   ,United States,1751325216.0,1751325216,-123.2336,44.0976,304.8,False,40.86,100.89,-0.65,,274.32,,False,0,2025-06-30 23:13:37
a59662,N4593X  ,United States,1751325213.0,1751325214,-118.4498,34.017,60.96,False,22.57,226.85,-0.33,,15.24,,False,0,2025-06-30 23:13:37
aa8114,UAL1470 ,United States,1751325217.0,1751325217,-102.3115,42.2947,11277.6,False,262.83,85.06,0.0,,11811.0,,False,0,2025-06-30 23:13:37
a46345,FFT1476 ,United States,1751325216.0,1751325216,-92.9562,33.943,11277.6,False,247.59,64.39,0.0,,11948.16,0532,False,0,2025-06-30 23:13:37
aa8110,N776TX  ,United States,1751325216.0,1751325216,-116.9429,33.2385,1455.42,False,69.3,18.17,0.98,,1478.28,,False,0,2025-06-30 23:13:37
a40cdf,LXJ360  ,United States,1751325216.0,1751325216,-107.0137,42.3818,13106.4,False,206.68,305.27,0.33,,13708.38,6264,False,0,2025-06-30 23:13:37
ac2412,SWA1089 ,United States,1751325216.0,1751325216,-99.5385,30.9928,10363.2,False,215.21,293.38,-0.33,,11010.9,1551,False,0,2025-06-30 23:13:37
a5e635,N47990  ,United States,1751325215.0,1751325216,-82.295,40.638,1516.38,False,73.32,49.27,-1.95,,1531.62,6654,False,0,2025-06-30 23:13:37
a5e632,N4799X  ,United States,1751325216.0,1751325216,-81.7093,30.341,670.56,False,45.51,79.58,2.93,,716.28,,False,0,2025-06-30 23:13:37
ad9db0,ASA1434 ,United States,1751325217.0,1751325217,-119.7036,35.3485,10668.0,False,237.57,142.83,-0.33,,11224.26,3746,False,0,2025-06-30 23:13:37
4cc277,ICE664  ,Iceland,1751325217.0,1751325217,-116.5491,48.7245,10668.0,False,257.98,46.37,0.0,,11102.34,6657,False,0,2025-06-30 23:13:37
4cc278,ICE615  ,Iceland,1751325002.0,1751325002,-73.7865,40.6519,,True,1.8,61.88,,,,0762,False,0,2025-06-30 23:13:37
c07e32,ACA1092 ,Canada,1751325216.0,1751325216,-98.8541,39.4346,10668.0,False,263.24,66.99,-0.33,,11224.26,5700,False,0,2025-06-30 23:13:37
c07e33,ACA759  ,Canada,1751325216.0,1751325216,-81.9139,43.1895,8374.38,False,203.73,238.32,7.15,,8778.24,6357,False,0,2025-06-30 23:13:37
a41ffc,MVK77   ,United States,1751325200.0,1751325200,-94.1532,44.2512,1234.44,False,30.95,248.55,-2.6,,1249.68,,False,0,2025-06-30 23:13:37
a1f018,N224CJ  ,United States,1751325216.0,1751325216,-92.5522,44.7336,1234.44,False,133.65,232.82,-0.33,,1242.06,4570,False,0,2025-06-30 23:13:37
a2dffe,UAL1920 ,United States,1751325217.0,1751325217,-106.3296,41.0236,10972.8,False,224.6,235.55,0.0,,11567.16,7270,False,0,2025-06-30 23:13:37
abadd6,SWA1138 ,United States,1751325216.0,1751325217,-107.0103,36.4134,11590.02,False,226.78,251.48,-0.33,,12199.62,6421,False,0,2025-06-30 23:13:37
a6f30e,N547MP  ,United States,1751325217.0,1751325217,-90.3922,38.5614,1798.32,False,115.44,246.63,17.56,,1851.66,1714,False,0,2025-06-30 23:13:37
ac2439,SWA3228 ,United States,1751325216.0,1751325217,-97.6978,30.5257,1188.72,False,107.96,174.81,-0.33,,1249.68,5164,False,0,2025-06-30 23:13:37
a2ccbf,N28MK   ,United States,1751325215.0,1751325216,-89.9731,42.496,1539.24,False,68.84,80.54,0.0,,1546.86,,False,0,2025-06-30 23:13:37
c035bb,JZA965  ,Canada,1751325217.0,1751325217,-75.7184,45.886,8305.8,False,188.06,281.68,5.2,,8663.94,,False,0,2025-06-30 23:13:37
a41ff5,N365MC  ,United States,1751325178.0,1751325178,-82.7517,25.3997,9258.3,False,245.02,301.52,3.25,,9669.78,,False,0,2025-06-30 23:13:37
e49f22,,Brazil,1751325205.0,1751325205,-77.4413,27.3428,9448.8,False,208.16,313.4,0.0,,9959.34,,False,0,2025-06-30 23:13:37
a7130c,SWA2404 ,United States,1751325216.0,1751325216,-122.2714,38.1221,4274.82,False,202.99,7.72,12.35,,4427.22,3333,False,0,2025-06-30 23:13:37
c035d4,JZA596  ,Canada,1751325216.0,1751325216,-121.6208,39.3535,2712.72,False,141.03,174.77,-8.13,,2819.4,2655,False,0,2025-06-30 23:13:37
a46310,DAL1284 ,United States,1751325217.0,1751325217,-86.9058,32.6692,9639.3,False,225.35,216.09,2.6,,10233.66,3351,False,0,2025-06-30 23:13:37
a5702a,N45EC   ,United States,1751325217.0,1751325217,-121.8554,38.1172,518.16,False,49.46,206.57,0.33,,472.44,1200,False,0,2025-06-30 23:13:37
a1acdb,RPA5883 ,United States,1751325217.0,1751325217,-73.9055,42.2052,10713.72,False,204.32,262.77,5.85,,11292.84,6302,False,0,2025-06-30 23:13:37
a76cc0,GJS4555 ,United States,1751325216.0,1751325217,-86.5973,41.5563,4297.68,False,195.51,304.82,-15.93,,4434.84,1565,False,0,2025-06-30 23:13:37
a2101f,MXY612  ,United States,1751325216.0,1751325216,-119.0658,35.0533,8351.52,False,239.28,325.87,8.13,,8778.24,7265,False,0,2025-06-30 23:13:37
a9ea7d,N738TS  ,United States,1751325216.0,1751325216,-119.3539,36.2762,7010.4,False,142.6,171.29,0.0,,7330.44,2266,False,0,2025-06-30 23:13:37
a9ea7e,N738TT  ,United States,1751325215.0,1751325215,-92.0397,42.0103,579.12,False,47.85,1.23,-0.33,,563.88,,False,0,2025-06-30 23:13:37
a36994,EDV5012 ,United States,1751325216.0,1751325216,-73.7841,40.6336,,True,0.0,118.12,,,,,False,0,2025-06-30 23:13:37
ac377b,SWA246  ,United States,1751325216.0,1751325216,-90.6193,40.1496,9479.28,False,270.82,41.38,-5.2,,9974.58,4065,False,0,2025-06-30 23:13:37
3c4b33,DLH457  ,Germany,1751325217.0,1751325217,-114.3714,36.45,10058.4,False,268.16,54.05,0.0,,10607.04,1042,False,0,2025-06-30 23:13:37
3c4b31,DLH441  ,Germany,1751325217.0,1751325217,-88.0512,40.5019,10668.0,False,286.55,36.97,0.0,,11224.26,4037,False,0,2025-06-30 23:13:37
abadf9,SWA4742 ,United States,1751325216.0,1751325216,-111.9941,33.4321,,True,0.77,90.0,,,,,False,0,2025-06-30 23:13:37
3c4b26,DLH403  ,Germany,1751325190.0,1751325209,-74.1737,40.6915,,True,0.0,323.44,,,,,False,0,2025-06-30 23:13:37
adedaa,DCM7190 ,United States,1751325216.0,1751325216,-80.8426,33.759,4411.98,False,129.24,168.29,0.0,,4640.58,,False,0,2025-06-30 23:13:37
a9ea4d,N738RU  ,United States,1751325217.0,1751325217,-87.5205,41.6058,792.48,False,50.22,263.53,-0.65,,762.0,1200,False,0,2025-06-30 23:13:37
ab4af1,AAL739  ,United States,1751325215.0,1751325215,-71.3957,41.6125,1295.4,False,136.5,165.6,16.91,,1318.26,,False,0,2025-06-30 23:13:37
ac245c,SWA1495 ,United States,1751325216.0,1751325216,-81.0706,37.0037,11582.4,False,238.48,238.68,0.0,,12268.2,6577,False,0,2025-06-30 23:13:37
ab0485,AAL368  ,United States,1751325216.0,1751325216,-80.1045,25.7318,1943.1,False,141.87,112.38,13.33,,2057.4,,False,0,2025-06-30 23:13:37
c01081,CFGGM   ,Canada,1751325167.0,1751325167,-82.1703,42.2317,632.46,False,60.51,63.22,-0.65,,571.5,,False,0,2025-06-30 23:13:37
a9ea5d,SKW3704 ,United States,1751325216.0,1751325216,-108.3187,38.896,9105.9,False,235.91,69.31,-7.8,,9624.06,1340,False,0,2025-06-30 23:13:37
ad4461,JSX200  ,United States,1751325216.0,1751325217,-103.0415,32.6023,10972.8,False,230.63,315.0,-0.65,,11605.26,2370,False,0,2025-06-30 23:13:37
a3ecc8,FFT3916 ,United States,1751325216.0,1751325216,-81.1767,32.1041,10972.8,False,238.89,162.97,0.0,,11605.26,7462,False,0,2025-06-30 23:13:37
a8dd7b,UAL929  ,United States,1751325216.0,1751325216,-70.3472,47.5546,10668.0,False,259.1,78.2,0.33,,11094.72,6551,False,0,2025-06-30 23:13:37
a85931,QXE2078 ,United States,1751325216.0,1751325216,-122.2987,47.4848,5257.8,False,181.6,188.64,9.43,,5509.26,1661,False,0,2025-06-30 23:13:37
a0808f,SKW5914 ,United States,1751325198.0,1751325200,-101.8368,38.3896,10050.78,False,214.09,302.24,-4.88,,10584.18,,False,0,2025-06-30 23:13:37
0d10fd,VOI5596 ,Mexico,1751325165.0,1751325165,-100.1179,25.7823,,True,0.0,300.94,,,,,False,0,2025-06-30 23:13:37
a9b4de,UAL2407 ,United States,1751325216.0,1751325216,-89.7029,32.0601,10363.2,False,237.85,252.11,0.0,,11010.9,5237,False,0,2025-06-30 23:13:37
ad4453,N954JH  ,United States,1751325216.0,1751325216,-73.7601,41.842,1036.32,False,45.7,148.82,0.0,,1066.8,,False,0,2025-06-30 23:13:37
ae0de9,ARROW13 ,United States,1751325215.0,1751325216,-104.5513,39.6093,1859.28,False,48.37,60.71,-1.3,,1965.96,,False,0,2025-06-30 23:13:37
a34370,N3092S  ,United States,1751325217.0,1751325217,-118.1403,47.8809,2560.32,False,71.77,274.93,0.0,,2682.24,,False,0,2025-06-30 23:13:37
a3fffc,DAL2625 ,United States,1751325217.0,1751325217,-74.1193,44.9255,5265.42,False,190.52,197.6,8.45,,5471.16,,False,0,2025-06-30 23:13:37
a008c9,DAL879  ,United States,1751325216.0,1751325216,-122.3318,47.1698,1630.68,False,128.64,14.59,-4.88,,1699.26,,False,0,2025-06-30 23:13:37
4cc27c,ICE623  ,Iceland,1751324969.0,1751324969,-74.1761,40.6832,,True,5.4,25.31,,,,2440,False,0,2025-06-30 23:13:37
a3a65f,AAL2995 ,United States,1751325212.0,1751325216,-73.7971,40.6395,,True,0.0,120.94,,,,,False,0,2025-06-30 23:13:37
ac247a,SWA4330 ,United States,1751325216.0,1751325217,-89.8088,37.4094,8046.72,False,213.21,323.93,-9.75,,8534.4,0411,False,0,2025-06-30 23:13:37
a6905d,TWY522  ,United States,1751325182.0,1751325182,-122.383,37.6259,,True,4.37,309.38,,,,4561,False,0,2025-06-30 23:13:37
ada5ee,JBU603  ,United States,1751325217.0,1751325217,-81.1731,43.8564,9761.22,False,232.43,291.97,0.33,,10218.42,6660,False,0,2025-06-30 23:13:37
a9534b,N70MC   ,United States,1751325217.0,1751325217,-122.6506,44.5489,2606.04,False,88.67,356.34,0.0,,2712.72,,False,0,2025-06-30 23:13:37
c0104f,ACA308  ,Canada,1751324824.0,1751325081,-87.843,48.2892,11887.2,False,269.6,100.67,-0.33,,12184.38,,False,0,2025-06-30 23:13:37
a69061,JIA5220 ,United States,1751325216.0,1751325217,-83.9668,37.9039,5029.2,False,193.0,101.22,9.75,,5280.66,,False,0,2025-06-30 23:13:37
a248df,MMY59   ,United States,1751325217.0,1751325217,-122.0058,40.3562,1120.14,False,46.71,25.44,1.95,,1104.9,,False,0,2025-06-30 23:13:37
a235b7,,United States,1751325005.0,1751325005,-118.3587,34.2108,,True,6.69,345.94,,,,,False,0,2025-06-30 23:13:37
a6f35c,EJA547  ,United States,1751325216.0,1751325217,-120.8464,38.8733,3032.76,False,170.99,340.86,-0.33,,3147.06,1041,False,0,2025-06-30 23:13:37
a69072,TKR912  ,United States,1751325217.0,1751325217,-111.4768,33.3024,1028.7,False,90.49,234.95,-0.65,,1005.84,,False,0,2025-06-30 23:13:37
a14b1a,UAL1927 ,United States,1751325215.0,1751325216,-86.7513,28.3281,10972.8,False,234.59,288.28,0.0,,11612.88,1110,False,0,2025-06-30 23:13:37
a45072,DAL585  ,United States,1751325210.0,1751325211,-88.8175,32.3647,10195.56,False,242.26,243.11,5.85,,10828.02,3374,False,0,2025-06-30 23:13:37
0d10bc,VIV731  ,Mexico,1751325217.0,1751325217,-97.8911,26.5614,11567.16,False,219.35,229.66,0.0,,12291.06,7353,False,0,2025-06-30 23:13:37
a248b4,N2460U  ,United States,1751325209.0,1751325213,-92.9778,44.0978,1356.36,False,53.91,256.76,-2.28,,1333.5,,False,0,2025-06-30 23:13:37
aa815e,N776X   ,United States,1751325216.0,1751325216,-84.7745,42.994,2179.32,False,88.46,42.88,0.0,,2202.18,,False,0,2025-06-30 23:13:37
addb4a,AAL1211 ,United States,1751325217.0,1751325217,-79.944,27.7562,9692.64,False,247.24,158.77,-5.2,,10210.8,5755,False,0,2025-06-30 23:13:37
a1ae05,SWA2511 ,United States,1751325216.0,1751325216,-114.9179,36.0014,2042.16,False,103.44,91.42,-5.53,,2110.74,0721,False,0,2025-06-30 23:13:37
4aca64,SAS925  ,Sweden,1751325216.0,1751325216,-75.7814,42.2764,6705.6,False,198.58,216.57,0.0,,7025.64,6021,False,0,2025-06-30 23:13:37
a69028,N5218U  ,United States,1751325124.0,1751325124,-73.0838,40.8104,114.3,False,33.85,216.35,-2.6,,129.54,4213,False,0,2025-06-30 23:13:37
4aca65,SAS938  ,Sweden,1751325217.0,1751325217,-122.2143,47.8531,3726.18,False,192.21,15.52,13.0,,3886.2,1571,False,0,2025-06-30 23:13:37
a1ae79,CXK599  ,United States,1751325217.0,1751325217,-91.1377,30.5495,121.92,False,37.11,133.88,-2.93,,121.92,,False,0,2025-06-30 23:13:37
a88cbf,PDT5965 ,United States,1751325216.0,1751325216,-79.4366,37.1076,6096.0,False,213.26,210.28,-0.33,,6454.14,,False,0,2025-06-30 23:13:37
a14b4e,N1826K  ,United States,1751325217.0,1751325217,-81.4166,28.6835,12199.62,False,209.82,7.89,4.88,,12816.84,5164,False,0,2025-06-30 23:13:37
a222b2,MXY705  ,United States,1751325204.0,1751325212,-100.8467,37.7441,11277.6,False,248.51,89.05,0.0,,11879.58,2404,False,0,2025-06-30 23:13:37
a2bb10,SWA3698 ,United States,1751325216.0,1751325216,-103.4931,44.593,11590.02,False,204.51,281.17,0.0,,12077.7,1376,False,0,2025-06-30 23:13:37
ac370b,SWA3784 ,United States,1751325217.0,1751325217,-86.4264,36.2205,11277.6,False,238.92,68.13,-0.33,,11948.16,2354,False,0,2025-06-30 23:13:37
a9b62a,ASA1319 ,United States,1751325216.0,1751325216,-85.8284,44.7135,10363.2,False,224.76,282.83,0.0,,10774.68,6554,False,0,2025-06-30 23:13:37
a2ce2d,N280C   ,United States,1751325200.0,1751325215,-80.6461,38.0568,8260.08,False,238.85,125.71,-9.43,,8709.66,3321,False,0,2025-06-30 23:13:37
a89fda,FFT4830 ,United States,1751325158.0,1751325158,-120.5822,42.7544,10668.0,False,220.97,167.91,0.0,,11178.54,1611,False,0,2025-06-30 23:13:37
c01006,CFGBT   ,Canada,1751325216.0,1751325216,-73.0355,46.0055,274.32,False,29.1,188.13,-0.33,,,,False,0,2025-06-30 23:13:37
a475a3,DAL2732 ,United States,1751325216.0,1751325216,-88.8218,44.6577,10668.0,False,260.47,102.66,0.0,,11049.0,3057,False,0,2025-06-30 23:13:37
d7226c,,,1751325217.0,1751325217,-93.8266,36.1347,1249.68,False,39.26,148.39,-10.4,,1341.12,,False,0,2025-06-30 23:13:37
a7268f,OXF8092 ,United States,1751325030.0,1751325030,-111.7202,33.4653,510.54,False,39.53,231.34,-2.93,,441.96,0334,False,0,2025-06-30 23:13:37
ab5dab,SKW3964 ,United States,1751324964.0,1751324964,-83.36,42.235,304.8,False,70.21,208.44,-4.55,,251.46,,False,0,2025-06-30 23:13:37
a27e64,N26TY   ,United States,1751325174.0,1751325174,-115.1379,35.9784,,True,1.54,84.38,,,,,False,0,2025-06-30 23:13:37
a8efba,EJA675  ,United States,1751325179.0,1751325184,-94.0977,36.3939,495.3,False,61.01,199.2,-3.25,,487.68,7322,False,0,2025-06-30 23:13:37
aa2abc,AAL2819 ,United States,1751325207.0,1751325216,-84.442,33.6418,,True,0.0,270.0,,,,6154,True,0,2025-06-30 23:13:37
ab0425,JRE809  ,United States,1751325217.0,1751325217,-79.7048,41.3185,13106.4,False,207.6,146.62,0.0,,13716.0,2423,False,0,2025-06-30 23:13:37
a88ccf,AAL2489 ,United States,1751325216.0,1751325216,-80.8537,28.0008,9410.7,False,214.1,342.09,6.18,,9928.86,5576,False,0,2025-06-30 23:13:37
ac3731,SWA2666 ,United States,1751325217.0,1751325217,-82.7289,27.9865,6400.8,False,219.73,111.28,0.0,,6766.56,1630,False,0,2025-06-30 23:13:37
c02358,JZA687  ,Canada,1751325216.0,1751325216,-78.9616,44.1337,7924.8,False,227.23,237.86,0.33,,8290.56,2433,False,0,2025-06-30 23:13:37
a222a1,N237BG  ,United States,1751325216.0,1751325216,-81.2454,29.4841,12192.0,False,216.76,106.97,0.0,,12786.36,2453,False,0,2025-06-30 23:13:37
a3a5eb,AAY1160 ,United States,1751325216.0,1751325216,-85.2028,37.9338,2880.36,False,152.42,344.13,-7.48,,3002.28,2326,False,0,2025-06-30 23:13:37
acce0e,N924LP  ,United States,1751325216.0,1751325216,-84.2451,39.0368,594.36,False,47.13,143.88,1.63,,548.64,,False,0,2025-06-30 23:13:37
a51b58,SWA1293 ,United States,1751325217.0,1751325217,-104.9448,32.9021,11582.4,False,227.87,261.43,0.0,,12260.58,1514,False,0,2025-06-30 23:13:37
ac48f2,SWA4020 ,United States,1751325217.0,1751325217,-78.4969,37.7701,5143.5,False,196.54,107.68,-9.43,,5448.3,3237,False,0,2025-06-30 23:13:37
a582bb,UAL1129 ,United States,1751325216.0,1751325216,-82.2845,42.5006,10370.82,False,225.35,283.47,0.0,,10927.08,5766,False,0,2025-06-30 23:13:37
a27e9c,N26WD   ,United States,1751324996.0,1751324998,-111.8691,39.718,2529.84,False,43.27,288.0,-1.95,,2667.0,,False,0,2025-06-30 23:13:37
c0360e,WJA1597 ,Canada,1751325216.0,1751325216,-84.7242,34.9097,8290.56,False,234.42,355.09,5.53,,8770.62,2011,False,0,2025-06-30 23:13:37
abae2c,SWA1747 ,United States,1751325216.0,1751325217,-104.7626,34.78,11277.6,False,232.32,126.72,-0.33,,11894.82,,False,0,2025-06-30 23:13:37
ab4b34,DAL2167 ,United States,1751325216.0,1751325217,-97.5424,44.9345,10668.0,False,250.48,96.25,0.0,,11026.14,1667,False,0,2025-06-30 23:13:37
aa2b21,RPA3549 ,United States,1751325217.0,1751325217,-87.482,42.3532,2156.46,False,116.07,247.87,-0.33,,2209.8,3140,False,0,2025-06-30 23:13:37
a605eb,N4877D  ,United States,1751325216.0,1751325217,-97.1961,32.3617,1097.28,False,20.02,154.09,8.45,,1127.76,,False,0,2025-06-30 23:13:37
a14b79,XBKTS   ,United States,1751325156.0,1751325159,-116.9548,32.5389,175.26,False,40.3,284.04,-1.63,,144.78,,False,0,2025-06-30 23:13:37
a475d8,FFT4344 ,United States,1751325216.0,1751325216,-98.6091,38.1744,11269.98,False,240.68,117.5,0.33,,11879.58,,False,0,2025-06-30 23:13:37
a39e6b,DAL1024 ,United States,1751325216.0,1751325216,-115.1737,34.0819,9791.7,False,223.88,281.13,-4.88,,10347.96,7257,False,0,2025-06-30 23:13:37
ab5e6c,SWA3358 ,United States,1751325217.0,1751325217,-81.8321,30.2475,10530.84,False,241.21,279.08,5.2,,11117.58,3240,False,0,2025-06-30 23:13:37
a9a397,ASA582  ,United States,1751325216.0,1751325217,-122.1469,44.9908,10972.8,False,234.15,337.66,0.0,,11437.62,7275,False,0,2025-06-30 23:13:37
a2bb1a,N275WY  ,United States,1751325216.0,1751325216,-88.1765,43.0806,556.26,False,44.27,88.0,-0.65,,525.78,1200,False,0,2025-06-30 23:13:37
c07cb9,PRO4810 ,Canada,1751325216.0,1751325216,-75.4564,46.3137,7345.68,False,114.31,306.77,-0.33,,7665.72,,False,0,2025-06-30 23:13:37
ac22c5,AAL2019 ,United States,1751325217.0,1751325217,-82.3952,29.6398,11277.6,False,234.65,107.08,-0.33,,11917.68,1045,False,0,2025-06-30 23:13:37
a7008f,N550MS  ,United States,1751325217.0,1751325217,-95.7582,38.8978,5669.28,False,193.28,109.11,-17.88,,5913.12,,False,0,2025-06-30 23:13:37
abae62,SWA2356 ,United States,1751325216.0,1751325216,-96.2532,36.5213,9265.92,False,226.36,234.9,-4.55,,9806.94,1624,False,0,2025-06-30 23:13:37
a4d8e1,,United States,1751325178.0,1751325178,-81.0836,34.897,784.86,False,65.41,60.81,-1.3,,853.44,,False,0,2025-06-30 23:13:37
a0f70c,SKW5264 ,United States,1751325215.0,1751325216,-85.6431,39.5509,7924.8,False,204.33,358.27,0.0,,8359.14,6744,False,0,2025-06-30 23:13:37
acce3f,AAL1486 ,United States,1751325216.0,1751325216,-80.8476,36.0749,7627.62,False,219.47,9.31,1.95,,8077.2,,False,0,2025-06-30 23:13:37
ab5e9b,SWA4478 ,United States,1751325217.0,1751325217,-114.9844,40.669,11277.6,False,251.98,85.08,0.65,,11864.34,,False,0,2025-06-30 23:13:37
a2bb89,UAL688K ,United States,1751325217.0,1751325217,-70.6658,42.0752,2537.46,False,130.05,48.05,-2.28,,2644.14,3521,False,0,2025-06-30 23:13:37
a52e54,ASA555  ,United States,1751325216.0,1751325217,-122.3185,47.3786,457.2,False,77.17,0.38,-4.23,,472.44,2252,False,0,2025-06-30 23:13:37
a2bb83,UAL665  ,United States,1751325217.0,1751325217,-73.6891,39.3692,3002.28,False,149.61,335.2,-4.23,,3154.68,,False,0,2025-06-30 23:13:37
ae0e4d,R9626686,United States,1751325214.0,1751325216,-85.4038,38.0984,487.68,False,29.49,137.12,-1.3,,487.68,,False,0,2025-06-30 23:13:37
a4c5d7,N4064H  ,United States,1751325216.0,1751325216,-88.0986,31.1524,3162.3,False,79.28,272.23,0.0,,3322.32,3073,False,0,2025-06-30 23:13:37
a38b85,N3276K  ,United States,1751325216.0,1751325216,-100.3668,25.6687,739.14,False,50.08,236.31,-2.93,,701.04,,False,0,2025-06-30 23:13:37
a27dac,N26LP   ,United States,1751325216.0,1751325216,-90.8349,42.5818,883.92,False,46.99,5.02,0.98,,868.68,,False,0,2025-06-30 23:13:37
a1adab,SKW6000 ,United States,1751325216.0,1751325217,-101.081,26.2146,6621.78,False,198.42,292.24,5.85,,7033.26,,False,0,2025-06-30 23:13:37
a99b5f,SKW6530 ,United States,1751325007.0,1751325008,-87.9021,41.9756,,True,0.06,340.31,,,,,False,0,2025-06-30 23:13:37
a0e431,AAL765  ,United States,1751325217.0,1751325217,-85.245,36.7996,10370.82,False,231.87,261.71,0.0,,10995.66,5526,False,0,2025-06-30 23:13:37
a9fe88,JRE743  ,United States,1751324956.0,1751324956,-96.8443,32.8489,,True,0.77,22.5,,,,3633,False,0,2025-06-30 23:13:37
ada64a,NKS2607 ,United States,1751325214.0,1751325216,-74.8131,39.1032,2385.06,False,155.22,14.59,-8.13,,2499.36,3647,False,0,2025-06-30 23:13:37
ac1058,N877AA  ,United States,1751325217.0,1751325217,-73.708,41.1171,457.2,False,51.25,324.4,-0.33,,434.34,1200,False,0,2025-06-30 23:13:37
a99b83,DAL363  ,United States,1751324881.0,1751325213,-122.3827,37.6156,,True,0.0,118.12,,,,,False,0,2025-06-30 23:13:37
a15db7,N1875C  ,United States,1751325217.0,1751325217,-94.9001,33.8163,7863.84,False,207.08,173.58,-9.75,,8328.66,1433,False,0,2025-06-30 23:13:37
c06a7f,TSC855  ,Canada,1751324938.0,1751324942,-78.3136,30.3363,10675.62,False,226.33,13.94,0.0,,11224.26,2173,False,0,2025-06-30 23:13:37
ac1068,SKW5945 ,United States,1751325215.0,1751325216,-104.0856,42.4043,9959.34,False,200.76,2.06,2.6,,10469.88,,False,0,2025-06-30 23:13:37
a52da7,N4325V  ,United States,1751325205.0,1751325205,-78.1564,39.0629,883.92,False,47.87,298.22,-1.3,,883.92,,False,0,2025-06-30 23:13:37
ad4390,AAL2319 ,United States,1751325216.0,1751325216,-80.3954,25.9265,1440.18,False,136.27,298.4,-5.53,,1554.48,3753,False,0,2025-06-30 23:13:37
ac1080,ES807   ,United States,1751325215.0,1751325216,-120.7005,37.579,1234.44,False,62.82,152.18,-2.6,,1234.44,0376,False,0,2025-06-30 23:13:37
a965fb,N7041X  ,United States,1751325215.0,1751325216,-111.9996,33.1098,762.0,False,29.69,297.9,-0.65,,701.04,,False,0,2025-06-30 23:13:37
a03de6,N1143X  ,United States,1751325212.0,1751325213,-75.4159,43.2721,487.68,False,51.4,318.65,0.0,,449.58,,False,0,2025-06-30 23:13:37
a02ab4,N11JT   ,United States,1751325215.0,1751325216,-73.0437,41.1614,883.92,False,43.27,342.0,0.0,,891.54,4360,False,0,2025-06-30 23:13:37
a35701,EDV5327 ,United States,1751325216.0,1751325216,-86.7026,32.4714,8290.56,False,243.32,99.12,-6.5,,8801.1,,False,0,2025-06-30 23:13:37
c06a82,,Canada,1751325140.0,1751325140,-73.7503,45.4683,,True,7.2,357.19,,,,,False,0,2025-06-30 23:13:37
aa92f8,UAL538  ,United States,1751325216.0,1751325216,-111.3734,42.5474,10363.2,False,252.37,246.83,0.33,,10911.84,,False,0,2025-06-30 23:13:37
a9eb09,N738ZG  ,United States,1751325216.0,1751325216,-78.0733,38.3925,1257.3,False,44.05,222.63,-3.25,,1264.92,1200,False,0,2025-06-30 23:13:37
a1f116,ENY4193 ,United States,1751325217.0,1751325217,-81.3433,32.0862,10668.0,False,216.65,1.5,0.33,,11254.74,1343,False,0,2025-06-30 23:13:37
a21127,ENY3792 ,United States,1751325217.0,1751325217,-82.8935,36.3305,8412.48,False,216.12,330.32,8.13,,8907.78,3106,False,0,2025-06-30 23:13:37
a965d6,N7040V  ,United States,1751325216.0,1751325216,-116.6413,43.6406,1287.78,False,49.52,124.85,0.65,,1303.02,,False,0,2025-06-30 23:13:37
ad438d,ASA219  ,United States,1751325217.0,1751325217,-117.6703,33.1663,7559.04,False,202.97,138.39,4.88,,7955.28,1013,False,0,2025-06-30 23:13:37
c06a38,ACA779  ,Canada,1751325216.0,1751325216,-74.2673,45.4921,3688.08,False,182.51,279.41,4.23,,3817.62,,False,0,2025-06-30 23:13:37
a6f2c5,N547JR  ,United States,1751325216.0,1751325216,-91.4967,45.1131,5570.22,False,167.27,271.76,-5.85,,5692.14,4674,False,0,2025-06-30 23:13:37
a9eb15,N738ZU  ,United States,1751325216.0,1751325216,-76.2899,36.4986,1280.16,False,46.27,41.85,-3.25,,1325.88,6465,False,0,2025-06-30 23:13:37
ac7e09,AAL2488 ,United States,1751325216.0,1751325216,-84.9555,38.8622,9753.6,False,236.08,318.18,0.0,,10317.48,6005,False,0,2025-06-30 23:13:37
a6f2b7,JBU2322 ,United States,1751324922.0,1751325136,-78.5977,29.8739,8846.82,False,237.88,6.96,0.0,,9326.88,0442,False,0,2025-06-30 23:13:37
a2377d,N242AR  ,United States,1751325217.0,1751325217,-122.8995,44.8063,762.0,False,45.73,287.01,0.0,,769.62,,False,0,2025-06-30 23:13:37
ad3098,SWA2637 ,United States,1751325217.0,1751325217,-83.7515,27.8633,11254.74,False,223.95,87.76,-4.88,,11894.82,2435,False,0,2025-06-30 23:13:37
ac7e18,KYE4923 ,United States,1751325217.0,1751325217,-95.917,46.1219,12192.0,False,236.45,314.65,0.0,,12489.18,2375,False,0,2025-06-30 23:13:37
344503,IBE0363 ,Spain,1751325216.0,1751325216,-78.8531,39.9066,11582.4,False,232.1,224.28,-0.33,,12237.72,3144,False,0,2025-06-30 23:13:37
a2241c,AIP1814 ,United States,1751325216.0,1751325216,-104.8096,39.4032,4800.6,False,112.84,188.39,-0.65,,5059.68,5174,False,0,2025-06-30 23:13:37
a9c8be,N73AM   ,United States,1751325151.0,1751325151,-97.3613,32.8392,396.24,False,25.21,180.0,-2.28,,342.9,,False,0,2025-06-30 23:13:37
a27dd7,WML26   ,United States,1751324951.0,1751324962,-77.0663,38.6196,236.22,False,43.84,274.04,-2.93,,297.18,5333,False,0,2025-06-30 23:13:37
ab15c1,AAY1100 ,United States,1751325216.0,1751325216,-92.3469,34.9064,11582.4,False,235.93,311.02,0.33,,12260.58,2576,False,0,2025-06-30 23:13:37
ac48bb,N89071  ,United States,1751325216.0,1751325216,-122.9912,47.4809,1219.2,False,46.58,43.21,0.33,,1264.92,,False,0,2025-06-30 23:13:37
a98909,AAL2198 ,United States,1751325216.0,1751325217,-96.9778,32.7777,1684.02,False,127.27,112.83,14.63,,1744.98,3652,False,0,2025-06-30 23:13:37
a4996b,DAL1021 ,United States,1751325217.0,1751325217,-81.0168,28.3509,2735.58,False,152.56,73.95,13.0,,2872.74,7330,False,0,2025-06-30 23:13:37
a8690e,CSQ102  ,United States,1751325209.0,1751325209,-79.307,25.4248,2697.48,False,131.73,268.66,0.33,,2819.4,,False,0,2025-06-30 23:13:37
c02098,HRT738  ,Canada,1751325216.0,1751325217,-79.3745,43.3962,1859.28,False,145.42,334.43,0.65,,1874.52,5507,False,0,2025-06-30 23:13:37
a2467a,MXY121  ,United States,1751325216.0,1751325216,-90.6462,34.4732,11887.2,False,232.71,83.02,0.0,,12588.24,6774,False,0,2025-06-30 23:13:37
44007c,AUA90   ,Austria,1751325217.0,1751325217,-67.4632,44.2059,10668.0,False,268.3,57.53,0.0,,11201.4,2773,False,0,2025-06-30 23:13:37
adeb7b,N9961U  ,United States,1751325215.0,1751325215,-85.2287,43.6474,1546.86,False,46.34,22.86,-0.65,,1524.0,,False,0,2025-06-30 23:13:37
a61644,N49104  ,United States,1751325213.0,1751325216,-81.5224,28.2702,723.9,False,38.59,270.76,-1.3,,754.38,1275,False,0,2025-06-30 23:13:37
a3795a,JBU677  ,United States,1751325216.0,1751325216,-78.4713,34.458,11277.6,False,225.69,38.15,0.0,,11925.3,2123,False,0,2025-06-30 23:13:37
c07b05,,Canada,1751325078.0,1751325078,-73.7357,45.4805,,True,10.29,42.19,,,,,False,0,2025-06-30 23:13:37
ab274c,KOW818  ,United States,1751325216.0,1751325216,-114.8264,39.4697,14325.6,False,256.21,143.82,0.33,,14980.92,,False,0,2025-06-30 23:13:37
a8da73,MAD67   ,United States,1751325217.0,1751325217,-76.2248,41.8474,7063.74,False,220.86,11.96,-4.55,,7406.64,0431,False,0,2025-06-30 23:13:37
c058cd,ROU1646 ,Canada,1751325216.0,1751325216,-77.1179,36.1239,10980.42,False,245.8,192.2,0.0,,11597.64,1527,False,0,2025-06-30 23:13:37
a2463c,N2459Y  ,United States,1751325216.0,1751325216,-71.1765,42.19,,True,4.12,14.06,,,,,False,0,2025-06-30 23:13:37
ac340a,SWA3736 ,United States,1751325217.0,1751325217,-84.3601,30.2753,11582.4,False,223.69,306.4,-0.33,,12252.96,6253,False,0,2025-06-30 23:13:37
a3661f,AAL2982 ,United States,1751325214.0,1751325214,-83.5827,26.0157,10751.82,False,222.63,299.94,5.53,,11353.8,,False,0,2025-06-30 23:13:37
a22003,ENY4132 ,United States,1751325216.0,1751325216,-95.2799,34.4368,9509.76,False,225.57,228.42,-6.83,,10081.26,1342,False,0,2025-06-30 23:13:37
c058c3,ACA2124 ,Canada,1751325217.0,1751325217,-68.6407,46.5711,12496.8,False,271.92,73.97,0.0,,13030.2,0563,False,0,2025-06-30 23:13:37
c058bf,ACA921  ,Canada,1751325217.0,1751325217,-76.7144,44.9619,10355.58,False,240.33,229.08,0.33,,10866.12,7367,False,0,2025-06-30 23:13:37
c058be,ACA788  ,Canada,1751325216.0,1751325216,-79.5703,43.6938,365.76,False,73.51,226.7,-3.9,,312.42,7367,False,0,2025-06-30 23:13:37
484fff,KLM695  ,Kingdom of the Netherlands,1751325216.0,1751325216,-74.4252,46.5587,11582.4,False,225.72,236.06,0.0,,12092.94,,False,0,2025-06-30 23:13:37
a04e00,DAL496  ,United States,1751325193.0,1751325203,-73.7833,40.6534,,True,0.06,300.94,,,,,False,0,2025-06-30 23:13:37
a3c940,VJA343  ,United States,1751325217.0,1751325217,-75.6496,38.2064,12458.7,False,245.72,214.42,3.25,,13152.12,1511,False,0,2025-06-30 23:13:37
ac3430,SWC2102 ,United States,1751325205.0,1751325205,-86.6776,36.1254,,True,2.31,129.38,,,,,False,0,2025-06-30 23:13:37
a4732c,SLH386  ,United States,1751325205.0,1751325205,-111.9754,40.7945,,True,23.15,354.38,,,,3241,False,0,2025-06-30 23:13:37
44003f,,Austria,1751325182.0,1751325182,-73.7504,45.4686,,True,8.75,357.19,,,,,False,0,2025-06-30 23:13:37
ac210e,SWA3167 ,United States,1751325216.0,1751325216,-119.2123,35.1816,11582.4,False,241.48,329.39,0.0,,12192.0,2443,False,0,2025-06-30 23:13:37
ad675d,DAL2573 ,United States,1751325216.0,1751325216,-74.2701,40.6688,822.96,False,133.65,310.0,9.1,,830.58,1677,False,0,2025-06-30 23:13:37
ac3446,EJM1    ,United States,1751325216.0,1751325216,-85.8807,38.7946,14325.6,False,222.92,261.91,-0.33,,14919.96,3437,False,0,2025-06-30 23:13:37
a74923,JBU2129 ,United States,1751325213.0,1751325213,-73.7751,40.6509,,True,0.0,120.94,,,,,False,0,2025-06-30 23:13:37
ac8dde,LTA908  ,United States,1751325217.0,1751325217,-79.2255,35.001,2430.78,False,57.12,271.55,0.0,,2545.08,,False,0,2025-06-30 23:13:37
a88a7b,N65BA   ,United States,1751325216.0,1751325216,-94.7986,38.4366,5715.0,False,113.89,160.75,6.18,,6042.66,,False,0,2025-06-30 23:13:37
ad6755,ASA509  ,United States,1751325217.0,1751325217,-119.4213,45.5658,11277.6,False,241.74,124.77,0.33,,11772.9,1563,False,0,2025-06-30 23:13:37
a88a84,N65BK   ,United States,1751324950.0,1751324981,-72.5436,42.1885,,True,9.26,306.56,,,,5370,False,0,2025-06-30 23:13:37
e80048,VIV4043 ,Chile,1751324951.0,1751324956,-100.116,25.7803,,True,0.0,253.12,,,,,False,0,2025-06-30 23:13:37
ab013c,SCX425  ,United States,1751325217.0,1751325217,-118.1212,33.9636,1341.12,False,123.22,263.53,-6.83,,1363.98,3631,False,0,2025-06-30 23:13:37
e80047,VIV7401 ,Chile,1751325211.0,1751325214,-100.1161,25.7814,,True,0.0,300.94,,,,,False,0,2025-06-30 23:13:37
ac7aba,ASI414  ,United States,1751325216.0,1751325216,-112.5937,33.7114,1737.36,False,52.51,34.62,0.65,,1775.46,1200,False,0,2025-06-30 23:13:37
ad4105,AAL3160 ,United States,1751325215.0,1751325216,-72.2606,42.6313,7985.76,False,194.38,129.63,-7.48,,8397.24,3156,False,0,2025-06-30 23:13:37
a7ccce,SKW5623 ,United States,1751325217.0,1751325217,-103.074,41.7156,9753.6,False,216.84,203.34,0.0,,10264.14,,False,0,2025-06-30 23:13:37
a04e2b,CWG119  ,United States,1751325216.0,1751325217,-105.5708,38.5369,12496.8,False,241.98,131.55,-0.33,,13106.4,1632,False,0,2025-06-30 23:13:37
a89ccc,NKS2680 ,United States,1751325216.0,1751325216,-108.9737,38.7748,11582.4,False,228.5,244.53,0.0,,12207.24,6714,False,0,2025-06-30 23:13:37
a6f00d,AAL2165 ,United States,1751325216.0,1751325216,-75.163,39.8872,289.56,False,81.23,255.7,-3.9,,289.56,6756,False,0,2025-06-30 23:13:37
a9c631,NKS2710 ,United States,1751325216.0,1751325216,-84.363,33.6319,556.26,False,72.02,270.0,-3.25,,563.88,0254,False,0,2025-06-30 23:13:37
c04671,ROU1564 ,Canada,1751325216.0,1751325216,-72.4481,45.307,7193.28,False,259.2,85.1,6.83,,7505.7,,False,0,2025-06-30 23:13:37
a9d96f,N7336W  ,United States,1751325216.0,1751325216,-107.2327,32.258,2042.16,False,47.29,81.87,0.98,,2133.6,,False,0,2025-06-30 23:13:37
c0466c,ROU1673 ,Canada,1751325217.0,1751325217,-77.9781,33.9659,11277.6,False,224.93,1.83,0.0,,11910.06,2664,False,0,2025-06-30 23:13:37
a6036d,N487JL  ,United States,1751325125.0,1751325125,-121.4376,42.3907,13106.4,False,255.11,339.34,-0.65,,13746.48,,False,0,2025-06-30 23:13:37
a258b4,CSI502  ,United States,1751325217.0,1751325217,-97.4494,32.0242,6408.42,False,117.79,220.93,-5.53,,6774.18,5657,False,0,2025-06-30 23:13:37
a8697f,FFT3283 ,United States,1751325216.0,1751325216,-108.2626,32.0607,10370.82,False,235.73,277.78,0.0,,10980.42,7317,False,0,2025-06-30 23:13:37
adc8e7,AAL186  ,United States,1751325217.0,1751325217,-98.0248,30.861,9753.6,False,241.21,279.82,0.0,,10363.2,6166,False,0,2025-06-30 23:13:37
a0e086,AAL2635 ,United States,1751325217.0,1751325217,-110.0256,32.3264,10675.62,False,249.75,95.79,0.33,,11300.46,7341,False,0,2025-06-30 23:13:37
a47377,N386VH  ,United States,1751325216.0,1751325217,-92.609,43.1852,2438.4,False,68.35,250.2,0.0,,2491.74,,False,0,2025-06-30 23:13:37
aa3ae9,UAL1828 ,United States,1751325204.0,1751325215,-87.9308,41.976,,True,0.0,270.0,,,,3227,False,0,2025-06-30 23:13:37
abab67,DAL765  ,United States,1751325216.0,1751325216,-92.8683,43.4499,10363.2,False,204.09,278.84,0.0,,10706.1,7143,False,0,2025-06-30 23:13:37
ac32f2,SWA1202 ,United States,1751325216.0,1751325216,-80.7657,25.8151,1584.96,False,140.37,39.35,-7.15,,1706.88,1417,False,0,2025-06-30 23:13:37
ab5b8c,SWA3823 ,United States,1751325216.0,1751325216,-88.4908,41.82,4168.14,False,162.83,264.38,19.18,,4290.06,1304,False,0,2025-06-30 23:13:37
a5d044,N474DC  ,United States,1751325216.0,1751325217,-75.4273,39.4918,1950.72,False,93.71,109.23,-2.28,,2004.06,1200,False,0,2025-06-30 23:13:37
a35383,REH16   ,United States,1751325045.0,1751325051,-117.4261,33.2616,121.92,False,20.01,43.96,-2.28,,83.82,,False,0,2025-06-30 23:13:37
aa3ae4,UAL501  ,United States,1751325216.0,1751325216,-83.0255,28.2703,6408.42,False,198.03,158.03,-2.28,,6781.8,2131,False,0,2025-06-30 23:13:37
aa3ae2,UAL1577 ,United States,1751325033.0,1751325039,-114.3773,38.8624,10972.8,False,231.1,253.18,0.0,,11559.54,,False,0,2025-06-30 23:13:37
a5d04e,N474DN  ,United States,1751325216.0,1751325216,-93.7615,42.7224,655.32,False,64.36,145.42,-1.63,,640.08,,False,0,2025-06-30 23:13:37
a97659,N709DS  ,United States,1751325216.0,1751325216,-96.6039,45.2276,13716.0,False,280.98,101.62,-0.65,,14188.44,,False,0,2025-06-30 23:13:37
44001e,AUA94   ,Austria,1751325217.0,1751325217,-70.1123,42.9206,10675.62,False,243.41,46.11,0.0,,11170.92,6256,False,0,2025-06-30 23:13:37
a35388,AAL832  ,United States,1751325216.0,1751325216,-111.2263,34.6698,8458.2,False,239.72,48.13,3.9,,8930.64,2604,False,0,2025-06-30 23:13:37
ac7b87,NKS2093 ,United States,1751325217.0,1751325217,-79.3792,41.5258,10980.42,False,226.88,212.97,0.0,,11605.26,1564,False,0,2025-06-30 23:13:37
a6bfe8,GJS4183 ,United States,1751325217.0,1751325217,-87.3196,41.9652,2164.08,False,137.33,282.11,-0.65,,2209.8,6520,False,0,2025-06-30 23:13:37
a3a351,N3330E  ,United States,1751325216.0,1751325217,-71.6662,42.6606,1097.28,False,53.19,355.01,-0.65,,1089.66,1200,False,0,2025-06-30 23:13:37
a005f7,N100NY  ,United States,1751325216.0,1751325216,-119.4567,34.5264,3200.4,False,76.86,306.56,-0.33,,3307.08,1200,False,0,2025-06-30 23:13:37
ac7b8a,AAL2142 ,United States,1751325217.0,1751325217,-95.7278,32.8591,8069.58,False,199.47,83.19,6.5,,8557.26,6266,False,0,2025-06-30 23:13:37
8960f8,UAE4PV  ,United Arab Emirates,1751324907.0,1751324910,-73.7692,40.6375,,True,3.6,0.0,,,,2452,False,0,2025-06-30 23:13:37
a365a8,PFT318  ,United States,1751325039.0,1751325043,-118.3693,33.9388,144.78,False,58.58,262.94,-4.88,,99.06,,False,0,2025-06-30 23:13:37
adfe90,LOST25  ,United States,1751325171.0,1751325175,-118.0628,33.7903,,True,13.38,0.0,,,,3343,False,0,2025-06-30 23:13:37
c0596b,CGHWK   ,Canada,1751325216.0,1751325216,-75.25,46.3859,1394.46,False,51.26,308.48,0.0,,1386.84,,False,0,2025-06-30 23:13:37
a73659,LXJ564  ,United States,1751325216.0,1751325216,-109.8047,32.772,13106.4,False,225.01,289.22,0.33,,13807.44,7274,False,0,2025-06-30 23:13:37
a97626,SKW5135 ,United States,1751325216.0,1751325216,-90.1389,42.129,8519.16,False,168.45,284.5,3.58,,8877.3,3613,True,0,2025-06-30 23:13:37
a91fcf,N68713  ,United States,1751325217.0,1751325217,-123.123,45.2782,792.48,False,39.0,30.96,0.33,,792.48,,False,0,2025-06-30 23:13:37
ae1e96,ROVE67  ,United States,1751325216.0,1751325216,-100.5801,31.1648,3246.12,False,93.88,197.54,13.0,,3429.0,,False,0,2025-06-30 23:13:37
a005d9,N100MT  ,United States,1751325216.0,1751325216,-108.5158,37.7586,3992.88,False,106.04,145.08,0.33,,4221.48,,False,0,2025-06-30 23:13:37
a04e60,RPA4781 ,United States,1751325217.0,1751325217,-73.4772,40.5376,1219.2,False,145.66,16.83,0.0,,1272.54,7055,False,0,2025-06-30 23:13:37
a8b926,NKS8861 ,United States,1751325209.0,1751325209,-74.1676,40.6995,,True,0.0,5.62,,,,,False,0,2025-06-30 23:13:37
a5d000,N474AK  ,United States,1751325163.0,1751325163,-104.8241,38.9835,1920.24,False,55.08,55.27,-1.3,,2065.02,,False,0,2025-06-30 23:13:37
ad9b94,SKW5240 ,United States,1751325216.0,1751325217,-106.7691,41.2037,10058.4,False,230.13,132.46,0.33,,10599.42,,False,0,2025-06-30 23:13:37
ae1e9d,JAVAN72 ,United States,1751325216.0,1751325216,-100.5787,30.9662,1973.58,False,132.38,185.8,-1.3,,2087.88,,False,0,2025-06-30 23:13:37
a74992,JIA5127 ,United States,1751325210.0,1751325216,-85.8507,34.9434,3558.54,False,183.78,80.17,-10.73,,3733.8,3460,False,0,2025-06-30 23:13:37
a78ffa,ASA9    ,United States,1751325217.0,1751325217,-87.4922,40.3007,10972.8,False,224.5,298.91,0.0,,11544.3,2560,False,0,2025-06-30 23:13:37
a03b40,MXY271  ,United States,1751325129.0,1751325129,-82.5331,27.9842,,True,2.31,137.81,,,,4274,False,0,2025-06-30 23:13:37
aa3b05,UAL1221 ,United States,1751325217.0,1751325217,-119.9038,34.1996,5410.2,False,191.4,90.92,-5.2,,5638.8,,False,0,2025-06-30 23:13:37
a39b39,AAL2669 ,United States,1751325216.0,1751325216,-79.5167,27.7913,9448.8,False,226.73,345.14,0.0,,9944.1,2151,False,0,2025-06-30 23:13:37
a485c3,N3904X  ,United States,1751325046.0,1751325046,-90.943,30.1861,68.58,False,44.03,173.29,-2.6,,60.96,,False,0,2025-06-30 23:13:37
c04602,ANT547  ,Canada,1751325110.0,1751325115,-123.5481,48.6725,533.4,False,87.62,105.67,-5.85,,556.26,6400,False,0,2025-06-30 23:13:37
a748bc,DAL72   ,United States,1751325216.0,1751325216,-78.3671,37.1391,11277.6,False,248.61,55.03,0.0,,11948.16,3371,False,0,2025-06-30 23:13:37
a1be72,ENY3867 ,United States,1751325216.0,1751325217,-87.4146,38.8422,10363.2,False,203.37,224.08,0.0,,10927.08,5462,False,0,2025-06-30 23:13:37
a95097,N7HM    ,United States,1751325216.0,1751325216,-87.473,31.2686,10668.0,False,196.52,95.86,0.0,,11285.22,7447,False,0,2025-06-30 23:13:37
a65e3f,N50936  ,United States,1751325135.0,1751325135,-81.2652,29.0743,121.92,False,34.92,315.0,-4.23,,144.78,1200,False,0,2025-06-30 23:13:37
a41e2c,UAL2417 ,United States,1751325216.0,1751325216,-102.49,39.7837,10363.2,False,229.54,251.44,0.0,,10911.84,7003,False,0,2025-06-30 23:13:37
a2cb14,UAL1227 ,United States,1751325216.0,1751325216,-121.5872,37.5552,3192.78,False,158.1,261.58,-6.18,,3322.32,1670,False,0,2025-06-30 23:13:37
a39b20,N331SK  ,United States,1751325216.0,1751325216,-95.9334,30.0249,3063.24,False,152.25,128.69,-8.45,,3238.5,3403,False,0,2025-06-30 23:13:37
a365c9,AAY99   ,United States,1751325216.0,1751325216,-104.6577,35.3634,10965.18,False,227.01,258.89,0.33,,11590.02,,False,0,2025-06-30 23:13:37
a77e2a,N582JM  ,United States,1751325216.0,1751325216,-95.2816,34.4426,8534.4,False,219.98,189.29,0.0,,9052.56,6207,False,0,2025-06-30 23:13:37
a7ce03,N6015F  ,United States,1751325216.0,1751325216,-96.1838,32.8411,1630.68,False,48.63,186.07,0.0,,1691.64,1513,False,0,2025-06-30 23:13:37
a365b7,DAL2443 ,United States,1751325217.0,1751325217,-82.0458,42.4811,5463.54,False,188.72,261.69,-10.73,,5699.76,4335,False,0,2025-06-30 23:13:37
a498be,N3957W  ,United States,1751325216.0,1751325216,-82.1831,32.7144,2880.36,False,65.79,105.88,0.33,,3032.76,1200,False,0,2025-06-30 23:13:37
a03b6d,DAL1035 ,United States,1751325217.0,1751325217,-80.5121,32.8106,7909.56,False,235.01,44.29,4.55,,8404.86,1602,False,0,2025-06-30 23:13:37
a615d0,SWA3459 ,United States,1751325216.0,1751325216,-90.9833,38.1111,12192.0,False,224.21,306.13,0.0,,12847.32,3016,False,0,2025-06-30 23:13:37
a41e29,UAL1101 ,United States,1751325216.0,1751325217,-103.2984,30.8723,10363.2,False,233.8,293.74,-0.33,,11003.28,3047,False,0,2025-06-30 23:13:37
ac8e1d,AAL3118 ,United States,1751325216.0,1751325217,-72.4547,41.0798,10972.8,False,236.71,213.66,0.0,,11582.4,3564,False,0,2025-06-30 23:13:37
ab6e4a,N8357R  ,United States,1751325006.0,1751325008,-96.8042,31.9801,1440.18,False,44.19,155.22,0.0,,1493.52,,False,0,2025-06-30 23:13:37
406947,BAW28K  ,United Kingdom,1751324962.0,1751324962,-112.0645,48.0011,10972.8,False,233.45,214.5,0.0,,11460.48,,False,0,2025-06-30 23:13:37
a15b4c,EDV5152 ,United States,1751325216.0,1751325217,-85.8989,35.5647,5760.72,False,199.06,281.63,-8.78,,6057.9,2471,False,0,2025-06-30 23:13:37
a41e94,UAL2298 ,United States,1751325217.0,1751325217,-114.7045,36.1856,2590.8,False,122.99,251.72,-3.9,,2705.1,,False,0,2025-06-30 23:13:37
a9636c,N704AB  ,United States,1751325216.0,1751325216,-83.6653,40.4208,861.06,False,61.89,243.86,-2.93,,815.34,,False,0,2025-06-30 23:13:37
aca8c1,N9146R  ,United States,1751325217.0,1751325217,-75.6838,41.0498,4876.8,False,87.98,181.01,0.0,,5090.16,3443,False,0,2025-06-30 23:13:37
a41e90,UAL2299 ,United States,1751325216.0,1751325217,-87.6171,43.0793,9753.6,False,208.53,274.67,0.0,,10172.7,3074,False,0,2025-06-30 23:13:37
a4e8b4,SWA137  ,United States,1751325217.0,1751325217,-98.0299,30.5547,2552.7,False,135.52,117.34,-4.55,,2705.1,1443,False,0,2025-06-30 23:13:37
a508c5,SWA2310 ,United States,1751325217.0,1751325217,-77.0396,38.7697,1013.46,False,113.77,204.02,4.55,,1036.32,2112,False,0,2025-06-30 23:13:37
a2de7e,SKW3533 ,United States,1751325216.0,1751325217,-117.8222,33.7492,487.68,False,64.89,207.38,-2.93,,449.58,4620,False,0,2025-06-30 23:13:37
a3c8cb,DAL2602 ,United States,1751324902.0,1751324909,-73.8651,40.7731,,True,0.0,154.69,,,,7005,False,0,2025-06-30 23:13:37
ad9b28,AAL2909 ,United States,1751325216.0,1751325217,-81.0442,35.4615,1203.96,False,100.54,86.19,0.65,,1249.68,5470,False,0,2025-06-30 23:13:37
ad52a3,N958CT  ,United States,1751325055.0,1751325055,-85.6493,38.2347,213.36,False,27.85,258.27,-1.63,,243.84,,False,0,2025-06-30 23:13:37
abab21,CXK1102 ,United States,1751325216.0,1751325216,-97.0895,32.4086,746.76,False,61.2,16.61,0.33,,762.0,,False,0,2025-06-30 23:13:37
a41e74,UAL486  ,United States,1751325217.0,1751325217,-103.2973,40.3029,7139.94,False,204.75,255.89,-10.08,,7566.66,7472,False,0,2025-06-30 23:13:37
a9767f,TSU7122 ,United States,1751325213.0,1751325213,-117.1764,32.7304,45.72,False,57.45,286.65,-3.9,,83.82,,False,0,2025-06-30 23:13:37
ab5b66,SWA3323 ,United States,1751325217.0,1751325217,-94.4027,31.1859,9311.64,False,240.28,33.83,4.55,,9883.14,4035,False,0,2025-06-30 23:13:37
a39b56,UPS7805 ,United States,1751325217.0,1751325217,-79.9014,25.8993,2872.74,False,147.76,49.38,18.86,,3002.28,,False,0,2025-06-30 23:13:37
a365f8,EJA318  ,United States,1751325216.0,1751325216,-85.9508,42.3269,12496.8,False,220.41,142.3,0.33,,13060.68,2406,False,0,2025-06-30 23:13:37
a97693,CXK479  ,United States,1751325212.0,1751325215,-84.4959,34.0657,1516.38,False,62.46,85.28,0.0,,1562.1,3131,False,0,2025-06-30 23:13:37
ab6e8b,N8359L  ,United States,1751325212.0,1751325212,-82.329,28.027,99.06,False,28.31,250.91,-2.93,,114.3,,False,0,2025-06-30 23:13:37
a12731,UAL1325 ,United States,1751325216.0,1751325216,-86.7576,42.3576,10972.8,False,208.37,261.91,0.0,,11498.58,1625,False,0,2025-06-30 23:13:37
a12735,UAL2496 ,United States,1751325216.0,1751325216,-102.3803,39.3834,10668.0,False,252.72,70.13,0.0,,11231.88,1010,False,0,2025-06-30 23:13:37
a7ce70,N6018K  ,United States,1751325216.0,1751325216,-105.0439,40.2775,2133.6,False,54.43,277.06,-1.95,,2255.52,,False,0,2025-06-30 23:13:37
a9c5c5,JBU534  ,United States,1751325217.0,1751325217,-81.4272,28.2003,8115.3,False,223.17,63.73,1.3,,8580.12,2164,False,0,2025-06-30 23:13:37
ac8cf1,AAL1761 ,United States,1751325216.0,1751325216,-90.3742,35.9657,11269.98,False,252.04,51.05,0.33,,11940.54,3640,False,0,2025-06-30 23:13:37
a9c5c2,N729HZ  ,United States,1751325216.0,1751325216,-94.0886,40.8076,10668.0,False,281.8,85.39,0.33,,11178.54,3220,False,0,2025-06-30 23:13:37
a89e79,N65439  ,United States,1751325216.0,1751325216,-80.9582,35.7656,304.8,False,34.93,279.32,1.95,,297.18,,False,0,2025-06-30 23:13:37
a77e8f,JIA5136 ,United States,1751325216.0,1751325216,-82.2192,34.3742,6720.84,False,201.77,63.5,-6.5,,7124.7,6454,False,0,2025-06-30 23:13:37
a88b46,N65KD   ,United States,1751325216.0,1751325216,-122.9479,45.214,1379.22,False,54.74,143.02,-1.63,,1409.7,,False,0,2025-06-30 23:13:37
aa3b84,AMX410  ,United States,1751325216.0,1751325216,-94.4841,30.5294,11277.6,False,234.77,39.13,0.0,,11963.4,5254,False,0,2025-06-30 23:13:37
a842ac,JIA5348 ,United States,1751325215.0,1751325215,-69.2176,44.7031,2880.36,False,150.44,5.69,-12.68,,2987.04,1662,False,0,2025-06-30 23:13:37
acdcc0,JSX471  ,United States,1751325216.0,1751325216,-111.7668,34.1095,3749.04,False,154.09,193.71,-1.63,,3970.02,3271,False,0,2025-06-30 23:13:37
a16db9,AAL1401 ,United States,1751325216.0,1751325216,-74.0078,39.3959,9144.0,False,241.17,221.89,0.0,,9654.54,3474,False,0,2025-06-30 23:13:37
ad5329,JBU309  ,United States,1751325216.0,1751325217,-72.637,40.0311,5615.94,False,224.04,120.04,6.5,,5897.88,2777,False,0,2025-06-30 23:13:37
a12749,N1734U  ,United States,1751325005.0,1751325005,-117.0917,34.1951,2461.26,False,79.76,59.8,-0.98,,2514.6,5377,False,0,2025-06-30 23:13:37
a24720,RPA5665 ,United States,1751325217.0,1751325217,-75.5547,39.156,9448.8,False,232.55,37.63,0.0,,10020.3,2154,False,0,2025-06-30 23:13:37
a1272d,UAL679  ,United States,1751325216.0,1751325217,-117.6157,34.031,3291.84,False,146.58,246.85,-7.15,,3451.86,7410,False,0,2025-06-30 23:13:37
a988f0,DAL564  ,United States,1751325217.0,1751325217,-92.1893,36.5732,11887.2,False,241.84,93.9,0.0,,12527.28,3160,False,0,2025-06-30 23:13:37
ac2038,SWA491  ,United States,1751325209.0,1751325209,-110.7271,37.6465,11582.4,False,236.73,238.42,0.0,,12207.24,3523,False,0,2025-06-30 23:13:37
a64b96,N5043J  ,United States,1751325211.0,1751325217,-122.1179,37.4634,,True,0.06,143.44,,,,1200,False,0,2025-06-30 23:13:37
ac335b,SWA3092 ,United States,1751325217.0,1751325217,-89.0412,41.766,7185.66,False,181.25,260.03,13.33,,7475.22,6201,False,0,2025-06-30 23:13:37
a8a5bf,N65624  ,United States,1751325217.0,1751325217,-82.1746,28.3888,182.88,False,40.18,251.33,0.33,,220.98,,False,0,2025-06-30 23:13:37
a88b64,LN65LJ  ,United States,1751325217.0,1751325217,-78.336,35.3712,12192.0,False,240.77,217.36,0.33,,12870.18,6636,False,0,2025-06-30 23:13:37
3c4b23,DLH419  ,Germany,1751325217.0,1751325217,-77.4572,38.9444,,True,4.63,180.0,,,,,False,0,2025-06-30 23:13:37
adb656,AAL1027 ,United States,1751325216.0,1751325216,-80.2253,25.5772,2354.58,False,146.76,209.62,15.61,,2499.36,,False,0,2025-06-30 23:13:37
3c15c1,OCN11   ,Germany,1751325216.0,1751325217,-114.0871,36.4842,5052.06,False,158.15,232.53,-4.55,,5356.86,,False,0,2025-06-30 23:13:37
a1270b,UAL2252 ,United States,1751325217.0,1751325217,-77.8023,38.1876,11277.6,False,232.25,58.03,0.0,,11932.92,3725,False,0,2025-06-30 23:13:37
a1270f,UAL1433 ,United States,1751324987.0,1751324987,-94.3319,29.5502,3817.62,False,164.37,303.64,-7.8,,4069.08,,False,0,2025-06-30 23:13:37
ac337e,SWA3244 ,United States,1751325217.0,1751325217,-91.8479,42.4918,11277.6,False,278.08,80.42,-0.65,,11734.8,1452,False,0,2025-06-30 23:13:37
a12778,UAL2651 ,United States,1751325216.0,1751325217,-97.9268,42.6476,10972.8,False,216.83,241.67,0.0,,11430.0,1167,False,0,2025-06-30 23:13:37
ad402f,DAL880  ,United States,1751325216.0,1751325216,-86.1644,36.955,10058.4,False,237.7,180.87,0.0,,10652.76,6514,False,0,2025-06-30 23:13:37
a602ab,ASA517  ,United States,1751325216.0,1751325216,-82.192,25.6603,9753.6,False,229.48,300.59,0.0,,10309.86,,False,0,2025-06-30 23:13:37
a5e2a1,ATN3345 ,United States,1751325216.0,1751325216,-119.8486,34.4132,9555.48,False,234.17,249.02,-4.55,,10005.06,7452,False,0,2025-06-30 23:13:37
a735d7,ASA975  ,United States,1751325215.0,1751325216,-111.9386,34.0854,6499.86,False,212.69,2.63,6.83,,6873.24,2673,False,0,2025-06-30 23:13:37
ae6031,MAKO69  ,United States,1751325216.0,1751325217,-120.3621,37.5273,1661.16,False,76.2,145.45,0.0,,1676.4,1200,False,0,2025-06-30 23:13:37
a04dfa,DAL957  ,United States,1751325216.0,1751325217,-86.7731,36.1351,10058.4,False,246.5,107.49,0.0,,10660.38,3254,False,0,2025-06-30 23:13:37
a4870d,FFT1416 ,United States,1751325216.0,1751325216,-83.0525,28.4988,3566.16,False,169.94,151.03,-4.55,,3756.66,4755,False,0,2025-06-30 23:13:37
a868d2,N6409D  ,United States,1751325213.0,1751325213,-117.1555,32.8226,274.32,False,35.73,292.87,1.95,,220.98,,False,0,2025-06-30 23:13:37
ab38a1,DAL937  ,United States,1751325217.0,1751325217,-85.2316,33.0159,6477.0,False,227.77,46.28,-15.61,,6858.0,5647,False,0,2025-06-30 23:13:37
a988da,N713SZ  ,United States,1751325182.0,1751325182,-80.1423,26.3468,220.98,False,58.95,43.59,-3.25,,281.94,,False,0,2025-06-30 23:13:37
ad5398,AAL2338 ,United States,1751325217.0,1751325217,-74.6639,38.8254,10058.4,False,234.52,42.33,0.0,,10645.14,2003,False,0,2025-06-30 23:13:37
a9b39e,NKS2294 ,United States,1751325171.0,1751325171,-115.154,36.0857,,True,0.64,154.69,,,,1735,False,0,2025-06-30 23:13:37
ac2082,SWA469  ,United States,1751325217.0,1751325217,-97.4447,32.1346,9456.42,False,257.55,45.16,4.88,,10050.78,7713,False,0,2025-06-30 23:13:37
a03ab8,N1137U  ,United States,1751325216.0,1751325216,-117.9914,33.6109,1394.46,False,53.66,302.47,-0.33,,1394.46,,False,0,2025-06-30 23:13:37
a76b3c,N5773S  ,United States,1751325217.0,1751325217,-118.3682,47.7831,3185.16,False,93.87,296.71,0.33,,3329.94,,False,0,2025-06-30 23:13:37
a2471c,N246JL  ,United States,1751325217.0,1751325217,-72.84,43.0464,5341.62,False,184.28,240.57,0.33,,5593.08,1340,False,0,2025-06-30 23:13:37
a842a9,NKS2173 ,United States,1751325198.0,1751325198,-93.7275,30.8196,7818.12,False,214.21,247.25,-10.08,,8404.86,4177,False,0,2025-06-30 23:13:37
a722b1,AAL1321 ,United States,1751325216.0,1751325216,-118.0961,34.4771,10043.16,False,238.29,127.19,0.0,,10568.94,3262,False,0,2025-06-30 23:13:37
a16dd7,AMF1561 ,United States,1751325216.0,1751325216,-72.366,43.3072,2804.16,False,116.19,117.13,0.0,,2903.22,5361,False,0,2025-06-30 23:13:37
a4c2f8,AAL1502 ,United States,1751325216.0,1751325217,-116.3014,34.104,9128.76,False,230.61,263.08,-12.03,,9639.3,6723,False,0,2025-06-30 23:13:37
ab38aa,DAL2654 ,United States,1751325216.0,1751325217,-92.9507,43.3856,8595.36,False,236.94,346.05,-12.35,,8907.78,3132,False,0,2025-06-30 23:13:37
a65e8c,N5096C  ,United States,1751325216.0,1751325216,-93.5139,44.7984,601.98,False,60.52,54.69,0.33,,556.26,,False,0,2025-06-30 23:13:37
a8b8b9,PDT5982 ,United States,1751325217.0,1751325217,-82.0456,35.8665,5638.8,False,197.47,305.88,4.88,,5951.22,,False,0,2025-06-30 23:13:37
a36713,N3181Q  ,United States,1751325216.0,1751325216,-84.4461,33.7612,655.32,False,60.71,106.75,-0.33,,647.7,,False,0,2025-06-30 23:13:37
ab2854,AAY2720 ,United States,1751325216.0,1751325216,-82.801,28.5015,4168.14,False,186.41,351.11,10.4,,4389.12,3754,False,0,2025-06-30 23:13:37
a3b768,TKR885  ,United States,1751325216.0,1751325216,-102.2503,43.5553,1958.34,False,83.38,254.25,-1.3,,2095.5,,False,0,2025-06-30 23:13:37
a1146e,N169PM  ,United States,1751325217.0,1751325217,-116.7473,47.8507,1272.54,False,39.93,14.93,0.65,,1310.64,,False,0,2025-06-30 23:13:37
ab284d,AAL3030 ,United States,1751325217.0,1751325217,-95.4019,38.3289,6553.2,False,210.46,358.74,-11.38,,6911.34,3632,False,0,2025-06-30 23:13:37
ab151d,N813GF  ,United States,1751325216.0,1751325216,-82.1212,28.2648,220.98,False,37.47,225.56,-2.28,,251.46,,False,0,2025-06-30 23:13:37
a48759,JRE391  ,United States,1751325217.0,1751325217,-84.9276,35.6006,7620.0,False,230.3,74.32,-0.65,,8084.82,2760,False,0,2025-06-30 23:13:37
ac4843,SWA2965 ,United States,1751325216.0,1751325216,-86.1485,32.4187,7315.2,False,215.63,73.08,0.0,,7757.16,4003,False,0,2025-06-30 23:13:37
a0f46f,DAL204  ,United States,1751325216.0,1751325216,-72.4971,43.4117,10675.62,False,246.3,34.62,0.0,,11224.26,1722,False,0,2025-06-30 23:13:37
ac8eb4,WUP908  ,United States,1751325215.0,1751325215,-78.1129,38.9852,2049.78,False,155.88,36.68,-2.6,,2118.36,1751,False,0,2025-06-30 23:13:37
a58103,AAL399  ,United States,1751325217.0,1751325217,-100.714,31.8667,9753.6,False,234.95,238.89,0.0,,10378.44,3634,False,0,2025-06-30 23:13:37
a0079d,N1004E  ,United States,1751325216.0,1751325216,-121.8276,37.4986,1059.18,False,31.82,247.17,1.95,,1059.18,1200,False,0,2025-06-30 23:13:37
a12796,UAL2691 ,United States,1751325216.0,1751325217,-76.346,36.9479,10972.8,False,247.62,202.09,0.33,,11620.5,7104,False,0,2025-06-30 23:13:37
a60430,N487SF  ,United States,1751325197.0,1751325197,-96.8659,32.6771,,True,5.4,357.19,,,,1165,False,0,2025-06-30 23:13:37
a12799,UAL526  ,United States,1751325216.0,1751325216,-112.3129,36.6298,10675.62,False,243.38,66.85,-0.98,,11269.98,,False,0,2025-06-30 23:13:37
a1277b,UAL698  ,United States,1751325216.0,1751325217,-83.9679,36.1071,10370.82,False,240.72,255.01,0.0,,11003.28,3475,False,0,2025-06-30 23:13:37
a39aa3,N331MK  ,United States,1751325217.0,1751325217,-73.1659,40.6278,739.14,False,28.07,256.22,0.0,,739.14,,False,0,2025-06-30 23:13:37
a35435,CXK687  ,United States,1751325095.0,1751325095,-72.6487,41.757,220.98,False,40.7,106.14,-3.25,,220.98,,False,0,2025-06-30 23:13:37
a3b796,DAL1987 ,United States,1751325217.0,1751325217,-79.4907,27.8721,10058.4,False,225.84,342.64,0.0,,10561.32,6705,False,0,2025-06-30 23:13:37
a24789,AAY1599 ,United States,1751325216.0,1751325216,-116.6409,44.4959,10972.8,False,224.25,285.02,0.0,,11506.2,,False,0,2025-06-30 23:13:37
a24782,ENY3932 ,United States,1751325217.0,1751325217,-77.3856,37.7888,6027.42,False,201.76,13.72,-8.78,,6362.7,3132,False,0,2025-06-30 23:13:37
a28dda,N264AA  ,United States,1751325216.0,1751325216,-81.0678,28.6764,403.86,False,50.54,284.74,-0.33,,419.1,0325,False,0,2025-06-30 23:13:37
acdea4,N9283A  ,United States,1751325207.0,1751325207,-122.6983,46.8523,1211.58,False,52.61,81.0,0.0,,1249.68,,False,0,2025-06-30 23:13:37
ac486a,SWA1733 ,United States,1751325216.0,1751325216,-80.5137,32.4462,10424.16,False,254.19,203.24,-4.88,,11033.76,3727,False,0,2025-06-30 23:13:37
ab6efc,DAL2294 ,United States,1751325216.0,1751325216,-73.4771,40.8065,1219.2,False,97.66,290.34,0.0,,1249.68,4137,False,0,2025-06-30 23:13:37
440184,AUA66   ,Austria,1751325216.0,1751325216,-72.6796,47.9936,11887.2,False,274.95,60.03,-0.33,,12352.02,6275,False,0,2025-06-30 23:13:37
ac3558,AAL1805 ,United States,1751325217.0,1751325217,-90.8771,33.8596,7315.2,False,218.05,231.13,-0.33,,7749.54,7147,False,0,2025-06-30 23:13:37
ac4888,SWA1123 ,United States,1751325217.0,1751325217,-79.7823,37.0083,6637.02,False,206.99,131.57,-5.2,,7033.26,3250,False,0,2025-06-30 23:13:37
ad6884,AAL831  ,United States,1751325216.0,1751325216,-81.4249,35.4644,2613.66,False,150.65,100.43,-8.13,,2750.82,4376,False,0,2025-06-30 23:13:37
ad9bc8,AAL2361 ,United States,1751325215.0,1751325216,-112.89,32.9273,10363.2,False,235.97,260.97,-0.33,,10965.18,2260,False,0,2025-06-30 23:13:37
acdef1,N9285H  ,United States,1751325217.0,1751325217,-118.2765,33.7631,2026.92,False,57.36,304.4,0.33,,2065.02,,False,0,2025-06-30 23:13:37
a40abe,N36JC   ,United States,1751325214.0,1751325214,-122.8841,46.9818,335.28,False,45.81,167.68,-1.95,,358.14,,False,0,2025-06-30 23:13:37
ac8efa,EDV4942 ,United States,1751324946.0,1751325168,-73.8807,40.7797,,True,0.0,33.75,,,,,False,0,2025-06-30 23:13:37
ada521,AAL1164 ,United States,1751325217.0,1751325217,-87.5538,36.2456,5661.66,False,204.29,271.3,9.75,,5943.6,1675,False,0,2025-06-30 23:13:37
ada526,DAL2745 ,United States,1751325216.0,1751325216,-83.3222,42.4778,1287.78,False,123.95,74.35,-5.53,,1280.16,0561,False,0,2025-06-30 23:13:37
a36799,JBU1202 ,United States,1751325132.0,1751325216,-78.7321,42.9352,,True,0.0,135.0,,,,1144,False,0,2025-06-30 23:13:37
ad6881,NKS2207 ,United States,1751325217.0,1751325217,-89.9443,29.794,3543.3,False,182.72,120.83,15.61,,3741.42,,False,0,2025-06-30 23:13:37
a2347f,N241JA  ,United States,1751325216.0,1751325216,-87.4493,36.9182,2308.86,False,59.22,122.59,-2.28,,2377.44,,False,0,2025-06-30 23:13:37
ab00ce,AAL1855 ,United States,1751325124.0,1751325127,-112.0791,37.3713,10668.0,False,242.22,36.19,0.33,,11254.74,,False,0,2025-06-30 23:13:37
a03c24,N114MB  ,United States,1751325193.0,1751325216,-72.4091,41.1542,624.84,False,75.1,60.45,0.33,,632.46,,False,0,2025-06-30 23:13:37
a9b41d,N724TM  ,United States,1751325212.0,1751325212,-122.2514,47.9385,464.82,False,50.94,181.16,1.3,,464.82,1200,False,0,2025-06-30 23:13:37
a95129,N7PH    ,United States,1751325122.0,1751325122,-122.0507,44.3497,3337.56,False,90.83,99.78,0.0,,3497.58,4633,False,0,2025-06-30 23:13:37
44012f,AUA87   ,Austria,1751325216.0,1751325216,-71.8878,41.1289,6461.76,False,207.63,260.44,-4.55,,6812.28,2514,False,0,2025-06-30 23:13:37
a8a785,JBU2134 ,United States,1751325216.0,1751325216,-79.4929,29.0402,7315.2,False,217.58,309.15,-0.33,,7726.68,3747,False,0,2025-06-30 23:13:37
a4616b,N3810T  ,United States,1751324995.0,1751325213,-80.7108,28.1845,701.04,False,44.29,149.26,0.33,,731.52,1200,False,0,2025-06-30 23:13:37
a126c9,UAL2316 ,United States,1751325217.0,1751325217,-78.9961,41.7863,11033.76,False,255.41,51.21,-4.88,,11643.36,2476,False,0,2025-06-30 23:13:37
a04f75,AAL2840 ,United States,1751325216.0,1751325217,-87.5387,41.3294,4937.76,False,211.47,154.49,8.78,,5143.5,1354,False,0,2025-06-30 23:13:37
acdf9a,AAL1283 ,United States,1751325217.0,1751325217,-95.9704,38.2518,10050.78,False,257.66,112.42,0.0,,10591.8,,False,0,2025-06-30 23:13:37
a5e48a,SWA1980 ,United States,1751325026.0,1751325029,-77.0393,38.8689,76.2,False,63.33,177.67,-3.25,,38.1,2150,False,0,2025-06-30 23:13:37
a3c9c5,AAL2861 ,United States,1751325217.0,1751325217,-74.1565,40.7054,60.96,False,76.62,205.88,-3.9,,38.1,3526,False,0,2025-06-30 23:13:37
a9b402,SKW6422 ,United States,1751325217.0,1751325217,-96.4237,33.3307,3474.72,False,154.03,233.28,-6.83,,3657.6,2133,False,0,2025-06-30 23:13:37
aa3bfa,N759FE  ,United States,1751325216.0,1751325216,-104.6848,39.4315,2209.8,False,67.82,144.26,0.33,,2316.48,0034,False,0,2025-06-30 23:13:37
a2219e,N2363U  ,United States,1751325217.0,1751325217,-76.1078,43.4171,1143.0,False,65.28,353.21,0.33,,1135.38,,False,0,2025-06-30 23:13:37
a3ff0e,CAP3957 ,United States,1751325169.0,1751325217,-82.8303,34.3748,1051.56,False,44.95,174.75,3.25,,1082.04,,False,0,2025-06-30 23:13:37
a04f49,SKW5992 ,United States,1751325216.0,1751325217,-86.0038,41.3313,6934.2,False,205.87,299.0,-10.08,,7246.62,6512,False,0,2025-06-30 23:13:37
a3ff26,DAL31   ,United States,1751325216.0,1751325217,-84.5729,33.6679,1082.04,False,135.77,283.14,8.13,,1120.14,3365,False,0,2025-06-30 23:13:37
a95113,N7NL    ,United States,1751325216.0,1751325217,-96.8462,32.3333,1463.04,False,64.42,206.57,-0.98,,1485.9,,False,0,2025-06-30 23:13:37
a126ea,UAL1496 ,United States,1751324944.0,1751324944,-111.4697,37.8312,9753.6,False,231.25,240.7,-0.33,,10302.24,2712,False,0,2025-06-30 23:13:37
a126ed,UAL296  ,United States,1751325216.0,1751325216,-104.5419,40.1293,2346.96,False,116.27,292.37,0.33,,2484.12,,False,0,2025-06-30 23:13:37
a6add1,N5298D  ,United States,1751325216.0,1751325216,-123.0011,47.2484,861.06,False,49.8,250.07,-2.93,,876.3,0305,False,0,2025-06-30 23:13:37
a7242c,N5597E  ,United States,1751325187.0,1751325197,-85.1696,33.7048,1097.28,False,46.37,356.82,3.9,,1120.14,,False,0,2025-06-30 23:13:37
a15c54,SKW3327 ,United States,1751325216.0,1751325216,-119.6555,47.7434,6705.6,False,192.65,276.59,0.33,,7025.64,,False,0,2025-06-30 23:13:37
a52add,T71     ,United States,1751325216.0,1751325216,-117.0982,33.7421,914.4,False,92.33,302.72,2.93,,914.4,,False,0,2025-06-30 23:13:37
ac4801,SWA4028 ,United States,1751325217.0,1751325217,-86.3047,41.5239,3909.06,False,184.69,269.68,-14.96,,4084.32,4001,False,0,2025-06-30 23:13:37
a233b9,N241AC  ,United States,1751325216.0,1751325216,-93.3639,44.7197,640.08,False,36.54,327.65,-1.95,,594.36,,False,0,2025-06-30 23:13:37
aa9220,SKW5404 ,United States,1751325090.0,1751325090,-99.5633,40.2295,10972.8,False,216.6,304.26,0.0,,11529.06,,False,0,2025-06-30 23:13:37
a58153,N454DR  ,United States,1751325216.0,1751325216,-121.3432,45.2021,13106.4,False,214.37,302.36,0.33,,13662.66,6032,False,0,2025-06-30 23:13:37
a15c1c,N187QS  ,United States,1751325217.0,1751325217,-71.3218,42.6658,914.4,False,130.7,214.25,0.0,,929.64,2423,False,0,2025-06-30 23:13:37
a03c46,XAA9436 ,United States,1751325216.0,1751325216,-108.7399,39.4308,13106.4,False,256.81,256.8,0.0,,13731.24,3224,False,0,2025-06-30 23:13:37
a379d3,DAL483  ,United States,1751325216.0,1751325216,-88.0322,36.0907,11269.98,False,241.05,87.19,0.0,,11932.92,2020,False,0,2025-06-30 23:13:37
a4b145,N401KM  ,United States,1751325216.0,1751325216,-71.0456,41.8806,144.78,False,49.46,108.81,-3.9,,129.54,,False,0,2025-06-30 23:13:37
ab6eb9,AAL2867 ,United States,1751325217.0,1751325217,-95.5488,35.6493,8869.68,False,202.42,96.42,6.5,,9349.74,,False,0,2025-06-30 23:13:37
a88aa1,N65CP   ,United States,1751325209.0,1751325209,-95.249,39.9551,2407.92,False,92.48,320.64,-0.33,,2484.12,,False,0,2025-06-30 23:13:37
ac481d,SWA733  ,United States,1751325066.0,1751325069,-95.7953,36.0889,1043.94,False,116.79,194.28,1.3,,1074.42,5662,False,0,2025-06-30 23:13:37
a4c492,SKW3407 ,United States,1751325216.0,1751325216,-119.6068,34.4717,8176.26,False,201.9,314.48,8.13,,8610.6,,False,0,2025-06-30 23:13:37
a83108,JBU170  ,United States,1751325216.0,1751325216,-79.1199,27.6112,8892.54,False,239.0,8.04,4.88,,9403.08,,False,0,2025-06-30 23:13:37
a126e7,UAL1523 ,United States,1751325215.0,1751325215,-78.9723,30.4903,10972.8,False,252.7,196.07,-0.33,,11529.06,5605,False,0,2025-06-30 23:13:37
a126e8,UAL1242 ,United States,1751325215.0,1751325216,-97.66,30.203,,True,3.34,357.19,,,,,False,0,2025-06-30 23:13:37
a97733,NKS2401 ,United States,1751325216.0,1751325216,-94.354,29.9866,6141.72,False,197.98,77.7,6.83,,6515.1,2456,False,0,2025-06-30 23:13:37
a89f0f,N6548J  ,United States,1751325217.0,1751325217,-95.5343,30.0524,312.42,False,50.28,346.39,0.0,,327.66,5335,False,0,2025-06-30 23:13:37
a3ff75,N357GS  ,United States,1751325216.0,1751325216,-119.0258,35.4218,403.86,False,59.47,239.89,-5.2,,327.66,3631,False,0,2025-06-30 23:13:37
a4c3b4,N406JA  ,United States,1751325216.0,1751325216,-104.9556,40.3331,1958.34,False,42.8,283.2,-4.23,,2065.02,,False,0,2025-06-30 23:13:37
a486cc,DAL2830 ,United States,1751325216.0,1751325216,-120.6208,37.7888,11277.6,False,222.87,181.85,0.0,,11856.72,6623,False,0,2025-06-30 23:13:37
a629fc,N4969G  ,United States,1751325215.0,1751325216,-80.577,27.3948,982.98,False,46.94,136.33,-3.58,,1036.32,,False,0,2025-06-30 23:13:37
ab5c26,AAL1114 ,United States,1751325216.0,1751325216,-96.0348,33.638,11125.2,False,245.41,48.99,5.53,,11772.9,0556,False,0,2025-06-30 23:13:37
a486d8,DAL1172 ,United States,1751325216.0,1751325216,-97.6275,43.5738,10066.02,False,245.71,63.65,0.33,,10439.4,,False,0,2025-06-30 23:13:37
a28f7d,GOJUMP3 ,United States,1751325217.0,1751325217,-117.3517,33.2177,,True,6.17,78.75,,,,,False,0,2025-06-30 23:13:37
a6af55,,United States,1751325215.0,1751325216,-81.5287,26.4448,3604.26,False,157.66,33.69,0.0,,3794.76,,False,0,2025-06-30 23:13:37
adc9b6,JBU233  ,United States,1751325216.0,1751325216,-97.4884,42.8262,9753.6,False,217.34,257.84,0.0,,10149.84,7332,False,0,2025-06-30 23:13:37
ad79e8,ASA114  ,United States,1751325216.0,1751325217,-90.8483,42.3452,10523.22,False,192.47,271.53,5.85,,10957.56,4340,False,0,2025-06-30 23:13:37
a15c80,AAL3072 ,United States,1751325216.0,1751325217,-102.1194,39.2745,10058.4,False,247.42,111.98,0.0,,10568.94,1517,False,0,2025-06-30 23:13:37
a593cb,N459CP  ,United States,1751325216.0,1751325216,-121.776,40.1643,3543.3,False,84.76,169.51,0.0,,3695.7,,False,0,2025-06-30 23:13:37
a3ec77,USC101  ,United States,1751325216.0,1751325217,-77.5203,38.7037,7025.64,False,202.46,213.81,-0.98,,7437.12,2131,False,0,2025-06-30 23:13:37
a28f80,SKW3840 ,United States,1751325215.0,1751325216,-123.0387,41.5639,9448.8,False,213.76,172.53,0.65,,9906.0,6604,False,0,2025-06-30 23:13:37
ad79d5,N96792  ,United States,1751325216.0,1751325216,-71.8688,42.4671,609.6,False,50.35,7.63,-0.33,,609.6,,False,0,2025-06-30 23:13:37
c04738,CJT2385 ,Canada,1751325216.0,1751325216,-88.0973,47.6063,10980.42,False,224.61,293.63,0.0,,11231.88,,False,0,2025-06-30 23:13:37
ab5c3a,N831BR  ,United States,1751324990.0,1751325017,-80.6616,25.5396,579.12,False,53.43,141.25,-0.98,,632.46,,False,0,2025-06-30 23:13:37
a83174,NKS2521 ,United States,1751325216.0,1751325217,-81.9148,35.7496,11277.6,False,237.25,128.49,-0.33,,11955.78,7141,False,0,2025-06-30 23:13:37
ad79eb,AAL986  ,United States,1751325217.0,1751325217,-84.8959,35.7374,6096.0,False,197.55,258.28,0.33,,6446.52,4222,False,0,2025-06-30 23:13:37
a3c9e2,EJA343  ,United States,1751325216.0,1751325216,-121.7229,38.1038,7254.24,False,209.21,21.64,9.1,,7581.9,4571,False,0,2025-06-30 23:13:37
a3ff2e,CXK557  ,United States,1751325216.0,1751325216,-117.7861,34.0425,678.18,False,44.76,0.0,-3.58,,647.7,,False,0,2025-06-30 23:13:37
ac33c4,SWA2323 ,United States,1751325216.0,1751325216,-76.5131,37.3739,8839.2,False,253.19,72.74,0.0,,9372.6,5624,False,0,2025-06-30 23:13:37
7380c6,ELY006  ,Israel,1751325216.0,1751325216,-102.3408,41.7715,10668.0,False,256.42,66.47,0.0,,11201.4,2466,False,0,2025-06-30 23:13:37
7380c5,ELY002  ,Israel,1751325178.0,1751325178,-67.175,44.3368,10050.78,False,272.29,57.42,-0.33,,10568.94,6666,False,0,2025-06-30 23:13:37
a9b43f,AAL2949 ,United States,1751325216.0,1751325216,-75.3493,40.2847,2240.28,False,144.73,144.84,-8.13,,2331.72,1175,False,0,2025-06-30 23:13:37
a340c8,N309AG  ,United States,1751325216.0,1751325216,-77.9519,38.9926,1539.24,False,134.2,31.68,0.0,,1584.96,1752,False,0,2025-06-30 23:13:37
a340d2,ASA1097 ,United States,1751325216.0,1751325217,-122.319,47.3193,861.06,False,87.97,359.66,-6.83,,891.54,7642,False,0,2025-06-30 23:13:37
ac7c52,SWA3364 ,United States,1751324968.0,1751324970,-104.7333,39.841,1584.96,False,81.28,90.0,-5.2,,1668.78,3565,False,0,2025-06-30 23:13:37
344344,IBE03CC ,Spain,1751325217.0,1751325217,-77.5226,42.3292,11277.6,False,261.03,74.1,0.0,,11894.82,4661,False,0,2025-06-30 23:13:37
a6f17a,N54661  ,United States,1751325216.0,1751325217,-121.3068,38.335,1120.14,False,46.2,161.16,0.65,,1120.14,1200,False,0,2025-06-30 23:13:37
a8dadc,NOAA67  ,United States,1751325216.0,1751325216,-103.6122,39.5438,7620.0,False,137.15,109.05,0.0,,8061.96,,False,0,2025-06-30 23:13:37
ac212d,SWA3310 ,United States,1751325216.0,1751325216,-85.1362,34.1026,10972.8,False,242.53,286.51,-0.33,,11643.36,1071,False,0,2025-06-30 23:13:37
ad9ac9,JBU101  ,United States,1751325211.0,1751325211,-82.8303,25.4304,10363.2,False,233.25,282.87,0.0,,10949.94,,False,0,2025-06-30 23:13:37
ab0158,UAL2148 ,United States,1751325216.0,1751325216,-79.447,37.8206,9227.82,False,240.33,237.5,9.1,,9784.08,3735,False,0,2025-06-30 23:13:37
ad5457,,United States,1751325194.0,1751325194,-97.5052,39.6215,1828.8,False,92.82,258.81,-0.65,,2217.42,,False,0,2025-06-30 23:13:37
ac345f,CAP3686 ,United States,1751324907.0,1751324912,-123.2188,44.1109,160.02,False,33.95,0.0,-1.63,,121.92,,False,0,2025-06-30 23:13:37
ab014c,N808TP  ,United States,1751325170.0,1751325187,-123.042,46.5801,1371.6,False,60.8,132.6,-1.63,,1409.7,,False,0,2025-06-30 23:13:37
a28eb7,JSX109  ,United States,1751325215.0,1751325215,-116.78,34.8903,6553.2,False,213.25,255.33,-5.2,,6941.82,,False,0,2025-06-30 23:13:37
adfdbe,ROLER11 ,United States,1751325217.0,1751325217,-124.1809,48.3961,8229.6,False,160.92,137.33,0.0,,8557.26,,False,0,2025-06-30 23:13:37
a36825,JBU2080 ,United States,1751325215.0,1751325216,-78.4784,29.1864,10668.0,False,231.02,3.96,0.0,,11193.78,6601,False,0,2025-06-30 23:13:37
acddf8,EDV5250 ,United States,1751325217.0,1751325217,-78.7305,42.9375,,True,1.29,140.62,,,,2326,False,0,2025-06-30 23:13:37
a5d0be,N474J   ,United States,1751325215.0,1751325215,-113.0199,34.7122,6705.6,False,144.43,314.28,0.33,,7086.6,4107,False,0,2025-06-30 23:13:37
a04edb,AAL506  ,United States,1751325216.0,1751325217,-94.0016,37.6755,9738.36,False,225.57,294.81,-0.33,,10294.62,5716,False,0,2025-06-30 23:13:37
a12861,DAL939  ,United States,1751325216.0,1751325216,-108.5788,39.3854,10668.0,False,241.45,60.38,0.0,,11231.88,7371,False,0,2025-06-30 23:13:37
aaf488,N805AZ  ,United States,1751325217.0,1751325217,-117.9381,33.8076,1691.64,False,47.54,76.87,-0.33,,1706.88,,False,0,2025-06-30 23:13:37
ab1496,AAL1421 ,United States,1751325216.0,1751325216,-73.3966,39.973,9151.62,False,236.48,220.41,0.33,,9639.3,5715,False,0,2025-06-30 23:13:37
ac3477,DAL2772 ,United States,1751325216.0,1751325216,-84.1756,33.5971,891.54,False,95.95,295.74,-0.98,,929.64,2311,False,0,2025-06-30 23:13:37
acdde3,SWA540  ,United States,1751325216.0,1751325216,-112.6323,32.9492,11277.6,False,250.42,96.13,0.0,,11917.68,7670,False,0,2025-06-30 23:13:37
a6f0e3,N5462Q  ,United States,1751325206.0,1751325206,-121.0083,44.0245,2164.08,False,38.24,289.65,0.0,,2240.28,,False,0,2025-06-30 23:13:37
adb782,AAL845  ,United States,1751325217.0,1751325217,-74.9557,39.6166,2148.84,False,153.37,1.73,-8.45,,2247.9,3325,False,0,2025-06-30 23:13:37
a9d9f7,AAL730  ,United States,1751325216.0,1751325217,-80.0698,35.2991,6332.22,False,210.66,61.24,10.08,,6705.6,,False,0,2025-06-30 23:13:37
a9d9f2,ASA291  ,United States,1751325216.0,1751325216,-91.1465,39.7967,8305.8,False,221.91,151.47,-12.03,,8732.52,3505,False,0,2025-06-30 23:13:37
ac2154,SWA2832 ,United States,1751325216.0,1751325216,-82.9793,28.3804,3009.9,False,168.39,150.54,-2.6,,3185.16,2713,False,0,2025-06-30 23:13:37
abaadd,SWA1184 ,United States,1751325216.0,1751325216,-84.1816,32.6653,11582.4,False,229.22,345.31,0.0,,12252.96,6577,False,0,2025-06-30 23:13:37
aa3c86,N759LV  ,United States,1751325216.0,1751325216,-121.4483,47.6541,2743.2,False,64.41,93.21,0.33,,2887.98,1200,False,0,2025-06-30 23:13:37
a8ef5f,N675MA  ,United States,1751325216.0,1751325216,-109.3865,32.6673,8534.4,False,115.07,290.14,-0.98,,9014.46,,False,0,2025-06-30 23:13:37
a3a503,DAL2271 ,United States,1751325216.0,1751325216,-104.324,40.3138,4823.46,False,205.87,14.18,8.78,,5097.78,,False,0,2025-06-30 23:13:37
ab017b,VXP725  ,United States,1751325216.0,1751325216,-86.257,36.1497,3208.02,False,163.34,70.88,6.18,,3352.8,5667,False,0,2025-06-30 23:13:37
ac2173,SWA2927 ,United States,1751325216.0,1751325216,-81.0115,28.7864,2613.66,False,142.62,264.62,-7.48,,2773.68,6511,False,0,2025-06-30 23:13:37
a53ea4,N437RP  ,United States,1751325213.0,1751325214,-91.8265,34.5688,4389.12,False,105.18,247.57,0.33,,4625.34,1446,False,0,2025-06-30 23:13:37
a9d9ec,N734AE  ,United States,1751325216.0,1751325216,-80.1375,25.6643,266.7,False,53.56,16.17,-1.3,,289.56,,False,0,2025-06-30 23:13:37
a89f54,ASI148  ,United States,1751325216.0,1751325216,-112.3751,33.7742,1501.14,False,28.76,280.3,-1.3,,1501.14,1200,False,0,2025-06-30 23:13:37
ad4171,SKW5915 ,United States,1751325217.0,1751325217,-95.5325,41.1118,6294.12,False,206.73,258.66,-10.73,,6568.44,3212,False,0,2025-06-30 23:13:37
accaf4,SKW5068 ,United States,1751325217.0,1751325217,-90.8711,31.6856,7840.98,False,216.81,253.46,5.53,,8321.04,,False,0,2025-06-30 23:13:37
a28ee7,SWA8506 ,United States,1751325217.0,1751325217,-82.0483,32.971,10058.4,False,236.75,295.9,-0.33,,10637.52,2016,False,0,2025-06-30 23:13:37
adb77f,NKS2506 ,United States,1751325217.0,1751325217,-118.0456,33.6367,9410.7,False,236.7,132.36,-17.56,,9928.86,3673,False,0,2025-06-30 23:13:37
a5e3e4,EDV5232 ,United States,1751325216.0,1751325216,-73.8425,40.7623,327.66,False,80.8,151.48,12.03,,320.04,,False,0,2025-06-30 23:13:37
a16ee0,UAL2248 ,United States,1751325045.0,1751325045,-118.7128,40.0705,10668.0,False,257.43,61.08,0.0,,11186.16,6376,False,0,2025-06-30 23:13:37
aa4f70,N7633B  ,United States,1751325212.0,1751325212,-116.8735,32.8419,762.0,False,60.21,236.85,-3.25,,723.9,,False,0,2025-06-30 23:13:37
a09239,RPA4435 ,United States,1751325217.0,1751325217,-80.1176,39.521,11163.3,False,232.45,134.91,-10.4,,11811.0,3055,False,0,2025-06-30 23:13:37
a1beb8,MDS211  ,United States,1751325216.0,1751325216,-105.3611,31.1851,5501.64,False,130.36,307.14,3.25,,5798.82,,False,0,2025-06-30 23:13:37
ab39e3,SKW3564 ,United States,1751325216.0,1751325216,-85.8242,34.969,8831.58,False,239.66,130.73,-6.83,,9364.98,5421,False,0,2025-06-30 23:13:37
a90f3d,N683K   ,United States,1751325217.0,1751325217,-122.3965,45.4599,800.1,False,91.15,28.3,-4.88,,800.1,,False,0,2025-06-30 23:13:37
a6800a,KPO518  ,United States,1751325178.0,1751325178,-73.8059,42.7731,190.5,False,49.92,178.23,-1.95,,167.64,2562,False,0,2025-06-30 23:13:37
ad474c,DAL2803 ,United States,1751325210.0,1751325210,-84.442,33.6339,,True,4.63,33.75,,,,5611,False,0,2025-06-30 23:13:37
a3204f,N300LC  ,United States,1751325217.0,1751325217,-96.9114,32.2131,1645.92,False,51.8,145.52,-1.63,,1714.5,,False,0,2025-06-30 23:13:37
a0c06b,N148AC  ,United States,1751325216.0,1751325216,-118.603,34.0363,556.26,False,53.11,273.89,-4.55,,518.16,,False,0,2025-06-30 23:13:37
a20072,N228TR  ,United States,1751325217.0,1751325217,-73.1571,41.5934,990.6,False,53.5,180.0,-8.13,,1005.84,,False,0,2025-06-30 23:13:37
a3338c,SKW3831 ,United States,1751325216.0,1751325216,-80.9503,40.5628,4777.74,False,161.7,272.55,8.45,,5006.34,7451,False,0,2025-06-30 23:13:37
ac5ab7,SWA990  ,United States,1751325216.0,1751325216,-81.2044,32.1304,,True,11.83,270.0,,,,,False,0,2025-06-30 23:13:37
abe101,SWA991  ,United States,1751325217.0,1751325217,-90.2908,29.9988,22.86,False,80.0,105.29,-3.9,,38.1,6541,False,0,2025-06-30 23:13:37
a5d668,UAL2018 ,United States,1751325155.0,1751325157,-81.8459,41.4173,289.56,False,77.79,230.1,-3.58,,236.22,3003,False,0,2025-06-30 23:13:37
a6932d,N5223R  ,United States,1751325186.0,1751325188,-80.2932,25.9125,0.0,False,37.1,86.82,-2.6,,15.24,,False,0,2025-06-30 23:13:37
a9b958,N7256Q  ,United States,1751325216.0,1751325216,-90.7577,33.7554,121.92,False,46.81,180.0,4.88,,106.68,7304,False,0,2025-06-30 23:13:37
acbdae,N92VB   ,United States,1751325213.0,1751325213,-123.0509,44.4592,1188.72,False,71.26,198.96,0.0,,1219.2,,False,0,2025-06-30 23:13:37
a70333,ASA1257 ,United States,1751325216.0,1751325216,-122.1068,47.3439,4107.18,False,186.34,173.66,10.08,,4274.82,1636,False,0,2025-06-30 23:13:37
a2004b,N228SB  ,United States,1751325217.0,1751325217,-98.0033,35.9777,9075.42,False,250.32,87.17,-5.53,,9616.44,,False,0,2025-06-30 23:13:37
4079cd,VIR36VL ,United Kingdom,1751325217.0,1751325217,-77.3339,35.8499,11887.2,False,240.72,38.14,0.33,,12550.14,4176,False,0,2025-06-30 23:13:37
c025fc,JZA766  ,Canada,1751325216.0,1751325216,-117.595,33.243,5227.32,False,178.54,138.27,-11.7,,5471.16,7057,False,0,2025-06-30 23:13:37
aa1abe,N750HF  ,United States,1751325216.0,1751325216,-116.5129,34.8047,6103.62,False,209.82,246.14,-0.33,,6423.66,,False,0,2025-06-30 23:13:37
ac1466,DAL533  ,United States,1751325216.0,1751325216,-119.2526,47.5431,9867.9,False,251.07,90.7,4.23,,10279.38,1547,False,0,2025-06-30 23:13:37
a33377,N305SB  ,United States,1751325216.0,1751325216,-117.2326,34.1104,487.68,False,43.44,71.35,1.63,,449.58,,False,0,2025-06-30 23:13:37
a2005a,SIS28   ,United States,1751325216.0,1751325216,-103.5179,42.1927,12192.0,False,229.83,284.25,-0.65,,12748.26,5650,False,0,2025-06-30 23:13:37
ad7ab8,JBU1200 ,United States,1751325216.0,1751325216,-101.673,30.8603,10050.78,False,240.02,79.0,0.0,,10675.62,1070,False,0,2025-06-30 23:13:37
a81000,UAL1635 ,United States,1751325216.0,1751325216,-91.4899,34.2074,10058.4,False,248.92,70.82,0.0,,10660.38,7663,False,0,2025-06-30 23:13:37
a81001,UAL2347 ,United States,1751325217.0,1751325217,-103.9504,42.177,11277.6,False,242.64,83.91,0.0,,11833.86,2462,False,0,2025-06-30 23:13:37
a5d68e,N47537  ,United States,1751325216.0,1751325216,-70.8922,42.8948,609.6,False,69.79,18.03,0.65,,624.84,,False,0,2025-06-30 23:13:37
ac0143,SWA3846 ,United States,1751325217.0,1751325217,-101.9013,30.8028,11277.6,False,246.44,90.84,-0.33,,11971.02,7731,False,0,2025-06-30 23:13:37
a81006,UAL1001 ,United States,1751325183.0,1751325183,-83.6438,45.7629,9144.0,False,196.22,237.31,-0.33,,9486.9,3523,False,0,2025-06-30 23:13:37
a5d68a,UAL1820 ,United States,1751325216.0,1751325216,-77.9195,33.6822,10058.4,False,234.85,345.02,0.0,,10629.9,,False,0,2025-06-30 23:13:37
c06e87,ACA375  ,Canada,1751325114.0,1751325115,-73.7462,45.4616,,True,5.4,284.06,,,,,False,0,2025-06-30 23:13:37
a87cbb,NKS2262 ,United States,1751325216.0,1751325216,-88.5465,31.4083,10988.04,False,238.27,268.52,0.33,,11666.22,2120,False,0,2025-06-30 23:13:37
a7bff9,N599MR  ,United States,1751325207.0,1751325207,-94.3994,38.1753,2720.34,False,87.16,172.54,0.0,,2834.64,,False,0,2025-06-30 23:13:37
ac5ada,SWA2523 ,United States,1751325216.0,1751325216,-77.8326,38.6446,5890.26,False,202.39,87.38,-10.73,,6217.92,1572,False,0,2025-06-30 23:13:37
c012bd,WJA1591 ,Canada,1751325216.0,1751325217,-90.6527,41.5934,10972.8,False,225.93,316.01,0.0,,11483.34,3211,False,0,2025-06-30 23:13:37
a4798f,FFT3109 ,United States,1751325216.0,1751325216,-90.7267,34.1599,11574.78,False,228.39,246.78,0.0,,12268.2,6073,False,0,2025-06-30 23:13:37
aa974f,SWA459  ,United States,1751325217.0,1751325217,-84.3958,31.1776,11887.2,False,241.27,180.12,0.0,,12557.76,2547,False,0,2025-06-30 23:13:37
abe147,SWA206  ,United States,1751325217.0,1751325217,-93.0479,39.961,11277.6,False,252.95,69.65,0.33,,11826.24,,False,0,2025-06-30 23:13:37
a2be06,AAY2728 ,United States,1751325217.0,1751325217,-95.9671,30.4961,8229.6,False,238.32,32.66,4.88,,8740.14,2577,False,0,2025-06-30 23:13:37
acaae3,SKW5828 ,United States,1751325206.0,1751325214,-87.9308,41.9743,,True,0.0,264.38,,,,,False,0,2025-06-30 23:13:37
a3effe,N353AM  ,United States,1751324935.0,1751324935,-74.8711,42.4461,792.48,False,59.22,251.25,-1.3,,792.48,,False,0,2025-06-30 23:13:37
a5d623,UAL668  ,United States,1751325075.0,1751325130,-92.4286,27.5592,10363.2,False,238.06,320.88,0.0,,11003.28,,False,0,2025-06-30 23:13:37
c038ca,ACA826  ,Canada,1751325216.0,1751325216,-79.6342,43.6899,,True,6.43,326.25,,,,2263,False,0,2025-06-30 23:13:37
a1e08d,N22VK   ,United States,1751325216.0,1751325217,-122.3095,46.5121,5455.92,False,205.26,180.14,-12.03,,5669.28,4671,False,0,2025-06-30 23:13:37
a358a5,N3144V  ,United States,1751325216.0,1751325216,-122.286,38.1998,243.84,False,35.59,184.14,4.23,,190.5,,False,0,2025-06-30 23:13:37
a5864b,N455SM  ,United States,1751325216.0,1751325217,-78.9426,38.4538,12192.0,False,238.19,199.3,-0.33,,12877.8,1011,False,0,2025-06-30 23:13:37
a0f8cb,UCA4890 ,United States,1751325217.0,1751325217,-83.8665,35.9767,1219.2,False,107.34,133.64,-2.6,,1257.3,3264,False,0,2025-06-30 23:13:37
a57339,MVK92   ,United States,1751325033.0,1751325049,-94.1464,44.1265,1371.6,False,68.57,244.2,-0.65,,1348.74,,False,0,2025-06-30 23:13:37
ac5afd,SWA4721 ,United States,1751325215.0,1751325216,-109.9561,33.925,11277.6,False,246.03,110.82,-0.33,,11932.92,1062,False,0,2025-06-30 23:13:37
a4fcd4,N420NJ  ,United States,1751325216.0,1751325216,-81.1552,33.9084,762.0,False,98.3,253.27,15.28,,708.66,,False,0,2025-06-30 23:13:37
a5d648,UAL1020 ,United States,1751325158.0,1751325158,-94.2401,28.4195,8046.72,False,247.74,120.72,3.9,,7924.8,2546,False,0,2025-06-30 23:13:37
a9da71,N734FN  ,United States,1751325074.0,1751325074,-122.8564,46.8178,906.78,False,53.24,185.55,-0.33,,937.26,,False,0,2025-06-30 23:13:37
a9da5c,N734ES  ,United States,1751325216.0,1751325216,-117.0555,33.6932,1036.32,False,41.81,145.53,2.93,,1021.08,,False,0,2025-06-30 23:13:37
a118d5,N17WN   ,United States,1751325216.0,1751325217,-83.3145,42.6679,746.76,False,57.7,266.93,-2.93,,693.42,,False,0,2025-06-30 23:13:37
a8ba8d,N66119  ,United States,1751325217.0,1751325217,-123.1273,45.2107,243.84,False,27.34,11.94,3.25,,205.74,,False,0,2025-06-30 23:13:37
a9ed9d,N739MR  ,United States,1751325217.0,1751325217,-123.8506,45.7536,1943.1,False,53.0,268.89,-0.33,,2004.06,,False,0,2025-06-30 23:13:37
ad2169,N945TE  ,United States,1751325184.0,1751325207,-86.3328,36.0414,548.64,False,52.45,21.28,2.93,,548.64,1200,False,0,2025-06-30 23:13:37
a76fe9,ASA1358 ,United States,1751325216.0,1751325217,-122.6444,45.9624,8915.4,False,232.0,349.91,-13.66,,9311.64,3750,False,0,2025-06-30 23:13:37
a93061,N691W   ,United States,1751325213.0,1751325214,-122.7922,45.2319,304.8,False,43.48,190.91,-4.55,,243.84,,False,0,2025-06-30 23:13:37
aae703,N801QS  ,United States,1751325216.0,1751325216,-79.4356,25.7562,12816.84,False,227.24,39.67,4.55,,13388.34,,False,0,2025-06-30 23:13:37
a37b0c,AAL2035 ,United States,1751325216.0,1751325217,-101.3763,30.8983,10972.8,False,228.3,261.58,0.0,,11650.98,7610,True,0,2025-06-30 23:13:37
ab070f,N81AM   ,United States,1751324922.0,1751324922,-91.5437,41.6441,220.98,False,5.14,323.13,1.3,,182.88,,False,0,2025-06-30 23:13:37
a345b9,N31NW   ,United States,1751325139.0,1751325143,-112.7868,34.9233,4358.64,False,88.9,280.33,-1.95,,4632.96,,False,0,2025-06-30 23:13:37
adde95,JBU220  ,United States,1751325217.0,1751325217,-97.6945,40.8307,10675.62,False,262.07,82.44,-0.33,,11170.92,7205,False,0,2025-06-30 23:13:37
a105ff,N165TW  ,United States,1751325216.0,1751325216,-118.3257,33.7928,220.98,False,34.1,281.31,0.0,,160.02,,False,0,2025-06-30 23:13:37
ac2706,UAL431  ,United States,1751325210.0,1751325210,-113.4369,38.4133,11567.16,False,226.27,266.48,-0.33,,12184.38,,False,0,2025-06-30 23:13:37
a4b5b6,SKW3383 ,United States,1751325215.0,1751325216,-120.6789,35.1382,3307.08,False,147.51,141.37,7.15,,3436.62,,False,0,2025-06-30 23:13:37
a3a8ef,FFT3871 ,United States,1751325211.0,1751325214,-112.1933,36.9831,9982.2,False,227.71,149.15,-4.55,,10530.84,,False,0,2025-06-30 23:13:37
a63e1b,N501ER  ,United States,1751325217.0,1751325217,-118.4276,34.2735,457.2,False,28.99,152.53,1.95,,396.24,,False,0,2025-06-30 23:13:37
a095f0,RPA4495 ,United States,1751325216.0,1751325216,-86.0803,36.2388,4251.96,False,187.6,70.62,2.93,,4472.94,1605,False,0,2025-06-30 23:13:37
a50b0e,LXJ424  ,United States,1751325216.0,1751325216,-72.5489,41.4303,5189.22,False,176.06,79.05,0.0,,5448.3,3045,False,0,2025-06-30 23:13:37
a0f8f1,UCA4814 ,United States,1751325187.0,1751325187,-90.7729,32.263,3611.88,False,177.59,74.72,-9.75,,3977.64,2523,True,0,2025-06-30 23:13:37
a01b56,DAL524  ,United States,1751325216.0,1751325216,-80.6683,37.8106,10683.24,False,242.11,85.25,0.0,,11315.7,3152,True,0,2025-06-30 23:13:37
c038a3,ACA847  ,Canada,1751325115.0,1751325115,-73.762,45.4604,,True,0.0,78.75,,,,2516,False,0,2025-06-30 23:13:37
aa716b,N772KW  ,United States,1751325215.0,1751325215,-80.2692,26.8023,2240.28,False,65.16,5.89,-0.33,,2362.2,,False,0,2025-06-30 23:13:37
c0003e,,Canada,1751325217.0,1751325217,-78.8278,44.4269,7810.5,False,201.28,194.96,-9.43,,8168.64,4301,False,0,2025-06-30 23:13:37
a87cf9,QXE2020 ,United States,1751325216.0,1751325216,-121.1349,45.5276,5341.62,False,177.49,270.5,-9.75,,5631.18,,False,0,2025-06-30 23:13:37
aae73b,SCX503  ,United States,1751325216.0,1751325216,-95.2269,42.0739,11582.4,False,219.47,202.9,0.33,,12054.84,,False,0,2025-06-30 23:13:37
a6e361,DAL671  ,United States,1751324906.0,1751324913,-110.8281,41.1348,7543.8,False,202.26,68.98,5.2,,7978.14,0562,False,0,2025-06-30 23:13:37
020122,RAM208M ,Morocco,1751325216.0,1751325216,-70.6689,45.9984,10690.86,False,222.58,266.82,-13.0,,11201.4,2531,False,0,2025-06-30 23:13:37
020121,RAM218W ,Morocco,1751325217.0,1751325217,-76.552,36.9858,7620.0,False,227.83,283.85,-0.33,,8077.2,5612,False,0,2025-06-30 23:13:37
aae757,UAL793C ,United States,1751325217.0,1751325217,-88.7873,37.7243,10972.8,False,220.01,183.22,0.0,,11620.5,1330,False,0,2025-06-30 23:13:37
ab0777,N81ER   ,United States,1751325216.0,1751325216,-94.6395,41.5286,13716.0,False,229.28,77.43,-0.33,,14234.16,3751,False,0,2025-06-30 23:13:37
ab0779,N81ET   ,United States,1751325216.0,1751325216,-77.7423,41.3079,2438.4,False,127.45,320.08,0.0,,2499.36,2656,False,0,2025-06-30 23:13:37
a9eca5,N739BT  ,United States,1751325216.0,1751325216,-122.2693,47.8591,426.72,False,35.54,337.89,-0.65,,449.58,,False,0,2025-06-30 23:13:37
a8103e,ASA140  ,United States,1751325217.0,1751325217,-122.8122,47.997,5646.42,False,187.39,148.93,-9.43,,5928.36,4114,False,0,2025-06-30 23:13:37
a95665,AAL1317 ,United States,1751325217.0,1751325217,-86.3077,39.1619,5288.28,False,199.18,173.92,6.5,,5516.88,,False,0,2025-06-30 23:13:37
a37b1c,SKW3589 ,United States,1751325216.0,1751325217,-119.7385,39.2743,10363.2,False,237.75,349.91,-0.65,,10866.12,0637,False,0,2025-06-30 23:13:37
a1f2b1,UAL40   ,United States,1751325216.0,1751325216,-67.604,43.3746,10058.4,False,270.47,66.46,0.0,,10576.56,1525,False,0,2025-06-30 23:13:37
ac6de4,N90LY   ,United States,1751325217.0,1751325217,-121.3875,44.1541,2476.5,False,87.35,285.02,6.83,,2583.18,,False,0,2025-06-30 23:13:37
a25b3f,ASA432  ,United States,1751325216.0,1751325216,-100.6914,31.0243,10668.0,False,243.46,79.28,0.0,,11315.7,1362,False,0,2025-06-30 23:13:37
ad4747,AAL1681 ,United States,1751325216.0,1751325216,-97.0544,32.9578,426.72,False,73.05,179.6,-2.28,,419.1,0731,False,0,2025-06-30 23:13:37
ad4744,ASA598  ,United States,1751325160.0,1751325160,-87.9077,41.9716,,True,5.66,92.81,,,,1401,False,0,2025-06-30 23:13:37
a93019,N691TC  ,United States,1751325216.0,1751325216,-85.4638,38.3224,937.26,False,46.58,239.47,1.3,,922.02,,False,0,2025-06-30 23:13:37
a5b078,LXJ466  ,United States,1751325216.0,1751325216,-80.1085,44.2479,7307.58,False,202.92,190.37,10.4,,7620.0,2222,False,0,2025-06-30 23:13:37
acbe3c,DAL3101 ,United States,1751325216.0,1751325216,-83.9391,34.0186,3390.9,False,148.88,227.1,-3.9,,3566.16,5225,False,0,2025-06-30 23:13:37
a9ee0d,N739SC  ,United States,1751325217.0,1751325217,-104.5818,39.8084,1775.46,False,42.58,205.02,-1.63,,1851.66,,False,0,2025-06-30 23:13:37
ab4e87,N8279Z  ,United States,1751325215.0,1751325215,-122.0887,47.1387,815.34,False,69.99,245.7,-1.63,,845.82,,False,0,2025-06-30 23:13:37
a51e9b,N429RX  ,United States,1751324936.0,1751324938,-114.7925,35.4324,1684.02,False,56.14,138.72,-0.65,,1722.12,,False,0,2025-06-30 23:13:37
a9ee38,N739TW  ,United States,1751325216.0,1751325216,-122.1121,37.4581,0.0,False,4.24,14.04,0.0,,-30.48,,False,0,2025-06-30 23:13:37
780a70,CPA3295 ,China,1751325216.0,1751325216,-73.678,44.4208,10668.0,False,250.0,350.29,0.0,,11201.4,1714,False,0,2025-06-30 23:13:37
a9db01,N734MG  ,United States,1751325216.0,1751325216,-80.4928,27.8081,1767.84,False,46.37,160.56,0.33,,1897.38,1653,False,0,2025-06-30 23:13:37
ad7b17,AAL1747 ,United States,1751325217.0,1751325217,-87.8894,41.1444,6278.88,False,221.26,178.8,8.78,,6553.2,6276,False,0,2025-06-30 23:13:37
ac5b43,SWA154  ,United States,1751325216.0,1751325216,-91.731,35.2591,10363.2,False,227.62,212.54,0.0,,10995.66,3512,False,0,2025-06-30 23:13:37
a2ab73,AAY3067 ,United States,1751325217.0,1751325217,-86.3033,34.4289,10370.82,False,237.75,24.96,0.0,,11003.28,0711,False,0,2025-06-30 23:13:37
a38e8e,N3281L  ,United States,1751325207.0,1751325207,-77.041,38.6267,609.6,False,27.54,212.8,2.6,,579.12,5114,False,0,2025-06-30 23:13:37
a4eb8d,N416MR  ,United States,1751325217.0,1751325217,-122.7417,46.496,2529.84,False,71.79,154.54,7.15,,2628.9,,False,0,2025-06-30 23:13:37
c06cda,WJA437  ,Canada,1751324941.0,1751324948,-79.6182,43.684,205.74,True,0.64,250.31,,,,2271,False,0,2025-06-30 23:13:37
a452c4,DAL832  ,United States,1751325216.0,1751325216,-77.7194,37.3671,6705.6,False,199.36,44.37,0.65,,7109.46,1775,False,0,2025-06-30 23:13:37
a968df,DAL668  ,United States,1751325217.0,1751325217,-95.6906,38.5707,11277.6,False,252.38,100.1,-0.33,,11856.72,1712,False,0,2025-06-30 23:13:37
a46705,CXK244  ,United States,1751325216.0,1751325216,-80.6505,35.5978,906.78,False,50.28,221.68,0.33,,914.4,,False,0,2025-06-30 23:13:37
a34729,DAL1098 ,United States,1751325217.0,1751325217,-74.527,45.2135,9745.98,False,231.82,350.16,-0.33,,10203.18,1376,False,0,2025-06-30 23:13:37
4bb0ec,THY81D  ,Turkey,1751325216.0,1751325217,-69.0436,43.074,8938.26,False,215.64,241.97,-6.18,,9387.84,0736,False,0,2025-06-30 23:13:37
a02dda,SKW5773 ,United States,1751325040.0,1751325040,-106.3259,39.7331,5204.46,False,178.53,235.21,-5.2,,5532.12,5104,False,0,2025-06-30 23:13:37
a0e751,UAL1934 ,United States,1751325216.0,1751325216,-90.6499,34.7104,10668.0,False,251.73,45.0,-11.7,,11300.46,2401,False,0,2025-06-30 23:13:37
adde4c,N993FG  ,United States,1751325216.0,1751325216,-78.961,35.8809,1059.18,False,64.78,67.1,0.0,,1074.42,,False,0,2025-06-30 23:13:37
a715a6,N5559W  ,United States,1751325216.0,1751325216,-107.5898,42.3769,7315.2,False,132.54,312.48,0.0,,7696.2,,False,0,2025-06-30 23:13:37
acab3f,,United States,1751325139.0,1751325139,-106.6152,35.0478,,True,0.0,180.0,,,,,False,0,2025-06-30 23:13:37
a5d5ae,SWA2913 ,United States,1751325216.0,1751325216,-74.62,39.6752,8138.16,False,225.91,225.65,6.83,,8595.36,7157,False,0,2025-06-30 23:13:37
a968bb,SKW6304 ,United States,1751325217.0,1751325217,-97.0259,32.9252,251.46,False,62.25,180.47,-2.93,,220.98,5220,False,0,2025-06-30 23:13:37
a572af,LXJ450  ,United States,1751325148.0,1751325213,-118.4879,34.2046,,True,0.0,216.56,,,,,False,0,2025-06-30 23:13:37
ad7b4d,EJA968  ,United States,1751325216.0,1751325217,-122.1901,47.378,967.74,False,95.06,354.72,-5.2,,982.98,7055,False,0,2025-06-30 23:13:37
a49b8d,N39609  ,United States,1751325216.0,1751325216,-93.107,42.4553,1097.28,False,48.82,241.0,-0.98,,1097.28,,False,0,2025-06-30 23:13:37
ad7b7c,N968SP  ,United States,1751325209.0,1751325211,-96.4042,42.7806,2095.5,False,74.21,163.07,0.0,,2156.46,4555,False,0,2025-06-30 23:13:37
a51e7d,EJA429  ,United States,1751325216.0,1751325216,-86.8879,33.527,2133.6,False,141.29,242.22,16.26,,2247.9,,False,0,2025-06-30 23:13:37
c07fe9,WJA328  ,Canada,1751325217.0,1751325217,-75.8236,44.871,10988.04,False,262.83,69.97,4.23,,11513.82,0515,False,0,2025-06-30 23:13:37
4bb0e3,THY79K  ,Turkey,1751325216.0,1751325217,-121.388,39.167,11582.4,False,241.79,233.13,0.0,,12138.66,3361,False,0,2025-06-30 23:13:37
aa2e0b,EJA755  ,United States,1751325215.0,1751325216,-112.038,37.1877,13098.78,False,239.82,241.84,0.33,,13776.96,1351,False,0,2025-06-30 23:13:37
a6f5b5,ASA773  ,United States,1751325217.0,1751325217,-119.6631,36.2969,11277.6,False,223.4,172.99,0.0,,11856.72,1644,False,0,2025-06-30 23:13:37
a98b8b,N714GM  ,United States,1751325216.0,1751325216,-86.9722,35.9598,777.24,False,53.89,200.68,4.88,,792.48,,False,0,2025-06-30 23:13:37
abf396,SWA417  ,United States,1751324983.0,1751325003,-84.4339,33.641,,True,6.94,180.0,,,,0414,False,0,2025-06-30 23:13:37
ac0094,SWA964  ,United States,1751325178.0,1751325207,-92.1332,32.0495,10363.2,False,230.89,260.77,0.0,,11003.28,1423,False,0,2025-06-30 23:13:37
a5d713,UAL1845 ,United States,1751325216.0,1751325216,-84.3195,39.0074,9753.6,False,222.25,270.53,0.33,,10317.48,6551,False,0,2025-06-30 23:13:37
a0d456,N15222  ,United States,1751325152.0,1751325152,-84.1313,38.78,1059.18,False,59.78,326.58,0.33,,1043.94,,False,0,2025-06-30 23:13:37
a51dc0,N429HC  ,United States,1751325217.0,1751325217,-71.1912,42.3679,365.76,False,58.46,245.01,1.3,,365.76,,False,0,2025-06-30 23:13:37
a22752,NIT238  ,United States,1751325096.0,1751325125,-83.1631,32.1162,647.7,False,54.5,19.29,-0.65,,594.36,,False,0,2025-06-30 23:13:37
a19107,N20PZ   ,United States,1751325217.0,1751325217,-123.2504,44.1093,2606.04,False,79.14,285.84,0.0,,2720.34,,False,0,2025-06-30 23:13:37
ad2095,JBU387  ,United States,1751325216.0,1751325216,-102.0606,40.4059,10363.2,False,226.71,256.22,0.0,,10904.22,1356,False,0,2025-06-30 23:13:37
ae537b,R20374  ,United States,1751325115.0,1751325115,-97.3206,32.6078,441.96,False,64.34,358.17,-0.33,,434.34,,False,0,2025-06-30 23:13:37
a22768,N238ND  ,United States,1751325217.0,1751325217,-71.2952,42.5101,701.04,False,47.89,320.67,2.93,,701.04,,False,0,2025-06-30 23:13:37
a98b7b,N714FW  ,United States,1751325216.0,1751325216,-97.4232,32.9232,487.68,False,43.98,335.83,2.28,,495.3,,False,0,2025-06-30 23:13:37
a9db63,N734RE  ,United States,1751325216.0,1751325216,-117.2769,32.9777,899.16,False,32.48,273.63,-3.58,,876.3,,False,0,2025-06-30 23:13:37
a69418,JIA5316 ,United States,1751325216.0,1751325217,-95.1751,32.2576,8397.24,False,232.33,262.75,-10.73,,8907.78,7203,False,0,2025-06-30 23:13:37
a21432,FFT3122 ,United States,1751325212.0,1751325215,-88.6202,32.195,10058.4,False,243.91,88.67,0.33,,10690.86,2513,False,0,2025-06-30 23:13:37
a4fdc2,N420XX  ,United States,1751325204.0,1751325204,-87.855,32.3283,7010.4,False,163.92,93.6,0.65,,7406.64,,False,0,2025-06-30 23:13:37
a2274d,N238MB  ,United States,1751325216.0,1751325216,-96.6352,35.08,3025.14,False,89.04,63.58,0.0,,3169.92,,False,0,2025-06-30 23:13:37
a8bb84,N6619A  ,United States,1751324911.0,1751324911,-122.9474,45.5357,,True,7.72,180.0,,,,,False,0,2025-06-30 23:13:37
a56107,N446BG  ,United States,1751325217.0,1751325217,-89.7287,43.8187,3070.86,False,71.36,241.59,0.0,,3108.96,,False,0,2025-06-30 23:13:37
780a18,CPA882  ,China,1751325216.0,1751325216,-122.8797,37.2604,10668.0,False,253.07,116.57,0.0,,11148.06,1401,False,0,2025-06-30 23:13:37
ac38d6,N887LF  ,United States,1751325201.0,1751325216,-115.4539,36.4236,1828.8,False,81.59,338.94,5.2,,1866.9,,False,0,2025-06-30 23:13:37
a1f46c,NSH225  ,United States,1751325216.0,1751325216,-96.4288,41.2696,12192.0,False,215.24,247.66,0.33,,12725.4,5630,False,0,2025-06-30 23:13:37
abe09a,SWA1929 ,United States,1751325217.0,1751325217,-92.4471,37.991,10668.0,False,251.34,95.87,0.33,,11262.36,,False,0,2025-06-30 23:13:37
a6f5fc,DAL1876 ,United States,1751325216.0,1751325216,-116.8511,33.1617,6507.48,False,195.88,279.98,-9.75,,6873.24,,False,0,2025-06-30 23:13:37
a822d1,EJA623  ,United States,1751325217.0,1751325217,-113.2404,35.1309,8839.2,False,236.55,115.51,0.33,,9334.5,4677,False,0,2025-06-30 23:13:37
a822d6,QXE2144 ,United States,1751325216.0,1751325216,-117.8499,46.7308,10972.8,False,204.3,243.37,-0.33,,11414.76,,False,0,2025-06-30 23:13:37
a8ce4f,AAL1375 ,United States,1751325216.0,1751325216,-81.0215,35.1353,1356.36,False,136.66,250.88,17.23,,1417.32,,False,0,2025-06-30 23:13:37
a9db19,N734NF  ,United States,1751325216.0,1751325217,-117.2923,33.1263,213.36,False,34.0,259.54,1.95,,175.26,,False,0,2025-06-30 23:13:37
ad45a4,AAL757  ,United States,1751325217.0,1751325217,-121.7726,46.7439,7711.44,False,218.33,159.3,2.93,,8061.96,1652,False,0,2025-06-30 23:13:37
a955e5,N700PT  ,United States,1751325216.0,1751325216,-118.9175,37.6893,7620.0,False,126.17,182.57,-0.33,,8016.24,,False,0,2025-06-30 23:13:37
a1e132,MXY149  ,United States,1751325216.0,1751325216,-87.0168,30.9672,9098.28,False,214.57,67.74,5.2,,9646.92,2770,False,0,2025-06-30 23:13:37
a13af4,DAL679  ,United States,1751325216.0,1751325217,-104.8896,43.2748,10972.8,False,226.58,260.2,0.0,,11513.82,1033,False,0,2025-06-30 23:13:37
a37ab5,AAY1325 ,United States,1751325217.0,1751325217,-81.591,32.7899,11277.6,False,230.09,332.58,0.0,,11932.92,7173,False,0,2025-06-30 23:13:37
a99e73,N719KX  ,United States,1751325217.0,1751325217,-95.9314,33.1402,7581.9,False,191.85,67.29,10.4,,8054.34,0571,False,0,2025-06-30 23:13:37
a3475e,FFT688  ,United States,1751325216.0,1751325216,-80.5538,38.1167,10668.0,False,241.67,74.19,-0.33,,11308.08,1414,False,0,2025-06-30 23:13:37
a4b70e,N40242  ,United States,1751325214.0,1751325215,-94.4924,39.1358,1127.76,False,58.71,151.19,3.9,,1181.1,,False,0,2025-06-30 23:13:37
ab05f2,N8092H  ,United States,1751325217.0,1751325217,-71.444,42.6987,762.0,False,47.29,149.25,0.98,,762.0,1200,False,0,2025-06-30 23:13:37
ab05f7,N8092N  ,United States,1751325216.0,1751325216,-73.9354,42.7202,1402.08,False,40.13,180.73,2.93,,1417.32,,False,0,2025-06-30 23:13:37
a2012d,N22803  ,United States,1751325217.0,1751325217,-96.4015,32.5549,746.76,False,51.9,252.1,0.0,,762.0,1200,False,0,2025-06-30 23:13:37
ac5b20,SWA3515 ,United States,1751325216.0,1751325216,-103.7846,38.2349,11590.02,False,225.76,262.41,-0.33,,12199.62,,False,0,2025-06-30 23:13:37
a86ab5,UAL20   ,United States,1751325216.0,1751325216,-88.4146,36.2685,10058.4,False,258.88,39.19,0.0,,10645.14,4051,False,0,2025-06-30 23:13:37
a6f777,DAL624  ,United States,1751325217.0,1751325217,-90.0996,31.6385,10668.0,False,233.29,55.78,0.0,,11292.84,4250,False,0,2025-06-30 23:13:37
a44169,UAL1302 ,United States,1751325106.0,1751325106,-107.0909,39.2169,9144.0,False,235.15,229.97,-0.33,,9677.4,6576,False,0,2025-06-30 23:13:37
a5613e,N446DM  ,United States,1751325216.0,1751325216,-70.5999,43.7947,1363.98,False,81.73,104.21,-3.25,,1386.84,,False,0,2025-06-30 23:13:37
a3cafe,N3431R  ,United States,1751325217.0,1751325217,-117.668,34.1106,609.6,False,34.99,342.9,-3.9,,579.12,0715,False,0,2025-06-30 23:13:37
a82449,N6234C  ,United States,1751325217.0,1751325217,-97.3896,38.8699,1013.46,False,54.54,181.08,0.33,,1043.94,,False,0,2025-06-30 23:13:37
a6e441,AVL121  ,United States,1751325216.0,1751325216,-77.6202,38.6769,929.64,False,43.39,259.76,0.65,,937.26,,False,0,2025-06-30 23:13:37
a4eae7,KOW416  ,United States,1751325216.0,1751325216,-75.0111,39.3773,9418.32,False,225.54,225.37,7.15,,9966.96,2720,False,0,2025-06-30 23:13:37
ac1563,N878PR  ,United States,1751325216.0,1751325216,-95.9294,43.8447,6568.44,False,137.49,70.55,6.18,,6797.04,0124,False,0,2025-06-30 23:13:37
a70463,DAL1150 ,United States,1751325216.0,1751325216,-81.3959,30.1181,10058.4,False,218.68,358.92,0.0,,10614.66,7337,False,0,2025-06-30 23:13:37
ad2218,N9450E  ,United States,1751325216.0,1751325217,-119.1697,34.1984,2133.6,False,40.36,258.98,2.28,,2202.18,,False,0,2025-06-30 23:13:37
ad4873,AAL1184 ,United States,1751325216.0,1751325216,-86.8214,41.8284,3680.46,False,183.61,350.48,-2.6,,3802.38,3407,False,0,2025-06-30 23:13:37
ac5bf6,DAL2312 ,United States,1751325217.0,1751325217,-80.4628,38.8009,10058.4,False,248.02,69.99,0.33,,10652.76,2224,False,0,2025-06-30 23:13:37
4bb145,THY5KM  ,Turkey,1751325216.0,1751325216,-89.4412,34.6706,10972.8,False,244.86,226.11,0.0,,11650.98,6023,False,0,2025-06-30 23:13:37
c013d4,AKT162  ,Canada,1751325206.0,1751325206,-73.7325,45.4645,,True,36.01,222.19,,,,,False,0,2025-06-30 23:13:37
a9edb0,NKS2562 ,United States,1751325207.0,1751325213,-78.522,30.4097,10050.78,False,224.99,7.09,0.0,,10591.8,7420,False,0,2025-06-30 23:13:37
ad7bdf,SWA4119 ,United States,1751325216.0,1751325217,-86.5517,35.5038,12496.8,False,225.99,152.03,0.0,,13182.6,4042,False,0,2025-06-30 23:13:37
a37afc,N323RR  ,United States,1751325216.0,1751325216,-118.4514,34.2474,2773.68,False,159.0,9.31,15.28,,2865.12,,False,0,2025-06-30 23:13:37
a3a9a3,DAL1817 ,United States,1751325217.0,1751325217,-93.3592,44.7894,2095.5,False,152.5,176.91,15.93,,2141.22,,False,0,2025-06-30 23:13:37
abf57a,N87RF   ,United States,1751325134.0,1751325134,-69.5714,44.0417,845.82,False,67.77,254.59,0.0,,1005.84,,False,0,2025-06-30 23:13:37
ad3581,JBU58   ,United States,1751325216.0,1751325217,-75.9571,36.9911,10660.38,False,232.6,29.12,0.0,,11277.6,0741,False,0,2025-06-30 23:13:37
a37af8,AAL505  ,United States,1751325203.0,1751325203,-80.3297,25.7854,68.58,False,79.82,87.41,-3.9,,121.92,,False,0,2025-06-30 23:13:37
a7addf,N594SM  ,United States,1751325216.0,1751325216,-97.2177,33.006,601.98,False,61.01,162.33,0.0,,579.12,7143,False,0,2025-06-30 23:13:37
a7045b,JIA5655 ,United States,1751325217.0,1751325217,-89.0437,37.8025,10668.0,False,261.94,82.67,0.33,,11300.46,6513,False,0,2025-06-30 23:13:37
a83782,UAL2674 ,United States,1751325215.0,1751325216,-91.1186,35.2617,9753.6,False,222.52,210.42,0.0,,10347.96,5613,False,0,2025-06-30 23:13:37
aa1be0,AAL1803 ,United States,1751325050.0,1751325051,-97.0319,32.9067,,True,7.2,0.0,,,,,False,0,2025-06-30 23:13:37
a83787,UAL2012 ,United States,1751325213.0,1751325213,-99.4137,40.0577,9753.6,False,217.43,307.79,0.0,,10248.9,2453,False,0,2025-06-30 23:13:37
a239de,CXK454  ,United States,1751325216.0,1751325216,-96.2553,33.1553,1013.46,False,35.33,222.05,-6.83,,1051.56,6766,False,0,2025-06-30 23:13:37
a106d5,VTE3757 ,United States,1751325217.0,1751325217,-83.5546,36.0762,7010.4,False,232.86,93.04,0.33,,7467.6,0447,False,0,2025-06-30 23:13:37
a0e6c6,UAL2218 ,United States,1751325216.0,1751325216,-84.7835,34.2543,9448.8,False,240.13,72.03,-11.38,,10035.54,7317,False,0,2025-06-30 23:13:37
a69424,ASA819  ,United States,1751325217.0,1751325217,-71.3899,42.8335,4503.42,False,191.57,301.94,12.35,,4678.68,1325,False,0,2025-06-30 23:13:37
a239e0,UAL1410 ,United States,1751325216.0,1751325216,-81.0106,25.1178,7536.18,False,235.32,264.1,5.2,,7810.5,,False,0,2025-06-30 23:13:37
ad3585,JSX761  ,United States,1751325217.0,1751325217,-113.0278,39.1551,9791.7,False,194.64,196.9,7.8,,10325.1,3705,True,0,2025-06-30 23:13:37
c05c0e,WJA1223 ,Canada,1751325216.0,1751325216,-78.1718,32.6051,11277.6,False,223.91,6.99,0.0,,11887.2,5712,False,0,2025-06-30 23:13:37
a359c2,DAL2115 ,United States,1751325216.0,1751325216,-94.9563,30.0069,1394.46,False,107.0,270.0,-3.25,,1516.38,1702,False,0,2025-06-30 23:13:37
a3ddfc,N3484T  ,United States,1751325217.0,1751325217,-97.7473,36.7644,2011.68,False,53.5,270.55,0.33,,2065.02,,False,0,2025-06-30 23:13:37
a13c43,SKW3465 ,United States,1751325217.0,1751325217,-119.5728,34.6014,9700.26,False,228.82,315.46,4.88,,10165.08,,False,0,2025-06-30 23:13:37
4bb187,THY83J  ,Turkey,1751325217.0,1751325217,-87.8846,40.8462,11574.78,False,222.79,218.91,0.0,,12161.52,4566,False,0,2025-06-30 23:13:37
a359bc,DAL1478 ,United States,1751325216.0,1751325217,-84.9544,35.7285,7315.2,False,233.77,348.32,0.98,,7757.16,3537,False,0,2025-06-30 23:13:37
a4fddb,RPA4500 ,United States,1751325217.0,1751325217,-69.7137,43.6866,9753.6,False,223.23,253.95,0.0,,10233.66,,False,0,2025-06-30 23:13:37
a5611d,N446CD  ,United States,1751325217.0,1751325217,-91.686,41.6447,1066.8,False,67.96,272.17,0.0,,1082.04,,False,0,2025-06-30 23:13:37
a69447,N523CB  ,United States,1751325216.0,1751325216,-118.5302,34.2001,929.64,False,106.49,90.0,0.33,,906.78,3753,False,0,2025-06-30 23:13:37
a4ead3,N416EE  ,United States,1751325216.0,1751325216,-84.6716,42.1275,3383.28,False,103.33,128.13,0.0,,3482.34,,False,0,2025-06-30 23:13:37
a82427,N6233D  ,United States,1751325217.0,1751325217,-118.3173,34.13,556.26,False,51.3,96.91,0.0,,510.54,4765,False,0,2025-06-30 23:13:37
a2bf05,CXK217  ,United States,1751325216.0,1751325216,-79.0934,35.8377,952.5,False,41.95,123.5,-0.65,,975.36,,False,0,2025-06-30 23:13:37
c013b7,PSC372  ,Canada,1751325217.0,1751325217,-70.6374,46.9483,2171.7,False,143.81,71.44,0.0,,2171.7,,False,0,2025-06-30 23:13:37
aa1ba3,SKW4990 ,United States,1751325216.0,1751325216,-86.1263,39.4951,10668.0,False,246.25,120.37,0.0,,11277.6,6574,False,0,2025-06-30 23:13:37
a01c34,N106NK  ,United States,1751324336.0,1751325188,-96.5351,33.754,1303.02,False,48.69,276.67,-0.33,,1295.4,,False,0,2025-06-30 23:13:37
a01c37,AAL118  ,United States,1751325216.0,1751325216,-73.7859,40.6366,,True,7.72,300.94,,,,3241,False,0,2025-06-30 23:13:37
a6e413,SKQ37   ,United States,1751325096.0,1751325097,-87.8246,33.097,6096.0,False,118.73,242.66,0.0,,6461.76,,False,0,2025-06-30 23:13:37
a14f46,CXK521  ,United States,1751325207.0,1751325217,-97.3829,33.3024,1066.8,False,59.29,30.79,0.65,,1089.66,,False,0,2025-06-30 23:13:37
a6810d,VOI5592 ,United States,1751325198.0,1751325208,-100.1169,25.7818,,True,0.0,300.94,,,,,False,0,2025-06-30 23:13:37
a3a9eb,AAL496  ,United States,1751325089.0,1751325089,-112.0122,33.4398,,True,8.75,90.0,,,,6604,False,0,2025-06-30 23:13:37
a213bd,ATN3338 ,United States,1751325122.0,1751325122,-112.0044,33.4408,419.1,False,76.65,270.0,0.0,,327.66,2364,False,0,2025-06-30 23:13:37
a1f3c5,MXY812  ,United States,1751325129.0,1751325132,-87.2538,37.8547,2087.88,False,136.98,341.16,-8.13,,2171.7,4241,False,0,2025-06-30 23:13:37
a586b0,SWA1669 ,United States,1751325217.0,1751325217,-108.3802,35.7566,12192.0,False,224.43,229.56,0.33,,12847.32,,False,0,2025-06-30 23:13:37
ab4ea9,CMB548  ,United States,1751325216.0,1751325216,-80.0343,37.9862,9913.62,False,247.98,66.79,-10.73,,10530.84,1166,False,0,2025-06-30 23:13:37
a50c11,N424SF  ,United States,1751325213.0,1751325216,-111.5213,33.1123,792.48,False,36.83,335.22,0.33,,716.28,,False,0,2025-06-30 23:13:37
a333ae,AAL396  ,United States,1751325095.0,1751325095,-87.8932,42.0028,259.08,False,77.17,269.62,-3.25,,220.98,6537,False,0,2025-06-30 23:13:37
ac2813,SWA3480 ,United States,1751325217.0,1751325217,-78.115,36.5926,6964.68,False,214.55,37.69,12.35,,7376.16,6431,False,0,2025-06-30 23:13:37
a609d4,UAL8140 ,United States,1751325212.0,1751325214,-74.1701,40.6926,,True,3.09,25.31,,,,,False,0,2025-06-30 23:13:37
a26f79,HBAL756 ,United States,1751325216.0,1751325216,-96.9521,43.5791,19446.24,False,1.54,180.0,0.0,,20406.36,3226,True,0,2025-06-30 23:13:37
a3a9fb,UWD35   ,United States,1751325217.0,1751325217,-80.2548,40.0771,922.02,False,120.08,40.31,0.0,,906.78,,False,0,2025-06-30 23:13:37
a7f171,N6102W  ,United States,1751325216.0,1751325216,-104.4664,38.9782,3893.82,False,63.12,250.97,2.6,,4114.8,,False,0,2025-06-30 23:13:37
a8116a,N619NS  ,United States,1751325217.0,1751325217,-80.8343,28.9719,1737.36,False,56.68,336.46,0.33,,1836.42,1200,False,0,2025-06-30 23:13:37
ad4803,N955JA  ,United States,1751325135.0,1751325140,-116.9443,32.8196,358.14,False,41.83,301.93,-2.28,,304.8,,False,0,2025-06-30 23:13:37
a37c1c,JBU1579 ,United States,1751325216.0,1751325216,-80.0302,26.2159,1783.08,False,123.09,210.1,0.0,,1897.38,1444,False,0,2025-06-30 23:13:37
ab4ec6,NCR112  ,United States,1751325216.0,1751325216,-78.3436,36.7795,9837.42,False,201.86,68.47,-5.2,,10447.02,2065,False,0,2025-06-30 23:13:37
4bb199,THY31K  ,Turkey,1751325216.0,1751325216,-83.8469,34.544,6499.86,False,209.82,203.86,-13.0,,6880.86,3126,False,0,2025-06-30 23:13:37
4bb196,THY41Y  ,Turkey,1751325025.0,1751325025,-70.9508,48.1645,11277.6,False,267.63,60.77,-0.33,,11719.56,5330,False,0,2025-06-30 23:13:37
ad4810,N955JP  ,United States,1751325216.0,1751325217,-72.7101,41.4796,899.16,False,63.17,102.23,0.0,,906.78,1200,False,0,2025-06-30 23:13:37
ac2836,SWA2576 ,United States,1751325216.0,1751325216,-89.9893,41.3752,5791.2,False,179.12,139.31,0.0,,6019.8,2622,False,0,2025-06-30 23:13:37
a62c1a,SWA4113 ,United States,1751325078.0,1751325078,-97.5906,35.391,,True,9.77,180.0,,,,,False,0,2025-06-30 23:13:37
a5e9f4,EDV5038 ,United States,1751325201.0,1751325209,-73.879,40.7797,,True,0.0,28.12,,,,,False,0,2025-06-30 23:13:37
a50c3e,UAL3916 ,United States,1751325216.0,1751325216,-104.6374,40.0965,2034.54,False,100.18,209.2,-0.65,,2156.46,1027,False,0,2025-06-30 23:13:37
a7f140,NGF6845 ,United States,1751325216.0,1751325216,-119.1855,35.2057,5791.2,False,114.24,136.09,-0.33,,6035.04,6306,False,0,2025-06-30 23:13:37
a56198,N446HB  ,United States,1751325217.0,1751325217,-92.5883,45.1244,1379.22,False,68.03,292.69,-0.33,,1371.6,3622,False,0,2025-06-30 23:13:37
a466fc,FFT1100 ,United States,1751325217.0,1751325217,-85.868,33.0311,7315.2,False,227.83,77.88,0.0,,7764.78,5573,False,0,2025-06-30 23:13:37
ac1529,N878MH  ,United States,1751325216.0,1751325216,-115.4163,36.1244,1615.44,False,60.1,141.95,-1.95,,1615.44,,False,0,2025-06-30 23:13:37
ab4eeb,DAL904  ,United States,1751325217.0,1751325217,-84.3258,33.7332,2232.66,False,122.96,90.48,-8.45,,2354.58,3232,False,0,2025-06-30 23:13:37
a320c1,EJA300  ,United States,1751325216.0,1751325216,-115.1704,36.0809,,True,3.09,168.75,,,,3266,False,0,2025-06-30 23:13:37
a4ff16,N54346  ,United States,1751325195.0,1751325195,-80.1742,25.6725,182.88,False,52.38,321.78,-0.33,,198.12,,False,0,2025-06-30 23:13:37
aa7288,AAL1111 ,United States,1751325216.0,1751325216,-90.4777,35.9559,10972.8,False,225.22,237.69,0.0,,11612.88,6322,False,0,2025-06-30 23:13:37
a25c6e,ENY3342 ,United States,1751325216.0,1751325216,-80.4442,25.7053,1013.46,False,137.77,276.65,-9.1,,1097.28,,False,0,2025-06-30 23:13:37
a68198,N51800  ,United States,1751325122.0,1751325216,-96.2379,33.5922,899.16,False,58.36,350.87,-0.33,,899.16,,False,0,2025-06-30 23:13:37
ac1547,AAL2393 ,United States,1751325216.0,1751325216,-79.6317,25.5839,5151.12,False,200.77,107.6,10.73,,5440.68,,False,0,2025-06-30 23:13:37
ac287c,SWA2924 ,United States,1751325217.0,1751325217,-123.2491,42.587,10012.68,False,228.69,172.76,9.75,,10439.4,,False,0,2025-06-30 23:13:37
a81166,JIA5143 ,United States,1751325217.0,1751325217,-94.493,34.0135,8161.02,False,217.48,249.51,-10.08,,8656.32,2174,False,0,2025-06-30 23:13:37
a9a75b,N721AZ  ,United States,1751325216.0,1751325216,-79.1272,37.9043,13716.0,False,242.85,81.6,-0.33,,14363.7,1051,False,0,2025-06-30 23:13:37
a466d2,DAL2946 ,United States,1751325216.0,1751325216,-97.1136,44.703,10660.38,False,247.99,90.83,0.0,,11018.52,6020,False,0,2025-06-30 23:13:37
acbf63,AAL2388 ,United States,1751325216.0,1751325216,-80.6343,37.8086,11277.6,False,236.94,92.86,0.0,,11940.54,2312,False,0,2025-06-30 23:13:37
ac13d6,SWA1960 ,United States,1751325189.0,1751325189,-76.674,39.1814,,True,0.0,143.44,,,,,False,0,2025-06-30 23:13:37
acbf60,NKS354  ,United States,1751325214.0,1751325214,-79.2544,25.7119,3977.64,False,181.52,292.49,-10.08,,4213.86,,False,0,2025-06-30 23:13:37
a8bc34,FFT3211 ,United States,1751325216.0,1751325216,-101.6467,31.7633,10744.2,False,228.17,301.54,8.78,,11414.76,6250,False,0,2025-06-30 23:13:37
c01455,AN158   ,Canada,1751325217.0,1751325217,-123.2229,48.668,609.6,False,58.4,197.96,0.65,,617.22,,False,0,2025-06-30 23:13:37
abf3b8,SWA1702 ,United States,1751325217.0,1751325217,-85.138,38.7924,10972.8,False,219.73,268.66,-0.33,,11590.02,6556,False,0,2025-06-30 23:13:37
ac6f8a,DAL1660 ,United States,1751325216.0,1751325216,-91.5817,38.0034,11277.6,False,244.16,106.53,0.0,,11910.06,1117,False,0,2025-06-30 23:13:37
a560f4,AAL3046 ,United States,1751325217.0,1751325217,-94.0389,33.4418,10363.2,False,228.93,259.12,0.0,,10988.04,5757,False,0,2025-06-30 23:13:37
a0851b,ABX3131 ,United States,1751325216.0,1751325216,-90.3506,41.7225,9441.18,False,212.72,241.39,2.93,,9852.66,1365,False,0,2025-06-30 23:13:37
a8cf70,NKS2597 ,United States,1751325216.0,1751325216,-79.7617,35.852,10050.78,False,228.83,37.05,0.65,,10660.38,2145,False,0,2025-06-30 23:13:37
a680c8,N518SS  ,United States,1751325217.0,1751325217,-73.3261,42.0857,7901.94,False,187.28,359.21,6.5,,8328.66,2225,False,0,2025-06-30 23:13:37
ac00b1,SWA1116 ,United States,1751325211.0,1751325212,-92.5672,27.6355,10866.12,False,237.5,317.99,-4.88,,11551.92,,False,0,2025-06-30 23:13:37
a98c12,N714MX  ,United States,1751325209.0,1751325209,-80.1415,34.8267,1363.98,False,62.38,238.14,0.33,,1386.84,,False,0,2025-06-30 23:13:37
a0980d,N13731  ,United States,1751325217.0,1751325217,-87.1216,34.7287,1463.04,False,42.7,291.93,3.9,,1470.66,,False,0,2025-06-30 23:13:37
ac6f9c,N900EM  ,United States,1751325217.0,1751325217,-115.2418,32.7394,12192.0,False,244.52,357.95,-0.65,,12915.9,,False,0,2025-06-30 23:13:37
a09829,N1374U  ,United States,1751325216.0,1751325216,-76.1461,36.4818,975.36,False,58.97,42.88,0.65,,1005.84,1200,False,0,2025-06-30 23:13:37
a190fc,N20PN   ,United States,1751325100.0,1751325100,-111.9035,33.6263,,True,0.0,182.81,,,,,False,0,2025-06-30 23:13:37
a74c93,N57FF   ,United States,1751325217.0,1751325217,-105.0294,40.0406,1836.42,False,45.66,213.51,0.33,,1935.48,,False,0,2025-06-30 23:13:37
a8cf3a,N667LF  ,United States,1751325217.0,1751325217,-116.7758,47.4509,2423.16,False,123.42,326.04,-1.63,,2545.08,,False,0,2025-06-30 23:13:37
a9b9e3,AAL81   ,United States,1751325216.0,1751325216,-80.7808,40.5745,10972.8,False,230.25,241.14,0.0,,11590.02,5553,False,0,2025-06-30 23:13:37
a8bc29,FDX1366 ,United States,1751325217.0,1751325217,-110.5056,34.9236,11582.4,False,237.5,262.78,0.33,,12260.58,,False,0,2025-06-30 23:13:37
484f71,KLM211  ,Kingdom of the Netherlands,1751325217.0,1751325217,-71.5225,42.1891,11277.6,False,247.25,28.59,0.0,,11887.2,6242,False,0,2025-06-30 23:13:37
ac00d6,SWA2365 ,United States,1751325216.0,1751325217,-116.4439,33.0089,4244.34,False,168.94,213.45,-2.6,,4472.94,3216,False,0,2025-06-30 23:13:37
aa1c48,FDY395  ,United States,1751325216.0,1751325216,-78.8226,40.3803,3078.48,False,97.1,15.36,0.33,,3200.4,7701,False,0,2025-06-30 23:13:37
a3cc4b,N344BH  ,United States,1751324902.0,1751324902,-103.4425,43.9215,1478.28,False,16.15,170.84,-2.6,,1562.1,,False,0,2025-06-30 23:13:37
a09884,N1377E  ,United States,1751325106.0,1751325116,-87.2493,45.1097,617.22,False,48.57,53.62,-1.63,,533.4,,False,0,2025-06-30 23:13:37
40688c,BAW7D   ,United Kingdom,1751325215.0,1751325216,-112.646,39.22,12192.0,False,246.18,204.05,0.0,,12832.08,3054,False,0,2025-06-30 23:13:37
abe0bb,SWA2206 ,United States,1751325217.0,1751325217,-117.857,33.6948,1257.3,False,130.64,250.92,-4.55,,1272.54,7274,False,0,2025-06-30 23:13:37
a716cb,N556MC  ,United States,1751325216.0,1751325217,-116.702,47.7319,1783.08,False,92.32,141.79,1.3,,1851.66,,False,0,2025-06-30 23:13:37
a8cf36,N667LB  ,United States,1751325212.0,1751325213,-117.1391,32.816,182.88,False,33.82,296.18,1.95,,129.54,,False,0,2025-06-30 23:13:37
a22839,SWA956  ,United States,1751325045.0,1751325045,-118.147,33.8179,,True,8.75,180.0,,,,3213,False,0,2025-06-30 23:13:37
a703c1,GJS4527 ,United States,1751325216.0,1751325217,-78.6599,38.0931,8252.46,False,216.85,248.43,4.88,,8740.14,6542,False,0,2025-06-30 23:13:37
a87f51,AAL602  ,United States,1751325217.0,1751325217,-89.8122,38.9545,9144.0,False,229.29,260.05,0.0,,9700.26,4072,False,0,2025-06-30 23:13:37
a716ee,JIA5135 ,United States,1751325216.0,1751325216,-86.9396,32.8179,9441.18,False,234.56,60.29,-1.3,,10005.06,4623,False,0,2025-06-30 23:13:37
a08547,N1322K  ,United States,1751325210.0,1751325216,-122.1123,37.4573,,True,0.0,267.19,,,,,False,0,2025-06-30 23:13:37
ad20f4,AAL627  ,United States,1751325216.0,1751325216,-82.166,36.9565,8496.3,False,219.51,150.67,-4.88,,9022.08,6737,False,0,2025-06-30 23:13:37
a50c7c,SWA2587 ,United States,1751325216.0,1751325216,-109.3423,31.8837,10668.0,False,247.48,90.95,0.0,,11269.98,1073,False,0,2025-06-30 23:13:37
ab081e,N81MH   ,United States,1751325216.0,1751325216,-72.7372,41.7436,487.68,False,56.27,75.71,-3.58,,441.96,7005,False,0,2025-06-30 23:13:37
ac018c,SKW5989 ,United States,1751325004.0,1751325007,-102.4347,36.1082,7315.2,False,223.88,348.87,0.0,,7734.3,,False,0,2025-06-30 23:13:37
ab06a1,N8097H  ,United States,1751325215.0,1751325216,-97.45,32.921,792.48,False,50.86,82.44,-0.33,,777.24,,False,0,2025-06-30 23:13:37
a51ed1,UAL1061 ,United States,1751325214.0,1751325214,-110.0764,37.2231,10355.58,False,235.81,231.55,0.0,,10972.8,3233,False,0,2025-06-30 23:13:37
a2aba2,N271QS  ,United States,1751325216.0,1751325216,-82.8204,39.9885,495.3,False,59.38,274.97,-2.93,,464.82,5755,False,0,2025-06-30 23:13:37
a2022f,N2288F  ,United States,1751325216.0,1751325216,-95.5165,29.5983,2400.3,False,46.37,146.31,2.28,,2491.74,4627,False,0,2025-06-30 23:13:37
a34878,,United States,1751325091.0,1751325091,-112.0104,33.4329,,True,1.03,70.31,,,,,False,0,2025-06-30 23:13:37
a6e507,N543WB  ,United States,1751325217.0,1751325217,-118.7676,34.0265,960.12,False,49.23,34.35,-2.28,,929.64,,False,0,2025-06-30 23:13:37
a4a538,TCN399  ,United States,1751325217.0,1751325217,-85.4199,39.304,4274.82,False,189.94,85.34,0.0,,4465.32,3251,False,0,2025-06-30 23:13:37
ab19df,SCX1908 ,United States,1751325216.0,1751325216,-92.2822,42.3933,8854.44,False,178.27,266.86,-6.18,,9212.58,1021,False,0,2025-06-30 23:13:37
a3484e,AAL358  ,United States,1751325216.0,1751325216,-81.5158,35.021,4198.62,False,200.62,252.54,5.2,,4419.6,,False,0,2025-06-30 23:13:37
acbf02,N920JR  ,United States,1751325216.0,1751325216,-81.1453,29.2331,12496.8,False,172.06,14.37,0.0,,13129.26,1377,False,0,2025-06-30 23:13:37
a58873,AAL738  ,United States,1751325217.0,1751325217,-118.268,33.6447,4290.06,False,183.14,90.0,1.95,,4488.18,,False,0,2025-06-30 23:13:37
a2bec7,SWA2101 ,United States,1751325203.0,1751325203,-90.2594,29.9912,,True,23.66,106.88,,,,1747,False,0,2025-06-30 23:13:37
a9dc5e,UAL1798 ,United States,1751325216.0,1751325216,-109.7582,32.3063,7642.86,False,208.09,290.85,-5.2,,8107.68,2576,False,0,2025-06-30 23:13:37
a0d561,AAL1792 ,United States,1751325216.0,1751325216,-89.337,33.1666,10058.4,False,240.55,114.65,0.0,,10683.24,7075,False,0,2025-06-30 23:13:37
a5c51d,LFA459  ,United States,1751325216.0,1751325216,-81.1783,28.6038,457.2,False,61.39,175.67,-1.63,,495.3,5541,False,0,2025-06-30 23:13:37
a0857b,N13232  ,United States,1751325216.0,1751325217,-72.2186,42.1377,792.48,False,57.12,1.55,-0.98,,800.1,,False,0,2025-06-30 23:13:37
ab19fb,UAL1915 ,United States,1751325216.0,1751325216,-94.7637,30.7211,6103.62,False,213.74,33.61,8.13,,6477.0,2553,False,0,2025-06-30 23:13:37
ac26d7,N882SD  ,United States,1751324990.0,1751324990,-117.1439,32.815,198.12,False,23.79,291.57,-2.93,,175.26,,False,0,2025-06-30 23:13:37
ac13b3,SWA3254 ,United States,1751325216.0,1751325216,-104.8811,39.8421,2247.9,False,104.44,89.44,-1.63,,2385.06,1754,False,0,2025-06-30 23:13:37
ac6f69,N900CL  ,United States,1751325094.0,1751325216,-77.7579,35.5693,838.2,False,52.03,226.2,-0.33,,845.82,,False,0,2025-06-30 23:13:37
a45552,ATN3344 ,United States,1751325216.0,1751325217,-73.6526,40.2042,2240.28,False,155.08,37.86,-8.45,,2324.1,1411,False,0,2025-06-30 23:13:37
a1e23a,ENY4086 ,United States,1751325216.0,1751325216,-108.0352,32.085,10668.0,False,236.34,94.49,0.0,,11300.46,0713,False,0,2025-06-30 23:13:37
aa70dc,DPJ772  ,United States,1751325217.0,1751325217,-86.735,41.7649,9372.6,False,235.12,89.25,9.1,,9860.28,6205,False,0,2025-06-30 23:13:37
ac26cf,RPA5888 ,United States,1751325216.0,1751325216,-81.4484,42.4299,10363.2,False,210.03,234.17,0.0,,10904.22,5763,False,0,2025-06-30 23:13:37
a4b827,DAL37   ,United States,1751325208.0,1751325208,-84.4261,33.6394,,True,0.51,90.0,,,,0563,False,0,2025-06-30 23:13:37
a44213,UAL552  ,United States,1751325216.0,1751325216,-91.6163,39.2728,10972.8,False,216.98,256.43,0.0,,11559.54,4352,False,0,2025-06-30 23:13:37
a44211,UAL2462 ,United States,1751325216.0,1751325216,-79.6128,43.6745,,True,4.63,210.94,,,,0510,False,0,2025-06-30 23:13:37
ac6f6c,N900CP  ,United States,1751324956.0,1751325182,-88.054,35.7027,2598.42,False,55.34,286.75,0.33,,2750.82,6344,True,0,2025-06-30 23:13:37
aad3c9,UAL969  ,United States,1751325032.0,1751325084,-117.5031,42.8983,11574.78,False,236.99,221.13,0.0,,12153.9,,False,0,2025-06-30 23:13:37
a44214,UAL1423 ,United States,1751325217.0,1751325217,-83.425,43.8735,10363.2,False,210.98,282.1,0.33,,10850.88,1156,False,0,2025-06-30 23:13:37
ab3c61,DAL1736 ,United States,1751325217.0,1751325217,-84.4825,33.1561,4770.12,False,207.62,165.65,20.16,,5044.44,7157,False,0,2025-06-30 23:13:37
a6d0ea,N5383D  ,United States,1751325216.0,1751325216,-118.7245,34.0359,853.44,False,47.85,269.38,4.88,,838.2,,False,0,2025-06-30 23:13:37
ab90a9,N844W   ,United States,1751324895.0,1751324928,-86.8733,36.2234,373.38,False,48.42,194.77,-2.6,,358.14,1362,False,0,2025-06-30 23:13:37
a1e241,AAY568  ,United States,1751325217.0,1751325217,-121.0487,45.7408,6865.62,False,243.88,90.97,5.53,,7185.66,3537,False,0,2025-06-30 23:13:37
ac252a,SWA3645 ,United States,1751325217.0,1751325217,-101.6145,30.9671,10668.0,False,251.63,78.32,0.0,,11323.32,5351,False,0,2025-06-30 23:13:37
a5844a,N4547E  ,United States,1751325170.0,1751325170,-105.1749,40.1699,1493.52,False,39.1,122.64,-1.63,,1592.58,,False,0,2025-06-30 23:13:37
ad4513,N954S   ,United States,1751325217.0,1751325217,-122.5391,37.6167,2156.46,False,99.21,144.5,0.0,,2209.8,3751,False,0,2025-06-30 23:13:37
a9b700,N725K   ,United States,1751325216.0,1751325216,-120.7533,37.3755,3215.64,False,45.86,133.18,0.65,,3360.42,1200,False,0,2025-06-30 23:13:37
ab1890,DAL1812 ,United States,1751325206.0,1751325206,-84.4428,33.6332,,True,3.34,8.44,,,,5736,False,0,2025-06-30 23:13:37
a9672c,ASA1279 ,United States,1751325216.0,1751325217,-118.9169,38.5779,10363.2,False,257.78,356.22,0.0,,10873.74,7612,False,0,2025-06-30 23:13:37
3965b0,AFR003  ,France,1751325216.0,1751325216,-69.1871,43.3922,10668.0,False,254.12,56.31,0.0,,11201.4,2731,False,0,2025-06-30 23:13:37
a59799,N46DM   ,United States,1751325024.0,1751325026,-78.7749,35.882,167.64,False,53.36,236.0,-3.9,,137.16,,False,0,2025-06-30 23:13:37
ac6bbf,N9P     ,United States,1751325194.0,1751325196,-113.1555,41.6786,8282.94,False,261.55,45.4,0.0,,8702.04,,False,0,2025-06-30 23:13:37
ac6bd0,AXEL90  ,United States,1751325172.0,1751325172,-110.0392,39.5052,9753.6,False,251.69,336.89,-0.33,,10302.24,,False,0,2025-06-30 23:13:37
aa2bc2,UAL305  ,United States,1751325217.0,1751325217,-112.604,35.5587,10401.3,False,247.77,108.02,2.6,,10988.04,,False,0,2025-06-30 23:13:37
a3311b,JBU349  ,United States,1751325216.0,1751325216,-80.8953,35.6807,10576.56,False,233.35,184.81,-5.85,,11216.64,7004,False,0,2025-06-30 23:13:37
a83439,N628CT  ,United States,1751325217.0,1751325217,-90.6831,42.3891,495.3,False,26.58,284.57,-2.6,,464.82,,False,0,2025-06-30 23:13:37
c023c9,ACA062  ,Canada,1751325217.0,1751325217,-81.0067,44.8106,7802.88,False,191.89,137.5,-8.13,,8145.78,7462,False,0,2025-06-30 23:13:37
a9eb8f,N7383L  ,United States,1751325214.0,1751325216,-104.5261,39.7928,1752.6,False,34.02,93.47,3.25,,1836.42,,False,0,2025-06-30 23:13:37
a1f11d,AAY9202 ,United States,1751325216.0,1751325217,-82.1212,28.9135,6545.58,False,194.96,349.82,-4.88,,6934.2,0107,False,0,2025-06-30 23:13:37
aa2ba5,UAL755  ,United States,1751325217.0,1751325217,-93.3408,33.9632,10058.4,False,239.82,69.27,0.0,,10652.76,0547,False,0,2025-06-30 23:13:37
a22482,SWA586  ,United States,1751325132.0,1751325132,-112.0005,33.433,,True,10.29,5.62,,,,5000,False,0,2025-06-30 23:13:37
a0817f,UAL68   ,United States,1751325217.0,1751325217,-71.3437,44.252,10668.0,False,247.3,40.78,0.0,,11193.78,2666,False,0,2025-06-30 23:13:37
aa2ba2,UAL8163 ,United States,1751325215.0,1751325215,-81.1556,30.0419,7833.36,False,228.3,188.42,-9.43,,8275.32,6517,False,0,2025-06-30 23:13:37
aa2ba1,UAL2338 ,United States,1751325216.0,1751325216,-95.7002,30.9955,7269.48,False,202.92,333.82,9.43,,7703.82,1533,False,0,2025-06-30 23:13:37
aa2ba4,UAL2862 ,United States,1751325216.0,1751325216,-103.2049,40.8184,10363.2,False,230.57,259.72,0.0,,10888.98,0002,False,0,2025-06-30 23:13:37
ac2567,AAL220  ,United States,1751325217.0,1751325217,-81.9436,44.7761,11887.2,False,285.56,54.16,0.0,,12428.22,3416,False,0,2025-06-30 23:13:37
acced9,AAL844  ,United States,1751325216.0,1751325216,-87.1377,32.3275,10126.98,False,235.36,94.64,2.93,,10744.2,3620,False,0,2025-06-30 23:13:37
aae582,AAL3147 ,United States,1751325216.0,1751325216,-75.5463,37.9334,7620.0,False,236.44,34.45,0.0,,8061.96,7760,False,0,2025-06-30 23:13:37
a7270a,PJC60   ,United States,1751324920.0,1751324920,-80.9383,35.2489,373.38,False,60.84,176.12,-0.98,,358.14,7165,False,0,2025-06-30 23:13:37
a0d19e,AAL1863 ,United States,1751325217.0,1751325217,-77.4584,39.0354,457.2,False,73.06,180.81,-2.93,,449.58,2145,False,0,2025-06-30 23:13:37
acbbd9,N794AE  ,United States,1751325086.0,1751325136,-82.7036,32.799,754.38,False,65.55,36.06,0.0,,784.86,,False,0,2025-06-30 23:13:37
a72706,N560BC  ,United States,1751325216.0,1751325216,-88.9972,31.3455,12481.56,False,205.72,101.39,-0.33,,13197.84,3666,False,0,2025-06-30 23:13:37
a093a1,N136Y   ,United States,1751325204.0,1751325213,-97.2829,32.5291,792.48,False,50.54,94.09,3.25,,792.48,,False,0,2025-06-30 23:13:37
3965aa,AFR5G   ,France,1751325216.0,1751325216,-73.1751,41.2547,5440.68,False,216.78,50.68,15.61,,5699.76,2337,False,0,2025-06-30 23:13:37
a03f24,DAL580  ,United States,1751325217.0,1751325217,-94.5709,32.9696,8770.62,False,243.21,83.81,4.23,,9334.5,3523,False,0,2025-06-30 23:13:37
c049e9,WJA1681 ,Canada,1751325216.0,1751325217,-73.3905,43.0974,10363.2,False,226.29,341.85,1.3,,10896.6,2275,False,0,2025-06-30 23:13:37
a4b420,ASA778  ,United States,1751325216.0,1751325216,-116.0589,36.3444,6278.88,False,182.94,131.58,-9.75,,6621.78,,False,0,2025-06-30 23:13:37
a4b423,VAR402  ,United States,1751325216.0,1751325216,-112.5939,33.2409,1272.54,False,57.21,221.72,0.98,,1257.3,0452,True,0,2025-06-30 23:13:37
a72747,N560DT  ,United States,1751325217.0,1751325217,-121.9984,38.0573,876.3,False,92.49,200.85,-6.18,,868.68,6605,False,0,2025-06-30 23:13:37
aad284,N797FA  ,United States,1751325217.0,1751325217,-84.778,33.1647,952.5,False,61.5,70.96,1.3,,982.98,,False,0,2025-06-30 23:13:37
acbbcc,OST7    ,United States,1751325176.0,1751325186,-97.0876,36.1891,556.26,False,41.7,2.12,0.65,,556.26,,False,0,2025-06-30 23:13:37
a4b42b,,United States,1751325087.0,1751325161,-120.6421,35.7472,2301.24,False,88.06,186.71,0.33,,2354.58,,False,0,2025-06-30 23:13:37
c036b1,WJA1789 ,Canada,1751325216.0,1751325217,-79.7442,35.7821,5890.26,False,205.02,258.13,8.13,,6225.54,,False,0,2025-06-30 23:13:37
ac259b,DAL489  ,United States,1751325216.0,1751325216,-121.3046,47.5556,5402.58,False,213.0,90.83,10.08,,5631.18,3526,False,0,2025-06-30 23:13:37
ad4584,SWA3137 ,United States,1751325216.0,1751325217,-99.6108,30.5943,11582.4,False,224.44,278.04,-0.33,,12275.82,6057,False,0,2025-06-30 23:13:37
a2cf34,ENY3340 ,United States,1751325215.0,1751325215,-79.1479,26.336,7246.62,False,216.77,70.02,7.8,,7658.1,,False,0,2025-06-30 23:13:37
a3ef0c,N3523R  ,United States,1751325200.0,1751325200,-97.0467,32.7189,312.42,False,30.97,184.76,-2.6,,304.8,,False,0,2025-06-30 23:13:37
c02494,WJA1273 ,Canada,1751325217.0,1751325217,-81.4101,32.3823,10668.0,False,233.75,333.04,-0.33,,11292.84,3013,False,0,2025-06-30 23:13:37
accf9f,,United States,1751325201.0,1751325201,-120.8301,37.7083,640.08,False,59.68,180.99,2.93,,541.02,,False,0,2025-06-30 23:13:37
a99afb,NKS2462 ,United States,1751325217.0,1751325217,-99.382,34.0747,8229.6,False,224.17,114.98,-0.33,,8740.14,3301,False,0,2025-06-30 23:13:37
ae63e7,ROPER33 ,United States,1751325216.0,1751325216,-121.3508,39.1283,1280.16,False,163.1,343.51,-2.28,,1280.16,,False,0,2025-06-30 23:13:37
a9ead7,N738XG  ,United States,1751325216.0,1751325217,-84.6377,32.9656,1188.72,False,49.24,280.84,0.98,,1242.06,,False,0,2025-06-30 23:13:37
a9411b,N696BB  ,United States,1751324801.0,1751325216,-72.2331,40.9269,746.76,False,73.65,248.27,0.0,,739.14,,False,0,2025-06-30 23:13:37
a4d9d8,SWA1823 ,United States,1751325217.0,1751325217,-85.66,39.6718,8290.56,False,225.87,340.16,-4.88,,8732.52,1620,False,0,2025-06-30 23:13:37
e80475,TAM8181 ,Chile,1751325216.0,1751325216,-72.4247,39.7032,6339.84,False,234.92,139.26,6.5,,6697.98,4073,False,0,2025-06-30 23:13:37
e80474,TAM8126 ,Chile,1751325217.0,1751325217,-80.7807,28.8058,3375.66,False,150.35,264.7,-7.8,,3573.78,4112,False,0,2025-06-30 23:13:37
a369be,ENY3385 ,United States,1751325217.0,1751325217,-85.3299,33.5013,9753.6,False,218.87,85.28,0.0,,10363.2,7140,False,0,2025-06-30 23:13:37
4ac8a8,SAS935  ,Sweden,1751325216.0,1751325216,-122.157,37.4444,1828.8,False,116.42,346.46,-1.95,,1882.14,7762,False,0,2025-06-30 23:13:37
a02c40,AAL16   ,United States,1751325217.0,1751325217,-81.1641,42.2913,11269.98,False,256.08,93.22,0.0,,11856.72,3324,False,0,2025-06-30 23:13:37
e8046f,TAM8087 ,Chile,1751325165.0,1751325166,-102.0343,24.738,10660.38,False,258.19,139.04,0.0,,11353.8,,False,0,2025-06-30 23:13:37
a4c6b3,ASA1006 ,United States,1751325217.0,1751325217,-119.6211,46.0992,9753.6,False,224.94,309.99,0.0,,10180.32,,False,0,2025-06-30 23:13:37
aaf828,AA0013  ,United States,1751325202.0,1751325202,-87.9235,41.9724,,True,8.23,272.81,,,,,False,0,2025-06-30 23:13:37
a03f84,RPA4399 ,United States,1751325217.0,1751325217,-80.0773,37.2386,7315.2,False,214.52,132.18,0.0,,7757.16,4671,False,0,2025-06-30 23:13:37
ac3816,CAP487  ,United States,1751325207.0,1751325207,-117.1241,33.5908,502.92,False,28.46,192.53,-2.28,,449.58,,False,0,2025-06-30 23:13:37
a9b775,JIA5292 ,United States,1751325216.0,1751325216,-96.1251,37.2344,9989.82,False,222.47,215.97,3.58,,10561.32,,False,0,2025-06-30 23:13:37
ab5eb2,SWA3186 ,United States,1751325216.0,1751325216,-89.701,38.6036,10363.2,False,224.38,268.42,-0.33,,10942.32,6520,False,0,2025-06-30 23:13:37
a9a419,FFT3479 ,United States,1751325216.0,1751325216,-75.8976,38.1631,8199.12,False,239.33,217.31,3.25,,8671.56,1672,False,0,2025-06-30 23:13:37
a69148,N522KL  ,United States,1751325216.0,1751325216,-83.9545,27.3489,8183.88,False,196.48,116.43,-5.53,,8648.7,4455,False,0,2025-06-30 23:13:37
ad5817,SWA1614 ,United States,1751325216.0,1751325216,-78.6051,28.7093,11277.6,False,234.02,12.57,0.0,,11811.0,1455,False,0,2025-06-30 23:13:37
a356f6,AAL2470 ,United States,1751325154.0,1751325171,-101.282,37.0386,10668.0,False,245.87,84.84,0.0,,11247.12,,False,0,2025-06-30 23:13:37
a88ddb,N650MP  ,United States,1751325216.0,1751325216,-87.9555,36.1626,13106.4,False,231.15,235.89,-0.33,,13799.82,6524,False,0,2025-06-30 23:13:37
aaf831,ASA1235 ,United States,1751325216.0,1751325216,-111.6442,42.9213,11277.6,False,243.07,109.28,-0.33,,11849.1,6667,False,0,2025-06-30 23:13:37
a4b48e,N402FB  ,United States,1751325216.0,1751325216,-100.0818,25.7738,3878.58,False,128.1,89.77,13.0,,4076.7,,False,0,2025-06-30 23:13:37
a5d481,N475JM  ,United States,1751325198.0,1751325198,-89.0385,31.6191,2727.96,False,89.94,144.31,0.33,,2865.12,,False,0,2025-06-30 23:13:37
a7277c,N560FW  ,United States,1751325216.0,1751325216,-103.0347,36.726,12489.18,False,217.92,126.84,0.0,,13121.64,,False,0,2025-06-30 23:13:37
ac382e,DAL442  ,United States,1751325216.0,1751325216,-107.3645,40.9187,10363.2,False,234.11,250.89,0.0,,10919.46,4135,False,0,2025-06-30 23:13:37
a9b755,NKS2398 ,United States,1751325216.0,1751325216,-94.7108,30.1661,1859.28,False,124.02,196.63,-4.23,,1988.82,1663,False,0,2025-06-30 23:13:37
ab4ba6,JBU1752 ,United States,1751325217.0,1751325217,-81.1646,26.6687,9029.7,False,228.18,311.34,-5.2,,9563.1,4755,False,0,2025-06-30 23:13:37
a87ae9,N6455V  ,United States,1751325135.0,1751325135,-95.2328,38.7093,1036.32,False,79.86,158.06,-2.93,,1066.8,,False,0,2025-06-30 23:13:37
ac250b,SWA3102 ,United States,1751325217.0,1751325217,-98.2116,30.6872,11277.6,False,250.98,86.59,0.0,,11978.64,7747,False,0,2025-06-30 23:13:37
abaeb2,SWA4357 ,United States,1751325216.0,1751325216,-105.1112,31.0638,11277.6,False,238.7,127.12,0.33,,11948.16,1066,False,0,2025-06-30 23:13:37
a2cf3b,AAY1231 ,United States,1751325216.0,1751325216,-87.4475,34.6206,10363.2,False,232.5,285.27,-0.33,,11010.9,0726,False,0,2025-06-30 23:13:37
485f82,KLM642  ,Kingdom of the Netherlands,1751325217.0,1751325217,-68.8481,46.3874,11269.98,False,277.29,46.5,0.0,,11780.52,3364,False,0,2025-06-30 23:13:37
a02c7b,HER110  ,United States,1751325216.0,1751325216,-101.2903,38.1426,13106.4,False,251.02,293.04,0.0,,13700.76,2176,False,0,2025-06-30 23:13:37
a489d9,N3917M  ,United States,1751325216.0,1751325216,-76.4317,35.9646,739.14,False,47.98,265.7,-0.98,,746.76,5374,False,0,2025-06-30 23:13:37
a02c94,DAL369  ,United States,1751325216.0,1751325216,-102.5145,40.4608,10355.58,False,227.76,254.68,0.0,,10904.22,7405,False,0,2025-06-30 23:13:37
a02c91,DAL1404 ,United States,1751325217.0,1751325217,-78.7057,35.7285,11277.6,False,221.16,29.55,-0.65,,11955.78,3012,False,0,2025-06-30 23:13:37
a369ee,AAL1051 ,United States,1751325216.0,1751325216,-85.8098,36.4177,11277.6,False,236.06,68.52,0.0,,11948.16,1602,False,0,2025-06-30 23:13:37
a6e12d,DAL1328 ,United States,1751324913.0,1751324915,-80.3157,25.8062,60.96,False,68.85,119.05,-3.25,,83.82,4266,False,0,2025-06-30 23:13:37
a223c1,AAY3059 ,United States,1751325217.0,1751325217,-81.0799,32.1155,8420.1,False,228.18,187.25,-7.8,,8953.5,1304,False,0,2025-06-30 23:13:37
a76f63,N5786Z  ,United States,1751325216.0,1751325216,-72.4636,41.5446,762.0,False,83.11,58.67,-0.33,,769.62,1200,False,0,2025-06-30 23:13:37
a26c9f,N2551U  ,United States,1751325215.0,1751325216,-84.404,34.3041,640.08,False,46.27,48.15,0.98,,670.56,3544,False,0,2025-06-30 23:13:37
ac36cc,SWA2421 ,United States,1751324904.0,1751324904,-93.1641,44.8683,411.48,False,74.11,301.37,-4.55,,388.62,6224,False,0,2025-06-30 23:13:37
ab5f87,,United States,1751325212.0,1751325212,-95.1518,29.7424,586.74,False,116.01,273.81,-0.65,,,,False,0,2025-06-30 23:13:37
ab4c4b,EJA827  ,United States,1751325217.0,1751325217,-75.6872,42.1667,7315.2,False,257.81,88.63,0.33,,7665.72,0525,False,0,2025-06-30 23:13:37
a26c7a,N2550S  ,United States,1751325077.0,1751325134,-121.0741,36.4549,2339.34,False,75.11,173.31,-0.33,,2392.68,1200,False,0,2025-06-30 23:13:37
a2bc5a,UAL472  ,United States,1751325217.0,1751325217,-80.212,28.7468,9471.66,False,238.69,65.15,5.53,,9966.96,2013,False,0,2025-06-30 23:13:37
ad56e0,JBU9    ,United States,1751325215.0,1751325215,-71.5215,38.413,9448.8,False,246.3,172.8,-0.33,,10005.06,1176,False,0,2025-06-30 23:13:37
a570d1,PRE45   ,United States,1751325217.0,1751325217,-106.5177,31.9705,13098.78,False,236.39,24.84,-0.33,,13815.06,,False,0,2025-06-30 23:13:37
c06aaa,TSC567  ,Canada,1751325213.0,1751325216,-78.0862,32.6511,10668.0,False,224.9,4.2,0.33,,11269.98,,False,0,2025-06-30 23:13:37
a2cf7e,N280RM  ,United States,1751324922.0,1751324922,-118.361,34.2099,,True,7.2,345.94,,,,4157,False,0,2025-06-30 23:13:37
aae3d7,N800WF  ,United States,1751325216.0,1751325216,-99.8467,43.8652,12192.0,False,189.52,267.36,-0.33,,12656.82,2412,False,0,2025-06-30 23:13:37
a1f0b4,RPA5884 ,United States,1751325217.0,1751325217,-71.988,42.6286,5135.88,False,198.53,104.86,-8.78,,5379.72,4163,False,0,2025-06-30 23:13:37
a76f6c,UAL714  ,United States,1751325200.0,1751325200,-87.8944,41.9695,,True,7.46,0.0,,,,0632,False,0,2025-06-30 23:13:37
ac36ef,SWA4018 ,United States,1751325216.0,1751325217,-117.8474,34.5835,11582.4,False,240.22,285.02,0.0,,12207.24,0741,False,0,2025-06-30 23:13:37
345109,IBE03SP ,Spain,1751325217.0,1751325217,-73.6393,40.7925,678.18,False,93.36,211.94,-3.25,,693.42,6005,False,0,2025-06-30 23:13:37
a52f57,ASI859  ,United States,1751325216.0,1751325216,-112.291,32.9199,2827.02,False,61.41,98.67,-0.98,,2918.46,2270,False,0,2025-06-30 23:13:37
461f4f,FIN1    ,Finland,1751325215.0,1751325216,-116.1416,34.682,9319.26,False,197.58,226.37,-4.88,,9822.18,6757,False,0,2025-06-30 23:13:37
adef60,N99725  ,United States,1751325171.0,1751325171,-81.8931,30.4517,579.12,False,54.21,355.1,0.0,,601.98,,False,0,2025-06-30 23:13:37
ab4c83,SCX295  ,United States,1751325216.0,1751325216,-117.9604,45.7469,11582.4,False,213.95,266.28,0.0,,12085.32,,False,0,2025-06-30 23:13:37
a4c6af,AAL1659 ,United States,1751325216.0,1751325216,-107.019,31.83,10066.02,False,252.69,119.38,0.33,,10660.38,7740,False,0,2025-06-30 23:13:37
a03eca,EJM115  ,United States,1751325073.0,1751325073,-106.6208,35.0444,1554.48,False,59.68,90.49,-2.6,,1615.44,,False,0,2025-06-30 23:13:37
ad8c4c,AAL3161 ,United States,1751325216.0,1751325216,-78.8646,40.8575,10972.8,False,227.59,193.6,0.0,,11590.02,0557,False,0,2025-06-30 23:13:37
0d103d,,Mexico,1751325217.0,1751325217,-118.9835,35.6361,12481.56,False,199.95,152.58,0.33,,13159.74,7033,False,0,2025-06-30 23:13:37
a09533,AAL1373 ,United States,1751325216.0,1751325216,-80.0061,26.0615,1097.28,False,130.49,117.98,13.33,,1165.86,,False,0,2025-06-30 23:13:37
a8df06,DAL1413 ,United States,1751325217.0,1751325217,-83.051,33.1609,7620.0,False,240.76,270.24,-1.3,,8077.2,2364,False,0,2025-06-30 23:13:37
a3dc47,DAL449  ,United States,1751325217.0,1751325217,-113.3327,33.6348,10972.8,False,236.97,293.0,0.0,,11612.88,7463,False,0,2025-06-30 23:13:37
a4fc36,N420GA  ,United States,1751325216.0,1751325216,-112.1722,33.8061,906.78,False,68.93,189.88,-3.9,,868.68,,False,0,2025-06-30 23:13:37
a76f43,UAL250  ,United States,1751325145.0,1751325151,-101.0851,40.4982,10668.0,False,242.05,66.05,0.0,,11178.54,,False,0,2025-06-30 23:13:37
a3ef6e,N3526J  ,United States,1751325214.0,1751325214,-122.2695,47.9324,472.44,False,38.16,3.87,1.95,,441.96,,False,0,2025-06-30 23:13:37
a2bc9e,UAL620  ,United States,1751325215.0,1751325215,-77.4506,38.9423,,True,0.0,0.0,,,,,False,0,2025-06-30 23:13:37
a76f48,UAL1385 ,United States,1751325216.0,1751325216,-100.0215,39.8513,10058.4,False,270.43,94.58,-0.33,,10591.8,7622,False,0,2025-06-30 23:13:37
a596e9,N4597S  ,United States,1751325119.0,1751325119,-111.9158,33.3042,457.2,False,45.27,179.35,-3.9,,342.9,1200,False,0,2025-06-30 23:13:37
ac23ef,SWA264  ,United States,1751325217.0,1751325217,-76.5812,38.9652,1539.24,False,130.62,299.49,0.33,,1592.58,7255,False,0,2025-06-30 23:13:37
a1f0f1,N224MA  ,United States,1751325203.0,1751325203,-80.1255,26.433,579.12,False,49.48,183.58,0.98,,586.74,,False,0,2025-06-30 23:13:37
a5e6d7,N48GA   ,United States,1751325216.0,1751325216,-121.3154,37.9747,1196.34,False,74.68,357.24,7.15,,1219.2,,False,0,2025-06-30 23:13:37
461f57,FIN20   ,Finland,1751325216.0,1751325216,-91.9471,38.831,11887.2,False,275.67,34.05,0.0,,12504.42,2323,False,0,2025-06-30 23:13:37
a2bc94,N2758W  ,United States,1751325105.0,1751325105,-94.1616,35.9615,624.84,False,65.38,345.42,-4.23,,632.46,4367,False,0,2025-06-30 23:13:37
a22539,UAL2363 ,United States,1751325194.0,1751325194,-87.8925,42.0028,251.46,False,66.88,270.44,-4.23,,228.6,4375,False,0,2025-06-30 23:13:37
a23862,N242KV  ,United States,1751325216.0,1751325216,-84.7459,33.0656,13716.0,False,199.48,336.28,0.0,,14356.08,2277,False,0,2025-06-30 23:13:37
4063e6,VIR22Q  ,United Kingdom,1751325217.0,1751325217,-70.1467,42.7728,11277.6,False,244.77,53.2,0.0,,11856.72,3606,False,0,2025-06-30 23:13:37
0d1005,VOI1715 ,Mexico,1751325217.0,1751325217,-116.8412,32.4598,10698.48,False,235.42,130.3,5.85,,11300.46,7736,False,0,2025-06-30 23:13:37
a99c95,N7183Q  ,United States,1751325214.0,1751325214,-70.1557,44.8014,1127.76,False,59.41,29.01,-0.33,,1135.38,,False,0,2025-06-30 23:13:37
a0955b,N137BR  ,United States,1751325216.0,1751325216,-112.3178,34.3753,13220.7,False,221.63,151.89,2.6,,13929.36,7640,False,0,2025-06-30 23:13:37
a0822c,UCA4881 ,United States,1751325216.0,1751325217,-91.7672,31.4743,10363.2,False,221.13,250.43,0.33,,10988.04,,False,0,2025-06-30 23:13:37
ad447d,N954L   ,United States,1751325217.0,1751325217,-104.2936,39.7755,3680.46,False,189.98,114.14,16.58,,3909.06,,False,0,2025-06-30 23:13:37
a23844,RPA5699 ,United States,1751325216.0,1751325217,-77.2249,39.0574,1234.44,False,84.26,238.74,-0.33,,1272.54,1621,False,0,2025-06-30 23:13:37
461f08,FIN15   ,Finland,1751325213.0,1751325213,-73.7659,40.6326,,True,8.75,239.06,,,,6554,False,0,2025-06-30 23:13:37
abf17f,AAL2332 ,United States,1751325215.0,1751325216,-108.9068,35.829,9448.8,False,237.49,57.65,0.33,,9982.2,4155,True,0,2025-06-30 23:13:37
addadb,JBU378  ,United States,1751325217.0,1751325217,-88.742,34.774,10668.0,False,232.34,75.38,-0.33,,11308.08,3177,False,0,2025-06-30 23:13:37
a02bd0,N11WB   ,United States,1751325216.0,1751325216,-116.6782,34.6212,5730.24,False,169.15,225.12,-2.93,,6050.28,,False,0,2025-06-30 23:13:37
a14baa,N18287  ,United States,1751325216.0,1751325216,-117.634,34.6505,3520.44,False,82.92,68.53,0.98,,3672.84,4710,False,0,2025-06-30 23:13:37
a4c849,SKW3429 ,United States,1751325216.0,1751325216,-121.0769,36.6764,8252.46,False,197.09,139.66,7.8,,8641.08,3253,False,0,2025-06-30 23:13:37
a700c3,SFY205  ,United States,1751325188.0,1751325188,-80.6325,27.8315,1211.58,False,32.08,74.18,-0.65,,1295.4,,False,0,2025-06-30 23:13:37
a7ac54,ASA862  ,United States,1751325216.0,1751325216,-122.3181,47.4391,121.92,False,74.59,0.0,-3.58,,121.92,,False,0,2025-06-30 23:13:37
c035f8,WJA2903 ,Canada,1751325216.0,1751325216,-71.8657,41.8219,11590.02,False,220.11,337.75,0.33,,12192.0,4135,False,0,2025-06-30 23:13:37
a570f1,N45NB   ,United States,1751325217.0,1751325217,-106.8458,37.2794,12199.62,False,216.44,264.82,-0.33,,12832.08,,False,0,2025-06-30 23:13:37
a2bbac,UAL1911 ,United States,1751325216.0,1751325216,-95.3131,30.0968,2186.94,False,153.0,23.38,13.0,,2308.86,2570,False,0,2025-06-30 23:13:37
a9ff60,N743TH  ,United States,1751325217.0,1751325217,-122.2666,38.1436,754.38,False,43.98,155.83,2.6,,731.52,,False,0,2025-06-30 23:13:37
ac36a9,SWA2044 ,United States,1751325213.0,1751325216,-93.2919,32.9466,11277.6,False,248.61,52.23,0.0,,11948.16,2736,False,0,2025-06-30 23:13:37
ab4c15,AAL3017 ,United States,1751325217.0,1751325217,-77.7678,33.0601,10972.8,False,244.85,196.23,0.33,,11567.16,1656,False,0,2025-06-30 23:13:37
aa80c0,EJA776  ,United States,1751325216.0,1751325216,-121.0255,40.225,12504.42,False,233.29,161.49,-0.65,,13091.16,2660,False,0,2025-06-30 23:13:37
ab5f43,SWA1974 ,United States,1751325216.0,1751325216,-85.062,36.1487,10972.8,False,234.88,348.25,0.0,,11635.74,1040,False,0,2025-06-30 23:13:37
a700ac,DAL778  ,United States,1751325216.0,1751325216,-109.5502,37.5992,10668.0,False,241.96,66.71,-0.33,,11254.74,,False,0,2025-06-30 23:13:37
a33222,ENY3816 ,United States,1751325216.0,1751325216,-96.7559,32.144,5600.7,False,208.07,161.7,7.8,,5935.98,2334,False,0,2025-06-30 23:13:37
a9ec06,UAL1660 ,United States,1751325217.0,1751325217,-95.7159,42.7351,10363.2,False,207.02,276.28,0.0,,10782.3,3545,False,0,2025-06-30 23:13:37
ab03a4,DAL809  ,United States,1751325217.0,1751325217,-86.2144,35.4337,10058.4,False,243.25,129.85,0.0,,10675.62,0212,False,0,2025-06-30 23:13:37
a34542,N31JB   ,United States,1751325157.0,1751325197,-120.5444,37.5775,464.82,False,59.22,140.64,-0.33,,396.24,,False,0,2025-06-30 23:13:37
adb9a1,N9837L  ,United States,1751325142.0,1751325142,-95.0291,38.6759,441.96,False,29.97,320.57,-3.9,,457.2,,False,0,2025-06-30 23:13:37
a9ff49,SKW5584 ,United States,1751325216.0,1751325216,-103.7807,40.8957,8321.04,False,226.81,47.3,6.83,,8778.24,,False,0,2025-06-30 23:13:37
ab4c1d,DAL98   ,United States,1751325216.0,1751325216,-83.2999,40.4777,7490.46,False,244.11,39.53,2.28,,7879.08,4154,False,0,2025-06-30 23:13:37
a1057a,AAL1817 ,United States,1751325217.0,1751325217,-83.7586,35.8675,8763.0,False,247.14,295.39,3.58,,9296.4,0451,False,0,2025-06-30 23:13:37
a690ef,LXJ522  ,United States,1751325215.0,1751325216,-93.5171,34.2443,13106.4,False,216.95,243.68,0.0,,13784.58,5024,False,0,2025-06-30 23:13:37
c06b68,PRO4371 ,Canada,1751325216.0,1751325216,-80.7382,46.6987,838.2,False,69.55,209.22,-3.58,,777.24,,False,0,2025-06-30 23:13:37
a0d236,N152GC  ,United States,1751325216.0,1751325216,-114.6556,36.0527,1249.68,False,54.93,33.54,0.98,,1219.2,,False,0,2025-06-30 23:13:37
abaf30,VAR852  ,United States,1751325212.0,1751325213,-112.8652,33.5414,1836.42,False,66.63,256.61,-4.23,,1889.76,,False,0,2025-06-30 23:13:37
a7bf7c,N599GR  ,United States,1751325216.0,1751325216,-72.5629,41.4582,723.9,False,101.07,99.08,-5.2,,739.14,1200,False,0,2025-06-30 23:13:37
a5e880,N48ZA   ,United States,1751325082.0,1751325082,-74.2722,40.8788,114.3,False,31.02,220.29,-3.25,,83.82,4320,False,0,2025-06-30 23:13:37
a8deb4,DAL1768 ,United States,1751325217.0,1751325217,-72.9336,39.4834,4815.84,False,198.15,312.05,-11.38,,5090.16,,False,0,2025-06-30 23:13:37
ada952,N98FK   ,United States,1751325216.0,1751325216,-92.9117,33.9666,9997.44,False,165.44,64.39,-3.25,,10584.18,3623,False,0,2025-06-30 23:13:37
ad3302,N95HE   ,United States,1751325216.0,1751325216,-99.4934,38.4789,12496.8,False,231.4,86.56,0.0,,13106.4,2063,False,0,2025-06-30 23:13:37
a8484b,BYF31   ,United States,1751325216.0,1751325216,-121.4423,37.6885,83.82,False,16.41,311.19,0.0,,22.86,5345,False,0,2025-06-30 23:13:37
aaf996,EJA806  ,United States,1751325216.0,1751325216,-111.4413,32.7365,8313.42,False,227.35,327.57,12.35,,8808.72,1663,False,0,2025-06-30 23:13:37
aa9679,RPA3465 ,United States,1751325217.0,1751325217,-87.869,41.8706,1333.5,False,116.43,154.34,13.66,,1363.98,7257,False,0,2025-06-30 23:13:37
a83528,N628NG  ,United States,1751324969.0,1751324969,-122.2977,47.5263,,True,7.72,149.06,,,,1504,False,0,2025-06-30 23:13:37
ab9024,EJA844  ,United States,1751325215.0,1751325216,-72.8836,41.2664,,True,0.0,33.75,,,,2257,False,0,2025-06-30 23:13:37
acbcbc,N92KK   ,United States,1751325217.0,1751325217,-72.7582,42.1988,388.62,False,86.78,144.9,-7.15,,373.38,,False,0,2025-06-30 23:13:37
a63bf4,SWA4674 ,United States,1751325217.0,1751325217,-96.6676,32.6394,1531.62,False,141.9,52.22,0.98,,1592.58,3413,False,0,2025-06-30 23:13:37
a3323d,DAL32   ,United States,1751325217.0,1751325217,-96.6746,32.7253,3261.36,False,183.66,75.73,3.9,,3429.0,0512,False,0,2025-06-30 23:13:37
aa831d,N777AW  ,United States,1751325037.0,1751325037,-78.8451,34.0141,2019.3,False,133.65,217.18,-7.15,,2141.22,3517,False,0,2025-06-30 23:13:37
ac267c,AAL1100 ,United States,1751325190.0,1751325190,-97.0331,32.9071,,True,7.72,0.0,,,,,False,0,2025-06-30 23:13:37
a4b58e,N402RH  ,United States,1751325216.0,1751325216,-122.51,45.2324,1173.48,False,59.93,258.11,-5.2,,1188.72,,False,0,2025-06-30 23:13:37
a2bbcc,UAL2665 ,United States,1751325216.0,1751325216,-102.5147,42.2813,10668.0,False,246.94,84.74,0.0,,11178.54,,False,0,2025-06-30 23:13:37
ac0027,SWA266  ,United States,1751324907.0,1751324907,-111.9792,40.7874,,True,7.46,264.38,,,,2016,False,0,2025-06-30 23:13:37
a87bb9,N646CB  ,United States,1751325216.0,1751325216,-118.1982,33.7557,670.56,False,60.21,91.47,-2.28,,640.08,,False,0,2025-06-30 23:13:37
a7287d,N560SC  ,United States,1751325216.0,1751325216,-86.6369,36.1889,563.88,False,88.04,199.81,-4.88,,563.88,1014,False,0,2025-06-30 23:13:37
a5d56b,N475TW  ,United States,1751325216.0,1751325216,-122.606,45.6125,480.06,False,70.62,345.66,4.23,,472.44,,False,0,2025-06-30 23:13:37
accff2,N9244H  ,United States,1751325214.0,1751325214,-83.1426,42.0831,518.16,False,48.29,38.95,-0.33,,449.58,,False,0,2025-06-30 23:13:37
abf32f,SWA1796 ,United States,1751325217.0,1751325217,-76.9195,37.002,11582.4,False,242.43,214.36,0.33,,12237.72,7134,False,0,2025-06-30 23:13:37
4065de,BAW33K  ,United Kingdom,1751325180.0,1751325180,-73.795,40.6448,,True,6.69,354.38,,,,3534,False,0,2025-06-30 23:13:37
aac03d,ENY3596 ,United States,1751325217.0,1751325217,-86.4731,41.4667,5082.54,False,190.41,308.42,-8.13,,5288.28,6676,False,0,2025-06-30 23:13:37
abe00f,SWA2201 ,United States,1751325130.0,1751325130,-74.5439,24.9054,10965.18,False,240.95,319.85,0.0,,11544.3,,False,0,2025-06-30 23:13:37
ac136d,SWA4708 ,United States,1751325216.0,1751325216,-81.4241,28.4803,2171.7,False,134.79,359.78,-6.18,,2301.24,7737,False,0,2025-06-30 23:13:37
aa2cb0,AVA031  ,United States,1751325217.0,1751325217,-80.0698,25.4203,3314.7,False,172.53,158.48,4.23,,3528.06,,False,0,2025-06-30 23:13:37
abe030,SWA159  ,United States,1751324990.0,1751324990,-97.6668,30.2013,,True,1.29,357.19,,,,2064,False,0,2025-06-30 23:13:37
a72832,N560PC  ,United States,1751325216.0,1751325216,-122.8544,45.7903,335.28,False,45.39,144.69,-2.93,,312.42,,False,0,2025-06-30 23:13:37
a3eefb,N35229  ,United States,1751325216.0,1751325216,-80.4614,25.6548,137.16,False,38.52,145.89,-2.6,,160.02,,False,0,2025-06-30 23:13:37
a57229,AAL2356 ,United States,1751325216.0,1751325217,-83.5076,36.3667,10363.2,False,238.82,259.2,-0.33,,10995.66,6065,False,0,2025-06-30 23:13:37
4078de,BAW291  ,United Kingdom,1751325216.0,1751325216,-77.3983,38.4809,2209.8,False,155.89,15.5,-5.2,,2316.48,5433,False,0,2025-06-30 23:13:37
44ccd0,BEL1BT  ,Belgium,1751325217.0,1751325217,-75.9615,39.1823,6499.86,False,240.23,81.63,5.2,,6850.38,3316,False,0,2025-06-30 23:13:37
abe056,SWA2947 ,United States,1751325207.0,1751325207,-77.4595,38.9622,76.2,False,74.09,180.8,0.0,,83.82,2136,False,0,2025-06-30 23:13:37
a9558b,N700LC  ,United States,1751325217.0,1751325217,-96.5715,30.684,906.78,False,82.44,93.22,-0.33,,937.26,4564,False,0,2025-06-30 23:13:37
a8359c,SKW5361 ,United States,1751325216.0,1751325216,-101.6291,31.7338,5463.54,False,178.32,136.64,8.45,,5783.58,,False,0,2025-06-30 23:13:37
ad31f0,N9497M  ,United States,1751325216.0,1751325216,-96.5462,33.1298,723.9,False,63.6,80.69,2.6,,731.52,,False,0,2025-06-30 23:13:37
a4c7b9,N407MD  ,United States,1751325217.0,1751325217,-84.4025,33.1479,922.02,False,52.23,26.31,-0.33,,952.5,1200,False,0,2025-06-30 23:13:37
ac390f,AAL2398 ,United States,1751325217.0,1751325217,-115.6826,47.6485,10668.0,False,253.81,87.79,0.0,,11132.82,6601,False,0,2025-06-30 23:13:37
a38d0b,N328LJ  ,United States,1751325217.0,1751325217,-111.896,33.6354,579.12,False,47.67,223.69,-3.9,,495.3,4414,False,0,2025-06-30 23:13:37
a9689b,N705RC  ,United States,1751325214.0,1751325216,-104.0334,39.5457,2918.46,False,134.88,357.81,-4.55,,3093.72,,False,0,2025-06-30 23:13:37
a51d1b,AAL2831 ,United States,1751325216.0,1751325217,-85.7159,37.6899,10363.2,False,233.99,277.45,-0.33,,10995.66,1552,False,0,2025-06-30 23:13:37
ab5faa,SWA3253 ,United States,1751325217.0,1751325217,-103.9767,39.6643,4808.22,False,219.61,114.64,10.73,,5090.16,,False,0,2025-06-30 23:13:37
a081a3,UCA4241 ,United States,1751325217.0,1751325217,-96.4737,31.4534,8153.4,False,218.83,152.41,-5.53,,8633.46,4151,False,0,2025-06-30 23:13:37
a6e28a,N5426F  ,United States,1751325210.0,1751325210,-80.4325,35.4131,358.14,False,45.89,160.35,-3.9,,487.68,,False,0,2025-06-30 23:13:37
a4529e,N378MH  ,United States,1751325217.0,1751325217,-92.0026,30.5273,7620.0,False,133.7,62.25,-0.33,,8092.44,7065,False,0,2025-06-30 23:13:37
a02d5b,FFL599  ,United States,1751325217.0,1751325217,-103.0184,32.8744,11010.9,False,236.23,286.19,-7.48,,11658.6,1026,False,0,2025-06-30 23:13:37
a95596,N700LP  ,United States,1751325215.0,1751325216,-96.1716,33.3206,3276.6,False,164.15,247.13,-7.48,,3444.24,2676,False,0,2025-06-30 23:13:37
ab0633,N8094C  ,United States,1751325217.0,1751325217,-76.0614,42.6165,2400.3,False,67.96,172.61,-2.28,,2453.64,3761,False,0,2025-06-30 23:13:37
aaf93d,N806MC  ,United States,1751325217.0,1751325217,-83.0541,42.8769,12496.8,False,190.82,280.25,0.0,,13083.54,1750,False,0,2025-06-30 23:13:37
a8def1,DAL3231 ,United States,1751325211.0,1751325214,-84.4333,33.6366,,True,9.26,90.0,,,,4612,False,0,2025-06-30 23:13:37
a224f9,UAL1859 ,United States,1751325046.0,1751325046,-87.893,41.972,,True,6.43,90.0,,,,,False,0,2025-06-30 23:13:37
aaf960,AAL1628 ,United States,1751324996.0,1751324998,-87.8888,42.0028,274.32,False,79.22,270.0,-3.25,,228.6,2057,False,0,2025-06-30 23:13:37
ab1971,AAL2028 ,United States,1751325216.0,1751325216,-83.533,34.587,10668.0,False,228.58,70.95,0.0,,11308.08,1717,False,0,2025-06-30 23:13:37
a83564,EJA628  ,United States,1751325217.0,1751325217,-76.8184,38.3785,10607.04,False,227.31,39.49,-11.38,,11216.64,3027,False,0,2025-06-30 23:13:37
ab1978,AAY2890 ,United States,1751325216.0,1751325217,-85.2771,33.4307,9448.8,False,230.0,146.31,-0.33,,10027.92,3700,False,0,2025-06-30 23:13:37
a83569,QXE2290 ,United States,1751325217.0,1751325217,-123.1466,47.0071,6903.72,False,190.48,182.17,6.5,,7200.9,1670,False,0,2025-06-30 23:13:37
a224fa,UAL2194 ,United States,1751325215.0,1751325217,-92.5347,29.9957,10058.4,False,221.14,84.66,0.33,,10675.62,4664,False,0,2025-06-30 23:13:37
ab5fdd,AAL3175 ,United States,1751325182.0,1751325190,-84.442,33.6411,,True,0.0,284.06,,,,1535,True,0,2025-06-30 23:13:37
a9a52f,OST20   ,United States,1751325205.0,1751325205,-97.1009,36.126,502.92,False,51.45,90.57,-3.25,,495.3,,False,0,2025-06-30 23:13:37
a8ded6,DAL1927 ,United States,1751325216.0,1751325217,-87.8134,32.4872,9753.6,False,248.89,241.21,0.33,,10340.34,3512,False,0,2025-06-30 23:13:37
a14d78,SKW3297 ,United States,1751325216.0,1751325216,-122.0572,39.5914,10271.76,False,241.93,1.95,5.85,,10736.58,3232,False,0,2025-06-30 23:13:37
a37a25,N323HA  ,United States,1751325216.0,1751325216,-100.7127,43.265,1905.0,False,95.34,105.01,8.45,,2019.3,,False,0,2025-06-30 23:13:37
a5c293,N470RB  ,United States,1751325216.0,1751325216,-118.3054,33.6937,1150.62,False,40.68,237.92,-1.95,,1127.76,,False,0,2025-06-30 23:13:37
a8dee0,UAL170  ,United States,1751325153.0,1751325153,-74.1688,40.7009,,True,0.0,95.62,,,,,False,0,2025-06-30 23:13:37
a26d4a,N2556Q  ,United States,1751325217.0,1751325217,-117.9951,33.9307,944.88,False,68.81,348.35,-2.6,,952.5,,False,0,2025-06-30 23:13:37
ada922,N98DM   ,United States,1751325216.0,1751325216,-84.12,40.373,2194.56,False,96.81,223.28,-3.9,,2247.9,1713,False,0,2025-06-30 23:13:37
a9fec4,ENYMTX35,United States,1751325152.0,1751325152,-87.9243,41.9725,,True,4.37,270.0,,,,,False,0,2025-06-30 23:13:37
c07ee0,WJA1430 ,Canada,1751325101.0,1751325181,-118.3433,43.448,11887.2,False,221.39,188.15,0.0,,12451.08,2141,False,0,2025-06-30 23:13:37
a691c0,CXK544  ,United States,1751325203.0,1751325203,-119.215,34.2825,548.64,False,53.5,90.0,-0.33,,541.02,0407,False,0,2025-06-30 23:13:37
a38d8f,AAL2250 ,United States,1751325216.0,1751325216,-79.1269,25.3944,5996.94,False,221.77,271.2,-8.45,,6370.32,,False,0,2025-06-30 23:13:37
ad57bb,SKW490Z ,United States,1751325216.0,1751325216,-106.5091,40.0552,8145.78,False,192.75,231.94,2.28,,8625.84,3210,False,0,2025-06-30 23:13:37
a15fa4,AAY2310 ,United States,1751325217.0,1751325217,-111.6126,33.3359,1287.78,False,113.95,129.87,10.08,,1272.54,4112,False,0,2025-06-30 23:13:37
ab04f3,SCX394  ,United States,1751325216.0,1751325217,-94.7806,44.5511,7665.72,False,210.35,72.05,-4.88,,7917.18,3350,False,0,2025-06-30 23:13:37
a7ad0d,JBU1002 ,United States,1751325214.0,1751325214,-79.3154,26.5629,5989.32,False,208.26,64.7,8.13,,6324.6,,False,0,2025-06-30 23:13:37
aa1a26,ENY4040 ,United States,1751325217.0,1751325217,-87.1703,41.9538,2682.24,False,138.43,285.74,-9.75,,2758.44,6270,False,0,2025-06-30 23:13:37
aa94bb,,United States,1751324915.0,1751324916,-90.8623,35.4137,160.02,False,58.93,314.29,4.55,,144.78,,False,0,2025-06-30 23:13:37
a967ae,FFT152  ,United States,1751324904.0,1751324904,-84.4267,33.6373,,True,2.06,98.44,,,,6125,False,0,2025-06-30 23:13:37
a37a3f,JBU2184 ,United States,1751325217.0,1751325217,-71.3612,41.6871,3962.4,False,164.2,160.03,-0.33,,4152.9,6277,False,0,2025-06-30 23:13:37
ab04fb,TRF509  ,United States,1751325216.0,1751325216,-96.3889,32.7835,579.12,False,46.95,124.73,-0.98,,571.5,,False,0,2025-06-30 23:13:37
a6f4be,N5473R  ,United States,1751325217.0,1751325217,-95.6525,33.2547,1005.84,False,47.43,319.4,1.95,,1028.7,,False,0,2025-06-30 23:13:37
aa94aa,ENY3808 ,United States,1751325216.0,1751325216,-84.8262,44.9007,9144.0,False,211.38,193.22,0.0,,9525.0,4374,False,0,2025-06-30 23:13:37
a50a88,AAL778  ,United States,1751325216.0,1751325216,-112.6689,34.6505,10370.82,False,222.07,263.62,-0.65,,10957.56,,False,0,2025-06-30 23:13:37
c07eee,WJA613  ,Canada,1751325216.0,1751325216,-75.8127,45.2731,1592.58,False,136.13,300.93,10.08,,1607.82,,False,0,2025-06-30 23:13:37
a4ea77,AAL2311 ,United States,1751325216.0,1751325217,-84.8689,30.7968,10066.02,False,240.16,121.51,0.0,,10675.62,3202,True,0,2025-06-30 23:13:37
407993,BAW11J  ,United Kingdom,1751325217.0,1751325217,-73.8076,40.5945,586.74,False,105.26,211.2,3.9,,579.12,2741,False,0,2025-06-30 23:13:37
407992,BAW8DS  ,United Kingdom,1751325217.0,1751325217,-117.6688,34.3635,7513.32,False,250.72,55.36,8.13,,7909.56,7631,False,0,2025-06-30 23:13:37
c02501,AIE803  ,Canada,1751325215.0,1751325216,-74.4461,47.0893,7002.78,False,129.1,163.8,0.0,,7284.72,,False,0,2025-06-30 23:13:37
ae51a6,R20346  ,United States,1751324941.0,1751324941,-96.3614,39.1147,1501.14,False,58.72,78.89,-2.93,,1554.48,,False,0,2025-06-30 23:13:37
addd2b,N9925U  ,United States,1751325216.0,1751325216,-120.157,34.8019,2316.48,False,53.19,131.86,0.98,,2377.44,,False,0,2025-06-30 23:13:37
a47905,N388AC  ,United States,1751325137.0,1751325151,-78.3234,28.5285,10668.0,False,239.75,27.33,9.1,,11140.44,1344,False,0,2025-06-30 23:13:37
a584bc,AAL1719 ,United States,1751325216.0,1751325216,-121.9622,46.3395,11285.22,False,222.59,167.86,0.0,,11750.04,7075,False,0,2025-06-30 23:13:37
a74a03,N569TA  ,United States,1751325216.0,1751325216,-103.1419,36.88,12184.38,False,203.76,339.92,0.33,,12816.84,0233,False,0,2025-06-30 23:13:37
aa2d14,SKW9909 ,United States,1751325216.0,1751325216,-85.9203,42.4648,6103.62,False,196.04,271.05,-2.93,,6339.84,,False,0,2025-06-30 23:13:37
a9427a,N696RC  ,United States,1751325217.0,1751325217,-118.6567,35.2994,2331.72,False,49.68,121.88,1.3,,2377.44,,False,0,2025-06-30 23:13:37
ad7a60,PCM7721 ,United States,1751324934.0,1751324934,-122.5975,38.2534,60.96,False,43.24,304.82,-2.28,,7.62,1200,False,0,2025-06-30 23:13:37
ab1902,N814JB  ,United States,1751324995.0,1751325162,-83.9319,40.4572,1089.66,False,65.4,155.85,-2.93,,1059.18,,False,0,2025-06-30 23:13:37
a49a82,EJA396  ,United States,1751325167.0,1751325169,-86.6848,33.6004,495.3,False,61.85,258.97,-0.65,,502.92,5620,True,0,2025-06-30 23:13:37
ae51ab,ICED52  ,United States,1751325046.0,1751325054,-104.7584,38.679,1676.4,False,2.62,191.31,-1.3,,1775.46,,False,0,2025-06-30 23:13:37
a51d5f,N429DF  ,United States,1751325215.0,1751325215,-116.8416,33.8922,1645.92,False,72.74,255.67,0.65,,1706.88,,False,0,2025-06-30 23:13:37
a0f922,DISCUS5 ,United States,1751325193.0,1751325193,-111.7886,39.51,4937.76,False,52.97,330.95,-3.58,,5273.04,,False,0,2025-06-30 23:13:37
acbd77,N92SX   ,United States,1751324988.0,1751324988,-120.8794,36.4321,2903.22,False,118.48,177.01,-0.33,,3017.52,,False,0,2025-06-30 23:13:37
a9ed89,N739LW  ,United States,1751325163.0,1751325163,-80.5485,34.8998,1043.94,False,42.3,103.36,-3.58,,1066.8,,False,0,2025-06-30 23:13:37
c010ec,ACA175  ,Canada,1751325216.0,1751325216,-79.6344,43.6918,,True,3.09,42.19,,,,6355,False,0,2025-06-30 23:13:37
c010ea,ACA793  ,Canada,1751325113.0,1751325113,-79.6099,43.6784,,True,1.03,298.12,,,,0543,False,0,2025-06-30 23:13:37
aa9600,UAL787  ,United States,1751325216.0,1751325216,-95.6076,30.2216,3299.46,False,149.32,139.89,-6.83,,3489.96,0041,False,0,2025-06-30 23:13:37
a2396e,SWA1925 ,United States,1751325216.0,1751325217,-98.5446,29.7198,1569.72,False,131.16,254.76,-2.28,,1661.16,2527,False,0,2025-06-30 23:13:37
c06c8c,CGPCT   ,Canada,1751325216.0,1751325216,-122.541,48.9534,2689.86,False,117.23,73.95,4.88,,2788.92,0052,False,0,2025-06-30 23:13:37
a0835d,RPA4506 ,United States,1751325216.0,1751325216,-79.5162,35.1319,8839.2,False,238.94,51.21,0.0,,9380.22,,False,0,2025-06-30 23:13:37
a1afd5,N208BA  ,United States,1751325217.0,1751325217,-121.9293,47.3706,1280.16,False,86.27,280.3,-2.93,,1333.5,,False,0,2025-06-30 23:13:37
a99d87,ASA572  ,United States,1751325217.0,1751325217,-85.7286,38.3711,10363.2,False,233.59,302.96,-0.33,,10965.18,3074,False,0,2025-06-30 23:13:37
a46603,UAL2288 ,United States,1751325217.0,1751325217,-97.9036,37.003,10363.2,False,234.0,292.9,0.0,,10957.56,6527,False,0,2025-06-30 23:13:37
a9a4e2,JIA5155 ,United States,1751325216.0,1751325216,-82.2488,39.2476,9227.82,False,228.34,163.24,4.55,,9768.84,0362,False,0,2025-06-30 23:13:37
a1afcf,TTE208  ,United States,1751325201.0,1751325201,-114.9778,43.2347,7627.62,False,202.3,99.37,0.0,,8023.86,,False,0,2025-06-30 23:13:37
a27fdb,JSX142  ,United States,1751325027.0,1751325027,-118.3592,34.1968,,True,8.23,270.0,,,,3277,False,0,2025-06-30 23:13:37
abf29f,SWA3121 ,United States,1751325216.0,1751325216,-120.1228,44.7428,10668.0,False,245.34,107.83,0.0,,11140.44,6640,False,0,2025-06-30 23:13:37
a39fb7,UAL533  ,United States,1751325217.0,1751325217,-87.6928,41.8841,1691.64,False,149.7,90.2,-7.15,,1737.36,2304,False,0,2025-06-30 23:13:37
a4a300,N3981D  ,United States,1751325216.0,1751325216,-112.4891,32.8451,2941.32,False,67.64,117.15,-0.33,,3070.86,7202,False,0,2025-06-30 23:13:37
a22642,ASA406  ,United States,1751325216.0,1751325216,-77.4385,38.9106,434.34,False,92.67,201.15,12.03,,403.86,,False,0,2025-06-30 23:13:37
a2cfa2,SKW3671 ,United States,1751325216.0,1751325216,-117.9942,47.554,3238.5,False,162.69,58.97,-6.18,,3406.14,4652,False,0,2025-06-30 23:13:37
a4fca9,GTW420  ,United States,1751325215.0,1751325216,-76.1085,38.7988,594.36,False,111.54,323.82,4.23,,594.36,,False,0,2025-06-30 23:13:37
a0d319,N152RE  ,United States,1751324300.0,1751325216,-96.7042,33.588,1005.84,False,36.68,67.75,0.0,,1021.08,,False,0,2025-06-30 23:13:37
a0d374,AAL3105 ,United States,1751325216.0,1751325216,-91.6755,42.2803,9136.38,False,217.74,304.22,0.33,,9517.38,6246,False,0,2025-06-30 23:13:37
a46665,N38291  ,United States,1751325201.0,1751325208,-97.7262,33.0542,1272.54,False,36.25,186.52,1.95,,1310.64,,False,0,2025-06-30 23:13:37
a9ed2e,N739HE  ,United States,1751325217.0,1751325217,-121.2413,37.3684,1882.14,False,56.63,87.92,-0.65,,1897.38,5346,False,0,2025-06-30 23:13:37
aa1a81,SKW6481 ,United States,1751325216.0,1751325216,-95.8169,36.8757,9761.22,False,212.83,231.77,0.65,,10355.58,3216,False,0,2025-06-30 23:13:37
a2cffc,SWA2021 ,United States,1751325216.0,1751325216,-111.6544,33.2538,2506.98,False,130.89,353.91,-8.78,,2628.9,4567,False,0,2025-06-30 23:13:37
c010a8,ACA112  ,Canada,1751325216.0,1751325216,-80.8481,43.3233,6263.64,False,194.75,113.18,-9.75,,6537.96,1645,False,0,2025-06-30 23:13:37
a9da0d,N734BN  ,United States,1751325212.0,1751325212,-122.2228,37.7318,,True,5.92,160.31,,,,,False,0,2025-06-30 23:13:37
a32015,N300HV  ,United States,1751325217.0,1751325217,-117.6736,33.34,1676.4,False,63.83,130.75,0.0,,1699.26,4770,False,0,2025-06-30 23:13:37
c010cb,ACA148  ,Canada,1751325215.0,1751325216,-90.2744,48.4893,10675.62,False,248.12,112.68,-0.33,,10888.98,,False,0,2025-06-30 23:13:37
a4795e,DSU24   ,United States,1751325216.0,1751325216,-90.8154,33.7042,457.2,False,59.8,35.19,0.98,,457.2,1200,False,0,2025-06-30 23:13:37
ac37bd,SWA2256 ,United States,1751325216.0,1751325217,-95.0002,36.5242,10668.0,False,252.66,117.66,0.0,,11292.84,3265,False,0,2025-06-30 23:13:37
a87d8b,N646WT  ,United States,1751325216.0,1751325216,-83.6072,29.3723,8755.38,False,159.53,149.8,-7.15,,9281.16,6655,False,0,2025-06-30 23:13:37
ab3a0c,UAL1068 ,United States,1751325196.0,1751325196,-87.931,41.9753,,True,0.0,270.0,,,,6231,False,0,2025-06-30 23:13:37
ab04bb,EJA809  ,United States,1751325216.0,1751325216,-79.848,41.9995,13106.4,False,215.59,250.48,0.0,,13708.38,4122,False,0,2025-06-30 23:13:37
aa94ef,LN781HC ,United States,1751325217.0,1751325217,-109.5503,38.1471,4625.34,False,102.23,319.9,7.48,,4922.52,,False,0,2025-06-30 23:13:37
a7ad84,DAL924  ,United States,1751325216.0,1751325216,-103.8979,31.8843,10972.8,False,238.77,268.64,0.33,,11628.12,1207,False,0,2025-06-30 23:13:37
a9da02,N734BB  ,United States,1751325217.0,1751325217,-120.9136,44.0763,2286.0,False,39.7,108.9,-5.2,,2369.82,,False,0,2025-06-30 23:13:37
a52fb2,EJA433  ,United States,1751325217.0,1751325217,-104.2391,39.0749,12496.8,False,223.68,69.4,0.0,,13106.4,2065,False,0,2025-06-30 23:13:37
a0704a,N12713  ,United States,1751325216.0,1751325216,-82.7416,27.9805,266.7,False,39.26,158.48,-1.63,,289.56,,False,0,2025-06-30 23:13:37
a2000d,EDV5246 ,United States,1751325216.0,1751325216,-78.1453,39.5913,9753.6,False,241.06,204.32,-0.33,,10340.34,6606,False,0,2025-06-30 23:13:37
a33325,AAY71   ,United States,1751325216.0,1751325216,-110.6895,35.4927,10652.76,False,242.68,103.86,0.33,,11292.84,,False,0,2025-06-30 23:13:37
c04049,ACA508  ,Canada,1751325180.0,1751325187,-79.6161,43.6768,205.74,True,5.4,45.0,,,,6275,False,0,2025-06-30 23:13:37
a3e911,FFT4208 ,United States,1751325216.0,1751325217,-78.6584,36.3158,5935.98,False,197.67,27.77,12.03,,6286.5,3233,False,0,2025-06-30 23:13:37
ac52ee,ASH6065 ,United States,1751325217.0,1751325217,-95.2326,33.3361,9448.8,False,239.71,21.0,0.0,,10058.4,7273,False,0,2025-06-30 23:13:37
a26623,N2538R  ,United States,1751325216.0,1751325217,-120.8469,38.4243,2301.24,False,49.34,168.57,1.63,,2369.82,4575,False,0,2025-06-30 23:13:37
a19fbe,N20312  ,United States,1751325216.0,1751325216,-85.575,38.4462,579.12,False,56.98,50.13,0.98,,525.78,,False,0,2025-06-30 23:13:37
ac52f2,ASH6288 ,United States,1751325216.0,1751325216,-95.784,28.6907,7741.92,False,209.47,208.45,4.88,,8221.98,7241,False,0,2025-06-30 23:13:37
a7da2e,TWY76   ,United States,1751325216.0,1751325217,-107.4955,37.7788,12192.0,False,229.26,250.47,0.0,,12839.7,1422,False,0,2025-06-30 23:13:37
899082,EVA667  ,Taiwan,1751325215.0,1751325215,-88.8714,45.6616,9144.0,False,275.08,351.61,0.0,,9403.08,7762,False,0,2025-06-30 23:13:37
ade8ff,DAL3016 ,United States,1751324979.0,1751324979,-84.4289,33.6386,,True,0.06,281.25,,,,7267,False,0,2025-06-30 23:13:37
ade8fa,AAL2636 ,United States,1751325216.0,1751325216,-89.339,40.7661,7315.2,False,244.77,39.71,0.33,,7658.1,0773,False,0,2025-06-30 23:13:37
ac52ff,SWA123  ,United States,1751325216.0,1751325217,-83.1359,28.5125,7924.8,False,226.41,157.98,0.33,,8382.0,2733,False,0,2025-06-30 23:13:37
a2c90d,ENY3348 ,United States,1751325216.0,1751325216,-82.8365,28.2752,2331.72,False,144.6,88.57,-5.85,,2468.88,3422,False,0,2025-06-30 23:13:37
a06cd9,N12633  ,United States,1751323695.0,1751325216,-72.5422,40.8206,251.46,False,24.4,335.06,-0.65,,243.84,,False,0,2025-06-30 23:13:37
adc2a7,AAL851  ,United States,1751325212.0,1751325216,-97.1005,33.2132,1333.5,False,135.61,126.83,-4.88,,1386.84,0515,False,0,2025-06-30 23:13:37
a0261f,N10897  ,United States,1751325217.0,1751325217,-104.6306,38.2853,1866.9,False,38.6,88.47,0.0,,1965.96,1200,False,0,2025-06-30 23:13:37
a1a924,RPA5882 ,United States,1751325217.0,1751325217,-75.8972,43.3566,10363.2,False,217.21,304.97,0.0,,10911.84,1343,False,0,2025-06-30 23:13:37
a66a8c,TRF512  ,United States,1751325208.0,1751325214,-96.0568,32.7033,411.48,False,51.96,180.57,-1.3,,388.62,1200,False,0,2025-06-30 23:13:37
a2790a,N259BD  ,United States,1751325153.0,1751325153,-122.5822,47.2547,198.12,False,44.39,184.65,-3.58,,365.76,,False,0,2025-06-30 23:13:37
c04051,ROU1706 ,Canada,1751325062.0,1751325067,-73.7456,45.4614,,True,5.66,295.31,,,,5473,False,0,2025-06-30 23:13:37
a8c4d8,UAL134  ,United States,1751325217.0,1751325217,-72.3134,42.9783,10066.02,False,254.93,60.9,-0.33,,10584.18,1716,False,0,2025-06-30 23:13:37
c0404e,WJA2710 ,Canada,1751325216.0,1751325217,-79.3998,29.3027,10972.8,False,242.11,197.43,0.0,,11521.44,6344,False,0,2025-06-30 23:13:37
c0404f,ROU1628 ,Canada,1751325209.0,1751325213,-78.7557,31.2402,10972.8,False,255.22,205.17,0.0,,11551.92,7260,False,0,2025-06-30 23:13:37
a38641,SKW4121 ,United States,1751325216.0,1751325216,-98.2399,28.582,9433.56,False,206.81,180.0,6.83,,10043.16,0465,False,0,2025-06-30 23:13:37
a1a986,ENY3981 ,United States,1751325195.0,1751325196,-97.0547,32.9155,198.12,False,66.88,180.44,-2.93,,175.26,2741,False,0,2025-06-30 23:13:37
a9f7b0,EJA741  ,United States,1751325217.0,1751325217,-79.4617,38.3884,13106.4,False,228.34,12.09,-1.63,,13792.2,6206,False,0,2025-06-30 23:13:37
a32ff6,AAL584  ,United States,1751325216.0,1751325216,-107.15,31.9037,9448.8,False,244.34,96.41,0.33,,9997.44,0701,False,0,2025-06-30 23:13:37
0d0877,XCOPF   ,Mexico,1751325217.0,1751325217,-106.5665,30.6183,8168.64,False,205.34,187.2,9.1,,8633.46,,False,0,2025-06-30 23:13:37
406ec7,BAW293  ,United Kingdom,1751325217.0,1751325217,-71.4971,42.0054,12192.0,False,243.24,216.31,0.0,,12801.6,0726,False,0,2025-06-30 23:13:37
a5ad74,N465PA  ,United States,1751324904.0,1751324915,-117.6742,35.7055,762.0,False,66.46,219.98,-2.93,,716.28,5160,False,0,2025-06-30 23:13:37
a1efe7,ASA756  ,United States,1751325216.0,1751325216,-122.6599,45.085,3048.0,False,156.29,4.15,-0.33,,3185.16,,False,0,2025-06-30 23:13:37
a874a4,FFT1066 ,United States,1751325217.0,1751325217,-93.6772,42.257,10660.38,False,277.7,71.53,0.33,,11117.58,3246,False,0,2025-06-30 23:13:37
c0797b,ACA1075 ,Canada,1751325216.0,1751325217,-98.3002,42.3785,11582.4,False,213.53,244.3,0.0,,12070.08,6240,False,0,2025-06-30 23:13:37
aa6e81,UAL1805 ,United States,1751325216.0,1751325216,-109.3275,39.5489,10972.8,False,247.29,261.99,0.0,,11559.54,3247,False,0,2025-06-30 23:13:37
a18cbb,UAL1855 ,United States,1751325216.0,1751325216,-105.5959,41.1329,11887.2,False,262.28,63.69,0.0,,12504.42,6024,False,0,2025-06-30 23:13:37
a78a52,AAL1948 ,United States,1751325217.0,1751325217,-95.9563,32.5035,10050.78,False,245.0,73.66,0.0,,10675.62,1561,False,0,2025-06-30 23:13:37
a0bcb2,AAL619  ,United States,1751325216.0,1751325216,-85.5214,39.9232,7924.8,False,237.11,348.1,0.33,,8343.9,4133,False,0,2025-06-30 23:13:37
a32fd5,SKW3594 ,United States,1751325217.0,1751325217,-120.5154,46.6042,7635.24,False,181.52,304.73,-8.13,,8001.0,,False,0,2025-06-30 23:13:37
040124,ETH516  ,Ethiopia,1751325216.0,1751325217,-73.7217,39.4606,12192.0,False,243.46,230.66,0.0,,12847.32,7251,False,0,2025-06-30 23:13:37
a2c92b,AAY397  ,United States,1751325216.0,1751325217,-81.2065,33.8489,11582.4,False,241.03,169.05,0.65,,12252.96,6650,False,0,2025-06-30 23:13:37
a5ad90,LBQ782  ,United States,1751325216.0,1751325216,-84.2657,34.6391,4564.38,False,121.04,35.31,0.0,,4823.46,4047,False,0,2025-06-30 23:13:37
a7ed2e,N61JA   ,United States,1751325216.0,1751325217,-105.0814,38.4202,2682.24,False,50.67,113.96,-0.98,,2834.64,,False,0,2025-06-30 23:13:37
c0799e,TSC695  ,Canada,1751325216.0,1751325216,-76.2674,45.3931,12192.0,False,225.63,240.04,0.0,,12740.64,0750,False,0,2025-06-30 23:13:37
899036,EVA018  ,Taiwan,1751325216.0,1751325216,-124.905,37.8414,11117.58,False,242.73,109.05,-10.4,,11612.88,,False,0,2025-06-30 23:13:37
a5031a,AAL1657 ,United States,1751325217.0,1751325217,-100.1128,32.149,10668.0,False,236.14,56.1,0.0,,11330.94,6752,False,0,2025-06-30 23:13:37
acfe09,EDV5166 ,United States,1751325213.0,1751325213,-73.8809,40.7712,,True,7.2,33.75,,,,6644,False,0,2025-06-30 23:13:37
a68fe3,N5216V  ,United States,1751325216.0,1751325216,-84.4687,37.95,762.0,False,48.87,216.87,-0.33,,739.14,,False,0,2025-06-30 23:13:37
aaab05,N787FA  ,United States,1751325216.0,1751325216,-119.1994,34.2339,594.36,False,47.55,5.59,3.9,,563.88,,False,0,2025-06-30 23:13:37
aa141e,ENY3796 ,United States,1751325217.0,1751325217,-88.1756,43.1462,5219.7,False,181.24,347.54,0.33,,5394.96,1343,False,0,2025-06-30 23:13:37
a7b927,CXK657  ,United States,1751325217.0,1751325217,-104.5242,39.7032,1935.48,False,53.5,0.0,-3.58,,2034.54,,False,0,2025-06-30 23:13:37
a3999e,ATN6750 ,United States,1751325121.0,1751325127,-97.3251,33.0227,335.28,False,60.14,169.65,-2.28,,304.8,6520,False,0,2025-06-30 23:13:37
406f73,BAW243  ,United Kingdom,1751325216.0,1751325217,-82.617,27.7031,11574.78,False,258.43,242.11,0.0,,12230.1,5705,False,0,2025-06-30 23:13:37
aaab20,N787GC  ,United States,1751325216.0,1751325217,-111.9155,33.323,586.74,False,50.27,197.88,-3.58,,510.54,6316,False,0,2025-06-30 23:13:37
a6dfaa,DAL332  ,United States,1751325216.0,1751325217,-121.2628,47.9706,6461.76,False,165.64,254.32,-4.88,,6751.32,7030,False,0,2025-06-30 23:13:37
aba8d0,RAX698  ,United States,1751325093.0,1751325099,-112.5194,44.0308,11277.6,False,248.35,86.79,-0.33,,11871.96,,False,0,2025-06-30 23:13:37
406f72,BAW81V  ,United Kingdom,1751325217.0,1751325217,-77.0311,44.4328,11269.98,False,266.05,72.79,0.0,,11826.24,7432,False,0,2025-06-30 23:13:37
a37347,AAY878  ,United States,1751325216.0,1751325216,-81.599,31.4337,11871.96,False,215.38,25.46,-1.63,,12527.28,1042,False,0,2025-06-30 23:13:37
a64996,JBU2078 ,United States,1751325217.0,1751325217,-79.6861,27.0445,6096.0,False,190.12,305.2,0.0,,6431.28,0204,False,0,2025-06-30 23:13:37
c06644,CGMSX   ,Canada,1751325215.0,1751325216,-108.0176,38.7301,9144.0,False,118.12,216.32,0.33,,9677.4,,False,0,2025-06-30 23:13:37
c07973,ACA511  ,Canada,1751325216.0,1751325216,-79.6494,43.6842,205.74,False,72.41,226.44,0.0,,137.16,2242,False,0,2025-06-30 23:13:37
c07971,ACA773  ,Canada,1751325216.0,1751325216,-79.3534,43.8403,944.88,False,89.96,243.14,0.0,,914.4,1303,False,0,2025-06-30 23:13:37
a24014,ENY3897 ,United States,1751325217.0,1751325217,-98.5645,35.3482,6362.7,False,193.42,258.18,8.13,,6713.22,,False,0,2025-06-30 23:13:37
c0796d,CGTZO   ,Canada,1751325035.0,1751325039,-79.0793,43.119,236.22,False,27.8,87.88,-3.58,,182.88,,False,0,2025-06-30 23:13:37
a1dcf2,SWA2062 ,United States,1751325216.0,1751325216,-113.8481,33.5771,10919.46,False,230.95,286.7,-4.88,,11544.3,3613,False,0,2025-06-30 23:13:37
0d0857,ACW1411 ,Mexico,1751325216.0,1751325216,-100.1261,25.3686,6187.44,False,169.94,213.02,16.91,,6568.44,,False,0,2025-06-30 23:13:37
a7a616,DAL2225 ,United States,1751325216.0,1751325217,-81.4289,30.6796,10058.4,False,220.71,359.47,0.0,,10637.52,3264,False,0,2025-06-30 23:13:37
a1a98d,AAY2122 ,United States,1751325217.0,1751325217,-79.7762,26.2496,3154.68,False,159.9,63.85,4.23,,3352.8,,False,0,2025-06-30 23:13:37
a64931,N504EA  ,United States,1751325216.0,1751325216,-122.7482,46.9443,1066.8,False,57.53,148.16,2.6,,1066.8,,False,0,2025-06-30 23:13:37
a06e0b,DAL1397 ,United States,1751325216.0,1751325216,-93.8201,33.2388,10668.0,False,245.78,73.46,-0.33,,11315.7,5206,False,0,2025-06-30 23:13:37
a4f601,EPI544  ,United States,1751325217.0,1751325217,-80.8845,28.9035,967.74,False,41.48,133.99,2.93,,1036.32,1200,False,0,2025-06-30 23:13:37
a37389,AAL2457 ,United States,1751325217.0,1751325217,-103.9592,31.1202,11582.4,False,233.18,293.4,0.0,,12260.58,6051,True,0,2025-06-30 23:13:37
a861ef,N6393C  ,United States,1751325133.0,1751325133,-119.0384,35.4158,289.56,False,37.84,316.1,-2.93,,205.74,4775,False,0,2025-06-30 23:13:37
a68fb0,N5215D  ,United States,1751325216.0,1751325216,-80.3897,25.6463,274.32,False,39.95,78.11,-0.33,,312.42,,False,0,2025-06-30 23:13:37
ab7b63,SKW3934 ,United States,1751325216.0,1751325216,-90.1801,38.8836,3421.38,False,154.94,99.56,13.98,,3573.78,1126,False,0,2025-06-30 23:13:37
a24082,SKW3600 ,United States,1751325217.0,1751325217,-97.7504,35.4886,1722.12,False,137.47,272.36,8.45,,1813.56,,False,0,2025-06-30 23:13:37
ab32db,N820WM  ,United States,1751325211.0,1751325216,-82.5249,34.532,1005.84,False,52.05,356.6,1.63,,1059.18,,False,0,2025-06-30 23:13:37
a7da9c,JBU932  ,United States,1751325216.0,1751325216,-89.2372,35.2807,10668.0,False,245.68,66.82,0.0,,11338.56,2532,False,0,2025-06-30 23:13:37
ae08fd,WING84  ,United States,1751325216.0,1751325217,-82.3881,38.5121,8252.46,False,133.93,141.24,0.0,,8709.66,6253,False,0,2025-06-30 23:13:37
a6dfa1,N542CW  ,United States,1751325217.0,1751325217,-121.1402,47.2621,2301.24,False,58.47,111.15,0.0,,2377.44,3032,False,0,2025-06-30 23:13:37
a2b698,AAY2406 ,United States,1751325217.0,1751325217,-118.4688,33.9423,579.12,False,92.78,260.75,5.2,,548.64,,False,0,2025-06-30 23:13:37
aca2ae,JSX410  ,United States,1751325217.0,1751325217,-114.9262,36.1469,1981.2,False,123.06,267.6,-6.83,,2042.16,2142,False,0,2025-06-30 23:13:37
aa2701,AAL682  ,United States,1751325216.0,1751325217,-85.3587,39.8549,6659.88,False,228.57,71.77,8.45,,6949.44,3430,False,0,2025-06-30 23:13:37
a7da8f,N605HP  ,United States,1751325216.0,1751325216,-90.3676,29.6748,4838.7,False,195.03,268.64,0.0,,5105.4,5424,False,0,2025-06-30 23:13:37
a5bfc3,N47LH   ,United States,1751325216.0,1751325216,-80.1332,26.4524,1554.48,False,49.6,5.36,3.25,,1668.78,,False,0,2025-06-30 23:13:37
a4e307,AAL3044 ,United States,1751325211.0,1751325216,-83.494,26.4042,9128.76,False,226.87,132.33,-5.2,,9669.78,3347,False,0,2025-06-30 23:13:37
a9966f,TWY771  ,United States,1751325216.0,1751325216,-81.8834,40.1796,7178.04,False,241.37,66.11,-8.78,,7543.8,2722,False,0,2025-06-30 23:13:37
add665,N991AL  ,United States,1751325217.0,1751325217,-118.6107,34.0438,914.4,False,43.47,69.21,1.95,,899.16,,False,0,2025-06-30 23:13:37
add667,AAL2139 ,United States,1751325103.0,1751325103,-81.2827,28.4494,22.86,False,77.69,179.24,-3.58,,53.34,3677,False,0,2025-06-30 23:13:37
a8a017,JBU394  ,United States,1751325217.0,1751325217,-71.0565,42.5056,1821.18,False,116.93,28.37,-1.63,,1889.76,1412,False,0,2025-06-30 23:13:37
c051cc,TSC187  ,Canada,1751325216.0,1751325216,-79.5245,43.5673,2430.78,False,129.82,335.16,-4.23,,2468.88,4112,False,0,2025-06-30 23:13:37
ad734a,JBU161  ,United States,1751325208.0,1751325213,-73.7812,40.6323,,True,0.0,298.12,,,,,False,0,2025-06-30 23:13:37
c051e4,ACA844  ,Canada,1751325216.0,1751325216,-72.8384,46.2114,6461.76,False,245.99,59.73,6.5,,6720.84,,False,0,2025-06-30 23:13:37
a038ff,SKW5871 ,United States,1751325217.0,1751325217,-85.6301,39.3968,7924.8,False,186.98,322.15,-0.33,,8343.9,2463,False,0,2025-06-30 23:13:37
c051e6,ACA72   ,Canada,1751325078.0,1751325078,-73.7564,45.4574,,True,0.9,250.31,,,,,False,0,2025-06-30 23:13:37
ac5378,ASH6254 ,United States,1751325216.0,1751325216,-84.1787,31.0999,7940.04,False,215.72,134.52,-6.5,,8420.1,1316,False,0,2025-06-30 23:13:37
c051d0,TSC487  ,Canada,1751325210.0,1751325210,-78.4969,26.5782,10050.78,False,232.81,35.38,0.33,,10568.94,,False,0,2025-06-30 23:13:37
c051d1,TSC399  ,Canada,1751325217.0,1751325217,-73.6816,45.5032,266.7,False,73.89,223.03,-3.58,,236.22,1174,False,0,2025-06-30 23:13:37
a9e663,N737PT  ,United States,1751325199.0,1751325200,-118.1439,33.8227,53.34,False,30.87,270.95,-2.6,,-15.24,,False,0,2025-06-30 23:13:37
ac536c,SWA1688 ,United States,1751325216.0,1751325216,-102.629,38.8005,9144.0,False,234.74,297.97,-0.33,,9654.54,2137,False,0,2025-06-30 23:13:37
a4805b,N3899Q  ,United States,1751325216.0,1751325216,-80.6098,35.5403,777.24,False,46.86,109.23,-0.98,,807.72,,False,0,2025-06-30 23:13:37
a8d983,N67BL   ,United States,1751325216.0,1751325216,-112.1133,33.3121,1417.32,False,57.1,180.0,0.65,,1402.08,4176,False,0,2025-06-30 23:13:37
a1a8b2,N206EA  ,United States,1751325217.0,1751325217,-74.0386,41.5984,2156.46,False,80.34,96.99,0.0,,2179.32,3634,False,0,2025-06-30 23:13:37
add66d,AAL2284 ,United States,1751325216.0,1751325216,-111.0947,32.5414,10066.02,False,251.71,120.86,0.0,,10645.14,2074,False,0,2025-06-30 23:13:37
add66c,DAL1186 ,United States,1751325214.0,1751325214,-84.4297,33.6495,,True,28.29,267.19,,,,2156,False,0,2025-06-30 23:13:37
a158c9,AAL2790 ,United States,1751325203.0,1751325203,-78.4217,30.442,9441.18,False,235.62,337.13,0.0,,9913.62,4172,False,0,2025-06-30 23:13:37
c1e7e0,SAF209  ,Canada,1751325208.0,1751325208,-79.6345,43.6815,,True,8.23,135.0,,,,,False,0,2025-06-30 23:13:37
ac537f,ASH6020 ,United States,1751325216.0,1751325217,-84.5207,33.2404,9753.6,False,239.81,268.52,0.0,,10332.72,3054,False,0,2025-06-30 23:13:37
a05b17,N12192  ,United States,1751325217.0,1751325217,-121.7194,37.9434,1066.8,False,34.65,229.21,2.28,,1074.42,1200,False,0,2025-06-30 23:13:37
c051da,TSC822  ,Canada,1751325216.0,1751325216,-81.1601,28.7382,1775.46,False,108.55,216.33,-7.15,,1889.76,5666,False,0,2025-06-30 23:13:37
ad6040,DAL2892 ,United States,1751325216.0,1751325216,-83.6595,39.2438,7018.02,False,219.24,220.72,8.78,,7391.4,6723,False,0,2025-06-30 23:13:37
a9e642,NKS2318 ,United States,1751325217.0,1751325217,-84.7993,41.0755,8542.02,False,217.56,257.57,1.95,,8976.36,5765,False,0,2025-06-30 23:13:37
0d06d3,SLI2709 ,Mexico,1751325216.0,1751325216,-98.4276,28.5137,11582.4,False,217.24,223.56,-0.33,,12313.92,2250,False,0,2025-06-30 23:13:37
a385c8,DAL2815 ,United States,1751325214.0,1751325216,-82.089,25.4027,5433.06,False,206.57,140.76,-5.2,,5730.24,2531,False,0,2025-06-30 23:13:37
394a00,AFR021  ,France,1751325215.0,1751325215,-101.1243,41.6717,10058.4,False,255.83,68.28,0.0,,10546.08,2447,False,0,2025-06-30 23:13:37
c064d8,ACA1051 ,Canada,1751325217.0,1751325217,-89.6148,40.2969,11582.4,False,205.17,225.2,-0.33,,12169.14,6545,False,0,2025-06-30 23:13:37
a80cc9,N618DH  ,United States,1751325212.0,1751325216,-118.6997,34.4021,1363.98,False,48.64,72.14,-0.33,,1394.46,0263,False,0,2025-06-30 23:13:37
a50370,DAL951  ,United States,1751325217.0,1751325217,-77.9977,42.4132,12489.18,False,258.87,84.64,0.0,,13121.64,7304,False,0,2025-06-30 23:13:37
a05b78,DAL460  ,United States,1751325216.0,1751325216,-83.3186,36.783,10126.98,False,240.43,26.02,4.55,,10751.82,6761,False,0,2025-06-30 23:13:37
a252a7,ENY4288 ,United States,1751325217.0,1751325217,-85.1159,35.4223,5905.5,False,202.0,243.7,-5.53,,6248.4,7103,False,0,2025-06-30 23:13:37
aa6ceb,N771BV  ,United States,1751325216.0,1751325217,-102.01,43.2001,12496.8,False,246.63,105.49,0.33,,13022.58,,False,0,2025-06-30 23:13:37
a7ecb1,N61DA   ,United States,1751325216.0,1751325216,-71.8676,42.471,960.12,False,33.12,263.76,3.25,,975.36,,False,0,2025-06-30 23:13:37
a1cb0f,UAL2863 ,United States,1751325216.0,1751325216,-78.9933,44.8291,10668.0,False,266.26,123.01,-0.33,,11178.54,5451,False,0,2025-06-30 23:13:37
a1cb20,N2143A  ,United States,1751325216.0,1751325216,-118.5473,34.1508,2011.68,False,68.14,265.24,0.0,,2042.16,5153,False,0,2025-06-30 23:13:37
a252ae,AAY267  ,United States,1751325216.0,1751325217,-97.0983,38.2707,10850.88,False,259.41,105.88,6.83,,11445.24,,False,0,2025-06-30 23:13:37
394a18,AFR51P  ,France,1751325216.0,1751325216,-77.4573,38.9396,,True,0.0,180.0,,,,,False,0,2025-06-30 23:13:37
a2fe28,AAY1390 ,United States,1751325217.0,1751325217,-78.8085,40.1431,10965.18,False,233.43,189.9,0.0,,11597.64,0056,False,0,2025-06-30 23:13:37
ac78b0,EDV5560 ,United States,1751325216.0,1751325216,-94.2872,40.1901,10363.2,False,214.48,201.09,0.65,,10911.84,6435,False,0,2025-06-30 23:13:37
a05b3c,OST14   ,United States,1751325215.0,1751325215,-96.752,35.6883,1074.42,False,58.65,166.82,0.33,,1097.28,,False,0,2025-06-30 23:13:37
a17b40,,United States,1751325177.0,1751325177,-75.4503,40.6435,,True,0.0,140.62,,,,,False,0,2025-06-30 23:13:37
aca38e,FWK913  ,United States,1751325216.0,1751325216,-83.0058,33.2815,6614.16,False,214.75,280.07,-11.38,,6972.3,3273,False,0,2025-06-30 23:13:37
a1cb05,JBU348  ,United States,1751325217.0,1751325217,-94.1774,43.1186,10668.0,False,267.26,80.92,0.33,,11064.24,1354,False,0,2025-06-30 23:13:37
ac793f,AAL1883 ,United States,1751325217.0,1751325217,-104.2508,39.5577,11879.58,False,235.46,133.32,-0.33,,12481.56,6043,False,0,2025-06-30 23:13:37
a5ae2f,SWA1789 ,United States,1751325142.0,1751325143,-90.331,38.7344,243.84,False,70.67,301.61,-3.9,,220.98,6665,False,0,2025-06-30 23:13:37
a42b45,DAL2392 ,United States,1751325217.0,1751325217,-83.9491,34.5247,10363.2,False,240.19,311.44,0.0,,11003.28,4722,False,0,2025-06-30 23:13:37
a43e5e,UAL2395 ,United States,1751325214.0,1751325216,-73.8695,40.7754,,True,0.77,101.25,,,,,False,0,2025-06-30 23:13:37
a635d4,N5G     ,United States,1751325217.0,1751325217,-73.8113,40.6485,,True,2.83,174.38,,,,,False,0,2025-06-30 23:13:37
c077b1,CGTIM   ,Canada,1751325217.0,1751325217,-80.8151,46.7867,1577.34,False,112.61,35.14,-0.65,,1539.24,,False,0,2025-06-30 23:13:37
a372d4,N321JE  ,United States,1751325212.0,1751325212,-84.131,42.0443,1562.1,False,73.29,66.85,0.0,,1554.48,,False,0,2025-06-30 23:13:37
a385da,AAY1157 ,United States,1751325215.0,1751325217,-83.8018,37.9754,5082.54,False,179.54,328.95,-5.2,,5356.86,2641,False,0,2025-06-30 23:13:37
394a0d,AFR346J ,France,1751325216.0,1751325217,-71.8759,46.3671,8305.8,False,223.49,228.83,-10.73,,8686.8,0704,False,0,2025-06-30 23:13:37
780233,CPA2084 ,China,1751325216.0,1751325216,-120.7837,37.5674,10668.0,False,239.48,160.94,0.0,,11170.92,4116,False,0,2025-06-30 23:13:37
394a0c,AFR83G  ,France,1751324908.0,1751324911,-119.9244,41.097,10363.2,False,272.08,29.57,0.0,,10881.36,3205,False,0,2025-06-30 23:13:37
394a0b,AFR034  ,France,1751325216.0,1751325216,-75.4793,41.9688,10972.8,False,238.46,214.72,-0.33,,11590.02,4044,False,0,2025-06-30 23:13:37
394a0a,AFR024  ,France,1751325214.0,1751325216,-118.3515,33.9405,213.36,False,68.98,262.72,-3.9,,167.64,3321,False,0,2025-06-30 23:13:37
ac0fdc,SWA3695 ,United States,1751325216.0,1751325217,-81.3256,29.3536,8686.8,False,208.6,357.17,7.48,,9174.48,2200,False,0,2025-06-30 23:13:37
ab9fef,N8480F  ,United States,1751325049.0,1751325049,-82.1562,27.9878,304.8,False,46.48,95.08,0.33,,327.66,,False,0,2025-06-30 23:13:37
ac5310,ASH6082 ,United States,1751325216.0,1751325217,-101.5477,30.6921,8229.6,False,228.76,82.64,-0.33,,8747.76,,False,0,2025-06-30 23:13:37
a05b7e,DAL1299 ,United States,1751325217.0,1751325217,-96.5345,30.7273,8442.96,False,231.37,97.41,-10.73,,8991.6,6230,False,0,2025-06-30 23:13:37
ae093d,FORGE31 ,United States,1751325216.0,1751325217,-83.7653,35.8728,12496.8,False,183.14,62.93,0.0,,13213.08,1555,False,0,2025-06-30 23:13:37
ae4fae,FFAB123 ,United States,1751325152.0,1751325153,-117.2225,32.7084,76.2,False,47.04,41.01,0.33,,30.48,,False,0,2025-06-30 23:13:37
ac7968,AAL2229 ,United States,1751325217.0,1751325217,-94.603,37.4644,11277.6,False,255.25,9.75,0.0,,11910.06,3667,False,0,2025-06-30 23:13:37
abefba,SWA1807 ,United States,1751325216.0,1751325216,-90.2454,36.1551,10972.8,False,220.3,227.56,0.0,,11628.12,7203,False,0,2025-06-30 23:13:37
ab5993,AAL660  ,United States,1751325217.0,1751325217,-82.2018,36.3822,9776.46,False,232.57,324.27,7.8,,10355.58,,False,0,2025-06-30 23:13:37
a4f5f0,DAL222  ,United States,1751324990.0,1751325216,-69.7697,39.1706,10668.0,False,261.71,46.99,0.0,,11254.74,,False,0,2025-06-30 23:13:37
a8a083,NKS2437 ,United States,1751325216.0,1751325216,-81.813,34.9154,11590.02,False,239.92,173.1,-0.33,,12275.82,5346,False,0,2025-06-30 23:13:37
a7ee0f,N61TA   ,United States,1751325213.0,1751325216,-81.7955,27.8545,1638.3,False,61.24,58.05,0.0,,1729.74,,False,0,2025-06-30 23:13:37
a2fe3c,EDV5408 ,United States,1751325216.0,1751325217,-88.1909,41.5478,10972.8,False,199.11,269.11,0.0,,11513.82,7413,False,0,2025-06-30 23:13:37
a7ee0e,N61T    ,United States,1751324806.0,1751324946,-97.335,33.0714,609.6,False,41.7,170.77,-2.28,,579.12,,False,0,2025-06-30 23:13:37
ad2fd0,AAL3111 ,United States,1751325216.0,1751325216,-117.8572,33.5108,2087.88,False,144.08,136.16,17.23,,2133.6,,False,0,2025-06-30 23:13:37
a30b9a,N29584  ,United States,1751325130.0,1751325168,-97.7675,33.4082,1005.84,False,53.01,181.67,-2.28,,1013.46,,False,0,2025-06-30 23:13:37
a9704d,DAL318  ,United States,1751325216.0,1751325216,-93.0809,42.6465,10972.8,False,204.88,256.35,-0.33,,11384.28,2417,False,0,2025-06-30 23:13:37
a528d6,SWA2635 ,United States,1751325216.0,1751325217,-115.5775,35.4662,6713.22,False,181.18,224.08,0.0,,7094.22,,False,0,2025-06-30 23:13:37
ae4fd5,ST702   ,United States,1751325207.0,1751325215,-117.3266,33.0201,53.34,False,32.67,352.76,0.33,,7.62,,False,0,2025-06-30 23:13:37
a4f5a0,ASA419  ,United States,1751325216.0,1751325216,-96.1897,36.9829,10363.2,False,230.32,304.72,0.0,,10957.56,1570,False,0,2025-06-30 23:13:37
a06db4,AAL1550 ,United States,1751325216.0,1751325216,-81.132,34.1985,6591.3,False,205.87,181.72,7.8,,6979.92,,False,0,2025-06-30 23:13:37
a515ad,AAL375  ,United States,1751325216.0,1751325216,-92.4741,46.1561,9738.36,False,222.8,312.75,0.0,,9997.44,6521,False,0,2025-06-30 23:13:37
acc961,DAL522  ,United States,1751325216.0,1751325216,-89.3381,43.1656,662.94,False,89.41,8.27,3.9,,624.84,,False,0,2025-06-30 23:13:37
abdcbe,SWA970  ,United States,1751325216.0,1751325216,-120.8278,36.4093,10873.74,False,236.22,129.17,4.55,,11407.14,3665,False,0,2025-06-30 23:13:37
acb636,AAL2550 ,United States,1751325216.0,1751325216,-90.2319,34.9296,10050.78,False,254.33,67.27,0.0,,10660.38,6211,False,0,2025-06-30 23:13:37
ab4692,N82554  ,United States,1751325217.0,1751325217,-97.6933,30.7189,533.4,False,51.09,115.02,-2.6,,525.78,0616,False,0,2025-06-30 23:13:37
abdcda,ASH6356 ,United States,1751325216.0,1751325216,-81.7937,36.6448,9753.6,False,235.04,237.42,0.33,,10370.82,3356,False,0,2025-06-30 23:13:37
a372f9,N321KS  ,United States,1751325188.0,1751325204,-80.8547,28.1303,1188.72,False,55.6,272.12,-2.93,,1234.44,4754,False,0,2025-06-30 23:13:37
c1e898,BUS841  ,Canada,1751325216.0,1751325216,-79.6337,43.6804,,True,9.77,225.0,,,,,False,0,2025-06-30 23:13:37
ac6679,N89877  ,United States,1751325217.0,1751325217,-123.1406,45.1705,274.32,False,40.13,112.62,-1.63,,228.6,,False,0,2025-06-30 23:13:37
a2a2df,UAL982  ,United States,1751325217.0,1751325217,-71.78,40.8415,11879.58,False,264.37,71.04,-0.33,,12504.42,3633,False,0,2025-06-30 23:13:37
a9969b,FFT2770 ,United States,1751325217.0,1751325217,-74.2585,39.6248,9654.54,False,238.4,23.8,-9.75,,10210.8,2674,False,0,2025-06-30 23:13:37
a85095,N635CV  ,United States,1751325217.0,1751325217,-87.1584,36.9196,4008.12,False,158.78,154.68,-8.13,,4175.76,2131,False,0,2025-06-30 23:13:37
a3c2a9,AAL366  ,United States,1751325216.0,1751325216,-83.7344,41.9605,11277.6,False,255.75,84.69,0.0,,11856.72,1516,False,0,2025-06-30 23:13:37
ad1cde,JBU315  ,United States,1751325216.0,1751325217,-82.8876,44.2928,10363.2,False,213.67,276.08,0.0,,10835.64,1104,False,0,2025-06-30 23:13:37
a8b375,,United States,1751325029.0,1751325042,-121.3042,45.699,510.54,False,43.12,287.35,0.33,,487.68,,False,0,2025-06-30 23:13:37
a98386,ASA337  ,United States,1751325216.0,1751325216,-87.9938,42.0617,1508.76,False,136.88,358.71,14.63,,1516.38,3234,False,0,2025-06-30 23:13:37
a982d6,CXK436  ,United States,1751325213.0,1751325213,-73.0777,40.815,144.78,False,37.47,225.56,-1.63,,160.02,,False,0,2025-06-30 23:13:37
a05ab3,UCA4823 ,United States,1751325070.0,1751325070,-77.4407,38.9466,,True,5.14,281.25,,,,,False,0,2025-06-30 23:13:37
a7db62,N605S   ,United States,1751325217.0,1751325217,-101.2251,35.83,12062.46,False,213.39,258.18,2.28,,12717.78,,False,0,2025-06-30 23:13:37
a982cc,N7115A  ,United States,1751325216.0,1751325217,-82.3629,28.3751,792.48,False,48.69,6.67,1.95,,830.58,,False,0,2025-06-30 23:13:37
a05aac,UCA4816 ,United States,1751325216.0,1751325216,-99.4024,33.7456,11277.6,False,224.43,130.44,0.0,,11940.54,,False,0,2025-06-30 23:13:37
add6ed,IRO7408 ,United States,1751325217.0,1751325217,-70.2577,44.0,1219.2,False,81.26,211.27,0.0,,1242.06,,False,0,2025-06-30 23:13:37
abcc8f,N86AS   ,United States,1751325109.0,1751325109,-79.4814,36.7354,1516.38,False,92.31,24.71,0.0,,1569.72,,False,0,2025-06-30 23:13:37
a742ec,SWA3115 ,United States,1751325215.0,1751325216,-93.3118,32.5608,11277.6,False,245.72,34.42,0.0,,11940.54,7206,False,0,2025-06-30 23:13:37
ad60bb,JSX901  ,United States,1751325216.0,1751325216,-100.2349,34.709,10058.4,False,234.9,114.04,0.0,,10629.9,,False,0,2025-06-30 23:13:37
a26723,N254JA  ,United States,1751325216.0,1751325216,-86.1465,39.5565,1082.04,False,48.44,239.35,0.0,,1066.8,,False,0,2025-06-30 23:13:37
a18da2,N2DF    ,United States,1751325215.0,1751325216,-80.5214,27.3077,8153.4,False,221.13,340.43,9.1,,8625.84,,False,0,2025-06-30 23:13:37
04004a,ETH512  ,Ethiopia,1751325216.0,1751325216,-73.7891,40.638,,True,11.83,315.0,,,,,False,0,2025-06-30 23:13:37
a6bb97,JIA5501 ,United States,1751325216.0,1751325216,-75.6469,39.4047,6987.54,False,228.39,40.62,4.55,,7376.16,7037,False,0,2025-06-30 23:13:37
a742c2,AAL1663 ,United States,1751325216.0,1751325216,-107.5838,32.2202,8237.22,False,242.46,103.12,0.0,,8732.52,4174,False,0,2025-06-30 23:13:37
a8fb11,N678SS  ,United States,1751325214.0,1751325216,-113.4403,33.0613,4648.2,False,139.48,38.56,-0.33,,4899.66,1203,True,0,2025-06-30 23:13:37
a36105,EDV4889 ,United States,1751325217.0,1751325217,-94.2314,36.1569,906.78,False,89.0,287.49,0.0,,922.02,4061,False,0,2025-06-30 23:13:37
a91b2b,TAI583  ,United States,1751325216.0,1751325216,-82.7136,28.7314,10363.2,False,245.85,220.76,0.0,,10965.18,6574,False,0,2025-06-30 23:13:37
aabeb5,N7914W  ,United States,1751325186.0,1751325186,-95.5133,38.9276,1341.12,False,47.87,351.35,0.33,,1394.46,,False,0,2025-06-30 23:13:37
a79e8c,MTU90   ,United States,1751325214.0,1751325214,-86.8271,35.8007,914.4,False,65.29,77.72,0.65,,929.64,,False,0,2025-06-30 23:13:37
a6ce7d,DAL506  ,United States,1751325217.0,1751325217,-82.4346,25.4336,9128.76,False,222.74,303.03,-0.33,,9677.4,,False,0,2025-06-30 23:13:37
a1ddbb,JBU1211 ,United States,1751325216.0,1751325216,-99.0014,42.4145,10965.18,False,217.98,256.49,0.0,,11437.62,2746,False,0,2025-06-30 23:13:37
a17ac9,N195AL  ,United States,1751325216.0,1751325216,-97.3153,35.535,2278.38,False,112.15,270.26,-6.18,,2362.2,1612,False,0,2025-06-30 23:13:37
a1210a,N172EL  ,United States,1751325214.0,1751325215,-121.4825,37.6821,1097.28,False,48.88,300.34,0.65,,1089.66,1200,False,0,2025-06-30 23:13:37
c0678c,N       ,Canada,1751325204.0,1751325211,-123.264,48.9475,594.36,False,80.41,191.81,0.0,,617.22,,False,0,2025-06-30 23:13:37
aa6f80,SWA660  ,United States,1751325216.0,1751325217,-86.4865,35.986,2240.28,False,141.92,313.53,-7.48,,2354.58,1073,False,0,2025-06-30 23:13:37
ac66c4,N899AA  ,United States,1751325215.0,1751325216,-81.496,28.3429,289.56,False,56.41,77.36,0.98,,320.04,1200,False,0,2025-06-30 23:13:37
a3b124,EDV5242 ,United States,1751325216.0,1751325216,-80.0563,42.2055,8938.26,False,243.11,82.95,6.18,,9425.94,,False,0,2025-06-30 23:13:37
a54aaa,AAL2045 ,United States,1751325216.0,1751325216,-87.4092,34.8069,9761.22,False,239.82,265.94,0.0,,10378.44,4516,False,0,2025-06-30 23:13:37
aaac21,SKW5504 ,United States,1751325216.0,1751325216,-122.2145,37.5452,769.62,False,96.1,320.43,-8.13,,739.14,7231,False,0,2025-06-30 23:13:37
a54aae,ASA300  ,United States,1751325216.0,1751325216,-81.0134,31.9487,9753.6,False,250.72,187.66,-0.33,,10317.48,1615,False,0,2025-06-30 23:13:37
a55ddf,N445H   ,United States,1751325216.0,1751325216,-72.7725,40.8084,2308.86,False,133.39,280.44,12.03,,2407.92,,False,0,2025-06-30 23:13:37
a29aff,SWA1083 ,United States,1751325216.0,1751325216,-99.0151,32.4754,11582.4,False,228.12,335.34,-0.33,,12260.58,2501,False,0,2025-06-30 23:13:37
71c076,KAL274  ,Republic of Korea,1751325216.0,1751325216,-121.2891,35.65,9144.0,False,270.82,326.7,0.0,,9555.48,,False,0,2025-06-30 23:13:37
a4943e,UAL2217 ,United States,1751325216.0,1751325217,-81.813,36.5956,9151.62,False,244.39,238.95,0.0,,9700.26,0555,False,0,2025-06-30 23:13:37
c05403,WJA2724 ,Canada,1751325217.0,1751325217,-80.1181,28.7925,11163.3,False,247.18,168.6,2.93,,11727.18,7400,False,0,2025-06-30 23:13:37
acc9c3,ERU923  ,United States,1751325216.0,1751325216,-81.1953,28.9861,723.9,False,44.25,197.59,1.3,,762.0,1246,False,0,2025-06-30 23:13:37
a3612a,DAL1458 ,United States,1751325217.0,1751325217,-81.0794,28.7063,10058.4,False,215.86,339.49,0.0,,10614.66,3373,False,0,2025-06-30 23:13:37
a74412,N56757  ,United States,1751325179.0,1751325179,-87.2839,36.7214,213.36,False,11.97,154.54,2.6,,182.88,,False,0,2025-06-30 23:13:37
a49441,UAL1971 ,United States,1751325216.0,1751325216,-99.9416,32.2877,10363.2,False,227.36,284.95,-0.33,,10980.42,7450,False,0,2025-06-30 23:13:37
ac53a0,ASH6252 ,United States,1751325215.0,1751325216,-94.5047,31.4678,7955.28,False,220.66,29.31,3.9,,8458.2,7301,False,0,2025-06-30 23:13:37
a98408,FFT1203 ,United States,1751325215.0,1751325215,-75.3119,39.8389,563.88,False,96.86,222.42,6.83,,548.64,,False,0,2025-06-30 23:13:37
ac53b2,SWA1306 ,United States,1751325211.0,1751325214,-100.203,37.896,10972.8,False,218.47,273.24,0.0,,11574.78,5670,False,0,2025-06-30 23:13:37
ae09de,SPRTN622,United States,1751325216.0,1751325217,-121.2945,38.2499,1432.56,False,69.47,1.27,0.65,,1409.7,4253,False,0,2025-06-30 23:13:37
a2a43c,N27B    ,United States,1751325161.0,1751325177,-83.0627,33.9545,822.96,False,53.54,92.2,-0.65,,922.02,,False,0,2025-06-30 23:13:37
abdf4e,N864SL  ,United States,1751325217.0,1751325217,-118.3406,33.7692,1120.14,False,36.14,184.9,2.93,,1112.52,,False,0,2025-06-30 23:13:37
ade9d4,NCJ96   ,United States,1751325215.0,1751325215,-96.5079,42.9007,6995.16,False,119.94,24.59,-0.33,,7284.72,4521,False,0,2025-06-30 23:13:37
ad73a6,NKS2046 ,United States,1751325217.0,1751325217,-90.6015,39.1932,10073.64,False,252.85,54.27,0.0,,10629.9,3453,False,0,2025-06-30 23:13:37
c06751,WJA2965 ,Canada,1751325216.0,1751325217,-74.5211,45.16,4655.82,False,189.44,58.21,-8.45,,4838.7,1607,False,0,2025-06-30 23:13:37
a66ad4,N512WC  ,United States,1751325216.0,1751325216,-85.5635,30.6742,4907.28,False,177.12,39.93,15.28,,5173.98,,False,0,2025-06-30 23:13:37
a24142,N2440Q  ,United States,1751325217.0,1751325217,-121.6525,47.3338,2743.2,False,68.54,127.99,0.0,,2857.5,,False,0,2025-06-30 23:13:37
ad99f9,ASA1247 ,United States,1751325174.0,1751325174,-122.3111,47.4555,,True,11.83,180.0,,,,1723,False,0,2025-06-30 23:13:37
a80dac,NKS2285 ,United States,1751325216.0,1751325216,-76.7691,38.7044,2903.22,False,164.46,86.23,-7.8,,3063.24,7221,False,0,2025-06-30 23:13:37
a9d2f2,N732EW  ,United States,1751325217.0,1751325217,-122.1194,37.6589,22.86,False,31.33,299.51,-0.98,,-15.24,1200,False,0,2025-06-30 23:13:37
c06709,ACA1396 ,Canada,1751325208.0,1751325214,-79.6326,43.6875,205.74,True,0.0,315.0,,,,6350,False,0,2025-06-30 23:13:37
a3d755,AMF2924 ,United States,1751325215.0,1751325215,-112.9491,34.1044,3901.44,False,144.67,323.82,-0.33,,4137.66,4243,False,0,2025-06-30 23:13:37
a63738,N5WF    ,United States,1751325216.0,1751325217,-121.4315,39.2251,1706.88,False,62.58,152.59,1.95,,1737.36,,False,0,2025-06-30 23:13:37
a0bf26,UAL1394 ,United States,1751325217.0,1751325217,-75.2608,39.1722,9837.42,False,248.02,222.23,8.13,,10401.3,6664,True,0,2025-06-30 23:13:37
ac53f8,SWA3347 ,United States,1751325217.0,1751325217,-94.9183,41.5131,11277.6,False,267.33,61.12,0.0,,11765.28,7375,False,0,2025-06-30 23:13:37
c06723,CGNBM   ,Canada,1751325216.0,1751325217,-73.01,45.5151,944.88,False,39.78,95.19,-0.33,,,,False,0,2025-06-30 23:13:37
ac9c6d,N911WY  ,United States,1751325217.0,1751325217,-115.1157,36.1742,762.0,False,29.61,172.01,0.33,,701.04,,False,0,2025-06-30 23:13:37
a8b2dd,N66LC   ,United States,1751325108.0,1751325108,-97.6304,37.6852,1577.34,False,96.96,108.24,-1.3,,1630.68,,False,0,2025-06-30 23:13:37
ab20e6,AAY1218 ,United States,1751325216.0,1751325217,-82.8575,34.5024,11582.4,False,235.04,329.34,0.0,,12268.2,2626,False,0,2025-06-30 23:13:37
ad60b7,JBU1873 ,United States,1751325217.0,1751325217,-74.2618,40.5139,1714.5,False,138.48,156.58,10.08,,1767.84,3062,False,0,2025-06-30 23:13:37
ab20e7,DAL213  ,United States,1751324998.0,1751324998,-73.7816,40.638,,True,0.0,81.56,,,,0775,False,0,2025-06-30 23:13:37
a12191,N172KW  ,United States,1751325217.0,1751325217,-117.1271,32.8097,213.36,False,29.69,297.9,-2.28,,160.02,,False,0,2025-06-30 23:13:37
a54aa3,N440AF  ,United States,1751325216.0,1751325216,-120.2423,39.4624,4038.6,False,165.75,294.58,12.03,,4236.72,,False,0,2025-06-30 23:13:37
c06724,ACA1041 ,Canada,1751325216.0,1751325216,-81.8701,43.981,7711.44,False,208.88,270.71,6.5,,8054.34,6304,False,0,2025-06-30 23:13:37
a3b110,AAY1717 ,United States,1751325216.0,1751325216,-117.2238,43.3902,10972.8,False,220.57,210.87,0.0,,11506.2,,False,0,2025-06-30 23:13:37
ab20df,AAL1574 ,United States,1751325005.0,1751325005,-87.9086,41.9716,,True,10.8,90.0,,,,,False,0,2025-06-30 23:13:37
71c042,KAL085  ,Republic of Korea,1751325216.0,1751325216,-83.8562,44.3178,11277.6,False,254.22,119.99,0.0,,11795.76,,False,0,2025-06-30 23:13:37
a146ce,SWA442  ,United States,1751325216.0,1751325217,-100.2926,35.5483,10668.0,False,253.81,75.2,0.0,,11292.84,7520,False,0,2025-06-30 23:13:37
a266c8,N254EK  ,United States,1751325097.0,1751325097,-122.1129,37.4546,,True,3.34,90.0,,,,4223,False,0,2025-06-30 23:13:37
a8646b,N64RT   ,United States,1751325209.0,1751325216,-81.4321,31.5201,2758.44,False,144.58,163.89,-10.08,,2895.6,7327,False,0,2025-06-30 23:13:37
a8b476,PDT5843 ,United States,1751325216.0,1751325217,-82.5823,36.7525,8359.14,False,170.89,48.29,5.53,,8862.06,0310,False,0,2025-06-30 23:13:37
aa016e,N744AH  ,United States,1751325214.0,1751325215,-111.7975,33.2764,632.46,False,41.63,230.01,0.33,,548.64,3454,False,0,2025-06-30 23:13:37
a05c59,AAL2495 ,United States,1751325216.0,1751325216,-80.5322,34.8181,3802.38,False,171.83,323.64,-4.88,,4008.12,2333,False,0,2025-06-30 23:13:37
a146f1,SWA482  ,United States,1751325216.0,1751325216,-89.4951,41.8723,8930.64,False,187.42,262.27,1.95,,9326.88,0231,False,0,2025-06-30 23:13:37
a43f00,N373AR  ,United States,1751325216.0,1751325217,-85.8667,32.1953,5181.6,False,95.09,98.09,1.63,,5417.82,4205,False,0,2025-06-30 23:13:37
a6119b,N490RM  ,United States,1751325216.0,1751325216,-80.8961,36.4223,5417.82,False,166.72,1.24,10.4,,5646.42,,False,0,2025-06-30 23:13:37
a279cb,JSX178  ,United States,1751325216.0,1751325217,-119.3524,35.3744,8168.64,False,231.33,329.39,4.55,,8557.26,2067,False,0,2025-06-30 23:13:37
a026e1,RPA9933 ,United States,1751325213.0,1751325216,-76.3676,36.8892,2072.64,False,141.33,286.06,17.88,,2194.56,,False,0,2025-06-30 23:13:37
ac79a3,AAL2399 ,United States,1751325216.0,1751325217,-97.1657,32.885,2766.06,False,118.85,359.01,-12.03,,2918.46,3450,False,0,2025-06-30 23:13:37
a55f31,SWA4683 ,United States,1751325216.0,1751325216,-81.623,28.426,4533.9,False,199.64,256.29,-5.2,,4800.6,2416,False,0,2025-06-30 23:13:37
a120af,CXK276  ,United States,1751325216.0,1751325216,-112.1556,41.3378,1920.24,False,50.58,265.33,0.33,,1988.82,,False,0,2025-06-30 23:13:37
ab8f0d,DAL500  ,United States,1751325216.0,1751325216,-85.7962,35.7142,8534.4,False,244.33,300.07,-0.33,,9044.94,5756,False,0,2025-06-30 23:13:37
a8c759,FFT3265 ,United States,1751325217.0,1751325217,-87.1728,35.7342,9753.6,False,227.73,256.81,0.0,,10363.2,1256,False,0,2025-06-30 23:13:37
a0bf8c,UAL545  ,United States,1751325216.0,1751325217,-78.7765,37.4176,9471.66,False,236.22,221.29,6.83,,10035.54,7032,False,0,2025-06-30 23:13:37
c078ff,CGTVI   ,Canada,1751325216.0,1751325216,-75.9358,45.2529,777.24,False,40.46,221.39,0.0,,739.14,,False,0,2025-06-30 23:13:37
a6246e,UAL2696 ,United States,1751325216.0,1751325217,-104.3853,39.6798,4427.22,False,154.26,304.54,-3.58,,4709.16,7266,False,0,2025-06-30 23:13:37
a1cc46,MXY243  ,United States,1751325216.0,1751325217,-79.6398,42.0409,11209.02,False,255.34,102.8,-5.53,,11811.0,5421,False,0,2025-06-30 23:13:37
a3b186,AAL3012 ,United States,1751325217.0,1751325217,-90.1675,29.9386,11277.6,False,237.81,122.01,0.0,,11971.02,6072,False,0,2025-06-30 23:13:37
a86461,N64RH   ,United States,1751325216.0,1751325217,-122.1087,37.5016,335.28,False,68.34,186.48,-2.6,,289.56,1200,False,0,2025-06-30 23:13:37
c1e8c7,BLUE91  ,Canada,1751325002.0,1751325002,-79.6277,43.6891,,True,5.4,295.31,,,,,False,0,2025-06-30 23:13:37
c052ca,WJA1775 ,Canada,1751325217.0,1751325217,-122.2787,46.0448,10972.8,False,251.05,0.12,-0.33,,11414.76,6375,False,0,2025-06-30 23:13:37
adb17b,N9812B  ,United States,1751325216.0,1751325216,-122.9703,47.3388,1066.8,False,47.83,288.82,0.0,,1112.52,,False,0,2025-06-30 23:13:37
acc9b2,DAL2323 ,United States,1751325208.0,1751325213,-97.6591,30.2022,,True,0.0,357.19,,,,7466,True,0,2025-06-30 23:13:37
ab46c2,N8257G  ,United States,1751325216.0,1751325217,-118.4979,34.1589,1706.88,False,52.46,101.31,0.0,,1706.88,,False,0,2025-06-30 23:13:37
a133c7,CVU77   ,United States,1751325175.0,1751325175,-113.5252,36.4117,2819.4,False,84.22,64.69,-1.3,,2971.8,,False,0,2025-06-30 23:13:37
c1e8ae,BUS827  ,Canada,1751325205.0,1751325205,-79.6325,43.6812,,True,3.6,70.31,,,,,False,0,2025-06-30 23:13:37
a61173,EDV5306 ,United States,1751325216.0,1751325216,-79.6259,43.6853,,True,3.09,227.81,,,,2217,False,0,2025-06-30 23:13:37
a17c65,SKW3276 ,United States,1751325216.0,1751325216,-119.9685,38.2012,7559.04,False,187.05,166.8,-5.2,,7901.94,1540,False,0,2025-06-30 23:13:37
a013ee,DAL2885 ,United States,1751325216.0,1751325216,-90.103,44.4275,9250.68,False,221.6,316.41,5.85,,9532.62,6234,False,0,2025-06-30 23:13:37
ad99b0,N9758H  ,United States,1751325216.0,1751325216,-77.2163,37.7804,1333.5,False,61.21,56.31,2.6,,1379.22,,False,0,2025-06-30 23:13:37
c052d3,WJA2915 ,Canada,1751325216.0,1751325216,-76.0747,37.3992,10668.0,False,227.91,23.27,-0.33,,11285.22,6764,False,0,2025-06-30 23:13:37
a3e9b2,DAL2661 ,United States,1751325217.0,1751325217,-79.0092,43.0958,11269.98,False,259.15,97.87,0.0,,11826.24,3633,False,0,2025-06-30 23:13:37
abdf22,EJA864  ,United States,1751325216.0,1751325216,-99.2397,38.4501,12496.8,False,254.44,92.78,-0.33,,13098.78,3355,False,0,2025-06-30 23:13:37
a996a1,IRO7440 ,United States,1751325216.0,1751325216,-88.8989,45.295,2484.12,False,72.4,188.99,0.0,,2506.98,,False,0,2025-06-30 23:13:37
4850f5,KLM166  ,Kingdom of the Netherlands,1751325216.0,1751325217,-79.7392,39.8438,10972.8,False,238.72,214.37,0.0,,11620.5,2564,False,0,2025-06-30 23:13:37
a91c02,N6861F  ,United States,1751325217.0,1751325217,-118.9121,34.1814,1402.08,False,47.02,287.84,-0.65,,1409.7,,False,0,2025-06-30 23:13:37
a3c3e0,UAL2650 ,United States,1751325216.0,1751325216,-81.5621,41.8495,11887.2,False,259.23,93.41,0.0,,12504.42,4674,True,0,2025-06-30 23:13:37
c065b2,CGMNH   ,Canada,1751325211.0,1751325217,-79.7569,44.2331,845.82,False,66.44,59.26,0.33,,784.86,1200,False,0,2025-06-30 23:13:37
a54c60,UAL2241 ,United States,1751325216.0,1751325216,-78.3328,38.2093,7216.14,False,204.41,234.63,8.45,,7650.48,7015,False,0,2025-06-30 23:13:37
a67f81,DAL887  ,United States,1751325216.0,1751325216,-98.2649,43.4938,10355.58,False,217.14,268.78,0.0,,10767.06,3046,False,0,2025-06-30 23:13:37
89911b,CAL5232 ,Taiwan,1751325131.0,1751325134,-97.9485,48.2493,10668.0,False,275.34,119.68,0.0,,10927.08,5633,False,0,2025-06-30 23:13:37
a43f7d,FFT4316 ,United States,1751325216.0,1751325216,-100.2481,31.606,11269.98,False,239.94,76.23,0.0,,11955.78,4444,False,0,2025-06-30 23:13:37
a2b6ff,SKW3605 ,United States,1751325216.0,1751325216,-120.5292,47.0488,6400.8,False,200.75,108.06,-0.33,,6705.6,4703,False,0,2025-06-30 23:13:37
a8fc09,UAL2135 ,United States,1751325216.0,1751325216,-86.1664,40.6317,6705.6,False,215.91,335.21,0.0,,7018.02,2422,False,0,2025-06-30 23:13:37
ac541b,SWA889  ,United States,1751325203.0,1751325203,-89.4751,33.1852,11887.2,False,228.39,144.63,0.0,,12595.86,1150,False,0,2025-06-30 23:13:37
a29c6c,N26778  ,United States,1751325216.0,1751325216,-119.1438,34.2004,518.16,False,43.73,244.94,4.23,,487.68,,False,0,2025-06-30 23:13:37
a17c95,AAL1717 ,United States,1751325216.0,1751325216,-95.8493,44.4617,10058.4,False,256.03,111.2,-0.33,,10363.2,0021,False,0,2025-06-30 23:13:37
a253dd,N2490Y  ,United States,1751325216.0,1751325217,-87.8196,43.7889,792.48,False,44.27,358.0,1.63,,746.76,,False,0,2025-06-30 23:13:37
a42c43,CXK367  ,United States,1751324959.0,1751325004,-86.5643,35.2453,1325.88,False,59.92,23.26,-0.98,,1348.74,,False,0,2025-06-30 23:13:37
a66c5d,N5128R  ,United States,1751325216.0,1751325216,-121.2642,44.3636,1920.24,False,53.05,19.84,-0.33,,1973.58,,False,0,2025-06-30 23:13:37
a120f3,DAL669  ,United States,1751325215.0,1751325215,-111.3126,42.5665,10668.0,False,247.98,66.79,0.65,,11193.78,,False,0,2025-06-30 23:13:37
406ecc,VIR47GH ,United Kingdom,1751325216.0,1751325216,-73.2999,46.8755,10972.8,False,233.9,241.35,-0.33,,11452.86,2467,False,0,2025-06-30 23:13:37
ab477d,DAL1946 ,United States,1751325100.0,1751325101,-72.0542,25.0972,10363.2,False,241.45,339.29,0.0,,10934.7,,False,0,2025-06-30 23:13:37
a67f8a,DAL26   ,United States,1751325216.0,1751325216,-96.7741,41.5861,12496.8,False,278.22,117.89,-0.33,,12999.72,1135,False,0,2025-06-30 23:13:37
ac4107,UAL310  ,United States,1751325217.0,1751325217,-91.4656,41.382,9144.0,False,208.73,248.3,0.0,,9578.34,3105,False,0,2025-06-30 23:13:37
a6bc31,SKW5901 ,United States,1751325170.0,1751325170,-87.9041,41.9704,,True,13.89,84.38,,,,,False,0,2025-06-30 23:13:37
abdde6,FRV864  ,United States,1751325217.0,1751325217,-80.2835,26.1907,358.14,False,69.53,137.1,-2.28,,396.24,,False,0,2025-06-30 23:13:37
a649ce,N504LH  ,United States,1751325217.0,1751325217,-88.1252,41.5758,487.68,False,63.8,217.79,0.33,,441.96,1200,False,0,2025-06-30 23:13:37
ac9ac3,N911DX  ,United States,1751325216.0,1751325216,-91.945,41.657,754.38,False,73.61,268.0,0.0,,762.0,,False,0,2025-06-30 23:13:37
a9c151,AAL136  ,United States,1751325217.0,1751325217,-96.0185,43.4942,10058.4,False,264.36,62.79,0.0,,10424.16,1057,False,0,2025-06-30 23:13:37
a8517f,N635ND  ,United States,1751325216.0,1751325216,-122.7563,47.4991,495.3,False,44.56,216.08,3.9,,510.54,5150,False,0,2025-06-30 23:13:37
c0407b,ROU1976 ,Canada,1751325217.0,1751325217,-71.3795,46.9009,1623.06,False,153.67,40.25,-10.4,,1661.16,,False,0,2025-06-30 23:13:37
ab2140,SKW3965 ,United States,1751324946.0,1751324947,-84.4288,33.6415,,True,0.06,267.19,,,,1507,False,0,2025-06-30 23:13:37
add734,JBU777  ,United States,1751325217.0,1751325217,-75.8393,43.0836,10972.8,False,208.51,278.37,0.0,,11529.06,1406,False,0,2025-06-30 23:13:37
a3e9fd,N351RB  ,United States,1751325216.0,1751325216,-102.7109,35.7122,9448.8,False,159.15,119.22,0.0,,9982.2,,False,0,2025-06-30 23:13:37
ab213e,SLH816  ,United States,1751325216.0,1751325217,-103.8517,38.5184,12192.0,False,203.16,244.02,-0.33,,12816.84,,False,0,2025-06-30 23:13:37
405bfb,BAW223N ,United Kingdom,1751325216.0,1751325216,-80.9756,38.7789,11582.4,False,242.27,210.92,0.0,,12245.34,7401,False,0,2025-06-30 23:13:37
ad1de0,N909KC  ,United States,1751325216.0,1751325216,-94.8917,38.7503,701.04,False,42.7,0.0,-2.28,,723.9,,False,0,2025-06-30 23:13:37
405bfc,BAW22B  ,United Kingdom,1751325216.0,1751325217,-74.1924,39.252,7475.22,False,208.08,220.19,-8.78,,7894.32,0702,False,0,2025-06-30 23:13:37
ac9abc,DAL1939 ,United States,1751325216.0,1751325216,-85.5965,33.5036,6614.16,False,207.33,242.35,8.45,,6972.3,7155,False,0,2025-06-30 23:13:37
ab214d,SCX504  ,United States,1751325216.0,1751325216,-93.1129,44.8351,693.42,False,78.88,300.58,-3.9,,678.18,6201,False,0,2025-06-30 23:13:37
a360f6,N317BL  ,United States,1751325216.0,1751325216,-97.99,35.4721,716.28,False,52.63,184.48,0.33,,723.9,,False,0,2025-06-30 23:13:37
a480c4,N39DJ   ,United States,1751324964.0,1751324964,-109.777,40.9689,13106.4,False,202.1,42.42,-0.33,,13708.38,5300,False,0,2025-06-30 23:13:37
ab2169,UAL358  ,United States,1751325216.0,1751325216,-96.3689,32.8882,4914.9,False,203.26,73.08,5.85,,5181.6,3630,False,0,2025-06-30 23:13:37
a7ef08,SKW4087 ,United States,1751324969.0,1751324970,-117.1622,32.7269,129.54,False,68.9,285.59,-4.23,,83.82,,False,0,2025-06-30 23:13:37
a97172,N70739  ,United States,1751325047.0,1751325050,-89.5197,43.1121,335.28,False,24.1,286.11,-2.6,,266.7,,False,0,2025-06-30 23:13:37
a55f6c,RPA4418 ,United States,1751325217.0,1751325217,-73.9762,40.7831,922.02,False,141.95,26.94,0.33,,960.12,6010,False,0,2025-06-30 23:13:37
a2ec85,N288JK  ,United States,1751325217.0,1751325217,-121.3575,38.5925,365.76,False,49.66,140.04,0.0,,281.94,,False,0,2025-06-30 23:13:37
a503bd,N422HA  ,United States,1751325216.0,1751325216,-95.9336,33.6683,1615.44,False,64.26,29.23,-0.33,,1676.4,,False,0,2025-06-30 23:13:37
a55b7a,SWA3865 ,United States,1751325181.0,1751325181,-118.1192,37.9612,9144.0,False,251.69,303.5,0.0,,9624.06,,False,0,2025-06-30 23:13:37
a8d5bd,AAL1735 ,United States,1751325217.0,1751325217,-84.7653,38.4064,10988.04,False,233.11,152.25,-4.88,,11643.36,6245,False,0,2025-06-30 23:13:37
c06461,AIE705  ,Canada,1751325217.0,1751325217,-74.5694,47.3716,9669.78,False,220.06,163.43,-4.88,,10066.02,,False,0,2025-06-30 23:13:37
a68e8b,VOI7416 ,United States,1751325021.0,1751325087,-113.6767,31.2668,8915.4,False,231.51,322.49,-11.7,,9464.04,,True,0,2025-06-30 23:13:37
a55b7f,N444WT  ,United States,1751325216.0,1751325217,-95.8546,43.9568,12496.8,False,275.13,55.36,-0.33,,12908.28,6734,False,0,2025-06-30 23:13:37
a512ff,N426MC  ,United States,1751325216.0,1751325216,-84.0955,40.2021,1219.2,False,43.84,215.93,-0.33,,1249.68,,False,0,2025-06-30 23:13:37
a15739,N186CS  ,United States,1751325217.0,1751325217,-122.0022,37.5237,411.48,False,40.26,296.57,-0.65,,365.76,1200,False,0,2025-06-30 23:13:37
ade6c6,N995S   ,United States,1751325186.0,1751325187,-76.8519,34.936,2529.84,False,91.78,327.82,1.63,,2644.14,,False,0,2025-06-30 23:13:37
a79b50,N59CR   ,United States,1751325216.0,1751325216,-81.938,34.5609,2080.26,False,105.17,334.81,-5.2,,2156.46,7234,False,0,2025-06-30 23:13:37
ac50ad,,United States,1751325208.0,1751325208,-86.2698,35.8352,731.52,False,83.35,88.94,3.25,,662.94,,False,0,2025-06-30 23:13:37
a765ec,JIA5027 ,United States,1751324947.0,1751324947,-80.9693,35.2475,350.52,False,65.5,175.95,-3.25,,335.28,,False,0,2025-06-30 23:13:37
ae06e1,REY11   ,United States,1751324940.0,1751324940,-117.6711,34.6537,2377.44,False,124.88,265.51,-9.75,,2545.08,2403,False,0,2025-06-30 23:13:37
abef98,SWA980  ,United States,1751325216.0,1751325216,-119.1423,45.819,10988.04,False,233.31,310.08,0.0,,11452.86,,False,0,2025-06-30 23:13:37
a43b85,DAL1884 ,United States,1751325217.0,1751325217,-80.267,33.2081,11277.6,False,225.01,26.62,0.33,,11925.3,1303,False,0,2025-06-30 23:13:37
aa23ea,N75202  ,United States,1751325216.0,1751325216,-71.4291,43.3347,1371.6,False,44.27,182.0,0.0,,1402.08,,False,0,2025-06-30 23:13:37
a92b0c,DAL591  ,United States,1751325216.0,1751325216,-104.5747,36.8192,11277.6,False,249.7,87.76,0.33,,11910.06,,False,0,2025-06-30 23:13:37
ad70ba,SWA2144 ,United States,1751325216.0,1751325216,-95.9199,40.8658,12192.0,False,203.7,258.49,0.0,,12725.4,1372,False,0,2025-06-30 23:13:37
abdc78,SWA2472 ,United States,1751325216.0,1751325216,-104.0871,38.5457,8313.42,False,252.95,148.9,8.13,,8785.86,,False,0,2025-06-30 23:13:37
a5ab6f,N4644V  ,United States,1751325216.0,1751325216,-122.4493,48.47,807.72,False,50.39,310.03,-0.65,,845.82,,False,0,2025-06-30 23:13:37
a7eb3b,N6091T  ,United States,1751325208.0,1751325209,-122.2511,48.0291,792.48,False,52.32,210.09,-0.65,,784.86,,False,0,2025-06-30 23:13:37
a8e8dd,N673WM  ,United States,1751325134.0,1751325216,-93.9223,30.7494,7132.32,False,199.41,247.07,-11.05,,7490.46,5313,False,0,2025-06-30 23:13:37
abdc91,ASH6344 ,United States,1751325216.0,1751325217,-96.8277,32.625,8839.2,False,238.82,166.29,-0.33,,9418.32,1003,False,0,2025-06-30 23:13:37
abdc92,ASH6240 ,United States,1751324890.0,1751325216,-93.9967,31.7037,8839.2,False,237.0,34.21,0.0,,9380.22,4052,False,0,2025-06-30 23:13:37
abdc96,ASH6097 ,United States,1751325216.0,1751325216,-88.4418,36.7546,10104.12,False,214.62,250.39,-5.85,,10706.1,7630,False,0,2025-06-30 23:13:37
acfc56,DAL1386 ,United States,1751325212.0,1751325216,-79.2728,31.9135,10058.4,False,237.26,342.98,0.0,,10614.66,6654,False,0,2025-06-30 23:13:37
ae4f86,HEX32   ,United States,1751325215.0,1751325215,-117.6043,32.6897,99.06,False,44.67,352.06,0.0,,60.96,,False,0,2025-06-30 23:13:37
a81e85,N622JT  ,United States,1751325217.0,1751325217,-79.6487,27.8816,6797.04,False,218.98,193.45,-9.75,,7132.32,2771,False,0,2025-06-30 23:13:37
add3dc,AAL1915 ,United States,1751325216.0,1751325216,-97.0256,32.9922,601.98,False,77.17,179.24,-3.25,,609.6,6572,False,0,2025-06-30 23:13:37
a0baa1,SKW4792 ,United States,1751325215.0,1751325215,-87.91,41.9716,,True,11.83,90.0,,,,,False,0,2025-06-30 23:13:37
a68e4c,SKW6398 ,United States,1751325207.0,1751325216,-111.9923,33.4376,,True,4.37,180.0,,,,,False,0,2025-06-30 23:13:37
a02457,N108VR  ,United States,1751325216.0,1751325216,-104.7161,38.8224,,True,4.63,109.69,,,,,False,0,2025-06-30 23:13:37
a1574e,DAL353  ,United States,1751325208.0,1751325215,-73.7893,40.6585,,True,0.0,264.38,,,,,False,0,2025-06-30 23:13:37
a79b0b,N58998  ,United States,1751325187.0,1751325187,-82.3641,34.867,457.2,False,50.68,5.83,-3.25,,472.44,,False,0,2025-06-30 23:13:37
aa6c50,UAL509  ,United States,1751324973.0,1751324973,-74.1804,40.6992,,True,1.29,151.88,,,,,False,0,2025-06-30 23:13:37
a7fe18,N614FA  ,United States,1751325217.0,1751325217,-122.9906,45.605,876.3,False,36.19,345.17,1.63,,899.16,,False,0,2025-06-30 23:13:37
a7c8c7,N600RS  ,United States,1751324947.0,1751324947,-86.8503,33.3445,441.96,False,65.54,317.54,0.0,,449.58,,False,0,2025-06-30 23:13:37
a3970f,AAY2646 ,United States,1751325216.0,1751325217,-84.8683,33.0951,10965.18,False,238.08,327.89,-0.33,,11612.88,4770,False,0,2025-06-30 23:13:37
add3d9,NKS2056 ,United States,1751325217.0,1751325217,-83.2352,33.2879,11049.0,False,240.18,194.01,3.58,,11719.56,7101,False,0,2025-06-30 23:13:37
abdc9b,SWA2267 ,United States,1751325216.0,1751325216,-114.5984,36.0645,2933.7,False,127.26,276.03,-9.43,,3086.1,1402,False,0,2025-06-30 23:13:37
a6cb01,LXJ537  ,United States,1751325215.0,1751325216,-122.7266,46.4464,5974.08,False,201.73,358.54,-13.0,,6240.78,3760,False,0,2025-06-30 23:13:37
aa36e7,N75733  ,United States,1751325216.0,1751325216,-116.9955,32.5824,541.02,False,36.82,7.22,7.15,,487.68,,False,0,2025-06-30 23:13:37
a752b3,LXJ571  ,United States,1751325217.0,1751325217,-83.9639,40.4186,5798.82,False,222.28,64.5,-2.93,,6057.9,1373,False,0,2025-06-30 23:13:37
aa23b3,RPA3444 ,United States,1751325217.0,1751325217,-85.0386,44.075,8808.72,False,203.52,198.57,-5.2,,9166.86,6442,False,0,2025-06-30 23:13:37
a03765,AAL4    ,United States,1751325216.0,1751325217,-116.6673,34.9661,8267.7,False,264.29,47.21,1.63,,8709.66,7714,False,0,2025-06-30 23:13:37
a4f2bc,N418KC  ,United States,1751325217.0,1751325217,-95.8787,28.9156,10066.02,False,181.61,67.87,0.0,,10675.62,1756,False,0,2025-06-30 23:13:37
a27737,SWA3058 ,United States,1751325216.0,1751325216,-116.3941,36.2629,8862.06,False,230.63,314.64,7.48,,9334.5,,False,0,2025-06-30 23:13:37
ac7809,N902QS  ,United States,1751325216.0,1751325216,-79.0553,26.5381,4472.94,False,193.73,266.8,-6.18,,4739.64,,False,0,2025-06-30 23:13:37
ab4505,N825SG  ,United States,1751325216.0,1751325216,-102.3475,26.3334,11887.2,False,245.69,51.55,0.33,,12603.48,,False,0,2025-06-30 23:13:37
c00dce,FLE640  ,Canada,1751324913.0,1751324913,-94.2466,48.65,11277.6,False,248.0,107.01,0.33,,11529.06,,False,0,2025-06-30 23:13:37
a06ab1,N126HF  ,United States,1751325213.0,1751325214,-73.09,40.8287,335.28,False,55.8,49.11,0.33,,327.66,,False,0,2025-06-30 23:13:37
a01112,AAL341  ,United States,1751325216.0,1751325216,-101.6374,41.9064,10363.2,False,226.77,254.61,0.0,,10866.12,2261,False,0,2025-06-30 23:13:37
a1440c,SWA785  ,United States,1751325216.0,1751325216,-122.1019,47.1483,4724.4,False,203.35,171.56,8.78,,4937.76,1552,False,0,2025-06-30 23:13:37
ab9eb0,N848MM  ,United States,1751325216.0,1751325216,-82.8452,27.9325,121.92,False,31.09,196.34,-0.33,,152.4,1200,False,0,2025-06-30 23:13:37
a3d425,FFT690  ,United States,1751325216.0,1751325216,-102.2085,38.0861,10660.38,False,243.89,93.87,0.0,,11231.88,,False,0,2025-06-30 23:13:37
a32ddd,N30370  ,United States,1751325215.0,1751325217,-82.5243,33.5466,556.26,False,38.73,286.99,1.95,,563.88,,False,0,2025-06-30 23:13:37
a26462,N253TX  ,United States,1751325216.0,1751325216,-73.9711,40.8652,3649.98,False,180.43,197.76,0.0,,3802.38,1153,False,0,2025-06-30 23:13:37
abb9b2,SWA4514 ,United States,1751325216.0,1751325217,-121.6589,37.2147,4099.56,False,167.91,137.86,18.86,,4251.96,2164,False,0,2025-06-30 23:13:37
adc171,N986AC  ,United States,1751325216.0,1751325216,-96.816,43.5543,838.2,False,132.41,102.79,-6.5,,868.68,,False,0,2025-06-30 23:13:37
aa7ec3,UAL1478 ,United States,1751325216.0,1751325216,-84.8346,30.4471,10668.0,False,237.69,104.16,-0.33,,11300.46,2503,False,0,2025-06-30 23:13:37
a1ede9,UAL933  ,United States,1751325216.0,1751325216,-73.4978,39.8901,10363.2,False,245.33,214.92,0.0,,10965.18,0760,False,0,2025-06-30 23:13:37
a4f414,RPA9937 ,United States,1751325217.0,1751325217,-80.388,40.657,1836.42,False,144.41,139.04,-0.98,,1889.76,4455,False,0,2025-06-30 23:13:37
a0cdf3,AAL3066 ,United States,1751325215.0,1751325216,-96.1341,33.4872,5082.54,False,185.23,248.49,-9.43,,5379.72,1321,False,0,2025-06-30 23:13:37
aabc11,ENY3869 ,United States,1751325216.0,1751325216,-86.4296,33.8614,7018.02,False,200.44,49.89,-0.33,,7437.12,5637,False,0,2025-06-30 23:13:37
ab9f54,UAL1787 ,United States,1751325216.0,1751325216,-104.6581,40.0206,2042.16,False,99.8,180.3,0.65,,2164.08,2067,False,0,2025-06-30 23:13:37
abb9d5,N8549P  ,United States,1751325216.0,1751325216,-100.8564,31.9876,2423.16,False,68.42,279.96,3.25,,2560.32,,False,0,2025-06-30 23:13:37
c0772d,CGTDK   ,Canada,1751325217.0,1751325217,-123.4601,48.637,304.8,False,50.55,282.34,-0.65,,320.04,,False,0,2025-06-30 23:13:37
a1dab3,JBU1178 ,United States,1751325217.0,1751325217,-73.1515,42.7412,9944.1,False,253.65,90.81,-9.43,,10492.74,7351,False,0,2025-06-30 23:13:37
a14452,SWA937  ,United States,1751325216.0,1751325216,-110.3478,37.0909,11277.6,False,241.89,77.47,0.65,,11902.44,,False,0,2025-06-30 23:13:37
a2b416,UAL2603 ,United States,1751325217.0,1751325217,-104.166,39.9693,3726.18,False,196.02,75.56,10.08,,3947.16,,False,0,2025-06-30 23:13:37
abb9df,SWA1983 ,United States,1751325216.0,1751325217,-87.5284,32.6871,11277.6,False,232.96,69.44,0.0,,11955.78,1357,False,0,2025-06-30 23:13:37
c07721,TSC510  ,Canada,1751325100.0,1751325102,-73.75,45.4618,,True,3.09,331.88,,,,,False,0,2025-06-30 23:13:37
adc17b,AAL2767 ,United States,1751325217.0,1751325217,-98.6457,32.5973,7162.8,False,218.32,251.74,7.8,,7581.9,7460,False,0,2025-06-30 23:13:37
ab9f61,WUP848  ,United States,1751325216.0,1751325216,-78.996,36.0955,7620.0,False,150.9,41.41,0.0,,8092.44,,False,0,2025-06-30 23:13:37
a1311e,SKW3350 ,United States,1751325216.0,1751325216,-115.9984,32.8332,11231.88,False,225.96,300.36,-12.03,,11849.1,,False,0,2025-06-30 23:13:37
c00da8,FLE608  ,Canada,1751325217.0,1751325217,-89.0717,44.8388,11277.6,False,251.89,109.69,0.33,,11666.22,4052,False,0,2025-06-30 23:13:37
ab8c37,AAL2943 ,United States,1751325217.0,1751325217,-83.5107,37.6662,9448.8,False,244.9,109.77,0.0,,10012.68,1404,False,0,2025-06-30 23:13:37
a0babc,N146U   ,United States,1751325055.0,1751325055,-70.8262,43.1006,213.36,False,36.82,277.22,-3.25,,251.46,,False,0,2025-06-30 23:13:37
adc180,DAL3204 ,United States,1751325216.0,1751325216,-84.9777,33.6687,3688.08,False,184.43,256.78,5.53,,3886.2,7500,False,0,2025-06-30 23:13:37
ad1c11,AAL1346 ,United States,1751324991.0,1751324997,-74.7054,24.7005,10363.2,False,250.95,323.08,0.33,,10927.08,,False,0,2025-06-30 23:13:37
ac0f4d,SWA5555 ,United States,1751325217.0,1751325217,-105.8601,39.9654,7650.48,False,219.14,288.05,9.75,,8092.44,3225,False,0,2025-06-30 23:13:37
aabc3a,N791FA  ,United States,1751325164.0,1751325164,-119.0777,35.5171,556.26,False,61.85,191.03,-2.28,,487.68,,False,0,2025-06-30 23:13:37
a872e8,N6431N  ,United States,1751325202.0,1751325202,-118.712,34.6539,2011.68,False,73.85,337.9,2.93,,2019.3,1200,False,0,2025-06-30 23:13:37
ad1c38,N944CB  ,United States,1751325216.0,1751325217,-117.6094,33.4511,1706.88,False,44.25,17.59,-0.65,,1752.6,,False,0,2025-06-30 23:13:37
acfc26,NCR519  ,United States,1751325216.0,1751325216,-110.7313,35.0186,12192.0,False,246.35,309.41,0.0,,12839.7,,False,0,2025-06-30 23:13:37
a8d5db,EDV5374 ,United States,1751325114.0,1751325114,-84.4304,33.6411,,True,3.34,75.94,,,,5146,False,0,2025-06-30 23:13:37
acc6ce,NKS2687 ,United States,1751325217.0,1751325217,-113.0581,36.709,11285.22,False,243.1,70.34,0.0,,11917.68,7755,False,0,2025-06-30 23:13:37
a39781,AAL2718 ,United States,1751325216.0,1751325216,-83.2249,36.688,10668.0,False,238.28,56.45,0.0,,11315.7,7306,False,0,2025-06-30 23:13:37
a92b66,RTY690  ,United States,1751325216.0,1751325216,-105.0424,40.4709,1714.5,False,61.24,338.82,-0.98,,1790.7,,False,0,2025-06-30 23:13:37
ad2f75,JSX651  ,United States,1751325216.0,1751325216,-120.3546,36.9913,9959.34,False,201.76,103.72,3.25,,10439.4,3237,False,0,2025-06-30 23:13:37
a44de8,N377BC  ,United States,1751325216.0,1751325216,-72.7764,43.9709,1851.66,False,86.38,148.39,0.0,,1905.0,,False,0,2025-06-30 23:13:37
a2519f,MXY110  ,United States,1751325216.0,1751325217,-93.2037,35.9638,6096.0,False,186.03,283.92,-8.13,,6438.9,2061,False,0,2025-06-30 23:13:37
a62151,N4940E  ,United States,1751325212.0,1751325212,-115.1987,36.2081,,True,3.86,42.19,,,,,False,0,2025-06-30 23:13:37
a8c439,PDT5973 ,United States,1751325217.0,1751325217,-77.364,35.7414,6705.6,False,230.14,205.13,0.0,,7109.46,1160,False,0,2025-06-30 23:13:37
4ba953,THY7    ,Turkey,1751325217.0,1751325217,-70.6743,43.4731,10972.8,False,248.99,211.65,0.0,,11536.68,2520,False,0,2025-06-30 23:13:37
a19f29,SWA958  ,United States,1751325217.0,1751325217,-85.8294,32.2438,11277.6,False,221.52,49.62,0.0,,11948.16,2505,False,0,2025-06-30 23:13:37
ad976e,NKS2447 ,United States,1751325216.0,1751325217,-80.2543,35.1948,11574.78,False,242.63,211.3,0.33,,12268.2,1154,False,0,2025-06-30 23:13:37
a1b9c9,N210CW  ,United States,1751325216.0,1751325216,-78.4368,34.7543,2438.4,False,73.76,200.84,0.0,,2537.46,,False,0,2025-06-30 23:13:37
a6cacb,DAL1672 ,United States,1751325213.0,1751325216,-115.1465,36.0755,,True,4.37,5.62,,,,,False,0,2025-06-30 23:13:37
a7fde3,N614CY  ,United States,1751325216.0,1751325216,-93.7304,42.1878,1219.2,False,71.08,337.89,-0.98,,1249.68,,False,0,2025-06-30 23:13:37
ab4489,DAL30   ,United States,1751325216.0,1751325217,-72.4594,40.0336,9448.8,False,250.3,55.3,0.0,,10005.06,7105,False,0,2025-06-30 23:13:37
a023a5,AAL2459 ,United States,1751325217.0,1751325217,-93.3581,40.8636,11285.22,False,269.3,73.92,0.0,,11818.62,5062,False,0,2025-06-30 23:13:37
a88774,JBU1694 ,United States,1751325216.0,1751325216,-73.0194,40.9317,3314.7,False,166.39,57.24,-6.5,,3497.58,7175,False,0,2025-06-30 23:13:37
a92abb,PDT5984 ,United States,1751325216.0,1751325217,-86.0296,34.847,4754.88,False,172.2,264.17,-11.7,,5029.2,3156,False,0,2025-06-30 23:13:37
a20f1a,UCA4243 ,United States,1751325217.0,1751325217,-89.0469,30.2545,2125.98,False,119.21,195.78,12.68,,2240.28,,False,0,2025-06-30 23:13:37
aba798,N850CP  ,United States,1751325007.0,1751325069,-84.2908,33.898,,True,55.82,199.94,-2.6,,,2251,False,0,2025-06-30 23:13:37
a4e181,RRA4407 ,United States,1751325217.0,1751325217,-80.3886,42.0021,7627.62,False,225.97,62.33,6.18,,8016.24,,False,0,2025-06-30 23:13:37
acb469,CNS612  ,United States,1751325216.0,1751325217,-71.2769,42.3365,769.62,False,112.83,356.86,0.33,,784.86,,False,0,2025-06-30 23:13:37
a25188,GTI4542 ,United States,1751325216.0,1751325216,-96.2253,41.3787,11277.6,False,268.7,119.85,-0.33,,11734.8,6636,False,0,2025-06-30 23:13:37
ad7125,N9650V  ,United States,1751325216.0,1751325216,-112.377,40.8791,2095.5,False,56.84,25.17,0.65,,2171.7,,False,0,2025-06-30 23:13:37
a87468,N644DF  ,United States,1751325216.0,1751325216,-80.409,25.6532,152.4,False,40.65,91.45,2.6,,175.26,,False,0,2025-06-30 23:13:37
4ba946,THY12E  ,Turkey,1751325216.0,1751325217,-106.6057,41.7401,8839.2,False,259.16,48.62,-0.33,,9342.12,,False,0,2025-06-30 23:13:37
a2b47f,UAL2695 ,United States,1751325216.0,1751325216,-80.1056,26.0832,441.96,False,100.39,70.54,7.8,,480.06,,False,0,2025-06-30 23:13:37
a07f44,TWY131  ,United States,1751325217.0,1751325217,-119.0198,34.4061,8900.16,False,247.25,143.63,-9.75,,9342.12,3737,False,0,2025-06-30 23:13:37
aa7df3,SWA3377 ,United States,1751325217.0,1751325217,-115.5771,36.0852,4396.74,False,155.95,110.47,-5.53,,4640.58,,False,0,2025-06-30 23:13:37
a1a6d5,CXK558  ,United States,1751325216.0,1751325216,-81.4317,30.6551,922.02,False,35.06,345.56,0.0,,975.36,,False,0,2025-06-30 23:13:37
a20f59,N23152  ,United States,1751325216.0,1751325216,-117.5102,33.5761,1402.08,False,74.06,237.19,-1.3,,1409.7,,False,0,2025-06-30 23:13:37
a44f0d,DAL2489 ,United States,1751325044.0,1751325045,-93.1665,44.8694,403.86,False,68.99,300.96,-3.25,,381.0,,False,0,2025-06-30 23:13:37
acb470,AAL163  ,United States,1751325215.0,1751325215,-93.5582,29.1596,10972.8,False,233.11,324.52,0.0,,11635.74,,False,0,2025-06-30 23:13:37
a32f30,EJM304  ,United States,1751325216.0,1751325216,-82.5711,28.5253,6553.2,False,178.79,353.06,18.53,,6918.96,5764,False,0,2025-06-30 23:13:37
a88737,FFT3335 ,United States,1751325217.0,1751325217,-122.6712,44.9731,3573.78,False,164.53,4.12,-6.83,,3756.66,0430,False,0,2025-06-30 23:13:37
a8d739,N669SA  ,United States,1751325217.0,1751325217,-117.6208,33.8985,373.38,False,29.33,268.99,3.58,,320.04,,False,0,2025-06-30 23:13:37
a79aae,HAL1613 ,United States,1751325217.0,1751325217,-112.3337,35.3942,12192.0,False,232.51,246.67,0.0,,12885.42,4056,False,0,2025-06-30 23:13:37
aa6aa1,SKW4937 ,United States,1751325216.0,1751325216,-87.3108,42.4004,2385.06,False,116.75,249.09,-6.18,,2446.02,3602,False,0,2025-06-30 23:13:37
c062b8,JZA851  ,Canada,1751325217.0,1751325217,-76.4032,45.3901,8031.48,False,220.43,263.84,4.55,,8412.48,0675,False,0,2025-06-30 23:13:37
a8741c,PDT5858 ,United States,1751325217.0,1751325217,-73.8062,42.6833,792.48,False,105.19,212.21,10.73,,739.14,1742,True,0,2025-06-30 23:13:37
a49197,N3939X  ,United States,1751325215.0,1751325216,-104.6754,38.7749,2011.68,False,44.43,84.69,0.0,,2110.74,,False,0,2025-06-30 23:13:37
a32f1b,ENY3889 ,United States,1751325216.0,1751325217,-100.3532,29.1943,10363.2,False,230.19,177.44,-0.65,,11003.28,6145,False,0,2025-06-30 23:13:37
a3c15d,DAL1077 ,United States,1751325217.0,1751325217,-76.8174,37.6686,10058.4,False,233.35,27.86,-0.33,,10652.76,5757,False,0,2025-06-30 23:13:37
a4e146,SWA2331 ,United States,1751325216.0,1751325216,-109.3052,32.1785,11269.98,False,224.54,282.57,-4.55,,11925.3,3256,False,0,2025-06-30 23:13:37
a143a3,SWA3869 ,United States,1751325216.0,1751325216,-98.5299,41.0395,11277.6,False,259.6,87.16,0.33,,11803.38,0535,False,0,2025-06-30 23:13:37
a32f0f,N304K   ,United States,1751325217.0,1751325217,-85.0293,33.783,8846.82,False,254.04,101.45,-0.33,,9387.84,7201,False,0,2025-06-30 23:13:37
ac518d,N893MA  ,United States,1751325209.0,1751325210,-97.3811,31.1706,563.88,False,77.13,316.08,-6.5,,571.5,,False,0,2025-06-30 23:13:37
a1dc60,EJA219  ,United States,1751325215.0,1751325216,-87.6682,42.2416,777.24,False,123.09,153.43,0.0,,754.38,6227,False,0,2025-06-30 23:13:37
a32f84,JTL304  ,United States,1751325217.0,1751325217,-95.3061,47.6507,12496.8,False,251.1,167.22,-0.33,,12816.84,,False,0,2025-06-30 23:13:37
a3e6e4,ARCAT85 ,United States,1751325216.0,1751325217,-116.0938,33.3654,4892.04,False,193.19,219.92,0.65,,5151.12,4777,False,0,2025-06-30 23:13:37
c0508e,CGEND   ,Canada,1751325215.0,1751325216,-123.2506,48.5265,518.16,False,58.67,358.49,-0.98,,556.26,,False,0,2025-06-30 23:13:37
a263f1,N253PJ  ,United States,1751325216.0,1751325216,-117.037,33.7341,640.08,False,42.58,295.02,3.9,,594.36,,False,0,2025-06-30 23:13:37
a010f7,PFT103  ,United States,1751325053.0,1751325123,-112.3678,39.1698,10363.2,False,203.4,212.08,4.88,,10919.46,3127,False,0,2025-06-30 23:13:37
aa7f2b,UAL2601 ,United States,1751325217.0,1751325217,-81.5955,28.779,10668.0,False,214.34,3.16,3.25,,11247.12,2355,False,0,2025-06-30 23:13:37
c05086,ACA1301 ,Canada,1751325217.0,1751325217,-99.4381,34.4949,10972.8,False,243.15,349.02,0.0,,11635.74,0417,False,0,2025-06-30 23:13:37
0d08e6,VIV206  ,Mexico,1751325215.0,1751325215,-98.3553,27.0646,10683.24,False,235.41,62.26,0.0,,11369.04,,False,0,2025-06-30 23:13:37
a526e2,AAL596  ,United States,1751325216.0,1751325216,-83.6135,34.0048,10363.2,False,243.35,269.27,3.9,,11003.28,7254,False,0,2025-06-30 23:13:37
a646bc,SKW4916 ,United States,1751325216.0,1751325216,-102.1223,30.8081,10668.0,False,243.41,86.0,0.33,,11353.8,7302,False,0,2025-06-30 23:13:37
a263e3,AAY1862 ,United States,1751325217.0,1751325217,-98.8777,35.3527,11292.84,False,242.84,89.27,0.33,,11963.4,0762,False,0,2025-06-30 23:13:37
a130cb,EDV5194 ,United States,1751325217.0,1751325217,-81.512,41.4525,1729.74,False,134.31,282.39,-7.8,,1744.98,7402,False,0,2025-06-30 23:13:37
aa7f28,UAL1230 ,United States,1751325216.0,1751325216,-123.342,44.9492,10668.0,False,219.21,178.66,0.0,,11117.58,7053,False,0,2025-06-30 23:13:37
aa7f27,UAL326  ,United States,1751325216.0,1751325217,-79.0329,37.9752,7094.22,False,227.84,248.13,3.25,,7490.46,3703,False,0,2025-06-30 23:13:37
a2b3a2,SWA1437 ,United States,1751325216.0,1751325216,-97.8127,43.3798,11582.4,False,206.43,280.92,-0.33,,12009.12,3167,False,0,2025-06-30 23:13:37
a779eb,DAL795  ,United States,1751325216.0,1751325216,-98.2119,37.247,10675.62,False,256.06,86.89,0.0,,11292.84,,False,0,2025-06-30 23:13:37
a81f1f,QXE2071 ,United States,1751325216.0,1751325216,-116.3256,43.3409,2552.7,False,149.4,48.35,-4.55,,2667.0,,False,0,2025-06-30 23:13:37
a406c9,FFT2017 ,United States,1751325209.0,1751325211,-115.1562,36.0754,,True,0.77,312.19,,,,2140,False,0,2025-06-30 23:13:37
0d08eb,VOI1716 ,Mexico,1751325216.0,1751325216,-118.2435,33.9516,777.24,False,89.14,263.04,-5.85,,762.0,4263,True,0,2025-06-30 23:13:37
0d08ef,AMX687  ,Mexico,1751325216.0,1751325216,-94.2871,35.3808,10972.8,False,227.05,220.22,0.0,,11628.12,7254,False,0,2025-06-30 23:13:37
a80c03,N61761  ,United States,1751325068.0,1751325068,-92.937,45.6666,579.12,False,40.02,342.03,0.33,,533.4,,False,0,2025-06-30 23:13:37
a81f29,N622RG  ,United States,1751325216.0,1751325216,-72.315,42.6201,914.4,False,36.84,215.91,0.33,,929.64,1200,False,0,2025-06-30 23:13:37
c05056,ACA1068 ,Canada,1751325216.0,1751325216,-98.7904,45.5385,11277.6,False,252.63,119.12,0.0,,11673.84,,False,0,2025-06-30 23:13:37
aa7f03,UAL2400 ,United States,1751325216.0,1751325216,-74.6901,45.6912,9753.6,False,233.09,350.6,-0.33,,10203.18,1462,False,0,2025-06-30 23:13:37
aa7f02,UAL1008 ,United States,1751325216.0,1751325216,-97.8952,30.8726,10058.4,False,252.82,96.78,0.0,,10683.24,7337,False,0,2025-06-30 23:13:37
aa7f01,UAL1069 ,United States,1751325217.0,1751325217,-87.6831,42.0915,1684.02,False,126.06,89.06,-7.15,,1714.5,3230,False,0,2025-06-30 23:13:37
a539c9,DAL220  ,United States,1751325216.0,1751325216,-99.845,44.306,11277.6,False,250.39,72.42,0.0,,11719.56,,False,0,2025-06-30 23:13:37
abedc8,AAL1263 ,United States,1751325216.0,1751325216,-95.6062,33.66,7132.32,False,221.65,248.91,-6.83,,7574.28,1574,False,0,2025-06-30 23:13:37
a8b14f,N65956  ,United States,1751325217.0,1751325217,-96.7757,33.1346,594.36,False,59.32,21.89,3.58,,586.74,1200,False,0,2025-06-30 23:13:37
c0636a,PTR2636 ,Canada,1751325216.0,1751325216,-79.7684,44.7977,6324.6,False,181.48,119.18,-9.75,,6591.3,7172,False,0,2025-06-30 23:13:37
c0636c,PTR2292 ,Canada,1751325216.0,1751325217,-71.9073,45.6055,6697.98,False,167.08,263.99,-0.33,,7010.4,,False,0,2025-06-30 23:13:37
a779b0,ASA396  ,United States,1751325141.0,1751325149,-117.0754,41.9404,11582.4,False,237.05,340.74,0.33,,12153.9,,False,0,2025-06-30 23:13:37
c0506b,ACA581  ,Canada,1751325217.0,1751325217,-89.1019,35.0939,11582.4,False,229.54,224.73,0.65,,12283.44,0603,False,0,2025-06-30 23:13:37
a7419b,N567HA  ,United States,1751325193.0,1751325216,-75.083,38.3567,121.92,False,39.08,196.05,-0.65,,83.82,,False,0,2025-06-30 23:13:37
a92ae9,EDV5180 ,United States,1751325216.0,1751325216,-84.4167,33.6318,312.42,False,72.02,270.0,-3.25,,304.8,5437,False,0,2025-06-30 23:13:37
ab3132,N820DM  ,United States,1751325217.0,1751325217,-118.3248,33.81,510.54,False,40.68,122.08,3.58,,464.82,,False,0,2025-06-30 23:13:37
a43c56,MVK89   ,United States,1751325216.0,1751325217,-93.5351,44.0184,1310.64,False,60.15,131.19,-3.9,,1310.64,,False,0,2025-06-30 23:13:37
a263eb,N253PC  ,United States,1751324974.0,1751324975,-111.9733,40.7757,1280.16,False,55.24,355.19,-1.63,,1272.54,4352,False,0,2025-06-30 23:13:37
a9f777,NKS2357 ,United States,1751325162.0,1751325201,-109.4312,35.564,10050.78,False,230.97,99.36,0.33,,10637.52,,False,0,2025-06-30 23:13:37
ac6445,AAL1559 ,United States,1751325216.0,1751325216,-87.4417,41.9274,1546.86,False,118.32,0.0,0.0,,1569.72,0520,False,0,2025-06-30 23:13:37
acc742,CXK605  ,United States,1751324988.0,1751324988,-117.1317,32.8131,182.88,False,32.23,294.52,-1.95,,129.54,,False,0,2025-06-30 23:13:37
acb4e1,N918FA  ,United States,1751325216.0,1751325216,-117.1343,33.5543,640.08,False,28.96,199.72,2.93,,640.08,,False,0,2025-06-30 23:13:37
c1e884,,Canada,1751325213.0,1751325213,-79.6295,43.6791,,True,1.03,317.81,,,,,False,0,2025-06-30 23:13:37
abdd6d,SWA2676 ,United States,1751325217.0,1751325217,-97.6053,41.3813,11269.98,False,253.8,70.83,0.0,,11765.28,3721,False,0,2025-06-30 23:13:37
ade7f4,DSU08   ,United States,1751325214.0,1751325216,-90.7572,33.7656,,True,8.23,357.19,,,,1200,False,0,2025-06-30 23:13:37
abdd91,SWA1043 ,United States,1751325216.0,1751325216,-87.0056,41.4052,2903.22,False,151.02,313.48,-1.63,,3002.28,4036,False,0,2025-06-30 23:13:37
ae07ed,PEND84  ,United States,1751325217.0,1751325217,-122.6204,38.2068,1409.7,False,124.03,271.66,0.0,,1432.56,1740,False,0,2025-06-30 23:13:37
a7ff72,SKW5214 ,United States,1751325216.0,1751325216,-113.126,33.8073,10363.2,False,210.44,277.02,0.0,,10942.32,2672,False,0,2025-06-30 23:13:37
a4e0ec,SKW3469 ,United States,1751325209.0,1751325209,-122.5921,45.5837,15.24,False,71.36,298.41,-2.28,,68.58,3245,False,0,2025-06-30 23:13:37
a07ee3,N13096  ,United States,1751325216.0,1751325216,-123.0447,46.1406,1546.86,False,45.27,179.35,-0.65,,1592.58,,False,0,2025-06-30 23:13:37
c0523f,ROU1795 ,Canada,1751325216.0,1751325216,-77.8471,34.7633,10675.62,False,233.73,353.05,0.33,,11285.22,4154,False,0,2025-06-30 23:13:37
ad84db,NKS236  ,United States,1751325216.0,1751325216,-80.241,26.0665,388.62,False,80.28,91.47,-4.23,,434.34,,False,0,2025-06-30 23:13:37
a8d6bd,PDT5899 ,United States,1751325216.0,1751325216,-79.5185,34.4314,5532.12,False,206.01,300.79,-5.85,,5844.54,,False,0,2025-06-30 23:13:37
a9f6b9,SKW6413 ,United States,1751325170.0,1751325170,-97.2478,27.1528,5113.02,False,176.88,187.35,-10.73,,5440.68,6271,False,0,2025-06-30 23:13:37
c05271,ASP595  ,Canada,1751325217.0,1751325217,-81.2572,45.0036,11445.24,False,210.06,137.28,-7.48,,11910.06,2110,False,0,2025-06-30 23:13:37
a8c3a2,FFT3696 ,United States,1751325216.0,1751325217,-122.0243,46.7112,8793.48,False,233.23,165.04,9.1,,9189.72,6602,False,0,2025-06-30 23:13:37
a993ad,JIA5419 ,United States,1751325216.0,1751325216,-81.4138,32.1361,586.74,False,91.6,118.15,0.0,,609.6,2137,False,0,2025-06-30 23:13:37
a860b7,RPA3453 ,United States,1751325216.0,1751325217,-78.0632,38.8533,4511.04,False,169.26,270.52,8.78,,4754.88,3625,False,0,2025-06-30 23:13:37
a43c7a,DAL3113 ,United States,1751325216.0,1751325216,-92.754,42.7491,9745.98,False,212.48,313.82,-0.33,,10126.98,1336,False,0,2025-06-30 23:13:37
acea3e,JSX851  ,United States,1751325216.0,1751325217,-75.3405,38.6322,9692.64,False,216.05,207.36,4.88,,10256.52,3004,False,0,2025-06-30 23:13:37
a13227,CXK184  ,United States,1751325217.0,1751325217,-115.1981,35.8549,2179.32,False,64.53,35.59,-2.28,,2247.9,,False,0,2025-06-30 23:13:37
a3d3f0,DAL581  ,United States,1751325216.0,1751325216,-83.9873,33.3285,2446.02,False,128.05,315.0,-4.88,,2575.56,3122,False,0,2025-06-30 23:13:37
a886bf,AAL570  ,United States,1751324952.0,1751324952,-97.0371,32.9074,,True,0.0,182.81,,,,,False,0,2025-06-30 23:13:37
c0653d,ACA546  ,Canada,1751325216.0,1751325216,-116.032,48.8562,10668.0,False,253.92,92.79,0.0,,11109.96,4531,False,0,2025-06-30 23:13:37
a500ab,N421PR  ,United States,1751325216.0,1751325216,-84.3929,35.7427,3741.42,False,113.22,347.67,-5.2,,3901.44,5565,False,0,2025-06-30 23:13:37
0d0997,,Mexico,1751325026.0,1751325043,-112.626,29.8354,10972.8,False,230.58,317.98,0.0,,11635.74,,False,0,2025-06-30 23:13:37
aca1da,ASA1198 ,United States,1751325216.0,1751325216,-119.0273,36.0549,10668.0,False,227.47,166.53,0.33,,11216.64,1637,False,0,2025-06-30 23:13:37
a1588d,N186SG  ,United States,1751325216.0,1751325216,-122.3451,48.2826,556.26,False,62.42,8.53,0.0,,571.5,,False,0,2025-06-30 23:13:37
a26535,N2531Y  ,United States,1751325217.0,1751325217,-93.5982,42.845,1402.08,False,50.79,303.85,1.95,,1386.84,,False,0,2025-06-30 23:13:37
aca1dd,AAL2376 ,United States,1751325217.0,1751325217,-114.8167,36.0735,2103.12,False,126.59,271.4,-6.83,,2179.32,2203,False,0,2025-06-30 23:13:37
a5ac3b,AAL3276 ,United States,1751325216.0,1751325216,-88.3598,35.3969,9745.98,False,235.24,253.74,0.33,,10370.82,7147,False,0,2025-06-30 23:13:37
c06539,ACA557  ,Canada,1751325216.0,1751325217,-121.9816,44.6447,11582.4,False,250.5,356.47,-0.33,,12092.94,2472,False,0,2025-06-30 23:13:37
a1a844,N20592  ,United States,1751325216.0,1751325216,-97.6942,43.6087,1333.5,False,44.3,282.75,0.0,,1356.36,1200,False,0,2025-06-30 23:13:37
c0522f,CGFDE   ,Canada,1751325216.0,1751325216,-72.9223,45.4467,1036.32,False,30.88,178.09,-0.33,,,,False,0,2025-06-30 23:13:37
c05220,ROU1924 ,Canada,1751325217.0,1751325217,-80.7923,44.6445,8061.96,False,194.1,137.69,-5.2,,8435.34,1111,False,0,2025-06-30 23:13:37
a06bd3,AAL569  ,United States,1751325216.0,1751325216,-93.8121,32.3958,10965.18,False,227.81,263.52,0.0,,11628.12,4175,False,0,2025-06-30 23:13:37
aba91b,UAL414C ,United States,1751325216.0,1751325217,-114.9483,35.903,11590.02,False,224.56,230.95,0.33,,12237.72,3715,False,0,2025-06-30 23:13:37
c0654c,GLR9135 ,Canada,1751325080.0,1751325080,-89.3161,48.3743,,True,16.98,250.31,,,,,False,0,2025-06-30 23:13:37
a79c54,00000000,United States,1751325216.0,1751325217,-89.3646,28.208,12192.0,False,233.22,274.43,-0.33,,12893.04,,False,0,2025-06-30 23:13:37
ac0fb6,SWA853  ,United States,1751325217.0,1751325217,-90.9185,42.0277,9144.0,False,206.84,280.75,0.33,,9540.24,6571,False,0,2025-06-30 23:13:37
aa6d40,PCM7720 ,United States,1751325217.0,1751325217,-121.603,38.6941,152.4,False,47.49,219.73,7.15,,76.2,4515,False,0,2025-06-30 23:13:37
ad97a7,EJA975  ,United States,1751324919.0,1751324919,-101.5945,35.4505,2819.4,False,145.25,33.3,-7.48,,2964.18,,False,0,2025-06-30 23:13:37
c00eb0,ACA629  ,Canada,1751325217.0,1751325217,-78.8249,44.0285,3185.16,False,160.54,227.21,-2.6,,3276.6,7042,False,0,2025-06-30 23:13:37
abdd09,SWA45   ,United States,1751325217.0,1751325217,-96.3836,30.5372,6103.62,False,200.19,154.42,-10.4,,6469.38,3170,False,0,2025-06-30 23:13:37
a2a216,N269TA  ,United States,1751325216.0,1751325216,-101.0553,34.2433,12504.42,False,249.26,97.83,0.65,,13136.88,,False,0,2025-06-30 23:13:37
a2a213,SKW3777 ,United States,1751325205.0,1751325206,-119.3286,36.8895,2910.84,False,143.98,214.37,-14.31,,3025.14,,False,0,2025-06-30 23:13:37
abdd00,ASH6159 ,United States,1751325216.0,1751325216,-77.6088,40.7037,5791.2,False,190.81,227.62,0.33,,6080.76,2461,False,0,2025-06-30 23:13:37
aba7b0,DAL2833 ,United States,1751325216.0,1751325216,-88.5703,37.4833,9136.38,False,250.27,342.91,0.65,,9662.16,1774,False,0,2025-06-30 23:13:37
aca29a,,United States,1751325189.0,1751325194,-77.4177,24.5492,10370.82,False,240.1,356.81,0.33,,10919.46,,False,0,2025-06-30 23:13:37
ac77d3,AAL2212 ,United States,1751325216.0,1751325216,-83.985,40.5247,7627.62,False,192.61,280.62,7.15,,8016.24,4066,False,0,2025-06-30 23:13:37
c07854,CGTOT   ,Canada,1751325216.0,1751325216,-78.7689,44.1288,1097.28,False,52.72,72.98,0.0,,1074.42,5345,False,0,2025-06-30 23:13:37
a3852d,LXJ326  ,United States,1751325216.0,1751325216,-119.5112,39.6122,12565.38,False,241.43,54.28,4.23,,13197.84,3352,False,0,2025-06-30 23:13:37
a55bbf,N444ZG  ,United States,1751325216.0,1751325216,-73.4216,40.7124,274.32,False,34.53,266.58,3.58,,251.46,,False,0,2025-06-30 23:13:37
a1589d,SKW3346 ,United States,1751325216.0,1751325217,-119.2472,34.3416,8534.4,False,221.17,315.19,0.33,,8961.12,1052,False,0,2025-06-30 23:13:37
a7b832,,United States,1751325058.0,1751325058,-71.0202,42.3561,,True,4.12,123.75,,,,,False,0,2025-06-30 23:13:37
aba7c2,VAR850  ,United States,1751325216.0,1751325217,-112.9547,33.2825,1920.24,False,69.26,344.93,4.23,,1981.2,1200,False,0,2025-06-30 23:13:37
abca00,AAL2491 ,United States,1751325216.0,1751325217,-95.3908,33.328,8519.16,False,249.82,67.61,6.18,,9044.94,3676,False,0,2025-06-30 23:13:37
abdd1c,ASH6378 ,United States,1751325106.0,1751325123,-95.2598,29.9776,160.02,False,71.51,269.59,-3.58,,228.6,,False,0,2025-06-30 23:13:37
ab7a21,DAL2349 ,United States,1751325217.0,1751325217,-93.0439,44.9573,2148.84,False,151.76,121.7,-7.48,,2179.32,,False,0,2025-06-30 23:13:37
aabd56,SKW4685 ,United States,1751325216.0,1751325216,-92.2998,45.6317,8077.2,False,233.8,152.19,5.85,,8313.42,,False,0,2025-06-30 23:13:37
aaaa1e,SWA3629 ,United States,1751325217.0,1751325217,-95.4696,39.5326,7612.38,False,199.82,282.64,13.0,,7993.38,,False,0,2025-06-30 23:13:37
a37265,DAL2310 ,United States,1751325217.0,1751325217,-76.8412,36.1376,10393.68,False,235.89,203.66,-5.2,,11003.28,3355,False,0,2025-06-30 23:13:37
a037b4,N113DS  ,United States,1751325215.0,1751325216,-84.4862,37.6133,2286.0,False,86.92,147.81,0.0,,2369.82,3121,False,0,2025-06-30 23:13:37
a037b9,DAL653  ,United States,1751325216.0,1751325217,-94.4254,36.1528,10378.44,False,224.52,287.6,-0.33,,11003.28,2277,False,0,2025-06-30 23:13:37
ab8d76,ASH6014 ,United States,1751325217.0,1751325217,-88.575,35.5082,6096.0,False,207.22,237.57,0.0,,6438.9,5654,False,0,2025-06-30 23:13:37
a980da,N711MC  ,United States,1751325216.0,1751325216,-115.8313,35.5261,5273.04,False,212.84,48.53,-9.43,,5562.6,4617,False,0,2025-06-30 23:13:37
ab31c1,N820KE  ,United States,1751325215.0,1751325215,-123.024,48.5097,144.78,False,40.69,182.9,4.55,,137.16,,False,0,2025-06-30 23:13:37
acb4c1,DAL1962 ,United States,1751325217.0,1751325217,-84.4644,33.5366,3025.14,False,126.05,89.3,-8.13,,3185.16,6122,False,0,2025-06-30 23:13:37
abdd63,SKW5535 ,United States,1751325205.0,1751325205,-120.7653,43.6107,6850.38,False,191.38,179.69,9.43,,7231.38,,False,0,2025-06-30 23:13:37
ac64cf,UAL1028 ,United States,1751325216.0,1751325216,-96.9612,26.6823,10965.18,False,235.15,209.2,0.0,,11666.22,0503,False,0,2025-06-30 23:13:37
abdd4a,SWA4712 ,United States,1751325216.0,1751325216,-115.8813,33.6602,10378.44,False,250.34,67.02,6.18,,10942.32,2052,False,0,2025-06-30 23:13:37
ad1d3d,AAL2242 ,United States,1751325217.0,1751325217,-85.2489,35.7781,11582.4,False,236.4,261.11,0.0,,12268.2,0137,False,0,2025-06-30 23:13:37
aaaa4a,SWA786  ,United States,1751325216.0,1751325216,-98.3472,30.3145,6431.28,False,199.03,273.85,13.0,,6812.28,2547,False,0,2025-06-30 23:13:37
a43bd1,N372GB  ,United States,1751325213.0,1751325213,-81.4353,40.9176,,True,0.0,135.0,,,,,False,0,2025-06-30 23:13:37
abdd67,SKW5393 ,United States,1751325205.0,1751325209,-104.6602,39.8699,1607.82,False,74.6,180.79,-4.88,,1691.64,,False,0,2025-06-30 23:13:37
aabd7f,UAL990  ,United States,1751325216.0,1751325216,-116.3304,46.1531,10668.0,False,267.53,34.03,-0.33,,11178.54,,False,0,2025-06-30 23:13:37
abca36,EJA859  ,United States,1751325217.0,1751325217,-77.5914,39.0492,2628.9,False,154.68,7.65,14.96,,2735.58,,False,0,2025-06-30 23:13:37
a80bf0,N6176G  ,United States,1751325216.0,1751325216,-80.1418,25.6981,274.32,False,43.99,190.78,0.33,,289.56,,False,0,2025-06-30 23:13:37
a7b88d,MTU97   ,United States,1751325215.0,1751325216,-86.6025,35.1118,1524.0,False,61.64,14.5,-0.33,,1577.34,5513,False,0,2025-06-30 23:13:37
ad2efa,DAL1783 ,United States,1751325216.0,1751325216,-86.3392,37.5226,10553.7,False,228.82,191.41,5.85,,11170.92,6611,False,0,2025-06-30 23:13:37
c050c0,ACA1282 ,Canada,1751325216.0,1751325216,-79.3505,43.7294,1318.26,False,117.17,46.42,-4.55,,1310.64,6730,False,0,2025-06-30 23:13:37
ac523c,UAL1990 ,United States,1751325217.0,1751325217,-94.9967,31.4968,10058.4,False,243.62,40.89,0.0,,10668.0,6443,False,0,2025-06-30 23:13:37
a4f59c,AAL478  ,United States,1751325123.0,1751325123,-111.993,33.4397,,True,1.54,90.0,,,,,False,0,2025-06-30 23:13:37
ac789b,SWA218  ,United States,1751325217.0,1751325217,-88.8987,35.5809,11582.4,False,215.51,185.48,0.0,,12252.96,3177,False,0,2025-06-30 23:13:37
acc86f,CXK148  ,United States,1751325216.0,1751325216,-88.5315,42.7205,822.96,False,41.47,217.44,-0.98,,792.48,1200,False,0,2025-06-30 23:13:37
a1a7a2,N2055E  ,United States,1751325216.0,1751325216,-80.5856,34.9639,899.16,False,53.92,74.51,0.65,,914.4,,False,0,2025-06-30 23:13:37
a157d9,RTY186  ,United States,1751325216.0,1751325216,-105.0221,40.4309,1744.98,False,59.52,337.65,3.58,,1821.18,,False,0,2025-06-30 23:13:37
a6cbdd,EJA537  ,United States,1751325217.0,1751325217,-94.8839,38.2597,13106.4,False,197.2,267.61,0.0,,13716.0,1533,False,0,2025-06-30 23:13:37
a3729a,LXJ321  ,United States,1751325195.0,1751325213,-122.218,47.4964,,True,0.0,351.56,,,,,False,0,2025-06-30 23:13:37
a2529e,N249ND  ,United States,1751325217.0,1751325217,-70.7689,43.2974,1280.16,False,39.72,253.44,2.6,,1303.02,,False,0,2025-06-30 23:13:37
a98219,DAL2240 ,United States,1751325216.0,1751325217,-106.0649,31.6772,11277.6,False,244.88,127.23,0.33,,11925.3,0732,False,0,2025-06-30 23:13:37
c063eb,WJA431  ,Canada,1751325215.0,1751325215,-88.6388,48.4289,10972.8,False,225.74,303.0,-0.33,,11209.02,,False,0,2025-06-30 23:13:37
a74277,N567RW  ,United States,1751325217.0,1751325217,-95.6323,31.6383,7993.38,False,221.32,333.49,-8.45,,8481.06,6211,False,0,2025-06-30 23:13:37
a9e526,N737BA  ,United States,1751325216.0,1751325216,-80.3281,26.3079,579.12,False,47.39,327.86,1.63,,609.6,,False,0,2025-06-30 23:13:37
a7ebe8,N6096R  ,United States,1751324994.0,1751324994,-117.629,33.984,335.28,False,36.83,138.96,-12.68,,289.56,,False,0,2025-06-30 23:13:37
a1a7de,N20565  ,United States,1751325217.0,1751325217,-69.1716,44.0993,891.54,False,44.43,222.18,-5.85,,899.16,,False,0,2025-06-30 23:13:37
a63563,N5BM    ,United States,1751325051.0,1751325051,-116.9486,32.8125,335.28,False,41.49,19.56,-2.28,,304.8,,False,0,2025-06-30 23:13:37
a81ee1,NKS2320 ,United States,1751325167.0,1751325167,-82.5323,27.9778,,True,1.8,191.25,,,,7441,False,0,2025-06-30 23:13:37
a1dd2d,RPA5724 ,United States,1751325215.0,1751325215,-73.8785,40.7778,,True,0.0,210.94,,,,,False,0,2025-06-30 23:13:37
a18d65,N2AV    ,United States,1751325216.0,1751325216,-122.5081,45.1822,1569.72,False,57.59,161.24,6.18,,1623.06,,False,0,2025-06-30 23:13:37
a144e1,N181FA  ,United States,1751325217.0,1751325217,-78.3212,35.9439,929.64,False,45.44,149.37,0.33,,937.26,0055,False,0,2025-06-30 23:13:37
ab329e,UAL301  ,United States,1751325217.0,1751325217,-103.98,34.0051,10988.04,False,239.16,331.62,0.0,,11620.5,2047,False,0,2025-06-30 23:13:37
a9f821,N741VE  ,United States,1751325216.0,1751325216,-98.1197,32.8527,7452.36,False,225.22,305.14,5.2,,7901.94,2241,False,0,2025-06-30 23:13:37
a74224,JIA5145 ,United States,1751325217.0,1751325217,-93.8798,36.1579,10668.0,False,251.31,34.83,0.0,,11300.46,2324,False,0,2025-06-30 23:13:37
a67bd3,DAL7    ,United States,1751325217.0,1751325217,-118.6832,33.9285,1920.24,False,138.94,264.9,10.73,,1965.96,,False,0,2025-06-30 23:13:37
a8d83f,N66913  ,United States,1751325217.0,1751325217,-94.2093,36.1005,2438.4,False,64.92,183.18,3.9,,2545.08,1557,False,0,2025-06-30 23:13:37
acb59c,AAL1564 ,United States,1751325217.0,1751325217,-88.0043,41.9784,883.92,False,113.63,286.3,5.53,,868.68,1341,False,0,2025-06-30 23:13:37
a0aa2b,AAL1635 ,United States,1751325217.0,1751325217,-95.9226,30.5724,5356.86,False,193.87,151.12,-8.13,,5684.52,0352,False,0,2025-06-30 23:13:37
a5157b,N42689  ,United States,1751325216.0,1751325216,-93.0888,44.4696,1097.28,False,52.4,316.59,-0.65,,1082.04,,False,0,2025-06-30 23:13:37
a43d09,UPS9787 ,United States,1751325216.0,1751325216,-84.9799,31.9327,11590.02,False,231.63,330.02,0.0,,12275.82,3214,False,0,2025-06-30 23:13:37
a0aa1b,UCA4977 ,United States,1751325217.0,1751325217,-78.0984,41.7799,10050.78,False,244.33,39.02,-2.93,,10576.56,5352,False,0,2025-06-30 23:13:37
a3c274,EJA341  ,United States,1751325216.0,1751325216,-89.1435,44.8052,8199.12,False,238.25,335.37,-16.58,,8404.86,7243,False,0,2025-06-30 23:13:37
a264a4,SWA1670 ,United States,1751325216.0,1751325217,-86.4823,35.7466,11582.4,False,235.83,256.63,0.33,,12252.96,0605,False,0,2025-06-30 23:13:37
8991e6,SJX032  ,Taiwan,1751325217.0,1751325217,-123.4527,48.1309,6126.48,False,183.97,102.6,-4.88,,6385.56,,False,0,2025-06-30 23:13:37
a8886d,UAL748  ,United States,1751325216.0,1751325216,-72.023,41.714,10668.0,False,249.32,46.92,0.0,,11239.5,3756,False,0,2025-06-30 23:13:37
aa1219,AAL3249 ,United States,1751325216.0,1751325216,-95.2172,41.371,4968.24,False,223.77,86.18,12.03,,5151.12,,False,0,2025-06-30 23:13:37
a397ab,N330VA  ,United States,1751325215.0,1751325216,-94.851,38.278,1813.56,False,61.32,356.63,-0.33,,1851.66,,False,0,2025-06-30 23:13:37
a62265,N4948A  ,United States,1751325217.0,1751325217,-123.138,44.5632,2377.44,False,90.57,248.68,0.0,,2484.12,1200,False,0,2025-06-30 23:13:37
a9f818,AAL2717 ,United States,1751325216.0,1751325216,-89.938,42.9705,11277.6,False,258.59,116.46,0.0,,11734.8,2656,False,0,2025-06-30 23:13:37
ad727d,AAL448R ,United States,1751325216.0,1751325216,-107.8333,32.0614,11277.6,False,245.62,100.13,0.65,,11940.54,,False,0,2025-06-30 23:13:37
aa6ba6,SWA1450 ,United States,1751325216.0,1751325216,-96.5197,32.6822,3535.68,False,194.83,84.55,15.93,,3718.56,3653,False,0,2025-06-30 23:13:37
a7fed3,JIA5429 ,United States,1751325217.0,1751325217,-84.2091,33.2269,10668.0,False,246.25,221.95,0.0,,11323.32,3506,False,0,2025-06-30 23:13:37
ad9811,AAL1595 ,United States,1751325217.0,1751325217,-112.9278,37.3638,10066.02,False,247.36,53.8,0.0,,10622.28,7370,False,0,2025-06-30 23:13:37
0d07b3,VOI1823 ,Mexico,1751325132.0,1751325133,-114.6366,30.802,11887.2,False,234.63,131.8,-0.33,,12588.24,3316,False,0,2025-06-30 23:13:37
a9d284,ASA397  ,United States,1751325216.0,1751325217,-85.0908,30.4478,10363.2,False,239.42,274.44,0.0,,10980.42,1614,False,0,2025-06-30 23:13:37
a384f2,DAL2329 ,United States,1751325217.0,1751325217,-78.378,35.5478,9387.84,False,243.42,207.16,4.88,,9936.48,5631,False,0,2025-06-30 23:13:37
a2a1a5,ENY4087 ,United States,1751325216.0,1751325216,-84.5146,35.8808,10363.2,False,228.97,275.54,0.0,,10988.04,3143,False,0,2025-06-30 23:13:37
ab8ba5,WWI84   ,United States,1751325216.0,1751325216,-111.2596,37.2099,10668.0,False,240.93,71.45,0.0,,11231.88,1055,False,0,2025-06-30 23:13:37
a42a15,XSR368  ,United States,1751325216.0,1751325217,-78.8488,42.6625,4602.48,False,137.13,203.2,12.68,,4777.74,7427,False,0,2025-06-30 23:13:37
a754b5,UAL618  ,United States,1751325216.0,1751325217,-73.1461,43.2299,4884.42,False,182.34,264.82,0.33,,5082.54,1520,False,0,2025-06-30 23:13:37
ad2ea4,AAL1568 ,United States,1751325216.0,1751325216,-97.6777,30.194,,True,9.77,109.69,,,,0276,False,0,2025-06-30 23:13:37
ad2ea1,ASA507  ,United States,1751325216.0,1751325217,-86.0427,34.7425,10363.2,False,237.42,275.97,-0.33,,10988.04,3566,False,0,2025-06-30 23:13:37
a18d6b,N2BA    ,United States,1751325164.0,1751325164,-81.7073,28.7795,114.3,False,33.5,47.49,-2.28,,152.4,,False,0,2025-06-30 23:13:37
ab4545,N825UW  ,United States,1751325140.0,1751325140,-82.3677,29.4492,662.94,False,80.06,226.56,-0.98,,708.66,2355,False,0,2025-06-30 23:13:37
a3d4ed,AAL1253 ,United States,1751325215.0,1751325216,-112.7883,39.2126,10972.8,False,226.69,254.2,0.0,,11551.92,1013,False,0,2025-06-30 23:13:37
ab586f,AAL3119 ,United States,1751325210.0,1751325211,-83.9904,35.8077,,True,0.0,210.94,,,,5710,False,0,2025-06-30 23:13:37
a30a7b,N2950X  ,United States,1751325217.0,1751325217,-75.1359,40.7351,487.68,False,47.69,113.52,1.3,,502.92,,False,0,2025-06-30 23:13:37
a42a5c,DAL1060 ,United States,1751325216.0,1751325216,-97.6733,30.1983,,True,8.75,0.0,,,,4661,False,0,2025-06-30 23:13:37
a7a59f,JBU1252 ,United States,1751325217.0,1751325217,-73.7741,40.0715,6347.46,False,206.83,39.55,-10.73,,6720.84,2465,False,0,2025-06-30 23:13:37
0aca28,AVA263  ,Colombia,1751324964.0,1751325127,-79.2829,24.2492,11285.22,False,252.27,167.64,0.0,,11879.58,1325,False,0,2025-06-30 23:13:37
abeeea,SWA2115 ,United States,1751325216.0,1751325216,-104.5854,39.2344,2941.32,False,145.55,173.3,-0.33,,3116.58,,False,0,2025-06-30 23:13:37
a9f87d,RPA3602 ,United States,1751325208.0,1751325215,-77.4573,38.9407,,True,0.0,180.0,,,,,False,0,2025-06-30 23:13:37
ad720d,N9657G  ,United States,1751325217.0,1751325217,-74.5029,39.3203,441.96,False,56.73,59.48,0.0,,426.72,,False,0,2025-06-30 23:13:37
a3d4b5,MVK43   ,United States,1751325085.0,1751325099,-93.7554,44.1737,1013.46,False,67.82,125.74,-2.93,,990.6,,False,0,2025-06-30 23:13:37
aba891,AAL2194 ,United States,1751325216.0,1751325216,-80.25,25.8017,388.62,False,94.65,100.33,10.08,,411.48,,False,0,2025-06-30 23:13:37
a2b4ea,UAL1194 ,United States,1751325216.0,1751325217,-77.0012,35.5424,10972.8,False,242.73,197.9,0.0,,11605.26,3707,False,0,2025-06-30 23:13:37
a371c9,N3208J  ,United States,1751325216.0,1751325217,-122.651,45.8057,1714.5,False,38.08,141.58,0.0,,1775.46,,False,0,2025-06-30 23:13:37
c0517e,WJA281  ,Canada,1751325217.0,1751325217,-77.8975,44.4752,7566.66,False,168.65,236.7,-5.85,,7909.56,3771,False,0,2025-06-30 23:13:37
aa127e,RPA3303 ,United States,1751325216.0,1751325217,-88.8358,43.0258,2225.04,False,132.98,266.45,-10.08,,2270.76,6071,False,0,2025-06-30 23:13:37
a42a37,EDV5053 ,United States,1751325216.0,1751325216,-83.288,42.3319,929.64,False,96.8,209.97,-5.2,,891.54,,False,0,2025-06-30 23:13:37
a1cdd8,UAL2641 ,United States,1751325152.0,1751325152,-74.1865,40.6847,,True,0.0,222.19,,,,,False,0,2025-06-30 23:13:37
a1110b,N168SW  ,United States,1751325214.0,1751325214,-111.9018,33.6295,,True,10.29,47.81,,,,,False,0,2025-06-30 23:13:37
a2edb4,SWA4247 ,United States,1751325217.0,1751325217,-89.7585,38.8031,2682.24,False,147.73,203.17,-8.13,,2804.16,2751,False,0,2025-06-30 23:13:37
a1cdc5,N215TG  ,United States,1751324941.0,1751324943,-77.4647,37.2204,297.18,False,56.1,222.03,-3.25,,289.56,1113,False,0,2025-06-30 23:13:37
a3b414,FFT2443 ,United States,1751325217.0,1751325217,-95.0883,35.2065,10972.8,False,230.27,315.27,-0.33,,11628.12,6225,False,0,2025-06-30 23:13:37
a9c2de,SKW6536 ,United States,1751325217.0,1751325217,-89.725,41.8504,7490.46,False,190.15,263.16,5.85,,7802.88,5614,False,0,2025-06-30 23:13:37
a17dce,ELZ9    ,United States,1751325216.0,1751325217,-117.8642,33.8142,990.6,False,119.32,44.65,-5.53,,990.6,,False,0,2025-06-30 23:13:37
a3b41a,LXJ338  ,United States,1751325216.0,1751325217,-90.135,34.8156,1821.18,False,151.7,65.35,0.0,,1905.0,3245,False,0,2025-06-30 23:13:37
a0ade2,AAL2885 ,United States,1751325216.0,1751325217,-116.2277,32.6839,6865.62,False,224.52,83.95,3.25,,7254.24,,False,0,2025-06-30 23:13:37
ab1203,AAL1888 ,United States,1751325216.0,1751325216,-80.89,34.3285,8778.24,False,242.23,66.87,-5.53,,9311.64,6414,False,0,2025-06-30 23:13:37
a77b76,AAL1031 ,United States,1751325217.0,1751325217,-94.5836,35.6759,10988.04,False,232.47,298.27,0.0,,11643.36,5725,False,0,2025-06-30 23:13:37
ac583f,DAL919  ,United States,1751325217.0,1751325217,-84.5203,33.6692,1082.04,False,128.61,296.36,10.08,,1112.52,3120,False,0,2025-06-30 23:13:37
a8fe5d,NKS2662 ,United States,1751325216.0,1751325216,-82.4576,39.8353,1440.18,False,136.26,326.55,-6.5,,1463.04,2032,False,0,2025-06-30 23:13:37
ab252d,,United States,1751325011.0,1751325011,-74.1199,40.1828,,True,5.92,312.19,,,,,False,0,2025-06-30 23:13:37
a972d3,FFT71   ,United States,1751325217.0,1751325217,-100.6134,36.018,10363.2,False,242.85,326.58,-0.33,,10965.18,6161,False,0,2025-06-30 23:13:37
ab1210,PRY01   ,United States,1751325216.0,1751325216,-94.4371,29.8421,8229.6,False,124.42,33.36,-0.33,,8747.76,6746,False,0,2025-06-30 23:13:37
a91e92,N687PW  ,United States,1751325216.0,1751325216,-94.0929,37.3036,2118.36,False,91.16,73.61,0.0,,2194.56,,False,0,2025-06-30 23:13:37
71c308,AAR212  ,Republic of Korea,1751325216.0,1751325217,-122.4387,37.6781,3375.66,False,138.33,139.68,0.0,,3497.58,1173,False,0,2025-06-30 23:13:37
ad7828,SWA2736 ,United States,1751325216.0,1751325217,-107.244,40.1671,10972.8,False,223.28,277.81,0.0,,11567.16,2754,False,0,2025-06-30 23:13:37
a9d5e7,UAL2394 ,United States,1751325216.0,1751325216,-87.6715,42.0025,1181.1,False,93.11,270.0,-4.55,,1188.72,3403,False,0,2025-06-30 23:13:37
a9d5e4,UAL2142 ,United States,1751325216.0,1751325217,-87.1046,36.1904,3528.06,False,181.22,291.83,5.85,,3688.08,1547,False,0,2025-06-30 23:13:37
a9e8fc,N738CG  ,United States,1751325216.0,1751325216,-70.7937,42.6052,685.8,False,39.68,256.5,0.65,,670.56,,False,0,2025-06-30 23:13:37
ab120b,DAL299  ,United States,1751325217.0,1751325217,-93.4112,45.217,3749.04,False,184.31,159.24,-1.3,,3840.48,,False,0,2025-06-30 23:13:37
a6ab62,N529LL  ,United States,1751325216.0,1751325217,-84.7523,33.4968,3634.74,False,134.28,30.89,0.0,,3817.62,2420,False,0,2025-06-30 23:13:37
a2579f,N250BH  ,United States,1751325216.0,1751325216,-83.9517,35.6445,8564.88,False,232.04,211.4,-10.08,,9067.8,7365,False,0,2025-06-30 23:13:37
a1245e,AMX636  ,United States,1751325216.0,1751325217,-89.8006,35.7441,11277.6,False,250.1,35.46,0.0,,11955.78,4244,False,0,2025-06-30 23:13:37
a24450,N245TW  ,United States,1751325217.0,1751325217,-93.5117,44.5472,807.72,False,47.4,332.88,0.0,,800.1,,False,0,2025-06-30 23:13:37
a9e8cf,N738AM  ,United States,1751325216.0,1751325217,-117.1079,34.0596,2110.74,False,66.44,182.66,-2.6,,2186.94,0204,False,0,2025-06-30 23:13:37
ac9ef7,JSX108  ,United States,1751325217.0,1751325217,-115.1285,36.1402,982.98,False,75.31,233.05,-10.73,,937.26,4754,False,0,2025-06-30 23:13:37
a9e8db,N738AZ  ,United States,1751325215.0,1751325216,-117.1115,32.7985,304.8,False,39.58,8.97,-1.3,,251.46,,False,0,2025-06-30 23:13:37
a91e6e,NKS2190 ,United States,1751325216.0,1751325216,-89.0739,40.9892,5814.06,False,214.52,42.18,-9.43,,6065.52,2656,False,0,2025-06-30 23:13:37
a29dee,ENY4139 ,United States,1751325217.0,1751325217,-95.2919,33.9299,7239.0,False,217.09,237.78,-5.85,,7665.72,1767,False,0,2025-06-30 23:13:37
a37765,SKW4065 ,United States,1751325216.0,1751325216,-122.8881,46.7011,4351.02,False,166.79,51.01,-5.2,,4549.14,,False,0,2025-06-30 23:13:37
a59143,EJA458  ,United States,1751325216.0,1751325216,-97.7735,32.4607,6720.84,False,212.96,151.27,-12.68,,7124.7,2546,False,0,2025-06-30 23:13:37
a7ddbd,CBC606  ,United States,1751324910.0,1751324910,-111.962,40.7917,,True,9.26,132.19,,,,4304,True,0,2025-06-30 23:13:37
a9873d,ASA325  ,United States,1751325032.0,1751325036,-122.5979,45.589,,True,0.0,14.06,,,,3171,False,0,2025-06-30 23:13:37
47c98d,NBT41R  ,Norway,1751325216.0,1751325216,-115.1827,35.9277,10172.7,False,267.14,48.51,2.93,,10759.44,7751,False,0,2025-06-30 23:13:37
406b05,BAW97A  ,United Kingdom,1751325163.0,1751325199,-91.921,32.4554,10363.2,False,246.21,233.15,0.33,,10995.66,7402,False,0,2025-06-30 23:13:37
a2dafe,N283VC  ,United States,1751325153.0,1751325153,-115.2023,36.2088,,True,3.6,196.88,,,,,False,0,2025-06-30 23:13:37
a05f31,DAL1556 ,United States,1751325216.0,1751325217,-121.3433,37.1231,2712.72,False,156.86,277.92,-7.15,,2819.4,3174,False,0,2025-06-30 23:13:37
a05f37,DAL711  ,United States,1751325216.0,1751325217,-92.8114,35.8453,10965.18,False,223.02,279.16,0.0,,11612.88,2506,False,0,2025-06-30 23:13:37
abbc52,SWA2870 ,United States,1751325217.0,1751325217,-86.8702,35.8029,11277.6,False,234.52,132.33,0.0,,11948.16,3547,False,0,2025-06-30 23:13:37
a3514f,JBU49   ,United States,1751325210.0,1751325213,-90.2587,47.3031,10972.8,False,212.72,280.17,0.0,,11209.02,,False,0,2025-06-30 23:13:37
a77ab6,N581MD  ,United States,1751325217.0,1751325217,-94.7001,45.4017,8229.6,False,172.78,153.66,-0.33,,8465.82,,False,0,2025-06-30 23:13:37
a53afb,SCU49   ,United States,1751325211.0,1751325211,-96.1993,36.3716,1653.54,False,30.12,7.85,-1.3,,1714.5,,False,0,2025-06-30 23:13:37
acb9ed,AAL2864 ,United States,1751325217.0,1751325217,-105.7117,31.6522,10988.04,False,236.5,302.2,0.0,,11643.36,0726,False,0,2025-06-30 23:13:37
ac30b6,LYM3106 ,United States,1751325047.0,1751325049,-106.5117,39.6338,6111.24,False,129.45,217.74,0.98,,6484.62,5135,False,0,2025-06-30 23:13:37
a8b722,N6604E  ,United States,1751325217.0,1751325217,-80.7567,28.3098,1036.32,False,43.59,329.5,0.33,,1097.28,1200,False,0,2025-06-30 23:13:37
a2dadf,YEL83   ,United States,1751325216.0,1751325216,-76.98,36.1852,13716.0,False,210.32,33.22,0.0,,14340.84,2642,False,0,2025-06-30 23:13:37
a59167,SCU51   ,United States,1751325216.0,1751325216,-96.2614,36.263,2133.6,False,65.8,9.9,-0.33,,2186.94,,False,0,2025-06-30 23:13:37
a77ae0,DAL715  ,United States,1751325216.0,1751325216,-105.7457,31.1,10668.0,False,246.41,116.94,0.0,,11300.46,1366,False,0,2025-06-30 23:13:37
a24493,SWA871  ,United States,1751325216.0,1751325216,-98.6357,30.1603,11285.22,False,251.37,44.59,0.0,,11963.4,2131,False,0,2025-06-30 23:13:37
aaf0c3,ASA1191 ,United States,1751325217.0,1751325217,-118.8789,35.696,11178.54,False,252.89,349.92,3.25,,11765.28,7303,False,0,2025-06-30 23:13:37
c04453,WJA1582 ,Canada,1751325216.0,1751325216,-94.47,45.7505,11277.6,False,253.97,106.23,-0.33,,11590.02,,False,0,2025-06-30 23:13:37
a4c170,RPA9940 ,United States,1751325217.0,1751325217,-86.2982,40.0,4427.22,False,181.79,34.27,8.78,,4640.58,,False,0,2025-06-30 23:13:37
acdc40,DAL2293 ,United States,1751325211.0,1751325216,-73.7835,40.6322,,True,0.0,8.44,,,,,False,0,2025-06-30 23:13:37
a6aabc,N529DV  ,United States,1751325216.0,1751325216,-122.2971,46.6286,3208.02,False,161.97,276.2,-8.78,,3314.7,,False,0,2025-06-30 23:13:37
a5916a,JCM458  ,United States,1751325216.0,1751325217,-81.4816,31.747,3535.68,False,153.14,158.52,-5.53,,3710.94,6132,False,0,2025-06-30 23:13:37
aaf0ce,AAL1408 ,United States,1751325217.0,1751325217,-74.1015,44.5159,10972.8,False,227.87,352.35,0.33,,11475.72,1401,False,0,2025-06-30 23:13:37
a3a110,N333BC  ,United States,1751325213.0,1751325213,-83.1732,38.6836,3055.62,False,74.28,262.04,-0.33,,3185.16,,False,0,2025-06-30 23:13:37
a3c775,UAL2172 ,United States,1751325217.0,1751325217,-101.438,46.4023,10363.2,False,207.3,297.01,0.0,,10774.68,1366,False,0,2025-06-30 23:13:37
a0af44,EJA143  ,United States,1751325217.0,1751325217,-107.31,39.9207,13098.78,False,245.45,239.24,0.33,,13754.1,1146,False,0,2025-06-30 23:13:37
ad63f7,DAL1683 ,United States,1751325214.0,1751325216,-85.2111,34.3034,5379.72,False,194.43,128.45,-9.43,,5676.9,1674,False,0,2025-06-30 23:13:37
a73410,SWA2674 ,United States,1751325216.0,1751325216,-104.494,39.7659,3817.62,False,158.47,345.33,-7.8,,4053.84,7342,False,0,2025-06-30 23:13:37
abbc75,SWA528  ,United States,1751325216.0,1751325217,-96.3578,32.1939,3337.56,False,202.34,357.67,-11.05,,3535.68,7001,False,0,2025-06-30 23:13:37
adb3c8,NKS2209 ,United States,1751324962.0,1751324962,-118.3725,33.9384,106.68,False,61.13,263.23,-3.58,,99.06,2451,False,0,2025-06-30 23:13:37
c05736,CGHAR   ,Canada,1751325164.0,1751325164,-123.3804,48.4251,,True,7.2,90.0,,,,,False,0,2025-06-30 23:13:37
a04c50,N1180N  ,United States,1751325216.0,1751325216,-80.6524,28.2188,1028.7,False,48.55,170.24,-0.65,,1104.9,1200,False,0,2025-06-30 23:13:37
a3a138,N333CT  ,United States,1751325216.0,1751325216,-112.0463,41.3297,1676.4,False,54.69,168.06,0.98,,1722.12,,False,0,2025-06-30 23:13:37
c0440e,ACA745  ,Canada,1751325217.0,1751325217,-81.6726,43.9794,7856.22,False,206.32,270.86,4.23,,8221.98,6335,False,0,2025-06-30 23:13:37
c04413,ROU1606 ,Canada,1751324913.0,1751324913,-80.1761,26.0771,30.48,False,66.88,90.44,-3.25,,60.96,6504,False,0,2025-06-30 23:13:37
a61457,N491FL  ,United States,1751324774.0,1751325217,-77.4277,35.9302,883.92,False,42.81,184.13,-0.98,,922.02,,False,0,2025-06-30 23:13:37
406b12,TOM727  ,United Kingdom,1751325129.0,1751325129,-77.4561,24.9045,11879.58,False,259.54,56.56,-0.33,,12489.18,,False,0,2025-06-30 23:13:37
a4e6a1,N4149T  ,United States,1751325207.0,1751325209,-88.2644,40.0272,304.8,False,37.17,318.37,-1.63,,251.46,,False,0,2025-06-30 23:13:37
a1cf6b,JBU188  ,United States,1751325217.0,1751325217,-93.9888,42.051,10660.38,False,270.13,80.57,0.0,,11109.96,6751,False,0,2025-06-30 23:13:37
aaf18d,N804JM  ,United States,1751325217.0,1751325217,-106.1658,40.5203,11864.34,False,234.31,60.4,0.33,,12489.18,,False,0,2025-06-30 23:13:37
a639c0,N50YC   ,United States,1751325216.0,1751325216,-94.6516,38.8062,1188.72,False,123.68,217.39,-0.65,,1234.44,,False,0,2025-06-30 23:13:37
adb476,AAL2676 ,United States,1751325217.0,1751325217,-87.0502,32.7339,10066.02,False,236.87,71.25,-0.33,,10690.86,4467,False,0,2025-06-30 23:13:37
a243d2,AAY104  ,United States,1751325217.0,1751325217,-114.7887,35.8831,4556.76,False,182.43,86.61,10.4,,4823.46,,False,0,2025-06-30 23:13:37
ada141,N9779H  ,United States,1751325216.0,1751325216,-83.8127,38.1103,2293.62,False,66.25,13.93,0.33,,2346.96,,False,0,2025-06-30 23:13:37
ab49d4,N8262S  ,United States,1751325217.0,1751325217,-89.1499,42.9325,1104.9,False,39.8,153.1,0.65,,1082.04,,False,0,2025-06-30 23:13:37
a496a9,N395PH  ,United States,1751325216.0,1751325216,-91.4187,39.6945,7315.2,False,145.11,13.74,0.0,,7680.96,2140,False,0,2025-06-30 23:13:37
a389eb,AAL833  ,United States,1751325216.0,1751325216,-80.1932,25.7317,1074.42,False,133.06,164.3,11.05,,1150.62,,False,0,2025-06-30 23:13:37
a4e6c0,AAL1105 ,United States,1751325216.0,1751325216,-81.5604,34.735,4640.58,False,172.14,49.12,-4.23,,4907.28,6433,False,0,2025-06-30 23:13:37
a8a478,QXE2091 ,United States,1751325216.0,1751325216,-118.2071,34.0424,739.14,False,116.29,88.73,-0.33,,723.9,6615,False,0,2025-06-30 23:13:37
ab6c01,FDY408  ,United States,1751325209.0,1751325216,-96.1714,33.5563,1828.8,False,70.63,222.64,0.0,,1905.0,1567,False,0,2025-06-30 23:13:37
ab6c08,DAL130  ,United States,1751325217.0,1751325217,-73.3125,39.5723,9448.8,False,254.52,54.54,-0.33,,10005.06,7001,False,0,2025-06-30 23:13:37
a05f95,RPA4697 ,United States,1751325217.0,1751325217,-74.7526,39.1389,8869.68,False,234.7,40.29,-12.03,,9372.6,1350,False,0,2025-06-30 23:13:37
a9614d,SKW3846 ,United States,1751325176.0,1751325176,-110.9372,32.1142,,True,36.01,315.0,,,,1077,False,0,2025-06-30 23:13:37
a123bf,UAL1151 ,United States,1751325216.0,1751325216,-93.3932,43.1267,10675.62,False,264.55,124.46,-0.33,,11064.24,1774,False,0,2025-06-30 23:13:37
a4d3a6,N41VD   ,United States,1751324973.0,1751324975,-80.2936,25.9124,-7.62,False,69.03,87.01,-3.58,,7.62,,False,0,2025-06-30 23:13:37
a1cf48,JBU1023 ,United States,1751325217.0,1751325217,-82.796,43.9736,10355.58,False,215.16,268.08,-0.33,,10850.88,6664,False,0,2025-06-30 23:13:37
a3fc47,N356ND  ,United States,1751325210.0,1751325210,-120.0326,34.5928,2255.52,False,48.32,108.63,0.0,,2354.58,,False,0,2025-06-30 23:13:37
a28c23,SWA3818 ,United States,1751325216.0,1751325216,-95.9819,33.3325,11582.4,False,231.48,207.53,0.0,,12291.06,0653,False,0,2025-06-30 23:13:37
acef18,SWA3543 ,United States,1751325215.0,1751325215,-122.2131,37.7029,,True,0.0,213.75,,,,,False,0,2025-06-30 23:13:37
a41c56,DAL605  ,United States,1751325216.0,1751325216,-94.4582,40.4242,11277.6,False,247.52,7.52,0.0,,11818.62,1046,False,0,2025-06-30 23:13:37
a96144,SGX703  ,United States,1751325216.0,1751325216,-71.1233,42.7041,1424.94,False,125.71,285.91,15.28,,1470.66,,False,0,2025-06-30 23:13:37
a73487,N56307  ,United States,1751325216.0,1751325216,-72.9867,41.1299,502.92,False,59.44,293.46,-3.58,,495.3,0530,False,0,2025-06-30 23:13:37
ab23b5,DAL1169 ,United States,1751325208.0,1751325208,-84.4371,33.6412,,True,0.0,137.81,,,,,False,0,2025-06-30 23:13:37
ad0f29,SWA4624 ,United States,1751325217.0,1751325217,-88.5828,38.9083,10142.22,False,253.57,81.13,7.48,,10713.72,1114,False,0,2025-06-30 23:13:37
a9742c,VXP1101 ,United States,1751325217.0,1751325217,-72.9557,41.3907,563.88,False,90.9,130.18,-3.9,,579.12,5733,False,0,2025-06-30 23:13:37
a90aaa,PDT5939 ,United States,1751325216.0,1751325216,-80.3418,36.4368,5166.36,False,214.64,37.5,-0.33,,5463.54,,False,0,2025-06-30 23:13:37
ac56d9,SWA2274 ,United States,1751325216.0,1751325216,-103.6531,30.3246,10668.0,False,244.99,84.46,0.0,,11323.32,7263,False,0,2025-06-30 23:13:37
ac56ba,SWA2557 ,United States,1751325217.0,1751325217,-91.7898,36.5378,10668.0,False,237.32,139.92,0.33,,11292.84,1472,False,0,2025-06-30 23:13:37
add9c1,N99171  ,United States,1751325216.0,1751325216,-93.348,44.6347,853.44,False,49.09,95.41,-4.23,,868.68,,False,0,2025-06-30 23:13:37
aca6a5,N914ML  ,United States,1751325216.0,1751325216,-76.2396,37.6417,12192.0,False,198.44,211.75,-0.33,,12847.32,4076,False,0,2025-06-30 23:13:37
a9d74a,N733MG  ,United States,1751325155.0,1751325155,-121.2002,44.083,1097.28,False,29.84,0.0,-1.63,,1097.28,,False,0,2025-06-30 23:13:37
ab1122,DAL2136 ,United States,1751325216.0,1751325216,-92.8692,36.7777,9753.6,False,225.69,281.44,0.33,,10317.48,0306,False,0,2025-06-30 23:13:37
ac4441,N89PA   ,United States,1751325215.0,1751325216,-120.9905,39.2131,1211.58,False,43.73,90.67,0.33,,1211.58,,False,0,2025-06-30 23:13:37
a7df61,SKW4632 ,United States,1751325216.0,1751325216,-123.8441,40.2618,6812.28,False,192.74,159.53,7.8,,7124.7,,False,0,2025-06-30 23:13:37
ad7760,AAL2309 ,United States,1751325216.0,1751325216,-109.736,36.8979,11277.6,False,237.87,58.44,-0.33,,11894.82,6776,False,0,2025-06-30 23:13:37
aaadf8,SWA2976 ,United States,1751325216.0,1751325216,-90.1856,31.2963,12496.8,False,227.16,97.29,0.33,,13190.22,7101,False,0,2025-06-30 23:13:37
aaf10e,N804DK  ,United States,1751325217.0,1751325217,-70.8807,42.1572,1828.8,False,80.69,310.09,0.0,,1889.76,,False,0,2025-06-30 23:13:37
aaf10f,N804DL  ,United States,1751325124.0,1751325124,-118.4517,34.0135,,True,4.12,135.0,,,,,False,0,2025-06-30 23:13:37
c055d6,JZA7974 ,Canada,1751325217.0,1751325217,-74.0811,45.3509,3406.14,False,178.99,60.56,-6.5,,3543.3,7055,False,0,2025-06-30 23:13:37
a613f3,N491BL  ,United States,1751325204.0,1751325206,-85.6313,38.5076,1173.48,False,43.9,349.88,-0.33,,1181.1,,False,0,2025-06-30 23:13:37
39cf07,AFR174  ,France,1751325216.0,1751325217,-87.3646,31.8347,11582.4,False,258.08,217.87,0.0,,12268.2,3712,False,0,2025-06-30 23:13:37
39cf02,AFR52K  ,France,1751325216.0,1751325216,-77.3576,39.1326,929.64,False,119.68,314.83,0.98,,944.88,2544,False,0,2025-06-30 23:13:37
ab6af0,,United States,1751325031.0,1751325031,-92.2961,43.4388,640.08,False,72.72,18.56,-1.3,,632.46,,False,0,2025-06-30 23:13:37
39cf04,AFR069  ,France,1751325216.0,1751325216,-105.1461,37.0591,11887.2,False,266.66,62.79,-0.65,,12504.42,3417,True,0,2025-06-30 23:13:37
a6bf7c,N534CA  ,United States,1751325216.0,1751325216,-96.6741,32.4278,1059.18,False,56.66,69.26,0.0,,1112.52,,False,0,2025-06-30 23:13:37
a9d6a5,N733ES  ,United States,1751325211.0,1751325215,-97.5171,33.0553,769.62,False,49.74,280.73,3.25,,777.24,,False,0,2025-06-30 23:13:37
a600e4,SWA2045 ,United States,1751325216.0,1751325217,-80.9835,35.4116,1257.3,False,88.15,176.32,-3.9,,1318.26,2135,False,0,2025-06-30 23:13:37
c055f5,JZA7975 ,Canada,1751325217.0,1751325217,-77.036,44.321,6705.6,False,150.56,237.56,0.0,,7018.02,0605,False,0,2025-06-30 23:13:37
c055f7,JZA652  ,Canada,1751325217.0,1751325217,-122.6889,45.6731,1630.68,False,111.31,15.0,8.78,,1691.64,,False,0,2025-06-30 23:13:37
3949f0,AFR693T ,France,1751325216.0,1751325216,-77.8963,36.8249,8016.24,False,223.84,35.55,7.15,,8511.54,3513,False,0,2025-06-30 23:13:37
acdaa5,TIV709  ,United States,1751325147.0,1751325147,-118.3597,34.1996,,True,0.0,0.0,,,,1624,False,0,2025-06-30 23:13:37
aa4c42,UAL2171 ,United States,1751325216.0,1751325216,-104.5194,40.0415,2766.06,False,122.49,1.68,-6.5,,2941.32,7212,False,0,2025-06-30 23:13:37
a7cc2c,NKS2022 ,United States,1751325217.0,1751325217,-80.7058,28.4271,4579.62,False,202.62,73.18,7.48,,4838.7,2603,False,0,2025-06-30 23:13:37
ac578c,SWA737  ,United States,1751325217.0,1751325217,-85.8867,37.0107,10736.58,False,248.75,12.54,6.18,,11361.42,1162,False,0,2025-06-30 23:13:37
a24515,N2451H  ,United States,1751325216.0,1751325216,-91.3649,41.6589,525.78,False,59.3,136.05,0.65,,480.06,,False,0,2025-06-30 23:13:37
a17ecd,DAL140  ,United States,1751325024.0,1751325024,-73.794,40.6517,,True,7.72,59.06,,,,,False,0,2025-06-30 23:13:37
a01880,,United States,1751325216.0,1751325216,-73.7855,40.6542,,True,7.46,331.88,,,,,False,0,2025-06-30 23:13:37
a759eb,DAL684  ,United States,1751325207.0,1751325215,-73.7625,40.6477,,True,0.0,120.94,,,,,False,0,2025-06-30 23:13:37
a2a823,SKW3733 ,United States,1751325216.0,1751325216,-122.6016,48.7592,3398.52,False,152.6,307.6,-4.23,,3543.3,1616,False,0,2025-06-30 23:13:37
a999d2,AAL100  ,United States,1751325217.0,1751325217,-72.7219,42.8102,10668.0,False,263.98,60.59,0.0,,11231.88,4052,False,0,2025-06-30 23:13:37
adb434,N982ST  ,United States,1751325216.0,1751325216,-96.8296,33.0159,358.14,False,58.65,179.5,-0.65,,320.04,,False,0,2025-06-30 23:13:37
a24529,UAL2628 ,United States,1751325216.0,1751325216,-106.82,40.5982,10660.38,False,236.21,49.86,0.0,,11247.12,,False,0,2025-06-30 23:13:37
a24526,UAL1505 ,United States,1751325216.0,1751325217,-102.8782,41.4977,9448.8,False,239.45,59.25,0.0,,9966.96,,False,0,2025-06-30 23:13:37
ab249d,AAY2953 ,United States,1751325216.0,1751325216,-80.8588,34.0398,11277.6,False,223.14,8.49,0.0,,11932.92,1611,False,0,2025-06-30 23:13:37
adb437,SKW5710 ,United States,1751325216.0,1751325216,-96.1299,30.8934,7292.34,False,226.85,150.82,-8.78,,7696.2,1353,False,0,2025-06-30 23:13:37
a29eb6,SWA659  ,United States,1751325216.0,1751325216,-99.7452,35.6129,11887.2,False,255.65,83.76,0.0,,12542.52,,False,0,2025-06-30 23:13:37
a3b3e3,N338DS  ,United States,1751325216.0,1751325216,-80.0195,33.3733,891.54,False,52.69,189.55,-1.63,,922.02,1200,False,0,2025-06-30 23:13:37
4ca15e,EIN9PM  ,Ireland,1751325216.0,1751325216,-103.5142,40.5669,6995.16,False,207.78,238.67,-8.45,,7429.5,,False,0,2025-06-30 23:13:37
a7a9b4,N593MW  ,United States,1751325215.0,1751325216,-80.2227,34.0053,2735.58,False,91.33,14.35,0.0,,2865.12,3735,False,0,2025-06-30 23:13:37
aca788,SWA4390 ,United States,1751325199.0,1751325200,-115.1342,36.0737,662.94,False,74.6,270.4,0.33,,609.6,5607,False,0,2025-06-30 23:13:37
a05ee5,N123AP  ,United States,1751325216.0,1751325216,-120.9041,38.0287,1432.56,False,69.87,166.37,0.33,,1432.56,,False,0,2025-06-30 23:13:37
ad646e,JBU733  ,United States,1751325216.0,1751325217,-71.7731,43.2211,6553.2,False,222.04,320.08,5.2,,6880.86,7002,False,0,2025-06-30 23:13:37
a7a9cd,DAL517  ,United States,1751325217.0,1751325217,-102.5004,39.4112,10972.8,False,231.11,271.91,0.0,,11536.68,6057,False,0,2025-06-30 23:13:37
ad5151,N9572L  ,United States,1751325216.0,1751325216,-121.5534,47.4026,2849.88,False,51.45,180.57,0.33,,2971.8,1200,False,0,2025-06-30 23:13:37
a3a0ca,UAL1946 ,United States,1751325211.0,1751325211,-87.9258,41.9704,,True,3.34,81.56,,,,,False,0,2025-06-30 23:13:37
a3b529,AAL1137 ,United States,1751325217.0,1751325217,-95.9786,30.2431,9067.8,False,252.71,124.47,3.25,,9631.68,3401,False,0,2025-06-30 23:13:37
a1388c,SKW3451 ,United States,1751325217.0,1751325217,-107.1241,29.5184,10668.0,False,231.47,115.82,-0.65,,11300.46,1072,False,0,2025-06-30 23:13:37
a2eed5,OXF3274 ,United States,1751325217.0,1751325217,-111.7671,33.3369,1143.0,False,50.94,20.08,-0.98,,1097.28,1200,False,0,2025-06-30 23:13:37
aa5fc2,PCM7731 ,United States,1751325216.0,1751325216,-122.1797,40.1821,2407.92,False,61.99,162.62,3.25,,2499.36,,False,0,2025-06-30 23:13:37
ada1de,MAL7054 ,United States,1751325217.0,1751325217,-77.6099,44.5458,8580.12,False,166.42,239.95,-6.83,,8983.98,3614,False,0,2025-06-30 23:13:37
a3fba4,FFT3281 ,United States,1751325215.0,1751325216,-94.7552,30.0603,1805.94,False,116.8,203.63,-0.33,,1912.62,1772,False,0,2025-06-30 23:13:37
acca88,AAL2355 ,United States,1751325217.0,1751325217,-77.2457,38.2338,3611.88,False,180.84,16.53,-2.6,,3787.14,1366,False,0,2025-06-30 23:13:37
a2454f,UAL1233 ,United States,1751325217.0,1751325217,-74.1569,40.9239,1158.24,False,146.88,93.41,-3.25,,1188.72,0652,False,0,2025-06-30 23:13:37
a98806,N713JM  ,United States,1751324989.0,1751324989,-93.3611,36.5526,1371.6,False,136.08,99.36,-5.2,,1447.8,,False,0,2025-06-30 23:13:37
a23200,SWA2829 ,United States,1751325216.0,1751325216,-121.6024,38.775,419.1,False,78.48,145.68,-0.98,,381.0,7235,False,0,2025-06-30 23:13:37
ab6cb0,UAL1535 ,United States,1751325217.0,1751325217,-97.1954,32.5069,10972.8,False,227.74,314.27,0.33,,11643.36,7733,False,0,2025-06-30 23:13:37
a17ef7,FDX1805 ,United States,1751325217.0,1751325217,-120.3369,39.2922,12496.8,False,232.0,169.91,0.0,,13121.64,1657,False,0,2025-06-30 23:13:37
a3c87d,N343AK  ,United States,1751325216.0,1751325217,-106.1072,43.8751,9136.38,False,167.44,84.53,-5.2,,9608.82,,False,0,2025-06-30 23:13:37
a36516,FFT3163 ,United States,1751325217.0,1751325217,-117.7986,34.5104,4899.66,False,187.93,119.16,-10.4,,5151.12,1623,False,0,2025-06-30 23:13:37
a4c207,N4053T  ,United States,1751325118.0,1751325118,-119.1177,34.204,160.02,False,40.67,177.83,0.65,,121.92,,False,0,2025-06-30 23:13:37
a2452c,UAL1168 ,United States,1751325216.0,1751325216,-104.3985,44.3822,9753.6,False,223.44,254.24,-0.33,,10264.14,6231,False,0,2025-06-30 23:13:37
a2452a,UAL1209 ,United States,1751325216.0,1751325216,-101.5812,45.9131,10668.0,False,246.57,106.73,0.0,,11109.96,,False,0,2025-06-30 23:13:37
a37842,JBU2230 ,United States,1751325216.0,1751325216,-73.8834,42.7723,10668.0,False,238.81,116.34,0.0,,11239.5,7734,False,0,2025-06-30 23:13:37
ab3982,AAL2662 ,United States,1751325216.0,1751325216,-89.8493,35.2942,11582.4,False,230.95,259.22,-0.33,,12268.2,3312,False,0,2025-06-30 23:13:37
a8a3ce,JBU1692 ,United States,1751325212.0,1751325216,-78.0403,27.5196,10668.0,False,236.27,2.0,0.0,,11186.16,,False,0,2025-06-30 23:13:37
abbca1,SWA2861 ,United States,1751325217.0,1751325217,-88.6367,42.5298,10561.32,False,204.78,271.01,-4.88,,11033.76,1560,False,0,2025-06-30 23:13:37
ab7fee,AAL2554 ,United States,1751325216.0,1751325216,-84.15,37.6945,10980.42,False,225.39,275.63,0.0,,11612.88,2377,False,0,2025-06-30 23:13:37
aaf317,N8040F  ,United States,1751325216.0,1751325216,-83.8382,32.6435,548.64,False,43.6,340.71,0.33,,586.74,,False,0,2025-06-30 23:13:37
ab0001,N808EH  ,United States,1751325216.0,1751325217,-117.0394,33.0573,990.6,False,50.45,101.77,0.98,,975.36,,False,0,2025-06-30 23:13:37
ac9ff2,AAL1849 ,United States,1751325206.0,1751325207,-112.5405,43.0794,9753.6,False,231.86,281.91,0.0,,10264.14,,False,0,2025-06-30 23:13:37
ac3315,SWA2774 ,United States,1751325216.0,1751325217,-104.6793,39.7425,2506.98,False,129.35,199.52,10.73,,2651.76,,False,0,2025-06-30 23:13:37
aca948,ASA818  ,United States,1751325217.0,1751325217,-74.4522,42.7829,11277.6,False,258.4,94.11,0.0,,11871.96,2532,False,0,2025-06-30 23:13:37
a9d6d0,N733GK  ,United States,1751325216.0,1751325216,-73.0464,43.9087,1402.08,False,49.84,172.29,0.33,,1447.8,,False,0,2025-06-30 23:13:37
a1bbe5,AXEL21  ,United States,1751325216.0,1751325216,-106.9994,41.5883,9829.8,False,250.18,9.95,-15.93,,10355.58,4145,False,0,2025-06-30 23:13:37
abbcc1,SWA3158 ,United States,1751325217.0,1751325217,-70.9191,42.5418,1021.08,False,103.64,199.42,-5.53,,1059.18,6272,False,0,2025-06-30 23:13:37
ac4660,N890LT  ,United States,1751325216.0,1751325217,-93.2416,44.953,1135.38,False,124.17,16.86,9.1,,1127.76,,False,0,2025-06-30 23:13:37
aae008,N80FG   ,United States,1751325216.0,1751325216,-78.5771,35.6174,1066.8,False,49.29,71.75,0.65,,1104.9,1200,False,0,2025-06-30 23:13:37
adc93b,N988DV  ,United States,1751325217.0,1751325217,-101.3513,33.9377,10668.0,False,263.2,63.79,-0.33,,11277.6,,False,0,2025-06-30 23:13:37
a35220,ENY3618 ,United States,1751325216.0,1751325216,-78.5471,46.1343,10363.2,False,199.18,276.08,-0.33,,10805.16,1441,False,0,2025-06-30 23:13:37
a36553,JBU2185 ,United States,1751325216.0,1751325217,-78.1718,42.2973,7924.8,False,210.81,220.84,0.33,,8351.52,1317,False,0,2025-06-30 23:13:37
a42ee9,DAL9951 ,United States,1751325217.0,1751325217,-83.7434,28.9815,11574.78,False,223.31,343.4,-0.33,,12230.1,7275,False,0,2025-06-30 23:13:37
a9d6e0,N733HA  ,United States,1751325216.0,1751325216,-117.5864,33.3656,1257.3,False,55.87,126.76,-2.6,,1242.06,,False,0,2025-06-30 23:13:37
ac8ce5,AAL750  ,United States,1751325216.0,1751325216,-115.0717,36.0737,922.02,False,78.2,270.0,-2.6,,883.92,6663,False,0,2025-06-30 23:13:37
a47209,N386ES  ,United States,1751325217.0,1751325217,-91.5711,41.5125,495.3,False,43.47,39.72,0.98,,472.44,,False,0,2025-06-30 23:13:37
aca94b,AAL2026 ,United States,1751325217.0,1751325217,-76.6228,36.019,11277.6,False,229.55,28.81,0.0,,11910.06,6627,False,0,2025-06-30 23:13:37
a9e9fb,N738NM  ,United States,1751325212.0,1751325213,-88.6042,42.5471,967.74,False,57.11,134.64,0.33,,937.26,,False,0,2025-06-30 23:13:37
a3b50f,AAL1622 ,United States,1751325216.0,1751325216,-98.6837,37.1137,10363.2,False,217.25,231.83,0.0,,10965.18,,False,0,2025-06-30 23:13:37
a36556,ENY3711 ,United States,1751324908.0,1751324908,-87.8931,42.0028,259.08,False,70.49,270.84,-3.9,,243.84,3460,False,0,2025-06-30 23:13:37
a54eb3,N441DV  ,United States,1751325216.0,1751325217,-92.6187,44.1031,8229.6,False,153.68,122.84,0.33,,8496.3,,False,0,2025-06-30 23:13:37
aca7f0,N9140S  ,United States,1751325194.0,1751325198,-103.0838,31.6773,1531.62,False,83.14,310.99,-4.55,,1569.72,,False,0,2025-06-30 23:13:37
a60258,N4868E  ,United States,1751325189.0,1751325190,-87.3333,30.6504,762.0,False,45.58,323.26,-0.33,,777.24,1200,False,0,2025-06-30 23:13:37
a8553c,NKS2560 ,United States,1751325196.0,1751325196,-84.4392,33.648,,True,7.72,236.25,,,,2441,False,0,2025-06-30 23:13:37
a65bf2,LXJ509  ,United States,1751325216.0,1751325217,-104.1389,35.531,13716.0,False,246.95,104.85,0.33,,14371.32,,False,0,2025-06-30 23:13:37
a89bab,AAL1964 ,United States,1751325184.0,1751325184,-97.0277,32.891,,True,11.32,208.12,,,,2675,False,0,2025-06-30 23:13:37
ac7a33,AAL2432 ,United States,1751325217.0,1751325217,-80.9724,35.2838,548.64,False,69.6,176.19,-2.6,,556.26,3161,False,0,2025-06-30 23:13:37
a61592,UAL1148 ,United States,1751325217.0,1751325217,-94.3523,41.9112,10965.18,False,199.94,261.12,0.0,,11437.62,2461,False,0,2025-06-30 23:13:37
ad77df,N967TQ  ,United States,1751325215.0,1751325216,-67.7611,44.8372,13106.4,False,235.71,240.3,0.0,,13632.18,0773,False,0,2025-06-30 23:13:37
a3a289,N333SE  ,United States,1751325217.0,1751325217,-81.0496,29.0978,1958.34,False,75.28,338.34,0.0,,2057.4,1200,False,0,2025-06-30 23:13:37
abbd73,SWA3204 ,United States,1751325216.0,1751325217,-95.3545,39.8784,11277.6,False,261.12,82.3,-0.33,,11833.86,2004,False,0,2025-06-30 23:13:37
a6bef1,N5337T  ,United States,1751325131.0,1751325132,-89.6039,37.3584,1036.32,False,62.86,172.0,-0.98,,1051.56,,False,0,2025-06-30 23:13:37
a7ded2,N606PD  ,United States,1751325138.0,1751325142,-73.4872,40.7435,76.2,False,19.76,308.66,-2.28,,53.34,,False,0,2025-06-30 23:13:37
407f2c,BAW9CG  ,United Kingdom,1751325216.0,1751325216,-100.2302,45.8591,12192.0,False,255.87,214.68,0.0,,12618.72,,False,0,2025-06-30 23:13:37
a8feb8,SKW5476 ,United States,1751325217.0,1751325217,-102.6098,45.0235,9753.6,False,241.26,195.46,0.0,,10195.56,,False,0,2025-06-30 23:13:37
acca2c,WMU51   ,United States,1751325216.0,1751325216,-85.7138,42.0147,937.26,False,63.45,355.82,0.0,,914.4,,False,0,2025-06-30 23:13:37
abaa43,SWA1773 ,United States,1751325217.0,1751325217,-120.1507,39.016,8519.16,False,242.46,49.99,4.88,,8915.4,3354,False,0,2025-06-30 23:13:37
ac7a52,AAL2652 ,United States,1751325216.0,1751325216,-96.6152,32.5292,4625.34,False,193.19,315.97,-9.1,,4892.04,1000,False,0,2025-06-30 23:13:37
a9c506,ASA434  ,United States,1751325217.0,1751325217,-77.7445,39.213,1676.4,False,154.57,78.09,-5.2,,1737.36,3304,False,0,2025-06-30 23:13:37
ad9a33,N976CT  ,United States,1751325216.0,1751325216,-84.6826,33.2296,701.04,False,47.77,292.15,-0.65,,716.28,1200,False,0,2025-06-30 23:13:37
ac7a5e,AAL403  ,United States,1751325217.0,1751325217,-87.7099,42.7557,6012.18,False,243.92,69.12,11.05,,6225.54,3275,False,0,2025-06-30 23:13:37
a7def8,EJA606  ,United States,1751325216.0,1751325216,-80.7138,32.6033,6568.44,False,189.92,34.29,10.08,,6941.82,1344,False,0,2025-06-30 23:13:37
ac7a65,TAI563  ,United States,1751325216.0,1751325216,-110.9449,30.0798,10668.0,False,251.02,122.62,0.33,,11300.46,3672,False,0,2025-06-30 23:13:37
a98868,NKS2406 ,United States,1751325217.0,1751325217,-85.8112,33.6929,6957.06,False,199.26,305.33,5.85,,7376.16,1516,False,0,2025-06-30 23:13:37
aaf1f2,AAL1101 ,United States,1751325217.0,1751325217,-82.7094,28.0203,4046.22,False,194.01,350.54,11.05,,4267.2,3706,False,0,2025-06-30 23:13:37
ab11fb,CRE812  ,United States,1751325216.0,1751325216,-87.1107,30.4682,13106.4,False,223.28,270.53,-0.33,,13792.2,1477,False,0,2025-06-30 23:13:37
aa4ce2,ENY3519 ,United States,1751325217.0,1751325217,-85.5779,42.0494,937.26,False,112.6,107.28,0.65,,914.4,5325,False,0,2025-06-30 23:13:37
a377b3,N322WA  ,United States,1751325216.0,1751325216,-72.2938,42.1413,1950.72,False,74.77,229.18,0.0,,2065.02,4562,False,0,2025-06-30 23:13:37
a1bd27,N2109T  ,United States,1751325216.0,1751325217,-95.76,41.1548,853.44,False,41.93,353.66,1.63,,883.92,,False,0,2025-06-30 23:13:37
a124b5,DAL90   ,United States,1751325216.0,1751325216,-70.9339,40.8413,10668.0,False,244.29,56.95,0.0,,11201.4,3614,False,0,2025-06-30 23:13:37
a5f52d,EJA483  ,United States,1751324923.0,1751324923,-90.5323,32.6913,5013.96,False,201.37,124.91,-11.7,,5654.04,1457,False,0,2025-06-30 23:13:37
abbd8d,SWA1686 ,United States,1751325217.0,1751325217,-83.6716,37.0685,11277.6,False,238.92,69.85,0.0,,11948.16,5342,False,0,2025-06-30 23:13:37
ac7a76,N903BM  ,United States,1751325216.0,1751325216,-101.883,34.2765,1379.22,False,55.13,356.79,0.0,,1417.32,,False,0,2025-06-30 23:13:37
c05840,ACA843  ,Canada,1751325217.0,1751325217,-77.2836,44.6794,9928.86,False,204.13,240.4,-6.5,,10424.16,2503,False,0,2025-06-30 23:13:37
aa0653,NKS2352 ,United States,1751324977.0,1751325133,-93.1488,32.6663,9456.42,False,247.38,93.46,0.0,,10058.4,2024,False,0,2025-06-30 23:13:37
ae0a40,HEART28 ,United States,1751325216.0,1751325216,-78.9909,40.3439,982.98,False,58.28,85.95,0.0,,990.6,1200,False,0,2025-06-30 23:13:37
a7486a,ASA14   ,United States,1751325195.0,1751325209,-88.5888,32.6379,10980.42,False,235.26,125.57,-3.9,,11643.36,6703,False,0,2025-06-30 23:13:37
a86861,N64056  ,United States,1751325217.0,1751325217,-112.2941,33.5064,640.08,False,48.11,114.65,7.15,,556.26,1200,False,0,2025-06-30 23:13:37
a6abb6,N529PV  ,United States,1751325217.0,1751325217,-83.5781,32.7951,3642.36,False,89.09,280.99,-0.33,,3832.86,2050,False,0,2025-06-30 23:13:37
a7debf,NKS2119 ,United States,1751325215.0,1751325215,-81.5441,37.4042,11277.6,False,239.96,63.65,0.0,,11955.78,5770,False,0,2025-06-30 23:13:37
c03210,ASP844  ,Canada,1751325216.0,1751325216,-79.4311,43.6737,1691.64,False,124.09,46.51,-5.53,,1691.64,1356,False,0,2025-06-30 23:13:37
a8551a,N636MA  ,United States,1751325217.0,1751325217,-72.0743,42.3994,5334.0,False,152.79,45.55,0.0,,5570.22,2712,False,0,2025-06-30 23:13:37
acca85,NKS2233 ,United States,1751325216.0,1751325216,-81.7508,27.5342,5737.86,False,224.72,255.55,-13.98,,6073.14,4756,False,0,2025-06-30 23:13:37
a7dec2,JIA5447 ,United States,1751325217.0,1751325217,-78.9734,37.2775,7917.18,False,226.76,223.07,0.33,,8366.76,3536,False,0,2025-06-30 23:13:37
a65bbc,DAL415  ,United States,1751325216.0,1751325216,-87.4105,45.5099,10660.38,False,259.14,99.37,0.0,,11026.14,6633,False,0,2025-06-30 23:13:37
a017f9,N105HC  ,United States,1751325217.0,1751325217,-87.3407,30.6204,1798.32,False,84.51,285.9,0.0,,1889.76,,False,0,2025-06-30 23:13:37
c0584f,ACA824  ,Canada,1751325192.0,1751325192,-79.621,43.6797,,True,6.17,334.69,,,,2213,False,0,2025-06-30 23:13:37
a9b0ed,RPA3310 ,United States,1751325216.0,1751325216,-84.5471,39.5557,10668.0,False,263.47,79.77,0.0,,11292.84,5770,False,0,2025-06-30 23:13:37
a72213,JIA5449 ,United States,1751325216.0,1751325216,-92.0891,34.7365,9448.8,False,252.0,52.38,-0.33,,10012.68,6231,False,0,2025-06-30 23:13:37
a65d06,SKW6336 ,United States,1751324953.0,1751324953,-118.4209,33.947,,True,9.77,81.56,,,,2145,False,0,2025-06-30 23:13:37
a747a8,N56849  ,United States,1751325216.0,1751325217,-84.0055,39.7219,762.0,False,54.37,32.64,0.0,,701.04,1200,False,0,2025-06-30 23:13:37
a231ae,TRF40   ,United States,1751325216.0,1751325216,-95.9131,32.7678,1371.6,False,56.59,179.48,-1.3,,1432.56,0007,False,0,2025-06-30 23:13:37
a9b273,ASA549  ,United States,1751325217.0,1751325217,-105.7758,41.0047,10668.0,False,243.58,114.45,0.0,,11239.5,,False,0,2025-06-30 23:13:37
a507de,N423MG  ,United States,1751325217.0,1751325217,-80.2043,27.8236,5036.82,False,143.51,160.53,-3.9,,5341.62,3356,False,0,2025-06-30 23:13:37
a3b4c8,DAL1923 ,United States,1751325216.0,1751325216,-92.0423,45.3664,7353.3,False,233.36,105.08,4.55,,7559.04,3225,False,0,2025-06-30 23:13:37
a65d11,N509TJ  ,United States,1751325217.0,1751325217,-77.8406,42.5839,944.88,False,64.82,222.43,0.98,,929.64,7150,False,0,2025-06-30 23:13:37
ada296,AAL1541 ,United States,1751325209.0,1751325214,-115.1348,36.0804,,True,0.0,272.81,,,,,False,0,2025-06-30 23:13:37
a1aa10,UAL45   ,United States,1751325217.0,1751325217,-121.0332,39.4016,11582.4,False,242.92,216.82,0.0,,12169.14,1322,False,0,2025-06-30 23:13:37
a3b4d6,AAL1351 ,United States,1751325215.0,1751325215,-88.3337,31.1914,6736.08,False,227.04,113.08,-14.31,,7231.38,2206,False,0,2025-06-30 23:13:37
ada293,NKS2388 ,United States,1751325217.0,1751325217,-91.8988,35.8278,9067.8,False,249.06,93.91,-13.33,,9654.54,3273,False,0,2025-06-30 23:13:37
ab5a01,SCX407  ,United States,1751325216.0,1751325216,-113.1727,35.2332,10363.2,False,231.0,239.78,0.0,,10942.32,,False,0,2025-06-30 23:13:37
a6ad05,N5292K  ,United States,1751325216.0,1751325216,-88.0643,30.5982,274.32,False,39.43,277.5,0.65,,281.94,1200,False,0,2025-06-30 23:13:37
a3b4e9,LBQ783  ,United States,1751325216.0,1751325216,-83.268,32.9328,5791.2,False,130.01,154.45,0.0,,6141.72,3747,False,0,2025-06-30 23:13:37
a257f8,N250EX  ,United States,1751325216.0,1751325216,-82.8142,28.4876,6911.34,False,211.64,351.61,8.45,,7322.82,6647,False,0,2025-06-30 23:13:37
ac57d2,SWA1211 ,United States,1751325216.0,1751325216,-78.0342,33.4585,10668.0,False,224.01,6.06,0.0,,11269.98,2377,False,0,2025-06-30 23:13:37
a40a50,N36DT   ,United States,1751325216.0,1751325217,-118.5131,34.5078,2148.84,False,72.87,128.41,0.33,,2202.18,4730,False,0,2025-06-30 23:13:37
abbd0a,SWA671  ,United States,1751325217.0,1751325217,-91.5997,35.1087,11582.4,False,219.99,222.16,0.0,,12260.58,6502,False,0,2025-06-30 23:13:37
acdd03,N928MP  ,United States,1751325216.0,1751325216,-118.3381,33.7101,1417.32,False,42.4,125.62,0.0,,1424.94,,False,0,2025-06-30 23:13:37
c030bb,ACA762  ,Canada,1751325216.0,1751325216,-82.6438,46.0074,11277.6,False,269.33,85.62,0.0,,11727.18,3337,False,0,2025-06-30 23:13:37
a1aa4e,SWA2254 ,United States,1751325216.0,1751325216,-97.9363,37.6307,11582.4,False,212.11,230.91,0.0,,12199.62,,False,0,2025-06-30 23:13:37
a27a5c,EJA259  ,United States,1751325216.0,1751325216,-111.5286,35.3206,9136.38,False,237.54,282.38,0.65,,9669.78,2313,False,0,2025-06-30 23:13:37
a0191e,AAL378  ,United States,1751325216.0,1751325216,-80.6913,34.969,3032.76,False,165.91,321.67,0.0,,3200.4,3064,False,0,2025-06-30 23:13:37
a9887c,N713PE  ,United States,1751325207.0,1751325207,-87.5637,30.3017,457.2,False,58.59,226.78,-0.98,,556.26,0155,False,0,2025-06-30 23:13:37
c030eb,ACA344  ,Canada,1751325217.0,1751325217,-90.5926,48.8275,11277.6,False,252.45,102.0,0.0,,11498.58,,False,0,2025-06-30 23:13:37
a497ee,N3951Y  ,United States,1751325216.0,1751325216,-88.9458,44.5607,1432.56,False,73.28,339.02,-1.63,,1402.08,4055,False,0,2025-06-30 23:13:37
abbd2d,SWA1999 ,United States,1751325216.0,1751325216,-81.7018,36.1446,10972.8,False,232.51,316.34,0.33,,11628.12,1654,False,0,2025-06-30 23:13:37
a364e7,DAL2305 ,United States,1751324768.0,1751325077,-71.0213,42.356,,True,0.0,216.56,,,,,False,0,2025-06-30 23:13:37
ac31a1,AAL3311 ,United States,1751325217.0,1751325217,-92.7805,35.958,11582.4,False,219.91,235.19,0.0,,12260.58,6251,False,0,2025-06-30 23:13:37
acdd18,NKS2098 ,United States,1751325127.0,1751325138,-118.1822,38.1993,10347.96,False,244.5,322.09,0.33,,10888.98,,False,0,2025-06-30 23:13:37
abaa0e,SWA792  ,United States,1751325216.0,1751325217,-97.7352,32.6759,7010.4,False,215.67,268.09,0.0,,7429.5,5154,False,0,2025-06-30 23:13:37
a3b4a4,MVK33   ,United States,1751325217.0,1751325217,-93.2886,44.6503,594.36,False,57.98,117.47,-2.93,,548.64,,False,0,2025-06-30 23:13:37
a5e29a,ASA1297 ,United States,1751325216.0,1751325216,-122.2292,41.6385,10972.8,False,251.45,351.17,0.0,,11475.72,6012,False,0,2025-06-30 23:13:37
c030f7,ACA325  ,Canada,1751325216.0,1751325216,-73.9123,45.3866,1478.28,False,126.79,300.21,6.83,,1485.9,,False,0,2025-06-30 23:13:37
a15a6e,N1868H  ,United States,1751325216.0,1751325216,-122.2141,37.7495,304.8,False,45.0,95.91,3.9,,259.08,5363,False,0,2025-06-30 23:13:37
a1bd6a,MXY707  ,United States,1751325209.0,1751325216,-88.8839,32.7553,10668.0,False,228.21,122.29,-0.33,,11330.94,2015,False,0,2025-06-30 23:13:37
abbd47,SWA3304 ,United States,1751325217.0,1751325217,-115.5441,35.1776,8244.84,False,208.48,207.64,9.1,,8694.42,,False,0,2025-06-30 23:13:37
a17fb5,AAY1490 ,United States,1751325215.0,1751325215,-86.4398,30.7099,1196.34,False,121.5,148.33,0.0,,1264.92,1037,False,0,2025-06-30 23:13:37
ae1ba8,        ,United States,1751325217.0,1751325217,-104.5065,38.7439,7315.2,False,157.84,334.1,-0.33,,7741.92,,False,0,2025-06-30 23:13:37
a12611,N173TX  ,United States,1751325217.0,1751325217,-104.322,31.094,8534.4,False,139.62,306.91,0.0,,9044.94,2762,False,0,2025-06-30 23:13:37
ab6bdf,KSU35   ,United States,1751325192.0,1751325194,-97.6459,38.7769,373.38,False,31.91,358.15,-2.6,,381.0,,False,0,2025-06-30 23:13:37
71c516,APZ103  ,Republic of Korea,1751325216.0,1751325216,-124.8608,38.8604,11277.6,False,246.01,128.55,-0.33,,11772.9,,False,0,2025-06-30 23:13:37
a2ca97,N2792P  ,United States,1751325212.0,1751325213,-118.2487,33.8899,213.36,False,26.76,268.9,4.23,,152.4,,False,0,2025-06-30 23:13:37
a841a7,N631CB  ,United States,1751325204.0,1751325204,-104.318,36.4191,13106.4,False,214.29,292.44,0.65,,13746.48,6444,False,0,2025-06-30 23:13:37
abbbae,UAL1092 ,United States,1751325216.0,1751325216,-97.1363,41.5752,10347.96,False,213.39,258.18,0.0,,10805.16,1417,False,0,2025-06-30 23:13:37
a64a73,SKW4894 ,United States,1751325216.0,1751325217,-114.3749,33.9495,10972.8,False,219.94,281.47,-0.33,,11612.88,1541,False,0,2025-06-30 23:13:37
a3c900,FFT3521 ,United States,1751325216.0,1751325217,-111.323,36.1278,10149.84,False,216.21,252.13,-4.55,,10721.34,7361,False,0,2025-06-30 23:13:37
a471f0,N386DS  ,United States,1751325217.0,1751325217,-83.5417,40.4732,929.64,False,63.12,70.97,0.65,,906.78,,False,0,2025-06-30 23:13:37
a9fa04,AMX006  ,United States,1751324961.0,1751324961,-85.1443,25.919,11574.78,False,268.24,213.66,-0.33,,12230.1,3050,False,0,2025-06-30 23:13:37
a52a99,AAL1703 ,United States,1751325216.0,1751325216,-86.852,32.9984,10058.4,False,237.07,54.9,0.0,,10698.48,7611,False,0,2025-06-30 23:13:37
c043cb,WJA1763 ,Canada,1751325216.0,1751325216,-121.6008,45.9174,10972.8,False,246.47,347.1,0.0,,11422.38,0712,False,0,2025-06-30 23:13:37
a721d7,N559LC  ,United States,1751325217.0,1751325217,-75.9785,38.7422,1836.42,False,133.29,218.42,-0.33,,1897.38,1135,False,0,2025-06-30 23:13:37
a2ca64,UAL108  ,United States,1751325216.0,1751325216,-77.315,39.1569,4305.3,False,187.77,90.31,8.45,,4503.42,2404,False,0,2025-06-30 23:13:37
adfba0,N641T   ,United States,1751325194.0,1751325194,-119.0147,36.8317,3848.1,False,68.61,331.32,0.0,,4038.6,,False,0,2025-06-30 23:13:37
a841b7,N631CT  ,United States,1751325215.0,1751325215,-117.0402,33.2466,815.34,False,50.58,94.67,-0.33,,800.1,,False,0,2025-06-30 23:13:37
a2efae,SWA793  ,United States,1751325216.0,1751325216,-89.9757,35.0098,11582.4,False,232.1,305.35,0.0,,12252.96,1532,False,0,2025-06-30 23:13:37
a9b29b,N724CA  ,United States,1751325056.0,1751325056,-70.6913,42.1043,335.28,False,41.73,239.64,-0.98,,320.04,,False,0,2025-06-30 23:13:37
c069d8,WJA1624 ,Canada,1751325217.0,1751325217,-112.5356,41.9908,11887.2,False,240.25,179.75,-0.33,,12481.56,,False,0,2025-06-30 23:13:37
ada227,JBU1189 ,United States,1751325216.0,1751325216,-99.1359,41.1038,10972.8,False,215.66,245.02,0.0,,11475.72,1357,False,0,2025-06-30 23:13:37
aaf27c,UAL675  ,United States,1751325217.0,1751325217,-87.2029,33.3484,10980.42,False,235.45,255.45,-0.33,,11658.6,6704,False,0,2025-06-30 23:13:37
acdbe7,PDT5771 ,United States,1751325159.0,1751325159,-73.7457,45.4614,,True,5.66,303.75,,,,4745,False,0,2025-06-30 23:13:37
ad526a,N958AL  ,United States,1751325216.0,1751325216,-122.8178,48.7317,541.02,False,64.39,77.07,0.0,,563.88,,False,0,2025-06-30 23:13:37
a721a4,JBU1689 ,United States,1751325216.0,1751325216,-80.9013,30.7559,10363.2,False,260.69,188.63,0.33,,10957.56,3401,False,0,2025-06-30 23:13:37
ad526c,AAL1619 ,United States,1751325216.0,1751325216,-81.7163,36.2995,6530.34,False,198.43,151.51,-8.78,,6918.96,1106,False,0,2025-06-30 23:13:37
a04cbf,N989CW  ,United States,1751325156.0,1751325170,-85.6466,38.2362,213.36,False,28.59,239.74,-1.95,,198.12,,False,0,2025-06-30 23:13:37
a64a3b,EJA504  ,United States,1751324941.0,1751324949,-113.1225,38.9133,13106.4,False,211.39,196.98,0.0,,13769.34,6056,False,0,2025-06-30 23:13:37
c056d2,NRL593  ,Canada,1751325213.0,1751325213,-74.0093,45.6792,,True,19.03,225.0,,,,3413,False,0,2025-06-30 23:13:37
a9b292,N724BS  ,United States,1751325216.0,1751325216,-71.551,41.9159,1242.06,False,126.67,43.03,-8.13,,1303.02,3117,False,0,2025-06-30 23:13:37
a43ea7,UAL1412 ,United States,1751325216.0,1751325216,-75.8879,37.9309,10972.8,False,247.28,214.32,0.33,,11620.5,3353,False,0,2025-06-30 23:13:37
a43ea2,UAL1681 ,United States,1751325217.0,1751325217,-84.6199,32.676,11277.6,False,242.86,169.38,0.0,,11955.78,6552,False,0,2025-06-30 23:13:37
a01567,AAL2868 ,United States,1751325217.0,1751325217,-99.9421,29.4631,11277.6,False,250.51,38.33,0.0,,11993.88,0202,False,0,2025-06-30 23:13:37
a37517,JBU358  ,United States,1751325213.0,1751325213,-73.7616,40.6473,,True,0.0,120.94,,,,,False,0,2025-06-30 23:13:37
a8a0c1,QXE2414 ,United States,1751325217.0,1751325217,-121.5205,45.5197,8229.6,False,215.51,168.15,0.0,,8641.08,4711,False,0,2025-06-30 23:13:37
a9d3bf,WWI73   ,United States,1751325216.0,1751325216,-99.5169,32.3214,2590.8,False,113.78,130.97,11.38,,2735.58,,False,0,2025-06-30 23:13:37
a18eed,N2SM    ,United States,1751325217.0,1751325217,-114.5318,36.1973,12778.74,False,232.68,28.09,-1.95,,13479.78,7773,False,0,2025-06-30 23:13:37
a18ef7,N2SX    ,United States,1751325216.0,1751325216,-78.4906,40.4802,3017.52,False,58.95,237.84,0.33,,3101.34,2743,False,0,2025-06-30 23:13:37
ad61de,SWA105  ,United States,1751325217.0,1751325217,-117.2379,34.0292,1729.74,False,141.0,284.8,-1.95,,1775.46,4130,False,0,2025-06-30 23:13:37
ab8fa7,KSU44   ,United States,1751325165.0,1751325165,-97.2358,38.8932,396.24,False,31.49,355.31,-4.23,,396.24,,False,0,2025-06-30 23:13:37
ad8901,SKW5990 ,United States,1751325216.0,1751325216,-102.0484,45.7217,10058.4,False,210.06,11.59,0.0,,10500.36,,False,0,2025-06-30 23:13:37
ad8906,N971TA  ,United States,1751325216.0,1751325216,-117.9155,33.652,304.8,False,37.08,240.95,2.6,,243.84,,False,0,2025-06-30 23:13:37
aa4a90,SKW5573 ,United States,1751325217.0,1751325217,-87.5798,42.0919,1402.08,False,109.58,90.0,-5.85,,1417.32,1661,False,0,2025-06-30 23:13:37
a2b810,UAL2713 ,United States,1751325216.0,1751325216,-77.4385,38.9503,,True,8.23,0.0,,,,,False,0,2025-06-30 23:13:37
a850dc,FFT2339 ,United States,1751325216.0,1751325216,-82.37,28.2933,2034.54,False,140.67,264.12,-5.53,,2156.46,1132,False,0,2025-06-30 23:13:37
a480ef,N39FB   ,United States,1751325217.0,1751325217,-94.8921,38.6946,754.38,False,56.1,1.58,-1.3,,746.76,,False,0,2025-06-30 23:13:37
a9e6df,AAL1891 ,United States,1751325216.0,1751325216,-78.1105,35.5564,3695.7,False,189.18,311.36,-3.58,,3886.2,6252,False,0,2025-06-30 23:13:37
a996e1,DAL1897 ,United States,1751325216.0,1751325216,-84.4089,37.5715,3451.86,False,188.63,354.52,-4.88,,3627.12,3330,False,0,2025-06-30 23:13:37
a24235,N2447N  ,United States,1751325216.0,1751325216,-122.606,47.9675,1043.94,False,89.18,145.58,0.0,,1082.04,,False,0,2025-06-30 23:13:37
a8c6e8,PDT5747 ,United States,1751325111.0,1751325127,-80.9692,35.2466,358.14,False,69.09,176.16,-2.93,,342.9,,False,0,2025-06-30 23:13:37
a80f87,N6185K  ,United States,1751325142.0,1751325146,-122.5815,48.2865,1127.76,False,43.55,345.64,-1.63,,1188.72,,False,0,2025-06-30 23:13:37
a36212,AAY2879 ,United States,1751325217.0,1751325217,-90.928,38.7883,10668.0,False,240.65,153.6,-0.33,,11285.22,3614,False,0,2025-06-30 23:13:37
a17bfe,AAY1411 ,United States,1751325216.0,1751325216,-94.4508,32.9752,10972.8,False,226.0,254.82,0.33,,11650.98,7114,False,0,2025-06-30 23:13:37
a36218,ASI6248 ,United States,1751325216.0,1751325216,-111.903,33.0027,579.12,False,46.34,247.14,-2.28,,480.06,1200,False,0,2025-06-30 23:13:37
a43ec9,UAL2123 ,United States,1751324775.0,1751324902,-99.3564,40.552,10972.8,False,215.36,283.54,0.0,,11513.82,,False,0,2025-06-30 23:13:37
a12234,N172SJ  ,United States,1751325216.0,1751325216,-74.539,42.6693,1706.88,False,59.22,108.75,-0.98,,1706.88,,False,0,2025-06-30 23:13:37
ab2316,N8168   ,United States,1751325210.0,1751325213,-121.9361,37.3662,,True,5.66,56.25,,,,,False,0,2025-06-30 23:13:37
a43ec3,UAL2215 ,United States,1751325216.0,1751325216,-81.5631,28.2665,2941.32,False,151.15,287.63,13.66,,3101.34,7354,False,0,2025-06-30 23:13:37
a2685b,SWA2702 ,United States,1751325216.0,1751325216,-91.1891,34.8201,11277.6,False,232.52,119.85,0.0,,11932.92,3256,False,0,2025-06-30 23:13:37
ad8935,AAL1402 ,United States,1751325216.0,1751325216,-82.9868,28.6773,6964.68,False,194.22,337.58,3.58,,7360.92,5775,False,0,2025-06-30 23:13:37
ab3655,UAL590  ,United States,1751325185.0,1751325185,-87.9291,41.9768,,True,5.66,2.81,,,,,False,0,2025-06-30 23:13:37
ab8fee,AAL1548 ,United States,1751325217.0,1751325217,-101.3469,44.6836,11277.6,False,254.5,98.72,0.0,,11734.8,,False,0,2025-06-30 23:13:37
ad1fc8,AAL1827 ,United States,1751325216.0,1751325216,-80.391,35.9108,4518.66,False,158.72,196.38,-7.8,,4785.36,2354,False,0,2025-06-30 23:13:37
789269,CPA876  ,China,1751325044.0,1751325044,-97.0547,32.9147,198.12,False,68.94,180.43,-2.6,,175.26,7457,False,0,2025-06-30 23:13:37
a12241,N172SX  ,United States,1751325216.0,1751325216,-117.1554,33.0686,1348.74,False,48.37,91.22,-0.98,,1356.36,,False,0,2025-06-30 23:13:37
a66bc3,N5124B  ,United States,1751325216.0,1751325216,-122.9229,45.9416,2019.3,False,52.5,358.32,-0.65,,2065.02,,False,0,2025-06-30 23:13:37
a74541,GJS3377 ,United States,1751325125.0,1751325125,-84.6467,39.0632,350.52,False,63.79,180.0,-4.23,,304.8,2175,False,0,2025-06-30 23:13:37
ab21a6,N816WM  ,United States,1751324937.0,1751325021,-88.1249,41.6913,548.64,False,33.44,306.87,-8.13,,236.22,1200,False,0,2025-06-30 23:13:37
a8c840,QXE2482 ,United States,1751325217.0,1751325217,-122.4651,47.4182,2461.26,False,126.04,180.47,-1.95,,2575.56,7014,False,0,2025-06-30 23:13:37
48d409,JDI10A  ,Poland,1751325002.0,1751325002,-122.3063,47.4549,,True,6.69,140.62,,,,2176,False,0,2025-06-30 23:13:37
a6cec4,GJS4539 ,United States,1751325213.0,1751325213,-77.4549,38.9381,,True,0.0,267.19,,,,,False,0,2025-06-30 23:13:37
a5f208,SWA2467 ,United States,1751325216.0,1751325216,-103.5363,39.5184,7307.58,False,214.36,110.22,2.93,,7726.68,,False,0,2025-06-30 23:13:37
a63897,N50LF   ,United States,1751325217.0,1751325217,-101.9441,33.6917,1508.76,False,103.77,175.17,-4.55,,1569.72,3227,False,0,2025-06-30 23:13:37
a8c83b,EJA665  ,United States,1751325215.0,1751325216,-117.1033,32.8115,1844.04,False,143.69,134.85,0.33,,1866.9,,False,0,2025-06-30 23:13:37
a2ebe7,N288CB  ,United States,1751325189.0,1751325190,-120.3924,34.8898,1036.32,False,39.31,132.88,2.6,,1021.08,,False,0,2025-06-30 23:13:37
a4954e,N3949X  ,United States,1751325185.0,1751325206,-116.6787,44.0575,3048.0,False,65.45,339.29,0.0,,3192.78,,False,0,2025-06-30 23:13:37
ac8a11,N907KC  ,United States,1751325213.0,1751325213,-94.9478,38.8418,845.82,False,41.11,261.36,1.95,,868.68,,False,0,2025-06-30 23:13:37
a86540,PDT5832 ,United States,1751325216.0,1751325217,-75.4299,40.4467,3055.62,False,145.28,168.77,0.65,,3192.78,4275,False,0,2025-06-30 23:13:37
a8785b,FFT1728 ,United States,1751325207.0,1751325212,-115.136,36.0822,,True,0.0,309.38,,,,,False,0,2025-06-30 23:13:37
a43eec,UAL2073 ,United States,1751325204.0,1751325204,-77.4388,38.9549,,True,4.63,264.38,,,,,False,0,2025-06-30 23:13:37
a43eea,UAL562  ,United States,1751325216.0,1751325216,-100.7975,45.5938,11277.6,False,252.53,95.03,0.0,,11711.94,,False,0,2025-06-30 23:13:37
a92ea0,EDV5062 ,United States,1751325215.0,1751325215,-87.8704,31.2536,3314.7,False,176.5,209.7,0.0,,3497.58,7512,False,0,2025-06-30 23:13:37
ab34ea,DAL509  ,United States,1751325216.0,1751325217,-89.7491,42.4302,10363.2,False,196.63,268.05,0.0,,10812.78,4133,False,0,2025-06-30 23:13:37
a43eed,UAL1729 ,United States,1751325217.0,1751325217,-103.9599,39.4241,5654.04,False,190.06,304.08,-5.85,,6004.56,2271,False,0,2025-06-30 23:13:37
a2ebbd,ASA485  ,United States,1751325216.0,1751325216,-81.8955,33.4935,8122.92,False,239.33,307.31,4.23,,8610.6,5025,False,0,2025-06-30 23:13:37
ac9d5e,N9114Z  ,United States,1751325166.0,1751325183,-96.5353,43.6326,1295.4,False,45.58,69.52,2.93,,1303.02,,False,0,2025-06-30 23:13:37
a30bce,ASA783  ,United States,1751325216.0,1751325217,-88.2095,35.1181,10363.2,False,231.51,270.64,0.0,,10995.66,2253,False,0,2025-06-30 23:13:37
aced24,AAL1048 ,United States,1751325216.0,1751325216,-82.2707,34.9418,10058.4,False,241.75,72.03,-0.33,,10683.24,2042,False,0,2025-06-30 23:13:37
a3621e,AAL2485 ,United States,1751325217.0,1751325217,-99.8424,31.9966,11277.6,False,242.0,65.78,0.0,,11955.78,1035,False,0,2025-06-30 23:13:37
ac67fc,AAL2225 ,United States,1751325217.0,1751325217,-80.5311,35.7321,3459.48,False,138.28,242.77,-7.48,,3642.36,5647,False,0,2025-06-30 23:13:37
a73220,ASA1225 ,United States,1751325216.0,1751325216,-121.9711,44.3586,11582.4,False,259.73,44.84,0.0,,12070.08,1767,False,0,2025-06-30 23:13:37
abba43,DAL3059 ,United States,1751325162.0,1751325162,-87.1602,30.4779,91.44,False,76.58,258.77,-4.23,,106.68,0664,False,0,2025-06-30 23:13:37
a74505,DAL214  ,United States,1751325215.0,1751325215,-84.4261,33.6412,,True,0.0,90.0,,,,4461,False,0,2025-06-30 23:13:37
aa6fca,SWA2807 ,United States,1751325216.0,1751325217,-118.3232,33.4741,4892.04,False,205.91,315.81,0.0,,5128.26,,False,0,2025-06-30 23:13:37
a3c549,FFT1113 ,United States,1751325216.0,1751325216,-96.9794,36.6155,11582.4,False,232.25,294.75,0.0,,12230.1,3346,False,0,2025-06-30 23:13:37
aaad8f,SWA4382 ,United States,1751325216.0,1751325216,-121.9159,37.3543,,True,12.86,137.81,,,,,False,0,2025-06-30 23:13:37
a54bab,SWA844  ,United States,1751325216.0,1751325216,-76.842,39.0906,922.02,False,110.59,325.42,0.33,,937.26,3235,False,0,2025-06-30 23:13:37
a3c54f,LXJ342  ,United States,1751325216.0,1751325217,-76.7513,43.5138,12496.8,False,260.94,108.51,0.0,,13098.78,7317,False,0,2025-06-30 23:13:37
a3627d,ENY3566 ,United States,1751325051.0,1751325051,-95.2125,29.7051,419.1,False,77.49,224.19,-4.23,,617.22,0555,False,0,2025-06-30 23:13:37
a4e538,RPA4742 ,United States,1751325206.0,1751325206,-80.0537,38.1638,7101.84,False,224.41,358.16,-10.08,,7490.46,6514,False,0,2025-06-30 23:13:37
a3d890,DAL2027 ,United States,1751325216.0,1751325216,-100.3266,43.7689,10668.0,False,242.7,75.14,0.0,,11109.96,,False,0,2025-06-30 23:13:37
acda2c,SWA3498 ,United States,1751325217.0,1751325217,-97.0939,30.1467,3009.9,False,165.59,299.19,-6.83,,3185.16,4672,False,0,2025-06-30 23:13:37
a36279,SKW3945 ,United States,1751325217.0,1751325217,-96.0949,32.5351,10668.0,False,235.66,59.57,0.33,,11308.08,7213,False,0,2025-06-30 23:13:37
a9c0be,N7276G  ,United States,1751325213.0,1751325213,-108.5296,45.7564,1600.2,False,42.14,197.77,3.58,,1684.02,,False,0,2025-06-30 23:13:37
a517a1,SWA3711 ,United States,1751325217.0,1751325217,-84.2809,32.8555,12192.0,False,233.09,350.6,0.0,,12877.8,2513,False,0,2025-06-30 23:13:37
a16a20,AMF1545 ,United States,1751325216.0,1751325216,-70.0977,44.4314,3063.24,False,101.45,213.21,-0.65,,3177.54,,False,0,2025-06-30 23:13:37
a014db,N104PF  ,United States,1751325205.0,1751325211,-88.0716,41.609,274.32,False,31.39,270.94,-2.28,,251.46,1200,False,0,2025-06-30 23:13:37
ac4279,SWA1103 ,United States,1751324971.0,1751324971,-101.7471,34.9536,2019.3,False,143.11,346.06,-7.8,,2141.22,0144,False,0,2025-06-30 23:13:37
a30d18,EDV5266 ,United States,1751325216.0,1751325216,-83.5546,34.3704,4602.48,False,177.0,220.4,-6.18,,4846.32,0505,False,0,2025-06-30 23:13:37
adb268,N98184  ,United States,1751325216.0,1751325216,-90.1322,39.0035,807.72,False,58.03,294.07,-0.65,,800.1,,False,0,2025-06-30 23:13:37
a027f9,N109UV  ,United States,1751325216.0,1751325217,-111.811,40.1601,1737.36,False,57.37,32.55,-2.6,,1783.08,,False,0,2025-06-30 23:13:37
a30d04,AAY457  ,United States,1751325217.0,1751325217,-111.6435,33.2926,533.4,False,76.39,315.55,-3.58,,480.06,,False,0,2025-06-30 23:13:37
a16a02,AAL3083 ,United States,1751325216.0,1751325216,-86.2599,32.3375,10050.78,False,238.19,89.88,0.0,,10675.62,2465,False,0,2025-06-30 23:13:37
adc57c,,United States,1751325080.0,1751325080,-111.8892,39.7553,2019.3,False,36.44,161.05,-2.6,,2110.74,,False,0,2025-06-30 23:13:37
06a1ce,QQE761  ,Qatar,1751325216.0,1751325217,-106.8844,31.8886,13716.0,False,261.26,97.92,0.0,,14439.9,6765,False,0,2025-06-30 23:13:37
a8fbe8,N67807  ,United States,1751325216.0,1751325216,-121.8666,38.6002,289.56,False,36.53,90.0,-0.98,,205.74,1200,False,0,2025-06-30 23:13:37
ac429b,SWA3265 ,United States,1751325216.0,1751325216,-114.9667,36.1963,4053.84,False,175.94,89.66,9.43,,4274.82,,False,0,2025-06-30 23:13:37
a0ad1b,UAL8198 ,United States,1751325215.0,1751325216,-94.8497,29.7972,4312.92,False,185.9,99.88,12.68,,4549.14,2526,False,0,2025-06-30 23:13:37
a04a33,N118CX  ,United States,1751325217.0,1751325217,-83.8625,26.706,13106.4,False,184.54,122.36,0.0,,13731.24,2236,False,0,2025-06-30 23:13:37
a87898,JBU1214 ,United States,1751325217.0,1751325217,-70.8411,41.9771,2887.98,False,135.28,60.12,-2.6,,3025.14,2443,False,0,2025-06-30 23:13:37
a7dbaa,SKW5913 ,United States,1751325123.0,1751325188,-122.387,37.6211,,True,0.0,219.38,,,,,False,0,2025-06-30 23:13:37
a4d277,N41HA   ,United States,1751325216.0,1751325216,-119.0913,34.6033,6400.8,False,136.0,152.27,0.0,,6690.36,,False,0,2025-06-30 23:13:37
ab34a7,AAL3073 ,United States,1751325217.0,1751325217,-85.1239,38.8483,3147.06,False,172.79,66.49,-2.93,,3276.6,3445,False,0,2025-06-30 23:13:37
adb29c,ASA1269 ,United States,1751325216.0,1751325216,-98.0188,39.3646,10363.2,False,217.53,287.62,0.0,,10896.6,1647,False,0,2025-06-30 23:13:37
a267fa,N254SR  ,United States,1751325216.0,1751325216,-112.0002,33.2582,533.4,False,26.32,265.52,2.28,,426.72,4352,False,0,2025-06-30 23:13:37
aa0243,N744JW  ,United States,1751325216.0,1751325216,-112.1933,39.3923,13716.0,False,248.16,174.29,-0.98,,14378.94,3170,False,0,2025-06-30 23:13:37
a2b7cd,UAL2275 ,United States,1751325217.0,1751325217,-115.7373,44.0928,10058.4,False,244.13,117.48,0.0,,10561.32,6674,False,0,2025-06-30 23:13:37
a98539,DAL392  ,United States,1751325216.0,1751325216,-86.7649,37.4226,11582.4,False,217.09,245.5,0.0,,12245.34,2730,False,0,2025-06-30 23:13:37
0d04ae,SLI470  ,Mexico,1751325216.0,1751325217,-94.8668,28.614,8839.2,False,235.58,65.9,-0.33,,9403.08,6517,False,0,2025-06-30 23:13:37
aaad1b,N78710  ,United States,1751325211.0,1751325211,-83.8977,35.9618,396.24,False,39.94,277.4,4.55,,312.42,,False,0,2025-06-30 23:13:37
a121be,N172MR  ,United States,1751325216.0,1751325216,-122.8371,46.3326,2042.16,False,53.92,344.51,0.0,,2103.12,,False,0,2025-06-30 23:13:37
a05d8d,N1220W  ,United States,1751325188.0,1751325190,-120.0684,39.1101,3322.32,False,159.69,2.95,-13.0,,3451.86,7223,False,0,2025-06-30 23:13:37
4cc52e,ICE9V   ,Iceland,1751325217.0,1751325217,-87.0505,42.4719,3055.62,False,142.71,250.19,-7.8,,3147.06,0731,False,0,2025-06-30 23:13:37
4cc52f,ICE821  ,Iceland,1751325216.0,1751325216,-77.4609,36.6308,6035.04,False,197.93,230.06,-9.75,,6385.56,2464,False,0,2025-06-30 23:13:37
acb82e,AVA211  ,United States,1751325216.0,1751325216,-77.0286,35.1367,10370.82,False,240.84,193.09,-0.33,,10988.04,1614,False,0,2025-06-30 23:13:37
4cc52b,ICE657  ,Iceland,1751325216.0,1751325216,-93.5974,45.575,5814.06,False,200.87,177.21,-8.45,,5981.7,,False,0,2025-06-30 23:13:37
a4f7fb,CXK214  ,United States,1751325216.0,1751325216,-117.081,33.3192,1706.88,False,50.83,35.94,0.65,,1722.12,,False,0,2025-06-30 23:13:37
a2da60,AAY1311 ,United States,1751325217.0,1751325217,-78.0494,38.6921,3055.62,False,168.42,340.18,0.0,,3215.64,2620,False,0,2025-06-30 23:13:37
ac685d,SKW3612 ,United States,1751325216.0,1751325216,-91.8511,42.1589,7620.0,False,240.76,73.62,0.0,,7909.56,,False,0,2025-06-30 23:13:37
a744b3,ASA1100 ,United States,1751325217.0,1751325217,-120.3349,39.2824,11887.2,False,221.09,169.81,0.0,,12466.32,1610,False,0,2025-06-30 23:13:37
a3fa60,N35543  ,United States,1751325215.0,1751325217,-97.003,32.3282,1371.6,False,45.17,194.51,-1.63,,1417.32,,False,0,2025-06-30 23:13:37
a481c0,N39PL   ,United States,1751325123.0,1751325123,-83.328,42.2391,312.42,False,70.42,207.88,-3.25,,251.46,,False,0,2025-06-30 23:13:37
a4e4f9,N414WJ  ,United States,1751325216.0,1751325216,-120.548,38.763,3215.64,False,89.3,208.19,0.0,,3329.94,,False,0,2025-06-30 23:13:37
aa14d2,JRE749  ,United States,1751324942.0,1751324949,-80.5536,24.8786,2004.06,False,117.14,199.23,-7.48,,2095.5,,False,0,2025-06-30 23:13:37
a2da59,,United States,1751325132.0,1751325132,-97.0376,32.9091,,True,8.23,90.0,,,,,False,0,2025-06-30 23:13:37
a997cc,DAL750  ,United States,1751325095.0,1751325097,-118.4191,38.3772,11277.6,False,251.35,80.58,0.33,,11818.62,3647,False,0,2025-06-30 23:13:37
4cc548,ICE37B  ,Iceland,1751325216.0,1751325216,-79.6372,43.6791,,True,1.03,59.06,,,,2426,False,0,2025-06-30 23:13:37
4cc549,ICE43E  ,Iceland,1751325216.0,1751325217,-75.8042,38.772,3596.64,False,160.04,265.21,-2.6,,3771.9,2550,False,0,2025-06-30 23:13:37
ac5544,N894MA  ,United States,1751325216.0,1751325216,-81.7212,28.7537,373.38,False,60.05,115.91,-0.98,,388.62,1200,False,0,2025-06-30 23:13:37
ab355c,JBU2876 ,United States,1751325216.0,1751325216,-74.9158,38.593,11582.4,False,238.39,219.22,0.33,,12245.34,6253,False,0,2025-06-30 23:13:37
a78d73,DAL472  ,United States,1751325217.0,1751325217,-105.5324,41.2522,10972.8,False,226.66,301.16,0.0,,11559.54,3557,False,0,2025-06-30 23:13:37
acb83b,N919BH  ,United States,1751325217.0,1751325217,-98.2742,30.0608,1645.92,False,96.43,140.19,-2.6,,1714.5,5343,False,0,2025-06-30 23:13:37
a2ed5a,SKW4031 ,United States,1751325217.0,1751325217,-119.7958,38.6495,10668.0,False,223.87,166.99,0.33,,11193.78,4172,False,0,2025-06-30 23:13:37
ac6886,UAL498  ,United States,1751324996.0,1751325117,-99.8308,40.2979,10972.8,False,221.36,308.02,-0.33,,11475.72,1043,False,0,2025-06-30 23:13:37
c053b4,ASP655  ,Canada,1751325216.0,1751325216,-83.6352,33.0855,13716.0,False,198.64,1.48,0.0,,14371.32,7414,False,0,2025-06-30 23:13:37
a494c5,UAL2466 ,United States,1751325217.0,1751325217,-85.0032,44.3586,8854.44,False,213.27,192.96,-4.88,,9220.2,7023,False,0,2025-06-30 23:13:37
a30d6b,SKW4130 ,United States,1751325171.0,1751325171,-96.2717,46.6335,10668.0,False,252.54,118.6,0.0,,10988.04,,False,0,2025-06-30 23:13:37
a9d59f,UAL2152 ,United States,1751325214.0,1751325217,-104.5214,39.9325,3185.16,False,135.81,359.78,-8.78,,3383.28,,False,0,2025-06-30 23:13:37
a2b919,ASA415  ,United States,1751325199.0,1751325215,-113.0499,43.8316,10363.2,False,224.09,296.15,0.0,,10896.6,,False,0,2025-06-30 23:13:37
a4e4a3,SKW3433 ,United States,1751324936.0,1751324936,-117.8632,33.6846,60.96,False,64.21,208.21,-3.58,,53.34,3677,False,0,2025-06-30 23:13:37
a3890e,N327HP  ,United States,1751325216.0,1751325217,-84.5555,33.3331,457.2,False,56.02,97.39,-1.95,,464.82,1200,False,0,2025-06-30 23:13:37
ac5569,AAL497  ,United States,1751325205.0,1751325208,-81.7639,37.5097,10088.88,False,235.84,172.98,-5.2,,10690.86,1512,False,0,2025-06-30 23:13:37
a54d2d,OXF4263 ,United States,1751325212.0,1751325216,-111.4571,33.0901,1021.08,False,47.84,0.0,0.33,,967.74,1200,False,0,2025-06-30 23:13:37
a9c27a,NKS2792 ,United States,1751325216.0,1751325216,-83.2167,42.4284,1257.3,False,92.34,208.99,0.0,,1249.68,1675,False,0,2025-06-30 23:13:37
a0030d,JTL10   ,United States,1751325217.0,1751325217,-79.3439,28.203,11887.2,False,223.31,298.63,0.0,,12489.18,,False,0,2025-06-30 23:13:37
4cc57b,ICE31T  ,Iceland,1751325217.0,1751325217,-83.3921,42.9848,3627.12,False,174.95,203.02,-8.78,,3749.04,0712,False,0,2025-06-30 23:13:37
4cc57a,ICE825  ,Iceland,1751325216.0,1751325216,-79.0423,41.0561,11582.4,False,222.87,218.72,-0.33,,12230.1,5766,False,0,2025-06-30 23:13:37
ad0bd1,N94LH   ,United States,1751325216.0,1751325217,-92.7408,35.7188,12192.0,False,208.0,207.39,0.65,,12854.94,1717,False,0,2025-06-30 23:13:37
acb88c,EPI508  ,United States,1751325117.0,1751325117,-80.9456,29.061,-15.24,False,31.59,196.07,-1.95,,0.0,1200,False,0,2025-06-30 23:13:37
a624ac,SWA147  ,United States,1751325216.0,1751325216,-108.3701,35.4819,9212.58,False,229.72,92.82,-5.2,,9738.36,,False,0,2025-06-30 23:13:37
a4e4aa,N414TE  ,United States,1751325216.0,1751325217,-90.0652,35.7622,12496.8,False,231.77,58.71,0.0,,13197.84,3411,False,0,2025-06-30 23:13:37
4cc573,ICE1A   ,Iceland,1751325216.0,1751325216,-77.5708,37.3036,7010.4,False,212.62,357.78,-2.28,,7437.12,2425,False,0,2025-06-30 23:13:37
4cc570,ICE680  ,Iceland,1751325216.0,1751325217,-122.3078,47.4729,419.1,False,89.54,358.68,7.48,,419.1,,False,0,2025-06-30 23:13:37
7807bb,CSG2585 ,China,1751325216.0,1751325216,-108.4828,34.415,10058.4,False,244.69,171.17,0.0,,10645.14,5747,False,0,2025-06-30 23:13:37
acb892,SKW5431 ,United States,1751325087.0,1751325087,-100.3873,40.7971,9753.6,False,205.55,266.99,0.0,,10241.28,,False,0,2025-06-30 23:13:37
4cc569,FPY410  ,Iceland,1751325217.0,1751325217,-76.2206,39.1522,3337.56,False,179.62,77.6,5.2,,3482.34,,False,0,2025-06-30 23:13:37
a0acbb,UAL2028 ,United States,1751325216.0,1751325216,-99.2688,37.6231,10363.2,False,199.62,251.05,0.0,,10942.32,6005,False,0,2025-06-30 23:13:37
a29cbf,ASA297  ,United States,1751325217.0,1751325217,-92.4364,43.1149,10363.2,False,200.7,268.53,0.0,,10721.34,4563,True,0,2025-06-30 23:13:37
c03069,ACA1066 ,Canada,1751325215.0,1751325216,-108.938,37.7095,11277.6,False,240.89,139.68,-0.33,,11887.2,2664,False,0,2025-06-30 23:13:37
c03064,ACA740  ,Canada,1751325216.0,1751325217,-91.9432,42.8245,11285.22,False,273.43,82.54,-0.33,,11719.56,3327,False,0,2025-06-30 23:13:37
a6aa6e,ASA929  ,United States,1751325217.0,1751325217,-122.7085,44.5993,5074.92,False,208.37,4.11,-10.73,,5349.24,3637,False,0,2025-06-30 23:13:37
a51958,AAL3308 ,United States,1751325217.0,1751325217,-93.9749,32.9848,9852.66,False,248.76,92.73,4.55,,10462.26,2210,False,0,2025-06-30 23:13:37
ad62fb,N9615Y  ,United States,1751325014.0,1751325014,-90.1944,38.569,419.1,False,59.14,154.77,-2.6,,396.24,,False,0,2025-06-30 23:13:37
ac5700,SWA4034 ,United States,1751325217.0,1751325217,-90.552,38.941,10972.8,False,223.97,272.37,-0.33,,11574.78,1042,False,0,2025-06-30 23:13:37
ab3732,N8212B  ,United States,1751324903.0,1751324903,-122.3879,45.628,259.08,False,33.44,270.88,-0.98,,228.6,,False,0,2025-06-30 23:13:37
a24304,EPI245  ,United States,1751325148.0,1751325150,-81.324,29.736,876.3,False,65.46,356.4,0.0,,914.4,1200,False,0,2025-06-30 23:13:37
406a34,BAW216  ,United Kingdom,1751325217.0,1751325217,-70.5359,42.4396,10668.0,False,250.35,51.34,0.0,,11224.26,7053,False,0,2025-06-30 23:13:37
c0307c,ACA566  ,Canada,1751325217.0,1751325217,-123.0748,40.6646,11887.2,False,215.28,156.93,0.0,,12443.46,2673,False,0,2025-06-30 23:13:37
a0acb6,UAL2627 ,United States,1751325216.0,1751325216,-98.9749,45.3306,10668.0,False,242.72,108.67,-0.33,,11056.62,,False,0,2025-06-30 23:13:37
a13650,UAL636  ,United States,1751325216.0,1751325217,-98.6199,29.6574,1173.48,False,82.9,182.49,-1.3,,1242.06,1716,False,0,2025-06-30 23:13:37
a13651,UAL2081 ,United States,1751325217.0,1751325217,-82.1935,35.7329,11506.2,False,239.23,219.85,-5.85,,12192.0,3770,False,0,2025-06-30 23:13:37
a2b98d,N275FA  ,United States,1751325216.0,1751325217,-75.673,40.5434,815.34,False,49.82,253.81,-3.58,,792.48,0450,False,0,2025-06-30 23:13:37
a611db,UAL1464 ,United States,1751325216.0,1751325216,-99.8392,38.3598,10972.8,False,220.6,288.35,0.0,,11567.16,1115,False,0,2025-06-30 23:13:37
a9d4b5,RPA3585 ,United States,1751325216.0,1751325216,-85.2931,38.0563,9144.0,False,235.15,299.2,0.33,,9685.02,4752,False,0,2025-06-30 23:13:37
a8fd3c,AAL2871 ,United States,1751325216.0,1751325216,-109.6723,37.6167,10058.4,False,241.39,25.36,-0.33,,10652.76,2665,False,0,2025-06-30 23:13:37
a48321,DAL2756 ,United States,1751325216.0,1751325216,-92.4086,45.417,5913.12,False,223.72,72.61,7.48,,6065.52,7022,False,0,2025-06-30 23:13:37
a3899d,ENY3562 ,United States,1751325216.0,1751325217,-87.6122,39.504,9144.0,False,214.58,251.7,-0.33,,9624.06,1366,False,0,2025-06-30 23:13:37
aaadb2,SWA2628 ,United States,1751325216.0,1751325216,-76.6832,39.1137,1005.84,False,110.73,272.66,12.03,,1013.46,3535,False,0,2025-06-30 23:13:37
a78d6b,JIA5652 ,United States,1751325217.0,1751325217,-83.319,36.0841,10363.2,False,243.22,62.41,0.0,,10972.8,3333,False,0,2025-06-30 23:13:37
a48315,DAL1984 ,United States,1751325217.0,1751325217,-79.1957,32.6437,10972.8,False,250.02,286.5,0.0,,11590.02,3516,False,0,2025-06-30 23:13:37
ab7dbe,N84CM   ,United States,1751325215.0,1751325216,-91.3635,35.2327,10972.8,False,158.24,225.13,0.0,,11635.74,5566,False,0,2025-06-30 23:13:37
a3d90a,AAL1793 ,United States,1751325213.0,1751325216,-82.0051,25.5837,7315.2,False,196.04,140.96,-0.33,,7734.3,3471,False,0,2025-06-30 23:13:37
a2301d,BOE955  ,United States,1751325216.0,1751325216,-119.5558,47.5847,4511.04,False,121.85,71.79,0.33,,4724.4,,False,0,2025-06-30 23:13:37
a984b1,NKS2456 ,United States,1751325216.0,1751325216,-83.8729,37.7284,11277.6,False,231.67,161.08,0.0,,11932.92,7424,False,0,2025-06-30 23:13:37
a997e5,AAL964  ,United States,1751325216.0,1751325217,-76.6395,39.1513,533.4,False,86.31,115.04,6.5,,518.16,1317,False,0,2025-06-30 23:13:37
a89a4e,N6530Y  ,United States,1751325217.0,1751325217,-120.7758,37.9908,2651.76,False,97.18,313.07,-3.25,,2727.96,,False,0,2025-06-30 23:13:37
a23000,N240AA  ,United States,1751325144.0,1751325144,-81.6288,28.9196,289.56,False,52.56,3.37,0.98,,304.8,,False,0,2025-06-30 23:13:37
a31fdb,SCM3    ,United States,1751325216.0,1751325216,-89.9887,34.7176,4762.5,False,154.96,185.14,15.28,,5029.2,,False,0,2025-06-30 23:13:37
a51928,N4278Z  ,United States,1751325204.0,1751325204,-118.6161,32.9228,213.36,False,41.7,308.99,-1.63,,144.78,,False,0,2025-06-30 23:13:37
a8b4c6,FFT2705 ,United States,1751325217.0,1751325217,-87.3387,39.044,10363.2,False,218.79,267.84,0.0,,10972.8,3732,False,0,2025-06-30 23:13:37
a0acf8,UAL1032 ,United States,1751325179.0,1751325179,-87.9081,41.9792,,True,4.37,191.25,,,,,False,0,2025-06-30 23:13:37
a0acf9,UAL2100 ,United States,1751325184.0,1751325184,-114.3095,39.5527,10972.8,False,223.61,245.97,-0.33,,11551.92,6055,False,0,2025-06-30 23:13:37
a90a1e,N6816F  ,United States,1751325204.0,1751325204,-93.1306,44.1616,1135.38,False,55.51,97.45,-3.25,,1135.38,,False,0,2025-06-30 23:13:37
a62676,VAR496  ,United States,1751325216.0,1751325216,-112.6222,33.3271,678.18,False,63.77,259.78,-0.65,,594.36,,False,0,2025-06-30 23:13:37
a97310,JBU2523 ,United States,1751325216.0,1751325216,-76.6533,37.939,6629.4,False,230.29,176.93,8.13,,7018.02,6204,False,0,2025-06-30 23:13:37
a73322,N563M   ,United States,1751325216.0,1751325217,-91.2832,43.9698,4305.3,False,160.83,332.78,0.0,,4404.36,,False,0,2025-06-30 23:13:37
a7a956,JBU120  ,United States,1751325217.0,1751325217,-73.1528,40.7488,10142.22,False,232.4,209.29,4.55,,10728.96,2454,False,0,2025-06-30 23:13:37
a8b639,WMU66   ,United States,1751324964.0,1751324964,-85.2064,42.6047,1402.08,False,64.83,89.09,-0.33,,1394.46,,False,0,2025-06-30 23:13:37
a4c02d,GTI8240 ,United States,1751325213.0,1751325213,-73.778,40.6567,,True,0.0,120.94,,,,,False,0,2025-06-30 23:13:37
ad0e61,AAL2288 ,United States,1751325210.0,1751325211,-88.8289,32.4411,11277.6,False,231.8,92.93,0.0,,11955.78,5122,False,0,2025-06-30 23:13:37
a2a688,N270AM  ,United States,1751325216.0,1751325216,-95.8306,32.5962,731.52,False,63.07,326.31,-7.15,,739.14,,False,0,2025-06-30 23:13:37
a9e914,N738DF  ,United States,1751325217.0,1751325217,-82.3428,34.7665,480.06,False,47.67,29.05,-0.33,,495.3,,False,0,2025-06-30 23:13:37
add8e0,N9911L  ,United States,1751325216.0,1751325217,-122.6356,38.0396,868.68,False,61.54,293.14,0.98,,815.34,1200,False,0,2025-06-30 23:13:37
ac9e77,DAL2246 ,United States,1751325216.0,1751325217,-97.1096,43.373,11582.4,False,210.07,248.15,0.0,,12016.74,7073,False,0,2025-06-30 23:13:37
ac55f3,UAL2236 ,United States,1751325081.0,1751325087,-95.3063,30.0072,121.92,False,69.96,270.0,-3.58,,144.78,6244,True,0,2025-06-30 23:13:37
adc5b8,MTN7463 ,United States,1751325214.0,1751325215,-79.3265,40.1657,1821.18,False,75.02,207.8,0.33,,1874.52,2230,False,0,2025-06-30 23:13:37
a6bcda,N533PC  ,United States,1751325216.0,1751325216,-112.0884,33.8591,1783.08,False,79.64,164.26,-1.95,,1828.8,,False,0,2025-06-30 23:13:37
a7598c,UAL1012 ,United States,1751325216.0,1751325216,-105.2156,36.4248,10972.8,False,216.1,246.43,-0.33,,11582.4,7166,False,0,2025-06-30 23:13:37
a2ecf3,AAY3082 ,United States,1751325217.0,1751325217,-87.8454,30.7879,6103.62,False,169.08,123.21,-6.5,,6484.62,2472,False,0,2025-06-30 23:13:37
c0565b,CGGSG   ,Canada,1751325216.0,1751325216,-79.8775,43.7629,,True,4.37,315.0,,,,,False,0,2025-06-30 23:13:37
a98620,N7122G  ,United States,1751325098.0,1751325181,-86.7318,33.5694,480.06,False,40.72,3.62,0.65,,480.06,,False,0,2025-06-30 23:13:37
a6cffc,AAL1617 ,United States,1751325216.0,1751325216,-105.6073,31.2867,10073.64,False,238.01,124.34,0.0,,10675.62,2402,False,0,2025-06-30 23:13:37
a73348,JIA5609 ,United States,1751325217.0,1751325217,-86.4274,39.0766,8839.2,False,261.89,39.82,-0.33,,9319.26,3402,False,0,2025-06-30 23:13:37
a4e62a,ASI221  ,United States,1751325216.0,1751325216,-97.7995,31.0214,975.36,False,37.04,142.33,3.9,,1013.46,1552,False,0,2025-06-30 23:13:37
a1ce16,SWA1496 ,United States,1751325217.0,1751325217,-96.5447,39.0444,11277.6,False,261.95,79.71,0.0,,11856.72,,False,0,2025-06-30 23:13:37
a5afc8,N4659G  ,United States,1751325195.0,1751325195,-87.8967,42.1036,243.84,False,31.82,337.17,-2.6,,236.22,,False,0,2025-06-30 23:13:37
ac9e91,SKW4747 ,United States,1751325217.0,1751325217,-102.485,33.7192,9433.56,False,225.21,356.6,3.58,,9989.82,,False,0,2025-06-30 23:13:37
adb2a4,DAL2135 ,United States,1751325216.0,1751325216,-81.375,35.2187,3215.64,False,169.44,261.8,3.58,,3383.28,,False,0,2025-06-30 23:13:37
a47074,N38513  ,United States,1751325214.0,1751325214,-73.243,41.9314,1546.86,False,62.07,56.84,-0.65,,1577.34,,False,0,2025-06-30 23:13:37
a04b24,AAL2834 ,United States,1751325217.0,1751325217,-97.054,33.029,822.96,False,77.68,180.0,-4.55,,845.82,,False,0,2025-06-30 23:13:37
a29e24,EJA268  ,United States,1751325162.0,1751325172,-77.4549,38.9386,,True,0.06,267.19,,,,,False,0,2025-06-30 23:13:37
ac42df,SWA167  ,United States,1751325217.0,1751325217,-102.495,32.1349,12489.18,False,233.16,123.02,0.33,,13190.22,,False,0,2025-06-30 23:13:37
a67ff0,N518JA  ,United States,1751325216.0,1751325216,-102.5631,39.1693,11582.4,False,232.9,295.09,0.33,,12176.76,1112,False,0,2025-06-30 23:13:37
a59007,CAP458  ,United States,1751325217.0,1751325217,-117.4088,33.7962,1264.92,False,57.76,85.91,3.25,,1264.92,,False,0,2025-06-30 23:13:37
a87942,QXE2160 ,United States,1751325217.0,1751325217,-119.2119,47.315,10340.34,False,234.89,94.77,3.9,,10767.06,1561,False,0,2025-06-30 23:13:37
a028e5,ABX3123 ,United States,1751325216.0,1751325216,-96.8485,40.2705,11894.82,False,260.14,70.96,0.0,,12435.84,0130,False,0,2025-06-30 23:13:37
aca5ff,SKW5708 ,United States,1751325216.0,1751325216,-103.407,40.8035,8839.2,False,231.71,217.15,-11.38,,9296.4,,False,0,2025-06-30 23:13:37
a5aff2,AAL2206 ,United States,1751325216.0,1751325216,-95.8467,32.6642,6522.72,False,233.82,94.67,8.45,,6918.96,2372,False,0,2025-06-30 23:13:37
a85397,N63565  ,United States,1751325216.0,1751325216,-80.0681,35.5938,1021.08,False,31.59,149.68,1.3,,1013.46,,False,0,2025-06-30 23:13:37
aa28b9,N75382  ,United States,1751325215.0,1751325216,-77.8174,38.5071,396.24,False,51.37,302.74,-2.28,,365.76,1200,False,0,2025-06-30 23:13:37
ad504d,SKW5108 ,United States,1751325216.0,1751325217,-93.0457,40.7929,8534.4,False,206.66,242.1,0.0,,8945.88,6265,False,0,2025-06-30 23:13:37
a638a0,MVP347  ,United States,1751325216.0,1751325216,-81.376,31.0943,11605.26,False,213.7,163.35,-0.65,,12252.96,6614,False,0,2025-06-30 23:13:37
ada021,N9771   ,United States,1751325216.0,1751325216,-115.2141,35.9104,3550.92,False,67.65,50.86,0.0,,3749.04,,False,0,2025-06-30 23:13:37
a42e13,DAL2520 ,United States,1751325216.0,1751325217,-75.9565,37.654,10378.44,False,241.24,204.71,0.0,,10995.66,1747,False,0,2025-06-30 23:13:37
aaae08,N7878S  ,United States,1751325217.0,1751325217,-118.2386,33.8806,320.04,False,44.27,88.0,-0.98,,266.7,,False,0,2025-06-30 23:13:37
a4f8d9,N41967  ,United States,1751325217.0,1751325217,-88.4375,43.5805,906.78,False,26.52,18.08,-0.33,,891.54,,False,0,2025-06-30 23:13:37
a4e5a9,N4142Q  ,United States,1751325216.0,1751325216,-89.5483,43.3419,1074.42,False,44.29,267.34,0.65,,1059.18,,False,0,2025-06-30 23:13:37
a638c4,N50NA   ,United States,1751325216.0,1751325216,-118.0508,47.5291,7924.8,False,132.62,233.04,0.0,,8290.56,,False,0,2025-06-30 23:13:37
a53b19,N436TH  ,United States,1751325216.0,1751325216,-122.1056,48.1561,906.78,False,52.02,351.47,0.0,,922.02,1200,False,0,2025-06-30 23:13:37
ab48ba,N826SE  ,United States,1751325217.0,1751325217,-86.8565,36.6308,937.26,False,65.33,0.0,0.98,,952.5,,False,0,2025-06-30 23:13:37
a2b8b8,UAL989  ,United States,1751325216.0,1751325216,-70.5449,41.5026,10058.4,False,251.09,50.57,0.0,,10591.8,3576,True,0,2025-06-30 23:13:37
a53b11,N436T   ,United States,1751325216.0,1751325216,-86.3109,38.1383,3657.6,False,76.7,330.68,0.0,,3825.24,5130,False,0,2025-06-30 23:13:37
ab48bf,SKW3756 ,United States,1751325216.0,1751325216,-81.7994,33.7071,9151.62,False,230.54,348.41,5.2,,9715.5,1642,False,0,2025-06-30 23:13:37
a96049,CXK577  ,United States,1751325217.0,1751325217,-74.3887,40.8122,220.98,False,38.52,304.11,-2.28,,198.12,1200,False,0,2025-06-30 23:13:37
adb35c,JBU319  ,United States,1751325216.0,1751325217,-93.2717,42.1405,10363.2,False,197.24,261.3,0.0,,10782.3,6736,False,0,2025-06-30 23:13:37
a96046,IRO7570 ,United States,1751325134.0,1751325139,-88.1331,45.6908,1752.6,False,66.46,176.89,2.28,,1737.36,,False,0,2025-06-30 23:13:37
a388af,DAL1710 ,United States,1751325216.0,1751325216,-90.1808,37.6891,10363.2,False,218.2,279.77,0.65,,10965.18,1541,False,0,2025-06-30 23:13:37
a28b00,JSX346  ,United States,1751325216.0,1751325216,-119.106,36.0452,9753.6,False,245.68,346.31,0.33,,10210.8,2436,False,0,2025-06-30 23:13:37
a242e5,AMF7222 ,United States,1751325217.0,1751325217,-98.1385,35.4891,4884.42,False,129.7,250.06,0.98,,5151.12,6611,False,0,2025-06-30 23:13:37
a5e041,EJA478  ,United States,1751325217.0,1751325217,-84.6978,34.3719,9144.0,False,235.68,258.54,0.0,,9685.02,0470,False,0,2025-06-30 23:13:37
ac68c3,N899WM  ,United States,1751325216.0,1751325217,-85.343,32.775,2446.02,False,83.47,17.21,-1.63,,2567.94,,False,0,2025-06-30 23:13:37
c041bc,ROU1812 ,Canada,1751325216.0,1751325216,-77.4271,35.328,9753.6,False,244.79,206.73,0.0,,10340.34,0501,False,0,2025-06-30 23:13:37
ab6b02,AAL1309 ,United States,1751325216.0,1751325216,-110.0633,36.3517,10058.4,False,243.2,23.96,-0.33,,10614.66,4105,False,0,2025-06-30 23:13:37
a59062,N458FS  ,United States,1751325216.0,1751325217,-79.226,26.9644,12077.7,False,253.56,128.82,-5.85,,12664.44,5032,False,0,2025-06-30 23:13:37
a9e976,N738HD  ,United States,1751325216.0,1751325216,-105.1352,40.3073,1866.9,False,39.53,108.2,1.3,,1965.96,,False,0,2025-06-30 23:13:37
ab48e8,UAL676  ,United States,1751325217.0,1751325217,-112.137,36.5783,10965.18,False,233.06,243.1,-0.33,,11574.78,2542,False,0,2025-06-30 23:13:37
aaae1b,SWA2537 ,United States,1751325216.0,1751325216,-77.4929,37.7889,7010.4,False,182.61,343.3,0.33,,7414.26,1703,False,0,2025-06-30 23:13:37
a42e4e,LXJ369  ,United States,1751325112.0,1751325192,-82.521,27.968,,True,0.0,205.31,,,,,False,0,2025-06-30 23:13:37
a5f35f,N4827L  ,United States,1751325216.0,1751325216,-94.1571,41.5281,914.4,False,48.92,267.59,2.28,,937.26,,False,0,2025-06-30 23:13:37
a78cfc,JBU491  ,United States,1751325216.0,1751325217,-80.055,43.0701,7223.76,False,184.29,267.92,5.2,,7566.66,7475,False,0,2025-06-30 23:13:37
a242c3,MXY533  ,United States,1751325217.0,1751325217,-90.184,31.7107,11277.6,False,234.76,72.0,0.0,,11963.4,2070,False,0,2025-06-30 23:13:37
a42e48,FFT3660 ,United States,1751325217.0,1751325217,-105.9498,31.4647,10668.0,False,239.28,123.69,0.0,,11300.46,2634,False,0,2025-06-30 23:13:37
a8535f,N6355J  ,United States,1751325208.0,1751325216,-87.8761,43.739,762.0,False,42.37,209.05,4.55,,731.52,,False,0,2025-06-30 23:13:37
a2db21,SWA3206 ,United States,1751325216.0,1751325216,-87.6967,41.7458,548.64,False,73.19,312.44,-5.53,,525.78,6225,False,0,2025-06-30 23:13:37
ab35cb,AAL1978 ,United States,1751325216.0,1751325217,-85.1865,33.406,10828.02,False,230.48,75.13,7.15,,11475.72,3424,False,0,2025-06-30 23:13:37
a5e073,BTQ355  ,United States,1751324907.0,1751324947,-122.5385,45.5726,175.26,False,45.12,298.61,-3.25,,137.16,4677,False,0,2025-06-30 23:13:37
a29e5c,SKW181H ,United States,1751325216.0,1751325216,-123.2891,44.7104,3345.18,False,157.49,181.68,-7.15,,3505.2,4736,False,0,2025-06-30 23:13:37
a04b7d,N118SB  ,United States,1751325217.0,1751325217,-107.4174,32.8171,6705.6,False,127.49,332.09,0.0,,7071.36,,False,0,2025-06-30 23:13:37
a9d637,,United States,1751325162.0,1751325162,-76.1994,37.4469,1341.12,False,44.92,283.24,1.95,,1394.46,,False,0,2025-06-30 23:13:37
abce34,N86TN   ,United States,1751325217.0,1751325217,-93.7047,35.1853,13106.4,False,236.78,94.24,-0.98,,13754.1,1304,False,0,2025-06-30 23:13:37
a242c5,N245CA  ,United States,1751325216.0,1751325216,-117.1065,32.9267,929.64,False,29.47,16.22,0.0,,914.4,,False,0,2025-06-30 23:13:37
ad7634,AAL1837 ,United States,1751325216.0,1751325216,-103.9868,30.3208,10668.0,False,234.8,109.59,-0.33,,11323.32,1677,False,0,2025-06-30 23:13:37
a7cb14,CCK60   ,United States,1751325216.0,1751325217,-78.4763,38.1495,7802.88,False,207.8,248.96,6.83,,8275.32,2105,False,0,2025-06-30 23:13:37
ad7639,DAL3017 ,United States,1751325206.0,1751325206,-79.8051,36.2234,899.16,False,94.97,184.66,0.33,,922.02,1370,False,0,2025-06-30 23:13:37
a3fb6f,DAL708  ,United States,1751325216.0,1751325217,-115.3562,35.9388,10073.64,False,249.67,48.59,0.0,,10629.9,7342,False,0,2025-06-30 23:13:37
a732ae,GJS4176 ,United States,1751325216.0,1751325216,-75.0002,39.1788,1828.8,False,132.62,204.28,0.0,,1897.38,2327,False,0,2025-06-30 23:13:37
a865c8,FFT2280 ,United States,1751325216.0,1751325216,-82.0331,38.9197,9441.18,False,246.06,177.96,0.0,,10020.3,2766,True,0,2025-06-30 23:13:37
aaf002,ASH6231 ,United States,1751325217.0,1751325217,-85.7315,34.4062,8534.4,False,239.27,229.18,0.65,,9044.94,5373,False,0,2025-06-30 23:13:37
ab2344,N8169L  ,United States,1751325128.0,1751325128,-90.9429,30.1873,60.96,False,32.45,182.73,-2.93,,68.58,,False,0,2025-06-30 23:13:37
a8b5ad,QXE2029 ,United States,1751325216.0,1751325216,-121.6901,43.87,10256.52,False,210.17,164.67,5.2,,10706.1,,False,0,2025-06-30 23:13:37
acb950,NKS19   ,United States,1751325217.0,1751325217,-88.2481,41.675,3154.68,False,185.46,41.74,-2.6,,3261.36,3772,False,0,2025-06-30 23:13:37
a05da4,N1221J  ,United States,1751325216.0,1751325216,-90.3401,31.269,13106.4,False,237.16,270.12,-0.33,,13807.44,1014,False,0,2025-06-30 23:13:37
a6ab27,JBU2071 ,United States,1751325216.0,1751325216,-79.8012,26.0614,3124.2,False,152.58,100.1,8.45,,3314.7,,False,0,2025-06-30 23:13:37
aaf007,ASH6073 ,United States,1751325212.0,1751325212,-77.4548,38.9442,,True,0.0,270.0,,,,,False,0,2025-06-30 23:13:37
ab3681,N821VV  ,United States,1751325216.0,1751325216,-118.8701,35.3526,5082.54,False,141.96,333.99,-0.33,,5311.14,7312,False,0,2025-06-30 23:13:37
a41b66,ABX480  ,United States,1751325217.0,1751325217,-82.6124,40.9433,11277.6,False,260.93,46.68,0.0,,11879.58,6651,False,0,2025-06-30 23:13:37
a66e8e,N513WF  ,United States,1751325216.0,1751325216,-122.4033,47.879,739.14,False,61.46,208.5,0.0,,754.38,,False,0,2025-06-30 23:13:37
aa15cc,AAL2394 ,United States,1751325217.0,1751325217,-81.1733,32.1283,335.28,False,86.43,90.34,14.96,,342.9,,False,0,2025-06-30 23:13:37
a3fb8c,N356ES  ,United States,1751324886.0,1751324967,-73.6769,41.6034,1097.28,False,52.29,285.4,-1.63,,1112.52,7063,False,0,2025-06-30 23:13:37
a852b9,N6350T  ,United States,1751325216.0,1751325216,-120.6477,38.7165,2103.12,False,77.28,252.17,-2.93,,2171.7,1200,False,0,2025-06-30 23:13:37
ac300d,SWA3915 ,United States,1751325216.0,1751325216,-79.767,35.2328,5166.36,False,196.98,64.64,0.0,,5471.16,4575,False,0,2025-06-30 23:13:37
a7de53,JBU1143 ,United States,1751325216.0,1751325216,-74.4822,38.9835,10980.42,False,234.43,220.01,-0.98,,11643.36,1321,False,0,2025-06-30 23:13:37
a7a8ed,DAL1134 ,United States,1751325217.0,1751325217,-91.6293,46.5785,9761.22,False,227.48,299.99,0.33,,9997.44,7435,False,0,2025-06-30 23:13:37
a65b76,AAL1192 ,United States,1751325215.0,1751325215,-78.8486,28.6461,10058.4,False,234.81,12.27,0.0,,10538.46,6150,False,0,2025-06-30 23:13:37
a6ab45,N529KG  ,United States,1751325216.0,1751325217,-85.5694,40.0655,6911.34,False,229.93,221.64,-10.4,,7254.24,1306,False,0,2025-06-30 23:13:37
a7cb0b,AAL2660 ,United States,1751325217.0,1751325217,-122.7528,44.1458,7330.44,False,223.34,1.45,-9.43,,7703.82,,False,0,2025-06-30 23:13:37
ab1046,N8116J  ,United States,1751325216.0,1751325216,-79.3909,35.6905,883.92,False,57.72,306.67,-0.33,,906.78,,False,0,2025-06-30 23:13:37
a998a0,N7171Y  ,United States,1751325216.0,1751325217,-96.0772,32.1995,2567.94,False,88.56,337.46,-0.33,,2689.86,,False,0,2025-06-30 23:13:37
c067a6,CGNGN   ,Canada,1751325216.0,1751325216,-75.4113,45.5494,662.94,False,42.3,256.64,-1.3,,640.08,,False,0,2025-06-30 23:13:37
a638e1,N50PE   ,United States,1751325209.0,1751325213,-77.6595,43.1192,,True,0.0,64.69,,,,,False,0,2025-06-30 23:13:37
a9b06f,DAL437  ,United States,1751325216.0,1751325217,-113.4261,36.5802,10668.0,False,250.14,55.56,0.0,,11224.26,7441,False,0,2025-06-30 23:13:37
a66e3b,SKW6508 ,United States,1751325216.0,1751325216,-117.4326,34.057,1005.84,False,93.63,270.0,-4.23,,998.22,0763,False,0,2025-06-30 23:13:37
a1373d,DAL78   ,United States,1751325216.0,1751325216,-72.6101,41.5925,8343.9,False,251.03,44.17,11.05,,8785.86,2722,False,0,2025-06-30 23:13:37
71c701,APZ112  ,Republic of Korea,1751325216.0,1751325216,-123.9826,39.0883,7856.22,False,262.07,295.71,4.55,,8199.12,3234,False,0,2025-06-30 23:13:37
a54e72,N441BE  ,United States,1751325216.0,1751325216,-75.9701,40.0179,784.86,False,82.37,290.47,-0.33,,792.48,,False,0,2025-06-30 23:13:37
ac3053,SWA34   ,United States,1751325214.0,1751325216,-96.8518,32.847,,True,0.39,180.0,,,,,False,0,2025-06-30 23:13:37
a54e88,N441CB  ,United States,1751325193.0,1751325193,-94.0427,40.7617,1645.92,False,57.22,93.61,-1.3,,1706.88,,False,0,2025-06-30 23:13:37
a9c380,RPA3304 ,United States,1751325217.0,1751325217,-73.7202,44.3167,4815.84,False,170.81,255.88,11.05,,5021.58,,False,0,2025-06-30 23:13:37
a57b26,N452SM  ,United States,1751325216.0,1751325216,-104.8256,40.2412,2164.08,False,51.08,297.6,-2.6,,2301.24,,False,0,2025-06-30 23:13:37
a2e5ec,SKW4012 ,United States,1751325217.0,1751325217,-107.4254,36.5722,10363.2,False,235.07,336.8,0.33,,10911.84,,False,0,2025-06-30 23:13:37
a808bb,N61697  ,United States,1751325211.0,1751325211,-80.7256,25.4119,1036.32,False,27.57,81.42,0.33,,1165.86,,False,0,2025-06-30 23:13:37
ade18c,AAL1248 ,United States,1751325216.0,1751325217,-85.9754,33.3476,7551.42,False,230.16,233.36,4.88,,8001.0,3303,False,0,2025-06-30 23:13:37
a34e7d,N312CM  ,United States,1751325217.0,1751325217,-96.3177,36.0173,1790.7,False,51.11,139.9,-11.7,,1859.28,,False,0,2025-06-30 23:13:37
a305fd,SKW3717 ,United States,1751325007.0,1751325007,-110.9405,32.1203,,True,4.12,112.5,,,,7647,False,0,2025-06-30 23:13:37
aa56d4,UAL745  ,United States,1751325216.0,1751325216,-113.2775,43.9463,10972.8,False,223.9,295.45,0.33,,11521.44,,False,0,2025-06-30 23:13:37
ad4f0b,DAL3115 ,United States,1751325217.0,1751325217,-85.3103,32.8735,7155.18,False,216.26,26.57,-6.5,,7574.28,3616,False,0,2025-06-30 23:13:37
ae0195,COUGR80 ,United States,1751325147.0,1751325147,-89.6303,38.4645,922.02,False,97.91,226.92,0.0,,929.64,,False,0,2025-06-30 23:13:37
a295ff,N266HJ  ,United States,1751325216.0,1751325216,-76.5176,38.7448,10012.68,False,213.21,28.85,-11.38,,10584.18,2671,False,0,2025-06-30 23:13:37
aaef60,AAL2086 ,United States,1751325216.0,1751325216,-81.7162,35.8349,6728.46,False,223.84,324.45,7.15,,7124.7,,False,0,2025-06-30 23:13:37
a6fe16,,United States,1751324931.0,1751325013,-119.6093,47.3912,2781.3,False,40.28,28.2,-0.33,,2887.98,,False,0,2025-06-30 23:13:37
a7d5a5,N6036Y  ,United States,1751325216.0,1751325216,-121.5528,38.4415,502.92,False,47.54,35.75,-1.63,,464.82,4513,False,0,2025-06-30 23:13:37
a10e8b,UAL2494 ,United States,1751325217.0,1751325217,-104.8943,43.3277,11277.6,False,251.17,91.76,0.0,,11833.86,,False,0,2025-06-30 23:13:37
ad3c16,AAL2108 ,United States,1751325217.0,1751325217,-104.1618,31.0307,11582.4,False,229.08,284.04,-0.33,,12268.2,0757,False,0,2025-06-30 23:13:37
ab63c2,CMD13   ,United States,1751325215.0,1751325215,-120.4895,37.4031,815.34,False,60.56,9.78,0.0,,792.48,,False,0,2025-06-30 23:13:37
a8e38c,N672EB  ,United States,1751325216.0,1751325216,-72.3552,43.8092,1120.14,False,46.82,167.95,-3.25,,1120.14,,False,0,2025-06-30 23:13:37
a21b44,MXY760  ,United States,1751325217.0,1751325217,-77.2733,40.2244,4572.0,False,195.55,42.33,-0.33,,4785.36,1516,False,0,2025-06-30 23:13:37
aaa6dd,AAL192  ,United States,1751325215.0,1751325215,-93.4694,33.1428,10058.4,False,263.99,67.18,0.0,,10675.62,0574,False,0,2025-06-30 23:13:37
aa56b5,UAL202  ,United States,1751325214.0,1751325214,-81.837,37.7208,11277.6,False,226.16,83.73,0.0,,11940.54,3265,True,0,2025-06-30 23:13:37
a22e91,N24KK   ,United States,1751325174.0,1751325214,-87.2892,36.0796,1165.86,False,44.33,291.8,-1.63,,1173.48,,False,0,2025-06-30 23:13:37
a808d7,ATN3349 ,United States,1751325217.0,1751325217,-83.467,38.6856,5036.82,False,184.43,259.07,-4.88,,5265.42,1671,False,0,2025-06-30 23:13:37
a57b4d,UAL474  ,United States,1751325217.0,1751325217,-95.8008,33.5214,10652.76,False,247.05,54.92,0.33,,11353.8,3226,False,0,2025-06-30 23:13:37
a1fb33,MXY197  ,United States,1751325216.0,1751325217,-72.6866,41.1455,1219.2,False,120.96,354.39,0.0,,1257.3,6531,False,0,2025-06-30 23:13:37
a1d8fd,UAL70   ,United States,1751325217.0,1751325217,-73.5018,41.1185,5791.2,False,215.39,46.16,-0.65,,6096.0,1163,False,0,2025-06-30 23:13:37
aa56b4,UAL2005 ,United States,1751325216.0,1751325216,-79.2877,46.1864,10972.8,False,189.15,275.46,0.0,,11430.0,1545,False,0,2025-06-30 23:13:37
aa56b3,UAL335  ,United States,1751325212.0,1751325212,-92.8202,31.0485,10972.8,False,230.25,259.44,0.0,,11635.74,2154,False,0,2025-06-30 23:13:37
acf9cf,SCA35   ,United States,1751325216.0,1751325216,-111.6571,32.8642,982.98,False,57.18,171.72,-3.25,,929.64,1200,False,0,2025-06-30 23:13:37
ac2f5a,SWA2374 ,United States,1751324965.0,1751324967,-90.332,38.7349,236.22,False,72.92,302.91,-3.58,,220.98,4726,False,0,2025-06-30 23:13:37
a33b1e,AAL2664 ,United States,1751325210.0,1751325210,-92.7486,32.864,10363.2,False,232.92,253.45,0.0,,10995.66,2165,False,0,2025-06-30 23:13:37
a46e35,DAL2606 ,United States,1751325217.0,1751325217,-122.7221,46.3394,6263.64,False,198.13,358.51,-10.73,,6568.44,6720,False,0,2025-06-30 23:13:37
4b1858,HBJFS   ,Switzerland,1751325216.0,1751325216,-103.7833,43.911,13716.0,False,219.97,256.06,-0.33,,14226.54,3677,False,0,2025-06-30 23:13:37
aa69d5,N770JF  ,United States,1751325208.0,1751325217,-79.3005,33.389,3322.32,False,95.53,41.07,0.33,,3528.06,2113,False,0,2025-06-30 23:13:37
ab50b9,N828Y   ,United States,1751325174.0,1751325174,-73.4147,40.7439,68.58,False,29.84,179.01,0.0,,38.1,,False,0,2025-06-30 23:13:37
ad4f72,JBU662  ,United States,1751325211.0,1751325215,-72.0642,38.7056,9753.6,False,226.52,320.34,0.0,,10317.48,,False,0,2025-06-30 23:13:37
ad3c1f,ASA1160 ,United States,1751325216.0,1751325217,-120.7456,38.7801,11277.6,False,223.64,176.7,0.0,,11826.24,1505,False,0,2025-06-30 23:13:37
aaef93,N8031X  ,United States,1751325063.0,1751325063,-122.855,45.7496,121.92,False,35.6,322.63,-3.58,,99.06,,False,0,2025-06-30 23:13:37
a57b02,N452RA  ,United States,1751325216.0,1751325216,-120.3772,34.9732,2743.2,False,61.56,131.95,1.3,,2788.92,,False,0,2025-06-30 23:13:37
ad90a3,AAL2009 ,United States,1751325217.0,1751325217,-97.0642,32.8374,784.86,False,100.21,195.18,2.93,,792.48,,False,0,2025-06-30 23:13:37
a21b7d,N235EF  ,United States,1751325217.0,1751325217,-80.7924,43.0746,8999.22,False,217.83,272.57,-8.45,,9433.56,5214,False,0,2025-06-30 23:13:37
a2d2e2,N281ND  ,United States,1751325217.0,1751325217,-72.2832,43.8757,2225.04,False,59.94,5.42,2.6,,2293.62,6124,False,0,2025-06-30 23:13:37
ae13c1,BALL21  ,United States,1751325152.0,1751325152,-97.7017,36.585,1524.0,False,128.3,170.54,-8.45,,1623.06,,False,0,2025-06-30 23:13:37
a798ad,WMN589  ,United States,1751325216.0,1751325217,-102.3896,39.133,13716.0,False,212.48,299.92,0.0,,14333.22,2244,False,0,2025-06-30 23:13:37
a34e97,DAL1010 ,United States,1751324992.0,1751324992,-73.7826,40.6368,,True,0.64,171.56,,,,,False,0,2025-06-30 23:13:37
a94b50,UAL1979 ,United States,1751325216.0,1751325216,-101.5137,30.607,10363.2,False,235.07,255.81,0.0,,11010.9,4040,False,0,2025-06-30 23:13:37
a902ba,AHF8VA  ,United States,1751325019.0,1751325019,-69.0955,44.0716,60.96,False,39.56,192.77,-4.23,,53.34,,False,0,2025-06-30 23:13:37
a69b92,ASA462  ,United States,1751325217.0,1751325217,-76.6799,46.6857,10363.2,False,209.73,285.95,0.0,,10797.54,3333,False,0,2025-06-30 23:13:37
3c65a8,DLH8P   ,Germany,1751325216.0,1751325216,-68.6647,43.2407,11010.9,False,252.38,240.98,-6.18,,11559.54,,False,0,2025-06-30 23:13:37
adf442,N999BY  ,United States,1751325217.0,1751325217,-86.0141,31.9506,3931.92,False,95.92,21.06,0.0,,4145.28,,False,0,2025-06-30 23:13:37
3c65ad,DLH1HT  ,Germany,1751325217.0,1751325217,-70.6127,42.5194,1524.0,False,115.59,337.77,0.0,,1569.72,4550,False,0,2025-06-30 23:13:37
3c65ac,DLH481  ,Germany,1751325216.0,1751325216,-100.4927,42.0796,11277.6,False,261.7,73.2,0.0,,11788.14,,False,0,2025-06-30 23:13:37
3c65ab,DLH411  ,Germany,1751325216.0,1751325217,-69.0511,44.1315,11277.6,False,263.99,59.69,0.0,,11841.48,2671,False,0,2025-06-30 23:13:37
a6eb4d,LKF45   ,United States,1751325216.0,1751325217,-89.2554,43.1731,4381.5,False,176.02,105.95,10.4,,4518.66,,False,0,2025-06-30 23:13:37
a05776,AAL2038 ,United States,1751325216.0,1751325217,-82.1438,35.6253,10363.2,False,238.72,336.64,0.0,,10988.04,3514,False,0,2025-06-30 23:13:37
a83e86,JBU1058 ,United States,1751325217.0,1751325217,-74.0017,39.827,4076.7,False,205.45,40.43,-10.73,,4320.54,1524,False,0,2025-06-30 23:13:37
0d0af7,AMX608  ,Mexico,1751325217.0,1751325217,-86.2424,36.1989,10668.0,False,242.08,71.03,0.0,,11315.7,3245,False,0,2025-06-30 23:13:37
a8e2d6,DAL406  ,United States,1751325216.0,1751325217,-86.6564,36.0463,9662.16,False,247.68,148.16,-6.83,,10256.52,6523,False,0,2025-06-30 23:13:37
ae1477,MNTNA33 ,United States,1751325217.0,1751325217,-96.5219,29.2235,3931.92,False,94.03,191.68,0.0,,4152.9,5332,False,0,2025-06-30 23:13:37
a45b96,DAL874  ,United States,1751325216.0,1751325216,-85.623,34.8229,8884.92,False,246.9,129.0,-5.2,,9441.18,4030,False,0,2025-06-30 23:13:37
ae278b,LS20    ,United States,1751325216.0,1751325216,-117.1005,32.5629,99.06,False,36.42,323.62,-1.63,,60.96,,False,0,2025-06-30 23:13:37
a70b43,SKYY5   ,United States,1751325217.0,1751325217,-78.7672,35.759,487.68,False,47.49,22.95,-2.6,,487.68,,False,0,2025-06-30 23:13:37
a6eb1e,GJS4600 ,United States,1751325216.0,1751325216,-91.6186,38.1036,10363.2,False,235.1,228.64,0.0,,10972.8,6563,False,0,2025-06-30 23:13:37
a41412,DAL2053 ,United States,1751325217.0,1751325217,-84.7011,40.7415,8671.56,False,212.6,220.98,4.55,,9136.38,7404,False,0,2025-06-30 23:13:37
a5de70,N4777H  ,United States,1751325078.0,1751325078,-89.7701,43.2867,518.16,False,32.74,188.13,-1.63,,480.06,,False,0,2025-06-30 23:13:37
a928ea,N69FR   ,United States,1751325216.0,1751325217,-82.7634,38.6142,11117.58,False,237.08,104.58,-10.73,,11742.42,2146,False,0,2025-06-30 23:13:37
a0579a,N121BZ  ,United States,1751325215.0,1751325215,-102.0333,36.8821,11269.98,False,238.14,31.66,-0.33,,11887.2,,False,0,2025-06-30 23:13:37
a1a110,MXY765  ,United States,1751325217.0,1751325217,-72.928,41.0787,10363.2,False,240.14,208.82,0.0,,10942.32,2524,False,0,2025-06-30 23:13:37
0c4183,DWI5910 ,Dominican Republic,1751325216.0,1751325216,-77.5962,33.3931,11887.2,False,224.51,2.5,0.0,,12519.66,,False,0,2025-06-30 23:13:37
a532f5,N434LA  ,United States,1751325216.0,1751325216,-105.007,40.4399,1531.62,False,48.0,160.59,1.63,,1615.44,,False,0,2025-06-30 23:13:37
a83e3b,N630FB  ,United States,1751325216.0,1751325217,-112.0704,33.5125,3573.78,False,92.63,349.44,-0.65,,3771.9,0331,False,0,2025-06-30 23:13:37
ac2f18,,United States,1751325163.0,1751325163,-117.1822,32.7307,,True,8.75,106.88,,,,,False,0,2025-06-30 23:13:37
a94b29,UAL1814 ,United States,1751325216.0,1751325216,-90.6046,35.7357,10363.2,False,216.93,231.06,0.0,,10988.04,6607,False,0,2025-06-30 23:13:37
c082a4,CGXMH   ,Canada,1751325217.0,1751325217,-73.3575,45.5055,396.24,False,41.21,65.67,0.0,,312.42,,False,0,2025-06-30 23:13:37
a915cf,PDT5823 ,United States,1751325217.0,1751325217,-80.8912,35.5147,1226.82,False,127.95,244.77,-1.63,,1287.78,1177,False,0,2025-06-30 23:13:37
c82439,ANZ2    ,New Zealand,1751325216.0,1751325216,-74.2215,39.6275,5349.24,False,205.06,40.52,-8.78,,5646.42,7025,False,0,2025-06-30 23:13:37
a785fd,JIA5317 ,United States,1751325216.0,1751325216,-77.3633,38.6181,1554.48,False,151.33,1.95,-3.9,,1607.82,7323,False,0,2025-06-30 23:13:37
c02e94,JZA565  ,Canada,1751325216.0,1751325216,-79.6943,41.6306,11582.4,False,213.04,236.92,0.0,,12214.86,5731,False,0,2025-06-30 23:13:37
c01b4f,WJA1117 ,Canada,1751325217.0,1751325217,-85.4993,43.1262,11277.6,False,255.6,81.2,0.0,,11795.76,6742,False,0,2025-06-30 23:13:37
aa43c4,RPA3517 ,United States,1751325217.0,1751325217,-76.8044,39.1116,6461.76,False,193.02,88.17,8.78,,6812.28,3761,False,0,2025-06-30 23:13:37
a0dab2,SKW5767 ,United States,1751325217.0,1751325217,-85.1395,38.6714,9144.0,False,218.94,302.23,-0.33,,9685.02,2005,False,0,2025-06-30 23:13:37
aa56f7,UAL1027 ,United States,1751325217.0,1751325217,-99.7515,42.226,10668.0,False,240.79,72.34,0.0,,11148.06,1441,False,0,2025-06-30 23:13:37
ac2f37,SWA652  ,United States,1751325217.0,1751325217,-115.0867,36.1959,3459.48,False,151.76,90.19,15.93,,3634.74,,False,0,2025-06-30 23:13:37
a94b08,UAL2074 ,United States,1751325217.0,1751325217,-95.8149,36.1491,10363.2,False,225.03,295.74,0.0,,10965.18,3353,True,0,2025-06-30 23:13:37
a08acb,RPA4585 ,United States,1751325217.0,1751325217,-80.3641,43.1832,10363.2,False,211.99,256.1,-0.33,,10881.36,7366,False,0,2025-06-30 23:13:37
a6a2c2,N52681  ,United States,1751325216.0,1751325216,-122.2495,47.9143,502.92,False,54.21,175.1,0.0,,502.92,,False,0,2025-06-30 23:13:37
a52116,N43DF   ,United States,1751325195.0,1751325196,-84.8953,32.8432,899.16,False,49.09,33.02,0.33,,922.02,,False,0,2025-06-30 23:13:37
a2e77a,N2866L  ,United States,1751325102.0,1751325103,-80.4914,35.0599,716.28,False,51.84,229.83,-2.6,,716.28,,False,0,2025-06-30 23:13:37
ab774b,AAL1728 ,United States,1751325217.0,1751325217,-94.8235,40.3066,10972.8,False,193.46,257.41,-0.33,,11506.2,5760,False,0,2025-06-30 23:13:37
a57abb,N452NE  ,United States,1751325217.0,1751325217,-72.1846,42.5239,952.5,False,46.68,301.94,-0.33,,960.12,1200,False,0,2025-06-30 23:13:37
a0dae2,AAL2403 ,United States,1751325216.0,1751325216,-87.6866,32.5059,10043.16,False,239.55,100.39,0.0,,10668.0,4144,False,0,2025-06-30 23:13:37
a2c110,FXC44   ,United States,1751325217.0,1751325217,-73.7586,40.9286,312.42,False,77.97,69.53,0.0,,304.8,1200,False,0,2025-06-30 23:13:37
aaa74e,N786FA  ,United States,1751325216.0,1751325216,-117.2232,33.0903,1455.42,False,46.94,297.41,-1.63,,1463.04,,False,0,2025-06-30 23:13:37
a1512f,SKW3439 ,United States,1751325216.0,1751325216,-119.4713,36.2928,10668.0,False,223.39,157.1,-0.33,,11186.16,3212,False,0,2025-06-30 23:13:37
a91700,NKS2740 ,United States,1751325210.0,1751325215,-82.5377,27.9858,,True,0.0,272.81,,,,,False,0,2025-06-30 23:13:37
a22dec,N24CV   ,United States,1751325216.0,1751325216,-118.1827,33.8034,365.76,False,47.98,94.3,-0.65,,281.94,,False,0,2025-06-30 23:13:37
ac7103,AAL823  ,United States,1751325217.0,1751325217,-80.7774,35.287,2331.72,False,127.72,354.22,-8.45,,2446.02,1424,False,0,2025-06-30 23:13:37
a5212e,N43EE   ,United States,1751325217.0,1751325217,-78.7789,35.7545,396.24,False,43.73,36.87,0.98,,411.48,,False,0,2025-06-30 23:13:37
a70aa1,ASA1204 ,United States,1751325217.0,1751325217,-119.1275,36.5757,11887.2,False,221.69,167.67,0.0,,12496.8,3543,False,0,2025-06-30 23:13:37
a34de9,,United States,1751324907.0,1751324907,-80.9517,37.7742,8229.6,False,137.81,121.26,0.0,,8679.18,,False,0,2025-06-30 23:13:37
ab7781,EJA838  ,United States,1751325217.0,1751325217,-112.8738,33.5913,3345.18,False,154.42,60.02,-6.5,,3489.96,1327,False,0,2025-06-30 23:13:37
a3f401,DAL540  ,United States,1751325216.0,1751325216,-101.3213,31.0305,10058.4,False,244.59,80.56,0.33,,10675.62,7212,False,0,2025-06-30 23:13:37
a0b9b1,N146HH  ,United States,1751325202.0,1751325215,-72.6495,41.7412,441.96,False,52.23,117.57,0.65,,441.96,,False,0,2025-06-30 23:13:37
ab6458,JRE833  ,United States,1751325217.0,1751325217,-79.1071,35.8802,9448.8,False,213.91,36.79,0.33,,10005.06,,False,0,2025-06-30 23:13:37
49530c,TAP232Y ,Portugal,1751325217.0,1751325217,-73.0209,39.8449,10066.02,False,252.6,98.2,0.0,,10675.62,1242,False,0,2025-06-30 23:13:37
a45af5,N38WR   ,United States,1751325216.0,1751325217,-96.1645,31.0329,2141.22,False,67.16,22.05,2.6,,2247.9,,False,0,2025-06-30 23:13:37
ace744,OXF8285 ,United States,1751325217.0,1751325217,-111.6809,33.4722,754.38,False,44.53,319.69,-2.93,,685.8,1200,False,0,2025-06-30 23:13:37
a3915a,AAL2328 ,United States,1751325038.0,1751325038,-97.0261,32.9026,,True,36.01,180.0,,,,5644,False,0,2025-06-30 23:13:37
aadae3,EJA799  ,United States,1751325216.0,1751325216,-81.2903,28.0985,1203.96,False,139.21,295.62,-0.65,,1287.78,7250,False,0,2025-06-30 23:13:37
ace75a,HBAL771 ,United States,1751325216.0,1751325216,-121.0633,43.5038,17404.08,False,7.6,61.7,-0.33,,18364.2,,False,0,2025-06-30 23:13:37
ae2762,LS30    ,United States,1751324837.0,1751325040,-117.6226,32.9876,22.86,False,0.73,45.0,-0.33,,-22.86,,False,0,2025-06-30 23:13:37
a65408,AAL3181 ,United States,1751325213.0,1751325215,-92.5615,32.9412,10370.82,False,227.81,252.79,-0.33,,10980.42,2374,False,0,2025-06-30 23:13:37
a65405,VAR507  ,United States,1751325174.0,1751325186,-112.9681,32.9438,2095.5,False,56.18,142.82,11.38,,2179.32,1200,False,0,2025-06-30 23:13:37
a94b6b,UAL1124 ,United States,1751325216.0,1751325216,-92.6104,33.6088,10363.2,False,224.96,182.1,0.0,,10980.42,6557,False,0,2025-06-30 23:13:37
a6b717,N5314Q  ,United States,1751325206.0,1751325207,-80.1077,26.7859,1310.64,False,35.33,196.06,-0.33,,1432.56,1200,False,0,2025-06-30 23:13:37
a4012b,N3570E  ,United States,1751325213.0,1751325213,-118.4917,34.2113,,True,8.75,354.38,,,,,False,0,2025-06-30 23:13:37
495304,TAP258  ,Portugal,1751325217.0,1751325217,-68.7471,46.5283,10066.02,False,261.66,72.85,0.0,,10546.08,0572,False,0,2025-06-30 23:13:37
a3f436,FFT1229 ,United States,1751325216.0,1751325216,-107.543,39.8928,10972.8,False,230.39,259.97,0.0,,11574.78,3766,False,0,2025-06-30 23:13:37
adf417,N999AE  ,United States,1751325187.0,1751325193,-80.2485,26.4384,1645.92,False,7.22,85.91,-0.33,,1920.24,,False,0,2025-06-30 23:13:37
ad077b,DAL1516 ,United States,1751325216.0,1751325216,-84.7398,33.9015,3337.56,False,174.03,141.84,0.0,,3512.82,2725,False,0,2025-06-30 23:13:37
ae141e,JAVAN55 ,United States,1751325216.0,1751325216,-97.0824,30.2198,6080.76,False,139.02,245.05,0.98,,6454.14,4661,False,0,2025-06-30 23:13:37
ac712d,SWA554  ,United States,1751325216.0,1751325217,-103.5939,38.8957,11887.2,False,239.81,59.58,0.0,,12473.94,0765,False,0,2025-06-30 23:13:37
a33af8,N307SW  ,United States,1751325044.0,1751325044,-118.3324,33.7975,99.06,False,27.8,308.99,-3.58,,53.34,,False,0,2025-06-30 23:13:37
a9178d,UAL16   ,United States,1751325130.0,1751325130,-74.1708,40.701,,True,3.34,95.62,,,,,False,0,2025-06-30 23:13:37
a94ae3,UAL1894 ,United States,1751325157.0,1751325157,-112.5855,47.6957,10058.4,False,258.27,90.68,-0.33,,10515.6,1506,False,0,2025-06-30 23:13:37
a9044d,N680MC  ,United States,1751325217.0,1751325217,-121.6517,44.1797,4213.86,False,203.72,90.14,-12.35,,4411.98,,False,0,2025-06-30 23:13:37
acd2be,SWA2517 ,United States,1751325216.0,1751325216,-87.2926,43.4713,11277.6,False,272.2,64.36,0.0,,11742.42,2715,False,0,2025-06-30 23:13:37
a94ae5,UAL1051 ,United States,1751325216.0,1751325216,-75.1132,40.0857,3482.34,False,193.61,43.28,-11.05,,3657.6,6152,False,0,2025-06-30 23:13:37
acd2d3,EDV5063 ,United States,1751325217.0,1751325217,-93.6335,43.1778,5791.2,False,210.57,29.57,-0.33,,5989.32,,False,0,2025-06-30 23:13:37
a7c465,N6UX    ,United States,1751325217.0,1751325217,-105.0717,40.0863,1790.7,False,38.1,272.32,0.33,,1882.14,,False,0,2025-06-30 23:13:37
ac82f5,NKS2673 ,United States,1751325216.0,1751325216,-77.9146,38.4428,7010.4,False,235.12,232.38,0.0,,7429.5,1224,False,0,2025-06-30 23:13:37
a1c6a8,SWA1870 ,United States,1751325216.0,1751325216,-89.2927,33.2252,11582.4,False,239.77,275.42,0.0,,12283.44,4371,False,0,2025-06-30 23:13:37
0d0b78,VIV533  ,Mexico,1751325217.0,1751325217,-115.164,36.0764,876.3,False,90.54,269.67,1.63,,815.34,,False,0,2025-06-30 23:13:37
ac1b8b,WSN24   ,United States,1751325216.0,1751325216,-118.2055,33.9289,464.82,False,75.74,266.88,0.33,,426.72,3242,False,0,2025-06-30 23:13:37
a9046d,NKS2327 ,United States,1751325214.0,1751325215,-122.3134,47.4601,,True,4.63,90.0,,,,,False,0,2025-06-30 23:13:37
a7c484,N6WC    ,United States,1751325216.0,1751325216,-116.9422,47.3912,3185.16,False,87.71,197.05,0.0,,3322.32,,False,0,2025-06-30 23:13:37
a1a18f,HAL628  ,United States,1751325217.0,1751325217,-117.8151,33.2851,6065.52,False,178.99,100.6,-6.18,,6370.32,2676,False,0,2025-06-30 23:13:37
a9045f,N680MW  ,United States,1751325216.0,1751325216,-93.1589,45.2394,2141.22,False,129.49,9.84,0.65,,2179.32,,False,0,2025-06-30 23:13:37
a8946e,N652CV  ,United States,1751325216.0,1751325216,-90.6912,29.2193,9448.8,False,151.22,104.18,0.0,,10043.16,,False,0,2025-06-30 23:13:37
a8e43a,N672MA  ,United States,1751325216.0,1751325216,-87.9926,41.2482,518.16,False,53.01,91.67,4.23,,495.3,1200,False,0,2025-06-30 23:13:37
0d0b10,VOI7771 ,Mexico,1751325216.0,1751325216,-94.2987,33.5172,9144.0,False,249.17,206.09,0.0,,9707.88,1306,False,0,2025-06-30 23:13:37
a7d754,JIA5672 ,United States,1751325217.0,1751325217,-97.0265,33.1604,1524.0,False,87.99,178.66,-0.98,,1584.96,1662,False,0,2025-06-30 23:13:37
a1fc3b,ENY4296 ,United States,1751325217.0,1751325217,-89.4789,40.0541,7620.0,False,199.66,7.25,-0.33,,8008.62,6567,False,0,2025-06-30 23:13:37
a89421,N65194  ,United States,1751325216.0,1751325216,-93.8198,41.2034,883.92,False,47.72,318.06,-1.95,,883.92,,False,0,2025-06-30 23:13:37
0d0b20,VTM356  ,Mexico,1751325217.0,1751325217,-89.1592,37.1627,9448.8,False,248.56,41.48,0.0,,10005.06,7442,False,0,2025-06-30 23:13:37
3c6714,DLH2C   ,Germany,1751325217.0,1751325217,-87.3389,42.0228,1851.66,False,142.09,221.77,0.0,,1882.14,3047,False,0,2025-06-30 23:13:37
a21c4c,ENY3592 ,United States,1751325216.0,1751325216,-80.6236,33.4381,3970.02,False,185.35,146.66,-9.43,,4175.76,1337,False,0,2025-06-30 23:13:37
a95de2,VXP119  ,United States,1751325217.0,1751325217,-120.8424,36.0706,9448.8,False,226.92,140.43,0.0,,9860.28,3327,False,0,2025-06-30 23:13:37
a21c53,AAY673  ,United States,1751325216.0,1751325216,-110.2178,36.7076,10652.76,False,234.27,25.21,0.0,,11201.4,0747,False,0,2025-06-30 23:13:37
c02cf1,ACA854  ,Canada,1751325216.0,1751325216,-74.8214,45.2686,10058.4,False,264.98,55.6,0.0,,10523.22,6333,False,0,2025-06-30 23:13:37
a7745c,VJA58   ,United States,1751325216.0,1751325216,-81.0232,41.99,13716.0,False,255.6,79.8,0.98,,14295.12,6707,False,0,2025-06-30 23:13:37
e4937f,PRJRY   ,Brazil,1751325216.0,1751325216,-77.4549,38.9504,,True,1.54,270.0,,,,,False,0,2025-06-30 23:13:37
4951f0,TAP209K ,Portugal,1751325216.0,1751325216,-72.3654,41.0386,4998.72,False,200.75,251.94,-12.35,,5280.66,2513,False,0,2025-06-30 23:13:37
3c670d,DLH520  ,Germany,1751325216.0,1751325216,-75.0666,43.4315,11582.4,False,223.8,254.4,0.33,,12153.9,2511,False,0,2025-06-30 23:13:37
40808b,VIR4C   ,United Kingdom,1751325217.0,1751325217,-70.843,42.7665,10462.26,False,249.44,50.1,4.55,,11003.28,6431,False,0,2025-06-30 23:13:37
ac970f,KOW910  ,United States,1751325216.0,1751325216,-97.7465,33.2714,2293.62,False,136.44,117.14,-10.08,,2400.3,,False,0,2025-06-30 23:13:37
a7d767,N604PG  ,United States,1751325217.0,1751325217,-121.7214,39.655,365.76,False,52.94,145.69,0.65,,304.8,,False,0,2025-06-30 23:13:37
ac9712,N910EC  ,United States,1751325211.0,1751325213,-86.2819,36.0282,1219.2,False,79.9,303.18,-2.6,,1280.16,,False,0,2025-06-30 23:13:37
ab772d,DAL747  ,United States,1751325216.0,1751325216,-117.9583,33.9966,2217.42,False,132.79,262.65,-6.5,,2293.62,1176,False,0,2025-06-30 23:13:37
408092,BAW5CA  ,United Kingdom,1751325216.0,1751325216,-72.9255,46.3766,11269.98,False,270.45,61.73,0.0,,11795.76,2260,False,0,2025-06-30 23:13:37
a89441,N652B   ,United States,1751325217.0,1751325217,-120.6301,38.4604,2316.48,False,80.31,154.58,-0.65,,2400.3,1517,False,0,2025-06-30 23:13:37
a7d6a8,FFT2919 ,United States,1751325216.0,1751325217,-82.2069,39.6731,8176.26,False,216.69,198.26,13.98,,8633.46,4140,False,0,2025-06-30 23:13:37
a83f2b,EJA630  ,United States,1751325216.0,1751325217,-104.8846,33.7833,6926.58,False,193.92,341.28,10.08,,7315.2,,False,0,2025-06-30 23:13:37
c02eca,ACA2114 ,Canada,1751325217.0,1751325217,-89.4356,44.922,11879.58,False,265.19,111.99,-0.33,,12298.68,7070,False,0,2025-06-30 23:13:37
ace7aa,SWA1582 ,United States,1751325173.0,1751325182,-92.896,31.3675,11582.4,False,215.22,241.6,0.33,,12260.58,4140,False,0,2025-06-30 23:13:37
a83f30,QXE2395 ,United States,1751325217.0,1751325217,-122.722,44.4652,6697.98,False,210.94,4.06,-9.75,,7018.02,,False,0,2025-06-30 23:13:37
c02ed9,ACA345  ,Canada,1751325216.0,1751325216,-79.9834,47.6398,12184.38,False,219.0,292.95,0.33,,12626.34,6542,False,0,2025-06-30 23:13:37
a5cc35,UAL1631 ,United States,1751325212.0,1751325212,-87.9172,41.9716,,True,0.0,90.0,,,,1603,False,0,2025-06-30 23:13:37
a283ed,ENY3978 ,United States,1751325216.0,1751325216,-121.0604,43.6252,10058.4,False,223.59,167.91,0.0,,10507.98,1630,False,0,2025-06-30 23:13:37
a9af03,N723DG  ,United States,1751325189.0,1751325197,-94.9186,41.3277,1341.12,False,79.48,256.14,-0.33,,1394.46,,False,0,2025-06-30 23:13:37
aa44ac,UAL331  ,United States,1751325216.0,1751325217,-74.6455,38.8408,10363.2,False,238.06,222.9,-0.33,,10957.56,2447,False,0,2025-06-30 23:13:37
abfd23,SWA3766 ,United States,1751325216.0,1751325216,-103.5651,37.3227,11582.4,False,228.43,289.33,0.0,,12199.62,2667,False,0,2025-06-30 23:13:37
a3f3dc,EDV4895 ,United States,1751325214.0,1751325214,-84.2602,41.6373,6873.24,False,215.4,32.02,-2.93,,7170.42,5666,False,0,2025-06-30 23:13:37
aaa7ef,N786MM  ,United States,1751325216.0,1751325216,-113.0959,35.7007,7284.72,False,210.46,274.21,-8.13,,7726.68,1213,False,0,2025-06-30 23:13:37
a4bf95,DAL738  ,United States,1751325216.0,1751325216,-103.3019,40.1092,11582.4,False,237.3,258.5,0.0,,12169.14,3343,False,0,2025-06-30 23:13:37
ac0a22,AAL1161 ,United States,1751325216.0,1751325216,-91.1472,33.788,10972.8,False,228.06,246.33,0.0,,11635.74,1104,False,0,2025-06-30 23:13:37
c0853f,ACA466  ,Canada,1751325214.0,1751325214,-79.6154,43.6811,,True,0.0,92.81,,,,3475,False,0,2025-06-30 23:13:37
ace7cc,N930XX  ,United States,1751325217.0,1751325217,-80.6696,30.4382,8839.2,False,145.92,12.42,0.0,,9311.64,1451,False,0,2025-06-30 23:13:37
a283f4,AAY1380 ,United States,1751325217.0,1751325217,-84.2977,33.0342,10363.2,False,234.78,349.01,0.0,,10995.66,1342,False,0,2025-06-30 23:13:37
abfd39,SWA1701 ,United States,1751325216.0,1751325216,-121.9087,37.4516,1546.86,False,127.98,123.69,11.7,,1569.72,6304,False,0,2025-06-30 23:13:37
a6b6be,N53116  ,United States,1751325217.0,1751325217,-81.9078,35.595,1676.4,False,48.92,182.41,-0.98,,1684.02,5227,False,0,2025-06-30 23:13:37
a2d3b3,SWA410  ,United States,1751325216.0,1751325216,-76.1545,38.5574,10210.8,False,236.16,37.74,-4.88,,10812.78,1136,False,0,2025-06-30 23:13:37
aa57d2,CXK1023 ,United States,1751325217.0,1751325217,-117.9711,33.7201,640.08,False,59.54,198.12,-0.33,,594.36,,False,0,2025-06-30 23:13:37
a1a0a1,JBU528  ,United States,1751325217.0,1751325217,-73.5297,40.377,1234.44,False,145.06,28.84,-1.3,,1272.54,5457,False,0,2025-06-30 23:13:37
a5cc3c,UAL2075 ,United States,1751325004.0,1751325004,-87.9028,41.9714,,True,11.32,90.0,,,,,False,0,2025-06-30 23:13:37
c02ee7,ACA859  ,Canada,1751325216.0,1751325216,-73.671,46.2155,11574.78,False,232.38,242.87,0.0,,12100.56,2521,False,0,2025-06-30 23:13:37
a809f5,NKS2309 ,United States,1751325217.0,1751325217,-80.469,25.149,6469.38,False,226.42,196.5,6.18,,6850.38,,False,0,2025-06-30 23:13:37
a390ed,DAL2551 ,United States,1751325216.0,1751325217,-122.5407,45.4643,1470.66,False,124.37,113.91,-5.53,,1531.62,1020,False,0,2025-06-30 23:13:37
a8e495,EJA672  ,United States,1751325217.0,1751325217,-75.9425,41.6209,7924.8,False,210.3,207.38,0.33,,8336.28,1251,False,0,2025-06-30 23:13:37
a0a80e,SKW5597 ,United States,1751325213.0,1751325216,-99.5576,37.8335,8221.98,False,214.21,267.52,5.53,,8679.18,,False,0,2025-06-30 23:13:37
a559de,N444EA  ,United States,1751325216.0,1751325216,-83.6871,34.6395,8526.78,False,184.41,256.12,-0.33,,9044.94,5217,False,0,2025-06-30 23:13:37
a559df,N444EB  ,United States,1751325216.0,1751325216,-117.5741,33.8878,2004.06,False,49.5,307.82,0.0,,2034.54,,False,0,2025-06-30 23:13:37
ae14c1,STGRY11 ,United States,1751325215.0,1751325215,-97.3473,33.1296,822.96,False,91.43,169.95,-4.23,,838.2,,False,0,2025-06-30 23:13:37
ae14c2,MNTNA77 ,United States,1751325216.0,1751325216,-97.0625,28.3329,3314.7,False,129.99,26.06,0.0,,3497.58,4575,False,0,2025-06-30 23:13:37
a7619b,SKW4698 ,United States,1751325216.0,1751325217,-81.9299,40.8311,3840.48,False,152.73,274.44,6.5,,3992.88,2734,False,0,2025-06-30 23:13:37
ab9a4e,ERU847  ,United States,1751325215.0,1751325215,-81.375,29.2838,1028.7,False,38.01,230.49,0.0,,1089.66,1200,False,0,2025-06-30 23:13:37
a4bf41,AAL2143 ,United States,1751325217.0,1751325217,-96.8536,32.7392,3672.84,False,136.08,316.23,-2.28,,3870.96,1672,False,0,2025-06-30 23:13:37
ad3d4e,AAL2067 ,United States,1751325216.0,1751325216,-77.5232,37.6229,1203.96,False,115.19,105.28,-4.55,,1249.68,0543,False,0,2025-06-30 23:13:37
ac1d80,N88WR   ,United States,1751325216.0,1751325216,-117.478,34.0784,4366.26,False,150.69,252.93,-6.5,,4564.38,4610,False,0,2025-06-30 23:13:37
a666ae,N511RS  ,United States,1751325216.0,1751325216,-89.5552,38.9099,13106.4,False,249.44,103.23,0.0,,13754.1,6026,False,0,2025-06-30 23:13:37
a05827,RPA4645 ,United States,1751325215.0,1751325217,-79.8398,46.2779,10363.2,False,200.12,274.13,0.33,,10805.16,1452,False,0,2025-06-30 23:13:37
abb4ea,SWA2781 ,United States,1751325216.0,1751325217,-111.9993,39.0721,10972.8,False,228.42,258.44,-0.33,,11559.54,3536,False,0,2025-06-30 23:13:37
a69c07,N525FJ  ,United States,1751325217.0,1751325217,-95.2863,32.3078,1135.38,False,53.59,291.39,-0.65,,1188.72,,False,0,2025-06-30 23:13:37
a9f126,N74KV   ,United States,1751325217.0,1751325217,-72.1199,42.5679,2141.22,False,94.33,115.87,0.0,,2217.42,,False,0,2025-06-30 23:13:37
3c6563,OCN51   ,Germany,1751325217.0,1751325217,-70.5435,41.703,10652.76,False,244.32,42.53,0.0,,11216.64,2734,False,0,2025-06-30 23:13:37
acd4d7,DAL787  ,United States,1751325215.0,1751325216,-84.9601,34.1345,3954.78,False,176.37,142.23,0.0,,4152.9,3350,False,0,2025-06-30 23:13:37
a5cc19,UAL1368 ,United States,1751325217.0,1751325217,-104.1545,39.5346,5189.22,False,168.33,306.8,-7.15,,5509.26,2366,False,0,2025-06-30 23:13:37
a5cc11,UAL1222 ,United States,1751325217.0,1751325217,-78.0284,33.3217,10363.2,False,253.26,195.67,0.0,,10957.56,1167,False,0,2025-06-30 23:13:37
3c656c,DLH439  ,Germany,1751325217.0,1751325217,-90.5706,41.1277,10660.38,False,271.32,30.16,0.0,,11163.3,2401,False,0,2025-06-30 23:13:37
a390d7,N329ME  ,United States,1751325217.0,1751325217,-93.7792,41.0626,1821.18,False,72.23,198.69,0.0,,1866.9,,False,0,2025-06-30 23:13:37
3c6572,DLH469  ,Germany,1751325217.0,1751325217,-94.7404,35.0869,10668.0,False,258.33,28.81,0.0,,11315.7,7337,False,0,2025-06-30 23:13:37
adf567,N999PR  ,United States,1751325216.0,1751325216,-114.4401,35.9867,11582.4,False,207.47,236.94,0.0,,12207.24,,False,0,2025-06-30 23:13:37
a1b519,SKW5648 ,United States,1751325216.0,1751325216,-87.7589,42.0027,815.34,False,87.97,270.0,-4.55,,800.1,4307,False,0,2025-06-30 23:13:37
a880c8,RPA3562 ,United States,1751325217.0,1751325217,-78.7231,40.2003,5509.26,False,192.52,323.8,-4.55,,5791.2,1333,False,0,2025-06-30 23:13:37
a69c9b,N525MG  ,United States,1751325217.0,1751325217,-122.2131,37.9891,1082.04,False,86.58,135.0,-0.33,,1074.42,1750,False,0,2025-06-30 23:13:37
a0454a,N1163M  ,United States,1751325216.0,1751325216,-98.432,29.5625,708.66,False,99.14,38.89,14.96,,754.38,,False,0,2025-06-30 23:13:37
acd571,N926LC  ,United States,1751325216.0,1751325216,-71.7804,42.5756,289.56,False,43.49,207.47,-1.63,,259.08,1200,False,0,2025-06-30 23:13:37
ac7289,N9007R  ,United States,1751325217.0,1751325217,-117.8635,46.9232,2987.04,False,56.6,297.03,3.58,,3131.82,,False,0,2025-06-30 23:13:37
a22ed0,N24MY   ,United States,1751325214.0,1751325217,-113.9163,33.6397,9144.0,False,159.31,287.09,-0.33,,9662.16,3412,False,0,2025-06-30 23:13:37
a21ba0,FFT1116 ,United States,1751325216.0,1751325216,-114.5267,35.8969,5486.4,False,186.95,87.32,2.93,,5806.44,,False,0,2025-06-30 23:13:37
a94c7b,DAL2496 ,United States,1751325217.0,1751325217,-76.2125,37.7054,9144.0,False,247.12,210.94,0.0,,9685.02,2222,False,0,2025-06-30 23:13:37
a03235,AAL274  ,United States,1751325217.0,1751325217,-107.1471,31.855,10668.0,False,243.8,118.62,0.0,,11292.84,1320,False,0,2025-06-30 23:13:37
a0588d,N121MS  ,United States,1751325216.0,1751325216,-73.4882,41.3932,320.04,False,34.39,231.07,-3.25,,289.56,,False,0,2025-06-30 23:13:37
a5cc9e,N473DV  ,United States,1751325216.0,1751325217,-117.886,46.6279,1699.26,False,69.72,27.7,0.65,,1767.84,,False,0,2025-06-30 23:13:37
a3f500,AAL1669 ,United States,1751325216.0,1751325216,-100.9536,31.5576,10972.8,False,222.44,236.13,-0.33,,11650.98,3266,False,0,2025-06-30 23:13:37
a1c828,N2138S  ,United States,1751325216.0,1751325216,-89.0358,41.4681,3672.84,False,82.81,319.28,-3.58,,3802.38,7201,False,0,2025-06-30 23:13:37
ade252,JBU772  ,United States,1751325216.0,1751325216,-72.0776,41.527,5676.9,False,179.68,63.29,-5.53,,5958.84,6173,False,0,2025-06-30 23:13:37
abb59e,ASH6088 ,United States,1751325208.0,1751325211,-93.9728,31.251,7993.38,False,220.41,63.67,3.58,,8473.44,7421,False,0,2025-06-30 23:13:37
abb59f,ASH6309 ,United States,1751325216.0,1751325216,-85.6528,31.1295,9753.6,False,235.88,276.01,-0.33,,10347.96,2214,True,0,2025-06-30 23:13:37
a2e806,ASA732  ,United States,1751325217.0,1751325217,-112.2994,34.7625,7947.66,False,224.73,169.85,-10.08,,8435.34,,False,0,2025-06-30 23:13:37
a05871,N121LP  ,United States,1751325217.0,1751325217,-117.6977,33.9899,457.2,False,36.0,239.04,-1.95,,419.1,,False,0,2025-06-30 23:13:37
ad928b,ASA16   ,United States,1751325217.0,1751325217,-115.1643,47.8484,10668.0,False,256.7,82.75,0.0,,11132.82,6670,False,0,2025-06-30 23:13:37
ad928d,AMX659  ,United States,1751325217.0,1751325217,-98.8164,31.237,10668.0,False,232.81,188.13,0.0,,11323.32,3242,False,0,2025-06-30 23:13:37
a45ba2,DAL2032 ,United States,1751325206.0,1751325206,-89.0119,32.9317,10370.82,False,241.93,307.92,0.33,,11010.9,6216,False,0,2025-06-30 23:13:37
a1a21f,AAY1472 ,United States,1751325216.0,1751325216,-88.9272,31.4363,8671.56,False,242.07,139.91,-4.88,,9212.58,3451,False,0,2025-06-30 23:13:37
a94c2a,PDT5910 ,United States,1751325217.0,1751325217,-80.3374,34.8299,4000.5,False,160.49,298.95,-6.83,,4229.1,,False,0,2025-06-30 23:13:37
a6ec56,AAL558  ,United States,1751325217.0,1751325217,-99.6971,32.4315,7940.04,False,242.91,260.0,3.9,,8427.72,6273,False,0,2025-06-30 23:13:37
ab77ac,SKW3611 ,United States,1751325178.0,1751325178,-83.3597,42.2353,312.42,False,67.51,209.69,-3.9,,259.08,,False,0,2025-06-30 23:13:37
a1a218,ENY3860 ,United States,1751325217.0,1751325217,-95.0986,32.9205,8069.58,False,241.28,83.51,3.9,,8602.98,2272,False,0,2025-06-30 23:13:37
a653f6,JIA5560 ,United States,1751325216.0,1751325216,-80.8573,37.8785,9448.8,False,239.36,79.85,-0.33,,10027.92,1723,False,0,2025-06-30 23:13:37
a69c95,N525MA  ,United States,1751325216.0,1751325216,-78.3599,40.4754,11590.02,False,163.55,265.67,0.33,,12230.1,1147,False,0,2025-06-30 23:13:37
a1c868,ASA601  ,United States,1751325216.0,1751325216,-120.9645,43.3588,10363.2,False,242.31,14.51,-0.33,,10835.64,,False,0,2025-06-30 23:13:37
ad07a6,NFX103  ,United States,1751325217.0,1751325217,-119.3197,35.1535,6096.0,False,141.64,312.5,0.0,,6385.56,1301,False,0,2025-06-30 23:13:37
abfd00,SWA714  ,United States,1751325216.0,1751325216,-118.1377,33.808,,True,1.8,135.0,,,,,False,0,2025-06-30 23:13:37
a41518,N362Q   ,United States,1751325217.0,1751325217,-122.1015,37.4412,220.98,False,42.2,44.01,-3.58,,175.26,1200,False,0,2025-06-30 23:13:37
aa7a3c,SWA1274 ,United States,1751325217.0,1751325217,-86.6759,39.4596,11887.2,False,231.89,147.23,0.0,,12512.04,0733,False,0,2025-06-30 23:13:37
a1fbb2,HAL26   ,United States,1751324912.0,1751324912,-122.5984,45.5893,,True,0.06,19.69,,,,,False,0,2025-06-30 23:13:37
abc7a3,SWA3335 ,United States,1751325216.0,1751325217,-82.1197,36.4752,10972.8,False,239.74,237.26,0.0,,11628.12,3613,False,0,2025-06-30 23:13:37
a0589c,N121NG  ,United States,1751325215.0,1751325215,-86.3155,36.0315,1051.56,False,55.82,189.55,1.63,,1066.8,,False,0,2025-06-30 23:13:37
aadd29,N79999  ,United States,1751325216.0,1751325216,-97.9205,44.4925,12496.8,False,275.38,135.38,0.0,,12915.9,,False,0,2025-06-30 23:13:37
a69c8c,LSO1    ,United States,1751325217.0,1751325217,-96.879,32.6618,6598.92,False,124.81,53.89,12.68,,7002.78,0507,False,0,2025-06-30 23:13:37
ab64b8,AAL1686 ,United States,1751325216.0,1751325216,-103.4413,41.6141,10668.0,False,252.92,128.64,0.0,,11201.4,,False,0,2025-06-30 23:13:37
a66878,N5117E  ,United States,1751325217.0,1751325217,-122.0015,47.2858,2651.76,False,60.51,26.78,0.33,,2743.2,1374,False,0,2025-06-30 23:13:37
ad4eb5,AAL3026 ,United States,1751325217.0,1751325217,-81.325,34.8751,10058.4,False,238.35,68.47,0.0,,10668.0,6477,False,0,2025-06-30 23:13:37
aaa861,N786SA  ,United States,1751325217.0,1751325217,-122.3657,48.2611,1402.08,False,58.3,164.12,0.0,,1409.7,0467,False,0,2025-06-30 23:13:37
a2d573,ASA20   ,United States,1751325217.0,1751325217,-105.2209,41.8277,10668.0,False,243.28,86.48,0.0,,11224.26,6256,False,0,2025-06-30 23:13:37
a71ebb,N558SH  ,United States,1751325216.0,1751325217,-123.2106,45.1897,281.94,False,31.4,271.88,0.0,,251.46,,False,0,2025-06-30 23:13:37
a45bd7,FFT2146 ,United States,1751325127.0,1751325127,-108.5157,39.7761,10652.76,False,232.45,57.01,0.33,,11247.12,,False,0,2025-06-30 23:13:37
a5dee3,ASA634  ,United States,1751325216.0,1751325216,-115.2461,36.0709,1463.04,False,124.15,255.85,14.96,,1455.42,,False,0,2025-06-30 23:13:37
a21bea,RPA5757 ,United States,1751325216.0,1751325217,-83.2569,42.4323,9753.6,False,210.56,258.44,0.33,,10256.52,3476,False,0,2025-06-30 23:13:37
a69bcd,DAL362  ,United States,1751325217.0,1751325217,-94.2388,44.7156,10058.4,False,248.99,86.33,0.0,,10370.82,3701,False,0,2025-06-30 23:13:37
abb534,ASH6153 ,United States,1751325213.0,1751325215,-95.1885,30.0072,701.04,False,92.6,270.32,-5.2,,746.76,0755,False,0,2025-06-30 23:13:37
a2d554,N2819Q  ,United States,1751325144.0,1751325156,-94.1205,36.1601,487.68,False,34.59,337.25,-3.9,,480.06,1632,False,0,2025-06-30 23:13:37
a2c224,SKW3602 ,United States,1751324982.0,1751324982,-122.3135,47.4569,,True,8.75,180.0,,,,3700,False,0,2025-06-30 23:13:37
a65560,EJA507  ,United States,1751325148.0,1751325148,-84.1978,39.9041,358.14,False,55.8,235.14,-2.6,,312.42,2226,False,0,2025-06-30 23:13:37
a1c88f,MXY509  ,United States,1751325216.0,1751325216,-85.7758,38.4252,11277.6,False,240.97,107.39,0.33,,11932.92,4735,False,0,2025-06-30 23:13:37
abb52c,SWA1709 ,United States,1751325216.0,1751325216,-100.7408,30.7521,10972.8,False,224.23,276.59,0.33,,11650.98,4056,False,0,2025-06-30 23:13:37
a0a7a0,AAL2732 ,United States,1751324985.0,1751325207,-78.3636,30.2148,10668.0,False,239.78,337.95,0.0,,11201.4,0201,False,0,2025-06-30 23:13:37
a65509,N507ME  ,United States,1751325216.0,1751325216,-77.6302,39.2791,899.16,False,68.12,306.09,0.33,,899.16,,False,0,2025-06-30 23:13:37
c07193,WJA1522 ,Canada,1751325215.0,1751325216,-121.2447,41.8512,11277.6,False,218.53,222.14,0.0,,11818.62,,False,0,2025-06-30 23:13:37
c07195,AIE833  ,Canada,1751325215.0,1751325216,-72.8779,45.7731,3688.08,False,134.59,242.95,-6.83,,3832.86,,False,0,2025-06-30 23:13:37
ace877,N9303N  ,United States,1751325215.0,1751325216,-96.8388,33.6024,1005.84,False,51.75,232.67,-3.58,,1005.84,,False,0,2025-06-30 23:13:37
a2c27e,SWA3962 ,United States,1751325216.0,1751325217,-77.4522,37.5054,7886.7,False,197.82,341.66,-9.75,,8343.9,5611,False,0,2025-06-30 23:13:37
abfbd0,UAL1803 ,United States,1751325216.0,1751325216,-115.3824,38.5177,10957.56,False,221.23,256.42,0.0,,11536.68,,False,0,2025-06-30 23:13:37
abb54f,SWA2627 ,United States,1751325217.0,1751325217,-87.5907,36.9407,11887.2,False,228.29,137.47,-0.33,,12573.0,2175,False,0,2025-06-30 23:13:37
4080bf,BAW171  ,United Kingdom,1751325216.0,1751325216,-79.0961,41.3685,6537.96,False,184.69,232.81,-8.13,,6880.86,2147,False,0,2025-06-30 23:13:37
aba242,LTA849  ,United States,1751324943.0,1751324948,-85.6928,32.4704,167.64,False,46.37,139.95,-4.55,,160.02,,False,0,2025-06-30 23:13:37
3c64f0,DLH404  ,Germany,1751325217.0,1751325217,-71.227,41.6617,9517.38,False,228.45,234.16,-8.13,,10043.16,0723,False,0,2025-06-30 23:13:37
c02f21,WJA671  ,Canada,1751325216.0,1751325216,-82.888,45.545,10980.42,False,223.01,311.63,0.33,,11437.62,6301,False,0,2025-06-30 23:13:37
3c64f6,DLH420  ,Germany,1751325196.0,1751325208,-67.8311,45.2603,10972.8,False,226.39,221.22,0.0,,11490.96,2041,False,0,2025-06-30 23:13:37
abb579,SWA2616 ,United States,1751325216.0,1751325217,-88.2465,41.5108,1737.36,False,145.04,83.28,-5.2,,1775.46,3274,False,0,2025-06-30 23:13:37
4080c0,BAW20R  ,United Kingdom,1751325216.0,1751325216,-77.8014,44.421,11269.98,False,268.01,76.23,-0.65,,11826.24,6561,False,0,2025-06-30 23:13:37
a64205,N502GS  ,United States,1751325216.0,1751325216,-108.2358,32.0306,14325.6,False,248.39,285.62,0.0,,15003.78,3442,False,0,2025-06-30 23:13:37
a1a286,SKW4754 ,United States,1751325045.0,1751325046,-90.3318,38.7348,243.84,False,68.93,302.5,-3.58,,220.98,2773,False,0,2025-06-30 23:13:37
aa5806,CBC766  ,United States,1751325214.0,1751325214,-108.118,32.2432,10363.2,False,216.85,87.14,0.0,,10949.94,6002,False,0,2025-06-30 23:13:37
3c64ec,DLH450  ,Germany,1751325217.0,1751325217,-110.7894,38.6742,10972.8,False,244.98,216.46,0.33,,11559.54,,False,0,2025-06-30 23:13:37
a8d249,DAL1670 ,United States,1751325216.0,1751325216,-80.9257,25.6522,3421.38,False,157.58,43.28,-4.88,,3611.88,2072,False,0,2025-06-30 23:13:37
a07a37,N13QA   ,United States,1751325216.0,1751325216,-121.7458,36.9306,2065.02,False,90.96,323.97,-1.3,,2110.74,,False,0,2025-06-30 23:13:37
aa328f,RPA3309 ,United States,1751325216.0,1751325216,-90.3348,38.8962,2598.42,False,151.45,78.04,14.96,,2712.72,1132,False,0,2025-06-30 23:13:37
a94bfc,UAL414  ,United States,1751325215.0,1751325216,-98.8688,42.3248,10363.2,False,227.11,239.66,0.0,,10805.16,2453,False,0,2025-06-30 23:13:37
a94bff,UAL1945 ,United States,1751325216.0,1751325216,-104.9849,31.3083,10363.2,False,246.77,300.57,-0.33,,10980.42,2565,False,0,2025-06-30 23:13:37
abfc97,SWA3001 ,United States,1751325217.0,1751325217,-117.1652,34.8272,9304.02,False,254.69,65.92,-4.55,,9799.32,2710,False,0,2025-06-30 23:13:37
ae13bf,HOOK57  ,United States,1751325105.0,1751325110,-97.1939,36.4233,1036.32,False,125.22,86.7,-7.8,,1082.04,,False,0,2025-06-30 23:13:37
ae13bb,HOOK51  ,United States,1751324922.0,1751324923,-95.8547,36.0479,1318.26,False,98.93,153.43,-6.83,,1371.6,,False,0,2025-06-30 23:13:37
a1c7c1,UAL950  ,United States,1751325216.0,1751325216,-77.4568,38.9339,,True,0.0,286.88,,,,,False,0,2025-06-30 23:13:37
a76277,WSN3    ,United States,1751325217.0,1751325217,-111.1613,34.721,5920.74,False,142.21,219.27,-4.88,,6278.88,,False,0,2025-06-30 23:13:37
a1fd03,SWA3777 ,United States,1751325216.0,1751325216,-87.8809,41.3737,4869.18,False,201.11,183.96,15.61,,5036.82,6541,False,0,2025-06-30 23:13:37
a4ad11,N400EM  ,United States,1751324943.0,1751324944,-107.6428,32.952,3169.92,False,124.58,337.67,0.0,,3329.94,,False,0,2025-06-30 23:13:37
4b15db,EDW2M   ,Switzerland,1751325217.0,1751325217,-114.3659,36.2185,3855.72,False,129.39,245.57,-4.55,,4069.08,,False,0,2025-06-30 23:13:37
c08497,ACA268  ,Canada,1751325216.0,1751325216,-90.1992,48.8559,10668.0,False,243.55,104.18,0.0,,10850.88,,False,0,2025-06-30 23:13:37
acd3ea,N9256C  ,United States,1751325216.0,1751325216,-87.2222,36.623,708.66,False,52.12,4.53,0.0,,701.04,,False,0,2025-06-30 23:13:37
a76290,N575SD  ,United States,1751325216.0,1751325216,-88.0734,44.5085,518.16,False,35.3,288.7,-2.6,,449.58,,False,0,2025-06-30 23:13:37
a07a20,N13PC   ,United States,1751325216.0,1751325216,-93.221,36.3011,5608.32,False,95.68,250.2,-1.95,,5859.78,,False,0,2025-06-30 23:13:37
ae13f9,SPECK88 ,United States,1751325216.0,1751325216,-97.3727,36.3997,1211.58,False,127.88,96.47,3.9,,1272.54,,False,0,2025-06-30 23:13:37
ae13f4,PAWS65  ,United States,1751325216.0,1751325216,-97.8624,36.5244,2712.72,False,102.87,98.05,13.0,,2834.64,,False,0,2025-06-30 23:13:37
a2c28a,N277X   ,United States,1751325216.0,1751325216,-111.944,33.4284,807.72,False,64.87,267.73,-4.88,,731.52,1446,False,0,2025-06-30 23:13:37
a8d206,AAL540  ,United States,1751325135.0,1751325136,-115.0444,42.1567,10309.86,False,234.93,162.28,5.2,,10820.4,,False,0,2025-06-30 23:13:37
a1ea32,UAL253  ,United States,1751325215.0,1751325216,-105.8798,31.7455,9753.6,False,266.11,301.72,0.0,,10325.1,7266,False,0,2025-06-30 23:13:37
a07a72,N13SK   ,United States,1751325217.0,1751325217,-80.1982,26.1893,121.92,False,42.12,8.43,-1.95,,160.02,,False,0,2025-06-30 23:13:37
a1a1b6,RPA5677 ,United States,1751325217.0,1751325217,-73.6679,42.097,5791.2,False,202.62,171.97,0.0,,6080.76,3515,False,0,2025-06-30 23:13:37
a33d62,DAL305  ,United States,1751325089.0,1751325144,-78.3497,29.5801,9448.8,False,230.77,6.14,0.0,,9921.24,6050,False,0,2025-06-30 23:13:37
a69bdf,N525DU  ,United States,1751325216.0,1751325216,-93.4432,33.029,11178.54,False,161.57,83.42,2.6,,11833.86,3433,False,0,2025-06-30 23:13:37
a427e3,SUB47   ,United States,1751325217.0,1751325217,-90.577,38.6713,426.72,False,70.14,257.29,-3.25,,419.1,1064,False,0,2025-06-30 23:13:37
a71efa,AAL2387 ,United States,1751325216.0,1751325216,-112.3098,33.1374,10058.4,False,249.28,114.77,0.0,,10637.52,3252,False,0,2025-06-30 23:13:37
a89545,QXE2326 ,United States,1751325217.0,1751325217,-121.5986,46.6468,7650.48,False,208.9,125.88,7.15,,8023.86,1642,False,0,2025-06-30 23:13:37
a65598,SKW4960 ,United States,1751325217.0,1751325217,-119.3682,38.7646,10668.0,False,215.63,184.24,0.33,,11201.4,,False,0,2025-06-30 23:13:37
a83ef2,NKS8830 ,United States,1751325216.0,1751325216,-82.5752,34.5776,11719.56,False,231.81,143.03,-3.25,,12420.6,5743,False,0,2025-06-30 23:13:37
a1ea0d,N222SP  ,United States,1751325217.0,1751325217,-113.0226,34.0341,2865.12,False,64.89,295.35,0.65,,3070.86,1117,True,0,2025-06-30 23:13:37
ae13fd,JAVAN51 ,United States,1751325217.0,1751325217,-97.4036,30.7086,5021.58,False,133.62,263.37,2.93,,5318.76,7746,False,0,2025-06-30 23:13:37
aa3249,N756WB  ,United States,1751325217.0,1751325217,-84.9909,39.4474,853.44,False,66.81,260.25,1.95,,853.44,1200,False,0,2025-06-30 23:13:37
a6a54e,N5270G  ,United States,1751325216.0,1751325217,-88.27,41.399,929.64,False,45.79,27.43,0.0,,922.02,1200,False,0,2025-06-30 23:13:37
a76235,JIA5487 ,United States,1751325217.0,1751325217,-93.2423,33.1738,10523.22,False,252.43,78.6,3.25,,11170.92,6254,False,0,2025-06-30 23:13:37
aa589c,JBU276  ,United States,1751325215.0,1751325215,-71.7461,39.3678,8054.34,False,220.2,339.91,-4.55,,8542.02,,False,0,2025-06-30 23:13:37
a6b87a,SKW5442 ,United States,1751325215.0,1751325215,-89.9901,35.1508,662.94,False,92.61,179.36,-5.2,,678.18,4025,True,0,2025-06-30 23:13:37
a94bd9,N69875  ,United States,1751325168.0,1751325168,-90.6424,38.6621,152.4,False,25.72,253.74,-1.3,,129.54,,False,0,2025-06-30 23:13:37
a5cbf3,UAL2645 ,United States,1751325217.0,1751325217,-75.6987,39.6011,6492.24,False,230.13,42.46,-8.13,,6850.38,4334,False,0,2025-06-30 23:13:37
a6426a,N502LT  ,United States,1751325206.0,1751325206,-85.4588,38.7493,571.5,False,59.5,33.0,-1.63,,746.76,1200,False,0,2025-06-30 23:13:37
0d0a16,XAVTO   ,Mexico,1751324871.0,1751324912,-94.3743,28.8961,6301.74,False,203.55,3.33,-14.31,,6690.36,2012,False,0,2025-06-30 23:13:37
0d0a19,VOI761  ,Mexico,1751325216.0,1751325216,-104.6177,39.4762,3848.1,False,182.43,173.04,11.05,,4076.7,,False,0,2025-06-30 23:13:37
a031bd,AAL3053 ,United States,1751325216.0,1751325217,-97.6182,33.37,3230.88,False,159.69,126.35,-7.48,,3429.0,4676,False,0,2025-06-30 23:13:37
0d0a18,VOI800  ,Mexico,1751325217.0,1751325217,-98.097,31.6261,10203.18,False,249.68,16.64,-15.61,,10858.5,2665,False,0,2025-06-30 23:13:37
aa8be5,EJA779  ,United States,1751325217.0,1751325217,-74.365,42.1608,7315.2,False,216.38,262.49,0.33,,7696.2,2441,False,0,2025-06-30 23:13:37
a8955e,NKS2366 ,United States,1751325216.0,1751325216,-91.5431,33.407,10972.8,False,224.89,230.85,0.0,,11643.36,5771,False,0,2025-06-30 23:13:37
a7d892,N60406  ,United States,1751325200.0,1751325200,-90.282,38.3965,548.64,False,40.13,22.62,1.3,,,,False,0,2025-06-30 23:13:37
abb507,SWA867  ,United States,1751325216.0,1751325216,-77.4806,42.6089,11582.4,False,204.49,251.52,0.0,,12184.38,1476,False,0,2025-06-30 23:13:37
acc0fb,N9203R  ,United States,1751325216.0,1751325216,-91.1596,34.0074,3032.76,False,72.81,240.36,0.33,,3192.78,1646,False,0,2025-06-30 23:13:37
aa3226,AAL1610 ,United States,1751325208.0,1751325208,-84.442,33.6427,,True,0.0,270.0,,,,1626,True,0,2025-06-30 23:13:37
a11f9d,UAL350  ,United States,1751325216.0,1751325217,-73.657,40.0122,5852.16,False,206.42,106.36,11.7,,6126.48,3306,False,0,2025-06-30 23:13:37
aa9d1a,EJA783  ,United States,1751325168.0,1751325168,-96.8527,32.8423,,True,5.92,81.56,,,,2746,False,0,2025-06-30 23:13:37
aa67d5,N77MV   ,United States,1751325216.0,1751325217,-122.2482,47.664,365.76,False,33.54,355.6,0.0,,381.0,,False,0,2025-06-30 23:13:37
aaed05,N803AC  ,United States,1751325216.0,1751325217,-121.9344,37.3617,,True,0.0,230.62,,,,1133,False,0,2025-06-30 23:13:37
ac2d09,DAL355  ,United States,1751325216.0,1751325216,-108.4355,36.4672,10972.8,False,242.93,262.33,0.0,,11582.4,1751,False,0,2025-06-30 23:13:37
a72f22,JBU1642 ,United States,1751325216.0,1751325217,-73.6835,40.7364,601.98,False,75.88,210.56,-3.58,,609.6,5641,False,0,2025-06-30 23:13:37
a59f53,SWA452  ,United States,1751325216.0,1751325217,-103.9827,39.1614,6697.98,False,191.4,311.19,0.65,,7109.46,7501,True,0,2025-06-30 23:13:37
ad17a5,N9425H  ,United States,1751324907.0,1751324923,-88.1982,41.9087,381.0,False,37.55,279.46,-1.63,,335.28,,False,0,2025-06-30 23:13:37
0d0e40,AMX640  ,Mexico,1751325216.0,1751325216,-75.0227,38.4927,11277.6,False,228.91,41.36,0.0,,11932.92,4407,False,0,2025-06-30 23:13:37
a0a3f8,N140PC  ,United States,1751325216.0,1751325216,-105.1287,40.166,1722.12,False,50.39,302.07,-0.98,,1821.18,,False,0,2025-06-30 23:13:37
aaed17,AAL2076 ,United States,1751325216.0,1751325216,-80.9325,34.2639,6073.14,False,223.97,172.87,3.25,,6431.28,,False,0,2025-06-30 23:13:37
acd296,AAL751  ,United States,1751325216.0,1751325216,-84.1122,36.0739,8770.62,False,239.19,300.65,2.28,,9296.4,6065,False,0,2025-06-30 23:13:37
a5ef0e,UAL1844 ,United States,1751325211.0,1751325211,-74.1639,40.7028,,True,0.0,95.62,,,,,False,0,2025-06-30 23:13:37
a2f6ba,AAY711  ,United States,1751325217.0,1751325217,-97.9276,40.4762,10668.0,False,259.04,75.27,0.0,,11186.16,0147,False,0,2025-06-30 23:13:37
a449f1,DAL716  ,United States,1751325216.0,1751325216,-103.8559,40.4083,5943.6,False,193.83,239.01,-9.75,,6309.36,2673,False,0,2025-06-30 23:13:37
a1e9fe,N222RZ  ,United States,1751325216.0,1751325216,-73.2872,42.161,1402.08,False,62.66,96.6,7.15,,1432.56,,False,0,2025-06-30 23:13:37
a0b6ea,SKW5552 ,United States,1751324970.0,1751324974,-92.5316,32.7833,9753.6,False,227.44,188.72,0.0,,10370.82,2443,False,0,2025-06-30 23:13:37
a449e5,DAL2120 ,United States,1751325217.0,1751325217,-117.2826,34.5941,8846.82,False,250.99,54.26,-0.33,,9342.12,4777,False,0,2025-06-30 23:13:37
ad4d12,AAL1288 ,United States,1751325217.0,1751325217,-101.4466,27.2661,10668.0,False,241.54,45.17,0.0,,11338.56,,False,0,2025-06-30 23:13:37
0d0e61,XARZR   ,Mexico,1751325217.0,1751325217,-99.4217,25.7887,2727.96,False,84.38,89.3,0.0,,2857.5,,False,0,2025-06-30 23:13:37
a2f6b3,ENY3345 ,United States,1751325217.0,1751325217,-70.2819,43.7723,8587.74,False,231.31,218.68,2.93,,9037.32,3557,False,0,2025-06-30 23:13:37
aaa4b3,SKW5606 ,United States,1751325217.0,1751325217,-84.1049,40.4226,10622.28,False,235.12,300.94,-3.9,,11231.88,3515,False,0,2025-06-30 23:13:37
a5dc0c,CBC477  ,United States,1751325217.0,1751325217,-112.0855,41.1386,1699.26,False,60.02,45.35,-2.93,,1752.6,,False,0,2025-06-30 23:13:37
c080dc,ACA527  ,Canada,1751325216.0,1751325217,-94.2815,44.7067,10363.2,False,225.31,240.45,0.0,,10675.62,1011,False,0,2025-06-30 23:13:37
c080dd,ACA326  ,Canada,1751325216.0,1751325216,-74.2831,45.8634,3208.02,False,163.43,140.75,-2.93,,3322.32,,False,0,2025-06-30 23:13:37
c080db,ACA515  ,Canada,1751325113.0,1751325116,-83.1158,46.341,9753.6,False,206.66,275.28,0.33,,10111.74,6254,False,0,2025-06-30 23:13:37
a2e3e9,N2857P  ,United States,1751325216.0,1751325216,-117.0945,32.8,457.2,False,43.76,287.8,-0.98,,411.48,,False,0,2025-06-30 23:13:37
ab0d76,DAL1109 ,United States,1751325217.0,1751325217,-106.21,35.4056,7802.88,False,217.16,123.99,7.48,,8260.08,,False,0,2025-06-30 23:13:37
a2d0b2,OXF5246 ,United States,1751325216.0,1751325216,-111.7021,33.4895,777.24,False,49.87,137.09,-6.5,,693.42,,False,0,2025-06-30 23:13:37
a34c6f,N311VM  ,United States,1751325216.0,1751325216,-102.8811,44.02,2468.88,False,86.27,116.57,6.18,,2598.42,,False,0,2025-06-30 23:13:37
a96def,N7065R  ,United States,1751325209.0,1751325216,-111.7794,33.0668,952.5,False,43.66,134.05,2.28,,899.16,1200,False,0,2025-06-30 23:13:37
abfa24,AAL110  ,United States,1751325217.0,1751325217,-84.87,44.835,11887.2,False,288.12,71.14,0.0,,12382.5,6267,False,0,2025-06-30 23:13:37
aaed5a,DAL2209 ,United States,1751325216.0,1751325216,-82.4332,27.8855,6240.78,False,193.52,104.0,-14.31,,6606.54,5660,False,0,2025-06-30 23:13:37
acf7e4,N9347T  ,United States,1751325172.0,1751325176,-88.3316,41.551,487.68,False,51.08,242.4,-0.33,,441.96,1200,False,0,2025-06-30 23:13:37
abc4be,SWA882  ,United States,1751325216.0,1751325216,-95.0901,33.4312,10058.4,False,242.94,67.73,0.33,,10683.24,6263,False,0,2025-06-30 23:13:37
a34c68,ENY3602 ,United States,1751325199.0,1751325199,-82.6813,46.0592,9144.0,False,194.01,242.01,0.0,,9517.38,6557,False,0,2025-06-30 23:13:37
aaa4dc,UAL57   ,United States,1751325217.0,1751325217,-71.469,43.3182,10668.0,False,265.64,61.55,0.0,,11216.64,1753,False,0,2025-06-30 23:13:37
abfa36,,United States,1751325111.0,1751325111,-121.2896,38.5342,403.86,False,56.36,56.16,-0.33,,365.76,,False,0,2025-06-30 23:13:37
aa559e,N765RM  ,United States,1751325217.0,1751325217,-99.0709,24.9291,10401.3,False,241.14,297.44,-17.23,,11087.1,,False,0,2025-06-30 23:13:37
a9bde6,N727DP  ,United States,1751325216.0,1751325216,-98.7657,33.9302,5791.2,False,128.11,301.2,0.33,,6141.72,6130,False,0,2025-06-30 23:13:37
0d0e1d,AMX645  ,Mexico,1751325210.0,1751325212,-112.9684,30.9825,11277.6,False,243.85,130.21,0.0,,11940.54,7705,False,0,2025-06-30 23:13:37
a96f71,N707KA  ,United States,1751324984.0,1751324984,-122.3375,47.63,,True,3.09,196.88,,,,,False,0,2025-06-30 23:13:37
a11eb7,AAL1954 ,United States,1751325044.0,1751325044,-80.9684,35.2364,289.56,False,72.21,175.91,-3.9,,342.9,4734,False,0,2025-06-30 23:13:37
a0b81e,UAL1292 ,United States,1751325216.0,1751325216,-70.7261,43.3484,8229.6,False,257.85,145.49,0.0,,8656.32,3776,False,0,2025-06-30 23:13:37
adaee8,AAL1193 ,United States,1751325216.0,1751325217,-93.5362,35.3639,10363.2,False,230.07,215.08,0.0,,10972.8,3266,False,0,2025-06-30 23:13:37
a0b81d,UAL746  ,United States,1751325216.0,1751325216,-100.5424,38.8224,10355.58,False,223.92,271.97,0.0,,10934.7,7041,False,0,2025-06-30 23:13:37
a0b823,UAL1527 ,United States,1751325217.0,1751325217,-111.6478,40.8339,10668.0,False,240.26,93.81,0.33,,11254.74,3342,False,0,2025-06-30 23:13:37
a0b821,UAL234  ,United States,1751325217.0,1751325217,-104.0046,38.3608,8839.2,False,229.62,139.82,7.8,,9357.36,3263,False,0,2025-06-30 23:13:37
a46c9a,UAL1216 ,United States,1751325217.0,1751325217,-101.1404,30.8094,10668.0,False,241.68,84.99,0.0,,11330.94,3724,False,0,2025-06-30 23:13:37
a0b820,UAL2211 ,United States,1751325216.0,1751325216,-86.3408,41.3703,6431.28,False,196.22,309.57,-13.0,,6743.7,5720,False,0,2025-06-30 23:13:37
ac2be9,SWA189  ,United States,1751325216.0,1751325217,-96.867,32.9366,739.14,False,94.47,229.2,-3.58,,762.0,6725,False,0,2025-06-30 23:13:37
acf870,N935CB  ,United States,1751325216.0,1751325216,-117.417,33.9401,449.58,False,46.54,66.55,-2.6,,411.48,1200,False,0,2025-06-30 23:13:37
a770a2,JBU1794 ,United States,1751325216.0,1751325216,-78.6762,29.2094,11277.6,False,227.6,14.66,0.0,,11849.1,4601,False,0,2025-06-30 23:13:37
a23ea5,N2438S  ,United States,1751325217.0,1751325217,-72.8758,40.8194,91.44,False,39.69,227.63,4.88,,68.58,,False,0,2025-06-30 23:13:37
abb245,SWA2349 ,United States,1751325216.0,1751325217,-122.3469,37.6069,91.44,False,69.72,297.7,-4.23,,53.34,2032,False,0,2025-06-30 23:13:37
a1d809,N218JG  ,United States,1751325204.0,1751325208,-88.114,44.4924,251.46,False,49.07,240.48,-3.25,,182.88,,False,0,2025-06-30 23:13:37
a7e6cf,SKW5667 ,United States,1751325107.0,1751325112,-104.66,39.8719,1623.06,False,69.47,181.27,-3.25,,1706.88,,False,0,2025-06-30 23:13:37
c080a6,WJA1525 ,Canada,1751325216.0,1751325217,-119.2847,37.2581,10972.8,False,250.45,352.8,0.33,,11529.06,7723,False,0,2025-06-30 23:13:37
ac2bf8,ASH6151 ,United States,1751325217.0,1751325217,-90.8604,35.9218,8839.2,False,262.1,50.66,0.0,,9349.74,5614,False,0,2025-06-30 23:13:37
ad0562,SWA40   ,United States,1751325217.0,1751325217,-99.3732,33.5872,12192.0,False,229.4,332.63,-0.33,,12885.42,1343,False,0,2025-06-30 23:13:37
a9bf4b,DAL823  ,United States,1751325081.0,1751325081,-111.9296,38.7924,11582.4,False,224.35,263.15,0.0,,12199.62,2051,False,0,2025-06-30 23:13:37
a280fe,SWA537  ,United States,1751325216.0,1751325217,-122.2033,37.5646,807.72,False,94.19,291.8,-5.53,,800.1,6213,False,0,2025-06-30 23:13:37
a0b801,UAL1602 ,United States,1751325216.0,1751325216,-91.9713,34.3856,10363.2,False,234.2,299.04,0.0,,11003.28,5567,False,0,2025-06-30 23:13:37
c080d9,ACA423  ,Canada,1751325217.0,1751325217,-78.5031,44.1711,4815.84,False,179.9,239.4,-8.78,,4991.1,6553,False,0,2025-06-30 23:13:37
a9bf27,SKW6282 ,United States,1751325216.0,1751325216,-105.0332,38.2975,11277.6,False,237.54,94.97,0.65,,11887.2,,False,0,2025-06-30 23:13:37
abc56d,N858DT  ,United States,1751325216.0,1751325216,-112.1924,41.4479,2240.28,False,56.41,189.98,1.3,,2346.96,,False,0,2025-06-30 23:13:37
a0b803,UAL798  ,United States,1751325216.0,1751325216,-96.6385,37.9207,10043.16,False,263.32,77.13,0.0,,10614.66,,False,0,2025-06-30 23:13:37
a96f68,JRE707  ,United States,1751325216.0,1751325217,-121.8819,45.4851,4404.36,False,121.04,252.18,-7.48,,4594.86,3160,False,0,2025-06-30 23:13:37
c080aa,WJA778  ,Canada,1751325028.0,1751325033,-82.9316,42.2882,297.18,False,75.24,242.73,-3.9,,236.22,2101,False,0,2025-06-30 23:13:37
adaef7,N981BC  ,United States,1751325216.0,1751325216,-116.656,43.6556,1028.7,False,45.48,316.37,2.6,,1013.46,,False,0,2025-06-30 23:13:37
ab627c,SWA1850 ,United States,1751325216.0,1751325216,-113.1331,35.9506,10546.08,False,247.1,79.32,5.53,,11125.2,,False,0,2025-06-30 23:13:37
a7d3d3,EJA603  ,United States,1751325217.0,1751325217,-77.0512,36.3474,13106.4,False,229.86,216.54,0.0,,13769.34,4002,False,0,2025-06-30 23:13:37
a2d0d5,OXF5542 ,United States,1751325196.0,1751325196,-111.7458,32.9545,822.96,False,48.05,111.35,6.83,,708.66,3344,False,0,2025-06-30 23:13:37
a796d6,N5886M  ,United States,1751325216.0,1751325216,-88.2193,41.6111,1242.06,False,67.26,338.93,0.0,,1249.68,1301,False,0,2025-06-30 23:13:37
ab628c,SWA4035 ,United States,1751325216.0,1751325216,-100.781,43.2637,10668.0,False,255.07,114.55,0.0,,11132.82,,False,0,2025-06-30 23:13:37
abb271,SWA4752 ,United States,1751325216.0,1751325216,-85.7339,36.0604,11277.6,False,232.37,169.41,0.65,,11948.16,0667,False,0,2025-06-30 23:13:37
a0a530,N1401E  ,United States,1751325216.0,1751325216,-104.6173,39.1167,2712.72,False,60.29,323.33,0.98,,2880.36,,False,0,2025-06-30 23:13:37
a16227,N189AM  ,United States,1751325216.0,1751325216,-112.2479,33.4568,487.68,False,53.56,253.83,-0.65,,403.86,,False,0,2025-06-30 23:13:37
a4cf95,JTL40   ,United States,1751325217.0,1751325217,-92.6265,44.2619,13716.0,False,197.77,151.23,0.0,,14142.72,1652,False,0,2025-06-30 23:13:37
a0ebaf,N159AS  ,United States,1751325216.0,1751325216,-100.4694,31.3932,822.96,False,50.41,255.82,4.55,,822.96,,False,0,2025-06-30 23:13:37
a676ea,CAP2142 ,United States,1751324968.0,1751324968,-92.6996,44.4949,914.4,False,48.9,271.81,-1.63,,891.54,,False,0,2025-06-30 23:13:37
acd251,N925SD  ,United States,1751325217.0,1751325217,-102.3965,31.0601,7528.56,False,100.74,214.18,5.2,,7978.14,,False,0,2025-06-30 23:13:37
a543f2,,United States,1751325216.0,1751325217,-83.9522,39.7069,548.64,False,45.33,62.27,2.93,,525.78,,False,0,2025-06-30 23:13:37
aa8a26,UAL8101 ,United States,1751325216.0,1751325216,-88.9297,41.9149,6057.9,False,190.43,263.8,8.13,,6301.74,3536,False,0,2025-06-30 23:13:37
a17527,AAL3254 ,United States,1751325216.0,1751325216,-88.5282,36.3498,10363.2,False,226.69,265.05,0.0,,10972.8,0576,False,0,2025-06-30 23:13:37
0d0cec,VIV9334 ,Mexico,1751325216.0,1751325216,-107.8797,30.7101,9563.1,False,224.67,204.63,6.5,,10126.98,,False,0,2025-06-30 23:13:37
c03f69,AIE856  ,Canada,1751325216.0,1751325216,-74.4391,47.0712,7307.58,False,135.26,163.43,0.0,,7604.76,,False,0,2025-06-30 23:13:37
a0a522,UAL970  ,United States,1751325134.0,1751325134,-68.4086,47.8824,10668.0,False,282.66,70.21,-0.33,,11117.58,1333,False,0,2025-06-30 23:13:37
a04229,N1157X  ,United States,1751325217.0,1751325217,-111.9938,40.6249,1432.56,False,35.11,349.02,1.3,,1432.56,1200,False,0,2025-06-30 23:13:37
aa67e1,N77NG   ,United States,1751324940.0,1751325109,-118.4186,33.9369,,True,0.0,261.56,,,,4667,False,0,2025-06-30 23:13:37
a09bbd,N1383U  ,United States,1751325216.0,1751325217,-122.0734,48.025,822.96,False,50.77,250.46,-0.33,,830.58,1200,False,0,2025-06-30 23:13:37
ab8839,KSU42   ,United States,1751325217.0,1751325217,-97.3476,38.9106,876.3,False,52.12,94.53,-1.3,,906.78,,False,0,2025-06-30 23:13:37
adf0f1,N998G   ,United States,1751325217.0,1751325217,-102.0012,38.9498,12496.8,False,237.23,110.83,-0.33,,13091.16,6064,False,0,2025-06-30 23:13:37
a53207,AAL2300 ,United States,1751325209.0,1751325209,-81.6503,37.9651,9875.52,False,232.71,275.84,6.83,,10447.02,1052,False,0,2025-06-30 23:13:37
a1d87a,AAY53   ,United States,1751325216.0,1751325216,-110.1167,38.9359,10668.0,False,236.8,50.47,0.0,,11224.26,,False,0,2025-06-30 23:13:37
a79821,JBU1194 ,United States,1751325217.0,1751325217,-72.8923,40.8343,6400.8,False,185.0,36.52,-0.33,,6751.32,6765,False,0,2025-06-30 23:13:37
ac3ea3,SWA1997 ,United States,1751325216.0,1751325217,-97.4694,30.4281,1744.98,False,118.01,306.67,-4.55,,1844.04,2655,False,0,2025-06-30 23:13:37
a890fe,FFT3277 ,United States,1751325216.0,1751325216,-100.3453,31.9716,10363.2,False,222.53,254.58,0.0,,11010.9,6167,False,0,2025-06-30 23:13:37
a34bc8,AAY854  ,United States,1751325216.0,1751325216,-82.2612,29.5858,11582.4,False,216.51,350.43,0.0,,12207.24,3730,False,0,2025-06-30 23:13:37
a0427e,N116AA  ,United States,1751325216.0,1751325216,-112.0182,33.4278,,True,8.23,90.0,,,,,False,0,2025-06-30 23:13:37
a1d873,ENY4146 ,United States,1751325217.0,1751325217,-88.8417,41.1811,4785.36,False,202.44,42.53,-10.73,,4975.86,0774,False,0,2025-06-30 23:13:37
c03f37,WJA290  ,Canada,1751325217.0,1751325217,-71.0219,46.7245,11277.6,False,254.58,98.83,0.0,,11772.9,,False,0,2025-06-30 23:13:37
abc504,SWA858  ,United States,1751325217.0,1751325217,-119.2189,37.1177,9448.8,False,253.06,68.29,0.0,,9921.24,3276,False,0,2025-06-30 23:13:37
a4bbb3,CY0404  ,United States,1751325217.0,1751325217,-81.3,38.2485,11628.12,False,221.96,340.22,-15.61,,12306.3,,False,0,2025-06-30 23:13:37
484445,KLM672  ,Kingdom of the Netherlands,1751325144.0,1751325144,-73.7537,45.463,,True,6.43,87.19,,,,,False,0,2025-06-30 23:13:37
a30535,N294JY  ,United States,1751325216.0,1751325216,-118.4021,33.4963,1516.38,False,46.64,186.97,0.33,,1516.38,,False,0,2025-06-30 23:13:37
a2e516,N286JJ  ,United States,1751325217.0,1751325217,-119.4047,38.4495,10066.02,False,244.73,86.87,0.33,,10568.94,3202,False,0,2025-06-30 23:13:37
a31862,N299RB  ,United States,1751325209.0,1751325212,-88.6775,31.1204,6096.0,False,160.84,133.44,-6.18,,6431.28,,False,0,2025-06-30 23:13:37
a95c89,FFT3376 ,United States,1751325216.0,1751325217,-103.0652,39.9596,7124.7,False,225.03,81.85,4.88,,7536.18,,False,0,2025-06-30 23:13:37
ac2ba0,SWA1324 ,United States,1751325200.0,1751325216,-121.927,37.3666,,True,0.0,47.81,,,,,False,0,2025-06-30 23:13:37
acf849,AAL667  ,United States,1751325007.0,1751325135,-78.597,29.9726,11277.6,False,224.0,10.59,0.0,,11841.48,3154,False,0,2025-06-30 23:13:37
acf846,ASA290  ,United States,1751325216.0,1751325217,-73.5483,44.232,10363.2,False,222.86,319.21,0.0,,10881.36,3007,False,0,2025-06-30 23:13:37
a4389f,MVK87   ,United States,1751325216.0,1751325216,-93.1752,43.3983,1851.66,False,45.66,326.49,0.33,,1866.9,,False,0,2025-06-30 23:13:37
a2e585,AAY1126 ,United States,1751325090.0,1751325090,-79.4667,34.2259,3322.32,False,152.02,140.49,0.0,,3512.82,5646,False,0,2025-06-30 23:13:37
abb205,SWA2943 ,United States,1751325216.0,1751325217,-105.0326,38.6324,8610.6,False,236.11,210.36,8.45,,9083.04,3250,False,0,2025-06-30 23:13:37
3991e2,,France,1751325213.0,1751325215,-78.9659,24.8663,9639.3,False,221.32,307.35,-5.53,,10180.32,,False,0,2025-06-30 23:13:37
ac2bb7,ASH6246 ,United States,1751325217.0,1751325217,-95.0909,35.7393,10668.0,False,242.24,6.34,0.0,,11300.46,7222,False,0,2025-06-30 23:13:37
ac3ee9,SWA822  ,United States,1751325216.0,1751325216,-78.0808,33.2182,11277.6,False,222.95,7.16,0.0,,11887.2,4155,False,0,2025-06-30 23:13:37
aab883,N790FA  ,United States,1751325216.0,1751325216,-116.9561,33.1818,1173.48,False,46.94,279.46,-2.6,,1173.48,,False,0,2025-06-30 23:13:37
a30596,AAY778  ,United States,1751325217.0,1751325217,-119.353,37.9229,10972.8,False,260.65,4.64,0.65,,11536.68,6774,False,0,2025-06-30 23:13:37
a2e55d,N286ME  ,United States,1751325046.0,1751325047,-80.2319,27.1823,0.0,False,46.24,110.85,-2.93,,0.0,,False,0,2025-06-30 23:13:37
a0428a,AAL306  ,United States,1751325217.0,1751325217,-86.7346,42.812,10363.2,False,205.87,271.72,-0.33,,10828.02,2262,False,0,2025-06-30 23:13:37
ac2bc6,SWA3234 ,United States,1751325216.0,1751325216,-85.9987,40.0178,7338.06,False,213.83,351.42,-6.18,,7726.68,1650,False,0,2025-06-30 23:13:37
a4cea3,LXJ409  ,United States,1751325217.0,1751325217,-97.7584,29.9449,5006.34,False,204.9,249.88,-13.66,,5303.52,2324,False,0,2025-06-30 23:13:37
a1c57e,RPA5675 ,United States,1751325197.0,1751325197,-73.8636,40.774,,True,5.14,303.75,,,,,False,0,2025-06-30 23:13:37
a16273,DAL531  ,United States,1751325217.0,1751325217,-104.8978,39.5271,10675.62,False,254.92,92.66,-0.33,,11254.74,3240,False,0,2025-06-30 23:13:37
aa40f5,N76UD   ,United States,1751325216.0,1751325216,-89.5436,42.6952,1539.24,False,65.29,77.72,0.0,,1546.86,,False,0,2025-06-30 23:13:37
a1b247,N2081S  ,United States,1751325216.0,1751325216,-71.4777,42.6072,944.88,False,25.14,210.76,1.3,,967.74,1200,False,0,2025-06-30 23:13:37
ac8233,ERU905  ,United States,1751325217.0,1751325217,-80.2933,27.5182,647.7,False,54.13,351.25,2.93,,701.04,,False,0,2025-06-30 23:13:37
ac2bd5,ASH6375 ,United States,1751325216.0,1751325216,-96.0789,28.1902,8382.0,False,226.96,208.42,4.88,,8923.02,7405,False,0,2025-06-30 23:13:37
a34bdc,EDV4838 ,United States,1751325217.0,1751325217,-77.6192,38.9794,7688.58,False,214.08,209.83,4.88,,8130.54,2205,False,0,2025-06-30 23:13:37
ac2bd4,ASH6230 ,United States,1751325217.0,1751325217,-110.845,40.665,8724.9,False,201.34,121.42,5.2,,9220.2,6042,False,0,2025-06-30 23:13:37
a54520,LXJ439  ,United States,1751325214.0,1751325214,-79.2873,30.9783,12489.18,False,242.02,302.68,-0.33,,13106.4,1316,False,0,2025-06-30 23:13:37
a89234,UAL127  ,United States,1751325216.0,1751325216,-74.9724,38.538,10340.34,False,249.79,219.07,-4.55,,10927.08,6003,False,0,2025-06-30 23:13:37
ab73f5,SKW3957 ,United States,1751325217.0,1751325217,-86.0633,38.7438,7162.8,False,209.86,321.67,7.15,,7566.66,6601,False,0,2025-06-30 23:13:37
a0b7b8,UAL2487 ,United States,1751325217.0,1751325217,-105.3683,40.1147,10675.62,False,245.3,69.63,0.0,,11277.6,7774,False,0,2025-06-30 23:13:37
a8e20f,DAL315  ,United States,1751325217.0,1751325217,-85.2009,35.4479,10233.66,False,221.04,300.03,4.88,,10858.5,6001,False,0,2025-06-30 23:13:37
aa558a,EJA765  ,United States,1751325216.0,1751325216,-96.4907,30.7652,7033.26,False,208.39,159.33,-7.15,,7421.88,2264,False,0,2025-06-30 23:13:37
aa9bfd,N783DG  ,United States,1751325195.0,1751325195,-118.1487,33.8139,45.72,False,29.84,269.01,-1.3,,-7.62,,False,0,2025-06-30 23:13:37
ac2c79,SWA3451 ,United States,1751325216.0,1751325216,-120.6032,38.7168,5829.3,False,217.96,49.88,9.43,,6103.62,3215,False,0,2025-06-30 23:13:37
aaa3ef,N785JP  ,United States,1751325216.0,1751325216,-111.1862,39.592,7239.0,False,129.67,330.79,-5.85,,7650.48,,False,0,2025-06-30 23:13:37
a6c88e,AAL1326 ,United States,1751325216.0,1751325217,-78.7035,36.2163,1676.4,False,141.16,134.11,-6.18,,1752.6,1166,False,0,2025-06-30 23:13:37
a187ba,AAL3280 ,United States,1751325216.0,1751325216,-73.874,40.7759,,True,0.0,132.19,,,,,False,0,2025-06-30 23:13:37
4a91af,SAS924  ,Sweden,1751325217.0,1751325217,-70.3018,44.4313,10058.4,False,244.29,28.83,0.0,,10561.32,7142,False,0,2025-06-30 23:13:37
ab60e3,DAL14   ,United States,1751325216.0,1751325216,-76.1896,37.2479,9448.8,False,247.92,42.73,-0.33,,9989.82,3123,False,0,2025-06-30 23:13:37
a2d26c,N281HL  ,United States,1751325217.0,1751325217,-100.4165,46.1352,12496.8,False,257.55,114.93,0.0,,12938.76,,False,0,2025-06-30 23:13:37
aa9bcb,N783BG  ,United States,1751325216.0,1751325216,-119.0578,34.2086,274.32,False,41.93,353.66,-0.98,,228.6,,False,0,2025-06-30 23:13:37
a8922f,N651TW  ,United States,1751325217.0,1751325217,-80.9684,32.3779,5364.48,False,131.9,323.09,15.61,,5669.28,,False,0,2025-06-30 23:13:37
abc3ec,SWA3156 ,United States,1751325217.0,1751325217,-82.8709,42.1379,10050.78,False,266.08,81.1,-3.25,,10584.18,0631,False,0,2025-06-30 23:13:37
4a91b3,,Sweden,1751325204.0,1751325204,-74.1699,40.693,,True,4.12,25.31,,,,,False,0,2025-06-30 23:13:37
0d0d52,VTM941  ,Mexico,1751325216.0,1751325216,-89.7452,35.6443,9753.6,False,224.38,227.97,-0.65,,10325.1,6755,False,0,2025-06-30 23:13:37
acd0c7,N925AK  ,United States,1751325216.0,1751325216,-98.1827,44.1137,12496.8,False,233.95,54.67,-0.33,,12954.0,3230,False,0,2025-06-30 23:13:37
ac2c9c,SWA2794 ,United States,1751325216.0,1751325216,-78.4696,38.5857,7338.06,False,228.69,62.97,-12.03,,7780.02,3017,False,0,2025-06-30 23:13:37
a437b5,EDV4993 ,United States,1751324939.0,1751324940,-84.432,33.6427,,True,0.06,267.19,,,,0720,False,0,2025-06-30 23:13:37
a0b7dc,UAL2088 ,United States,1751325216.0,1751325216,-82.3919,36.294,10980.42,False,235.49,343.11,0.0,,11658.6,1512,False,0,2025-06-30 23:13:37
a72ef7,GJS3376 ,United States,1751325216.0,1751325217,-72.5045,40.4709,10363.2,False,234.32,226.25,0.0,,10957.56,3461,False,0,2025-06-30 23:13:37
a7851c,DAL806  ,United States,1751325216.0,1751325216,-91.9079,43.2872,10370.82,False,202.66,263.0,0.0,,10744.2,2612,False,0,2025-06-30 23:13:37
a0da26,MVJ54   ,United States,1751325217.0,1751325217,-101.0338,35.4905,13106.4,False,221.88,272.13,0.0,,13738.86,,False,0,2025-06-30 23:13:37
a96ebd,N707BW  ,United States,1751325216.0,1751325216,-84.4993,39.7405,4282.44,False,90.32,304.32,0.0,,4450.08,3530,False,0,2025-06-30 23:13:37
a317ba,ENY4151 ,United States,1751325216.0,1751325217,-92.907,42.921,8534.4,False,219.73,334.03,-1.3,,8839.2,7220,False,0,2025-06-30 23:13:37
a91536,UAL2059 ,United States,1751324992.0,1751325010,-87.8648,41.9883,335.28,False,75.11,270.0,-4.88,,297.18,2401,False,0,2025-06-30 23:13:37
0d0d72,AMX669  ,Mexico,1751325216.0,1751325216,-115.0555,32.5148,10668.0,False,242.1,126.97,0.0,,11269.98,3757,False,0,2025-06-30 23:13:37
aa9bb7,AMX409  ,United States,1751325217.0,1751325217,-85.7762,40.6234,12192.0,False,224.28,222.58,0.0,,12824.46,2277,False,0,2025-06-30 23:13:37
0d0d75,VIV2264 ,Mexico,1751325216.0,1751325216,-100.23,25.8346,10363.2,False,236.83,298.12,0.0,,11018.52,,False,0,2025-06-30 23:13:37
a79890,JIA5537 ,United States,1751325216.0,1751325217,-81.2014,29.149,670.56,False,124.6,147.82,-10.08,,716.28,5046,False,0,2025-06-30 23:13:37
a6b554,N531ND  ,United States,1751325217.0,1751325217,-121.9726,47.84,914.4,False,51.24,96.34,0.0,,937.26,,False,0,2025-06-30 23:13:37
a0b7d9,UAL241  ,United States,1751325216.0,1751325216,-98.1052,33.0404,10347.96,False,229.73,286.12,0.0,,11010.9,7223,False,0,2025-06-30 23:13:37
a0b7bb,UAL2121 ,United States,1751325101.0,1751325102,-108.1552,39.6059,10637.52,False,235.43,20.73,-2.6,,11224.26,2017,False,0,2025-06-30 23:13:37
a79898,DAL914  ,United States,1751325217.0,1751325217,-97.3902,43.7329,10668.0,False,248.32,67.21,0.0,,11041.38,7274,False,0,2025-06-30 23:13:37
a0b7ba,UAL1363 ,United States,1751325216.0,1751325216,-110.7227,38.2474,10355.58,False,234.61,234.01,0.33,,10927.08,2632,False,0,2025-06-30 23:13:37
a54595,N439LP  ,United States,1751325216.0,1751325216,-117.8342,34.0572,792.48,False,40.75,217.3,2.6,,777.24,1200,False,0,2025-06-30 23:13:37
aab812,AAL174  ,United States,1751325217.0,1751325217,-78.7582,35.7495,1897.38,False,151.17,62.65,10.73,,1973.58,,False,0,2025-06-30 23:13:37
a72eeb,LXJ562  ,United States,1751324934.0,1751324934,-110.9528,43.1406,13716.0,False,251.81,136.49,-0.65,,14317.98,,False,0,2025-06-30 23:13:37
a6fbb5,N5490B  ,United States,1751325145.0,1751325145,-122.2717,47.8928,243.84,False,29.84,359.01,-1.63,,205.74,,False,0,2025-06-30 23:13:37
acd0ca,AAL3236 ,United States,1751325217.0,1751325217,-89.2985,32.1935,10363.2,False,244.56,272.29,0.0,,10995.66,6022,False,0,2025-06-30 23:13:37
a08a1a,AAL2870 ,United States,1751325216.0,1751325216,-90.8632,38.7967,9448.8,False,259.02,77.73,0.0,,9974.58,1602,False,0,2025-06-30 23:13:37
a80874,N61676  ,United States,1751325204.0,1751325207,-77.7079,39.0666,487.68,False,54.54,88.92,-0.65,,449.58,,False,0,2025-06-30 23:13:37
0d0d7d,XACGG   ,Mexico,1751325215.0,1751325216,-105.9717,29.7496,12496.8,False,195.9,56.35,0.0,,13213.08,,False,0,2025-06-30 23:13:37
a0ed34,SUB8904 ,United States,1751324944.0,1751324944,-82.8862,39.8437,411.48,False,70.22,225.89,-3.9,,381.0,5060,False,0,2025-06-30 23:13:37
a08a6b,DAL1675 ,United States,1751325217.0,1751325217,-115.576,45.2978,11277.6,False,241.99,123.99,0.0,,11818.62,1553,False,0,2025-06-30 23:13:37
ad18b0,DAL1485 ,United States,1751325216.0,1751325216,-85.882,35.1139,9525.0,False,242.25,141.99,-5.2,,10111.74,2163,False,0,2025-06-30 23:13:37
0d0d0f,XBRLX   ,Mexico,1751325216.0,1751325216,-100.0245,24.811,7802.88,False,192.02,353.69,-9.43,,8214.36,,False,0,2025-06-30 23:13:37
aa55b5,SKW4891 ,United States,1751325216.0,1751325216,-120.4793,40.2246,11277.6,False,223.78,170.47,0.33,,11864.34,,False,0,2025-06-30 23:13:37
a8e29c,DAL599  ,United States,1751325217.0,1751325217,-95.7993,27.1405,10668.0,False,247.17,37.73,0.0,,11323.32,2235,False,0,2025-06-30 23:13:37
a437da,DAL526  ,United States,1751325217.0,1751325217,-109.1934,39.2215,10965.18,False,230.31,297.25,0.0,,11544.3,0625,False,0,2025-06-30 23:13:37
a22d7b,UAL178  ,United States,1751325209.0,1751325209,-98.5698,48.655,11574.78,False,260.33,212.25,0.33,,11910.06,5651,False,0,2025-06-30 23:13:37
a34d63,UCA4829 ,United States,1751325216.0,1751325217,-73.7815,43.0245,7094.22,False,187.0,275.21,5.2,,7437.12,3501,False,0,2025-06-30 23:13:37
ab0e53,AAY2595 ,United States,1751325217.0,1751325217,-80.2923,34.7082,7734.3,False,206.91,131.98,-5.2,,8206.74,2217,False,0,2025-06-30 23:13:37
ab0e54,DAL194  ,United States,1751325216.0,1751325216,-84.468,33.6296,769.62,False,84.01,245.0,6.83,,792.48,,False,0,2025-06-30 23:13:37
aaee3b,AAL3004 ,United States,1751325217.0,1751325217,-77.3141,38.0263,6682.74,False,212.81,26.57,-5.85,,7071.36,2257,False,0,2025-06-30 23:13:37
3a3688,THT8    ,France,1751325216.0,1751325216,-97.8815,42.5322,11879.58,False,278.18,69.65,-0.33,,12374.88,1416,False,0,2025-06-30 23:13:37
0d0d36,VOI7702 ,Mexico,1751325216.0,1751325216,-96.7284,27.2123,11902.44,False,236.89,24.51,0.33,,12641.58,2434,False,0,2025-06-30 23:13:37
aa9e28,SWA701  ,United States,1751325208.0,1751325208,-98.937,39.2246,12192.0,False,214.19,272.34,0.33,,12786.36,,False,0,2025-06-30 23:13:37
a33a12,N307HR  ,United States,1751325215.0,1751325215,-81.8463,25.4748,6301.74,False,205.13,79.45,-8.78,,6697.98,,False,0,2025-06-30 23:13:37
a8e279,DAL1457 ,United States,1751325216.0,1751325216,-83.9792,30.0972,10058.4,False,254.57,165.01,0.0,,10622.28,0062,False,0,2025-06-30 23:13:37
a0b7fe,UAL800  ,United States,1751325216.0,1751325216,-86.066,42.5204,9753.6,False,215.31,267.12,-0.33,,10248.9,7342,False,0,2025-06-30 23:13:37
a0b7fd,UAL1023 ,United States,1751325217.0,1751325217,-87.5815,42.0024,1249.68,False,96.72,270.3,1.3,,1257.3,1421,False,0,2025-06-30 23:13:37
a0b7fb,UAL1779 ,United States,1751325216.0,1751325216,-102.9529,41.7139,10668.0,False,248.2,79.25,0.0,,11209.02,7316,False,0,2025-06-30 23:13:37
abc5b8,GTI8230 ,United States,1751325216.0,1751325216,-82.878,32.1535,10363.2,False,256.98,138.65,0.0,,10972.8,5673,False,0,2025-06-30 23:13:37
a34d2f,JBU391  ,United States,1751325217.0,1751325217,-81.152,29.5706,7414.26,False,233.76,182.4,-13.0,,7848.6,5730,False,0,2025-06-30 23:13:37
ade088,N99329  ,United States,1751325084.0,1751325084,-86.4012,36.3993,396.24,False,32.21,296.57,-0.98,,388.62,,False,0,2025-06-30 23:13:37
ace5b6,AAL1355 ,United States,1751325216.0,1751325216,-83.3436,42.257,426.72,False,77.85,209.28,-3.58,,381.0,6635,False,0,2025-06-30 23:13:37
ab62ad,SWA3038 ,United States,1751325206.0,1751325215,-90.3154,38.7267,289.56,False,76.51,302.09,-3.9,,304.8,1325,False,0,2025-06-30 23:13:37
a2d1e9,N281CE  ,United States,1751325216.0,1751325216,-114.2547,43.9882,13106.4,False,229.55,298.81,0.0,,13700.76,,False,0,2025-06-30 23:13:37
aadb37,UAL925  ,United States,1751325217.0,1751325217,-76.0256,37.1633,7924.8,False,234.91,207.24,0.0,,8397.24,2434,False,0,2025-06-30 23:13:37
ab75f9,N8379L  ,United States,1751325217.0,1751325217,-119.1239,34.2142,457.2,False,41.18,267.85,0.33,,441.96,,False,0,2025-06-30 23:13:37
ac95d4,XFL255  ,United States,1751325216.0,1751325216,-77.5243,38.6925,556.26,False,77.88,254.68,5.85,,556.26,,False,0,2025-06-30 23:13:37
ac1b44,SWA2985 ,United States,1751325216.0,1751325216,-92.0239,35.2102,11277.6,False,243.69,119.32,-0.33,,11940.54,2532,False,0,2025-06-30 23:13:37
a2d1d6,N281BL  ,United States,1751325216.0,1751325216,-81.789,28.2436,266.7,False,52.77,299.81,1.3,,281.94,,False,0,2025-06-30 23:13:37
a11fa1,UAL1981 ,United States,1751325216.0,1751325216,-80.9029,41.8185,11277.6,False,261.41,93.84,0.33,,11864.34,6744,False,0,2025-06-30 23:13:37
a11fa3,UAL2698 ,United States,1751325217.0,1751325217,-73.9698,40.8436,3048.0,False,183.8,55.38,0.0,,3169.92,1543,False,0,2025-06-30 23:13:37
a8e262,DAL1028 ,United States,1751325216.0,1751325217,-89.8924,41.2722,10972.8,False,238.13,152.88,0.0,,11529.06,3661,False,0,2025-06-30 23:13:37
a8f58e,N67683  ,United States,1751325215.0,1751325215,-122.8281,44.0198,2621.28,False,88.63,356.67,0.0,,2735.58,,False,0,2025-06-30 23:13:37
abfb46,AAL379  ,United States,1751325217.0,1751325217,-81.341,28.6368,7894.32,False,216.48,356.46,-5.53,,8351.52,3673,False,0,2025-06-30 23:13:37
a46d70,UAL1834 ,United States,1751325217.0,1751325217,-90.1924,28.324,10363.2,False,235.78,299.98,0.0,,11010.9,,False,0,2025-06-30 23:13:37
a2d1bc,ASA25   ,United States,1751325217.0,1751325217,-85.8444,43.8678,10363.2,False,207.82,266.03,0.0,,10812.78,6654,False,0,2025-06-30 23:13:37
a6a29f,N52671  ,United States,1751325216.0,1751325216,-87.5042,41.3285,1097.28,False,31.8,9.31,2.93,,1097.28,1200,False,0,2025-06-30 23:13:37
a9abc4,N722JB  ,United States,1751325217.0,1751325217,-85.6429,41.1654,7574.28,False,258.71,118.25,-6.18,,7932.42,2416,False,0,2025-06-30 23:13:37
a1b1bc,SWA3762 ,United States,1751325217.0,1751325217,-93.9918,32.612,11887.2,False,245.97,91.32,0.0,,12565.38,2340,False,0,2025-06-30 23:13:37
ab62f8,SWA915  ,United States,1751325217.0,1751325217,-86.4095,31.7697,10736.58,False,235.88,170.33,10.73,,11384.28,5464,False,0,2025-06-30 23:13:37
a4bd29,XSN40   ,United States,1751325217.0,1751325217,-120.2024,37.7547,5067.3,False,144.45,291.08,0.0,,5311.14,,False,0,2025-06-30 23:13:37
a8e247,DAL2238 ,United States,1751325217.0,1751325217,-93.9884,44.7306,4480.56,False,191.84,72.68,-8.78,,4610.1,2010,False,0,2025-06-30 23:13:37
a46d4e,UAL427  ,United States,1751325216.0,1751325216,-106.9659,37.4807,10058.4,False,239.81,67.29,0.0,,10629.9,7627,False,0,2025-06-30 23:13:37
a46d4f,UAL1869 ,United States,1751325216.0,1751325216,-78.0654,38.3594,5882.64,False,189.28,234.63,7.8,,6202.68,0502,False,0,2025-06-30 23:13:37
a46d4a,UAL1938 ,United States,1751325217.0,1751325217,-84.4214,34.7853,9753.6,False,245.11,272.53,0.33,,10347.96,3365,False,0,2025-06-30 23:13:37
ace5bb,DAL606  ,United States,1751325172.0,1751325172,-93.1814,44.865,365.76,False,67.67,301.64,-3.58,,365.76,2470,False,0,2025-06-30 23:13:37
a82a3f,EJA625  ,United States,1751325216.0,1751325216,-74.9592,38.7609,11277.6,False,226.91,42.15,0.0,,11925.3,2174,False,0,2025-06-30 23:13:37
a23fb2,RPA5789 ,United States,1751325217.0,1751325217,-73.5369,42.7367,10058.4,False,232.41,95.08,0.0,,10599.42,3556,False,0,2025-06-30 23:13:37
a7d4e5,N6031F  ,United States,1751325217.0,1751325217,-96.2629,32.8738,739.14,False,38.95,326.31,0.0,,754.38,1200,False,0,2025-06-30 23:13:37
c01a61,ACA832  ,Canada,1751325173.0,1751325207,-73.7518,45.46,,True,0.0,264.38,,,,,False,0,2025-06-30 23:13:37
a82a44,QXE2433 ,United States,1751325216.0,1751325217,-119.9849,39.9428,10668.0,False,213.79,169.04,0.0,,11201.4,,False,0,2025-06-30 23:13:37
a5ca4b,UAL1156 ,United States,1751325217.0,1751325217,-89.3795,40.588,7018.02,False,219.46,6.33,0.0,,7353.3,1162,False,0,2025-06-30 23:13:37
a11fe7,UCA4250 ,United States,1751325217.0,1751325217,-77.6569,39.1637,2659.38,False,147.4,352.38,10.08,,2773.68,,False,0,2025-06-30 23:13:37
a0a622,N1408B  ,United States,1751325217.0,1751325217,-122.2794,40.4953,518.16,False,38.07,90.0,4.55,,457.2,,False,0,2025-06-30 23:13:37
a6b4f7,JBU283  ,United States,1751325143.0,1751325143,-73.7806,40.6521,,True,2.06,300.94,,,,,False,0,2025-06-30 23:13:37
a651ec,LN506TJ ,United States,1751325217.0,1751325217,-78.2787,43.0329,487.68,False,78.2,90.75,0.0,,449.58,0467,False,0,2025-06-30 23:13:37
ad4cf2,SWA1036 ,United States,1751325158.0,1751325159,-96.8476,32.8462,,True,0.19,298.12,,,,5132,False,0,2025-06-30 23:13:37
a95d44,N702PC  ,United States,1751325189.0,1751325189,-115.1371,35.9775,,True,3.86,61.88,,,,,False,0,2025-06-30 23:13:37
a70a84,LFA334  ,United States,1751325215.0,1751325215,-81.2019,28.782,114.3,False,35.29,262.46,-2.6,,137.16,0346,False,0,2025-06-30 23:13:37
a891e5,QXE2268 ,United States,1751325216.0,1751325216,-112.7013,37.6862,10668.0,False,223.25,111.78,0.0,,11262.36,,False,0,2025-06-30 23:13:37
a5ca89,SWA712  ,United States,1751325216.0,1751325216,-92.1007,34.2616,11887.2,False,246.44,66.11,0.0,,12565.38,4005,False,0,2025-06-30 23:13:37
a11fb9,N1713V  ,United States,1751325098.0,1751325099,-73.9404,41.8045,739.14,False,44.39,175.35,-1.63,,716.28,,False,0,2025-06-30 23:13:37
a05628,UAL994  ,United States,1751325204.0,1751325204,-74.166,40.7029,,True,4.63,106.88,,,,,False,0,2025-06-30 23:13:37
c01a5c,JZA775  ,Canada,1751325216.0,1751325216,-79.6205,43.6789,,True,5.14,329.06,,,,2266,False,0,2025-06-30 23:13:37
aba04b,N84823  ,United States,1751325196.0,1751325196,-122.3263,46.9267,1158.24,False,46.58,96.34,0.65,,1188.72,,False,0,2025-06-30 23:13:37
acc020,N920WB  ,United States,1751325215.0,1751325215,-81.3504,29.0614,762.0,False,39.53,308.66,3.25,,807.72,,False,0,2025-06-30 23:13:37
a6fd96,N55FG   ,United States,1751325216.0,1751325216,-82.2415,28.4409,853.44,False,112.74,297.15,-4.55,,906.78,1610,False,0,2025-06-30 23:13:37
ac7074,DAL3158 ,United States,1751325216.0,1751325216,-79.5418,37.2078,7764.78,False,239.76,270.86,5.85,,8183.88,,False,0,2025-06-30 23:13:37
a807cf,N6163F  ,United States,1751325216.0,1751325216,-88.3893,41.5859,670.56,False,48.38,178.17,3.58,,655.32,1200,False,0,2025-06-30 23:13:37
aa55ee,AAL2753 ,United States,1751325216.0,1751325216,-78.9983,33.892,10668.0,False,225.21,49.73,-0.33,,11262.36,6235,False,0,2025-06-30 23:13:37
a71d40,N558BD  ,United States,1751324932.0,1751324932,-74.1398,44.455,990.6,False,76.05,213.69,-7.48,,990.6,7155,False,0,2025-06-30 23:13:37
aa9e6d,SWA4698 ,United States,1751325216.0,1751325216,-78.5745,31.6676,12192.0,False,237.65,195.57,0.0,,12801.6,5623,False,0,2025-06-30 23:13:37
a95d32,NKS2541 ,United States,1751325217.0,1751325217,-81.4621,32.3528,11292.84,False,228.99,358.71,0.0,,11955.78,3261,False,0,2025-06-30 23:13:37
a03038,DAL852  ,United States,1751325216.0,1751325216,-87.0311,42.511,10157.46,False,208.23,273.54,3.9,,10629.9,5703,False,0,2025-06-30 23:13:37
a18978,N1989B  ,United States,1751325217.0,1751325217,-91.1043,29.7169,5455.92,False,183.49,266.46,11.05,,5806.44,,False,0,2025-06-30 23:13:37
a4aa68,N40BG   ,United States,1751325216.0,1751325216,-82.8175,27.9879,868.68,False,97.83,14.62,-2.28,,929.64,4527,False,0,2025-06-30 23:13:37
aa42aa,ENY4284 ,United States,1751325216.0,1751325216,-97.6971,43.7192,9144.0,False,208.34,275.67,0.0,,9479.28,3134,False,0,2025-06-30 23:13:37
a771af,AAL1890 ,United States,1751325216.0,1751325216,-102.6974,31.9602,10370.82,False,237.82,263.17,0.0,,11003.28,3423,False,0,2025-06-30 23:13:37
495267,RZO331  ,Portugal,1751325216.0,1751325216,-78.9508,44.2937,3863.34,False,154.31,239.33,-9.43,,3977.64,7005,False,0,2025-06-30 23:13:37
aa9e4a,SWA4143 ,United States,1751324933.0,1751324933,-111.9968,40.7861,1234.44,False,72.29,355.1,-0.33,,1287.78,0760,False,0,2025-06-30 23:13:37
a651e1,SKW6444 ,United States,1751325216.0,1751325216,-115.9064,40.442,10668.0,False,232.96,142.45,-0.33,,11231.88,,False,0,2025-06-30 23:13:37
a1d93b,SWA2065 ,United States,1751325217.0,1751325217,-103.7712,32.0184,12192.0,False,222.29,268.81,0.0,,12885.42,5324,False,0,2025-06-30 23:13:37
aa55bd,ENY4220 ,United States,1751325217.0,1751325217,-85.7077,38.1181,701.04,False,105.94,165.09,2.6,,701.04,,False,0,2025-06-30 23:13:37
a95d0a,TIV702  ,United States,1751325216.0,1751325216,-111.674,35.9576,12192.0,False,235.36,243.38,0.33,,12862.56,2645,False,0,2025-06-30 23:13:37
a7860c,FCE58   ,United States,1751325216.0,1751325217,-83.7036,35.1178,2423.16,False,96.55,318.24,0.0,,2537.46,7036,False,0,2025-06-30 23:13:37
a39017,DAL1836 ,United States,1751325216.0,1751325216,-82.4531,33.0126,7315.2,False,251.86,279.4,0.0,,7749.54,4151,False,0,2025-06-30 23:13:37
4007fb,BAW99   ,United Kingdom,1751325217.0,1751325217,-74.1742,46.4335,11582.4,False,209.26,245.45,0.0,,12085.32,2402,False,0,2025-06-30 23:13:37
a67960,SKW4887 ,United States,1751325210.0,1751325210,-106.4672,31.7684,1584.96,False,77.68,90.38,-5.53,,1630.68,7360,False,0,2025-06-30 23:13:37
a28365,N261HB  ,United States,1751325029.0,1751325031,-106.8197,40.7332,7315.2,False,135.63,309.3,-0.33,,7741.92,3276,False,0,2025-06-30 23:13:37
aaffaa,AAL3207 ,United States,1751325217.0,1751325217,-76.5985,39.0586,4640.58,False,209.17,44.7,22.11,,4876.8,7066,False,0,2025-06-30 23:13:37
ad1927,JBU620  ,United States,1751325217.0,1751325217,-72.5204,42.4901,6431.28,False,188.83,322.19,-10.4,,6766.56,0540,False,0,2025-06-30 23:13:37
a3900e,ENY4233 ,United States,1751325217.0,1751325217,-91.6602,31.539,9144.0,False,242.62,272.92,-0.33,,9700.26,1057,False,0,2025-06-30 23:13:37
aa9ca8,ENY3847 ,United States,1751325216.0,1751325216,-87.9213,43.2695,3375.66,False,177.21,208.05,-0.65,,3467.1,,False,0,2025-06-30 23:13:37
aaa621,SWA4523 ,United States,1751325217.0,1751325217,-118.4108,33.5203,2369.82,False,146.19,92.02,-7.48,,2453.64,3344,False,0,2025-06-30 23:13:37
a1b348,CXK208  ,United States,1751325216.0,1751325216,-118.1699,33.8139,167.64,False,34.5,267.44,4.55,,114.3,,False,0,2025-06-30 23:13:37
a29680,ENY4318 ,United States,1751325216.0,1751325216,-93.6337,38.8268,10363.2,False,220.96,201.73,-0.33,,10888.98,1326,False,0,2025-06-30 23:13:37
a1d99b,JBU424  ,United States,1751325217.0,1751325217,-82.6382,37.6782,10675.62,False,241.31,84.62,0.33,,11323.32,6623,False,0,2025-06-30 23:13:37
a4bcca,N404PH  ,United States,1751325102.0,1751325179,-97.8138,30.5329,8321.04,True,4.15,82.87,-1.3,,,0267,False,0,2025-06-30 23:13:37
a7e93b,FFT2853 ,United States,1751325099.0,1751325206,-81.8749,30.8256,4221.48,False,174.34,344.77,10.08,,4526.28,,False,0,2025-06-30 23:13:37
ab6316,SWA1006 ,United States,1751325216.0,1751325216,-111.9641,33.6594,2758.44,False,143.99,160.59,-3.25,,2895.6,,False,0,2025-06-30 23:13:37
4247ea,PJV598  ,United Kingdom,1751325192.0,1751325211,-78.0431,27.6315,12085.32,False,242.98,27.49,5.85,,12672.06,,False,0,2025-06-30 23:13:37
0d0ba3,VIV101  ,Mexico,1751325216.0,1751325216,-73.796,40.6452,,True,0.0,171.56,,,,,False,0,2025-06-30 23:13:37
a6663d,N511MD  ,United States,1751325217.0,1751325217,-105.0097,38.3678,6324.6,False,146.08,291.05,2.6,,6697.98,,False,0,2025-06-30 23:13:37
a5dcd0,WUP477  ,United States,1751325217.0,1751325217,-87.1904,41.3105,11887.2,False,248.48,65.93,0.0,,12496.8,2112,False,0,2025-06-30 23:13:37
a2f95c,ASA1300 ,United States,1751325217.0,1751325217,-120.3486,41.346,11277.6,False,223.13,183.3,0.0,,11826.24,,False,0,2025-06-30 23:13:37
a1635b,AAY2063 ,United States,1751325216.0,1751325216,-109.4105,37.0619,11574.78,False,228.68,238.99,-0.33,,12207.24,2663,False,0,2025-06-30 23:13:37
aaffed,DAL2467 ,United States,1751325217.0,1751325217,-95.0718,44.4839,7947.66,False,212.8,72.27,-5.2,,8214.36,3137,False,0,2025-06-30 23:13:37
a7d604,N6039N  ,United States,1751325122.0,1751325122,-93.4297,44.8253,403.86,False,39.57,254.16,-2.93,,388.62,,False,0,2025-06-30 23:13:37
ab1ffe,DAL756  ,United States,1751324936.0,1751324938,-114.3442,39.0188,10363.2,False,226.42,253.5,-0.65,,10919.46,,False,0,2025-06-30 23:13:37
ab6339,SWA765  ,United States,1751325217.0,1751325217,-74.5115,38.9571,10668.0,False,236.21,40.14,0.0,,11285.22,5363,True,0,2025-06-30 23:13:37
ad5fe7,ASA352  ,United States,1751325217.0,1751325217,-99.3806,32.9855,10058.4,False,235.1,166.85,0.65,,10660.38,1652,False,0,2025-06-30 23:13:37
abd971,SWA1139 ,United States,1751325217.0,1751325217,-73.8021,40.8676,579.12,False,87.8,211.83,-6.18,,586.74,2113,False,0,2025-06-30 23:13:37
a55945,N4438U  ,United States,1751325216.0,1751325216,-90.8229,42.3327,1257.3,False,54.76,244.4,3.58,,1264.92,,False,0,2025-06-30 23:13:37
a3904c,FFT3724 ,United States,1751325216.0,1751325217,-80.9987,29.0877,10972.8,False,238.38,139.81,0.0,,11551.92,7241,False,0,2025-06-30 23:13:37
c0827e,CGXKV   ,Canada,1751325216.0,1751325216,-73.7228,45.6788,274.32,False,76.68,268.46,0.65,,205.74,,False,0,2025-06-30 23:13:37
ace60c,DAL942  ,United States,1751325216.0,1751325216,-104.1831,46.0422,10058.4,False,256.51,102.39,0.0,,10507.98,,False,0,2025-06-30 23:13:37
a60fb6,WCC49   ,United States,1751325216.0,1751325216,-119.4995,35.2039,6400.8,False,138.55,124.1,0.0,,6690.36,,False,0,2025-06-30 23:13:37
ab766a,DAL2431 ,United States,1751325216.0,1751325216,-104.7074,40.0936,2628.9,False,120.54,177.06,-4.23,,2781.3,7443,False,0,2025-06-30 23:13:37
adafb5,JBU216  ,United States,1751325216.0,1751325216,-87.7773,42.5001,10660.38,False,261.35,90.56,0.0,,11140.44,3365,False,0,2025-06-30 23:13:37
a068bc,N12506  ,United States,1751324998.0,1751324998,-80.9459,29.0644,0.0,False,28.35,168.49,-3.58,,38.1,,False,0,2025-06-30 23:13:37
ace621,SKW733M ,United States,1751325217.0,1751325217,-97.93,41.7086,7597.14,False,239.11,68.02,-12.03,,7970.52,3534,False,0,2025-06-30 23:13:37
a4cfb7,SKW3294 ,United States,1751325216.0,1751325216,-118.7845,47.4546,5821.68,False,199.34,95.03,-9.43,,6103.62,4602,False,0,2025-06-30 23:13:37
aa8a8a,LRC627  ,United States,1751325216.0,1751325216,-81.2441,33.7237,10980.42,False,244.04,197.67,0.0,,11620.5,3241,False,0,2025-06-30 23:13:37
a95d88,N702RW  ,United States,1751325216.0,1751325216,-110.8677,37.1389,12496.8,False,241.58,66.0,-0.33,,13152.12,,False,0,2025-06-30 23:13:37
a1638a,EJA189  ,United States,1751325216.0,1751325217,-71.3859,42.4801,411.48,False,69.63,98.07,-3.58,,403.86,1477,False,0,2025-06-30 23:13:37
ab767c,VAR838  ,United States,1751325217.0,1751325217,-112.3601,33.4127,670.56,False,60.8,32.21,0.0,,601.98,,False,0,2025-06-30 23:13:37
a2d359,SKW3578 ,United States,1751325202.0,1751325207,-116.4131,46.1717,3040.38,False,152.35,309.66,-8.45,,3192.78,4064,False,0,2025-06-30 23:13:37
a4000f,DAL2575 ,United States,1751325216.0,1751325216,-94.2743,44.718,6210.3,False,226.78,98.48,-11.7,,6423.66,,False,0,2025-06-30 23:13:37
ad9003,AAL1322 ,United States,1751325212.0,1751325213,-100.5212,37.8221,10972.8,False,223.63,297.1,0.0,,11559.54,2321,False,0,2025-06-30 23:13:37
a78605,DAL560  ,United States,1751325216.0,1751325216,-115.5057,45.9727,10058.4,False,244.4,113.71,-0.33,,10538.46,1521,False,0,2025-06-30 23:13:37
a95d96,SKW6300 ,United States,1751325216.0,1751325216,-98.461,41.8719,10972.8,False,217.23,259.36,0.0,,11468.1,3115,False,0,2025-06-30 23:13:37
a1b368,N20891  ,United States,1751325200.0,1751325200,-83.509,36.1534,1097.28,False,40.72,266.38,0.98,,1097.28,,False,0,2025-06-30 23:13:37
ad5ff9,CSQ504  ,United States,1751325216.0,1751325216,-79.7134,25.3562,2895.6,False,151.22,345.82,-2.93,,3040.38,,False,0,2025-06-30 23:13:37
ad5fea,AAL888Q ,United States,1751325216.0,1751325216,-88.2608,33.01,10972.8,False,239.27,257.46,0.0,,11643.36,0026,False,0,2025-06-30 23:13:37
a6ea9b,N545BC  ,United States,1751324916.0,1751324920,-118.3333,33.798,106.68,False,27.8,308.99,-3.25,,45.72,,False,0,2025-06-30 23:13:37
ad5fef,DAL2862 ,United States,1751325207.0,1751325212,-92.0227,36.8755,10058.4,False,246.73,114.91,0.33,,10652.76,3477,False,0,2025-06-30 23:13:37
aaa68a,SWA2815 ,United States,1751325216.0,1751325217,-87.7722,40.038,11582.4,False,209.65,256.95,-0.33,,12169.14,2007,False,0,2025-06-30 23:13:37
a4132d,DCM4126 ,United States,1751324926.0,1751324957,-77.3172,37.5401,182.88,False,58.77,193.67,-2.93,,160.02,6700,False,0,2025-06-30 23:13:37
aada4d,JRE799  ,United States,1751325216.0,1751325216,-72.5623,41.9647,1844.04,False,112.94,59.93,17.56,,1920.24,5346,False,0,2025-06-30 23:13:37
abb1c2,SWA4181 ,United States,1751325217.0,1751325217,-103.2373,32.5713,11277.6,False,226.6,122.86,0.0,,11940.54,,False,0,2025-06-30 23:13:37
a10e46,UAL714K ,United States,1751325193.0,1751325193,-87.908,41.9797,,True,4.89,188.44,,,,,False,0,2025-06-30 23:13:37
a2c087,ASA301  ,United States,1751325216.0,1751325216,-86.5154,30.6268,9753.6,False,240.24,275.28,0.0,,10347.96,6275,False,0,2025-06-30 23:13:37
a9accd,AAL1339 ,United States,1751325216.0,1751325216,-87.4773,42.0735,1318.26,False,106.53,157.27,-5.53,,1333.5,0511,False,0,2025-06-30 23:13:37
a6a354,JIA5254 ,United States,1751325216.0,1751325217,-77.1575,38.9701,868.68,False,88.79,140.41,-3.9,,876.3,3336,False,0,2025-06-30 23:13:37
ad4d68,N95606  ,United States,1751325216.0,1751325216,-123.0615,45.2556,1082.04,False,37.93,20.65,0.33,,1089.66,,False,0,2025-06-30 23:13:37
ac81d2,AAL1515 ,United States,1751325216.0,1751325216,-97.2609,42.4036,10668.0,False,247.59,48.96,0.33,,11094.72,2443,False,0,2025-06-30 23:13:37
4ca9ba,EIN1YL  ,Ireland,1751325215.0,1751325215,-67.7033,44.5871,10050.78,False,255.58,50.8,0.33,,10553.7,,False,0,2025-06-30 23:13:37
a77390,,United States,1751325181.0,1751325181,-92.5622,46.5878,3649.98,False,101.45,236.79,7.48,,3710.94,,False,0,2025-06-30 23:13:37
ace4ee,N93SP   ,United States,1751325216.0,1751325216,-118.8022,37.2757,8534.4,False,208.73,187.79,0.0,,8953.5,,False,0,2025-06-30 23:13:37
aa568e,UAL1252 ,United States,1751325217.0,1751325217,-87.8336,39.5984,9227.82,False,219.68,269.46,9.75,,9715.5,1216,False,0,2025-06-30 23:13:37
ac1a72,SWA1147 ,United States,1751325214.0,1751325215,-103.288,30.8442,11277.6,False,248.11,79.37,0.0,,11971.02,2430,False,0,2025-06-30 23:13:37
a10e29,UAL1748 ,United States,1751325217.0,1751325217,-87.9,41.8844,2156.46,False,147.66,89.2,-0.33,,2217.42,1610,False,0,2025-06-30 23:13:37
a9acb8,DAL826  ,United States,1751325216.0,1751325217,-94.94,31.9704,11582.4,False,230.26,261.78,0.0,,12237.72,2561,False,0,2025-06-30 23:13:37
a90352,N680BB  ,United States,1751325217.0,1751325217,-117.7941,47.6428,13121.64,False,224.75,276.57,0.0,,13632.18,,False,0,2025-06-30 23:13:37
a10e23,UAL2116 ,United States,1751325216.0,1751325216,-82.8745,36.3649,10972.8,False,228.12,246.61,0.0,,11612.88,0332,False,0,2025-06-30 23:13:37
aa5694,UAL1754 ,United States,1751325217.0,1751325217,-122.8956,41.7635,8046.72,False,202.18,196.41,11.38,,8397.24,,False,0,2025-06-30 23:13:37
a10e21,UAL2682 ,United States,1751325216.0,1751325216,-95.2618,30.0072,365.76,False,74.6,269.6,-4.23,,426.72,6220,False,0,2025-06-30 23:13:37
aa5690,UAL1507 ,United States,1751325205.0,1751325205,-94.7463,29.8553,1600.2,False,126.59,315.33,-6.5,,1722.12,4015,False,0,2025-06-30 23:13:37
c0824e,CGXIZ   ,Canada,1751325216.0,1751325216,-73.0332,45.7966,838.2,False,44.62,110.94,4.23,,838.2,,False,0,2025-06-30 23:13:37
a09e47,SKW5935 ,United States,1751325216.0,1751325217,-94.5431,35.1401,10363.2,False,227.71,221.79,0.0,,11010.9,2127,False,0,2025-06-30 23:13:37
a6b69c,N53107  ,United States,1751325216.0,1751325216,-80.2654,26.0027,152.4,False,38.31,104.78,-1.63,,175.26,,False,0,2025-06-30 23:13:37
a10e73,CXK173  ,United States,1751325216.0,1751325216,-111.7466,40.2459,1554.48,False,40.97,324.71,1.95,,1592.58,,False,0,2025-06-30 23:13:37
a0b8fb,AAL1167 ,United States,1751325216.0,1751325216,-82.2771,25.4905,7620.0,False,229.38,141.1,-0.33,,8054.34,5724,False,0,2025-06-30 23:13:37
a7d630,AAL2844 ,United States,1751325216.0,1751325216,-109.5075,32.4451,9448.8,False,245.56,109.84,0.0,,9974.58,4141,False,0,2025-06-30 23:13:37
a96fe9,AXO707  ,United States,1751325217.0,1751325217,-84.4084,37.9291,2133.6,False,94.46,145.88,0.33,,2209.8,6506,False,0,2025-06-30 23:13:37
a53369,EJA434  ,United States,1751325217.0,1751325217,-89.6868,41.1433,4884.42,False,218.01,77.05,-9.43,,5074.92,,False,0,2025-06-30 23:13:37
a8095f,N617GK  ,United States,1751325216.0,1751325216,-70.7805,42.7709,822.96,False,63.06,348.23,-0.33,,822.96,,False,0,2025-06-30 23:13:37
a042db,DAL595  ,United States,1751325216.0,1751325216,-106.1336,35.7204,11209.02,False,231.4,319.69,2.6,,11841.48,1466,False,0,2025-06-30 23:13:37
a5468e,SWA314  ,United States,1751325216.0,1751325216,-85.2054,33.6044,4884.42,False,189.03,256.3,14.96,,5135.88,5262,False,0,2025-06-30 23:13:37
a5dcde,UAL1838 ,United States,1751324916.0,1751324916,-95.2679,29.9776,182.88,False,70.48,270.42,-3.58,,205.74,2204,False,0,2025-06-30 23:13:37
ae5a3c,R08451  ,United States,1751325217.0,1751325217,-79.1754,34.9537,906.78,False,51.3,226.22,0.0,,937.26,,False,0,2025-06-30 23:13:37
a042f1,ERU116  ,United States,1751325131.0,1751325131,-80.9262,28.9908,38.1,False,27.75,169.32,-2.93,,60.96,,False,0,2025-06-30 23:13:37
a305aa,EDV5109 ,United States,1751325216.0,1751325217,-78.2494,42.7251,3078.48,False,162.86,273.44,0.0,,3177.54,2362,False,0,2025-06-30 23:13:37
a91616,DAL2331 ,United States,1751324976.0,1751324976,-81.661,30.5081,45.72,False,69.31,250.49,-3.9,,53.34,,False,0,2025-06-30 23:13:37
781003,CHH7925 ,China,1751325216.0,1751325216,-122.9396,38.6368,11269.98,False,238.52,147.96,0.33,,11803.38,4173,False,0,2025-06-30 23:13:37
a0db14,N154WW  ,United States,1751325063.0,1751325161,-104.0117,30.9135,4846.32,False,78.1,299.6,-0.33,,5166.36,,False,0,2025-06-30 23:13:37
a76028,UAL1115 ,United States,1751325216.0,1751325217,-76.0974,37.4257,10363.2,False,244.47,204.62,0.33,,10972.8,3051,False,0,2025-06-30 23:13:37
a6a33f,DAL740  ,United States,1751325217.0,1751325217,-81.6083,44.3201,9753.6,False,226.77,285.39,-0.33,,10233.66,3026,False,0,2025-06-30 23:13:37
a042ae,MXY329  ,United States,1751325206.0,1751325206,-81.1704,37.5867,10972.8,False,243.06,193.71,0.33,,11628.12,7435,False,0,2025-06-30 23:13:37
acf906,JBU1523 ,United States,1751325216.0,1751325216,-77.9077,42.6215,10347.96,False,219.35,278.23,0.0,,10904.22,1553,False,0,2025-06-30 23:13:37
a4008e,AAL981  ,United States,1751325217.0,1751325217,-96.99,33.2414,1524.0,False,114.34,227.55,1.63,,1592.58,6564,False,0,2025-06-30 23:13:37
a6667d,N511PT  ,United States,1751325212.0,1751325216,-80.517,25.5984,335.28,False,42.81,110.39,0.0,,365.76,,False,0,2025-06-30 23:13:37
ad3a7f,AAL1385 ,United States,1751325217.0,1751325217,-99.5733,32.2961,9128.76,False,249.47,86.45,-10.08,,9707.88,6275,False,0,2025-06-30 23:13:37
a6c997,N53636  ,United States,1751325148.0,1751325214,-81.184,31.5593,1737.36,False,52.16,36.98,0.33,,1813.56,,False,0,2025-06-30 23:13:37
aa4322,SKW9922 ,United States,1751325217.0,1751325217,-104.5494,38.492,10058.4,False,245.69,99.52,0.0,,10629.9,,False,0,2025-06-30 23:13:37
abd90c,SWA611  ,United States,1751325216.0,1751325216,-97.9774,27.9278,8999.22,False,252.68,345.26,8.13,,9563.1,1066,False,0,2025-06-30 23:13:37
ab1fbb,AAL3049 ,United States,1751325216.0,1751325217,-86.1204,38.1245,10675.62,False,249.47,93.55,-0.33,,11285.22,1764,False,0,2025-06-30 23:13:37
a0b8ea,N1459V  ,United States,1751325216.0,1751325216,-70.3861,43.5251,762.0,False,45.1,214.78,0.0,,754.38,,False,0,2025-06-30 23:13:37
a042d5,DAL2070 ,United States,1751325216.0,1751325216,-92.9933,37.2491,10355.58,False,219.9,279.15,0.0,,10972.8,1747,False,0,2025-06-30 23:13:37
a96fd8,N707PD  ,United States,1751325217.0,1751325217,-105.0347,40.4999,1645.92,False,39.87,160.4,-2.6,,1744.98,,False,0,2025-06-30 23:13:37
a70f80,JIA5175 ,United States,1751325216.0,1751325217,-83.801,34.1138,3642.36,False,155.97,237.25,0.0,,3832.86,3345,False,0,2025-06-30 23:13:37
a260ed,SWA4787 ,United States,1751325216.0,1751325217,-107.229,32.2393,5593.08,False,195.15,128.47,-9.1,,5920.74,,False,0,2025-06-30 23:13:37
ae4d36,LSXX    ,United States,1751325216.0,1751325216,-117.156,32.6033,91.44,False,47.1,338.2,-0.33,,38.1,,False,0,2025-06-30 23:13:37
abb7f7,UAL2655 ,United States,1751325217.0,1751325217,-103.6521,32.6394,11277.6,False,245.83,8.18,0.33,,11917.68,7351,False,0,2025-06-30 23:13:37
a3d0ce,N345KM  ,United States,1751325216.0,1751325217,-81.8043,35.555,3939.54,False,158.44,128.81,-8.78,,4137.66,2153,False,0,2025-06-30 23:13:37
aa34e8,N757JX  ,United States,1751325217.0,1751325217,-123.1395,45.2167,388.62,False,35.06,255.56,3.9,,365.76,,False,0,2025-06-30 23:13:37
ac74f9,EDV4639 ,United States,1751325217.0,1751325217,-86.4617,34.4484,3025.14,False,152.37,331.79,-0.33,,3177.54,1741,False,0,2025-06-30 23:13:37
a403df,AAL472  ,United States,1751325216.0,1751325216,-91.4974,33.5922,11277.6,False,248.5,53.84,0.0,,11948.16,2376,False,0,2025-06-30 23:13:37
a883bd,JBU69   ,United States,1751325217.0,1751325217,-71.6069,38.9704,10058.4,False,249.39,198.4,0.33,,10652.76,7024,False,0,2025-06-30 23:13:37
a763e5,N5754E  ,United States,1751324899.0,1751324918,-121.5718,45.6775,586.74,False,51.02,176.53,-4.88,,563.88,,False,0,2025-06-30 23:13:37
a896ed,N6523D  ,United States,1751325216.0,1751325216,-120.1716,34.7172,2316.48,False,44.43,132.18,-0.33,,2392.68,,False,0,2025-06-30 23:13:37
a5bc79,EJA469  ,United States,1751325217.0,1751325217,-71.3795,43.3652,2141.22,False,153.91,43.78,0.0,,2217.42,1533,False,0,2025-06-30 23:13:37
a3d0f5,N345MA  ,United States,1751325216.0,1751325216,-88.3693,40.5971,12192.0,False,206.83,270.86,0.33,,12801.6,3715,False,0,2025-06-30 23:13:37
a20c8f,N231DN  ,United States,1751325061.0,1751325064,-117.2725,33.1295,129.54,False,38.74,259.29,-2.93,,83.82,,False,0,2025-06-30 23:13:37
ac0d6b,N876JC  ,United States,1751325217.0,1751325217,-118.4894,34.1957,365.76,False,72.03,179.18,9.43,,320.04,,False,0,2025-06-30 23:13:37
400610,BAW7TG  ,United Kingdom,1751325209.0,1751325209,-81.2253,38.0126,11582.4,False,251.13,223.17,0.0,,12268.2,1440,False,0,2025-06-30 23:13:37
a69f9d,JIA5073 ,United States,1751325216.0,1751325216,-80.0702,38.1531,8846.82,False,252.6,65.84,-3.25,,9372.6,4063,False,0,2025-06-30 23:13:37
abed68,JRE868  ,United States,1751325171.0,1751325171,-96.8481,32.8482,,True,6.43,315.0,,,,,False,0,2025-06-30 23:13:37
a5cf8b,UAL1620 ,United States,1751325216.0,1751325216,-123.0144,41.199,11277.6,False,221.2,176.13,-0.33,,11795.76,3560,False,0,2025-06-30 23:13:37
aa34d9,N757JG  ,United States,1751325180.0,1751325211,-121.4687,38.5204,213.36,False,40.9,309.9,-2.6,,152.4,1200,False,0,2025-06-30 23:13:37
ae04aa,LOST13  ,United States,1751325134.0,1751325134,-117.4717,37.6637,11887.2,False,191.95,147.59,0.33,,12542.52,,False,0,2025-06-30 23:13:37
abda54,DAL753  ,United States,1751325183.0,1751325183,-118.4228,33.9487,,True,4.12,216.56,,,,3530,False,0,2025-06-30 23:13:37
a45f89,TSU3811 ,United States,1751325215.0,1751325216,-106.2346,30.8515,5913.12,False,154.4,344.34,-2.93,,6263.64,,False,0,2025-06-30 23:13:37
a5cf41,UAL2230 ,United States,1751325217.0,1751325217,-91.1418,29.615,10972.8,False,234.5,262.56,0.0,,11666.22,2452,False,0,2025-06-30 23:13:37
ae4d5a,BULET45 ,United States,1751325216.0,1751325216,-117.1116,32.561,76.2,False,21.4,332.82,-1.3,,30.48,,False,0,2025-06-30 23:13:37
ad81d6,N97FN   ,United States,1751325216.0,1751325217,-103.8383,38.87,13716.0,False,253.64,143.83,0.0,,14356.08,4067,False,0,2025-06-30 23:13:37
a6dc08,JIA5016 ,United States,1751325217.0,1751325217,-77.905,36.6707,9174.48,False,237.6,43.68,2.93,,9730.74,7213,False,0,2025-06-30 23:13:37
a28847,N262VA  ,United States,1751324984.0,1751324984,-112.0149,41.1843,1356.36,False,34.98,0.0,-3.25,,1371.6,,False,0,2025-06-30 23:13:37
a69f49,ASA3    ,United States,1751325216.0,1751325217,-92.566,43.4709,10363.2,False,207.11,291.72,0.0,,10706.1,0533,False,0,2025-06-30 23:13:37
c01ec8,,Canada,1751324959.0,1751324961,-66.9506,48.6847,4617.72,False,125.0,55.39,0.0,,4762.5,,False,0,2025-06-30 23:13:37
a3f6ed,N35461  ,United States,1751325196.0,1751325196,-78.7316,34.4984,1104.9,False,51.97,111.49,0.98,,1150.62,,False,0,2025-06-30 23:13:37
ad2d99,N94822  ,United States,1751325216.0,1751325216,-78.985,35.574,1188.72,False,49.82,324.67,1.3,,1234.44,,False,0,2025-06-30 23:13:37
ab6906,WUP834  ,United States,1751325217.0,1751325217,-79.078,36.9107,7620.0,False,151.25,10.58,0.0,,8077.2,3222,False,0,2025-06-30 23:13:37
a789cb,N585PL  ,United States,1751325217.0,1751325217,-89.9434,43.4459,12184.38,False,224.42,294.8,0.0,,12641.58,6214,False,0,2025-06-30 23:13:37
a5cf3c,UAL2712 ,United States,1751325217.0,1751325217,-96.6995,36.7688,10363.2,False,233.59,316.25,0.33,,10965.18,4720,False,0,2025-06-30 23:13:37
ad1a4e,SWA1500 ,United States,1751325045.0,1751325045,-115.1478,36.0798,,True,9.77,334.69,,,,4772,False,0,2025-06-30 23:13:37
ae4d66,KECK618 ,United States,1751325217.0,1751325217,-77.607,36.1445,9144.0,False,247.03,212.5,0.0,,9715.5,2467,True,0,2025-06-30 23:13:37
c08866,POE483  ,Canada,1751325213.0,1751325213,-90.6544,48.6008,11582.4,False,224.81,292.75,0.33,,11803.38,,False,0,2025-06-30 23:13:37
c08863,POE443  ,Canada,1751325217.0,1751325217,-82.6108,44.4375,10789.92,False,204.01,288.07,7.8,,11277.6,2244,False,0,2025-06-30 23:13:37
c08864,POE256  ,Canada,1751325198.0,1751325208,-73.7421,45.4602,,True,0.0,222.19,,,,,False,0,2025-06-30 23:13:37
acb1e5,AAL2343 ,United States,1751325216.0,1751325216,-98.3315,40.9487,11277.6,False,259.99,69.38,0.0,,11795.76,2454,False,0,2025-06-30 23:13:37
c08862,POE505  ,Canada,1751325216.0,1751325216,-81.1169,31.1027,10363.2,False,252.55,183.5,0.0,,10927.08,1044,False,0,2025-06-30 23:13:37
a5cf66,UAL1528 ,United States,1751325217.0,1751325217,-95.9951,30.6856,6537.96,False,206.77,151.14,-10.08,,6934.2,1141,False,0,2025-06-30 23:13:37
a28820,N262TM  ,United States,1751325217.0,1751325217,-122.4402,47.7689,3489.96,False,94.65,47.2,0.0,,3634.74,1532,False,0,2025-06-30 23:13:37
a5cf4e,N4735H  ,United States,1751325213.0,1751325213,-71.1779,42.1907,,True,0.0,247.5,,,,,False,0,2025-06-30 23:13:37
c08853,POE407  ,Canada,1751325216.0,1751325216,-79.9195,43.6786,2255.52,False,143.92,309.78,10.08,,2278.38,2212,False,0,2025-06-30 23:13:37
c01ebb,FLE725  ,Canada,1751324965.0,1751324965,-123.5657,48.6758,624.84,False,96.25,105.82,-6.5,,685.8,3323,False,0,2025-06-30 23:13:37
a2b0ed,UAL566  ,United States,1751325216.0,1751325217,-121.1898,38.4598,8503.92,False,234.13,51.87,6.18,,8869.68,3717,False,0,2025-06-30 23:13:37
c0884e,POE642  ,Canada,1751325216.0,1751325216,-108.6587,36.3831,11277.6,False,237.66,63.66,-0.33,,11879.58,5623,False,0,2025-06-30 23:13:37
c0751c,ROU1932 ,Canada,1751325216.0,1751325216,-82.4012,45.7864,11285.22,False,245.62,126.05,0.65,,11757.66,,False,0,2025-06-30 23:13:37
a28812,SKW108R ,United States,1751325217.0,1751325217,-117.1912,34.0073,3695.7,False,145.17,209.74,-2.28,,3886.2,6006,False,0,2025-06-30 23:13:37
acb1e2,NKS2335 ,United States,1751324991.0,1751324998,-122.2167,37.711,,True,0.0,115.31,,,,7317,False,0,2025-06-30 23:13:37
c00ba7,JZA628  ,Canada,1751325216.0,1751325216,-79.6186,43.665,,True,5.92,317.81,,,,3244,False,0,2025-06-30 23:13:37
a1a548,N205HC  ,United States,1751325214.0,1751325214,-91.3145,30.6578,594.36,False,54.33,127.3,0.0,,624.84,,False,0,2025-06-30 23:13:37
a0224c,N1079D  ,United States,1751325216.0,1751325216,-109.1855,37.0087,4518.66,False,103.74,326.94,-4.23,,4785.36,,False,0,2025-06-30 23:13:37
a3e525,DAL518  ,United States,1751325216.0,1751325216,-71.5917,41.5965,3657.6,False,155.85,324.95,0.0,,3825.24,3522,False,0,2025-06-30 23:13:37
a3951a,N33SV   ,United States,1751324932.0,1751324932,-101.6855,42.9472,1821.18,False,58.46,83.94,0.65,,1935.48,,False,0,2025-06-30 23:13:37
acc59d,,United States,1751325214.0,1751325214,-71.435,41.678,533.4,False,112.0,141.34,10.08,,487.68,,False,0,2025-06-30 23:13:37
a1ebb2,N22260  ,United States,1751325216.0,1751325216,-76.0949,40.8409,1097.28,False,55.41,301.33,0.33,,1104.9,1110,False,0,2025-06-30 23:13:37
a21ed4,ASA1287 ,United States,1751325216.0,1751325216,-120.3192,38.6384,11277.6,False,222.72,159.3,0.0,,11826.24,1513,False,0,2025-06-30 23:13:37
a7c800,N600HT  ,United States,1751325216.0,1751325216,-94.0952,36.0061,10599.42,False,184.23,78.56,6.18,,11216.64,2344,False,0,2025-06-30 23:13:37
a08efd,AAL1024 ,United States,1751325217.0,1751325217,-81.8375,28.1098,3977.64,False,157.63,62.18,-4.88,,4198.62,6762,False,0,2025-06-30 23:13:37
a3f875,N355MB  ,United States,1751325216.0,1751325216,-92.4926,42.1992,3352.8,False,96.2,118.07,0.0,,3467.1,,False,0,2025-06-30 23:13:37
a57ee6,SKW5620 ,United States,1751325216.0,1751325216,-103.3914,43.6879,9144.0,False,246.97,163.79,0.0,,9578.34,,False,0,2025-06-30 23:13:37
a32bf3,AAL1573 ,United States,1751325039.0,1751325039,-80.9383,35.2494,365.76,False,72.21,175.91,-3.9,,396.24,,False,0,2025-06-30 23:13:37
c060bd,POE206  ,Canada,1751325216.0,1751325216,-72.3807,45.5727,9144.0,False,215.73,267.68,0.0,,9563.1,,False,0,2025-06-30 23:13:37
a02291,N108BM  ,United States,1751325217.0,1751325217,-90.9617,31.1376,3390.9,False,156.84,184.33,-7.15,,3558.54,4121,False,0,2025-06-30 23:13:37
c060be,POE309  ,Canada,1751325216.0,1751325216,-79.6354,43.691,,True,2.57,2.81,,,,0567,False,0,2025-06-30 23:13:37
c060ba,POE365  ,Canada,1751325214.0,1751325216,-79.6259,43.686,,True,0.0,225.0,,,,2231,False,0,2025-06-30 23:13:37
a3f812,N355HC  ,United States,1751325216.0,1751325216,-87.7503,41.8776,457.2,False,44.24,270.0,0.33,,373.38,0325,False,0,2025-06-30 23:13:37
a9f3c0,NKS2494 ,United States,1751325215.0,1751325215,-81.6633,27.3353,3002.28,False,159.09,232.09,-1.95,,3185.16,1614,False,0,2025-06-30 23:13:37
c060c9,POE448  ,Canada,1751325216.0,1751325216,-76.3685,45.6675,3947.16,False,171.74,118.64,-8.45,,4053.84,2146,False,0,2025-06-30 23:13:37
aa21ef,SKW4917 ,United States,1751325217.0,1751325217,-111.0742,32.0903,2103.12,False,155.69,135.27,-6.5,,2179.32,1364,False,0,2025-06-30 23:13:37
a906f3,PDT5813 ,United States,1751325087.0,1751325093,-75.1885,39.8821,182.88,False,72.24,255.57,-4.23,,152.4,4202,False,0,2025-06-30 23:13:37
c060c4,POE517  ,Canada,1751325216.0,1751325216,-80.3044,26.0855,502.92,False,89.46,123.51,0.65,,556.26,6534,False,0,2025-06-30 23:13:37
c060c6,POE670  ,Canada,1751325216.0,1751325217,-100.3462,43.1591,11277.6,False,241.0,84.12,0.0,,11742.42,,False,0,2025-06-30 23:13:37
c060c3,POE452  ,Canada,1751325082.0,1751325083,-87.2724,47.6441,11277.6,False,248.32,115.13,0.0,,11551.92,,False,0,2025-06-30 23:13:37
ac74b3,WUP901  ,United States,1751325197.0,1751325197,-112.0214,33.4256,,True,2.83,171.56,,,,4363,False,0,2025-06-30 23:13:37
a38223,AAY331  ,United States,1751325216.0,1751325216,-90.6946,39.3751,11590.02,False,233.54,314.64,0.33,,12176.76,1061,False,0,2025-06-30 23:13:37
a0cbdf,PXT150  ,United States,1751325217.0,1751325217,-122.3845,37.6276,,True,0.0,284.06,,,,6655,False,0,2025-06-30 23:13:37
a8d3b4,UAL2133 ,United States,1751325217.0,1751325217,-84.4496,42.1227,11094.72,False,254.97,92.89,7.48,,11635.74,3535,False,0,2025-06-30 23:13:37
a21efb,MXY739  ,United States,1751325216.0,1751325216,-70.2461,43.4896,3238.5,False,157.91,229.1,6.18,,3368.04,,False,0,2025-06-30 23:13:37
a1feea,MXY718  ,United States,1751325216.0,1751325216,-81.4901,39.2925,10972.8,False,221.6,213.06,0.0,,11597.64,2453,False,0,2025-06-30 23:13:37
a8e6dc,N673    ,United States,1751325217.0,1751325217,-71.4618,43.1246,1531.62,False,74.18,37.11,-0.65,,1546.86,5315,False,0,2025-06-30 23:13:37
a20bf5,N2308E  ,United States,1751325217.0,1751325217,-122.9035,46.7156,1950.72,False,53.01,178.33,-0.33,,2026.92,,False,0,2025-06-30 23:13:37
aa7d90,N775WB  ,United States,1751325213.0,1751325213,-120.9885,41.3312,2164.08,False,58.37,304.95,-0.65,,2232.66,,False,0,2025-06-30 23:13:37
a1ebd6,N22271  ,United States,1751325042.0,1751325042,-88.0274,43.089,457.2,False,42.69,49.4,-3.25,,388.62,,False,0,2025-06-30 23:13:37
c060e5,CGKSA   ,Canada,1751325216.0,1751325216,-73.1442,45.5115,579.12,False,46.22,73.18,-0.33,,,,False,0,2025-06-30 23:13:37
a8e6f2,AAL1918 ,United States,1751325217.0,1751325217,-80.4414,35.8604,10668.0,False,233.1,64.51,0.0,,11315.7,4251,False,0,2025-06-30 23:13:37
a7c85d,FRLD74  ,United States,1751325217.0,1751325217,-117.2958,33.7778,1097.28,False,82.72,75.96,1.3,,1089.66,1255,False,0,2025-06-30 23:13:37
a87217,N643TP  ,United States,1751325166.0,1751325166,-95.2518,38.6038,1798.32,False,56.86,241.35,0.0,,1866.9,,False,0,2025-06-30 23:13:37
ac754b,AAL3263 ,United States,1751325214.0,1751325216,-88.2163,32.4941,11590.02,False,240.79,269.14,0.33,,12283.44,0356,True,0,2025-06-30 23:13:37
aa8efb,N78JF   ,United States,1751325215.0,1751325216,-122.8942,46.8916,3223.26,False,109.21,357.03,-0.33,,3368.04,,False,0,2025-06-30 23:13:37
ae4bb6,HSLR41  ,United States,1751324947.0,1751324947,-74.4349,39.8209,198.12,False,53.5,180.0,-5.85,,175.26,,False,0,2025-06-30 23:13:37
a7fbbb,SKW5217 ,United States,1751325217.0,1751325217,-119.5698,44.8586,11277.6,False,206.91,203.44,0.33,,11772.9,,False,0,2025-06-30 23:13:37
c060b7,PTR2484 ,Canada,1751325212.0,1751325212,-73.7453,45.4612,,True,1.03,320.62,,,,,False,0,2025-06-30 23:13:37
c060b4,PTR2294 ,Canada,1751325216.0,1751325216,-77.3393,44.2399,7315.2,False,145.48,250.16,-0.33,,7665.72,3103,False,0,2025-06-30 23:13:37
c060b3,PTR2394 ,Canada,1751325217.0,1751325217,-86.0653,41.8878,6400.8,False,176.91,69.93,0.65,,6682.74,6232,False,0,2025-06-30 23:13:37
a81bcc,SKW5541 ,United States,1751325142.0,1751325142,-87.9181,41.9805,,True,9.26,191.25,,,,6763,False,0,2025-06-30 23:13:37
abebe0,SWA4186 ,United States,1751325216.0,1751325216,-93.889,34.199,10972.8,False,229.48,248.84,0.0,,11620.5,2603,False,0,2025-06-30 23:13:37
a2c574,AAY998  ,United States,1751325217.0,1751325217,-73.9505,40.7313,8359.14,False,225.56,44.08,-11.38,,8862.06,1563,False,0,2025-06-30 23:13:37
ac756c,AAL2576 ,United States,1751325216.0,1751325216,-89.3802,31.761,9250.68,False,235.73,225.53,-15.28,,9860.28,7411,False,0,2025-06-30 23:13:37
a7650b,DAL798  ,United States,1751325217.0,1751325217,-88.7901,44.3509,10347.96,False,209.24,283.8,0.0,,10728.96,0766,False,0,2025-06-30 23:13:37
acd88e,DAL743  ,United States,1751325216.0,1751325216,-84.4057,33.6466,,True,3.09,357.19,,,,,False,0,2025-06-30 23:13:37
a20d0e,RPA5639 ,United States,1751325217.0,1751325217,-78.1051,42.3332,9448.8,False,253.12,56.44,-0.33,,9989.82,6570,False,0,2025-06-30 23:13:37
aa7ba6,N775AM  ,United States,1751325214.0,1751325214,-118.4499,34.0161,,True,6.69,45.0,,,,,False,0,2025-06-30 23:13:37
ade548,DAL3053 ,United States,1751325217.0,1751325217,-84.6383,32.8195,5311.14,False,214.27,203.49,6.5,,5615.94,1101,False,0,2025-06-30 23:13:37
acb21b,EJA917  ,United States,1751325216.0,1751325216,-107.5105,38.0316,12847.32,False,213.95,41.39,3.58,,13479.78,0767,False,0,2025-06-30 23:13:37
ade543,AAL2496 ,United States,1751325217.0,1751325217,-103.0279,38.4293,10668.0,False,248.47,97.38,0.33,,11247.12,3547,False,0,2025-06-30 23:13:37
a3e55a,FFT3087 ,United States,1751325155.0,1751325187,-87.7423,41.7897,,True,0.0,129.38,,,,2673,False,0,2025-06-30 23:13:37
a3f88e,DAL1695 ,United States,1751325212.0,1751325216,-84.1038,33.6649,1272.54,False,105.6,243.68,-4.88,,1341.12,5603,False,0,2025-06-30 23:13:37
a2b29c,N273LA  ,United States,1751325184.0,1751325184,-73.9284,41.6167,1074.42,False,63.69,53.87,0.0,,1089.66,,False,0,2025-06-30 23:13:37
ad8269,N97MK   ,United States,1751325216.0,1751325217,-79.9667,35.5951,3032.76,False,91.67,315.0,0.0,,3177.54,,False,0,2025-06-30 23:13:37
c086bd,CGZAQ   ,Canada,1751325215.0,1751325216,-73.0097,45.4569,1249.68,False,34.1,191.31,0.33,,1257.3,,False,0,2025-06-30 23:13:37
a5255a,RPA4501 ,United States,1751325216.0,1751325216,-78.8333,38.0385,8519.16,False,220.96,248.27,4.55,,9006.84,3503,False,0,2025-06-30 23:13:37
a3829a,N325TP  ,United States,1751325217.0,1751325217,-82.4008,33.9671,4998.72,False,127.29,339.66,0.0,,5257.8,,False,0,2025-06-30 23:13:37
a6eec9,LXJ546  ,United States,1751325216.0,1751325216,-116.5198,36.7057,13716.0,False,229.4,117.37,0.33,,14394.18,3322,False,0,2025-06-30 23:13:37
a06a09,AAL1664 ,United States,1751325216.0,1751325216,-80.7433,35.6108,2225.04,False,130.6,265.26,-5.85,,2331.72,,False,0,2025-06-30 23:13:37
a70ee6,GJS4447 ,United States,1751325216.0,1751325217,-82.7378,41.3345,10972.8,False,222.13,266.55,0.0,,11567.16,4040,False,0,2025-06-30 23:13:37
a3828a,SKW3794 ,United States,1751325216.0,1751325216,-118.5684,34.0205,2705.1,False,134.58,96.36,-5.85,,2804.16,1675,False,0,2025-06-30 23:13:37
a32d40,TKR875  ,United States,1751325216.0,1751325216,-102.2348,43.5718,1996.44,False,87.46,256.05,-2.28,,2141.22,,False,0,2025-06-30 23:13:37
a44d1c,DAL1439 ,United States,1751325216.0,1751325216,-82.1435,32.7661,11582.4,False,240.5,187.0,-0.33,,12252.96,3454,False,0,2025-06-30 23:13:37
c06183,POE306  ,Canada,1751325216.0,1751325216,-84.62,43.6833,11277.6,False,250.54,96.37,-0.33,,11788.14,2655,False,0,2025-06-30 23:13:37
a20d4b,N231MA  ,United States,1751325027.0,1751325027,-94.3859,41.6837,1074.42,False,60.07,146.17,0.33,,1097.28,,False,0,2025-06-30 23:13:37
a154e6,SKW3494 ,United States,1751325216.0,1751325216,-121.0584,35.5204,10058.4,False,215.95,144.8,0.0,,10530.84,6302,False,0,2025-06-30 23:13:37
a3e4a8,HRC35   ,United States,1751325216.0,1751325217,-74.8894,43.0394,9753.6,False,218.27,265.54,0.0,,10271.76,7012,False,0,2025-06-30 23:13:37
c0617a,POE236  ,Canada,1751325217.0,1751325217,-69.1705,46.6064,10972.8,False,201.98,258.69,0.0,,11445.24,7202,False,0,2025-06-30 23:13:37
a56d0c,N449LF  ,United States,1751325215.0,1751325216,-116.8114,47.5725,1623.06,False,63.16,156.99,-0.65,,1684.02,,False,0,2025-06-30 23:13:37
c06177,POE130  ,Canada,1751325216.0,1751325216,-79.6271,43.6781,,True,11.83,317.81,,,,4326,False,0,2025-06-30 23:13:37
c06174,POE375  ,Canada,1751325216.0,1751325216,-73.7959,45.4381,579.12,False,92.78,223.88,3.25,,548.64,,False,0,2025-06-30 23:13:37
a657ad,JIA5236 ,United States,1751324928.0,1751324934,-73.7191,41.083,198.12,False,65.03,149.58,-3.25,,167.64,6262,False,0,2025-06-30 23:13:37
c06171,POE662  ,Canada,1751325217.0,1751325217,-104.9252,38.6366,11277.6,False,236.12,86.25,0.33,,11856.72,1311,False,0,2025-06-30 23:13:37
ab681a,N834KC  ,United States,1751325216.0,1751325216,-84.1271,35.9825,1668.78,False,62.36,52.37,0.0,,1706.88,6762,False,0,2025-06-30 23:13:37
c0616c,POE267  ,Canada,1751325216.0,1751325216,-76.2916,45.4271,4480.56,False,177.81,266.52,8.13,,4632.96,,False,0,2025-06-30 23:13:37
a3f7da,N355EX  ,United States,1751325182.0,1751325182,-112.0131,41.1911,1363.98,False,12.05,50.19,0.0,,1363.98,,False,0,2025-06-30 23:13:37
a657bf,AAL1973 ,United States,1751325216.0,1751325216,-96.648,33.2837,2522.22,False,141.17,266.87,-8.13,,2651.76,3371,False,0,2025-06-30 23:13:37
a19d59,MXY724  ,United States,1751325217.0,1751325217,-76.5436,41.3521,10972.8,False,208.57,249.2,0.65,,11567.16,1370,False,0,2025-06-30 23:13:37
a99262,ASA438  ,United States,1751325216.0,1751325216,-94.8771,35.0211,10363.2,False,231.58,181.53,0.0,,10980.42,1507,False,0,2025-06-30 23:13:37
add0e8,AIP1801 ,United States,1751325217.0,1751325217,-112.0295,40.5825,2438.4,False,108.86,85.66,-3.25,,2545.08,,False,0,2025-06-30 23:13:37
a3e4d2,N350AE  ,United States,1751325217.0,1751325217,-117.5414,47.5234,3741.42,False,155.03,9.74,-8.13,,3916.68,,False,0,2025-06-30 23:13:37
a3e4d9,AIRLIFE2,United States,1751325217.0,1751325217,-111.8719,40.4661,1950.72,False,62.64,194.26,-1.95,,1965.96,1200,False,0,2025-06-30 23:13:37
a06a54,DAL395  ,United States,1751325216.0,1751325216,-95.2737,32.0792,10660.38,False,242.66,85.14,0.0,,11330.94,4417,False,0,2025-06-30 23:13:37
a31a57,UAL263  ,United States,1751325078.0,1751325078,-104.6961,39.9119,1630.68,False,83.35,178.94,-5.85,,1722.12,,False,0,2025-06-30 23:13:37
a2b1ab,ASA410  ,United States,1751325216.0,1751325216,-99.7116,46.0304,10668.0,False,258.58,113.2,-0.33,,11056.62,,False,0,2025-06-30 23:13:37
a20d8a,N231PP  ,United States,1751325217.0,1751325217,-118.2235,48.0955,2575.56,False,79.2,258.76,-0.33,,2682.24,,False,0,2025-06-30 23:13:37
a8856d,UAL2630 ,United States,1751325215.0,1751325215,-103.5617,47.1993,10363.2,False,215.75,272.46,0.0,,10789.92,,False,0,2025-06-30 23:13:37
a417fe,FFT1081 ,United States,1751324997.0,1751324997,-84.4233,33.6439,,True,0.0,0.0,,,,5706,False,0,2025-06-30 23:13:37
a0490b,N1173X  ,United States,1751325212.0,1751325212,-82.4434,35.3627,1371.6,False,48.83,110.34,2.93,,1402.08,0253,False,0,2025-06-30 23:13:37
a31a50,UAL8178 ,United States,1751325216.0,1751325216,-96.6909,41.0006,11582.4,False,225.01,254.76,-0.33,,12115.8,2236,False,0,2025-06-30 23:13:37
a394f7,N33RK   ,United States,1751325217.0,1751325217,-80.238,26.0208,381.0,False,62.04,275.71,-1.63,,403.86,1574,False,0,2025-06-30 23:13:37
c06167,POE322  ,Canada,1751325204.0,1751325214,-79.6165,43.6697,198.12,True,4.89,11.25,,,,5527,False,0,2025-06-30 23:13:37
c07498,CGSDZ   ,Canada,1751325216.0,1751325216,-123.3304,48.6497,731.52,False,49.24,79.16,1.3,,746.76,,False,0,2025-06-30 23:13:37
a1ed5f,ENY3652 ,United States,1751325216.0,1751325217,-92.7337,40.9588,8161.02,False,196.35,249.29,-4.88,,8564.88,7671,False,0,2025-06-30 23:13:37
a0ba4e,EDV4958 ,United States,1751325217.0,1751325217,-87.9021,39.3731,10058.4,False,235.14,162.95,0.0,,10637.52,1315,False,0,2025-06-30 23:13:37
a44d3f,DAL1758 ,United States,1751325216.0,1751325217,-84.5838,33.5361,3550.92,False,133.05,86.01,-7.48,,3741.42,6053,False,0,2025-06-30 23:13:37
ac0ba7,UAL8211 ,United States,1751325183.0,1751325216,-80.8177,24.9211,5646.42,False,220.01,244.81,9.1,,5974.08,,False,0,2025-06-30 23:13:37
aacbb7,PXT795  ,United States,1751325217.0,1751325217,-120.4983,36.2183,6400.8,False,125.32,143.18,0.0,,6697.98,3267,False,0,2025-06-30 23:13:37
a537b2,SWA581  ,United States,1751325216.0,1751325217,-113.5579,32.835,11277.6,False,245.1,80.58,0.0,,11925.3,2003,False,0,2025-06-30 23:13:37
3d1a77,DEIGT   ,Germany,1751325216.0,1751325216,-121.0343,39.3609,3200.4,False,79.06,210.07,0.0,,3329.94,,False,0,2025-06-30 23:13:37
a7a257,JIA5471 ,United States,1751325216.0,1751325216,-81.4521,35.9054,4305.3,False,176.34,151.42,-8.45,,4526.28,6670,False,0,2025-06-30 23:13:37
a0cd92,N1507X  ,United States,1751325216.0,1751325216,-121.8178,37.3322,,True,8.75,146.25,,,,,False,0,2025-06-30 23:13:37
a1a4e8,SABER5  ,United States,1751325051.0,1751325109,-111.9095,39.5488,4480.56,False,45.59,139.12,-0.65,,4747.26,,False,0,2025-06-30 23:13:37
a261c9,N25233  ,United States,1751325216.0,1751325216,-123.127,45.3641,640.08,False,44.38,34.61,-1.3,,601.98,,False,0,2025-06-30 23:13:37
aa7e9b,UAL1702 ,United States,1751325165.0,1751325165,-118.7767,39.8924,10058.4,False,258.32,57.61,0.33,,10553.7,1715,False,0,2025-06-30 23:13:37
aa7e9a,UAL2047 ,United States,1751325216.0,1751325216,-115.1329,36.081,,True,5.14,180.0,,,,,False,0,2025-06-30 23:13:37
c00cf5,MAL7084 ,Canada,1751325217.0,1751325217,-79.459,43.8226,1249.68,False,79.01,195.48,0.0,,1226.82,4354,False,0,2025-06-30 23:13:37
c00cec,MAL7056 ,Canada,1751325216.0,1751325217,-79.8495,43.8465,2468.88,False,89.61,145.76,0.0,,2499.36,5555,False,0,2025-06-30 23:13:37
a897f4,AAL1868 ,United States,1751325216.0,1751325216,-91.6347,35.1507,10668.0,False,255.48,54.84,0.33,,11308.08,2004,False,0,2025-06-30 23:13:37
abdb35,AAL9    ,United States,1751325216.0,1751325216,-106.6087,31.6356,2247.9,False,113.64,354.81,-0.33,,2346.96,2022,False,0,2025-06-30 23:13:37
ae4e57,ELVIS11 ,United States,1751325216.0,1751325216,-81.8191,36.1822,2857.5,False,131.69,134.68,-0.33,,2964.18,,False,0,2025-06-30 23:13:37
ade5b8,PCM7650 ,United States,1751325216.0,1751325216,-122.8026,39.0624,2346.96,False,92.52,281.87,-1.63,,2423.16,1637,False,0,2025-06-30 23:13:37
a31a7b,UAL182  ,United States,1751325019.0,1751325019,-100.662,46.2766,10058.4,False,244.52,32.02,-0.33,,10447.02,2756,False,0,2025-06-30 23:13:37
a6a7ec,N528PA  ,United States,1751325215.0,1751325216,-81.5602,28.8051,601.98,False,69.36,327.72,-4.88,,640.08,1200,False,0,2025-06-30 23:13:37
a21fa1,RPA5627 ,United States,1751325216.0,1751325216,-70.9878,42.6439,1257.3,False,109.98,19.11,-5.2,,1287.78,4002,False,0,2025-06-30 23:13:37
a68d7f,N521JT  ,United States,1751325063.0,1751325063,-80.7155,25.5295,541.02,False,50.76,252.3,-0.98,,632.46,,False,0,2025-06-30 23:13:37
a2fa71,AAY3040 ,United States,1751325216.0,1751325216,-81.1326,30.0452,10279.38,False,257.31,169.63,-4.88,,10850.88,6044,False,0,2025-06-30 23:13:37
a884b6,UAL321  ,United States,1751325216.0,1751325216,-68.0462,41.3393,10668.0,False,254.66,60.07,0.0,,11209.02,5033,False,0,2025-06-30 23:13:37
aa7e99,UAL2399 ,United States,1751325216.0,1751325216,-100.1777,31.023,10972.8,False,229.47,269.1,0.0,,11643.36,7271,False,0,2025-06-30 23:13:37
a93d4e,PDT5868 ,United States,1751325217.0,1751325217,-75.0621,40.0166,2034.54,False,122.75,85.91,-8.13,,2125.98,4220,False,0,2025-06-30 23:13:37
a5aa3a,UAL579  ,United States,1751325217.0,1751325217,-95.1055,30.0215,891.54,False,111.15,235.94,0.0,,952.5,4560,False,0,2025-06-30 23:13:37
aa7e7d,UAL2683 ,United States,1751325216.0,1751325216,-116.5886,32.8624,3055.62,False,140.5,220.4,-10.4,,3200.4,,False,0,2025-06-30 23:13:37
aa7e7b,UAL2602 ,United States,1751325085.0,1751325177,-110.5511,41.8007,10363.2,False,227.46,298.65,0.0,,10904.22,,False,0,2025-06-30 23:13:37
aa7e7a,UAL222  ,United States,1751325217.0,1751325217,-86.2572,33.2738,10668.0,False,232.16,62.7,0.0,,11315.7,3113,False,0,2025-06-30 23:13:37
a1da83,N21866  ,United States,1751325216.0,1751325217,-122.179,37.719,228.6,False,40.52,236.92,-2.93,,175.26,5340,False,0,2025-06-30 23:13:37
a2b1cf,N273BW  ,United States,1751325216.0,1751325216,-76.9945,37.9576,1379.22,False,80.75,219.57,-1.63,,1402.08,1121,False,0,2025-06-30 23:13:37
c0635c,PTR2339 ,Canada,1751325217.0,1751325217,-74.2161,41.3061,1950.72,False,132.56,171.74,-5.53,,2042.16,1014,False,0,2025-06-30 23:13:37
a28904,UAL1281 ,United States,1751325216.0,1751325216,-110.2473,36.9729,10972.8,False,233.31,229.92,0.0,,11582.4,1246,False,0,2025-06-30 23:13:37
c0502e,ACA777  ,Canada,1751325216.0,1751325216,-90.2771,45.6153,10972.8,False,211.99,257.95,0.0,,11285.22,,False,0,2025-06-30 23:13:37
c0635b,PTR2617 ,Canada,1751325216.0,1751325217,-79.6272,45.7237,7315.2,False,178.64,338.01,0.33,,7620.0,4767,False,0,2025-06-30 23:13:37
c0635a,PTR2946 ,Canada,1751325217.0,1751325217,-78.2237,43.7243,4770.12,False,163.67,265.13,-9.1,,4968.24,7076,False,0,2025-06-30 23:13:37
a44d85,DAL2442 ,United States,1751325194.0,1751325201,-119.7702,44.2901,10668.0,False,233.59,152.02,0.0,,11163.3,6606,False,0,2025-06-30 23:13:37
3a3440,RLY12AM ,France,1751325216.0,1751325216,-107.4442,35.6322,3009.9,False,70.05,113.36,-0.65,,3177.54,,False,0,2025-06-30 23:13:37
acc5e7,N922DD  ,United States,1751325216.0,1751325216,-122.6078,45.7538,617.22,False,29.23,28.37,2.28,,617.22,,False,0,2025-06-30 23:13:37
c06358,PTR2485 ,Canada,1751325216.0,1751325216,-78.3752,44.0206,6896.1,False,156.72,62.0,5.85,,7193.28,2202,False,0,2025-06-30 23:13:37
c06356,PTR2355 ,Canada,1751325216.0,1751325216,-76.4467,45.5064,6271.26,False,96.81,276.41,5.53,,6515.1,,False,0,2025-06-30 23:13:37
a6ca2f,N5368H  ,United States,1751325217.0,1751325217,-117.7252,33.7376,853.44,False,52.69,215.86,-2.6,,807.72,,False,0,2025-06-30 23:13:37
a7a1a0,FDX1443 ,United States,1751325216.0,1751325216,-89.4594,40.4884,7688.58,False,212.99,14.41,-2.6,,8039.1,0747,False,0,2025-06-30 23:13:37
c0501e,ACA990  ,Canada,1751325213.0,1751325213,-79.6035,43.6792,,True,6.43,227.81,,,,,False,0,2025-06-30 23:13:37
acb2ad,SWA4155 ,United States,1751325216.0,1751325216,-105.9557,37.4468,10363.2,False,227.1,238.9,0.0,,10934.7,,False,0,2025-06-30 23:13:37
c00cfe,MAL7095 ,Canada,1751325217.0,1751325217,-80.5014,44.1041,2468.88,False,90.34,103.17,0.0,,2506.98,,False,0,2025-06-30 23:13:37
a2d92a,ASA405  ,United States,1751325034.0,1751325034,-122.3062,47.454,,True,8.75,180.0,,,,2335,False,0,2025-06-30 23:13:37
a03660,N11228  ,United States,1751325217.0,1751325217,-87.9131,42.1102,533.4,False,55.85,174.18,-0.33,,472.44,,False,0,2025-06-30 23:13:37
aa35e1,AAL2223 ,United States,1751325216.0,1751325217,-111.5247,32.9867,3596.64,False,161.18,337.28,-9.1,,3794.76,7475,False,0,2025-06-30 23:13:37
add2ad,ASA19   ,United States,1751325217.0,1751325217,-78.8224,42.9585,10363.2,False,231.37,314.46,-0.33,,10904.22,3374,False,0,2025-06-30 23:13:37
a524e1,UAL588  ,United States,1751325216.0,1751325216,-108.7457,42.6568,9753.6,False,222.29,315.84,0.33,,10302.24,3526,False,0,2025-06-30 23:13:37
a1697c,N190PM  ,United States,1751325217.0,1751325217,-73.0165,44.3388,1508.76,False,104.86,140.37,6.83,,1516.38,,False,0,2025-06-30 23:13:37
a68d44,GJS4582 ,United States,1751325216.0,1751325216,-80.2005,40.729,10363.2,False,230.35,297.82,0.0,,10942.32,1014,False,0,2025-06-30 23:13:37
a777bf,AAL1789 ,United States,1751325217.0,1751325217,-79.1678,41.6058,9144.0,False,224.71,256.09,0.0,,9654.54,2364,False,0,2025-06-30 23:13:37
aa7e51,UAL2264 ,United States,1751325217.0,1751325217,-91.7534,37.719,10363.2,False,229.59,274.37,0.0,,10957.56,6217,False,0,2025-06-30 23:13:37
a67a16,N5160E  ,United States,1751325212.0,1751325213,-121.0067,44.3152,1424.94,False,46.37,107.43,-5.2,,1455.42,,False,0,2025-06-30 23:13:37
a0100a,PXG103  ,United States,1751325216.0,1751325217,-84.4744,40.7766,6096.0,False,211.65,102.92,0.33,,6393.18,7050,False,0,2025-06-30 23:13:37
a28947,UAL2297 ,United States,1751325216.0,1751325216,-100.9285,41.4032,10363.2,False,225.87,236.71,0.0,,10858.5,7372,False,0,2025-06-30 23:13:37
c07646,CGSUN   ,Canada,1751325142.0,1751325142,-106.1765,46.5999,14325.6,False,237.12,324.45,0.65,,14859.0,2417,False,0,2025-06-30 23:13:37
acfb6e,N9356H  ,United States,1751325216.0,1751325216,-90.6595,41.1216,784.86,False,32.39,259.94,-1.95,,777.24,,False,0,2025-06-30 23:13:37
400773,BAW9E   ,United Kingdom,1751325216.0,1751325216,-67.632,44.7385,11269.98,False,262.29,63.94,0.33,,11833.86,1734,False,0,2025-06-30 23:13:37
400771,BAW12TB ,United Kingdom,1751325197.0,1751325202,-82.5401,27.993,,True,0.06,2.81,,,,,False,0,2025-06-30 23:13:37
a65942,N508SK  ,United States,1751325216.0,1751325217,-102.3636,32.2821,2103.12,False,129.25,317.42,-0.33,,2171.7,,False,0,2025-06-30 23:13:37
a89915,NKS2648 ,United States,1751325216.0,1751325216,-82.1136,39.2756,9791.7,False,238.36,340.59,-4.88,,10386.06,3162,False,0,2025-06-30 23:13:37
a27676,AAY681  ,United States,1751325217.0,1751325217,-106.888,40.9938,10972.8,False,232.46,217.81,0.33,,11567.16,,False,0,2025-06-30 23:13:37
a5cfa5,UAL1842 ,United States,1751325216.0,1751325216,-80.4091,46.4641,10363.2,False,198.58,270.3,0.0,,10782.3,3375,False,0,2025-06-30 23:13:37
add376,JBU187  ,United States,1751325216.0,1751325216,-70.9628,42.3104,655.32,False,121.65,93.64,4.88,,655.32,,False,0,2025-06-30 23:13:37
a1435d,SWA1051 ,United States,1751325216.0,1751325216,-92.2759,40.5378,9448.8,False,241.83,62.51,0.0,,9921.24,,False,0,2025-06-30 23:13:37
a2c635,SWA827  ,United States,1751325217.0,1751325217,-97.554,31.6363,11513.82,False,237.04,23.67,6.83,,12184.38,4007,False,0,2025-06-30 23:13:37
a80a97,SKW5422 ,United States,1751325216.0,1751325217,-75.088,45.9769,9753.6,False,221.18,314.62,-0.33,,10210.8,1330,False,0,2025-06-30 23:13:37
ac508b,DAL2381 ,United States,1751325217.0,1751325217,-84.4207,33.6336,,True,8.75,90.0,,,,,False,0,2025-06-30 23:13:37
a40629,N3589S  ,United States,1751325216.0,1751325217,-122.2679,40.1034,2651.76,False,59.96,350.62,0.33,,2720.34,3326,False,0,2025-06-30 23:13:37
abb8a0,SWA3418 ,United States,1751325217.0,1751325217,-112.3224,33.377,10759.44,False,247.19,79.2,6.83,,11361.42,1307,False,0,2025-06-30 23:13:37
a3e658,AAL3090 ,United States,1751325216.0,1751325216,-113.6516,36.8661,11277.6,False,243.82,54.53,0.0,,11910.06,7372,False,0,2025-06-30 23:13:37
a26315,EPI253  ,United States,1751325216.0,1751325216,-81.2506,28.5765,411.48,False,46.94,244.0,-1.63,,434.34,4203,False,0,2025-06-30 23:13:37
a1fff2,ENY4122 ,United States,1751325217.0,1751325217,-94.9586,34.0926,9273.54,False,236.11,239.64,-5.53,,9852.66,5637,False,0,2025-06-30 23:13:37
a1ecc4,CXK153  ,United States,1751325108.0,1751325108,-70.5345,41.8801,647.7,False,58.66,105.26,-3.9,,739.14,5321,False,0,2025-06-30 23:13:37
ab68dd,SCX920  ,United States,1751325216.0,1751325216,-84.3108,40.2072,11582.4,False,228.67,319.11,0.0,,12192.0,6720,False,0,2025-06-30 23:13:37
ac0e33,SCU56   ,United States,1751325202.0,1751325206,-95.839,36.2134,754.38,False,60.59,113.52,-0.98,,739.14,,False,0,2025-06-30 23:13:37
a1699a,EJA190  ,United States,1751325216.0,1751325216,-110.7504,32.7294,12496.8,False,274.52,109.83,-0.33,,13197.84,6424,False,0,2025-06-30 23:13:37
abb8c4,SWA1310 ,United States,1751325134.0,1751325136,-107.733,39.845,10965.18,False,237.93,259.66,0.0,,11567.16,7024,False,0,2025-06-30 23:13:37
a01037,DAL2760 ,United States,1751325216.0,1751325216,-81.7871,46.3691,10972.8,False,196.49,242.9,0.0,,11430.0,4642,False,0,2025-06-30 23:13:37
a51331,BKN26   ,United States,1751325183.0,1751325213,-90.1115,38.7371,617.22,False,62.79,187.53,0.65,,563.88,,False,0,2025-06-30 23:13:37
a8990f,N653ND  ,United States,1751325216.0,1751325216,-122.1611,37.369,899.16,False,38.21,133.36,0.65,,891.54,1200,False,0,2025-06-30 23:13:37
aca07a,N9120J  ,United States,1751325216.0,1751325216,-122.2948,40.6949,1402.08,False,51.7,174.29,0.98,,1409.7,,False,0,2025-06-30 23:13:37
a38367,JBU1317 ,United States,1751325216.0,1751325217,-83.1412,35.5753,10492.74,False,235.36,206.62,-8.13,,11125.2,6743,False,0,2025-06-30 23:13:37
a80a5d,N617SP  ,United States,1751325105.0,1751325105,-104.8539,39.5826,1706.88,False,39.1,179.25,-3.9,,1790.7,,False,0,2025-06-30 23:13:37
a8d4f6,UAL448  ,United States,1751325217.0,1751325217,-102.9456,30.6619,9753.6,False,226.78,277.56,0.33,,10347.96,2531,False,0,2025-06-30 23:13:37
a7b4ea,JIA5115 ,United States,1751325217.0,1751325217,-88.8221,37.1881,10363.2,False,226.3,228.41,0.0,,10988.04,3204,False,0,2025-06-30 23:13:37
a8d4ef,UAL489  ,United States,1751325217.0,1751325217,-98.3827,33.1748,10668.0,False,246.64,143.82,0.0,,11323.32,,False,0,2025-06-30 23:13:37
a44cda,DAL776  ,United States,1751325216.0,1751325217,-80.6473,31.9632,11582.4,False,251.12,181.41,0.0,,12214.86,3464,False,0,2025-06-30 23:13:37
a1a697,SWA1399 ,United States,1751325216.0,1751325216,-120.4263,40.428,12192.0,False,224.38,222.03,0.0,,12793.98,,False,0,2025-06-30 23:13:37
abdb10,APC690  ,United States,1751325216.0,1751325217,-122.5445,47.6974,754.38,False,71.29,329.18,0.0,,777.24,,False,0,2025-06-30 23:13:37
a7ea48,SKW6330 ,United States,1751325216.0,1751325216,-84.0071,45.5651,10972.8,False,194.11,239.77,0.33,,11422.38,3414,False,0,2025-06-30 23:13:37
a1ecfd,RPA5804 ,United States,1751325217.0,1751325217,-73.7163,40.6946,335.28,False,66.88,210.51,-3.58,,312.42,1423,False,0,2025-06-30 23:13:37
aa6b9f,UAL884  ,United States,1751325216.0,1751325216,-75.2959,39.6507,9044.94,False,248.09,48.11,5.2,,9570.72,7063,False,0,2025-06-30 23:13:37
af38c4,G27050  ,United States,1751325216.0,1751325216,-84.2144,33.8976,1074.42,False,61.89,243.86,0.0,,1120.14,5655,False,0,2025-06-30 23:13:37
abb8ea,SWA2749 ,United States,1751325215.0,1751325215,-114.8035,34.3299,9144.0,False,205.97,228.75,0.33,,9654.54,3540,False,0,2025-06-30 23:13:37
ab8b3e,N843CP  ,United States,1751325216.0,1751325216,-105.3242,36.3733,12192.0,False,217.25,255.04,0.0,,12839.7,6621,False,0,2025-06-30 23:13:37
a13041,N176JB  ,United States,1751325216.0,1751325216,-88.9233,39.761,762.0,False,58.57,51.42,-1.95,,723.9,1200,False,0,2025-06-30 23:13:37
a2768c,VTE3502 ,United States,1751325132.0,1751325188,-93.3379,33.1924,6941.82,False,211.53,82.87,-2.6,,7345.68,2350,False,0,2025-06-30 23:13:37
a2766f,ENY4226 ,United States,1751325216.0,1751325216,-80.4293,25.2525,4648.2,False,186.17,207.84,9.75,,4922.52,,False,0,2025-06-30 23:13:37
a40654,ATN3336 ,United States,1751325217.0,1751325217,-98.1635,37.7497,10058.4,False,262.37,90.34,-0.33,,10584.18,7273,False,0,2025-06-30 23:13:37
a9f4c6,RPA3306 ,United States,1751325216.0,1751325216,-85.0799,40.8521,10622.28,False,248.84,51.97,5.53,,11178.54,0353,False,0,2025-06-30 23:13:37
a32ce0,N3030S  ,United States,1751325217.0,1751325217,-121.7963,37.9464,1645.92,False,75.48,33.04,2.93,,1668.78,1200,False,0,2025-06-30 23:13:37
a871f1,N643SA  ,United States,1751325217.0,1751325217,-96.6701,32.9199,586.74,False,67.68,133.77,-2.93,,579.12,1200,False,0,2025-06-30 23:13:37
a32cce,N303ZZ  ,United States,1751325216.0,1751325216,-104.4507,38.6047,3131.82,False,86.02,186.87,0.0,,3314.7,1200,False,0,2025-06-30 23:13:37
ab8b56,DAL717  ,United States,1751325217.0,1751325217,-106.8547,43.1725,10058.4,False,246.3,82.8,0.65,,10576.56,,False,0,2025-06-30 23:13:37
aa6b7e,UAL948  ,United States,1751325211.0,1751325211,-122.3847,37.6208,,True,6.69,118.12,,,,,False,0,2025-06-30 23:13:37
a8d4cc,UAL504  ,United States,1751325217.0,1751325217,-88.8044,29.7458,9753.6,False,241.35,253.15,0.0,,10347.96,2460,False,0,2025-06-30 23:13:37
a3965c,FFT1062 ,United States,1751324936.0,1751324937,-112.0108,33.4337,,True,2.31,348.75,,,,2105,False,0,2025-06-30 23:13:37
ade633,N995LC  ,United States,1751325216.0,1751325217,-81.6032,28.4854,2956.56,False,99.16,354.94,8.13,,3131.82,5231,False,0,2025-06-30 23:13:37
ad8328,N97VA   ,United States,1751325065.0,1751325065,-87.8604,42.4147,312.42,False,39.06,319.81,-4.88,,251.46,,False,0,2025-06-30 23:13:37
ae5fe9,HRCN15  ,United States,1751325216.0,1751325216,-76.3165,36.4516,350.52,False,86.14,29.32,-0.65,,350.52,1200,False,0,2025-06-30 23:13:37
4ca86e,EIN1TV  ,Ireland,1751325216.0,1751325216,-85.5396,43.0067,8138.16,False,205.86,245.8,-5.2,,8511.54,2401,False,0,2025-06-30 23:13:37
a76683,UPS65   ,United States,1751325215.0,1751325216,-90.348,43.5246,11277.6,False,257.71,149.13,0.33,,11666.22,7262,False,0,2025-06-30 23:13:37
ad9645,AAL2140 ,United States,1751325216.0,1751325216,-92.5261,44.3764,6217.92,False,230.68,129.3,10.4,,6393.18,2456,False,0,2025-06-30 23:13:37
a3c05e,N3405J  ,United States,1751325216.0,1751325216,-109.5267,37.4595,3383.28,False,61.66,79.91,-0.65,,3573.78,,False,0,2025-06-30 23:13:37
a50064,SWA4284 ,United States,1751325216.0,1751325217,-113.5448,32.9279,9753.6,False,234.28,267.61,0.0,,10309.86,1631,False,0,2025-06-30 23:13:37
aa234a,AAL2269 ,United States,1751325216.0,1751325217,-95.6667,36.3776,10980.42,False,242.12,148.2,0.0,,11620.5,,False,0,2025-06-30 23:13:37
c00d4d,CFFAY   ,Canada,1751325204.0,1751325204,-72.0178,45.2867,617.22,False,51.54,273.43,-1.3,,601.98,,False,0,2025-06-30 23:13:37
ac501e,SWA2157 ,United States,1751325216.0,1751325216,-96.7568,32.765,1402.08,False,130.47,138.52,9.1,,1455.42,2246,False,0,2025-06-30 23:13:37
a7fcdb,N6134V  ,United States,1751325215.0,1751325215,-80.935,33.1568,1676.4,False,72.72,161.44,-0.65,,1729.74,,False,0,2025-06-30 23:13:37
ab4383,AAL1835 ,United States,1751325216.0,1751325216,-106.8421,37.205,10668.0,False,240.02,64.75,0.0,,11239.5,0751,False,0,2025-06-30 23:13:37
a44cfd,DAL3223 ,United States,1751325217.0,1751325217,-83.5275,38.8131,10972.8,False,219.0,224.43,0.0,,11612.88,4151,False,0,2025-06-30 23:13:37
ad2ce1,SWA1907 ,United States,1751324909.0,1751324909,-117.1866,32.7328,7.62,False,70.96,286.86,-4.88,,83.82,1315,False,0,2025-06-30 23:13:37
ac767c,AAL2353 ,United States,1751325216.0,1751325216,-94.9042,33.4944,8839.2,False,250.97,67.59,0.33,,9380.22,3675,False,0,2025-06-30 23:13:37
ab4389,JTL825  ,United States,1751325216.0,1751325216,-102.8825,33.4795,11582.4,False,244.8,333.81,-0.33,,12245.34,7307,False,0,2025-06-30 23:13:37
ac5041,SWA4053 ,United States,1751325036.0,1751325036,-111.256,42.5161,10668.0,False,243.76,118.35,0.65,,11239.5,3512,False,0,2025-06-30 23:13:37
a40694,DAL2696 ,United States,1751325217.0,1751325217,-90.4873,39.9637,10363.2,False,234.21,327.74,0.33,,10896.6,0336,False,0,2025-06-30 23:13:37
a7a336,N591XL  ,United States,1751325016.0,1751325106,-86.1615,42.6196,792.48,False,54.99,10.78,-1.3,,754.38,,False,0,2025-06-30 23:13:37
aa1007,N7478M  ,United States,1751325089.0,1751325091,-72.7073,42.1843,236.22,False,28.74,224.27,-2.93,,220.98,,False,0,2025-06-30 23:13:37
a8d600,DAL1295 ,United States,1751325018.0,1751325022,-80.1799,26.077,53.34,False,73.57,90.0,-3.9,,76.2,3121,False,0,2025-06-30 23:13:37
aca01a,SWA836  ,United States,1751325216.0,1751325216,-86.3729,35.7877,11277.6,False,237.04,62.04,0.33,,11932.92,5537,False,0,2025-06-30 23:13:37
a07e5e,N1306C  ,United States,1751325216.0,1751325216,-121.1022,38.9063,861.06,False,54.45,22.2,-3.25,,845.82,1200,False,0,2025-06-30 23:13:37
a44e06,N377CH  ,United States,1751325216.0,1751325217,-98.7854,33.6392,6576.06,False,206.85,112.67,-9.75,,6972.3,,False,0,2025-06-30 23:13:37
a418b2,DAL2695 ,United States,1751325217.0,1751325217,-88.9091,43.0497,9753.6,False,226.26,323.6,0.0,,10157.46,4276,False,0,2025-06-30 23:13:37
a20e38,SWA1562 ,United States,1751325191.0,1751325193,-118.3712,34.198,259.08,False,72.54,90.81,-3.25,,213.36,2417,False,0,2025-06-30 23:13:37
a68caa,JIA5482 ,United States,1751325216.0,1751325216,-82.7943,38.7121,10363.2,False,240.31,308.22,0.0,,10995.66,1360,False,0,2025-06-30 23:13:37
a022c4,DAL875  ,United States,1751325217.0,1751325217,-99.0542,38.2255,10660.38,False,247.9,111.93,-0.33,,11231.88,6071,False,0,2025-06-30 23:13:37
a5000b,N421HF  ,United States,1751325216.0,1751325216,-94.5505,36.1797,1897.38,False,78.48,237.04,1.3,,1950.72,1670,False,0,2025-06-30 23:13:37
a022c6,DAL2782 ,United States,1751325217.0,1751325217,-71.6467,41.1129,8305.8,False,217.44,248.78,4.88,,8755.38,7322,False,0,2025-06-30 23:13:37
a19e61,ENY3436 ,United States,1751325217.0,1751325217,-94.0493,34.1507,9753.6,False,239.1,249.73,-1.3,,10340.34,2137,False,0,2025-06-30 23:13:37
a275a8,N258EP  ,United States,1751325217.0,1751325217,-80.8472,29.0279,457.2,False,48.0,287.46,0.65,,487.68,1200,False,0,2025-06-30 23:13:37
a5399b,N436CA  ,United States,1751325216.0,1751325216,-116.9037,33.156,1120.14,False,51.57,341.38,-0.98,,1112.52,,False,0,2025-06-30 23:13:37
ac5066,SWA539  ,United States,1751325201.0,1751325210,-115.1467,36.0796,,True,0.0,28.12,,,,,False,0,2025-06-30 23:13:37
a19e68,AAY3493 ,United States,1751325216.0,1751325217,-85.259,41.9474,5486.4,False,215.81,348.45,-9.43,,5737.86,1035,False,0,2025-06-30 23:13:37
aa2311,SKW4888 ,United States,1751325216.0,1751325216,-89.3795,42.4698,5791.2,False,243.24,99.74,0.0,,5981.7,,False,0,2025-06-30 23:13:37
ab3081,N82WL   ,United States,1751325195.0,1751325195,-116.7235,47.7098,990.6,False,50.41,165.82,0.98,,998.22,,False,0,2025-06-30 23:13:37
aa8fe7,N78TS   ,United States,1751325216.0,1751325217,-72.029,43.0392,1981.2,False,95.53,218.66,0.33,,2057.4,,False,0,2025-06-30 23:13:37
a0ce3c,N151DL  ,United States,1751325216.0,1751325216,-90.1884,38.4322,944.88,False,43.38,236.12,-4.23,,944.88,,False,0,2025-06-30 23:13:37
a51358,EJA426  ,United States,1751325216.0,1751325216,-111.9569,40.6348,2034.54,False,98.13,354.89,-3.58,,2118.36,1447,False,0,2025-06-30 23:13:37
a50027,N421JJ  ,United States,1751325216.0,1751325216,-120.2986,36.9184,2438.4,False,80.71,281.02,3.25,,2506.98,,False,0,2025-06-30 23:13:37
aa8fd7,N78TA   ,United States,1751325049.0,1751325202,-80.2663,26.7859,1325.88,False,63.89,345.07,0.33,,1402.08,,False,0,2025-06-30 23:13:37
ab9e05,ERU848  ,United States,1751325216.0,1751325216,-81.0566,29.2347,708.66,False,46.25,332.86,4.88,,762.0,0140,False,0,2025-06-30 23:13:37
4005bc,BAW40F  ,United Kingdom,1751325217.0,1751325217,-73.4472,40.862,3093.72,False,166.79,23.64,4.23,,3230.88,1004,False,0,2025-06-30 23:13:37
a1b8b8,AMF4273 ,United States,1751325217.0,1751325217,-99.2703,32.0085,5494.02,False,119.04,245.76,0.0,,5821.68,6003,False,0,2025-06-30 23:13:37
a1b8b5,N21RW   ,United States,1751325216.0,1751325216,-71.7705,42.7524,1973.58,False,67.83,247.71,2.6,,2042.16,1200,False,0,2025-06-30 23:13:37
a0ce7c,CXK595  ,United States,1751325216.0,1751325216,-72.9846,43.2039,2453.64,False,52.51,235.38,0.33,,2522.22,3562,False,0,2025-06-30 23:13:37
0d09f7,VIV544  ,Mexico,1751325217.0,1751325217,-88.1351,41.7711,3078.48,False,154.48,41.76,0.0,,3177.54,3213,False,0,2025-06-30 23:13:37
0d09ef,VIV651  ,Mexico,1751325216.0,1751325216,-97.6629,30.2029,,True,0.0,222.19,,,,1306,False,0,2025-06-30 23:13:37
a1a5cf,ENY3532 ,United States,1751325215.0,1751325216,-103.0557,44.0414,891.54,False,57.77,331.84,0.33,,952.5,6234,False,0,2025-06-30 23:13:37
aa7e16,SWA2799 ,United States,1751325213.0,1751325216,-71.5512,41.2824,3032.76,False,164.16,49.32,-0.33,,3169.92,6502,False,0,2025-06-30 23:13:37
a1ee64,CXK553  ,United States,1751325216.0,1751325217,-71.3225,42.1376,1219.2,False,51.51,188.62,-0.33,,1234.44,5372,False,0,2025-06-30 23:13:37
abb90d,SWA4444 ,United States,1751325217.0,1751325217,-91.7896,38.3883,7315.2,False,226.58,56.2,0.0,,7703.82,2341,False,0,2025-06-30 23:13:37
a3e5d9,N350LT  ,United States,1751325213.0,1751325216,-81.0609,27.7488,4259.58,False,166.88,264.69,-4.88,,4488.18,1472,False,0,2025-06-30 23:13:37
a658d8,N508ND  ,United States,1751325217.0,1751325217,-118.3992,34.2469,472.44,False,38.82,124.74,2.93,,441.96,,False,0,2025-06-30 23:13:37
a022d8,N108EH  ,United States,1751325216.0,1751325216,-117.5421,33.9233,944.88,False,38.88,252.28,-3.58,,914.4,2304,False,0,2025-06-30 23:13:37
a18b41,SKW3396 ,United States,1751325217.0,1751325217,-118.349,33.6279,6713.22,False,202.05,310.87,5.85,,7056.12,,False,0,2025-06-30 23:13:37
a8609f,QXE2080 ,United States,1751325216.0,1751325217,-123.401,47.3747,10668.0,False,210.9,174.4,-0.33,,11064.24,7265,False,0,2025-06-30 23:13:37
abb930,SWA1420 ,United States,1751325214.0,1751325216,-98.239,39.0763,10972.8,False,207.95,277.25,0.0,,11536.68,6507,False,0,2025-06-30 23:13:37
c1e589,,Canada,1751325031.0,1751325031,-73.7532,45.4598,,True,1.54,351.56,,,,,False,0,2025-06-30 23:13:37
a44e24,DAL1079 ,United States,1751325217.0,1751325217,-77.7106,36.4642,10683.24,False,232.54,53.64,-0.33,,11315.7,3176,False,0,2025-06-30 23:13:37
acd925,,United States,1751325107.0,1751325107,-78.7576,34.4512,1424.94,False,56.83,27.49,-5.53,,1485.9,,False,0,2025-06-30 23:13:37
a3d2c0,UAL2278 ,United States,1751325216.0,1751325216,-102.0816,45.1281,9753.6,False,210.47,280.71,0.0,,10187.94,6547,False,0,2025-06-30 23:13:37
a44e18,DAL1438 ,United States,1751325213.0,1751325214,-73.7733,40.6501,,True,0.0,300.94,,,,,False,0,2025-06-30 23:13:37
a9d031,EJA731  ,United States,1751325216.0,1751325216,-73.7202,41.0846,213.36,False,64.26,150.77,-3.25,,182.88,1365,False,0,2025-06-30 23:13:37
a9938d,NKS2482 ,United States,1751325207.0,1751325213,-87.8841,42.9473,274.32,False,65.07,251.57,-3.25,,220.98,7770,False,0,2025-06-30 23:13:37
a3e5ea,MVK51   ,United States,1751325209.0,1751325212,-93.1817,44.1851,1226.82,False,47.33,270.62,1.3,,1211.58,,False,0,2025-06-30 23:13:37
acd913,N927KG  ,United States,1751325216.0,1751325216,-83.7268,43.3608,693.42,False,118.81,354.78,-2.6,,647.7,,False,0,2025-06-30 23:13:37
a2b2da,ENY4066 ,United States,1751325200.0,1751325200,-81.2153,34.1732,838.2,False,116.18,116.57,-0.65,,883.92,2214,False,0,2025-06-30 23:13:37
0d09b9,SLI431  ,Mexico,1751325217.0,1751325217,-94.7717,30.0554,10972.8,False,235.39,238.95,0.33,,11628.12,6237,False,0,2025-06-30 23:13:37
a3f8b8,AAL362  ,United States,1751325217.0,1751325217,-95.6998,34.0348,7620.0,False,219.57,220.82,0.0,,8077.2,2275,False,0,2025-06-30 23:13:37
a2b2e1,AAY483  ,United States,1751325216.0,1751325216,-85.6612,43.9126,7498.08,False,203.38,173.76,8.45,,7787.64,,False,0,2025-06-30 23:13:37
ad3fd9,AAL2174 ,United States,1751325216.0,1751325216,-81.4947,34.3932,9753.6,False,236.97,337.0,0.33,,10355.58,7333,False,0,2025-06-30 23:13:37
ad3fd7,N953AL  ,United States,1751325200.0,1751325200,-122.7842,47.0929,266.7,False,61.15,349.82,-0.33,,266.7,,False,0,2025-06-30 23:13:37
ad3fd6,ASA31   ,United States,1751325217.0,1751325217,-84.9553,44.9657,9753.6,False,220.12,294.29,0.0,,10142.22,2243,False,0,2025-06-30 23:13:37
ac0cc9,N876BR  ,United States,1751325216.0,1751325216,-121.4819,38.4675,937.26,False,53.04,251.92,-0.65,,922.02,4546,False,0,2025-06-30 23:13:37
ad3fde,DAL3211 ,United States,1751325216.0,1751325216,-84.4393,33.6443,,True,5.92,81.56,,,,5403,False,0,2025-06-30 23:13:37
a9e31c,N736UE  ,United States,1751325212.0,1751325215,-96.0292,32.4405,1363.98,False,48.89,188.47,-1.3,,1409.7,,False,0,2025-06-30 23:13:37
a44e59,FFT3738 ,United States,1751325217.0,1751325217,-115.3796,35.9798,3688.08,False,164.5,29.61,-7.8,,3886.2,5117,False,0,2025-06-30 23:13:37
ac7658,AAL3003 ,United States,1751325217.0,1751325217,-86.5594,36.2606,716.28,False,112.15,286.52,-6.5,,739.14,0216,False,0,2025-06-30 23:13:37
a1ea70,SWA2084 ,United States,1751325216.0,1751325216,-122.2172,37.706,,True,4.12,129.38,,,,,False,0,2025-06-30 23:13:37
a774b3,N58MS   ,United States,1751325217.0,1751325217,-97.6121,38.7338,784.86,False,73.07,181.21,-0.33,,815.34,,False,0,2025-06-30 23:13:37
aa32c6,N75602  ,United States,1751325201.0,1751325201,-86.3099,35.8118,922.02,False,51.7,84.29,1.95,,723.9,,False,0,2025-06-30 23:13:37
ad3e36,AAL2997 ,United States,1751325216.0,1751325217,-99.1919,32.5544,8016.24,False,239.44,255.7,5.2,,8488.68,1467,False,0,2025-06-30 23:13:37
a33d97,FFT1608 ,United States,1751325216.0,1751325216,-93.6063,42.5409,11277.6,False,271.87,84.46,0.33,,11719.56,1424,False,0,2025-06-30 23:13:37
a5ba10,N46826  ,United States,1751325217.0,1751325217,-118.7957,34.1687,1066.8,False,44.7,281.96,0.98,,1089.66,,False,0,2025-06-30 23:13:37
a1ea74,N222WS  ,United States,1751325216.0,1751325216,-81.092,35.7436,2011.68,False,89.09,79.01,-2.6,,2087.88,,False,0,2025-06-30 23:13:37
a6b7e8,N532AN  ,United States,1751325216.0,1751325216,-118.1647,33.7184,335.28,False,44.67,277.94,-0.98,,274.32,,False,0,2025-06-30 23:13:37
a44a48,EDV5529 ,United States,1751325215.0,1751325215,-90.6952,31.8615,8564.88,False,235.15,41.19,3.9,,9098.28,,False,0,2025-06-30 23:13:37
abb5bf,SWA3895 ,United States,1751325217.0,1751325217,-115.6639,35.8907,4777.74,False,168.26,271.23,3.9,,5029.2,,False,0,2025-06-30 23:13:37
ad08f4,N901KC  ,United States,1751325137.0,1751325137,-94.8756,38.2611,1501.14,False,60.31,171.66,-0.33,,1569.72,,False,0,2025-06-30 23:13:37
a1b4fd,N209RV  ,United States,1751325168.0,1751325171,-80.9257,28.9943,76.2,False,28.33,209.36,-3.9,,91.44,1200,False,0,2025-06-30 23:13:37
a7d7b5,SKW9920 ,United States,1751325216.0,1751325217,-97.9949,32.7457,6705.6,False,203.91,260.56,13.33,,7109.46,6257,False,0,2025-06-30 23:13:37
a414e8,DAL2168 ,United States,1751325215.0,1751325215,-83.0562,25.8543,9738.36,False,227.44,351.28,2.6,,10287.0,,False,0,2025-06-30 23:13:37
aa7b33,SWA2975 ,United States,1751325216.0,1751325216,-112.3398,33.2231,11277.6,False,246.75,111.91,0.0,,11910.06,6652,False,0,2025-06-30 23:13:37
a0a903,UAL2649 ,United States,1751325217.0,1751325217,-85.5987,42.2046,10271.76,False,269.15,88.47,7.48,,10744.2,1377,False,0,2025-06-30 23:13:37
a82d14,FFT4373 ,United States,1751325217.0,1751325217,-84.5907,40.6571,10980.42,False,214.7,281.47,-0.33,,11597.64,6603,False,0,2025-06-30 23:13:37
c02fe7,ACA1035 ,Canada,1751325184.0,1751325192,-80.9622,24.8693,7665.72,False,209.59,243.62,6.18,,8100.06,,False,0,2025-06-30 23:13:37
a2c1b6,ENY4147 ,United States,1751325216.0,1751325216,-97.2289,32.7287,3665.22,False,152.07,44.18,-1.95,,3870.96,2434,False,0,2025-06-30 23:13:37
a56a56,SWA1931 ,United States,1751325216.0,1751325217,-116.5717,32.6683,7010.4,False,236.17,91.0,9.1,,7406.64,,False,0,2025-06-30 23:13:37
a894b5,FFT3292 ,United States,1751325216.0,1751325216,-117.9677,34.1959,7101.84,False,219.73,55.98,7.15,,7467.6,2325,False,0,2025-06-30 23:13:37
a1fd7b,N22708  ,United States,1751325216.0,1751325216,-96.2029,33.2998,1036.32,False,48.24,68.09,-0.65,,1082.04,5155,False,0,2025-06-30 23:13:37
a641b6,DAL291  ,United States,1751325216.0,1751325216,-110.1921,40.6853,12192.0,False,249.21,224.08,0.0,,12809.22,,False,0,2025-06-30 23:13:37
ac85ce,DAL766  ,United States,1751325216.0,1751325216,-106.0971,40.3168,10363.2,False,231.14,260.39,0.0,,10927.08,1012,False,0,2025-06-30 23:13:37
a6a4d5,VOI3081 ,United States,1751325216.0,1751325216,-98.2699,25.2693,10363.2,False,234.6,298.7,0.0,,11056.62,,False,0,2025-06-30 23:13:37
a641bf,DAL358  ,United States,1751325217.0,1751325217,-87.2106,34.4144,9441.18,False,247.08,139.64,0.0,,10043.16,2031,False,0,2025-06-30 23:13:37
aacb59,N795HT  ,United States,1751325205.0,1751325205,-117.3984,33.7901,662.94,False,9.1,312.71,0.33,,647.7,1255,False,0,2025-06-30 23:13:37
c02fed,ACA792  ,Canada,1751325217.0,1751325217,-116.5353,34.9368,9715.5,False,257.5,47.83,7.48,,10233.66,2450,False,0,2025-06-30 23:13:37
acd5ad,AAL3092 ,United States,1751325201.0,1751325201,-92.1129,32.3786,10972.8,False,229.54,268.33,0.0,,11635.74,5543,False,0,2025-06-30 23:13:37
abb5e2,SWA2755 ,United States,1751325216.0,1751325216,-105.8307,31.5287,11277.6,False,243.33,126.75,0.0,,11948.16,6725,False,0,2025-06-30 23:13:37
aa7b10,SWA2393 ,United States,1751325104.0,1751325104,-90.26,29.9914,,True,18.52,106.88,,,,2701,False,0,2025-06-30 23:13:37
abb5ea,SKW5798 ,United States,1751325126.0,1751325207,-94.1507,30.8188,6248.4,False,203.87,227.25,-11.7,,6545.58,5633,False,0,2025-06-30 23:13:37
ad2b45,N948EA  ,United States,1751325073.0,1751325084,-120.1149,35.8299,3246.12,False,91.14,329.09,0.0,,3360.42,2432,False,0,2025-06-30 23:13:37
ad2b43,DAL1130 ,United States,1751325216.0,1751325217,-90.8596,36.7742,9753.6,False,245.27,311.51,-0.33,,10332.72,1213,False,0,2025-06-30 23:13:37
a03304,N1115U  ,United States,1751325216.0,1751325216,-122.86,47.3068,1066.8,False,48.49,221.13,4.55,,1104.9,,False,0,2025-06-30 23:13:37
a8d27e,FFT4145 ,United States,1751325216.0,1751325216,-113.5567,34.4865,10972.8,False,232.67,274.31,0.0,,11597.64,6271,False,0,2025-06-30 23:13:37
ac0b61,UAL1126 ,United States,1751325216.0,1751325217,-91.8585,42.8836,10972.8,False,200.68,271.18,0.0,,11384.28,7177,False,0,2025-06-30 23:13:37
ac0b74,SWA770  ,United States,1751325216.0,1751325216,-75.3955,38.7984,4899.66,False,189.86,265.65,0.33,,5166.36,5676,False,0,2025-06-30 23:13:37
ab9b81,SCX356  ,United States,1751325216.0,1751325216,-85.2753,36.2838,11597.64,False,235.09,342.16,0.0,,12275.82,1033,False,0,2025-06-30 23:13:37
a04641,AAL32   ,United States,1751325216.0,1751325216,-106.292,31.8176,10668.0,False,245.52,102.46,0.0,,11292.84,1323,False,0,2025-06-30 23:13:37
ad3e82,N9520W  ,United States,1751325217.0,1751325217,-80.4097,26.4245,579.12,False,57.12,51.58,-0.98,,617.22,,False,0,2025-06-30 23:13:37
a57d42,AAL567  ,United States,1751325217.0,1751325217,-107.8912,36.8407,9433.56,False,234.4,61.13,0.33,,9989.82,5045,False,0,2025-06-30 23:13:37
a44a6d,DAL789  ,United States,1751325216.0,1751325216,-100.1472,42.585,10668.0,False,240.34,65.46,0.0,,11140.44,2007,False,0,2025-06-30 23:13:37
abeb57,SWA3542 ,United States,1751325217.0,1751325217,-100.8826,30.8446,11887.2,False,242.05,92.68,0.0,,12588.24,0735,False,0,2025-06-30 23:13:37
a05940,AAL423  ,United States,1751325217.0,1751325217,-78.3904,35.8319,8359.14,False,252.99,61.45,4.23,,8846.82,1134,False,0,2025-06-30 23:13:37
ade2b8,AAL1770 ,United States,1751325216.0,1751325216,-113.9272,35.6022,11277.6,False,246.21,117.64,0.0,,11894.82,,False,0,2025-06-30 23:13:37
a57d52,ASA836  ,United States,1751325077.0,1751325077,-122.3813,37.6142,,True,6.17,208.12,,,,4226,False,0,2025-06-30 23:13:37
ac72f0,AAL2933 ,United States,1751325217.0,1751325217,-79.2609,27.123,8755.38,False,221.01,3.07,4.55,,9227.82,,False,0,2025-06-30 23:13:37
ade2b5,NKS2381 ,United States,1751325216.0,1751325216,-105.1061,33.9505,11574.78,False,227.61,289.13,-0.65,,12237.72,6377,False,0,2025-06-30 23:13:37
ac0b80,UAL2239 ,United States,1751325217.0,1751325217,-88.312,42.9953,10972.8,False,206.0,263.69,-0.33,,11437.62,7337,False,0,2025-06-30 23:13:37
ac72f7,LRC641  ,United States,1751325217.0,1751325217,-109.3144,30.1378,10668.0,False,246.56,114.53,0.0,,11300.46,6703,False,0,2025-06-30 23:13:37
a09fc4,UAL6    ,United States,1751325216.0,1751325216,-95.8316,30.4514,4617.72,False,178.63,140.26,-7.15,,4907.28,3552,False,0,2025-06-30 23:13:37
a414fb,DAL1246 ,United States,1751325216.0,1751325217,-85.0511,34.2331,4526.28,False,186.66,142.28,-13.0,,4800.6,1660,False,0,2025-06-30 23:13:37
ad2b76,N948G   ,United States,1751325217.0,1751325217,-107.0996,38.1612,9144.0,False,148.08,248.61,0.0,,9654.54,0676,False,0,2025-06-30 23:13:37
a10fb4,N168DC  ,United States,1751325041.0,1751325044,-83.7672,32.4984,152.4,False,34.47,359.14,-1.95,,137.16,,False,0,2025-06-30 23:13:37
a0a923,UCA4305 ,United States,1751325216.0,1751325217,-77.4354,38.8697,685.8,False,113.73,178.44,6.18,,693.42,,False,0,2025-06-30 23:13:37
a2e93c,AAY2597 ,United States,1751325216.0,1751325216,-91.1251,39.3122,11574.78,False,239.55,347.72,-2.93,,12176.76,7470,False,0,2025-06-30 23:13:37
a3094d,AAY727  ,United States,1751325216.0,1751325216,-96.3704,36.871,10660.38,False,253.22,80.17,-2.28,,11277.6,7757,False,0,2025-06-30 23:13:37
c071ef,PSC484  ,Canada,1751325216.0,1751325216,-71.8974,46.0354,3649.98,False,131.43,204.76,0.0,,3771.9,,False,0,2025-06-30 23:13:37
a21cb8,BYA235  ,United States,1751325216.0,1751325216,-94.2492,33.6744,7924.8,False,146.71,272.01,0.0,,8442.96,3555,False,0,2025-06-30 23:13:37
a54933,N44KP   ,United States,1751325216.0,1751325216,-122.2565,47.8803,457.2,False,44.91,170.11,0.33,,480.06,,False,0,2025-06-30 23:13:37
a53602,CFR72   ,United States,1751325216.0,1751325216,-117.1192,33.7539,1066.8,False,89.73,295.83,2.28,,1074.42,,False,0,2025-06-30 23:13:37
a53612,DAL206  ,United States,1751325217.0,1751325217,-79.9149,43.287,9273.54,False,268.96,64.02,5.53,,9738.36,5753,False,0,2025-06-30 23:13:37
a2e935,ENY4205 ,United States,1751325216.0,1751325216,-90.677,35.4514,10363.2,False,217.31,238.45,0.0,,10980.42,6631,False,0,2025-06-30 23:13:37
a03356,UCA4819 ,United States,1751325216.0,1751325216,-94.5744,28.7292,8839.2,False,235.32,65.73,-0.33,,9380.22,7551,True,0,2025-06-30 23:13:37
a3f621,UAL1179 ,United States,1751325216.0,1751325216,-111.8678,32.8769,10668.0,False,249.47,105.18,-0.33,,11285.22,1302,False,0,2025-06-30 23:13:37
a0330a,UCA4375 ,United States,1751325062.0,1751325063,-94.1562,29.9858,3032.76,False,182.26,80.09,0.0,,3215.64,4576,False,0,2025-06-30 23:13:37
a7890e,LXJ585  ,United States,1751325217.0,1751325217,-120.1987,34.7167,2750.82,False,144.76,154.98,0.65,,2834.64,3206,False,0,2025-06-30 23:13:37
a03331,UCA4926 ,United States,1751325215.0,1751325215,-74.235,42.6107,2743.2,False,152.69,36.37,-7.8,,2872.74,7071,False,0,2025-06-30 23:13:37
a02003,N107PJ  ,United States,1751325217.0,1751325217,-115.5711,46.4625,11818.62,False,207.42,161.79,4.88,,12321.54,,False,0,2025-06-30 23:13:37
a6692d,DAL474  ,United States,1751325217.0,1751325217,-121.0094,47.5471,5966.46,False,237.97,92.85,6.83,,6233.16,3552,False,0,2025-06-30 23:13:37
c00a53,CFDXQ   ,Canada,1751325184.0,1751325184,-81.1491,47.5264,2026.92,False,91.42,158.2,2.28,,2034.54,,False,0,2025-06-30 23:13:37
a0337c,UCA4961 ,United States,1751325216.0,1751325216,-81.1264,35.2201,3947.16,False,173.98,229.2,-7.8,,4168.14,5647,False,0,2025-06-30 23:13:37
c071c3,SYB777  ,Canada,1751324844.0,1751325099,-79.6185,43.6649,,True,8.75,329.06,,,,1326,False,0,2025-06-30 23:13:37
a03397,UCA4827 ,United States,1751324996.0,1751325030,-95.2558,29.9778,121.92,False,69.97,269.58,-3.25,,220.98,,False,0,2025-06-30 23:13:37
ac98ac,SWA2811 ,United States,1751325211.0,1751325216,-99.7431,38.0124,11582.4,False,218.26,278.13,0.0,,12176.76,2115,False,0,2025-06-30 23:13:37
c01d72,FLE400  ,Canada,1751325216.0,1751325216,-79.649,43.6806,4991.1,False,191.67,75.07,8.78,,5158.74,4330,False,0,2025-06-30 23:13:37
a0205c,SKW4690 ,United States,1751325216.0,1751325216,-101.2698,38.7223,9144.0,False,227.96,287.33,0.33,,9662.16,1742,False,0,2025-06-30 23:13:37
ad3e16,SWA139  ,United States,1751325217.0,1751325217,-88.4698,37.4324,10264.14,False,251.0,48.07,-10.4,,10881.36,0567,False,0,2025-06-30 23:13:37
a0a98a,UCA4865 ,United States,1751325095.0,1751325096,-79.853,36.1627,701.04,False,67.68,226.23,-5.2,,708.66,6207,False,0,2025-06-30 23:13:37
a33cac,N3077M  ,United States,1751325217.0,1751325217,-72.1842,41.469,1074.42,False,52.72,151.43,0.0,,1089.66,3025,False,0,2025-06-30 23:13:37
a27330,HBAL732 ,United States,1751325216.0,1751325217,-104.38,37.9073,18227.04,False,9.49,229.4,1.3,,19187.16,4453,False,0,2025-06-30 23:13:37
ab9b13,AAL2519 ,United States,1751325216.0,1751325217,-93.6787,44.645,4076.7,False,172.22,236.45,23.41,,4160.52,,False,0,2025-06-30 23:13:37
a04691,N117DT  ,United States,1751325212.0,1751325215,-81.4267,28.2571,281.94,False,66.62,329.87,0.0,,312.42,1154,False,0,2025-06-30 23:13:37
a7fa2d,SKW3620 ,United States,1751325216.0,1751325216,-97.0429,36.7312,9837.42,False,210.08,279.3,4.55,,10416.54,1654,False,0,2025-06-30 23:13:37
c01d7e,FLE878  ,Canada,1751325216.0,1751325216,-96.8042,46.9746,11277.6,False,248.57,104.87,0.0,,11597.64,,False,0,2025-06-30 23:13:37
a641fd,GJS4590 ,United States,1751325216.0,1751325216,-77.7211,40.956,3939.54,False,160.58,166.1,-5.53,,4091.94,2304,False,0,2025-06-30 23:13:37
a68a90,N520ST  ,United States,1751325216.0,1751325216,-79.2641,35.978,11582.4,False,215.36,211.22,0.0,,12245.34,2477,False,0,2025-06-30 23:13:37
ab52a2,DAL1053 ,United States,1751325217.0,1751325217,-87.6947,42.2307,6736.08,False,204.28,202.82,10.73,,6995.16,3551,False,0,2025-06-30 23:13:37
a26006,NIT252  ,United States,1751325216.0,1751325216,-83.1918,32.2185,723.9,False,43.74,91.35,-4.88,,518.16,,False,0,2025-06-30 23:13:37
abb5a5,ASH6029 ,United States,1751325215.0,1751325215,-85.7972,30.1642,762.0,False,117.14,154.79,-1.3,,800.1,5565,False,0,2025-06-30 23:13:37
ad08bd,SKW4642 ,United States,1751325216.0,1751325216,-102.2989,44.4614,9753.6,False,233.39,203.51,0.0,,10218.42,,False,0,2025-06-30 23:13:37
a02047,N107SB  ,United States,1751325217.0,1751325217,-96.6351,38.1124,10972.8,False,199.49,254.14,0.0,,11567.16,,False,0,2025-06-30 23:13:37
485341,KLM192  ,Kingdom of the Netherlands,1751325217.0,1751325217,-77.6033,44.0085,11887.2,False,267.98,61.32,-0.33,,12458.7,2406,False,0,2025-06-30 23:13:37
a34fe6,SKW3896 ,United States,1751325216.0,1751325216,-96.7724,41.4787,5715.0,False,171.01,276.91,7.48,,5974.08,,False,0,2025-06-30 23:13:37
aa7b54,SWA4632 ,United States,1751325216.0,1751325217,-105.8008,31.9645,11582.4,False,232.69,250.36,0.0,,12252.96,1137,False,0,2025-06-30 23:13:37
abb5a3,ASH6226 ,United States,1751325209.0,1751325209,-99.4426,27.6314,10363.2,False,221.86,209.6,0.33,,11041.38,4313,False,0,2025-06-30 23:13:37
aaa96f,SWA4570 ,United States,1751325217.0,1751325217,-120.1209,37.4577,11269.98,False,228.33,149.39,3.58,,11826.24,3251,False,0,2025-06-30 23:13:37
a6ffe4,N550EW  ,United States,1751325217.0,1751325217,-114.2343,36.3927,4564.38,False,151.89,229.95,-7.15,,4800.6,,False,0,2025-06-30 23:13:37
a95fbe,ASA508  ,United States,1751325217.0,1751325217,-87.5218,41.1097,10363.2,False,235.72,315.18,0.0,,10896.6,6741,False,0,2025-06-30 23:13:37
c01d2d,FLE624  ,Canada,1751325216.0,1751325217,-80.5175,44.3356,5852.16,False,191.17,130.63,-8.45,,6080.76,3372,False,0,2025-06-30 23:13:37
a2c35b,UAL1352 ,United States,1751325217.0,1751325217,-100.5749,30.9747,11887.2,False,242.82,90.0,0.0,,12580.62,1065,False,0,2025-06-30 23:13:37
a4034e,HPJ358  ,United States,1751325217.0,1751325217,-74.3814,40.1454,12489.18,False,217.86,9.24,0.65,,13159.74,2436,False,0,2025-06-30 23:13:37
a3f694,N3544G  ,United States,1751325062.0,1751325064,-73.0877,40.8077,175.26,False,37.84,223.9,-7.15,,137.16,4244,False,0,2025-06-30 23:13:37
a6697e,JAS127  ,United States,1751325217.0,1751325217,-75.3944,38.5876,12946.38,False,251.98,203.84,9.75,,13578.84,1720,False,0,2025-06-30 23:13:37
ac2fea,SWA2399 ,United States,1751325217.0,1751325217,-111.7118,35.6746,11277.6,False,247.52,97.52,-0.33,,11917.68,,False,0,2025-06-30 23:13:37
a2605b,EJA252  ,United States,1751325216.0,1751325216,-95.9983,40.0495,6431.28,False,247.88,114.92,-10.73,,6751.32,1522,False,0,2025-06-30 23:13:37
a77645,DAL552  ,United States,1751325215.0,1751325216,-111.1408,34.9901,10058.4,False,238.31,75.75,0.0,,10652.76,5262,False,0,2025-06-30 23:13:37
a7c613,N60NA   ,United States,1751325216.0,1751325216,-72.2265,42.3427,1226.82,False,52.0,295.8,0.33,,1234.44,0010,False,0,2025-06-30 23:13:37
a058aa,N121NW  ,United States,1751325216.0,1751325216,-82.3419,34.5882,1211.58,False,39.87,289.6,2.28,,1242.06,,False,0,2025-06-30 23:13:37
c084a3,ACA153  ,Canada,1751325216.0,1751325216,-79.6349,43.694,,True,3.86,306.56,,,,0552,False,0,2025-06-30 23:13:37
aaa992,SWA3240 ,United States,1751325216.0,1751325216,-89.4756,36.7107,11582.4,False,212.68,199.79,-0.33,,12260.58,1045,False,0,2025-06-30 23:13:37
a69cce,N525PH  ,United States,1751325216.0,1751325216,-80.659,35.3991,769.62,False,96.33,8.91,-2.6,,784.86,2511,False,0,2025-06-30 23:13:37
acd619,SKW5539 ,United States,1751325217.0,1751325217,-123.9487,39.8175,7932.42,False,186.36,169.34,4.23,,8267.7,,False,0,2025-06-30 23:13:37
a4acfc,N400DR  ,United States,1751325216.0,1751325217,-84.5291,43.3083,2453.64,False,90.05,336.07,0.33,,2506.98,,False,0,2025-06-30 23:13:37
a2602c,AAY3208 ,United States,1751325217.0,1751325217,-83.7622,29.6149,9433.56,False,248.49,150.89,-14.96,,10005.06,2644,False,0,2025-06-30 23:13:37
a75013,TYSON49 ,United States,1751325216.0,1751325216,-90.0379,34.9814,11894.82,False,240.45,53.35,0.0,,12588.24,7404,False,0,2025-06-30 23:13:37
acc317,NKS2122 ,United States,1751325216.0,1751325217,-80.2927,34.5265,5067.3,False,200.85,333.7,-5.2,,5356.86,3343,False,0,2025-06-30 23:13:37
ac1cde,LBQ640  ,United States,1751325216.0,1751325216,-85.2836,33.7401,3337.56,False,129.56,247.1,0.0,,3528.06,2673,False,0,2025-06-30 23:13:37
a1fcf9,N227WC  ,United States,1751325216.0,1751325216,-117.8505,33.6974,160.02,False,30.19,225.69,-4.23,,99.06,,False,0,2025-06-30 23:13:37
c084b9,ACA168  ,Canada,1751325053.0,1751325053,-79.6161,43.6778,,True,0.0,45.0,,,,3307,False,0,2025-06-30 23:13:37
a2c336,UAL1398 ,United States,1751325217.0,1751325217,-103.1702,40.5097,11277.6,False,236.72,13.19,-0.33,,11841.48,,False,0,2025-06-30 23:13:37
a78999,N585ML  ,United States,1751325214.0,1751325216,-88.0252,35.8409,4869.18,False,164.47,251.96,0.0,,5143.5,5523,False,0,2025-06-30 23:13:37
c00a0b,ACA778  ,Canada,1751325216.0,1751325216,-81.911,45.8655,11269.98,False,269.46,84.08,0.0,,11734.8,7431,False,0,2025-06-30 23:13:37
acc306,N921MT  ,United States,1751325216.0,1751325217,-90.8272,30.3458,13708.38,False,237.42,128.14,0.33,,14409.42,2362,False,0,2025-06-30 23:13:37
a4164c,N3621Y  ,United States,1751325192.0,1751325202,-100.4499,34.4477,1973.58,False,77.62,289.76,-1.3,,2057.4,,False,0,2025-06-30 23:13:37
ac865a,N906KC  ,United States,1751325167.0,1751325169,-95.0271,38.7851,922.02,False,46.01,79.7,-2.93,,944.88,,False,0,2025-06-30 23:13:37
acc31a,AAL2738 ,United States,1751325217.0,1751325217,-74.3139,40.3456,3055.62,False,190.64,44.13,0.0,,3192.78,3060,False,0,2025-06-30 23:13:37
a2b081,UAL1015 ,United States,1751325217.0,1751325217,-77.2787,46.0339,10363.2,False,213.51,276.92,0.0,,10828.02,3537,False,0,2025-06-30 23:13:37
ace96d,AAL2282 ,United States,1751325217.0,1751325217,-95.9579,32.2696,7818.12,False,206.36,271.43,-9.75,,8298.18,2441,False,0,2025-06-30 23:13:37
ace96c,AAL1709 ,United States,1751325216.0,1751325216,-96.9143,32.8481,3383.28,False,126.04,0.23,-4.88,,3566.16,2347,False,0,2025-06-30 23:13:37
ad3cde,N952JA  ,United States,1751325217.0,1751325217,-117.7887,33.5403,922.02,False,48.66,146.65,-0.33,,899.16,,False,0,2025-06-30 23:13:37
a64305,SKW6337 ,United States,1751325216.0,1751325216,-121.3371,43.837,10972.8,False,230.21,335.44,-0.33,,11452.86,2612,False,0,2025-06-30 23:13:37
a77602,N580BA  ,United States,1751325217.0,1751325217,-102.047,31.8455,2400.3,False,91.31,73.3,0.0,,2499.36,,False,0,2025-06-30 23:13:37
a6a627,N5276P  ,United States,1751325216.0,1751325217,-122.1552,37.4397,335.28,False,54.78,14.69,-2.28,,281.94,5374,False,0,2025-06-30 23:13:37
a6ffc6,N550DR  ,United States,1751325119.0,1751325119,-80.1729,26.0659,45.72,False,63.79,90.46,-3.58,,91.44,,False,0,2025-06-30 23:13:37
a4acbd,N400BC  ,United States,1751325217.0,1751325217,-104.1556,40.6346,6873.24,False,220.62,47.27,11.38,,7292.34,,False,0,2025-06-30 23:13:37
a2b060,UAL2158 ,United States,1751325216.0,1751325216,-86.8048,38.6148,11582.4,False,211.64,219.38,0.0,,12222.48,6640,False,0,2025-06-30 23:13:37
a6b94a,EJA532  ,United States,1751325216.0,1751325216,-88.07,37.4965,7010.4,False,226.49,130.86,0.0,,7391.4,1776,False,0,2025-06-30 23:13:37
a1a398,CXK298  ,United States,1751325216.0,1751325216,-105.0726,39.5537,2286.0,False,42.95,173.81,-3.9,,2415.54,,False,0,2025-06-30 23:13:37
ac7380,N901GG  ,United States,1751325212.0,1751325212,-120.4002,35.5516,1844.04,False,104.73,303.38,0.0,,1882.14,2462,False,0,2025-06-30 23:13:37
a178ae,SKW3335 ,United States,1751325212.0,1751325212,-117.4621,44.3005,6484.62,False,223.78,119.92,-2.6,,6842.76,3542,False,0,2025-06-30 23:13:37
a7d928,N6045F  ,United States,1751325216.0,1751325216,-96.1643,32.887,838.2,False,48.63,96.07,-1.3,,853.44,1200,False,0,2025-06-30 23:13:37
acd675,SWA1438 ,United States,1751325211.0,1751325216,-106.6148,35.0478,,True,0.0,180.0,,,,,False,0,2025-06-30 23:13:37
a32b04,FFT3506 ,United States,1751324923.0,1751324936,-77.4261,27.1194,11277.6,False,237.07,125.1,0.33,,11818.62,1006,False,0,2025-06-30 23:13:37
aa58a6,ENY4023 ,United States,1751325217.0,1751325217,-86.3915,42.6236,5623.56,False,184.66,255.81,-7.48,,5829.3,3003,False,0,2025-06-30 23:13:37
a298ef,N2669W  ,United States,1751325215.0,1751325216,-85.3967,30.8492,3322.32,False,67.91,118.51,0.33,,3474.72,,False,0,2025-06-30 23:13:37
adf4e9,JBU398  ,United States,1751325216.0,1751325216,-72.6922,42.6813,9243.06,False,231.82,97.27,-6.83,,9738.36,5713,False,0,2025-06-30 23:13:37
ae01d3,,United States,1751324976.0,1751324976,-85.5689,42.9043,754.38,False,94.25,347.71,3.58,,685.8,,False,0,2025-06-30 23:13:37
a88380,FFT3540 ,United States,1751325216.0,1751325216,-115.1228,36.0783,,True,8.23,92.81,,,,,False,0,2025-06-30 23:13:37
ac71fe,N9003S  ,United States,1751325216.0,1751325216,-71.0424,43.1022,1676.4,False,92.05,43.87,0.0,,1729.74,1200,False,0,2025-06-30 23:13:37
ae01aa,SPAR163 ,United States,1751325216.0,1751325216,-96.1976,37.0696,11269.98,False,250.93,81.99,0.0,,11917.68,,False,0,2025-06-30 23:13:37
a3f5a4,N354WG  ,United States,1751325217.0,1751325217,-102.365,30.9158,13114.02,False,250.75,92.35,0.0,,13830.3,2607,False,0,2025-06-30 23:13:37
a19b2f,GPD202  ,United States,1751325132.0,1751325133,-71.6669,41.185,2125.98,False,120.79,75.19,-0.33,,2217.42,,False,0,2025-06-30 23:13:37
acc1eb,ASA1083 ,United States,1751325216.0,1751325216,-121.7434,44.6826,10988.04,False,225.61,302.71,0.0,,11460.48,4652,False,0,2025-06-30 23:13:37
acc1ee,AAL610  ,United States,1751325216.0,1751325217,-79.806,36.1425,10668.0,False,230.49,55.0,0.0,,11300.46,7237,False,0,2025-06-30 23:13:37
aaa929,SWA3478 ,United States,1751325217.0,1751325217,-90.54,33.8013,11582.4,False,238.29,303.11,0.33,,12268.2,1426,False,0,2025-06-30 23:13:37
a0a8da,UAL2191 ,United States,1751325216.0,1751325216,-97.2735,40.9994,11582.4,False,204.5,260.44,0.0,,12085.32,7244,False,0,2025-06-30 23:13:37
a8d327,NKS2002 ,United States,1751325216.0,1751325216,-80.0339,25.8202,4160.52,False,155.14,212.27,15.61,,4389.12,,False,0,2025-06-30 23:13:37
a0de99,AAL2018 ,United States,1751325216.0,1751325216,-80.3728,33.419,9151.62,False,221.75,29.0,-10.73,,9715.5,3535,False,0,2025-06-30 23:13:37
ad0919,SWA4403 ,United States,1751325217.0,1751325217,-111.7876,33.4084,1112.52,False,104.87,304.0,-0.98,,1097.28,7244,False,0,2025-06-30 23:13:37
a8f97e,N678AP  ,United States,1751325213.0,1751325217,-86.3798,33.2048,723.9,False,66.14,351.05,4.23,,754.38,,False,0,2025-06-30 23:13:37
ac2fa4,SWA3857 ,United States,1751325216.0,1751325216,-104.2942,39.6186,5090.16,False,155.71,308.16,0.0,,5402.58,7434,False,0,2025-06-30 23:13:37
ae2909,6025    ,United States,1751325217.0,1751325217,-82.8544,27.8713,114.3,False,65.12,350.91,0.98,,144.78,4743,False,0,2025-06-30 23:13:37
a9afe7,NKS2301 ,United States,1751325217.0,1751325217,-78.5699,41.5301,8862.06,False,234.7,210.27,2.28,,9364.98,5754,False,0,2025-06-30 23:13:37
a9f302,SKW4913 ,United States,1751325217.0,1751325217,-86.1718,42.6644,6393.18,False,193.52,256.0,-12.03,,6659.88,7464,False,0,2025-06-30 23:13:37
a07b8f,DAL816  ,United States,1751325217.0,1751325217,-74.3839,39.2841,11277.6,False,230.16,36.64,0.0,,11925.3,2745,False,0,2025-06-30 23:13:37
abb601,SWA2969 ,United States,1751324905.0,1751324905,-114.0529,38.6608,11849.1,False,239.8,148.87,0.0,,12527.28,,False,0,2025-06-30 23:13:37
abc91f,DAL2094 ,United States,1751325217.0,1751325217,-101.5897,44.1983,10668.0,False,245.37,78.27,0.0,,11132.82,,False,0,2025-06-30 23:13:37
a33e5e,EDV5360 ,United States,1751325217.0,1751325217,-75.0803,39.0401,1844.04,False,131.47,204.26,0.0,,1912.62,1512,False,0,2025-06-30 23:13:37
aaa954,SWA1938 ,United States,1751325217.0,1751325217,-88.066,31.5037,11887.2,False,234.6,84.59,0.0,,12573.0,2705,False,0,2025-06-30 23:13:37
4851b1,KLM225  ,Kingdom of the Netherlands,1751325216.0,1751325216,-97.6743,30.209,,True,13.38,340.31,,,,,False,0,2025-06-30 23:13:37
aaefbf,N80326  ,United States,1751325102.0,1751325102,-72.3549,42.5423,845.82,False,64.39,7.81,-0.65,,899.16,,False,0,2025-06-30 23:13:37
a1eb32,N2223B  ,United States,1751325217.0,1751325217,-111.7303,40.2276,1447.8,False,43.24,327.63,2.6,,1455.42,,False,0,2025-06-30 23:13:37
a1b5e7,UAL770  ,United States,1751324937.0,1751324937,-87.8944,41.9722,,True,8.23,5.62,,,,6024,False,0,2025-06-30 23:13:37
a94cc2,N699GG  ,United States,1751325216.0,1751325216,-93.8563,42.513,12504.42,False,230.51,358.98,0.33,,12999.72,,False,0,2025-06-30 23:13:37
abb624,SWA2103 ,United States,1751325217.0,1751325217,-95.4152,40.7178,7360.92,False,225.47,153.43,13.33,,7696.2,,False,0,2025-06-30 23:13:37
ab663f,ASH6355 ,United States,1751325190.0,1751325216,-88.222,32.4494,8839.2,False,233.35,85.19,0.33,,9410.7,7345,False,0,2025-06-30 23:13:37
a32b7b,N303LK  ,United States,1751325216.0,1751325216,-123.1462,47.399,1432.56,False,46.2,314.55,1.63,,1478.28,,False,0,2025-06-30 23:13:37
ac0c41,SWA219  ,United States,1751325217.0,1751325217,-89.5248,40.086,8001.0,False,214.84,335.83,-5.2,,8420.1,6131,False,0,2025-06-30 23:13:37
ac1f73,N880SP  ,United States,1751325216.0,1751325216,-105.1795,34.8983,13716.0,False,261.94,112.03,0.33,,14378.94,3207,False,0,2025-06-30 23:13:37
a68b2c,N520YZ  ,United States,1751325210.0,1751325216,-122.1129,37.458,,True,1.54,42.19,,,,,False,0,2025-06-30 23:13:37
a895b0,PDT5968 ,United States,1751325216.0,1751325216,-90.9566,30.8326,1424.94,False,131.61,188.54,-5.85,,1531.62,1244,False,0,2025-06-30 23:13:37
abec26,SWA4137 ,United States,1751325216.0,1751325216,-88.1866,37.5355,12192.0,False,210.2,220.43,0.0,,12870.18,6621,False,0,2025-06-30 23:13:37
a5bb1b,ASA313  ,United States,1751325215.0,1751325215,-102.7117,46.3012,10363.2,False,213.39,283.1,0.0,,10789.92,5754,False,0,2025-06-30 23:13:37
a6a5c3,N5273U  ,United States,1751324979.0,1751324979,-118.1437,33.8227,30.48,False,30.87,270.0,-3.25,,-15.24,,False,0,2025-06-30 23:13:37
acc3b4,AAL3251 ,United States,1751325197.0,1751325197,-112.0008,33.4383,,True,4.63,177.19,,,,6041,False,0,2025-06-30 23:13:37
ac0c64,SWA2292 ,United States,1751325216.0,1751325216,-76.7702,39.1899,2247.9,False,127.01,297.5,13.0,,2324.1,1311,False,0,2025-06-30 23:13:37
aacc5b,UAL918  ,United States,1751325211.0,1751325211,-77.4573,38.9423,,True,0.0,180.0,,,,,False,0,2025-06-30 23:13:37
ab53f1,SCX1948 ,United States,1751325216.0,1751325217,-86.785,41.8779,11582.4,False,227.37,314.36,0.0,,12131.04,7133,False,0,2025-06-30 23:13:37
a69e7a,N5254W  ,United States,1751325216.0,1751325216,-122.2474,47.3194,281.94,False,51.49,182.29,-0.33,,259.08,,False,0,2025-06-30 23:13:37
a68b71,N5201H  ,United States,1751325216.0,1751325216,-122.2745,45.3161,1432.56,False,40.67,34.7,1.63,,1493.52,,False,0,2025-06-30 23:13:37
a1a2e0,SWA4613 ,United States,1751325217.0,1751325217,-81.0135,37.8074,11277.6,False,238.84,83.2,0.33,,11940.54,1716,False,0,2025-06-30 23:13:37
ad93b7,NKS2073 ,United States,1751325216.0,1751325216,-106.3038,36.4215,11582.4,False,224.84,250.9,-0.33,,12222.48,3227,False,0,2025-06-30 23:13:37
abec4d,SWA3622 ,United States,1751325200.0,1751325210,-82.5387,27.9858,,True,0.0,270.0,,,,,False,0,2025-06-30 23:13:37
a99087,TIV715  ,United States,1751325216.0,1751325216,-80.1795,26.077,45.72,False,61.74,90.48,-3.25,,83.82,1131,False,0,2025-06-30 23:13:37
ab40e8,CRE824  ,United States,1751325217.0,1751325217,-87.4113,42.7695,2583.18,False,136.01,327.51,-8.13,,2613.66,7747,False,0,2025-06-30 23:13:37
a788b1,N585CD  ,United States,1751325216.0,1751325216,-90.8219,34.1111,2446.02,False,81.46,242.14,-0.65,,2560.32,,False,0,2025-06-30 23:13:37
ab40f0,AAL2800 ,United States,1751325217.0,1751325217,-95.7093,33.2177,8420.1,False,231.58,67.54,1.63,,8938.26,3602,False,0,2025-06-30 23:13:37
aa8f47,N78MG   ,United States,1751325216.0,1751325216,-83.901,35.7788,1386.84,False,68.63,52.61,3.25,,1440.18,,False,0,2025-06-30 23:13:37
ac0c8b,SWA1018 ,United States,1751325217.0,1751325217,-102.283,37.9424,11551.92,False,232.57,313.12,-5.2,,12169.14,6146,False,0,2025-06-30 23:13:37
abec6c,SWA3822 ,United States,1751325217.0,1751325217,-96.4775,41.3203,10972.8,False,203.71,261.87,0.0,,11452.86,6534,False,0,2025-06-30 23:13:37
a8c094,NKS2127 ,United States,1751325217.0,1751325217,-75.4397,43.0013,9738.36,False,215.27,254.9,0.0,,10248.9,1322,False,0,2025-06-30 23:13:37
a548fa,N44HG   ,United States,1751325216.0,1751325216,-83.7497,39.4826,906.78,False,48.37,32.85,0.65,,891.54,,False,0,2025-06-30 23:13:37
a5bb17,AAL1012 ,United States,1751325217.0,1751325217,-93.7489,37.2692,9761.22,False,226.67,279.93,0.33,,10340.34,1724,False,0,2025-06-30 23:13:37
c01dac,FLE662  ,Canada,1751325217.0,1751325217,-86.6902,44.2566,11277.6,False,254.66,113.2,0.0,,11742.42,5342,False,0,2025-06-30 23:13:37
a5ce40,SWA3169 ,United States,1751325217.0,1751325217,-84.8716,36.4418,11277.6,False,238.07,104.52,0.33,,11948.16,2145,False,0,2025-06-30 23:13:37
a522b3,N43VU   ,United States,1751325201.0,1751325212,-86.5941,39.8624,1074.42,False,50.78,283.47,2.28,,1082.04,,False,0,2025-06-30 23:13:37
a69e45,N5253C  ,United States,1751325216.0,1751325216,-81.1352,35.2155,434.34,False,39.44,300.58,-5.53,,419.1,,False,0,2025-06-30 23:13:37
acb0b9,AAL2963 ,United States,1751325216.0,1751325216,-79.6217,25.2372,5173.98,False,190.59,328.24,-6.83,,5478.78,,False,0,2025-06-30 23:13:37
acb0b6,ASA824  ,United States,1751325217.0,1751325217,-122.4245,47.0348,2354.58,False,144.27,29.95,-6.83,,2468.88,,False,0,2025-06-30 23:13:37
a788d3,DAL863  ,United States,1751325211.0,1751325211,-73.7954,40.6387,,True,0.0,300.94,,,,,False,0,2025-06-30 23:13:37
ab6800,JBU873  ,United States,1751325193.0,1751325193,-74.1872,40.6866,,True,0.0,267.19,,,,4207,False,0,2025-06-30 23:13:37
478f43,SAS904  ,Norway,1751325217.0,1751325217,-69.6645,46.9312,11887.2,False,255.83,28.99,0.0,,12397.74,1617,False,0,2025-06-30 23:13:37
a19aaa,ENY3789 ,United States,1751325216.0,1751325217,-97.2816,32.7368,2910.84,False,150.9,261.37,12.68,,3070.86,2223,False,0,2025-06-30 23:13:37
ad815e,N97AT   ,United States,1751325217.0,1751325217,-122.1767,47.2159,746.76,False,61.2,207.0,0.0,,762.0,,False,0,2025-06-30 23:13:37
a19ab1,AAY3182 ,United States,1751325216.0,1751325217,-87.7223,41.7973,10485.12,False,226.88,158.03,10.08,,10988.04,1626,False,0,2025-06-30 23:13:37
a0345f,RPA4572 ,United States,1751325216.0,1751325216,-79.3517,38.0646,10363.2,False,223.82,310.06,-0.33,,10980.42,6530,False,0,2025-06-30 23:13:37
a7fb70,REH80   ,United States,1751325215.0,1751325215,-121.4088,38.6524,167.64,False,46.96,42.78,-1.95,,99.06,1200,False,0,2025-06-30 23:13:37
a1fdaf,N2272Q  ,United States,1751325216.0,1751325216,-123.1483,44.8955,1379.22,False,48.42,14.77,-0.33,,1402.08,,False,0,2025-06-30 23:13:37
ad8168,N97BC   ,United States,1751325216.0,1751325216,-122.5964,38.2528,83.82,False,27.97,302.23,-3.9,,30.48,,False,0,2025-06-30 23:13:37
a28749,JSX121  ,United States,1751325172.0,1751325172,-115.1611,36.0957,,True,13.89,25.31,,,,,False,0,2025-06-30 23:13:37
aaa9d8,SWA4446 ,United States,1751325217.0,1751325217,-103.3883,37.1384,11887.2,False,233.06,143.89,0.33,,12504.42,0633,False,0,2025-06-30 23:13:37
ab79cc,TKR160  ,United States,1751325214.0,1751325214,-120.8566,40.1993,3025.14,False,148.64,98.16,-3.58,,3200.4,,False,0,2025-06-30 23:13:37
a1b725,N20997  ,United States,1751325194.0,1751325195,-80.5286,34.9748,777.24,False,44.82,279.25,-1.95,,784.86,,False,0,2025-06-30 23:13:37
ac1f0e,AAL1848 ,United States,1751325217.0,1751325217,-86.5062,41.9703,7429.5,False,264.94,93.56,3.58,,7757.16,6247,False,0,2025-06-30 23:13:37
a2c43b,N278AG  ,United States,1751324814.0,1751325105,-97.8252,33.3896,929.64,False,52.48,178.88,-1.63,,914.4,,False,0,2025-06-30 23:13:37
a2b10f,UAL370  ,United States,1751325217.0,1751325217,-93.3673,44.9063,1623.06,False,126.79,273.49,12.68,,1607.82,,False,0,2025-06-30 23:13:37
a895f8,WUP652  ,United States,1751325216.0,1751325216,-79.7788,33.316,12192.0,False,237.16,214.48,0.0,,12854.94,2157,False,0,2025-06-30 23:13:37
a2b112,UAL1641 ,United States,1751325216.0,1751325216,-103.7601,40.4261,11277.6,False,246.34,73.87,0.0,,11856.72,7756,False,0,2025-06-30 23:13:37
a882c9,N64784  ,United States,1751325215.0,1751325215,-99.0409,43.754,2301.24,False,89.65,96.92,0.0,,2415.54,,False,0,2025-06-30 23:13:37
a32ad5,DAL1697 ,United States,1751325216.0,1751325216,-90.6576,32.2411,10660.38,False,241.88,80.7,-0.33,,11315.7,4022,False,0,2025-06-30 23:13:37
a68b95,,United States,1751325216.0,1751325216,-89.4794,37.2731,982.98,False,44.05,42.63,1.63,,998.22,,False,0,2025-06-30 23:13:37
a81b3a,N621PA  ,United States,1751324852.0,1751325216,-96.8873,33.4703,944.88,False,41.78,232.0,0.33,,960.12,,False,0,2025-06-30 23:13:37
a762d3,AAL3230 ,United States,1751325182.0,1751325182,-89.4014,32.7004,9761.22,False,241.34,283.06,0.0,,10378.44,3250,False,0,2025-06-30 23:13:37
a44aa2,FFT2259 ,United States,1751325216.0,1751325216,-112.1845,33.5764,3185.16,False,153.5,15.15,8.13,,3352.8,4125,False,0,2025-06-30 23:13:37
add16d,WUP945  ,United States,1751325216.0,1751325216,-93.9748,39.3476,13716.0,False,249.91,98.05,-0.98,,14317.98,3354,False,0,2025-06-30 23:13:37
a2b110,UAL1551 ,United States,1751325210.0,1751325216,-74.1746,40.6965,,True,0.0,42.19,,,,,False,0,2025-06-30 23:13:37
add15f,LRT99   ,United States,1751325216.0,1751325216,-80.5802,28.9791,10972.8,False,265.02,173.65,0.33,,11559.54,6307,False,0,2025-06-30 23:13:37
a32ac6,ENY3627 ,United States,1751325217.0,1751325217,-85.4951,36.7716,9753.6,False,229.07,251.0,0.33,,10355.58,4333,False,0,2025-06-30 23:13:37
a2878e,N262MR  ,United States,1751325207.0,1751325207,-111.98,40.0883,1607.82,False,51.45,270.57,0.65,,1653.54,,False,0,2025-06-30 23:13:37
c00b7c,JZA735  ,Canada,1751325216.0,1751325216,-79.719,43.649,899.16,False,103.89,237.33,8.13,,868.68,0554,False,0,2025-06-30 23:13:37
ac0c24,SWA577  ,United States,1751325097.0,1751325106,-97.6663,30.2007,,True,0.51,61.88,,,,,False,0,2025-06-30 23:13:37
abec03,SWA2452 ,United States,1751325217.0,1751325217,-94.9717,35.416,12496.8,False,228.27,162.42,0.0,,13167.36,1607,False,0,2025-06-30 23:13:37
a6ee8e,DAL1574 ,United States,1751325217.0,1751325217,-119.0206,46.3628,9791.7,False,253.54,78.53,4.55,,10233.66,6675,False,0,2025-06-30 23:13:37
a0ddfb,AAL1415 ,United States,1751324926.0,1751324926,-97.0547,32.9144,190.5,False,73.57,180.4,-2.6,,167.64,1427,False,0,2025-06-30 23:13:37
ac99ec,N9106Y  ,United States,1751325216.0,1751325216,-87.5406,41.5049,487.68,False,51.97,358.87,-1.3,,411.48,1200,False,0,2025-06-30 23:13:37
a81b63,EJA621  ,United States,1751325207.0,1751325216,-77.4549,38.9389,,True,0.0,267.19,,,,,False,0,2025-06-30 23:13:37
a15474,N185NJ  ,United States,1751325217.0,1751325217,-117.1219,48.1814,1615.44,False,67.84,18.57,-1.3,,1645.92,,False,0,2025-06-30 23:13:37
a8e733,DAL1785 ,United States,1751325216.0,1751325216,-78.9164,31.8658,11277.6,False,234.76,327.53,0.0,,11841.48,,False,0,2025-06-30 23:13:37
ac741c,AAL1630 ,United States,1751325216.0,1751325216,-80.1434,37.4647,10972.8,False,237.99,236.55,0.0,,11628.12,5606,False,0,2025-06-30 23:13:37
aa344c,N757CR  ,United States,1751325214.0,1751325217,-73.4146,40.7482,121.92,False,35.5,179.17,-2.6,,83.82,3716,False,0,2025-06-30 23:13:37
a4f132,N4175K  ,United States,1751325216.0,1751325216,-122.0448,37.4568,906.78,False,98.01,94.21,0.65,,906.78,6351,False,0,2025-06-30 23:13:37
a65789,BMJ1805 ,United States,1751325216.0,1751325216,-104.408,38.0578,2971.8,False,83.53,176.12,0.0,,3154.68,,False,0,2025-06-30 23:13:37
ae172a,BALL14  ,United States,1751325216.0,1751325216,-97.7701,35.4409,891.54,False,74.29,36.55,0.65,,922.02,,False,0,2025-06-30 23:13:37
a82dbd,NKS2244 ,United States,1751325216.0,1751325216,-85.3257,40.3653,8534.4,False,176.94,214.34,0.0,,9006.84,2630,False,0,2025-06-30 23:13:37
aba40f,N8493F  ,United States,1751325217.0,1751325217,-93.1594,43.0654,769.62,False,40.68,302.08,-0.98,,754.38,,False,0,2025-06-30 23:13:37
abfdaf,SWA4333 ,United States,1751325216.0,1751325217,-89.8455,42.9977,9753.6,False,203.87,262.61,0.0,,10142.22,4130,False,0,2025-06-30 23:13:37
acd71a,N9262H  ,United States,1751325216.0,1751325216,-122.702,45.6937,304.8,False,53.61,154.42,2.6,,281.94,,False,0,2025-06-30 23:13:37
c085aa,CGYQB   ,Canada,1751325216.0,1751325217,-72.7441,45.5399,670.56,False,57.92,18.11,-0.33,,,,False,0,2025-06-30 23:13:37
ac0aac,UAL1095 ,United States,1751325216.0,1751325216,-93.843,43.0809,10675.62,False,273.38,87.74,0.0,,11064.24,0040,False,0,2025-06-30 23:13:37
aa7ac8,SWA1403 ,United States,1751325217.0,1751325217,-122.2449,37.7226,312.42,False,80.76,315.0,7.8,,266.7,,False,0,2025-06-30 23:13:37
a1a48b,N20490  ,United States,1751325215.0,1751325215,-122.965,44.4638,1066.8,False,40.39,83.42,2.6,,1082.04,,False,0,2025-06-30 23:13:37
a2b12d,UAL396  ,United States,1751325216.0,1751325217,-87.0396,41.925,3070.86,False,147.86,284.71,-0.33,,3169.92,1047,False,0,2025-06-30 23:13:37
a39476,N33LF   ,United States,1751325209.0,1751325209,-105.1179,39.9121,1615.44,False,3.25,18.43,0.0,,1699.26,,False,0,2025-06-30 23:13:37
a38141,DAL2468 ,United States,1751325216.0,1751325217,-88.6959,43.9709,10965.18,False,196.39,260.04,-0.33,,11376.66,2211,False,0,2025-06-30 23:13:37
a82df6,EJA626  ,United States,1751325216.0,1751325216,-82.7081,29.8099,13106.4,False,216.11,109.9,0.0,,13738.86,0513,False,0,2025-06-30 23:13:37
ae1751,JAVAN73 ,United States,1751325216.0,1751325216,-100.8077,30.5156,1973.58,False,136.28,212.67,-0.33,,2087.88,,False,0,2025-06-30 23:13:37
aa7ab1,N7743N  ,United States,1751325216.0,1751325216,-117.4092,33.728,1036.32,False,56.66,290.74,-2.6,,1013.46,,False,0,2025-06-30 23:13:37
a2b135,UAL1086 ,United States,1751325127.0,1751325188,-108.3223,42.384,10972.8,False,224.67,302.09,0.0,,11551.92,6532,False,0,2025-06-30 23:13:37
ac6118,UAL1329 ,United States,1751325217.0,1751325217,-74.1961,40.1933,3756.66,False,179.31,193.44,11.05,,3916.68,1710,False,0,2025-06-30 23:13:37
c085ce,PAG384  ,Canada,1751325217.0,1751325217,-81.0783,46.7933,1859.28,False,106.14,30.92,-0.65,,1844.04,,False,0,2025-06-30 23:13:37
aa7aa6,SWA46   ,United States,1751325217.0,1751325217,-96.8543,32.9806,1150.62,False,111.89,294.44,-4.55,,1196.34,4031,False,0,2025-06-30 23:13:37
c085e0,WJA714  ,Canada,1751325216.0,1751325216,-92.5961,45.5928,11277.6,False,251.98,110.43,-0.33,,11582.4,1715,False,0,2025-06-30 23:13:37
a5bae5,N46889  ,United States,1751325216.0,1751325216,-122.9415,45.6765,1043.94,False,51.7,185.71,-2.28,,1059.18,,False,0,2025-06-30 23:13:37
a286a8,N262CL  ,United States,1751325217.0,1751325217,-95.7872,30.3226,1051.56,False,54.99,169.22,0.0,,1089.66,1200,False,0,2025-06-30 23:13:37
c01e13,FLE440  ,Canada,1751325216.0,1751325216,-81.2965,43.7291,4884.42,False,179.92,98.38,-5.2,,5052.06,2650,False,0,2025-06-30 23:13:37
a0cc06,AAL2226 ,United States,1751325216.0,1751325216,-81.3969,29.686,6507.48,False,234.12,358.87,5.2,,6873.24,2102,False,0,2025-06-30 23:13:37
a08f60,TWY308  ,United States,1751325217.0,1751325217,-99.3808,35.4903,8831.58,False,210.95,263.0,4.23,,9364.98,,False,0,2025-06-30 23:13:37
ac878c,EDV5203 ,United States,1751325215.0,1751325215,-84.4234,33.6468,289.56,False,79.22,270.0,0.98,,274.32,,False,0,2025-06-30 23:13:37
a0a9f6,UCA4303 ,United States,1751325216.0,1751325217,-72.3505,40.8899,5478.78,False,219.35,49.66,-12.03,,5775.96,5711,False,0,2025-06-30 23:13:37
a6a711,JIA5443 ,United States,1751325216.0,1751325216,-81.1086,35.1898,10058.4,False,230.96,54.61,-0.33,,10675.62,0076,False,0,2025-06-30 23:13:37
a2b198,UAL2474 ,United States,1751325217.0,1751325217,-77.313,41.0572,10363.2,False,225.48,242.85,0.0,,10957.56,1147,False,0,2025-06-30 23:13:37
a2b196,UAL1904 ,United States,1751325168.0,1751325168,-73.8782,40.7794,,True,0.0,30.94,,,,,False,0,2025-06-30 23:13:37
a033ae,AAL15   ,United States,1751325216.0,1751325216,-84.7326,43.9716,10363.2,False,216.1,278.9,0.65,,10812.78,5777,False,0,2025-06-30 23:13:37
a3d10f,DAL1387 ,United States,1751325216.0,1751325216,-86.7525,33.6396,10965.18,False,238.55,218.08,0.33,,11635.74,0215,False,0,2025-06-30 23:13:37
a2b17a,UAL2382 ,United States,1751325217.0,1751325217,-99.8812,33.9176,10668.0,False,249.24,94.5,0.33,,11308.08,,False,0,2025-06-30 23:13:37
a53774,UAL2285 ,United States,1751325216.0,1751325216,-97.9662,33.3013,11277.6,False,243.7,121.71,0.0,,11993.88,3202,False,0,2025-06-30 23:13:37
a046f2,RPA4596 ,United States,1751325216.0,1751325216,-86.3485,36.0709,3208.02,False,156.91,89.62,13.33,,3383.28,1535,False,0,2025-06-30 23:13:37
add124,N99JT   ,United States,1751325215.0,1751325215,-96.8437,34.2661,1386.84,False,83.97,284.55,0.0,,1440.18,1200,False,0,2025-06-30 23:13:37
ab4187,WUP824  ,United States,1751325216.0,1751325216,-82.8119,42.2841,1508.76,False,119.0,326.1,-5.2,,1493.52,7305,False,0,2025-06-30 23:13:37
a08f41,N135RF  ,United States,1751325217.0,1751325217,-115.9248,48.2617,3169.92,False,65.24,311.48,2.6,,3307.08,,False,0,2025-06-30 23:13:37
a0a9d4,UCA4349 ,United States,1751325217.0,1751325217,-77.4572,38.9493,,True,4.89,191.25,,,,,False,0,2025-06-30 23:13:37
a3f798,N355CF  ,United States,1751325206.0,1751325214,-111.198,32.5926,1402.08,False,53.95,325.1,0.0,,1386.84,1623,False,0,2025-06-30 23:13:37
a0a9d1,UCA4247 ,United States,1751325185.0,1751325203,-96.9652,27.5222,,True,205.68,220.94,-10.4,,,5335,False,0,2025-06-30 23:13:37
ad945a,AAL2679 ,United States,1751325216.0,1751325216,-86.896,28.3709,10363.2,False,239.47,288.28,0.0,,10980.42,,False,0,2025-06-30 23:13:37
ad2aed,AAL355  ,United States,1751325216.0,1751325216,-96.2147,32.1245,7109.46,False,229.41,328.2,-11.05,,7559.04,7263,False,0,2025-06-30 23:13:37
ad2aea,ASA734  ,United States,1751325217.0,1751325217,-117.3493,44.6084,10363.2,False,233.91,314.55,0.0,,10850.88,,False,0,2025-06-30 23:13:37
a1c9a0,N214NX  ,United States,1751325216.0,1751325216,-123.3355,48.0897,815.34,False,73.71,289.57,-4.23,,853.44,0733,False,0,2025-06-30 23:13:37
a3e470,N35WH   ,United States,1751325216.0,1751325216,-119.0355,37.1868,7620.0,False,114.09,170.92,0.0,,8008.62,,False,0,2025-06-30 23:13:37
a08f57,ELZ5    ,United States,1751325214.0,1751325216,-81.0922,30.9337,9753.6,False,265.39,184.89,0.0,,10347.96,2510,False,0,2025-06-30 23:13:37
a8d489,UAL2331 ,United States,1751325216.0,1751325216,-97.7579,43.6121,9753.6,False,221.69,280.29,0.33,,10126.98,6530,False,0,2025-06-30 23:13:37
a19c51,N20236  ,United States,1751325216.0,1751325216,-122.2312,46.9532,1432.56,False,45.65,219.97,1.3,,1478.28,,False,0,2025-06-30 23:13:37
a1b6e3,CXK352  ,United States,1751325216.0,1751325216,-118.132,33.8139,121.92,False,33.96,270.87,0.0,,76.2,,False,0,2025-06-30 23:13:37
a1a3b9,N20430  ,United States,1751325207.0,1751325216,-111.8314,33.1415,670.56,False,37.59,267.65,0.33,,586.74,1200,False,0,2025-06-30 23:13:37
adf5ef,N999VB  ,United States,1751325216.0,1751325216,-104.4176,40.312,8229.6,False,141.8,82.08,0.0,,8702.04,6564,False,0,2025-06-30 23:13:37
c0737c,WJA2199 ,Canada,1751325216.0,1751325216,-74.3115,40.9917,11582.4,False,213.66,311.1,0.33,,12207.24,3723,False,0,2025-06-30 23:13:37
a20c44,ENY3797 ,United States,1751325217.0,1751325217,-84.8602,34.4054,10835.64,False,230.99,332.98,-8.78,,11490.96,6037,False,0,2025-06-30 23:13:37
c0737d,CGRTC   ,Canada,1751325216.0,1751325216,-72.9374,45.8691,944.88,False,60.51,284.27,-3.25,,929.64,,False,0,2025-06-30 23:13:37
a7a17b,DAL1655 ,United States,1751325216.0,1751325216,-71.2819,42.5647,2164.08,False,145.11,1.22,10.73,,2232.66,,False,0,2025-06-30 23:13:37
a57f42,SWA3385 ,United States,1751325216.0,1751325216,-113.2766,32.9148,11574.78,False,230.01,268.72,-1.95,,12230.1,2152,False,0,2025-06-30 23:13:37
a08f6b,SKW5948 ,United States,1751325216.0,1751325216,-87.7485,40.3547,8404.86,False,215.87,172.47,6.18,,8846.82,6540,False,0,2025-06-30 23:13:37
c06081,ACA376  ,Canada,1751325216.0,1751325217,-73.594,45.5698,792.48,False,99.01,222.89,-5.2,,784.86,,False,0,2025-06-30 23:13:37
a87196,NKS2665 ,United States,1751325216.0,1751325217,-82.0892,35.4123,10972.8,False,241.79,247.75,-0.33,,11643.36,5412,False,0,2025-06-30 23:13:37
a69f24,N5259R  ,United States,1751325217.0,1751325217,-122.0993,37.6879,449.58,False,57.72,53.33,1.63,,403.86,,False,0,2025-06-30 23:13:37
a033d2,MXY656  ,United States,1751325216.0,1751325216,-86.2687,28.1865,10668.0,False,244.51,108.4,0.33,,11315.7,3344,False,0,2025-06-30 23:13:37
a789b4,JIA5273 ,United States,1751325216.0,1751325216,-75.4029,39.0819,6408.42,False,198.91,187.88,8.45,,6766.56,,False,0,2025-06-30 23:13:37
a669dc,N512LE  ,United States,1751325190.0,1751325191,-95.675,29.8239,45.72,False,33.02,198.15,-4.88,,38.1,,False,0,2025-06-30 23:13:37
a0a9fe,N1419D  ,United States,1751325217.0,1751325217,-81.062,29.0606,502.92,False,59.56,70.31,-2.28,,548.64,3552,False,0,2025-06-30 23:13:37
a21f57,FFT4874 ,United States,1751325217.0,1751325217,-80.3532,26.0669,975.36,False,96.21,90.61,-4.88,,1059.18,7230,False,0,2025-06-30 23:13:37
a08f98,,United States,1751325122.0,1751325122,-86.8072,36.1529,228.6,False,10.4,278.53,-1.63,,396.24,,False,0,2025-06-30 23:13:37
a88467,QXE2129 ,United States,1751325211.0,1751325211,-101.6801,41.0765,10363.2,False,210.71,294.06,0.0,,10881.36,,False,0,2025-06-30 23:13:37
c08688,CGYYP   ,Canada,1751325216.0,1751325216,-122.7244,48.3839,2743.2,False,70.48,269.58,-0.33,,2887.98,0462,False,0,2025-06-30 23:13:37
a9f424,SKW4950 ,United States,1751325216.0,1751325217,-84.4377,42.8544,4358.64,False,168.13,286.72,14.31,,4526.28,,False,0,2025-06-30 23:13:37
a8c121,UAL3    ,United States,1751325215.0,1751325216,-67.2057,48.3818,10668.0,False,258.84,72.18,0.0,,11087.1,2421,False,0,2025-06-30 23:13:37
a140dd,N180BZ  ,United States,1751325177.0,1751325215,-71.5289,42.7895,91.44,False,44.66,122.77,4.55,,76.2,5130,False,0,2025-06-30 23:13:37
a57f04,UAL2658 ,United States,1751325216.0,1751325217,-102.6024,42.0593,10363.2,False,225.66,266.86,0.0,,10881.36,7213,False,0,2025-06-30 23:13:37
a45f59,DAL1978 ,United States,1751325216.0,1751325217,-84.325,33.5372,2026.92,False,120.38,90.24,-8.45,,2125.98,2415,False,0,2025-06-30 23:13:37
a2e9fd,SWA674  ,United States,1751325216.0,1751325216,-76.8516,39.4006,1668.78,False,131.01,165.91,-2.6,,1729.74,2245,False,0,2025-06-30 23:13:37
a1ec57,MXY563  ,United States,1751325216.0,1751325217,-95.4961,32.43,11277.6,False,235.82,76.12,-0.33,,11963.4,1532,False,0,2025-06-30 23:13:37
ac7419,NKS2572 ,United States,1751325212.0,1751325212,-84.4114,33.6454,,True,12.86,90.0,,,,,False,0,2025-06-30 23:13:37
ab9ab3,JRE847  ,United States,1751325216.0,1751325217,-95.3163,38.4086,12192.0,False,190.68,283.1,0.0,,12793.98,1140,False,0,2025-06-30 23:13:37
a8aac8,DAL1083 ,United States,1751325204.0,1751325204,-82.322,26.8487,3299.46,False,156.24,146.41,0.0,,3474.72,2255,False,0,2025-06-30 23:13:37
a12c0f,N175DD  ,United States,1751325196.0,1751325196,-119.0411,37.7899,4457.7,False,29.32,36.56,,,,,False,0,2025-06-30 23:13:37
a099ff,N138MC  ,United States,1751325217.0,1751325217,-73.0435,41.7034,2651.76,False,81.75,49.59,0.0,,2750.82,1200,False,0,2025-06-30 23:13:37
a12c18,DAL365  ,United States,1751325217.0,1751325217,-82.7855,45.294,10972.8,False,216.3,278.34,-0.33,,11399.52,3033,False,0,2025-06-30 23:13:37
ad2573,SWA444  ,United States,1751325216.0,1751325217,-94.1252,38.0464,11582.4,False,216.08,270.68,0.0,,12207.24,6211,False,0,2025-06-30 23:13:37
ac058a,DAL2437 ,United States,1751325215.0,1751325217,-96.8094,46.723,10668.0,False,254.93,110.56,0.0,,10972.8,,False,0,2025-06-30 23:13:37
a82791,N62407  ,United States,1751325217.0,1751325217,-123.1183,45.6276,609.6,False,53.51,232.03,-5.2,,586.74,,False,0,2025-06-30 23:13:37
ad124e,EJA941  ,United States,1751325216.0,1751325216,-96.5601,32.6853,1828.8,False,146.27,327.2,0.0,,1897.38,1672,False,0,2025-06-30 23:13:37
a2af04,N272MG  ,United States,1751325216.0,1751325216,-80.3693,25.6494,137.16,False,49.9,89.41,-0.65,,152.4,,False,0,2025-06-30 23:13:37
ad6bdc,JBU416  ,United States,1751325216.0,1751325216,-113.4938,41.4941,10660.38,False,243.41,80.02,0.0,,11216.64,,False,0,2025-06-30 23:13:37
a9dde8,N735CZ  ,United States,1751325216.0,1751325216,-81.9324,28.8274,266.7,False,67.03,72.12,2.28,,312.42,,False,0,2025-06-30 23:13:37
a216b1,N2335E  ,United States,1751325071.0,1751325071,-95.7582,41.2471,411.48,False,27.78,1.06,-2.6,,441.96,,False,0,2025-06-30 23:13:37
a6c12f,VOI730  ,United States,1751325206.0,1751325206,-97.6747,25.4462,11292.84,False,234.33,4.66,0.0,,12009.12,,False,0,2025-06-30 23:13:37
a349a6,N3103V  ,United States,1751325217.0,1751325217,-87.8528,42.0815,457.2,False,32.74,261.87,-1.3,,434.34,1200,False,0,2025-06-30 23:13:37
abd26b,SWA3968 ,United States,1751325216.0,1751325216,-106.3688,37.4995,11277.6,False,237.73,61.99,0.65,,11887.2,2640,False,0,2025-06-30 23:13:37
ad1267,N941RS  ,United States,1751325216.0,1751325216,-97.6707,38.9126,12496.8,False,253.91,73.4,-0.33,,13098.78,1720,False,0,2025-06-30 23:13:37
a12c04,N175CT  ,United States,1751325216.0,1751325216,-75.0629,40.3554,2560.32,False,158.36,47.24,-8.78,,2659.38,3302,False,0,2025-06-30 23:13:37
a7e133,N6069Y  ,United States,1751325215.0,1751325216,-96.6341,33.9568,1036.32,False,75.37,8.24,5.85,,1036.32,,False,0,2025-06-30 23:13:37
ad1290,N941TH  ,United States,1751324895.0,1751324905,-97.6455,35.524,411.48,False,28.81,0.0,-1.95,,403.86,,False,0,2025-06-30 23:13:37
a5a10a,AAL143  ,United States,1751325216.0,1751325216,-120.5133,33.7838,7940.04,False,236.13,260.72,3.58,,8328.66,,False,0,2025-06-30 23:13:37
a060ae,AAL1320 ,United States,1751325216.0,1751325216,-84.6047,33.501,10058.4,False,238.43,81.19,0.0,,10675.62,7306,False,0,2025-06-30 23:13:37
a4dad4,,United States,1751325215.0,1751325215,-77.4496,38.9473,,True,4.37,275.62,,,,,False,0,2025-06-30 23:13:37
4075b4,VIR104L ,United Kingdom,1751325214.0,1751325216,-81.7374,38.1658,11277.6,False,254.06,40.24,0.0,,11940.54,5163,False,0,2025-06-30 23:13:37
a203b0,AAY1334 ,United States,1751325217.0,1751325217,-94.8584,44.5041,10965.18,False,215.26,331.29,0.33,,11308.08,3062,False,0,2025-06-30 23:13:37
a0d6fb,SKW5236 ,United States,1751325216.0,1751325216,-116.1211,47.0534,10081.26,False,192.66,212.46,3.58,,10546.08,,False,0,2025-06-30 23:13:37
a00c7a,DAL519  ,United States,1751325217.0,1751325217,-97.3474,36.9106,10980.42,False,225.76,292.65,0.0,,11605.26,1614,False,0,2025-06-30 23:13:37
a36c12,N32BB   ,United States,1751325088.0,1751325088,-86.432,30.3559,243.84,False,71.11,322.05,-2.93,,259.08,2521,False,0,2025-06-30 23:13:37
ac17b0,SWA2152 ,United States,1751325213.0,1751325213,-97.6646,30.2018,,True,0.0,351.56,,,,,False,0,2025-06-30 23:13:37
a67146,N514LA  ,United States,1751325216.0,1751325216,-81.6674,34.0874,1211.58,False,66.14,264.64,0.0,,1264.92,,False,0,2025-06-30 23:13:37
ac17b3,N8789T  ,United States,1751325216.0,1751325216,-85.4354,32.6307,327.66,False,35.63,197.65,-3.9,,342.9,,False,0,2025-06-30 23:13:37
a6c125,N534VA  ,United States,1751325216.0,1751325216,-121.5687,37.0239,807.72,False,57.8,163.98,4.23,,777.24,,False,0,2025-06-30 23:13:37
a6c120,AAL1422 ,United States,1751325216.0,1751325216,-71.1932,41.8258,3345.18,False,139.17,60.31,-0.33,,3489.96,2541,False,0,2025-06-30 23:13:37
ad129d,N941TW  ,United States,1751325217.0,1751325217,-121.7185,38.092,1303.02,False,50.93,90.58,1.3,,1295.4,,False,0,2025-06-30 23:13:37
a7912a,DAL693  ,United States,1751325215.0,1751325216,-84.259,33.6498,1188.72,False,95.53,262.26,-5.53,,1234.44,3542,False,0,2025-06-30 23:13:37
a2af23,ENY3801 ,United States,1751325217.0,1751325217,-91.3295,34.2888,9448.8,False,247.41,79.58,0.0,,10043.16,2346,False,0,2025-06-30 23:13:37
a0c3b6,CSB7521 ,United States,1751325216.0,1751325216,-84.6685,39.1523,769.62,False,84.08,175.79,-1.95,,754.38,3525,False,0,2025-06-30 23:13:37
c05f94,ROU1740 ,Canada,1751325215.0,1751325215,-80.3497,24.4622,10363.2,False,240.85,223.96,0.0,,10934.7,3025,False,0,2025-06-30 23:13:37
a68485,SKW6242 ,United States,1751325192.0,1751325192,-116.0302,43.4994,1661.16,False,111.61,295.38,-6.83,,1775.46,,False,0,2025-06-30 23:13:37
a203a3,N229NG  ,United States,1751325216.0,1751325216,-85.5157,34.7391,7924.8,False,128.86,302.61,0.0,,8404.86,3142,False,0,2025-06-30 23:13:37
a25f51,N252EA  ,United States,1751325176.0,1751325180,-113.2996,32.8691,2049.78,False,40.29,264.87,0.0,,2125.98,4147,False,0,2025-06-30 23:13:37
a3cf6d,UAL1275 ,United States,1751325216.0,1751325216,-109.1782,32.515,10972.8,False,231.88,277.39,-0.33,,11605.26,1001,False,0,2025-06-30 23:13:37
ac0519,SWA1078 ,United States,1751325217.0,1751325217,-81.7972,32.5073,11247.12,False,235.38,125.39,-4.88,,11902.44,1531,False,0,2025-06-30 23:13:37
a0c3fc,ABX3196 ,United States,1751325217.0,1751325217,-85.5683,33.7803,11590.02,False,232.92,337.4,0.0,,12260.58,3611,False,0,2025-06-30 23:13:37
ab951a,N8452R  ,United States,1751325216.0,1751325216,-83.8748,43.4441,518.16,False,48.39,226.29,-0.33,,449.58,,False,0,2025-06-30 23:13:37
a2af7c,N272SB  ,United States,1751325216.0,1751325216,-76.4537,36.5919,1005.84,False,39.81,205.24,2.93,,1112.52,1640,False,0,2025-06-30 23:13:37
a323d6,VJA301  ,United States,1751325216.0,1751325216,-117.7834,34.0815,7688.58,False,216.01,42.01,14.96,,8092.44,1032,False,0,2025-06-30 23:13:37
ab3edd,ASH3234 ,United States,1751325216.0,1751325216,-96.3461,31.2455,8823.96,False,228.52,154.82,-5.2,,9380.22,5156,False,0,2025-06-30 23:13:37
a696f1,N52334  ,United States,1751325216.0,1751325216,-97.9853,30.3436,411.48,False,51.32,118.11,2.6,,419.1,,False,0,2025-06-30 23:13:37
a826bb,N624ST  ,United States,1751325216.0,1751325216,-122.4318,45.6302,449.58,False,36.41,293.3,4.55,,441.96,,False,0,2025-06-30 23:13:37
acaec8,AAL3137 ,United States,1751325216.0,1751325216,-94.5226,40.904,10378.44,False,202.54,251.33,-0.33,,10873.74,1334,False,0,2025-06-30 23:13:37
ac0543,VTE3841 ,United States,1751325217.0,1751325217,-83.9848,40.1957,8534.4,False,192.93,307.63,-0.33,,8968.74,0246,False,0,2025-06-30 23:13:37
abd204,SWA1283 ,United States,1751325216.0,1751325216,-80.2399,33.137,12192.0,False,243.56,217.62,0.0,,12847.32,4770,False,0,2025-06-30 23:13:37
a959b4,EJA701  ,United States,1751325216.0,1751325217,-88.3048,45.0333,13106.4,False,203.42,278.58,-0.33,,13533.12,1376,False,0,2025-06-30 23:13:37
a336e3,AAL1208 ,United States,1751325216.0,1751325216,-103.6506,34.8527,11887.2,False,232.2,117.87,0.33,,12527.28,7760,False,0,2025-06-30 23:13:37
a85c01,FFT3132 ,United States,1751324910.0,1751324911,-95.3037,30.0072,144.78,False,72.54,270.41,-3.58,,152.4,2520,False,0,2025-06-30 23:13:37
ad3854,N95091  ,United States,1751325184.0,1751325184,-80.573,35.1347,304.8,False,29.69,261.03,-2.28,,289.56,,False,0,2025-06-30 23:13:37
a336df,AAL2668 ,United States,1751325216.0,1751325217,-81.7107,41.5047,937.26,False,88.89,209.09,0.65,,914.4,2034,False,0,2025-06-30 23:13:37
a97aff,N71PF   ,United States,1751325215.0,1751325215,-72.7804,40.7495,358.14,False,71.88,246.37,-0.33,,327.66,,False,0,2025-06-30 23:13:37
ad385f,AAL2673 ,United States,1751325195.0,1751325213,-89.1648,32.7872,10058.4,False,241.75,110.56,-0.33,,10690.86,0564,False,0,2025-06-30 23:13:37
ad6bac,N964GV  ,United States,1751325216.0,1751325216,-80.3964,26.4588,2103.12,False,69.27,27.9,0.0,,2209.8,,False,0,2025-06-30 23:13:37
abe52d,AMX456  ,United States,1751325216.0,1751325216,-84.5176,35.1973,9753.6,False,238.05,220.09,0.0,,10332.72,5652,False,0,2025-06-30 23:13:37
ad2531,TCN946  ,United States,1751325217.0,1751325217,-104.7496,39.7053,4625.34,False,179.95,52.9,3.9,,4914.9,,False,0,2025-06-30 23:13:37
a8aaff,FFT4702 ,United States,1751325209.0,1751325214,-97.6714,30.194,,True,0.0,154.69,,,,3703,False,0,2025-06-30 23:13:37
a589e0,N456RC  ,United States,1751325208.0,1751325208,-119.6811,35.602,2545.08,False,44.76,0.0,-0.65,,2590.8,,False,0,2025-06-30 23:13:37
407698,VIR8Y   ,United Kingdom,1751325217.0,1751325217,-116.2026,35.1834,9890.76,False,268.09,47.96,6.18,,10431.78,1031,False,0,2025-06-30 23:13:37
407699,VIR153  ,United Kingdom,1751325216.0,1751325216,-73.7741,40.6313,,True,3.86,300.94,,,,6030,False,0,2025-06-30 23:13:37
c029c8,PVL2586 ,Canada,1751325216.0,1751325216,-70.2702,45.4801,7627.62,False,186.94,103.04,0.33,,7993.38,,False,0,2025-06-30 23:13:37
c05f0a,JZA973  ,Canada,1751325217.0,1751325217,-79.815,43.5983,2103.12,False,112.15,233.39,7.8,,2141.22,2227,False,0,2025-06-30 23:13:37
abd230,SWA495  ,United States,1751325217.0,1751325217,-91.1418,34.5787,11582.4,False,218.12,247.25,0.0,,12260.58,1576,False,0,2025-06-30 23:13:37
ab8266,N8401T  ,United States,1751325216.0,1751325216,-112.3758,40.2231,2705.1,False,56.74,274.16,0.65,,2827.02,0347,False,0,2025-06-30 23:13:37
a4ef58,N417NL  ,United States,1751325213.0,1751325216,-118.4874,34.2059,,True,0.0,180.0,,,,,False,0,2025-06-30 23:13:37
a310c5,BPX297  ,United States,1751325202.0,1751325202,-81.2631,29.2767,464.82,False,58.03,75.1,0.65,,480.06,0135,False,0,2025-06-30 23:13:37
c05f04,JZA497  ,Canada,1751325216.0,1751325217,-75.1269,45.4193,7315.2,False,150.73,258.38,0.33,,7650.48,,False,0,2025-06-30 23:13:37
a49f7d,N3972W  ,United States,1751325216.0,1751325216,-77.5722,39.0616,403.86,False,47.73,277.43,1.95,,381.0,,False,0,2025-06-30 23:13:37
a6f9b3,DAL571  ,United States,1751325216.0,1751325216,-82.1703,43.1965,10363.2,False,219.08,253.35,0.0,,10888.98,6331,False,0,2025-06-30 23:13:37
a310bb,AAY866  ,United States,1751325216.0,1751325216,-89.7852,40.4681,9174.48,False,246.85,146.91,4.55,,9646.92,3263,False,0,2025-06-30 23:13:37
a49f89,UAL1559 ,United States,1751325216.0,1751325216,-115.6857,35.5632,11277.6,False,254.03,48.53,0.0,,11887.2,0176,False,0,2025-06-30 23:13:37
c04af4,JZA721  ,Canada,1751325216.0,1751325216,-83.047,43.9691,9593.58,False,215.64,268.36,7.8,,10066.02,0521,False,0,2025-06-30 23:13:37
ac03ef,ASH6044 ,United States,1751325216.0,1751325216,-82.5634,34.4377,3337.56,False,180.26,37.23,-0.65,,3520.44,7671,False,0,2025-06-30 23:13:37
a0753d,N129BC  ,United States,1751325217.0,1751325217,-88.6975,39.2321,1988.82,False,74.62,236.53,0.0,,2042.16,,False,0,2025-06-30 23:13:37
ab80f4,DAL958  ,United States,1751325217.0,1751325217,-77.5014,42.5155,11887.2,False,260.84,89.43,0.0,,12504.42,6760,False,0,2025-06-30 23:13:37
a1f822,RPA5644 ,United States,1751325217.0,1751325217,-71.618,41.6692,4785.36,False,177.4,68.57,-5.2,,5021.58,2114,False,0,2025-06-30 23:13:37
ac4c8a,SWA4492 ,United States,1751325211.0,1751325216,-121.9264,37.3659,,True,0.0,47.81,,,,,False,0,2025-06-30 23:13:37
ac03ff,SWA1009 ,United States,1751325216.0,1751325216,-83.1476,39.0451,11582.4,False,223.79,270.4,0.0,,12245.34,3545,False,0,2025-06-30 23:13:37
a813e9,N62AE   ,United States,1751325216.0,1751325216,-70.3264,41.7054,266.7,False,65.74,140.08,-3.9,,251.46,1115,False,0,2025-06-30 23:13:37
a97c40,N710CA  ,United States,1751325216.0,1751325216,-81.9428,28.1328,1493.52,False,64.88,79.49,0.65,,1600.2,2672,False,0,2025-06-30 23:13:37
a07522,AAL975  ,United States,1751325216.0,1751325216,-87.5389,41.9877,1767.84,False,115.75,270.25,-7.48,,1805.94,1040,False,0,2025-06-30 23:13:37
acf0da,AAL1394 ,United States,1751325216.0,1751325216,-81.3444,24.4745,9761.22,False,237.19,270.87,0.65,,10317.48,,False,0,2025-06-30 23:13:37
a6d3af,DAL466  ,United States,1751325216.0,1751325216,-88.8619,36.1421,11887.2,False,245.4,89.52,0.0,,12542.52,7213,False,0,2025-06-30 23:13:37
a44521,UAL496  ,United States,1751325216.0,1751325216,-85.4484,31.1241,10668.0,False,236.09,95.25,-0.33,,11330.94,0514,False,0,2025-06-30 23:13:37
a31216,UAL630  ,United States,1751325216.0,1751325217,-87.4738,42.0089,1242.06,False,113.01,236.89,1.3,,1257.3,4172,False,0,2025-06-30 23:13:37
a62f93,UAL2207 ,United States,1751325216.0,1751325216,-88.1543,41.9528,2095.5,False,140.72,263.91,18.86,,2156.46,6531,False,0,2025-06-30 23:13:37
a1f884,ENY4289 ,United States,1751325216.0,1751325217,-109.5293,32.1817,10363.2,False,226.01,304.05,-0.65,,10995.66,4734,False,0,2025-06-30 23:13:37
c01776,CFIWZ   ,Canada,1751325216.0,1751325217,-79.1402,43.4961,1310.64,False,113.85,263.77,-2.6,,1287.78,1062,False,0,2025-06-30 23:13:37
aa1f97,AAL3008 ,United States,1751325140.0,1751325140,-78.6384,30.8021,11582.4,False,240.95,185.76,0.33,,12131.04,3767,False,0,2025-06-30 23:13:37
acf0d8,,United States,1751325131.0,1751325131,-71.0172,42.355,,True,6.17,345.94,,,,,False,0,2025-06-30 23:13:37
a6f9fa,GJS4189 ,United States,1751325216.0,1751325216,-87.8299,42.0028,533.4,False,65.85,269.55,-3.9,,495.3,5346,False,0,2025-06-30 23:13:37
a8ac35,UAL921  ,United States,1751325216.0,1751325216,-68.1558,46.8081,10972.8,False,219.73,225.57,0.0,,11460.48,4440,False,0,2025-06-30 23:13:37
acf0e6,OZN933  ,United States,1751325216.0,1751325216,-80.4335,25.6706,304.8,False,48.38,268.17,0.0,,350.52,,False,0,2025-06-30 23:13:37
c04ad7,CGCIW   ,Canada,1751325215.0,1751325215,-72.3019,45.9229,632.46,False,56.82,222.06,-4.88,,601.98,,False,0,2025-06-30 23:13:37
a98f33,MTN7509 ,United States,1751325216.0,1751325216,-80.4759,26.0782,876.3,False,80.25,89.63,0.0,,937.26,,False,0,2025-06-30 23:13:37
a1e522,CXK690  ,United States,1751325216.0,1751325216,-73.1785,40.8166,769.62,False,53.86,17.22,2.93,,769.62,,False,0,2025-06-30 23:13:37
a24ba7,SKW4180 ,United States,1751325216.0,1751325216,-92.0086,38.0347,11582.4,False,209.38,251.08,0.0,,12207.24,4171,False,0,2025-06-30 23:13:37
a44502,DAL1182 ,United States,1751325166.0,1751325166,-84.4364,33.643,,True,0.0,90.0,,,,5140,False,0,2025-06-30 23:13:37
aa73c3,SWA2603 ,United States,1751325217.0,1751325217,-100.4287,33.8268,11590.02,False,217.14,248.6,-0.33,,12245.34,7104,False,0,2025-06-30 23:13:37
a7f3ae,JIA5598 ,United States,1751325217.0,1751325217,-78.1861,39.6731,10363.2,False,247.93,198.89,0.33,,10988.04,2122,False,0,2025-06-30 23:13:37
a37ec4,AAL2060 ,United States,1751325216.0,1751325216,-95.7957,31.546,9822.18,False,234.1,328.02,-4.88,,10439.4,2344,False,0,2025-06-30 23:13:37
a37eb0,AAL1391 ,United States,1751325216.0,1751325216,-79.7524,25.4065,4815.84,False,183.84,305.2,-1.95,,5105.4,,False,0,2025-06-30 23:13:37
ac0504,SKW5468 ,United States,1751325215.0,1751325215,-116.8197,43.9598,10363.2,False,225.31,209.55,0.0,,10896.6,,False,0,2025-06-30 23:13:37
a97c18,ASA973  ,United States,1751325216.0,1751325216,-99.9166,45.7955,10363.2,False,214.11,284.47,0.0,,10744.2,0561,False,0,2025-06-30 23:13:37
a0c53e,N149MM  ,United States,1751325207.0,1751325214,-86.7998,41.4514,929.64,False,66.37,270.44,-0.33,,914.4,,False,0,2025-06-30 23:13:37
a1821f,N1969Y  ,United States,1751325217.0,1751325217,-118.4791,34.3548,1539.24,False,66.97,183.08,-4.23,,1554.48,4661,False,0,2025-06-30 23:13:37
a07573,N129DG  ,United States,1751325093.0,1751325104,-122.2055,37.7278,,True,0.0,329.06,,,,,False,0,2025-06-30 23:13:37
a74f99,LFA325  ,United States,1751325213.0,1751325213,-81.4886,30.4642,1059.18,False,60.07,16.42,-0.33,,1104.9,,False,0,2025-06-30 23:13:37
a826f1,SKW4726 ,United States,1751325216.0,1751325216,-103.8105,39.3455,6362.7,False,191.77,304.29,-6.18,,6758.94,5715,False,0,2025-06-30 23:13:37
a33843,JBU341  ,United States,1751325217.0,1751325217,-73.9776,39.4503,7658.1,False,213.23,219.03,6.18,,8092.44,7171,False,0,2025-06-30 23:13:37
a5b3ea,N467DC  ,United States,1751325181.0,1751325181,-87.8321,42.4231,518.16,False,29.91,206.57,-0.33,,464.82,,False,0,2025-06-30 23:13:37
ab2c0c,DAL46   ,United States,1751325216.0,1751325216,-73.2716,42.4244,7551.42,False,234.59,0.38,4.55,,7947.66,1123,False,0,2025-06-30 23:13:37
a62ee6,GTI8174 ,United States,1751325216.0,1751325216,-118.0163,33.6784,2308.86,False,147.48,343.59,-5.2,,2369.82,6460,False,0,2025-06-30 23:13:37
a69869,GJS4424 ,United States,1751325217.0,1751325217,-75.984,44.6764,6256.02,False,194.78,185.3,8.78,,6522.72,,False,0,2025-06-30 23:13:37
aae9e6,N802GE  ,United States,1751325195.0,1751325195,-85.8568,41.7405,541.02,False,73.28,15.89,-0.98,,472.44,,False,0,2025-06-30 23:13:37
a44560,UAL2106 ,United States,1751325216.0,1751325217,-88.5155,41.4519,3383.28,False,188.02,41.67,0.0,,3497.58,1553,False,0,2025-06-30 23:13:37
a0628f,AAL2446 ,United States,1751325216.0,1751325216,-92.4818,34.5984,9753.6,False,218.17,252.29,0.0,,10347.96,1676,False,0,2025-06-30 23:13:37
a98ea6,CNS1824 ,United States,1751325187.0,1751325192,-118.4528,34.0163,,True,0.0,315.0,,,,,False,0,2025-06-30 23:13:37
c01734,ACA822  ,Canada,1751325217.0,1751325217,-68.4292,45.9331,10058.4,False,272.14,75.44,0.0,,10546.08,,False,0,2025-06-30 23:13:37
a6e837,EJA544  ,United States,1751325217.0,1751325217,-123.2482,42.4227,12496.8,False,205.86,178.42,0.0,,13060.68,6624,False,0,2025-06-30 23:13:37
a70848,EJA552  ,United States,1751325217.0,1751325217,-93.0159,41.4439,13106.4,False,187.99,263.4,0.0,,13632.18,7204,False,0,2025-06-30 23:13:37
aa751e,N773KS  ,United States,1751325216.0,1751325216,-101.673,39.3865,11582.4,False,230.71,276.02,-0.33,,12161.52,,False,0,2025-06-30 23:13:37
a4a885,N4G     ,United States,1751325102.0,1751325102,-85.7236,39.8015,1310.64,False,59.27,3.48,0.0,,1287.78,,False,0,2025-06-30 23:13:37
c01729,ACA33   ,Canada,1751325216.0,1751325217,-80.408,43.8859,6172.2,False,212.23,286.77,15.61,,6431.28,0535,False,0,2025-06-30 23:13:37
a4453e,UAL251  ,United States,1751325217.0,1751325217,-84.5553,33.3101,10363.2,False,237.88,228.07,0.0,,10980.42,7014,False,0,2025-06-30 23:13:37
a70853,N552RC  ,United States,1751325217.0,1751325217,-94.2868,41.478,13106.4,False,236.24,262.24,0.0,,13609.32,7265,False,0,2025-06-30 23:13:37
ac4c21,SWA3182 ,United States,1751325217.0,1751325217,-77.7903,38.3768,5295.9,False,181.97,229.01,6.5,,5577.84,2161,False,0,2025-06-30 23:13:37
aa883e,ENY4042 ,United States,1751325217.0,1751325217,-93.3439,41.6542,8534.4,False,198.46,264.5,0.0,,8892.54,3530,False,0,2025-06-30 23:13:37
a6e866,N544SP  ,United States,1751325216.0,1751325216,-116.557,43.5746,1112.52,False,50.17,185.89,1.63,,1112.52,,False,0,2025-06-30 23:13:37
a44544,UAL2456 ,United States,1751325217.0,1751325217,-91.1491,34.3834,10972.8,False,227.57,227.47,0.0,,11628.12,6637,False,0,2025-06-30 23:13:37
ad36c8,AAL460  ,United States,1751325216.0,1751325216,-82.6589,34.4522,7421.88,False,243.44,235.5,4.23,,7871.46,0124,False,0,2025-06-30 23:13:37
c00416,CFBOF   ,Canada,1751325216.0,1751325216,-73.3999,45.5232,91.44,False,33.12,226.89,-2.93,,53.34,,False,0,2025-06-30 23:13:37
ac4c44,SWA1004 ,United States,1751325216.0,1751325216,-101.5993,32.235,11582.4,False,224.9,265.8,0.0,,12283.44,0043,False,0,2025-06-30 23:13:37
a7e0f0,N60671  ,United States,1751325216.0,1751325216,-119.9002,34.6588,2750.82,False,95.48,115.87,-0.98,,2865.12,,False,0,2025-06-30 23:13:37
ad6c38,NKS2527 ,United States,1751324989.0,1751324991,-88.8237,27.9555,10668.0,False,238.15,96.45,0.33,,11315.7,,False,0,2025-06-30 23:13:37
a087c5,EJA133  ,United States,1751325216.0,1751325216,-101.5448,41.378,12496.8,False,269.88,75.99,0.0,,13068.3,6341,False,0,2025-06-30 23:13:37
a790fc,N587M   ,United States,1751325217.0,1751325217,-90.1019,42.523,8534.4,False,271.43,337.37,0.0,,8884.92,2101,False,0,2025-06-30 23:13:37
ad6c26,N964MS  ,United States,1751325214.0,1751325216,-117.8058,34.0916,518.16,False,31.91,268.15,2.93,,495.3,7535,False,0,2025-06-30 23:13:37
a50ed9,TIV425  ,United States,1751325215.0,1751325215,-118.3596,34.2026,,True,4.12,42.19,,,,,False,0,2025-06-30 23:13:37
a4eeb4,LXJ417  ,United States,1751325214.0,1751325216,-81.0526,30.4225,10363.2,False,263.77,184.7,0.0,,10949.94,7053,False,0,2025-06-30 23:13:37
a44591,DAL2824 ,United States,1751325217.0,1751325217,-81.2461,28.3301,868.68,False,135.02,133.3,12.35,,922.02,3042,False,0,2025-06-30 23:13:37
ae56b4,R20588  ,United States,1751325214.0,1751325214,-97.713,31.1365,,True,0.0,160.31,,,,,False,0,2025-06-30 23:13:37
ae56b1,R20585  ,United States,1751325214.0,1751325214,-122.2576,47.0392,487.68,False,53.71,249.83,0.33,,495.3,,False,0,2025-06-30 23:13:37
a6981a,DAL482  ,United States,1751325217.0,1751325217,-102.0897,36.3186,10363.2,False,220.12,275.36,0.0,,10972.8,6223,False,0,2025-06-30 23:13:37
ac4c67,SWA1592 ,United States,1751325217.0,1751325217,-121.4078,45.459,4335.78,False,175.37,288.12,-10.73,,4564.38,7153,False,0,2025-06-30 23:13:37
a44585,UAL1197 ,United States,1751325216.0,1751325216,-81.1562,28.5319,3497.58,False,204.48,339.38,6.18,,3680.46,2675,False,0,2025-06-30 23:13:37
a44588,UAL1073 ,United States,1751325217.0,1751325217,-104.4034,39.5563,4892.04,False,159.34,320.5,-7.8,,5196.84,5773,False,0,2025-06-30 23:13:37
aac3f4,JBU483  ,United States,1751325157.0,1751325157,-73.7638,40.6506,,True,3.86,120.94,,,,,False,0,2025-06-30 23:13:37
a56531,LXJ447  ,United States,1751325216.0,1751325216,-112.0038,33.4336,,True,7.72,180.0,,,,3312,False,0,2025-06-30 23:13:37
ac03e2,SWA1664 ,United States,1751325217.0,1751325217,-94.7204,40.5891,10668.0,False,267.33,73.8,0.0,,11186.16,,False,0,2025-06-30 23:13:37
a5b50b,EJA467  ,United States,1751325216.0,1751325216,-96.6894,32.821,1661.16,False,119.54,318.49,-7.48,,1744.98,2051,False,0,2025-06-30 23:13:37
aab0ba,SWA721  ,United States,1751325216.0,1751325216,-103.9526,33.7789,10668.0,False,249.96,52.02,0.0,,11277.6,,False,0,2025-06-30 23:13:37
a36bfa,N32AC   ,United States,1751325216.0,1751325216,-90.9519,37.1735,13106.4,False,188.78,258.05,-0.33,,13754.1,7460,False,0,2025-06-30 23:13:37
4074e2,BAW21V  ,United Kingdom,1751325216.0,1751325217,-74.561,42.7474,12192.0,False,231.73,235.67,-0.33,,12801.6,2474,False,0,2025-06-30 23:13:37
a57878,N4512G  ,United States,1751325141.0,1751325141,-119.0382,34.2856,297.18,False,40.86,259.11,-3.9,,274.32,,False,0,2025-06-30 23:13:37
4074e3,BAW187  ,United Kingdom,1751325217.0,1751325217,-81.3479,41.5661,12192.0,False,228.53,247.36,0.0,,12824.46,2446,False,0,2025-06-30 23:13:37
ab80cb,KSU40   ,United States,1751325217.0,1751325217,-97.6806,38.8404,1036.32,False,31.29,313.67,2.93,,1082.04,,False,0,2025-06-30 23:13:37
a8abe6,QXE2146 ,United States,1751325216.0,1751325216,-122.3653,37.6335,228.6,False,81.8,31.89,5.53,,182.88,,False,0,2025-06-30 23:13:37
a074bc,N1287E  ,United States,1751325215.0,1751325216,-93.2274,45.1576,541.02,False,47.92,14.93,3.25,,518.16,,False,0,2025-06-30 23:13:37
a5b59d,SWA940  ,United States,1751325216.0,1751325217,-114.0523,35.8942,7452.36,False,242.83,90.49,17.23,,7901.94,,False,0,2025-06-30 23:13:37
ab839d,AAL153  ,United States,1751325217.0,1751325217,-87.8261,36.8048,12192.0,False,236.41,240.26,0.0,,12893.04,3457,False,0,2025-06-30 23:13:37
a087fd,SKW4653 ,United States,1751325217.0,1751325217,-104.1045,41.2747,8839.2,False,211.49,12.08,-0.33,,9311.64,,False,0,2025-06-30 23:13:37
abc058,SWA572  ,United States,1751325216.0,1751325216,-106.3295,35.4395,11582.4,False,226.47,271.82,0.0,,12199.62,4052,False,0,2025-06-30 23:13:37
c03a5a,WJA2025 ,Canada,1751325216.0,1751325216,-80.5941,36.9612,11887.2,False,221.9,23.36,-0.33,,12565.38,3735,False,0,2025-06-30 23:13:37
ad269b,N94659  ,United States,1751324975.0,1751324976,-122.8746,46.2096,975.36,False,40.25,4.4,0.33,,990.6,,False,0,2025-06-30 23:13:37
a00d5b,AAL238  ,United States,1751325217.0,1751325217,-76.8995,42.5575,11277.6,False,261.34,95.08,-0.33,,11856.72,7764,False,0,2025-06-30 23:13:37
aa6399,N769GM  ,United States,1751325216.0,1751325216,-117.605,33.9739,365.76,False,38.59,269.24,-4.88,,297.18,,False,0,2025-06-30 23:13:37
0c21a7,CMP476  ,Panama,1751325215.0,1751325216,-101.5275,37.6058,10972.8,False,223.68,295.33,0.0,,11567.16,7224,False,0,2025-06-30 23:13:37
a00d48,N102MU  ,United States,1751325216.0,1751325216,-81.8957,28.0057,579.12,False,45.27,323.78,-1.63,,609.6,,False,0,2025-06-30 23:13:37
a6c277,N5346D  ,United States,1751325144.0,1751325149,-86.4668,39.9437,556.26,False,42.15,250.02,-1.63,,510.54,,False,0,2025-06-30 23:13:37
a7e24a,EDV4863 ,United States,1751325216.0,1751325217,-86.9629,37.1771,7033.26,False,214.92,162.3,7.15,,7437.12,6740,False,0,2025-06-30 23:13:37
a74efc,LXJ570  ,United States,1751325217.0,1751325217,-94.6886,42.0744,13716.0,False,255.73,88.85,0.33,,14218.92,3730,False,0,2025-06-30 23:13:37
a5524d,N442CR  ,United States,1751325216.0,1751325216,-97.7064,35.5856,480.06,False,29.93,24.36,-2.93,,487.68,,False,0,2025-06-30 23:13:37
a0b1ab,N144BF  ,United States,1751325216.0,1751325216,-70.7753,41.8814,586.74,False,26.68,236.0,2.93,,579.12,,False,0,2025-06-30 23:13:37
4caffb,ITY610  ,Ireland,1751325208.0,1751325213,-73.7759,40.6321,,True,0.0,300.94,,,,2563,False,0,2025-06-30 23:13:37
a1e4d9,AMF1589 ,United States,1751325217.0,1751325217,-70.2698,43.9986,3078.48,False,108.63,219.04,0.0,,3185.16,,False,0,2025-06-30 23:13:37
a5c899,ASA494  ,United States,1751325215.0,1751325215,-103.5265,34.9471,10058.4,False,229.03,191.01,0.33,,10637.52,6632,False,0,2025-06-30 23:13:37
a23a28,UAL1544 ,United States,1751325216.0,1751325216,-99.9556,35.6371,11582.4,False,245.41,335.48,0.0,,12230.1,2634,False,0,2025-06-30 23:13:37
a5c895,AAL2428 ,United States,1751325216.0,1751325216,-97.3751,37.9563,10066.02,False,262.45,97.32,0.0,,10637.52,3776,False,0,2025-06-30 23:13:37
a5c892,N472AK  ,United States,1751325019.0,1751325019,-104.8226,38.9789,1874.52,False,31.95,165.07,-2.28,,2042.16,,False,0,2025-06-30 23:13:37
ad0074,JBU1708 ,United States,1751325216.0,1751325217,-79.9392,27.0914,6553.2,False,227.78,162.38,-13.0,,6911.34,2053,False,0,2025-06-30 23:13:37
ace06b,N929JK  ,United States,1751325211.0,1751325213,-111.8762,39.7885,3360.42,False,34.99,162.9,-2.93,,3596.64,,False,0,2025-06-30 23:13:37
a181d3,N1967S  ,United States,1751325217.0,1751325217,-117.634,33.3742,1516.38,False,49.41,141.34,2.6,,1531.62,,False,0,2025-06-30 23:13:37
a12d93,N175US  ,United States,1751325217.0,1751325217,-96.7595,33.2709,1005.84,False,79.55,217.91,-1.63,,1036.32,,False,0,2025-06-30 23:13:37
ad0088,JSX392  ,United States,1751325216.0,1751325216,-118.2416,33.5117,5791.2,False,208.81,314.4,6.5,,6096.0,,False,0,2025-06-30 23:13:37
aac5a9,N7931D  ,United States,1751325217.0,1751325217,-91.5867,41.6357,419.1,False,68.99,287.35,4.88,,403.86,,False,0,2025-06-30 23:13:37
aa7685,SWA3260 ,United States,1751325072.0,1751325072,-84.4339,33.6397,,True,7.46,0.0,,,,3125,False,0,2025-06-30 23:13:37
a6c247,UAL564  ,United States,1751325216.0,1751325216,-106.2524,40.0271,8534.4,False,218.52,257.08,-0.65,,9029.7,0610,False,0,2025-06-30 23:13:37
c04d98,JZA707  ,Canada,1751325217.0,1751325217,-80.0249,43.4951,3086.1,False,159.63,246.24,0.98,,3162.3,6351,False,0,2025-06-30 23:13:37
a6e89b,DAL807  ,United States,1751325208.0,1751325213,-115.1377,36.0801,,True,0.0,312.19,,,,,False,0,2025-06-30 23:13:37
a194e0,N20033  ,United States,1751325216.0,1751325217,-122.7983,45.0371,861.06,False,53.22,299.54,-0.98,,861.06,,False,0,2025-06-30 23:13:37
a12d67,SKW3336 ,United States,1751325216.0,1751325216,-115.8407,33.7373,8084.82,False,184.86,201.21,-2.28,,8526.78,,False,0,2025-06-30 23:13:37
ac18cd,N879LP  ,United States,1751325216.0,1751325217,-85.5415,38.3698,762.0,False,55.68,51.75,-1.95,,762.0,,False,0,2025-06-30 23:13:37
ad260e,CXK253  ,United States,1751325217.0,1751325217,-118.1931,33.8161,403.86,False,36.72,281.31,1.95,,365.76,,False,0,2025-06-30 23:13:37
a5fd2d,SWA1142 ,United States,1751325215.0,1751325215,-80.1177,37.8447,9441.18,False,247.63,85.71,0.33,,10005.06,1045,False,0,2025-06-30 23:13:37
407799,BAW9HL  ,United Kingdom,1751325217.0,1751325217,-73.468,40.2,7650.48,False,248.2,67.58,4.23,,8084.82,3363,False,0,2025-06-30 23:13:37
a0b1ea,,United States,1751325212.0,1751325212,-117.5362,47.624,,True,0.06,14.06,,,,,False,0,2025-06-30 23:13:37
a431ad,N37CJ   ,United States,1751325217.0,1751325217,-112.8553,33.4534,3017.52,False,53.88,79.55,2.28,,3162.3,0112,False,0,2025-06-30 23:13:37
ac4ca8,SWA2283 ,United States,1751325082.0,1751325083,-82.5304,27.9808,,True,6.69,323.44,,,,7364,False,0,2025-06-30 23:13:37
a85d15,N638SS  ,United States,1751325217.0,1751325217,-118.3546,33.7517,1143.0,False,33.96,179.13,2.6,,1135.38,,False,0,2025-06-30 23:13:37
a4dd65,AAL891  ,United States,1751325150.0,1751325152,-87.2339,28.0548,9753.6,False,236.69,271.12,0.0,,10355.58,3561,False,0,2025-06-30 23:13:37
abf964,N8705G  ,United States,1751325216.0,1751325216,-93.0965,41.5738,762.0,False,40.18,357.06,0.33,,762.0,,False,0,2025-06-30 23:13:37
aa88fb,RPA3566 ,United States,1751325129.0,1751325140,-82.8573,39.9907,297.18,False,71.14,273.73,-3.58,,297.18,4070,False,0,2025-06-30 23:13:37
a85d00,RPA3467 ,United States,1751325216.0,1751325217,-87.5984,41.7731,2156.46,False,140.98,358.95,-1.3,,2225.04,6702,False,0,2025-06-30 23:13:37
a73d1a,N5659K  ,United States,1751325006.0,1751325006,-88.5808,41.4967,579.12,False,45.3,271.95,-4.55,,548.64,,False,0,2025-06-30 23:13:37
ad262c,N94623  ,United States,1751325213.0,1751325213,-99.1,39.6716,3139.44,False,58.64,352.44,0.0,,3291.84,,False,0,2025-06-30 23:13:37
ab7013,EJA836  ,United States,1751325217.0,1751325217,-75.5218,39.8797,3962.4,False,208.83,35.37,-0.33,,4114.8,6603,False,0,2025-06-30 23:13:37
c017ed,JZA555  ,Canada,1751325216.0,1751325216,-79.6113,43.6656,198.12,True,25.21,225.0,,,,1670,False,0,2025-06-30 23:13:37
a4ca56,N40798  ,United States,1751325216.0,1751325216,-118.9837,34.2133,548.64,False,43.26,272.73,0.0,,502.92,,False,0,2025-06-30 23:13:37
a11a81,SKW3758 ,United States,1751325216.0,1751325216,-90.6474,32.4668,10058.4,False,236.94,92.86,0.65,,10683.24,3651,False,0,2025-06-30 23:13:37
a73d45,ASA646  ,United States,1751325217.0,1751325217,-104.5162,31.0428,10972.8,False,232.58,282.13,0.33,,11620.5,7431,False,0,2025-06-30 23:13:37
a1e4e9,MXY229  ,United States,1751325216.0,1751325216,-87.8717,40.0857,8839.2,False,228.77,154.99,0.0,,9319.26,5535,False,0,2025-06-30 23:13:37
ac1995,WUP879  ,United States,1751325216.0,1751325216,-68.6562,44.2635,2179.32,False,150.17,48.61,-8.13,,2247.9,2323,False,0,2025-06-30 23:13:37
abf96c,SWA492  ,United States,1751325115.0,1751325115,-96.8523,32.849,,True,2.31,225.0,,,,7262,False,0,2025-06-30 23:13:37
ab967b,DAL503  ,United States,1751325216.0,1751325216,-98.2522,38.0245,10363.2,False,220.7,297.94,0.33,,10934.7,3552,False,0,2025-06-30 23:13:37
a8028a,JIA5635 ,United States,1751325217.0,1751325217,-78.199,36.1673,6705.6,False,225.1,259.33,0.0,,7101.84,7210,False,0,2025-06-30 23:13:37
a61d00,UAL2057 ,United States,1751325216.0,1751325216,-110.4789,38.0392,10363.2,False,231.4,241.16,0.0,,10949.94,1434,False,0,2025-06-30 23:13:37
a6c28c,N53460  ,United States,1751325204.0,1751325216,-86.3046,36.215,335.28,False,38.06,279.33,-2.93,,320.04,1200,False,0,2025-06-30 23:13:37
ad6cbc,N964TS  ,United States,1751325216.0,1751325216,-96.906,37.8951,4008.12,False,160.13,95.16,12.35,,4198.62,,False,0,2025-06-30 23:13:37
a35a98,ENY3387 ,United States,1751325207.0,1751325211,-83.0113,25.7614,10363.2,False,225.65,294.23,0.33,,10980.42,,False,0,2025-06-30 23:13:37
ad3997,AAL2981 ,United States,1751325216.0,1751325217,-81.5664,35.4846,3276.6,False,154.51,102.69,-6.5,,3451.86,5651,False,0,2025-06-30 23:13:37
a7e276,NKS2230 ,United States,1751325216.0,1751325216,-86.0372,34.9057,11582.4,False,233.83,256.51,0.0,,12275.82,6453,False,0,2025-06-30 23:13:37
a4dd35,SKW3203 ,United States,1751325216.0,1751325216,-117.8602,47.4273,3307.08,False,154.19,228.65,4.23,,3474.72,,False,0,2025-06-30 23:13:37
acf344,ASH6250 ,United States,1751325216.0,1751325216,-94.5769,30.3207,2743.2,False,139.13,193.47,-6.5,,2918.46,7263,False,0,2025-06-30 23:13:37
a48d94,N3927R  ,United States,1751325217.0,1751325217,-116.849,32.6847,861.06,False,42.22,313.03,2.28,,822.96,,False,0,2025-06-30 23:13:37
a9225e,EJA688  ,United States,1751325217.0,1751325217,-120.0598,34.8942,4983.48,False,162.51,208.35,-11.05,,5181.6,6027,False,0,2025-06-30 23:13:37
ab703e,SKW3640 ,United States,1751325217.0,1751325217,-83.2943,42.2737,601.98,False,82.2,208.81,-2.93,,541.02,6727,False,0,2025-06-30 23:13:37
aac69d,N7938C  ,United States,1751325091.0,1751325091,-116.9362,32.8215,342.9,False,39.45,282.04,-5.53,,281.94,,False,0,2025-06-30 23:13:37
a21911,N234TM  ,United States,1751325216.0,1751325216,-122.3364,38.2504,1005.84,False,68.73,239.4,-2.6,,967.74,1200,False,0,2025-06-30 23:13:37
ab704b,SCX395  ,United States,1751325217.0,1751325217,-118.9318,37.8767,10012.68,False,235.07,261.57,-5.2,,10538.46,,False,0,2025-06-30 23:13:37
a0d90c,AAL3102 ,United States,1751325217.0,1751325217,-87.3137,37.5779,10370.82,False,224.04,235.29,0.0,,10980.42,3560,False,0,2025-06-30 23:13:37
a7e297,N607PT  ,United States,1751324974.0,1751324974,-80.4365,25.6431,0.0,False,36.56,87.58,-0.33,,-22.86,,False,0,2025-06-30 23:13:37
ab7067,UAL1755 ,United States,1751325216.0,1751325216,-78.8635,38.4978,7391.4,False,224.42,77.56,-16.26,,7825.74,6722,False,0,2025-06-30 23:13:37
a97d85,RGY710  ,United States,1751324946.0,1751325004,-112.9723,38.9809,11292.84,False,230.11,196.9,-0.65,,11910.06,,False,0,2025-06-30 23:13:37
a6c1f1,N5342K  ,United States,1751325214.0,1751325215,-121.2802,38.6199,822.96,False,52.69,54.14,1.95,,800.1,1200,False,0,2025-06-30 23:13:37
abd1e3,SWA1654 ,United States,1751325217.0,1751325217,-88.3563,37.693,10058.4,False,233.97,140.71,0.0,,10652.76,2110,False,0,2025-06-30 23:13:37
a801de,FFT4550 ,United States,1751325213.0,1751325213,-81.2061,32.1353,,True,0.0,326.25,,,,0252,False,0,2025-06-30 23:13:37
a0d95f,N154DJ  ,United States,1751324860.0,1751325045,-81.2334,31.1169,3916.68,False,145.97,227.14,-14.31,,4023.36,2605,False,0,2025-06-30 23:13:37
a08993,N1336U  ,United States,1751325209.0,1751325212,-90.2328,35.3026,609.6,False,33.99,182.6,0.33,,617.22,,False,0,2025-06-30 23:13:37
48ae24,LOT7    ,Poland,1751325217.0,1751325217,-71.9673,43.4285,10340.34,False,260.85,34.47,3.58,,10896.6,2762,False,0,2025-06-30 23:13:37
a2061e,UAL761  ,United States,1751325216.0,1751325216,-99.356,46.0111,12184.38,False,259.17,204.89,0.33,,12595.86,,False,0,2025-06-30 23:13:37
48ae23,LOT45   ,Poland,1751325216.0,1751325216,-76.1297,47.5691,12192.0,False,231.71,205.65,0.0,,12672.06,,False,0,2025-06-30 23:13:37
a19646,N201FQ  ,United States,1751325216.0,1751325217,-117.7878,33.4953,1493.52,False,52.07,150.4,3.58,,1524.0,,False,0,2025-06-30 23:13:37
485e2f,KLM611  ,Kingdom of the Netherlands,1751325217.0,1751325217,-87.825,41.9658,495.3,False,82.83,270.0,-3.9,,472.44,2455,False,0,2025-06-30 23:13:37
a20645,EJM23   ,United States,1751325216.0,1751325216,-90.9179,41.9745,12496.8,False,261.94,82.67,0.33,,13014.96,3532,False,0,2025-06-30 23:13:37
485e2e,KLM602  ,Kingdom of the Netherlands,1751325216.0,1751325217,-101.9782,45.4603,10660.38,False,253.59,50.43,-0.33,,11117.58,,False,0,2025-06-30 23:13:37
a2195d,SWA3381 ,United States,1751325216.0,1751325217,-92.4697,43.0111,11582.4,False,193.46,268.93,-0.33,,12016.74,6527,False,0,2025-06-30 23:13:37
a97d63,JIA5302 ,United States,1751324905.0,1751324905,-83.9856,35.8189,,True,9.26,45.0,,,,,False,0,2025-06-30 23:13:37
a6c1fe,N5342Y  ,United States,1751325216.0,1751325216,-80.3825,26.4342,579.12,False,57.65,325.18,-0.65,,624.84,,False,0,2025-06-30 23:13:37
48ae06,LOT4TL  ,Poland,1751325217.0,1751325217,-70.8108,43.0235,13106.4,False,247.5,199.68,0.0,,13708.38,2523,False,0,2025-06-30 23:13:37
48ae02,LOT2    ,Poland,1751325217.0,1751325217,-84.3569,45.7453,11269.98,False,288.91,38.42,0.0,,11719.56,5623,False,0,2025-06-30 23:13:37
a4efa4,,United States,1751325195.0,1751325195,-118.7115,37.4376,8663.94,False,235.14,276.66,-10.08,,9166.86,,False,0,2025-06-30 23:13:37
48ae01,,Poland,1751325200.0,1751325200,-82.2649,48.1572,11574.78,False,216.71,219.51,0.0,,11955.78,,False,0,2025-06-30 23:13:37
a37fa1,UAL1696 ,United States,1751325216.0,1751325216,-89.7909,28.2199,10972.8,False,242.2,278.18,0.0,,11650.98,2645,False,0,2025-06-30 23:13:37
a37fa0,N32403  ,United States,1751325215.0,1751325215,-88.4635,42.2294,906.78,False,42.12,298.44,0.98,,868.68,,False,0,2025-06-30 23:13:37
a01fee,AAL166  ,United States,1751325217.0,1751325217,-111.6436,39.8215,10660.38,False,243.2,76.67,0.0,,11216.64,,False,0,2025-06-30 23:13:37
a4ca66,AAL1634 ,United States,1751325216.0,1751325216,-82.2049,34.9748,10668.0,False,236.07,76.39,0.0,,11330.94,2665,False,0,2025-06-30 23:13:37
a84a1a,JIA5336 ,United States,1751325217.0,1751325217,-84.8834,31.3304,7437.12,False,188.15,335.96,8.13,,7879.08,,False,0,2025-06-30 23:13:37
a60a54,LFA453  ,United States,1751325214.0,1751325214,-80.6284,28.1097,304.8,False,47.03,79.92,3.58,,342.9,4234,False,0,2025-06-30 23:13:37
a24ce0,UAL500  ,United States,1751325216.0,1751325216,-110.9143,32.7117,11277.6,False,234.17,101.53,-0.33,,11902.44,7753,False,0,2025-06-30 23:13:37
a0769c,N129RD  ,United States,1751325216.0,1751325216,-96.7423,33.1989,304.8,False,47.85,180.62,3.58,,266.7,,False,0,2025-06-30 23:13:37
a791c0,,United States,1751324956.0,1751324956,-97.0488,32.9139,,True,4.37,354.38,,,,,False,0,2025-06-30 23:13:37
ab3fc4,AAL236  ,United States,1751325202.0,1751325212,-73.7918,40.651,,True,0.0,126.56,,,,,False,0,2025-06-30 23:13:37
a0a034,CSB7505 ,United States,1751325216.0,1751325217,-79.4587,26.2196,7010.4,False,219.36,54.93,0.33,,7368.54,,False,0,2025-06-30 23:13:37
a814bc,N62JR   ,United States,1751325216.0,1751325216,-118.609,34.1913,1912.62,False,86.13,274.11,-1.63,,1935.48,1312,False,0,2025-06-30 23:13:37
a4ca6a,ASA905  ,United States,1751325216.0,1751325217,-113.9897,46.7218,9144.0,False,213.02,303.57,0.0,,9585.96,,False,0,2025-06-30 23:13:37
a19691,RPA5641 ,United States,1751325216.0,1751325216,-71.6887,42.571,4099.56,False,164.79,105.95,-8.13,,4282.44,4107,False,0,2025-06-30 23:13:37
a827f2,N6243Z  ,United States,1751325216.0,1751325216,-122.6251,47.6924,853.44,False,42.19,285.56,1.95,,883.92,,False,0,2025-06-30 23:13:37
ac1934,EJA879  ,United States,1751325216.0,1751325216,-93.5877,44.8195,3924.3,False,164.83,72.75,-7.8,,4000.5,7355,False,0,2025-06-30 23:13:37
a84a17,NKS2226 ,United States,1751325217.0,1751325217,-85.6,33.1348,8168.64,False,204.19,114.56,4.23,,8679.18,7143,False,0,2025-06-30 23:13:37
a4ca87,N408BW  ,United States,1751325216.0,1751325217,-86.2916,36.1818,548.64,False,50.72,310.48,-2.6,,510.54,,False,0,2025-06-30 23:13:37
a6c1d0,N5341M  ,United States,1751325217.0,1751325217,-83.222,38.8149,12946.38,False,205.26,76.52,3.9,,13594.08,2522,False,0,2025-06-30 23:13:37
a4460d,UAL2667 ,United States,1751325216.0,1751325216,-88.2975,35.733,9448.8,False,246.9,115.55,0.0,,10020.3,7202,False,0,2025-06-30 23:13:37
a24cc0,UAL1733 ,United States,1751325092.0,1751325092,-74.1684,40.7001,,True,0.77,95.62,,,,,False,0,2025-06-30 23:13:37
ab3fcc,AAL621  ,United States,1751325217.0,1751325217,-83.0206,34.3844,9867.9,False,212.99,53.55,6.18,,10462.26,3767,False,0,2025-06-30 23:13:37
abf949,SWA3034 ,United States,1751325063.0,1751325063,-104.7333,39.841,1577.34,False,89.0,90.66,-3.9,,1676.4,7277,False,0,2025-06-30 23:13:37
ac1951,RPA5645 ,United States,1751325217.0,1751325217,-87.5186,42.1041,9570.72,False,253.08,110.09,5.2,,10035.54,0274,False,0,2025-06-30 23:13:37
a33964,ASA122  ,United States,1751325216.0,1751325217,-122.737,44.3146,6713.22,False,212.48,4.03,-9.75,,7063.74,2055,False,0,2025-06-30 23:13:37
a5ea5c,UAL465  ,United States,1751325216.0,1751325217,-103.4181,30.4829,10668.0,False,249.86,86.93,0.33,,11338.56,1725,False,0,2025-06-30 23:13:37
a70978,N5522A  ,United States,1751325216.0,1751325216,-97.8241,35.5095,571.5,False,36.53,0.0,2.28,,579.12,,False,0,2025-06-30 23:13:37
a5c96e,N472KE  ,United States,1751325216.0,1751325216,-122.4029,45.1689,3368.04,False,80.79,173.42,0.0,,3512.82,6661,False,0,2025-06-30 23:13:37
a0a060,N14AJ   ,United States,1751325212.0,1751325212,-115.2167,47.6999,3642.36,False,91.99,275.46,0.33,,3810.0,,False,0,2025-06-30 23:13:37
c05ec7,ACA1277 ,Canada,1751325214.0,1751325214,-82.9046,46.4196,10363.2,False,201.15,270.15,0.0,,10751.82,0130,False,0,2025-06-30 23:13:37
a81624,N62ZA   ,United States,1751325217.0,1751325217,-73.755,40.9006,571.5,False,64.71,83.61,3.25,,571.5,0241,False,0,2025-06-30 23:13:37
c05eac,ACA465  ,Canada,1751325217.0,1751325217,-79.4873,43.7506,830.58,False,78.25,226.86,-4.55,,800.1,6274,False,0,2025-06-30 23:13:37
ad6d03,SWA3576 ,United States,1751325217.0,1751325217,-116.7875,36.9049,10363.2,False,243.11,313.29,0.33,,10911.84,2606,False,0,2025-06-30 23:13:37
a86faf,N64249  ,United States,1751325102.0,1751325102,-122.1184,37.6568,,True,14.4,298.12,,,,0343,False,0,2025-06-30 23:13:37
a98fd6,NKS2347 ,United States,1751325216.0,1751325216,-92.4565,42.3924,9745.98,False,219.6,325.79,-0.33,,10149.84,3143,False,0,2025-06-30 23:13:37
c05ee5,ACA1071 ,Canada,1751325216.0,1751325216,-75.5961,45.3501,7406.64,False,199.88,257.97,3.58,,7726.68,,False,0,2025-06-30 23:13:37
ac04ae,SWA2024 ,United States,1751325217.0,1751325217,-104.6982,39.9479,1859.28,False,88.61,177.0,-4.55,,1965.96,5725,False,0,2025-06-30 23:13:37
aac4c4,SKW5694 ,United States,1751325217.0,1751325217,-96.7979,37.049,9166.86,False,218.64,288.52,4.55,,9685.02,0776,False,0,2025-06-30 23:13:37
a1836c,AAY256  ,United States,1751325216.0,1751325216,-91.4147,31.5853,11574.78,False,225.98,250.86,-0.33,,12283.44,3660,False,0,2025-06-30 23:13:37
a3133c,ASA304  ,United States,1751325217.0,1751325217,-88.2198,47.7629,10363.2,False,219.25,281.92,-0.33,,10584.18,,False,0,2025-06-30 23:13:37
c05edd,ACA578  ,Canada,1751325216.0,1751325216,-119.9515,48.2398,9776.46,False,235.5,112.48,4.23,,10165.08,2601,False,0,2025-06-30 23:13:37
ac04c6,SKW5993 ,United States,1751325216.0,1751325216,-90.5829,43.1779,7078.98,False,170.34,268.44,6.5,,7330.44,,False,0,2025-06-30 23:13:37
ac04c5,SKW5579 ,United States,1751325217.0,1751325217,-121.6971,38.8793,10195.56,False,210.93,157.94,6.18,,10675.62,1776,False,0,2025-06-30 23:13:37
c05ed0,ACA1029 ,Canada,1751325216.0,1751325216,-92.8831,34.4845,10972.8,False,224.18,251.4,0.0,,11612.88,2243,False,0,2025-06-30 23:13:37
ac04be,ASH6361 ,United States,1751325213.0,1751325213,-91.5893,31.8252,8534.4,False,231.56,279.46,0.33,,9044.94,3011,False,0,2025-06-30 23:13:37
4075c3,UBT70Z  ,United Kingdom,1751325217.0,1751325217,-73.2869,41.1351,5196.84,False,206.96,24.53,9.1,,5463.54,2611,False,0,2025-06-30 23:13:37
0c20f6,CMP472  ,Panama,1751325216.0,1751325216,-118.0474,33.8891,1851.66,False,111.26,2.92,-4.88,,1905.0,0265,False,0,2025-06-30 23:13:37
a0a046,N1399U  ,United States,1751325217.0,1751325217,-117.8334,33.6882,274.32,False,43.71,42.14,0.0,,220.98,,False,0,2025-06-30 23:13:37
a1c023,N2114F  ,United States,1751325216.0,1751325216,-79.0921,35.6023,167.64,False,26.68,199.13,-2.6,,144.78,,False,0,2025-06-30 23:13:37
c05ed8,ACA595  ,Canada,1751325160.0,1751325168,-79.6126,43.6798,,True,0.06,53.44,,,,,False,0,2025-06-30 23:13:37
c05ed9,ACA742  ,Canada,1751325217.0,1751325217,-105.3872,41.0658,10668.0,False,237.32,82.15,0.0,,11239.5,6355,False,0,2025-06-30 23:13:37
a57968,N4519B  ,United States,1751325217.0,1751325217,-70.8748,41.9099,1043.94,False,50.21,44.17,3.25,,1066.8,,False,0,2025-06-30 23:13:37
aab1af,SWA3905 ,United States,1751325217.0,1751325217,-91.2052,39.583,11742.42,False,250.15,37.65,-4.88,,12329.16,0674,False,0,2025-06-30 23:13:37
a62fd1,SWA2887 ,United States,1751325217.0,1751325217,-114.9942,36.0737,1264.92,False,96.24,268.47,-4.88,,1264.92,,False,0,2025-06-30 23:13:37
a075ae,N129FR  ,United States,1751325216.0,1751325216,-73.5961,41.8292,1706.88,False,56.47,16.95,-1.3,,1744.98,,False,0,2025-06-30 23:13:37
aac4ed,UAL19   ,United States,1751325217.0,1751325217,-70.098,42.8358,10058.4,False,249.69,56.34,0.0,,10553.7,2701,False,0,2025-06-30 23:13:37
a1c083,N21167  ,United States,1751325214.0,1751325214,-76.0715,38.7625,426.72,False,66.64,32.71,-5.85,,403.86,,False,0,2025-06-30 23:13:37
a74fa2,JIA5068 ,United States,1751325106.0,1751325108,-97.0331,32.9069,,True,11.32,0.0,,,,,False,0,2025-06-30 23:13:37
a68631,N5197F  ,United States,1751325216.0,1751325216,-121.824,37.3545,411.48,False,38.35,6.93,3.25,,381.0,1200,False,0,2025-06-30 23:13:37
a56661,UAL1604 ,United States,1751325216.0,1751325217,-112.6443,40.7205,10972.8,False,229.46,270.77,-0.33,,11559.54,1462,False,0,2025-06-30 23:13:37
a2e045,UAL1667 ,United States,1751325216.0,1751325216,-89.042,35.5554,10668.0,False,246.2,25.76,0.0,,11315.7,5672,False,0,2025-06-30 23:13:37
a96a7d,N7057Q  ,United States,1751325187.0,1751325187,-95.7582,41.2447,419.1,False,32.93,0.9,-1.95,,411.48,,False,0,2025-06-30 23:13:37
acf1a3,PDT5805 ,United States,1751325216.0,1751325217,-75.0488,39.9101,662.94,False,86.59,249.84,-2.6,,662.94,4533,True,0,2025-06-30 23:13:37
a55333,N442MW  ,United States,1751325188.0,1751325189,-87.669,41.8617,274.32,False,5.56,303.69,-1.95,,205.74,1200,False,0,2025-06-30 23:13:37
aac363,N793CG  ,United States,1751325216.0,1751325216,-104.0834,38.842,7193.28,False,240.07,73.31,-14.63,,7642.86,7376,False,0,2025-06-30 23:13:37
a6d234,DAL1780 ,United States,1751325217.0,1751325217,-70.8866,42.6054,1226.82,False,101.92,206.05,0.0,,1264.92,1636,False,0,2025-06-30 23:13:37
a98bc2,JRE714  ,United States,1751325216.0,1751325216,-76.4051,41.6156,8991.6,False,216.81,45.19,-9.43,,9471.66,5535,False,0,2025-06-30 23:13:37
aac35d,ASI978  ,United States,1751325217.0,1751325217,-97.5222,31.0186,1356.36,False,50.93,203.2,-0.98,,1402.08,,False,0,2025-06-30 23:13:37
abd010,AAL2270 ,United States,1751325217.0,1751325217,-98.3848,32.6707,7429.5,False,216.36,293.4,8.78,,7863.84,5456,False,0,2025-06-30 23:13:37
ae564b,R20542  ,United States,1751325054.0,1751325064,-97.8562,31.1636,335.28,False,46.61,349.19,0.0,,327.66,,False,0,2025-06-30 23:13:37
a9a867,N721MS  ,United States,1751325214.0,1751325214,-103.0611,44.0445,,True,0.0,241.88,,,,,False,0,2025-06-30 23:13:37
a56285,N446SP  ,United States,1751325216.0,1751325216,-121.5807,37.0651,1097.28,False,55.24,327.94,-0.98,,1074.42,1200,False,0,2025-06-30 23:13:37
a097cc,UAL1046 ,United States,1751325216.0,1751325216,-84.4656,33.6483,701.04,False,96.86,276.71,5.53,,723.9,,False,0,2025-06-30 23:13:37
a9587d,N701CF  ,United States,1751325216.0,1751325217,-93.0856,44.9532,464.82,False,67.5,345.43,3.25,,449.58,,False,0,2025-06-30 23:13:37
a8bbbc,AAL2990 ,United States,1751325216.0,1751325216,-91.781,38.3106,9151.62,False,229.96,255.62,-0.33,,9669.78,4067,False,0,2025-06-30 23:13:37
ab9383,AAL2321 ,United States,1751325216.0,1751325217,-89.9441,42.5202,7261.86,False,252.61,90.7,-10.08,,7551.42,1324,False,0,2025-06-30 23:13:37
a69592,N523RH  ,United States,1751325217.0,1751325217,-73.6618,41.1765,457.2,False,68.22,57.63,0.33,,434.34,0216,False,0,2025-06-30 23:13:37
ac1698,SWA1704 ,United States,1751325216.0,1751325216,-91.4103,38.1944,10668.0,False,247.17,113.68,0.0,,11269.98,1432,False,0,2025-06-30 23:13:37
4caeb3,ITY651  ,Ireland,1751325186.0,1751325216,-67.1896,46.8479,11277.6,False,269.41,75.06,0.0,,11772.9,0573,False,0,2025-06-30 23:13:37
aa735a,SWA4065 ,United States,1751325217.0,1751325217,-106.4312,39.4702,10972.8,False,230.53,206.79,0.0,,11544.3,3260,False,0,2025-06-30 23:13:37
ab9387,DAL88   ,United States,1751325217.0,1751325217,-78.7942,35.7007,8839.2,False,254.45,63.59,0.0,,9387.84,7340,False,0,2025-06-30 23:13:37
a8cec7,FFT3131 ,United States,1751325216.0,1751325216,-99.8958,30.7661,10355.58,False,230.79,282.49,0.0,,11003.28,4316,False,0,2025-06-30 23:13:37
a99ed2,JIA5250 ,United States,1751325217.0,1751325217,-81.732,30.5589,1074.42,False,121.55,15.21,13.33,,1143.0,,False,0,2025-06-30 23:13:37
aa1cfa,N7504N  ,United States,1751325187.0,1751325187,-123.4467,39.6554,3505.2,False,82.6,152.96,-1.95,,3642.36,,False,0,2025-06-30 23:13:37
a44257,UAL2204 ,United States,1751325197.0,1751325197,-112.1661,37.5394,10355.58,False,232.89,235.26,-0.33,,10934.7,1322,False,0,2025-06-30 23:13:37
c05d7b,WJA2930 ,Canada,1751325217.0,1751325217,-78.0828,38.6497,10980.42,False,243.97,181.81,0.0,,11620.5,0673,False,0,2025-06-30 23:13:37
a44258,UAL2272 ,United States,1751325217.0,1751325217,-95.7915,43.5515,9144.0,False,211.66,233.8,-0.33,,9456.42,2652,False,0,2025-06-30 23:13:37
a4423b,UAL2386 ,United States,1751325216.0,1751325217,-96.9614,38.9247,10058.4,False,262.58,107.8,0.0,,10599.42,,False,0,2025-06-30 23:13:37
a25d36,SWA2971 ,United States,1751325216.0,1751325216,-122.2262,37.712,,True,9.26,115.31,,,,2014,False,0,2025-06-30 23:13:37
ad369c,N950WA  ,United States,1751325031.0,1751325031,-88.3856,42.787,723.9,False,64.76,141.13,1.95,,685.8,0571,False,0,2025-06-30 23:13:37
a347c0,N310KP  ,United States,1751325202.0,1751325202,-92.6379,41.39,320.04,False,71.47,200.65,2.93,,251.46,,False,0,2025-06-30 23:13:37
a227d4,N238SM  ,United States,1751325216.0,1751325216,-104.8553,44.7231,12192.0,False,200.68,259.06,0.0,,12694.92,,False,0,2025-06-30 23:13:37
aa9990,ENY3720 ,United States,1751325217.0,1751325217,-74.3387,44.8791,10363.2,False,223.35,335.8,-0.33,,10858.5,3570,False,0,2025-06-30 23:13:37
ad237c,ASA229  ,United States,1751325214.0,1751325215,-96.4825,46.6243,11277.6,False,251.0,116.41,0.0,,11590.02,,False,0,2025-06-30 23:13:37
a9a80f,N721JD  ,United States,1751325214.0,1751325214,-118.784,34.2593,1371.6,False,35.04,266.63,2.28,,1394.46,,False,0,2025-06-30 23:13:37
abd063,RPA5621 ,United States,1751325217.0,1751325217,-79.9094,33.6596,9166.86,False,215.5,20.25,6.18,,9723.12,1622,False,0,2025-06-30 23:13:37
a4ebd9,EJA416  ,United States,1751325191.0,1751325191,-118.4877,34.2083,,True,0.0,73.12,,,,,False,0,2025-06-30 23:13:37
acf038,N93251  ,United States,1751324944.0,1751324944,-73.8877,41.7579,914.4,False,48.07,174.47,-5.2,,944.88,,False,0,2025-06-30 23:13:37
a097e9,UAL1852 ,United States,1751325216.0,1751325216,-99.7095,25.8048,5166.36,False,172.66,233.85,0.33,,5455.92,7260,False,0,2025-06-30 23:13:37
a56256,EJA446  ,United States,1751325214.0,1751325214,-122.3767,37.6233,,True,6.69,284.06,,,,5521,False,0,2025-06-30 23:13:37
c05d3c,JZA824  ,Canada,1751325217.0,1751325217,-76.4788,39.1229,5295.9,False,194.78,81.04,12.68,,5593.08,4067,False,0,2025-06-30 23:13:37
a74bab,N5697E  ,United States,1751325214.0,1751325214,-86.4404,34.9396,784.86,False,36.81,236.98,1.63,,792.48,0136,False,0,2025-06-30 23:13:37
a25d05,UPS9302 ,United States,1751325216.0,1751325216,-89.2442,36.2132,11582.4,False,244.85,252.14,0.0,,12298.68,0060,False,0,2025-06-30 23:13:37
aab09a,SWA4281 ,United States,1751325216.0,1751325217,-122.214,37.7037,,True,0.06,157.5,,,,,False,0,2025-06-30 23:13:37
aa0b10,RPA3618 ,United States,1751325216.0,1751325216,-76.787,38.6386,5996.94,False,190.9,165.96,5.53,,6324.6,3743,False,0,2025-06-30 23:13:37
a5d7b0,LFA457  ,United States,1751325216.0,1751325216,-81.3671,28.7134,579.12,False,55.87,216.76,0.33,,617.22,3074,False,0,2025-06-30 23:13:37
a12a64,N1740C  ,United States,1751325216.0,1751325216,-82.2332,28.5467,1005.84,False,43.3,170.43,0.33,,1059.18,,False,0,2025-06-30 23:13:37
ac6fa4,SKW5719 ,United States,1751325216.0,1751325216,-87.9682,42.071,2468.88,False,128.89,80.35,-7.8,,2529.84,5337,False,0,2025-06-30 23:13:37
aa98cd,JRE782  ,United States,1751325217.0,1751325217,-86.7257,36.3276,13716.0,False,188.01,170.07,-0.33,,14378.94,5167,False,0,2025-06-30 23:13:37
a214e5,AAY3226 ,United States,1751325214.0,1751325214,-111.7137,40.2133,,True,0.0,143.44,,,,,False,0,2025-06-30 23:13:37
ac6faf,N900FF  ,United States,1751325216.0,1751325216,-97.5199,36.055,426.72,False,65.51,166.84,0.65,,426.72,,False,0,2025-06-30 23:13:37
ab4fd4,DAL296  ,United States,1751325216.0,1751325216,-76.6615,36.6155,10066.02,False,244.77,53.2,0.0,,10660.38,7175,False,0,2025-06-30 23:13:37
a62d26,N4975F  ,United States,1751325216.0,1751325216,-117.1349,32.8263,434.34,False,49.82,106.19,-1.63,,388.62,,False,0,2025-06-30 23:13:37
ab0971,AAL1970 ,United States,1751325108.0,1751325108,-81.6609,30.5082,38.1,False,64.44,250.41,-2.93,,45.72,,False,0,2025-06-30 23:13:37
aae94c,MRA609  ,United States,1751325172.0,1751325209,-85.1145,43.6821,2164.08,False,90.32,156.5,-0.65,,2194.56,,False,0,2025-06-30 23:13:37
a214bd,N233ME  ,United States,1751325217.0,1751325217,-118.4912,34.2206,342.9,False,33.76,187.88,-1.3,,289.56,5413,False,0,2025-06-30 23:13:37
a24a0a,ASA1135 ,United States,1751325217.0,1751325217,-117.9592,33.2758,5928.36,False,209.53,314.8,13.0,,6217.92,,False,0,2025-06-30 23:13:37
a36a13,DAL3155 ,United States,1751325217.0,1751325217,-86.6855,39.4814,10668.0,False,259.81,36.3,0.0,,11262.36,5671,False,0,2025-06-30 23:13:37
ac2952,DAL647  ,United States,1751325216.0,1751325217,-94.5856,30.2663,10363.2,False,236.4,320.39,0.33,,10988.04,6165,False,0,2025-06-30 23:13:37
a0d4d3,GMN86   ,United States,1751325216.0,1751325216,-123.0898,44.8226,1409.7,False,79.71,198.43,2.6,,1455.42,,False,0,2025-06-30 23:13:37
a9327a,DAL2274 ,United States,1751325216.0,1751325216,-105.4713,40.6423,11887.2,False,239.2,42.65,0.33,,12458.7,1633,False,0,2025-06-30 23:13:37
ad8fa4,JBU263  ,United States,1751325217.0,1751325217,-90.8844,43.5824,10363.2,False,211.76,290.33,0.65,,10713.72,4553,False,0,2025-06-30 23:13:37
c05d08,JZA964  ,Canada,1751325188.0,1751325188,-73.7422,45.4614,,True,5.4,267.19,,,,5213,False,0,2025-06-30 23:13:37
adba98,N984GB  ,United States,1751325216.0,1751325216,-93.2942,41.2397,11529.06,False,185.72,276.04,-6.5,,12054.84,4052,False,0,2025-06-30 23:13:37
a3cd6b,DAL948  ,United States,1751325216.0,1751325217,-110.0638,32.4626,10363.2,False,230.79,285.65,0.0,,10965.18,3444,False,0,2025-06-30 23:13:37
a837a5,UAL8144 ,United States,1751325216.0,1751325216,-80.4126,37.3251,9753.6,False,243.14,236.92,0.33,,10340.34,2407,False,0,2025-06-30 23:13:37
a837a3,,United States,1751324973.0,1751324973,-87.9294,41.9782,,True,4.37,306.56,,,,,False,0,2025-06-30 23:13:37
a37d8a,DAL1986 ,United States,1751325211.0,1751325211,-97.6648,30.2003,,True,6.94,84.38,,,,3013,False,0,2025-06-30 23:13:37
a9dbd1,N734VQ  ,United States,1751325216.0,1751325216,-81.3439,28.5415,167.64,False,38.73,253.01,3.58,,167.64,,False,0,2025-06-30 23:13:37
ad495b,AAL1414 ,United States,1751325214.0,1751325216,-83.3865,36.9798,10980.42,False,232.08,253.25,0.33,,11643.36,5646,False,0,2025-06-30 23:13:37
aa739d,UAL403  ,United States,1751325205.0,1751325213,-87.8744,41.9883,297.18,False,78.71,270.0,-4.23,,251.46,6660,False,0,2025-06-30 23:13:37
ac6ff5,APC995  ,United States,1751325216.0,1751325216,-117.4225,45.9687,2865.12,False,88.01,91.67,-0.65,,3017.52,,False,0,2025-06-30 23:13:37
ab9345,JRE845  ,United States,1751325217.0,1751325217,-79.6505,32.9394,3901.44,False,162.22,41.27,10.73,,4099.56,2650,False,0,2025-06-30 23:13:37
aa739e,UAL1566 ,United States,1751325216.0,1751325217,-77.5135,38.7153,2590.8,False,139.42,206.28,13.0,,2689.86,2162,False,0,2025-06-30 23:13:37
aac337,AAL48   ,United States,1751325071.0,1751325071,-97.0327,32.9111,,True,6.69,0.0,,,,,False,0,2025-06-30 23:13:37
a37d6c,CAP424  ,United States,1751324961.0,1751324961,-122.2259,37.7408,,True,0.06,129.38,,,,0023,False,0,2025-06-30 23:13:37
a99efb,N719RH  ,United States,1751325216.0,1751325216,-95.8094,33.3459,1554.48,False,41.49,137.01,-3.9,,1638.3,1200,False,0,2025-06-30 23:13:37
adcca0,AAL3103 ,United States,1751325217.0,1751325217,-79.9809,41.5035,10972.8,False,217.73,241.8,0.0,,11567.16,1605,False,0,2025-06-30 23:13:37
ab800d,N840CB  ,United States,1751325216.0,1751325216,-84.0313,34.9515,13106.4,False,234.07,156.42,-0.33,,13799.82,6262,False,0,2025-06-30 23:13:37
a5b29e,N46622  ,United States,1751325216.0,1751325216,-97.2594,33.2905,762.0,False,43.55,128.77,-1.95,,777.24,,False,0,2025-06-30 23:13:37
ad8fea,N973MN  ,United States,1751325216.0,1751325216,-116.869,34.7016,9593.58,False,258.34,50.41,13.66,,10142.22,7770,False,0,2025-06-30 23:13:37
a1e1d8,RPA5652 ,United States,1751325217.0,1751325217,-76.1822,37.3741,5257.8,False,191.8,43.15,8.13,,5570.22,,False,0,2025-06-30 23:13:37
a9eee0,N7390P  ,United States,1751325214.0,1751325216,-93.7942,36.162,1341.12,False,64.82,359.55,0.0,,1341.12,4306,False,0,2025-06-30 23:13:37
a9dbbd,N734UV  ,United States,1751325196.0,1751325196,-87.9345,43.433,1158.24,False,57.65,32.98,0.0,,1135.38,,False,0,2025-06-30 23:13:37
a9eeef,N73904  ,United States,1751325216.0,1751325216,-121.9335,37.7319,1097.28,False,50.2,65.8,-0.33,,1074.42,5310,False,0,2025-06-30 23:13:37
a81289,N6190D  ,United States,1751325216.0,1751325216,-117.2205,32.8279,807.72,False,42.23,272.79,1.95,,777.24,,False,0,2025-06-30 23:13:37
ac1675,SWA1728 ,United States,1751325216.0,1751325216,-84.9201,35.9879,7620.0,False,245.41,95.29,-0.33,,8077.2,2030,False,0,2025-06-30 23:13:37
a93257,SKW3842 ,United States,1751325216.0,1751325216,-87.7998,43.175,8534.4,False,221.63,300.55,-0.33,,8907.78,1351,False,0,2025-06-30 23:13:37
a12a7c,UAL8167 ,United States,1751325216.0,1751325216,-86.8099,36.7763,10668.0,False,232.33,170.95,-0.65,,11308.08,5243,False,0,2025-06-30 23:13:37
aa737d,SWA6475 ,United States,1751325216.0,1751325216,-91.729,35.8065,11887.2,False,238.81,91.73,-0.33,,12542.52,1026,False,0,2025-06-30 23:13:37
a9ca09,N73PT   ,United States,1751325117.0,1751325120,-81.4655,28.4366,99.06,False,32.23,208.61,-3.25,,121.92,1200,False,0,2025-06-30 23:13:37
a97a37,N71FF   ,United States,1751325217.0,1751325217,-116.8989,32.8079,1082.04,False,48.42,227.15,0.33,,1074.42,,False,0,2025-06-30 23:13:37
c05bd5,ACA795  ,Canada,1751325209.0,1751325212,-79.6279,43.6851,205.74,True,11.32,317.81,,,,0533,False,0,2025-06-30 23:13:37
a48a83,DAL3218 ,United States,1751325215.0,1751325216,-81.2064,32.1341,,True,0.0,357.19,,,,,False,0,2025-06-30 23:13:37
a07311,SKW5316 ,United States,1751325216.0,1751325216,-122.9313,44.0757,9517.38,False,210.46,178.74,5.85,,9966.96,,False,0,2025-06-30 23:13:37
ab3d9a,SKW4033 ,United States,1751325216.0,1751325217,-84.2386,33.7088,1219.2,False,99.3,169.85,-5.2,,1264.92,1353,False,0,2025-06-30 23:13:37
a6e4e8,AAL1859 ,United States,1751325216.0,1751325217,-111.5042,40.8896,9753.6,False,232.27,267.33,0.0,,10279.38,,False,0,2025-06-30 23:13:37
a6e4e4,DAL1848 ,United States,1751325216.0,1751325216,-84.2391,33.537,1463.04,False,101.35,90.0,-4.88,,1524.0,2144,False,0,2025-06-30 23:13:37
a8bd1b,QXE2223 ,United States,1751325215.0,1751325217,-122.309,47.5417,1226.82,False,126.04,359.53,9.1,,1280.16,,False,0,2025-06-30 23:13:37
a08615,N1328F  ,United States,1751325180.0,1751325216,-81.5864,28.8815,426.72,False,56.83,116.33,0.33,,441.96,,False,0,2025-06-30 23:13:37
a10931,AAL636  ,United States,1751325217.0,1751325217,-108.3189,31.8454,10066.02,False,246.94,90.48,0.0,,10652.76,7272,False,0,2025-06-30 23:13:37
adba0a,ASA412  ,United States,1751325216.0,1751325216,-85.4467,42.4738,10668.0,False,259.93,110.26,0.0,,11186.16,6525,False,0,2025-06-30 23:13:37
a9a7c9,N721FJ  ,United States,1751325217.0,1751325217,-105.0969,39.9842,1889.76,False,49.55,167.41,0.0,,1981.2,,False,0,2025-06-30 23:13:37
a01ca5,SKW5575 ,United States,1751325216.0,1751325216,-95.7272,30.3457,4770.12,False,162.83,139.87,-9.43,,5044.44,2150,False,0,2025-06-30 23:13:37
a441d6,DAL2533 ,United States,1751325216.0,1751325217,-122.6938,46.1767,7117.08,False,211.28,352.3,-10.08,,7467.6,2457,False,0,2025-06-30 23:13:37
a4b914,N403PJ  ,United States,1751325214.0,1751325214,-79.0069,40.755,647.7,False,70.52,336.8,-0.33,,617.22,0150,False,0,2025-06-30 23:13:37
a1e302,SWA3555 ,United States,1751325216.0,1751325217,-78.1221,42.1392,11582.4,False,212.17,240.51,0.0,,12192.0,1170,False,0,2025-06-30 23:13:37
adcd6d,JBU224  ,United States,1751325217.0,1751325217,-115.322,33.3145,10027.92,False,247.66,98.6,2.6,,10576.56,6556,True,0,2025-06-30 23:13:37
a06010,AAL562  ,United States,1751325216.0,1751325217,-85.7524,34.0185,9745.98,False,233.8,277.08,0.0,,10347.96,2530,False,0,2025-06-30 23:13:37
a704c7,PVA4646 ,United States,1751325059.0,1751325059,-112.3959,38.2031,13106.4,False,246.34,216.08,0.33,,13792.2,,False,0,2025-06-30 23:13:37
a98d0c,N714XX  ,United States,1751325217.0,1751325217,-123.0909,45.4526,601.98,False,38.6,1.53,-4.88,,601.98,,False,0,2025-06-30 23:13:37
c05ba9,WJA213  ,Canada,1751325216.0,1751325216,-81.1309,47.6505,10972.8,False,200.82,291.17,0.0,,11376.66,,False,0,2025-06-30 23:13:37
c05bc6,ROU1616 ,Canada,1751325216.0,1751325216,-80.6691,28.7468,4968.24,False,189.41,246.64,-3.25,,5250.18,5675,False,0,2025-06-30 23:13:37
a694dd,JBU2655 ,United States,1751325217.0,1751325217,-79.8622,36.5522,10972.8,False,239.65,199.17,0.0,,11635.74,0506,False,0,2025-06-30 23:13:37
c0153b,WJA1723 ,Canada,1751325217.0,1751325217,-123.0016,48.9749,2194.56,False,119.26,348.3,-6.18,,2301.24,2056,False,0,2025-06-30 23:13:37
a5c4e2,ASA676  ,United States,1751325211.0,1751325216,-121.1018,43.4082,10972.8,False,232.91,338.76,-0.33,,11483.34,,False,0,2025-06-30 23:13:37
a01cd4,N106UV  ,United States,1751325216.0,1751325216,-111.6938,40.2122,1615.44,False,55.77,150.12,-2.28,,1638.3,,False,0,2025-06-30 23:13:37
a5c4f4,EDG471  ,United States,1751325216.0,1751325216,-83.8377,33.382,11887.2,False,236.62,118.29,-0.33,,12580.62,0514,False,0,2025-06-30 23:13:37
a08663,AAL1919 ,United States,1751325007.0,1751325007,-97.0281,32.8909,,True,16.46,180.0,,,,6054,False,0,2025-06-30 23:13:37
ab4fae,DAL446  ,United States,1751325216.0,1751325217,-88.0795,32.4332,10058.4,False,245.05,87.83,0.0,,10675.62,2022,False,0,2025-06-30 23:13:37
4d23a1,VIV4085 ,Malta,1751325216.0,1751325216,-116.5789,32.2457,5128.26,False,196.94,116.7,12.35,,5387.34,,False,0,2025-06-30 23:13:37
ad6a7f,N9636K  ,United States,1751325216.0,1751325216,-104.415,38.5525,2636.52,False,73.57,0.0,1.3,,2781.3,7341,False,0,2025-06-30 23:13:37
a86d36,FFT4146 ,United States,1751325216.0,1751325217,-104.1319,35.1601,10058.4,False,237.05,86.64,0.33,,10637.52,,False,0,2025-06-30 23:13:37
a58971,N456LS  ,United States,1751325054.0,1751325056,-81.5107,28.3362,121.92,False,43.95,141.65,-1.63,,129.54,1200,False,0,2025-06-30 23:13:37
a1d018,N216DA  ,United States,1751325042.0,1751325055,-79.8247,32.868,556.26,False,63.53,105.5,-0.98,,601.98,1200,False,0,2025-06-30 23:13:37
ac27a6,SWA3724 ,United States,1751325216.0,1751325217,-81.4178,28.9995,5928.36,False,212.63,355.42,11.38,,6248.4,4075,False,0,2025-06-30 23:13:37
a3dfeb,DAL1612 ,United States,1751325216.0,1751325216,-97.6801,30.2419,304.8,False,64.32,178.63,-3.58,,320.04,4111,False,0,2025-06-30 23:13:37
afb23c,JOLLY92 ,United States,1751325216.0,1751325216,-121.9015,37.1285,1607.82,False,66.59,339.18,0.0,,1623.06,,False,0,2025-06-30 23:13:37
ab3d14,FDY484  ,United States,1751325216.0,1751325216,-90.5954,40.1912,2956.56,False,84.7,241.72,-1.95,,3078.48,3261,False,0,2025-06-30 23:13:37
a58982,N456MJ  ,United States,1751325217.0,1751325217,-119.6131,34.8727,6682.74,False,161.57,133.45,-9.75,,6987.54,3634,False,0,2025-06-30 23:13:37
a4b96d,SKW3363 ,United States,1751325208.0,1751325208,-121.067,44.4525,3215.64,False,157.24,320.84,11.38,,3375.66,,False,0,2025-06-30 23:13:37
a4a63d,LN399WS ,United States,1751325216.0,1751325216,-104.987,42.1259,6111.24,False,128.65,349.63,0.0,,6454.14,5142,False,0,2025-06-30 23:13:37
a44308,DAL932  ,United States,1751325216.0,1751325216,-85.3099,34.5095,6461.76,False,204.26,142.26,-9.1,,6850.38,2162,False,0,2025-06-30 23:13:37
a1099f,SKW5753 ,United States,1751325217.0,1751325217,-85.7137,40.1886,8115.3,False,245.78,4.92,-5.53,,8564.88,6017,False,0,2025-06-30 23:13:37
a19343,AAL1743 ,United States,1751325204.0,1751325204,-77.4551,38.9374,,True,0.0,267.19,,,,,False,0,2025-06-30 23:13:37
ab3d39,AAL2624 ,United States,1751325216.0,1751325217,-108.2162,36.3251,9144.0,False,238.63,212.32,0.0,,9669.78,3235,False,0,2025-06-30 23:13:37
a38ff9,N329CH  ,United States,1751325216.0,1751325216,-122.4214,45.5267,693.42,False,80.31,295.42,-3.58,,693.42,6310,False,0,2025-06-30 23:13:37
a25cdc,SKW3585 ,United States,1751325216.0,1751325217,-115.5708,43.2628,10363.2,False,204.15,316.53,0.0,,10873.74,,False,0,2025-06-30 23:13:37
a1801c,SKW3482 ,United States,1751325115.0,1751325115,-117.1839,32.7322,22.86,False,69.04,286.0,-4.55,,83.82,3377,False,0,2025-06-30 23:13:37
a5b316,N4666G  ,United States,1751325108.0,1751325216,-90.8118,40.9378,1828.8,False,63.81,196.39,0.0,,1866.9,,False,0,2025-06-30 23:13:37
a33646,WUP306  ,United States,1751325217.0,1751325217,-104.5926,38.2429,12496.8,False,222.55,115.02,0.0,,13114.02,3746,False,0,2025-06-30 23:13:37
a97a67,N71HD   ,United States,1751325158.0,1751325158,-117.2471,33.8621,518.16,False,26.24,1.12,-4.88,,480.06,1200,False,0,2025-06-30 23:13:37
a97a69,N71HF   ,United States,1751325216.0,1751325216,-72.9942,40.8787,571.5,False,36.38,223.85,0.0,,563.88,4237,False,0,2025-06-30 23:13:37
c05c7a,JZA7922 ,Canada,1751325216.0,1751325216,-72.9306,45.2938,5600.7,False,230.03,91.41,10.08,,5829.3,,False,0,2025-06-30 23:13:37
a8aa77,PDT6009 ,United States,1751325217.0,1751325217,-77.6388,35.6721,2827.02,False,143.19,278.89,13.0,,2964.18,,False,0,2025-06-30 23:13:37
ad34b4,AAL1554 ,United States,1751325216.0,1751325216,-95.8579,33.5781,5920.74,False,207.5,248.78,-8.45,,6278.88,5777,False,0,2025-06-30 23:13:37
a5d927,UAL640  ,United States,1751325215.0,1751325215,-99.8547,37.5239,10675.62,False,250.9,110.78,0.0,,11285.22,2303,False,0,2025-06-30 23:13:37
a2f016,GXA106  ,United States,1751325109.0,1751325109,-80.9269,41.3138,982.98,False,116.57,339.33,-5.85,,975.36,0654,False,0,2025-06-30 23:13:37
a32367,DAL2974 ,United States,1751325216.0,1751325216,-77.4533,38.9484,,True,0.0,0.0,,,,,False,0,2025-06-30 23:13:37
ac01a4,ES803   ,United States,1751325212.0,1751325212,-120.9077,37.9334,2019.3,False,66.88,337.38,0.0,,2057.4,,False,0,2025-06-30 23:13:37
a32368,DAL840  ,United States,1751325215.0,1751325215,-101.9719,39.582,8328.66,False,253.58,100.28,3.25,,8793.48,,False,0,2025-06-30 23:13:37
ab3d6f,EJA823  ,United States,1751325217.0,1751325217,-86.2066,36.2912,13106.4,False,240.64,68.43,0.0,,13776.96,3416,False,0,2025-06-30 23:13:37
a3ccb7,FFT1248 ,United States,1751325217.0,1751325217,-86.7647,42.7154,6393.18,False,228.66,66.95,-8.78,,6652.26,3244,False,0,2025-06-30 23:13:37
a44334,FFT2953 ,United States,1751325216.0,1751325216,-79.0081,36.9409,8747.76,False,225.62,221.39,4.23,,9288.78,6221,False,0,2025-06-30 23:13:37
ad34c1,HER950  ,United States,1751325216.0,1751325216,-80.1309,26.5294,868.68,False,113.28,174.0,0.33,,944.88,7616,False,0,2025-06-30 23:13:37
a8bd6a,UAL967  ,United States,1751325125.0,1751325125,-74.1788,40.6991,,True,0.0,185.62,,,,0717,False,0,2025-06-30 23:13:37
aa0a6e,SKW6354 ,United States,1751325215.0,1751325216,-89.9367,34.4837,10972.8,False,234.04,231.69,-0.33,,11658.6,1102,False,0,2025-06-30 23:13:37
a50cb7,RPA4453 ,United States,1751325217.0,1751325217,-78.8751,37.9332,10668.0,False,239.07,81.84,0.0,,11330.94,3451,False,0,2025-06-30 23:13:37
ac5d61,UAL1134 ,United States,1751325217.0,1751325217,-94.5314,44.5871,6682.74,False,200.63,62.84,-10.08,,6888.48,6565,False,0,2025-06-30 23:13:37
abd135,SWA727  ,United States,1751324987.0,1751324989,-104.6601,39.8703,1607.82,False,85.4,180.35,-4.88,,1699.26,,False,0,2025-06-30 23:13:37
acf10e,CAP4033 ,United States,1751324972.0,1751324972,-96.7497,43.7151,883.92,False,75.62,173.36,-3.9,,914.4,3436,False,0,2025-06-30 23:13:37
ae5773,PAT516  ,United States,1751325216.0,1751325217,-84.9751,38.2616,2430.78,False,113.56,246.22,-0.65,,2514.6,5660,False,0,2025-06-30 23:13:37
a8cffd,UAL75   ,United States,1751325216.0,1751325217,-74.151,41.0663,1524.0,False,118.32,179.75,0.33,,1569.72,7341,False,0,2025-06-30 23:13:37
a098f6,AAL2721 ,United States,1751325216.0,1751325217,-82.9343,36.7657,10668.0,False,236.7,54.38,0.0,,11315.7,0073,False,0,2025-06-30 23:13:37
a9a97f,RPA3481 ,United States,1751325213.0,1751325213,-74.165,40.7007,,True,0.0,95.62,,,,,False,0,2025-06-30 23:13:37
a8bcdd,NKS2722 ,United States,1751325216.0,1751325217,-95.2522,29.9581,10934.7,False,228.72,255.28,-4.55,,11612.88,3501,False,0,2025-06-30 23:13:37
a67050,JIA9964 ,United States,1751325216.0,1751325216,-84.0436,35.7616,1386.84,False,108.7,220.78,12.03,,1440.18,,False,0,2025-06-30 23:13:37
abe475,SWA2949 ,United States,1751325216.0,1751325217,-80.7646,29.6605,11590.02,False,247.17,165.91,0.33,,12184.38,1730,False,0,2025-06-30 23:13:37
abf78f,AAL1270 ,United States,1751325195.0,1751325195,-92.2939,32.7243,10668.0,False,249.61,91.65,0.0,,11308.08,0576,False,0,2025-06-30 23:13:37
ac047d,ASH6126 ,United States,1751325216.0,1751325216,-77.9987,38.1959,5638.8,False,188.62,215.9,3.58,,5951.22,3537,False,0,2025-06-30 23:13:37
a6f99b,N549CP  ,United States,1751325216.0,1751325216,-119.7278,37.3465,12496.8,False,237.69,176.15,0.33,,13159.74,3571,False,0,2025-06-30 23:13:37
a8268d,QXE2010 ,United States,1751325217.0,1751325217,-117.6787,45.2809,10972.8,False,208.93,295.68,-0.33,,11483.34,,False,0,2025-06-30 23:13:37
a085a4,UAL1846 ,United States,1751325216.0,1751325217,-84.5011,45.3417,10881.36,False,192.27,245.84,-5.53,,11315.7,7321,False,0,2025-06-30 23:13:37
ac048d,SWA921  ,United States,1751325216.0,1751325216,-103.1054,30.7988,10843.26,False,230.28,282.51,-6.18,,11521.44,0554,True,0,2025-06-30 23:13:37
a98cbc,AAL1572 ,United States,1751325217.0,1751325217,-79.6232,43.6859,,True,0.0,146.25,,,,6311,False,0,2025-06-30 23:13:37
a588a9,N456CS  ,United States,1751325217.0,1751325217,-122.473,37.2656,1691.64,False,65.63,279.02,0.0,,1714.5,5362,False,0,2025-06-30 23:13:37
a81365,N6196P  ,United States,1751325217.0,1751325217,-119.1986,35.4542,655.32,False,50.28,97.05,-0.98,,617.22,,False,0,2025-06-30 23:13:37
aa7472,N773CV  ,United States,1751325217.0,1751325217,-118.9138,34.3624,2301.24,False,83.04,101.8,0.0,,2362.2,6074,False,0,2025-06-30 23:13:37
a32396,FFT1928 ,United States,1751325216.0,1751325216,-103.3409,39.4626,7696.2,False,219.89,110.26,9.43,,8138.16,,False,0,2025-06-30 23:13:37
ac049e,ASH6117 ,United States,1751325217.0,1751325217,-96.2191,31.8136,8534.4,False,229.71,339.41,0.33,,9037.32,2526,False,0,2025-06-30 23:13:37
a81316,N6194E  ,United States,1751325216.0,1751325217,-122.32,45.4358,1264.92,False,38.73,163.01,-2.93,,1303.02,,False,0,2025-06-30 23:13:37
c04b29,GLR2727 ,Canada,1751325217.0,1751325217,-81.0639,44.5565,4777.74,False,143.39,175.89,-7.15,,4968.24,2570,True,0,2025-06-30 23:13:37
c05e62,ROU1523 ,Canada,1751325216.0,1751325216,-71.1979,45.9836,9060.18,False,218.77,267.98,-11.38,,9479.28,4716,False,0,2025-06-30 23:13:37
a99fd7,,United States,1751324969.0,1751324979,-111.444,32.9419,670.56,False,40.25,54.89,-0.33,,640.08,,False,0,2025-06-30 23:13:37
abd17b,SWA978  ,United States,1751325115.0,1751325125,-114.8756,38.9975,11582.4,False,218.92,261.62,0.0,,12207.24,3425,False,0,2025-06-30 23:13:37
a9595a,N701MB  ,United States,1751325216.0,1751325216,-93.8046,41.1707,914.4,False,56.81,38.01,-0.33,,937.26,,False,0,2025-06-30 23:13:37
a56374,N4461T  ,United States,1751325216.0,1751325217,-76.6419,38.1564,1394.46,False,74.46,348.85,-1.95,,1402.08,,False,0,2025-06-30 23:13:37
aa6113,AAL3134 ,United States,1751325215.0,1751325216,-93.5137,40.2395,7498.08,False,252.03,47.81,6.83,,7848.6,,False,0,2025-06-30 23:13:37
a6f98e,SKW3761 ,United States,1751325216.0,1751325216,-72.6688,42.1887,7216.14,False,198.78,296.1,5.53,,7581.9,7070,False,0,2025-06-30 23:13:37
a2f092,ENY4312 ,United States,1751325217.0,1751325217,-82.8207,27.0165,10370.82,False,249.55,185.32,-5.85,,10957.56,3645,False,0,2025-06-30 23:13:37
a9a929,VXP466  ,United States,1751325216.0,1751325216,-82.5433,27.9472,259.08,False,90.1,190.86,10.4,,289.56,,False,0,2025-06-30 23:13:37
ab2c11,ASI541  ,United States,1751325170.0,1751325170,-112.0717,33.6902,556.26,False,33.07,264.64,-4.23,,464.82,1200,False,0,2025-06-30 23:13:37
c05e72,ROU1910 ,Canada,1751325216.0,1751325216,-79.6174,43.6821,,True,0.64,11.25,,,,0020,False,0,2025-06-30 23:13:37
aa7426,UAL2411 ,United States,1751325179.0,1751325215,-101.8544,40.5774,9753.6,False,230.59,256.58,0.0,,10264.14,,False,0,2025-06-30 23:13:37
a37e6c,AAY1258 ,United States,1751325215.0,1751325216,-85.9937,31.4949,11277.6,False,239.38,139.53,0.33,,11955.78,0733,False,0,2025-06-30 23:13:37
a192f5,N200KS  ,United States,1751325216.0,1751325217,-123.1196,47.2491,4145.28,False,48.58,245.61,2.28,,4305.3,,False,0,2025-06-30 23:13:37
ab9413,SCX105  ,United States,1751325157.0,1751325157,-115.1376,36.0837,,True,4.37,171.56,,,,2456,False,0,2025-06-30 23:13:37
ab3dc3,UAL2725 ,United States,1751325217.0,1751325217,-91.8454,29.5417,9151.62,False,226.42,261.24,-0.65,,9730.74,,False,0,2025-06-30 23:13:37
a7f39c,N611MV  ,United States,1751325216.0,1751325216,-121.3066,38.5329,1409.7,False,101.78,324.46,-5.2,,1432.56,7730,False,0,2025-06-30 23:13:37
a36b2d,JBU1012 ,United States,1751325216.0,1751325216,-82.4968,42.4447,11277.6,False,256.89,87.82,0.0,,11864.34,6233,False,0,2025-06-30 23:13:37
ac0417,ASH6027 ,United States,1751325217.0,1751325217,-105.8714,35.331,8427.72,False,218.51,107.54,4.55,,8945.88,,False,0,2025-06-30 23:13:37
a24b40,AAY654  ,United States,1751325208.0,1751325208,-110.881,33.7579,3840.48,False,198.61,242.04,-9.75,,4107.18,,False,0,2025-06-30 23:13:37
a0d5ed,N153GC  ,United States,1751325119.0,1751325121,-114.4338,36.0826,1127.76,False,58.15,88.48,0.33,,1066.8,,False,0,2025-06-30 23:13:37
a86e1d,QXE2222 ,United States,1751325216.0,1751325216,-120.4266,47.8017,7315.2,False,175.89,276.04,-0.33,,7658.1,6065,False,0,2025-06-30 23:13:37
a4a5e2,N399TA  ,United States,1751325161.0,1751325161,-122.5551,48.2352,746.76,False,73.0,344.89,0.0,,754.38,,False,0,2025-06-30 23:13:37
3c7a4c,CFG2044 ,Germany,1751325216.0,1751325216,-79.1591,28.0091,10264.14,False,253.46,198.21,-9.75,,10797.54,5261,False,0,2025-06-30 23:13:37
a468cf,N3830H  ,United States,1751325217.0,1751325217,-81.8418,35.7393,1455.42,False,43.71,243.43,-0.98,,1508.76,,False,0,2025-06-30 23:13:37
a25e5d,CXK228  ,United States,1751325216.0,1751325217,-97.2451,32.6673,739.14,False,52.72,72.98,1.95,,746.76,,False,0,2025-06-30 23:13:37
a838c0,N629MA  ,United States,1751325216.0,1751325216,-80.6894,35.2048,769.62,False,84.05,356.14,-1.63,,777.24,,False,0,2025-06-30 23:13:37
c028cd,WJA2405 ,Canada,1751324984.0,1751324986,-79.6192,43.6835,,True,0.0,286.88,,,,5736,False,0,2025-06-30 23:13:37
a442f3,DAL1192 ,United States,1751325217.0,1751325217,-81.4718,32.5336,11582.4,False,243.51,187.77,0.0,,12245.34,0521,False,0,2025-06-30 23:13:37
a81395,N61972  ,United States,1751325216.0,1751325216,-81.0543,28.9869,731.52,False,42.15,250.02,-0.65,,792.48,0715,False,0,2025-06-30 23:13:37
a8137e,N6197D  ,United States,1751325216.0,1751325217,-99.0933,34.5854,11666.22,False,172.82,186.15,-7.8,,12344.4,,False,0,2025-06-30 23:13:37
a08714,,United States,1751325139.0,1751325139,-87.9207,41.99,,True,7.72,270.0,,,,,False,0,2025-06-30 23:13:37
ac1765,SWA180  ,United States,1751325217.0,1751325217,-106.2927,31.7382,10972.8,False,228.04,280.4,0.33,,11620.5,2077,False,0,2025-06-30 23:13:37
abe40a,SWA3382 ,United States,1751325216.0,1751325216,-104.6165,38.3713,11277.6,False,240.16,70.48,0.0,,11871.96,2656,False,0,2025-06-30 23:13:37
ac042a,SWA185  ,United States,1751325216.0,1751325216,-86.1872,36.1005,11582.4,False,231.99,275.34,0.33,,12260.58,2032,False,0,2025-06-30 23:13:37
aad780,UAL968  ,United States,1751325216.0,1751325216,-120.0644,39.5595,10066.02,False,274.47,26.85,-0.33,,10553.7,3230,False,0,2025-06-30 23:13:37
a3bb07,N34AT   ,United States,1751325216.0,1751325216,-120.4896,35.2818,2286.0,False,72.24,169.33,1.63,,2354.58,,False,0,2025-06-30 23:13:37
adcdc9,NKS2584 ,United States,1751325214.0,1751325214,-100.8517,38.7228,11567.16,False,214.53,264.36,0.0,,12161.52,6705,False,0,2025-06-30 23:13:37
aa617c,RPA3460 ,United States,1751325216.0,1751325216,-79.6357,43.6899,,True,0.0,317.81,,,,0562,False,0,2025-06-30 23:13:37
a36b73,JBU1138 ,United States,1751325206.0,1751325215,-97.6624,30.2028,,True,0.0,247.5,,,,,False,0,2025-06-30 23:13:37
a3bb19,N34BL   ,United States,1751325209.0,1751325215,-121.8178,37.333,,True,0.06,233.44,,,,,False,0,2025-06-30 23:13:37
ac1789,SWA2427 ,United States,1751325216.0,1751325216,-91.9216,38.7368,10980.42,False,216.05,250.96,0.0,,11582.4,1033,False,0,2025-06-30 23:13:37
ab8148,EJA840  ,United States,1751325216.0,1751325217,-78.0715,38.9859,3055.62,False,201.71,20.61,0.33,,3169.92,2153,False,0,2025-06-30 23:13:37
a50e46,VAR425  ,United States,1751324898.0,1751324904,-111.4637,32.9311,731.52,False,59.08,73.3,0.65,,662.94,1200,False,0,2025-06-30 23:13:37
ad6aa7,N9637Q  ,United States,1751325216.0,1751325216,-88.4412,41.4086,449.58,False,46.84,178.11,-3.58,,434.34,1200,False,0,2025-06-30 23:13:37
a322d5,N3008U  ,United States,1751325216.0,1751325216,-88.5281,41.3415,1104.9,False,52.78,186.16,-1.95,,1082.04,1200,False,0,2025-06-30 23:13:37
abe450,SWA1067 ,United States,1751325216.0,1751325216,-96.8469,32.8452,,True,4.37,50.62,,,,,False,0,2025-06-30 23:13:37
a9dce9,UAL557  ,United States,1751325216.0,1751325216,-96.3416,38.3765,9753.6,False,211.81,282.48,0.0,,10279.38,2516,False,0,2025-06-30 23:13:37
ac045e,ASH6124 ,United States,1751325216.0,1751325217,-95.1374,35.2083,8534.4,False,227.44,171.28,0.0,,9037.32,2103,False,0,2025-06-30 23:13:37
a588da,N456ER  ,United States,1751325206.0,1751325206,-88.5061,43.8647,914.4,False,56.7,3.64,-2.28,,868.68,4345,False,0,2025-06-30 23:13:37
ac045c,ASH6072 ,United States,1751325217.0,1751325217,-94.3108,34.1611,10668.0,False,233.57,13.76,-0.33,,11285.22,7231,False,0,2025-06-30 23:13:37
aab146,SWA275  ,United States,1751325216.0,1751325216,-104.0771,30.7253,10668.0,False,247.47,90.83,0.0,,11330.94,,False,0,2025-06-30 23:13:37
ad7e6f,JBU1874 ,United States,1751325216.0,1751325216,-102.775,41.9924,10660.38,False,240.56,79.65,0.0,,11170.92,2410,False,0,2025-06-30 23:13:37
a8ab3c,JBU507  ,United States,1751325216.0,1751325217,-85.8755,36.8462,5143.5,False,196.94,214.89,-12.68,,5440.68,2002,False,0,2025-06-30 23:13:37
a86e6c,UAL52   ,United States,1751325216.0,1751325216,-74.7533,40.0894,9448.8,False,247.7,51.15,0.0,,9966.96,1373,False,0,2025-06-30 23:13:37
ac4b72,SWA3531 ,United States,1751325216.0,1751325216,-96.8641,40.9122,10972.8,False,206.87,262.86,0.0,,11483.34,3245,False,0,2025-06-30 23:13:37
aa1e99,JRE751  ,United States,1751325217.0,1751325217,-77.9898,42.2401,10668.0,False,228.23,76.84,-0.33,,11224.26,7070,False,0,2025-06-30 23:13:37
adbb36,NKS2621 ,United States,1751325217.0,1751325217,-108.9315,38.3023,11285.22,False,236.28,63.21,0.0,,11917.68,,False,0,2025-06-30 23:13:37
a73b7e,SWA2477 ,United States,1751325216.0,1751325216,-79.53,33.9164,11887.2,False,215.87,25.1,0.0,,12542.52,1635,False,0,2025-06-30 23:13:37
aa72d3,SWA1288 ,United States,1751325217.0,1751325217,-76.7399,39.1778,312.42,False,77.31,93.43,-4.88,,289.56,5355,False,0,2025-06-30 23:13:37
ac4b95,SWA2068 ,United States,1751325216.0,1751325217,-82.3851,39.6437,3032.76,False,150.5,346.96,-8.13,,3154.68,1020,False,0,2025-06-30 23:13:37
a3373a,AAL2626 ,United States,1751325187.0,1751325187,-80.9693,35.247,350.52,False,74.77,176.05,-3.58,,350.52,6610,False,0,2025-06-30 23:13:37
a50e93,DAL228  ,United States,1751325216.0,1751325216,-80.3627,43.1407,8519.16,False,259.29,63.74,4.55,,8945.88,,False,0,2025-06-30 23:13:37
a5fb40,VAR485  ,United States,1751325217.0,1751325217,-113.3094,33.4913,2514.6,False,58.87,275.01,-0.33,,2621.28,0757,False,0,2025-06-30 23:13:37
a24aa1,AIP1044 ,United States,1751324998.0,1751325006,-103.0606,44.0438,,True,0.06,233.44,,,,3052,False,0,2025-06-30 23:13:37
a4db51,,United States,1751325216.0,1751325216,-86.8701,40.6173,2042.16,False,62.64,19.18,3.25,,2049.78,,False,0,2025-06-30 23:13:37
a61b4e,ASA569  ,United States,1751325216.0,1751325217,-95.7098,35.9102,10363.2,False,228.03,305.91,0.0,,10980.42,2723,False,0,2025-06-30 23:13:37
a33743,SKW4010 ,United States,1751325214.0,1751325215,-98.2343,45.6555,9860.28,False,242.33,117.98,5.85,,10218.42,,False,0,2025-06-30 23:13:37
a37db9,FFT2630 ,United States,1751325216.0,1751325217,-89.9276,38.8454,4762.5,False,192.48,107.42,9.75,,4975.86,1726,False,0,2025-06-30 23:13:37
a86e35,RPA3428 ,United States,1751325217.0,1751325217,-74.4025,40.9502,8839.2,False,236.57,20.76,-0.33,,9349.74,6236,False,0,2025-06-30 23:13:37
a838e6,RVF9629 ,United States,1751325216.0,1751325216,-91.5022,38.9801,9105.9,False,231.17,265.53,8.45,,9578.34,1113,False,0,2025-06-30 23:13:37
a37da1,ENY4010 ,United States,1751325217.0,1751325217,-76.8223,43.1442,3604.26,False,177.55,76.08,-5.85,,3741.42,3165,False,0,2025-06-30 23:13:37
a74e7a,ASA366  ,United States,1751325216.0,1751325216,-118.3253,47.6306,10972.8,False,210.77,277.71,0.0,,11414.76,,False,0,2025-06-30 23:13:37
a37da9,N324F   ,United States,1751325216.0,1751325216,-106.6536,31.5901,9448.8,False,151.46,118.39,0.0,,9997.44,1626,False,0,2025-06-30 23:13:37
a825e3,JBU240  ,United States,1751325211.0,1751325215,-80.7983,27.8685,4800.6,False,199.09,321.29,-4.23,,5090.16,2124,False,0,2025-06-30 23:13:37
a18109,NJM325  ,United States,1751325216.0,1751325216,-82.8836,29.6155,5791.2,False,179.06,118.11,-0.33,,6080.76,,False,0,2025-06-30 23:13:37
a3cde4,AAL400  ,United States,1751325208.0,1751325208,-78.6102,29.8964,10668.0,False,229.88,10.05,0.0,,11209.02,3307,False,0,2025-06-30 23:13:37
a6e720,DAL820  ,United States,1751325216.0,1751325216,-85.0183,39.0782,10370.82,False,223.22,284.0,0.0,,10980.42,3750,False,0,2025-06-30 23:13:37
aa1dc2,ENY3397 ,United States,1751325217.0,1751325217,-78.2623,42.5878,8092.44,False,209.83,275.49,7.15,,8542.02,4111,False,0,2025-06-30 23:13:37
a1f794,ABX2246 ,United States,1751325217.0,1751325217,-79.3697,24.818,8488.68,False,212.61,330.58,-11.05,,8953.5,,False,0,2025-06-30 23:13:37
ac28be,,United States,1751325187.0,1751325187,-118.146,33.8186,,True,0.0,90.0,,,,,False,0,2025-06-30 23:13:37
a9cb83,SKW6281 ,United States,1751325217.0,1751325217,-94.6884,39.3129,10972.8,False,208.59,234.23,0.0,,11529.06,3533,False,0,2025-06-30 23:13:37
ac28e5,SWA3593 ,United States,1751325216.0,1751325216,-82.6757,28.2355,1501.14,False,138.69,123.04,-4.23,,1600.2,1711,False,0,2025-06-30 23:13:37
a12adb,CXK246  ,United States,1751325216.0,1751325216,-115.1752,36.1971,845.82,False,32.87,129.92,5.85,,792.48,,False,0,2025-06-30 23:13:37
ab2b23,DAL2248 ,United States,1751325217.0,1751325217,-86.2125,36.3044,9753.6,False,244.46,323.3,-0.33,,10355.58,7135,False,0,2025-06-30 23:13:37
a32449,AAY67   ,United States,1751325216.0,1751325216,-115.2926,36.1122,1600.2,False,144.08,349.09,10.4,,1615.44,,False,0,2025-06-30 23:13:37
a69761,SCX3032 ,United States,1751325216.0,1751325216,-86.5593,40.105,7010.4,False,221.33,152.9,-0.33,,7345.68,4774,False,0,2025-06-30 23:13:37
a24acc,N247JD  ,United States,1751325161.0,1751325164,-116.539,38.0764,13708.38,False,230.85,258.04,0.65,,14386.56,7164,False,0,2025-06-30 23:13:37
a57791,N451TW  ,United States,1751325217.0,1751325217,-86.0274,40.0925,1082.04,False,51.75,263.72,0.33,,1059.18,,False,0,2025-06-30 23:13:37
ac5e47,SWA1207 ,United States,1751325216.0,1751325216,-86.3971,35.9208,2598.42,False,146.7,310.45,-7.48,,2727.96,5633,False,0,2025-06-30 23:13:37
a20467,N229WC  ,United States,1751325116.0,1751325121,-118.1431,33.811,38.1,False,27.28,314.24,-1.3,,-7.62,,False,0,2025-06-30 23:13:37
a25df5,CXK440  ,United States,1751325203.0,1751325216,-96.5175,33.2571,739.14,False,34.56,225.6,-1.63,,746.76,1200,False,0,2025-06-30 23:13:37
a74dad,N57SN   ,United States,1751325216.0,1751325216,-122.1973,37.3426,2141.22,False,131.72,5.15,-13.66,,2202.18,1006,False,0,2025-06-30 23:13:37
ac15d1,UAL1495 ,United States,1751325216.0,1751325216,-87.1643,42.4406,3002.28,False,119.91,250.71,0.0,,3093.72,7445,False,0,2025-06-30 23:13:37
aad5ca,AAL137  ,United States,1751325208.0,1751325208,-108.1568,42.2516,10972.8,False,246.28,224.41,0.0,,11551.92,,False,0,2025-06-30 23:13:37
ae68bf,        ,United States,1751325216.0,1751325217,-86.1655,32.2803,777.24,False,76.02,275.83,0.0,,815.34,,False,0,2025-06-30 23:13:37
ae68be,        ,United States,1751325213.0,1751325213,-86.3807,32.2998,53.34,False,63.53,275.11,-4.55,,53.34,,False,0,2025-06-30 23:13:37
a0b199,AAL811  ,United States,1751325216.0,1751325217,-84.9786,33.2564,4648.2,False,183.25,36.32,-7.15,,4907.28,2265,False,0,2025-06-30 23:13:37
ad6b14,DAL2985 ,United States,1751325217.0,1751325217,-80.7847,41.2441,9075.42,False,249.61,133.66,0.0,,9578.34,7416,False,0,2025-06-30 23:13:37
a18195,N19650  ,United States,1751325212.0,1751325213,-88.2497,43.3286,1249.68,False,38.92,225.54,1.63,,1203.96,,False,0,2025-06-30 23:13:37
c05d9d,WJA2061 ,Canada,1751325217.0,1751325217,-117.2771,33.7271,10972.8,False,236.73,312.18,0.0,,11567.16,2630,False,0,2025-06-30 23:13:37
ac02b4,AAL2252 ,United States,1751325216.0,1751325217,-95.4707,31.3651,10881.36,False,224.48,316.02,-5.2,,11559.54,2215,False,0,2025-06-30 23:13:37
a086b4,DAL2894 ,United States,1751325217.0,1751325217,-82.9137,41.1137,7620.0,False,253.03,70.28,-0.33,,8016.24,1352,False,0,2025-06-30 23:13:37
a099a7,RPA4660 ,United States,1751325216.0,1751325216,-83.8661,37.9169,10058.4,False,236.4,92.74,0.0,,10668.0,5371,False,0,2025-06-30 23:13:37
4073ce,VIR117F ,United Kingdom,1751325214.0,1751325216,-78.3438,28.4506,10965.18,False,250.69,260.07,0.0,,11506.2,5270,False,0,2025-06-30 23:13:37
ab3e98,ASH6075 ,United States,1751325217.0,1751325217,-97.8129,30.8844,7010.4,False,209.03,102.94,0.33,,7444.74,5754,False,0,2025-06-30 23:13:37
ab3e8a,N8231Q  ,United States,1751325217.0,1751325217,-70.9015,42.6092,304.8,False,45.54,311.79,0.0,,312.42,,False,0,2025-06-30 23:13:37
abe2c0,N865PS  ,United States,1751325216.0,1751325216,-81.3201,28.5715,274.32,False,61.81,67.49,-0.33,,304.8,1200,False,0,2025-06-30 23:13:37
ad6b0c,ASA280  ,United States,1751325209.0,1751325209,-98.2307,48.4792,10363.2,False,216.13,271.36,-0.33,,10652.76,,False,0,2025-06-30 23:13:37
ad6b0f,AAL2851 ,United States,1751325160.0,1751325160,-75.1933,39.8812,152.4,False,83.97,255.45,-4.55,,152.4,1377,False,0,2025-06-30 23:13:37
ad35e0,AAL2354 ,United States,1751325216.0,1751325217,-89.3078,37.1126,10965.18,False,234.05,317.05,0.0,,11605.26,4374,False,0,2025-06-30 23:13:37
a48ac4,FFT2225 ,United States,1751325216.0,1751325216,-87.0629,36.8448,10972.8,False,233.0,279.28,0.0,,11650.98,3435,False,0,2025-06-30 23:13:37
aac2e2,UAL1949 ,United States,1751325214.0,1751325214,-93.3434,31.457,11582.4,False,223.58,227.61,0.0,,12283.44,7474,False,0,2025-06-30 23:13:37
a01f0d,DAL1648 ,United States,1751325216.0,1751325217,-83.7942,42.7157,3657.6,False,171.02,109.69,-3.9,,3771.9,0672,False,0,2025-06-30 23:13:37
a22a20,MXY547  ,United States,1751325217.0,1751325217,-90.5464,40.5704,11277.6,False,250.53,89.88,0.33,,11841.48,7210,False,0,2025-06-30 23:13:37
abb06d,SCX285  ,United States,1751325216.0,1751325216,-121.8252,47.7979,4457.7,False,176.94,222.64,-10.4,,4663.44,2607,False,0,2025-06-30 23:13:37
a327df,N302MM  ,United States,1751325214.0,1751325216,-83.932,35.859,655.32,False,67.7,216.35,-3.25,,655.32,,False,0,2025-06-30 23:13:37
a47d11,DAL1135 ,United States,1751325216.0,1751325216,-101.8732,38.9017,10363.2,False,222.73,253.91,0.0,,10919.46,,False,0,2025-06-30 23:13:37
a5b7a1,N468DC  ,United States,1751325216.0,1751325216,-119.8774,36.9055,2941.32,False,62.35,146.44,0.0,,3032.76,3203,False,0,2025-06-30 23:13:37
abb089,UAL704  ,United States,1751325216.0,1751325217,-94.4437,34.1006,11292.84,False,246.72,81.24,0.0,,11971.02,1645,False,0,2025-06-30 23:13:37
ac08b1,SWA1863 ,United States,1751325206.0,1751325207,-112.0034,33.431,426.72,False,62.76,270.0,0.0,,320.04,,False,0,2025-06-30 23:13:37
adacfd,AAL1682 ,United States,1751325216.0,1751325216,-81.294,28.3906,441.96,False,88.12,172.96,7.15,,472.44,0701,False,0,2025-06-30 23:13:37
a47d05,DAL2880 ,United States,1751325216.0,1751325216,-116.8433,36.6488,9845.04,False,238.09,317.28,9.1,,10378.44,,False,0,2025-06-30 23:13:37
adf030,N99783  ,United States,1751325209.0,1751325209,-72.6204,42.3892,792.48,False,54.57,315.76,0.0,,784.86,,False,0,2025-06-30 23:13:37
ac3e13,SWA383  ,United States,1751325216.0,1751325216,-116.9674,37.0403,10972.8,False,244.12,315.94,0.0,,11559.54,7076,False,0,2025-06-30 23:13:37
a077fe,N12933  ,United States,1751325214.0,1751325214,-82.393,27.9109,243.84,False,41.56,201.8,-1.3,,274.32,,False,0,2025-06-30 23:13:37
a11d47,DAL232  ,United States,1751325208.0,1751325216,-73.7825,40.636,,True,0.0,177.19,,,,,False,0,2025-06-30 23:13:37
adf068,AAL2407 ,United States,1751325215.0,1751325216,-101.5163,40.4535,10058.4,False,258.65,103.93,0.0,,10576.56,,False,0,2025-06-30 23:13:37
a4ba05,CXK369  ,United States,1751324990.0,1751324996,-86.5027,35.9844,342.9,False,43.12,35.78,-1.95,,327.66,1200,False,0,2025-06-30 23:13:37
a8f258,DAL759  ,United States,1751325216.0,1751325216,-82.1804,33.0524,10363.2,False,245.2,276.02,0.0,,10942.32,7754,False,0,2025-06-30 23:13:37
a687c8,N52NG   ,United States,1751325216.0,1751325216,-115.5343,43.8587,7010.4,False,134.83,156.86,0.0,,7391.4,,False,0,2025-06-30 23:13:37
abe8b6,SWA3421 ,United States,1751325217.0,1751325217,-87.9185,39.0778,9448.8,False,260.65,70.64,0.0,,9974.58,1161,False,0,2025-06-30 23:13:37
ac08d4,SWA1407 ,United States,1751325217.0,1751325217,-94.6425,33.5815,10972.8,False,231.16,238.47,0.0,,11643.36,0550,False,0,2025-06-30 23:13:37
a35d6c,N316DF  ,United States,1751325217.0,1751325217,-86.4817,31.969,2423.16,False,106.49,179.72,0.0,,2545.08,,False,0,2025-06-30 23:13:37
a7824e,DAL542  ,United States,1751325216.0,1751325216,-101.8634,41.9333,10058.4,False,262.48,121.29,0.0,,10538.46,,False,0,2025-06-30 23:13:37
ab1e50,N8150J  ,United States,1751325216.0,1751325216,-117.2764,32.9362,1402.08,False,54.03,1.09,0.0,,1394.46,,False,0,2025-06-30 23:13:37
ad5e27,SWA1765 ,United States,1751325217.0,1751325217,-89.6087,36.37,10668.0,False,245.52,22.16,6.5,,11300.46,,False,0,2025-06-30 23:13:37
a54299,UAL1116 ,United States,1751325217.0,1751325217,-102.4881,30.7516,10668.0,False,247.05,88.21,-0.33,,11338.56,3374,False,0,2025-06-30 23:13:37
a8f21c,N676BA  ,United States,1751325216.0,1751325216,-103.7288,37.9275,13716.0,False,267.46,69.51,0.0,,14310.36,6452,False,0,2025-06-30 23:13:37
ab0b1f,UAL750  ,United States,1751325216.0,1751325217,-94.3073,33.054,10668.0,False,240.61,161.29,0.0,,11323.32,1163,False,0,2025-06-30 23:13:37
a8f235,EDV5260 ,United States,1751325213.0,1751325213,-74.1724,40.689,,True,6.17,25.31,,,,,False,0,2025-06-30 23:13:37
ad28bf,N947SF  ,United States,1751325214.0,1751325216,-122.1325,48.0119,929.64,False,41.67,0.0,-0.65,,929.64,1200,False,0,2025-06-30 23:13:37
a1c1c7,RPA5646 ,United States,1751325216.0,1751325216,-86.1502,39.8211,1051.56,False,99.31,224.37,-3.9,,1051.56,1542,False,0,2025-06-30 23:13:37
a8055a,THNDR04 ,United States,1751325216.0,1751325216,-104.8339,38.9843,2049.78,False,42.73,357.93,0.0,,2164.08,,False,0,2025-06-30 23:13:37
aaeb0e,UAL2289 ,United States,1751325217.0,1751325217,-97.6299,30.3935,1196.34,False,108.79,218.28,-0.65,,1264.92,1175,False,0,2025-06-30 23:13:37
a11d7d,CVU71   ,United States,1751325216.0,1751325216,-114.1647,36.0014,2065.02,False,74.36,259.23,-1.3,,2133.6,,False,0,2025-06-30 23:13:37
a1d4bc,ENY3363 ,United States,1751325212.0,1751325212,-77.6674,43.1257,,True,0.0,39.38,,,,0303,False,0,2025-06-30 23:13:37
a80595,FFT1225 ,United States,1751325209.0,1751325215,-77.6672,32.8259,9448.8,False,246.05,345.96,-2.28,,10020.3,,False,0,2025-06-30 23:13:37
a9cecf,AAL107  ,United States,1751325216.0,1751325216,-72.127,41.0966,6682.74,False,207.87,255.96,-4.23,,7040.88,7232,False,0,2025-06-30 23:13:37
abd5bb,SWA3689 ,United States,1751325216.0,1751325217,-87.0311,40.7642,11658.6,False,233.97,342.6,-12.03,,12275.82,6747,False,0,2025-06-30 23:13:37
a09a87,N138SP  ,United States,1751325216.0,1751325216,-122.1508,44.6589,13106.4,False,266.21,336.9,0.0,,13655.04,4732,False,0,2025-06-30 23:13:37
a327ee,DAL1692 ,United States,1751325216.0,1751325217,-102.2839,45.1553,11277.6,False,255.38,100.56,0.0,,11765.28,,False,0,2025-06-30 23:13:37
ac4ffb,SWA3929 ,United States,1751325217.0,1751325217,-102.597,37.9315,10668.0,False,251.75,84.37,0.33,,11254.74,2650,False,0,2025-06-30 23:13:37
aa9b65,SWA1111 ,United States,1751325166.0,1751325166,-122.2129,37.7109,,True,0.0,59.06,,,,,False,0,2025-06-30 23:13:37
a6c4d7,AAL2306 ,United States,1751325216.0,1751325216,-91.4112,35.2289,10668.0,False,250.71,46.41,0.0,,11308.08,0502,False,0,2025-06-30 23:13:37
ad6fef,NKS2500 ,United States,1751325217.0,1751325217,-97.5425,40.0312,10652.76,False,264.37,85.09,-3.58,,11209.02,,False,0,2025-06-30 23:13:37
a58a67,SWA3259 ,United States,1751325215.0,1751325215,-122.2134,37.7093,,True,0.0,126.56,,,,,False,0,2025-06-30 23:13:37
a5a4ca,,United States,1751324916.0,1751324916,-115.1612,36.0788,,True,9.77,90.0,,,,,False,0,2025-06-30 23:13:37
aaa342,ENY4011 ,United States,1751325217.0,1751325217,-101.171,30.3718,11277.6,False,233.87,67.5,0.0,,11971.02,,False,0,2025-06-30 23:13:37
a794e1,DAL301  ,United States,1751325216.0,1751325216,-101.2516,31.419,10363.2,False,231.95,238.88,0.0,,10965.18,7525,False,0,2025-06-30 23:13:37
ab734d,KSU37   ,United States,1751325215.0,1751325216,-97.6458,38.7534,480.06,False,35.5,0.83,0.33,,487.68,,False,0,2025-06-30 23:13:37
a661bf,DAL328  ,United States,1751325217.0,1751325217,-82.1256,28.4294,4892.04,False,213.52,270.97,6.18,,5166.36,5347,False,0,2025-06-30 23:13:37
a924c6,TWY89   ,United States,1751325214.0,1751325216,-120.4833,33.6167,10355.58,False,251.44,262.0,10.4,,10866.12,,False,0,2025-06-30 23:13:37
abb007,DAL54   ,United States,1751325217.0,1751325217,-77.5855,36.0506,10058.4,False,245.19,52.67,0.0,,10675.62,6076,False,0,2025-06-30 23:13:37
ac8009,SWA2689 ,United States,1751325216.0,1751325216,-115.6982,34.1096,11468.1,False,246.27,56.68,4.55,,12092.94,7361,False,0,2025-06-30 23:13:37
ace306,N92977  ,United States,1751325216.0,1751325217,-122.6328,38.1102,1440.18,False,47.61,276.2,2.28,,1463.04,1200,False,0,2025-06-30 23:13:37
ad6ff2,AAL1085 ,United States,1751325217.0,1751325217,-91.7967,34.9729,11582.4,False,220.62,227.27,0.0,,12260.58,4111,False,0,2025-06-30 23:13:37
a4ba76,AAL2320 ,United States,1751325214.0,1751325215,-77.6675,43.1259,,True,0.0,87.19,,,,3342,False,0,2025-06-30 23:13:37
348351,IBE03DL ,Spain,1751325216.0,1751325217,-70.8641,42.654,1333.5,False,102.19,199.71,-4.55,,1379.22,,False,0,2025-06-30 23:13:37
a301df,AAY507  ,United States,1751325180.0,1751325180,-91.6924,41.8842,297.18,False,68.44,271.29,-3.9,,297.18,0437,False,0,2025-06-30 23:13:37
aa9b42,SWA515  ,United States,1751325217.0,1751325217,-102.8456,37.3611,9144.0,False,257.53,18.04,0.0,,9669.78,,False,0,2025-06-30 23:13:37
a434de,N370M   ,United States,1751324900.0,1751324907,-95.4243,46.1518,6164.58,False,188.73,309.03,-7.48,,6316.98,3162,False,0,2025-06-30 23:13:37
a4ba6f,N4032L  ,United States,1751325070.0,1751325070,-83.7762,32.4197,137.16,False,57.8,274.59,-0.65,,129.54,,False,0,2025-06-30 23:13:37
a19910,JBU637  ,United States,1751325215.0,1751325216,-71.938,38.9807,7726.68,False,260.14,131.79,1.95,,8183.88,1122,False,0,2025-06-30 23:13:37
ac801e,EDV5089 ,United States,1751325217.0,1751325217,-79.8889,34.8835,8084.82,False,228.26,51.04,6.83,,8595.36,,False,0,2025-06-30 23:13:37
acd00b,N92448  ,United States,1751325216.0,1751325216,-122.786,45.102,739.14,False,42.95,46.94,0.65,,731.52,,False,0,2025-06-30 23:13:37
a5a4a0,N4629D  ,United States,1751325213.0,1751325213,-117.275,33.129,137.16,False,32.39,259.94,-1.95,,83.82,,False,0,2025-06-30 23:13:37
ad5cfa,N960JM  ,United States,1751325206.0,1751325214,-113.1742,43.6069,9448.8,False,151.6,166.06,0.0,,9936.48,,False,0,2025-06-30 23:13:37
ab7394,AAL3260 ,United States,1751325217.0,1751325217,-96.2686,44.5459,10668.0,False,260.14,111.34,0.0,,11010.9,3535,False,0,2025-06-30 23:13:37
a817b1,QXE2077 ,United States,1751325217.0,1751325217,-118.743,34.1028,3566.16,False,153.34,137.86,-6.83,,3718.56,1330,False,0,2025-06-30 23:13:37
a3ad5a,DAL2316 ,United States,1751325216.0,1751325216,-86.7934,37.6591,8054.34,False,243.01,8.64,4.23,,8519.16,5615,False,0,2025-06-30 23:13:37
a5b7e6,LXJ468  ,United States,1751325217.0,1751325217,-92.9262,41.4948,11750.04,False,267.12,88.23,9.43,,12275.82,,False,0,2025-06-30 23:13:37
a44917,UAL2356 ,United States,1751325217.0,1751325217,-78.4912,42.9878,10668.0,False,255.42,115.53,0.0,,11224.26,0571,False,0,2025-06-30 23:13:37
a58a28,N456U   ,United States,1751325216.0,1751325216,-97.3348,31.9123,2956.56,False,45.32,243.73,-9.1,,3093.72,,False,0,2025-06-30 23:13:37
ad1697,SWA286  ,United States,1751325217.0,1751325217,-78.2161,38.7416,11574.78,False,238.01,198.79,0.0,,12245.34,1141,False,0,2025-06-30 23:13:37
a0c936,N15QB   ,United States,1751325216.0,1751325216,-107.174,32.3057,12489.18,False,270.56,116.18,-0.33,,13205.46,7222,False,0,2025-06-30 23:13:37
a46a7e,DAL2714 ,United States,1751325217.0,1751325217,-82.7729,41.0849,10370.82,False,217.31,217.3,0.0,,10942.32,2235,False,0,2025-06-30 23:13:37
ab6081,LYM5120 ,United States,1751325217.0,1751325217,-93.4794,46.1272,9144.0,False,206.8,317.42,0.65,,9372.6,0352,False,0,2025-06-30 23:13:37
acf69b,EDV4967 ,United States,1751325216.0,1751325216,-95.8602,30.0875,9753.6,False,236.7,222.36,0.33,,10378.44,7255,False,0,2025-06-30 23:13:37
ad0375,TAI425  ,United States,1751325217.0,1751325217,-94.6297,28.9183,7795.26,False,222.6,149.29,4.88,,8282.94,6626,False,0,2025-06-30 23:13:37
a59d5f,AAL968  ,United States,1751325217.0,1751325217,-86.4198,35.7906,10370.82,False,234.07,256.27,0.0,,11026.14,6655,False,0,2025-06-30 23:13:37
a6d7e0,SYX54   ,United States,1751325216.0,1751325216,-107.5773,32.7033,3078.48,False,95.83,193.66,-2.6,,3208.02,,False,0,2025-06-30 23:13:37
a06646,AAL727  ,United States,1751325216.0,1751325216,-122.3083,47.406,228.6,False,72.02,0.0,-5.2,,236.22,,False,0,2025-06-30 23:13:37
ac0912,N875BR  ,United States,1751325217.0,1751325217,-121.542,38.3062,1706.88,False,60.17,352.63,0.0,,1744.98,4530,False,0,2025-06-30 23:13:37
a3aca6,FFT1821 ,United States,1751325216.0,1751325216,-99.4209,40.6411,10972.8,False,210.78,261.3,0.0,,11506.2,7461,False,0,2025-06-30 23:13:37
0d0ecf,VIV113  ,Mexico,1751325217.0,1751325217,-114.0423,35.5103,7376.16,False,214.88,116.44,5.85,,7818.12,,False,0,2025-06-30 23:13:37
a29337,SKW4006 ,United States,1751325216.0,1751325216,-96.2683,36.329,3032.76,False,165.08,111.77,0.33,,3185.16,0563,False,0,2025-06-30 23:13:37
8694d8,ANA108  ,Japan,1751325216.0,1751325216,-122.7393,38.1287,5547.36,False,180.46,167.15,-8.45,,5798.82,1174,False,0,2025-06-30 23:13:37
a2e306,N28507  ,United States,1751325214.0,1751325215,-96.2404,30.7866,1059.18,False,55.58,120.6,-0.98,,1112.52,,False,0,2025-06-30 23:13:37
a9bd7b,N7269T  ,United States,1751325216.0,1751325216,-115.5422,47.5444,4145.28,False,64.92,303.69,1.3,,4297.68,,False,0,2025-06-30 23:13:37
a2097b,N230LA  ,United States,1751325215.0,1751325215,-118.279,34.0706,297.18,False,38.42,296.22,-1.3,,251.46,,False,0,2025-06-30 23:13:37
a6fa94,JIA5309 ,United States,1751325062.0,1751325068,-97.0331,32.9068,,True,6.69,357.19,,,,,False,0,2025-06-30 23:13:37
a05373,N12XN   ,United States,1751325216.0,1751325216,-86.7832,34.8144,7620.0,False,138.09,97.71,0.65,,8084.82,,False,0,2025-06-30 23:13:37
a4493e,UAL1948 ,United States,1751325217.0,1751325217,-120.1995,37.6768,8229.6,False,228.52,277.89,0.33,,8618.22,6107,False,0,2025-06-30 23:13:37
0d0ef2,RFD111  ,Mexico,1751325216.0,1751325216,-100.1161,25.7836,388.62,False,39.0,120.96,-2.6,,381.0,,False,0,2025-06-30 23:13:37
a1d63d,UAL1564 ,United States,1751325216.0,1751325216,-87.6582,41.9658,1203.96,False,92.09,269.36,-4.23,,1219.2,3211,False,0,2025-06-30 23:13:37
a0b674,N145NE  ,United States,1751325014.0,1751325015,-71.0691,42.3637,60.96,False,1.63,251.57,-4.23,,45.72,,False,0,2025-06-30 23:13:37
a0669d,DAL1225 ,United States,1751325216.0,1751325217,-84.2811,31.36,10363.2,False,231.89,356.69,0.0,,10980.42,3726,False,0,2025-06-30 23:13:37
a3acaf,N336G   ,United States,1751325216.0,1751325216,-97.6156,30.8828,1143.0,False,75.8,273.89,-2.28,,1188.72,5007,False,0,2025-06-30 23:13:37
a4493a,UAL1710 ,United States,1751325102.0,1751325115,-87.8716,41.9884,304.8,False,76.65,270.38,-3.9,,259.08,6713,False,0,2025-06-30 23:13:37
a17355,N193AE  ,United States,1751325217.0,1751325217,-88.8317,38.9381,800.1,False,69.47,71.43,-0.33,,784.86,,False,0,2025-06-30 23:13:37
a0a30e,DAL846  ,United States,1751325216.0,1751325217,-96.7617,33.253,2148.84,False,134.67,245.39,-7.48,,2255.52,3015,False,0,2025-06-30 23:13:37
a54312,RPA9946 ,United States,1751325217.0,1751325217,-74.2036,43.0132,10835.64,False,203.27,271.45,9.1,,11430.0,5201,False,0,2025-06-30 23:13:37
a1e958,N222KH  ,United States,1751325216.0,1751325216,-123.5982,47.1116,1188.72,False,65.08,219.23,-1.3,,1257.3,,False,0,2025-06-30 23:13:37
a4dfdd,N413GB  ,United States,1751325216.0,1751325216,-114.9382,35.9399,12192.0,False,211.65,228.05,0.33,,12847.32,,False,0,2025-06-30 23:13:37
a44939,UAL1473 ,United States,1751325208.0,1751325208,-74.1815,40.6998,,True,4.37,210.94,,,,4130,False,0,2025-06-30 23:13:37
0d0efa,RFD166  ,Mexico,1751325217.0,1751325217,-100.0098,25.8372,2247.9,False,70.12,345.56,3.9,,2339.34,,False,0,2025-06-30 23:13:37
a0fcd4,AAL215  ,United States,1751325217.0,1751325217,-87.672,41.988,1356.36,False,94.14,269.69,-10.73,,1386.84,6124,False,0,2025-06-30 23:13:37
a3293e,N3021C  ,United States,1751325216.0,1751325216,-71.7998,42.054,1066.8,False,67.46,40.98,-0.65,,1059.18,,False,0,2025-06-30 23:13:37
aa9a93,SWA1636 ,United States,1751325217.0,1751325217,-95.684,35.8401,11887.2,False,246.07,101.33,-0.33,,12557.76,,False,0,2025-06-30 23:13:37
a7e4f9,N608AB  ,United States,1751325217.0,1751325217,-97.3675,32.8616,396.24,False,63.07,174.38,-3.58,,396.24,2630,False,0,2025-06-30 23:13:37
aa9a7a,SWA2681 ,United States,1751325217.0,1751325217,-95.3204,40.5186,11277.6,False,263.64,75.88,0.0,,11818.62,,False,0,2025-06-30 23:13:37
aa51fe,SKW6365 ,United States,1751325209.0,1751325215,-91.8444,32.4425,10363.2,False,229.98,270.77,-0.65,,10995.66,,False,0,2025-06-30 23:13:37
a0a36d,N140HP  ,United States,1751325214.0,1751325215,-118.0264,34.0543,1005.84,False,62.58,152.59,-2.28,,1013.46,4203,False,0,2025-06-30 23:13:37
aafca8,JBU1682 ,United States,1751325214.0,1751325216,-71.7888,38.4147,10965.18,False,222.79,321.09,0.0,,11597.64,,False,0,2025-06-30 23:13:37
a2803d,AAY633  ,United States,1751325216.0,1751325217,-84.3037,36.4535,10668.0,False,241.04,148.62,0.33,,11308.08,6710,False,0,2025-06-30 23:13:37
a7d1ae,N60244  ,United States,1751325216.0,1751325217,-115.4494,36.3705,2377.44,False,69.75,320.09,-0.98,,2438.4,,False,0,2025-06-30 23:13:37
a68903,N520AW  ,United States,1751325211.0,1751325211,-82.5453,35.4465,,True,3.6,329.06,,,,,False,0,2025-06-30 23:13:37
a68902,VAR520  ,United States,1751325068.0,1751325068,-112.3688,33.4286,,True,11.32,36.56,,,,,False,0,2025-06-30 23:13:37
abd627,SWA4006 ,United States,1751325216.0,1751325217,-88.2354,40.7986,8481.06,False,212.12,190.06,6.5,,8892.54,1323,False,0,2025-06-30 23:13:37
aab62f,N79FF   ,United States,1751325217.0,1751325217,-105.0835,39.9914,1882.14,False,41.27,175.71,-2.28,,1981.2,,False,0,2025-06-30 23:13:37
c03bf2,WJA1514 ,Canada,1751325216.0,1751325217,-114.0748,36.3615,11582.4,False,230.12,211.84,-0.33,,12230.1,2102,False,0,2025-06-30 23:13:37
a781d7,JBU883  ,United States,1751325216.0,1751325216,-73.7797,40.653,,True,0.0,120.94,,,,,False,0,2025-06-30 23:13:37
c03bf5,WJA1427 ,Canada,1751325216.0,1751325216,-90.4915,41.276,10972.8,False,226.07,323.89,0.0,,11490.96,2626,False,0,2025-06-30 23:13:37
a924fc,DAL796  ,United States,1751325216.0,1751325216,-93.8863,32.202,11277.6,False,248.47,86.32,0.0,,11963.4,3543,False,0,2025-06-30 23:13:37
ac4fd8,SWA1911 ,United States,1751325216.0,1751325216,-82.0035,30.0847,10660.38,False,251.57,200.84,-0.98,,11269.98,7100,False,0,2025-06-30 23:13:37
abd60b,SWA2281 ,United States,1751325215.0,1751325216,-82.373,32.1901,11590.02,False,228.07,92.2,0.0,,12230.1,3674,False,0,2025-06-30 23:13:37
0d0eb6,AMX436  ,Mexico,1751324936.0,1751324936,-81.327,28.4515,22.86,False,76.14,179.23,-2.93,,60.96,1016,False,0,2025-06-30 23:13:37
a4497f,UAL1171 ,United States,1751325210.0,1751325217,-94.8904,29.9692,883.92,False,133.61,290.04,0.33,,937.26,,False,0,2025-06-30 23:13:37
a3298a,JBU2473 ,United States,1751324920.0,1751324925,-73.7691,40.6482,,True,0.0,300.94,,,,,False,0,2025-06-30 23:13:37
8694b6,ANA111  ,Japan,1751325216.0,1751325216,-87.962,42.5451,4427.22,False,193.71,354.82,9.75,,4579.62,6263,False,0,2025-06-30 23:13:37
ab9991,N84678  ,United States,1751325200.0,1751325212,-85.8782,37.5139,1066.8,False,34.71,129.59,-0.65,,1097.28,,False,0,2025-06-30 23:13:37
abe94c,ERU867  ,United States,1751325217.0,1751325217,-81.1166,29.317,571.5,False,57.15,336.67,0.0,,601.98,0160,False,0,2025-06-30 23:13:37
a16037,AAL2410 ,United States,1751325217.0,1751325217,-87.1194,36.1788,9761.22,False,233.61,276.7,0.33,,10347.96,0350,False,0,2025-06-30 23:13:37
a28011,N260MA  ,United States,1751325215.0,1751325216,-70.7728,41.886,655.32,False,90.03,126.87,-1.3,,655.32,,False,0,2025-06-30 23:13:37
a5b916,UAL1243 ,United States,1751325217.0,1751325217,-119.7673,34.7717,10363.2,False,240.09,315.17,0.0,,10881.36,1050,False,0,2025-06-30 23:13:37
aaa339,N785BG  ,United States,1751325216.0,1751325216,-72.0061,43.7127,1371.6,False,53.13,313.43,0.33,,1402.08,,False,0,2025-06-30 23:13:37
a1e98e,N222MM  ,United States,1751325215.0,1751325216,-113.2093,33.4965,3200.4,False,77.48,278.4,0.98,,3383.28,,False,0,2025-06-30 23:13:37
a66355,VOI1770 ,United States,1751325216.0,1751325216,-115.0969,32.1476,11582.4,False,234.05,317.05,0.0,,12237.72,3263,False,0,2025-06-30 23:13:37
ad27e0,N947HH  ,United States,1751325216.0,1751325216,-118.2527,33.7123,845.82,False,45.95,338.32,-0.65,,815.34,,False,0,2025-06-30 23:13:37
ac2a33,AAL936  ,United States,1751325197.0,1751325215,-81.8732,30.9233,7315.2,False,253.03,197.15,0.33,,7734.3,6621,False,0,2025-06-30 23:13:37
a85ff5,JBU1152 ,United States,1751325217.0,1751325217,-76.7608,36.5026,10668.0,False,234.03,34.7,0.0,,11300.46,2143,False,0,2025-06-30 23:13:37
ac07fd,SWA2350 ,United States,1751325217.0,1751325217,-90.3532,31.9309,11582.4,False,233.66,250.45,0.0,,12283.44,3136,False,0,2025-06-30 23:13:37
a6c652,N5357E  ,United States,1751325216.0,1751325216,-78.0329,39.2138,982.98,False,31.73,286.97,-3.25,,1013.46,,False,0,2025-06-30 23:13:37
a3f04a,DAL337  ,United States,1751325215.0,1751325216,-81.4335,31.0319,10058.4,False,221.22,359.47,0.0,,10629.9,7431,False,0,2025-06-30 23:13:37
a96cbe,VXP392  ,United States,1751325216.0,1751325217,-76.6261,36.6582,11894.82,False,226.49,34.92,0.0,,12557.76,3237,False,0,2025-06-30 23:13:37
a5a683,UAL1868 ,United States,1751325216.0,1751325216,-101.1828,46.2517,10660.38,False,258.5,111.97,0.0,,11056.62,,False,0,2025-06-30 23:13:37
4cad47,ITY621  ,Ireland,1751325215.0,1751325215,-114.5155,36.6735,11277.6,False,267.24,41.18,0.0,,11894.82,2412,False,0,2025-06-30 23:13:37
3482d6,AEA097  ,Spain,1751325216.0,1751325216,-79.0981,28.1743,11064.24,False,240.93,198.16,-12.03,,11635.74,7232,False,0,2025-06-30 23:13:37
a77035,DAL2114 ,United States,1751325213.0,1751325216,-113.2981,36.6689,10347.96,False,229.17,234.13,0.0,,10927.08,3035,False,0,2025-06-30 23:13:37
3c4586,BOX453  ,Germany,1751325209.0,1751325214,-73.7646,40.6509,,True,0.0,115.31,,,,,False,0,2025-06-30 23:13:37
aaea4a,RVJ802  ,United States,1751325216.0,1751325216,-77.4545,38.9512,,True,8.75,90.0,,,,2750,False,0,2025-06-30 23:13:37
3c458c,BOX448  ,Germany,1751325217.0,1751325217,-72.3583,47.3693,10363.2,False,238.22,239.5,0.0,,10805.16,,False,0,2025-06-30 23:13:37
a5a69b,N463V   ,United States,1751325217.0,1751325217,-89.1772,41.2728,13106.4,False,180.7,246.87,-0.33,,13639.8,4555,False,0,2025-06-30 23:13:37
a6503f,JIA5327 ,United States,1751325216.0,1751325216,-82.3163,38.5626,10058.4,False,252.29,122.85,0.0,,10660.38,1311,False,0,2025-06-30 23:13:37
ae47e8,R20043  ,United States,1751325210.0,1751325215,-97.7126,31.1357,,True,0.0,163.12,,,,,False,0,2025-06-30 23:13:37
a3f080,N353FS  ,United States,1751324722.0,1751325192,-114.4663,36.1559,1356.36,False,55.41,282.88,2.28,,1303.02,,False,0,2025-06-30 23:13:37
a6503c,FTD506  ,United States,1751325216.0,1751325217,-84.4751,38.9736,1607.82,False,127.98,208.32,19.18,,1645.92,6732,False,0,2025-06-30 23:13:37
3c4593,BOX458  ,Germany,1751325216.0,1751325216,-84.2963,33.6319,853.44,False,89.51,270.0,-4.23,,899.16,2214,False,0,2025-06-30 23:13:37
abd4e7,SWA4199 ,United States,1751325216.0,1751325216,-109.5614,32.4638,10058.4,False,235.2,102.12,-0.33,,10637.52,4134,False,0,2025-06-30 23:13:37
ae47e0,,United States,1751325216.0,1751325216,-79.1651,35.0457,121.92,False,47.73,82.57,0.33,,114.3,,False,0,2025-06-30 23:13:37
a1e8bf,N222DE  ,United States,1751325217.0,1751325217,-81.7395,42.4842,6705.6,False,118.64,265.77,0.0,,7010.4,7465,False,0,2025-06-30 23:13:37
a6c628,ILU558  ,United States,1751325092.0,1751325216,-88.1041,39.7306,579.12,False,60.11,6.88,-2.93,,548.64,0635,False,0,2025-06-30 23:13:37
a198df,N20155  ,United States,1751325168.0,1751325168,-82.3579,34.7768,373.38,False,37.94,220.6,-1.95,,426.72,,False,0,2025-06-30 23:13:37
0d0f91,VIV9404 ,Mexico,1751325216.0,1751325216,-100.2905,25.9475,2019.3,False,106.99,207.18,-6.83,,2110.74,,False,0,2025-06-30 23:13:37
a35e15,LTA316  ,United States,1751325139.0,1751325200,-77.9764,34.6377,1958.34,False,59.54,219.74,0.0,,2049.78,,False,0,2025-06-30 23:13:37
acf4e8,DAL1347 ,United States,1751325216.0,1751325216,-84.6484,33.7846,3634.74,False,133.27,132.5,1.3,,3825.24,5054,True,0,2025-06-30 23:13:37
acf4f5,LIFELN3 ,United States,1751325104.0,1751325104,-104.9961,40.4167,,True,0.0,160.31,,,,,False,0,2025-06-30 23:13:37
ad01ab,SWA2430 ,United States,1751325215.0,1751325215,-93.5584,32.462,12192.0,False,224.04,267.24,0.33,,12870.18,1535,False,0,2025-06-30 23:13:37
a53001,GPD433  ,United States,1751325217.0,1751325217,-72.6553,41.6615,2880.36,False,139.05,59.55,0.0,,3009.9,5204,False,0,2025-06-30 23:13:37
a6895e,N520EM  ,United States,1751325217.0,1751325217,-111.6395,36.4141,13716.0,False,260.9,249.81,0.0,,14394.18,7234,False,0,2025-06-30 23:13:37
a3f00a,ATN3348 ,United States,1751325216.0,1751325216,-85.9031,38.3879,8724.9,False,241.91,51.3,-10.08,,9227.82,2436,False,0,2025-06-30 23:13:37
a79625,HAL1611 ,United States,1751324959.0,1751324960,-84.6686,39.068,304.8,False,75.11,180.39,-2.93,,274.32,0527,False,0,2025-06-30 23:13:37
a53013,UPS9871 ,United States,1751325216.0,1751325216,-120.2949,39.1097,10668.0,False,233.61,169.85,0.0,,11193.78,6665,False,0,2025-06-30 23:13:37
a61ffc,N494LP  ,United States,1751325217.0,1751325217,-93.9573,41.7383,586.74,False,35.35,291.34,-1.63,,594.36,,False,0,2025-06-30 23:13:37
abc1ef,CXK139  ,United States,1751325216.0,1751325216,-78.9654,36.0586,891.54,False,48.15,143.25,0.0,,899.16,,False,0,2025-06-30 23:13:37
a1b07f,BXR1981 ,United States,1751325216.0,1751325216,-122.2941,40.9842,2286.0,False,89.0,180.0,0.0,,2369.82,,False,0,2025-06-30 23:13:37
aaea8c,DAL174  ,United States,1751325217.0,1751325217,-80.5408,34.9007,10302.24,False,243.21,64.3,2.93,,10911.84,3344,False,0,2025-06-30 23:13:37
a66346,AAL2905 ,United States,1751325217.0,1751325217,-80.1433,34.2751,5562.6,False,193.26,333.78,-5.2,,5890.26,1560,False,0,2025-06-30 23:13:37
a1b092,RPA5886 ,United States,1751325217.0,1751325217,-76.1289,41.3642,7315.2,False,213.43,204.34,-0.33,,7696.2,7043,False,0,2025-06-30 23:13:37
a80629,JAS700  ,United States,1751325217.0,1751325217,-115.724,33.9319,9144.0,False,228.06,274.4,0.0,,9646.92,7226,False,0,2025-06-30 23:13:37
a6898d,GJS4390 ,United States,1751325207.0,1751325212,-87.9308,41.9748,,True,0.0,270.0,,,,1743,False,0,2025-06-30 23:13:37
ac0906,AAL3306 ,United States,1751325215.0,1751325215,-81.1853,25.2719,5204.46,False,181.32,68.53,-7.8,,5524.5,4364,False,0,2025-06-30 23:13:37
ac3f13,N8888X  ,United States,1751325217.0,1751325217,-94.0726,35.9622,1173.48,False,78.23,133.67,3.9,,1203.96,4372,False,0,2025-06-30 23:13:37
a302a0,SWA1930 ,United States,1751325168.0,1751325168,-121.925,37.3647,,True,0.06,50.62,,,,1061,False,0,2025-06-30 23:13:37
0d0f4b,TAA220  ,Mexico,1751325216.0,1751325216,-99.7965,26.2312,7018.02,False,122.81,31.29,0.0,,7444.74,,False,0,2025-06-30 23:13:37
abb19c,SWA2606 ,United States,1751325214.0,1751325216,-81.4243,28.5937,1417.32,False,137.37,0.64,-5.85,,1508.76,4505,False,0,2025-06-30 23:13:37
a568e8,LXJ448  ,United States,1751325216.0,1751325216,-81.4523,31.0498,12496.8,False,214.05,4.13,0.0,,13152.12,1431,False,0,2025-06-30 23:13:37
a1e8ec,N222F   ,United States,1751325216.0,1751325216,-117.255,33.143,342.9,False,49.41,148.63,-4.88,,289.56,,False,0,2025-06-30 23:13:37
a35e49,DAL1517 ,United States,1751325216.0,1751325216,-109.2925,37.2376,10988.04,False,234.9,240.91,0.0,,11567.16,1736,False,0,2025-06-30 23:13:37
a34b15,FFT1304 ,United States,1751325217.0,1751325217,-86.3275,37.0612,10363.2,False,223.57,197.27,0.0,,10988.04,6620,False,0,2025-06-30 23:13:37
39c494,FBU93L  ,France,1751325216.0,1751325217,-114.4879,35.9395,12192.0,False,251.04,228.24,0.0,,12862.56,,False,0,2025-06-30 23:13:37
ae1169,WING73  ,United States,1751325217.0,1751325217,-78.249,36.3024,5554.98,False,116.77,225.18,-3.58,,5875.02,7572,False,0,2025-06-30 23:13:37
39c495,FBU20J  ,France,1751325216.0,1751325216,-68.1895,44.4004,13106.4,False,232.58,255.66,0.0,,13655.04,0727,False,0,2025-06-30 23:13:37
a0a2bd,AAL9783 ,United States,1751325217.0,1751325217,-108.9101,35.0683,11285.22,False,224.55,70.32,0.0,,11917.68,4124,False,0,2025-06-30 23:13:37
abe9b1,JRE867  ,United States,1751325217.0,1751325217,-110.5932,37.6745,12496.8,False,216.04,55.48,0.0,,13144.5,1044,False,0,2025-06-30 23:13:37
a555ad,N4429Q  ,United States,1751325134.0,1751325134,-122.4226,48.4747,335.28,False,40.85,233.71,-0.33,,327.66,,False,0,2025-06-30 23:13:37
a448d1,UAL2855 ,United States,1751325217.0,1751325217,-112.0949,33.2049,10668.0,False,247.8,104.18,0.0,,11269.98,6312,False,0,2025-06-30 23:13:37
a448bf,N3750J  ,United States,1751325081.0,1751325081,-71.1282,42.7386,236.22,False,36.83,221.04,-2.6,,220.98,,False,0,2025-06-30 23:13:37
a448ba,DAL1155 ,United States,1751325216.0,1751325217,-112.0172,34.827,9829.8,False,231.99,354.66,0.98,,10370.82,0766,False,0,2025-06-30 23:13:37
a23e44,N24350  ,United States,1751325215.0,1751325216,-119.189,34.2634,769.62,False,55.77,60.12,-0.33,,739.14,,False,0,2025-06-30 23:13:37
ac2c10,SWA2339 ,United States,1751325217.0,1751325217,-96.672,32.4238,11887.2,False,241.11,63.38,0.0,,12588.24,4120,False,0,2025-06-30 23:13:37
a5db01,N4769K  ,United States,1751325131.0,1751325131,-120.4155,44.9801,4739.64,False,101.93,81.58,-0.98,,4960.62,,False,0,2025-06-30 23:13:37
ae1193,GRZLY50 ,United States,1751325217.0,1751325217,-116.6156,33.0552,5814.06,False,165.3,98.23,9.1,,6126.48,,False,0,2025-06-30 23:13:37
a7d39a,NKS2202 ,United States,1751325210.0,1751325215,-78.2918,31.8137,10668.0,False,231.79,8.17,0.0,,11254.74,,False,0,2025-06-30 23:13:37
a22b28,ENY3834 ,United States,1751325217.0,1751325217,-111.9916,34.5982,8694.42,False,214.39,354.77,6.18,,9212.58,0744,False,0,2025-06-30 23:13:37
a89086,AAL3239 ,United States,1751325180.0,1751325180,-111.9923,33.4378,,True,5.4,180.0,,,,,False,0,2025-06-30 23:13:37
aab6d9,N79NA   ,United States,1751325216.0,1751325216,-71.8454,42.4191,1219.2,False,47.54,346.87,0.33,,1257.3,,False,0,2025-06-30 23:13:37
a7e691,SKW6532 ,United States,1751325217.0,1751325217,-87.8115,42.163,2270.76,False,146.81,58.76,12.03,,2324.1,3122,False,0,2025-06-30 23:13:37
a1c2f6,N212WT  ,United States,1751325216.0,1751325216,-80.1643,26.0426,121.92,False,46.04,103.57,0.65,,121.92,,False,0,2025-06-30 23:13:37
a1c2f1,SWA4546 ,United States,1751325217.0,1751325217,-119.6206,35.3585,9410.7,False,222.11,166.61,-7.8,,9890.76,3371,False,0,2025-06-30 23:13:37
ab1f6c,N8158N  ,United States,1751325098.0,1751325127,-84.563,33.3515,243.84,False,37.77,307.81,-1.95,,259.08,1200,True,0,2025-06-30 23:13:37
ac2c33,SWA3628 ,United States,1751324923.0,1751324923,-104.6961,39.9034,1584.96,False,78.2,179.62,-4.55,,1684.02,,False,0,2025-06-30 23:13:37
a0eb95,N15892  ,United States,1751325216.0,1751325217,-71.6777,42.5717,518.16,False,42.26,266.51,-0.65,,510.54,1200,False,0,2025-06-30 23:13:37
a34b61,N311JS  ,United States,1751325216.0,1751325216,-122.1129,37.4584,,True,0.06,140.62,,,,1200,False,0,2025-06-30 23:13:37
a89058,N6509L  ,United States,1751325216.0,1751325216,-122.4407,47.8852,1402.08,False,44.97,215.69,0.33,,1463.04,0327,False,0,2025-06-30 23:13:37
a448fa,UAL1839 ,United States,1751325217.0,1751325217,-105.9847,37.851,10363.2,False,229.55,225.64,-0.33,,10942.32,2776,False,0,2025-06-30 23:13:37
a448fc,DAL2460 ,United States,1751325217.0,1751325217,-76.6542,36.8666,10972.8,False,245.06,207.64,0.0,,11612.88,1774,False,0,2025-06-30 23:13:37
a65086,DAL786  ,United States,1751325217.0,1751325217,-94.0642,43.3034,10965.18,False,201.73,288.43,-0.33,,11361.42,3636,False,0,2025-06-30 23:13:37
a7706b,LXJ579  ,United States,1751325216.0,1751325216,-110.6965,38.417,13716.0,False,242.98,87.94,0.33,,14394.18,,False,0,2025-06-30 23:13:37
a292c9,ENY3929 ,United States,1751325216.0,1751325217,-111.8854,33.5282,2049.78,False,130.84,99.28,-8.13,,2118.36,,False,0,2025-06-30 23:13:37
a35e5b,AAY2    ,United States,1751325188.0,1751325213,-118.053,37.4384,9448.8,False,219.76,46.14,0.0,,9944.1,,False,0,2025-06-30 23:13:37
a4ce11,AAL2148 ,United States,1751325216.0,1751325216,-87.3657,31.5307,10980.42,False,233.22,286.8,0.33,,11650.98,4061,False,0,2025-06-30 23:13:37
ac2c56,SWA2503 ,United States,1751325217.0,1751325217,-91.4667,34.4575,10972.8,False,230.35,247.27,0.0,,11635.74,1044,False,0,2025-06-30 23:13:37
a35e66,AAL1245 ,United States,1751325216.0,1751325216,-81.4587,25.3276,6271.26,False,182.92,130.09,-5.2,,6637.02,1365,False,0,2025-06-30 23:13:37
a448f8,UAL584  ,United States,1751325216.0,1751325216,-85.5656,33.6321,10668.0,False,239.28,56.31,0.0,,11323.32,2704,False,0,2025-06-30 23:13:37
a448f2,UAL2668 ,United States,1751325216.0,1751325216,-76.1602,37.2874,10363.2,False,242.13,204.88,0.33,,10965.18,3044,False,0,2025-06-30 23:13:37
a9cff8,NKS2151 ,United States,1751325216.0,1751325216,-73.1784,40.5387,7627.62,False,202.81,36.23,-6.83,,8054.34,2426,False,0,2025-06-30 23:13:37
a7e693,SKQ61   ,United States,1751325216.0,1751325216,-77.7012,38.7857,1569.72,False,106.58,197.12,4.55,,1638.3,,False,0,2025-06-30 23:13:37
4cabd1,EIN1EA  ,Ireland,1751325216.0,1751325216,-72.5911,41.8159,8161.02,False,232.71,50.29,3.58,,8610.6,3035,False,0,2025-06-30 23:13:37
4cabd2,EIN119  ,Ireland,1751325108.0,1751325109,-77.4543,38.9493,,True,0.0,180.0,,,,3543,False,0,2025-06-30 23:13:37
a9ab05,ASA518  ,United States,1751325216.0,1751325216,-108.1971,32.2613,10972.8,False,234.71,280.23,0.0,,11612.88,2540,False,0,2025-06-30 23:13:37
a71b43,AAL2474 ,United States,1751325217.0,1751325217,-90.7908,38.4035,10485.12,False,258.15,30.81,-4.23,,11079.48,3636,False,0,2025-06-30 23:13:37
a18723,AAY3106 ,United States,1751325216.0,1751325216,-86.3107,30.5961,883.92,False,120.98,156.71,0.0,,937.26,6234,False,0,2025-06-30 23:13:37
ab879f,DAL1110 ,United States,1751325216.0,1751325216,-84.7529,31.8713,9753.6,False,235.79,327.84,0.0,,10340.34,5433,False,0,2025-06-30 23:13:37
aaeade,N802SC  ,United States,1751325216.0,1751325216,-118.4236,33.9664,1394.46,False,47.8,325.97,0.0,,1394.46,,False,0,2025-06-30 23:13:37
4cabd4,EIN11P  ,Ireland,1751325217.0,1751325217,-74.381,40.3017,9441.18,False,249.07,51.71,0.0,,10005.06,3604,False,0,2025-06-30 23:13:37
a0540a,DAL2198 ,United States,1751325215.0,1751325217,-113.1081,37.1175,10668.0,False,242.99,56.31,0.0,,11262.36,6762,False,0,2025-06-30 23:13:37
a5db4e,SKW5693 ,United States,1751324918.0,1751324970,-122.3838,37.6204,,True,10.8,180.0,,,,,False,0,2025-06-30 23:13:37
a6fb32,AAL582  ,United States,1751325217.0,1751325217,-103.2372,33.2306,10066.02,False,253.34,64.37,0.33,,10660.38,7637,False,0,2025-06-30 23:13:37
a422f7,DAL770  ,United States,1751325217.0,1751325217,-87.4305,36.1431,9753.6,False,233.05,270.38,0.0,,10347.96,2242,False,0,2025-06-30 23:13:37
a7d2ae,SKW3759 ,United States,1751325216.0,1751325217,-120.8505,37.9237,4610.1,False,198.29,321.11,-8.13,,4831.08,6730,False,0,2025-06-30 23:13:37
abd77e,AAL2323 ,United States,1751325217.0,1751325217,-87.5509,40.63,7810.5,False,246.03,151.93,6.18,,8183.88,3137,False,0,2025-06-30 23:13:37
a35e9c,AAL2247 ,United States,1751325217.0,1751325217,-76.2262,42.9006,10972.8,False,213.14,252.44,0.0,,11551.92,1312,False,0,2025-06-30 23:13:37
abb12d,SWA2762 ,United States,1751325216.0,1751325217,-84.6474,41.6628,10668.0,False,258.89,101.58,0.0,,11216.64,0226,False,0,2025-06-30 23:13:37
a4ce61,N409DF  ,United States,1751324933.0,1751324942,-116.8958,33.0511,762.0,False,59.32,101.5,-2.28,,746.76,1255,False,0,2025-06-30 23:13:37
a4ce64,TKK409  ,United States,1751325215.0,1751325215,-95.0697,29.6986,1196.34,False,117.42,351.94,-0.33,,1264.92,3622,False,0,2025-06-30 23:13:37
a1d735,N21796  ,United States,1751324919.0,1751324919,-91.3726,36.3369,3352.8,False,76.06,23.1,0.33,,3489.96,,False,0,2025-06-30 23:13:37
acd12f,EPI925  ,United States,1751325216.0,1751325216,-80.6845,28.9918,906.78,False,44.35,266.01,-3.25,,952.5,7245,False,0,2025-06-30 23:13:37
ab616f,SCX1982 ,United States,1751325216.0,1751325216,-87.0634,46.7835,11582.4,False,206.28,279.91,-0.33,,11925.3,,False,0,2025-06-30 23:13:37
a5ee51,SWA1672 ,United States,1751325216.0,1751325217,-72.8157,40.3634,9144.0,False,244.46,224.66,0.0,,9654.54,2433,False,0,2025-06-30 23:13:37
a35da8,FFT1402 ,United States,1751325217.0,1751325217,-87.3437,37.0786,6507.48,False,163.56,173.68,-1.95,,6865.62,1426,False,0,2025-06-30 23:13:37
acd135,SKW5106 ,United States,1751325216.0,1751325216,-88.1161,44.461,8846.82,False,228.83,354.84,1.95,,9159.24,1324,False,0,2025-06-30 23:13:37
ab618b,UAL1865 ,United States,1751325216.0,1751325217,-106.0972,41.062,9532.62,False,239.36,134.83,-11.05,,10088.88,,False,0,2025-06-30 23:13:37
abc49b,SWA1262 ,United States,1751325216.0,1751325216,-96.9448,29.3476,9745.98,False,242.48,120.05,9.1,,10355.58,4054,False,0,2025-06-30 23:13:37
a72e69,ASA6    ,United States,1751325217.0,1751325217,-97.2306,32.2275,10668.0,False,249.88,73.62,0.0,,11308.08,7675,False,0,2025-06-30 23:13:37
a542d7,SWA2599 ,United States,1751325216.0,1751325216,-77.1309,38.2319,4876.8,False,191.3,11.79,0.33,,5135.88,4651,False,0,2025-06-30 23:13:37
a59e97,N461P   ,United States,1751325217.0,1751325217,-73.7822,40.6189,1524.0,False,80.6,29.02,0.0,,1562.1,6563,False,0,2025-06-30 23:13:37
ad4afb,ASA1175 ,United States,1751325217.0,1751325217,-121.9217,37.3596,,True,9.26,137.81,,,,,False,0,2025-06-30 23:13:37
a06763,LFA680  ,United States,1751325216.0,1751325216,-80.9252,28.4599,1379.22,False,46.66,255.96,-0.65,,1470.66,5505,False,0,2025-06-30 23:13:37
ac3f09,SWA2109 ,United States,1751325216.0,1751325216,-91.6875,39.1276,10668.0,False,262.51,85.95,0.0,,11247.12,,False,0,2025-06-30 23:13:37
a5db2c,ASA480  ,United States,1751325216.0,1751325216,-99.2385,46.0404,10363.2,False,213.34,289.88,0.0,,10721.34,3605,False,0,2025-06-30 23:13:37
c008a9,ACA71   ,Canada,1751325216.0,1751325216,-73.6759,45.5291,419.1,False,79.35,222.9,-3.25,,388.62,2501,False,0,2025-06-30 23:13:37
a1c444,N2127G  ,United States,1751325216.0,1751325216,-117.2089,33.881,2011.68,False,70.33,275.88,0.65,,2042.16,0761,False,0,2025-06-30 23:13:37
a60da2,N4899G  ,United States,1751325216.0,1751325216,-122.9556,47.1634,1158.24,False,50.23,212.88,1.3,,1196.34,,False,0,2025-06-30 23:13:37
a22ac6,RPA5832 ,United States,1751325216.0,1751325216,-83.5812,40.2125,6705.6,False,196.05,218.07,-0.33,,7040.88,7455,False,0,2025-06-30 23:13:37
a04155,N1151V  ,United States,1751325057.0,1751325128,-86.3965,42.0096,929.64,False,74.49,57.41,-0.98,,899.16,,False,0,2025-06-30 23:13:37
a0a457,SKW5350 ,United States,1751325217.0,1751325217,-87.7912,41.9882,647.7,False,79.23,270.37,-4.55,,624.84,7013,False,0,2025-06-30 23:13:37
a47db3,LTA389  ,United States,1751325118.0,1751325118,-78.6126,34.4936,1348.74,False,60.98,170.78,-17.23,,1394.46,,False,0,2025-06-30 23:13:37
a3adce,AAL1975 ,United States,1751325217.0,1751325217,-83.5141,33.8313,11277.6,False,224.07,57.66,0.0,,11955.78,4311,False,0,2025-06-30 23:13:37
0d0dd3,VOI3382 ,Mexico,1751325087.0,1751325133,-113.6986,31.1053,10668.0,False,244.11,116.94,0.0,,11308.08,,False,0,2025-06-30 23:13:37
a42405,EJA366  ,United States,1751325217.0,1751325217,-72.1246,45.6408,12954.0,False,166.2,280.16,2.6,,13487.4,,False,0,2025-06-30 23:13:37
a0a42b,N140RD  ,United States,1751325217.0,1751325217,-113.7233,35.0254,4381.5,False,96.87,292.48,0.0,,4640.58,,False,0,2025-06-30 23:13:37
ab1db2,UAL2110 ,United States,1751325217.0,1751325217,-92.2653,39.0802,9235.44,False,224.87,276.83,5.2,,9723.12,1176,False,0,2025-06-30 23:13:37
ab8748,AAL125  ,United States,1751325217.0,1751325217,-82.4813,46.2737,11582.4,False,210.38,276.88,-0.33,,12047.22,6002,False,0,2025-06-30 23:13:37
a9ab72,SKW6259 ,United States,1751325217.0,1751325217,-93.2406,34.3844,10972.8,False,228.9,251.12,0.0,,11605.26,5750,True,0,2025-06-30 23:13:37
a2f721,SKW3764 ,United States,1751325216.0,1751325216,-122.9878,48.0932,4556.76,False,186.97,120.23,0.33,,4754.88,2626,False,0,2025-06-30 23:13:37
aab73f,N79SC   ,United States,1751325216.0,1751325217,-84.8182,30.2195,13716.0,False,210.11,117.88,-0.65,,14378.94,0153,False,0,2025-06-30 23:13:37
a9ab40,N722CV  ,United States,1751325216.0,1751325216,-95.4339,40.5868,13106.4,False,168.41,305.05,0.0,,13662.66,0753,False,0,2025-06-30 23:13:37
a28160,N2600L  ,United States,1751324953.0,1751325207,-80.595,35.0216,457.2,False,33.83,135.62,2.6,,449.58,,False,0,2025-06-30 23:13:37
a9be74,N727KF  ,United States,1751325216.0,1751325216,-111.6027,39.3766,6705.6,False,123.73,51.41,0.33,,7109.46,,False,0,2025-06-30 23:13:37
ab741e,UAL568  ,United States,1751325217.0,1751325217,-97.1798,42.1667,11590.02,False,205.93,254.64,0.0,,12062.46,0512,False,0,2025-06-30 23:13:37
a46abc,CXK161  ,United States,1751325217.0,1751325217,-78.4541,35.4468,1219.2,False,55.07,268.39,-0.65,,1242.06,7006,False,0,2025-06-30 23:13:37
a34ae0,DAL2266 ,United States,1751325217.0,1751325217,-84.0796,33.9246,2788.92,False,126.27,170.38,-6.18,,2941.32,5461,False,0,2025-06-30 23:13:37
a46ac0,N384GD  ,United States,1751325214.0,1751325216,-79.9611,36.5377,4038.6,False,152.33,181.55,-3.25,,4244.34,,False,0,2025-06-30 23:13:37
a34ae6,DAL2514 ,United States,1751325084.0,1751325174,-111.981,40.7855,,True,0.0,354.38,,,,,False,0,2025-06-30 23:13:37
a96e72,N7069G  ,United States,1751325174.0,1751325213,-92.5008,41.23,243.84,False,35.29,134.41,3.9,,251.46,,False,0,2025-06-30 23:13:37
a3ada3,AAL2131 ,United States,1751325217.0,1751325217,-96.217,40.7646,10668.0,False,269.0,59.17,0.0,,11170.92,6710,False,0,2025-06-30 23:13:37
0d0da5,AMX117  ,Mexico,1751325216.0,1751325217,-105.4054,29.6145,11582.4,False,244.4,334.84,-0.33,,12275.82,,False,0,2025-06-30 23:13:37
abc432,SWA2529 ,United States,1751325165.0,1751325165,-77.0396,38.8698,76.2,False,70.72,171.63,-3.58,,38.1,1044,False,0,2025-06-30 23:13:37
a3adb9,AAL2069 ,United States,1751325217.0,1751325217,-112.003,40.9469,2468.88,False,142.04,352.93,12.68,,2567.94,,False,0,2025-06-30 23:13:37
a83b86,N63BK   ,United States,1751325217.0,1751325217,-121.9736,37.6648,594.36,False,31.48,168.69,2.28,,571.5,1200,False,0,2025-06-30 23:13:37
a2945d,N2653M  ,United States,1751325216.0,1751325216,-93.5897,44.5991,899.16,False,84.98,23.93,-1.63,,883.92,,False,0,2025-06-30 23:13:37
a0417c,N1152Z  ,United States,1751325216.0,1751325216,-121.8401,47.689,1470.66,False,51.4,221.35,-6.18,,1508.76,1200,False,0,2025-06-30 23:13:37
a59da3,N461DF  ,United States,1751325216.0,1751325216,-120.3434,37.5017,4457.7,False,142.03,324.58,0.0,,4663.44,,False,0,2025-06-30 23:13:37
a9be4c,N727HR  ,United States,1751325217.0,1751325217,-118.0884,33.77,937.26,False,49.01,64.51,-0.33,,906.78,,False,0,2025-06-30 23:13:37
71be35,AAR204  ,Republic of Korea,1751325216.0,1751325217,-119.6598,35.1122,9136.38,False,219.06,142.54,-5.85,,9585.96,1170,False,0,2025-06-30 23:13:37
a209b9,ENY3793 ,United States,1751325216.0,1751325216,-86.8745,42.2869,3992.88,False,204.03,86.82,0.0,,4145.28,4371,False,0,2025-06-30 23:13:37
a5dacd,N47673  ,United States,1751324714.0,1751325216,-96.5604,33.5858,723.9,False,50.85,281.08,3.25,,731.52,,False,0,2025-06-30 23:13:37
a6c781,JBU128  ,United States,1751325216.0,1751325217,-81.1469,28.3468,2385.06,False,153.46,352.87,15.93,,2522.22,7327,False,0,2025-06-30 23:13:37
acf5bb,NKS2627 ,United States,1751325216.0,1751325216,-101.32,30.9065,11277.6,False,246.1,92.28,-0.33,,11971.02,,False,0,2025-06-30 23:13:37
a5a790,N4633Q  ,United States,1751325216.0,1751325216,-96.1364,32.7735,1379.22,False,46.58,226.79,-0.33,,1417.32,1200,False,0,2025-06-30 23:13:37
a5dad6,N4768B  ,United States,1751325216.0,1751325216,-122.1034,47.3622,426.72,False,54.29,12.59,5.2,,441.96,,False,0,2025-06-30 23:13:37
a6b449,N531BM  ,United States,1751325217.0,1751325217,-117.5234,34.1033,1524.0,False,54.45,67.8,0.65,,1562.1,,False,0,2025-06-30 23:13:37
a9276d,N6893F  ,United States,1751325213.0,1751325214,-81.3264,29.0077,899.16,False,45.58,216.74,-0.33,,944.88,3070,False,0,2025-06-30 23:13:37
a209c0,AAY3510 ,United States,1751325214.0,1751325216,-122.5215,45.5659,243.84,False,68.85,299.05,-3.25,,220.98,6013,False,0,2025-06-30 23:13:37
a84dce,NKS8834 ,United States,1751325216.0,1751325216,-82.1526,33.4655,11887.2,False,229.11,324.6,-0.33,,12565.38,3141,False,0,2025-06-30 23:13:37
aa6787,N77JS   ,United States,1751325216.0,1751325216,-72.7273,45.3507,2651.76,False,85.5,195.71,-2.6,,2743.2,,False,0,2025-06-30 23:13:37
ac2b61,SWA2982 ,United States,1751325216.0,1751325216,-70.9719,42.4335,396.24,False,75.99,199.78,-4.55,,403.86,3465,False,0,2025-06-30 23:13:37
aaeb6a,VXP570  ,United States,1751325216.0,1751325217,-75.751,38.3548,8869.68,False,234.38,216.97,6.83,,9380.22,3023,False,0,2025-06-30 23:13:37
aa676e,N77HS   ,United States,1751325217.0,1751325217,-117.293,33.7736,1531.62,False,67.79,237.4,-0.33,,1539.24,1255,False,0,2025-06-30 23:13:37
c03cf4,ACA422  ,Canada,1751325216.0,1751325216,-74.2639,45.2719,3825.24,False,168.08,58.65,-11.38,,3985.26,3477,False,0,2025-06-30 23:13:37
aaa2f6,SWA500  ,United States,1751325216.0,1751325216,-70.3485,43.6474,121.92,False,75.87,94.67,-4.23,,106.68,7011,False,0,2025-06-30 23:13:37
aa9ab6,SWA1404 ,United States,1751325217.0,1751325217,-116.5475,35.0216,7315.2,False,216.18,55.67,0.0,,7726.68,1211,False,0,2025-06-30 23:13:37
a5a759,N46315  ,United States,1751325216.0,1751325216,-117.0143,47.9815,1767.84,False,47.55,328.72,0.98,,1874.52,,False,0,2025-06-30 23:13:37
abc2e5,RPA4438 ,United States,1751325217.0,1751325217,-79.4205,43.7964,952.5,False,83.02,227.51,0.0,,922.02,7177,False,0,2025-06-30 23:13:37
ac2b80,SWA1379 ,United States,1751325216.0,1751325216,-114.1526,42.7663,8976.36,False,230.15,265.51,-11.7,,9479.28,,False,0,2025-06-30 23:13:37
a053cb,N120B   ,United States,1751325093.0,1751325093,-118.3727,34.198,281.94,False,55.06,91.07,-3.58,,228.6,1200,False,0,2025-06-30 23:13:37
0d0e91,XAMSL   ,Mexico,1751325216.0,1751325216,-88.8306,31.321,13716.0,False,210.88,76.74,0.33,,14378.94,1147,False,0,2025-06-30 23:13:37
a84dd1,JIA544V ,United States,1751325217.0,1751325217,-87.4551,37.3861,8115.3,False,229.15,236.17,4.55,,8595.36,6636,False,0,2025-06-30 23:13:37
c04ff4,WJA2247 ,Canada,1751325216.0,1751325216,-110.8987,32.4019,10972.8,False,233.84,6.06,0.0,,11612.88,1547,False,0,2025-06-30 23:13:37
a6b439,CSI531  ,United States,1751325216.0,1751325216,-106.0528,37.1247,8534.4,False,122.59,192.11,0.33,,9037.32,3270,False,0,2025-06-30 23:13:37
a71aad,DAL659  ,United States,1751325216.0,1751325216,-111.2434,37.2178,9753.6,False,241.59,265.24,-0.33,,10294.62,2330,False,0,2025-06-30 23:13:37
a449a4,UAL1140 ,United States,1751325216.0,1751325216,-76.7275,37.3938,9296.4,False,247.43,201.34,5.2,,9845.04,2144,False,0,2025-06-30 23:13:37
a449a2,UAL1074 ,United States,1751324999.0,1751325003,-114.214,38.9051,10363.2,False,229.43,252.78,0.33,,10911.84,2567,False,0,2025-06-30 23:13:37
a5ede3,PRD4    ,United States,1751325039.0,1751325039,-80.1947,26.1968,53.34,False,73.19,97.67,-4.55,,99.06,6623,False,0,2025-06-30 23:13:37
c04fe4,ACA886  ,Canada,1751325217.0,1751325217,-71.1549,47.2994,10668.0,False,263.87,55.16,0.0,,11125.2,0525,False,0,2025-06-30 23:13:37
a066de,N125GC  ,United States,1751325216.0,1751325216,-70.9991,42.9234,1219.2,False,50.22,307.93,6.83,,1257.3,,False,0,2025-06-30 23:13:37
a4bae9,N40353  ,United States,1751325216.0,1751325216,-122.7779,47.4797,213.36,False,22.32,64.03,-0.33,,205.74,,False,0,2025-06-30 23:13:37
a11f59,UAL1950 ,United States,1751325216.0,1751325216,-87.007,36.7368,10058.4,False,259.55,76.71,0.0,,10645.14,7272,False,0,2025-06-30 23:13:37
a09c49,N1387U  ,United States,1751324997.0,1751324997,-121.6805,38.1952,91.44,False,22.17,266.01,-1.95,,60.96,1200,False,0,2025-06-30 23:13:37
a3f161,EJA353  ,United States,1751325216.0,1751325216,-94.2494,37.5645,6705.6,False,205.63,288.07,-0.33,,7056.12,,False,0,2025-06-30 23:13:37
acf486,AAL767  ,United States,1751325216.0,1751325216,-95.6137,34.2349,7475.22,False,225.61,226.48,-5.2,,7917.18,6605,False,0,2025-06-30 23:13:37
a075df,RPA9948 ,United States,1751325217.0,1751325217,-80.499,42.8888,7863.84,False,189.2,235.75,6.83,,8252.46,4175,False,0,2025-06-30 23:13:37
a0c5c6,SKW5472 ,United States,1751325217.0,1751325217,-97.1052,28.1362,2575.56,False,150.98,245.01,-5.2,,2727.96,4622,False,0,2025-06-30 23:13:37
a9ccde,AAL3020 ,United States,1751325216.0,1751325216,-82.6695,41.4566,8755.38,False,259.53,104.23,-5.2,,9227.82,1363,False,0,2025-06-30 23:13:37
a12e57,VTE3008 ,United States,1751325216.0,1751325216,-89.9172,34.3247,3741.42,False,180.31,75.29,-6.18,,3977.64,5627,False,0,2025-06-30 23:13:37
ae213e,PAT01   ,United States,1751325196.0,1751325205,-77.1929,38.7238,121.92,False,32.43,131.78,-2.93,,83.82,6421,False,0,2025-06-30 23:13:37
a195bd,N201AC  ,United States,1751325217.0,1751325217,-99.9081,31.2305,11887.2,False,274.39,105.89,-0.33,,12595.86,0522,False,0,2025-06-30 23:13:37
a79386,HAL1617 ,United States,1751325216.0,1751325216,-105.8453,34.5186,11887.2,False,254.18,76.78,0.0,,12550.14,1351,False,0,2025-06-30 23:13:37
a92384,UAL2445 ,United States,1751325216.0,1751325216,-78.7559,42.0653,10363.2,False,215.04,247.79,0.0,,10927.08,3103,False,0,2025-06-30 23:13:37
a4207f,JANET62 ,United States,1751325200.0,1751325204,-115.9767,36.938,4549.14,False,189.97,188.72,0.0,,4823.46,,False,0,2025-06-30 23:13:37
a2e098,ASA450  ,United States,1751325216.0,1751325216,-84.9858,40.7889,9029.7,False,215.91,292.41,4.55,,9502.14,4014,False,0,2025-06-30 23:13:37
a6b06c,N530    ,United States,1751325051.0,1751325051,-116.6648,48.7216,2225.04,False,53.23,48.92,-3.58,,2339.34,,False,0,2025-06-30 23:13:37
acf497,DAL1101 ,United States,1751325217.0,1751325217,-92.9886,41.2041,9151.62,False,275.14,52.44,0.33,,9593.58,,False,0,2025-06-30 23:13:37
a92365,UAL2718 ,United States,1751325213.0,1751325214,-99.9785,38.7996,10363.2,False,207.06,272.85,0.33,,10927.08,7001,False,0,2025-06-30 23:13:37
aad9d8,N799E   ,United States,1751325216.0,1751325216,-122.5499,38.1337,83.82,False,37.68,327.83,-3.25,,22.86,1200,False,0,2025-06-30 23:13:37
ac4f29,SWA503  ,United States,1751325216.0,1751325216,-81.626,34.8094,10668.0,False,230.67,57.94,0.33,,11315.7,7754,False,0,2025-06-30 23:13:37
a1e5f1,ENY4085 ,United States,1751325216.0,1751325216,-81.131,32.1051,10363.2,False,241.56,174.01,-0.33,,10957.56,4053,False,0,2025-06-30 23:13:37
a85ce8,QXE2197 ,United States,1751325216.0,1751325217,-118.7721,45.7055,11582.4,False,212.82,266.67,-0.33,,12077.7,,False,0,2025-06-30 23:13:37
a062ef,DAL746  ,United States,1751325217.0,1751325217,-84.7428,33.697,2491.74,False,148.92,281.15,10.08,,2613.66,7211,False,0,2025-06-30 23:13:37
a48e3a,DAL1906 ,United States,1751325215.0,1751325215,-84.4242,33.6385,,True,0.0,188.44,,,,,False,0,2025-06-30 23:13:37
abf9b1,SWA2917 ,United States,1751325216.0,1751325216,-100.1625,30.4722,11369.04,False,227.22,282.02,4.88,,12054.84,2713,False,0,2025-06-30 23:13:37
a24e94,N248JW  ,United States,1751325216.0,1751325216,-122.591,48.0051,1173.48,False,63.06,154.9,-0.65,,1203.96,,False,0,2025-06-30 23:13:37
a1e5cf,N221MD  ,United States,1751325214.0,1751325216,-76.3235,41.3751,1851.66,False,117.94,263.99,0.33,,1912.62,4243,False,0,2025-06-30 23:13:37
0c20d6,CMP709  ,Panama,1751325064.0,1751325086,-79.0854,24.2222,10668.0,False,243.82,176.37,0.33,,11231.88,7401,False,0,2025-06-30 23:13:37
a7e318,SKW6009 ,United States,1751325216.0,1751325216,-122.3032,44.2239,5562.6,False,193.11,87.4,9.1,,5859.78,,False,0,2025-06-30 23:13:37
a5fcef,UAL658  ,United States,1751325217.0,1751325217,-87.8031,42.0921,2156.46,False,128.61,90.23,0.0,,2217.42,7002,False,0,2025-06-30 23:13:37
a7f647,N612BB  ,United States,1751325216.0,1751325216,-104.2002,34.9578,12504.42,False,191.06,131.07,-0.33,,13167.36,,False,0,2025-06-30 23:13:37
a445b0,DAL2939 ,United States,1751325217.0,1751325217,-87.8018,34.762,9753.6,False,236.24,262.24,0.0,,10302.24,7263,False,0,2025-06-30 23:13:37
aa779d,SWA3983 ,United States,1751325216.0,1751325216,-94.7181,36.1101,11887.2,False,241.56,95.99,0.33,,12542.52,4115,False,0,2025-06-30 23:13:37
a23b55,MXY745  ,United States,1751325216.0,1751325217,-79.4669,36.8479,6278.88,False,227.4,136.19,-9.43,,6652.26,6706,False,0,2025-06-30 23:13:37
aad9f2,N799FA  ,United States,1751325216.0,1751325216,-84.5198,33.2444,1059.18,False,42.15,250.02,0.65,,1097.28,1200,False,0,2025-06-30 23:13:37
a97cb5,GTI3511 ,United States,1751325217.0,1751325217,-90.3258,38.0866,12192.0,False,239.04,322.17,0.0,,12839.7,3732,False,0,2025-06-30 23:13:37
86e84c,JAL69   ,Japan,1751325217.0,1751325217,-123.3216,37.7631,10972.8,False,268.06,310.88,-0.33,,11460.48,6763,False,0,2025-06-30 23:13:37
ad26b2,CXK198  ,United States,1751325216.0,1751325216,-111.5217,33.1547,1280.16,False,46.86,342.76,-2.93,,1264.92,4350,False,0,2025-06-30 23:13:37
a67399,SCX3033 ,United States,1751325216.0,1751325216,-97.4135,43.2727,12192.0,False,218.8,243.92,0.0,,12672.06,2451,False,0,2025-06-30 23:13:37
aa5130,ENY4267 ,United States,1751325216.0,1751325216,-88.0612,41.904,1508.76,False,136.61,266.33,5.2,,1539.24,3206,False,0,2025-06-30 23:13:37
a8299a,JBU8650 ,United States,1751325217.0,1751325217,-81.3572,31.8728,6347.46,False,218.02,17.58,2.6,,6751.32,,False,0,2025-06-30 23:13:37
aa777e,SWA464  ,United States,1751325217.0,1751325217,-102.2906,31.0016,11582.4,False,220.27,254.7,0.33,,12260.58,7302,False,0,2025-06-30 23:13:37
a6604f,N51NN   ,United States,1751325189.0,1751325190,-81.4031,28.0203,929.64,False,35.21,258.2,2.93,,990.6,3071,False,0,2025-06-30 23:13:37
aa0dfa,EJA747  ,United States,1751325216.0,1751325216,-122.2138,37.7031,,True,0.06,160.31,,,,,False,0,2025-06-30 23:13:37
a195ef,N201CC  ,United States,1751325172.0,1751325172,-94.9527,45.0664,701.04,False,57.52,280.3,-0.98,,723.9,,False,0,2025-06-30 23:13:37
a85e2b,UAL254  ,United States,1751325217.0,1751325217,-73.5189,41.832,7604.76,False,238.09,6.33,3.9,,7993.38,1162,False,0,2025-06-30 23:13:37
ad2733,ASA475  ,United States,1751325216.0,1751325217,-109.7709,32.6506,10972.8,False,235.29,277.92,0.0,,11620.5,3170,False,0,2025-06-30 23:13:37
a48e7b,FFT124  ,United States,1751325216.0,1751325216,-81.663,30.5549,10668.0,False,216.7,7.09,-0.33,,11292.84,6200,False,0,2025-06-30 23:13:37
710111,SVA038  ,Saudi Arabia,1751325115.0,1751325118,-77.4559,38.9609,,True,2.57,0.0,,,,,False,0,2025-06-30 23:13:37
aac762,FDX1685 ,United States,1751325207.0,1751325212,-122.2166,37.7181,,True,0.0,39.38,,,,,False,0,2025-06-30 23:13:37
abd429,N861SL  ,United States,1751325217.0,1751325217,-118.2724,33.6566,1226.82,False,50.45,348.23,-0.33,,1211.58,,False,0,2025-06-30 23:13:37
a59b4a,TRF560  ,United States,1751325217.0,1751325217,-96.623,33.0083,762.0,False,58.13,270.51,0.65,,754.38,4666,False,0,2025-06-30 23:13:37
ad6da6,FDY454  ,United States,1751325216.0,1751325216,-90.2738,38.5129,1584.96,False,93.68,1.89,-1.95,,1623.06,1011,False,0,2025-06-30 23:13:37
a445ef,UAL1332 ,United States,1751325216.0,1751325216,-80.1149,41.8567,10233.66,False,256.06,101.36,-4.88,,10805.16,2473,False,0,2025-06-30 23:13:37
a445ee,UAL1053 ,United States,1751325217.0,1751325217,-80.7352,32.5209,10058.4,False,231.95,25.49,0.0,,10645.14,6106,False,0,2025-06-30 23:13:37
aa0f6c,N74737  ,United States,1751325216.0,1751325216,-121.8071,37.3175,228.6,False,34.5,339.94,-2.93,,175.26,1200,False,0,2025-06-30 23:13:37
a445f8,DAL3243 ,United States,1751325216.0,1751325217,-89.1074,43.5033,10972.8,False,196.22,265.04,0.0,,11407.14,7175,False,0,2025-06-30 23:13:37
a445f0,UAL1400 ,United States,1751325076.0,1751325076,-87.9085,41.9813,,True,7.72,174.38,,,,,False,0,2025-06-30 23:13:37
0c217b,CMP444  ,Panama,1751325200.0,1751325208,-77.7308,27.4228,9144.0,False,238.23,178.89,0.0,,9624.06,,False,0,2025-06-30 23:13:37
abd41a,RPA4724 ,United States,1751325216.0,1751325216,-71.8449,41.6022,4907.28,False,180.55,68.26,-5.53,,5151.12,2266,False,0,2025-06-30 23:13:37
a2f2c3,N2897M  ,United States,1751325216.0,1751325216,-119.101,34.2241,304.8,False,51.44,90.0,3.58,,251.46,,False,0,2025-06-30 23:13:37
a325fd,AAL1605 ,United States,1751325216.0,1751325216,-93.9099,42.599,10675.62,False,268.29,92.53,0.0,,11071.86,6077,False,0,2025-06-30 23:13:37
aa76cb,SWA1706 ,United States,1751325216.0,1751325217,-77.6405,42.0192,6400.8,False,198.16,189.41,0.0,,6705.6,7452,False,0,2025-06-30 23:13:37
a948c4,DAL785  ,United States,1751325216.0,1751325216,-111.156,34.9478,9448.8,False,237.16,31.52,0.0,,9974.58,1514,False,0,2025-06-30 23:13:37
a445cd,UAL8152 ,United States,1751325197.0,1751325197,-99.1217,42.0041,9753.6,False,232.65,246.27,0.0,,10203.18,1515,False,0,2025-06-30 23:13:37
0c215f,CMP847  ,Panama,1751325210.0,1751325210,-109.217,29.806,10972.8,False,227.46,291.63,0.0,,11628.12,,False,0,2025-06-30 23:13:37
ac3ac9,SWA732  ,United States,1751325216.0,1751325216,-107.4977,32.2501,11582.4,False,229.66,285.59,0.33,,12260.58,1336,False,0,2025-06-30 23:13:37
4caaf1,EIN122  ,Ireland,1751325217.0,1751325217,-71.9184,47.6492,11277.6,False,264.46,73.15,0.0,,11734.8,7274,False,0,2025-06-30 23:13:37
adbdba,N985AC  ,United States,1751325217.0,1751325217,-89.3692,36.2246,487.68,False,42.9,247.43,-0.65,,464.82,,False,0,2025-06-30 23:13:37
aab477,N7891G  ,United States,1751325217.0,1751325217,-118.0263,33.8684,1440.18,False,52.99,90.0,-0.98,,1409.7,,False,0,2025-06-30 23:13:37
ac4dfb,AAL1980 ,United States,1751325217.0,1751325217,-87.8621,40.8228,9098.28,False,225.37,285.08,6.18,,9555.48,4046,False,0,2025-06-30 23:13:37
a20708,N23K    ,United States,1751325213.0,1751325216,-97.3957,32.9111,1066.8,False,77.86,133.93,0.0,,1089.66,,False,0,2025-06-30 23:13:37
ac3adf,SWA6310 ,United States,1751325216.0,1751325216,-115.1462,36.0812,,True,0.0,255.94,,,,,False,0,2025-06-30 23:13:37
adbdc1,ASA322  ,United States,1751325216.0,1751325216,-79.2406,36.4611,9364.98,False,227.92,55.02,-13.98,,9936.48,5605,False,0,2025-06-30 23:13:37
abc12a,SWA3467 ,United States,1751325207.0,1751325207,-101.3818,37.306,10972.8,False,253.06,77.91,5.53,,11498.58,,False,0,2025-06-30 23:13:37
a5c8d4,LFA458  ,United States,1751325216.0,1751325216,-81.2976,28.681,609.6,False,64.58,67.52,-1.63,,632.46,5552,False,0,2025-06-30 23:13:37
adbdc9,DAL3208 ,United States,1751325216.0,1751325216,-85.396,33.5863,4823.46,False,196.89,260.07,14.63,,5090.16,2007,False,0,2025-06-30 23:13:37
a708b0,AAL529  ,United States,1751325150.0,1751325193,-112.3551,36.862,10363.2,False,237.42,249.05,-0.33,,10934.7,3207,False,0,2025-06-30 23:13:37
a4a8f5,N4LM    ,United States,1751325205.0,1751325214,-111.9098,33.6274,6156.96,True,3.09,208.12,,,,0507,False,0,2025-06-30 23:13:37
a5c8bb,VTE3054 ,United States,1751325216.0,1751325216,-88.7873,38.7107,5394.96,False,208.76,190.51,-5.2,,5631.18,3166,False,0,2025-06-30 23:13:37
a6b07e,ASA822  ,United States,1751325216.0,1751325216,-122.7599,46.7831,3810.0,False,180.94,68.83,-2.6,,3985.26,,False,0,2025-06-30 23:13:37
aa76a8,SWA2185 ,United States,1751325217.0,1751325217,-77.0705,38.8994,312.42,False,71.43,128.27,-3.58,,297.18,3546,False,0,2025-06-30 23:13:37
abe79d,SWA2382 ,United States,1751325216.0,1751325217,-77.0305,39.7236,2324.1,False,143.74,174.25,-8.13,,2430.78,1424,False,0,2025-06-30 23:13:37
a2f2fa,UAL199  ,United States,1751325216.0,1751325217,-123.137,37.3429,11879.58,False,246.58,111.16,0.0,,12428.22,1402,False,0,2025-06-30 23:13:37
ad013b,N937SA  ,United States,1751325216.0,1751325216,-77.3704,39.3908,457.2,False,57.93,41.76,-0.65,,411.48,,False,0,2025-06-30 23:13:37
39d2ae,AFR137K ,France,1751325217.0,1751325217,-84.4707,44.7732,11452.86,False,295.75,49.94,2.6,,11917.68,6555,False,0,2025-06-30 23:13:37
adbe91,JBU190  ,United States,1751325216.0,1751325216,-110.5334,37.9418,10058.4,False,239.85,56.11,0.33,,10614.66,,False,0,2025-06-30 23:13:37
39d2ab,AFR159  ,France,1751325216.0,1751325216,-85.8738,41.5969,11887.2,False,282.02,43.45,-0.33,,12451.08,1356,False,0,2025-06-30 23:13:37
ac3b8e,N888AA  ,United States,1751325216.0,1751325216,-89.4708,41.9674,2872.74,False,140.5,88.32,-3.9,,2964.18,7455,False,0,2025-06-30 23:13:37
a4470e,HAL6    ,United States,1751325216.0,1751325216,-117.7527,34.5788,9928.86,False,221.82,68.08,-8.45,,10477.5,3625,False,0,2025-06-30 23:13:37
a9bb64,N726RY  ,United States,1751325217.0,1751325217,-81.7447,27.7192,7010.4,False,143.07,91.65,0.0,,7444.74,2112,False,0,2025-06-30 23:13:37
a06461,AAL1443 ,United States,1751325216.0,1751325217,-81.9831,29.2311,7597.14,False,242.9,175.99,-2.93,,8031.48,2567,False,0,2025-06-30 23:13:37
4b18a7,GLJ75IT ,Switzerland,1751325216.0,1751325216,-67.1204,42.3866,12496.8,False,266.2,63.98,0.0,,13083.54,7073,False,0,2025-06-30 23:13:37
a2074f,N23MW   ,United States,1751325209.0,1751325216,-87.403,45.1044,632.46,False,65.46,176.4,-0.65,,556.26,,False,0,2025-06-30 23:13:37
a44704,NJM375  ,United States,1751325216.0,1751325217,-84.1054,35.1449,13716.0,False,211.13,158.56,0.33,,14394.18,2572,False,0,2025-06-30 23:13:37
a06435,SKW5540 ,United States,1751325216.0,1751325217,-96.4904,32.3519,10363.2,False,225.4,181.44,-0.33,,11018.52,0553,False,0,2025-06-30 23:13:37
af9b68,GUMP32  ,United States,1751325217.0,1751325217,-86.4587,31.9391,213.36,False,61.73,180.0,0.33,,220.98,,False,0,2025-06-30 23:13:37
a96b65,FFT1756 ,United States,1751325216.0,1751325216,-116.6295,33.4387,7528.56,False,243.44,97.65,6.5,,7955.28,2050,False,0,2025-06-30 23:13:37
a8ae7f,DAL1873 ,United States,1751325213.0,1751325217,-84.4273,33.6387,,True,7.46,0.0,,,,7467,False,0,2025-06-30 23:13:37
39d2a8,AFR355J ,France,1751325216.0,1751325216,-73.0436,45.5837,11887.2,False,280.68,70.4,0.0,,12397.74,7437,False,0,2025-06-30 23:13:37
a96b5a,MTN7503 ,United States,1751325215.0,1751325215,-77.353,35.225,2148.84,False,117.79,310.93,5.2,,2232.66,,False,0,2025-06-30 23:13:37
a00df8,N102UV  ,United States,1751325085.0,1751325085,-79.9458,37.3427,464.82,False,41.64,297.2,-3.9,,441.96,,False,0,2025-06-30 23:13:37
a56742,N4472F  ,United States,1751325051.0,1751325216,-97.3384,33.3023,548.64,False,40.03,205.91,0.98,,533.4,,False,0,2025-06-30 23:13:37
a18421,,United States,1751325197.0,1751325197,-69.3093,44.4512,2446.02,False,100.84,230.38,0.65,,2529.84,,False,0,2025-06-30 23:13:37
39d2a4,AFR637X ,France,1751325217.0,1751325217,-80.0258,42.8707,11887.2,False,277.66,46.58,0.0,,12466.32,2777,False,0,2025-06-30 23:13:37
a935e0,PDT5814 ,United States,1751325216.0,1751325216,-80.959,35.1592,899.16,False,104.61,219.01,7.48,,922.02,,False,0,2025-06-30 23:13:37
a552fa,N442KP  ,United States,1751325217.0,1751325217,-111.8649,41.7811,1371.6,False,28.85,39.94,-1.95,,1386.84,,False,0,2025-06-30 23:13:37
a35aae,AAL1543 ,United States,1751325217.0,1751325217,-90.3601,41.9126,9144.0,False,206.15,266.57,-0.33,,9540.24,1340,False,0,2025-06-30 23:13:37
a17140,SKW3430 ,United States,1751325213.0,1751325213,-122.5985,45.5883,,True,6.69,118.12,,,,4055,False,0,2025-06-30 23:13:37
a1d44e,SWA1226 ,United States,1751325216.0,1751325216,-108.6789,43.1289,11582.4,False,215.28,312.0,-0.33,,12146.28,6475,False,0,2025-06-30 23:13:37
c00685,GLR2703 ,Canada,1751325216.0,1751325216,-123.382,48.6582,495.3,False,86.27,42.83,10.73,,510.54,,False,0,2025-06-30 23:13:37
a5b5fb,N4670G  ,United States,1751325174.0,1751325174,-84.7743,39.2705,274.32,False,36.03,189.87,-1.63,,236.22,,False,0,2025-06-30 23:13:37
a0faf3,AAL1456 ,United States,1751325217.0,1751325217,-103.7517,38.5933,10675.62,False,245.18,97.96,-0.33,,11254.74,6017,False,0,2025-06-30 23:13:37
a9bb22,N726PG  ,United States,1751325216.0,1751325217,-88.4458,34.7031,13098.78,False,217.98,96.5,-0.33,,13799.82,6302,False,0,2025-06-30 23:13:37
a43423,DAL731  ,United States,1751325213.0,1751325214,-84.4335,33.643,,True,1.54,70.31,,,,,False,0,2025-06-30 23:13:37
a9bb0c,NKS2472 ,United States,1751325216.0,1751325216,-75.7249,38.0801,10332.72,False,246.18,210.1,3.9,,10949.94,1737,False,0,2025-06-30 23:13:37
c00679,CRQ704  ,Canada,1751325216.0,1751325216,-73.5344,45.6298,952.5,False,99.57,193.75,0.0,,937.26,,False,0,2025-06-30 23:13:37
a35aa4,AAY293  ,United States,1751325216.0,1751325216,-120.843,38.8736,9921.24,False,250.55,52.42,4.23,,10393.68,1747,False,0,2025-06-30 23:13:37
a8ae3e,AAL1586 ,United States,1751325216.0,1751325216,-80.7956,34.1049,5166.36,False,203.49,176.96,0.33,,5471.16,,False,0,2025-06-30 23:13:37
aa75ef,UAL2328 ,United States,1751325217.0,1751325217,-95.8495,44.076,11582.4,False,218.44,273.1,0.0,,11971.02,2312,False,0,2025-06-30 23:13:37
a7e2af,EJA607  ,United States,1751325203.0,1751325212,-115.1701,36.082,,True,0.0,90.0,,,,,False,0,2025-06-30 23:13:37
a32756,CXK551  ,United States,1751325216.0,1751325216,-76.332,36.5822,1051.56,False,50.25,10.62,-0.98,,1089.66,1067,False,0,2025-06-30 23:13:37
a935ca,N6929U  ,United States,1751324961.0,1751325023,-87.9682,43.514,762.0,False,51.55,233.93,-3.58,,716.28,,False,0,2025-06-30 23:13:37
a5fde4,N48521  ,United States,1751325216.0,1751325216,-123.5594,45.5938,1341.12,False,45.33,242.27,0.65,,1409.7,,False,0,2025-06-30 23:13:37
c01970,ROU1993 ,Canada,1751325217.0,1751325217,-70.9362,45.6368,10972.8,False,211.66,267.35,0.0,,11483.34,,False,0,2025-06-30 23:13:37
a5b75d,N468AK  ,United States,1751325216.0,1751325216,-104.8797,38.9783,2453.64,False,25.6,202.44,0.33,,2598.42,,False,0,2025-06-30 23:13:37
ad38bf,DAL1871 ,United States,1751325217.0,1751325217,-80.3329,33.0857,1706.88,False,118.08,118.35,-7.48,,1798.32,3531,False,0,2025-06-30 23:13:37
aa6446,N769PK  ,United States,1751325122.0,1751325123,-100.2349,25.8688,426.72,False,42.38,213.11,-1.3,,426.72,,False,0,2025-06-30 23:13:37
a5b760,AAL1850 ,United States,1751325216.0,1751325216,-78.3812,42.7042,9745.98,False,227.92,306.09,-0.33,,10271.76,1311,False,0,2025-06-30 23:13:37
a1718e,AMF1557 ,United States,1751325216.0,1751325216,-72.1143,43.743,2133.6,False,105.05,142.96,-0.33,,2202.18,,False,0,2025-06-30 23:13:37
a12f07,UAL215  ,United States,1751325216.0,1751325216,-77.4562,38.9475,,True,3.86,109.69,,,,3304,False,0,2025-06-30 23:13:37
c01968,ROU1738 ,Canada,1751325217.0,1751325217,-94.8704,33.1746,10668.0,False,240.43,62.89,0.33,,11308.08,7467,False,0,2025-06-30 23:13:37
a12f09,UAL1794 ,United States,1751325216.0,1751325216,-101.433,32.8815,10668.0,False,237.58,123.07,0.0,,11308.08,6675,False,0,2025-06-30 23:13:37
ac3b32,SWA1005 ,United States,1751325216.0,1751325216,-90.0089,35.7435,11277.6,False,225.47,243.73,0.0,,11955.78,1564,False,0,2025-06-30 23:13:37
a1848c,N1970H  ,United States,1751325216.0,1751325216,-78.8173,36.1587,1661.16,False,63.6,350.69,-0.33,,1699.26,1075,False,0,2025-06-30 23:13:37
ab1b3e,UAL1133 ,United States,1751325011.0,1751325016,-78.2154,30.0815,10058.4,False,236.22,9.4,-0.33,,10568.94,6101,False,0,2025-06-30 23:13:37
a43458,FFT3508 ,United States,1751325216.0,1751325217,-84.459,33.3354,4175.76,False,176.3,144.5,13.66,,4396.74,2075,False,0,2025-06-30 23:13:37
aab2b7,N789HU  ,United States,1751325216.0,1751325216,-97.7562,35.3825,1897.38,False,135.79,120.26,-8.13,,1973.58,,False,0,2025-06-30 23:13:37
aa7757,SWA131  ,United States,1751325217.0,1751325217,-101.382,35.9015,12489.18,False,231.59,140.23,0.0,,13129.26,,False,0,2025-06-30 23:13:37
a8042c,N61531  ,United States,1751325217.0,1751325217,-122.7681,45.806,944.88,False,47.33,270.0,0.98,,967.74,,False,0,2025-06-30 23:13:37
a1d45a,RPA5707 ,United States,1751325216.0,1751325216,-81.0319,37.0224,10668.0,False,232.48,58.67,-0.33,,11308.08,2254,False,0,2025-06-30 23:13:37
a97da7,SKW6346 ,United States,1751325216.0,1751325216,-92.7937,34.5358,4640.58,False,179.81,250.27,11.05,,4869.18,,False,0,2025-06-30 23:13:37
aac5ec,SCX3024 ,United States,1751325216.0,1751325216,-120.9737,45.3414,6263.64,False,193.59,298.4,-10.73,,6591.3,4042,False,0,2025-06-30 23:13:37
a12f2a,UAL1728 ,United States,1751325216.0,1751325216,-89.1598,38.8471,10363.2,False,221.77,271.2,0.0,,10934.7,6547,False,0,2025-06-30 23:13:37
a339b1,DAL2646 ,United States,1751325139.0,1751325139,-87.9024,41.9714,,True,7.72,90.0,,,,,False,0,2025-06-30 23:13:37
a339aa,N307DM  ,United States,1751325215.0,1751325217,-122.9866,48.1367,3787.14,False,120.38,359.51,0.0,,3931.92,6632,False,0,2025-06-30 23:13:37
aa7734,SWA3168 ,United States,1751325216.0,1751325216,-94.2775,31.7945,11887.2,False,236.01,30.81,0.0,,12565.38,7017,False,0,2025-06-30 23:13:37
ac3b51,SWA2712 ,United States,1751325216.0,1751325216,-109.2367,35.5794,10972.8,False,240.07,210.52,-0.33,,11590.02,1420,False,0,2025-06-30 23:13:37
adbe2c,AMF7228 ,United States,1751325109.0,1751325215,-94.5616,31.9576,7010.4,False,133.72,32.59,0.0,,7414.26,7446,False,0,2025-06-30 23:13:37
a3bde1,LXJ340  ,United States,1751325217.0,1751325217,-117.4958,48.1348,4869.18,False,199.65,130.3,-14.31,,5105.4,,False,0,2025-06-30 23:13:37
a2919a,ASA23   ,United States,1751325216.0,1751325216,-118.4595,47.6428,10363.2,False,216.38,277.51,0.0,,10789.92,,False,0,2025-06-30 23:13:37
aab2dd,N789KG  ,United States,1751325217.0,1751325217,-97.8386,39.1377,11369.04,False,243.83,99.1,-7.48,,11925.3,,False,0,2025-06-30 23:13:37
ac4e92,WUP892  ,United States,1751325217.0,1751325217,-84.2819,39.0117,929.64,False,110.01,352.48,-0.98,,929.64,2272,False,0,2025-06-30 23:13:37
a4ddca,RPA9935 ,United States,1751325216.0,1751325216,-81.9611,37.5669,11887.2,False,229.88,72.01,0.33,,12573.0,1623,False,0,2025-06-30 23:13:37
aa7718,SWA2302 ,United States,1751325217.0,1751325217,-96.6579,33.0654,1219.2,False,132.42,235.45,0.33,,1264.92,5614,False,0,2025-06-30 23:13:37
adab31,AAL1043 ,United States,1751325217.0,1751325217,-96.306,33.4113,4069.08,False,173.26,229.21,-8.45,,4297.68,6754,False,0,2025-06-30 23:13:37
a1c16e,N212FA  ,United States,1751325212.0,1751325212,-118.4922,34.2194,,True,0.0,98.44,,,,,False,0,2025-06-30 23:13:37
ad12e0,SWA3309 ,United States,1751325217.0,1751325217,-91.7692,42.1752,11887.2,False,266.16,68.69,0.0,,12367.26,1025,False,0,2025-06-30 23:13:37
a12f6d,UAL1397 ,United States,1751325217.0,1751325217,-74.5628,40.7953,1524.0,False,143.47,47.62,0.0,,1569.72,6640,False,0,2025-06-30 23:13:37
a326c7,N302AG  ,United States,1751325212.0,1751325212,-77.4573,38.9384,,True,0.06,180.0,,,,,False,0,2025-06-30 23:13:37
a196f3,ENY3548 ,United States,1751325217.0,1751325217,-96.2194,32.6892,5494.02,False,202.8,94.51,8.78,,5814.06,3472,False,0,2025-06-30 23:13:37
ad159b,PDT5766 ,United States,1751325106.0,1751325106,-84.1851,30.8927,2964.18,False,159.1,166.73,-5.2,,3451.86,4220,False,0,2025-06-30 23:13:37
4b191c,SWR40   ,Switzerland,1751325217.0,1751325217,-116.2038,34.5671,8839.2,False,224.58,236.49,0.33,,9319.26,0677,False,0,2025-06-30 23:13:37
a35c0b,JBU2783 ,United States,1751325217.0,1751325217,-76.6636,42.8749,9144.0,False,211.62,255.36,0.33,,9616.44,1335,False,0,2025-06-30 23:13:37
4b191a,SWR38K  ,Switzerland,1751325216.0,1751325217,-122.2341,38.9745,10614.66,False,241.9,209.56,-9.75,,11125.2,6244,False,0,2025-06-30 23:13:37
a339e0,FFT3853 ,United States,1751325216.0,1751325216,-81.2908,28.8736,4960.62,False,230.47,356.16,12.03,,5234.94,7406,False,0,2025-06-30 23:13:37
abc292,AAL2153 ,United States,1751325216.0,1751325216,-82.6656,34.7038,10972.8,False,235.58,337.8,-0.33,,11628.12,5347,False,0,2025-06-30 23:13:37
a12f88,N176AS  ,United States,1751325215.0,1751325217,-100.8137,31.5147,1729.74,False,30.47,201.8,2.6,,1813.56,,False,0,2025-06-30 23:13:37
ab1d06,RPA5889 ,United States,1751325216.0,1751325217,-78.6687,37.3494,6256.02,False,206.23,290.29,4.55,,6621.78,,False,0,2025-06-30 23:13:37
a699b0,VOI3389 ,United States,1751325058.0,1751325060,-116.9508,32.5385,190.5,False,70.37,279.26,-2.93,,144.78,,False,0,2025-06-30 23:13:37
a7816a,DAL497  ,United States,1751325216.0,1751325216,-70.9478,42.4826,693.42,False,87.86,199.5,-4.23,,708.66,7363,False,0,2025-06-30 23:13:37
abc29a,DAL278  ,United States,1751325216.0,1751325216,-84.4083,33.6366,,True,5.4,90.0,,,,,False,0,2025-06-30 23:13:37
a4cc00,SKW835X ,United States,1751325216.0,1751325216,-121.9231,37.3625,,True,3.6,47.81,,,,1535,False,0,2025-06-30 23:13:37
11d17d,,Russian Federation,1751325007.0,1751325007,-121.4859,37.0196,1341.12,False,80.39,340.17,-6.5,,1310.64,,False,0,2025-06-30 23:13:37
a0fc0a,N1624K  ,United States,1751325216.0,1751325216,-71.2812,41.6999,2697.48,False,133.19,282.26,19.83,,2781.3,,False,0,2025-06-30 23:13:37
a196c8,SWA1287 ,United States,1751325172.0,1751325177,-88.4992,32.9704,11582.4,False,240.14,263.73,0.0,,12275.82,0071,False,0,2025-06-30 23:13:37
a96ae3,ASA1086 ,United States,1751325216.0,1751325216,-122.2758,47.6132,1760.22,False,141.72,66.69,11.05,,1821.18,,False,0,2025-06-30 23:13:37
a1e6b9,SWA2141 ,United States,1751325216.0,1751325216,-83.9212,36.2433,11887.2,False,225.65,155.77,-0.33,,12565.38,6715,False,0,2025-06-30 23:13:37
ab97c1,N846SP  ,United States,1751325216.0,1751325216,-118.1744,33.8234,213.36,False,40.55,305.71,0.65,,160.02,,False,0,2025-06-30 23:13:37
aac7b1,ENY3485 ,United States,1751325216.0,1751325216,-96.9804,32.6052,3390.9,False,162.83,165.92,12.68,,3604.26,6245,False,0,2025-06-30 23:13:37
a12f70,UAL1031 ,United States,1751325216.0,1751325216,-95.0398,30.0731,1287.78,False,113.4,162.3,-2.93,,1363.98,7523,False,0,2025-06-30 23:13:37
a12f72,UAL1743 ,United States,1751325217.0,1751325217,-96.7199,30.1715,6614.16,False,228.78,279.97,6.83,,7002.78,7270,False,0,2025-06-30 23:13:37
ac07b8,SWA3150 ,United States,1751324946.0,1751324946,-86.6799,36.1298,,True,9.77,16.88,,,,2455,False,0,2025-06-30 23:13:37
a459a4,N38HD   ,United States,1751325217.0,1751325217,-79.0853,37.0845,7620.0,False,198.71,2.08,0.0,,8039.1,,False,0,2025-06-30 23:13:37
adabfe,JBU1388 ,United States,1751325216.0,1751325216,-83.0868,37.5996,10668.0,False,237.94,82.92,-0.33,,11308.08,2065,False,0,2025-06-30 23:13:37
ab1d28,AAL1074 ,United States,1751325216.0,1751325216,-77.8357,33.925,10668.0,False,225.21,12.13,0.0,,11269.98,1457,False,0,2025-06-30 23:13:37
c03c6b,HRT370  ,Canada,1751325216.0,1751325216,-78.1312,45.0157,9182.1,False,202.13,284.14,-7.15,,9608.82,7260,False,0,2025-06-30 23:13:37
aafd17,AAL1233 ,United States,1751325216.0,1751325217,-78.7136,29.5331,11582.4,False,237.96,215.41,0.0,,12146.28,6540,False,0,2025-06-30 23:13:37
a170d9,AAY202  ,United States,1751325216.0,1751325217,-80.9199,28.8897,3627.12,False,184.09,115.49,13.33,,3825.24,1041,False,0,2025-06-30 23:13:37
a36f90,AAY116  ,United States,1751325216.0,1751325216,-121.7435,39.2303,11269.98,False,219.45,169.19,0.33,,11826.24,1653,False,0,2025-06-30 23:13:37
a36f7e,DAL642  ,United States,1751325217.0,1751325217,-103.7068,31.433,10370.82,False,239.44,325.59,0.65,,10988.04,5764,True,0,2025-06-30 23:13:37
a9cdc2,N73020  ,United States,1751325217.0,1751325217,-93.7176,41.7888,1371.6,False,39.93,14.93,-0.65,,1424.94,,False,0,2025-06-30 23:13:37
71bf82,KAL005  ,Republic of Korea,1751325217.0,1751325217,-115.1981,36.0086,2964.18,False,128.91,93.89,-2.93,,3108.96,,False,0,2025-06-30 23:13:37
a73dfe,JBU433  ,United States,1751325216.0,1751325216,-73.9068,24.8641,10668.0,False,209.71,132.61,0.0,,11239.5,,False,0,2025-06-30 23:13:37
ab1d2f,AAY1206 ,United States,1751325217.0,1751325217,-82.3135,33.3419,11437.62,False,238.99,318.14,4.55,,12100.56,4665,False,0,2025-06-30 23:13:37
a35c44,N31536  ,United States,1751325212.0,1751325212,-82.8118,41.6648,609.6,False,66.64,74.78,-0.65,,571.5,,False,0,2025-06-30 23:13:37
a7f762,NKS2787 ,United States,1751325216.0,1751325216,-81.2129,31.4835,10363.2,False,254.14,180.12,0.33,,10980.42,2267,False,0,2025-06-30 23:13:37
aafd1f,DAL108  ,United States,1751325216.0,1751325216,-84.4224,33.641,,True,4.63,177.19,,,,,False,0,2025-06-30 23:13:37
4caa9b,ITY603  ,Ireland,1751325216.0,1751325216,-68.6712,41.6795,11277.6,False,253.99,66.86,0.0,,11871.96,1173,False,0,2025-06-30 23:13:37
a6749f,N515GG  ,United States,1751325216.0,1751325217,-121.0129,38.7266,1859.28,False,71.91,33.92,0.65,,1912.62,4566,False,0,2025-06-30 23:13:37
a36f66,MDS320  ,United States,1751325217.0,1751325217,-87.1181,34.9786,5791.2,False,136.42,134.54,0.0,,6103.62,3616,False,0,2025-06-30 23:13:37
ad27ab,MTN7464 ,United States,1751325205.0,1751325205,-78.3579,40.3578,1836.42,False,69.86,223.81,0.0,,1889.76,4146,False,0,2025-06-30 23:13:37
abe7c5,SWA1382 ,United States,1751325216.0,1751325216,-93.5389,41.2519,10668.0,False,261.99,94.05,0.33,,11148.06,6040,False,0,2025-06-30 23:13:37
a050d8,,United States,1751325201.0,1751325202,-81.2361,29.5207,731.52,False,54.94,353.01,1.63,,762.0,,False,0,2025-06-30 23:13:37
a206f2,N23JC   ,United States,1751325207.0,1751325211,-121.1047,37.7956,952.5,False,67.76,131.92,1.95,,937.26,,False,0,2025-06-30 23:13:37
ad14a3,AAL2180 ,United States,1751325217.0,1751325217,-82.3914,33.4633,10972.8,False,240.76,277.49,0.0,,11628.12,7041,False,0,2025-06-30 23:13:37
a97dcb,DAL9950 ,United States,1751325216.0,1751325217,-83.552,37.5692,11795.76,False,231.66,140.41,3.9,,12473.94,5202,False,0,2025-06-30 23:13:37
a206fc,,United States,1751325127.0,1751325132,-117.273,33.1286,,True,0.0,53.44,,,,,False,0,2025-06-30 23:13:37
ab0a35,JRE810  ,United States,1751325217.0,1751325217,-83.5803,35.321,13411.2,False,199.04,347.01,-0.98,,14066.52,5641,False,0,2025-06-30 23:13:37
a816ca,FFT1085 ,United States,1751325150.0,1751325159,-112.0098,33.4331,,True,0.9,357.19,,,,1021,False,0,2025-06-30 23:13:37
abd536,SWA2235 ,United States,1751325216.0,1751325216,-116.8519,34.8471,7315.2,False,241.25,54.55,0.0,,7711.44,4762,False,0,2025-06-30 23:13:37
a949f6,N698RS  ,United States,1751325216.0,1751325216,-111.7082,33.1847,1600.2,False,118.86,271.24,-0.98,,1623.06,4306,False,0,2025-06-30 23:13:37
ab2eff,N82F    ,United States,1751325212.0,1751325212,-116.9728,32.6281,365.76,False,40.13,270.73,0.0,,320.04,,False,0,2025-06-30 23:13:37
ac086b,SWA3148 ,United States,1751325217.0,1751325217,-90.1021,41.5832,10805.16,False,200.07,278.13,5.85,,11308.08,7706,False,0,2025-06-30 23:13:37
aaa224,SWA2877 ,United States,1751325216.0,1751325216,-74.2938,42.3673,8839.2,False,233.38,96.2,0.33,,9304.02,6272,False,0,2025-06-30 23:13:37
a3ac7a,DAL1764 ,United States,1751325216.0,1751325217,-80.8972,31.8677,10972.8,False,251.6,187.4,0.0,,11582.4,3030,False,0,2025-06-30 23:13:37
a1c0ec,UCA4295 ,United States,1751325216.0,1751325216,-79.5152,37.2135,10957.56,False,181.53,230.17,2.6,,11597.64,1371,False,0,2025-06-30 23:13:37
a7f6b9,FFT4001 ,United States,1751325216.0,1751325216,-96.06,32.8006,9753.6,False,224.11,239.67,0.0,,10378.44,4140,False,0,2025-06-30 23:13:37
aafbd5,N80692  ,United States,1751325216.0,1751325216,-122.8411,47.6699,2529.84,False,48.0,210.96,0.0,,2628.9,,False,0,2025-06-30 23:13:37
a72c32,N561SA  ,United States,1751325216.0,1751325216,-88.5835,42.0475,1127.76,False,56.13,109.27,-2.6,,1127.76,,True,0,2025-06-30 23:13:37
ad6ec6,AAL1994 ,United States,1751325216.0,1751325216,-116.7184,33.5661,8839.2,False,239.17,86.42,0.0,,9334.5,2020,False,0,2025-06-30 23:13:37
a420af,UPS9843 ,United States,1751325216.0,1751325217,-123.15,45.3533,11894.82,False,222.77,179.34,0.0,,12390.12,3577,False,0,2025-06-30 23:13:37
a1c0e0,N2119V  ,United States,1751325181.0,1751325196,-116.116,44.0483,2743.2,False,70.0,7.18,0.33,,2865.12,,False,0,2025-06-30 23:13:37
a923a8,UAL1159 ,United States,1751325217.0,1751325217,-96.1543,29.9933,10363.2,False,235.65,328.84,0.0,,11010.9,5317,False,0,2025-06-30 23:13:37
abe872,SWA2353 ,United States,1751325217.0,1751325217,-91.5286,34.047,11277.6,False,252.4,52.45,-0.33,,11948.16,3604,False,0,2025-06-30 23:13:37
ad2862,AAL1461 ,United States,1751325216.0,1751325216,-86.323,42.2348,7193.28,False,267.82,87.25,5.85,,7490.46,6504,False,0,2025-06-30 23:13:37
ab1bf0,AAL2973 ,United States,1751325217.0,1751325217,-88.0566,35.3406,12489.18,False,253.14,71.27,0.0,,13182.6,2204,False,0,2025-06-30 23:13:37
0c2069,CMP445  ,Panama,1751325214.0,1751325215,-81.6468,25.2425,10668.0,False,248.14,139.54,0.0,,11254.74,0771,False,0,2025-06-30 23:13:37
aa64ca,AAL2962 ,United States,1751325217.0,1751325217,-87.031,39.4016,11269.98,False,245.04,117.37,0.0,,11894.82,7027,False,0,2025-06-30 23:13:37
a85f6f,N639CT  ,United States,1751325149.0,1751325185,-116.8665,32.6833,640.08,False,54.53,166.36,1.95,,601.98,,False,0,2025-06-30 23:13:37
a1c0d1,N2119E  ,United States,1751325216.0,1751325217,-72.7764,40.9747,769.62,False,50.95,78.35,2.6,,777.24,,False,0,2025-06-30 23:13:37
abd559,SWA205  ,United States,1751325216.0,1751325217,-104.6825,39.3531,5280.66,False,200.93,197.74,9.75,,5593.08,3232,False,0,2025-06-30 23:13:37
a540e2,AMX039  ,United States,1751325216.0,1751325216,-99.4181,26.335,12184.38,False,245.15,227.98,-0.33,,12923.52,3432,False,0,2025-06-30 23:13:37
aaa244,UAL2608 ,United States,1751325214.0,1751325214,-82.5297,37.396,10058.4,False,249.09,70.7,-0.33,,10668.0,2442,False,0,2025-06-30 23:13:37
aaa247,SWA4597 ,United States,1751325217.0,1751325217,-121.1084,36.1629,7719.06,False,226.59,322.19,-12.03,,8084.82,,False,0,2025-06-30 23:13:37
a446eb,,United States,1751325217.0,1751325217,-112.0072,33.433,,True,4.12,295.31,,,,,False,0,2025-06-30 23:13:37
a5ec61,ASA34   ,United States,1751325216.0,1751325216,-84.1113,44.4375,10668.0,False,249.63,97.58,0.0,,11132.82,2265,False,0,2025-06-30 23:13:37
ac3bf4,N888EC  ,United States,1751325216.0,1751325217,-85.6828,38.739,3055.62,False,86.39,341.24,0.33,,3139.44,4573,False,0,2025-06-30 23:13:37
ad6edb,N965BJ  ,United States,1751325217.0,1751325217,-120.2616,38.9974,2849.88,False,77.21,60.02,-0.65,,2979.42,1200,False,0,2025-06-30 23:13:37
abe892,SWA3410 ,United States,1751325216.0,1751325216,-108.8171,33.4116,11277.6,False,237.2,116.4,0.33,,11925.3,5224,False,0,2025-06-30 23:13:37
a7f6bf,N612FX  ,United States,1751325213.0,1751325216,-79.3754,30.0736,13716.0,False,231.86,258.09,0.0,,14310.36,2676,False,0,2025-06-30 23:13:37
47ae38,NBT31D  ,Norway,1751325217.0,1751325217,-101.0188,47.2509,11574.78,False,252.76,222.2,0.0,,12024.36,,False,0,2025-06-30 23:13:37
a4df52,AAL591  ,United States,1751325217.0,1751325217,-85.796,34.7437,10058.4,False,244.21,93.14,0.0,,10698.48,2565,False,0,2025-06-30 23:13:37
a3280a,VJA02   ,United States,1751325216.0,1751325216,-74.6379,40.7271,1211.58,False,125.72,30.76,-2.6,,1234.44,3556,False,0,2025-06-30 23:13:37
acf563,JSX909  ,United States,1751325217.0,1751325217,-116.62,33.396,3108.96,False,141.43,239.14,-8.78,,3261.36,2414,False,0,2025-06-30 23:13:37
acf54f,JBU100  ,United States,1751325216.0,1751325216,-82.5193,26.036,7993.38,False,217.59,120.08,-9.1,,8458.2,2755,False,0,2025-06-30 23:13:37
ab7270,AAL3299 ,United States,1751325216.0,1751325216,-85.1483,39.0291,9921.24,False,236.05,318.0,-4.88,,10515.6,2263,False,0,2025-06-30 23:13:37
a709e8,N5525H  ,United States,1751325217.0,1751325217,-84.2486,39.4399,480.06,False,39.87,109.6,2.93,,449.58,,False,0,2025-06-30 23:13:37
c03c02,WJA723  ,Canada,1751325216.0,1751325217,-83.5713,45.0527,10972.8,False,215.14,295.65,0.0,,11437.62,0502,False,0,2025-06-30 23:13:37
aaa267,UAL2243 ,United States,1751325145.0,1751325145,-87.9082,41.9792,,True,2.06,174.38,,,,1761,False,0,2025-06-30 23:13:37
ad1560,JBU324  ,United States,1751325216.0,1751325216,-111.249,34.646,10058.4,False,243.28,93.52,0.0,,10629.9,6732,False,0,2025-06-30 23:13:37
ac3beb,DAL1233 ,United States,1751325211.0,1751325216,-73.7865,40.6574,,True,0.0,300.94,,,,,False,0,2025-06-30 23:13:37
a6d6ae,N54MH   ,United States,1751325215.0,1751325215,-115.5041,38.4118,13106.4,False,228.92,264.58,0.0,,13769.34,,False,0,2025-06-30 23:13:37
abd57e,SWA3747 ,United States,1751325216.0,1751325216,-80.6144,35.3742,10972.8,False,221.69,8.68,0.0,,11620.5,7222,False,0,2025-06-30 23:13:37
a829e6,N625MC  ,United States,1751325217.0,1751325217,-118.3971,48.1434,6705.6,False,120.7,254.42,0.0,,7010.4,,False,0,2025-06-30 23:13:37
a72c10,EJA561  ,United States,1751325217.0,1751325217,-104.1516,39.6687,12428.22,False,218.64,288.52,-5.2,,13045.44,6004,False,0,2025-06-30 23:13:37
abd59a,SWA4438 ,United States,1751325216.0,1751325217,-108.9402,33.807,12192.0,False,222.5,309.65,0.0,,12870.18,7427,False,0,2025-06-30 23:13:37
3c66c2,DLH4J   ,Germany,1751325072.0,1751325072,-73.745,45.465,,True,5.14,267.19,,,,2510,False,0,2025-06-30 23:13:37
c03c04,WJA1589 ,Canada,1751325216.0,1751325216,-90.7314,42.1024,11833.86,False,190.62,266.91,4.23,,12344.4,1355,False,0,2025-06-30 23:13:37
adbeed,NKS2491 ,United States,1751325216.0,1751325216,-80.8907,32.6168,11879.58,False,218.79,26.69,0.33,,12557.76,2336,False,0,2025-06-30 23:13:37
ac926b,WUP909  ,United States,1751325216.0,1751325217,-106.3467,40.9751,8823.96,False,270.05,131.52,-5.53,,9326.88,,False,0,2025-06-30 23:13:37
aaa28d,SWA2962 ,United States,1751325125.0,1751325166,-117.5345,47.6258,,True,0.0,230.62,,,,,False,0,2025-06-30 23:13:37
a85f29,UAL1791 ,United States,1751325216.0,1751325216,-113.8378,41.0511,10058.4,False,247.75,77.41,0.33,,10576.56,,False,0,2025-06-30 23:13:37
a18558,N1976B  ,United States,1751325217.0,1751325217,-122.3131,47.5285,182.88,False,57.45,141.18,-0.98,,152.4,,False,0,2025-06-30 23:13:37
a29212,FDX1207 ,United States,1751325216.0,1751325216,-122.2191,37.7163,,True,0.0,137.81,,,,,False,0,2025-06-30 23:13:37
a0b550,AAL1878 ,United States,1751325134.0,1751325206,-74.1677,40.6987,,True,0.0,5.62,,,,,False,0,2025-06-30 23:13:37
ad00e3,AAL1363 ,United States,1751325216.0,1751325216,-91.881,36.9117,10972.8,False,215.82,186.29,0.0,,11605.26,1155,False,0,2025-06-30 23:13:37
a32867,SKW3770 ,United States,1751325216.0,1751325216,-123.0908,44.3625,10058.4,False,205.37,178.13,0.0,,10492.74,4603,False,0,2025-06-30 23:13:37
ac90f3,DAL732  ,United States,1751325217.0,1751325217,-84.9146,42.4389,7292.34,False,214.89,283.0,4.55,,7604.76,,False,0,2025-06-30 23:13:37
ace0cf,NKS2162 ,United States,1751325215.0,1751325215,-82.534,27.9857,,True,3.86,272.81,,,,,False,0,2025-06-30 23:13:37
a0fbb7,UAL2040 ,United States,1751325216.0,1751325217,-86.8756,42.5194,4716.78,False,144.21,249.75,-4.23,,4884.42,2437,False,0,2025-06-30 23:13:37
adac5d,AAL2465 ,United States,1751325217.0,1751325217,-105.4236,31.2667,11277.6,False,239.11,127.04,0.33,,11948.16,7220,False,0,2025-06-30 23:13:37
adac5a,NKS2533 ,United States,1751325216.0,1751325216,-74.3085,38.7809,8465.82,False,262.11,109.25,4.55,,8968.74,6541,False,0,2025-06-30 23:13:37
a36eae,DAL1075 ,United States,1751325216.0,1751325216,-70.9892,41.9134,3345.18,False,137.83,59.99,-3.58,,3489.96,3563,False,0,2025-06-30 23:13:37
a24ef7,AAY2248 ,United States,1751325216.0,1751325216,-84.4028,32.0383,10668.0,False,241.31,179.02,0.0,,11323.32,4313,False,0,2025-06-30 23:13:37
a3bebd,EJA340  ,United States,1751325216.0,1751325216,-79.7415,36.6176,6705.6,False,189.69,198.83,0.33,,7101.84,,False,0,2025-06-30 23:13:37
ace0d2,AAL1766 ,United States,1751325216.0,1751325216,-78.9409,35.0741,10972.8,False,245.26,243.86,0.0,,11612.88,7235,False,0,2025-06-30 23:13:37
a18539,N1975F  ,United States,1751325215.0,1751325215,-84.762,39.2748,342.9,False,33.02,288.15,-3.25,,304.8,,False,0,2025-06-30 23:13:37
a0653f,N1242U  ,United States,1751325185.0,1751325215,-88.9888,42.617,548.64,False,41.88,232.99,-0.33,,510.54,,False,0,2025-06-30 23:13:37
a96c72,SKW6314 ,United States,1751325216.0,1751325217,-84.8016,38.2638,3390.9,False,169.08,320.06,8.13,,3528.06,6733,False,0,2025-06-30 23:13:37
a12ee7,UAL1206 ,United States,1751325216.0,1751325216,-74.8912,40.2651,2575.56,False,155.1,47.42,-8.45,,2682.24,6750,False,0,2025-06-30 23:13:37
a32844,ENY4113 ,United States,1751325217.0,1751325217,-94.6868,33.5675,8229.6,False,248.38,68.11,-0.65,,8717.28,3452,False,0,2025-06-30 23:13:37
a923ef,UAL1983 ,United States,1751325216.0,1751325217,-96.0303,42.1869,10363.2,False,210.08,272.39,0.0,,10782.3,6206,False,0,2025-06-30 23:13:37
a12ee0,UAL1884 ,United States,1751325217.0,1751325217,-101.9795,37.7351,10363.2,False,225.61,308.33,0.0,,10934.7,3773,False,0,2025-06-30 23:13:37
ac0818,SWA824  ,United States,1751325216.0,1751325216,-121.9963,37.1983,1470.66,False,122.77,83.26,-0.33,,1493.52,2711,False,0,2025-06-30 23:13:37
a9bc60,N7261Q  ,United States,1751325216.0,1751325216,-97.2492,38.8972,632.46,False,48.9,181.81,0.0,,647.7,,False,0,2025-06-30 23:13:37
a9bc68,N7261Y  ,United States,1751325216.0,1751325216,-112.0702,33.8026,1379.22,False,55.58,187.98,-0.33,,1348.74,6167,False,0,2025-06-30 23:13:37
a8af9d,QXE2192 ,United States,1751325217.0,1751325217,-123.7396,47.9778,10187.94,False,208.82,298.71,3.25,,10546.08,3511,False,0,2025-06-30 23:13:37
a12edc,N1755W  ,United States,1751325216.0,1751325217,-84.9542,43.3954,2316.48,False,95.24,188.7,-3.25,,2316.48,,False,0,2025-06-30 23:13:37
abe80e,SWA1452 ,United States,1751325215.0,1751325216,-79.9322,33.204,1584.96,False,140.9,234.51,-7.15,,1668.78,2310,False,0,2025-06-30 23:13:37
a923cd,UAL1136 ,United States,1751325216.0,1751325216,-98.5878,33.7393,10370.82,False,228.78,298.18,0.65,,11003.28,1227,False,0,2025-06-30 23:13:37
a923cf,UAL2127 ,United States,1751325217.0,1751325217,-81.573,35.2527,10668.0,False,232.22,53.1,0.0,,11308.08,1125,False,0,2025-06-30 23:13:37
a30246,SKW4145 ,United States,1751325216.0,1751325217,-121.65,47.8832,5311.14,False,176.62,275.01,-5.53,,5547.36,4601,False,0,2025-06-30 23:13:37
c00794,CRQ928  ,Canada,1751325216.0,1751325217,-73.8045,45.6495,1440.18,False,137.52,99.04,-8.13,,1440.18,,False,0,2025-06-30 23:13:37
a660dc,N51UD   ,United States,1751325114.0,1751325114,-92.1067,42.2734,1066.8,False,64.62,142.77,0.0,,1066.8,,False,0,2025-06-30 23:13:37
a17277,N19234  ,United States,1751325216.0,1751325216,-122.0967,47.6215,784.86,False,51.94,73.9,1.95,,792.48,,False,0,2025-06-30 23:13:37
ab8537,SCX657  ,United States,1751325215.0,1751325216,-101.5717,41.373,9753.6,False,221.22,255.87,0.0,,10241.28,3630,False,0,2025-06-30 23:13:37
a9bc12,RPA3542 ,United States,1751325217.0,1751325217,-87.9146,41.9716,,True,7.2,132.19,,,,,False,0,2025-06-30 23:13:37
a7d0c5,N602XL  ,United States,1751325217.0,1751325217,-96.5618,40.8411,1059.18,False,59.32,223.24,-0.98,,1082.04,,False,0,2025-06-30 23:13:37
a96c2e,JIA5202 ,United States,1751325216.0,1751325216,-84.4412,33.6422,,True,5.92,180.0,,,,0651,False,0,2025-06-30 23:13:37
abe82c,SWA257  ,United States,1751325216.0,1751325216,-84.0016,38.8331,10972.8,False,226.88,269.48,0.33,,11597.64,2134,False,0,2025-06-30 23:13:37
a8af5f,NKS2011 ,United States,1751325216.0,1751325216,-81.5658,36.7486,10972.8,False,239.21,201.71,0.0,,11628.12,4714,False,0,2025-06-30 23:13:37
a793fd,DAL791  ,United States,1751325217.0,1751325217,-80.2333,42.1582,10668.0,False,262.61,87.53,0.65,,11254.74,3535,False,0,2025-06-30 23:13:37
c03af2,WJA1618 ,Canada,1751325217.0,1751325217,-83.8108,38.9986,11277.6,False,241.13,94.9,0.0,,11917.68,1447,False,0,2025-06-30 23:13:37
a4350c,DAL2047 ,United States,1751325217.0,1751325217,-77.4647,42.4403,6263.64,False,195.54,181.36,12.68,,6560.82,7446,False,0,2025-06-30 23:13:37
ab8553,UAL768  ,United States,1751325217.0,1751325217,-93.2751,41.5205,9159.24,False,196.52,269.55,0.0,,9547.86,6613,False,0,2025-06-30 23:13:37
a66239,JBU1501 ,United States,1751325211.0,1751325216,-73.7821,40.6326,,True,0.0,300.94,,,,,False,0,2025-06-30 23:13:37
a60bcb,UAL481  ,United States,1751325216.0,1751325216,-81.1519,46.5024,9128.76,False,208.4,268.73,0.0,,9502.14,1310,False,0,2025-06-30 23:13:37
ac4f4c,SWA339  ,United States,1751325216.0,1751325216,-76.9872,38.4879,4023.36,False,190.83,35.23,-9.1,,4244.34,2045,False,0,2025-06-30 23:13:37
aa5237,AAL677  ,United States,1751325216.0,1751325216,-93.7778,43.9977,10652.76,False,260.9,116.97,0.33,,10972.8,3573,False,0,2025-06-30 23:13:37
a96ba2,JBU1287 ,United States,1751325216.0,1751325216,-81.207,33.6273,10363.2,False,238.78,171.45,0.0,,10980.42,1413,False,0,2025-06-30 23:13:37
a2928e,N265LD  ,United States,1751325217.0,1751325217,-117.2921,32.949,1082.04,False,47.02,342.16,0.0,,1059.18,,False,0,2025-06-30 23:13:37
aab3ab,SJE78   ,United States,1751325101.0,1751325101,-118.4976,34.219,,True,0.45,261.56,,,,6764,False,0,2025-06-30 23:13:37
a5a553,LXJ463  ,United States,1751325060.0,1751325060,-96.8931,40.7283,1280.16,False,127.46,80.01,-5.2,,1455.42,7654,False,0,2025-06-30 23:13:37
a5fef4,ASA357  ,United States,1751325216.0,1751325216,-102.8465,42.8096,10058.4,False,244.11,116.13,0.33,,10546.08,,False,0,2025-06-30 23:13:37
ac4f74,N8922V  ,United States,1751325216.0,1751325216,-82.6964,27.8932,144.78,False,30.92,225.67,3.9,,175.26,0160,False,0,2025-06-30 23:13:37
a54267,N438SA  ,United States,1751325216.0,1751325216,-99.4807,31.7141,2499.36,False,71.05,79.99,-4.23,,2606.04,3053,False,0,2025-06-30 23:13:37
abd3a3,N861MB  ,United States,1751325156.0,1751325156,-112.0591,33.4634,,True,0.51,329.06,,,,0100,False,0,2025-06-30 23:13:37
a2e23f,CXK254  ,United States,1751325216.0,1751325216,-117.9197,34.0911,1295.4,False,51.51,140.27,0.0,,1303.02,1200,False,0,2025-06-30 23:13:37
ab83e8,DAL1656 ,United States,1751325217.0,1751325217,-86.2626,37.2749,10668.0,False,246.88,97.3,0.0,,11300.46,5413,False,0,2025-06-30 23:13:37
aa7881,N774GH  ,United States,1751325144.0,1751325210,-115.5,42.7527,13106.4,False,222.03,295.97,0.0,,13716.0,,False,0,2025-06-30 23:13:37
a84bd9,N6334V  ,United States,1751325216.0,1751325217,-122.8731,45.9811,1600.2,False,50.63,354.75,1.63,,1661.16,,False,0,2025-06-30 23:13:37
a84bbd,N63332  ,United States,1751325216.0,1751325217,-97.4353,32.9259,792.48,False,40.67,108.43,0.0,,777.24,,False,0,2025-06-30 23:13:37
ac4f6f,SWA1094 ,United States,1751325217.0,1751325217,-81.2799,33.3652,11887.2,False,224.37,1.45,0.0,,12565.38,1335,False,0,2025-06-30 23:13:37
a0b59d,DAL2109 ,United States,1751325214.0,1751325214,-73.8624,40.7697,,True,0.0,45.0,,,,,False,0,2025-06-30 23:13:37
a6d88b,GJS4443 ,United States,1751325213.0,1751325213,-74.1637,40.6998,,True,3.6,137.81,,,,,False,0,2025-06-30 23:13:37
ab83f8,N841ED  ,United States,1751325217.0,1751325217,-84.5974,33.2743,1211.58,False,55.13,176.79,0.98,,1242.06,1200,False,0,2025-06-30 23:13:37
ad5c30,ASA1046 ,United States,1751325216.0,1751325217,-122.9091,43.3353,11277.6,False,218.16,178.92,0.0,,11772.9,3570,False,0,2025-06-30 23:13:37
ad5c33,AAL1724 ,United States,1751325216.0,1751325216,-80.7518,43.0485,7315.2,False,178.46,274.13,0.0,,7650.48,3527,False,0,2025-06-30 23:13:37
a35bee,N3151Q  ,United States,1751325216.0,1751325216,-121.3316,40.0644,2567.94,False,59.87,199.06,1.63,,2628.9,,False,0,2025-06-30 23:13:37
a6d87f,LXJ540  ,United States,1751325216.0,1751325216,-119.7886,37.578,9448.8,False,223.57,175.12,0.0,,9913.62,3626,False,0,2025-06-30 23:13:37
ad5c38,DAL1325 ,United States,1751325216.0,1751325217,-86.2634,35.5428,10050.78,False,234.2,150.96,0.0,,10698.48,0011,False,0,2025-06-30 23:13:37
abe6f4,N866US  ,United States,1751325023.0,1751325024,-111.8768,41.9152,2461.26,False,60.97,206.57,-0.65,,2575.56,,False,0,2025-06-30 23:13:37
ac90a0,PDT5788 ,United States,1751325217.0,1751325217,-79.3665,35.5127,7833.36,False,181.58,70.64,7.15,,8305.8,,False,0,2025-06-30 23:13:37
ac90a7,AAL1823 ,United States,1751325216.0,1751325217,-80.9778,35.3462,899.16,False,88.7,176.01,-4.55,,929.64,4177,False,0,2025-06-30 23:13:37
abd3c7,AAL2798 ,United States,1751325217.0,1751325217,-92.6871,34.7526,10828.02,False,251.75,45.83,4.88,,11475.72,2310,False,0,2025-06-30 23:13:37
a197d0,SGX201  ,United States,1751325217.0,1751325217,-74.252,40.7338,1783.08,False,135.55,186.1,7.8,,1836.42,2740,False,0,2025-06-30 23:13:37
4caa41,EIN6PE  ,Ireland,1751325216.0,1751325217,-105.4752,44.2729,11582.4,False,235.87,220.05,0.0,,12131.04,,False,0,2025-06-30 23:13:37
c00727,CRQ905  ,Canada,1751325215.0,1751325216,-75.7419,46.604,6004.56,False,91.51,318.87,1.95,,6210.3,,False,0,2025-06-30 23:13:37
a4ded6,N41265  ,United States,1751325216.0,1751325216,-95.8538,41.0863,518.16,False,50.72,306.75,-2.28,,518.16,,False,0,2025-06-30 23:13:37
a077f4,N1293T  ,United States,1751325216.0,1751325216,-80.258,26.0223,152.4,False,51.96,270.57,-0.33,,190.5,,False,0,2025-06-30 23:13:37
abc0c1,SWA1483 ,United States,1751325217.0,1751325217,-89.9324,40.0033,11277.6,False,239.74,119.15,0.0,,11856.72,3531,False,0,2025-06-30 23:13:37
a67535,,United States,1751325166.0,1751325167,-85.9578,39.5913,929.64,False,72.43,69.63,0.0,,929.64,,False,0,2025-06-30 23:13:37
a197d6,N201XQ  ,United States,1751325204.0,1751325210,-119.9889,36.9657,2331.72,False,76.37,144.6,-0.33,,2400.3,3217,False,0,2025-06-30 23:13:37
aa0ec5,N747YV  ,United States,1751325052.0,1751325052,-118.4486,34.0194,,True,0.32,140.62,,,,,False,0,2025-06-30 23:13:37
abd3e6,,United States,1751325045.0,1751325046,-86.8055,40.2116,1287.78,False,43.78,19.93,2.6,,1303.02,,False,0,2025-06-30 23:13:37
aa0ec7,RPA3659 ,United States,1751325216.0,1751325216,-83.2757,45.8997,9144.0,False,205.48,238.62,0.65,,9471.66,,False,0,2025-06-30 23:13:37
a7951e,N588RG  ,United States,1751325217.0,1751325217,-84.2764,43.6572,2788.92,False,90.46,166.52,0.0,,2827.02,,False,0,2025-06-30 23:13:37
a66217,N510GT  ,United States,1751325217.0,1751325217,-105.4234,40.7275,13716.0,False,259.67,140.95,0.0,,14333.22,4040,False,0,2025-06-30 23:13:37
adbf87,WUP985  ,United States,1751325217.0,1751325217,-82.992,41.4809,14325.6,False,274.01,76.54,0.0,,14897.1,1473,False,0,2025-06-30 23:13:37
abc0e4,SWA2220 ,United States,1751325216.0,1751325216,-105.741,32.0464,12192.0,False,225.29,258.41,0.0,,12885.42,5060,False,0,2025-06-30 23:13:37
a11d18,N171CB  ,United States,1751325216.0,1751325216,-121.1726,37.4062,2019.3,False,68.04,290.35,0.0,,2065.02,,False,0,2025-06-30 23:13:37
