icao24,callsign,origin_country,time_position,last_contact,longitude,latitude,baro_altitude,on_ground,velocity,heading,vertical_rate,squawk,spi,position_source,category,other,timestamp
c07d0b,CGVJE   ,Canada,1751325441.0,1751325441,-74.5604,45.0701,403.86,False,50.25,132.51,0.33,,342.9,,False,0,2025-06-30 23:19:04
a5f852,RTY484  ,United States,1751325543.0,1751325543,-104.3012,40.8231,2232.66,False,62.99,30.96,-1.63,,2331.72,,False,0,2025-06-30 23:19:04
a3b87f,DAL1765 ,United States,1751325543.0,1751325544,-94.0151,42.6026,10668.0,False,266.21,92.44,0.0,,11087.1,4330,False,0,2025-06-30 23:19:04
aaf633,UAL1208 ,United States,1751325543.0,1751325543,-113.162,40.6955,10980.42,False,225.83,263.33,-0.33,,11551.92,0466,False,0,2025-06-30 23:19:04
a5f845,N484JH  ,United States,1751325499.0,1751325533,-89.2645,33.103,10363.2,False,184.38,201.27,0.0,,11003.28,0124,False,0,2025-06-30 23:19:04
ac4963,DAL675  ,United States,1751325544.0,1751325544,-102.1323,41.1239,10058.4,False,254.16,127.68,-0.33,,10568.94,,False,0,2025-06-30 23:19:04
aae316,AAL3201 ,United States,1751325543.0,1751325543,-112.789,36.9601,10972.8,False,232.74,233.36,0.0,,11582.4,6776,False,0,2025-06-30 23:19:04
a36898,DAL1378 ,United States,1751325543.0,1751325543,-83.8251,39.9981,9029.7,False,226.98,342.59,-4.88,,9532.62,3662,False,0,2025-06-30 23:19:04
acdfa3,ASA535  ,United States,1751325544.0,1751325544,-107.1361,41.8028,10363.2,False,229.61,296.91,0.0,,10919.46,1474,False,0,2025-06-30 23:19:04
a5954e,UAL1612 ,United States,1751325543.0,1751325543,-87.2014,42.4306,2156.46,False,140.47,249.64,0.0,,2209.8,4106,False,0,2025-06-30 23:19:04
a23563,N241TD  ,United States,1751325544.0,1751325544,-118.323,33.8067,586.74,False,39.1,122.64,3.58,,548.64,,False,0,2025-06-30 23:19:04
abacb6,SCX9026 ,United States,1751325544.0,1751325544,-83.7435,31.261,12192.0,False,218.35,346.09,0.0,,12854.94,6055,False,0,2025-06-30 23:19:04
a3a587,N334JV  ,United States,1751325474.0,1751325474,-84.3979,40.425,754.38,False,86.72,75.22,0.0,,708.66,,False,0,2025-06-30 23:19:04
a6aec4,N53HA   ,United States,1751325542.0,1751325543,-101.4955,39.078,10370.82,False,209.38,261.95,-4.55,,10911.84,,False,0,2025-06-30 23:19:04
a22248,N2368P  ,United States,1751325543.0,1751325543,-80.9657,29.157,121.92,False,19.1,152.74,0.65,,152.4,,False,0,2025-06-30 23:19:04
acdfab,DAL2379 ,United States,1751325543.0,1751325543,-84.3015,33.6497,784.86,False,91.57,270.0,-4.23,,822.96,5234,False,0,2025-06-30 23:19:04
a3685d,JANET15 ,United States,1751325505.0,1751325505,-115.8666,36.4549,4945.38,False,198.58,307.32,-0.98,,5234.94,,False,0,2025-06-30 23:19:04
a2ded8,SWA3931 ,United States,1751325304.0,1751325308,-104.66,39.8695,1600.2,False,78.21,181.13,-1.63,,1684.02,4102,False,0,2025-06-30 23:19:04
aae32c,N800PK  ,United States,1751325539.0,1751325541,-101.0624,38.8484,8221.98,False,149.23,114.0,0.0,,8663.94,,False,0,2025-06-30 23:19:04
a2355d,SKW3632 ,United States,1751325544.0,1751325544,-118.6322,34.0264,2926.08,False,145.3,97.53,-7.48,,3040.38,5057,False,0,2025-06-30 23:19:04
a72533,N56GM   ,United States,1751325543.0,1751325543,-90.3583,33.1919,7620.0,False,148.48,14.04,0.0,,8077.2,7235,False,0,2025-06-30 23:19:04
adeca5,AAL1522 ,United States,1751325543.0,1751325543,-81.0803,35.3803,1790.7,False,127.67,354.45,-3.25,,1874.52,1617,False,0,2025-06-30 23:19:04
a2228b,ASA266  ,United States,1751325543.0,1751325543,-123.9963,48.3802,10668.0,False,236.05,145.03,0.0,,11049.0,3431,False,0,2025-06-30 23:19:04
aad012,UAL880  ,United States,1751325543.0,1751325543,-93.3712,33.1215,10058.4,False,269.18,36.06,0.0,,10668.0,4045,False,0,2025-06-30 23:19:04
abacd2,UAL624  ,United States,1751325543.0,1751325543,-102.697,37.033,11277.6,False,237.76,352.29,0.33,,11879.58,1456,False,0,2025-06-30 23:19:04
ab0361,AAL1826 ,United States,1751325543.0,1751325544,-89.8876,41.9168,9921.24,False,200.06,204.46,5.53,,10347.96,3173,False,0,2025-06-30 23:19:04
abf008,SWA4541 ,United States,1751325543.0,1751325543,-89.1658,41.1747,3947.16,False,198.79,85.1,-10.08,,4091.94,3020,False,0,2025-06-30 23:19:04
a3426d,SFE2    ,United States,1751325500.0,1751325500,-98.1757,30.7511,495.3,False,31.43,68.9,5.53,,480.06,,False,0,2025-06-30 23:19:04
a4d838,DAL134  ,United States,1751325544.0,1751325544,-75.728,44.6112,11277.6,False,264.26,66.48,0.0,,11826.24,5724,True,0,2025-06-30 23:19:04
accccd,N9238P  ,United States,1751325540.0,1751325540,-121.0412,38.0117,1188.72,False,69.09,211.91,-2.93,,1196.34,,False,0,2025-06-30 23:19:04
ac234f,UAL2621 ,United States,1751325543.0,1751325543,-89.5989,34.9389,10965.18,False,230.62,221.84,-0.33,,11635.74,0535,False,0,2025-06-30 23:19:04
a35592,JBU1880 ,United States,1751325543.0,1751325543,-77.2189,38.9133,922.02,False,133.16,315.94,-0.65,,937.26,2305,False,0,2025-06-30 23:19:04
ac101f,SWA1905 ,United States,1751325543.0,1751325544,-118.2207,33.9705,914.4,False,98.46,263.1,-5.2,,906.78,3253,True,0,2025-06-30 23:19:04
a39bfa,UAL8197 ,United States,1751325543.0,1751325544,-86.5309,42.5311,11582.4,False,207.35,269.0,0.0,,12085.32,2216,False,0,2025-06-30 23:19:04
ae5000,SHWK424 ,United States,1751325543.0,1751325543,-117.1116,32.5653,83.82,False,33.09,281.66,-12.03,,38.1,,False,0,2025-06-30 23:19:04
ac3688,SWA2840 ,United States,1751325542.0,1751325543,-99.9878,38.2114,10668.0,False,253.77,116.1,0.0,,11254.74,,False,0,2025-06-30 23:19:04
a59529,N459SP  ,United States,1751325544.0,1751325544,-95.931,32.8869,1280.16,False,35.79,251.57,-5.85,,1333.5,1200,False,0,2025-06-30 23:19:04
a4755c,N387AS  ,United States,1751325260.0,1751325260,-97.4896,37.8024,1463.04,False,127.14,103.81,-8.78,,2179.32,,False,0,2025-06-30 23:19:04
a1abfc,N20693  ,United States,1751325453.0,1751325454,-89.0258,44.3017,731.52,False,41.88,322.99,-3.9,,670.56,,False,0,2025-06-30 23:19:04
a3689e,DAL381  ,United States,1751325544.0,1751325544,-98.5933,30.6998,5638.8,False,195.11,115.96,-10.08,,5974.08,1773,False,0,2025-06-30 23:19:04
ac1042,SWA1994 ,United States,1751325543.0,1751325543,-92.6934,29.9987,11887.2,False,234.06,106.6,0.0,,12603.48,7332,False,0,2025-06-30 23:19:04
e8027a,LAN502  ,Chile,1751325544.0,1751325544,-80.6033,25.752,1363.98,False,132.93,52.86,-6.83,,1470.66,,False,0,2025-06-30 23:19:04
ad5672,N959DS  ,United States,1751325537.0,1751325544,-90.9813,33.6086,594.36,False,39.11,181.51,0.65,,609.6,7045,False,0,2025-06-30 23:19:04
aa8075,ENY3501 ,United States,1751325544.0,1751325544,-90.0248,38.5807,9144.0,False,220.22,218.93,-0.33,,9669.78,6203,False,0,2025-06-30 23:19:04
adda1e,AAL2892 ,United States,1751325544.0,1751325544,-107.7092,32.1255,11277.6,False,248.05,103.92,0.0,,11940.54,6022,False,0,2025-06-30 23:19:04
ae74e1,ZEUS22  ,United States,1751325370.0,1751325371,-78.7725,35.8666,152.4,False,19.28,316.08,-2.6,,129.54,,False,0,2025-06-30 23:19:04
adda23,DAL2480 ,United States,1751325543.0,1751325543,-84.3787,41.3512,6400.8,False,202.41,340.55,0.0,,6697.98,2170,False,0,2025-06-30 23:19:04
aae1ea,AAL175  ,United States,1751325543.0,1751325544,-119.3449,44.5672,10972.8,False,247.52,299.92,-0.33,,11490.96,2212,False,0,2025-06-30 23:19:04
a95251,N70BC   ,United States,1751325532.0,1751325535,-79.8679,37.4003,1059.18,False,88.21,234.73,-2.6,,1089.66,,False,0,2025-06-30 23:19:04
aded77,JBU1052 ,United States,1751325544.0,1751325544,-77.751,33.3333,10652.76,False,225.31,3.8,0.0,,11239.5,7310,True,0,2025-06-30 23:19:04
ae0d91,R24648  ,United States,1751325433.0,1751325433,-78.9276,35.1325,60.96,False,11.93,262.57,-2.6,,68.58,,False,0,2025-06-30 23:19:04
ad41cd,SWA2366 ,United States,1751325543.0,1751325543,-92.1499,31.506,12192.0,False,229.81,275.01,-0.33,,12900.66,1076,False,0,2025-06-30 23:19:04
a127bb,UAL1759 ,United States,1751325324.0,1751325324,-108.3495,42.87,10972.8,False,224.74,309.52,0.33,,11544.3,3204,False,0,2025-06-30 23:19:04
e80244,LPE2482 ,Chile,1751325505.0,1751325520,-82.2093,25.0789,10972.8,False,230.58,307.2,-0.33,,11567.16,,False,0,2025-06-30 23:19:04
ad8a80,N97154  ,United States,1751325544.0,1751325544,-117.2825,33.1454,457.2,False,51.44,73.74,0.0,,411.48,,False,0,2025-06-30 23:19:04
a52bfb,EJA432  ,United States,1751325543.0,1751325544,-122.2235,43.4516,10759.44,False,233.69,344.16,-15.28,,11239.5,1357,False,0,2025-06-30 23:19:04
ac491d,DAL1739 ,United States,1751325543.0,1751325544,-87.2913,38.4272,9715.5,False,231.36,168.07,-4.23,,10309.86,6015,False,0,2025-06-30 23:19:04
a4c592,JBU834  ,United States,1751325544.0,1751325544,-71.0804,42.4785,1653.54,False,120.92,23.84,-3.58,,1714.5,3256,False,0,2025-06-30 23:19:04
a114f4,AAL3303 ,United States,1751325543.0,1751325543,-90.5651,42.804,8770.62,False,261.15,115.81,-2.28,,9090.66,6700,False,0,2025-06-30 23:19:04
a5958c,SWA543  ,United States,1751325543.0,1751325543,-76.4802,39.2373,937.26,False,126.16,352.27,0.0,,960.12,2445,False,0,2025-06-30 23:19:04
a8584a,FFT2697 ,United States,1751325272.0,1751325272,-112.0083,33.4333,,True,5.14,329.06,,,,2161,False,0,2025-06-30 23:19:04
a1ad49,N207P   ,United States,1751325544.0,1751325544,-105.2004,31.1213,7620.0,False,116.68,127.48,-0.65,,8077.2,,False,0,2025-06-30 23:19:04
aa099e,JBU8034 ,United States,1751325543.0,1751325543,-70.9585,42.4609,548.64,False,70.63,200.02,-4.23,,548.64,4014,False,0,2025-06-30 23:19:04
4cc2a7,ICE670  ,Iceland,1751325540.0,1751325544,-101.2715,40.4494,9822.18,False,249.18,59.89,5.85,,10325.1,,False,0,2025-06-30 23:19:04
a0f4b5,DAL938  ,United States,1751325538.0,1751325543,-73.7811,40.6301,,True,0.0,30.94,,,,2714,False,0,2025-06-30 23:19:04
4cc2a6,ICE671  ,Iceland,1751325543.0,1751325543,-100.7938,44.9616,11582.4,False,237.95,211.11,0.0,,12024.36,,False,0,2025-06-30 23:19:04
ab6fbf,DAL28   ,United States,1751325543.0,1751325543,-67.9494,41.8193,10058.4,False,262.68,61.33,0.0,,10568.94,7176,False,0,2025-06-30 23:19:04
a14a18,N182WK  ,United States,1751325543.0,1751325544,-95.1092,38.7189,1798.32,False,67.58,230.25,-0.33,,1859.28,,False,0,2025-06-30 23:19:04
aaf617,SCX740  ,United States,1751325543.0,1751325544,-96.335,32.2847,6438.9,False,211.4,316.28,-11.05,,6842.76,4471,False,0,2025-06-30 23:19:04
a247f0,SKW3869 ,United States,1751325533.0,1751325533,-87.7572,41.789,,True,19.55,323.44,,,,4114,False,0,2025-06-30 23:19:04
a8a82f,QXE2056 ,United States,1751325544.0,1751325544,-120.7569,36.8953,7452.36,False,205.73,185.6,-5.2,,7802.88,1531,False,0,2025-06-30 23:19:04
a85887,JBU2924 ,United States,1751325543.0,1751325543,-70.9371,41.9366,3230.88,False,139.42,60.12,-2.93,,3383.28,4127,False,0,2025-06-30 23:19:04
a5827b,N454RM  ,United States,1751325543.0,1751325543,-111.4974,40.2372,3512.82,False,123.48,198.21,-10.08,,3726.18,1200,False,0,2025-06-30 23:19:04
aa3d45,N759UL  ,United States,1751325544.0,1751325544,-121.3349,47.5915,3169.92,False,58.14,178.99,1.63,,3314.7,1200,False,0,2025-06-30 23:19:04
aa07f9,UAL576  ,United States,1751325544.0,1751325544,-109.5544,38.8139,10363.2,False,234.2,235.02,0.0,,10957.56,3522,False,0,2025-06-30 23:19:04
a3ed69,DAL1482 ,United States,1751325544.0,1751325544,-80.4101,37.1751,10980.42,False,244.67,246.45,0.0,,11643.36,7005,False,0,2025-06-30 23:19:04
a5f7e5,N484EM  ,United States,1751325494.0,1751325494,-97.0261,32.9013,,True,18.52,182.81,,,,3660,False,0,2025-06-30 23:19:04
a38a50,        ,United States,1751325543.0,1751325543,-103.5894,32.8635,2560.32,False,76.14,300.9,-0.33,,2667.0,,False,0,2025-06-30 23:19:04
a5f7bc,N484CW  ,United States,1751325543.0,1751325544,-96.7991,32.5854,2080.26,False,87.61,183.37,11.05,,2194.56,,False,0,2025-06-30 23:19:04
a737c7,SWA4587 ,United States,1751325540.0,1751325540,-97.6615,30.2025,,True,0.0,275.62,,,,3542,False,0,2025-06-30 23:19:04
a0e1f5,N156RE  ,United States,1751325544.0,1751325544,-74.9179,39.4485,9334.5,False,226.27,225.55,9.75,,9921.24,0621,False,0,2025-06-30 23:19:04
accd13,AAL1329 ,United States,1751325543.0,1751325543,-80.3564,25.7088,1600.2,False,143.2,267.12,-9.43,,1722.12,,False,0,2025-06-30 23:19:04
accd10,ASA534  ,United States,1751325543.0,1751325544,-106.1603,31.7389,11277.6,False,232.23,126.26,0.0,,11940.54,1734,False,0,2025-06-30 23:19:04
a64d4d,JBU37   ,United States,1751325543.0,1751325543,-73.5794,42.2345,6400.8,False,193.79,263.14,0.0,,6736.08,7040,False,0,2025-06-30 23:19:04
a091f3,EDV5067 ,United States,1751325544.0,1751325544,-73.7765,40.6339,53.34,False,84.53,211.56,10.08,,15.24,,False,0,2025-06-30 23:19:04
a63a23,N500CA  ,United States,1751325544.0,1751325544,-86.8735,35.9988,1104.9,False,80.31,154.58,8.45,,1120.14,,False,0,2025-06-30 23:19:04
a0f4f6,DAL771  ,United States,1751325543.0,1751325543,-88.5913,42.8368,10363.2,False,203.73,270.58,0.0,,10782.3,1505,False,0,2025-06-30 23:19:04
a88d20,N650EB  ,United States,1751325543.0,1751325543,-107.2751,38.5572,12496.8,False,268.33,60.73,0.33,,13136.88,1011,False,0,2025-06-30 23:19:04
ab14d9,DAL1956 ,United States,1751325311.0,1751325314,-84.4289,33.6427,,True,0.0,270.0,,,,5313,False,0,2025-06-30 23:19:04
aaf4d3,N805DZ  ,United States,1751325543.0,1751325543,-121.8552,38.61,3718.56,False,63.38,176.74,6.18,,3863.34,5263,False,0,2025-06-30 23:19:04
a02a95,N11HM   ,United States,1751325544.0,1751325544,-118.2068,48.0243,11582.4,False,255.99,94.61,-0.33,,12039.6,3530,False,0,2025-06-30 23:19:04
a1ad5a,SKW5466 ,United States,1751325371.0,1751325371,-87.9089,41.9716,,True,10.29,84.38,,,,,False,0,2025-06-30 23:19:04
a6f28c,GJS4418 ,United States,1751325513.0,1751325513,-77.4541,38.9442,,True,0.06,267.19,,,,,False,0,2025-06-30 23:19:04
a3ed0f,EJM352  ,United States,1751325544.0,1751325544,-91.1072,38.7239,13716.0,False,262.02,74.16,0.33,,14325.6,2642,False,0,2025-06-30 23:19:04
a3b7d1,LXJ339  ,United States,1751325544.0,1751325544,-77.2258,38.558,11887.2,False,228.09,35.27,-0.33,,12557.76,4522,False,0,2025-06-30 23:19:04
a3b7cb,FFT24   ,United States,1751325536.0,1751325536,-78.2922,25.4926,10980.42,False,230.74,329.89,0.0,,11544.3,,False,0,2025-06-30 23:19:04
ae0d0b,SENTRY1 ,United States,1751325508.0,1751325524,-77.4281,38.2017,426.72,False,44.03,173.29,0.0,,373.38,,False,0,2025-06-30 23:19:04
a40d8d,DAL1407 ,United States,1751325543.0,1751325543,-78.1449,37.4447,8420.1,False,242.57,308.11,6.18,,8930.64,1306,False,0,2025-06-30 23:19:04
a9a266,N72NG   ,United States,1751325543.0,1751325543,-117.7028,33.0995,3680.46,False,148.41,336.72,0.0,,3863.34,,False,0,2025-06-30 23:19:04
a40d7a,DAL2004 ,United States,1751325543.0,1751325543,-109.1323,38.9192,11277.6,False,239.01,36.6,0.0,,11879.58,2073,False,0,2025-06-30 23:19:04
a64d15,N505FW  ,United States,1751325305.0,1751325309,-97.3449,32.8411,342.9,False,44.9,198.02,0.0,,312.42,,False,0,2025-06-30 23:19:04
c04829,ROU1641 ,Canada,1751325544.0,1751325544,-75.3571,38.5163,10668.0,False,236.89,9.63,0.0,,11300.46,1026,False,0,2025-06-30 23:19:04
acba1b,SWA3613 ,United States,1751325543.0,1751325543,-116.6048,43.2532,10972.8,False,210.11,278.45,0.0,,11490.96,,False,0,2025-06-30 23:19:04
a5f7c6,CFR609  ,United States,1751325544.0,1751325544,-117.3503,33.8024,800.1,False,71.05,79.99,0.0,,777.24,,False,0,2025-06-30 23:19:04
a39d95,DAL921  ,United States,1751325543.0,1751325543,-84.4731,33.5368,3063.24,False,127.58,90.0,-7.48,,3215.64,2306,False,0,2025-06-30 23:19:04
ad8a23,CXK103  ,United States,1751325543.0,1751325543,-117.0934,33.0718,1493.52,False,42.63,250.25,4.55,,1531.62,,False,0,2025-06-30 23:19:04
ad9d59,N97674  ,United States,1751325543.0,1751325544,-117.9948,33.7176,822.96,False,52.58,106.48,-1.95,,777.24,,False,0,2025-06-30 23:19:04
a64d27,N505GP  ,United States,1751325543.0,1751325544,-75.7402,38.3908,8534.4,False,208.75,210.67,-0.33,,9037.32,1062,False,0,2025-06-30 23:19:04
aa0909,ENY3482 ,United States,1751325284.0,1751325284,-87.9094,41.9829,,True,14.4,90.0,,,,2432,False,0,2025-06-30 23:19:04
a831ce,N627S   ,United States,1751325544.0,1751325544,-120.7443,37.6583,1021.08,False,79.74,126.87,1.3,,1013.46,,False,0,2025-06-30 23:19:04
a5d1f7,SWA2590 ,United States,1751325544.0,1751325544,-115.988,33.9939,11277.6,False,246.51,110.78,-0.33,,11902.44,2010,False,0,2025-06-30 23:19:04
a99a52,FFT2083 ,United States,1751325542.0,1751325542,-112.6228,32.9973,5661.66,False,201.56,226.03,10.4,,5981.7,6326,False,0,2025-06-30 23:19:04
a28fac,N264US  ,United States,1751325543.0,1751325543,-97.5414,31.7617,2575.56,False,65.38,301.81,0.0,,2712.72,,False,0,2025-06-30 23:19:04
ad4250,N9531J  ,United States,1751325523.0,1751325542,-96.5802,33.2075,419.1,False,35.33,196.06,-4.88,,373.38,1200,False,0,2025-06-30 23:19:04
a03ce6,AAL1452 ,United States,1751325544.0,1751325544,-81.03,32.2645,10058.4,False,222.03,25.97,0.0,,10645.14,2366,False,0,2025-06-30 23:19:04
ab0293,N80841  ,United States,1751325543.0,1751325543,-85.9965,43.3449,731.52,False,39.64,2.23,-2.6,,746.76,,False,0,2025-06-30 23:19:04
a59601,UAL415  ,United States,1751325544.0,1751325544,-74.4943,46.9833,12115.8,False,218.17,268.78,7.15,,12595.86,2517,False,0,2025-06-30 23:19:04
c020f0,CFMMH   ,Canada,1751325543.0,1751325543,-73.0484,45.5504,822.96,False,44.43,95.31,0.33,,822.96,,False,0,2025-06-30 23:19:04
c033fe,CFTRX   ,Canada,1751325542.0,1751325542,-89.3183,48.3741,,True,6.69,149.06,,,,,False,0,2025-06-30 23:19:04
c07c7a,ACA512  ,Canada,1751325543.0,1751325543,-93.1167,45.6757,10812.78,False,214.61,256.13,0.98,,11087.1,6226,False,0,2025-06-30 23:19:04
a831e5,SKW6967 ,United States,1751325543.0,1751325543,-90.3397,42.1173,11582.4,False,179.24,267.2,0.0,,12085.32,6257,False,0,2025-06-30 23:19:04
a87a0d,BPX213  ,United States,1751325543.0,1751325543,-81.2053,29.5833,853.44,False,31.42,219.69,0.98,,906.78,1200,False,0,2025-06-30 23:19:04
a724e3,N56DG   ,United States,1751325544.0,1751325544,-71.3402,43.2269,929.64,False,52.27,169.8,-0.33,,922.02,,False,0,2025-06-30 23:19:04
a5d1b9,UAL2161 ,United States,1751325544.0,1751325544,-92.4891,31.7649,10058.4,False,250.49,68.81,0.0,,10668.0,7211,False,0,2025-06-30 23:19:04
a6f1a4,N54678  ,United States,1751325542.0,1751325542,-118.0788,34.1032,944.88,False,41.27,355.71,3.58,,929.64,,False,0,2025-06-30 23:19:04
a8dd30,N670RA  ,United States,1751325543.0,1751325544,-99.631,34.054,7940.04,False,149.73,270.98,0.0,,8374.38,6236,False,0,2025-06-30 23:19:04
a9fd29,N7426G  ,United States,1751325542.0,1751325543,-122.4311,48.5633,304.8,False,39.31,263.99,-4.23,,312.42,,False,0,2025-06-30 23:19:04
a75a21,LXJ573  ,United States,1751325543.0,1751325543,-82.3875,41.8869,5059.68,False,197.41,104.8,-11.05,,5242.56,7236,False,0,2025-06-30 23:19:04
a9b4a4,RPA3663 ,United States,1751325543.0,1751325543,-87.9406,41.9689,556.26,False,73.1,267.98,13.33,,533.4,3521,False,0,2025-06-30 23:19:04
a23675,UCA4854 ,United States,1751325543.0,1751325544,-90.7943,31.9372,10972.8,False,224.97,245.84,-0.65,,11628.12,1417,False,0,2025-06-30 23:19:04
ab5d03,KSU31   ,United States,1751325543.0,1751325543,-97.4139,38.7553,1264.92,False,29.95,4.93,2.6,,1325.88,,False,0,2025-06-30 23:19:04
a4b1f9,N401SS  ,United States,1751325543.0,1751325543,-105.3865,40.1657,2621.28,False,62.16,118.69,-4.23,,2773.68,,False,0,2025-06-30 23:19:04
a7aa1f,SCU17   ,United States,1751325543.0,1751325543,-96.474,36.1076,1181.1,False,61.77,181.91,-2.28,,1196.34,,False,0,2025-06-30 23:19:04
a27cc9,N26BM   ,United States,1751325543.0,1751325543,-122.2822,47.5061,152.4,False,36.44,329.45,-3.9,,114.3,,False,0,2025-06-30 23:19:04
a831b2,QXE2003 ,United States,1751325346.0,1751325349,-114.14,38.7898,10668.0,False,238.71,146.07,0.33,,11216.64,,False,0,2025-06-30 23:19:04
a0e314,N15617  ,United States,1751325543.0,1751325544,-97.6142,38.86,1143.0,False,48.73,169.05,1.3,,1188.72,,False,0,2025-06-30 23:19:04
a977bb,DAL304  ,United States,1751325544.0,1751325544,-83.8095,42.0856,4091.94,False,169.44,48.32,-7.15,,4221.48,1307,False,0,2025-06-30 23:19:04
a08021,AAL1070 ,United States,1751325543.0,1751325544,-82.5585,28.2114,1028.7,False,99.46,155.56,-5.85,,1104.9,2205,False,0,2025-06-30 23:19:04
a3560b,DAL2817 ,United States,1751325323.0,1751325323,-122.3086,47.4461,,True,6.43,126.56,,,,6062,False,0,2025-06-30 23:19:04
ac47b7,SWA3579 ,United States,1751325436.0,1751325436,-87.7472,41.7856,,True,6.69,132.19,,,,,False,0,2025-06-30 23:19:04
c046f7,WJA1565 ,Canada,1751325543.0,1751325543,-118.9758,39.1728,11582.4,False,246.19,357.25,0.33,,12176.76,6711,False,0,2025-06-30 23:19:04
c07e2c,ACA1187 ,Canada,1751325523.0,1751325523,-75.1931,39.8812,152.4,False,73.87,255.48,-3.9,,160.02,4224,False,0,2025-06-30 23:19:04
a2ccee,N28PG   ,United States,1751325300.0,1751325305,-123.2188,44.1132,144.78,False,28.31,357.92,-1.95,,106.68,,False,0,2025-06-30 23:19:04
a59662,N4593X  ,United States,1751325518.0,1751325528,-118.4584,34.0076,152.4,False,39.8,206.9,6.5,,106.68,,False,0,2025-06-30 23:19:04
aa8114,UAL1470 ,United States,1751325544.0,1751325544,-101.2757,42.3568,11277.6,False,262.58,85.73,0.0,,11795.76,,False,0,2025-06-30 23:19:04
a46345,FFT1476 ,United States,1751325543.0,1751325543,-92.1514,34.2431,11285.22,False,251.04,66.06,0.0,,11963.4,0532,False,0,2025-06-30 23:19:04
aa8110,N776TX  ,United States,1751325543.0,1751325543,-117.0617,33.3439,1463.04,False,42.58,258.15,0.0,,1485.9,,False,0,2025-06-30 23:19:04
a40cdf,LXJ360  ,United States,1751325543.0,1751325543,-107.687,42.7298,13106.4,False,205.92,304.72,-0.33,,13708.38,6264,False,0,2025-06-30 23:19:04
ac2412,SWA1089 ,United States,1751325543.0,1751325543,-100.2165,31.2418,9928.86,False,212.78,292.91,-5.53,,10568.94,0165,False,0,2025-06-30 23:19:04
a5e635,N47990  ,United States,1751325544.0,1751325544,-82.0994,40.7751,1508.76,False,66.27,47.52,3.25,,1524.0,6654,False,0,2025-06-30 23:19:04
a5e632,N4799X  ,United States,1751325544.0,1751325544,-81.5769,30.3009,1036.32,False,42.58,115.02,-0.65,,1089.66,,False,0,2025-06-30 23:19:04
ad9db0,ASA1434 ,United States,1751325543.0,1751325544,-119.1964,34.7915,10668.0,False,233.35,143.16,0.0,,11231.88,3746,False,0,2025-06-30 23:19:04
c07e32,ACA1092 ,Canada,1751325542.0,1751325542,-97.931,39.7332,10660.38,False,266.45,67.64,-0.33,,11216.64,5700,False,0,2025-06-30 23:19:04
c07e33,ACA759  ,Canada,1751325543.0,1751325543,-82.6269,42.8634,9555.48,False,211.53,237.82,8.13,,10035.54,6357,False,0,2025-06-30 23:19:04
a41ffc,MVK77   ,United States,1751325358.0,1751325358,-94.2284,44.2378,1272.54,False,45.51,264.16,0.33,,1272.54,,False,0,2025-06-30 23:19:04
a1f018,N224CJ  ,United States,1751325542.0,1751325543,-93.0422,44.6886,929.64,False,119.66,295.46,-1.3,,929.64,4570,False,0,2025-06-30 23:19:04
a2dffe,UAL1920 ,United States,1751325544.0,1751325544,-107.053,40.6421,10972.8,False,230.49,235.0,0.33,,11567.16,7270,False,0,2025-06-30 23:19:04
abadd6,SWA1138 ,United States,1751325543.0,1751325544,-107.7862,36.2017,11590.02,False,226.13,251.15,0.33,,12207.24,6421,False,0,2025-06-30 23:19:04
ad574f,AAL2556 ,United States,1751325544.0,1751325544,-107.2598,40.5264,11277.6,False,236.32,79.72,0.0,,11871.96,,False,0,2025-06-30 23:19:04
a6f30e,N547MP  ,United States,1751325543.0,1751325544,-90.5541,38.2005,5951.22,False,145.12,194.58,4.23,,6248.4,1714,False,0,2025-06-30 23:19:04
ac2439,SWA3228 ,United States,1751325544.0,1751325544,-97.6802,30.2467,320.04,False,75.69,177.66,-3.58,,342.9,5417,False,0,2025-06-30 23:19:04
a2ccbf,N28MK   ,United States,1751325543.0,1751325543,-89.7011,42.5295,1539.24,False,69.86,80.68,0.0,,1546.86,,False,0,2025-06-30 23:19:04
c035bb,JZA965  ,Canada,1751325544.0,1751325544,-76.4668,45.9924,10241.28,False,172.62,281.34,4.23,,10706.1,0637,False,0,2025-06-30 23:19:04
a41ff5,N365MC  ,United States,1751325531.0,1751325531,-83.4571,25.7898,10690.86,False,229.92,301.27,10.73,,11231.88,,False,0,2025-06-30 23:19:04
a7130c,SWA2404 ,United States,1751325543.0,1751325543,-122.2776,38.7959,8168.64,False,256.03,355.27,7.8,,8503.92,3333,False,0,2025-06-30 23:19:04
c035d4,JZA596  ,Canada,1751325544.0,1751325544,-121.5759,38.9564,1158.24,False,117.3,180.5,-4.23,,1165.86,2655,False,0,2025-06-30 23:19:04
a46310,DAL1284 ,United States,1751325543.0,1751325544,-87.6128,32.3139,10759.44,False,240.16,250.48,3.58,,11414.76,3601,False,0,2025-06-30 23:19:04
a5702a,N45EC   ,United States,1751325544.0,1751325544,-121.9287,37.9839,556.26,False,46.91,201.22,0.0,,510.54,1200,False,0,2025-06-30 23:19:04
a1acdb,RPA5883 ,United States,1751325543.0,1751325544,-74.7125,42.1261,11582.4,False,211.28,262.3,0.33,,12192.0,6302,False,0,2025-06-30 23:19:04
a76cc0,GJS4555 ,United States,1751325543.0,1751325544,-87.0167,41.9226,3070.86,False,164.96,284.82,-0.98,,3147.06,1565,False,0,2025-06-30 23:19:04
a2101f,MXY612  ,United States,1751325543.0,1751325543,-119.7633,35.4361,10187.94,False,236.32,297.62,4.23,,10706.1,7265,False,0,2025-06-30 23:19:04
a9ea7d,N738TS  ,United States,1751325543.0,1751325543,-119.2751,35.86,7010.4,False,145.22,171.24,0.0,,7330.44,2266,False,0,2025-06-30 23:19:04
a9ea7e,N738TT  ,United States,1751325544.0,1751325544,-91.9998,42.1056,1188.72,False,36.44,13.06,1.63,,1181.1,,False,0,2025-06-30 23:19:04
a36994,EDV5012 ,United States,1751325536.0,1751325541,-73.7841,40.6336,,True,0.0,118.12,,,,,False,0,2025-06-30 23:19:04
ac377b,SWA246  ,United States,1751325543.0,1751325543,-89.9432,40.7298,7726.68,False,235.63,42.26,-9.1,,8107.68,4065,False,0,2025-06-30 23:19:04
3c4b33,DLH457  ,Germany,1751325543.0,1751325543,-113.5793,36.9075,10058.4,False,266.07,54.68,0.0,,10607.04,1042,False,0,2025-06-30 23:19:04
3c4b31,DLH441  ,Germany,1751325544.0,1751325544,-87.58,41.2581,10668.0,False,284.94,23.74,0.0,,11201.4,4037,False,0,2025-06-30 23:19:04
abadf9,SWA4742 ,United States,1751325544.0,1751325544,-112.0331,33.4307,723.9,False,84.88,270.0,14.96,,632.46,,False,0,2025-06-30 23:19:04
3c4b26,DLH403  ,Germany,1751325414.0,1751325414,-74.1737,40.6915,,True,0.0,323.44,,,,,False,0,2025-06-30 23:19:04
adedaa,DCM7190 ,United States,1751325542.0,1751325543,-80.751,33.3654,2484.12,False,134.49,168.3,-7.48,,2590.8,,False,0,2025-06-30 23:19:04
a9ea4d,N738RU  ,United States,1751325544.0,1751325544,-87.712,41.58,792.48,False,48.64,280.36,-0.33,,754.38,1200,False,0,2025-06-30 23:19:04
ab4af1,AAL739  ,United States,1751325543.0,1751325543,-71.4383,41.1584,5090.16,False,202.99,241.88,14.96,,5334.0,,False,0,2025-06-30 23:19:04
ac245c,SWA1495 ,United States,1751325544.0,1751325544,-81.8104,36.6362,11582.4,False,236.03,237.28,0.0,,12268.2,6577,False,0,2025-06-30 23:19:04
ab0485,AAL368  ,United States,1751325544.0,1751325544,-79.59,25.586,5021.58,False,198.48,102.27,10.73,,5288.28,,False,0,2025-06-30 23:19:04
a97906,N7095B  ,United States,1751325543.0,1751325543,-117.0412,34.0016,944.88,False,56.81,128.01,1.95,,929.64,1255,False,0,2025-06-30 23:19:04
3c4b35,DLH431  ,Germany,1751325437.0,1751325437,-82.5975,47.6133,10058.4,False,302.75,37.96,0.0,,10393.68,,False,0,2025-06-30 23:19:04
a9ea5d,SKW3704 ,United States,1751325376.0,1751325376,-107.9283,39.0097,7673.34,False,218.93,69.65,-10.73,,8267.7,1340,False,0,2025-06-30 23:19:04
ad4461,JSX200  ,United States,1751325543.0,1751325544,-103.6021,33.0725,10972.8,False,224.81,314.63,0.33,,11605.26,2370,False,0,2025-06-30 23:19:04
a3ecc8,FFT3916 ,United States,1751325543.0,1751325543,-81.1917,31.4273,10965.18,False,246.81,197.72,0.0,,11582.4,7462,False,0,2025-06-30 23:19:04
a8dd7b,UAL929  ,United States,1751325543.0,1751325543,-69.2382,47.7061,10675.62,False,262.62,78.93,0.33,,11094.72,6551,False,0,2025-06-30 23:19:04
a85931,QXE2078 ,United States,1751325543.0,1751325543,-122.2492,46.9308,7825.74,False,196.65,175.35,6.5,,8183.88,1661,False,0,2025-06-30 23:19:04
a0808f,SKW5914 ,United States,1751325543.0,1751325543,-102.5519,38.7394,9380.22,False,228.27,301.83,-4.55,,9875.52,,False,0,2025-06-30 23:19:04
0d10fd,VOI5596 ,Mexico,1751325543.0,1751325543,-100.0458,25.7432,1394.46,False,102.48,119.14,13.0,,1440.18,,False,0,2025-06-30 23:19:04
a9b4de,UAL2407 ,United States,1751325543.0,1751325543,-90.4778,31.8451,10363.2,False,235.08,251.76,0.0,,11010.9,5237,False,0,2025-06-30 23:19:04
ad4453,N954JH  ,United States,1751325536.0,1751325536,-73.7934,41.7389,1066.8,False,42.69,220.6,0.65,,1097.28,,False,0,2025-06-30 23:19:04
ae0de9,ARROW13 ,United States,1751325464.0,1751325466,-104.5559,39.5897,1889.76,False,50.93,89.42,-1.63,,1988.82,,False,0,2025-06-30 23:19:04
a34370,N3092S  ,United States,1751325543.0,1751325544,-118.462,47.8816,2560.32,False,74.1,268.81,-0.33,,2674.62,,False,0,2025-06-30 23:19:04
a3fffc,DAL2625 ,United States,1751325544.0,1751325544,-74.373,44.3423,7840.98,False,222.28,197.09,6.18,,8206.74,,False,0,2025-06-30 23:19:04
a008c9,DAL879  ,United States,1751325540.0,1751325540,-122.3181,47.4366,129.54,False,66.37,359.56,-3.58,,121.92,,False,0,2025-06-30 23:19:04
a9ea58,N738SE  ,United States,1751325543.0,1751325544,-122.2883,47.9726,800.1,False,36.66,355.17,3.25,,822.96,,False,0,2025-06-30 23:19:04
4cc27c,ICE623  ,Iceland,1751325489.0,1751325489,-74.1738,40.6905,,True,4.89,295.31,,,,,False,0,2025-06-30 23:19:04
a3a65f,AAL2995 ,United States,1751325537.0,1751325542,-73.7971,40.6395,,True,0.0,120.94,,,,,False,0,2025-06-30 23:19:04
ac247a,SWA4330 ,United States,1751325543.0,1751325543,-90.2305,37.87,4861.56,False,185.43,333.65,-10.08,,5120.64,0411,False,0,2025-06-30 23:19:04
a6905d,TWY522  ,United States,1751325230.0,1751325230,-122.3823,37.6265,,True,1.8,118.12,,,,4561,False,0,2025-06-30 23:19:04
ada5ee,JBU603  ,United States,1751325544.0,1751325544,-82.0524,44.1083,9745.98,False,228.04,291.3,-0.33,,10187.94,6660,False,0,2025-06-30 23:19:04
a9534b,N70MC   ,United States,1751325543.0,1751325544,-122.6733,44.8072,2606.04,False,87.64,356.3,0.0,,2712.72,,False,0,2025-06-30 23:19:04
ae0e96,,United States,1751325515.0,1751325515,-104.7521,38.6775,1645.92,False,3.6,90.0,-0.98,,1760.22,,False,0,2025-06-30 23:19:04
a69061,JIA5220 ,United States,1751325543.0,1751325543,-83.203,37.8694,7482.84,False,215.24,92.47,7.8,,7909.56,4077,False,0,2025-06-30 23:19:04
a248df,MMY59   ,United States,1751325543.0,1751325543,-122.1333,40.4603,769.62,False,52.58,286.48,-2.28,,723.9,,False,0,2025-06-30 23:19:04
a235b7,SWA1513 ,United States,1751325543.0,1751325544,-118.3689,34.1682,838.2,False,92.03,242.72,9.43,,822.96,,False,0,2025-06-30 23:19:04
a6f35c,EJA547  ,United States,1751325543.0,1751325544,-120.9338,39.2225,1493.52,False,69.55,299.22,-6.18,,1516.38,1200,False,0,2025-06-30 23:19:04
a69072,TKR912  ,United States,1751325423.0,1751325423,-111.6381,33.2978,510.54,False,76.39,315.0,-3.58,,449.58,,False,0,2025-06-30 23:19:04
a14b1a,UAL1927 ,United States,1751325543.0,1751325543,-87.4952,28.5435,10972.8,False,233.9,285.56,0.0,,11620.5,1110,False,0,2025-06-30 23:19:04
a45072,DAL585  ,United States,1751325543.0,1751325543,-89.4891,31.9254,10363.2,False,239.19,231.73,-0.33,,11010.9,3374,False,0,2025-06-30 23:19:04
0d10bc,VIV731  ,Mexico,1751325544.0,1751325544,-98.5386,26.2668,10203.18,False,228.06,246.33,-5.53,,10881.36,7353,False,0,2025-06-30 23:19:04
a248b4,N2460U  ,United States,1751325311.0,1751325313,-93.0439,44.0857,1249.68,False,53.68,257.83,-1.95,,1226.82,,False,0,2025-06-30 23:19:04
aa815e,N776X   ,United States,1751325448.0,1751325448,-84.5989,43.1313,1950.72,False,97.18,43.07,-2.93,,1965.96,,False,0,2025-06-30 23:19:04
addb4a,AAL1211 ,United States,1751325543.0,1751325544,-79.7997,27.0365,7917.18,False,225.89,173.2,-8.78,,8359.14,5755,False,0,2025-06-30 23:19:04
a1ae05,SWA2511 ,United States,1751325543.0,1751325543,-115.0853,36.0736,853.44,False,76.14,270.0,-3.25,,807.72,0721,False,0,2025-06-30 23:19:04
4aca64,SAS925  ,Sweden,1751325543.0,1751325543,-76.1731,41.7696,6705.6,False,194.34,213.23,0.0,,7033.26,6021,False,0,2025-06-30 23:19:04
a69028,N5218U  ,United States,1751325543.0,1751325543,-73.0684,40.8222,243.84,False,35.29,225.59,0.0,,213.36,4213,False,0,2025-06-30 23:19:04
4aca65,SAS938  ,Sweden,1751325544.0,1751325544,-121.7796,48.3889,7231.38,False,237.5,42.01,9.1,,7536.18,1571,False,0,2025-06-30 23:19:04
a1ae79,CXK599  ,United States,1751325246.0,1751325248,-91.1395,30.541,22.86,False,34.99,221.42,-2.28,,22.86,,False,0,2025-06-30 23:19:04
a88cbf,PDT5965 ,United States,1751325543.0,1751325544,-79.8269,36.5624,6096.0,False,208.97,209.66,-0.33,,6454.14,,False,0,2025-06-30 23:19:04
a26b51,AAY4756 ,United States,1751325543.0,1751325543,-95.3863,29.8837,2491.74,False,156.15,3.4,11.38,,2644.14,2537,False,0,2025-06-30 23:19:04
a14b4e,N1826K  ,United States,1751325544.0,1751325544,-81.3253,29.3059,12496.8,False,217.23,357.96,0.33,,13114.02,7161,False,0,2025-06-30 23:19:04
a222b2,MXY705  ,United States,1751325543.0,1751325543,-99.89,37.7537,11277.6,False,251.57,89.53,-0.33,,11887.2,2404,False,0,2025-06-30 23:19:04
a2bb10,SWA3698 ,United States,1751325543.0,1751325543,-104.3239,44.7075,11582.4,False,205.73,280.66,0.33,,12085.32,1376,False,0,2025-06-30 23:19:04
ac370b,SWA3784 ,United States,1751325543.0,1751325544,-85.6181,36.4781,11277.6,False,239.41,68.84,0.0,,11948.16,2354,False,0,2025-06-30 23:19:04
a9b62a,ASA1319 ,United States,1751325543.0,1751325543,-86.7123,44.8533,10363.2,False,214.72,282.17,-0.33,,10751.82,6554,False,0,2025-06-30 23:19:04
a2ce2d,N280C   ,United States,1751325543.0,1751325543,-79.7719,37.9376,6400.8,False,226.85,93.77,0.0,,6751.32,3321,False,0,2025-06-30 23:19:04
a71340,,United States,1751325326.0,1751325326,-122.9199,46.9567,381.0,False,60.11,186.88,3.25,,396.24,,False,0,2025-06-30 23:19:04
a7cfe6,JIA5435 ,United States,1751325543.0,1751325544,-81.2289,35.3156,3649.98,False,177.54,342.98,12.35,,3840.48,,False,0,2025-06-30 23:19:04
a89fda,FFT4830 ,United States,1751325543.0,1751325543,-120.4027,41.9981,10683.24,False,222.93,174.04,-0.33,,11201.4,,False,0,2025-06-30 23:19:04
c01006,CFGBT   ,Canada,1751325542.0,1751325542,-73.0217,45.9875,304.8,False,38.58,343.74,-0.33,,,,False,0,2025-06-30 23:19:04
a475a3,DAL2732 ,United States,1751325543.0,1751325543,-87.7621,44.5182,10660.38,False,267.42,96.96,0.0,,11064.24,3057,False,0,2025-06-30 23:19:04
d7226c,,,1751325543.0,1751325543,-93.8023,36.018,1097.28,False,43.99,169.22,0.0,,1158.24,,False,0,2025-06-30 23:19:04
a27e64,N26TY   ,United States,1751325543.0,1751325543,-115.1362,35.9808,,True,0.0,90.0,,,,,False,0,2025-06-30 23:19:04
aa2abc,AAL2819 ,United States,1751325537.0,1751325537,-84.442,33.6419,,True,0.0,270.0,,,,6154,True,0,2025-06-30 23:19:04
ab0425,JRE809  ,United States,1751325544.0,1751325544,-78.9003,41.2436,12382.5,False,223.84,85.91,-7.8,,13007.34,2471,False,0,2025-06-30 23:19:04
a88ccf,AAL2489 ,United States,1751325543.0,1751325543,-81.0667,28.5836,10668.0,False,210.35,342.05,0.0,,11247.12,3566,False,0,2025-06-30 23:19:04
ac3731,SWA2666 ,United States,1751325544.0,1751325544,-82.1016,28.0005,5379.72,False,185.12,65.71,-12.03,,5684.52,7517,False,0,2025-06-30 23:19:04
c02358,JZA687  ,Canada,1751325543.0,1751325543,-79.7476,43.7675,7924.8,False,230.8,233.79,0.0,,8290.56,1021,False,0,2025-06-30 23:19:04
a222a1,N237BG  ,United States,1751325543.0,1751325543,-80.744,29.0323,12192.0,False,242.84,158.11,0.0,,12778.74,2453,False,0,2025-06-30 23:19:04
a3a5eb,AAY1160 ,United States,1751325543.0,1751325543,-85.5436,38.2435,1516.38,False,135.83,317.61,-10.08,,1562.1,0412,False,0,2025-06-30 23:19:04
a2ce7d,,United States,1751325424.0,1751325424,-122.3008,47.4609,,True,0.0,180.0,,,,,False,0,2025-06-30 23:19:04
acce0e,N924LP  ,United States,1751325530.0,1751325530,-84.116,39.0803,617.22,False,49.62,17.5,2.28,,571.5,,False,0,2025-06-30 23:19:04
a51b58,SWA1293 ,United States,1751325543.0,1751325544,-105.708,32.7246,11582.4,False,228.34,253.24,0.0,,12268.2,1514,False,0,2025-06-30 23:19:04
ac48f2,SWA4020 ,United States,1751325544.0,1751325544,-77.8555,37.6461,2468.88,False,155.62,99.9,-5.85,,2590.8,3237,False,0,2025-06-30 23:19:04
a582bb,UAL1129 ,United States,1751325543.0,1751325544,-83.159,42.6528,9753.6,False,225.88,282.9,0.0,,10264.14,5766,False,0,2025-06-30 23:19:04
a27e9c,N26WD   ,United States,1751325267.0,1751325267,-111.8757,39.7594,1897.38,False,41.37,169.25,-0.65,,1996.44,,False,0,2025-06-30 23:19:04
c0360e,WJA1597 ,Canada,1751325543.0,1751325543,-85.0469,35.527,10424.16,False,226.73,318.68,8.45,,11041.38,2011,False,0,2025-06-30 23:19:04
abae2c,SWA1747 ,United States,1751325543.0,1751325543,-104.1507,34.3374,11277.6,False,232.95,126.29,0.0,,11902.44,,False,0,2025-06-30 23:19:04
ab4b34,DAL2167 ,United States,1751325544.0,1751325544,-96.5164,44.8503,10668.0,False,256.13,97.15,0.0,,11003.28,1667,False,0,2025-06-30 23:19:04
aa2b21,RPA3549 ,United States,1751325543.0,1751325544,-87.3992,42.0426,1242.06,False,99.29,196.56,0.98,,1249.68,3140,False,0,2025-06-30 23:19:04
a605eb,N4877D  ,United States,1751325445.0,1751325445,-97.1374,32.3333,739.14,False,55.66,81.5,-5.2,,906.78,,False,0,2025-06-30 23:19:04
a475d8,FFT4344 ,United States,1751325543.0,1751325543,-97.8156,37.8437,11277.6,False,239.58,118.05,-0.33,,11894.82,,False,0,2025-06-30 23:19:04
a39e6b,DAL1024 ,United States,1751325544.0,1751325544,-115.9759,34.1365,9768.84,False,232.53,263.39,0.33,,10302.24,7257,False,0,2025-06-30 23:19:04
ab5e6c,SWA3358 ,United States,1751325543.0,1751325544,-82.6316,30.3551,11590.02,False,236.16,278.52,0.65,,12237.72,3240,False,0,2025-06-30 23:19:04
a9a397,ASA582  ,United States,1751325544.0,1751325544,-122.5171,45.6229,9890.76,False,230.91,337.61,-12.35,,10325.1,7275,False,0,2025-06-30 23:19:04
a2bb1a,N275WY  ,United States,1751325543.0,1751325543,-88.1631,43.081,518.16,False,40.68,80.54,-1.95,,480.06,1200,False,0,2025-06-30 23:19:04
c07cb9,PRO4810 ,Canada,1751325544.0,1751325544,-75.8418,46.5183,7360.92,False,113.7,307.65,1.63,,7673.34,,False,0,2025-06-30 23:19:04
ac22c5,AAL2019 ,United States,1751325544.0,1751325544,-81.6391,29.4358,11582.4,False,234.47,107.36,0.0,,12207.24,1045,False,0,2025-06-30 23:19:04
a7008f,N550MS  ,United States,1751325543.0,1751325543,-95.1721,38.8049,1737.36,False,139.96,95.06,-6.83,,1783.08,,False,0,2025-06-30 23:19:04
abae62,SWA2356 ,United States,1751325543.0,1751325543,-96.9045,36.1506,7010.4,False,211.53,234.8,-12.68,,7421.88,1624,False,0,2025-06-30 23:19:04
a0f70c,SKW5264 ,United States,1751325543.0,1751325543,-85.6693,40.2393,7764.78,False,235.73,358.25,-11.05,,8176.26,6744,False,0,2025-06-30 23:19:04
acce3f,AAL1486 ,United States,1751325541.0,1751325542,-80.6994,36.7265,9448.8,False,231.79,12.43,0.33,,10020.3,,False,0,2025-06-30 23:19:04
ab5e9b,SWA4478 ,United States,1751325542.0,1751325543,-114.0175,40.7172,11277.6,False,249.25,87.4,-0.33,,11871.96,,False,0,2025-06-30 23:19:04
a2bb89,UAL688K ,United States,1751325544.0,1751325544,-70.6407,42.3968,1219.2,False,114.87,335.39,-0.33,,1249.68,3521,False,0,2025-06-30 23:19:04
a52e54,ASA555  ,United States,1751325456.0,1751325456,-122.3111,47.4551,,True,6.43,90.0,,,,2252,False,0,2025-06-30 23:19:04
a2bb83,UAL665  ,United States,1751325543.0,1751325543,-73.9302,39.7661,2179.32,False,147.06,334.96,-2.6,,2270.76,,False,0,2025-06-30 23:19:04
ae0e4d,R9626686,United States,1751325542.0,1751325543,-85.4824,38.0015,548.64,False,46.84,218.76,0.0,,518.16,,False,0,2025-06-30 23:19:04
a4c5d7,N4064H  ,United States,1751325518.0,1751325518,-88.3496,31.1649,3162.3,False,79.25,279.34,0.0,,3322.32,4170,False,0,2025-06-30 23:19:04
abae8f,SWA156  ,United States,1751325511.0,1751325529,-118.146,33.819,,True,0.0,90.0,,,,,False,0,2025-06-30 23:19:04
a38b85,N3276K  ,United States,1751325229.0,1751325230,-100.3727,25.6658,731.52,False,52.03,245.46,0.0,,693.42,,False,0,2025-06-30 23:19:04
a27dac,N26LP   ,United States,1751325543.0,1751325543,-90.8746,42.5414,967.74,False,52.68,185.04,-9.43,,952.5,,False,0,2025-06-30 23:19:04
a1adab,SKW6000 ,United States,1751325544.0,1751325544,-101.6999,26.4521,7879.08,False,212.96,298.73,3.9,,8382.0,,False,0,2025-06-30 23:19:04
a0e431,AAL765  ,United States,1751325544.0,1751325544,-86.091,36.6971,10370.82,False,233.7,261.26,0.0,,10995.66,3335,False,0,2025-06-30 23:19:04
ada64a,NKS2607 ,United States,1751325526.0,1751325543,-74.6766,39.4914,449.58,False,72.24,107.4,-3.25,,441.96,3647,False,0,2025-06-30 23:19:04
ac1058,N877AA  ,United States,1751325377.0,1751325377,-73.7222,41.0873,251.46,False,36.58,154.16,-3.9,,297.18,1200,False,0,2025-06-30 23:19:04
a99b83,DAL363  ,United States,1751324881.0,1751325484,-122.3827,37.6156,,True,4.89,132.19,,,,,False,0,2025-06-30 23:19:04
a15db7,N1875C  ,United States,1751325544.0,1751325544,-94.8247,33.2538,4861.56,False,180.15,173.61,-9.75,,5113.02,1433,False,0,2025-06-30 23:19:04
ac1068,SKW5945 ,United States,1751325543.0,1751325543,-104.0536,43.0139,10058.4,False,210.05,2.25,0.33,,10553.7,,False,0,2025-06-30 23:19:04
a52da7,N4325V  ,United States,1751325543.0,1751325544,-78.085,39.0602,944.88,False,59.94,39.43,-0.33,,967.74,,False,0,2025-06-30 23:19:04
ad4390,AAL2319 ,United States,1751325515.0,1751325516,-80.3153,25.8059,60.96,False,78.55,119.42,-4.23,,91.44,3753,False,0,2025-06-30 23:19:04
ac1080,ES807   ,United States,1751325541.0,1751325541,-120.5848,37.4237,518.16,False,60.82,144.29,-2.6,,624.84,0376,False,0,2025-06-30 23:19:04
a965fb,N7041X  ,United States,1751325542.0,1751325542,-112.0484,33.141,822.96,False,41.0,107.53,0.65,,769.62,6013,False,0,2025-06-30 23:19:04
a03de6,N1143X  ,United States,1751325541.0,1751325543,-75.3701,43.2257,472.44,False,57.83,35.95,3.25,,434.34,,False,0,2025-06-30 23:19:04
a02ab4,N11JT   ,United States,1751325536.0,1751325544,-73.0568,41.2839,,True,50.83,35.94,0.65,,,3702,False,0,2025-06-30 23:19:04
a35701,EDV5327 ,United States,1751325543.0,1751325543,-85.9073,32.4681,7315.2,False,226.94,79.68,0.0,,7741.92,2073,False,0,2025-06-30 23:19:04
c06a82,TSC602  ,Canada,1751325540.0,1751325540,-73.7386,45.4813,,True,30.35,222.19,,,,,False,0,2025-06-30 23:19:04
aa92f8,UAL538  ,United States,1751325543.0,1751325543,-112.2848,42.2544,10363.2,False,250.62,246.28,0.33,,10904.22,,False,0,2025-06-30 23:19:04
a9eb09,N738ZG  ,United States,1751325303.0,1751325303,-78.1041,38.3741,853.44,False,37.68,237.83,-5.2,,853.44,1200,False,0,2025-06-30 23:19:04
a1f116,ENY4193 ,United States,1751325543.0,1751325544,-81.5464,32.7087,10668.0,False,222.33,343.33,0.0,,11269.98,1343,False,0,2025-06-30 23:19:04
a21127,ENY3792 ,United States,1751325543.0,1751325543,-83.3072,36.9127,9867.9,False,226.78,330.06,7.48,,10439.4,3106,False,0,2025-06-30 23:19:04
a965d6,N7040V  ,United States,1751325542.0,1751325543,-116.4805,43.5615,1249.68,False,45.39,107.82,3.58,,1264.92,,False,0,2025-06-30 23:19:04
ad438d,ASA219  ,United States,1751325543.0,1751325544,-117.1706,32.7124,9563.1,False,213.82,139.49,5.53,,10081.26,4424,False,0,2025-06-30 23:19:04
c06a38,ACA779  ,Canada,1751325543.0,1751325543,-75.085,45.4787,6659.88,False,203.96,265.08,4.88,,6941.82,,False,0,2025-06-30 23:19:04
a6f2c5,N547JR  ,United States,1751325543.0,1751325543,-92.1017,45.0448,2453.64,False,135.1,247.15,-0.33,,2476.5,2230,False,0,2025-06-30 23:19:04
a9eb15,N738ZU  ,United States,1751325532.0,1751325534,-76.2782,36.4964,335.28,False,39.18,103.67,4.23,,312.42,6465,False,0,2025-06-30 23:19:04
a965e8,N7041C  ,United States,1751325382.0,1751325382,-73.6916,41.7142,579.12,False,37.26,215.45,-1.95,,541.02,,False,0,2025-06-30 23:19:04
ac7e09,AAL2488 ,United States,1751325543.0,1751325543,-85.5095,39.3904,9144.0,False,238.12,333.43,0.0,,9662.16,1152,False,0,2025-06-30 23:19:04
a2377d,N242AR  ,United States,1751325544.0,1751325544,-122.9908,44.8965,137.16,False,37.28,332.02,-2.28,,106.68,,False,0,2025-06-30 23:19:04
ad3098,SWA2637 ,United States,1751325544.0,1751325544,-83.0161,27.8803,7924.8,False,189.83,89.69,0.0,,8374.38,2435,False,0,2025-06-30 23:19:04
ac7e18,KYE4923 ,United States,1751325502.0,1751325505,-96.5351,46.5422,12192.0,False,231.74,314.19,0.0,,12489.18,2375,False,0,2025-06-30 23:19:04
344503,IBE0363 ,Spain,1751325543.0,1751325543,-79.4634,39.4272,11582.4,False,236.29,239.81,0.0,,12245.34,3144,False,0,2025-06-30 23:19:04
a2241c,AIP1814 ,United States,1751325543.0,1751325543,-104.874,39.0784,5105.4,False,110.96,189.07,-0.98,,5379.72,5174,False,0,2025-06-30 23:19:04
abf09e,DAL824  ,United States,1751325532.0,1751325532,-78.2123,32.1624,10058.4,False,232.92,6.34,0.0,,10607.04,,False,0,2025-06-30 23:19:04
ab15c1,AAY1100 ,United States,1751325543.0,1751325543,-93.0346,35.3019,11582.4,False,233.61,304.77,-0.33,,12260.58,2576,False,0,2025-06-30 23:19:04
ac48bb,N89071  ,United States,1751325543.0,1751325543,-122.9562,47.4687,853.44,False,47.66,103.74,-4.88,,883.92,,False,0,2025-06-30 23:19:04
a98909,AAL2198 ,United States,1751325544.0,1751325544,-96.4541,32.8662,5173.98,False,193.5,73.15,5.2,,5455.92,3652,False,0,2025-06-30 23:19:04
a4996b,DAL1021 ,United States,1751325544.0,1751325544,-80.3789,28.5134,4937.76,False,223.09,74.07,6.18,,5219.7,7330,False,0,2025-06-30 23:19:04
a8690e,CSQ102  ,United States,1751325543.0,1751325543,-79.7301,25.3901,2697.48,False,135.18,285.68,0.65,,2819.4,,False,0,2025-06-30 23:19:04
c02098,HRT738  ,Canada,1751325544.0,1751325544,-79.3318,43.7437,1249.68,False,119.47,24.69,0.98,,1234.44,5507,False,0,2025-06-30 23:19:04
a2467a,MXY121  ,United States,1751325543.0,1751325543,-89.8472,34.638,11887.2,False,240.06,54.95,0.0,,12588.24,6774,False,0,2025-06-30 23:19:04
adeb7b,N9961U  ,United States,1751325338.0,1751325338,-85.2041,43.6939,1562.1,False,46.43,12.8,0.65,,1531.62,,False,0,2025-06-30 23:19:04
a61644,N49104  ,United States,1751325544.0,1751325544,-81.6346,28.2674,731.52,False,23.43,261.16,0.65,,777.24,1275,False,0,2025-06-30 23:19:04
a3795a,JBU677  ,United States,1751325544.0,1751325544,-77.9764,34.9773,11277.6,False,223.44,38.27,0.0,,11925.3,2123,False,0,2025-06-30 23:19:04
c07b05,ACA495  ,Canada,1751325542.0,1751325542,-73.7927,45.4418,601.98,False,88.79,223.59,7.48,,571.5,,False,0,2025-06-30 23:19:04
ab274c,KOW818  ,United States,1751325542.0,1751325543,-114.2563,38.8589,14333.22,False,257.57,144.18,0.0,,14996.16,,False,0,2025-06-30 23:19:04
a8da73,MAD67   ,United States,1751325544.0,1751325544,-75.6019,42.1684,7010.4,False,225.91,88.56,0.0,,7345.68,0431,False,0,2025-06-30 23:19:04
c058cd,ROU1646 ,Canada,1751325543.0,1751325543,-77.3047,35.4143,10980.42,False,249.32,192.03,0.0,,11597.64,1527,False,0,2025-06-30 23:19:04
a2463c,N2459Y  ,United States,1751325543.0,1751325543,-71.1616,42.1702,236.22,False,37.25,147.41,3.58,,213.36,,False,0,2025-06-30 23:19:04
ac340a,SWA3736 ,United States,1751325544.0,1751325544,-85.0857,30.5058,11582.4,False,227.78,289.25,0.0,,12252.96,6253,False,0,2025-06-30 23:19:04
a3661f,AAL2982 ,United States,1751325544.0,1751325544,-84.1391,26.4393,10972.8,False,224.55,313.24,0.0,,11597.64,,False,0,2025-06-30 23:19:04
a22003,ENY4132 ,United States,1751325544.0,1751325544,-95.8557,34.0099,6736.08,False,204.0,228.07,-9.1,,7132.32,1342,False,0,2025-06-30 23:19:04
c058c3,ACA2124 ,Canada,1751325542.0,1751325542,-67.5328,46.7843,12496.8,False,271.94,74.75,-0.33,,13022.58,0563,False,0,2025-06-30 23:19:04
c058bf,ACA921  ,Canada,1751325544.0,1751325544,-77.4679,44.6042,8389.62,False,194.3,239.97,-11.05,,8785.86,0703,False,0,2025-06-30 23:19:04
c058be,ACA788  ,Canada,1751325543.0,1751325543,-79.6165,43.6723,,True,4.12,326.25,,,,7367,False,0,2025-06-30 23:19:04
adb723,JBU734  ,United States,1751325543.0,1751325543,-114.8059,40.9622,10058.4,False,249.78,72.87,0.0,,10584.18,,False,0,2025-06-30 23:19:04
484fff,KLM695  ,Kingdom of the Netherlands,1751325543.0,1751325544,-75.2144,46.1871,11582.4,False,227.17,235.52,0.0,,12100.56,,False,0,2025-06-30 23:19:04
a04e00,DAL496  ,United States,1751325542.0,1751325542,-73.7845,40.6536,,True,4.89,255.94,,,,,False,0,2025-06-30 23:19:04
a3c940,VJA343  ,United States,1751325544.0,1751325544,-76.1562,37.6179,13106.4,False,243.33,212.48,0.33,,13784.58,1511,False,0,2025-06-30 23:19:04
ac3430,SWC2102 ,United States,1751325544.0,1751325544,-86.7915,36.0826,1318.26,False,121.69,263.45,13.98,,1363.98,,False,0,2025-06-30 23:19:04
ac7aa9,DAL2627 ,United States,1751325515.0,1751325515,-81.5863,30.765,3017.52,False,154.8,29.46,12.03,,2964.18,,False,0,2025-06-30 23:19:04
a4732c,SLH386  ,United States,1751325381.0,1751325381,-111.962,40.7917,,True,7.46,140.62,,,,3241,False,0,2025-06-30 23:19:04
44003f,AUA74   ,Austria,1751325535.0,1751325535,-73.7347,45.4825,,True,3.6,295.31,,,,,False,0,2025-06-30 23:19:04
ac210e,SWA3167 ,United States,1751325543.0,1751325544,-119.6962,35.7645,11582.4,False,237.39,320.1,0.0,,12176.76,2443,False,0,2025-06-30 23:19:04
ad675d,DAL2573 ,United States,1751325543.0,1751325543,-74.6201,41.0459,3048.0,False,189.11,327.78,0.0,,3192.78,1677,False,0,2025-06-30 23:19:04
ac3446,EJM1    ,United States,1751325543.0,1751325543,-86.7055,38.7,14325.6,False,220.09,261.4,0.0,,14927.58,3437,False,0,2025-06-30 23:19:04
a74923,JBU2129 ,United States,1751325544.0,1751325544,-73.7751,40.6509,,True,0.0,120.94,,,,,False,0,2025-06-30 23:19:04
ac8dde,LTA908  ,United States,1751325544.0,1751325544,-79.4309,35.0063,2430.78,False,57.14,272.06,0.0,,2545.08,,False,0,2025-06-30 23:19:04
a88a7b,N65BA   ,United States,1751325543.0,1751325543,-94.6534,38.1125,7010.4,False,138.85,159.62,-0.33,,7437.12,,False,0,2025-06-30 23:19:04
ad6755,ASA509  ,United States,1751325544.0,1751325544,-118.5926,45.1561,11277.6,False,245.37,125.36,0.33,,11788.14,1563,False,0,2025-06-30 23:19:04
ab013c,SCX425  ,United States,1751325477.0,1751325477,-118.3727,33.9384,106.68,False,72.1,262.62,-3.58,,68.58,3631,False,0,2025-06-30 23:19:04
e80047,VIV7401 ,Chile,1751325350.0,1751325350,-100.1172,25.781,,True,4.37,210.94,,,,,False,0,2025-06-30 23:19:04
ac7aba,ASI414  ,United States,1751325543.0,1751325543,-112.5189,33.7644,1767.84,False,57.11,97.77,-2.6,,1805.94,1200,False,0,2025-06-30 23:19:04
ad4105,AAL3160 ,United States,1751325543.0,1751325543,-72.7163,42.5438,7322.82,False,156.67,304.16,-0.33,,7688.58,3156,False,0,2025-06-30 23:19:04
a7ccce,SKW5623 ,United States,1751325544.0,1751325544,-103.1725,41.0832,9753.6,False,222.87,181.85,-0.33,,10271.76,,False,0,2025-06-30 23:19:04
a04e2b,CWG119  ,United States,1751325543.0,1751325543,-104.8953,38.0615,12496.8,False,243.69,132.01,0.0,,13114.02,1632,False,0,2025-06-30 23:19:04
a89ccc,NKS2680 ,United States,1751325543.0,1751325543,-109.7501,38.4816,11590.02,False,229.17,244.18,-0.33,,12222.48,6714,False,0,2025-06-30 23:19:04
ae1e62,CREEP31 ,United States,1751325544.0,1751325544,-97.589,36.4703,3192.78,False,129.25,79.45,-3.58,,3368.04,,False,0,2025-06-30 23:19:04
a6f00d,AAL2165 ,United States,1751325251.0,1751325251,-75.1956,39.8806,144.78,False,82.35,255.53,-4.23,,137.16,6756,False,0,2025-06-30 23:19:04
a9c631,NKS2710 ,United States,1751325541.0,1751325541,-84.4307,33.6368,,True,5.4,50.62,,,,0254,False,0,2025-06-30 23:19:04
c04671,ROU1564 ,Canada,1751325543.0,1751325543,-71.3427,45.4137,9265.92,False,268.97,82.2,5.2,,9700.26,,False,0,2025-06-30 23:19:04
a9d96f,N7336W  ,United States,1751325542.0,1751325543,-107.077,32.2823,1981.2,False,47.77,67.85,-0.98,,2065.02,,False,0,2025-06-30 23:19:04
440002,AUA82   ,Austria,1751325543.0,1751325543,-115.1299,40.8507,10058.4,False,264.76,37.74,0.0,,10599.42,,False,0,2025-06-30 23:19:04
c0466c,ROU1673 ,Canada,1751325544.0,1751325544,-77.9542,34.6273,11277.6,False,225.94,1.7,0.0,,11917.68,5746,False,0,2025-06-30 23:19:04
a6036d,N487JL  ,United States,1751325543.0,1751325543,-121.9645,43.2585,13106.4,False,250.35,327.84,0.33,,13716.0,,False,0,2025-06-30 23:19:04
a258b4,CSI502  ,United States,1751325543.0,1751325544,-97.7047,31.7713,3947.16,False,107.25,220.72,0.0,,4160.52,5657,False,0,2025-06-30 23:19:04
a8697f,FFT3283 ,United States,1751325543.0,1751325543,-109.0574,32.1987,10363.2,False,232.37,285.14,0.0,,10972.8,7317,False,0,2025-06-30 23:19:04
adc8e7,AAL186  ,United States,1751325543.0,1751325544,-98.831,30.9785,9753.6,False,240.36,279.36,0.0,,10363.2,7656,False,0,2025-06-30 23:19:04
a0e086,AAL2635 ,United States,1751325543.0,1751325544,-109.1736,32.2513,10668.0,False,247.87,96.2,0.0,,11292.84,7341,False,0,2025-06-30 23:19:04
a47377,N386VH  ,United States,1751325544.0,1751325544,-92.8781,43.1132,2423.16,False,72.92,249.78,0.0,,2476.5,,False,0,2025-06-30 23:19:04
aa3ae9,UAL1828 ,United States,1751325329.0,1751325331,-87.9318,41.9775,,True,7.2,0.0,,,,3227,False,0,2025-06-30 23:19:04
abab67,DAL765  ,United States,1751325543.0,1751325543,-93.6869,43.513,10363.2,False,201.44,273.07,0.0,,10698.48,7143,False,0,2025-06-30 23:19:04
ac32f2,SWA1202 ,United States,1751325543.0,1751325543,-80.4881,26.0785,1402.08,False,100.83,89.71,-2.28,,1501.14,1417,False,0,2025-06-30 23:19:04
ab5b8c,SWA3823 ,United States,1751325543.0,1751325543,-89.173,41.8188,7551.42,False,188.41,274.7,7.48,,7863.84,1304,False,0,2025-06-30 23:19:04
a5d044,N474DC  ,United States,1751325544.0,1751325544,-75.0955,39.399,1188.72,False,91.46,110.07,-2.28,,1196.34,1200,False,0,2025-06-30 23:19:04
aa3ae4,UAL501  ,United States,1751325543.0,1751325543,-82.5544,27.9268,5958.84,False,196.13,111.38,-2.28,,6309.36,2131,False,0,2025-06-30 23:19:04
a5d04e,N474DN  ,United States,1751325290.0,1751325290,-93.7392,42.7189,533.4,False,32.72,323.31,-4.88,,525.78,,False,0,2025-06-30 23:19:04
aa3ae2,UAL1577 ,United States,1751325416.0,1751325462,-115.3528,38.6275,10972.8,False,232.01,252.45,0.33,,11559.54,,False,0,2025-06-30 23:19:04
a97659,N709DS  ,United States,1751325543.0,1751325543,-95.4506,45.0533,13723.62,False,286.59,102.44,-0.65,,14188.44,,False,0,2025-06-30 23:19:04
44001e,AUA94   ,Austria,1751325544.0,1751325544,-69.4044,43.4144,10668.0,False,244.89,46.45,0.0,,11163.3,6256,False,0,2025-06-30 23:19:04
a35388,AAL832  ,United States,1751325544.0,1751325544,-110.5794,35.1419,9791.7,False,241.34,48.8,7.15,,10347.96,2604,False,0,2025-06-30 23:19:04
ac7b87,NKS2093 ,United States,1751325544.0,1751325544,-79.7584,40.9151,10980.42,False,235.08,194.71,0.0,,11612.88,5416,False,0,2025-06-30 23:19:04
a6bfe8,GJS4183 ,United States,1751325544.0,1751325544,-87.7859,41.9883,701.04,False,98.77,269.7,-7.15,,670.56,6520,False,0,2025-06-30 23:19:04
a3a351,N3330E  ,United States,1751325543.0,1751325544,-71.5624,42.7973,426.72,False,49.56,41.63,-3.58,,373.38,1200,False,0,2025-06-30 23:19:04
a005f7,N100NY  ,United States,1751325501.0,1751325501,-119.6564,34.6491,2956.56,False,82.53,305.87,-1.3,,3086.1,1200,False,0,2025-06-30 23:19:04
ac7b8a,AAL2142 ,United States,1751325544.0,1751325544,-95.0038,32.9297,9700.26,False,222.07,83.62,3.9,,10294.62,6266,False,0,2025-06-30 23:19:04
c0596b,CGHWK   ,Canada,1751325280.0,1751325285,-75.2838,46.4046,1394.46,False,50.54,308.39,0.0,,1386.84,,False,0,2025-06-30 23:19:04
a73659,LXJ564  ,United States,1751325543.0,1751325543,-110.563,32.9864,13098.78,False,233.83,285.96,-0.33,,13807.44,2636,False,0,2025-06-30 23:19:04
a97626,SKW5135 ,United States,1751325543.0,1751325543,-90.8405,42.3645,8534.4,False,205.86,294.2,0.0,,8862.06,3613,False,0,2025-06-30 23:19:04
a91fcf,N68713  ,United States,1751325543.0,1751325544,-123.1127,45.3677,762.0,False,34.98,0.0,0.33,,762.0,,False,0,2025-06-30 23:19:04
ae1e96,ROVE67  ,United States,1751325543.0,1751325543,-100.7895,30.8316,1958.34,False,122.59,212.49,-2.6,,2065.02,,False,0,2025-06-30 23:19:04
a005d9,N100MT  ,United States,1751325543.0,1751325543,-108.2894,37.5011,3992.88,False,104.18,145.05,0.33,,4221.48,,False,0,2025-06-30 23:19:04
a04e60,RPA4781 ,United States,1751325543.0,1751325544,-73.6394,40.7749,609.6,False,98.74,236.48,0.0,,617.22,7055,False,0,2025-06-30 23:19:04
a8b926,NKS8861 ,United States,1751325514.0,1751325514,-74.1676,40.6995,,True,0.0,5.62,,,,,False,0,2025-06-30 23:19:04
ad9b94,SKW5240 ,United States,1751325544.0,1751325544,-106.1194,40.7647,8572.5,False,215.32,146.99,-6.5,,9067.8,,False,0,2025-06-30 23:19:04
ae1e9d,JAVAN72 ,United States,1751325543.0,1751325543,-100.7424,30.6043,1981.2,False,134.61,207.54,0.0,,2087.88,,False,0,2025-06-30 23:19:04
a74992,JIA5127 ,United States,1751325544.0,1751325544,-85.3384,35.1374,1143.0,False,145.12,57.15,-8.13,,1181.1,3460,False,0,2025-06-30 23:19:04
a78ffa,ASA9    ,United States,1751325544.0,1751325544,-88.2499,40.6181,10972.8,False,225.12,298.38,-0.33,,11529.06,2560,False,0,2025-06-30 23:19:04
aa3b05,UAL1221 ,United States,1751325544.0,1751325544,-119.2445,34.1893,3810.0,False,180.09,91.15,-4.88,,3962.4,,False,0,2025-06-30 23:19:04
a39b39,AAL2669 ,United States,1751325539.0,1751325541,-79.4704,28.4376,9448.8,False,227.06,16.59,0.0,,9944.1,2151,False,0,2025-06-30 23:19:04
a485c3,N3904X  ,United States,1751325544.0,1751325544,-90.8625,30.1983,579.12,False,57.5,56.31,2.28,,609.6,,False,0,2025-06-30 23:19:04
a748bc,DAL72   ,United States,1751325543.0,1751325543,-77.6685,37.6113,11277.6,False,247.88,48.7,0.0,,11948.16,3371,False,0,2025-06-30 23:19:04
a1be72,ENY3867 ,United States,1751325543.0,1751325543,-87.9431,38.4116,10363.2,False,203.03,223.77,0.0,,10934.7,2125,False,0,2025-06-30 23:19:04
a95097,N7HM    ,United States,1751325543.0,1751325543,-86.81,31.2085,10668.0,False,193.5,96.1,0.33,,11277.6,7447,False,0,2025-06-30 23:19:04
a41e2c,UAL2417 ,United States,1751325543.0,1751325544,-103.3157,39.5667,10363.2,False,229.89,250.79,0.33,,10919.46,7003,False,0,2025-06-30 23:19:04
a2cb14,UAL1227 ,United States,1751325543.0,1751325543,-122.0899,37.5279,1196.34,False,124.19,291.89,-7.48,,1203.96,1670,False,0,2025-06-30 23:19:04
a39b20,N331SK  ,United States,1751325543.0,1751325543,-95.5829,29.7713,1805.94,False,128.25,129.63,0.0,,1912.62,7775,False,0,2025-06-30 23:19:04
a365c9,AAY99   ,United States,1751325544.0,1751325544,-105.4734,35.2826,10965.18,False,230.23,274.74,0.33,,11597.64,,False,0,2025-06-30 23:19:04
a77e2a,N582JM  ,United States,1751325543.0,1751325543,-95.545,33.8882,9654.54,False,198.97,209.08,5.2,,10264.14,6207,False,0,2025-06-30 23:19:04
a7ce03,N6015F  ,United States,1751325543.0,1751325543,-96.243,32.8069,685.8,False,39.24,145.68,-3.58,,685.8,1200,False,0,2025-06-30 23:19:04
a365b7,DAL2443 ,United States,1751325543.0,1751325544,-82.6832,42.4246,2522.22,False,141.74,263.96,-8.13,,2575.56,1536,False,0,2025-06-30 23:19:04
a498be,N3957W  ,United States,1751325543.0,1751325543,-81.9612,32.7367,2872.74,False,65.35,91.35,-0.33,,3032.76,1200,False,0,2025-06-30 23:19:04
a03b6d,DAL1035 ,United States,1751325544.0,1751325544,-79.9547,33.2879,9700.26,False,221.9,44.62,5.53,,10287.0,1602,False,0,2025-06-30 23:19:04
a615d0,SWA3459 ,United States,1751325543.0,1751325543,-91.6553,38.4953,12192.0,False,220.02,305.77,0.33,,12832.08,3016,False,0,2025-06-30 23:19:04
a41e29,UAL1101 ,United States,1751325544.0,1751325544,-104.0463,31.0729,10363.2,False,233.08,271.01,-0.33,,10995.66,3047,False,0,2025-06-30 23:19:04
ac8e1d,AAL3118 ,United States,1751325544.0,1751325544,-72.8321,40.4397,10972.8,False,235.16,203.87,-0.33,,11590.02,3564,False,0,2025-06-30 23:19:04
ab6e4a,N8357R  ,United States,1751325543.0,1751325543,-96.6653,31.8079,1432.56,False,44.56,143.92,-0.33,,1485.9,,False,0,2025-06-30 23:19:04
406947,BAW28K  ,United Kingdom,1751325542.0,1751325543,-113.0678,46.9978,10972.8,False,234.0,213.79,0.0,,11475.72,,False,0,2025-06-30 23:19:04
a15b4c,EDV5152 ,United States,1751325544.0,1751325544,-86.3699,35.8981,3025.14,False,147.78,313.03,-3.9,,3162.3,5730,False,0,2025-06-30 23:19:04
a41e94,UAL2298 ,United States,1751325544.0,1751325544,-115.1067,36.1414,1089.66,False,81.75,263.86,-3.9,,1074.42,,False,0,2025-06-30 23:19:04
a9636c,N704AB  ,United States,1751325374.0,1751325377,-83.7577,40.39,617.22,False,52.08,249.78,-4.23,,563.88,,False,0,2025-06-30 23:19:04
aca8c1,N9146R  ,United States,1751325544.0,1751325544,-75.6879,40.7897,4876.8,False,87.98,181.01,0.98,,5090.16,3443,False,0,2025-06-30 23:19:04
a41e90,UAL2299 ,United States,1751325543.0,1751325544,-88.4436,43.1195,9753.6,False,203.25,271.16,0.0,,10157.46,3074,False,0,2025-06-30 23:19:04
a4e8b4,SWA137  ,United States,1751325543.0,1751325544,-97.7342,30.4073,1005.84,False,86.76,117.93,-5.2,,1074.42,2262,False,0,2025-06-30 23:19:04
a508c5,SWA2310 ,United States,1751325543.0,1751325544,-77.5848,38.5941,4526.28,False,187.54,247.59,5.85,,4762.5,2112,False,0,2025-06-30 23:19:04
a2de7e,SKW3533 ,United States,1751325353.0,1751325353,-117.865,33.6818,45.72,False,61.22,208.07,-2.93,,22.86,4620,False,0,2025-06-30 23:19:04
ad9b28,AAL2909 ,United States,1751325515.0,1751325515,-80.9693,35.2473,350.52,False,75.83,175.72,-3.9,,396.24,5470,False,0,2025-06-30 23:19:04
abab21,CXK1102 ,United States,1751325543.0,1751325543,-97.0707,32.5802,594.36,False,57.15,346.46,2.93,,586.74,,False,0,2025-06-30 23:19:04
a41e74,UAL486  ,United States,1751325544.0,1751325544,-103.9643,40.1898,4488.18,False,153.25,281.42,-1.95,,4754.88,7472,False,0,2025-06-30 23:19:04
a9767f,TSU7122 ,United States,1751325289.0,1751325289,-117.1887,32.7345,,True,9.77,106.88,,,,,False,0,2025-06-30 23:19:04
ab5b66,SWA3323 ,United States,1751325542.0,1751325543,-93.9438,31.7709,10668.0,False,239.71,34.07,0.33,,11315.7,4035,False,0,2025-06-30 23:19:04
a39b56,UPS7805 ,United States,1751325544.0,1751325544,-79.3559,26.2571,7673.34,False,235.82,63.43,16.26,,8061.96,,False,0,2025-06-30 23:19:04
a365f8,EJA318  ,United States,1751325543.0,1751325543,-85.4243,41.8162,12496.8,False,216.9,142.61,-0.33,,13075.92,2406,False,0,2025-06-30 23:19:04
a97693,CXK479  ,United States,1751325543.0,1751325543,-84.2768,34.0335,1264.92,False,53.68,102.17,-3.58,,1303.02,0715,False,0,2025-06-30 23:19:04
a12731,UAL1325 ,United States,1751325543.0,1751325543,-87.5672,42.2666,10972.8,False,204.01,261.3,0.0,,11490.96,1625,False,0,2025-06-30 23:19:04
a12735,UAL2496 ,United States,1751325543.0,1751325544,-101.4664,39.6356,10668.0,False,257.23,70.73,0.0,,11224.26,1010,False,0,2025-06-30 23:19:04
a7ce70,N6018K  ,United States,1751325543.0,1751325543,-105.1633,40.1814,1767.84,False,55.23,297.76,-0.65,,1866.9,,False,0,2025-06-30 23:19:04
a9c5c5,JBU534  ,United States,1751325544.0,1751325544,-80.74,28.4986,9052.56,False,233.53,64.0,3.9,,9555.48,2164,False,0,2025-06-30 23:19:04
ac8cf1,AAL1761 ,United States,1751325544.0,1751325544,-89.6601,36.427,11269.98,False,251.0,51.91,0.0,,11940.54,3640,False,0,2025-06-30 23:19:04
a9c5c2,N729HZ  ,United States,1751325543.0,1751325543,-92.9987,40.8886,10668.0,False,281.61,83.6,0.0,,11186.16,3220,False,0,2025-06-30 23:19:04
a89e79,N65439  ,United States,1751325539.0,1751325539,-80.9504,35.6845,579.12,False,45.48,142.35,0.65,,594.36,,False,0,2025-06-30 23:19:04
a77e8f,JIA5136 ,United States,1751325544.0,1751325544,-81.6249,34.7127,5867.4,False,182.3,51.42,-7.48,,6210.3,6454,False,0,2025-06-30 23:19:04
a88b46,N65KD   ,United States,1751325543.0,1751325543,-123.0134,45.0954,1295.4,False,53.11,134.22,1.95,,1318.26,,False,0,2025-06-30 23:19:04
aa3b84,AMX410  ,United States,1751325543.0,1751325543,-93.9691,31.074,11277.6,False,244.18,39.36,0.0,,11955.78,7437,False,0,2025-06-30 23:19:04
acdcc0,JSX471  ,United States,1751325544.0,1751325544,-111.8898,33.7367,1371.6,False,99.45,176.74,-7.8,,1371.6,3271,False,0,2025-06-30 23:19:04
a16db9,AAL1401 ,United States,1751325543.0,1751325543,-74.6191,38.8634,9159.24,False,242.83,222.68,0.0,,9677.4,7175,False,0,2025-06-30 23:19:04
ad5329,JBU309  ,United States,1751325544.0,1751325544,-72.1603,39.4591,7132.32,False,243.84,151.11,3.25,,7513.32,2777,False,0,2025-06-30 23:19:04
a24720,RPA5665 ,United States,1751325544.0,1751325544,-75.008,39.701,9220.2,False,233.09,38.01,-5.2,,9768.84,2154,False,0,2025-06-30 23:19:04
a1272d,UAL679  ,United States,1751325544.0,1751325544,-118.087,33.9672,1478.28,False,105.16,263.26,-5.85,,1516.38,7410,False,0,2025-06-30 23:19:04
aa3b75,N75898  ,United States,1751325543.0,1751325543,-122.3802,48.8784,1082.04,False,50.06,129.58,1.63,,1120.14,,False,0,2025-06-30 23:19:04
a988f0,DAL564  ,United States,1751325544.0,1751325544,-91.307,36.5207,11887.2,False,242.54,94.5,0.0,,12542.52,3160,False,0,2025-06-30 23:19:04
ac2038,SWA491  ,United States,1751325541.0,1751325542,-111.4908,37.3057,9997.44,False,234.35,241.41,-5.2,,10553.7,3523,False,0,2025-06-30 23:19:04
a64b96,N5043J  ,United States,1751325538.0,1751325543,-122.1125,37.4579,,True,0.0,137.81,,,,1200,False,0,2025-06-30 23:19:04
ac335b,SWA3092 ,United States,1751325544.0,1751325544,-89.7713,41.6669,8656.32,False,202.5,257.98,6.18,,9037.32,3552,False,0,2025-06-30 23:19:04
a8a5bf,N65624  ,United States,1751325416.0,1751325483,-82.1756,28.3365,182.88,False,53.51,88.9,0.65,,205.74,,False,0,2025-06-30 23:19:04
a88b64,LN65LJ  ,United States,1751325543.0,1751325544,-78.8569,34.8076,12192.0,False,240.97,217.02,-0.33,,12862.56,6636,False,0,2025-06-30 23:19:04
3c4b23,DLH419  ,Germany,1751325544.0,1751325544,-77.4573,38.9413,,True,1.8,180.0,,,,,False,0,2025-06-30 23:19:04
adb656,AAL1027 ,United States,1751325535.0,1751325536,-80.474,25.1091,5387.34,False,202.11,192.2,11.05,,5684.52,,False,0,2025-06-30 23:19:04
a04db6,N119AV  ,United States,1751325543.0,1751325543,-117.0642,32.8129,883.92,False,57.82,113.6,-1.3,,822.96,,False,0,2025-06-30 23:19:04
3c15c1,OCN11   ,Germany,1751325543.0,1751325544,-114.4177,36.2086,3200.4,False,125.89,241.97,-4.23,,3375.66,,False,0,2025-06-30 23:19:04
a1270b,UAL2252 ,United States,1751325544.0,1751325544,-77.0291,38.5007,11277.6,False,238.99,73.75,0.0,,11932.92,3725,False,0,2025-06-30 23:19:04
a1270f,UAL1433 ,United States,1751325543.0,1751325543,-94.9653,29.9773,891.54,False,114.72,270.0,0.0,,944.88,,False,0,2025-06-30 23:19:04
ac337e,SWA3244 ,United States,1751325544.0,1751325544,-90.7634,42.6226,11277.6,False,279.19,80.99,0.0,,11734.8,1452,False,0,2025-06-30 23:19:04
a12778,UAL2651 ,United States,1751325543.0,1751325543,-98.6972,42.3392,10972.8,False,221.01,241.35,0.0,,11445.24,1167,False,0,2025-06-30 23:19:04
ad402f,DAL880  ,United States,1751325543.0,1751325543,-86.1745,36.2603,10066.02,False,235.64,180.75,-0.33,,10668.0,5704,False,0,2025-06-30 23:19:04
a602ab,ASA517  ,United States,1751325543.0,1751325543,-82.8398,26.0029,9753.6,False,233.03,300.07,0.0,,10317.48,,False,0,2025-06-30 23:19:04
a5e2a1,ATN3345 ,United States,1751325542.0,1751325543,-120.6187,34.1597,9448.8,False,237.49,247.99,0.0,,9875.52,7452,False,0,2025-06-30 23:19:04
a735d7,ASA975  ,United States,1751325543.0,1751325543,-112.0066,34.7324,9212.58,False,226.78,354.79,5.53,,9723.12,2673,False,0,2025-06-30 23:19:04
ae6031,MAKO69  ,United States,1751325544.0,1751325544,-120.2048,37.3454,1722.12,False,73.92,145.2,0.0,,1744.98,1200,False,0,2025-06-30 23:19:04
a04dfa,DAL957  ,United States,1751325544.0,1751325544,-86.2767,35.5583,10066.02,False,241.77,150.0,0.0,,10675.62,6325,False,0,2025-06-30 23:19:04
a4870d,FFT1416 ,United States,1751325544.0,1751325544,-82.7489,28.2774,1744.98,False,108.59,88.37,-8.45,,1851.66,4755,False,0,2025-06-30 23:19:04
a868d2,N6409D  ,United States,1751325544.0,1751325544,-117.1172,32.8074,259.08,False,32.29,292.48,-0.65,,198.12,,False,0,2025-06-30 23:19:04
ab38a1,DAL937  ,United States,1751325544.0,1751325544,-84.853,33.4825,3642.36,False,157.91,21.8,0.0,,3825.24,5647,False,0,2025-06-30 23:19:04
ad5398,AAL2338 ,United States,1751325544.0,1751325544,-74.075,39.3593,10058.4,False,239.77,40.39,0.0,,10645.14,2003,False,0,2025-06-30 23:19:04
ac2082,SWA469  ,United States,1751325544.0,1751325544,-96.6586,32.4745,10668.0,False,251.7,63.8,0.0,,11346.18,4026,False,0,2025-06-30 23:19:04
a602ce,N487CB  ,United States,1751325543.0,1751325543,-104.4789,39.6132,3558.54,False,150.9,50.39,-0.33,,3779.52,,False,0,2025-06-30 23:19:04
a03ab8,N1137U  ,United States,1751325543.0,1751325543,-118.1513,33.6967,1394.46,False,53.92,299.74,0.0,,1394.46,,False,0,2025-06-30 23:19:04
a76b3c,N5773S  ,United States,1751325544.0,1751325544,-118.7333,47.9057,3185.16,False,94.56,296.84,-0.65,,3329.94,,False,0,2025-06-30 23:19:04
a2471c,N246JL  ,United States,1751325543.0,1751325544,-73.4794,42.7806,5356.86,False,186.39,240.39,0.0,,5600.7,1340,False,0,2025-06-30 23:19:04
a9509a,N7HQ    ,United States,1751325534.0,1751325543,-119.0196,37.6919,4495.8,False,59.88,323.03,-4.88,,4739.64,,False,0,2025-06-30 23:19:04
a842a9,NKS2173 ,United States,1751325510.0,1751325543,-94.3291,30.6002,4815.84,False,175.16,246.82,-5.53,,5113.02,4177,False,0,2025-06-30 23:19:04
a722b1,AAL1321 ,United States,1751325543.0,1751325543,-117.2697,34.24,10050.78,False,247.26,106.44,-0.33,,10584.18,3262,False,0,2025-06-30 23:19:04
aa4e47,SKW4929 ,United States,1751325544.0,1751325544,-106.8879,36.9758,6583.68,False,199.72,82.6,11.05,,6979.92,,False,0,2025-06-30 23:19:04
a16dd7,AMF1561 ,United States,1751325543.0,1751325543,-71.9328,43.1526,2225.04,False,125.19,115.3,-4.55,,2301.24,5361,False,0,2025-06-30 23:19:04
a4c2f8,AAL1502 ,United States,1751325544.0,1751325544,-117.0782,34.0208,5844.54,False,200.88,262.35,-9.1,,6149.34,6723,False,0,2025-06-30 23:19:04
ab38aa,DAL2654 ,United States,1751325543.0,1751325544,-93.1615,44.0019,5052.06,False,192.9,346.11,-10.4,,5234.94,3132,False,0,2025-06-30 23:19:04
a65e8c,N5096C  ,United States,1751325399.0,1751325399,-93.4358,44.8238,381.0,False,36.7,301.24,-4.55,,381.0,,False,0,2025-06-30 23:19:04
a8b8b9,PDT5982 ,United States,1751325544.0,1751325544,-82.6322,36.2095,7239.0,False,199.44,305.66,4.55,,7658.1,7421,False,0,2025-06-30 23:19:04
a36713,N3181Q  ,United States,1751325543.0,1751325543,-84.4382,33.7631,617.22,False,54.54,295.11,0.0,,601.98,,False,0,2025-06-30 23:19:04
ab2854,AAY2720 ,United States,1751325544.0,1751325544,-82.8813,29.0821,7010.4,False,206.43,348.35,4.23,,7399.02,3754,False,0,2025-06-30 23:19:04
a3b768,TKR885  ,United States,1751325543.0,1751325543,-102.579,43.5057,1950.72,False,83.15,259.66,-0.98,,2080.26,,False,0,2025-06-30 23:19:04
a1146e,N169PM  ,United States,1751325544.0,1751325544,-116.6151,47.9484,1691.64,False,51.86,53.47,-2.28,,1752.6,,False,0,2025-06-30 23:19:04
ab284d,AAL3030 ,United States,1751325543.0,1751325544,-95.344,38.8528,3413.76,False,154.53,56.68,-4.55,,3566.16,3632,False,0,2025-06-30 23:19:04
ab151d,N813GF  ,United States,1751325543.0,1751325543,-82.171,28.1666,548.64,False,40.18,182.94,2.93,,594.36,,False,0,2025-06-30 23:19:04
a48759,JRE391  ,United States,1751325543.0,1751325543,-84.315,35.8939,3589.02,False,161.15,45.39,-4.88,,3771.9,2760,False,0,2025-06-30 23:19:04
ac4843,SWA2965 ,United States,1751325543.0,1751325543,-85.5107,32.7425,7315.2,False,214.64,53.87,0.0,,7749.54,4003,False,0,2025-06-30 23:19:04
a0f46f,DAL204  ,United States,1751325543.0,1751325543,-71.9315,44.0017,10668.0,False,244.48,35.06,0.0,,11209.02,1722,False,0,2025-06-30 23:19:04
ac8eb4,WUP908  ,United States,1751325543.0,1751325543,-77.673,39.2266,1729.74,False,151.02,86.48,-8.45,,1775.46,1751,False,0,2025-06-30 23:19:04
a58103,AAL399  ,United States,1751325544.0,1751325544,-101.3642,32.0009,9738.36,False,240.33,327.5,-0.33,,10363.2,6466,False,0,2025-06-30 23:19:04
a0079d,N1004E  ,United States,1751325543.0,1751325543,-121.827,37.5132,944.88,False,39.8,333.1,-3.58,,929.64,1200,False,0,2025-06-30 23:19:04
a12796,UAL2691 ,United States,1751325544.0,1751325544,-76.6831,36.2787,10972.8,False,245.32,202.05,0.0,,11612.88,7104,False,0,2025-06-30 23:19:04
a60430,N487SF  ,United States,1751325398.0,1751325398,-96.8621,32.6795,,True,0.0,312.19,,,,1165,False,0,2025-06-30 23:19:04
a12799,UAL526  ,United States,1751325543.0,1751325543,-111.4892,36.9138,10668.0,False,243.97,65.06,0.0,,11254.74,,False,0,2025-06-30 23:19:04
a1277b,UAL698  ,United States,1751325544.0,1751325544,-84.8143,35.9215,10363.2,False,241.12,254.66,0.0,,10995.66,2523,False,0,2025-06-30 23:19:04
a39aa3,N331MK  ,United States,1751325544.0,1751325544,-73.1437,40.6313,792.48,False,31.75,153.02,-0.65,,792.48,,False,0,2025-06-30 23:19:04
a35435,CXK687  ,United States,1751325399.0,1751325541,-72.6351,41.7525,190.5,False,32.49,190.95,4.23,,167.64,,False,0,2025-06-30 23:19:04
a3b796,DAL1987 ,United States,1751325543.0,1751325543,-79.4132,28.5193,10058.4,False,224.11,13.27,0.0,,10561.32,6705,False,0,2025-06-30 23:19:04
a24789,AAY1599 ,United States,1751325543.0,1751325543,-117.5329,44.6633,10965.18,False,224.22,284.48,0.33,,11490.96,,False,0,2025-06-30 23:19:04
ac8ee5,,United States,1751325398.0,1751325398,-118.3589,34.2114,,True,2.83,343.12,,,,,False,0,2025-06-30 23:19:04
a24782,ENY3932 ,United States,1751325544.0,1751325544,-77.2078,38.333,3482.34,False,180.49,16.73,-6.18,,3657.6,3132,False,0,2025-06-30 23:19:04
ab5bd4,SWA4210 ,United States,1751325539.0,1751325539,-111.9946,33.4321,,True,1.03,90.0,,,,,False,0,2025-06-30 23:19:04
a28dda,N264AA  ,United States,1751325542.0,1751325542,-81.1784,28.7707,198.12,False,38.16,266.13,-1.3,,213.36,0325,False,0,2025-06-30 23:19:04
acdea4,N9283A  ,United States,1751325543.0,1751325544,-122.4774,46.8978,1211.58,False,51.1,32.25,-0.65,,1249.68,,False,0,2025-06-30 23:19:04
ac486a,SWA1733 ,United States,1751325543.0,1751325543,-80.8601,31.7577,7680.96,False,246.15,203.14,-5.2,,8130.54,3727,False,0,2025-06-30 23:19:04
ab6efc,DAL2294 ,United States,1751325543.0,1751325543,-73.7245,40.684,266.7,False,78.7,211.09,-3.9,,251.46,4137,False,0,2025-06-30 23:19:04
440184,AUA66   ,Austria,1751325245.0,1751325397,-72.5883,48.0289,11887.2,False,271.89,57.75,0.0,,12352.02,6275,False,0,2025-06-30 23:19:04
ac3558,AAL1805 ,United States,1751325544.0,1751325544,-91.4777,33.4524,7315.2,False,220.07,230.69,0.0,,7749.54,7147,False,0,2025-06-30 23:19:04
ac4888,SWA1123 ,United States,1751325543.0,1751325544,-79.2261,36.61,4777.74,False,189.82,131.81,-10.4,,5044.44,3250,False,0,2025-06-30 23:19:04
ad6884,AAL831  ,United States,1751325543.0,1751325543,-80.9876,35.377,899.16,False,93.26,148.77,-0.33,,929.64,4376,False,0,2025-06-30 23:19:04
ad9bc8,AAL2361 ,United States,1751325543.0,1751325543,-113.6978,32.8154,10347.96,False,231.32,260.91,-0.33,,10949.94,2260,False,0,2025-06-30 23:19:04
acdef1,N9285H  ,United States,1751325543.0,1751325544,-118.4132,33.8947,1996.44,False,63.12,340.97,-0.33,,2026.92,,False,0,2025-06-30 23:19:04
a39ada,EDV5185 ,United States,1751325543.0,1751325543,-90.6762,32.4161,7315.2,False,217.11,89.32,7.48,,7757.16,,False,0,2025-06-30 23:19:04
a40abe,N36JC   ,United States,1751325544.0,1751325544,-122.8819,46.9799,335.28,False,48.58,174.53,-1.3,,358.14,,False,0,2025-06-30 23:19:04
ac8efa,EDV4942 ,United States,1751325416.0,1751325458,-73.8807,40.7797,,True,0.0,33.75,,,,,False,0,2025-06-30 23:19:04
ae1ed8,BB083   ,United States,1751325304.0,1751325326,-82.3136,29.7145,426.72,False,105.67,307.48,-0.65,,472.44,,False,0,2025-06-30 23:19:04
ada521,AAL1164 ,United States,1751325544.0,1751325544,-88.3521,36.267,7901.94,False,233.65,268.36,5.53,,8359.14,1675,False,0,2025-06-30 23:19:04
ada526,DAL2745 ,United States,1751325543.0,1751325543,-83.3351,42.2685,518.16,False,72.75,208.74,-3.58,,464.82,0561,False,0,2025-06-30 23:19:04
a6171d,CXK1017 ,United States,1751325540.0,1751325542,-117.8614,34.1084,944.88,False,53.75,320.83,3.25,,929.64,,False,0,2025-06-30 23:19:04
a36799,JBU201  ,United States,1751325518.0,1751325518,-78.7321,42.9352,,True,0.0,135.0,,,,1144,False,0,2025-06-30 23:19:04
ad6881,NKS2207 ,United States,1751325543.0,1751325544,-89.3419,29.6583,7284.72,False,208.53,66.6,8.45,,7726.68,,False,0,2025-06-30 23:19:04
a2347f,N241JA  ,United States,1751325543.0,1751325543,-87.2576,36.8193,1531.62,False,66.26,121.35,-2.28,,1546.86,,False,0,2025-06-30 23:19:04
ab00ce,AAL1855 ,United States,1751325543.0,1751325543,-111.1431,37.8942,10668.0,False,239.1,60.62,0.0,,11247.12,,False,0,2025-06-30 23:19:04
a03c24,N114MB  ,United States,1751325525.0,1751325525,-72.4801,41.328,441.96,False,51.74,340.84,-2.6,,434.34,,False,0,2025-06-30 23:19:04
a9b41d,N724TM  ,United States,1751325513.0,1751325513,-122.2715,47.8922,205.74,False,31.9,0.0,-1.63,,213.36,1200,False,0,2025-06-30 23:19:04
a95129,N7PH    ,United States,1751325543.0,1751325543,-121.5893,44.2559,3329.94,False,92.63,139.05,-1.3,,3489.96,4633,False,0,2025-06-30 23:19:04
44012f,AUA87   ,Austria,1751325543.0,1751325543,-72.6395,40.9699,3931.92,False,191.15,251.81,-10.73,,4152.9,2514,False,0,2025-06-30 23:19:04
a3c9a1,DAL2784 ,United States,1751325542.0,1751325542,-84.4281,33.6418,,True,0.0,312.19,,,,,False,0,2025-06-30 23:19:04
a8a785,JBU2134 ,United States,1751325543.0,1751325544,-80.1439,28.9227,5814.06,False,193.13,252.48,-9.1,,6164.58,3747,False,0,2025-06-30 23:19:04
a4616b,N3810T  ,United States,1751325544.0,1751325544,-80.5533,28.0058,426.72,False,42.57,133.53,-1.3,,441.96,1200,False,0,2025-06-30 23:19:04
a126c9,UAL2316 ,United States,1751325544.0,1751325544,-78.1979,42.2649,9867.9,False,256.7,51.59,-11.38,,10424.16,2476,False,0,2025-06-30 23:19:04
a04f75,AAL2840 ,United States,1751325544.0,1751325544,-87.1594,40.7314,7208.52,False,234.47,154.39,2.28,,7559.04,1354,False,0,2025-06-30 23:19:04
acdf9a,AAL1283 ,United States,1751325543.0,1751325544,-95.0899,37.9614,10058.4,False,256.35,112.91,0.0,,10607.04,,False,0,2025-06-30 23:19:04
a3c9c5,AAL2861 ,United States,1751325503.0,1751325503,-74.1851,40.6831,,True,0.45,5.62,,,,3526,False,0,2025-06-30 23:19:04
a9b402,SKW6422 ,United States,1751325544.0,1751325544,-96.8809,33.2281,1524.0,False,118.27,248.57,-0.33,,1584.96,2133,False,0,2025-06-30 23:19:04
aa3bfa,N759FE  ,United States,1751325544.0,1751325544,-104.7424,39.497,2148.84,False,77.85,315.0,-1.3,,2247.9,0034,False,0,2025-06-30 23:19:04
a2219e,N2363U  ,United States,1751325543.0,1751325544,-76.2869,43.4243,731.52,False,48.39,226.29,-4.23,,701.04,,False,0,2025-06-30 23:19:04
a3ff0e,CAP3957 ,United States,1751325519.0,1751325519,-82.8055,34.2684,1059.18,False,27.45,167.01,0.33,,1097.28,,False,0,2025-06-30 23:19:04
a04f49,SKW5992 ,United States,1751325544.0,1751325544,-86.6664,41.605,4198.62,False,181.19,298.68,-7.8,,4358.64,6512,False,0,2025-06-30 23:19:04
a3ff26,DAL31   ,United States,1751325543.0,1751325544,-85.1141,33.6194,3878.58,False,192.62,257.82,8.13,,4076.7,1471,False,0,2025-06-30 23:19:04
a95113,N7NL    ,United States,1751325526.0,1751325538,-96.9492,32.1775,1371.6,False,66.3,201.39,-0.98,,1379.22,,False,0,2025-06-30 23:19:04
a126ea,UAL1496 ,United States,1751325543.0,1751325544,-112.7966,37.1882,9753.6,False,227.29,236.63,0.0,,10302.24,,False,0,2025-06-30 23:19:04
a126ed,UAL296  ,United States,1751325543.0,1751325543,-104.6596,39.9075,1805.94,False,86.43,180.34,-4.55,,1920.24,,False,0,2025-06-30 23:19:04
a6add1,N5298D  ,United States,1751325439.0,1751325439,-123.1394,47.2233,388.62,False,48.17,250.02,-1.3,,388.62,0305,False,0,2025-06-30 23:19:04
a7242c,N5597E  ,United States,1751325540.0,1751325543,-85.1845,33.8499,1950.72,False,58.71,61.19,0.33,,2004.06,1653,False,0,2025-06-30 23:19:04
a15c54,SKW3327 ,United States,1751325543.0,1751325543,-120.4552,47.8598,6705.6,False,180.03,311.52,0.0,,7018.02,,False,0,2025-06-30 23:19:04
a52add,T71     ,United States,1751325543.0,1751325543,-117.2869,33.7907,1249.68,False,72.02,0.41,0.0,,1249.68,,False,0,2025-06-30 23:19:04
ac4801,SWA4028 ,United States,1751325544.0,1751325544,-86.9675,41.5184,2750.82,False,139.43,269.15,-9.43,,2849.88,4001,False,0,2025-06-30 23:19:04
a233b9,N241AC  ,United States,1751325543.0,1751325543,-93.4068,44.8216,548.64,False,36.33,282.26,-1.95,,502.92,,False,0,2025-06-30 23:19:04
a58153,N454DR  ,United States,1751325543.0,1751325543,-122.1009,45.53,12877.8,False,214.11,294.41,-10.08,,13418.82,6032,False,0,2025-06-30 23:19:04
a15c1c,N187QS  ,United States,1751325515.0,1751325515,-71.3012,42.4719,60.96,False,61.7,97.18,-2.93,,30.48,2423,False,0,2025-06-30 23:19:04
a03c46,XAA9436 ,United States,1751325543.0,1751325543,-109.6834,39.2555,13106.4,False,256.28,256.3,0.0,,13738.86,3224,False,0,2025-06-30 23:19:04
a379d3,DAL483  ,United States,1751325543.0,1751325543,-87.179,36.0752,11079.48,False,236.8,117.85,-5.53,,11742.42,2020,False,0,2025-06-30 23:19:04
a4b145,N401KM  ,United States,1751325543.0,1751325543,-70.8325,41.8651,754.38,False,65.44,126.69,-0.33,,777.24,,False,0,2025-06-30 23:19:04
ab6eb9,AAL2867 ,United States,1751325544.0,1751325544,-94.7945,35.5789,10553.7,False,221.17,96.68,-0.33,,11132.82,2367,False,0,2025-06-30 23:19:04
ac481d,SWA733  ,United States,1751325316.0,1751325316,-95.8892,36.0957,708.66,False,89.63,2.96,0.0,,754.38,5662,False,0,2025-06-30 23:19:04
a4c492,SKW3407 ,United States,1751325543.0,1751325543,-120.1542,34.9132,9144.0,False,224.11,314.07,-0.33,,9624.06,,False,0,2025-06-30 23:19:04
a83108,JBU170  ,United States,1751325543.0,1751325543,-78.8859,28.2724,10058.4,False,234.85,8.06,0.0,,10607.04,6672,False,0,2025-06-30 23:19:04
a126e7,UAL1523 ,United States,1751325541.0,1751325544,-79.1864,29.7843,10972.8,False,245.22,187.11,0.0,,11521.44,5050,False,0,2025-06-30 23:19:04
a126e8,UAL1242 ,United States,1751325544.0,1751325544,-97.4604,30.208,2484.12,False,150.17,66.16,14.31,,2613.66,4676,False,0,2025-06-30 23:19:04
a97733,NKS2401 ,United States,1751325542.0,1751325542,-93.6542,29.8972,7665.72,False,230.94,101.44,1.63,,8153.4,2456,False,0,2025-06-30 23:19:04
a89f0f,N6548J  ,United States,1751325544.0,1751325544,-95.5366,30.0455,327.66,False,47.03,19.82,1.95,,350.52,5335,False,0,2025-06-30 23:19:04
a3ff75,N357GS  ,United States,1751325236.0,1751325237,-119.0377,35.4209,312.42,False,56.66,290.74,-5.2,,228.6,3631,False,0,2025-06-30 23:19:04
a4c3b4,N406JA  ,United States,1751325543.0,1751325543,-104.9945,40.3339,1805.94,False,47.66,147.34,0.33,,1897.38,,False,0,2025-06-30 23:19:04
a486cc,DAL2830 ,United States,1751325543.0,1751325543,-120.4292,37.1396,11277.6,False,230.11,164.97,0.0,,11856.72,6623,False,0,2025-06-30 23:19:04
a629fc,N4969G  ,United States,1751325543.0,1751325543,-80.4795,27.301,685.8,False,37.48,136.67,-1.95,,731.52,,False,0,2025-06-30 23:19:04
ab5c26,AAL1114 ,United States,1751325543.0,1751325543,-95.4048,34.1241,11292.84,False,245.55,45.25,0.0,,11948.16,0556,False,0,2025-06-30 23:19:04
a486d8,DAL1172 ,United States,1751325543.0,1751325543,-96.7432,43.8866,10043.16,False,235.84,64.27,-0.33,,10386.06,3264,False,0,2025-06-30 23:19:04
a6af55,N53NW   ,United States,1751325473.0,1751325473,-81.5254,26.7582,3604.26,False,156.91,333.52,0.98,,3794.76,,False,0,2025-06-30 23:19:04
adc9b6,JBU233  ,United States,1751325543.0,1751325543,-98.3428,42.687,9753.6,False,221.14,257.1,0.0,,10165.08,7332,False,0,2025-06-30 23:19:04
ad79e8,ASA114  ,United States,1751325544.0,1751325544,-91.6279,42.3579,10972.8,False,200.66,270.88,0.0,,11414.76,4340,False,0,2025-06-30 23:19:04
a15c80,AAL3072 ,United States,1751325544.0,1751325544,-101.2513,39.0004,10058.4,False,248.68,112.37,0.0,,10568.94,1517,False,0,2025-06-30 23:19:04
a593cb,N459CP  ,United States,1751325543.0,1751325543,-121.7596,39.9116,3543.3,False,84.96,177.57,0.0,,3695.7,,False,0,2025-06-30 23:19:04
a3ec77,USC101  ,United States,1751325543.0,1751325544,-77.9903,38.2523,8374.38,False,206.36,237.42,5.53,,8892.54,2131,False,0,2025-06-30 23:19:04
a28f80,SKW3840 ,United States,1751325544.0,1751325544,-122.9287,40.9263,9448.8,False,214.72,172.7,0.33,,9898.38,6604,False,0,2025-06-30 23:19:04
ad79d5,N96792  ,United States,1751325544.0,1751325544,-71.7249,42.565,579.12,False,57.62,66.87,-0.33,,571.5,,False,0,2025-06-30 23:19:04
c04738,CJT2385 ,Canada,1751325543.0,1751325543,-88.9911,47.8648,10972.8,False,224.81,292.75,0.33,,11201.4,,False,0,2025-06-30 23:19:04
ab5c3a,,United States,1751325497.0,1751325497,-80.6307,25.5629,571.5,False,53.65,304.45,-0.33,,624.84,,False,0,2025-06-30 23:19:04
a83174,NKS2521 ,United States,1751325543.0,1751325544,-81.2539,35.316,10972.8,False,234.84,128.95,0.0,,11635.74,7141,False,0,2025-06-30 23:19:04
ad79eb,AAL986  ,United States,1751325543.0,1751325543,-85.592,35.6154,5021.58,False,191.56,260.26,-6.5,,5303.52,5713,False,0,2025-06-30 23:19:04
a3c9e2,EJA343  ,United States,1751325543.0,1751325543,-121.2897,38.6487,7360.92,False,226.63,45.09,-3.9,,7696.2,6560,False,0,2025-06-30 23:19:04
a3ff2e,CXK557  ,United States,1751325395.0,1751325399,-117.7677,34.0903,403.86,False,34.34,278.62,-1.95,,358.14,,False,0,2025-06-30 23:19:04
ac33c4,SWA2323 ,United States,1751325543.0,1751325543,-75.7978,37.7966,8016.24,False,250.43,32.84,-9.1,,8511.54,5624,False,0,2025-06-30 23:19:04
7380c6,ELY006  ,Israel,1751325544.0,1751325544,-101.4086,42.0694,10660.38,False,259.12,67.1,-0.33,,11178.54,2466,False,0,2025-06-30 23:19:04
a9b43f,AAL2949 ,United States,1751325543.0,1751325543,-75.0192,40.0023,1447.8,False,105.77,142.91,-6.18,,1493.52,1175,False,0,2025-06-30 23:19:04
a340c8,N309AG  ,United States,1751325543.0,1751325543,-77.6882,39.2699,929.64,False,102.69,65.75,0.0,,944.88,1752,False,0,2025-06-30 23:19:04
a340d2,ASA1097 ,United States,1751325534.0,1751325534,-122.3096,47.4601,,True,2.57,90.0,,,,7642,False,0,2025-06-30 23:19:04
344344,IBE03CC ,Spain,1751325544.0,1751325544,-76.4981,42.3661,11277.6,False,266.79,100.44,0.0,,11894.82,3532,False,0,2025-06-30 23:19:04
a6f17a,N54661  ,United States,1751325544.0,1751325544,-121.277,38.2663,1249.68,False,48.37,32.85,-1.3,,1257.3,1200,False,0,2025-06-30 23:19:04
a8dadc,NOAA67  ,United States,1751325543.0,1751325543,-103.0928,39.4067,7620.0,False,145.94,109.14,0.0,,8061.96,,False,0,2025-06-30 23:19:04
ac212d,SWA3310 ,United States,1751325543.0,1751325543,-85.9217,34.3627,10972.8,False,239.44,304.41,0.0,,11650.98,1071,False,0,2025-06-30 23:19:04
ad9ac9,JBU101  ,United States,1751325530.0,1751325530,-83.5524,25.5781,10378.44,False,235.03,282.52,0.0,,10972.8,,False,0,2025-06-30 23:19:04
ab0158,UAL2148 ,United States,1751325543.0,1751325543,-80.1422,37.4653,11551.92,False,220.61,237.09,3.25,,12230.1,3735,False,0,2025-06-30 23:19:04
ad5457,,United States,1751325531.0,1751325543,-97.854,39.5667,1798.32,False,87.78,258.16,0.0,,1874.52,,False,0,2025-06-30 23:19:04
ab014c,N808TP  ,United States,1751325261.0,1751325261,-122.9972,46.541,1203.96,False,61.46,151.5,-2.28,,1242.06,,False,0,2025-06-30 23:19:04
a28eb7,JSX109  ,United States,1751325543.0,1751325543,-117.487,34.7365,5006.34,False,193.93,254.93,-5.85,,5288.28,,False,0,2025-06-30 23:19:04
adfdbe,ROLER11 ,United States,1751325543.0,1751325543,-123.7061,48.0501,8229.6,False,159.88,137.74,0.0,,8564.88,,False,0,2025-06-30 23:19:04
a36825,JBU2080 ,United States,1751325541.0,1751325543,-78.427,29.8576,10668.0,False,229.96,3.85,0.0,,11201.4,6601,False,0,2025-06-30 23:19:04
acddf8,EDV5250 ,United States,1751325310.0,1751325315,-78.73,42.9369,,True,1.8,143.44,,,,2326,False,0,2025-06-30 23:19:04
a5d0be,N474J   ,United States,1751325542.0,1751325543,-113.4964,34.7582,6705.6,False,143.04,271.03,0.0,,7086.6,4107,False,0,2025-06-30 23:19:04
a04edb,AAL506  ,United States,1751325543.0,1751325544,-94.7638,37.9515,9761.22,False,225.18,294.28,0.0,,10309.86,5716,False,0,2025-06-30 23:19:04
a12861,DAL939  ,United States,1751325457.0,1751325457,-107.9902,39.6428,10668.0,False,241.84,60.71,0.33,,11247.12,7371,False,0,2025-06-30 23:19:04
aaf488,N805AZ  ,United States,1751325544.0,1751325544,-117.7833,33.8479,1691.64,False,44.41,71.77,0.0,,1714.5,,False,0,2025-06-30 23:19:04
ab1496,AAL1421 ,United States,1751325543.0,1751325543,-73.9952,39.4325,8740.14,False,251.43,220.44,-3.25,,9204.96,3542,False,0,2025-06-30 23:19:04
ac3477,DAL2772 ,United States,1751325536.0,1751325536,-84.4425,33.6327,,True,7.72,309.38,,,,2311,False,0,2025-06-30 23:19:04
acdde3,SWA540  ,United States,1751325544.0,1751325544,-111.7873,32.8181,11277.6,False,240.24,100.61,0.0,,11917.68,4412,False,0,2025-06-30 23:19:04
a6f0e3,N5462Q  ,United States,1751325542.0,1751325542,-120.9612,43.9972,2065.02,False,39.56,110.56,-8.45,,2141.22,,False,0,2025-06-30 23:19:04
adb782,AAL845  ,United States,1751325543.0,1751325544,-75.0451,39.9103,655.32,False,87.22,255.31,0.0,,655.32,3325,False,0,2025-06-30 23:19:04
a9d9f7,AAL730  ,United States,1751325544.0,1751325544,-79.4086,35.679,9159.24,False,239.12,41.34,7.15,,9707.88,,False,0,2025-06-30 23:19:04
a9d9f2,ASA291  ,United States,1751325543.0,1751325543,-90.7471,39.2596,5372.1,False,195.19,150.12,-9.43,,5615.94,3505,False,0,2025-06-30 23:19:04
ac2154,SWA2832 ,United States,1751325544.0,1751325544,-82.5972,28.2806,1424.94,False,106.67,93.32,-6.18,,1524.0,2713,False,0,2025-06-30 23:19:04
abaadd,SWA1184 ,United States,1751325543.0,1751325543,-84.3885,33.3232,11582.4,False,232.1,345.1,0.0,,12252.96,1474,False,0,2025-06-30 23:19:04
aa3c86,N759LV  ,United States,1751325544.0,1751325544,-121.2642,47.5585,2804.16,False,57.73,183.58,-0.65,,2964.18,1200,False,0,2025-06-30 23:19:04
a8ef5f,N675MA  ,United States,1751325543.0,1751325543,-109.7907,32.7907,8534.4,False,124.7,290.53,-2.28,,9014.46,,False,0,2025-06-30 23:19:04
a3a503,DAL2271 ,United States,1751325543.0,1751325543,-103.8677,40.8355,7132.32,False,237.05,47.55,5.53,,7543.8,,False,0,2025-06-30 23:19:04
ab017b,VXP725  ,United States,1751325543.0,1751325543,-85.6491,36.3931,6621.78,False,210.08,59.54,1.63,,6995.16,3373,False,0,2025-06-30 23:19:04
ac2173,SWA2927 ,United States,1751325543.0,1751325543,-81.2835,28.5434,556.26,False,91.06,179.68,-4.55,,624.84,6511,False,0,2025-06-30 23:19:04
a53ea4,N437RP  ,United States,1751325543.0,1751325543,-92.1695,34.4496,4389.12,False,102.34,246.91,0.0,,4625.34,1446,False,0,2025-06-30 23:19:04
a9d9ec,N734AE  ,United States,1751325543.0,1751325543,-80.1074,25.8196,259.08,False,56.61,358.44,0.33,,281.94,,False,0,2025-06-30 23:19:04
a580b8,N4538G  ,United States,1751325385.0,1751325385,-123.1561,45.1894,152.4,False,26.58,75.43,-3.25,,114.3,,False,0,2025-06-30 23:19:04
a580b6,N4538E  ,United States,1751325256.0,1751325257,-74.4558,41.7252,1219.2,False,53.54,87.8,1.3,,1242.06,,False,0,2025-06-30 23:19:04
a89f54,ASI148  ,United States,1751325543.0,1751325543,-112.4614,33.7799,1424.94,False,43.6,250.71,0.65,,1409.7,1200,False,0,2025-06-30 23:19:04
a8dc10,DAL2345 ,United States,1751325543.0,1751325543,-80.105,26.0774,541.02,False,97.23,89.7,2.93,,586.74,,False,0,2025-06-30 23:19:04
ad4171,SKW5915 ,United States,1751325543.0,1751325544,-96.2798,40.9979,3169.92,False,160.11,258.51,-4.23,,3299.46,3212,False,0,2025-06-30 23:19:04
accaf4,SKW5068 ,United States,1751325544.0,1751325544,-91.5582,31.5076,9090.66,False,205.53,252.97,2.6,,9654.54,,False,0,2025-06-30 23:19:04
a28ee7,SWA8506 ,United States,1751325543.0,1751325544,-82.7807,33.2465,7528.56,False,220.33,294.41,-4.55,,7970.52,2304,False,0,2025-06-30 23:19:04
adb77f,NKS2506 ,United States,1751325544.0,1751325544,-117.528,33.1799,4869.18,False,189.52,138.52,-13.0,,5120.64,3673,False,0,2025-06-30 23:19:04
a710b9,N55401  ,United States,1751325543.0,1751325543,-90.673,33.4778,1059.18,False,59.63,100.44,1.3,,1082.04,,False,0,2025-06-30 23:19:04
a5e3e4,EDV5232 ,United States,1751325543.0,1751325543,-73.9965,40.4437,1828.8,False,137.4,200.61,0.0,,1889.76,2333,False,0,2025-06-30 23:19:04
a4b0bb,DAL56   ,United States,1751325543.0,1751325543,-107.2753,42.7022,11277.6,False,253.41,61.77,0.33,,11856.72,,False,0,2025-06-30 23:19:04
aa4f70,N7633B  ,United States,1751325345.0,1751325345,-116.9327,32.8194,381.0,False,38.06,279.33,0.33,,320.04,,False,0,2025-06-30 23:19:04
a09239,RPA4435 ,United States,1751325544.0,1751325544,-79.3444,39.2553,8534.4,False,234.35,96.05,-0.33,,9029.7,3473,False,0,2025-06-30 23:19:04
a1beb8,MDS211  ,United States,1751325543.0,1751325543,-105.7526,31.4204,4480.56,False,144.58,310.09,-3.58,,4732.02,,False,0,2025-06-30 23:19:04
ab39e3,SKW3564 ,United States,1751325543.0,1751325543,-85.2727,34.4697,6682.74,False,206.74,142.07,-12.68,,7071.36,6253,False,0,2025-06-30 23:19:04
a90f3d,N683K   ,United States,1751325500.0,1751325523,-122.5391,45.5728,167.64,False,53.67,299.27,-2.93,,160.02,,False,0,2025-06-30 23:19:04
ad474c,DAL2803 ,United States,1751325515.0,1751325515,-84.4319,33.6423,,True,1.54,270.0,,,,5611,False,0,2025-06-30 23:19:04
a3204f,N300LC  ,United States,1751325542.0,1751325542,-96.8082,32.0973,1676.4,False,52.07,142.22,-1.3,,1729.74,,False,0,2025-06-30 23:19:04
a0c06b,N148AC  ,United States,1751325543.0,1751325543,-118.7821,34.0256,510.54,False,50.17,264.11,0.0,,480.06,,False,0,2025-06-30 23:19:04
a20072,N228TR  ,United States,1751325286.0,1751325286,-73.152,41.5619,624.84,False,50.44,178.25,-7.15,,746.76,,False,0,2025-06-30 23:19:04
a3338c,SKW3831 ,United States,1751325543.0,1751325543,-81.6028,40.4889,7018.02,False,177.37,254.35,5.2,,7399.02,7451,False,0,2025-06-30 23:19:04
ac5ab7,SWA990  ,United States,1751325543.0,1751325543,-81.2432,32.2552,2659.38,False,151.67,311.15,12.35,,2788.92,,False,0,2025-06-30 23:19:04
abe101,SWA991  ,United States,1751325269.0,1751325269,-90.2602,29.9914,,True,27.78,106.88,,,,6541,False,0,2025-06-30 23:19:04
a9b958,N7256Q  ,United States,1751325544.0,1751325544,-90.8617,33.6403,944.88,False,58.76,220.38,-0.65,,975.36,1200,False,0,2025-06-30 23:19:04
acbdae,N92VB   ,United States,1751325542.0,1751325542,-123.1208,44.2684,815.34,False,64.61,200.02,-1.3,,807.72,,False,0,2025-06-30 23:19:04
a70333,ASA1257 ,United States,1751325543.0,1751325543,-121.7999,46.7618,7467.6,False,229.67,154.81,8.78,,7787.64,1636,False,0,2025-06-30 23:19:04
a2004b,N228SB  ,United States,1751325544.0,1751325544,-97.0857,36.0102,6797.04,False,234.75,87.86,-11.38,,7178.04,,False,0,2025-06-30 23:19:04
4079cd,VIR36VL ,United Kingdom,1751325544.0,1751325544,-76.8256,36.4257,11887.2,False,241.16,34.57,0.0,,12557.76,0732,False,0,2025-06-30 23:19:04
c025fc,JZA766  ,Canada,1751325543.0,1751325543,-117.2757,32.8881,2682.24,False,136.59,144.81,-6.5,,2773.68,7057,False,0,2025-06-30 23:19:04
aa1abe,N750HF  ,United States,1751325543.0,1751325543,-117.2576,34.7174,6103.62,False,214.72,262.7,0.0,,6408.42,4634,False,0,2025-06-30 23:19:04
ac1466,DAL533  ,United States,1751325543.0,1751325543,-118.1651,47.5427,10058.4,False,251.1,88.83,0.0,,10485.12,1547,False,0,2025-06-30 23:19:04
a33377,N305SB  ,United States,1751325543.0,1751325543,-117.1076,34.1026,731.52,False,42.97,121.79,0.0,,701.04,1206,False,0,2025-06-30 23:19:04
a2005a,SIS28   ,United States,1751325543.0,1751325543,-104.3969,42.3548,12192.0,False,228.09,283.57,-0.65,,12755.88,5650,False,0,2025-06-30 23:19:04
ad7ab8,JBU1200 ,United States,1751325543.0,1751325543,-100.8683,30.9949,10066.02,False,241.44,79.19,-0.33,,10690.86,1070,False,0,2025-06-30 23:19:04
a81000,UAL1635 ,United States,1751325543.0,1751325544,-90.6542,34.4483,10058.4,False,247.45,71.08,0.0,,10668.0,7663,False,0,2025-06-30 23:19:04
a81001,UAL2347 ,United States,1751325544.0,1751325544,-102.9896,42.2488,11277.6,False,244.94,84.58,0.0,,11818.62,2462,False,0,2025-06-30 23:19:04
a81005,UAL8166 ,United States,1751325542.0,1751325542,-107.6239,42.5605,10668.0,False,239.63,148.7,0.33,,11224.26,,False,0,2025-06-30 23:19:04
a5d68e,N47537  ,United States,1751325543.0,1751325543,-70.9458,43.0986,640.08,False,73.51,327.87,2.6,,655.32,,False,0,2025-06-30 23:19:04
ac0143,SWA3846 ,United States,1751325544.0,1751325544,-101.0602,30.7895,11277.6,False,246.48,91.32,0.0,,11971.02,7731,False,0,2025-06-30 23:19:04
a81006,UAL1001 ,United States,1751325514.0,1751325522,-84.3424,45.4452,8534.4,False,193.2,236.73,0.0,,8839.2,3523,False,0,2025-06-30 23:19:04
a5d68a,UAL1820 ,United States,1751325544.0,1751325544,-77.964,34.3642,9692.64,False,235.73,1.75,-4.88,,10256.52,2356,False,0,2025-06-30 23:19:04
c06e87,ACA375  ,Canada,1751325537.0,1751325537,-73.7417,45.4759,,True,9.26,42.19,,,,,False,0,2025-06-30 23:19:04
a87cbb,NKS2262 ,United States,1751325542.0,1751325543,-89.3547,31.3873,10972.8,False,236.27,268.0,0.0,,11666.22,2120,False,0,2025-06-30 23:19:04
a7bff9,N599MR  ,United States,1751325543.0,1751325543,-94.3568,37.9204,2720.34,False,85.85,171.38,-0.33,,2827.02,,False,0,2025-06-30 23:19:04
ac5ada,SWA2523 ,United States,1751325543.0,1751325543,-77.142,38.6525,4168.14,False,171.96,107.95,-6.83,,4381.5,1572,False,0,2025-06-30 23:19:04
c012bd,WJA1591 ,Canada,1751325543.0,1751325543,-91.255,42.0589,10972.8,False,221.93,315.94,0.0,,11452.86,3211,False,0,2025-06-30 23:19:04
a4798f,FFT3109 ,United States,1751325543.0,1751325543,-91.3727,33.7906,11574.78,False,223.36,224.44,-0.33,,12268.2,6073,False,0,2025-06-30 23:19:04
aa974f,SWA459  ,United States,1751325543.0,1751325543,-84.3968,30.4724,11887.2,False,240.25,180.0,0.0,,12557.76,5534,False,0,2025-06-30 23:19:04
abe147,SWA206  ,United States,1751325543.0,1751325543,-92.1317,40.219,11277.6,False,255.98,70.14,0.0,,11818.62,,False,0,2025-06-30 23:19:04
a2be06,AAY2728 ,United States,1751325544.0,1751325544,-95.2854,30.8602,9707.88,False,243.6,58.56,4.55,,10317.48,4437,False,0,2025-06-30 23:19:04
acaae3,SKW5828 ,United States,1751325542.0,1751325542,-87.9308,41.9743,,True,0.0,267.19,,,,,False,0,2025-06-30 23:19:04
c038ca,ACA826  ,Canada,1751325543.0,1751325543,-79.6352,43.694,,True,6.43,295.31,,,,2263,False,0,2025-06-30 23:19:04
a1e08d,N22VK   ,United States,1751325544.0,1751325544,-122.4425,46.0168,2865.12,False,136.23,201.72,-6.83,,2971.8,4671,False,0,2025-06-30 23:19:04
a358a5,N3144V  ,United States,1751325543.0,1751325543,-122.2753,38.192,335.28,False,49.34,101.43,4.88,,281.94,,False,0,2025-06-30 23:19:04
a5864b,N455SM  ,United States,1751325544.0,1751325544,-79.237,37.7844,12192.0,False,242.25,199.09,0.0,,12877.8,1011,False,0,2025-06-30 23:19:04
a0f8cb,UCA4890 ,United States,1751325516.0,1751325516,-83.9964,35.8118,,True,28.29,227.81,,,,3264,False,0,2025-06-30 23:19:04
ac5afd,SWA4721 ,United States,1751325544.0,1751325544,-109.1714,33.6573,11277.6,False,233.91,130.45,0.0,,11925.3,1062,False,0,2025-06-30 23:19:04
a4fcd4,N420NJ  ,United States,1751325543.0,1751325543,-81.383,34.2133,4968.24,False,145.51,355.54,10.4,,5250.18,,False,0,2025-06-30 23:19:04
a9da5c,N734ES  ,United States,1751325543.0,1751325543,-117.044,33.5622,1706.88,False,51.8,214.48,-0.98,,1737.36,,False,0,2025-06-30 23:19:04
a118d5,N17WN   ,United States,1751325328.0,1751325328,-83.3889,42.666,441.96,False,55.58,268.41,-4.23,,365.76,,False,0,2025-06-30 23:19:04
a8ba8d,N66119  ,United States,1751325499.0,1751325499,-123.1335,45.1825,152.4,False,27.95,6.34,-3.58,,121.92,,False,0,2025-06-30 23:19:04
a5c31b,SWA3062 ,United States,1751325541.0,1751325541,-84.4321,33.6402,,True,0.0,272.81,,,,,False,0,2025-06-30 23:19:04
a9ed9d,N739MR  ,United States,1751325543.0,1751325543,-123.9315,45.8428,1965.96,False,49.91,14.32,0.33,,2034.54,,False,0,2025-06-30 23:19:04
ad2169,N945TE  ,United States,1751325541.0,1751325541,-86.1958,36.1971,1005.84,False,60.07,33.83,-1.3,,1028.7,1200,False,0,2025-06-30 23:19:04
a76fe9,ASA1358 ,United States,1751325543.0,1751325544,-122.731,46.5667,4968.24,False,185.77,358.57,-9.43,,5196.84,3750,False,0,2025-06-30 23:19:04
a93061,N691W   ,United States,1751325544.0,1751325544,-122.7977,45.2424,396.24,False,42.55,284.71,0.0,,358.14,,False,0,2025-06-30 23:19:04
aae703,N801QS  ,United States,1751325543.0,1751325543,-79.1559,26.359,13098.78,False,232.98,6.47,-0.65,,13693.14,,False,0,2025-06-30 23:19:04
a37b0c,AAL2035 ,United States,1751325544.0,1751325544,-102.1443,30.8023,10972.8,False,226.92,262.18,0.0,,11650.98,7610,True,0,2025-06-30 23:19:04
adde95,JBU220  ,United States,1751325544.0,1751325544,-96.6841,40.9364,10675.62,False,265.31,74.94,0.0,,11155.68,7205,False,0,2025-06-30 23:19:04
a105ff,N165TW  ,United States,1751325245.0,1751325245,-118.3336,33.7983,114.3,False,28.52,309.14,-3.9,,30.48,,False,0,2025-06-30 23:19:04
ac2706,UAL431  ,United States,1751325509.0,1751325509,-114.1959,38.3737,11559.54,False,220.72,265.99,0.0,,12176.76,,False,0,2025-06-30 23:19:04
a4b5b6,SKW3383 ,United States,1751325543.0,1751325544,-120.2965,34.7445,6400.8,False,184.47,141.34,8.45,,6697.98,,False,0,2025-06-30 23:19:04
a3a8ef,FFT3871 ,United States,1751325543.0,1751325543,-112.0567,36.367,9364.98,False,225.92,200.25,-5.53,,9898.38,,False,0,2025-06-30 23:19:04
a63e1b,N501ER  ,United States,1751325537.0,1751325540,-118.4166,34.2629,,True,2.83,320.62,,,,,False,0,2025-06-30 23:19:04
a095f0,RPA4495 ,United States,1751325542.0,1751325543,-85.4004,36.4592,6065.52,False,213.62,67.63,4.88,,6400.8,2541,False,0,2025-06-30 23:19:04
a50b0e,LXJ424  ,United States,1751325542.0,1751325543,-71.9086,41.5267,4884.42,False,165.12,161.85,0.33,,5128.26,3045,False,0,2025-06-30 23:19:04
a0f8f1,UCA4814 ,United States,1751325187.0,1751325248,-90.7729,32.263,3611.88,False,161.23,101.6,-6.18,,3794.76,2523,True,0,2025-06-30 23:19:04
a01b56,DAL524  ,United States,1751325543.0,1751325543,-79.8159,37.7233,10668.0,False,235.39,112.08,0.33,,11300.46,3152,False,0,2025-06-30 23:19:04
c038a3,ACA847  ,Canada,1751325292.0,1751325292,-73.7584,45.4605,,True,2.57,101.25,,,,2516,False,0,2025-06-30 23:19:04
aa716b,N772KW  ,United States,1751325543.0,1751325543,-80.2715,27.0071,1851.66,False,72.1,352.62,-1.3,,1950.72,,False,0,2025-06-30 23:19:04
c0003e,,Canada,1751325544.0,1751325544,-79.1658,43.9833,5379.72,False,158.62,225.79,-7.15,,5570.22,4301,False,0,2025-06-30 23:19:04
a87cf9,QXE2020 ,United States,1751325544.0,1751325544,-121.8121,45.5239,2926.08,False,146.23,267.58,-4.88,,3070.86,4075,False,0,2025-06-30 23:19:04
aae73b,SCX503  ,United States,1751325543.0,1751325543,-95.5612,41.4826,11582.4,False,214.61,203.0,-0.33,,12077.7,,False,0,2025-06-30 23:19:04
a1f2cd,N2244M  ,United States,1751325471.0,1751325490,-80.4913,27.609,693.42,False,49.34,258.57,2.93,,754.38,,False,0,2025-06-30 23:19:04
020122,RAM208M ,Morocco,1751325543.0,1751325543,-71.6499,45.9724,7833.36,False,228.6,267.68,-13.33,,8191.5,2531,False,0,2025-06-30 23:19:04
020121,RAM218W ,Morocco,1751325544.0,1751325544,-77.2575,37.2571,7040.88,False,231.03,339.26,-7.48,,7459.98,5612,False,0,2025-06-30 23:19:04
aae757,UAL793C ,United States,1751325544.0,1751325544,-88.8369,37.0734,10980.42,False,221.87,191.91,-0.33,,11643.36,1330,False,0,2025-06-30 23:19:04
ab0777,N81ER   ,United States,1751325543.0,1751325543,-93.759,41.6721,13716.0,False,230.35,78.01,0.0,,14226.54,3751,False,0,2025-06-30 23:19:04
ab0779,N81ET   ,United States,1751325544.0,1751325544,-78.1074,41.5561,2438.4,False,126.32,297.4,-0.33,,2491.74,2656,False,0,2025-06-30 23:19:04
a9eca5,N739BT  ,United States,1751325327.0,1751325542,-122.2715,47.8917,182.88,False,57.63,181.02,0.33,,198.12,,False,0,2025-06-30 23:19:04
a8103e,ASA140  ,United States,1751325544.0,1751325544,-122.4652,47.5693,3002.28,False,143.35,170.71,-8.45,,3154.68,4114,False,0,2025-06-30 23:19:04
a95665,AAL1317 ,United States,1751325543.0,1751325544,-86.1713,38.528,7970.52,False,246.79,132.97,6.18,,8397.24,6756,False,0,2025-06-30 23:19:04
a37b1c,SKW3589 ,United States,1751325544.0,1751325544,-119.8977,39.9674,10363.2,False,240.47,349.77,-0.98,,10858.5,7264,False,0,2025-06-30 23:19:04
a3a8ba,DAL1280 ,United States,1751325540.0,1751325540,-84.4355,33.6396,,True,0.0,270.0,,,,,False,0,2025-06-30 23:19:04
ac6de4,N90LY   ,United States,1751325544.0,1751325544,-121.7852,44.2233,3794.76,False,121.42,284.98,0.33,,3985.26,,False,0,2025-06-30 23:19:04
a25b3f,ASA432  ,United States,1751325543.0,1751325543,-99.8693,31.156,10668.0,False,245.71,79.75,0.0,,11315.7,0737,False,0,2025-06-30 23:19:04
ad4747,AAL1681 ,United States,1751325280.0,1751325280,-97.0547,32.9148,190.5,False,74.08,179.6,-2.6,,167.64,0731,False,0,2025-06-30 23:19:04
a93019,N691TC  ,United States,1751325543.0,1751325543,-85.6041,38.2555,487.68,False,37.33,240.26,-1.3,,449.58,,False,0,2025-06-30 23:19:04
a5b078,LXJ466  ,United States,1751325543.0,1751325543,-80.2638,43.6259,9182.1,False,221.09,190.19,7.48,,9624.06,2222,False,0,2025-06-30 23:19:04
acbe3c,DAL3101 ,United States,1751325513.0,1751325543,-84.0813,33.7268,1623.06,False,122.03,185.81,-7.48,,1699.26,3307,False,0,2025-06-30 23:19:04
a9ee0d,N739SC  ,United States,1751325544.0,1751325544,-104.5757,39.8101,1866.9,False,42.3,265.82,-4.88,,1950.72,,False,0,2025-06-30 23:19:04
ab4e87,N8279Z  ,United States,1751325543.0,1751325543,-122.3352,47.1209,441.96,False,48.49,17.28,0.33,,441.96,,False,0,2025-06-30 23:19:04
a9ee38,N739TW  ,United States,1751325543.0,1751325543,-122.1961,37.4508,762.0,False,35.82,215.06,2.93,,754.38,1200,False,0,2025-06-30 23:19:04
780a70,CPA3295 ,China,1751325543.0,1751325543,-73.8534,45.1423,10668.0,False,248.57,350.11,-0.33,,11178.54,1714,False,0,2025-06-30 23:19:04
a9db01,N734MG  ,United States,1751325544.0,1751325544,-80.4368,27.6747,1767.84,False,45.76,158.92,0.0,,1889.76,1653,False,0,2025-06-30 23:19:04
ad7b17,AAL1747 ,United States,1751325544.0,1751325544,-87.8684,40.4595,8747.76,False,236.2,178.63,6.83,,9204.96,6276,False,0,2025-06-30 23:19:04
ac5b43,SWA154  ,United States,1751325543.0,1751325544,-92.172,34.6949,10363.2,False,228.46,224.45,-0.33,,11003.28,3312,False,0,2025-06-30 23:19:04
a2ab73,AAY3067 ,United States,1751325543.0,1751325544,-86.329,35.0545,10355.58,False,236.0,326.83,-0.33,,10988.04,5730,False,0,2025-06-30 23:19:04
a38e8e,N3281L  ,United States,1751325544.0,1751325544,-77.1,38.5388,914.4,False,35.56,211.39,0.0,,929.64,5114,False,0,2025-06-30 23:19:04
c06ce4,CGPGD   ,Canada,1751325543.0,1751325543,-72.6581,41.0281,2225.04,False,159.0,9.31,4.23,,2324.1,1773,False,0,2025-06-30 23:19:04
a4eb8d,N416MR  ,United States,1751325544.0,1751325544,-122.7879,46.414,4480.56,False,68.87,318.33,6.5,,4678.68,,False,0,2025-06-30 23:19:04
a452c4,DAL832  ,United States,1751325543.0,1751325543,-77.3701,37.8392,5273.04,False,187.53,13.81,-5.2,,5585.46,1775,False,0,2025-06-30 23:19:04
a968df,DAL668  ,United States,1751325544.0,1751325544,-94.7703,38.4386,11277.6,False,248.61,100.61,0.0,,11864.34,1712,False,0,2025-06-30 23:19:04
a46705,CXK244  ,United States,1751325543.0,1751325543,-80.6884,35.4789,685.8,False,36.54,189.73,-3.58,,693.42,,False,0,2025-06-30 23:19:04
a34729,DAL1098 ,United States,1751325544.0,1751325544,-75.0231,45.6991,9745.98,False,220.07,290.38,-0.33,,10187.94,1376,False,0,2025-06-30 23:19:04
4bb0ec,THY81D  ,Turkey,1751325544.0,1751325544,-69.7355,42.8011,6263.64,False,179.54,241.6,-7.15,,6560.82,0736,False,0,2025-06-30 23:19:04
a0e751,UAL1934 ,United States,1751325543.0,1751325543,-89.9782,35.1823,11887.2,False,245.29,51.47,-11.7,,12573.0,2401,False,0,2025-06-30 23:19:04
adde4c,N993FG  ,United States,1751325543.0,1751325543,-78.7541,35.8947,830.58,False,53.11,121.53,-2.28,,838.2,,False,0,2025-06-30 23:19:04
c07fb1,WJA1429 ,Canada,1751325529.0,1751325529,-86.679,36.1239,,True,5.4,286.88,,,,,False,0,2025-06-30 23:19:04
a715a6,N5559W  ,United States,1751325494.0,1751325494,-107.9041,42.6084,7315.2,False,132.59,320.19,0.0,,7696.2,,False,0,2025-06-30 23:19:04
acab3f,SWA193  ,United States,1751325524.0,1751325524,-106.621,35.0456,,True,3.09,258.75,,,,,False,0,2025-06-30 23:19:04
a5d5ae,SWA2913 ,United States,1751325543.0,1751325543,-75.2411,39.1888,10363.2,False,231.2,222.57,0.0,,10965.18,7157,False,0,2025-06-30 23:19:04
a968bb,SKW6304 ,United States,1751325268.0,1751325268,-97.0261,32.9014,,True,26.24,185.62,,,,5220,False,0,2025-06-30 23:19:04
a572af,LXJ450  ,United States,1751325527.0,1751325543,-118.4879,34.2046,,True,0.0,216.56,,,,,False,0,2025-06-30 23:19:04
ad7b4d,EJA968  ,United States,1751325540.0,1751325540,-122.2985,47.5278,,True,4.12,14.06,,,,7055,False,0,2025-06-30 23:19:04
a49b8d,N39609  ,United States,1751325438.0,1751325438,-93.2243,42.4397,640.08,False,42.3,288.43,-3.25,,739.14,,False,0,2025-06-30 23:19:04
ad7b7c,N968SP  ,United States,1751325379.0,1751325388,-96.3535,42.6728,2110.74,False,77.61,165.41,-3.58,,2125.98,4555,False,0,2025-06-30 23:19:04
a51e7d,EJA429  ,United States,1751325542.0,1751325543,-87.1858,33.0995,5974.08,False,179.04,205.17,10.08,,6316.98,6075,False,0,2025-06-30 23:19:04
c07fe9,WJA328  ,Canada,1751325544.0,1751325544,-74.8121,45.1257,11277.6,False,261.45,70.82,0.0,,11811.0,0515,False,0,2025-06-30 23:19:04
4bb0e3,THY79K  ,Turkey,1751325544.0,1751325544,-122.1049,38.7439,9730.74,False,243.34,232.65,-14.63,,10149.84,3361,False,0,2025-06-30 23:19:04
aa2e0b,EJA755  ,United States,1751325542.0,1751325542,-112.8119,36.8523,12184.38,False,237.6,241.27,0.33,,12839.7,1351,False,0,2025-06-30 23:19:04
a6f5b5,ASA773  ,United States,1751325543.0,1751325543,-119.5807,35.6521,11277.6,False,224.42,160.03,-0.33,,11856.72,1644,False,0,2025-06-30 23:19:04
a98b8b,N714GM  ,United States,1751325535.0,1751325536,-87.0429,35.7892,1074.42,False,71.25,194.64,0.0,,1097.28,,False,0,2025-06-30 23:19:04
ac0094,SWA964  ,United States,1751325543.0,1751325543,-93.0127,32.0114,10363.2,False,230.42,277.57,0.0,,11003.28,1423,False,0,2025-06-30 23:19:04
a5d713,UAL1845 ,United States,1751325543.0,1751325543,-85.1542,39.0113,9753.6,False,221.73,270.13,0.0,,10309.86,6551,False,0,2025-06-30 23:19:04
a0d456,N15222  ,United States,1751325541.0,1751325543,-84.2856,38.9626,693.42,False,59.14,334.77,0.0,,662.94,,False,0,2025-06-30 23:19:04
a33425,,United States,1751325542.0,1751325542,-79.6748,25.9965,1539.24,False,116.91,255.47,-6.18,,1653.54,,False,0,2025-06-30 23:19:04
a51dc0,N429HC  ,United States,1751325544.0,1751325544,-71.3584,42.251,716.28,False,53.51,217.97,2.6,,731.52,,False,0,2025-06-30 23:19:04
a19107,N20PZ   ,United States,1751325539.0,1751325541,-123.1431,44.3319,2606.04,False,93.85,15.26,0.0,,2712.72,,False,0,2025-06-30 23:19:04
ad2095,JBU387  ,United States,1751325543.0,1751325543,-102.9095,40.2439,10370.82,False,228.83,255.68,0.33,,10919.46,1356,False,0,2025-06-30 23:19:04
ae537b,R20374  ,United States,1751325541.0,1751325542,-97.3118,32.8389,464.82,False,60.76,357.57,0.33,,457.2,,False,0,2025-06-30 23:19:04
a22768,N238ND  ,United States,1751325544.0,1751325544,-71.4295,42.5562,914.4,False,48.55,229.73,1.95,,937.26,,False,0,2025-06-30 23:19:04
a98b7b,N714FW  ,United States,1751325543.0,1751325543,-97.4166,32.9088,487.68,False,48.55,332.89,0.65,,495.3,,False,0,2025-06-30 23:19:04
a9db63,N734RE  ,United States,1751325543.0,1751325543,-117.2842,32.9516,1135.38,False,49.6,174.64,-0.98,,1127.76,,False,0,2025-06-30 23:19:04
a69418,JIA5316 ,United States,1751325544.0,1751325544,-95.9234,32.269,7261.86,False,209.03,272.26,-5.2,,7703.82,5731,False,0,2025-06-30 23:19:04
a21432,FFT3122 ,United States,1751325542.0,1751325543,-87.7759,32.2099,10058.4,False,241.31,89.02,0.0,,10690.86,2513,False,0,2025-06-30 23:19:04
a4fdc2,N420XX  ,United States,1751325543.0,1751325543,-87.1567,32.2831,7010.4,False,200.79,94.7,0.0,,7421.88,,False,0,2025-06-30 23:19:04
a2274d,N238MB  ,United States,1751325544.0,1751325544,-96.3476,35.1628,3025.14,False,83.02,67.41,0.0,,3169.92,,False,0,2025-06-30 23:19:04
a56107,N446BG  ,United States,1751325542.0,1751325542,-89.9848,43.7189,3070.86,False,71.15,241.03,-0.33,,3116.58,,False,0,2025-06-30 23:19:04
780a18,CPA882  ,China,1751325543.0,1751325543,-122.1307,36.847,10668.0,False,239.22,125.19,0.0,,11155.68,1401,False,0,2025-06-30 23:19:04
a2bdff,ENY3744 ,United States,1751325543.0,1751325543,-121.9911,36.6469,1264.92,False,136.13,327.03,10.08,,1287.78,,False,0,2025-06-30 23:19:04
ac38d6,N887LF  ,United States,1751325494.0,1751325494,-115.5655,36.4768,2072.64,False,79.3,110.9,3.25,,2095.5,,False,0,2025-06-30 23:19:04
a1f46c,NSH225  ,United States,1751325543.0,1751325543,-97.2063,41.024,12192.0,False,215.55,247.11,0.0,,12733.02,5630,False,0,2025-06-30 23:19:04
abe09a,SWA1929 ,United States,1751325544.0,1751325544,-91.5399,37.8746,10668.0,False,246.5,100.58,0.0,,11269.98,6737,False,0,2025-06-30 23:19:04
a6f5fc,DAL1876 ,United States,1751325543.0,1751325543,-117.4868,33.2551,3909.06,False,177.89,280.5,-4.55,,4099.56,,False,0,2025-06-30 23:19:04
a822d1,EJA623  ,United States,1751325542.0,1751325543,-112.6076,34.677,8839.2,False,237.19,108.2,0.0,,9334.5,4677,False,0,2025-06-30 23:19:04
a822d6,QXE2144 ,United States,1751325543.0,1751325543,-118.6258,46.4602,10972.8,False,204.08,242.85,-0.33,,11414.76,,False,0,2025-06-30 23:19:04
a2014d,CXK164  ,United States,1751325543.0,1751325543,-118.1634,33.8137,114.3,False,33.97,268.26,2.93,,60.96,,False,0,2025-06-30 23:19:04
a8ce4f,AAL1375 ,United States,1751325543.0,1751325543,-81.5475,35.2838,3032.76,False,171.22,280.74,0.0,,3192.78,,False,0,2025-06-30 23:19:04
a9db19,N734NF  ,United States,1751325543.0,1751325544,-117.265,33.1306,152.4,False,28.76,259.7,-1.95,,114.3,,False,0,2025-06-30 23:19:04
ad45a4,AAL757  ,United States,1751325544.0,1751325544,-121.1258,46.228,9433.56,False,243.4,125.54,5.2,,9845.04,1652,False,0,2025-06-30 23:19:04
a955e5,N700PT  ,United States,1751325544.0,1751325544,-118.9372,37.3245,7650.48,False,122.11,183.14,-0.33,,8016.24,,False,0,2025-06-30 23:19:04
a1e132,MXY149  ,United States,1751325543.0,1751325543,-86.2518,31.1014,10111.74,False,233.01,86.33,4.88,,10721.34,7432,False,0,2025-06-30 23:19:04
a13af4,DAL679  ,United States,1751325544.0,1751325544,-105.7875,43.1578,10972.8,False,226.52,259.53,0.33,,11521.44,1033,False,0,2025-06-30 23:19:04
a37ab5,AAY1325 ,United States,1751325544.0,1751325544,-81.9589,33.3961,11269.98,False,229.74,346.93,0.33,,11932.92,0313,False,0,2025-06-30 23:19:04
a99e73,N719KX  ,United States,1751325544.0,1751325544,-95.2577,33.3738,9448.8,False,234.91,67.87,-0.33,,10035.54,0571,False,0,2025-06-30 23:19:04
a3475e,FFT688  ,United States,1751325543.0,1751325543,-79.706,38.3654,10370.82,False,240.3,72.3,-9.43,,10995.66,1414,False,0,2025-06-30 23:19:04
a4b70e,N40242  ,United States,1751325543.0,1751325543,-94.5935,38.96,1767.84,False,72.79,218.98,-0.33,,1844.04,,False,0,2025-06-30 23:19:04
ab05f2,N8092H  ,United States,1751325544.0,1751325544,-71.3517,42.5722,731.52,False,49.48,154.77,-0.65,,746.76,1200,False,0,2025-06-30 23:19:04
ab05f7,N8092N  ,United States,1751325539.0,1751325540,-73.9458,42.6041,1981.2,False,42.5,186.95,-0.65,,2049.78,,False,0,2025-06-30 23:19:04
a2012d,N22803  ,United States,1751325544.0,1751325544,-96.583,32.5132,746.76,False,54.94,263.01,3.25,,754.38,1200,False,0,2025-06-30 23:19:04
ac5b20,SWA3515 ,United States,1751325543.0,1751325543,-104.5964,38.0821,11590.02,False,227.37,248.78,-0.33,,12199.62,,False,0,2025-06-30 23:19:04
a86ab5,UAL20   ,United States,1751325543.0,1751325543,-87.8146,36.8567,10058.4,False,259.06,39.6,0.33,,10645.14,4051,False,0,2025-06-30 23:19:04
aa1bff,N750WB  ,United States,1751325542.0,1751325543,-114.8336,47.0902,4968.24,False,55.92,297.98,0.0,,5227.32,,False,0,2025-06-30 23:19:04
a6f777,DAL624  ,United States,1751325543.0,1751325543,-89.4189,32.0109,10668.0,False,237.52,71.96,0.0,,11292.84,4250,False,0,2025-06-30 23:19:04
a44169,UAL1302 ,United States,1751325543.0,1751325543,-107.9929,38.6183,9753.6,False,230.95,229.43,0.0,,10309.86,6576,False,0,2025-06-30 23:19:04
a5613e,N446DM  ,United States,1751325543.0,1751325543,-70.3306,43.7116,426.72,False,41.65,162.01,-3.25,,419.1,,False,0,2025-06-30 23:19:04
a3cafe,N3431R  ,United States,1751325262.0,1751325263,-117.6796,34.1141,457.2,False,28.37,247.62,-2.28,,426.72,0715,False,0,2025-06-30 23:19:04
a82449,N6234C  ,United States,1751325544.0,1751325544,-97.4692,38.8086,1005.84,False,47.04,264.35,0.98,,1036.32,,False,0,2025-06-30 23:19:04
a6e441,AVL121  ,United States,1751325543.0,1751325543,-77.784,38.6551,906.78,False,44.6,262.71,-1.3,,914.4,,False,0,2025-06-30 23:19:04
a4eae7,KOW416  ,United States,1751325543.0,1751325543,-75.4727,38.7863,10995.66,False,255.71,186.35,6.18,,11635.74,2720,False,0,2025-06-30 23:19:04
ac1563,N878PR  ,United States,1751325543.0,1751325543,-95.3887,43.9802,8747.76,False,142.51,71.04,6.18,,9029.7,0124,False,0,2025-06-30 23:19:04
a70463,DAL1150 ,United States,1751325544.0,1751325544,-81.4186,30.7728,10066.02,False,223.88,358.29,0.0,,10622.28,7337,False,0,2025-06-30 23:19:04
ad2218,N9450E  ,United States,1751325544.0,1751325544,-119.26,34.2345,1036.32,False,68.04,110.35,-4.23,,1005.84,4332,False,0,2025-06-30 23:19:04
ad4873,AAL1184 ,United States,1751325543.0,1751325543,-87.364,41.9871,2270.76,False,133.76,270.66,-8.45,,2331.72,3407,False,0,2025-06-30 23:19:04
ac5bf6,DAL2312 ,United States,1751325544.0,1751325544,-79.6359,39.1233,10058.4,False,247.52,54.56,0.0,,10652.76,2224,False,0,2025-06-30 23:19:04
4bb145,THY5KM  ,Turkey,1751325540.0,1751325544,-90.0592,34.175,10972.8,False,243.38,225.77,0.0,,11650.98,6023,False,0,2025-06-30 23:19:04
c013d4,AKT162  ,Canada,1751325323.0,1751325323,-73.7457,45.4614,,True,4.12,303.75,,,,,False,0,2025-06-30 23:19:04
a9edb0,NKS2562 ,United States,1751325342.0,1751325350,-78.4781,30.6822,10066.02,False,225.97,7.98,0.33,,10599.42,7420,False,0,2025-06-30 23:19:04
ad7bdf,SWA4119 ,United States,1751325543.0,1751325544,-86.1784,34.9084,12496.8,False,227.56,152.68,0.0,,13190.22,5240,False,0,2025-06-30 23:19:04
c05c86,,Canada,1751325241.0,1751325241,-73.7558,45.4558,,True,0.0,154.69,,,,,False,0,2025-06-30 23:19:04
a37afc,N323RR  ,United States,1751325543.0,1751325543,-117.951,34.3727,7048.5,False,196.95,105.45,10.4,,7444.74,2541,False,0,2025-06-30 23:19:04
a3a9a3,DAL1817 ,United States,1751325544.0,1751325544,-92.7534,44.4641,5623.56,False,219.96,119.26,8.78,,5783.58,7040,False,0,2025-06-30 23:19:04
abf57a,N87RF   ,United States,1751325543.0,1751325543,-69.7943,43.951,906.78,False,78.05,325.47,-0.33,,914.4,,False,0,2025-06-30 23:19:04
ad3581,JBU58   ,United States,1751325543.0,1751325544,-75.6966,37.6419,10668.0,False,229.8,15.72,0.0,,11292.84,0741,False,0,2025-06-30 23:19:04
a7addf,N594SM  ,United States,1751325543.0,1751325543,-97.1617,32.8516,601.98,False,54.2,163.46,-0.65,,586.74,7143,False,0,2025-06-30 23:19:04
a7045b,JIA5655 ,United States,1751325544.0,1751325544,-88.0935,37.8964,10668.0,False,256.96,83.22,0.33,,11300.46,6513,False,0,2025-06-30 23:19:04
a83782,UAL2674 ,United States,1751325543.0,1751325543,-91.5227,34.6927,9753.6,False,225.0,210.2,0.0,,10347.96,5613,False,0,2025-06-30 23:19:04
aa1be0,AAL1803 ,United States,1751325442.0,1751325442,-97.0489,32.914,,True,1.54,343.12,,,,,False,0,2025-06-30 23:19:04
a83787,UAL2012 ,United States,1751325235.0,1751325236,-99.4574,40.0838,9753.6,False,217.43,307.79,0.0,,10248.9,2453,False,0,2025-06-30 23:19:04
a239de,CXK454  ,United States,1751325543.0,1751325543,-96.3109,33.1149,929.64,False,49.71,276.54,0.33,,952.5,1200,False,0,2025-06-30 23:19:04
a106d5,VTE3757 ,United States,1751325543.0,1751325544,-82.7777,35.8572,7010.4,False,231.44,120.16,0.33,,7475.22,3535,True,0,2025-06-30 23:19:04
a0e6c6,UAL2218 ,United States,1751325543.0,1751325543,-83.9735,34.4705,9448.8,False,239.65,72.38,-11.38,,10035.54,7317,False,0,2025-06-30 23:19:04
a69424,ASA819  ,United States,1751325544.0,1751325544,-72.0926,43.1513,7277.1,False,216.07,301.27,6.5,,7604.76,1325,False,0,2025-06-30 23:19:04
a239e0,UAL1410 ,United States,1751325542.0,1751325542,-81.756,25.13,9646.92,False,225.96,300.36,7.15,,10180.32,,False,0,2025-06-30 23:19:04
ad3585,JSX761  ,United States,1751325324.0,1751325352,-113.1013,38.9673,10058.4,False,223.91,197.1,0.33,,10591.8,3705,True,0,2025-06-30 23:19:04
c05c0e,WJA1223 ,Canada,1751325544.0,1751325544,-78.0744,33.2612,11277.6,False,224.48,7.11,0.0,,11902.44,5712,False,0,2025-06-30 23:19:04
a359c2,DAL2115 ,United States,1751325532.0,1751325541,-95.2559,30.0072,381.0,False,75.11,270.0,-4.23,,403.86,1702,False,0,2025-06-30 23:19:04
a3ddfc,N3484T  ,United States,1751325457.0,1751325458,-97.894,36.7654,1981.2,False,55.56,270.0,0.33,,2042.16,,False,0,2025-06-30 23:19:04
a13c43,SKW3465 ,United States,1751325544.0,1751325544,-120.1507,35.0833,10972.8,False,236.45,315.18,-0.33,,11506.2,,False,0,2025-06-30 23:19:04
4bb187,THY83J  ,Turkey,1751325544.0,1751325544,-88.4617,40.3683,11582.4,False,221.99,226.69,-0.33,,12176.76,6377,False,0,2025-06-30 23:19:04
a359bc,DAL1478 ,United States,1751325544.0,1751325544,-85.128,36.4057,8755.38,False,237.5,348.25,2.28,,9288.78,7622,False,0,2025-06-30 23:19:04
a4fddb,RPA4500 ,United States,1751325544.0,1751325544,-70.5769,43.5029,9753.6,False,220.7,253.34,-0.33,,10241.28,3674,False,0,2025-06-30 23:19:04
a5611d,N446CD  ,United States,1751325543.0,1751325543,-91.9533,41.6531,1066.8,False,67.44,272.19,0.0,,1082.04,,False,0,2025-06-30 23:19:04
a69447,N523CB  ,United States,1751325468.0,1751325468,-118.358,34.1986,,True,4.37,0.0,,,,3753,False,0,2025-06-30 23:19:04
a9db95,N734TE  ,United States,1751325543.0,1751325543,-117.3164,33.2291,739.14,False,46.23,42.75,4.23,,693.42,,False,0,2025-06-30 23:19:04
a4ead3,N416EE  ,United States,1751325544.0,1751325544,-84.3495,41.9382,3383.28,False,101.48,128.21,0.0,,3482.34,,False,0,2025-06-30 23:19:04
a82427,N6233D  ,United States,1751325543.0,1751325543,-118.2424,34.03,495.3,False,52.97,101.2,1.63,,441.96,4765,False,0,2025-06-30 23:19:04
a2bf05,CXK217  ,United States,1751325543.0,1751325544,-79.028,35.7406,586.74,False,38.9,200.11,-0.33,,586.74,,False,0,2025-06-30 23:19:04
c013b7,PSC372  ,Canada,1751325276.0,1751325282,-70.5322,46.9724,2171.7,False,143.32,71.37,-0.33,,2164.08,,False,0,2025-06-30 23:19:04
aa1ba3,SKW4990 ,United States,1751325543.0,1751325543,-85.3242,39.1273,10668.0,False,245.01,120.82,0.65,,11292.84,6574,False,0,2025-06-30 23:19:04
a01c34,N106NK  ,United States,1751324336.0,1751325385,-96.5351,33.754,1303.02,False,58.0,6.62,-2.28,,1280.16,,False,0,2025-06-30 23:19:04
a01c37,AAL118  ,United States,1751325536.0,1751325536,-73.7949,40.6442,,True,7.46,357.19,,,,3241,False,0,2025-06-30 23:19:04
a14f46,CXK521  ,United States,1751325516.0,1751325544,-97.2298,33.3794,914.4,False,45.47,135.46,-0.33,,929.64,,False,0,2025-06-30 23:19:04
a6810d,VOI5592 ,United States,1751325484.0,1751325543,-100.1177,25.7833,,True,0.0,30.94,,,,,False,0,2025-06-30 23:19:04
a213bd,ATN3338 ,United States,1751325543.0,1751325543,-112.0053,33.4322,,True,7.46,270.0,,,,2364,False,0,2025-06-30 23:19:04
a586b0,SWA1669 ,United States,1751325497.0,1751325497,-108.9122,35.3842,12192.0,False,225.09,229.36,0.0,,12847.32,,False,0,2025-06-30 23:19:04
ab4ea9,CMB548  ,United States,1751325543.0,1751325544,-79.205,38.2129,9448.8,False,254.64,61.26,0.0,,9997.44,1166,False,0,2025-06-30 23:19:04
a50c11,N424SF  ,United States,1751325543.0,1751325543,-111.5703,33.2124,800.1,False,39.06,347.06,-0.33,,723.9,,False,0,2025-06-30 23:19:04
ac2813,SWA3480 ,United States,1751325544.0,1751325544,-77.5881,37.1817,7620.0,False,256.29,34.62,-0.33,,8084.82,2340,False,0,2025-06-30 23:19:04
a609d4,UAL8140 ,United States,1751325526.0,1751325532,-74.1654,40.7,,True,0.19,25.31,,,,,False,0,2025-06-30 23:19:04
a26f79,HBAL756 ,United States,1751325542.0,1751325543,-96.9487,43.5737,19446.24,False,1.63,161.57,0.0,,20406.36,3226,True,0,2025-06-30 23:19:04
a3a9fb,UWD35   ,United States,1751325390.0,1751325390,-80.2656,40.1381,441.96,False,72.29,265.1,-4.55,,434.34,,False,0,2025-06-30 23:19:04
a7f171,N6102W  ,United States,1751325543.0,1751325543,-104.6807,38.9223,4747.26,False,61.54,234.18,1.63,,5029.2,,False,0,2025-06-30 23:19:04
a8116a,N619NS  ,United States,1751325543.0,1751325543,-80.959,29.0929,670.56,False,60.11,318.12,-4.55,,716.28,0153,False,0,2025-06-30 23:19:04
ad4804,JBU197  ,United States,1751325543.0,1751325543,-70.9872,42.3195,594.36,False,110.64,125.54,5.53,,594.36,,False,0,2025-06-30 23:19:04
ad4803,N955JA  ,United States,1751325442.0,1751325442,-116.9476,32.8157,335.28,False,40.26,10.3,-1.3,,289.56,,False,0,2025-06-30 23:19:04
a1f3b5,AMF1531 ,United States,1751325541.0,1751325544,-70.4661,43.877,1828.8,False,92.56,218.91,0.33,,1859.28,,False,0,2025-06-30 23:19:04
a37c1c,JBU1579 ,United States,1751325543.0,1751325544,-80.3252,26.1245,571.5,False,95.96,184.3,0.33,,624.84,1444,False,0,2025-06-30 23:19:04
ab4ec6,NCR112  ,United States,1751325543.0,1751325543,-77.6709,36.9903,8846.82,False,195.28,68.84,-0.33,,9387.84,2065,False,0,2025-06-30 23:19:04
4bb199,THY31K  ,Turkey,1751325542.0,1751325543,-84.0598,34.0576,3329.94,False,151.64,207.7,-6.18,,3512.82,3126,False,0,2025-06-30 23:19:04
4bb196,THY41Y  ,Turkey,1751325358.0,1751325358,-69.8862,48.5551,11269.98,False,270.03,61.43,0.0,,11704.32,5330,False,0,2025-06-30 23:19:04
ad4810,N955JP  ,United States,1751325543.0,1751325543,-72.4584,41.4482,762.0,False,66.51,102.96,-3.25,,769.62,1200,False,0,2025-06-30 23:19:04
ac2836,SWA2576 ,United States,1751325543.0,1751325543,-89.4321,41.1571,4152.9,False,173.97,85.25,-5.2,,4312.92,2622,False,0,2025-06-30 23:19:04
a62c1a,SWA4113 ,United States,1751325543.0,1751325544,-97.2208,35.5606,4076.7,False,184.43,61.15,15.61,,4274.82,,False,0,2025-06-30 23:19:04
a5e9f4,EDV5038 ,United States,1751325526.0,1751325538,-73.879,40.7797,,True,0.0,28.12,,,,,False,0,2025-06-30 23:19:04
a50c3e,UAL3916 ,United States,1751325503.0,1751325504,-104.66,39.87,1615.44,False,74.08,180.4,-3.58,,1699.26,1027,False,0,2025-06-30 23:19:04
a7f140,NGF6845 ,United States,1751325543.0,1751325543,-118.9046,34.9656,5303.52,False,111.71,136.31,-4.88,,5524.5,6306,False,0,2025-06-30 23:19:04
a56198,N446HB  ,United States,1751325543.0,1751325543,-92.8633,45.2052,1234.44,False,73.57,292.62,0.0,,1226.82,3622,False,0,2025-06-30 23:19:04
a466fc,FFT1100 ,United States,1751325544.0,1751325544,-85.1129,33.1635,5448.3,False,204.71,78.55,-11.05,,5760.72,7515,False,0,2025-06-30 23:19:04
ab4eeb,DAL904  ,United States,1751325544.0,1751325544,-84.3703,33.6496,472.44,False,82.31,270.36,-3.9,,480.06,3232,False,0,2025-06-30 23:19:04
a4ff16,N54346  ,United States,1751325544.0,1751325544,-80.123,25.7791,213.36,False,44.74,17.39,1.3,,243.84,,False,0,2025-06-30 23:19:04
aa7288,AAL1111 ,United States,1751325543.0,1751325543,-91.1609,35.6008,10965.18,False,224.04,237.19,0.0,,11605.26,6322,False,0,2025-06-30 23:19:04
ab3bca,N8228S  ,United States,1751325543.0,1751325543,-81.2821,34.081,929.64,False,48.87,323.13,3.9,,944.88,,False,0,2025-06-30 23:19:04
a25c6e,ENY3342 ,United States,1751325468.0,1751325468,-80.3284,25.7856,53.34,False,68.98,87.86,-3.58,,106.68,,False,0,2025-06-30 23:19:04
ad8ecf,N973AE  ,United States,1751325541.0,1751325541,-110.8825,32.251,906.78,False,30.6,16.61,-0.33,,845.82,,False,0,2025-06-30 23:19:04
a68198,N51800  ,United States,1751325122.0,1751325541,-96.2379,33.5922,899.16,False,59.43,339.21,-1.3,,899.16,,False,0,2025-06-30 23:19:04
ac1547,AAL2393 ,United States,1751325542.0,1751325543,-78.9592,25.4051,7909.56,False,232.86,103.02,6.83,,8359.14,,False,0,2025-06-30 23:19:04
ab9238,N8448U  ,United States,1751325528.0,1751325528,-80.5897,34.981,525.78,False,49.77,262.87,-0.65,,754.38,,False,0,2025-06-30 23:19:04
ac287c,SWA2924 ,United States,1751325543.0,1751325544,-123.1401,41.9465,11277.6,False,217.78,172.81,0.0,,11795.76,,False,0,2025-06-30 23:19:04
a81166,JIA5143 ,United States,1751325544.0,1751325544,-95.2252,33.7828,7315.2,False,227.48,249.06,0.33,,7772.4,2174,False,0,2025-06-30 23:19:04
a9a75b,N721AZ  ,United States,1751325543.0,1751325543,-78.2423,38.0039,13365.48,False,237.4,82.03,-4.23,,14028.42,6125,False,0,2025-06-30 23:19:04
a466d2,DAL2946 ,United States,1751325543.0,1751325543,-96.0835,44.6884,10668.0,False,249.08,91.54,-0.33,,11003.28,6314,False,0,2025-06-30 23:19:04
acbf63,AAL2388 ,United States,1751325543.0,1751325543,-79.7563,37.8654,11277.6,False,236.94,85.27,0.0,,11940.54,2312,False,0,2025-06-30 23:19:04
ac13d6,SWA1960 ,United States,1751325404.0,1751325404,-76.674,39.1814,,True,0.0,143.44,,,,,False,0,2025-06-30 23:19:04
acbf60,NKS354  ,United States,1751325543.0,1751325544,-79.7329,25.8938,1790.7,False,147.48,295.85,0.0,,1905.0,,False,0,2025-06-30 23:19:04
a8bc34,FFT3211 ,United States,1751325543.0,1751325543,-102.2764,32.177,10980.42,False,235.0,303.48,-0.33,,11658.6,6250,False,0,2025-06-30 23:19:04
c01455,AN158   ,Canada,1751325541.0,1751325543,-123.4471,48.6736,259.08,False,45.53,237.93,-1.63,,259.08,,False,0,2025-06-30 23:19:04
abf3b8,SWA1702 ,United States,1751325544.0,1751325544,-85.963,38.773,10972.8,False,219.29,267.98,0.0,,11590.02,3737,False,0,2025-06-30 23:19:04
ac6f8a,DAL1660 ,United States,1751325543.0,1751325543,-90.7149,37.7934,11277.6,False,245.21,107.33,-0.33,,11917.68,1117,False,0,2025-06-30 23:19:04
a560f4,AAL3046 ,United States,1751325543.0,1751325544,-94.8255,33.3115,10370.82,False,231.44,258.59,0.33,,11010.9,2641,False,0,2025-06-30 23:19:04
a0851b,ABX3131 ,United States,1751325543.0,1751325543,-91.0522,41.4319,10911.84,False,203.12,240.9,6.83,,11399.52,3056,False,0,2025-06-30 23:19:04
a8cf70,NKS2597 ,United States,1751325543.0,1751325543,-79.2375,36.3852,8884.92,False,233.48,53.96,-4.55,,9441.18,2145,False,0,2025-06-30 23:19:04
a680c8,N518SS  ,United States,1751325542.0,1751325544,-73.3371,42.656,9349.74,False,201.68,359.27,4.23,,9860.28,1472,False,0,2025-06-30 23:19:04
a98c12,N714MX  ,United States,1751325531.0,1751325531,-80.3195,34.7237,1356.36,False,60.4,234.01,0.65,,1379.22,,False,0,2025-06-30 23:19:04
a0980d,N13731  ,United States,1751325544.0,1751325544,-87.2674,34.7822,1859.28,False,47.02,287.84,-0.98,,1889.76,,False,0,2025-06-30 23:19:04
ac6f9c,N900EM  ,United States,1751325543.0,1751325543,-115.2721,33.4511,10736.58,False,242.52,357.57,-5.2,,11384.28,,False,0,2025-06-30 23:19:04
a09829,N1374U  ,United States,1751325499.0,1751325514,-76.0853,36.5961,1005.84,False,55.8,22.78,2.6,,1028.7,5006,False,0,2025-06-30 23:19:04
a74c93,N57FF   ,United States,1751325544.0,1751325544,-104.9957,40.082,2125.98,False,50.42,28.66,2.28,,2240.28,,False,0,2025-06-30 23:19:04
a8cf3a,N667LF  ,United States,1751325536.0,1751325536,-116.8708,47.7565,914.4,False,63.41,3.72,-5.85,,944.88,,False,0,2025-06-30 23:19:04
a9b9e3,AAL81   ,United States,1751325543.0,1751325543,-81.5711,40.2725,10972.8,False,232.15,244.12,0.0,,11590.02,0714,False,0,2025-06-30 23:19:04
a8bc29,FDX1366 ,United States,1751325544.0,1751325544,-111.3564,34.8327,11582.4,False,240.82,262.39,0.0,,12268.2,,False,0,2025-06-30 23:19:04
484f71,KLM211  ,Kingdom of the Netherlands,1751325544.0,1751325544,-71.0486,42.8272,11277.6,False,246.84,28.92,0.0,,11879.58,6242,False,0,2025-06-30 23:19:04
ac00d6,SWA2365 ,United States,1751325544.0,1751325544,-116.8205,32.7072,1836.42,False,144.29,246.91,-0.33,,1889.76,3216,False,0,2025-06-30 23:19:04
aa1c48,FDY395  ,United States,1751325544.0,1751325544,-78.7885,40.6588,3048.0,False,95.46,7.43,0.0,,3177.54,7701,False,0,2025-06-30 23:19:04
a3cc4b,N344BH  ,United States,1751325544.0,1751325544,-103.427,43.9027,1569.72,False,40.75,155.38,3.58,,1661.16,,False,0,2025-06-30 23:19:04
40688c,BAW7D   ,United Kingdom,1751325332.0,1751325332,-112.7802,38.9848,12192.0,False,246.44,203.89,-0.33,,12832.08,3054,False,0,2025-06-30 23:19:04
abe0bb,SWA2206 ,United States,1751325543.0,1751325544,-118.1433,33.8112,38.1,False,71.66,314.71,-2.28,,-7.62,7274,False,0,2025-06-30 23:19:04
a63f69,N501U   ,United States,1751325498.0,1751325498,-94.3777,32.1242,1051.56,False,59.43,78.01,-0.33,,,,False,0,2025-06-30 23:19:04
a716cb,N556MC  ,United States,1751325543.0,1751325544,-116.7376,47.7045,1767.84,False,88.39,309.81,-3.58,,1828.8,,False,0,2025-06-30 23:19:04
a8cf36,N667LB  ,United States,1751325543.0,1751325543,-117.2583,32.8652,1089.66,False,52.16,345.14,0.33,,1066.8,,False,0,2025-06-30 23:19:04
a703c1,GJS4527 ,United States,1751325544.0,1751325544,-79.4389,37.8251,9144.0,False,237.05,237.59,-0.65,,9692.64,6542,False,0,2025-06-30 23:19:04
a87f51,AAL602  ,United States,1751325544.0,1751325544,-90.6623,38.8371,9144.0,False,229.37,260.71,-0.33,,9700.26,4072,False,0,2025-06-30 23:19:04
a716ee,JIA5135 ,United States,1751325543.0,1751325543,-86.1854,33.0678,9448.8,False,229.27,66.6,-0.65,,10012.68,2217,False,0,2025-06-30 23:19:04
a08547,N1322K  ,United States,1751325534.0,1751325534,-122.1127,37.4581,,True,0.0,132.19,,,,,False,0,2025-06-30 23:19:04
ad20f4,AAL627  ,United States,1751325543.0,1751325544,-81.7953,36.4162,7284.72,False,203.07,151.23,-5.53,,7719.06,6737,False,0,2025-06-30 23:19:04
a50c7c,SWA2587 ,United States,1751325543.0,1751325543,-108.4897,31.8714,10668.0,False,245.95,91.08,0.0,,11269.98,1073,False,0,2025-06-30 23:19:04
ab081e,N81MH   ,United States,1751325353.0,1751325353,-72.6566,41.749,182.88,False,39.16,99.83,-3.58,,152.4,7005,False,0,2025-06-30 23:19:04
ac018c,SKW5989 ,United States,1751325543.0,1751325543,-102.6953,37.1796,7322.82,False,224.99,348.79,0.0,,7741.92,,False,0,2025-06-30 23:19:04
ab06a1,N8097H  ,United States,1751325519.0,1751325523,-97.3703,32.8467,426.72,False,35.8,172.57,-3.25,,396.24,,False,0,2025-06-30 23:19:04
a51ed1,UAL1061 ,United States,1751325543.0,1751325543,-110.7479,36.7938,10355.58,False,234.2,231.24,0.33,,10972.8,3233,False,0,2025-06-30 23:19:04
a2aba2,N271QS  ,United States,1751325284.0,1751325284,-82.8678,39.9913,297.18,False,61.32,273.37,-3.25,,251.46,5755,False,0,2025-06-30 23:19:04
a2022f,N2288F  ,United States,1751325542.0,1751325542,-95.4812,29.4659,2903.22,False,54.38,156.59,3.58,,3009.9,4627,False,0,2025-06-30 23:19:04
a34878,SKW3894 ,United States,1751325541.0,1751325541,-111.9941,33.431,,True,7.72,267.19,,,,,False,0,2025-06-30 23:19:04
ab06b7,N80975  ,United States,1751325534.0,1751325534,-80.0952,26.1303,60.96,False,48.37,178.78,-1.3,,114.3,,False,0,2025-06-30 23:19:04
a56204,,United States,1751325543.0,1751325543,-93.5836,44.1095,899.16,False,41.09,325.71,1.63,,,,False,0,2025-06-30 23:19:04
a6e507,N543WB  ,United States,1751325544.0,1751325544,-118.7079,34.0518,1005.84,False,46.25,62.86,1.3,,982.98,,False,0,2025-06-30 23:19:04
a4a538,TCN399  ,United States,1751325544.0,1751325544,-84.8401,39.3335,2446.02,False,132.26,88.44,0.0,,2529.84,3251,False,0,2025-06-30 23:19:04
ab19df,SCX1908 ,United States,1751325543.0,1751325543,-92.7757,42.7212,8534.4,False,211.0,334.43,0.33,,8846.82,1021,False,0,2025-06-30 23:19:04
a3484e,AAL358  ,United States,1751325544.0,1751325544,-82.1842,34.7206,6446.52,False,225.16,235.8,4.55,,6819.9,1655,False,0,2025-06-30 23:19:04
acbf02,N920JR  ,United States,1751325544.0,1751325544,-81.0013,29.7254,12496.8,False,172.69,14.49,0.0,,13136.88,5703,False,0,2025-06-30 23:19:04
a58873,AAL738  ,United States,1751325544.0,1751325544,-117.5357,33.5801,6934.2,False,218.78,106.39,5.2,,7307.58,7347,False,0,2025-06-30 23:19:04
a9dc5e,UAL1798 ,United States,1751325544.0,1751325544,-110.373,32.6087,6096.0,False,195.89,309.46,-0.33,,6469.38,2576,False,0,2025-06-30 23:19:04
a0d561,AAL1792 ,United States,1751325535.0,1751325535,-88.6341,32.8046,10058.4,False,242.66,131.73,0.0,,10683.24,7075,False,0,2025-06-30 23:19:04
a5c51d,LFA459  ,United States,1751325524.0,1751325524,-81.3174,28.5512,30.48,False,36.62,245.96,-1.95,,45.72,5541,False,0,2025-06-30 23:19:04
a0857b,N13232  ,United States,1751325543.0,1751325543,-72.1925,42.3087,883.92,False,60.2,0.98,-0.65,,891.54,,False,0,2025-06-30 23:19:04
aaf9ea,,United States,1751325396.0,1751325401,-87.9094,41.9817,,True,0.45,236.25,,,,,False,0,2025-06-30 23:19:04
ab19fb,UAL1915 ,United States,1751325540.0,1751325541,-94.3347,31.2744,8046.72,False,239.85,33.89,3.9,,8542.02,2553,False,0,2025-06-30 23:19:04
ac13b3,SWA3254 ,United States,1751325352.0,1751325352,-104.7339,39.841,1577.34,False,86.94,90.34,-4.88,,1661.16,1754,False,0,2025-06-30 23:19:04
ac6f69,N900CL  ,United States,1751325094.0,1751325434,-77.7579,35.5693,838.2,False,52.7,218.66,-0.65,,838.2,,False,0,2025-06-30 23:19:04
a45552,ATN3344 ,United States,1751325543.0,1751325544,-73.4418,40.5977,1219.2,False,143.42,339.42,0.65,,1242.06,1411,False,0,2025-06-30 23:19:04
a1e23a,ENY4086 ,United States,1751325543.0,1751325543,-107.2244,32.0267,10668.0,False,236.56,95.12,-0.65,,11300.46,0713,False,0,2025-06-30 23:19:04
aa70dc,DPJ772  ,United States,1751325544.0,1751325544,-85.803,41.7701,11887.2,False,253.11,89.77,0.0,,12496.8,6205,False,0,2025-06-30 23:19:04
ac26cf,RPA5888 ,United States,1751325543.0,1751325543,-82.116,42.0685,10363.2,False,207.95,233.75,0.0,,10904.22,5763,False,0,2025-06-30 23:19:04
a4b827,DAL37   ,United States,1751325229.0,1751325230,-84.4261,33.6395,,True,0.0,90.0,,,,0563,False,0,2025-06-30 23:19:04
a44213,UAL552  ,United States,1751325543.0,1751325543,-92.4224,39.1757,10972.8,False,219.77,268.26,0.0,,11559.54,4352,False,0,2025-06-30 23:19:04
a44211,UAL2462 ,United States,1751325543.0,1751325543,-79.6295,43.6863,,True,8.23,317.81,,,,0510,False,0,2025-06-30 23:19:04
ac6f6c,N900CP  ,United States,1751325496.0,1751325513,-88.3699,35.7875,2590.8,False,55.03,290.81,0.0,,2735.58,6344,True,0,2025-06-30 23:19:04
a44214,UAL1423 ,United States,1751325544.0,1751325544,-84.2593,43.9977,10363.2,False,207.13,281.17,0.0,,10835.64,1156,False,0,2025-06-30 23:19:04
ab3c61,DAL1736 ,United States,1751325544.0,1751325544,-84.4122,32.5077,7680.96,False,236.17,179.0,5.2,,8161.02,3737,False,0,2025-06-30 23:19:04
a6d0ea,N5383D  ,United States,1751325543.0,1751325543,-118.7246,34.0304,1249.68,False,47.29,75.51,6.5,,1249.68,,False,0,2025-06-30 23:19:04
addf19,N993PM  ,United States,1751325495.0,1751325495,-89.7118,32.2918,4396.74,False,92.67,272.23,0.33,,4632.96,,False,0,2025-06-30 23:19:04
a1e241,AAY568  ,United States,1751325544.0,1751325544,-119.9964,45.7246,8633.46,False,252.18,91.64,5.53,,9022.08,3537,False,0,2025-06-30 23:19:04
ac252a,SWA3645 ,United States,1751325544.0,1751325544,-100.7744,31.1138,10668.0,False,248.6,78.78,0.0,,11323.32,3602,False,0,2025-06-30 23:19:04
a5844a,N4547E  ,United States,1751325530.0,1751325530,-105.1742,40.1696,1493.52,False,33.82,123.21,-3.9,,1562.1,,False,0,2025-06-30 23:19:04
ad4513,N954S   ,United States,1751325544.0,1751325544,-122.3946,37.3548,2156.46,False,98.45,165.17,0.0,,2209.8,3751,False,0,2025-06-30 23:19:04
a9b700,N725K   ,United States,1751325543.0,1751325543,-120.754,37.3787,3223.26,False,57.7,21.99,0.0,,3368.04,1200,False,0,2025-06-30 23:19:04
ab1890,DAL1812 ,United States,1751325544.0,1751325544,-84.4215,33.6395,,True,5.92,0.0,,,,5736,False,0,2025-06-30 23:19:04
a9672c,ASA1279 ,United States,1751325544.0,1751325544,-118.9314,39.3339,10363.2,False,255.81,1.84,0.0,,10873.74,7612,False,0,2025-06-30 23:19:04
3965b0,AFR003  ,France,1751325543.0,1751325543,-68.3216,43.8068,10668.0,False,259.12,56.91,0.0,,11201.4,2731,False,0,2025-06-30 23:19:04
a59799,N46DM   ,United States,1751325543.0,1751325544,-78.7485,35.7735,952.5,False,69.03,154.39,3.9,,982.98,,False,0,2025-06-30 23:19:04
ac6bbf,N9P     ,United States,1751325505.0,1751325505,-112.4757,42.1823,8267.7,False,259.01,45.48,0.65,,8694.42,,False,0,2025-06-30 23:19:04
ac6bd0,AXEL90  ,United States,1751325543.0,1751325543,-110.8987,39.887,6789.42,False,216.27,296.26,-8.45,,7193.28,,False,0,2025-06-30 23:19:04
aa2bc2,UAL305  ,United States,1751325544.0,1751325544,-111.7609,35.3317,10507.98,False,244.35,108.66,-4.88,,11125.2,,False,0,2025-06-30 23:19:04
a3311b,JBU349  ,United States,1751325543.0,1751325543,-80.9661,34.9798,10363.2,False,242.11,184.75,-0.33,,10988.04,7004,False,0,2025-06-30 23:19:04
a83439,N628CT  ,United States,1751325445.0,1751325453,-90.7053,42.4048,,True,0.06,227.81,,,,,False,0,2025-06-30 23:19:04
c023c9,ACA062  ,Canada,1751325544.0,1751325544,-80.5236,44.3953,5554.98,False,176.47,136.3,-7.15,,5760.72,7462,False,0,2025-06-30 23:19:04
a21142,EDV5205 ,United States,1751325544.0,1751325544,-86.7816,34.5994,655.32,False,92.2,177.12,4.23,,670.56,1526,False,0,2025-06-30 23:19:04
a9eb8f,N7383L  ,United States,1751325430.0,1751325430,-104.572,39.7942,1623.06,False,29.88,92.96,-2.28,,1714.5,,False,0,2025-06-30 23:19:04
a0d166,,United States,1751325544.0,1751325544,-85.2979,43.6333,1127.76,False,51.06,175.96,-0.98,,1089.66,,False,0,2025-06-30 23:19:04
a1f11d,AAY9202 ,United States,1751325544.0,1751325544,-82.1566,29.4653,4937.76,False,181.68,6.34,-4.88,,5234.94,0107,False,0,2025-06-30 23:19:04
aa2ba5,UAL755  ,United States,1751325544.0,1751325544,-92.5409,34.2123,10058.4,False,243.19,69.57,0.0,,10652.76,0547,False,0,2025-06-30 23:19:04
a0817f,UAL68   ,United States,1751325544.0,1751325544,-70.6771,44.8015,10668.0,False,247.54,41.21,0.0,,11178.54,2666,False,0,2025-06-30 23:19:04
aa2ba2,UAL8163 ,United States,1751325543.0,1751325543,-81.1917,29.444,4785.36,False,183.63,175.82,-9.1,,5044.44,1760,False,0,2025-06-30 23:19:04
aa2ba1,UAL2338 ,United States,1751325544.0,1751325544,-96.0241,31.5648,9258.3,False,220.64,333.85,5.2,,9829.8,1524,False,0,2025-06-30 23:19:04
aa2ba4,UAL2862 ,United States,1751325543.0,1751325543,-104.085,40.6942,10363.2,False,233.07,259.19,0.0,,10896.6,0002,False,0,2025-06-30 23:19:04
ac2567,AAL220  ,United States,1751325544.0,1751325544,-80.9807,45.2635,11887.2,False,286.46,54.8,0.0,,12405.36,3416,False,0,2025-06-30 23:19:04
acced9,AAL844  ,United States,1751325543.0,1751325543,-86.3296,32.3342,10401.3,False,232.66,88.1,4.55,,11033.76,6074,False,0,2025-06-30 23:19:04
aae582,AAL3147 ,United States,1751325544.0,1751325544,-75.1685,38.52,5257.8,False,210.59,25.0,-9.43,,5547.36,7760,False,0,2025-06-30 23:19:04
a0d19e,AAL1863 ,United States,1751325543.0,1751325543,-77.4572,38.9496,,True,2.83,0.0,,,,2145,False,0,2025-06-30 23:19:04
a72706,N560BC  ,United States,1751325543.0,1751325543,-88.2991,31.2225,12275.82,False,215.41,101.71,-4.55,,12984.48,3666,False,0,2025-06-30 23:19:04
a093a1,N136Y   ,United States,1751325543.0,1751325543,-97.0732,32.5053,1493.52,False,67.6,100.97,-0.33,,1546.86,,False,0,2025-06-30 23:19:04
3965aa,AFR5G   ,France,1751325543.0,1751325543,-72.474,41.7034,8900.16,False,247.59,48.96,9.43,,9380.22,7512,False,0,2025-06-30 23:19:04
a03f24,DAL580  ,United States,1751325544.0,1751325544,-93.7563,33.1585,10226.04,False,241.84,64.42,3.58,,10866.12,3523,False,0,2025-06-30 23:19:04
c049e9,WJA1681 ,Canada,1751325544.0,1751325544,-73.6771,43.7287,10363.2,False,222.39,341.52,0.0,,10888.98,2275,False,0,2025-06-30 23:19:04
a4b420,ASA778  ,United States,1751325543.0,1751325543,-115.5642,36.0811,4579.62,False,155.35,110.96,-6.83,,4838.7,,False,0,2025-06-30 23:19:04
a129b0,SKW3299 ,United States,1751325542.0,1751325542,-117.5392,47.6227,,True,7.2,90.0,,,,,False,0,2025-06-30 23:19:04
a4b423,VAR402  ,United States,1751325543.0,1751325544,-112.4402,33.1298,2019.3,False,58.59,136.78,4.55,,2087.88,4303,False,0,2025-06-30 23:19:04
a72747,N560DT  ,United States,1751325543.0,1751325543,-122.0585,37.9905,,True,3.86,191.25,,,,6605,False,0,2025-06-30 23:19:04
aad284,N797FA  ,United States,1751325543.0,1751325543,-84.6282,33.1552,906.78,False,52.08,106.65,0.0,,937.26,,False,0,2025-06-30 23:19:04
a4b42b,N402BC  ,United States,1751325543.0,1751325543,-120.6565,35.4971,2148.84,False,83.07,144.83,-2.28,,2202.18,,False,0,2025-06-30 23:19:04
c036b1,WJA1789 ,Canada,1751325543.0,1751325544,-80.5145,35.6737,8435.34,False,235.06,294.43,3.9,,8938.26,,False,0,2025-06-30 23:19:04
ac259b,DAL489  ,United States,1751325544.0,1751325544,-120.306,47.5346,7795.26,False,242.97,94.25,6.18,,8122.92,3526,False,0,2025-06-30 23:19:04
ad4584,SWA3137 ,United States,1751325543.0,1751325544,-100.3679,30.6833,11582.4,False,224.61,277.37,-0.33,,12268.2,7472,False,0,2025-06-30 23:19:04
a2cf34,ENY3340 ,United States,1751325516.0,1751325526,-78.5184,26.5426,9464.04,False,220.42,58.16,4.88,,9989.82,,False,0,2025-06-30 23:19:04
a3ef0c,N3523R  ,United States,1751325543.0,1751325543,-97.0469,32.7074,213.36,False,28.34,183.12,-1.95,,190.5,,False,0,2025-06-30 23:19:04
c02494,WJA1273 ,Canada,1751325544.0,1751325544,-81.8529,32.9534,10668.0,False,236.81,318.17,0.33,,11300.46,3013,False,0,2025-06-30 23:19:04
accf9f,N92415  ,United States,1751325374.0,1751325379,-120.8775,37.6303,609.6,False,52.12,221.4,-0.98,,571.5,,False,0,2025-06-30 23:19:04
a99afb,NKS2462 ,United States,1751325543.0,1751325544,-98.6615,33.8825,7254.24,False,206.62,119.37,-5.85,,7696.2,3301,False,0,2025-06-30 23:19:04
ae63e6,ROPER31 ,United States,1751325544.0,1751325544,-122.9688,38.2405,762.0,False,163.07,158.53,2.28,,739.14,,False,0,2025-06-30 23:19:04
ae63e7,ROPER33 ,United States,1751325543.0,1751325543,-121.4577,39.1848,274.32,False,98.75,161.47,-2.93,,213.36,4517,False,0,2025-06-30 23:19:04
a9ead7,N738XG  ,United States,1751325544.0,1751325544,-84.8134,32.9803,1188.72,False,50.48,272.92,0.33,,1234.44,,False,0,2025-06-30 23:19:04
a9411b,N696BB  ,United States,1751325507.0,1751325526,-72.7892,40.7447,419.1,False,70.94,250.51,0.0,,411.48,,False,0,2025-06-30 23:19:04
a4d9d8,SWA1823 ,United States,1751325544.0,1751325544,-86.0275,40.2602,7246.62,False,216.71,320.49,-5.85,,7604.76,1620,False,0,2025-06-30 23:19:04
a0f6b9,SKW3816 ,United States,1751325544.0,1751325544,-96.5093,43.8844,4259.58,False,188.78,55.66,8.45,,4411.98,4255,False,0,2025-06-30 23:19:04
ae50ce,,United States,1751325440.0,1751325440,-79.8464,35.5683,411.48,False,60.23,145.09,0.0,,396.24,,False,0,2025-06-30 23:19:04
e80475,TAM8181 ,Chile,1751325543.0,1751325543,-71.8175,39.1535,7696.2,False,254.0,139.6,3.25,,8130.54,4073,False,0,2025-06-30 23:19:04
e80474,TAM8126 ,Chile,1751325544.0,1751325544,-81.2019,28.72,1493.52,False,102.59,235.83,-5.85,,1592.58,4112,False,0,2025-06-30 23:19:04
a369be,ENY3385 ,United States,1751325544.0,1751325544,-84.5591,33.5516,8763.0,False,219.77,85.7,-6.5,,9304.02,0404,False,0,2025-06-30 23:19:04
4ac8a8,SAS935  ,Sweden,1751325543.0,1751325543,-122.3701,37.6167,,True,40.13,298.12,,,,7762,False,0,2025-06-30 23:19:04
a02c40,AAL16   ,United States,1751325544.0,1751325544,-80.1688,42.1532,11285.22,False,257.07,101.31,0.0,,11879.58,3324,False,0,2025-06-30 23:19:04
e8046f,TAM8087 ,Chile,1751325257.0,1751325257,-101.8808,24.5765,10660.38,False,257.85,139.13,0.0,,11353.8,,False,0,2025-06-30 23:19:04
a4c6b3,ASA1006 ,United States,1751325543.0,1751325544,-120.3438,46.5135,8046.72,False,206.57,309.24,-4.23,,8420.1,,False,0,2025-06-30 23:19:04
aaf828,AA0013  ,United States,1751325380.0,1751325380,-87.9279,41.9785,,True,4.37,2.81,,,,,False,0,2025-06-30 23:19:04
a03f84,RPA4399 ,United States,1751325543.0,1751325544,-79.5063,36.8223,6400.8,False,205.73,132.47,0.0,,6781.8,4671,False,0,2025-06-30 23:19:04
ac3816,CAP487  ,United States,1751325543.0,1751325543,-117.1168,33.6055,586.74,False,31.62,248.03,-2.28,,541.02,,False,0,2025-06-30 23:19:04
a9b775,JIA5292 ,United States,1751325543.0,1751325543,-96.6324,36.7465,10972.8,False,213.93,225.97,-0.65,,11597.64,,False,0,2025-06-30 23:19:04
ab5eb2,SWA3186 ,United States,1751325543.0,1751325543,-90.5399,38.5829,10363.2,False,225.46,268.04,0.0,,10949.94,6520,False,0,2025-06-30 23:19:04
a9a419,FFT3479 ,United States,1751325543.0,1751325543,-76.4107,37.5645,9654.54,False,248.99,213.2,4.55,,10218.42,1672,False,0,2025-06-30 23:19:04
a69148,N522KL  ,United States,1751325543.0,1751325543,-83.417,27.1097,6461.76,False,170.25,116.57,-4.88,,6819.9,4455,False,0,2025-06-30 23:19:04
ad5817,SWA1614 ,United States,1751325543.0,1751325543,-78.4953,29.3861,11277.6,False,231.1,4.21,0.0,,11811.0,1455,False,0,2025-06-30 23:19:04
a356f6,AAL2470 ,United States,1751325543.0,1751325543,-100.1989,37.0345,10668.0,False,248.69,92.37,0.0,,11254.74,,False,0,2025-06-30 23:19:04
a88ddb,N650MP  ,United States,1751325543.0,1751325543,-88.6166,35.7538,13098.78,False,233.4,218.92,-0.33,,13792.2,6524,False,0,2025-06-30 23:19:04
aaf831,ASA1235 ,United States,1751325393.0,1751325393,-111.1489,42.7931,11277.6,False,241.96,109.63,-0.33,,11856.72,6667,False,0,2025-06-30 23:19:04
a4b48e,N402FB  ,United States,1751325544.0,1751325544,-99.5894,25.7765,5166.36,False,174.92,89.49,0.33,,5463.54,,False,0,2025-06-30 23:19:04
a5d481,N475JM  ,United States,1751325543.0,1751325543,-88.8738,31.3785,2712.72,False,90.47,147.3,0.33,,2865.12,,False,0,2025-06-30 23:19:04
a7277c,N560FW  ,United States,1751325544.0,1751325544,-102.3965,36.337,12489.18,False,218.03,127.33,0.0,,13129.26,,False,0,2025-06-30 23:19:04
a9b755,NKS2398 ,United States,1751325543.0,1751325543,-94.9939,30.007,1203.96,False,116.27,270.25,-4.55,,1280.16,1663,False,0,2025-06-30 23:19:04
ab4ba6,JBU1752 ,United States,1751325543.0,1751325544,-81.6392,27.1229,6537.96,False,215.66,305.09,-12.03,,6949.44,4755,False,0,2025-06-30 23:19:04
a87ae9,N6455V  ,United States,1751325533.0,1751325533,-95.1191,38.8443,883.92,False,58.2,8.13,-1.3,,845.82,,False,0,2025-06-30 23:19:04
ac250b,SWA3102 ,United States,1751325544.0,1751325544,-97.3721,30.7136,9570.72,False,236.48,86.88,-9.1,,10195.56,5210,False,0,2025-06-30 23:19:04
ad5837,AAL2115 ,United States,1751325544.0,1751325544,-80.1852,25.6453,2011.68,False,142.2,174.19,4.55,,2133.6,,False,0,2025-06-30 23:19:04
abaeb2,SWA4357 ,United States,1751325543.0,1751325543,-104.394,30.7937,11277.6,False,241.37,91.59,0.0,,11948.16,1066,False,0,2025-06-30 23:19:04
a2cf3b,AAY1231 ,United States,1751325543.0,1751325543,-88.2533,34.7996,10363.2,False,240.09,284.9,0.0,,11003.28,0726,False,0,2025-06-30 23:19:04
485f82,KLM642  ,Kingdom of the Netherlands,1751325544.0,1751325544,-67.9883,46.9433,11269.98,False,275.2,47.12,0.0,,11765.28,3364,False,0,2025-06-30 23:19:04
a02c7b,HER110  ,United States,1751325543.0,1751325543,-102.0688,38.5045,12481.56,False,213.11,302.08,-4.88,,13083.54,2176,False,0,2025-06-30 23:19:04
a236ea,N2416K  ,United States,1751325544.0,1751325544,-123.0217,48.5857,601.98,False,36.0,30.96,0.65,,586.74,,False,0,2025-06-30 23:19:04
a489d9,N3917M  ,United States,1751325542.0,1751325542,-76.6007,35.9533,739.14,False,45.97,264.86,-0.33,,746.76,5374,False,0,2025-06-30 23:19:04
a02c94,DAL369  ,United States,1751325543.0,1751325543,-103.364,40.2805,10363.2,False,229.8,254.28,0.0,,10919.46,7405,False,0,2025-06-30 23:19:04
a02c91,DAL1404 ,United States,1751325544.0,1751325544,-78.3035,36.3022,11277.6,False,225.82,29.78,0.0,,11955.78,6714,False,0,2025-06-30 23:19:04
a369ee,AAL1051 ,United States,1751325543.0,1751325543,-85.0211,36.6951,11277.6,False,237.5,64.88,0.0,,11948.16,1602,False,0,2025-06-30 23:19:04
a223c1,AAY3059 ,United States,1751325543.0,1751325544,-81.1706,31.5007,5806.44,False,196.47,187.07,-8.45,,6172.2,1667,False,0,2025-06-30 23:19:04
a76f63,N5786Z  ,United States,1751325511.0,1751325542,-72.253,41.6995,457.2,False,83.26,50.01,-4.55,,457.2,1200,False,0,2025-06-30 23:19:04
a26c9f,N2551U  ,United States,1751325543.0,1751325543,-84.4149,34.2962,640.08,False,49.56,41.63,1.63,,670.56,3544,False,0,2025-06-30 23:19:04
ab5f87,SWA348  ,United States,1751325287.0,1751325290,-95.211,29.707,441.96,False,93.2,227.24,-1.95,,624.84,,False,0,2025-06-30 23:19:04
ab4c4b,EJA827  ,United States,1751325544.0,1751325544,-74.7531,42.1912,5173.98,False,225.71,84.9,0.0,,5372.1,0525,False,0,2025-06-30 23:19:04
a2bc5a,UAL472  ,United States,1751325543.0,1751325543,-79.6225,29.1774,10058.4,False,231.45,43.38,0.0,,10576.56,5730,False,0,2025-06-30 23:19:04
ad56e0,JBU9    ,United States,1751325281.0,1751325281,-71.5084,38.2656,9448.8,False,249.53,176.22,0.0,,10005.06,1176,False,0,2025-06-30 23:19:04
a570d1,PRE45   ,United States,1751325544.0,1751325544,-106.173,32.6022,13098.78,False,236.14,25.0,-0.33,,13807.44,,False,0,2025-06-30 23:19:04
c06aaa,TSC567  ,Canada,1751325543.0,1751325543,-78.0302,33.311,10668.0,False,221.24,4.0,0.0,,11277.6,6655,False,0,2025-06-30 23:19:04
a2cf7e,N280RM  ,United States,1751325544.0,1751325544,-118.3949,34.3568,4762.5,False,194.87,26.16,21.13,,4998.72,7322,False,0,2025-06-30 23:19:04
a8df0d,N6707H  ,United States,1751325385.0,1751325505,-86.5869,34.9414,541.02,False,46.04,251.77,-0.33,,533.4,,False,0,2025-06-30 23:19:04
aae3d7,N800WF  ,United States,1751325543.0,1751325543,-100.6255,43.8915,12192.0,False,192.28,273.68,0.0,,12672.06,2412,False,0,2025-06-30 23:19:04
a1f0b4,RPA5884 ,United States,1751325544.0,1751325544,-71.3827,42.5069,3032.76,False,135.32,105.89,-4.88,,3162.3,4163,False,0,2025-06-30 23:19:04
a76f6c,UAL714  ,United States,1751325300.0,1751325417,-87.8984,41.9723,,True,6.17,241.88,,,,0632,False,0,2025-06-30 23:19:04
ac36ef,SWA4018 ,United States,1751325543.0,1751325544,-118.5577,34.9679,11582.4,False,248.74,312.23,0.0,,12199.62,0741,False,0,2025-06-30 23:19:04
aae3e3,N800WT  ,United States,1751325544.0,1751325544,-111.5918,33.4499,1440.18,False,110.41,36.28,0.0,,1447.8,1200,False,0,2025-06-30 23:19:04
345109,IBE03SP ,Spain,1751325543.0,1751325543,-73.7704,40.6296,,True,7.72,300.94,,,,6005,False,0,2025-06-30 23:19:04
a52f57,ASI859  ,United States,1751325543.0,1751325544,-112.135,32.9767,2476.5,False,58.46,24.99,-5.2,,2537.46,0324,False,0,2025-06-30 23:19:04
461f4f,FIN1    ,Finland,1751325543.0,1751325543,-116.694,34.3275,7368.54,False,201.08,243.57,-14.96,,7772.4,6757,False,0,2025-06-30 23:19:04
adef60,N99725  ,United States,1751325522.0,1751325522,-81.8755,30.406,579.12,False,38.64,183.05,0.0,,601.98,,False,0,2025-06-30 23:19:04
a4d9f6,N411XT  ,United States,1751325544.0,1751325544,-97.6598,30.2036,,True,2.83,33.75,,,,,False,0,2025-06-30 23:19:04
ab4c83,SCX295  ,United States,1751325543.0,1751325543,-118.851,45.7031,11582.4,False,211.52,265.68,0.0,,12077.7,,False,0,2025-06-30 23:19:04
a4c6af,AAL1659 ,United States,1751325542.0,1751325543,-106.2714,31.4676,10058.4,False,246.56,119.77,0.0,,10660.38,7740,False,0,2025-06-30 23:19:04
ad9f7f,AAL2947 ,United States,1751325544.0,1751325544,-81.2696,35.1206,3017.52,False,151.16,282.38,10.73,,3162.3,,False,0,2025-06-30 23:19:04
ad8c4c,AAL3161 ,United States,1751325543.0,1751325543,-79.0913,40.2086,10972.8,False,228.76,232.13,0.0,,11597.64,7015,False,0,2025-06-30 23:19:04
0d103d,,Mexico,1751325544.0,1751325544,-118.6308,35.1245,12489.18,False,199.6,150.0,-0.33,,13174.98,7033,False,0,2025-06-30 23:19:04
a09533,AAL1373 ,United States,1751325543.0,1751325543,-80.1786,25.6699,4632.96,False,165.54,208.8,10.08,,4892.04,,False,0,2025-06-30 23:19:04
ad8c49,,United States,1751325543.0,1751325543,-82.5297,27.9813,,True,5.66,0.0,,,,,False,0,2025-06-30 23:19:04
a8df06,DAL1413 ,United States,1751325544.0,1751325544,-83.7472,33.1858,3459.48,False,156.22,273.78,-5.2,,3642.36,7235,False,0,2025-06-30 23:19:04
a3dc47,DAL449  ,United States,1751325544.0,1751325544,-114.106,33.9006,10972.8,False,237.87,287.49,0.0,,11605.26,7463,False,0,2025-06-30 23:19:04
a4fc36,N420GA  ,United States,1751325543.0,1751325543,-112.2042,33.6246,701.04,False,60.17,187.37,-0.33,,632.46,2743,False,0,2025-06-30 23:19:04
a76f43,UAL250  ,United States,1751325242.0,1751325242,-100.8312,40.5836,10668.0,False,243.26,66.31,0.0,,11170.92,,False,0,2025-06-30 23:19:04
0d104d,XBCPE   ,Mexico,1751325543.0,1751325543,-116.9968,32.4819,563.88,False,44.78,181.97,1.95,,510.54,,False,0,2025-06-30 23:19:04
ada6ed,,United States,1751325530.0,1751325539,-87.9314,41.9849,,True,0.0,180.0,,,,,False,0,2025-06-30 23:19:04
a3ef6e,N3526J  ,United States,1751325544.0,1751325544,-122.2714,47.8694,350.52,False,36.01,359.18,-1.63,,350.52,,False,0,2025-06-30 23:19:04
a2bc9e,UAL620  ,United States,1751325536.0,1751325541,-77.4506,38.9423,,True,0.0,0.0,,,,,False,0,2025-06-30 23:19:04
c0371f,WJA1579 ,Canada,1751325541.0,1751325541,-106.3328,48.8175,10988.04,False,202.4,287.61,0.0,,11399.52,,False,0,2025-06-30 23:19:04
a76f48,UAL1385 ,United States,1751325544.0,1751325544,-98.9788,39.7823,10058.4,False,277.92,95.2,0.0,,10584.18,7622,False,0,2025-06-30 23:19:04
ac23ef,SWA264  ,United States,1751325544.0,1751325544,-76.829,39.1817,624.84,False,106.51,81.95,0.0,,617.22,7255,False,0,2025-06-30 23:19:04
a1f0f1,N224MA  ,United States,1751325543.0,1751325543,-80.1361,26.2796,723.9,False,48.49,184.26,0.65,,769.62,,False,0,2025-06-30 23:19:04
a5e6d7,N48GA   ,United States,1751325543.0,1751325544,-121.3381,38.2211,3482.34,False,92.84,355.87,5.85,,3642.36,3210,False,0,2025-06-30 23:19:04
461f57,FIN20   ,Finland,1751325543.0,1751325543,-91.359,39.5025,11887.2,False,279.68,34.51,0.0,,12481.56,2323,False,0,2025-06-30 23:19:04
a23862,N242KV  ,United States,1751325544.0,1751325544,-85.0301,33.6055,13716.0,False,200.37,336.07,0.0,,14363.7,7763,False,0,2025-06-30 23:19:04
4063e6,VIR22Q  ,United Kingdom,1751325543.0,1751325543,-69.3624,43.1992,11277.6,False,243.66,53.76,0.0,,11849.1,3606,False,0,2025-06-30 23:19:04
0d1005,VOI1715 ,Mexico,1751325543.0,1751325544,-116.2292,32.0105,11277.6,False,233.75,130.98,0.0,,11925.3,7736,False,0,2025-06-30 23:19:04
a99c95,N7183Q  ,United States,1751325220.0,1751325234,-70.1537,44.8042,1127.76,False,60.28,27.44,-0.33,,1135.38,,False,0,2025-06-30 23:19:04
a0955b,N137BR  ,United States,1751325543.0,1751325544,-111.949,33.7914,13716.0,False,230.33,152.46,0.0,,14424.66,7640,False,0,2025-06-30 23:19:04
a0822c,UCA4881 ,United States,1751325541.0,1751325543,-92.4841,31.2611,10363.2,False,224.34,251.27,0.0,,10980.42,,False,0,2025-06-30 23:19:04
ad447d,N954L   ,United States,1751325543.0,1751325544,-103.5276,39.5159,7261.86,False,241.69,110.17,9.75,,7673.34,,False,0,2025-06-30 23:19:04
ab5f00,SWA1053 ,United States,1751325538.0,1751325539,-96.8523,32.8496,,True,7.2,225.0,,,,,False,0,2025-06-30 23:19:04
a23844,RPA5699 ,United States,1751325542.0,1751325542,-77.0474,38.8826,175.26,False,69.13,133.79,-3.9,,144.78,1621,False,0,2025-06-30 23:19:04
461f08,FIN15   ,Finland,1751325544.0,1751325544,-73.7831,40.6353,,True,6.69,300.94,,,,6554,False,0,2025-06-30 23:19:04
abf17f,AAL2332 ,United States,1751325543.0,1751325543,-108.1674,36.2056,9448.8,False,241.68,58.14,0.0,,9982.2,4155,True,0,2025-06-30 23:19:04
addadb,JBU378  ,United States,1751325544.0,1751325544,-87.9279,34.9206,10668.0,False,235.22,79.8,0.0,,11308.08,6116,False,0,2025-06-30 23:19:04
a02bd0,N11WB   ,United States,1751325543.0,1751325543,-117.0619,34.2835,4739.64,False,152.1,219.23,-10.08,,4991.1,2441,False,0,2025-06-30 23:19:04
a14baa,N18287  ,United States,1751325543.0,1751325543,-117.3588,34.7353,3512.82,False,87.22,67.82,-0.65,,3672.84,4710,False,0,2025-06-30 23:19:04
a4c849,SKW3429 ,United States,1751325543.0,1751325543,-120.5905,36.1986,10248.9,False,213.56,140.87,8.78,,10767.06,3253,False,0,2025-06-30 23:19:04
a7ac54,ASA862  ,United States,1751325275.0,1751325278,-122.3165,47.4594,,True,12.35,36.56,,,,,False,0,2025-06-30 23:19:04
c035f8,WJA2903 ,Canada,1751325543.0,1751325543,-72.1939,42.4165,11590.02,False,217.06,337.57,0.33,,12192.0,4135,False,0,2025-06-30 23:19:04
a570f1,N45NB   ,United States,1751325544.0,1751325544,-107.6418,37.218,12192.0,False,218.68,264.33,0.33,,12824.46,,False,0,2025-06-30 23:19:04
a2bbac,UAL1911 ,United States,1751325543.0,1751325543,-95.0537,30.6218,5181.6,False,221.51,28.89,10.08,,5463.54,2570,False,0,2025-06-30 23:19:04
a9ff60,N743TH  ,United States,1751325544.0,1751325544,-122.1696,38.0414,1645.92,False,48.57,118.47,2.28,,1676.4,,False,0,2025-06-30 23:19:04
ac36a9,SWA2044 ,United States,1751325543.0,1751325543,-92.5903,33.4013,11277.6,False,249.83,52.45,0.0,,11948.16,2736,False,0,2025-06-30 23:19:04
ab4c15,AAL3017 ,United States,1751325543.0,1751325544,-78.0012,32.3647,10972.8,False,244.23,195.27,0.33,,11551.92,1656,False,0,2025-06-30 23:19:04
aa80c0,EJA776  ,United States,1751325543.0,1751325543,-120.7457,39.5768,12496.8,False,230.36,161.65,0.33,,13083.54,2660,False,0,2025-06-30 23:19:04
ab5f43,SWA1974 ,United States,1751325543.0,1751325543,-85.2366,36.8216,10972.8,False,232.87,348.14,0.0,,11628.12,4344,False,0,2025-06-30 23:19:04
a700ac,DAL778  ,United States,1751325543.0,1751325543,-108.7746,37.9363,10668.0,False,243.04,43.97,-0.33,,11254.74,,False,0,2025-06-30 23:19:04
a33222,ENY3816 ,United States,1751325543.0,1751325543,-96.5249,31.5468,6400.8,False,214.42,161.83,0.33,,6781.8,2334,False,0,2025-06-30 23:19:04
a9ec06,UAL1660 ,United States,1751325544.0,1751325544,-96.5349,42.7983,10363.2,False,208.39,275.81,-0.33,,10774.68,3545,False,0,2025-06-30 23:19:04
ab03a4,DAL809  ,United States,1751325544.0,1751325544,-85.6667,34.8777,8938.26,False,247.54,141.58,-4.88,,9486.9,3206,False,0,2025-06-30 23:19:04
a34542,N31JB   ,United States,1751325537.0,1751325537,-120.5908,37.5661,617.22,False,44.92,219.89,3.9,,548.64,,False,0,2025-06-30 23:19:04
adb9a1,N9837L  ,United States,1751325515.0,1751325515,-95.0449,38.8022,594.36,False,44.95,354.75,-0.33,,594.36,,False,0,2025-06-30 23:19:04
a9ff49,SKW5584 ,United States,1751325542.0,1751325543,-103.103,41.3602,8839.2,False,235.74,48.27,0.98,,9304.02,,False,0,2025-06-30 23:19:04
ab4c1d,DAL98   ,United States,1751325543.0,1751325543,-82.6743,41.0512,8374.38,False,260.77,39.88,3.25,,8816.34,4154,False,0,2025-06-30 23:19:04
a1057a,AAL1817 ,United States,1751325544.0,1751325544,-84.5621,36.1728,9753.6,False,242.39,294.72,0.0,,10347.96,3107,False,0,2025-06-30 23:19:04
a690ef,LXJ522  ,United States,1751325543.0,1751325543,-94.2329,33.9871,12390.12,False,224.69,248.37,-6.5,,13075.92,1603,False,0,2025-06-30 23:19:04
c06b68,PRO4371 ,Canada,1751325417.0,1751325417,-80.7949,46.6268,,True,7.72,109.69,,,,,False,0,2025-06-30 23:19:04
a0d236,N152GC  ,United States,1751325543.0,1751325544,-114.4676,36.0796,1066.8,False,46.95,85.6,0.65,,1013.46,,False,0,2025-06-30 23:19:04
abaf30,VAR852  ,United States,1751325322.0,1751325326,-112.8472,33.5229,1036.32,False,56.98,219.87,-2.93,,1005.84,,False,0,2025-06-30 23:19:04
a7bf7c,N599GR  ,United States,1751325293.0,1751325293,-72.4771,41.4457,312.42,False,88.46,111.49,-5.85,,304.8,1200,False,0,2025-06-30 23:19:04
a8deb4,DAL1768 ,United States,1751325543.0,1751325543,-73.4886,39.8413,3078.48,False,145.44,309.55,-5.53,,3223.26,,False,0,2025-06-30 23:19:04
ada952,N98FK   ,United States,1751325543.0,1751325543,-92.3665,34.1846,9448.8,False,164.07,64.56,0.0,,10005.06,3623,False,0,2025-06-30 23:19:04
ad3302,N95HE   ,United States,1751325542.0,1751325542,-98.6277,38.517,12496.8,False,233.34,87.09,0.33,,13106.4,2063,False,0,2025-06-30 23:19:04
a8484b,BYF31   ,United States,1751325526.0,1751325526,-121.4351,37.6845,,True,0.0,208.12,,,,5345,False,0,2025-06-30 23:19:04
aaf996,EJA806  ,United States,1751325544.0,1751325544,-111.8937,33.3333,10927.08,False,239.46,327.37,9.43,,11559.54,1663,False,0,2025-06-30 23:19:04
aa9679,RPA3465 ,United States,1751325544.0,1751325544,-87.5871,41.4471,4922.52,False,181.59,155.03,10.4,,5135.88,7257,False,0,2025-06-30 23:19:04
ab9024,EJA844  ,United States,1751325544.0,1751325544,-72.8836,41.2664,,True,0.0,33.75,,,,2257,False,0,2025-06-30 23:19:04
acbcbc,N92KK   ,United States,1751325269.0,1751325269,-72.7322,42.1749,281.94,False,44.2,129.81,-6.83,,251.46,,False,0,2025-06-30 23:19:04
a63bf4,SWA4674 ,United States,1751325543.0,1751325543,-96.7865,32.9112,1127.76,False,112.54,317.78,-8.78,,1173.48,3413,False,0,2025-06-30 23:19:04
a3323d,DAL32   ,United States,1751325544.0,1751325544,-95.9853,32.8332,5684.52,False,216.63,83.04,5.85,,6012.18,0512,False,0,2025-06-30 23:19:04
a7288f,AMF2852 ,United States,1751325540.0,1751325540,-112.0079,33.4278,,True,11.32,90.0,,,,,False,0,2025-06-30 23:19:04
ac267c,AAL1100 ,United States,1751325348.0,1751325348,-97.038,32.9078,,True,2.06,171.56,,,,,False,0,2025-06-30 23:19:04
a4b58e,N402RH  ,United States,1751325543.0,1751325543,-122.6514,45.2402,182.88,False,46.31,1.27,-4.23,,144.78,,False,0,2025-06-30 23:19:04
a2bbcc,UAL2665 ,United States,1751325543.0,1751325543,-101.5413,42.1699,10668.0,False,254.81,107.26,0.0,,11170.92,,False,0,2025-06-30 23:19:04
a87bb9,N646CB  ,United States,1751325543.0,1751325543,-118.0947,33.8137,327.66,False,43.73,270.67,-1.63,,289.56,,False,0,2025-06-30 23:19:04
a7287d,N560SC  ,United States,1751325529.0,1751325529,-86.6739,36.1247,,True,7.46,222.19,,,,1014,False,0,2025-06-30 23:19:04
a5d56b,N475TW  ,United States,1751325543.0,1751325543,-122.6892,45.8581,2872.74,False,95.46,352.57,6.5,,2987.04,,False,0,2025-06-30 23:19:04
accff2,N9244H  ,United States,1751325543.0,1751325543,-83.1387,42.0823,518.16,False,48.53,32.01,-0.98,,449.58,,False,0,2025-06-30 23:19:04
abf32f,SWA1796 ,United States,1751325544.0,1751325544,-77.6008,36.5538,11582.4,False,243.16,234.12,0.0,,12245.34,5443,False,0,2025-06-30 23:19:04
4065de,BAW33K  ,United Kingdom,1751325346.0,1751325349,-73.7941,40.6516,,True,3.6,61.88,,,,3534,False,0,2025-06-30 23:19:04
aae69a,N801LM  ,United States,1751325543.0,1751325543,-100.2739,25.8135,1280.16,False,113.42,202.96,17.56,,1325.88,,False,0,2025-06-30 23:19:04
aac03d,ENY3596 ,United States,1751325543.0,1751325544,-86.8593,41.8836,3451.86,False,174.79,304.2,-4.88,,3573.78,6676,False,0,2025-06-30 23:19:04
ac136d,SWA4708 ,United States,1751325544.0,1751325544,-81.3281,28.556,594.36,False,91.06,179.68,-4.23,,647.7,1047,False,0,2025-06-30 23:19:04
aad386,N797RJ  ,United States,1751325543.0,1751325543,-117.1886,32.8333,571.5,False,36.79,290.46,3.25,,533.4,,False,0,2025-06-30 23:19:04
aa2cb0,AVA031  ,United States,1751325544.0,1751325544,-79.8848,24.871,6050.28,False,209.42,162.86,5.2,,6416.04,,False,0,2025-06-30 23:19:04
ad201e,,United States,1751325543.0,1751325543,-89.9209,34.9299,1043.94,False,143.82,107.92,9.43,,1028.7,,False,0,2025-06-30 23:19:04
a72832,N560PC  ,United States,1751325542.0,1751325542,-122.8494,45.7742,335.28,False,53.04,171.63,1.3,,304.8,,False,0,2025-06-30 23:19:04
44ccc2,BEL52B  ,Belgium,1751325536.0,1751325536,-73.7931,40.6521,,True,3.6,61.88,,,,,False,0,2025-06-30 23:19:04
a3eefb,N35229  ,United States,1751325293.0,1751325293,-80.4359,25.6528,-38.1,False,24.71,87.61,0.0,,-15.24,,False,0,2025-06-30 23:19:04
a57229,AAL2356 ,United States,1751325544.0,1751325544,-84.3642,36.2308,10370.82,False,240.83,258.67,0.33,,11003.28,7110,False,0,2025-06-30 23:19:04
4078de,BAW291  ,United Kingdom,1751325544.0,1751325544,-77.352,38.9121,1226.82,False,133.29,1.55,-0.33,,1264.92,6014,False,0,2025-06-30 23:19:04
44ccd0,BEL1BT  ,Belgium,1751325544.0,1751325544,-75.33,39.6919,8100.06,False,248.81,40.64,6.18,,8557.26,3316,False,0,2025-06-30 23:19:04
abe056,SWA2947 ,United States,1751325409.0,1751325409,-77.452,38.948,,True,3.34,0.0,,,,2136,False,0,2025-06-30 23:19:04
a9558b,N700LC  ,United States,1751325370.0,1751325371,-96.4367,30.677,708.66,False,97.58,94.84,-7.8,,716.28,4564,False,0,2025-06-30 23:19:04
a8359c,SKW5361 ,United States,1751325543.0,1751325543,-101.041,31.4981,7620.0,False,207.91,105.21,5.53,,8077.2,,False,0,2025-06-30 23:19:04
ad31f0,N9497M  ,United States,1751325543.0,1751325543,-96.3014,33.1605,1074.42,False,71.98,83.43,-1.3,,1104.9,1200,False,0,2025-06-30 23:19:04
a4c7b9,N407MD  ,United States,1751325544.0,1751325544,-84.4731,33.2808,937.26,False,54.32,331.74,-0.98,,960.12,1200,False,0,2025-06-30 23:19:04
ac390f,AAL2398 ,United States,1751325544.0,1751325544,-114.576,47.6729,10668.0,False,256.81,88.39,0.0,,11140.44,6601,False,0,2025-06-30 23:19:04
a38d0b,N328LJ  ,United States,1751325278.0,1751325278,-111.9098,33.6239,,True,3.86,303.75,,,,4414,False,0,2025-06-30 23:19:04
a9689b,N705RC  ,United States,1751325543.0,1751325543,-104.1272,39.914,2346.96,False,121.53,337.34,1.95,,2484.12,,False,0,2025-06-30 23:19:04
a51d1b,AAL2831 ,United States,1751325544.0,1751325544,-86.5728,37.7762,10370.82,False,231.69,277.01,0.33,,10995.66,1327,False,0,2025-06-30 23:19:04
ab5faa,SWA3253 ,United States,1751325544.0,1751325544,-103.1511,39.4084,7299.96,False,250.84,110.4,2.93,,7726.68,,False,0,2025-06-30 23:19:04
a081a3,UCA4241 ,United States,1751325544.0,1751325544,-96.1327,30.9002,7315.2,False,209.81,150.8,0.0,,7741.92,7704,False,0,2025-06-30 23:19:04
a6e28a,N5426F  ,United States,1751325533.0,1751325540,-80.4385,35.4201,495.3,False,42.15,156.25,-1.3,,487.68,,False,0,2025-06-30 23:19:04
a4529e,N378MH  ,United States,1751325544.0,1751325544,-91.5961,30.7116,7620.0,False,136.91,62.47,0.0,,8092.44,7065,False,0,2025-06-30 23:19:04
a02d5b,FFL599  ,United States,1751325543.0,1751325543,-103.8276,33.0699,8488.68,False,234.18,285.81,-9.1,,8991.6,1026,False,0,2025-06-30 23:19:04
a95596,N700LP  ,United States,1751325543.0,1751325543,-96.6135,33.1327,1539.24,False,128.45,245.39,-0.33,,1592.58,2676,False,0,2025-06-30 23:19:04
ab0633,N8094C  ,United States,1751325543.0,1751325543,-76.0201,42.4115,1562.1,False,66.65,171.12,-2.6,,1577.34,3761,False,0,2025-06-30 23:19:04
aaf93d,N806MC  ,United States,1751325544.0,1751325544,-83.8041,42.9534,12496.8,False,186.4,276.5,-0.65,,13075.92,1750,False,0,2025-06-30 23:19:04
a8def1,DAL3231 ,United States,1751325464.0,1751325465,-84.4253,33.6383,,True,0.0,270.0,,,,4612,False,0,2025-06-30 23:19:04
a9687f,N705Q   ,United States,1751325424.0,1751325428,-84.5152,42.4973,525.78,False,45.86,3.22,0.0,,472.44,,False,0,2025-06-30 23:19:04
a224f9,UAL1859 ,United States,1751325543.0,1751325544,-88.0092,41.909,1485.9,False,123.06,264.24,6.83,,1508.76,5613,False,0,2025-06-30 23:19:04
ab1971,AAL2028 ,United States,1751325543.0,1751325543,-82.7567,34.806,10668.0,False,232.31,71.4,0.0,,11308.08,1062,False,0,2025-06-30 23:19:04
a83564,EJA628  ,United States,1751325544.0,1751325544,-76.3302,38.9547,7597.14,False,234.13,23.3,-3.25,,8016.24,3027,False,0,2025-06-30 23:19:04
aae631,,United States,1751325463.0,1751325487,-95.184,29.7308,518.16,False,78.22,224.2,-4.23,,601.98,,False,0,2025-06-30 23:19:04
ab1978,AAY2890 ,United States,1751325543.0,1751325544,-84.8969,32.831,9448.8,False,232.92,156.44,0.0,,10027.92,1513,False,0,2025-06-30 23:19:04
a83569,QXE2290 ,United States,1751325543.0,1751325543,-123.1892,46.4311,8869.68,False,204.01,183.04,6.18,,9227.82,1670,False,0,2025-06-30 23:19:04
a224fa,UAL2194 ,United States,1751325544.0,1751325544,-91.7956,30.1016,7429.5,False,215.67,74.51,-11.05,,7879.08,4664,False,0,2025-06-30 23:19:04
ab5fdd,AAL3175 ,United States,1751325544.0,1751325544,-84.442,33.6412,,True,0.0,284.06,,,,1535,True,0,2025-06-30 23:19:04
a8ded6,DAL1927 ,United States,1751325544.0,1751325544,-88.6448,32.2817,9753.6,False,249.51,241.69,0.0,,10347.96,3512,False,0,2025-06-30 23:19:04
ada936,,United States,1751325536.0,1751325536,-74.2449,40.6166,22.86,False,5.75,259.7,1.3,,-30.48,,False,0,2025-06-30 23:19:04
a14d78,SKW3297 ,United States,1751325543.0,1751325543,-122.3566,40.2123,10363.2,False,235.64,319.25,0.0,,10828.02,3232,False,0,2025-06-30 23:19:04
a37a25,N323HA  ,United States,1751325543.0,1751325543,-100.3278,43.2132,4236.72,False,104.14,96.81,5.85,,4450.08,,False,0,2025-06-30 23:19:04
a5c293,N470RB  ,United States,1751325543.0,1751325543,-118.4375,33.6456,1127.76,False,42.85,175.18,0.33,,1104.9,,False,0,2025-06-30 23:19:04
a8dee0,UAL170  ,United States,1751325496.0,1751325496,-74.1688,40.7009,,True,0.0,95.62,,,,,False,0,2025-06-30 23:19:04
a26d4a,N2556Q  ,United States,1751325421.0,1751325421,-118.0202,34.0522,457.2,False,66.21,22.38,-1.63,,464.82,,False,0,2025-06-30 23:19:04
ada922,N98DM   ,United States,1751325543.0,1751325543,-84.4099,40.2165,914.4,False,85.34,237.56,-2.6,,922.02,1713,False,0,2025-06-30 23:19:04
a9fec4,ENYMTX35,United States,1751325364.0,1751325364,-87.9279,41.9787,,True,3.86,0.0,,,,,False,0,2025-06-30 23:19:04
c07ee0,WJA1430 ,Canada,1751325285.0,1751325285,-118.4123,43.0851,11887.2,False,222.34,187.98,0.0,,12451.08,2141,False,0,2025-06-30 23:19:04
a691c0,CXK544  ,United States,1751325544.0,1751325544,-119.0933,34.2222,243.84,False,52.16,95.09,1.3,,220.98,0407,False,0,2025-06-30 23:19:04
a38d8f,AAL2250 ,United States,1751325543.0,1751325543,-79.8017,25.4699,3741.42,False,201.28,281.05,-5.2,,3962.4,,False,0,2025-06-30 23:19:04
ad57bb,SKW490Z ,United States,1751325543.0,1751325543,-107.0706,39.6665,9144.0,False,200.61,227.39,2.28,,9669.78,3210,False,0,2025-06-30 23:19:04
a15fa4,AAY2310 ,United States,1751325543.0,1751325543,-111.5054,33.5944,4061.46,False,165.22,339.59,9.43,,4305.3,4112,False,0,2025-06-30 23:19:04
ab04f3,SCX394  ,United States,1751325544.0,1751325544,-93.9902,44.7301,4953.0,False,189.38,72.45,-4.88,,5097.78,3350,False,0,2025-06-30 23:19:04
a7ad0d,JBU1002 ,United States,1751325541.0,1751325542,-78.6593,26.8498,7993.38,False,233.28,56.24,3.9,,8435.34,,False,0,2025-06-30 23:19:04
aa1a26,ENY4040 ,United States,1751325543.0,1751325543,-87.6605,41.988,1219.2,False,110.61,270.27,-6.18,,1226.82,6270,False,0,2025-06-30 23:19:04
a37a3f,JBU2184 ,United States,1751325544.0,1751325544,-71.4168,41.7304,3352.8,False,162.84,60.68,-0.33,,3512.82,6277,False,0,2025-06-30 23:19:04
ab04fb,TRF509  ,United States,1751325543.0,1751325543,-96.2541,32.7107,502.92,False,55.45,27.04,-2.28,,487.68,,False,0,2025-06-30 23:19:04
a6f4be,N5473R  ,United States,1751325543.0,1751325543,-95.7257,33.333,1379.22,False,38.07,180.77,0.0,,1409.7,1200,False,0,2025-06-30 23:19:04
aa94aa,ENY3808 ,United States,1751325543.0,1751325543,-85.0204,44.3049,8534.4,False,204.4,193.09,0.0,,8892.54,4374,False,0,2025-06-30 23:19:04
a50a88,AAL778  ,United States,1751325543.0,1751325543,-113.4535,34.5761,10363.2,False,224.29,263.28,0.33,,10957.56,,False,0,2025-06-30 23:19:04
c07eee,WJA613  ,Canada,1751325543.0,1751325543,-76.4798,45.4404,6027.42,False,194.24,282.23,10.73,,6271.26,,False,0,2025-06-30 23:19:04
a4ea77,AAL2311 ,United States,1751325544.0,1751325544,-84.0877,30.6511,10058.4,False,236.99,97.23,0.0,,10660.38,3202,False,0,2025-06-30 23:19:04
407993,BAW11J  ,United Kingdom,1751325544.0,1751325544,-73.4859,40.8456,3733.8,False,207.75,26.31,13.98,,3901.44,2741,False,0,2025-06-30 23:19:04
407992,BAW8DS  ,United Kingdom,1751325544.0,1751325544,-116.9013,34.8185,10058.4,False,266.78,54.65,1.63,,10614.66,7631,False,0,2025-06-30 23:19:04
ae51a9,GAGE56  ,United States,1751325434.0,1751325438,-81.1341,32.0182,,True,2.06,253.12,,,,,False,0,2025-06-30 23:19:04
c02501,AIE803  ,Canada,1751325542.0,1751325543,-74.5764,46.7707,7002.78,False,117.34,207.13,0.33,,7292.34,,False,0,2025-06-30 23:19:04
a11960,CAP1870 ,United States,1751325543.0,1751325543,-77.6929,39.711,388.62,False,41.18,339.53,-1.63,,358.14,,False,0,2025-06-30 23:19:04
addd2b,N9925U  ,United States,1751325543.0,1751325543,-120.0189,34.6978,2316.48,False,53.15,132.65,0.65,,2354.58,,False,0,2025-06-30 23:19:04
a47905,N388AC  ,United States,1751325543.0,1751325544,-78.2252,29.3814,13197.84,False,230.7,2.56,4.88,,13807.44,5515,False,0,2025-06-30 23:19:04
a584bc,AAL1719 ,United States,1751325543.0,1751325543,-121.7677,45.7047,11277.6,False,220.97,167.91,0.0,,11757.66,7075,False,0,2025-06-30 23:19:04
a74a03,N569TA  ,United States,1751325543.0,1751325543,-103.4011,37.445,12192.0,False,203.46,339.73,0.65,,12816.84,0233,False,0,2025-06-30 23:19:04
aa2d14,SKW9909 ,United States,1751325543.0,1751325543,-86.6402,42.4624,5646.42,False,154.89,268.67,-8.13,,5852.16,5776,False,0,2025-06-30 23:19:04
a9427a,N696RC  ,United States,1751325520.0,1751325520,-118.5217,35.2196,2278.38,False,46.2,127.76,1.3,,2316.48,,False,0,2025-06-30 23:19:04
a0f91d,AAL651  ,United States,1751325543.0,1751325543,-97.0651,32.8215,998.22,False,109.19,196.98,4.55,,1028.7,3644,False,0,2025-06-30 23:19:04
a51d5f,N429DF  ,United States,1751325544.0,1751325544,-116.8438,33.8986,1676.4,False,73.0,186.47,-0.65,,1729.74,,False,0,2025-06-30 23:19:04
a0f922,DISCUS5 ,United States,1751325525.0,1751325525,-111.8268,39.6396,4594.86,False,46.95,325.27,0.65,,4853.94,,False,0,2025-06-30 23:19:04
a9ed89,N739LW  ,United States,1751325287.0,1751325288,-80.5385,34.9117,670.56,False,32.43,271.82,-1.3,,678.18,,False,0,2025-06-30 23:19:04
c010ec,ACA175  ,Canada,1751325544.0,1751325544,-79.864,43.59,1463.04,False,130.36,281.84,2.6,,1455.42,6355,False,0,2025-06-30 23:19:04
c010ea,ACA793  ,Canada,1751325522.0,1751325522,-79.6174,43.6764,,True,8.75,317.81,,,,0543,False,0,2025-06-30 23:19:04
aa9600,UAL787  ,United States,1751325543.0,1751325543,-95.3047,29.9129,1805.94,False,134.59,139.18,-0.33,,1912.62,0374,False,0,2025-06-30 23:19:04
a2396e,SWA1925 ,United States,1751325435.0,1751325448,-98.5553,29.5968,670.56,False,64.62,130.16,-2.93,,716.28,6452,True,0,2025-06-30 23:19:04
c06c8f,CGPCW   ,Canada,1751325544.0,1751325544,-124.6251,48.8999,4549.14,False,143.39,105.18,0.0,,4762.5,,False,0,2025-06-30 23:19:04
a0835d,RPA4506 ,United States,1751325543.0,1751325543,-78.8321,35.5803,8839.2,False,244.9,50.63,0.0,,9380.22,,False,0,2025-06-30 23:19:04
a1afd5,N208BA  ,United States,1751325544.0,1751325544,-122.2371,47.4525,403.86,False,69.88,329.47,-2.6,,411.48,,False,0,2025-06-30 23:19:04
a99d87,ASA572  ,United States,1751325544.0,1751325544,-86.4577,38.7419,10363.2,False,231.18,302.74,0.0,,10957.56,5131,False,0,2025-06-30 23:19:04
a46603,UAL2288 ,United States,1751325542.0,1751325543,-98.6913,37.2677,10363.2,False,230.63,292.56,0.0,,10949.94,6527,False,0,2025-06-30 23:19:04
a9a4e2,JIA5155 ,United States,1751325543.0,1751325544,-82.0121,38.5768,9448.8,False,235.91,175.25,-0.33,,10005.06,0362,False,0,2025-06-30 23:19:04
a1afcf,TTE208  ,United States,1751325543.0,1751325543,-114.1236,43.1245,7627.62,False,208.67,100.37,0.0,,8031.48,,False,0,2025-06-30 23:19:04
abf29f,SWA3121 ,United States,1751325543.0,1751325544,-119.1408,44.5479,10668.0,False,248.67,104.01,0.0,,11148.06,6640,False,0,2025-06-30 23:19:04
a39fb7,UAL533  ,United States,1751325543.0,1751325543,-87.5713,41.966,1546.86,False,90.56,269.02,-0.65,,1569.72,2304,False,0,2025-06-30 23:19:04
a4a300,N3981D  ,United States,1751325541.0,1751325542,-112.2849,32.7536,3078.48,False,71.93,122.44,-0.65,,3208.02,7202,False,0,2025-06-30 23:19:04
a22642,ASA406  ,United States,1751325543.0,1751325543,-77.872,38.8148,3543.3,False,173.31,278.71,5.53,,3710.94,0551,False,0,2025-06-30 23:19:04
a2cfa2,SKW3671 ,United States,1751325543.0,1751325543,-117.4701,47.7353,1310.64,False,100.02,124.1,-3.25,,1356.36,4652,False,0,2025-06-30 23:19:04
a35949,JBU1786 ,United States,1751325543.0,1751325543,-80.2803,40.752,3048.0,False,157.86,355.7,12.68,,3139.44,,False,0,2025-06-30 23:19:04
a4fca9,GTW420  ,United States,1751325544.0,1751325544,-76.1269,39.0851,4168.14,False,139.67,62.59,7.8,,4373.88,,False,0,2025-06-30 23:19:04
a0d319,N152RE  ,United States,1751324300.0,1751325542,-96.7042,33.588,1005.84,False,39.0,233.58,0.0,,1013.46,,False,0,2025-06-30 23:19:04
a0d374,AAL3105 ,United States,1751325543.0,1751325543,-92.3895,42.6371,9136.38,False,218.44,303.76,0.0,,9494.52,6246,False,0,2025-06-30 23:19:04
a3466f,PRE31   ,United States,1751325490.0,1751325538,-103.653,41.7757,6103.62,False,125.85,243.54,0.0,,6454.14,,False,0,2025-06-30 23:19:04
a74a5a,SWA2501 ,United States,1751325542.0,1751325542,-118.8188,37.6207,10888.98,False,210.28,221.53,-13.33,,11483.34,,False,0,2025-06-30 23:19:04
a46665,N38291  ,United States,1751325449.0,1751325449,-97.7006,33.0141,906.78,False,42.38,259.51,-0.65,,906.78,,False,0,2025-06-30 23:19:04
a9ed2e,N739HE  ,United States,1751325544.0,1751325544,-121.041,37.3725,1889.76,False,52.78,96.16,0.98,,1905.0,5346,False,0,2025-06-30 23:19:04
aa1a81,SKW6481 ,United States,1751325543.0,1751325543,-96.4298,36.481,8702.04,False,217.33,231.15,-11.05,,9227.82,3216,False,0,2025-06-30 23:19:04
a2cffc,SWA2021 ,United States,1751325543.0,1751325543,-111.9052,33.4406,822.96,False,76.14,270.39,-3.58,,777.24,5033,False,0,2025-06-30 23:19:04
c010a8,ACA112  ,Canada,1751325543.0,1751325543,-80.16,43.518,3817.62,False,172.21,69.72,-6.83,,3931.92,1645,False,0,2025-06-30 23:19:04
a9da0d,N734BN  ,United States,1751325324.0,1751325324,-122.2216,37.7312,,True,0.0,70.31,,,,,False,0,2025-06-30 23:19:04
a32015,N300HV  ,United States,1751325543.0,1751325543,-117.5052,33.2175,1676.4,False,63.11,130.7,0.0,,1691.64,4770,False,0,2025-06-30 23:19:04
c010cb,ACA148  ,Canada,1751325543.0,1751325543,-89.2608,48.2037,10668.0,False,249.39,113.07,-0.33,,10888.98,,False,0,2025-06-30 23:19:04
a99d3a,N7188E  ,United States,1751325543.0,1751325543,-120.1959,38.8347,3124.2,False,63.17,263.45,2.6,,3253.74,,False,0,2025-06-30 23:19:04
a4795e,DSU24   ,United States,1751325538.0,1751325542,-90.7233,33.7518,373.38,False,65.56,288.29,-1.63,,381.0,1200,False,0,2025-06-30 23:19:04
ac37bd,SWA2256 ,United States,1751325544.0,1751325544,-94.1972,36.1815,10668.0,False,247.18,118.06,0.33,,11300.46,3265,False,0,2025-06-30 23:19:04
a87d8b,N646WT  ,United States,1751325543.0,1751325543,-83.4471,28.9361,7581.9,False,157.88,154.94,-7.48,,8039.1,6655,False,0,2025-06-30 23:19:04
ab3a0c,UAL1068 ,United States,1751325542.0,1751325542,-87.931,41.9753,,True,0.0,270.0,,,,6231,False,0,2025-06-30 23:19:04
ab04bb,EJA809  ,United States,1751325543.0,1751325543,-80.6489,41.7831,13106.4,False,215.24,247.66,-0.65,,13723.62,1003,False,0,2025-06-30 23:19:04
a9da08,N734BH  ,United States,1751325543.0,1751325543,-80.2616,25.9882,243.84,False,42.33,295.94,-0.65,,281.94,,False,0,2025-06-30 23:19:04
aa94ef,LN781HC ,United States,1751325543.0,1751325543,-109.7962,38.3746,6713.22,False,120.87,320.01,-0.33,,7101.84,,False,0,2025-06-30 23:19:04
a7ad84,DAL924  ,United States,1751325543.0,1751325543,-104.6966,31.866,10972.8,False,227.5,268.19,-0.33,,11620.5,1207,False,0,2025-06-30 23:19:04
a9da02,N734BB  ,United States,1751325544.0,1751325544,-120.9406,44.063,2293.62,False,44.8,272.63,0.33,,2369.82,,False,0,2025-06-30 23:19:04
a52fb2,EJA433  ,United States,1751325543.0,1751325544,-103.4465,39.3024,12496.8,False,224.9,70.07,0.33,,13106.4,2065,False,0,2025-06-30 23:19:04
a0704a,N12713  ,United States,1751325333.0,1751325333,-82.7573,27.974,-15.24,False,31.98,334.26,-1.95,,0.0,,False,0,2025-06-30 23:19:04
a2000d,EDV5246 ,United States,1751325543.0,1751325543,-78.5199,38.9427,9753.6,False,243.62,204.18,0.33,,10347.96,6606,False,0,2025-06-30 23:19:04
a33325,AAY71   ,United States,1751325543.0,1751325543,-109.8645,35.3526,10652.76,False,236.74,85.89,0.65,,11292.84,,False,0,2025-06-30 23:19:04
a3e911,FFT4208 ,United States,1751325544.0,1751325544,-78.3562,36.888,8679.18,False,221.6,33.06,8.78,,9204.96,3233,False,0,2025-06-30 23:19:04
ac52ee,ASH6065 ,United States,1751325544.0,1751325544,-94.9302,33.9935,9448.8,False,241.52,21.1,-0.33,,10050.78,7273,False,0,2025-06-30 23:19:04
a26623,N2538R  ,United States,1751325544.0,1751325544,-120.8171,38.2659,2263.14,False,54.08,168.48,0.0,,2324.1,4575,False,0,2025-06-30 23:19:04
a19fbe,N20312  ,United States,1751325543.0,1751325543,-85.4871,38.4681,640.08,False,45.93,164.41,-3.58,,594.36,,False,0,2025-06-30 23:19:04
ac52f2,ASH6288 ,United States,1751325543.0,1751325543,-96.1244,28.1322,8854.44,False,213.83,208.29,7.48,,9410.7,4114,False,0,2025-06-30 23:19:04
a7da2e,TWY76   ,United States,1751325543.0,1751325543,-108.2947,37.5503,12192.0,False,230.44,250.03,0.0,,12839.7,1422,False,0,2025-06-30 23:19:04
899082,EVA667  ,Taiwan,1751325544.0,1751325544,-89.0384,46.4517,9136.38,False,263.59,351.7,0.33,,9372.6,7762,False,0,2025-06-30 23:19:04
ade8fa,AAL2636 ,United States,1751325543.0,1751325543,-88.7376,41.267,4114.8,False,207.18,42.48,-9.75,,4290.06,0773,False,0,2025-06-30 23:19:04
ac52ff,SWA123  ,United States,1751325544.0,1751325544,-82.776,28.0032,6400.8,False,195.65,111.44,-0.33,,6766.56,2733,False,0,2025-06-30 23:19:04
a2c90d,ENY3348 ,United States,1751325543.0,1751325543,-82.5237,28.1394,830.58,False,94.89,175.96,-3.9,,891.54,3422,False,0,2025-06-30 23:19:04
a06cd9,N12633  ,United States,1751323695.0,1751325543,-72.5422,40.8206,251.46,False,20.68,264.29,2.28,,259.08,,False,0,2025-06-30 23:19:04
a874e1,JBU740  ,United States,1751325542.0,1751325542,-71.9482,38.5104,10972.8,False,227.67,355.2,0.33,,11597.64,,False,0,2025-06-30 23:19:04
adc2a7,AAL851  ,United States,1751325543.0,1751325544,-97.0544,32.9432,350.52,False,72.54,180.41,-3.58,,335.28,3421,False,0,2025-06-30 23:19:04
a0261f,N10897  ,United States,1751325467.0,1751325467,-104.5076,38.2872,1348.74,False,37.05,88.41,-3.58,,1417.32,1200,False,0,2025-06-30 23:19:04
a1a924,RPA5882 ,United States,1751325544.0,1751325544,-76.6001,43.7342,10363.2,False,219.05,306.79,0.33,,10896.6,1343,False,0,2025-06-30 23:19:04
a66a8c,TRF512  ,United States,1751325543.0,1751325543,-96.1974,32.7154,457.2,False,46.07,253.79,0.0,,449.58,1200,False,0,2025-06-30 23:19:04
a2790a,N259BD  ,United States,1751325419.0,1751325419,-122.5782,47.2408,259.08,False,41.87,275.64,-2.28,,251.46,,False,0,2025-06-30 23:19:04
a1460a,SKW3446 ,United States,1751325543.0,1751325543,-122.9071,45.7058,2644.14,False,144.69,336.53,13.0,,2766.06,,False,0,2025-06-30 23:19:04
a8c4d8,UAL134  ,United States,1751325544.0,1751325544,-71.4126,43.3404,10058.4,False,257.59,61.49,0.0,,10568.94,2462,False,0,2025-06-30 23:19:04
c0404e,WJA2710 ,Canada,1751325543.0,1751325544,-79.6414,28.6212,10972.8,False,240.82,197.27,0.0,,11521.44,6344,False,0,2025-06-30 23:19:04
c0404f,ROU1628 ,Canada,1751325475.0,1751325492,-79.0454,30.6777,10972.8,False,255.76,202.59,-0.33,,11544.3,6327,False,0,2025-06-30 23:19:04
a38641,SKW4121 ,United States,1751325543.0,1751325543,-98.2396,27.9239,9441.18,False,226.87,179.87,-12.03,,10058.4,0465,False,0,2025-06-30 23:19:04
a9f7b0,EJA741  ,United States,1751325544.0,1751325544,-79.2541,39.0339,13342.62,False,231.0,21.42,3.58,,14020.8,1435,False,0,2025-06-30 23:19:04
a32ff6,AAL584  ,United States,1751325544.0,1751325544,-106.3027,31.8143,9448.8,False,246.99,107.45,0.0,,10005.06,0701,False,0,2025-06-30 23:19:04
0d0877,XCOPF   ,Mexico,1751325544.0,1751325544,-106.589,30.0189,10073.64,False,227.81,152.28,1.3,,10683.24,,False,0,2025-06-30 23:19:04
406ec7,BAW293  ,United Kingdom,1751325544.0,1751325544,-72.0548,41.4329,12192.0,False,240.59,215.87,0.0,,12809.22,0726,False,0,2025-06-30 23:19:04
a1efe7,ASA756  ,United States,1751325543.0,1751325543,-122.4383,45.4475,845.82,False,120.38,28.32,-2.6,,861.06,,False,0,2025-06-30 23:19:04
a874a4,FFT1066 ,United States,1751325544.0,1751325544,-92.624,42.5131,10058.4,False,280.32,72.26,-0.65,,10477.5,3246,False,0,2025-06-30 23:19:04
c0797b,ACA1075 ,Canada,1751325544.0,1751325544,-99.075,42.0983,11582.4,False,220.18,243.79,0.33,,12085.32,6240,False,0,2025-06-30 23:19:04
aa6e81,UAL1805 ,United States,1751325544.0,1751325544,-110.2551,39.4436,10972.8,False,245.55,261.45,0.0,,11559.54,3247,False,0,2025-06-30 23:19:04
a18cbb,UAL1855 ,United States,1751325543.0,1751325543,-104.6835,41.4685,11879.58,False,259.77,64.3,-0.33,,12481.56,6024,False,0,2025-06-30 23:19:04
a78a52,AAL1948 ,United States,1751325544.0,1751325544,-95.1354,32.7048,10668.0,False,243.44,74.05,-0.33,,11315.7,1561,False,0,2025-06-30 23:19:04
a0bcb2,AAL619  ,United States,1751325543.0,1751325544,-85.7277,40.5904,7025.64,False,221.41,341.44,-7.15,,7376.16,5117,False,0,2025-06-30 23:19:04
a32fd5,SKW3594 ,United States,1751325544.0,1751325544,-120.9624,47.0096,5128.26,False,165.79,329.62,-7.15,,5379.72,3120,False,0,2025-06-30 23:19:04
040124,ETH516  ,Ethiopia,1751325543.0,1751325544,-74.4127,38.9905,11125.2,False,236.05,228.0,-5.85,,11772.9,7251,False,0,2025-06-30 23:19:04
a2c92b,AAY397  ,United States,1751325544.0,1751325544,-81.1936,33.1371,11582.4,False,242.84,179.15,0.33,,12252.96,6650,False,0,2025-06-30 23:19:04
a5ad90,LBQ782  ,United States,1751325544.0,1751325544,-83.9332,34.8666,4556.76,False,125.34,68.07,-0.33,,4815.84,5172,False,0,2025-06-30 23:19:04
a7ed2e,N61JA   ,United States,1751325544.0,1751325544,-104.9072,38.3425,2651.76,False,56.37,116.57,-1.3,,2804.16,,False,0,2025-06-30 23:19:04
c0799e,TSC695  ,Canada,1751325543.0,1751325543,-77.0849,45.069,11102.34,False,228.31,240.43,-4.88,,11650.98,0750,False,0,2025-06-30 23:19:04
899036,EVA018  ,Taiwan,1751325543.0,1751325543,-124.108,37.6188,7894.32,False,208.6,109.6,-8.78,,8214.36,1403,False,0,2025-06-30 23:19:04
a5031a,AAL1657 ,United States,1751325544.0,1751325544,-99.3206,32.2807,10668.0,False,238.91,85.55,0.0,,11330.94,6752,False,0,2025-06-30 23:19:04
acfe09,EDV5166 ,United States,1751325465.0,1751325465,-73.864,40.7724,,True,5.14,188.44,,,,6644,False,0,2025-06-30 23:19:04
a68fe3,N5216V  ,United States,1751325540.0,1751325543,-84.448,37.9483,762.0,False,64.62,49.84,0.0,,739.14,,False,0,2025-06-30 23:19:04
aaab05,N787FA  ,United States,1751325543.0,1751325543,-119.2514,34.2774,1082.04,False,50.97,132.55,0.65,,1066.8,,False,0,2025-06-30 23:19:04
aa141e,ENY3796 ,United States,1751325543.0,1751325544,-88.3242,43.6329,3779.52,False,164.89,347.57,-5.2,,3878.58,1343,False,0,2025-06-30 23:19:04
a7b927,CXK657  ,United States,1751325331.0,1751325331,-104.524,39.754,1661.16,False,49.45,2.98,-0.65,,1767.84,,False,0,2025-06-30 23:19:04
406f73,BAW243  ,United Kingdom,1751325544.0,1751325544,-83.375,27.3412,11582.4,False,261.25,241.67,0.0,,12237.72,4636,False,0,2025-06-30 23:19:04
aaab20,N787GC  ,United States,1751325257.0,1751325259,-111.9158,33.304,441.96,False,46.81,180.0,-4.55,,342.9,6316,False,0,2025-06-30 23:19:04
a6dfaa,DAL332  ,United States,1751325544.0,1751325544,-121.8798,47.7565,4198.62,False,156.97,222.21,-6.5,,4396.74,7030,False,0,2025-06-30 23:19:04
406f72,BAW81V  ,United Kingdom,1751325544.0,1751325544,-76.1027,44.8318,11277.6,False,263.98,56.93,-0.33,,11818.62,2224,False,0,2025-06-30 23:19:04
a37347,AAY878  ,United States,1751325543.0,1751325543,-81.2911,32.0175,11894.82,False,219.86,12.02,-1.3,,12557.76,3626,False,0,2025-06-30 23:19:04
a64996,JBU2078 ,United States,1751325544.0,1751325544,-80.2005,27.3668,6096.0,False,190.24,304.98,0.0,,6431.28,4173,False,0,2025-06-30 23:19:04
c06644,CGMSX   ,Canada,1751325543.0,1751325543,-108.1969,38.3976,9144.0,False,126.21,195.85,-0.33,,9677.4,,False,0,2025-06-30 23:19:04
c06645,TLK822  ,Canada,1751325544.0,1751325544,-73.7477,45.3478,2255.52,False,158.79,72.27,15.61,,2301.24,,False,0,2025-06-30 23:19:04
c07973,ACA511  ,Canada,1751325543.0,1751325543,-80.0611,43.7276,3360.42,False,142.52,271.03,12.03,,3436.62,2242,False,0,2025-06-30 23:19:04
c07971,ACA773  ,Canada,1751325543.0,1751325543,-79.5928,43.6783,243.84,False,74.24,226.68,-3.58,,175.26,1303,False,0,2025-06-30 23:19:04
a24014,ENY3897 ,United States,1751325543.0,1751325543,-99.2113,35.1143,8542.02,False,214.45,199.48,-0.33,,9029.7,,False,0,2025-06-30 23:19:04
c0796d,CGTZO   ,Canada,1751325543.0,1751325543,-79.059,43.074,891.54,False,41.48,209.74,2.6,,853.44,,False,0,2025-06-30 23:19:04
a1dcf2,SWA2062 ,United States,1751325541.0,1751325541,-114.636,33.6963,10226.04,False,230.94,276.52,-5.85,,10904.22,3613,False,0,2025-06-30 23:19:04
a6231f,ERU495  ,United States,1751325543.0,1751325543,-81.0423,29.1876,83.82,False,42.34,62.5,4.55,,99.06,,False,0,2025-06-30 23:19:04
0d0857,ACW1411 ,Mexico,1751325543.0,1751325544,-100.222,24.8623,8526.78,False,192.94,175.72,5.85,,9083.04,,False,0,2025-06-30 23:19:04
a7a616,DAL2225 ,United States,1751325544.0,1751325544,-81.4141,31.3361,10058.4,False,223.42,12.5,0.0,,10637.52,3264,False,0,2025-06-30 23:19:04
a1a98d,AAY2122 ,United States,1751325544.0,1751325544,-79.2674,26.5933,6179.82,False,206.71,53.5,9.1,,6515.1,,False,0,2025-06-30 23:19:04
a64931,N504EA  ,United States,1751325543.0,1751325543,-122.578,46.8385,1935.48,False,51.56,114.78,2.6,,1981.2,,False,0,2025-06-30 23:19:04
a06e0b,DAL1397 ,United States,1751325543.0,1751325543,-92.9895,33.4412,10675.62,False,248.81,74.04,0.0,,11308.08,4066,False,0,2025-06-30 23:19:04
a4f601,EPI544  ,United States,1751325544.0,1751325544,-80.8688,28.9014,502.92,False,41.3,346.31,-1.63,,548.64,0524,False,0,2025-06-30 23:19:04
a37389,AAL2457 ,United States,1751325544.0,1751325544,-104.6911,31.4166,11582.4,False,237.85,304.07,0.0,,12260.58,6051,True,0,2025-06-30 23:19:04
a68fb0,N5215D  ,United States,1751325536.0,1751325536,-80.2439,25.6596,304.8,False,46.53,84.29,-0.33,,335.28,,False,0,2025-06-30 23:19:04
ab7b63,SKW3934 ,United States,1751325543.0,1751325543,-89.4636,38.7991,6027.42,False,217.19,81.01,1.63,,6316.98,1126,False,0,2025-06-30 23:19:04
a24082,SKW3600 ,United States,1751325544.0,1751325544,-98.3124,35.5562,4853.94,False,173.65,280.41,8.78,,5151.12,,False,0,2025-06-30 23:19:04
ab32db,N820WM  ,United States,1751325540.0,1751325542,-82.4785,34.6575,944.88,False,51.44,36.87,-3.9,,982.98,,False,0,2025-06-30 23:19:04
a7da9c,JBU932  ,United States,1751325543.0,1751325543,-88.4305,35.5605,10668.0,False,245.35,67.31,0.33,,11338.56,2532,False,0,2025-06-30 23:19:04
ae08fd,WING84  ,United States,1751325543.0,1751325543,-82.077,38.2052,8252.46,False,132.49,141.31,0.33,,8717.28,6253,False,0,2025-06-30 23:19:04
a6dfa1,N542CW  ,United States,1751325285.0,1751325285,-121.0918,47.2485,2293.62,False,57.8,110.85,0.0,,2369.82,3032,False,0,2025-06-30 23:19:04
a2b698,AAY2406 ,United States,1751325544.0,1751325544,-118.3682,33.969,4046.22,False,169.97,55.11,10.4,,4236.72,7452,False,0,2025-06-30 23:19:04
aca2ae,JSX410  ,United States,1751325544.0,1751325544,-115.1674,36.0847,,True,8.23,11.25,,,,2142,False,0,2025-06-30 23:19:04
aa2701,AAL682  ,United States,1751325544.0,1751325544,-84.4967,40.1496,8923.02,False,258.33,67.52,3.25,,9357.36,3430,False,0,2025-06-30 23:19:04
a3c30b,N341WT  ,United States,1751325544.0,1751325544,-90.3645,36.1168,335.28,False,49.31,246.64,-0.33,,320.04,,False,0,2025-06-30 23:19:04
a7da8f,N605HP  ,United States,1751325543.0,1751325543,-91.0188,29.6616,4838.7,False,193.46,269.09,-0.33,,5105.4,5424,False,0,2025-06-30 23:19:04
a5bfc3,N47LH   ,United States,1751325543.0,1751325543,-80.1524,26.6137,2072.64,False,66.57,351.56,-0.65,,2202.18,,False,0,2025-06-30 23:19:04
a4e307,AAL3044 ,United States,1751325540.0,1751325544,-82.9661,25.9577,7719.06,False,209.73,125.72,-3.25,,8176.26,3347,False,0,2025-06-30 23:19:04
a9e64c,N737NV  ,United States,1751325543.0,1751325544,-80.6651,27.9381,472.44,False,57.12,316.09,-0.65,,495.3,,False,0,2025-06-30 23:19:04
a9966f,TWY771  ,United States,1751325543.0,1751325543,-81.0756,40.4028,4152.9,False,206.32,78.49,-11.05,,4312.92,2722,False,0,2025-06-30 23:19:04
add665,N991AL  ,United States,1751325544.0,1751325544,-118.4549,34.0297,426.72,False,45.32,50.53,0.33,,381.0,,False,0,2025-06-30 23:19:04
a8a017,JBU394  ,United States,1751325544.0,1751325544,-70.9029,42.575,1211.58,False,103.33,199.79,-2.28,,1249.68,1412,False,0,2025-06-30 23:19:04
c051cc,TSC187  ,Canada,1751325543.0,1751325543,-79.3816,43.8098,1066.8,False,86.47,263.51,-2.93,,1043.94,4112,False,0,2025-06-30 23:19:04
ad734a,JBU161  ,United States,1751325533.0,1751325541,-73.7812,40.6322,,True,0.0,298.12,,,,,False,0,2025-06-30 23:19:04
c051e4,ACA844  ,Canada,1751325544.0,1751325544,-71.943,46.6252,8275.32,False,260.32,48.85,4.55,,8625.84,,False,0,2025-06-30 23:19:04
a038ff,SKW5871 ,United States,1751325544.0,1751325544,-85.7943,39.9179,7924.8,False,205.03,8.66,0.0,,8336.28,4035,False,0,2025-06-30 23:19:04
c051e6,ACA72   ,Canada,1751325537.0,1751325537,-73.759,45.4612,,True,4.12,59.06,,,,,False,0,2025-06-30 23:19:04
ac5378,ASH6254 ,United States,1751325543.0,1751325543,-83.6652,30.6625,7315.2,False,207.71,134.7,-0.98,,7749.54,1316,False,0,2025-06-30 23:19:04
c051d0,TSC487  ,Canada,1751325517.0,1751325520,-78.0971,27.1216,10043.16,False,235.05,28.64,0.0,,10553.7,,False,0,2025-06-30 23:19:04
c051d1,TSC399  ,Canada,1751325540.0,1751325540,-73.75,45.4615,,True,3.86,267.19,,,,1174,False,0,2025-06-30 23:19:04
ac536c,SWA1688 ,United States,1751325543.0,1751325543,-103.3752,39.1343,8199.12,False,214.22,301.25,-9.75,,8686.8,2137,False,0,2025-06-30 23:19:04
a4805b,N3899Q  ,United States,1751325543.0,1751325544,-80.6766,35.5222,762.0,False,38.73,230.39,-2.28,,800.1,,False,0,2025-06-30 23:19:04
a8d983,N67BL   ,United States,1751325544.0,1751325544,-112.2682,33.3177,1752.6,False,49.28,283.89,0.98,,1775.46,4176,False,0,2025-06-30 23:19:04
a1a8b2,N206EA  ,United States,1751325543.0,1751325543,-73.7155,41.5638,1813.56,False,80.4,97.35,0.0,,1821.18,3634,False,0,2025-06-30 23:19:04
add66d,AAL2284 ,United States,1751325543.0,1751325543,-110.3697,32.1365,10050.78,False,249.68,121.0,0.0,,10637.52,2074,False,0,2025-06-30 23:19:04
add66c,DAL1186 ,United States,1751325537.0,1751325537,-84.4339,33.6411,,True,0.0,180.0,,,,2156,False,0,2025-06-30 23:19:04
a158c9,AAL2790 ,United States,1751325305.0,1751325317,-78.5192,30.6413,9456.42,False,234.87,336.92,0.0,,9936.48,4172,False,0,2025-06-30 23:19:04
c1e7e0,SAF209  ,Canada,1751325283.0,1751325283,-79.6294,43.6789,,True,12.35,137.81,,,,,False,0,2025-06-30 23:19:04
ac537f,ASH6020 ,United States,1751325543.0,1751325543,-85.3227,33.0677,9753.6,False,238.08,266.66,-0.33,,10332.72,0650,False,0,2025-06-30 23:19:04
a05b17,N12192  ,United States,1751325544.0,1751325544,-121.6578,37.9176,1066.8,False,31.89,259.78,0.33,,1074.42,1200,False,0,2025-06-30 23:19:04
c051da,TSC822  ,Canada,1751325543.0,1751325544,-81.283,28.4871,236.22,False,74.6,179.6,-3.9,,274.32,5666,False,0,2025-06-30 23:19:04
ad6040,DAL2892 ,United States,1751325543.0,1751325543,-84.2247,38.7284,9342.12,False,234.3,220.37,6.83,,9883.14,1115,False,0,2025-06-30 23:19:04
a9e642,NKS2318 ,United States,1751325544.0,1751325544,-85.6475,41.0114,9753.6,False,222.3,274.11,0.65,,10264.14,5765,False,0,2025-06-30 23:19:04
0d06d3,SLI2709 ,Mexico,1751325543.0,1751325543,-98.9291,28.0436,11582.4,False,220.19,223.2,0.33,,12313.92,2250,False,0,2025-06-30 23:19:04
a385c8,DAL2815 ,United States,1751325313.0,1751325409,-81.9632,25.2622,4648.2,False,183.59,140.91,-10.73,,4853.94,2531,False,0,2025-06-30 23:19:04
394a00,AFR021  ,France,1751325543.0,1751325543,-100.184,41.9473,10058.4,False,256.81,68.99,0.0,,10530.84,2447,False,0,2025-06-30 23:19:04
c064d8,ACA1051 ,Canada,1751325544.0,1751325544,-90.1982,39.8834,11582.4,False,209.81,232.37,0.33,,12169.14,6545,False,0,2025-06-30 23:19:04
a80cc9,N618DH  ,United States,1751325544.0,1751325544,-118.6045,34.4496,868.68,False,35.68,151.59,-3.9,,861.06,0263,False,0,2025-06-30 23:19:04
a99645,N717CE  ,United States,1751325485.0,1751325488,-97.31,32.5893,304.8,False,33.68,161.29,-3.25,,304.8,,False,0,2025-06-30 23:19:04
a50370,DAL951  ,United States,1751325544.0,1751325544,-76.9779,42.4786,12489.18,False,261.67,85.38,0.33,,13114.02,7013,False,0,2025-06-30 23:19:04
a05b78,DAL460  ,United States,1751325543.0,1751325543,-82.6255,37.1874,11140.44,False,237.43,63.21,3.58,,11811.0,6761,False,0,2025-06-30 23:19:04
a252a7,ENY4288 ,United States,1751325543.0,1751325544,-85.7564,35.1621,3863.34,False,188.65,243.43,-7.8,,4069.08,1162,False,0,2025-06-30 23:19:04
aa6ceb,N771BV  ,United States,1751325544.0,1751325544,-101.0547,43.0019,12496.8,False,249.59,106.16,-0.33,,13014.96,,False,0,2025-06-30 23:19:04
a7ecb1,N61DA   ,United States,1751325543.0,1751325543,-71.9067,42.4991,944.88,False,31.68,212.4,0.0,,960.12,,False,0,2025-06-30 23:19:04
a1cb0f,UAL2863 ,United States,1751325543.0,1751325543,-78.0851,44.4012,10668.0,False,267.53,123.63,0.0,,11201.4,3331,False,0,2025-06-30 23:19:04
a1cb20,N2143A  ,United States,1751325543.0,1751325543,-118.7837,34.1606,2011.68,False,66.3,276.68,0.65,,2049.78,5153,False,0,2025-06-30 23:19:04
a252ae,AAY267  ,United States,1751325544.0,1751325544,-96.185,38.0619,11292.84,False,252.63,106.44,-0.33,,11917.68,,False,0,2025-06-30 23:19:04
394a18,AFR51P  ,France,1751325543.0,1751325544,-77.4554,38.9349,,True,2.57,199.69,,,,,False,0,2025-06-30 23:19:04
a2fe32,BPX292  ,United States,1751325544.0,1751325544,-81.1733,29.47,205.74,False,43.57,337.07,-2.28,,228.6,,False,0,2025-06-30 23:19:04
a2fe28,AAY1390 ,United States,1751325544.0,1751325544,-78.9838,39.4643,10965.18,False,237.15,192.53,0.0,,11605.26,2315,False,0,2025-06-30 23:19:04
ac78b0,EDV5560 ,United States,1751325543.0,1751325543,-94.1364,39.5538,11277.6,False,220.43,161.78,0.33,,11879.58,6435,False,0,2025-06-30 23:19:04
a05b3c,OST14   ,United States,1751325544.0,1751325544,-96.7666,35.7371,1028.7,False,45.28,358.7,-1.95,,1059.18,,False,0,2025-06-30 23:19:04
a17b40,,United States,1751325543.0,1751325543,-75.4503,40.6435,,True,0.0,140.62,,,,,False,0,2025-06-30 23:19:04
aca38e,FWK913  ,United States,1751325543.0,1751325543,-83.6783,33.407,3329.94,False,188.2,325.92,0.65,,3474.72,3273,False,0,2025-06-30 23:19:04
a8c626,BMJ1701 ,United States,1751325543.0,1751325543,-104.6521,39.8139,1996.44,False,78.64,200.69,7.8,,2118.36,,False,0,2025-06-30 23:19:04
a1cb05,JBU348  ,United States,1751325544.0,1751325544,-93.114,43.2391,10668.0,False,267.88,81.5,-0.33,,11056.62,1354,False,0,2025-06-30 23:19:04
ac793f,AAL1883 ,United States,1751325544.0,1751325544,-103.6023,39.0817,11879.58,False,236.88,133.68,0.0,,12481.56,6043,False,0,2025-06-30 23:19:04
a42b45,DAL2392 ,United States,1751325544.0,1751325544,-84.5881,34.9918,10370.82,False,241.28,319.76,0.33,,11010.9,5777,False,0,2025-06-30 23:19:04
a43e5e,UAL2395 ,United States,1751325542.0,1751325542,-73.8702,40.7772,,True,4.89,303.75,,,,,False,0,2025-06-30 23:19:04
a635d4,N5G     ,United States,1751325535.0,1751325540,-73.7995,40.6422,,True,0.0,137.81,,,,,False,0,2025-06-30 23:19:04
c077b1,CGTIM   ,Canada,1751325543.0,1751325543,-80.7346,46.7021,830.58,False,86.4,203.51,-1.3,,762.0,,False,0,2025-06-30 23:19:04
a372d4,N321JE  ,United States,1751325543.0,1751325543,-83.8815,42.1262,1249.68,False,72.22,67.82,0.0,,1219.2,,False,0,2025-06-30 23:19:04
a4e2b1,,United States,1751325308.0,1751325309,-73.3363,42.2603,1546.86,False,53.65,24.35,1.63,,1607.82,,False,0,2025-06-30 23:19:04
a385da,AAY1157 ,United States,1751325544.0,1751325544,-84.1482,38.4251,4274.82,False,174.78,328.6,0.33,,4472.94,2276,False,0,2025-06-30 23:19:04
394a0d,AFR346J ,France,1751325544.0,1751325544,-72.5489,45.9531,4785.36,False,195.63,228.09,-10.4,,4991.1,0704,False,0,2025-06-30 23:19:04
780233,CPA2084 ,China,1751325543.0,1751325543,-120.4957,36.8985,10668.0,False,241.43,161.1,0.0,,11178.54,4116,False,0,2025-06-30 23:19:04
394a0b,AFR034  ,France,1751325543.0,1751325543,-75.9963,41.3911,10972.8,False,237.07,215.1,0.0,,11605.26,4044,False,0,2025-06-30 23:19:04
394a0a,AFR024  ,France,1751325243.0,1751325243,-118.3728,33.9384,106.68,False,69.43,263.19,-4.88,,83.82,3321,False,0,2025-06-30 23:19:04
ac0fdc,SWA3695 ,United States,1751325544.0,1751325544,-81.3614,29.9766,10637.52,False,218.39,357.16,4.55,,11231.88,3220,False,0,2025-06-30 23:19:04
ab9fef,N8480F  ,United States,1751325543.0,1751325544,-82.2085,27.9511,533.4,False,31.09,196.34,3.25,,579.12,,False,0,2025-06-30 23:19:04
ac5310,ASH6082 ,United States,1751325544.0,1751325544,-100.7678,30.7765,8229.6,False,230.1,83.07,0.0,,8747.76,,False,0,2025-06-30 23:19:04
a05b7e,DAL1299 ,United States,1751325544.0,1751325544,-95.882,30.4954,5448.3,False,194.21,124.53,-9.75,,5783.58,6230,False,0,2025-06-30 23:19:04
ae093d,FORGE31 ,United States,1751325544.0,1751325544,-83.1262,36.1348,12496.8,False,202.0,63.37,-0.33,,13213.08,5325,False,0,2025-06-30 23:19:04
ac7968,AAL2229 ,United States,1751325543.0,1751325544,-94.4403,38.2041,10675.62,False,253.31,9.94,-0.33,,11269.98,3667,False,0,2025-06-30 23:19:04
a42b21,MVK83   ,United States,1751325472.0,1751325480,-93.4901,43.8108,1219.2,False,45.53,327.93,0.0,,1211.58,,False,0,2025-06-30 23:19:04
abefba,SWA1807 ,United States,1751325543.0,1751325543,-90.8216,35.703,10972.8,False,220.07,219.31,0.33,,11628.12,7203,False,0,2025-06-30 23:19:04
ab5993,AAL660  ,United States,1751325544.0,1751325544,-82.7051,36.9402,10668.0,False,237.38,323.73,0.0,,11315.7,6207,False,0,2025-06-30 23:19:04
a4f5f0,DAL222  ,United States,1751325544.0,1751325544,-68.5375,40.0584,10668.0,False,261.79,47.47,0.0,,11247.12,,False,0,2025-06-30 23:19:04
a8a083,NKS2437 ,United States,1751325543.0,1751325543,-81.5298,34.2739,11277.6,False,234.62,140.52,-4.88,,11955.78,6771,False,0,2025-06-30 23:19:04
a7ee0f,N61TA   ,United States,1751325544.0,1751325544,-81.619,27.9478,1638.3,False,61.46,61.5,0.0,,1722.12,,False,0,2025-06-30 23:19:04
a2fe3c,EDV5408 ,United States,1751325544.0,1751325544,-88.9122,41.3676,10972.8,False,195.93,247.95,-0.33,,11506.2,7413,False,0,2025-06-30 23:19:04
ad2fd0,AAL3111 ,United States,1751325543.0,1751325543,-117.2328,33.5101,5768.34,False,217.53,107.62,7.15,,6073.14,7255,False,0,2025-06-30 23:19:04
a30b9a,N29584  ,United States,1751325232.0,1751325541,-97.7664,33.3587,822.96,False,49.92,178.23,-0.33,,815.34,,False,0,2025-06-30 23:19:04
a9704d,DAL318  ,United States,1751325543.0,1751325543,-93.8809,42.5219,10972.8,False,206.85,257.8,0.0,,11399.52,2417,False,0,2025-06-30 23:19:04
a528d6,SWA2635 ,United States,1751325544.0,1751325544,-116.0263,35.084,6713.22,False,178.64,223.95,0.65,,7086.6,,False,0,2025-06-30 23:19:04
ae4fd5,ST702   ,United States,1751325542.0,1751325544,-117.4211,33.0742,53.34,False,39.15,356.99,0.0,,7.62,,False,0,2025-06-30 23:19:04
abefdd,SWA2092 ,United States,1751325544.0,1751325544,-117.4425,32.8797,2781.3,False,153.41,307.37,13.33,,2872.74,,False,0,2025-06-30 23:19:04
a4f5a0,ASA419  ,United States,1751325543.0,1751325543,-96.8842,37.3663,10363.2,False,228.44,304.26,-0.33,,10949.94,1570,False,0,2025-06-30 23:19:04
a06db4,AAL1550 ,United States,1751325544.0,1751325544,-81.1537,33.5462,8374.38,False,242.91,181.58,3.9,,8892.54,7131,False,0,2025-06-30 23:19:04
a515ad,AAL375  ,United States,1751325543.0,1751325543,-93.1726,46.6001,9738.36,False,223.21,312.48,0.0,,9997.44,6521,False,0,2025-06-30 23:19:04
acc961,DAL522  ,United States,1751325543.0,1751325543,-88.755,43.1608,3695.7,False,197.55,97.18,13.33,,3802.38,,False,0,2025-06-30 23:19:04
abdcbe,SWA970  ,United States,1751325543.0,1751325543,-120.1765,35.9705,11277.6,False,232.25,129.97,0.0,,11856.72,3665,False,0,2025-06-30 23:19:04
acb636,AAL2550 ,United States,1751325543.0,1751325543,-89.3561,35.1223,10066.02,False,254.15,78.44,0.0,,10675.62,6211,False,0,2025-06-30 23:19:04
ab4692,N82554  ,United States,1751325307.0,1751325329,-97.6775,30.692,,True,34.09,185.19,-2.93,,,2144,False,0,2025-06-30 23:19:04
abdcda,ASH6356 ,United States,1751325543.0,1751325543,-82.5187,36.2759,9753.6,False,236.02,246.9,-0.33,,10370.82,3356,False,0,2025-06-30 23:19:04
a372f9,N321KS  ,United States,1751325540.0,1751325542,-81.0377,28.1047,1196.34,False,50.54,265.91,0.0,,1257.3,4754,False,0,2025-06-30 23:19:04
ac6679,N89877  ,United States,1751325544.0,1751325544,-123.1368,45.169,243.84,False,34.68,57.72,0.98,,167.64,,False,0,2025-06-30 23:19:04
a2a2df,UAL982  ,United States,1751325544.0,1751325544,-70.9486,41.2631,11879.58,False,259.13,50.56,-0.33,,12504.42,3633,False,0,2025-06-30 23:19:04
a9969b,FFT2770 ,United States,1751325544.0,1751325544,-73.8477,40.2275,7620.0,False,231.02,35.85,0.0,,8039.1,1750,False,0,2025-06-30 23:19:04
a85095,N635CV  ,United States,1751325543.0,1751325543,-86.912,36.5127,1668.78,False,149.55,153.88,-7.15,,1714.5,2131,False,0,2025-06-30 23:19:04
a3c2a9,AAL366  ,United States,1751325543.0,1751325543,-82.7305,42.0258,11277.6,False,256.03,85.27,0.0,,11871.96,1423,False,0,2025-06-30 23:19:04
ad1cde,JBU315  ,United States,1751325543.0,1751325544,-83.7519,44.3525,10363.2,False,213.36,275.26,0.0,,10820.4,1104,False,0,2025-06-30 23:19:04
a98386,ASA337  ,United States,1751325543.0,1751325543,-88.0442,42.4977,4869.18,False,183.25,310.22,9.75,,5029.2,3234,False,0,2025-06-30 23:19:04
a982d6,CXK436  ,United States,1751325543.0,1751325543,-73.0603,40.7941,312.42,False,41.87,137.49,-0.33,,304.8,,False,0,2025-06-30 23:19:04
a05ab3,UCA4823 ,United States,1751325330.0,1751325335,-77.443,38.9481,,True,0.39,345.94,,,,,False,0,2025-06-30 23:19:04
a7db62,N605S   ,United States,1751325537.0,1751325540,-101.976,35.699,12192.0,False,220.58,257.75,0.0,,12854.94,,False,0,2025-06-30 23:19:04
a982cc,N7115A  ,United States,1751325543.0,1751325543,-82.3459,28.5318,883.92,False,53.19,355.01,0.0,,929.64,,False,0,2025-06-30 23:19:04
a05aac,UCA4816 ,United States,1751325543.0,1751325543,-98.8093,33.3202,11277.6,False,219.63,130.63,0.0,,11948.16,,False,0,2025-06-30 23:19:04
add6ed,IRO7408 ,United States,1751325544.0,1751325544,-70.367,43.7985,815.34,False,73.72,162.96,-2.28,,822.96,,False,0,2025-06-30 23:19:04
a742ec,SWA3115 ,United States,1751325543.0,1751325543,-92.8211,33.1627,11277.6,False,249.29,34.58,0.0,,11940.54,7206,False,0,2025-06-30 23:19:04
ad60bb,JSX901  ,United States,1751325543.0,1751325543,-99.5767,34.3128,9951.72,False,227.97,129.69,-2.6,,10530.84,,False,0,2025-06-30 23:19:04
a7ee6b,N61WT   ,United States,1751325529.0,1751325530,-74.2208,39.9827,342.9,False,64.17,12.03,-0.98,,320.04,,False,0,2025-06-30 23:19:04
a26723,N254JA  ,United States,1751325277.0,1751325277,-86.1741,39.5436,1089.66,False,45.7,238.82,0.33,,1082.04,,False,0,2025-06-30 23:19:04
a18da2,N2DF    ,United States,1751325543.0,1751325543,-80.7642,27.9102,11628.12,False,198.53,340.16,5.2,,12230.1,6661,False,0,2025-06-30 23:19:04
04004a,ETH512  ,Ethiopia,1751325514.0,1751325521,-73.795,40.6447,,True,7.2,8.44,,,,,False,0,2025-06-30 23:19:04
a6bb97,JIA5501 ,United States,1751325543.0,1751325543,-75.0528,39.9021,8442.96,False,232.74,49.3,3.9,,8923.02,7037,False,0,2025-06-30 23:19:04
a742c2,AAL1663 ,United States,1751325543.0,1751325543,-106.8022,31.9736,8237.22,False,243.84,123.56,0.0,,8732.52,4174,False,0,2025-06-30 23:19:04
a8fb11,N678SS  ,United States,1751325543.0,1751325543,-113.1329,33.3854,4351.02,False,134.33,38.63,-2.28,,4587.24,6772,False,0,2025-06-30 23:19:04
a36105,EDV4889 ,United States,1751325393.0,1751325399,-94.2983,36.2632,434.34,False,69.66,339.69,-3.9,,441.96,4061,False,0,2025-06-30 23:19:04
ab3518,N821FJ  ,United States,1751325543.0,1751325543,-105.1248,39.9147,,True,7.2,300.94,,,,,False,0,2025-06-30 23:19:04
a91b2b,TAI583  ,United States,1751325543.0,1751325543,-83.2446,28.1858,10355.58,False,244.4,220.73,0.33,,10957.56,6574,False,0,2025-06-30 23:19:04
aabeb5,N7914W  ,United States,1751325524.0,1751325542,-95.5395,39.0807,1371.6,False,54.88,329.59,-0.65,,1424.94,,False,0,2025-06-30 23:19:04
a79e8c,MTU90   ,United States,1751325543.0,1751325543,-86.5948,35.8326,1120.14,False,51.96,89.43,4.55,,1158.24,,False,0,2025-06-30 23:19:04
a6ce7d,DAL506  ,United States,1751325544.0,1751325544,-83.0481,25.7932,9144.0,False,226.76,302.68,0.0,,9700.26,,False,0,2025-06-30 23:19:04
a29aa5,SKW3728 ,United States,1751325543.0,1751325543,-112.1751,40.8774,2560.32,False,146.99,293.51,11.38,,2705.1,,False,0,2025-06-30 23:19:04
a1ddbb,JBU1211 ,United States,1751325543.0,1751325544,-99.8535,42.258,10988.04,False,224.96,255.84,0.33,,11490.96,2746,False,0,2025-06-30 23:19:04
a17ac9,N195AL  ,United States,1751325543.0,1751325543,-97.6388,35.4809,632.46,False,66.21,315.63,-2.28,,640.08,1612,False,0,2025-06-30 23:19:04
a1210a,N172EL  ,United States,1751325543.0,1751325544,-121.542,37.7052,1074.42,False,51.17,257.22,1.3,,1059.18,1200,False,0,2025-06-30 23:19:04
c0678c,N       ,Canada,1751325542.0,1751325542,-123.4081,48.7297,533.4,False,78.57,225.0,-3.9,,548.64,,False,0,2025-06-30 23:19:04
aa6f80,SWA660  ,United States,1751325543.0,1751325544,-86.6372,36.1884,510.54,False,76.46,198.43,-5.2,,510.54,1073,False,0,2025-06-30 23:19:04
ac66c4,N899AA  ,United States,1751325530.0,1751325543,-81.4384,28.2681,289.56,False,48.7,328.83,0.0,,312.42,1200,False,0,2025-06-30 23:19:04
a3b124,EDV5242 ,United States,1751325543.0,1751325543,-79.0765,42.2771,9441.18,False,249.4,83.84,0.33,,9966.96,4176,False,0,2025-06-30 23:19:04
a54aaa,AAL2045 ,United States,1751325543.0,1751325543,-88.2417,34.6882,9768.84,False,239.8,263.35,0.33,,10386.06,4516,False,0,2025-06-30 23:19:04
aaac21,SKW5504 ,United States,1751325503.0,1751325503,-122.3801,37.6196,,True,6.17,298.12,,,,7231,False,0,2025-06-30 23:19:04
a54aae,ASA300  ,United States,1751325543.0,1751325543,-81.1569,31.2308,8968.74,False,238.5,189.69,-5.2,,9486.9,1615,False,0,2025-06-30 23:19:04
a55ddf,N445H   ,United States,1751325543.0,1751325543,-73.3227,40.8005,3855.72,False,183.92,278.04,20.16,,4046.22,1642,False,0,2025-06-30 23:19:04
aba9e7,SWA2046 ,United States,1751325536.0,1751325536,-117.1128,37.3747,10058.4,False,232.84,138.31,-0.33,,10584.18,,False,0,2025-06-30 23:19:04
a29aff,SWA1083 ,United States,1751325543.0,1751325543,-99.349,33.0876,11582.4,False,229.49,335.22,-0.33,,12252.96,2501,False,0,2025-06-30 23:19:04
71c076,KAL274  ,Republic of Korea,1751325543.0,1751325544,-121.8414,36.3115,9144.0,False,271.68,325.65,0.0,,9547.86,,False,0,2025-06-30 23:19:04
a4943e,UAL2217 ,United States,1751325544.0,1751325544,-82.5929,36.252,9144.0,False,243.15,245.77,0.0,,9692.64,0555,False,0,2025-06-30 23:19:04
c05403,WJA2724 ,Canada,1751325544.0,1751325544,-79.9557,28.0784,11277.6,False,246.07,168.67,0.0,,11849.1,0542,False,0,2025-06-30 23:19:04
acc9c3,ERU923  ,United States,1751325543.0,1751325544,-81.1969,29.0011,701.04,False,40.6,112.34,-3.58,,762.0,1200,False,0,2025-06-30 23:19:04
a3612a,DAL1458 ,United States,1751325544.0,1751325544,-81.3209,29.299,10050.78,False,211.18,350.61,0.0,,10607.04,3373,False,0,2025-06-30 23:19:04
a74412,N56757  ,United States,1751325543.0,1751325543,-87.2841,36.7217,213.36,False,29.82,105.0,1.95,,175.26,,False,0,2025-06-30 23:19:04
a49441,UAL1971 ,United States,1751325543.0,1751325543,-100.6866,32.4844,10363.2,False,223.49,294.91,0.33,,10980.42,7450,False,0,2025-06-30 23:19:04
ac53a0,ASH6252 ,United States,1751325543.0,1751325544,-94.0959,32.0531,9235.44,False,236.98,30.96,5.53,,9829.8,7301,False,0,2025-06-30 23:19:04
a98408,FFT1203 ,United States,1751325544.0,1751325544,-75.3714,39.4465,3512.82,False,163.67,181.8,10.08,,3665.22,,False,0,2025-06-30 23:19:04
ac53b2,SWA1306 ,United States,1751325543.0,1751325543,-101.0313,37.9308,10972.8,False,219.39,272.69,0.0,,11574.78,5670,False,0,2025-06-30 23:19:04
ae09de,SPRTN622,United States,1751325542.0,1751325544,-121.298,38.4487,1219.2,False,66.93,357.8,-6.18,,1203.96,4253,False,0,2025-06-30 23:19:04
a2a43c,N27B    ,United States,1751325161.0,1751325264,-83.0627,33.9545,822.96,False,56.79,42.8,0.98,,906.78,,False,0,2025-06-30 23:19:04
abdf4e,N864SL  ,United States,1751325544.0,1751325544,-118.3821,33.6496,1539.24,False,48.05,195.52,0.0,,1546.86,,False,0,2025-06-30 23:19:04
acff48,N9367H  ,United States,1751325544.0,1751325544,-80.4494,25.6032,487.68,False,46.58,239.47,-0.98,,510.54,,False,0,2025-06-30 23:19:04
ade9d4,NCJ96   ,United States,1751325543.0,1751325543,-96.3048,43.2274,6995.16,False,123.85,24.54,0.0,,7261.86,4521,False,0,2025-06-30 23:19:04
ad73a6,NKS2046 ,United States,1751325544.0,1751325544,-89.9844,39.7243,9448.8,False,245.89,21.73,0.33,,9959.34,3453,False,0,2025-06-30 23:19:04
aabf80,AAL326  ,United States,1751325544.0,1751325544,-80.8153,35.0858,1584.96,False,141.49,129.25,8.45,,1645.92,,False,0,2025-06-30 23:19:04
a2679a,AAY1857 ,United States,1751325543.0,1751325543,-82.482,35.3476,1516.38,False,134.41,132.05,7.8,,1584.96,5712,False,0,2025-06-30 23:19:04
c06751,WJA2965 ,Canada,1751325544.0,1751325544,-73.9587,45.4357,2667.0,False,140.19,42.47,-6.18,,2750.82,1607,False,0,2025-06-30 23:19:04
a66ad4,N512WC  ,United States,1751325544.0,1751325544,-85.1532,31.0944,7932.42,False,188.72,40.25,5.53,,8397.24,,False,0,2025-06-30 23:19:04
a24142,N2440Q  ,United States,1751325544.0,1751325544,-121.4098,47.2201,2743.2,False,69.63,98.07,-0.33,,2849.88,,False,0,2025-06-30 23:19:04
ad99f9,ASA1247 ,United States,1751325360.0,1751325360,-122.3069,47.4522,,True,5.92,115.31,,,,1723,False,0,2025-06-30 23:19:04
a80dac,NKS2285 ,United States,1751325543.0,1751325543,-76.6802,39.0092,1341.12,False,124.05,300.39,-2.93,,1394.46,7221,False,0,2025-06-30 23:19:04
ac53d5,SWA1378 ,United States,1751325543.0,1751325543,-77.0023,39.2202,3764.28,False,166.19,271.06,11.38,,3939.54,6516,False,0,2025-06-30 23:19:04
a9d2f2,N732EW  ,United States,1751325384.0,1751325388,-122.1217,37.6625,,True,0.06,196.88,,,,1200,False,0,2025-06-30 23:19:04
c06709,ACA1396 ,Canada,1751325538.0,1751325543,-79.6326,43.6875,205.74,True,0.0,315.0,,,,6350,False,0,2025-06-30 23:19:04
a3d755,AMF2924 ,United States,1751325542.0,1751325542,-113.2369,34.4522,3909.06,False,141.99,325.33,-0.98,,4145.28,4243,True,0,2025-06-30 23:19:04
a63738,N5WF    ,United States,1751325543.0,1751325544,-121.3181,39.0564,2247.9,False,67.19,152.65,0.65,,2308.86,,False,0,2025-06-30 23:19:04
a0bf26,UAL1394 ,United States,1751325544.0,1751325544,-75.62,38.5269,10363.2,False,243.85,216.51,0.0,,10957.56,3013,False,0,2025-06-30 23:19:04
ac53f8,SWA3347 ,United States,1751325543.0,1751325544,-93.9985,41.8911,11277.6,False,268.85,61.67,0.0,,11750.04,7375,False,0,2025-06-30 23:19:04
c06723,CGNBM   ,Canada,1751325544.0,1751325544,-72.9972,45.4595,944.88,False,28.37,175.84,-0.33,,,,False,0,2025-06-30 23:19:04
ab20e6,AAY1218 ,United States,1751325544.0,1751325544,-83.3779,35.0125,11582.4,False,238.6,282.96,0.0,,12268.2,7146,False,0,2025-06-30 23:19:04
ad60b7,JBU1873 ,United States,1751325544.0,1751325544,-74.2273,40.0865,3611.88,False,187.82,192.82,8.78,,3779.52,3062,False,0,2025-06-30 23:19:04
a12191,N172KW  ,United States,1751325543.0,1751325544,-117.1199,32.8057,251.46,False,31.49,308.37,-2.6,,198.12,,False,0,2025-06-30 23:19:04
a54aa3,N440AF  ,United States,1751325543.0,1751325543,-120.278,39.0128,8465.82,False,203.75,169.97,10.73,,8877.3,3710,False,0,2025-06-30 23:19:04
c06724,ACA1041 ,Canada,1751325544.0,1751325544,-82.7414,43.9746,9121.14,False,218.2,268.51,4.23,,9540.24,6304,False,0,2025-06-30 23:19:04
a3b110,AAY1717 ,United States,1751325491.0,1751325491,-117.6046,42.9208,10972.8,False,221.89,210.67,0.33,,11513.82,,False,0,2025-06-30 23:19:04
71c042,KAL085  ,Republic of Korea,1751325543.0,1751325543,-82.9619,43.9418,11277.6,False,253.04,120.68,0.0,,11818.62,7424,False,0,2025-06-30 23:19:04
a146ce,SWA442  ,United States,1751325544.0,1751325544,-99.4033,35.7268,10668.0,False,251.81,85.55,0.0,,11292.84,7520,False,0,2025-06-30 23:19:04
a8646b,N64RT   ,United States,1751325289.0,1751325350,-81.3989,31.4212,1874.52,False,135.96,163.97,-12.35,,1927.86,7327,False,0,2025-06-30 23:19:04
a8b476,PDT5843 ,United States,1751325540.0,1751325543,-82.1018,37.0958,9448.8,False,196.13,46.38,0.0,,10027.92,0310,False,0,2025-06-30 23:19:04
aa016e,N744AH  ,United States,1751325246.0,1751325246,-111.8069,33.2695,472.44,False,30.63,229.09,-5.85,,373.38,3454,False,0,2025-06-30 23:19:04
a05c59,AAL2495 ,United States,1751325543.0,1751325543,-80.7628,35.2459,2918.46,False,131.25,354.6,-9.1,,3070.86,2333,False,0,2025-06-30 23:19:04
a146f1,SWA482  ,United States,1751325543.0,1751325543,-90.2634,41.7933,10690.86,False,193.82,261.91,4.88,,11170.92,0231,False,0,2025-06-30 23:19:04
a43f00,N373AR  ,United States,1751325544.0,1751325544,-85.5386,32.1538,5151.12,False,98.86,105.7,-0.98,,5372.1,4205,False,0,2025-06-30 23:19:04
a6119b,N490RM  ,United States,1751325543.0,1751325544,-80.8915,36.9185,8260.08,False,176.56,2.0,7.15,,8732.52,,False,0,2025-06-30 23:19:04
a279cb,JSX178  ,United States,1751325543.0,1751325544,-119.8597,35.9215,9723.12,False,234.43,317.13,5.2,,10180.32,2067,False,0,2025-06-30 23:19:04
a026e1,RPA9933 ,United States,1751325543.0,1751325544,-76.9177,37.103,5958.84,False,186.51,302.73,9.1,,6316.98,,False,0,2025-06-30 23:19:04
ac79a3,AAL2399 ,United States,1751325544.0,1751325544,-97.0543,33.0829,922.02,False,98.97,176.42,-0.33,,952.5,3450,False,0,2025-06-30 23:19:04
a55f31,SWA4683 ,United States,1751325543.0,1751325543,-82.1972,28.3623,2484.12,False,143.53,270.41,-8.78,,2644.14,2416,False,0,2025-06-30 23:19:04
a120af,CXK276  ,United States,1751325541.0,1751325543,-112.2503,41.4133,1996.44,False,50.44,358.25,0.98,,2065.02,,False,0,2025-06-30 23:19:04
ab8f0d,DAL500  ,United States,1751325543.0,1751325543,-86.5545,36.0677,9753.6,False,237.75,299.56,0.0,,10340.34,5756,False,0,2025-06-30 23:19:04
a2a3b5,UAL1757 ,United States,1751325535.0,1751325540,-77.455,38.9458,,True,0.0,191.25,,,,,False,0,2025-06-30 23:19:04
a8c759,FFT3265 ,United States,1751325544.0,1751325544,-87.9654,35.5797,9745.98,False,224.59,256.22,0.0,,10355.58,1256,False,0,2025-06-30 23:19:04
a0bf8c,UAL545  ,United States,1751325543.0,1751325544,-79.4295,36.9689,11582.4,False,240.29,230.04,0.33,,12252.96,7032,False,0,2025-06-30 23:19:04
c078ff,CGTVI   ,Canada,1751325544.0,1751325544,-75.9928,45.2953,601.98,False,46.57,315.9,1.63,,556.26,,False,0,2025-06-30 23:19:04
a6246e,UAL2696 ,United States,1751325542.0,1751325544,-104.5169,40.0756,2522.22,False,131.72,1.12,-0.33,,2682.24,7266,False,0,2025-06-30 23:19:04
a1cc46,MXY243  ,United States,1751325544.0,1751325544,-78.6916,42.0805,10126.98,False,257.03,60.77,-5.2,,10683.24,1361,False,0,2025-06-30 23:19:04
a3b186,AAL3012 ,United States,1751325544.0,1751325544,-89.4883,29.5677,11277.6,False,233.29,116.45,0.33,,11971.02,6072,False,0,2025-06-30 23:19:04
c1e8c3,BLUE340 ,Canada,1751325497.0,1751325497,-79.6136,43.6751,,True,6.17,298.12,,,,,False,0,2025-06-30 23:19:04
a86461,N64RH   ,United States,1751325536.0,1751325543,-122.1158,37.4612,,True,0.06,149.06,,,,1200,False,0,2025-06-30 23:19:04
c052ca,WJA1775 ,Canada,1751325544.0,1751325544,-122.2788,46.7852,10972.8,False,253.62,0.12,0.0,,11399.52,6375,False,0,2025-06-30 23:19:04
adb17b,N9812B  ,United States,1751325543.0,1751325543,-123.1194,47.3747,1005.84,False,38.39,17.95,0.33,,1059.18,,False,0,2025-06-30 23:19:04
acc9b2,DAL2323 ,United States,1751325538.0,1751325543,-97.6591,30.2022,,True,0.0,357.19,,,,0530,True,0,2025-06-30 23:19:04
ab46c2,N8257G  ,United States,1751325544.0,1751325544,-118.3072,34.1305,1676.4,False,54.99,100.78,0.0,,1691.64,,False,0,2025-06-30 23:19:04
a133c7,CVU77   ,United States,1751325288.0,1751325296,-113.4318,36.4541,2834.64,False,88.75,68.94,0.0,,2994.66,,False,0,2025-06-30 23:19:04
a146f9,UAL238  ,United States,1751325366.0,1751325366,-74.1696,40.6952,,True,2.06,25.31,,,,,False,0,2025-06-30 23:19:04
a61173,EDV5306 ,United States,1751325533.0,1751325543,-79.6347,43.6878,198.12,True,0.06,255.94,,,,2276,False,0,2025-06-30 23:19:04
a17c65,SKW3276 ,United States,1751325543.0,1751325543,-119.8167,37.6885,6233.16,False,170.59,166.93,-4.88,,6522.72,1540,False,0,2025-06-30 23:19:04
a013ee,DAL2885 ,United States,1751325543.0,1751325543,-90.8312,44.7437,9715.5,False,209.87,276.9,-11.05,,9997.44,6234,False,0,2025-06-30 23:19:04
c1e8bb,BLUE342 ,Canada,1751325262.0,1751325262,-79.628,43.6891,,True,4.63,0.0,,,,,False,0,2025-06-30 23:19:04
ad99b0,N9758H  ,United States,1751325539.0,1751325540,-77.0,37.8949,1524.0,False,72.97,58.55,0.33,,1569.72,,False,0,2025-06-30 23:19:04
c052d3,WJA2915 ,Canada,1751325543.0,1751325543,-75.6543,37.9782,10668.0,False,227.15,33.55,0.0,,11292.84,6764,False,0,2025-06-30 23:19:04
a3e9b2,DAL2661 ,United States,1751325544.0,1751325544,-77.9723,42.9874,11277.6,False,263.66,98.41,0.0,,11849.1,3633,False,0,2025-06-30 23:19:04
abdf22,EJA864  ,United States,1751325543.0,1751325543,-98.2762,38.4096,12496.8,False,258.71,93.42,0.0,,13098.78,3355,False,0,2025-06-30 23:19:04
a996a1,IRO7440 ,United States,1751325543.0,1751325543,-88.9422,45.0884,2461.26,False,68.17,188.68,0.33,,2484.12,,False,0,2025-06-30 23:19:04
4850f5,KLM166  ,Kingdom of the Netherlands,1751325543.0,1751325544,-80.2511,39.2542,10972.8,False,246.95,217.47,0.0,,11620.5,7556,False,0,2025-06-30 23:19:04
a91c02,N6861F  ,United States,1751325544.0,1751325544,-119.0837,34.2245,792.48,False,57.03,285.16,-0.65,,754.38,,False,0,2025-06-30 23:19:04
a3c3e0,UAL2650 ,United States,1751325543.0,1751325543,-80.5514,41.798,11887.2,False,256.84,96.56,0.0,,12512.04,3665,False,0,2025-06-30 23:19:04
c065b2,CGMNH   ,Canada,1751325544.0,1751325544,-79.723,44.3144,861.06,False,70.66,47.95,0.0,,800.1,1200,False,0,2025-06-30 23:19:04
a54c60,UAL2241 ,United States,1751325543.0,1751325543,-79.0725,37.9622,9060.18,False,227.36,248.08,4.55,,9616.44,7015,False,0,2025-06-30 23:19:04
a67f81,DAL887  ,United States,1751325543.0,1751325543,-99.1496,43.4771,10370.82,False,221.84,268.14,0.0,,10797.54,3046,False,0,2025-06-30 23:19:04
a43f7d,FFT4316 ,United States,1751325543.0,1751325543,-99.447,31.7706,11277.6,False,240.08,76.62,0.0,,11955.78,7234,False,0,2025-06-30 23:19:04
a2b6ff,SKW3605 ,United States,1751325543.0,1751325543,-119.7657,46.8134,4602.48,False,185.62,140.4,-9.75,,4823.46,4703,False,0,2025-06-30 23:19:04
a8fc09,UAL2135 ,United States,1751325543.0,1751325543,-86.511,41.1991,6507.48,False,214.04,334.97,-5.2,,6797.04,2422,False,0,2025-06-30 23:19:04
ac541b,SWA889  ,United States,1751325527.0,1751325544,-89.0243,32.6452,11887.2,False,226.49,145.08,0.0,,12595.86,1150,False,0,2025-06-30 23:19:04
a29c6c,N26778  ,United States,1751325543.0,1751325544,-119.1023,34.1105,914.4,False,54.43,126.54,0.0,,899.16,,False,0,2025-06-30 23:19:04
a17c95,AAL1717 ,United States,1751325543.0,1751325544,-94.8738,44.1829,10058.4,False,259.65,111.99,0.0,,10355.58,0021,False,0,2025-06-30 23:19:04
a253dd,N2490Y  ,United States,1751325544.0,1751325544,-87.8043,43.9286,944.88,False,48.87,0.0,-0.33,,891.54,,False,0,2025-06-30 23:19:04
a66c5d,N5128R  ,United States,1751325543.0,1751325543,-121.2091,44.5158,1912.62,False,47.51,17.65,-1.63,,1965.96,,False,0,2025-06-30 23:19:04
a120f3,DAL669  ,United States,1751325241.0,1751325241,-111.2409,42.5892,10675.62,False,248.25,66.94,0.0,,11201.4,,False,0,2025-06-30 23:19:04
406ecc,VIR47GH ,United Kingdom,1751325543.0,1751325543,-74.1784,46.5441,10972.8,False,231.2,240.98,0.0,,11452.86,2467,False,0,2025-06-30 23:19:04
ab477d,DAL1946 ,United States,1751325280.0,1751325291,-72.2536,25.44,10363.2,False,238.14,329.78,0.0,,10934.7,,False,0,2025-06-30 23:19:04
a0ac92,UCA4369 ,United States,1751325543.0,1751325543,-88.9407,30.3252,1943.1,False,131.53,75.04,13.33,,2042.16,,False,0,2025-06-30 23:19:04
a67f8a,DAL26   ,United States,1751325542.0,1751325543,-95.8164,41.1998,12496.8,False,280.38,118.49,0.0,,13014.96,1135,False,0,2025-06-30 23:19:04
ac4107,UAL310  ,United States,1751325544.0,1751325544,-92.2201,41.153,9136.38,False,211.32,247.68,0.33,,9570.72,3105,False,0,2025-06-30 23:19:04
a6bc31,SKW5901 ,United States,1751325544.0,1751325544,-87.9702,42.1742,2880.36,False,145.74,2.63,15.61,,2971.8,6524,False,0,2025-06-30 23:19:04
abdde6,FRV864  ,United States,1751325361.0,1751325361,-80.1911,26.1966,30.48,False,60.62,83.18,-3.9,,91.44,,False,0,2025-06-30 23:19:04
a649ce,N504LH  ,United States,1751325344.0,1751325347,-88.1806,41.5193,396.24,False,54.08,214.14,-3.25,,373.38,1200,False,0,2025-06-30 23:19:04
ac9ac3,N911DX  ,United States,1751325525.0,1751325525,-92.2174,41.6493,754.38,False,73.12,267.58,0.0,,762.0,,False,0,2025-06-30 23:19:04
a9c151,AAL136  ,United States,1751325544.0,1751325544,-95.0528,43.8725,10058.4,False,272.08,60.43,0.0,,10386.06,1057,False,0,2025-06-30 23:19:04
a8517f,N635ND  ,United States,1751325544.0,1751325544,-122.8468,47.3869,1356.36,False,54.55,181.62,0.65,,1402.08,5150,False,0,2025-06-30 23:19:04
c0407b,ROU1976 ,Canada,1751325544.0,1751325544,-71.3022,46.8543,548.64,False,72.03,225.0,-3.25,,525.78,,False,0,2025-06-30 23:19:04
add734,JBU777  ,United States,1751325543.0,1751325544,-76.6734,43.1315,10988.04,False,209.03,272.26,0.0,,11544.3,1406,False,0,2025-06-30 23:19:04
a3e9fd,N351RB  ,United States,1751325543.0,1751325543,-102.2065,35.48,9448.8,False,161.05,119.68,0.0,,9989.82,,False,0,2025-06-30 23:19:04
ab213e,SLH816  ,United States,1751325543.0,1751325544,-104.5329,38.256,12192.0,False,203.61,243.76,0.65,,12816.84,,False,0,2025-06-30 23:19:04
405bfb,BAW223N ,United Kingdom,1751325542.0,1751325543,-81.7053,38.3829,11582.4,False,240.92,242.4,0.0,,12252.96,4002,True,0,2025-06-30 23:19:04
ad1de0,N909KC  ,United States,1751325350.0,1751325350,-94.8917,38.8038,396.24,False,44.25,359.33,-2.6,,411.48,,False,0,2025-06-30 23:19:04
405bfc,BAW22B  ,United Kingdom,1751325544.0,1751325544,-74.7183,38.9048,5212.08,False,176.3,256.33,-2.93,,5486.4,1055,False,0,2025-06-30 23:19:04
ac9abc,DAL1939 ,United States,1751325543.0,1751325543,-86.2746,33.2068,8709.66,False,231.5,242.18,5.53,,9235.44,7155,False,0,2025-06-30 23:19:04
ab214d,SCX504  ,United States,1751325298.0,1751325300,-93.1797,44.8642,365.76,False,76.4,301.23,-3.9,,335.28,6201,False,0,2025-06-30 23:19:04
a360f6,N317BL  ,United States,1751325346.0,1751325352,-98.0043,35.4648,426.72,False,26.75,0.0,-2.28,,419.1,,False,0,2025-06-30 23:19:04
a01507,RKJ104  ,United States,1751325544.0,1751325544,-108.0806,35.471,4792.98,False,175.66,99.27,0.98,,5090.16,,False,0,2025-06-30 23:19:04
ab2169,UAL358  ,United States,1751325543.0,1751325543,-95.6465,33.1189,7216.14,False,231.21,69.15,6.18,,7642.86,3630,False,0,2025-06-30 23:19:04
a97172,N70739  ,United States,1751325543.0,1751325543,-89.5751,43.1205,640.08,False,38.86,186.84,0.33,,579.12,,False,0,2025-06-30 23:19:04
a55f6c,RPA4418 ,United States,1751325544.0,1751325544,-73.8434,40.8187,228.6,False,67.95,212.01,-2.93,,213.36,6010,False,0,2025-06-30 23:19:04
a2ec85,N288JK  ,United States,1751325301.0,1751325316,-121.3276,38.566,274.32,False,45.84,135.91,-4.23,,259.08,,False,0,2025-06-30 23:19:04
a503bd,N422HA  ,United States,1751325543.0,1751325543,-95.8015,33.8249,1615.44,False,65.49,46.27,0.0,,1676.4,2544,True,0,2025-06-30 23:19:04
a55b7a,SWA3865 ,United States,1751325241.0,1751325241,-118.264,38.037,9144.0,False,250.55,303.53,0.33,,9616.44,,False,0,2025-06-30 23:19:04
acb3c4,,United States,1751325542.0,1751325544,-93.8561,38.8575,1158.24,False,51.51,309.73,2.93,,1181.1,,False,0,2025-06-30 23:19:04
a8d5bd,AAL1735 ,United States,1751325544.0,1751325544,-84.2191,37.8931,10668.0,False,240.46,117.66,0.0,,11315.7,6533,False,0,2025-06-30 23:19:04
c06461,AIE705  ,Canada,1751325542.0,1751325544,-74.4277,46.7364,8557.26,False,223.08,172.58,-2.93,,8915.4,,False,0,2025-06-30 23:19:04
a55b7f,N444WT  ,United States,1751325543.0,1751325543,-94.9228,44.4153,12489.18,False,276.38,55.93,-0.33,,12870.18,6734,False,0,2025-06-30 23:19:04
a512ff,N426MC  ,United States,1751325543.0,1751325543,-84.059,40.2424,1036.32,False,45.44,285.77,-3.25,,1021.08,,False,0,2025-06-30 23:19:04
a15739,N186CS  ,United States,1751325543.0,1751325544,-122.0901,37.4572,259.08,False,42.3,138.95,-0.65,,213.36,1200,False,0,2025-06-30 23:19:04
a7fe51,N614HH  ,United States,1751325534.0,1751325543,-112.2492,34.2884,1463.04,False,50.79,83.02,-0.65,,1455.42,,False,0,2025-06-30 23:19:04
ade6c6,N995S   ,United States,1751325382.0,1751325382,-76.9702,35.101,2308.86,False,113.45,332.16,-4.23,,2400.3,,False,0,2025-06-30 23:19:04
a79b50,N59CR   ,United States,1751325544.0,1751325544,-82.0882,34.8255,1203.96,False,99.46,335.56,-0.98,,1234.44,7234,False,0,2025-06-30 23:19:04
ac50ad,N893CB  ,United States,1751325469.0,1751325511,-86.0362,35.8257,1828.8,False,80.27,91.1,4.88,,1744.98,,False,0,2025-06-30 23:19:04
abef98,SWA980  ,United States,1751325543.0,1751325543,-119.8944,46.2574,10447.02,False,233.83,309.64,-15.61,,10904.22,,False,0,2025-06-30 23:19:04
a43b85,DAL1884 ,United States,1751325544.0,1751325544,-79.9116,33.7995,11277.6,False,224.32,26.86,0.0,,11932.92,1303,False,0,2025-06-30 23:19:04
aa23ea,N75202  ,United States,1751325543.0,1751325543,-71.4114,43.2038,1371.6,False,44.83,183.29,-0.33,,1409.7,,False,0,2025-06-30 23:19:04
add3c2,N990MM  ,United States,1751325543.0,1751325543,-81.1789,42.9888,1226.82,False,127.5,300.29,-0.33,,1211.58,,False,0,2025-06-30 23:19:04
a92b0c,DAL591  ,United States,1751325543.0,1751325543,-103.6736,36.8354,11277.6,False,244.4,89.04,0.0,,11902.44,,False,0,2025-06-30 23:19:04
ad70ba,SWA2144 ,United States,1751325543.0,1751325543,-96.7111,40.7412,12192.0,False,210.98,257.9,0.0,,12733.02,1372,False,0,2025-06-30 23:19:04
abdc78,SWA2472 ,United States,1751325543.0,1751325543,-103.609,37.9163,10591.8,False,244.56,149.12,7.48,,11155.68,,False,0,2025-06-30 23:19:04
a5ab6f,N4644V  ,United States,1751325542.0,1751325542,-122.6004,48.5514,1097.28,False,40.46,352.69,1.63,,1150.62,,False,0,2025-06-30 23:19:04
a7eb3b,N6091T  ,United States,1751325544.0,1751325544,-122.2928,47.8843,335.28,False,37.51,115.16,-0.65,,312.42,,False,0,2025-06-30 23:19:04
a8e8dd,N673WM  ,United States,1751325521.0,1751325521,-94.5675,30.4558,3489.96,False,150.68,214.29,-8.13,,3726.18,5313,False,0,2025-06-30 23:19:04
abdc91,ASH6344 ,United States,1751325543.0,1751325544,-96.634,31.9447,8839.2,False,236.45,166.54,0.65,,9418.32,1003,False,0,2025-06-30 23:19:04
abdc92,ASH6240 ,United States,1751325542.0,1751325543,-93.0784,32.848,8839.2,False,238.59,34.55,0.0,,9372.6,4052,False,0,2025-06-30 23:19:04
abdc96,ASH6097 ,United States,1751325543.0,1751325543,-89.1577,36.5121,9753.6,False,212.56,240.89,0.0,,10332.72,7630,False,0,2025-06-30 23:19:04
acfc56,DAL1386 ,United States,1751325544.0,1751325544,-79.9155,32.3258,9753.6,False,246.34,294.42,0.0,,10309.86,6654,False,0,2025-06-30 23:19:04
a8d5c3,N669BB  ,United States,1751325543.0,1751325544,-107.0371,38.477,10355.58,False,208.87,157.1,7.15,,10919.46,,False,0,2025-06-30 23:19:04
ae4f86,HEX32   ,United States,1751325538.0,1751325538,-117.677,32.728,99.06,False,43.95,339.44,0.0,,53.34,,False,0,2025-06-30 23:19:04
a81e85,N622JT  ,United States,1751325544.0,1751325544,-79.7995,27.3227,3893.82,False,150.85,193.61,-6.83,,4099.56,2771,False,0,2025-06-30 23:19:04
add3dc,AAL1915 ,United States,1751325377.0,1751325377,-97.0261,32.901,,True,16.46,185.62,,,,6572,False,0,2025-06-30 23:19:04
a68e4c,SKW6398 ,United States,1751325543.0,1751325543,-112.1016,33.4328,1082.04,False,104.56,272.82,12.35,,1059.18,,False,0,2025-06-30 23:19:04
a02457,N108VR  ,United States,1751325543.0,1751325543,-104.4836,38.5325,5151.12,False,169.44,128.71,10.08,,5478.78,,False,0,2025-06-30 23:19:04
a1574e,DAL353  ,United States,1751325543.0,1751325543,-73.7893,40.6585,,True,0.0,264.38,,,,,False,0,2025-06-30 23:19:04
a7fe18,N614FA  ,United States,1751325544.0,1751325544,-123.0205,45.7203,1706.88,False,41.11,351.36,3.58,,1775.46,,False,0,2025-06-30 23:19:04
a3970f,AAY2646 ,United States,1751325543.0,1751325544,-85.3147,33.6904,10980.42,False,239.78,327.71,0.0,,11628.12,4306,False,0,2025-06-30 23:19:04
add3d9,NKS2056 ,United States,1751325544.0,1751325544,-83.4387,32.5994,11285.22,False,240.68,193.98,0.33,,11955.78,7101,False,0,2025-06-30 23:19:04
abdc9b,SWA2267 ,United States,1751325543.0,1751325543,-115.0255,36.0734,1150.62,False,94.21,272.19,-6.5,,1143.0,1402,False,0,2025-06-30 23:19:04
a6cb01,LXJ537  ,United States,1751325543.0,1751325543,-122.5572,46.9234,3246.12,False,154.99,46.08,-8.13,,3383.28,3760,False,0,2025-06-30 23:19:04
aa36e7,N75733  ,United States,1751325543.0,1751325543,-116.9729,32.7222,853.44,False,56.13,2.63,-0.33,,822.96,,False,0,2025-06-30 23:19:04
a752b3,LXJ571  ,United States,1751325544.0,1751325544,-83.1942,40.6924,5783.58,False,218.67,65.24,0.33,,6042.66,1373,False,0,2025-06-30 23:19:04
aa23b3,RPA3444 ,United States,1751325543.0,1751325544,-85.2756,43.502,8534.4,False,205.29,192.89,0.33,,8900.16,6442,False,0,2025-06-30 23:19:04
a03765,AAL4    ,United States,1751325543.0,1751325543,-115.9861,35.4785,9837.42,False,252.72,47.64,3.25,,10363.2,7714,False,0,2025-06-30 23:19:04
a4f2bc,N418KC  ,United States,1751325543.0,1751325544,-95.5303,29.2776,10066.02,False,174.95,13.26,0.0,,10675.62,7334,False,0,2025-06-30 23:19:04
a27737,SWA3058 ,United States,1751325543.0,1751325543,-116.9763,36.7863,10363.2,False,242.76,332.35,0.0,,10911.84,,False,0,2025-06-30 23:19:04
ac7809,N902QS  ,United States,1751325543.0,1751325544,-79.5919,26.5104,1485.9,False,142.77,266.49,0.0,,1569.72,,False,0,2025-06-30 23:19:04
ab4505,N825SG  ,United States,1751325544.0,1751325544,-101.7173,26.7821,11887.2,False,244.33,51.75,-0.33,,12595.86,,False,0,2025-06-30 23:19:04
c00dce,FLE640  ,Canada,1751325533.0,1751325533,-92.2799,48.1948,11277.6,False,247.23,110.21,-0.33,,11521.44,,False,0,2025-06-30 23:19:04
a06ab1,N126HF  ,United States,1751325542.0,1751325543,-73.1266,40.8043,335.28,False,60.03,46.04,0.65,,327.66,,False,0,2025-06-30 23:19:04
a01112,AAL341  ,United States,1751325543.0,1751325543,-102.4978,41.7255,10363.2,False,228.6,253.93,0.0,,10881.36,2261,False,0,2025-06-30 23:19:04
a1440c,SWA785  ,United States,1751325543.0,1751325543,-121.9496,46.5181,7528.56,False,230.48,165.13,7.15,,7871.46,6034,False,0,2025-06-30 23:19:04
ab9eb0,N848MM  ,United States,1751325543.0,1751325543,-82.8468,27.8436,114.3,False,33.72,158.52,0.0,,144.78,1200,False,0,2025-06-30 23:19:04
a3d425,FFT690  ,United States,1751325543.0,1751325543,-101.3017,38.0338,10668.0,False,246.13,94.44,0.0,,11247.12,,False,0,2025-06-30 23:19:04
a32ddd,N30370  ,United States,1751325544.0,1751325544,-82.6502,33.5758,1295.4,False,37.1,286.93,1.95,,1341.12,,False,0,2025-06-30 23:19:04
a0cdff,N151B   ,United States,1751325543.0,1751325544,-73.8715,40.9128,2735.58,False,140.25,216.2,13.0,,2849.88,1143,False,0,2025-06-30 23:19:04
a26462,N253TX  ,United States,1751325543.0,1751325543,-74.1488,40.3596,4846.32,False,185.09,192.68,12.68,,5067.3,1153,False,0,2025-06-30 23:19:04
abb9b2,SWA4514 ,United States,1751325543.0,1751325544,-121.1239,36.7969,7635.24,False,223.93,132.49,9.1,,7970.52,2164,False,0,2025-06-30 23:19:04
aa7ec3,UAL1478 ,United States,1751325544.0,1751325544,-84.1424,30.1247,10668.0,False,245.25,144.48,0.0,,11292.84,2503,False,0,2025-06-30 23:19:04
a1ede9,UAL933  ,United States,1751325543.0,1751325543,-74.0963,39.34,10363.2,False,247.81,220.37,0.0,,10972.8,0402,False,0,2025-06-30 23:19:04
a4f414,RPA9937 ,United States,1751325544.0,1751325544,-80.0662,40.4847,960.12,False,78.12,229.81,-4.23,,960.12,4455,False,0,2025-06-30 23:19:04
ac76b2,OZN902  ,United States,1751325543.0,1751325543,-80.447,25.6426,0.0,False,33.97,88.26,-2.6,,53.34,,False,0,2025-06-30 23:19:04
a0cdf3,AAL3066 ,United States,1751325543.0,1751325543,-96.6451,33.2837,2613.66,False,142.77,266.49,-7.8,,2750.82,1321,False,0,2025-06-30 23:19:04
aabc11,ENY3869 ,United States,1751325543.0,1751325543,-86.2576,34.4134,8229.6,False,215.76,349.98,-0.33,,8732.52,7172,False,0,2025-06-30 23:19:04
ab9f54,UAL1787 ,United States,1751325414.0,1751325414,-104.6601,39.8659,1584.96,False,78.2,180.38,-4.23,,1668.78,2067,False,0,2025-06-30 23:19:04
abb9d5,N8549P  ,United States,1751325543.0,1751325543,-100.8596,31.9624,2453.64,False,48.38,188.56,0.98,,2590.8,,False,0,2025-06-30 23:19:04
c0772d,CGTDK   ,Canada,1751325409.0,1751325409,-123.4811,48.6599,243.84,False,34.34,106.53,-1.3,,289.56,,False,0,2025-06-30 23:19:04
a1dab3,JBU1178 ,United States,1751325544.0,1751325544,-72.2073,42.6332,6301.74,False,216.53,98.75,-6.18,,6614.16,7351,False,0,2025-06-30 23:19:04
a14452,SWA937  ,United States,1751325543.0,1751325543,-109.4815,37.2395,11277.6,False,241.13,78.31,0.0,,11894.82,,False,0,2025-06-30 23:19:04
a2b416,UAL2603 ,United States,1751325544.0,1751325544,-103.3616,40.0882,6332.22,False,227.12,78.1,5.85,,6705.6,,False,0,2025-06-30 23:19:04
abb9df,SWA1983 ,United States,1751325544.0,1751325544,-86.7808,32.9608,11277.6,False,231.68,63.21,0.0,,11955.78,0013,False,0,2025-06-30 23:19:04
c07721,TSC510  ,Canada,1751325526.0,1751325526,-73.7528,45.4674,,True,3.86,33.75,,,,,False,0,2025-06-30 23:19:04
adc17b,AAL2767 ,United States,1751325544.0,1751325544,-99.3899,32.3863,8359.14,False,234.59,251.33,1.3,,8869.68,6221,False,0,2025-06-30 23:19:04
ab9f61,WUP848  ,United States,1751325543.0,1751325543,-78.6299,36.4277,7620.0,False,151.92,41.84,0.0,,8092.44,,False,0,2025-06-30 23:19:04
a1311e,SKW3350 ,United States,1751325544.0,1751325544,-116.6801,33.1357,7444.74,False,207.0,284.24,-11.05,,7856.22,,False,0,2025-06-30 23:19:04
c00da8,FLE608  ,Canada,1751325544.0,1751325544,-88.0999,44.5861,11277.6,False,252.47,110.39,0.33,,11689.08,4475,True,0,2025-06-30 23:19:04
ab8c37,AAL2943 ,United States,1751325542.0,1751325543,-82.6009,37.7032,9448.8,False,252.28,85.67,0.0,,10012.68,1404,False,0,2025-06-30 23:19:04
adc180,DAL3204 ,United States,1751325543.0,1751325543,-85.5968,33.8716,5486.4,False,208.09,308.17,0.33,,5806.44,7500,False,0,2025-06-30 23:19:04
ac0f4d,SWA5555 ,United States,1751325543.0,1751325544,-106.7199,40.0057,9593.58,False,244.12,264.07,4.88,,10134.6,3225,False,0,2025-06-30 23:19:04
aabc3a,N791FA  ,United States,1751325445.0,1751325445,-119.0436,35.4233,281.94,False,33.12,316.89,-1.95,,213.36,,False,0,2025-06-30 23:19:04
a872e8,N6431N  ,United States,1751325542.0,1751325542,-118.8089,34.8506,2590.8,False,69.62,329.83,2.28,,2689.86,1200,False,0,2025-06-30 23:19:04
ad1c38,N944CB  ,United States,1751325543.0,1751325544,-117.5521,33.5914,1706.88,False,55.19,16.24,0.0,,1744.98,,False,0,2025-06-30 23:19:04
acfc26,NCR519  ,United States,1751325543.0,1751325543,-111.3203,35.5504,12192.0,False,243.09,318.52,0.0,,12847.32,,False,0,2025-06-30 23:19:04
acc6ce,NKS2687 ,United States,1751325543.0,1751325543,-112.2289,36.944,11292.84,False,240.3,70.75,0.33,,11910.06,7755,False,0,2025-06-30 23:19:04
a39781,AAL2718 ,United States,1751325543.0,1751325543,-82.4936,37.076,10668.0,False,239.28,56.75,0.0,,11315.7,7306,False,0,2025-06-30 23:19:04
a92b66,RTY690  ,United States,1751325544.0,1751325544,-105.0067,40.4396,1493.52,False,41.75,157.54,3.25,,1569.72,,False,0,2025-06-30 23:19:04
ad2f75,JSX651  ,United States,1751325543.0,1751325543,-119.5651,37.0058,10058.4,False,238.35,67.81,-0.33,,10553.7,3237,False,0,2025-06-30 23:19:04
a44de8,N377BC  ,United States,1751325544.0,1751325544,-72.5888,43.7514,1851.66,False,87.09,148.28,0.0,,1905.0,,False,0,2025-06-30 23:19:04
a2519f,MXY110  ,United States,1751325543.0,1751325544,-93.8221,36.0446,3345.18,False,147.34,278.84,-7.8,,3512.82,2061,False,0,2025-06-30 23:19:04
a8c439,PDT5973 ,United States,1751325543.0,1751325544,-77.7524,35.1416,6705.6,False,231.58,214.04,0.0,,7109.46,1160,False,0,2025-06-30 23:19:04
4ba953,THY7    ,Turkey,1751325544.0,1751325544,-71.1963,42.847,10972.8,False,250.21,211.21,0.0,,11544.3,2520,False,0,2025-06-30 23:19:04
a19f29,SWA958  ,United States,1751325544.0,1751325544,-85.2417,32.6641,11277.6,False,223.1,49.96,0.0,,11948.16,4273,False,0,2025-06-30 23:19:04
ad976e,NKS2447 ,United States,1751325543.0,1751325544,-80.5086,34.5218,11582.4,False,243.72,186.18,0.33,,12275.82,1154,False,0,2025-06-30 23:19:04
a1b9c9,N210CW  ,United States,1751325543.0,1751325543,-78.5316,34.5488,2438.4,False,73.76,200.84,0.0,,2537.46,,False,0,2025-06-30 23:19:04
a6cacb,DAL1672 ,United States,1751325471.0,1751325480,-115.1386,36.0808,,True,0.0,315.0,,,,,False,0,2025-06-30 23:19:04
a7fde3,N614CY  ,United States,1751325540.0,1751325540,-93.8185,42.3787,792.48,False,55.45,353.07,-6.18,,861.06,,False,0,2025-06-30 23:19:04
ab4489,DAL30   ,United States,1751325544.0,1751325544,-71.6706,40.4491,9448.8,False,250.28,55.72,0.0,,9997.44,7105,False,0,2025-06-30 23:19:04
a023a5,AAL2459 ,United States,1751325544.0,1751325544,-92.3566,41.0771,11277.6,False,269.59,74.51,0.0,,11803.38,5062,False,0,2025-06-30 23:19:04
a88774,JBU1694 ,United States,1751325543.0,1751325543,-73.3778,41.1452,1226.82,False,135.56,291.6,0.0,,1272.54,7175,False,0,2025-06-30 23:19:04
a92abb,PDT5984 ,United States,1751325544.0,1751325544,-86.587,34.8094,3291.84,False,138.91,299.51,-3.58,,3474.72,3156,False,0,2025-06-30 23:19:04
a20f1a,UCA4243 ,United States,1751325544.0,1751325544,-89.3396,29.9583,5707.38,False,159.55,261.84,5.85,,6035.04,,False,0,2025-06-30 23:19:04
c1e5d1,TOW916  ,Canada,1751325495.0,1751325495,-73.7372,45.4661,,True,5.4,312.19,,,,,False,0,2025-06-30 23:19:04
a4e181,RRA4407 ,United States,1751325543.0,1751325544,-79.573,42.3318,9448.8,False,244.7,61.5,1.63,,9959.34,4103,False,0,2025-06-30 23:19:04
acb469,CNS612  ,United States,1751325506.0,1751325506,-71.3026,42.4449,502.92,False,72.35,293.47,-4.23,,495.3,,False,0,2025-06-30 23:19:04
a25188,GTI4542 ,United States,1751325543.0,1751325543,-95.314,40.9966,11277.6,False,267.45,118.24,-0.65,,11750.04,6636,False,0,2025-06-30 23:19:04
ad7125,N9650V  ,United States,1751325543.0,1751325543,-112.2759,41.0147,2103.12,False,57.29,63.9,-0.65,,2179.32,,False,0,2025-06-30 23:19:04
a87468,N644DF  ,United States,1751325543.0,1751325543,-80.5169,25.5889,266.7,False,51.25,250.66,0.0,,289.56,,False,0,2025-06-30 23:19:04
4ba946,THY12E  ,Turkey,1751325544.0,1751325544,-105.8422,42.2384,8839.2,False,257.13,49.14,-0.33,,9334.5,,False,0,2025-06-30 23:19:04
a2b47f,UAL2695 ,United States,1751325544.0,1751325544,-79.6757,26.2964,3870.96,False,204.73,49.59,10.4,,4084.32,,False,0,2025-06-30 23:19:04
a07f44,TWY131  ,United States,1751325544.0,1751325544,-118.6769,33.8142,5593.08,False,205.4,166.97,-10.4,,5852.16,2605,False,0,2025-06-30 23:19:04
a5bdcf,N4693D  ,United States,1751325541.0,1751325543,-97.2304,33.0973,640.08,False,76.35,327.38,-0.33,,624.84,,False,0,2025-06-30 23:19:04
aa7df3,SWA3377 ,United States,1751325544.0,1751325544,-115.0908,36.0032,2613.66,False,104.02,92.55,-7.8,,2735.58,,False,0,2025-06-30 23:19:04
a1a6d5,CXK558  ,United States,1751325494.0,1751325494,-81.4157,30.607,1005.84,False,47.93,167.6,-0.65,,1051.56,,False,0,2025-06-30 23:19:04
a20f59,N23152  ,United States,1751325543.0,1751325543,-117.7389,33.5818,830.58,False,65.66,293.55,-3.58,,807.72,,False,0,2025-06-30 23:19:04
acb470,AAL163  ,United States,1751325543.0,1751325543,-94.058,29.6956,10972.8,False,234.62,320.52,-0.33,,11628.12,,False,0,2025-06-30 23:19:04
a32f30,EJM304  ,United States,1751325543.0,1751325543,-82.6429,29.0635,9121.14,False,183.67,359.2,6.18,,9639.3,5764,False,0,2025-06-30 23:19:04
a88737,FFT3335 ,United States,1751325544.0,1751325544,-122.4972,45.3775,1257.3,False,136.78,44.39,-6.83,,1303.02,0430,False,0,2025-06-30 23:19:04
a8d739,N669SA  ,United States,1751325544.0,1751325544,-117.4869,33.874,1325.88,False,42.95,96.19,3.58,,1341.12,,False,0,2025-06-30 23:19:04
a79aae,HAL1613 ,United States,1751325544.0,1751325544,-113.0973,35.1211,12192.0,False,232.65,246.27,0.0,,12885.42,4056,False,0,2025-06-30 23:19:04
aa6aa1,SKW4937 ,United States,1751325543.0,1751325543,-87.4823,42.168,1676.4,False,106.57,169.99,-4.88,,1699.26,3602,False,0,2025-06-30 23:19:04
c062b8,JZA851  ,Canada,1751325544.0,1751325544,-77.3219,45.3398,9204.96,False,221.21,270.13,4.23,,9654.54,0675,False,0,2025-06-30 23:19:04
a8741c,PDT5858 ,United States,1751325543.0,1751325543,-74.2462,42.7229,3802.38,False,167.27,297.27,3.58,,3977.64,7071,False,0,2025-06-30 23:19:04
a49197,N3939X  ,United States,1751325543.0,1751325543,-104.6863,38.7942,1859.28,False,40.65,181.45,3.25,,1943.1,,False,0,2025-06-30 23:19:04
a32f1b,ENY3889 ,United States,1751325543.0,1751325544,-100.318,28.5139,10363.2,False,232.78,177.34,-0.33,,11003.28,0436,False,0,2025-06-30 23:19:04
a88752,GTI8617 ,United States,1751325427.0,1751325431,-75.6142,24.0547,12504.42,False,236.8,119.41,-0.33,,13075.92,,False,0,2025-06-30 23:19:04
a3c15d,DAL1077 ,United States,1751325544.0,1751325544,-76.419,38.2809,10066.02,False,234.78,30.55,0.0,,10660.38,5757,False,0,2025-06-30 23:19:04
a4e146,SWA2331 ,United States,1751325543.0,1751325543,-110.0451,32.3871,10530.84,False,226.29,294.58,-4.88,,11140.44,6251,False,0,2025-06-30 23:19:04
a143a3,SWA3869 ,United States,1751325543.0,1751325543,-97.518,41.0727,11277.6,False,261.01,87.85,0.65,,11795.76,3755,False,0,2025-06-30 23:19:04
a32f0f,N304K   ,United States,1751325544.0,1751325544,-84.1477,33.6346,8839.2,False,257.38,101.65,0.0,,9380.22,7201,False,0,2025-06-30 23:19:04
ac518d,N893MA  ,United States,1751325474.0,1751325474,-97.387,31.1717,571.5,False,77.01,337.2,-2.28,,609.6,,False,0,2025-06-30 23:19:04
a1dc60,EJA219  ,United States,1751325542.0,1751325543,-87.8523,42.0936,426.72,False,62.57,291.71,-1.3,,381.0,6227,False,0,2025-06-30 23:19:04
a32f84,JTL304  ,United States,1751325543.0,1751325543,-95.0671,46.9303,11094.72,False,255.62,167.45,-10.08,,11384.28,,False,0,2025-06-30 23:19:04
a3e6e4,ARCAT85 ,United States,1751325544.0,1751325544,-116.4797,32.9756,3436.62,False,146.49,219.73,-10.73,,3596.64,4777,False,0,2025-06-30 23:19:04
c0508e,CGEND   ,Canada,1751325543.0,1751325543,-123.2503,48.7016,426.72,False,56.61,1.56,0.33,,464.82,,False,0,2025-06-30 23:19:04
a263f1,N253PJ  ,United States,1751325543.0,1751325543,-117.2233,33.7868,731.52,False,55.22,296.57,0.65,,678.18,,False,0,2025-06-30 23:19:04
aa7f2b,UAL2601 ,United States,1751325544.0,1751325544,-81.5553,29.4124,10668.0,False,215.39,3.29,0.0,,11254.74,2660,False,0,2025-06-30 23:19:04
c05086,ACA1301 ,Canada,1751325543.0,1751325544,-99.6056,35.2048,10972.8,False,247.39,348.97,0.0,,11628.12,0417,False,0,2025-06-30 23:19:04
0d08e6,VIV206  ,Mexico,1751325543.0,1751325543,-97.6671,27.3851,10668.0,False,238.14,62.6,0.0,,11361.42,0633,False,0,2025-06-30 23:19:04
a526e2,AAL596  ,United States,1751325543.0,1751325543,-84.4701,33.9977,10972.8,False,242.84,269.15,0.0,,11650.98,7254,False,0,2025-06-30 23:19:04
a646bc,SKW4916 ,United States,1751325544.0,1751325544,-101.2943,30.8555,10668.0,False,241.74,86.46,0.0,,11353.8,7302,False,0,2025-06-30 23:19:04
a513ac,UAL8154 ,United States,1751325535.0,1751325535,-122.3751,37.6125,,True,8.75,208.12,,,,,False,0,2025-06-30 23:19:04
a263e3,AAY1862 ,United States,1751325544.0,1751325544,-98.0168,35.3584,11292.84,False,239.22,89.88,-0.33,,11955.78,0762,False,0,2025-06-30 23:19:04
a130cb,EDV5194 ,United States,1751325537.0,1751325537,-81.8458,41.4174,304.8,False,73.77,230.09,-3.58,,266.7,7402,False,0,2025-06-30 23:19:04
aa7f28,UAL1230 ,United States,1751325543.0,1751325543,-123.3209,44.306,10668.0,False,219.24,178.39,0.0,,11125.2,7053,False,0,2025-06-30 23:19:04
aa7f27,UAL326  ,United States,1751325543.0,1751325544,-79.7967,37.6434,8130.54,False,244.31,237.38,0.98,,8595.36,3703,False,0,2025-06-30 23:19:04
a2b3a2,SWA1437 ,United States,1751325543.0,1751325543,-98.6349,43.4912,11582.4,False,207.25,280.58,0.0,,12009.12,3167,False,0,2025-06-30 23:19:04
0d08f3,VIV4024 ,Mexico,1751325543.0,1751325543,-100.0461,25.6586,2682.24,False,147.39,273.4,12.68,,2804.16,,False,0,2025-06-30 23:19:04
a779eb,DAL795  ,United States,1751325543.0,1751325543,-97.271,37.2836,10675.62,False,257.98,87.49,0.0,,11292.84,,False,0,2025-06-30 23:19:04
a81f1f,QXE2071 ,United States,1751325516.0,1751325526,-116.1677,43.5444,1089.66,False,70.64,295.45,-5.2,,1082.04,,False,0,2025-06-30 23:19:04
a406c9,FFT2017 ,United States,1751325498.0,1751325498,-115.1385,36.0849,,True,2.57,14.06,,,,2140,False,0,2025-06-30 23:19:04
0d08eb,VOI1716 ,Mexico,1751325371.0,1751325377,-118.369,33.9388,121.92,False,67.38,262.98,-3.58,,83.82,4263,True,0,2025-06-30 23:19:04
0d08ef,AMX687  ,Mexico,1751325543.0,1751325543,-94.812,34.8689,10972.8,False,227.78,220.24,-0.65,,11635.74,4430,False,0,2025-06-30 23:19:04
a81f29,N622RG  ,United States,1751325489.0,1751325490,-72.3862,42.5506,944.88,False,34.47,217.72,-0.33,,937.26,1200,False,0,2025-06-30 23:19:04
a0cf8d,SKW5369 ,United States,1751325544.0,1751325544,-92.8647,34.8993,5402.58,False,173.44,299.3,7.48,,5715.0,,False,0,2025-06-30 23:19:04
c05056,ACA1068 ,Canada,1751325543.0,1751325543,-97.8624,45.1697,11277.6,False,257.15,119.74,0.0,,11666.22,,False,0,2025-06-30 23:19:04
aa7f03,UAL2400 ,United States,1751325544.0,1751325544,-75.2971,46.1213,9753.6,False,216.98,297.54,0.0,,10187.94,1462,False,0,2025-06-30 23:19:04
aa7f02,UAL1008 ,United States,1751325543.0,1751325543,-97.0435,30.7832,10058.4,False,249.88,97.1,0.0,,10683.24,1712,False,0,2025-06-30 23:19:04
aa7f01,UAL1069 ,United States,1751325544.0,1751325544,-87.5701,42.0021,1242.06,False,88.51,271.33,0.0,,1242.06,3230,False,0,2025-06-30 23:19:04
a539c9,DAL220  ,United States,1751325543.0,1751325544,-98.8635,44.5236,11277.6,False,252.09,73.16,0.0,,11696.7,,False,0,2025-06-30 23:19:04
abedc8,AAL1263 ,United States,1751325543.0,1751325543,-96.2378,33.4054,4023.36,False,176.24,242.91,-8.45,,4244.34,1016,False,0,2025-06-30 23:19:04
a8b14f,N65956  ,United States,1751325544.0,1751325544,-96.7136,33.2987,1043.94,False,57.27,19.41,0.98,,1066.8,1425,False,0,2025-06-30 23:19:04
c0636a,PTR2636 ,Canada,1751325543.0,1751325543,-79.1994,44.549,3779.52,False,149.7,150.79,-5.85,,3893.82,7172,False,0,2025-06-30 23:19:04
c0636c,PTR2292 ,Canada,1751325543.0,1751325544,-72.5969,45.5684,6705.6,False,165.22,268.22,0.0,,7018.02,,False,0,2025-06-30 23:19:04
a779b0,ASA396  ,United States,1751325541.0,1751325541,-117.4448,42.7267,11582.4,False,231.2,340.64,0.0,,12138.66,,False,0,2025-06-30 23:19:04
c0506b,ACA581  ,Canada,1751325544.0,1751325544,-89.6812,34.6103,11582.4,False,229.91,224.46,0.0,,12291.06,0603,False,0,2025-06-30 23:19:04
a7419b,N567HA  ,United States,1751325378.0,1751325380,-75.1168,38.3105,30.48,False,7.85,211.61,-0.98,,-15.24,,False,0,2025-06-30 23:19:04
a92ae9,EDV5180 ,United States,1751325543.0,1751325543,-84.4273,33.6383,,True,9.26,0.0,,,,5437,False,0,2025-06-30 23:19:04
ab3132,N820DM  ,United States,1751325543.0,1751325544,-118.1988,33.7569,1424.94,False,41.43,114.97,2.6,,1424.94,,False,0,2025-06-30 23:19:04
a43c56,MVK89   ,United States,1751325238.0,1751325238,-93.5231,44.0102,1257.3,False,59.68,136.4,-3.25,,1272.54,,False,0,2025-06-30 23:19:04
a9f777,NKS2357 ,United States,1751325543.0,1751325543,-108.4835,35.439,10058.4,False,232.02,89.75,0.0,,10645.14,,False,0,2025-06-30 23:19:04
ac6445,AAL1559 ,United States,1751325543.0,1751325543,-87.8216,41.9659,518.16,False,76.65,270.0,-3.58,,487.68,0520,False,0,2025-06-30 23:19:04
acb4e1,N918FA  ,United States,1751325544.0,1751325544,-117.1703,33.4411,1066.8,False,44.24,188.7,0.33,,1074.42,,False,0,2025-06-30 23:19:04
c1e884,,Canada,1751325283.0,1751325283,-79.6344,43.68,,True,5.66,236.25,,,,,False,0,2025-06-30 23:19:04
abdd6d,SWA2676 ,United States,1751325544.0,1751325544,-96.6503,41.6002,11269.98,False,258.28,74.16,0.0,,11750.04,3721,False,0,2025-06-30 23:19:04
ade7f4,DSU08   ,United States,1751325543.0,1751325543,-90.7469,33.7836,213.36,False,42.2,271.4,-3.58,,198.12,1200,False,0,2025-06-30 23:19:04
abdd91,SWA1043 ,United States,1751325543.0,1751325543,-87.4584,41.6141,1242.06,False,127.93,297.29,-0.33,,1257.3,4036,False,0,2025-06-30 23:19:04
ae07ed,PEND84  ,United States,1751325543.0,1751325543,-122.9353,38.2904,1386.84,False,110.88,325.2,-2.28,,1409.7,1740,False,0,2025-06-30 23:19:04
a7ff72,SKW5214 ,United States,1751325543.0,1751325543,-113.8604,33.8809,10363.2,False,207.19,276.7,-0.33,,10942.32,2672,False,0,2025-06-30 23:19:04
a4e0ec,SKW3469 ,United States,1751325331.0,1751325337,-122.5993,45.5914,,True,5.66,118.12,,,,3245,False,0,2025-06-30 23:19:04
a07ee3,N13096  ,United States,1751325543.0,1751325543,-123.0257,45.9785,1546.86,False,55.57,178.94,0.33,,1584.96,,False,0,2025-06-30 23:19:04
c0523f,ROU1795 ,Canada,1751325543.0,1751325543,-77.9374,35.4483,10675.62,False,233.43,3.28,0.0,,11285.22,4154,False,0,2025-06-30 23:19:04
a81f83,SKW5978 ,United States,1751325283.0,1751325283,-115.4428,38.4741,10363.2,False,212.86,256.3,0.0,,10927.08,,False,0,2025-06-30 23:19:04
ad84db,NKS236  ,United States,1751325325.0,1751325325,-80.164,26.0659,0.0,False,68.94,90.0,-3.58,,60.96,,False,0,2025-06-30 23:19:04
a8d6bd,PDT5899 ,United States,1751325543.0,1751325543,-80.1113,34.7246,4251.96,False,164.19,300.5,0.0,,4480.56,,False,0,2025-06-30 23:19:04
c05271,ASP595  ,Canada,1751325544.0,1751325544,-80.6729,44.551,8945.88,False,175.52,137.61,-7.8,,9311.64,2110,False,0,2025-06-30 23:19:04
a8c3a2,FFT3696 ,United States,1751325544.0,1751325544,-121.7772,46.0663,10668.0,False,226.1,165.24,0.0,,11125.2,6602,False,0,2025-06-30 23:19:04
a993ad,JIA5419 ,United States,1751325542.0,1751325543,-81.2001,32.135,,True,11.32,357.19,,,,2137,False,0,2025-06-30 23:19:04
a860b7,RPA3453 ,United States,1751325544.0,1751325544,-78.7293,38.931,6819.9,False,191.78,284.45,3.25,,7208.52,3625,False,0,2025-06-30 23:19:04
a43c7a,DAL3113 ,United States,1751325543.0,1751325543,-93.1775,43.3269,9479.28,False,228.47,333.95,-5.2,,9822.18,1336,False,0,2025-06-30 23:19:04
acea3e,JSX851  ,United States,1751325543.0,1751325544,-75.7707,38.067,10363.2,False,227.58,213.94,0.0,,10949.94,3004,False,0,2025-06-30 23:19:04
a13227,CXK184  ,United States,1751325544.0,1751325544,-115.1155,36.0259,2042.16,False,60.05,9.87,-0.65,,2095.5,,False,0,2025-06-30 23:19:04
a3d3f0,DAL581  ,United States,1751325484.0,1751325487,-84.0783,33.5967,975.36,False,112.87,325.59,-2.93,,1021.08,3122,False,0,2025-06-30 23:19:04
c0653d,ACA546  ,Canada,1751325543.0,1751325543,-114.9069,48.8139,10668.0,False,253.13,93.73,0.0,,11117.58,4531,False,0,2025-06-30 23:19:04
a500ab,N421PR  ,United States,1751325543.0,1751325543,-84.4907,36.0543,2186.94,False,107.19,338.61,-3.58,,2263.14,2735,False,0,2025-06-30 23:19:04
0d0997,,Mexico,1751325523.0,1751325530,-113.4596,30.5749,10972.8,False,231.07,310.21,0.0,,11635.74,5272,False,0,2025-06-30 23:19:04
aca1da,ASA1198 ,United States,1751325544.0,1751325544,-118.8358,35.4006,10668.0,False,229.09,166.49,0.0,,11224.26,1637,False,0,2025-06-30 23:19:04
a1588d,N186SG  ,United States,1751325543.0,1751325544,-122.3777,48.4708,556.26,False,65.41,340.71,0.0,,571.5,,False,0,2025-06-30 23:19:04
c1e844,BMN71   ,Canada,1751325543.0,1751325543,-79.6482,43.6813,,True,1.54,67.5,,,,,False,0,2025-06-30 23:19:04
a26535,N2531Y  ,United States,1751325543.0,1751325543,-93.7693,42.9266,1402.08,False,51.94,303.69,0.98,,1394.46,,False,0,2025-06-30 23:19:04
aca1dd,AAL2376 ,United States,1751325534.0,1751325535,-115.151,36.0737,,True,33.95,270.0,,,,2203,False,0,2025-06-30 23:19:04
a5ac3b,AAL3276 ,United States,1751325543.0,1751325543,-89.1656,35.1998,9745.98,False,232.73,253.17,0.0,,10370.82,7147,False,0,2025-06-30 23:19:04
c06539,ACA557  ,Canada,1751325544.0,1751325544,-122.0446,45.3779,11582.4,False,249.47,356.45,0.0,,12077.7,6766,False,0,2025-06-30 23:19:04
a1a844,N20592  ,United States,1751325544.0,1751325544,-97.8491,43.6341,937.26,False,39.31,312.88,-1.63,,944.88,1200,False,0,2025-06-30 23:19:04
c0522f,CGFDE   ,Canada,1751325543.0,1751325544,-72.9294,45.448,1188.72,False,30.19,283.8,-0.33,,,,False,0,2025-06-30 23:19:04
c05220,ROU1924 ,Canada,1751325544.0,1751325544,-80.2804,44.2413,5181.6,False,175.59,138.09,-4.55,,5387.34,1111,False,0,2025-06-30 23:19:04
a06bd3,AAL569  ,United States,1751325544.0,1751325544,-94.603,32.3174,10972.8,False,231.12,263.1,0.0,,11643.36,3146,False,0,2025-06-30 23:19:04
aba91b,UAL414C ,United States,1751325543.0,1751325544,-115.5675,35.4763,11597.64,False,226.49,227.58,0.0,,12245.34,3715,False,0,2025-06-30 23:19:04
a79c54,00000000,United States,1751325544.0,1751325544,-90.1276,28.2846,12192.0,False,228.72,295.59,0.0,,12900.66,,False,0,2025-06-30 23:19:04
ac0fb6,SWA853  ,United States,1751325544.0,1751325544,-91.7183,42.0839,9144.0,False,203.74,270.72,-0.33,,9532.62,6571,False,0,2025-06-30 23:19:04
aa6d40,PCM7720 ,United States,1751325543.0,1751325544,-121.7188,38.8509,1562.1,False,69.37,353.61,4.23,,1592.58,4515,False,0,2025-06-30 23:19:04
c00eb0,ACA629  ,Canada,1751325543.0,1751325544,-79.242,43.9182,1836.42,False,105.25,293.93,-4.55,,1851.66,7042,False,0,2025-06-30 23:19:04
abdd09,SWA45   ,United States,1751325544.0,1751325544,-96.0716,30.0859,3322.32,False,161.85,127.38,0.0,,3512.82,2250,False,0,2025-06-30 23:19:04
a2a216,N269TA  ,United States,1751325543.0,1751325544,-100.2062,34.0753,12504.42,False,247.68,104.56,-0.33,,13152.12,,False,0,2025-06-30 23:19:04
abdd00,ASH6159 ,United States,1751325543.0,1751325543,-77.7864,40.212,5425.44,False,204.9,166.94,-15.93,,5699.76,2461,False,0,2025-06-30 23:19:04
aba7b0,DAL2833 ,United States,1751325543.0,1751325543,-88.7726,38.1952,7856.22,False,238.43,347.79,-5.2,,8290.56,1774,False,0,2025-06-30 23:19:04
aca29a,JBU580  ,United States,1751325542.0,1751325542,-77.4624,25.2965,10363.2,False,233.43,356.72,0.0,,10896.6,,False,0,2025-06-30 23:19:04
ac77d3,AAL2212 ,United States,1751325543.0,1751325543,-84.7963,40.6344,9067.8,False,228.19,279.87,4.23,,9547.86,4066,False,0,2025-06-30 23:19:04
c07854,CGTOT   ,Canada,1751325543.0,1751325543,-78.7245,44.1492,1005.84,False,38.4,219.02,-0.65,,975.36,5345,False,0,2025-06-30 23:19:04
a3852d,LXJ326  ,United States,1751325543.0,1751325543,-118.7739,40.0186,13716.0,False,236.52,54.65,-0.33,,14371.32,3352,False,0,2025-06-30 23:19:04
a55bbf,N444ZG  ,United States,1751325542.0,1751325543,-73.4138,40.7156,190.5,False,34.66,174.04,2.28,,167.64,,False,0,2025-06-30 23:19:04
a1589d,SKW3346 ,United States,1751325543.0,1751325544,-119.8034,34.8024,8534.4,False,220.81,314.91,-0.33,,8945.88,1052,False,0,2025-06-30 23:19:04
a74202,N567MD  ,United States,1751325468.0,1751325535,-105.8606,41.7399,5478.78,False,145.6,161.89,-8.45,,5768.34,,False,0,2025-06-30 23:19:04
aba7c2,VAR850  ,United States,1751325544.0,1751325544,-112.8313,33.2571,815.34,False,62.72,131.01,0.98,,754.38,1200,False,0,2025-06-30 23:19:04
abca00,AAL2491 ,United States,1751325544.0,1751325544,-94.5785,33.6042,10378.44,False,246.75,68.09,4.88,,11010.9,5617,False,0,2025-06-30 23:19:04
ab7a21,DAL2349 ,United States,1751325544.0,1751325544,-93.1531,44.8636,472.44,False,74.99,300.96,-3.9,,449.58,,False,0,2025-06-30 23:19:04
aabd56,SKW4685 ,United States,1751325543.0,1751325543,-91.9728,44.9635,8839.2,False,247.45,172.59,0.0,,9090.66,,False,0,2025-06-30 23:19:04
aaaa1e,SWA3629 ,United States,1751325544.0,1751325544,-96.2085,39.734,11109.96,False,209.87,297.76,8.13,,11666.22,,False,0,2025-06-30 23:19:04
a37265,DAL2310 ,United States,1751325543.0,1751325543,-77.1811,35.5028,10363.2,False,238.45,203.52,0.0,,10965.18,3355,False,0,2025-06-30 23:19:04
a037b4,N113DS  ,United States,1751325543.0,1751325543,-84.3133,37.3944,2270.76,False,87.2,147.53,-0.33,,2354.58,3121,False,0,2025-06-30 23:19:04
a037b9,DAL653  ,United States,1751325543.0,1751325544,-95.1995,36.3486,10370.82,False,222.93,287.18,0.0,,10988.04,2277,False,0,2025-06-30 23:19:04
ab8d76,ASH6014 ,United States,1751325543.0,1751325543,-89.2025,35.1791,7353.3,False,209.91,237.21,5.53,,7787.64,5654,False,0,2025-06-30 23:19:04
a980da,N711MC  ,United States,1751325543.0,1751325543,-115.3938,35.9595,4107.18,False,165.9,29.74,-7.15,,4328.16,4617,False,0,2025-06-30 23:19:04
ab31c1,N820KE  ,United States,1751325540.0,1751325543,-122.8563,48.5684,502.92,False,61.18,47.73,0.0,,502.92,,False,0,2025-06-30 23:19:04
acb4c1,DAL1962 ,United States,1751325544.0,1751325544,-84.2839,33.629,830.58,False,86.98,297.47,0.65,,861.06,4631,False,0,2025-06-30 23:19:04
abdd63,SKW5535 ,United States,1751325345.0,1751325370,-120.7452,43.3687,7833.36,False,198.26,171.34,5.85,,8252.46,,False,0,2025-06-30 23:19:04
ac64cf,UAL1028 ,United States,1751325486.0,1751325516,-97.2711,26.1823,10988.04,False,235.6,209.14,0.0,,11696.7,0503,False,0,2025-06-30 23:19:04
abdd4a,SWA4712 ,United States,1751325544.0,1751325544,-115.0651,33.9414,11277.6,False,250.3,67.65,-0.33,,11917.68,2052,False,0,2025-06-30 23:19:04
ad1d3d,AAL2242 ,United States,1751325544.0,1751325544,-86.0821,35.6225,11582.4,False,237.57,254.04,-0.33,,12268.2,4162,False,0,2025-06-30 23:19:04
aaaa4a,SWA786  ,United States,1751325543.0,1751325543,-99.0738,30.3641,9509.76,False,225.34,269.48,5.85,,10104.12,2547,False,0,2025-06-30 23:19:04
a43bd1,N372GB  ,United States,1751325532.0,1751325532,-81.4353,40.9176,,True,0.0,135.0,,,,,False,0,2025-06-30 23:19:04
aabd7f,UAL990  ,United States,1751325543.0,1751325543,-115.6932,46.8017,10668.0,False,265.69,34.43,0.0,,11178.54,,False,0,2025-06-30 23:19:04
abca36,EJA859  ,United States,1751325544.0,1751325544,-76.9592,39.3214,4587.24,False,218.44,106.56,0.33,,4785.36,3672,False,0,2025-06-30 23:19:04
a80bf0,N6176G  ,United States,1751325542.0,1751325543,-80.1675,25.5768,632.46,False,38.84,191.46,2.28,,670.56,,False,0,2025-06-30 23:19:04
a7b88d,MTU97   ,United States,1751325484.0,1751325484,-86.5551,35.2562,1501.14,False,65.68,11.75,-0.98,,1554.48,5513,False,0,2025-06-30 23:19:04
0aca5f,AVA200  ,Colombia,1751325515.0,1751325515,-77.3798,25.9933,11041.38,False,238.34,13.23,2.93,,11574.78,,False,0,2025-06-30 23:19:04
ad2efa,DAL1783 ,United States,1751325543.0,1751325543,-86.5035,36.87,11277.6,False,225.69,191.44,0.0,,11940.54,2550,False,0,2025-06-30 23:19:04
c050c5,ACA377  ,Canada,1751325525.0,1751325544,-73.7502,45.4662,,True,8.23,357.19,,,,,False,0,2025-06-30 23:19:04
c050c0,ACA1282 ,Canada,1751325543.0,1751325543,-79.5407,43.7142,541.02,False,79.33,226.58,-4.23,,487.68,6730,False,0,2025-06-30 23:19:04
ac523c,UAL1990 ,United States,1751325543.0,1751325544,-94.435,32.0485,10058.4,False,251.22,41.1,0.0,,10660.38,7441,False,0,2025-06-30 23:19:04
ac789b,SWA218  ,United States,1751325543.0,1751325543,-89.0813,34.9654,11582.4,False,219.63,209.93,-0.33,,12252.96,3177,False,0,2025-06-30 23:19:04
acc86f,CXK148  ,United States,1751325364.0,1751325364,-88.5461,42.6652,731.52,False,41.78,184.24,-0.98,,708.66,1200,False,0,2025-06-30 23:19:04
a1a7a2,N2055E  ,United States,1751325544.0,1751325544,-80.4695,34.9086,861.06,False,21.42,155.9,-0.33,,883.92,,False,0,2025-06-30 23:19:04
a157d9,RTY186  ,United States,1751325543.0,1751325543,-105.0172,40.4619,1440.18,False,35.65,159.73,-1.3,,1508.76,,False,0,2025-06-30 23:19:04
a6cbdd,EJA537  ,United States,1751325543.0,1751325543,-95.6153,38.2332,13106.4,False,196.76,267.15,0.0,,13716.0,1533,False,0,2025-06-30 23:19:04
a3729a,LXJ321  ,United States,1751325534.0,1751325534,-122.218,47.4964,,True,0.0,351.56,,,,,False,0,2025-06-30 23:19:04
a2529e,N249ND  ,United States,1751325543.0,1751325544,-70.9247,43.2205,1371.6,False,48.83,221.58,-0.98,,1409.7,,False,0,2025-06-30 23:19:04
a98219,DAL2240 ,United States,1751325543.0,1751325544,-105.393,31.2471,11277.6,False,240.97,127.02,0.0,,11940.54,0732,False,0,2025-06-30 23:19:04
c063eb,WJA431  ,Canada,1751325544.0,1751325544,-89.4913,48.7899,10972.8,False,227.51,302.25,0.0,,11193.78,,False,0,2025-06-30 23:19:04
a74277,N567RW  ,United States,1751325543.0,1751325543,-96.0039,32.1341,4846.32,False,183.72,314.21,-9.1,,5143.5,6211,False,0,2025-06-30 23:19:04
a9e526,N737BA  ,United States,1751325543.0,1751325543,-80.3341,26.3315,579.12,False,49.65,10.15,0.0,,594.36,,False,0,2025-06-30 23:19:04
a7ebe8,N6096R  ,United States,1751325537.0,1751325537,-117.6587,33.96,358.14,False,41.41,206.57,3.25,,289.56,,False,0,2025-06-30 23:19:04
a1a7de,N20565  ,United States,1751325543.0,1751325544,-69.2237,43.9958,723.9,False,45.13,226.85,-1.3,,716.28,,False,0,2025-06-30 23:19:04
a63563,N5BM    ,United States,1751325542.0,1751325543,-117.0743,32.7883,548.64,False,41.89,294.68,-3.58,,495.3,,False,0,2025-06-30 23:19:04
a1dd2d,RPA5724 ,United States,1751325447.0,1751325447,-73.8782,40.7793,,True,3.86,33.75,,,,,False,0,2025-06-30 23:19:04
a3c259,EDV5322 ,United States,1751325543.0,1751325543,-77.1118,38.7423,1668.78,False,132.89,272.88,10.73,,1744.98,4602,False,0,2025-06-30 23:19:04
a18d65,N2AV    ,United States,1751325543.0,1751325543,-122.5972,45.0664,3634.74,False,58.97,317.12,5.53,,3802.38,,False,0,2025-06-30 23:19:04
a144e1,N181FA  ,United States,1751325543.0,1751325543,-78.2462,35.8951,1104.9,False,37.73,154.13,-2.93,,1135.38,0055,False,0,2025-06-30 23:19:04
a06d6b,N12679  ,United States,1751325543.0,1751325543,-80.4024,25.6557,,False,42.12,81.57,2.28,,182.88,,False,0,2025-06-30 23:19:04
ab329e,UAL301  ,United States,1751325543.0,1751325543,-104.3998,34.5967,10980.42,False,233.06,323.89,0.0,,11605.26,2047,False,0,2025-06-30 23:19:04
a9f821,N741VE  ,United States,1751325543.0,1751325543,-98.8176,33.2117,8557.26,False,235.21,293.59,0.33,,9083.04,2241,False,0,2025-06-30 23:19:04
a74224,JIA5145 ,United States,1751325544.0,1751325544,-93.3529,36.7641,10668.0,False,246.21,35.22,0.65,,11292.84,2324,False,0,2025-06-30 23:19:04
a67bd3,DAL7    ,United States,1751325543.0,1751325544,-119.266,34.053,4297.68,False,216.9,313.27,8.78,,4472.94,,False,0,2025-06-30 23:19:04
a8d83f,N66913  ,United States,1751325544.0,1751325544,-94.2283,35.8772,2712.72,False,84.16,184.91,0.98,,2842.26,1557,False,0,2025-06-30 23:19:04
acb59c,AAL1564 ,United States,1751325544.0,1751325544,-88.5846,42.1112,4625.34,False,190.55,287.11,13.0,,4777.74,7310,False,0,2025-06-30 23:19:04
a0aa2b,AAL1635 ,United States,1751325544.0,1751325544,-95.5735,30.1862,3025.14,False,148.66,140.19,-6.83,,3200.4,2375,False,0,2025-06-30 23:19:04
a5157b,N42689  ,United States,1751325543.0,1751325543,-93.24,44.5812,1158.24,False,54.3,318.46,0.0,,1143.0,,False,0,2025-06-30 23:19:04
a43d09,UPS9787 ,United States,1751325543.0,1751325543,-85.3918,32.5261,11590.02,False,238.4,329.67,0.0,,12275.82,4572,False,0,2025-06-30 23:19:04
a0aa1b,UCA4977 ,United States,1751325544.0,1751325544,-77.4935,42.3349,7848.6,False,232.92,39.17,-7.15,,8244.84,3705,False,0,2025-06-30 23:19:04
a3c274,EJA341  ,United States,1751325543.0,1751325544,-89.4493,45.313,4297.68,False,173.48,340.06,-10.73,,4351.02,7243,False,0,2025-06-30 23:19:04
a264a4,SWA1670 ,United States,1751325544.0,1751325544,-87.2982,35.5863,11582.4,False,229.83,256.27,0.33,,12252.96,0605,False,0,2025-06-30 23:19:04
8991e6,SJX032  ,Taiwan,1751325543.0,1751325544,-122.7718,47.9513,4457.7,False,163.7,147.71,-5.2,,4648.2,6224,False,0,2025-06-30 23:19:04
a8886d,UAL748  ,United States,1751325543.0,1751325543,-71.3106,42.2109,10668.0,False,246.76,46.86,0.0,,11224.26,3756,False,0,2025-06-30 23:19:04
aa1219,AAL3249 ,United States,1751325543.0,1751325543,-94.2671,41.4142,7620.0,False,262.25,86.85,8.45,,7940.04,,False,0,2025-06-30 23:19:04
a397ab,N330VA  ,United States,1751325542.0,1751325543,-94.8634,38.4516,1813.56,False,59.24,357.01,0.0,,1851.66,,False,0,2025-06-30 23:19:04
a62265,N4948A  ,United States,1751325543.0,1751325543,-123.2419,44.7294,2377.44,False,94.88,7.16,-0.98,,2484.12,1200,False,0,2025-06-30 23:19:04
a9f818,AAL2717 ,United States,1751325543.0,1751325543,-89.026,42.6332,11277.6,False,254.23,116.82,0.0,,11772.9,5620,False,0,2025-06-30 23:19:04
ad727d,AAL448R ,United States,1751325541.0,1751325542,-107.0017,31.9321,11277.6,False,245.39,100.51,0.33,,11940.54,,False,0,2025-06-30 23:19:04
aa6ba6,SWA1450 ,United States,1751325543.0,1751325543,-95.7587,32.6581,7345.68,False,239.5,94.68,7.8,,7780.02,3653,False,0,2025-06-30 23:19:04
a7fed3,JIA5429 ,United States,1751325543.0,1751325543,-84.7564,32.6828,10668.0,False,239.98,210.96,-0.33,,11330.94,3506,False,0,2025-06-30 23:19:04
ad9811,AAL1595 ,United States,1751325493.0,1751325499,-112.2978,37.6907,10050.78,False,236.09,58.91,0.0,,10607.04,7370,False,0,2025-06-30 23:19:04
0d07b3,VOI1823 ,Mexico,1751325275.0,1751325275,-114.3766,30.6006,11887.2,False,234.63,131.8,-0.33,,12588.24,3316,False,0,2025-06-30 23:19:04
a9d284,ASA397  ,United States,1751325543.0,1751325543,-85.9006,30.4097,10363.2,False,239.68,266.43,0.33,,10980.42,1614,False,0,2025-06-30 23:19:04
a384f2,DAL2329 ,United States,1751325543.0,1751325544,-78.7711,34.9134,10881.36,False,243.87,206.84,2.6,,11498.58,3165,False,0,2025-06-30 23:19:04
a2a1a5,ENY4087 ,United States,1751325543.0,1751325543,-85.3416,35.9211,10363.2,False,228.72,267.03,0.0,,10988.04,3143,False,0,2025-06-30 23:19:04
ab8ba5,WWI84   ,United States,1751325539.0,1751325543,-110.4286,37.4301,10668.0,False,240.29,71.91,0.0,,11224.26,1055,False,0,2025-06-30 23:19:04
a42a15,XSR368  ,United States,1751325544.0,1751325544,-79.2911,42.3783,7231.38,False,154.59,230.54,3.58,,7581.9,7427,False,0,2025-06-30 23:19:04
ade812,CAP132  ,United States,1751325544.0,1751325544,-86.9417,34.7854,914.4,False,55.6,22.29,1.3,,922.02,,False,0,2025-06-30 23:19:04
a754b5,UAL618  ,United States,1751325544.0,1751325544,-73.697,42.9985,4884.42,False,185.18,197.13,0.0,,5082.54,1520,False,0,2025-06-30 23:19:04
ad2ea4,AAL1568 ,United States,1751325397.0,1751325397,-97.6706,30.2009,,True,7.72,90.0,,,,0276,False,0,2025-06-30 23:19:04
ad2ea1,ASA507  ,United States,1751325544.0,1751325544,-86.884,34.8116,10363.2,False,237.72,275.46,0.0,,10988.04,3566,False,0,2025-06-30 23:19:04
a18d6b,N2BA    ,United States,1751325327.0,1751325338,-81.7169,28.7817,175.26,False,36.88,67.01,-2.93,,213.36,,False,0,2025-06-30 23:19:04
a3d4ed,AAL1253 ,United States,1751325543.0,1751325543,-113.6317,39.0257,10972.8,False,229.24,253.84,0.0,,11559.54,1013,False,0,2025-06-30 23:19:04
ab586f,AAL3119 ,United States,1751325535.0,1751325540,-83.9904,35.8076,,True,0.0,210.94,,,,5710,False,0,2025-06-30 23:19:04
a30a7b,N2950X  ,United States,1751325543.0,1751325543,-74.9905,40.6518,426.72,False,47.13,126.12,0.33,,441.96,,False,0,2025-06-30 23:19:04
a42a5c,DAL1060 ,United States,1751325508.0,1751325515,-97.665,30.2003,,True,0.0,78.75,,,,4661,False,0,2025-06-30 23:19:04
a7a59f,JBU1252 ,United States,1751325544.0,1751325544,-73.391,40.5496,5021.58,False,190.59,15.5,-10.08,,5311.14,3565,False,0,2025-06-30 23:19:04
ac786a,WUP902  ,United States,1751325544.0,1751325544,-107.1676,40.2973,12496.8,False,273.43,97.46,0.0,,13114.02,,False,0,2025-06-30 23:19:04
abeeea,SWA2115 ,United States,1751325543.0,1751325543,-104.6856,38.8885,2217.42,False,89.0,179.67,-5.2,,2362.2,,False,0,2025-06-30 23:19:04
a9f87d,RPA3602 ,United States,1751325544.0,1751325544,-77.4549,38.9362,,True,3.6,151.88,,,,,False,0,2025-06-30 23:19:04
ad720d,N9657G  ,United States,1751325543.0,1751325543,-74.453,39.3624,434.34,False,37.73,244.13,0.0,,419.1,,False,0,2025-06-30 23:19:04
aba891,AAL2194 ,United States,1751325543.0,1751325543,-79.8771,25.9186,3459.48,False,180.51,49.04,6.83,,3649.98,,False,0,2025-06-30 23:19:04
a2b4ea,UAL1194 ,United States,1751325544.0,1751325544,-77.267,34.8599,10972.8,False,242.91,197.63,0.33,,11597.64,3707,False,0,2025-06-30 23:19:04
a371c9,N3208J  ,United States,1751325544.0,1751325544,-122.5435,45.7106,1371.6,False,42.95,136.94,-2.28,,1409.7,,False,0,2025-06-30 23:19:04
c0517e,WJA281  ,Canada,1751325544.0,1751325544,-78.4548,44.2155,5227.32,False,155.61,241.57,-9.1,,5433.06,3135,False,0,2025-06-30 23:19:04
aa127e,RPA3303 ,United States,1751325544.0,1751325544,-89.2766,43.008,784.86,False,78.28,267.36,-0.33,,762.0,6071,False,0,2025-06-30 23:19:04
a42a37,EDV5053 ,United States,1751325374.0,1751325374,-83.3598,42.2351,312.42,False,70.45,208.81,-2.28,,251.46,,False,0,2025-06-30 23:19:04
a1cdd8,UAL2641 ,United States,1751325532.0,1751325532,-74.1865,40.6847,,True,0.0,222.19,,,,,False,0,2025-06-30 23:19:04
a1110b,N168SW  ,United States,1751325543.0,1751325544,-112.0579,33.7271,2453.64,False,135.51,322.87,14.96,,2567.94,0737,False,0,2025-06-30 23:19:04
a2edb4,SWA4247 ,United States,1751325544.0,1751325544,-90.1471,38.6441,1074.42,False,108.59,282.59,0.0,,1089.66,2751,False,0,2025-06-30 23:19:04
a3b414,FFT2443 ,United States,1751325544.0,1751325544,-95.6322,35.7162,10980.42,False,227.86,320.96,0.65,,11628.12,6225,False,0,2025-06-30 23:19:04
a9c2de,SKW6536 ,United States,1751325544.0,1751325544,-90.498,41.7994,8534.4,False,204.09,264.65,0.65,,8900.16,5614,False,0,2025-06-30 23:19:04
a17dce,ELZ9    ,United States,1751325518.0,1751325518,-117.8651,33.6817,45.72,False,66.51,208.15,-1.63,,22.86,,False,0,2025-06-30 23:19:04
a3b41a,LXJ338  ,United States,1751325459.0,1751325459,-89.7942,34.9476,906.78,False,129.08,64.25,0.0,,937.26,3245,False,0,2025-06-30 23:19:04
a0ade2,AAL2885 ,United States,1751325544.0,1751325544,-115.3735,32.7522,8001.0,False,254.75,88.38,3.9,,8473.44,,False,0,2025-06-30 23:19:04
ab1203,AAL1888 ,United States,1751325543.0,1751325543,-80.1098,34.6016,7094.22,False,230.15,67.39,-5.2,,7520.94,6414,False,0,2025-06-30 23:19:04
a77b76,AAL1031 ,United States,1751325544.0,1751325544,-95.2406,36.0782,10965.18,False,224.33,295.98,0.0,,11612.88,5725,False,0,2025-06-30 23:19:04
ac583f,DAL919  ,United States,1751325543.0,1751325544,-84.5575,34.106,4404.36,False,204.98,355.11,8.13,,4625.34,3120,False,0,2025-06-30 23:19:04
a8fe5d,NKS2662 ,United States,1751325543.0,1751325543,-82.8001,39.9874,586.74,False,75.32,274.31,-3.25,,563.88,2032,False,0,2025-06-30 23:19:04
ab252d,WUP817  ,United States,1751325544.0,1751325544,-74.0015,40.0892,891.54,False,115.31,145.18,8.78,,899.16,,False,0,2025-06-30 23:19:04
a972d3,FFT71   ,United States,1751325527.0,1751325527,-101.0745,36.5797,10355.58,False,242.99,326.31,0.33,,10942.32,6161,False,0,2025-06-30 23:19:04
ab1210,PRY01   ,United States,1751325543.0,1751325543,-94.2048,30.1478,8237.22,False,125.56,33.3,0.0,,8755.38,4023,False,0,2025-06-30 23:19:04
a91e92,N687PW  ,United States,1751325543.0,1751325543,-93.8021,37.429,2118.36,False,89.21,59.89,-0.33,,2194.56,,False,0,2025-06-30 23:19:04
71c308,AAR212  ,Republic of Korea,1751325544.0,1751325544,-122.1591,37.4507,1882.14,False,118.06,31.82,-4.55,,1920.24,7306,False,0,2025-06-30 23:19:04
ad7828,SWA2736 ,United States,1751325344.0,1751325344,-107.5749,40.201,10972.8,False,221.62,277.6,0.0,,11567.16,2754,False,0,2025-06-30 23:19:04
a9d5e7,UAL2394 ,United States,1751325425.0,1751325428,-87.8881,42.0028,281.94,False,81.28,270.0,-4.55,,236.22,3403,False,0,2025-06-30 23:19:04
a9d5e4,UAL2142 ,United States,1751325543.0,1751325544,-87.8354,36.2995,6362.7,False,223.67,266.57,8.13,,6705.6,1547,False,0,2025-06-30 23:19:04
a9e8fc,N738CG  ,United States,1751325544.0,1751325544,-70.9375,42.6088,274.32,False,27.95,186.34,-2.6,,243.84,,False,0,2025-06-30 23:19:04
ab120b,DAL299  ,United States,1751325544.0,1751325544,-92.9704,44.8873,1356.36,False,137.13,119.93,-3.58,,1371.6,,False,0,2025-06-30 23:19:04
a6ab62,N529LL  ,United States,1751325543.0,1751325544,-84.4407,33.7304,3131.82,False,128.1,90.0,-8.45,,3276.6,2420,False,0,2025-06-30 23:19:04
a2579f,N250BH  ,United States,1751325543.0,1751325544,-84.1545,35.0737,5570.22,False,199.19,178.22,-9.43,,5859.78,7365,False,0,2025-06-30 23:19:04
a1245e,AMX636  ,United States,1751325544.0,1751325544,-89.1723,36.2766,11277.6,False,250.77,49.74,0.0,,11948.16,4244,False,0,2025-06-30 23:19:04
a24450,N245TW  ,United States,1751325543.0,1751325544,-93.5984,44.6718,762.0,False,50.88,335.51,-0.33,,746.76,,False,0,2025-06-30 23:19:04
a9e8cf,N738AM  ,United States,1751325543.0,1751325544,-117.1136,33.8542,1729.74,False,67.42,181.75,0.33,,1783.08,7252,False,0,2025-06-30 23:19:04
ac9ef7,JSX108  ,United States,1751325413.0,1751325414,-115.1675,36.0862,,True,3.09,329.06,,,,4754,False,0,2025-06-30 23:19:04
a9e8db,N738AZ  ,United States,1751325543.0,1751325543,-117.1278,32.7893,457.2,False,47.56,105.69,-3.9,,403.86,,False,0,2025-06-30 23:19:04
a91e6e,NKS2190 ,United States,1751325543.0,1751325543,-88.5598,41.4147,3375.66,False,188.41,41.57,0.0,,3489.96,2656,False,0,2025-06-30 23:19:04
a29dee,ENY4139 ,United States,1751325544.0,1751325544,-95.9053,33.605,5311.14,False,197.08,237.47,-5.85,,5615.94,1767,False,0,2025-06-30 23:19:04
a37765,SKW4065 ,United States,1751325543.0,1751325543,-122.4276,47.0309,2438.4,False,137.83,30.01,-7.15,,2545.08,,False,0,2025-06-30 23:19:04
a12485,CAP4273 ,United States,1751325544.0,1751325544,-96.5111,32.734,411.48,False,54.02,90.0,0.65,,388.62,,False,0,2025-06-30 23:19:04
a59143,EJA458  ,United States,1751325539.0,1751325542,-97.4693,31.9878,2598.42,False,141.11,151.47,-10.08,,2735.58,3702,False,0,2025-06-30 23:19:04
47c98d,NBT41R  ,Norway,1751325543.0,1751325543,-114.3956,36.3843,10660.38,False,266.57,57.29,0.0,,11262.36,7751,False,0,2025-06-30 23:19:04
406b05,BAW97A  ,United Kingdom,1751325543.0,1751325543,-92.689,31.9632,10363.2,False,232.98,230.02,0.0,,10995.66,7402,False,0,2025-06-30 23:19:04
a05f31,DAL1556 ,United States,1751325544.0,1751325544,-121.7927,37.2373,960.12,False,99.16,318.79,-4.88,,952.5,3174,False,0,2025-06-30 23:19:04
a05f37,DAL711  ,United States,1751325544.0,1751325544,-93.6119,35.9474,10972.8,False,222.71,278.64,0.0,,11620.5,2506,False,0,2025-06-30 23:19:04
abbc52,SWA2870 ,United States,1751325544.0,1751325544,-86.2449,35.334,11277.6,False,236.26,132.79,0.0,,11948.16,3547,False,0,2025-06-30 23:19:04
a3514f,JBU49   ,United States,1751325543.0,1751325543,-91.2089,47.4147,10972.8,False,221.16,279.51,-0.33,,11209.02,,False,0,2025-06-30 23:19:04
a77ab6,N581MD  ,United States,1751325540.0,1751325544,-94.5489,44.92,8229.6,False,167.92,171.72,0.0,,8473.44,,False,0,2025-06-30 23:19:04
a53afb,SCU49   ,United States,1751325466.0,1751325515,-96.249,36.33,1653.54,False,41.65,197.99,0.33,,1714.5,,False,0,2025-06-30 23:19:04
acb9ed,AAL2864 ,United States,1751325543.0,1751325544,-106.4207,31.9751,10972.8,False,233.61,280.15,0.0,,11620.5,0726,False,0,2025-06-30 23:19:04
a8b722,N6604E  ,United States,1751325543.0,1751325544,-80.8221,28.4174,1066.8,False,45.33,350.86,0.0,,1127.76,1200,False,0,2025-06-30 23:19:04
a2dadf,YEL83   ,United States,1751325544.0,1751325544,-76.5574,36.7033,13716.0,False,210.17,33.42,0.0,,14348.46,2642,False,0,2025-06-30 23:19:04
a59167,SCU51   ,United States,1751325543.0,1751325543,-96.2592,36.2308,2156.46,False,68.06,176.1,-1.3,,2225.04,,False,0,2025-06-30 23:19:04
a77ae0,DAL715  ,United States,1751325543.0,1751325543,-104.9573,30.8751,10668.0,False,248.18,94.4,0.0,,11308.08,1366,False,0,2025-06-30 23:19:04
a24493,SWA871  ,United States,1751325543.0,1751325543,-98.027,30.6777,11285.22,False,248.79,67.25,0.33,,11963.4,2131,False,0,2025-06-30 23:19:04
aaf0c3,ASA1191 ,United States,1751325543.0,1751325544,-119.0392,36.4275,11582.4,False,251.65,349.52,0.0,,12192.0,7303,False,0,2025-06-30 23:19:04
c04453,WJA1582 ,Canada,1751325543.0,1751325543,-93.4427,45.5382,11277.6,False,256.33,106.8,0.0,,11590.02,,False,0,2025-06-30 23:19:04
a4c170,RPA9940 ,United States,1751325543.0,1751325544,-85.8739,40.4851,7147.56,False,216.05,25.83,7.15,,7520.94,4064,False,0,2025-06-30 23:19:04
acdc40,DAL2293 ,United States,1751325534.0,1751325542,-73.7835,40.6322,,True,0.0,8.44,,,,,False,0,2025-06-30 23:19:04
a6aaba,DAL604  ,United States,1751325543.0,1751325543,-94.1552,28.7717,9136.38,False,234.6,308.68,0.0,,9730.74,,False,0,2025-06-30 23:19:04
a6aabc,N529DV  ,United States,1751325544.0,1751325544,-122.9001,46.6714,784.86,False,128.18,275.53,-7.48,,792.48,,False,0,2025-06-30 23:19:04
a5916a,JCM458  ,United States,1751325388.0,1751325538,-81.3928,31.529,2042.16,False,130.68,169.8,-9.1,,2065.02,6132,False,0,2025-06-30 23:19:04
aaf0ce,AAL1408 ,United States,1751325544.0,1751325544,-74.572,45.0336,10965.18,False,209.53,315.2,-0.33,,11452.86,1401,False,0,2025-06-30 23:19:04
a3a110,N333BC  ,United States,1751325543.0,1751325543,-83.4363,38.6273,3055.62,False,74.27,254.33,0.0,,3177.54,,False,0,2025-06-30 23:19:04
aaf0ca,SCPR446 ,United States,1751325536.0,1751325536,-116.821,47.7479,822.96,False,56.0,308.66,-2.93,,830.58,,False,0,2025-06-30 23:19:04
a3c775,UAL2172 ,United States,1751325544.0,1751325544,-102.2307,46.6768,10972.8,False,209.13,296.44,0.0,,11407.14,1366,False,0,2025-06-30 23:19:04
a0af44,EJA143  ,United States,1751325544.0,1751325544,-108.1161,39.5465,13098.78,False,248.19,238.65,-0.33,,13769.34,1146,False,0,2025-06-30 23:19:04
ad63f7,DAL1683 ,United States,1751325543.0,1751325543,-84.7886,33.9026,3939.54,False,172.08,134.15,0.0,,4145.28,3573,False,0,2025-06-30 23:19:04
a73410,SWA2674 ,United States,1751325543.0,1751325543,-104.584,40.1363,2110.74,False,127.59,270.46,-3.58,,2240.28,7342,False,0,2025-06-30 23:19:04
abbc75,SWA528  ,United States,1751325544.0,1751325544,-96.5182,32.6303,2240.28,False,147.84,327.36,-9.75,,2362.2,7001,False,0,2025-06-30 23:19:04
a04c50,N1180N  ,United States,1751325543.0,1751325543,-80.5944,28.0866,876.3,False,45.19,157.23,0.0,,944.88,1200,False,0,2025-06-30 23:19:04
a3a138,N333CT  ,United States,1751325543.0,1751325543,-112.0303,41.1743,1485.9,False,44.56,126.08,-2.28,,1516.38,,False,0,2025-06-30 23:19:04
c0440e,ACA745  ,Canada,1751325544.0,1751325544,-82.5206,43.9785,9144.0,False,210.97,268.74,2.28,,9578.34,6335,False,0,2025-06-30 23:19:04
a61457,N491FL  ,United States,1751324774.0,1751325453,-77.4277,35.9302,883.92,False,40.76,184.34,0.0,,883.92,,False,0,2025-06-30 23:19:04
406b12,TOM727  ,United Kingdom,1751325294.0,1751325312,-77.1166,25.1334,11879.58,False,259.28,53.47,0.33,,12473.94,,False,0,2025-06-30 23:19:04
a4e6a1,N4149T  ,United States,1751325544.0,1751325544,-88.2972,40.0395,457.2,False,49.41,194.47,-0.33,,411.48,,False,0,2025-06-30 23:19:04
aaaf07,N788JA  ,United States,1751325423.0,1751325423,-81.5685,28.6887,152.4,False,37.85,328.9,-2.93,,175.26,,False,0,2025-06-30 23:19:04
a1cf6b,JBU188  ,United States,1751325544.0,1751325544,-92.9253,42.1752,10668.0,False,274.65,81.49,0.0,,11109.96,6751,False,0,2025-06-30 23:19:04
aaf18d,N804JM  ,United States,1751325544.0,1751325544,-105.3707,40.8591,11864.34,False,238.79,61.01,0.33,,12481.56,,False,0,2025-06-30 23:19:04
a639c0,N50YC   ,United States,1751325543.0,1751325544,-94.8919,38.7877,495.3,False,67.4,0.87,-3.9,,487.68,,False,0,2025-06-30 23:19:04
adb476,AAL2676 ,United States,1751325544.0,1751325544,-86.3206,33.0421,10058.4,False,234.61,57.36,-0.33,,10683.24,1605,False,0,2025-06-30 23:19:04
a243d2,AAY104  ,United States,1751325543.0,1751325543,-114.0581,35.8934,6774.18,False,218.65,90.54,6.83,,7185.66,,False,0,2025-06-30 23:19:04
a230a0,AIP640  ,United States,1751325543.0,1751325543,-111.931,40.9688,3947.16,False,91.67,45.45,9.1,,4183.38,5516,False,0,2025-06-30 23:19:04
ada141,N9779H  ,United States,1751325544.0,1751325544,-83.755,38.2981,2301.24,False,65.18,11.84,0.33,,2354.58,,False,0,2025-06-30 23:19:04
a4f9e5,N42GJ   ,United States,1751325540.0,1751325543,-72.4089,41.0083,1104.9,False,134.11,301.19,8.13,,1143.0,,False,0,2025-06-30 23:19:04
a639cf,DLX50   ,United States,1751325543.0,1751325543,-120.0103,34.311,2415.54,False,129.52,211.35,3.25,,2484.12,,False,0,2025-06-30 23:19:04
ab49d4,N8262S  ,United States,1751325543.0,1751325543,-89.0154,42.9242,1089.66,False,34.07,14.88,-1.3,,1066.8,,False,0,2025-06-30 23:19:04
a496a9,N395PH  ,United States,1751325541.0,1751325542,-91.3605,40.1126,7315.2,False,145.5,10.59,0.65,,7665.72,2140,False,0,2025-06-30 23:19:04
a389eb,AAL833  ,United States,1751325543.0,1751325543,-80.4017,25.2968,4282.44,False,202.53,209.69,7.15,,4526.28,,False,0,2025-06-30 23:19:04
a4e6c0,AAL1105 ,United States,1751325543.0,1751325543,-81.1292,35.0537,3192.78,False,140.48,46.78,-0.98,,3352.8,6433,False,0,2025-06-30 23:19:04
a8a478,QXE2091 ,United States,1751325539.0,1751325542,-118.3973,33.9526,83.82,False,64.32,262.65,-3.58,,38.1,6615,False,0,2025-06-30 23:19:04
ab6c01,FDY408  ,United States,1751325542.0,1751325542,-96.3423,33.4003,1836.42,False,72.46,222.41,0.0,,1912.62,1567,False,0,2025-06-30 23:19:04
ab6c08,DAL130  ,United States,1751325544.0,1751325544,-72.5279,39.9969,9448.8,False,252.87,55.28,0.0,,9997.44,5616,False,0,2025-06-30 23:19:04
a05f95,RPA4697 ,United States,1751325544.0,1751325544,-74.207,39.6407,5273.04,False,212.04,40.38,-13.33,,5554.98,4003,False,0,2025-06-30 23:19:04
a04c67,CSB7598 ,United States,1751325532.0,1751325541,-78.0365,32.2424,11582.4,False,244.22,290.73,0.0,,12184.38,,False,0,2025-06-30 23:19:04
a123bf,UAL1151 ,United States,1751325543.0,1751325543,-92.4125,42.8331,10675.62,False,263.95,111.61,0.0,,11079.48,1774,False,0,2025-06-30 23:19:04
a1cf48,JBU1023 ,United States,1751325543.0,1751325544,-83.6548,43.9501,10363.2,False,212.67,267.5,0.0,,10858.5,6664,False,0,2025-06-30 23:19:04
a3fc47,N356ND  ,United States,1751325340.0,1751325340,-119.9693,34.5698,2286.0,False,51.06,102.22,-0.98,,2354.58,,False,0,2025-06-30 23:19:04
a28c23,SWA3818 ,United States,1751325543.0,1751325543,-96.3554,32.7303,11582.4,False,228.94,207.43,0.0,,12291.06,0653,False,0,2025-06-30 23:19:04
acef18,SWA3543 ,United States,1751325539.0,1751325540,-122.2131,37.7029,,True,0.0,213.75,,,,,False,0,2025-06-30 23:19:04
ab6c26,AAL2449 ,United States,1751325544.0,1751325544,-96.7905,32.7,3063.24,False,176.96,78.43,-0.65,,3215.64,0531,False,0,2025-06-30 23:19:04
a01805,RPA9934 ,United States,1751325543.0,1751325543,-83.4693,42.0282,2941.32,False,155.19,172.38,15.61,,3025.14,,False,0,2025-06-30 23:19:04
a41c56,DAL605  ,United States,1751325544.0,1751325544,-94.3322,41.1474,11269.98,False,248.61,7.61,0.0,,11780.52,1046,False,0,2025-06-30 23:19:04
a96144,SGX703  ,United States,1751325543.0,1751325543,-71.2546,42.7653,3848.1,False,178.26,315.7,12.35,,4015.74,3473,False,0,2025-06-30 23:19:04
a73487,N56307  ,United States,1751325402.0,1751325440,-73.0897,41.1741,129.54,False,37.98,245.17,-2.6,,99.06,1200,True,0,2025-06-30 23:19:04
ab23b5,DAL1169 ,United States,1751325442.0,1751325442,-84.4342,33.6358,,True,0.45,90.0,,,,,False,0,2025-06-30 23:19:04
ad0f29,SWA4624 ,United States,1751325543.0,1751325544,-87.6416,38.9063,11277.6,False,252.57,100.33,0.0,,11910.06,1114,False,0,2025-06-30 23:19:04
a9742c,VXP1101 ,United States,1751325544.0,1751325544,-72.8871,41.2581,,True,6.43,2.81,,,,5733,False,0,2025-06-30 23:19:04
a90aaa,PDT5939 ,United States,1751325517.0,1751325538,-79.8392,36.8343,4213.86,False,191.71,45.33,-9.43,,4434.84,,False,0,2025-06-30 23:19:04
ac56d9,SWA2274 ,United States,1751325544.0,1751325544,-102.8077,30.395,10668.0,False,252.07,84.85,-0.33,,11330.94,7263,False,0,2025-06-30 23:19:04
ac56ba,SWA2557 ,United States,1751325544.0,1751325544,-91.0749,36.1577,10668.0,False,241.12,116.07,-0.33,,11308.08,1472,False,0,2025-06-30 23:19:04
add9c1,N99171  ,United States,1751325507.0,1751325507,-93.2108,44.6216,365.76,False,36.13,298.02,-6.5,,358.14,,False,0,2025-06-30 23:19:04
ac9f3e,N912MT  ,United States,1751325517.0,1751325517,-122.956,45.5421,,True,0.06,16.88,,,,,False,0,2025-06-30 23:19:04
aca6a5,N914ML  ,United States,1751325543.0,1751325543,-76.657,37.1645,12192.0,False,197.77,216.01,0.0,,12847.32,4076,False,0,2025-06-30 23:19:04
a8a43a,NKS2103 ,United States,1751325539.0,1751325539,-74.1763,40.6875,,True,0.0,329.06,,,,,False,0,2025-06-30 23:19:04
ab1122,DAL2136 ,United States,1751325543.0,1751325543,-93.6871,36.908,9753.6,False,227.41,280.95,0.0,,10317.48,1661,False,0,2025-06-30 23:19:04
c055d8,JZA7712 ,Canada,1751325543.0,1751325543,-79.403,43.6276,,True,0.0,75.94,,,,,False,0,2025-06-30 23:19:04
ac4441,N89PA   ,United States,1751325256.0,1751325256,-120.9731,39.2189,1150.62,False,42.33,16.23,-1.95,,1150.62,,False,0,2025-06-30 23:19:04
a7df61,SKW4632 ,United States,1751325543.0,1751325543,-123.4471,39.7661,9189.72,False,207.89,146.0,6.5,,9585.96,,False,0,2025-06-30 23:19:04
ad7760,AAL2309 ,United States,1751325543.0,1751325543,-108.9907,37.2628,11277.6,False,236.54,58.97,-0.33,,11894.82,6776,False,0,2025-06-30 23:19:04
aaadf8,SWA2976 ,United States,1751325543.0,1751325543,-89.4065,31.2084,12496.8,False,230.05,97.84,-0.33,,13182.6,4230,False,0,2025-06-30 23:19:04
aaf10e,N804DK  ,United States,1751325543.0,1751325544,-71.1222,42.308,1828.8,False,79.31,309.47,0.0,,1889.76,0075,False,0,2025-06-30 23:19:04
c055d6,JZA7974 ,Canada,1751325544.0,1751325544,-73.6172,45.6275,906.78,False,123.43,112.29,-5.2,,914.4,7055,False,0,2025-06-30 23:19:04
a613f3,N491BL  ,United States,1751325538.0,1751325542,-85.5668,38.5158,640.08,False,44.56,58.7,-3.9,,617.22,,False,0,2025-06-30 23:19:04
39cf07,AFR174  ,France,1751325544.0,1751325544,-87.9055,31.2359,11582.4,False,258.27,217.55,0.0,,12268.2,5424,False,0,2025-06-30 23:19:04
39cf02,AFR52K  ,France,1751325542.0,1751325542,-77.4594,38.9644,83.82,False,67.4,180.87,-1.3,,60.96,2544,False,0,2025-06-30 23:19:04
ab6af0,N835AC  ,United States,1751325532.0,1751325532,-92.1933,43.4212,716.28,False,87.49,151.17,-1.95,,723.9,,False,0,2025-06-30 23:19:04
39cf04,AFR069  ,France,1751325543.0,1751325543,-104.2829,37.4077,11887.2,False,260.44,63.49,0.0,,12496.8,3417,True,0,2025-06-30 23:19:04
a6bf7c,N534CA  ,United States,1751325541.0,1751325543,-96.5232,32.4226,1059.18,False,60.27,39.81,-0.98,,1112.52,,False,0,2025-06-30 23:19:04
a9d6a5,N733ES  ,United States,1751325430.0,1751325502,-97.6255,33.0496,929.64,False,48.98,252.9,-1.95,,937.26,,False,0,2025-06-30 23:19:04
a600e4,SWA2045 ,United States,1751325419.0,1751325430,-80.9703,35.2592,403.86,False,66.52,176.01,-2.93,,403.86,2135,False,0,2025-06-30 23:19:04
c055f5,JZA7975 ,Canada,1751325544.0,1751325544,-77.5495,44.0831,6705.6,False,149.54,237.08,-0.33,,7025.64,0605,False,0,2025-06-30 23:19:04
c055f7,JZA652  ,Canada,1751325544.0,1751325544,-122.5428,46.0444,4206.24,False,139.38,9.78,7.48,,4404.36,3527,False,0,2025-06-30 23:19:04
3949f0,AFR693T ,France,1751325543.0,1751325543,-77.3839,37.4281,8839.2,False,257.98,34.36,0.0,,9380.22,3513,False,0,2025-06-30 23:19:04
acdaa5,TIV709  ,United States,1751325533.0,1751325533,-118.3597,34.1996,,True,0.0,0.0,,,,1624,False,0,2025-06-30 23:19:04
aa4c42,UAL2171 ,United States,1751325543.0,1751325543,-104.6586,39.9886,2042.16,False,102.37,180.0,0.33,,2164.08,7212,False,0,2025-06-30 23:19:04
a7cc2c,NKS2022 ,United States,1751325544.0,1751325544,-80.029,28.6361,7185.66,False,224.94,66.84,3.25,,7597.14,2603,False,0,2025-06-30 23:19:04
ac578c,SWA737  ,United States,1751325544.0,1751325544,-85.6876,37.7179,11277.6,False,246.86,12.76,0.0,,11925.3,1162,False,0,2025-06-30 23:19:04
a24515,N2451H  ,United States,1751325543.0,1751325543,-91.458,41.5589,594.36,False,56.39,211.95,0.65,,556.26,,False,0,2025-06-30 23:19:04
ab6aff,CXK1132 ,United States,1751325543.0,1751325544,-111.6697,33.314,579.12,False,48.02,315.87,5.85,,495.3,1200,False,0,2025-06-30 23:19:04
a17ecd,DAL140  ,United States,1751325543.0,1751325543,-73.7688,40.6493,,True,8.23,120.94,,,,,False,0,2025-06-30 23:19:04
a01880,,United States,1751325235.0,1751325235,-73.7869,40.655,,True,7.46,300.94,,,,,False,0,2025-06-30 23:19:04
a759eb,DAL684  ,United States,1751325531.0,1751325537,-73.7625,40.6477,,True,0.0,120.94,,,,,False,0,2025-06-30 23:19:04
a999d2,AAL100  ,United States,1751325544.0,1751325544,-71.7962,43.1878,10668.0,False,264.08,61.24,0.0,,11224.26,4052,False,0,2025-06-30 23:19:04
adb434,N982ST  ,United States,1751325534.0,1751325539,-96.8656,32.8559,220.98,False,22.34,141.55,-3.25,,198.12,,False,0,2025-06-30 23:19:04
a24529,UAL2628 ,United States,1751325543.0,1751325543,-106.0664,41.0009,10668.0,False,249.2,64.44,0.0,,11254.74,,False,0,2025-06-30 23:19:04
a24526,UAL1505 ,United States,1751325543.0,1751325543,-101.9801,41.7327,9959.34,False,243.87,72.06,2.6,,10477.5,,False,0,2025-06-30 23:19:04
ab249d,AAY2953 ,United States,1751325544.0,1751325544,-80.7394,34.6977,11277.6,False,227.87,8.57,0.0,,11940.54,1611,False,0,2025-06-30 23:19:04
adb437,SKW5710 ,United States,1751325543.0,1751325543,-95.77,30.3891,4381.5,False,165.73,139.78,-5.53,,4617.72,0160,False,0,2025-06-30 23:19:04
a29eb6,SWA659  ,United States,1751325543.0,1751325543,-98.8475,35.7372,11887.2,False,248.8,76.37,-0.33,,12550.14,,False,0,2025-06-30 23:19:04
a3b3e3,N338DS  ,United States,1751325481.0,1751325504,-80.096,33.3286,998.22,False,58.85,328.95,-0.33,,1043.94,1200,False,0,2025-06-30 23:19:04
4ca15e,EIN9PM  ,Ireland,1751325543.0,1751325544,-104.1507,40.2745,4312.92,False,175.7,251.57,-8.78,,4594.86,,False,0,2025-06-30 23:19:04
a7a9b4,N593MW  ,United States,1751325541.0,1751325542,-80.1413,34.2663,2727.96,False,88.71,14.44,0.0,,2857.5,3735,False,0,2025-06-30 23:19:04
aca788,SWA4390 ,United States,1751325350.0,1751325350,-115.1476,36.0796,,True,3.34,56.25,,,,5607,False,0,2025-06-30 23:19:04
a9618a,AAL2296 ,United States,1751325544.0,1751325544,-70.2935,43.6437,137.16,False,80.45,94.03,13.0,,114.3,,False,0,2025-06-30 23:19:04
a05ee5,N123AP  ,United States,1751325510.0,1751325512,-120.8556,37.9078,1409.7,False,63.04,153.85,3.58,,1402.08,,False,0,2025-06-30 23:19:04
ad646e,JBU733  ,United States,1751325543.0,1751325544,-72.3623,43.7309,8069.58,False,230.68,319.7,7.15,,8481.06,7002,False,0,2025-06-30 23:19:04
a7a9cd,DAL517  ,United States,1751325544.0,1751325544,-103.3499,39.5866,10972.8,False,233.67,287.16,0.0,,11536.68,6057,False,0,2025-06-30 23:19:04
ad5151,N9572L  ,United States,1751325543.0,1751325543,-121.6366,47.4507,2872.74,False,59.85,355.56,-0.33,,3002.28,1200,False,0,2025-06-30 23:19:04
a3a0ca,UAL1946 ,United States,1751325463.0,1751325463,-87.9038,41.9704,,True,11.32,90.0,,,,,False,0,2025-06-30 23:19:04
a3b529,AAL1137 ,United States,1751325544.0,1751325544,-95.2845,29.8303,10370.82,False,243.57,124.33,3.58,,11018.52,3401,False,0,2025-06-30 23:19:04
a1388c,SKW3451 ,United States,1751325543.0,1751325543,-106.4312,29.2234,10675.62,False,227.54,116.16,-0.65,,11308.08,1072,False,0,2025-06-30 23:19:04
a2eed5,OXF3274 ,United States,1751325543.0,1751325544,-111.6947,33.4688,784.86,False,39.25,349.43,-1.63,,708.66,1200,False,0,2025-06-30 23:19:04
aa5fc2,PCM7731 ,United States,1751325543.0,1751325543,-122.1017,39.9886,2933.7,False,79.73,162.73,0.0,,3063.24,,False,0,2025-06-30 23:19:04
ad790f,N9674D  ,United States,1751325543.0,1751325543,-80.675,28.3556,259.08,False,54.91,282.99,-0.33,,266.7,,False,0,2025-06-30 23:19:04
ada1de,MAL7054 ,United States,1751325544.0,1751325544,-78.1792,44.3085,6621.78,False,154.94,239.69,-7.8,,6903.72,3614,False,0,2025-06-30 23:19:04
a3fba4,FFT3281 ,United States,1751325543.0,1751325543,-95.1245,30.0072,1028.7,False,115.24,270.0,-6.18,,1097.28,1772,False,0,2025-06-30 23:19:04
acca88,AAL2355 ,United States,1751325544.0,1751325544,-77.0692,38.7098,2446.02,False,149.07,4.16,-5.85,,2560.32,1366,False,0,2025-06-30 23:19:04
a2454f,UAL1233 ,United States,1751325529.0,1751325530,-74.1603,40.6995,30.48,False,70.4,206.0,-3.58,,0.0,0652,False,0,2025-06-30 23:19:04
a23200,SWA2829 ,United States,1751325313.0,1751325313,-121.601,38.7148,99.06,False,66.89,180.88,-3.25,,38.1,7235,False,0,2025-06-30 23:19:04
ab6cb0,UAL1535 ,United States,1751325544.0,1751325544,-97.73,33.0008,10980.42,False,230.06,323.18,0.0,,11650.98,7313,False,0,2025-06-30 23:19:04
a17ef7,FDX1805 ,United States,1751325544.0,1751325544,-120.1851,38.6275,12504.42,False,228.78,170.03,0.0,,13129.26,1657,False,0,2025-06-30 23:19:04
a3c87d,N343AK  ,United States,1751325544.0,1751325544,-105.4287,43.92,7612.38,False,170.93,84.99,-5.85,,8031.48,,False,0,2025-06-30 23:19:04
a36516,FFT3163 ,United States,1751325543.0,1751325544,-117.3242,34.27,2910.84,False,124.62,150.58,0.98,,3032.76,1623,False,0,2025-06-30 23:19:04
a4c207,N4053T  ,United States,1751325255.0,1751325255,-119.1545,34.1993,106.68,False,40.67,177.83,0.65,,121.92,,False,0,2025-06-30 23:19:04
a2452c,UAL1168 ,United States,1751325543.0,1751325543,-105.2797,44.1988,9753.6,False,226.42,253.5,0.0,,10271.76,6231,False,0,2025-06-30 23:19:04
a2452a,UAL1209 ,United States,1751325543.0,1751325543,-100.5833,45.6985,10675.62,False,249.26,107.54,0.0,,11109.96,,False,0,2025-06-30 23:19:04
a37842,JBU2230 ,United States,1751325543.0,1751325543,-72.9203,42.7171,9464.04,False,245.28,98.93,-5.2,,9974.58,3101,False,0,2025-06-30 23:19:04
ab3982,AAL2662 ,United States,1751325543.0,1751325543,-90.6303,35.4716,11887.2,False,229.37,291.44,0.0,,12573.0,3312,False,0,2025-06-30 23:19:04
a8a3ce,JBU1692 ,United States,1751325327.0,1751325529,-78.0307,27.7647,10668.0,False,235.76,2.0,-0.33,,11178.54,,False,0,2025-06-30 23:19:04
abbca1,SWA2861 ,United States,1751325543.0,1751325544,-89.4303,42.5383,10363.2,False,196.54,270.9,-0.33,,10805.16,1560,False,0,2025-06-30 23:19:04
ab7fee,AAL2554 ,United States,1751325544.0,1751325544,-84.9524,37.8675,10988.04,False,230.23,291.63,-0.33,,11620.5,2377,False,0,2025-06-30 23:19:04
aaf317,N8040F  ,United States,1751325543.0,1751325543,-83.8691,32.767,457.2,False,42.7,338.07,0.33,,480.06,,False,0,2025-06-30 23:19:04
ab0001,N808EH  ,United States,1751325544.0,1751325544,-116.8637,33.0289,1165.86,False,45.55,153.15,0.65,,1165.86,,False,0,2025-06-30 23:19:04
ac9ff2,AAL1849 ,United States,1751325543.0,1751325543,-113.4779,43.2207,9753.6,False,231.34,281.28,0.33,,10256.52,,False,0,2025-06-30 23:19:04
ac3315,SWA2774 ,United States,1751325543.0,1751325544,-105.258,39.7616,5859.78,False,189.85,287.99,9.75,,6217.92,3544,False,0,2025-06-30 23:19:04
aca948,ASA818  ,United States,1751325544.0,1751325544,-73.4337,42.744,11170.92,False,247.99,90.83,-8.13,,11772.9,2251,False,0,2025-06-30 23:19:04
a9d6d0,N733GK  ,United States,1751325544.0,1751325544,-73.0011,43.7624,1371.6,False,51.42,160.11,0.33,,1394.46,,False,0,2025-06-30 23:19:04
a1bbe5,AXEL21  ,United States,1751325535.0,1751325537,-106.8468,42.2376,5699.76,False,210.01,10.02,-12.68,,6073.14,4145,False,0,2025-06-30 23:19:04
abbcc1,SWA3158 ,United States,1751325449.0,1751325455,-70.9977,42.3803,53.34,False,74.37,199.81,-3.58,,30.48,6272,False,0,2025-06-30 23:19:04
ac4660,N890LT  ,United States,1751325544.0,1751325544,-93.0983,45.3683,5501.64,False,183.11,5.97,12.35,,5638.8,4516,False,0,2025-06-30 23:19:04
aae008,N80FG   ,United States,1751325543.0,1751325543,-78.4687,35.5825,502.92,False,46.07,119.43,0.33,,495.3,1200,False,0,2025-06-30 23:19:04
adc93b,N988DV  ,United States,1751325544.0,1751325544,-100.5208,34.2744,10668.0,False,259.31,64.25,0.0,,11277.6,,False,0,2025-06-30 23:19:04
a9d6ba,N733FN  ,United States,1751325414.0,1751325419,-77.4221,38.2671,243.84,False,51.01,41.73,-2.28,,220.98,,False,0,2025-06-30 23:19:04
a35220,ENY3618 ,United States,1751325543.0,1751325543,-79.3779,46.1924,10363.2,False,195.85,275.43,0.33,,10797.54,1441,False,0,2025-06-30 23:19:04
a36553,JBU2185 ,United States,1751325544.0,1751325544,-78.7068,41.8338,7566.66,False,197.03,220.55,-5.2,,7978.14,1317,False,0,2025-06-30 23:19:04
a42ee9,DAL9951 ,United States,1751325543.0,1751325544,-83.9589,29.6129,11574.78,False,226.07,343.34,0.33,,12230.1,7275,False,0,2025-06-30 23:19:04
a9d6e0,N733HA  ,United States,1751325543.0,1751325543,-117.4526,33.2567,1097.28,False,51.66,141.87,0.33,,1074.42,,False,0,2025-06-30 23:19:04
a3c847,UAL2190 ,United States,1751325380.0,1751325380,-122.5822,45.5883,,True,8.75,118.12,,,,,False,0,2025-06-30 23:19:04
ac8ce5,AAL750  ,United States,1751325543.0,1751325543,-115.1489,36.0786,,True,7.72,95.62,,,,6663,False,0,2025-06-30 23:19:04
a47209,N386ES  ,United States,1751325544.0,1751325544,-91.5607,41.5875,868.68,False,42.73,267.93,2.28,,868.68,,False,0,2025-06-30 23:19:04
aca94b,AAL2026 ,United States,1751325544.0,1751325544,-76.2183,36.6134,11277.6,False,231.2,29.02,0.0,,11910.06,6627,False,0,2025-06-30 23:19:04
a9e9fb,N738NM  ,United States,1751325519.0,1751325532,-88.4275,42.6322,1074.42,False,53.87,28.52,-1.3,,1043.94,,False,0,2025-06-30 23:19:04
a3b50f,AAL1622 ,United States,1751325543.0,1751325543,-99.2957,36.7233,10363.2,False,215.96,231.38,0.0,,10965.18,,False,0,2025-06-30 23:19:04
a54eb3,N441DV  ,United States,1751325544.0,1751325544,-92.0936,43.856,8229.6,False,153.81,123.26,0.0,,8496.3,,False,0,2025-06-30 23:19:04
aca7f0,N9140S  ,United States,1751325387.0,1751325387,-103.1927,31.7762,1165.86,False,60.19,322.64,-3.58,,1196.34,,False,0,2025-06-30 23:19:04
acca19,,United States,1751325233.0,1751325233,-73.7759,40.6486,,True,5.14,219.38,,,,,False,0,2025-06-30 23:19:04
a8553c,NKS2560 ,United States,1751325536.0,1751325541,-84.4339,33.64,,True,0.0,180.0,,,,2441,False,0,2025-06-30 23:19:04
a65bf2,LXJ509  ,United States,1751325543.0,1751325544,-103.2795,35.3419,13716.0,False,249.11,105.33,-0.65,,14371.32,,False,0,2025-06-30 23:19:04
ac7a33,AAL2432 ,United States,1751325278.0,1751325295,-80.9693,35.2472,350.52,False,67.59,175.63,-2.93,,342.9,3161,False,0,2025-06-30 23:19:04
a61592,UAL1148 ,United States,1751325544.0,1751325544,-95.1318,41.8184,10965.18,False,200.19,260.68,-0.33,,11437.62,2461,False,0,2025-06-30 23:19:04
ad77df,N967TQ  ,United States,1751325543.0,1751325543,-68.6474,44.5559,13106.4,False,233.96,245.86,0.0,,13639.8,0773,False,0,2025-06-30 23:19:04
a3a289,N333SE  ,United States,1751325544.0,1751325544,-81.0984,29.3257,1402.08,False,81.3,353.46,-1.63,,1463.04,1200,False,0,2025-06-30 23:19:04
abbd73,SWA3204 ,United States,1751325544.0,1751325544,-94.3656,39.9781,11277.6,False,258.62,83.03,0.0,,11833.86,2004,False,0,2025-06-30 23:19:04
407f2c,BAW9CG  ,United Kingdom,1751325544.0,1751325544,-100.8341,45.2415,12192.0,False,254.7,214.3,0.0,,12649.2,,False,0,2025-06-30 23:19:04
a8feb8,SKW5476 ,United States,1751325544.0,1751325544,-102.8732,44.3416,9753.6,False,239.5,195.32,0.33,,10218.42,,False,0,2025-06-30 23:19:04
acca2c,WMU51   ,United States,1751325499.0,1751325542,-85.5146,42.0138,929.64,False,64.63,346.18,0.0,,906.78,,False,0,2025-06-30 23:19:04
abaa43,SWA1773 ,United States,1751325544.0,1751325544,-119.4203,39.4899,10393.68,False,254.32,50.42,6.18,,10881.36,3354,False,0,2025-06-30 23:19:04
ac7a52,AAL2652 ,United States,1751325543.0,1751325543,-97.0501,32.875,2811.78,False,150.46,305.54,-4.55,,2948.94,6140,False,0,2025-06-30 23:19:04
a91ed6,N687SP  ,United States,1751325544.0,1751325544,-86.5634,39.2643,944.88,False,56.16,24.92,0.0,,922.02,,False,0,2025-06-30 23:19:04
a9c506,ASA434  ,United States,1751325544.0,1751325544,-77.4575,39.0955,792.48,False,99.81,180.59,-5.53,,815.34,3304,False,0,2025-06-30 23:19:04
ad9a33,N976CT  ,United States,1751325427.0,1751325431,-84.7499,33.2925,426.72,False,40.07,318.12,-4.23,,419.1,1200,False,0,2025-06-30 23:19:04
ac7a5e,AAL403  ,United States,1751325544.0,1751325544,-86.6994,42.9489,8481.06,False,274.58,82.36,9.43,,8839.2,3275,False,0,2025-06-30 23:19:04
a7def8,EJA606  ,United States,1751325543.0,1751325543,-80.302,33.069,9410.7,False,194.47,37.48,8.78,,9966.96,0752,False,0,2025-06-30 23:19:04
ac7a65,TAI563  ,United States,1751325369.0,1751325369,-110.6101,29.8925,10668.0,False,251.14,122.88,0.0,,11300.46,3672,False,0,2025-06-30 23:19:04
a98868,NKS2406 ,United States,1751325543.0,1751325544,-86.2635,34.19,8221.98,False,230.66,331.49,0.65,,8747.76,6761,False,0,2025-06-30 23:19:04
aaf1f2,AAL1101 ,United States,1751325544.0,1751325544,-82.8205,28.6268,6461.76,False,216.26,350.83,7.8,,6819.9,3706,False,0,2025-06-30 23:19:04
ab11fb,CRE812  ,United States,1751325543.0,1751325543,-87.8626,30.472,,True,216.58,270.14,0.0,,,4174,False,0,2025-06-30 23:19:04
aa4ce2,ENY3519 ,United States,1751325328.0,1751325328,-85.528,42.1243,861.06,False,85.19,352.02,-2.93,,876.3,5325,False,0,2025-06-30 23:19:04
a377b3,N322WA  ,United States,1751325543.0,1751325543,-72.5192,41.998,1950.72,False,75.11,228.89,0.0,,2065.02,1424,False,0,2025-06-30 23:19:04
a1bd27,N2109T  ,United States,1751325457.0,1751325458,-95.7582,41.2452,403.86,False,42.2,358.6,-3.25,,411.48,,False,0,2025-06-30 23:19:04
a124b5,DAL90   ,United States,1751325543.0,1751325543,-70.1378,41.2285,10668.0,False,243.76,57.58,0.0,,11186.16,3614,False,0,2025-06-30 23:19:04
abbd8d,SWA1686 ,United States,1751325544.0,1751325544,-82.8389,37.3087,11277.6,False,241.96,70.37,0.33,,11948.16,7440,False,0,2025-06-30 23:19:04
ac7a76,N903BM  ,United States,1751325326.0,1751325326,-101.8884,34.3313,1379.22,False,55.8,354.71,-0.65,,1417.32,,False,0,2025-06-30 23:19:04
c05840,ACA843  ,Canada,1751325544.0,1751325544,-77.9265,44.4145,7399.02,False,165.97,239.86,-8.45,,7734.3,2503,False,0,2025-06-30 23:19:04
aa0653,NKS2352 ,United States,1751325543.0,1751325543,-91.6742,32.5856,9456.42,False,244.47,94.1,0.0,,10058.4,2024,False,0,2025-06-30 23:19:04
ae0a40,HEART28 ,United States,1751325389.0,1751325468,-78.8699,40.3416,6492.24,False,51.53,104.45,-0.65,,914.4,1200,False,0,2025-06-30 23:19:04
a7486a,ASA14   ,United States,1751325540.0,1751325540,-87.8003,32.5319,10668.0,False,238.2,69.26,0.0,,11308.08,6703,False,0,2025-06-30 23:19:04
a86861,N64056  ,United States,1751325544.0,1751325544,-112.2861,33.5088,640.08,False,50.06,50.42,4.55,,548.64,1200,False,0,2025-06-30 23:19:04
a6abb6,N529PV  ,United States,1751325544.0,1751325544,-83.8783,32.8273,3642.36,False,87.47,271.01,0.0,,3832.86,3106,False,0,2025-06-30 23:19:04
a7debf,NKS2119 ,United States,1751325540.0,1751325540,-80.7518,37.7136,11277.6,False,240.67,64.15,-0.33,,11948.16,5770,False,0,2025-06-30 23:19:04
c03210,ASP844  ,Canada,1751325543.0,1751325543,-79.454,43.7738,944.88,False,82.94,225.5,0.0,,914.4,1356,False,0,2025-06-30 23:19:04
a8551a,N636MA  ,United States,1751325544.0,1751325544,-71.6348,42.7149,5334.0,False,155.98,59.04,0.65,,5570.22,2712,False,0,2025-06-30 23:19:04
acca85,NKS2233 ,United States,1751325543.0,1751325543,-82.3245,27.6313,2667.0,False,148.56,304.85,-8.45,,2827.02,4756,False,0,2025-06-30 23:19:04
a7dec2,JIA5447 ,United States,1751325543.0,1751325544,-79.5436,36.7855,7924.8,False,228.99,222.72,0.33,,8374.38,3536,False,0,2025-06-30 23:19:04
a65bbc,DAL415  ,United States,1751325543.0,1751325543,-86.3357,45.3767,10668.0,False,262.55,100.39,0.0,,11064.24,6633,False,0,2025-06-30 23:19:04
a017f9,N105HC  ,United States,1751325463.0,1751325472,-87.5324,30.6882,1798.32,False,79.61,296.07,0.0,,1889.76,6270,False,0,2025-06-30 23:19:04
c0584f,ACA824  ,Canada,1751325543.0,1751325543,-79.6353,43.6908,,True,1.54,323.44,,,,2213,False,0,2025-06-30 23:19:04
a9b0ed,RPA3310 ,United States,1751325543.0,1751325543,-83.5694,39.6888,10058.4,False,260.91,80.35,0.33,,10652.76,5770,False,0,2025-06-30 23:19:04
a72213,JIA5449 ,United States,1751325543.0,1751325544,-91.3701,35.1902,9448.8,False,253.63,52.67,0.0,,10012.68,6231,False,0,2025-06-30 23:19:04
a27a2d,,United States,1751325543.0,1751325543,-106.2723,44.6601,10668.0,False,259.51,110.66,0.0,,11201.4,,False,0,2025-06-30 23:19:04
a747a8,N56849  ,United States,1751325471.0,1751325481,-84.0061,39.6855,365.76,False,42.36,65.61,-5.2,,289.56,1200,False,0,2025-06-30 23:19:04
a231ae,TRF40   ,United States,1751325543.0,1751325543,-96.0906,32.7457,1424.94,False,61.23,155.16,-0.65,,1493.52,0007,False,0,2025-06-30 23:19:04
a9b273,ASA549  ,United States,1751325544.0,1751325544,-104.9193,40.7046,10668.0,False,244.19,115.05,0.0,,11231.88,1566,False,0,2025-06-30 23:19:04
a507de,N423MG  ,United States,1751325544.0,1751325544,-80.0489,27.4325,3741.42,False,136.35,160.61,-4.23,,3985.26,3356,False,0,2025-06-30 23:19:04
a3b4c8,DAL1923 ,United States,1751325543.0,1751325543,-91.0556,45.1448,9182.1,False,248.35,106.86,4.88,,9418.32,3225,False,0,2025-06-30 23:19:04
a65d11,N509TJ  ,United States,1751325544.0,1751325544,-78.0215,42.4333,937.26,False,70.32,221.74,0.0,,929.64,5517,False,0,2025-06-30 23:19:04
ada296,AAL1541 ,United States,1751325543.0,1751325543,-115.1348,36.0804,,True,0.0,272.81,,,,,False,0,2025-06-30 23:19:04
a1aa10,UAL45   ,United States,1751325544.0,1751325544,-121.7554,38.9511,11582.4,False,246.42,232.89,0.0,,12153.9,1322,False,0,2025-06-30 23:19:04
a3b4d6,AAL1351 ,United States,1751325543.0,1751325544,-87.7142,30.9603,3314.7,False,164.02,113.67,-0.33,,3497.58,3655,False,0,2025-06-30 23:19:04
ada293,NKS2388 ,United States,1751325543.0,1751325543,-91.1369,35.5963,5090.16,False,210.41,114.56,-10.73,,5394.96,3273,False,0,2025-06-30 23:19:04
ab5a01,SCX407  ,United States,1751325542.0,1751325543,-113.8876,34.8897,10363.2,False,234.33,239.38,0.0,,10942.32,,False,0,2025-06-30 23:19:04
a6ad05,N5292K  ,United States,1751325542.0,1751325543,-88.0609,30.5993,274.32,False,34.78,240.78,1.63,,289.56,1200,False,0,2025-06-30 23:19:04
a3b4e9,LBQ783  ,United States,1751325543.0,1751325544,-83.0737,32.581,5791.2,False,132.12,155.13,0.0,,6134.1,4567,False,0,2025-06-30 23:19:04
a257f8,N250EX  ,United States,1751325543.0,1751325543,-82.9095,29.0712,8983.98,False,202.62,351.97,5.85,,9517.38,6647,False,0,2025-06-30 23:19:04
ac57d2,SWA1211 ,United States,1751325544.0,1751325544,-77.9728,34.1218,10668.0,False,229.04,1.8,0.0,,11277.6,2377,False,0,2025-06-30 23:19:04
a40a50,N36DT   ,United States,1751325543.0,1751325544,-118.3333,34.3404,2186.94,False,83.8,141.23,-2.6,,2240.28,4730,False,0,2025-06-30 23:19:04
abbd0a,SWA671  ,United States,1751325544.0,1751325544,-92.1404,34.6361,11582.4,False,222.16,235.76,0.0,,12260.58,6502,False,0,2025-06-30 23:19:04
acdd03,N928MP  ,United States,1751325543.0,1751325543,-118.3791,33.619,1287.78,False,47.67,330.95,-1.95,,1280.16,,False,0,2025-06-30 23:19:04
c030bb,ACA762  ,Canada,1751325543.0,1751325544,-81.5069,46.0596,11277.6,False,272.12,86.53,0.33,,11734.8,3337,False,0,2025-06-30 23:19:04
a1aa4e,SWA2254 ,United States,1751325543.0,1751325543,-98.5411,37.2383,11582.4,False,211.64,230.62,0.0,,12207.24,,False,0,2025-06-30 23:19:04
a27a5c,EJA259  ,United States,1751325543.0,1751325543,-112.3766,35.346,9144.0,False,237.68,270.37,0.33,,9677.4,2313,False,0,2025-06-30 23:19:04
a0191e,AAL378  ,United States,1751325543.0,1751325543,-81.0654,35.2742,2080.26,False,128.15,334.05,-7.48,,2186.94,3064,False,0,2025-06-30 23:19:04
c030eb,ACA344  ,Canada,1751325544.0,1751325544,-89.5058,48.6711,11277.6,False,247.86,102.71,0.0,,11506.2,,False,0,2025-06-30 23:19:04
a497ee,N3951Y  ,United States,1751325495.0,1751325495,-89.0399,44.7296,1089.66,False,64.79,327.32,-1.63,,1043.94,4055,False,0,2025-06-30 23:19:04
abbd2d,SWA1999 ,United States,1751325543.0,1751325543,-82.2908,36.6426,10972.8,False,237.57,315.97,0.0,,11635.74,1654,False,0,2025-06-30 23:19:04
ac31a1,AAL3311 ,United States,1751325543.0,1751325544,-93.4921,35.6736,11582.4,False,221.58,246.17,0.0,,12260.58,6251,False,0,2025-06-30 23:19:04
acdd18,NKS2098 ,United States,1751325543.0,1751325543,-118.9011,38.9204,10355.58,False,244.33,321.75,0.0,,10888.98,,False,0,2025-06-30 23:19:04
abaa0e,SWA792  ,United States,1751325544.0,1751325544,-98.4845,32.5863,9044.94,False,228.3,261.58,5.85,,9593.58,5154,False,0,2025-06-30 23:19:04
a3b4a4,MVK33   ,United States,1751325544.0,1751325544,-93.2737,44.6321,609.6,False,41.7,260.77,3.58,,563.88,,False,0,2025-06-30 23:19:04
a5e29a,ASA1297 ,United States,1751325543.0,1751325543,-122.3778,42.3721,10972.8,False,251.38,351.29,0.0,,11475.72,6012,False,0,2025-06-30 23:19:04
c030f7,ACA325  ,Canada,1751325543.0,1751325543,-74.3942,45.6849,4099.56,False,185.37,282.34,10.4,,4236.72,,False,0,2025-06-30 23:19:04
a15a6e,N1868H  ,United States,1751325543.0,1751325543,-122.1918,37.7407,358.14,False,53.29,105.11,-2.93,,312.42,5363,False,0,2025-06-30 23:19:04
a9d879,N733ZK  ,United States,1751325543.0,1751325543,-121.8203,36.6904,1005.84,False,44.82,31.87,1.95,,1005.84,,False,0,2025-06-30 23:19:04
a1bd6a,MXY707  ,United States,1751325542.0,1751325542,-88.1823,32.4203,10668.0,False,226.59,103.66,0.0,,11323.32,2015,False,0,2025-06-30 23:19:04
abbd47,SWA3304 ,United States,1751325543.0,1751325544,-116.0627,34.7437,9144.0,False,207.41,226.41,-0.65,,9639.3,5105,False,0,2025-06-30 23:19:04
a17fb5,AAY1490 ,United States,1751325543.0,1751325544,-86.3367,30.437,464.82,False,89.35,215.15,0.0,,495.3,1037,False,0,2025-06-30 23:19:04
ae1ba8,        ,United States,1751325544.0,1751325544,-104.7484,39.1692,7315.2,False,158.87,338.34,-0.65,,7741.92,,False,0,2025-06-30 23:19:04
a12611,N173TX  ,United States,1751325544.0,1751325544,-104.6973,31.3358,8526.78,False,128.61,306.87,0.0,,9029.7,2762,False,0,2025-06-30 23:19:04
ab6bdf,KSU35   ,United States,1751325477.0,1751325479,-97.6459,38.7766,373.38,False,31.9,0.0,-2.93,,388.62,,False,0,2025-06-30 23:19:04
71c516,APZ103  ,Republic of Korea,1751325543.0,1751325543,-124.1419,38.4066,11269.98,False,245.05,129.04,0.0,,11780.52,1404,False,0,2025-06-30 23:19:04
a2ca97,N2792P  ,United States,1751325364.0,1751325364,-118.237,33.8897,121.92,False,24.23,273.65,-4.88,,83.82,,False,0,2025-06-30 23:19:04
a841a7,N631CB  ,United States,1751325543.0,1751325544,-105.0709,36.6493,13106.4,False,211.71,293.64,-0.98,,13738.86,6444,False,0,2025-06-30 23:19:04
abbbae,UAL1092 ,United States,1751325543.0,1751325543,-97.9624,41.4411,10355.58,False,218.57,257.63,0.0,,10828.02,1417,False,0,2025-06-30 23:19:04
a64a73,SKW4894 ,United States,1751325543.0,1751325544,-115.1369,34.0755,10873.74,False,218.63,281.12,-5.2,,11498.58,1541,False,0,2025-06-30 23:19:04
a3c900,FFT3521 ,United States,1751325543.0,1751325543,-112.0563,35.9597,9464.04,False,209.12,255.76,-4.88,,10027.92,7361,False,0,2025-06-30 23:19:04
a471f0,N386DS  ,United States,1751325544.0,1751325544,-83.6335,40.443,929.64,False,46.48,242.3,-0.65,,906.78,,False,0,2025-06-30 23:19:04
a52a99,AAL1703 ,United States,1751325543.0,1751325543,-86.1416,33.3554,10058.4,False,237.99,67.37,0.0,,10698.48,2043,False,0,2025-06-30 23:19:04
c043cb,WJA1763 ,Canada,1751325543.0,1751325543,-121.832,46.6191,10972.8,False,244.47,346.99,0.0,,11407.14,0712,False,0,2025-06-30 23:19:04
a721d7,N559LC  ,United States,1751325543.0,1751325544,-76.3054,38.4464,1836.42,False,133.54,223.6,0.0,,1905.0,1135,False,0,2025-06-30 23:19:04
a2ca64,UAL108  ,United States,1751325543.0,1751325543,-76.5565,39.1178,7010.4,False,214.28,87.11,-0.33,,7399.02,2404,False,0,2025-06-30 23:19:04
adfba0,N641T   ,United States,1751325543.0,1751325544,-119.1414,37.0198,3840.48,False,67.01,331.07,0.0,,4030.98,,False,0,2025-06-30 23:19:04
a841b7,N631CT  ,United States,1751325532.0,1751325532,-117.0023,33.2743,769.62,False,48.33,332.07,-0.98,,762.0,,False,0,2025-06-30 23:19:04
a2efae,SWA793  ,United States,1751325543.0,1751325544,-90.7178,35.281,11582.4,False,224.39,295.1,0.0,,12252.96,1532,False,0,2025-06-30 23:19:04
a987aa,SKW4246 ,United States,1751325525.0,1751325525,-111.9762,40.7826,,True,8.23,180.0,,,,,False,0,2025-06-30 23:19:04
c069d8,WJA1624 ,Canada,1751325544.0,1751325544,-112.5335,41.2806,11887.2,False,243.33,179.76,0.0,,12489.18,,False,0,2025-06-30 23:19:04
ada227,JBU1189 ,United States,1751325543.0,1751325543,-99.8949,40.8326,10972.8,False,216.53,244.53,-0.33,,11498.58,1357,False,0,2025-06-30 23:19:04
aaf27c,UAL675  ,United States,1751325542.0,1751325544,-87.988,33.1571,10980.42,False,233.44,245.52,-0.65,,11658.6,6070,False,0,2025-06-30 23:19:04
ad526a,N958AL  ,United States,1751325543.0,1751325543,-122.5226,48.7553,541.02,False,67.41,58.74,0.0,,548.64,,False,0,2025-06-30 23:19:04
a721a4,JBU1689 ,United States,1751325543.0,1751325543,-81.0291,30.0138,9311.64,False,238.2,188.45,-10.08,,9875.52,3401,False,0,2025-06-30 23:19:04
ad526c,AAL1619 ,United States,1751325543.0,1751325543,-81.4014,35.8302,3878.58,False,161.6,151.48,-7.48,,4084.32,1106,False,0,2025-06-30 23:19:04
a04cbf,N989CW  ,United States,1751325541.0,1751325541,-85.6756,38.2229,243.84,False,37.33,240.26,2.28,,220.98,,False,0,2025-06-30 23:19:04
a64a3b,EJA504  ,United States,1751325431.0,1751325431,-113.4771,37.9936,13106.4,False,222.97,196.76,0.0,,13784.58,,False,0,2025-06-30 23:19:04
a9b292,N724BS  ,United States,1751325543.0,1751325543,-71.2717,42.1439,601.98,False,80.26,36.14,0.0,,609.6,3117,False,0,2025-06-30 23:19:04
a43ea7,UAL1412 ,United States,1751325543.0,1751325543,-76.401,37.3306,10972.8,False,246.7,214.12,0.0,,11612.88,3353,True,0,2025-06-30 23:19:04
a43ea2,UAL1681 ,United States,1751325543.0,1751325544,-84.4657,31.9729,11277.6,False,244.79,169.59,0.0,,11955.78,5321,False,0,2025-06-30 23:19:04
a01567,AAL2868 ,United States,1751325544.0,1751325544,-99.4191,30.0391,11071.86,False,248.18,38.6,-4.55,,11780.52,2650,False,0,2025-06-30 23:19:04
a37517,JBU358  ,United States,1751325529.0,1751325538,-73.7616,40.6473,,True,0.0,120.94,,,,,False,0,2025-06-30 23:19:04
a8a0c1,QXE2414 ,United States,1751325544.0,1751325544,-121.35,44.9464,6248.4,False,185.04,168.13,-8.78,,6576.06,4711,False,0,2025-06-30 23:19:04
a9d3bf,WWI73   ,United States,1751325543.0,1751325543,-98.9789,32.2085,5158.74,False,191.7,100.83,-0.33,,5455.92,5150,False,0,2025-06-30 23:19:04
a18eed,N2SM    ,United States,1751325544.0,1751325544,-114.1301,36.8034,12496.8,False,233.17,28.32,-0.33,,13190.22,7773,False,0,2025-06-30 23:19:04
a18ef7,N2SX    ,United States,1751325544.0,1751325544,-78.6191,40.336,3017.52,False,63.28,205.52,0.0,,3101.34,4510,False,0,2025-06-30 23:19:04
ad61de,SWA105  ,United States,1751325544.0,1751325544,-117.5722,34.0569,358.14,False,70.48,270.0,-2.93,,312.42,1657,False,0,2025-06-30 23:19:04
ab8fa7,KSU44   ,United States,1751325540.0,1751325540,-97.2368,38.9274,594.36,False,33.68,304.42,4.55,,609.6,,False,0,2025-06-30 23:19:04
ad8901,SKW5990 ,United States,1751325542.0,1751325542,-101.8726,46.3228,10058.4,False,209.15,11.78,0.0,,10485.12,,False,0,2025-06-30 23:19:04
ad8906,N971TA  ,United States,1751325543.0,1751325544,-118.044,33.6603,647.7,False,44.82,301.87,0.33,,601.98,,False,0,2025-06-30 23:19:04
aa4a90,SKW5573 ,United States,1751325544.0,1751325544,-87.6669,42.0026,1242.06,False,88.49,270.33,-2.6,,1249.68,1661,False,0,2025-06-30 23:19:04
a2b810,UAL2713 ,United States,1751325543.0,1751325544,-77.4349,38.8732,678.18,False,111.75,177.36,5.85,,670.56,,False,0,2025-06-30 23:19:04
a850dc,FFT2339 ,United States,1751325543.0,1751325543,-82.5258,28.0584,381.0,False,71.54,181.65,-3.25,,426.72,1132,False,0,2025-06-30 23:19:04
a5050e,SWA3826 ,United States,1751325543.0,1751325543,-85.6274,42.6553,3703.32,False,196.41,173.08,15.61,,3810.0,,False,0,2025-06-30 23:19:04
a480ef,N39FB   ,United States,1751325434.0,1751325440,-94.8914,38.7979,441.96,False,59.16,359.5,-3.9,,434.34,,False,0,2025-06-30 23:19:04
a9e6df,AAL1891 ,United States,1751325543.0,1751325543,-78.482,35.8938,1249.68,False,142.72,322.47,-3.9,,1295.4,6622,False,0,2025-06-30 23:19:04
a996e1,DAL1897 ,United States,1751325543.0,1751325543,-84.4539,38.0217,1188.72,False,141.33,355.83,-6.5,,1219.2,3330,False,0,2025-06-30 23:19:04
a24235,N2447N  ,United States,1751325543.0,1751325543,-122.384,47.7374,601.98,False,95.21,148.03,-0.98,,617.22,,False,0,2025-06-30 23:19:04
a80f87,N6185K  ,United States,1751325538.0,1751325538,-122.6317,48.4271,731.52,False,41.36,354.29,-3.25,,853.44,,False,0,2025-06-30 23:19:04
a36212,AAY2879 ,United States,1751325543.0,1751325544,-90.5349,38.1613,10660.38,False,236.98,153.99,0.0,,11292.84,3614,False,0,2025-06-30 23:19:04
a17bfe,AAY1411 ,United States,1751325544.0,1751325544,-95.2179,32.7957,10988.04,False,226.41,254.45,0.0,,11666.22,7114,False,0,2025-06-30 23:19:04
ab3639,SCX634  ,United States,1751325543.0,1751325544,-86.8827,36.1446,2506.98,False,143.77,305.68,15.61,,2606.04,5616,False,0,2025-06-30 23:19:04
a36218,ASI6248 ,United States,1751325543.0,1751325543,-111.9321,32.9943,640.08,False,44.95,354.75,0.0,,563.88,1200,False,0,2025-06-30 23:19:04
a43ec9,,United States,1751325400.0,1751325446,-100.9205,40.742,10363.2,False,216.39,257.09,0.0,,10896.6,,False,0,2025-06-30 23:19:04
a12234,N172SJ  ,United States,1751325542.0,1751325543,-74.3087,42.6107,1737.36,False,60.71,106.75,-0.33,,1722.12,,False,0,2025-06-30 23:19:04
ab2316,N8168   ,United States,1751325541.0,1751325543,-121.9192,37.353,,True,0.51,320.62,,,,,False,0,2025-06-30 23:19:04
a43ec3,UAL2215 ,United States,1751325543.0,1751325543,-82.1615,28.4299,5722.62,False,214.03,270.83,8.13,,6050.28,0223,False,0,2025-06-30 23:19:04
a2685b,SWA2702 ,United States,1751325543.0,1751325543,-90.4648,34.4777,11277.6,False,236.6,119.57,0.0,,11932.92,3256,False,0,2025-06-30 23:19:04
ad8935,AAL1402 ,United States,1751325543.0,1751325544,-83.2581,29.2462,8153.4,False,220.42,337.21,4.23,,8633.46,5775,False,0,2025-06-30 23:19:04
ab3655,UAL590  ,United States,1751325273.0,1751325319,-87.9309,41.9772,,True,0.0,270.0,,,,,False,0,2025-06-30 23:19:04
ab8fee,AAL1548 ,United States,1751325543.0,1751325543,-100.3227,44.5673,11277.6,False,251.86,99.4,0.0,,11719.56,,False,0,2025-06-30 23:19:04
abcca0,N86BJ   ,United States,1751325414.0,1751325469,-97.7514,32.9525,1249.68,False,58.95,20.97,0.98,,1272.54,,False,0,2025-06-30 23:19:04
ad1fc8,AAL1827 ,United States,1751325543.0,1751325543,-80.7778,35.6465,2278.38,False,117.86,236.03,-7.48,,2400.3,2354,False,0,2025-06-30 23:19:04
a12241,N172SX  ,United States,1751325543.0,1751325543,-117.187,33.0635,1463.04,False,52.05,317.0,-1.95,,1463.04,,False,0,2025-06-30 23:19:04
a66bc3,N5124B  ,United States,1751325543.0,1751325543,-122.9211,46.0934,2011.68,False,52.99,0.56,0.65,,2057.4,,False,0,2025-06-30 23:19:04
ab21a6,N816WM  ,United States,1751325542.0,1751325543,-88.1205,41.6967,388.62,False,36.32,164.39,0.65,,342.9,1200,False,0,2025-06-30 23:19:04
a98515,SKW3922 ,United States,1751325543.0,1751325543,-85.3979,31.5863,3352.8,False,150.35,5.3,13.0,,3528.06,,False,0,2025-06-30 23:19:04
a8c840,QXE2482 ,United States,1751325544.0,1751325544,-122.3194,47.2929,899.16,False,86.43,0.0,0.33,,929.64,7014,False,0,2025-06-30 23:19:04
a6cec4,GJS4539 ,United States,1751325543.0,1751325543,-77.4549,38.9381,,True,0.0,267.19,,,,,False,0,2025-06-30 23:19:04
a5f208,SWA2467 ,United States,1751325544.0,1751325544,-102.7705,39.2797,8740.14,False,223.39,116.68,10.08,,9220.2,,False,0,2025-06-30 23:19:04
a63897,N50LF   ,United States,1751325377.0,1751325377,-101.8277,33.6622,975.36,False,66.38,88.67,-3.58,,1036.32,3227,False,0,2025-06-30 23:19:04
a8c83b,EJA665  ,United States,1751325543.0,1751325543,-117.1013,32.7121,518.16,False,76.53,286.0,-4.23,,472.44,,False,0,2025-06-30 23:19:04
a2ebe7,N288CB  ,United States,1751325543.0,1751325543,-120.2793,34.7991,2004.06,False,43.66,124.44,2.6,,2049.78,,False,0,2025-06-30 23:19:04
a4954e,N3949X  ,United States,1751325464.0,1751325464,-116.791,44.188,3048.0,False,61.18,312.27,0.0,,3192.78,,False,0,2025-06-30 23:19:04
ac8a11,N907KC  ,United States,1751325533.0,1751325540,-95.0694,38.7519,1051.56,False,55.34,200.12,0.33,,1082.04,,False,0,2025-06-30 23:19:04
a86540,PDT5832 ,United States,1751325544.0,1751325544,-75.1713,40.1036,1836.42,False,134.28,149.11,0.0,,1912.62,4275,False,0,2025-06-30 23:19:04
ab34f3,DAL2035 ,United States,1751325544.0,1751325544,-84.5458,33.4713,3055.62,False,154.81,146.52,11.7,,3200.4,2564,False,0,2025-06-30 23:19:04
a8785b,FFT1728 ,United States,1751325535.0,1751325540,-115.136,36.0823,,True,0.0,309.38,,,,,False,0,2025-06-30 23:19:04
a43eec,UAL2073 ,United States,1751325543.0,1751325543,-77.4437,38.9409,,True,6.94,270.0,,,,,False,0,2025-06-30 23:19:04
a43eea,UAL562  ,United States,1751325543.0,1751325543,-99.7551,45.5245,11277.6,False,249.7,95.68,0.0,,11689.08,,False,0,2025-06-30 23:19:04
a92ea0,EDV5062 ,United States,1751325539.0,1751325543,-88.212,30.9402,1021.08,False,130.09,230.46,-6.18,,1074.42,7512,False,0,2025-06-30 23:19:04
ab34ea,DAL509  ,United States,1751325543.0,1751325544,-90.5154,42.4079,10363.2,False,191.04,267.53,0.0,,10797.54,4167,False,0,2025-06-30 23:19:04
a43eed,UAL1729 ,United States,1751325543.0,1751325544,-104.4755,39.7313,3870.96,False,158.56,322.65,0.33,,4099.56,2271,False,0,2025-06-30 23:19:04
a7a84a,N5928E  ,United States,1751325544.0,1751325544,-73.0675,40.8419,365.76,False,36.49,130.43,1.3,,358.14,,False,0,2025-06-30 23:19:04
a2ebbd,ASA485  ,United States,1751325544.0,1751325544,-82.6576,33.8078,9700.26,False,238.85,295.52,3.25,,10287.0,0737,False,0,2025-06-30 23:19:04
aced21,ASA1238 ,United States,1751325543.0,1751325544,-119.8419,44.5309,10972.8,False,225.22,323.08,0.0,,11468.1,,False,0,2025-06-30 23:19:04
ac9d5e,N9114Z  ,United States,1751325323.0,1751325406,-96.4519,43.6576,1470.66,False,47.51,70.39,0.98,,1516.38,,False,0,2025-06-30 23:19:04
a30bce,ASA783  ,United States,1751325544.0,1751325544,-89.0484,35.1216,10363.2,False,233.56,270.0,0.0,,11003.28,2253,False,0,2025-06-30 23:19:04
aced24,AAL1048 ,United States,1751325543.0,1751325543,-81.5549,35.335,10058.4,False,240.65,54.75,0.0,,10683.24,6247,False,0,2025-06-30 23:19:04
a3621e,AAL2485 ,United States,1751325544.0,1751325544,-99.0164,32.1597,10363.2,False,250.92,79.13,-4.88,,10995.66,4212,False,0,2025-06-30 23:19:04
ac67fc,AAL2225 ,United States,1751325543.0,1751325544,-80.9271,35.5378,1280.16,False,121.61,202.12,-6.18,,1341.12,5647,False,0,2025-06-30 23:19:04
a73220,ASA1225 ,United States,1751325543.0,1751325543,-121.989,44.886,11582.4,False,224.11,300.33,0.0,,12054.84,1767,False,0,2025-06-30 23:19:04
a74505,DAL214  ,United States,1751325540.0,1751325540,-84.4261,33.6412,,True,0.0,90.0,,,,4461,False,0,2025-06-30 23:19:04
aa6fca,SWA2807 ,United States,1751325543.0,1751325544,-118.5144,34.1097,7932.42,False,240.68,337.11,2.6,,8328.66,1374,False,0,2025-06-30 23:19:04
a55ed5,SKW5237 ,United States,1751325543.0,1751325543,-106.4529,40.4809,7833.36,False,219.25,97.01,-5.53,,8275.32,,False,0,2025-06-30 23:19:04
a3c549,FFT1113 ,United States,1751325543.0,1751325543,-97.754,36.8729,11582.4,False,226.71,286.75,0.0,,12222.48,3346,False,0,2025-06-30 23:19:04
aaad8f,SWA4382 ,United States,1751325543.0,1751325543,-121.822,37.3631,2788.92,False,130.32,141.41,11.05,,2872.74,1706,False,0,2025-06-30 23:19:04
a54bab,SWA844  ,United States,1751325449.0,1751325449,-76.6934,39.175,91.44,False,77.93,94.54,-4.55,,83.82,4132,False,0,2025-06-30 23:19:04
a3c54f,LXJ342  ,United States,1751325544.0,1751325544,-75.7382,43.3397,11887.2,False,261.09,99.87,0.0,,12496.8,7317,False,0,2025-06-30 23:19:04
a4e538,RPA4742 ,United States,1751325544.0,1751325544,-80.079,38.807,6400.8,False,213.08,358.2,0.0,,6743.7,6514,False,0,2025-06-30 23:19:04
a3d890,DAL2027 ,United States,1751325543.0,1751325543,-99.3653,43.9493,10675.62,False,245.8,75.7,-0.33,,11094.72,,False,0,2025-06-30 23:19:04
acda2c,SWA3498 ,United States,1751325543.0,1751325544,-97.5128,30.3563,1539.24,False,126.17,300.64,-4.88,,1630.68,7504,False,0,2025-06-30 23:19:04
a36279,SKW3945 ,United States,1751325544.0,1751325544,-95.3864,32.8843,10668.0,False,236.03,59.91,0.0,,11300.46,3515,False,0,2025-06-30 23:19:04
a9c0be,N7276G  ,United States,1751325543.0,1751325543,-108.7179,45.7701,2087.88,False,48.15,319.33,2.28,,2186.94,,False,0,2025-06-30 23:19:04
a517a1,SWA3711 ,United States,1751325544.0,1751325544,-84.4158,33.5336,12192.0,False,233.76,350.37,0.0,,12877.8,2513,False,0,2025-06-30 23:19:04
a16a20,AMF1545 ,United States,1751325543.0,1751325543,-70.3215,44.1854,3063.24,False,99.6,214.26,0.0,,3185.16,,False,0,2025-06-30 23:19:04
a014db,N104PF  ,United States,1751325525.0,1751325526,-88.0728,41.609,304.8,False,30.37,268.06,-3.25,,266.7,1200,False,0,2025-06-30 23:19:04
a30d18,EDV5266 ,United States,1751325543.0,1751325543,-83.9513,34.0538,3642.36,False,131.01,255.91,0.0,,3832.86,0505,False,0,2025-06-30 23:19:04
adb268,N98184  ,United States,1751325451.0,1751325483,-90.0681,38.9193,480.06,False,52.41,148.65,-2.6,,441.96,,False,0,2025-06-30 23:19:04
a027f9,N109UV  ,United States,1751325544.0,1751325544,-111.7338,40.1752,1653.54,False,53.78,345.03,0.0,,1691.64,,False,0,2025-06-30 23:19:04
a30d04,AAY457  ,United States,1751325389.0,1751325389,-111.6691,33.3127,,True,11.32,135.0,,,,,False,0,2025-06-30 23:19:04
a16a02,AAL3083 ,United States,1751325543.0,1751325543,-85.4702,32.1666,10058.4,False,238.44,110.19,0.0,,10683.24,3612,False,0,2025-06-30 23:19:04
a8c88f,UAL14   ,United States,1751325470.0,1751325470,-74.1764,40.6986,,True,0.0,39.38,,,,,False,0,2025-06-30 23:19:04
06a1ce,QQE761  ,Qatar,1751325544.0,1751325544,-106.0509,31.6693,13716.0,False,256.61,126.69,0.0,,14432.28,6765,False,0,2025-06-30 23:19:04
a8fbe8,N67807  ,United States,1751325543.0,1751325543,-121.8637,38.5995,266.7,False,36.53,89.19,-2.28,,182.88,1200,False,0,2025-06-30 23:19:04
ac429b,SWA3265 ,United States,1751325543.0,1751325543,-114.2647,36.1945,7178.04,False,208.35,89.72,5.53,,7589.52,,False,0,2025-06-30 23:19:04
a0ad1b,UAL8198 ,United States,1751325541.0,1751325542,-94.1689,29.7016,7284.72,False,221.48,97.34,6.83,,7719.06,2526,False,0,2025-06-30 23:19:04
a04a33,N118CX  ,United States,1751325544.0,1751325544,-83.3552,26.4165,11490.96,False,194.52,122.47,-7.8,,12123.42,2236,False,0,2025-06-30 23:19:04
a87898,JBU1214 ,United States,1751325544.0,1751325544,-70.5736,42.2754,1699.26,False,120.98,347.97,-6.5,,1775.46,2443,False,0,2025-06-30 23:19:04
a7dbaa,SKW5913 ,United States,1751325265.0,1751325265,-122.3869,37.6212,,True,1.29,216.56,,,,,False,0,2025-06-30 23:19:04
a4d277,N41HA   ,United States,1751325543.0,1751325543,-118.8555,34.2436,6400.8,False,139.93,151.93,0.0,,6697.98,,False,0,2025-06-30 23:19:04
ab34a7,AAL3073 ,United States,1751325542.0,1751325544,-84.7952,39.0909,1760.22,False,120.38,0.24,-9.43,,1813.56,3445,False,0,2025-06-30 23:19:04
adb29c,ASA1269 ,United States,1751325543.0,1751325543,-98.7982,39.5532,10363.2,False,213.66,287.08,0.0,,10896.6,1647,False,0,2025-06-30 23:19:04
a267fa,N254SR  ,United States,1751325543.0,1751325543,-111.9685,33.2618,655.32,False,29.26,349.88,3.9,,556.26,1200,False,0,2025-06-30 23:19:04
aa0243,N744JW  ,United States,1751325543.0,1751325543,-112.1002,38.6661,13716.0,False,248.16,174.29,-0.65,,14386.56,3170,False,0,2025-06-30 23:19:04
a2b7cd,UAL2275 ,United States,1751325540.0,1751325540,-114.8687,43.762,10058.4,False,244.88,118.07,0.0,,10568.94,6674,False,0,2025-06-30 23:19:04
a98539,DAL392  ,United States,1751325543.0,1751325543,-87.4852,37.1532,11582.4,False,214.01,244.67,0.0,,12252.96,4465,True,0,2025-06-30 23:19:04
0d04ae,SLI470  ,Mexico,1751325544.0,1751325544,-94.1394,28.8985,8839.2,False,236.57,66.28,0.0,,9395.46,6517,False,0,2025-06-30 23:19:04
aaad1b,N78710  ,United States,1751325544.0,1751325544,-83.9013,35.957,487.68,False,37.56,179.22,2.6,,487.68,,False,0,2025-06-30 23:19:04
a121be,N172MR  ,United States,1751325539.0,1751325539,-122.9036,46.4846,1920.24,False,54.19,340.02,-2.6,,1981.2,,False,0,2025-06-30 23:19:04
4cc52e,ICE9V   ,Iceland,1751325544.0,1751325544,-87.2481,42.0883,2156.46,False,147.02,201.99,0.33,,2202.18,0731,False,0,2025-06-30 23:19:04
4cc52f,ICE821  ,Iceland,1751325543.0,1751325543,-77.9546,36.2953,3703.32,False,153.28,229.63,-5.85,,3909.06,3414,False,0,2025-06-30 23:19:04
acb82e,AVA211  ,United States,1751325543.0,1751325543,-77.2324,34.4418,10363.2,False,244.56,193.63,0.0,,10972.8,6535,False,0,2025-06-30 23:19:04
4cc52b,ICE657  ,Iceland,1751325543.0,1751325543,-93.3134,45.0566,3108.96,False,167.92,141.09,-7.15,,3177.54,,False,0,2025-06-30 23:19:04
a4f7fb,CXK214  ,United States,1751325543.0,1751325543,-117.1069,33.2852,1676.4,False,42.68,74.62,1.3,,1699.26,,False,0,2025-06-30 23:19:04
a2da60,AAY1311 ,United States,1751325543.0,1751325544,-77.967,39.177,2712.72,False,158.46,19.14,-7.15,,2857.5,2620,False,0,2025-06-30 23:19:04
ac685d,SKW3612 ,United States,1751325543.0,1751325543,-90.919,42.3575,7620.0,False,245.77,74.33,0.98,,7901.94,,False,0,2025-06-30 23:19:04
a744b3,ASA1100 ,United States,1751325544.0,1751325544,-120.1905,38.6516,11887.2,False,219.99,169.9,0.33,,12466.32,1610,False,0,2025-06-30 23:19:04
a3fa60,N35543  ,United States,1751325543.0,1751325543,-97.0375,32.1884,1249.68,False,46.84,181.89,-2.28,,1310.64,,False,0,2025-06-30 23:19:04
a4e4f9,N414WJ  ,United States,1751325543.0,1751325543,-120.7105,38.539,3223.26,False,87.25,208.53,-1.3,,3329.94,,False,0,2025-06-30 23:19:04
4cc548,ICE37B  ,Iceland,1751325243.0,1751325254,-79.6368,43.6793,205.74,True,0.64,56.25,,,,2426,False,0,2025-06-30 23:19:04
4cc549,ICE43E  ,Iceland,1751325544.0,1751325544,-76.3577,38.7393,2468.88,False,139.76,265.99,-3.9,,2583.18,2550,False,0,2025-06-30 23:19:04
a494e9,UAL1379 ,United States,1751325543.0,1751325544,-77.6275,39.0746,1996.44,False,151.48,8.79,14.96,,2057.4,,False,0,2025-06-30 23:19:04
a611bb,OST49   ,United States,1751325543.0,1751325543,-95.9082,36.2279,472.44,False,48.38,315.43,3.58,,464.82,,False,0,2025-06-30 23:19:04
aaabd1,BPX787  ,United States,1751325543.0,1751325544,-81.2983,29.7801,1371.6,False,53.79,170.09,0.0,,1440.18,,False,0,2025-06-30 23:19:04
ac5544,N894MA  ,United States,1751325509.0,1751325510,-81.5749,28.6913,160.02,False,47.87,28.22,-6.18,,167.64,1200,False,0,2025-06-30 23:19:04
ab355c,JBU2876 ,United States,1751325543.0,1751325543,-75.4637,38.031,11574.78,False,238.32,215.95,0.0,,12245.34,6300,False,0,2025-06-30 23:19:04
a78d73,DAL472  ,United States,1751325543.0,1751325543,-106.3149,41.5569,10972.8,False,225.25,295.86,0.0,,11559.54,3557,False,0,2025-06-30 23:19:04
acb83b,N919BH  ,United States,1751325544.0,1751325544,-98.0788,29.8453,845.82,False,87.49,155.7,-3.25,,876.3,6060,False,0,2025-06-30 23:19:04
a2ed5a,SKW4031 ,United States,1751325544.0,1751325544,-119.6098,38.0115,10668.0,False,224.26,167.14,-0.33,,11201.4,0657,False,0,2025-06-30 23:19:04
c053b4,ASP655  ,Canada,1751325543.0,1751325543,-83.6165,33.6658,13716.0,False,196.58,1.5,0.0,,14371.32,6275,False,0,2025-06-30 23:19:04
a494c5,UAL2466 ,United States,1751325543.0,1751325543,-85.2011,43.7383,8534.4,False,217.51,192.98,0.0,,8892.54,7023,False,0,2025-06-30 23:19:04
a30d6b,SKW4130 ,United States,1751325543.0,1751325544,-95.2013,46.224,10668.0,False,251.74,119.24,0.0,,10980.42,,False,0,2025-06-30 23:19:04
a9d59f,UAL2152 ,United States,1751325543.0,1751325544,-104.658,40.0762,2042.16,False,100.32,180.29,0.65,,2164.08,,False,0,2025-06-30 23:19:04
a2b919,ASA415  ,United States,1751325437.0,1751325445,-113.6499,44.0414,10363.2,False,225.96,295.63,-0.33,,10896.6,,False,0,2025-06-30 23:19:04
a3890e,N327HP  ,United States,1751325283.0,1751325283,-84.5627,33.3512,243.84,False,44.67,308.45,-2.93,,251.46,1200,False,0,2025-06-30 23:19:04
a517dc,RPA4661 ,United States,1751325538.0,1751325543,-73.7552,45.4558,,True,0.0,154.69,,,,,False,0,2025-06-30 23:19:04
ac5569,AAL497  ,United States,1751325543.0,1751325543,-81.6143,36.8342,7307.58,False,207.34,169.28,0.65,,7726.68,1512,False,0,2025-06-30 23:19:04
a54d2d,OXF4263 ,United States,1751325544.0,1751325544,-111.4513,33.2332,1379.22,False,56.98,6.74,0.0,,1356.36,1200,False,0,2025-06-30 23:19:04
a9c27a,NKS2792 ,United States,1751325504.0,1751325509,-83.3576,42.2381,320.04,False,67.91,208.51,-3.25,,251.46,1675,False,0,2025-06-30 23:19:04
a0030d,JTL10   ,United States,1751325543.0,1751325543,-79.9961,28.514,11887.2,False,222.54,297.99,0.0,,12504.42,3341,False,0,2025-06-30 23:19:04
4cc57b,ICE31T  ,Iceland,1751325543.0,1751325544,-83.3646,42.5745,1912.62,False,145.16,163.11,-2.6,,1935.48,0712,False,0,2025-06-30 23:19:04
a4f7cb,RPA9931 ,United States,1751325410.0,1751325410,-71.0191,42.3557,,True,0.0,120.94,,,,,False,0,2025-06-30 23:19:04
4cc57a,ICE825  ,Iceland,1751325543.0,1751325543,-79.7847,40.7759,11582.4,False,222.41,252.36,0.0,,12230.1,3637,False,0,2025-06-30 23:19:04
ad0bd1,N94LH   ,United States,1751325544.0,1751325544,-93.1439,35.1909,12192.0,False,216.63,222.59,0.0,,12854.94,1717,False,0,2025-06-30 23:19:04
a624ac,SWA147  ,United States,1751325543.0,1751325543,-107.613,35.499,5928.36,False,198.06,89.7,-8.45,,6286.5,,False,0,2025-06-30 23:19:04
a4e4aa,N414TE  ,United States,1751325544.0,1751325544,-89.3504,36.1145,12496.8,False,231.51,58.82,-0.33,,13205.46,3411,False,0,2025-06-30 23:19:04
4cc573,ICE1A   ,Iceland,1751325543.0,1751325543,-77.5957,37.9057,4884.42,False,202.29,358.11,-9.43,,5158.74,2425,False,0,2025-06-30 23:19:04
4cc570,ICE680  ,Iceland,1751325544.0,1751325544,-122.2897,47.88,3276.6,False,172.1,27.02,4.55,,3421.38,1624,False,0,2025-06-30 23:19:04
7807bb,CSG2585 ,China,1751325543.0,1751325543,-108.3509,33.6994,10058.4,False,250.92,168.53,0.33,,10652.76,5747,False,0,2025-06-30 23:19:04
acb892,SKW5431 ,United States,1751325295.0,1751325295,-100.8968,40.7458,9144.0,False,208.19,257.44,-0.33,,9616.44,,False,0,2025-06-30 23:19:04
4cc569,FPY410  ,Iceland,1751325544.0,1751325544,-75.6059,39.4796,6385.56,False,218.12,47.58,5.53,,6736.08,5640,False,0,2025-06-30 23:19:04
a0acbb,UAL2028 ,United States,1751325534.0,1751325534,-99.9577,37.5163,10363.2,False,214.75,300.68,0.33,,10942.32,6005,False,0,2025-06-30 23:19:04
a29cbf,ASA297  ,United States,1751325544.0,1751325544,-93.2446,43.097,10363.2,False,201.79,267.95,-0.33,,10721.34,4563,True,0,2025-06-30 23:19:04
c03069,ACA1066 ,Canada,1751325543.0,1751325543,-108.3773,37.176,11277.6,False,232.32,140.21,0.0,,11887.2,2664,False,0,2025-06-30 23:19:04
c03064,ACA740  ,Canada,1751325544.0,1751325544,-90.8595,42.9236,11277.6,False,272.41,83.38,-0.33,,11719.56,3327,False,0,2025-06-30 23:19:04
a6aa6e,ASA929  ,United States,1751325544.0,1751325544,-122.6836,45.1238,2651.76,False,152.38,353.02,-7.8,,2773.68,3637,False,0,2025-06-30 23:19:04
a51958,AAL3308 ,United States,1751325543.0,1751325544,-93.114,32.9684,10050.78,False,243.05,100.86,-0.33,,10668.0,2210,False,0,2025-06-30 23:19:04
ac5700,SWA4034 ,United States,1751325544.0,1751325544,-91.3903,38.9647,10972.8,False,222.36,271.86,0.0,,11567.16,1042,False,0,2025-06-30 23:19:04
a87904,NKS2394 ,United States,1751325542.0,1751325542,-79.5659,40.1533,2331.72,False,132.78,224.53,8.45,,2415.54,,False,0,2025-06-30 23:19:04
a24304,EPI245  ,United States,1751325247.0,1751325247,-81.3471,29.7871,861.06,False,65.46,356.4,0.0,,914.4,1200,False,0,2025-06-30 23:19:04
406a34,BAW216  ,United Kingdom,1751325544.0,1751325544,-69.7525,42.8983,10668.0,False,251.64,51.72,0.0,,11209.02,0413,False,0,2025-06-30 23:19:04
c0307c,ACA566  ,Canada,1751325543.0,1751325543,-122.9031,40.0562,11719.56,False,215.18,182.06,-5.2,,12283.44,2673,False,0,2025-06-30 23:19:04
a0acb6,UAL2627 ,United States,1751325543.0,1751325543,-98.0223,45.0997,10668.0,False,246.33,109.27,0.0,,11041.38,,False,0,2025-06-30 23:19:04
a13650,UAL636  ,United States,1751325351.0,1751325351,-98.5444,29.5886,601.98,False,69.98,131.42,-3.58,,731.52,1716,True,0,2025-06-30 23:19:04
a13651,UAL2081 ,United States,1751325544.0,1751325544,-82.7449,35.1866,9982.2,False,242.33,219.4,-5.2,,10607.04,1242,False,0,2025-06-30 23:19:04
a2b98d,N275FA  ,United States,1751325544.0,1751325544,-75.7016,40.5612,746.76,False,44.09,352.63,-1.3,,746.76,0450,False,0,2025-06-30 23:19:04
a611db,UAL1464 ,United States,1751325543.0,1751325543,-100.626,38.5617,10972.8,False,222.72,287.89,0.0,,11559.54,1115,False,0,2025-06-30 23:19:04
406a9c,BAW82P  ,United Kingdom,1751325521.0,1751325522,-103.6153,47.2981,13106.4,False,246.72,221.53,0.0,,13555.98,,False,0,2025-06-30 23:19:04
a9d4b5,RPA3585 ,United States,1751325543.0,1751325543,-85.6531,38.6107,7155.18,False,216.96,353.46,-8.45,,7551.42,6705,False,0,2025-06-30 23:19:04
a8fd3c,AAL2871 ,United States,1751325543.0,1751325543,-109.2864,38.2525,10668.0,False,239.86,33.01,0.0,,11277.6,2665,False,0,2025-06-30 23:19:04
a48321,DAL2756 ,United States,1751325543.0,1751325543,-91.4262,45.4224,8412.48,False,246.67,117.58,7.15,,8633.46,5354,False,0,2025-06-30 23:19:04
a3899d,ENY3562 ,United States,1751325544.0,1751325544,-88.3846,39.3046,9144.0,False,216.05,250.96,-0.33,,9624.06,1366,False,0,2025-06-30 23:19:04
aaadb2,SWA2628 ,United States,1751325543.0,1751325543,-77.1828,39.1693,5494.02,False,186.94,212.64,3.9,,5768.34,3535,False,0,2025-06-30 23:19:04
a78d6b,JIA5652 ,United States,1751325544.0,1751325544,-82.5397,36.3931,10668.0,False,232.51,65.42,-0.33,,11300.46,3155,False,0,2025-06-30 23:19:04
a48315,DAL1984 ,United States,1751325543.0,1751325544,-80.0364,32.8256,10972.8,False,251.61,279.06,0.0,,11605.26,3516,False,0,2025-06-30 23:19:04
ab7dbe,N84CM   ,United States,1751325543.0,1751325543,-91.7726,34.9068,10972.8,False,159.46,227.35,0.33,,11628.12,5566,False,0,2025-06-30 23:19:04
a3d90a,AAL1793 ,United States,1751325543.0,1751325544,-81.409,25.5083,5501.64,False,178.29,95.46,-7.48,,5821.68,3471,False,0,2025-06-30 23:19:04
a2301d,BOE955  ,United States,1751325543.0,1751325543,-119.0959,47.5945,4511.04,False,91.09,88.38,-0.33,,4716.78,,False,0,2025-06-30 23:19:04
a984b1,NKS2456 ,United States,1751325543.0,1751325543,-83.5977,37.0845,11277.6,False,233.61,161.25,0.33,,11932.92,4131,False,0,2025-06-30 23:19:04
a997e5,AAL964  ,United States,1751325544.0,1751325544,-76.1705,39.3066,2766.06,False,160.7,55.04,0.33,,2880.36,1317,False,0,2025-06-30 23:19:04
a89a4e,N6530Y  ,United States,1751325544.0,1751325544,-121.0283,38.1759,1737.36,False,84.82,312.79,-2.93,,1767.84,,False,0,2025-06-30 23:19:04
a29ce8,N268CA  ,United States,1751325543.0,1751325543,-87.4369,32.3927,4572.0,False,121.58,173.93,-0.33,,4808.22,,False,0,2025-06-30 23:19:04
a23000,N240AA  ,United States,1751325543.0,1751325543,-81.6886,28.8979,594.36,False,42.26,301.56,4.23,,632.46,,False,0,2025-06-30 23:19:04
a31fdb,SCM3    ,United States,1751325541.0,1751325541,-90.1222,34.2545,8435.34,False,174.98,186.41,8.13,,8961.12,,False,0,2025-06-30 23:19:04
a51928,N4278Z  ,United States,1751325542.0,1751325543,-118.6898,33.0301,182.88,False,47.33,359.38,0.0,,137.16,,False,0,2025-06-30 23:19:04
a8b4c6,FFT2705 ,United States,1751325544.0,1751325544,-88.1639,39.0195,10370.82,False,218.83,267.57,0.0,,10972.8,2111,False,0,2025-06-30 23:19:04
a0acf9,UAL2100 ,United States,1751325481.0,1751325483,-115.0101,39.3084,10972.8,False,221.95,245.63,0.0,,11551.92,6055,False,0,2025-06-30 23:19:04
a90a1e,N6816F  ,United States,1751325522.0,1751325523,-92.9376,44.1513,1318.26,False,41.93,96.34,0.0,,1318.26,,False,0,2025-06-30 23:19:04
a62676,VAR496  ,United States,1751325544.0,1751325544,-112.7055,33.413,670.56,False,61.34,11.12,0.65,,601.98,1200,False,0,2025-06-30 23:19:04
ac8b2e,SWA658  ,United States,1751325544.0,1751325544,-111.9769,40.7879,,True,5.66,168.75,,,,,False,0,2025-06-30 23:19:04
a97310,JBU2523 ,United States,1751325543.0,1751325543,-76.7845,37.2543,8610.6,False,245.25,199.99,6.18,,9136.38,6204,False,0,2025-06-30 23:19:04
a73322,N563M   ,United States,1751325541.0,1751325543,-91.3892,44.4589,3337.56,False,164.33,350.45,-8.78,,3390.9,,False,0,2025-06-30 23:19:04
a7a956,JBU120  ,United States,1751325544.0,1751325544,-73.5888,40.1522,10972.8,False,230.05,209.03,0.0,,11612.88,2454,False,0,2025-06-30 23:19:04
a8a309,PDT5923 ,United States,1751325543.0,1751325543,-78.7183,42.9475,,True,8.75,42.19,,,,,False,0,2025-06-30 23:19:04
a4c02d,GTI8240 ,United States,1751325540.0,1751325543,-73.7785,40.6547,,True,0.0,210.94,,,,,False,0,2025-06-30 23:19:04
ad0e61,AAL2288 ,United States,1751325543.0,1751325543,-88.0161,32.4018,11277.6,False,231.4,93.44,0.0,,11955.78,5122,False,0,2025-06-30 23:19:04
a2a688,N270AM  ,United States,1751325544.0,1751325544,-95.9129,32.6561,502.92,False,44.67,277.94,-0.65,,502.92,,False,0,2025-06-30 23:19:04
a9e914,N738DF  ,United States,1751325533.0,1751325533,-82.3758,34.7966,548.64,False,51.41,13.9,0.33,,541.02,,False,0,2025-06-30 23:19:04
add8e0,N9911L  ,United States,1751325544.0,1751325544,-122.7124,37.9797,830.58,False,67.86,160.05,-2.93,,769.62,2204,False,0,2025-06-30 23:19:04
ac9e77,DAL2246 ,United States,1751325543.0,1751325544,-97.8944,43.139,11582.4,False,211.99,247.6,0.33,,12031.98,7073,False,0,2025-06-30 23:19:04
adc5b8,MTN7463 ,United States,1751325435.0,1751325540,-79.3934,40.0262,10058.4,False,73.15,216.71,0.65,,1874.52,6020,True,0,2025-06-30 23:19:04
a6bcda,N533PC  ,United States,1751325543.0,1751325543,-112.0565,33.6891,624.84,False,38.16,266.13,-2.6,,548.64,,False,0,2025-06-30 23:19:04
a7598c,UAL1012 ,United States,1751325543.0,1751325543,-105.9507,36.1657,10972.8,False,228.73,246.26,0.0,,11590.02,7166,False,0,2025-06-30 23:19:04
a2ecf3,AAY3082 ,United States,1751325543.0,1751325544,-87.3405,30.7893,3962.4,False,140.23,86.21,-6.83,,4198.62,2472,False,0,2025-06-30 23:19:04
c0565b,CGGSG   ,Canada,1751325543.0,1751325543,-79.815,43.8615,579.12,False,68.17,8.68,0.65,,495.3,5336,False,0,2025-06-30 23:19:04
a98620,N7122G  ,United States,1751325544.0,1751325544,-86.7337,33.5705,487.68,False,38.12,356.91,-0.33,,495.3,,False,0,2025-06-30 23:19:04
a6cffc,AAL1617 ,United States,1751325543.0,1751325543,-104.9403,30.8924,10043.16,False,234.75,124.73,0.0,,10652.76,2402,False,0,2025-06-30 23:19:04
a73348,JIA5609 ,United States,1751325543.0,1751325544,-85.5678,39.3119,6797.04,False,232.83,76.46,-11.05,,7132.32,7625,False,0,2025-06-30 23:19:04
a4e62a,ASI221  ,United States,1751325543.0,1751325543,-97.7154,30.9319,1066.8,False,40.65,141.68,-0.65,,1089.66,6052,False,0,2025-06-30 23:19:04
a1ce16,SWA1496 ,United States,1751325543.0,1751325544,-95.5651,39.1339,11277.6,False,262.55,79.61,0.0,,11856.72,,False,0,2025-06-30 23:19:04
ac9e91,SKW4747 ,United States,1751325544.0,1751325544,-102.5354,34.3927,9753.6,False,234.55,356.35,-0.33,,10317.48,,False,0,2025-06-30 23:19:04
adb2a4,DAL2135 ,United States,1751325544.0,1751325544,-82.048,35.0266,5204.46,False,217.46,242.22,6.18,,5509.26,,False,0,2025-06-30 23:19:04
a47074,N38513  ,United States,1751325543.0,1751325543,-73.0434,42.0301,1539.24,False,59.99,67.83,0.0,,1569.72,,False,0,2025-06-30 23:19:04
a04b24,AAL2834 ,United States,1751325387.0,1751325388,-97.0547,32.9149,190.5,False,73.57,180.4,-2.6,,175.26,6373,False,0,2025-06-30 23:19:04
a29e24,EJA268  ,United States,1751325497.0,1751325497,-77.4549,38.9386,,True,0.06,267.19,,,,,False,0,2025-06-30 23:19:04
ac42df,SWA167  ,United States,1751325544.0,1751325544,-101.8204,31.7578,12504.42,False,232.29,123.16,0.98,,13213.08,,False,0,2025-06-30 23:19:04
a67ff0,N518JA  ,United States,1751325543.0,1751325543,-103.3654,39.4578,11582.4,False,234.12,294.54,0.0,,12184.38,1112,False,0,2025-06-30 23:19:04
a59007,CAP458  ,United States,1751325544.0,1751325544,-117.3924,33.8994,807.72,False,45.0,354.09,-0.98,,777.24,,False,0,2025-06-30 23:19:04
a87942,QXE2160 ,United States,1751325544.0,1751325544,-118.1844,47.2523,10668.0,False,240.85,95.52,0.33,,11117.58,1561,False,0,2025-06-30 23:19:04
a028e5,ABX3123 ,United States,1751325543.0,1751325543,-95.8963,40.5189,11887.2,False,263.06,71.53,0.0,,12420.6,7337,False,0,2025-06-30 23:19:04
aca5ff,SKW5708 ,United States,1751325543.0,1751325544,-103.9235,40.3768,5753.1,False,174.95,238.83,-7.48,,6080.76,,False,0,2025-06-30 23:19:04
a5aff2,AAL2206 ,United States,1751325543.0,1751325543,-95.0016,32.5954,8328.66,False,251.72,109.58,6.18,,8846.82,2372,False,0,2025-06-30 23:19:04
a85397,N63565  ,United States,1751325536.0,1751325537,-79.996,35.5052,1089.66,False,38.49,142.06,0.0,,1089.66,,False,0,2025-06-30 23:19:04
aa28b9,N75382  ,United States,1751325255.0,1751325316,-77.837,38.5161,396.24,False,45.44,344.23,-3.9,,381.0,1200,False,0,2025-06-30 23:19:04
ad504d,SKW5108 ,United States,1751325544.0,1751325544,-93.754,40.5043,8534.4,False,211.08,241.62,0.0,,8961.12,6265,False,0,2025-06-30 23:19:04
a638a0,MVP347  ,United States,1751325543.0,1751325543,-81.1701,30.4881,11597.64,False,213.91,163.66,-0.33,,12230.1,6614,False,0,2025-06-30 23:19:04
ada021,N9771   ,United States,1751325543.0,1751325543,-115.0217,36.0413,3543.3,False,66.86,50.31,0.33,,3741.42,,False,0,2025-06-30 23:19:04
a42e13,DAL2520 ,United States,1751325543.0,1751325544,-76.3241,37.015,10370.82,False,240.34,204.54,0.33,,10988.04,1747,False,0,2025-06-30 23:19:04
aaae08,N7878S  ,United States,1751325543.0,1751325543,-118.242,33.8805,320.04,False,47.91,86.92,-0.33,,259.08,,False,0,2025-06-30 23:19:04
a4f8d9,N41967  ,United States,1751325544.0,1751325544,-88.4787,43.5213,952.5,False,34.44,166.17,1.63,,937.26,,False,0,2025-06-30 23:19:04
a4e5a9,N4142Q  ,United States,1751325543.0,1751325543,-89.6611,43.3228,624.84,False,54.2,73.46,2.6,,601.98,,False,0,2025-06-30 23:19:04
ad639e,ASA420  ,United States,1751325542.0,1751325543,-122.3088,47.5572,1143.0,False,124.0,359.05,12.03,,1173.48,,False,0,2025-06-30 23:19:04
a638c4,N50NA   ,United States,1751325543.0,1751325543,-118.5088,47.2934,7924.8,False,132.84,232.55,0.0,,8290.56,,False,0,2025-06-30 23:19:04
a53b19,N436TH  ,United States,1751325543.0,1751325543,-122.1869,48.2975,891.54,False,53.52,324.78,-0.98,,906.78,0443,False,0,2025-06-30 23:19:04
ab48ba,N826SE  ,United States,1751325543.0,1751325543,-86.7586,36.7672,922.02,False,69.48,178.3,0.33,,937.26,,False,0,2025-06-30 23:19:04
a2b8b8,UAL989  ,United States,1751325543.0,1751325543,-69.7667,41.9766,10058.4,False,260.87,51.16,0.0,,10584.18,7666,False,0,2025-06-30 23:19:04
a53b11,N436T   ,United States,1751325543.0,1751325543,-86.452,38.3343,3657.6,False,76.95,330.35,0.0,,3817.62,5130,False,0,2025-06-30 23:19:04
ab48bf,SKW3756 ,United States,1751325543.0,1751325543,-82.0585,34.3526,10736.58,False,228.42,337.77,4.55,,11391.9,1642,False,0,2025-06-30 23:19:04
a96049,CXK577  ,United States,1751325543.0,1751325544,-74.3912,40.8142,220.98,False,37.98,294.83,-2.93,,182.88,1200,False,0,2025-06-30 23:19:04
adb35c,JBU319  ,United States,1751325543.0,1751325544,-94.0509,42.0493,10363.2,False,201.71,260.75,-0.33,,10789.92,6736,False,0,2025-06-30 23:19:04
a96046,IRO7570 ,United States,1751325543.0,1751325543,-88.1319,45.4226,2484.12,False,85.91,180.0,0.0,,2491.74,,False,0,2025-06-30 23:19:04
a388af,DAL1710 ,United States,1751325544.0,1751325544,-90.8914,38.0436,10363.2,False,231.19,306.77,-0.33,,10957.56,1541,False,0,2025-06-30 23:19:04
a28b00,JSX346  ,United States,1751325543.0,1751325543,-119.3176,36.7467,9753.6,False,247.44,346.66,0.0,,10203.18,2436,False,0,2025-06-30 23:19:04
a242e5,AMF7222 ,United States,1751325543.0,1751325544,-98.584,35.3547,4899.66,False,131.94,252.06,-1.3,,5166.36,6611,False,0,2025-06-30 23:19:04
a5e041,EJA478  ,United States,1751325543.0,1751325543,-85.5125,34.2322,9144.0,False,234.99,258.12,0.0,,9692.64,6766,False,0,2025-06-30 23:19:04
ac68c3,N899WM  ,United States,1751325543.0,1751325543,-85.248,33.0091,2430.78,False,84.44,19.21,0.0,,2552.7,,False,0,2025-06-30 23:19:04
c041bc,ROU1812 ,Canada,1751325543.0,1751325543,-77.6575,34.6354,9761.22,False,247.0,190.56,0.0,,10340.34,0501,False,0,2025-06-30 23:19:04
ab6b02,AAL1309 ,United States,1751325544.0,1751325544,-109.701,36.9993,10073.64,False,236.42,24.56,0.0,,10629.9,4105,False,0,2025-06-30 23:19:04
a59062,N458FS  ,United States,1751325536.0,1751325538,-78.5856,26.4991,10363.2,False,257.1,129.07,0.0,,10911.84,5032,False,0,2025-06-30 23:19:04
a9e976,N738HD  ,United States,1751325543.0,1751325543,-105.1121,40.3259,1851.66,False,44.95,275.25,2.6,,1950.72,,False,0,2025-06-30 23:19:04
ab48e8,UAL676  ,United States,1751325544.0,1751325544,-112.899,36.2624,10980.42,False,235.84,242.6,0.0,,11590.02,2542,False,0,2025-06-30 23:19:04
aaae1b,SWA2537 ,United States,1751325543.0,1751325543,-77.15,38.2947,5341.62,False,198.51,31.22,-9.75,,5646.42,1703,False,0,2025-06-30 23:19:04
a42e4e,LXJ369  ,United States,1751325499.0,1751325499,-82.521,27.968,,True,0.0,205.31,,,,,False,0,2025-06-30 23:19:04
a5f35f,N4827L  ,United States,1751325543.0,1751325544,-94.0861,41.514,937.26,False,55.24,147.94,0.98,,967.74,,False,0,2025-06-30 23:19:04
a78cfc,JBU491  ,United States,1751325543.0,1751325544,-80.8364,43.0674,8801.1,False,206.5,283.69,1.95,,9250.68,3510,False,0,2025-06-30 23:19:04
a242c3,MXY533  ,United States,1751325544.0,1751325544,-89.4137,31.9063,11277.6,False,233.2,76.09,0.0,,11963.4,2070,False,0,2025-06-30 23:19:04
a42e48,FFT3660 ,United States,1751325544.0,1751325544,-105.2116,31.1626,10668.0,False,244.35,102.9,0.0,,11308.08,2634,False,0,2025-06-30 23:19:04
a8535f,N6355J  ,United States,1751325541.0,1751325541,-87.9774,43.6113,1402.08,False,57.62,210.0,0.0,,1394.46,,False,0,2025-06-30 23:19:04
a2db21,SWA3206 ,United States,1751325500.0,1751325500,-87.7472,41.7856,,True,4.89,135.0,,,,7414,False,0,2025-06-30 23:19:04
ab35cb,AAL1978 ,United States,1751325544.0,1751325544,-84.4029,33.5782,11277.6,False,230.33,75.78,0.0,,11940.54,3424,False,0,2025-06-30 23:19:04
a29e5c,SKW181H ,United States,1751325542.0,1751325542,-123.3169,44.2772,1623.06,False,139.17,183.6,-5.53,,1691.64,4736,False,0,2025-06-30 23:19:04
a04b7d,N118SB  ,United States,1751325544.0,1751325544,-107.679,33.1155,6705.6,False,124.8,313.83,0.0,,7078.98,,False,0,2025-06-30 23:19:04
a9d637,,United States,1751325543.0,1751325544,-76.3827,37.5292,1341.12,False,49.78,293.12,-0.33,,1356.36,,False,0,2025-06-30 23:19:04
a242c7,STANFRD1,United States,1751325543.0,1751325543,-122.1746,37.4351,83.82,False,1.15,333.43,5.53,,30.48,,False,0,2025-06-30 23:19:04
abce34,N86TN   ,United States,1751325543.0,1751325543,-92.8812,35.0985,13411.2,False,222.67,105.55,3.25,,14074.14,1304,False,0,2025-06-30 23:19:04
a242c5,N245CA  ,United States,1751325543.0,1751325543,-117.0731,33.0326,1379.22,False,48.83,11.55,2.28,,1386.84,,False,0,2025-06-30 23:19:04
ad7634,AAL1837 ,United States,1751325543.0,1751325543,-103.2176,30.5353,10668.0,False,243.32,69.84,0.0,,11323.32,1677,False,0,2025-06-30 23:19:04
a7cb14,CCK60   ,United States,1751325544.0,1751325544,-79.2388,37.9089,9144.0,False,229.18,247.98,0.0,,9723.12,2105,False,0,2025-06-30 23:19:04
ad7639,DAL3017 ,United States,1751325305.0,1751325305,-79.8582,36.1588,647.7,False,80.41,226.3,-4.23,,701.04,1370,False,0,2025-06-30 23:19:04
a3fb6f,DAL708  ,United States,1751325543.0,1751325544,-114.5832,36.295,10058.4,False,250.0,69.78,0.33,,10614.66,7342,False,0,2025-06-30 23:19:04
a732ae,GJS4176 ,United States,1751325540.0,1751325542,-75.2039,38.8236,1844.04,False,139.57,203.92,0.0,,1920.24,2327,False,0,2025-06-30 23:19:04
a865c8,FFT2280 ,United States,1751325543.0,1751325543,-82.0119,38.1948,9966.96,False,245.96,178.8,1.95,,10591.8,1031,False,0,2025-06-30 23:19:04
aaf002,ASH6231 ,United States,1751325543.0,1751325543,-86.3867,33.9646,8534.4,False,238.87,231.82,0.33,,9044.94,3136,False,0,2025-06-30 23:19:04
ab2344,N8169L  ,United States,1751325544.0,1751325544,-90.9244,30.1737,259.08,False,52.48,359.44,0.65,,281.94,,False,0,2025-06-30 23:19:04
a8b5ad,QXE2029 ,United States,1751325543.0,1751325543,-121.4656,43.2725,10668.0,False,212.78,164.72,0.33,,11125.2,,False,0,2025-06-30 23:19:04
acb950,NKS19   ,United States,1751325543.0,1751325543,-87.7346,41.8838,1706.88,False,147.13,90.2,-9.43,,1744.98,3772,False,0,2025-06-30 23:19:04
a05da4,N1221J  ,United States,1751325543.0,1751325543,-91.1594,31.2979,13114.02,False,240.7,279.1,0.65,,13830.3,1014,False,0,2025-06-30 23:19:04
a6ab27,JBU2071 ,United States,1751325543.0,1751325543,-79.2068,25.894,6240.78,False,209.88,109.32,7.48,,6591.3,,False,0,2025-06-30 23:19:04
aaf007,ASH6073 ,United States,1751325535.0,1751325541,-77.4548,38.9442,,True,0.0,270.0,,,,,False,0,2025-06-30 23:19:04
ab3681,N821VV  ,United States,1751325543.0,1751325543,-119.0965,35.7275,5082.54,False,142.41,333.62,0.0,,5311.14,7312,False,0,2025-06-30 23:19:04
a41b66,ABX480  ,United States,1751325543.0,1751325543,-81.8168,41.4088,11277.6,False,262.33,67.76,0.0,,11871.96,6651,False,0,2025-06-30 23:19:04
a66e8e,N513WF  ,United States,1751325543.0,1751325543,-122.5409,47.7243,754.38,False,63.37,212.4,-0.33,,762.0,,False,0,2025-06-30 23:19:04
aa15cc,AAL2394 ,United States,1751325543.0,1751325543,-80.8197,32.4232,3970.02,False,195.4,46.39,11.38,,4183.38,,False,0,2025-06-30 23:19:04
a852b9,N6350T  ,United States,1751325541.0,1751325542,-120.9107,38.6515,1371.6,False,69.14,250.89,-1.63,,1402.08,1200,False,0,2025-06-30 23:19:04
ac300d,SWA3915 ,United States,1751325543.0,1751325543,-79.2278,35.5805,3855.72,False,185.62,39.6,-8.78,,4076.7,4575,False,0,2025-06-30 23:19:04
a7de53,JBU1143 ,United States,1751325543.0,1751325543,-75.0608,38.4545,10980.42,False,242.08,218.36,0.0,,11643.36,1321,False,0,2025-06-30 23:19:04
a7a8ed,DAL1134 ,United States,1751325543.0,1751325543,-92.4532,46.9202,9768.84,False,222.45,304.35,0.0,,10005.06,7435,False,0,2025-06-30 23:19:04
a65b76,AAL1192 ,United States,1751325542.0,1751325542,-78.683,29.3147,10050.78,False,229.56,12.29,0.0,,10530.84,6150,False,0,2025-06-30 23:19:04
a6ab45,N529KG  ,United States,1751325544.0,1751325544,-86.1165,39.5893,3489.96,False,181.14,221.43,-9.1,,3611.88,0552,False,0,2025-06-30 23:19:04
a7cb0b,AAL2660 ,United States,1751325544.0,1751325544,-122.6942,44.7442,4442.46,False,183.63,4.18,-8.13,,4671.06,,False,0,2025-06-30 23:19:04
ab1046,N8116J  ,United States,1751325542.0,1751325542,-79.5607,35.7787,914.4,False,55.23,297.76,0.33,,944.88,,False,0,2025-06-30 23:19:04
a998a0,N7171Y  ,United States,1751325544.0,1751325544,-96.2068,32.4656,1760.22,False,98.69,337.31,-2.6,,1821.18,,False,0,2025-06-30 23:19:04
c067a6,CGNGN   ,Canada,1751325335.0,1751325353,-75.4728,45.5385,419.1,False,40.43,255.26,-2.28,,373.38,,False,0,2025-06-30 23:19:04
a638e1,N50PE   ,United States,1751325543.0,1751325544,-77.6633,43.0328,1508.76,False,86.95,135.72,10.73,,1516.38,4121,False,0,2025-06-30 23:19:04
a9b06f,DAL437  ,United States,1751325541.0,1751325541,-112.6749,36.9851,10668.0,False,244.98,56.48,0.0,,11224.26,7441,False,0,2025-06-30 23:19:04
a66e3b,SKW6508 ,United States,1751325390.0,1751325443,-117.5757,34.0569,12374.88,False,67.91,270.0,-2.93,,297.18,0763,False,0,2025-06-30 23:19:04
a1373d,DAL78   ,United States,1751325543.0,1751325543,-71.8025,42.0129,10066.02,False,252.32,54.04,0.33,,10607.04,2722,False,0,2025-06-30 23:19:04
71c701,APZ112  ,Republic of Korea,1751325543.0,1751325543,-124.891,39.4265,9570.72,False,261.19,295.3,5.2,,9966.96,3234,False,0,2025-06-30 23:19:04
a05ddc,,United States,1751325492.0,1751325500,-73.8698,40.7747,,True,1.03,115.31,,,,,False,0,2025-06-30 23:19:04
a54e72,N441BE  ,United States,1751325467.0,1751325467,-76.1967,40.0935,586.74,False,89.5,297.01,-3.9,,586.74,,False,0,2025-06-30 23:19:04
ac3053,SWA34   ,United States,1751325542.0,1751325542,-96.8519,32.8473,,True,1.54,306.56,,,,,False,0,2025-06-30 23:19:04
a54e88,N441CB  ,United States,1751325542.0,1751325542,-93.8065,40.747,1676.4,False,58.46,96.06,0.98,,1737.36,,False,0,2025-06-30 23:19:04
adc64a,N987MT  ,United States,1751325543.0,1751325543,-118.2036,33.7678,701.04,False,36.54,178.39,3.58,,662.94,,False,0,2025-06-30 23:19:04
a9c380,RPA3304 ,United States,1751325544.0,1751325544,-74.4584,44.1811,6812.28,False,192.9,255.48,8.13,,7139.94,,False,0,2025-06-30 23:19:04
a05dba,UAL1939 ,United States,1751325543.0,1751325543,-115.3039,40.667,11262.36,False,255.25,83.52,-2.28,,11856.72,,False,0,2025-06-30 23:19:04
a41b89,DAL2690 ,United States,1751325543.0,1751325543,-76.3508,42.6528,3855.72,False,171.18,185.86,9.43,,4000.5,3351,True,0,2025-06-30 23:19:04
ad4f1c,ERU957  ,United States,1751325544.0,1751325544,-81.0338,29.3078,876.3,False,55.48,335.34,-0.33,,922.02,0131,False,0,2025-06-30 23:19:04
a57b26,N452SM  ,United States,1751325543.0,1751325543,-104.9598,40.349,2103.12,False,50.53,234.53,-1.63,,2232.66,,False,0,2025-06-30 23:19:04
a2e5ec,SKW4012 ,United States,1751325544.0,1751325544,-107.7771,37.2298,10363.2,False,243.11,336.69,-0.33,,10911.84,,False,0,2025-06-30 23:19:04
a808bb,N61697  ,United States,1751325543.0,1751325544,-80.6661,25.4673,1005.84,False,29.91,86.05,0.0,,1104.9,,False,0,2025-06-30 23:19:04
ade18c,AAL1248 ,United States,1751325544.0,1751325544,-86.6481,32.9233,8900.16,False,246.42,232.89,6.18,,9448.8,3303,False,0,2025-06-30 23:19:04
a34e7d,N312CM  ,United States,1751325537.0,1751325544,-96.2735,36.0074,1691.64,False,30.97,318.37,-0.65,,1760.22,,False,0,2025-06-30 23:19:04
aa56d4,UAL745  ,United States,1751325385.0,1751325385,-113.7035,44.0919,10972.8,False,224.39,295.1,-0.33,,11513.82,,False,0,2025-06-30 23:19:04
ad4f0b,DAL3115 ,United States,1751325544.0,1751325544,-84.8858,33.3366,3939.54,False,171.93,36.97,-3.25,,4145.28,6611,False,0,2025-06-30 23:19:04
a295ff,N266HJ  ,United States,1751325543.0,1751325543,-76.0808,39.2412,7315.2,False,202.41,39.64,0.0,,7711.44,2671,False,0,2025-06-30 23:19:04
aaef60,AAL2086 ,United States,1751325543.0,1751325543,-82.2039,36.3853,8961.12,False,238.02,324.15,5.2,,9502.14,3613,False,0,2025-06-30 23:19:04
a7d5a5,N6036Y  ,United States,1751325455.0,1751325455,-121.4703,38.5193,228.6,False,46.48,354.92,-4.23,,175.26,4513,False,0,2025-06-30 23:19:04
a10e8b,UAL2494 ,United States,1751325544.0,1751325544,-103.8834,43.3022,11277.6,False,252.31,92.45,0.0,,11818.62,,False,0,2025-06-30 23:19:04
ad3c16,AAL2108 ,United States,1751325543.0,1751325544,-104.9235,31.2013,11582.4,False,231.87,285.18,0.0,,12268.2,0757,False,0,2025-06-30 23:19:04
ab63c2,CMD13   ,United States,1751325534.0,1751325534,-120.4543,37.5745,815.34,False,60.98,9.22,0.65,,792.48,,False,0,2025-06-30 23:19:04
a8e38c,N672EB  ,United States,1751325544.0,1751325544,-72.3251,43.6906,579.12,False,37.84,168.23,-2.28,,556.26,,False,0,2025-06-30 23:19:04
a21b44,MXY760  ,United States,1751325544.0,1751325544,-76.769,40.6141,2887.98,False,161.66,52.11,-7.48,,3002.28,7163,False,0,2025-06-30 23:19:04
aaa6dd,AAL192  ,United States,1751325542.0,1751325543,-92.6911,33.5704,10058.4,False,266.1,56.43,0.0,,10675.62,0574,False,0,2025-06-30 23:19:04
aa56b5,UAL202  ,United States,1751325540.0,1751325540,-81.0054,37.7884,11277.6,False,227.58,85.46,0.0,,11932.92,3265,False,0,2025-06-30 23:19:04
a22e91,N24KK   ,United States,1751325292.0,1751325334,-87.3425,36.0992,807.72,False,43.68,302.01,-2.28,,800.1,,False,0,2025-06-30 23:19:04
a808d7,ATN3349 ,United States,1751325543.0,1751325544,-84.1086,38.7104,3634.74,False,175.36,303.88,-8.78,,3771.9,6471,False,0,2025-06-30 23:19:04
a57b4d,UAL474  ,United States,1751325544.0,1751325544,-95.1134,33.9684,10645.14,False,250.11,51.6,0.33,,11330.94,3226,False,0,2025-06-30 23:19:04
a1fb33,MXY197  ,United States,1751325544.0,1751325544,-72.8821,41.3411,464.82,False,71.66,187.84,-4.23,,472.44,6531,False,0,2025-06-30 23:19:04
a1d8fd,UAL70   ,United States,1751325544.0,1751325544,-72.8201,41.542,7917.18,False,251.22,48.9,1.95,,8359.14,1163,False,0,2025-06-30 23:19:04
aa56b4,UAL2005 ,United States,1751325543.0,1751325543,-80.0826,46.2372,10972.8,False,193.66,275.03,0.33,,11422.38,1545,False,0,2025-06-30 23:19:04
aa56b3,UAL335  ,United States,1751325543.0,1751325543,-93.5662,30.8636,8305.8,False,218.48,248.45,-11.05,,8831.58,2154,False,0,2025-06-30 23:19:04
acf9cf,SCA35   ,United States,1751325284.0,1751325294,-111.6424,32.8333,838.2,False,53.38,152.45,0.65,,784.86,1200,False,0,2025-06-30 23:19:04
a33b1e,AAL2664 ,United States,1751325543.0,1751325543,-93.5401,32.6631,10363.2,False,232.87,253.05,0.0,,10988.04,2165,False,0,2025-06-30 23:19:04
a46e35,DAL2606 ,United States,1751325544.0,1751325544,-122.6562,46.8533,3360.42,False,168.49,43.39,-8.13,,3505.2,6720,False,0,2025-06-30 23:19:04
4b1858,HBJFS   ,Switzerland,1751325543.0,1751325543,-104.6553,43.7513,13716.0,False,224.22,255.52,0.0,,14249.4,3677,False,0,2025-06-30 23:19:04
aa69d5,N770JF  ,United States,1751325428.0,1751325491,-79.1498,33.5339,3322.32,False,95.87,41.3,0.0,,3528.06,2113,False,0,2025-06-30 23:19:04
ab50b9,N828Y   ,United States,1751325480.0,1751325480,-73.4147,40.7435,60.96,False,30.87,179.05,-1.95,,45.72,,False,0,2025-06-30 23:19:04
ad4f72,JBU662  ,United States,1751325543.0,1751325543,-72.6268,39.2315,8054.34,False,218.35,319.97,-10.08,,8564.88,,False,0,2025-06-30 23:19:04
ac96df,JANET10 ,United States,1751325540.0,1751325540,-115.4733,35.5454,3314.7,False,116.55,47.86,-4.55,,3482.34,,False,0,2025-06-30 23:19:04
ad3c1f,ASA1160 ,United States,1751325544.0,1751325544,-120.6963,38.1234,11277.6,False,223.1,176.83,0.0,,11826.24,1505,False,0,2025-06-30 23:19:04
a58e1e,SWA3466 ,United States,1751325543.0,1751325543,-90.3983,38.7904,845.82,False,110.55,339.29,11.38,,838.2,2116,True,0,2025-06-30 23:19:04
a57b02,N452RA  ,United States,1751325543.0,1751325543,-120.2139,34.8493,2743.2,False,61.88,132.98,0.0,,2788.92,,False,0,2025-06-30 23:19:04
ad90a3,AAL2009 ,United States,1751325544.0,1751325544,-97.501,32.8539,3436.62,False,181.57,297.87,3.58,,3619.5,2320,False,0,2025-06-30 23:19:04
a21b7d,N235EF  ,United States,1751325544.0,1751325544,-81.1352,42.6939,7917.18,False,225.35,166.53,0.0,,8298.18,5214,False,0,2025-06-30 23:19:04
a2d2e2,N281ND  ,United States,1751325542.0,1751325542,-72.2648,44.058,2316.48,False,65.5,4.05,0.33,,2369.82,6124,False,0,2025-06-30 23:19:04
ae13c1,BALL21  ,United States,1751325538.0,1751325542,-97.7058,36.1531,883.92,False,121.67,238.66,-0.33,,914.4,,False,0,2025-06-30 23:19:04
abb3d5,,United States,1751325503.0,1751325503,-86.8781,40.5621,1714.5,False,60.76,87.57,-0.98,,,,False,0,2025-06-30 23:19:04
a798ad,WMN589  ,United States,1751325543.0,1751325543,-103.0879,39.4417,13106.4,False,208.92,299.34,0.0,,13723.62,2244,False,0,2025-06-30 23:19:04
a34e97,DAL1010 ,United States,1751325387.0,1751325387,-73.7811,40.6358,,True,0.0,84.38,,,,,False,0,2025-06-30 23:19:04
a94b50,UAL1979 ,United States,1751325543.0,1751325543,-102.2837,30.5927,10363.2,False,237.53,290.67,0.0,,11003.28,4040,False,0,2025-06-30 23:19:04
a69b92,ASA462  ,United States,1751325543.0,1751325543,-77.5308,46.8481,10363.2,False,203.17,285.27,0.0,,10789.92,3333,False,0,2025-06-30 23:19:04
3c65a8,DLH8P   ,Germany,1751325544.0,1751325544,-69.5033,42.8967,6591.3,False,205.72,240.49,-4.88,,6918.96,,False,0,2025-06-30 23:19:04
adf442,N999BY  ,United States,1751325544.0,1751325544,-85.8957,32.2144,3931.92,False,95.97,15.23,0.0,,4145.28,,False,0,2025-06-30 23:19:04
3c65ad,DLH1HT  ,Germany,1751325544.0,1751325544,-70.8787,42.6243,1295.4,False,92.73,198.43,-2.93,,1341.12,4550,False,0,2025-06-30 23:19:04
3c65ac,DLH481  ,Germany,1751325543.0,1751325543,-99.4969,42.2992,11277.6,False,264.71,73.75,0.0,,11765.28,,False,0,2025-06-30 23:19:04
3c65ab,DLH411  ,Germany,1751325543.0,1751325543,-68.111,44.5205,11277.6,False,265.64,60.41,0.0,,11841.48,2671,False,0,2025-06-30 23:19:04
a6eb4d,LKF45   ,United States,1751325544.0,1751325544,-88.5197,43.0131,7597.14,False,202.62,106.82,7.15,,7886.7,6217,False,0,2025-06-30 23:19:04
a05776,AAL2038 ,United States,1751325543.0,1751325544,-82.4794,36.2513,10355.58,False,228.32,336.5,0.0,,10988.04,5224,False,0,2025-06-30 23:19:04
a83e86,JBU1058 ,United States,1751325544.0,1751325544,-73.6817,40.2636,2179.32,False,156.72,28.0,-10.08,,2293.62,1524,False,0,2025-06-30 23:19:04
0d0af7,AMX608  ,Mexico,1751325544.0,1751325544,-85.4137,36.4259,10668.0,False,239.14,71.57,0.0,,11308.08,3245,False,0,2025-06-30 23:19:04
a8e2d6,DAL406  ,United States,1751325544.0,1751325544,-86.1786,35.424,9448.8,False,249.08,144.67,0.0,,10027.92,5331,False,0,2025-06-30 23:19:04
a8f5be,PDT5890 ,United States,1751325536.0,1751325541,-75.4314,38.4621,1859.28,False,147.26,23.25,13.66,,1935.48,,False,0,2025-06-30 23:19:04
ae1477,MNTNA33 ,United States,1751325543.0,1751325544,-96.5948,28.9178,3939.54,False,112.9,191.57,-0.33,,4152.9,4562,False,0,2025-06-30 23:19:04
a45b96,DAL874  ,United States,1751325543.0,1751325543,-85.1396,34.2784,4968.24,False,209.63,148.65,-14.63,,5265.42,4030,False,0,2025-06-30 23:19:04
ae278c,LSXX    ,United States,1751325524.0,1751325524,-117.1683,32.5917,106.68,False,60.74,308.81,-0.98,,53.34,,False,0,2025-06-30 23:19:04
ae278b,LS20    ,United States,1751325496.0,1751325498,-117.107,32.5654,22.86,False,0.73,315.0,0.33,,-7.62,,False,0,2025-06-30 23:19:04
a70b43,SKYY5   ,United States,1751325446.0,1751325448,-78.7802,35.8783,182.88,False,26.08,14.86,-6.83,,152.4,,False,0,2025-06-30 23:19:04
a6eb1e,GJS4600 ,United States,1751325516.0,1751325530,-92.2168,37.684,10370.82,False,233.95,228.39,-0.33,,10988.04,6563,False,0,2025-06-30 23:19:04
a41412,DAL2053 ,United States,1751325543.0,1751325544,-85.2116,40.261,10043.16,False,212.75,212.96,3.9,,10591.8,7404,False,0,2025-06-30 23:19:04
a1511c,N184SD  ,United States,1751325539.0,1751325544,-117.9298,33.7021,182.88,False,35.14,17.9,0.0,,121.92,,False,0,2025-06-30 23:19:04
a928ea,N69FR   ,United States,1751325543.0,1751325543,-81.892,38.4326,9822.18,False,245.72,105.17,-6.18,,10370.82,2146,False,0,2025-06-30 23:19:04
a0579a,N121BZ  ,United States,1751325532.0,1751325533,-101.5841,37.4597,11262.36,False,238.91,32.42,-0.65,,11871.96,,False,0,2025-06-30 23:19:04
a1a110,MXY765  ,United States,1751325544.0,1751325544,-73.3739,40.4599,10363.2,False,240.8,208.59,0.0,,10957.56,1354,False,0,2025-06-30 23:19:04
0c4183,DWI5910 ,Dominican Republic,1751325543.0,1751325543,-77.4949,34.0534,11887.2,False,228.35,9.33,0.0,,12534.9,,False,0,2025-06-30 23:19:04
a532f5,N434LA  ,United States,1751325543.0,1751325543,-105.0392,40.5102,1722.12,False,46.22,163.18,0.0,,1813.56,,False,0,2025-06-30 23:19:04
a83e3b,N630FB  ,United States,1751325544.0,1751325544,-112.104,33.4841,3581.4,False,85.42,99.01,-0.33,,3779.52,0331,False,0,2025-06-30 23:19:04
ac2f18,SWA1659 ,United States,1751325543.0,1751325543,-117.2494,32.7605,670.56,False,109.45,304.66,10.08,,632.46,,False,0,2025-06-30 23:19:04
a94b29,UAL1814 ,United States,1751325543.0,1751325543,-91.1987,35.3228,10363.2,False,215.71,224.9,0.0,,10988.04,6607,False,0,2025-06-30 23:19:04
c082a4,CGXMH   ,Canada,1751325544.0,1751325544,-73.1948,45.5171,609.6,False,40.77,100.18,-0.33,,525.78,,False,0,2025-06-30 23:19:04
a83e49,FFT3588 ,United States,1751325543.0,1751325544,-76.5607,39.1245,1234.44,False,136.25,112.89,10.73,,1264.92,7060,False,0,2025-06-30 23:19:04
a915cf,PDT5823 ,United States,1751325544.0,1751325544,-80.9381,35.2481,365.76,False,70.12,176.21,-2.6,,365.76,1177,False,0,2025-06-30 23:19:04
c82439,ANZ2    ,New Zealand,1751325543.0,1751325543,-73.8075,40.0764,3345.18,False,161.38,30.24,0.33,,3497.58,7025,False,0,2025-06-30 23:19:04
abd9b6,SWA1956 ,United States,1751325544.0,1751325544,-112.1435,40.8354,2461.26,False,148.45,264.03,16.91,,2567.94,6030,False,0,2025-06-30 23:19:04
a785fd,JIA5317 ,United States,1751325543.0,1751325543,-77.3471,39.0568,922.02,False,130.72,1.58,0.33,,937.26,0006,False,0,2025-06-30 23:19:04
c02e94,JZA565  ,Canada,1751325543.0,1751325543,-80.394,41.2857,11582.4,False,215.31,236.5,0.0,,12222.48,5731,False,0,2025-06-30 23:19:04
c01b4f,WJA1117 ,Canada,1751325544.0,1751325544,-84.485,43.2383,11277.6,False,252.53,81.92,0.0,,11811.0,6742,False,0,2025-06-30 23:19:04
aa43c4,RPA3517 ,United States,1751325544.0,1751325544,-76.0567,39.1712,7010.4,False,199.13,81.68,-0.33,,7399.02,0272,False,0,2025-06-30 23:19:04
a0dab2,SKW5767 ,United States,1751325544.0,1751325544,-85.8387,39.0114,9144.0,False,218.73,301.63,0.0,,9677.4,2005,False,0,2025-06-30 23:19:04
aa56f7,UAL1027 ,United States,1751325541.0,1751325544,-98.8419,42.4354,10668.0,False,244.41,72.86,0.0,,11125.2,1441,False,0,2025-06-30 23:19:04
ac2f37,SWA652  ,United States,1751325544.0,1751325544,-114.4318,36.1951,6545.58,False,194.97,90.15,8.45,,6918.96,,False,0,2025-06-30 23:19:04
a94b08,UAL2074 ,United States,1751325543.0,1751325544,-96.5507,36.4327,10363.2,False,222.77,295.14,0.0,,10957.56,3353,True,0,2025-06-30 23:19:04
aaa6ae,SWA1545 ,United States,1751325538.0,1751325538,-118.3586,34.2106,,True,0.39,345.94,,,,,False,0,2025-06-30 23:19:04
a08acb,RPA4585 ,United States,1751325544.0,1751325544,-81.0654,42.8698,10363.2,False,210.06,227.28,0.65,,10888.98,0362,False,0,2025-06-30 23:19:04
a6a2c2,N52681  ,United States,1751325442.0,1751325442,-122.2715,47.8926,205.74,False,36.01,0.0,-2.6,,213.36,,False,0,2025-06-30 23:19:04
a58de0,UAL1286 ,United States,1751325542.0,1751325542,-114.9648,31.5895,10363.2,False,230.91,331.38,0.0,,10965.18,,False,0,2025-06-30 23:19:04
ab0dc3,N811HA  ,United States,1751325542.0,1751325542,-78.8325,34.7325,1188.72,False,54.22,303.39,-0.65,,1257.3,,False,0,2025-06-30 23:19:04
a52116,N43DF   ,United States,1751325407.0,1751325407,-84.9177,32.9106,876.3,False,46.52,308.26,-2.93,,899.16,,False,0,2025-06-30 23:19:04
a2e77a,N2866L  ,United States,1751325402.0,1751325460,-80.6153,35.0049,441.96,False,46.27,41.85,-3.25,,434.34,,False,0,2025-06-30 23:19:04
ab774b,AAL1728 ,United States,1751325544.0,1751325544,-95.5581,40.1812,10972.8,False,199.04,257.01,0.0,,11513.82,5760,False,0,2025-06-30 23:19:04
a57abb,N452NE  ,United States,1751325292.0,1751325292,-72.2203,42.5401,662.94,False,44.39,302.22,-0.33,,685.8,1200,False,0,2025-06-30 23:19:04
a0dae2,AAL2403 ,United States,1751325543.0,1751325543,-86.8772,32.4078,7848.6,False,223.05,94.9,-7.15,,8336.28,4144,False,0,2025-06-30 23:19:04
a2c110,FXC44   ,United States,1751325543.0,1751325543,-73.4804,41.0142,563.88,False,80.34,68.2,-1.63,,571.5,1200,False,0,2025-06-30 23:19:04
aaa74e,N786FA  ,United States,1751325543.0,1751325544,-117.1402,33.0883,1409.7,False,55.94,335.56,-0.33,,1432.56,,False,0,2025-06-30 23:19:04
a1512f,SKW3439 ,United States,1751325543.0,1751325543,-119.1634,35.6982,10668.0,False,214.01,157.38,0.33,,11201.4,3212,False,0,2025-06-30 23:19:04
a0a798,N141NE  ,United States,1751325544.0,1751325544,-71.1165,42.311,312.42,False,56.68,188.35,0.33,,281.94,,False,0,2025-06-30 23:19:04
a91700,NKS2740 ,United States,1751325537.0,1751325542,-82.5377,27.9858,,True,0.0,272.81,,,,,False,0,2025-06-30 23:19:04
a22dec,N24CV   ,United States,1751325543.0,1751325543,-118.1125,33.8025,365.76,False,39.87,107.27,-0.98,,289.56,,False,0,2025-06-30 23:19:04
ac7103,AAL823  ,United States,1751325544.0,1751325544,-80.9437,35.3118,708.66,False,87.67,175.96,-4.88,,746.76,1424,False,0,2025-06-30 23:19:04
a5212e,N43EE   ,United States,1751325544.0,1751325544,-78.7731,35.7424,365.76,False,40.85,275.78,0.65,,388.62,,False,0,2025-06-30 23:19:04
a70aa1,ASA1204 ,United States,1751325544.0,1751325544,-118.9573,35.9407,11887.2,False,217.9,171.58,0.33,,12496.8,3543,False,0,2025-06-30 23:19:04
a7d725,EDV5134 ,United States,1751325544.0,1751325544,-84.2449,38.918,3421.38,False,164.33,104.69,9.75,,3566.16,6753,False,0,2025-06-30 23:19:04
a34de9,N3117V  ,United States,1751325537.0,1751325542,-80.0983,37.3571,7315.2,False,136.06,121.71,0.0,,7711.44,,False,0,2025-06-30 23:19:04
ab7781,EJA838  ,United States,1751325544.0,1751325544,-112.4137,33.7682,1973.58,False,130.16,89.77,-3.58,,2004.06,1327,False,0,2025-06-30 23:19:04
a3f401,DAL540  ,United States,1751325543.0,1751325543,-100.4948,31.1467,10050.78,False,245.36,80.95,0.0,,10668.0,7212,False,0,2025-06-30 23:19:04
a0b9b1,N146HH  ,United States,1751325543.0,1751325543,-72.418,41.661,434.34,False,64.75,109.01,-0.65,,426.72,5277,False,0,2025-06-30 23:19:04
ab6458,JRE833  ,United States,1751325544.0,1751325544,-78.6227,36.3674,9448.8,False,208.61,42.7,-0.33,,10005.06,,False,0,2025-06-30 23:19:04
aba117,N8488X  ,United States,1751325542.0,1751325542,-95.7143,33.2413,754.38,False,48.94,320.12,-1.3,,762.0,,False,0,2025-06-30 23:19:04
49530c,TAP232Y ,Portugal,1751325543.0,1751325543,-72.0735,39.8781,10050.78,False,247.92,84.88,0.0,,10652.76,1242,False,0,2025-06-30 23:19:04
a45af5,N38WR   ,United States,1751325544.0,1751325544,-96.0761,31.2204,2971.8,False,68.3,22.12,2.6,,3101.34,,False,0,2025-06-30 23:19:04
ace744,OXF8285 ,United States,1751325321.0,1751325330,-111.7174,33.4672,533.4,False,42.42,230.91,-2.6,,434.34,1200,False,0,2025-06-30 23:19:04
aadae3,EJA799  ,United States,1751325543.0,1751325543,-81.582,28.3225,693.42,False,109.75,356.78,-5.85,,746.76,2136,False,0,2025-06-30 23:19:04
ace75a,HBAL771 ,United States,1751325543.0,1751325543,-121.0351,43.5148,17373.6,False,6.69,67.38,-0.33,,18333.72,,False,0,2025-06-30 23:19:04
ae2762,LS30    ,United States,1751325542.0,1751325543,-117.5838,32.9279,182.88,False,73.19,137.56,0.0,,129.54,,False,0,2025-06-30 23:19:04
a65408,AAL3181 ,United States,1751325544.0,1751325544,-93.3274,32.7387,10363.2,False,227.78,252.38,0.0,,10965.18,2374,False,0,2025-06-30 23:19:04
a65405,VAR507  ,United States,1751325536.0,1751325542,-112.8983,32.9196,1920.24,False,50.72,216.75,4.88,,1988.82,1200,False,0,2025-06-30 23:19:04
a94b6b,UAL1124 ,United States,1751325543.0,1751325544,-92.6377,32.9482,10363.2,False,224.94,181.97,0.0,,10988.04,6557,False,0,2025-06-30 23:19:04
a6b717,N5314Q  ,United States,1751325529.0,1751325529,-80.1547,26.6933,1402.08,False,36.32,195.61,0.0,,1508.76,1200,False,0,2025-06-30 23:19:04
a4bdb9,RPA4739 ,United States,1751325544.0,1751325544,-93.0991,45.0427,2217.42,False,155.89,85.27,12.35,,2270.76,,False,0,2025-06-30 23:19:04
495304,TAP258  ,Portugal,1751325543.0,1751325543,-67.6878,46.7473,10058.4,False,257.22,73.74,0.0,,10530.84,3700,False,0,2025-06-30 23:19:04
a3f436,FFT1229 ,United States,1751325328.0,1751325532,-107.8383,39.8523,10972.8,False,231.86,259.39,0.0,,11567.16,3766,False,0,2025-06-30 23:19:04
adf417,N999AE  ,United States,1751325187.0,1751325542,-80.2485,26.4384,1645.92,False,7.22,85.91,-0.33,,1920.24,,False,0,2025-06-30 23:19:04
ad077b,DAL1516 ,United States,1751325543.0,1751325543,-84.3517,33.7287,2506.98,False,125.11,84.34,-6.83,,2644.14,4041,False,0,2025-06-30 23:19:04
ae141e,JAVAN55 ,United States,1751325543.0,1751325543,-97.4616,30.3423,7170.42,False,125.11,301.21,3.9,,7612.38,4661,False,0,2025-06-30 23:19:04
ac712d,SWA554  ,United States,1751325544.0,1751325544,-102.8114,39.2494,11887.2,False,239.67,60.13,0.0,,12466.32,0765,False,0,2025-06-30 23:19:04
a33af8,N307SW  ,United States,1751325544.0,1751325544,-118.3499,33.8155,281.94,False,35.16,339.44,3.25,,220.98,,False,0,2025-06-30 23:19:04
a94ae3,UAL1894 ,United States,1751325157.0,1751325330,-112.5855,47.6957,10058.4,False,258.81,91.03,-0.33,,10515.6,1506,False,0,2025-06-30 23:19:04
a9044d,N680MC  ,United States,1751325543.0,1751325544,-121.1347,44.1947,1455.42,False,80.39,44.74,-6.18,,1485.9,,False,0,2025-06-30 23:19:04
acd2be,SWA2517 ,United States,1751325543.0,1751325543,-86.2968,43.8148,11277.6,False,272.96,65.03,0.0,,11742.42,2715,False,0,2025-06-30 23:19:04
a94ae5,UAL1051 ,United States,1751325543.0,1751325543,-74.7806,40.478,1828.8,False,151.64,25.52,0.33,,1889.76,6152,False,0,2025-06-30 23:19:04
acd2d3,EDV5063 ,United States,1751325544.0,1751325544,-93.5088,43.7641,5791.2,False,200.5,3.53,0.0,,5981.7,,False,0,2025-06-30 23:19:04
a7c465,N6UX    ,United States,1751325544.0,1751325544,-105.1747,40.0822,1767.84,False,31.45,86.25,-1.3,,1866.9,,False,0,2025-06-30 23:19:04
ac82f5,NKS2673 ,United States,1751325543.0,1751325543,-78.6109,38.1083,8854.44,False,226.79,248.44,6.18,,9387.84,1224,False,0,2025-06-30 23:19:04
a1c6a8,SWA1870 ,United States,1751325539.0,1751325543,-90.1084,33.2876,11582.4,False,233.95,275.05,-0.33,,12275.82,3173,False,0,2025-06-30 23:19:04
0d0b78,VIV533  ,Mexico,1751325544.0,1751325544,-115.0403,35.8496,3909.06,False,160.49,106.58,16.91,,4107.18,,False,0,2025-06-30 23:19:04
ac1b8b,WSN24   ,United States,1751325413.0,1751325414,-118.3124,33.9239,129.54,False,43.26,267.27,-2.28,,76.2,3242,False,0,2025-06-30 23:19:04
a9046d,NKS2327 ,United States,1751325459.0,1751325459,-122.305,47.4563,,True,6.43,177.19,,,,,False,0,2025-06-30 23:19:04
a7c484,N6WC    ,United States,1751325543.0,1751325543,-117.0511,47.1462,3185.16,False,86.58,196.93,0.0,,3329.94,,False,0,2025-06-30 23:19:04
a1a18f,HAL628  ,United States,1751325544.0,1751325544,-117.3906,33.0261,3596.64,False,143.89,144.61,-3.9,,3764.28,2676,False,0,2025-06-30 23:19:04
a9045f,N680MW  ,United States,1751325543.0,1751325543,-93.1641,45.5606,3596.64,False,107.38,338.35,4.23,,3672.84,,False,0,2025-06-30 23:19:04
a8946e,N652CV  ,United States,1751325543.0,1751325543,-90.1985,29.1118,9448.8,False,151.1,103.99,-0.33,,10043.16,,False,0,2025-06-30 23:19:04
a8e43a,N672MA  ,United States,1751325540.0,1751325541,-87.9822,41.2917,518.16,False,56.36,174.24,-3.9,,480.06,1200,False,0,2025-06-30 23:19:04
0d0b10,VOI7771 ,Mexico,1751325543.0,1751325543,-94.7515,32.8916,9144.0,False,247.61,205.34,0.0,,9715.5,1306,False,0,2025-06-30 23:19:04
3c6707,DLH429  ,Germany,1751325543.0,1751325543,-80.9163,35.1645,929.64,False,94.26,127.68,7.15,,960.12,,False,0,2025-06-30 23:19:04
a7d754,JIA5672 ,United States,1751325543.0,1751325544,-97.026,32.9243,243.84,False,67.39,179.56,-3.58,,205.74,1662,False,0,2025-06-30 23:19:04
a1fc3b,ENY4296 ,United States,1751325544.0,1751325544,-89.3882,40.6482,7315.2,False,212.87,6.66,-0.33,,7673.34,6567,False,0,2025-06-30 23:19:04
a89421,N65194  ,United States,1751325543.0,1751325543,-93.9444,41.3091,762.0,False,50.31,307.1,-3.58,,777.24,,False,0,2025-06-30 23:19:04
0d0b20,VTM356  ,Mexico,1751325544.0,1751325544,-88.5469,37.7107,9448.8,False,250.65,41.84,0.0,,9997.44,7442,False,0,2025-06-30 23:19:04
3c6714,DLH2C   ,Germany,1751325544.0,1751325544,-87.731,41.9658,906.78,False,86.44,268.98,-5.2,,899.16,3047,False,0,2025-06-30 23:19:04
a52162,N43GG   ,United States,1751325544.0,1751325544,-87.139,33.2563,3726.18,False,159.48,184.63,15.61,,3901.44,,False,0,2025-06-30 23:19:04
a21c4c,ENY3592 ,United States,1751325544.0,1751325544,-80.2572,33.1351,1630.68,False,115.73,130.13,-5.53,,1706.88,1337,False,0,2025-06-30 23:19:04
a2f9dd,GXA125  ,United States,1751325544.0,1751325544,-80.1312,26.0031,876.3,False,141.27,295.91,0.33,,960.12,,False,0,2025-06-30 23:19:04
a95de2,VXP119  ,United States,1751325544.0,1751325544,-120.3197,35.5531,9448.8,False,229.11,139.37,-0.33,,9875.52,3327,False,0,2025-06-30 23:19:04
a21c53,AAY673  ,United States,1751325543.0,1751325543,-109.85,37.3311,10805.16,False,234.25,25.5,3.58,,11353.8,0747,False,0,2025-06-30 23:19:04
c02cf1,ACA854  ,Canada,1751325543.0,1751325543,-74.0148,45.7957,10058.4,False,265.37,47.12,0.0,,10507.98,6333,False,0,2025-06-30 23:19:04
a7745c,VJA58   ,United States,1751325543.0,1751325543,-80.0362,42.1167,13716.0,False,253.81,80.79,-0.33,,14287.5,4124,True,0,2025-06-30 23:19:04
e4937f,PRJRY   ,Brazil,1751325544.0,1751325544,-77.4561,38.9472,,True,7.2,180.0,,,,,False,0,2025-06-30 23:19:04
4951f0,TAP209K ,Portugal,1751325543.0,1751325543,-72.9425,40.7795,3398.52,False,147.36,215.91,-3.9,,3573.78,2513,False,0,2025-06-30 23:19:04
3c670d,DLH520  ,Germany,1751325543.0,1751325543,-75.9263,43.2231,11582.4,False,228.53,247.36,0.33,,12153.9,2511,False,0,2025-06-30 23:19:04
40808b,VIR4C   ,United Kingdom,1751325544.0,1751325544,-70.0781,43.2324,11757.66,False,244.51,50.55,3.9,,12336.78,1522,False,0,2025-06-30 23:19:04
ac970f,KOW910  ,United States,1751325543.0,1751325544,-97.4181,33.0377,944.88,False,99.74,132.91,-5.2,,960.12,,False,0,2025-06-30 23:19:04
a0dc3d,S401    ,United States,1751325540.0,1751325540,-116.748,47.7058,975.36,False,70.94,219.11,-4.55,,990.6,,False,0,2025-06-30 23:19:04
a33c08,S406    ,United States,1751325423.0,1751325425,-116.7328,47.7142,883.92,False,62.96,226.66,-1.95,,906.78,,False,0,2025-06-30 23:19:04
a7d767,N604PG  ,United States,1751325383.0,1751325419,-121.6658,39.5894,396.24,False,49.58,149.44,-0.33,,342.9,,False,0,2025-06-30 23:19:04
ac9712,N910EC  ,United States,1751325543.0,1751325543,-86.5201,36.1501,1219.2,False,77.02,300.5,-0.33,,1264.92,,False,0,2025-06-30 23:19:04
ab772d,DAL747  ,United States,1751325543.0,1751325543,-118.3355,33.9589,388.62,False,81.42,262.74,-4.23,,350.52,1176,False,0,2025-06-30 23:19:04
408092,BAW5CA  ,United Kingdom,1751325543.0,1751325543,-71.9041,46.7506,11269.98,False,272.67,62.47,0.0,,11780.52,2260,False,0,2025-06-30 23:19:04
a89441,N652B   ,United States,1751325543.0,1751325544,-120.5021,38.2484,2346.96,False,78.47,154.78,-0.33,,2400.3,1517,False,0,2025-06-30 23:19:04
a7d6a8,FFT2919 ,United States,1751325544.0,1751325544,-82.4626,39.0725,9906.0,False,216.11,193.77,2.93,,10492.74,4140,False,0,2025-06-30 23:19:04
a83f2b,EJA630  ,United States,1751325544.0,1751325544,-104.8443,34.3747,9959.34,False,209.17,20.44,7.8,,10523.22,,False,0,2025-06-30 23:19:04
c02eca,ACA2114 ,Canada,1751325543.0,1751325544,-88.4276,44.6253,11879.58,False,263.04,112.9,0.0,,12321.54,7070,False,0,2025-06-30 23:19:04
ace7aa,SWA1582 ,United States,1751325543.0,1751325543,-93.6289,31.0247,11582.4,False,217.81,241.2,0.0,,12252.96,4140,False,0,2025-06-30 23:19:04
a83f30,QXE2395 ,United States,1751325544.0,1751325544,-122.6816,45.0178,3977.64,False,164.27,354.79,-7.8,,4168.14,,False,0,2025-06-30 23:19:04
c02ed9,ACA345  ,Canada,1751325543.0,1751325543,-80.8602,47.8967,12184.38,False,221.35,297.4,0.0,,12618.72,6542,False,0,2025-06-30 23:19:04
a5cc35,UAL1631 ,United States,1751325364.0,1751325364,-87.9078,41.9716,,True,11.83,90.0,,,,1603,False,0,2025-06-30 23:19:04
a283ed,ENY3978 ,United States,1751325531.0,1751325531,-120.89,43.0144,10668.0,False,214.75,169.93,-0.33,,11155.68,1630,False,0,2025-06-30 23:19:04
a9af03,N723DG  ,United States,1751325539.0,1751325539,-95.2421,41.2662,1424.94,False,76.12,255.12,7.15,,1485.9,,False,0,2025-06-30 23:19:04
aa44ac,UAL331  ,United States,1751325543.0,1751325544,-75.2213,38.2881,9151.62,False,242.92,216.82,-4.88,,9685.02,6245,False,0,2025-06-30 23:19:04
abfd23,SWA3766 ,United States,1751325543.0,1751325544,-104.3629,37.537,11582.4,False,224.99,288.81,0.0,,12199.62,2667,False,0,2025-06-30 23:19:04
a3f3dc,EDV4895 ,United States,1751325544.0,1751325544,-83.6591,42.0947,3383.28,False,203.17,47.46,-10.73,,3459.48,5666,False,0,2025-06-30 23:19:04
aaa7ef,N786MM  ,United States,1751325544.0,1751325544,-113.8013,35.7825,5783.58,False,190.46,265.35,0.33,,6126.48,1213,False,0,2025-06-30 23:19:04
a4bf95,DAL738  ,United States,1751325543.0,1751325543,-104.2012,40.0495,11582.4,False,237.24,268.51,0.0,,12176.76,3343,False,0,2025-06-30 23:19:04
ac0a22,AAL1161 ,United States,1751325543.0,1751325543,-91.8804,33.5162,10972.8,False,227.53,245.98,0.0,,11628.12,6712,False,0,2025-06-30 23:19:04
c0853f,ACA466  ,Canada,1751325539.0,1751325539,-79.6154,43.6811,,True,0.0,92.81,,,,3475,False,0,2025-06-30 23:19:04
ace7cc,N930XX  ,United States,1751325544.0,1751325544,-80.5617,30.8583,8839.2,False,145.41,12.46,0.0,,9319.26,1451,False,0,2025-06-30 23:19:04
a283f4,AAY1380 ,United States,1751325543.0,1751325544,-84.4544,33.7116,10652.76,False,233.56,348.57,4.88,,11292.84,7445,False,0,2025-06-30 23:19:04
abfd39,SWA1701 ,United States,1751325543.0,1751325543,-122.374,37.3322,4625.34,False,194.24,263.31,10.73,,4808.22,6304,False,0,2025-06-30 23:19:04
a6b6be,N53116  ,United States,1751325514.0,1751325520,-81.8855,35.4668,1005.84,False,51.57,176.0,-3.9,,998.22,5227,False,0,2025-06-30 23:19:04
a58f9a,N4578N  ,United States,1751325543.0,1751325543,-101.8312,33.7252,1402.08,False,68.8,353.99,5.85,,1455.42,,False,0,2025-06-30 23:19:04
a2d3b3,SWA410  ,United States,1751325543.0,1751325543,-75.6294,39.1122,8229.6,False,229.14,36.51,0.0,,8694.42,1136,False,0,2025-06-30 23:19:04
aa57d2,CXK1023 ,United States,1751325544.0,1751325544,-118.0306,33.7204,609.6,False,50.63,322.43,-2.93,,556.26,,False,0,2025-06-30 23:19:04
a1a0a1,JBU528  ,United States,1751325544.0,1751325544,-73.5179,40.7496,990.6,False,118.43,320.64,-6.18,,1013.46,2102,False,0,2025-06-30 23:19:04
c02ee7,ACA859  ,Canada,1751325544.0,1751325544,-74.5447,45.8978,11574.78,False,234.5,242.14,-0.33,,12108.18,2521,False,0,2025-06-30 23:19:04
a809f5,NKS2309 ,United States,1751325543.0,1751325543,-80.9663,25.031,8580.12,False,232.18,290.76,4.55,,9075.42,,False,0,2025-06-30 23:19:04
a390ed,DAL2551 ,United States,1751325544.0,1751325544,-122.4731,45.547,464.82,False,68.61,298.68,-4.23,,457.2,1020,False,0,2025-06-30 23:19:04
a8e495,EJA672  ,United States,1751325544.0,1751325544,-76.4338,41.212,7924.8,False,194.81,263.18,0.65,,8336.28,1251,False,0,2025-06-30 23:19:04
a0a80e,SKW5597 ,United States,1751325526.0,1751325526,-100.3131,37.8252,9974.58,False,209.89,270.14,5.53,,10507.98,,False,0,2025-06-30 23:19:04
a559de,N444EA  ,United States,1751325543.0,1751325543,-84.3579,34.4948,8534.4,False,198.4,255.28,0.0,,9052.56,0251,False,0,2025-06-30 23:19:04
a559df,N444EB  ,United States,1751325544.0,1751325544,-117.7397,33.8958,2004.06,False,49.56,260.44,0.33,,2034.54,,False,0,2025-06-30 23:19:04
ae14c1,STGRY11 ,United States,1751325323.0,1751325416,-97.3349,33.069,609.6,False,56.83,170.62,-3.25,,579.12,,False,0,2025-06-30 23:19:04
ae14c2,MNTNA77 ,United States,1751325543.0,1751325544,-96.8725,28.6746,3322.32,False,128.84,26.05,0.0,,3505.2,4575,False,0,2025-06-30 23:19:04
a7619b,SKW4698 ,United States,1751325543.0,1751325544,-82.6337,40.8792,6629.4,False,197.31,285.27,7.15,,6972.3,7401,False,0,2025-06-30 23:19:04
ab9a4e,ERU847  ,United States,1751325543.0,1751325544,-81.4144,29.2665,1028.7,False,47.1,173.73,0.0,,1089.66,1200,False,0,2025-06-30 23:19:04
a4bf41,AAL2143 ,United States,1751325544.0,1751325544,-97.1796,32.9918,2080.26,False,131.03,4.28,-6.83,,2179.32,6624,False,0,2025-06-30 23:19:04
ad3d4e,AAL2067 ,United States,1751325445.0,1751325451,-77.3354,37.5313,175.26,False,77.22,147.79,-4.23,,152.4,0543,False,0,2025-06-30 23:19:04
ac1d80,N88WR   ,United States,1751325543.0,1751325543,-117.9549,33.9803,2141.22,False,121.18,263.42,-6.18,,2186.94,4610,False,0,2025-06-30 23:19:04
a666ae,N511RS  ,United States,1751325543.0,1751325543,-88.644,38.7382,13106.4,False,247.42,103.83,0.0,,13761.72,6026,False,0,2025-06-30 23:19:04
a05827,RPA4645 ,United States,1751325544.0,1751325544,-80.6873,46.3168,10363.2,False,198.96,273.56,0.0,,10797.54,1452,False,0,2025-06-30 23:19:04
abb4ea,SWA2781 ,United States,1751325533.0,1751325541,-112.8175,38.9412,10972.8,False,228.73,258.06,0.0,,11559.54,3536,False,0,2025-06-30 23:19:04
a69c07,N525FJ  ,United States,1751325432.0,1751325432,-95.3821,32.3618,434.34,False,47.43,24.34,-1.3,,441.96,,False,0,2025-06-30 23:19:04
a9f126,N74KV   ,United States,1751325544.0,1751325544,-71.7223,42.5149,1432.56,False,104.2,97.09,-3.25,,1463.04,4631,False,0,2025-06-30 23:19:04
3c6563,OCN51   ,Germany,1751325544.0,1751325544,-69.8919,42.2287,10660.38,False,244.61,42.95,0.0,,11216.64,2734,False,0,2025-06-30 23:19:04
acd4d7,DAL787  ,United States,1751325543.0,1751325543,-84.5978,33.7476,3642.36,False,132.21,127.09,0.65,,3825.24,3350,False,0,2025-06-30 23:19:04
a5cc19,UAL1368 ,United States,1751325544.0,1751325544,-104.5226,39.8668,3505.2,False,140.44,0.0,-5.2,,3726.18,2366,False,0,2025-06-30 23:19:04
a5cc11,UAL1222 ,United States,1751325544.0,1751325544,-78.2663,32.6088,10363.2,False,247.54,195.8,0.0,,10942.32,2625,False,0,2025-06-30 23:19:04
3c656c,DLH439  ,Germany,1751325544.0,1751325544,-89.8996,41.7661,10668.0,False,277.13,29.47,0.0,,11148.06,3557,False,0,2025-06-30 23:19:04
a390d7,N329ME  ,United States,1751325544.0,1751325544,-93.8645,40.8637,1813.56,False,70.28,197.9,-0.33,,1859.28,,False,0,2025-06-30 23:19:04
3c6572,DLH469  ,Germany,1751325544.0,1751325544,-94.2933,35.7497,10668.0,False,258.83,29.01,0.0,,11308.08,7337,False,0,2025-06-30 23:19:04
adf567,N999PR  ,United States,1751325543.0,1751325543,-115.0652,35.6529,11109.96,False,213.17,236.62,-13.66,,11689.08,,False,0,2025-06-30 23:19:04
a1b519,SKW5648 ,United States,1751325363.0,1751325364,-87.8904,42.0028,266.7,False,66.37,270.44,-3.25,,251.46,4307,False,0,2025-06-30 23:19:04
ab527e,N829CB  ,United States,1751325544.0,1751325544,-74.1744,40.813,609.6,False,121.98,258.07,10.73,,617.22,,False,0,2025-06-30 23:19:04
a880c8,RPA3562 ,United States,1751325544.0,1751325544,-79.3296,40.3806,3208.02,False,164.24,279.37,-7.15,,3352.8,5410,False,0,2025-06-30 23:19:04
a69c9b,N525MG  ,United States,1751325544.0,1751325544,-122.0016,37.8039,1082.04,False,82.95,144.34,-0.98,,1074.42,1750,False,0,2025-06-30 23:19:04
a0454a,N1163M  ,United States,1751325543.0,1751325543,-98.3478,29.3599,4686.3,False,101.6,175.94,12.03,,4975.86,4657,False,0,2025-06-30 23:19:04
acd571,N926LC  ,United States,1751325252.0,1751325252,-71.7736,42.5629,182.88,False,48.55,130.27,-2.6,,144.78,1200,False,0,2025-06-30 23:19:04
ac7289,N9007R  ,United States,1751325543.0,1751325544,-118.1174,46.9901,3169.92,False,72.57,289.46,-0.98,,3322.32,,False,0,2025-06-30 23:19:04
a22ed0,N24MY   ,United States,1751325544.0,1751325544,-114.4588,33.7787,9144.0,False,159.65,286.86,-0.33,,9654.54,3412,False,0,2025-06-30 23:19:04
a21ba0,FFT1116 ,United States,1751325543.0,1751325543,-113.8206,35.892,7574.28,False,206.82,90.71,7.48,,8016.24,,False,0,2025-06-30 23:19:04
a94c7b,DAL2496 ,United States,1751325543.0,1751325544,-76.6838,37.0801,8542.02,False,242.71,210.86,-10.4,,9052.56,2222,False,0,2025-06-30 23:19:04
a03235,AAL274  ,United States,1751325543.0,1751325543,-106.4123,31.5083,10675.62,False,246.19,119.14,0.0,,11308.08,1320,False,0,2025-06-30 23:19:04
a0588d,N121MS  ,United States,1751325543.0,1751325543,-73.4445,41.3792,510.54,False,47.01,336.8,0.0,,487.68,,False,0,2025-06-30 23:19:04
a5cc9e,N473DV  ,United States,1751325543.0,1751325543,-117.7459,46.8136,1691.64,False,72.02,27.66,-0.33,,1760.22,,False,0,2025-06-30 23:19:04
a3f500,AAL1669 ,United States,1751325543.0,1751325543,-101.5505,31.1904,10972.8,False,227.87,183.75,0.0,,11650.98,3266,False,0,2025-06-30 23:19:04
a1c828,N2138S  ,United States,1751325543.0,1751325543,-89.2207,41.6306,3368.04,False,74.44,319.48,0.33,,3474.72,7201,False,0,2025-06-30 23:19:04
aa7a83,SWA2290 ,United States,1751325507.0,1751325507,-90.9092,32.5294,10363.2,False,236.13,269.75,0.33,,10980.42,,False,0,2025-06-30 23:19:04
ade252,JBU772  ,United States,1751325543.0,1751325543,-71.4278,41.7241,4396.74,False,172.56,75.67,-6.5,,4610.1,6173,False,0,2025-06-30 23:19:04
abb59e,ASH6088 ,United States,1751325543.0,1751325544,-93.2239,31.5181,9204.96,False,241.12,68.47,3.58,,9753.6,7421,False,0,2025-06-30 23:19:04
abb59f,ASH6309 ,United States,1751325543.0,1751325543,-86.4424,31.1981,10363.2,False,230.04,275.65,0.33,,10995.66,7416,False,0,2025-06-30 23:19:04
a2e806,ASA732  ,United States,1751325544.0,1751325544,-112.1638,34.1897,4968.24,False,174.05,168.06,-7.48,,5288.28,,False,0,2025-06-30 23:19:04
a05871,N121LP  ,United States,1751325544.0,1751325544,-117.6561,33.9889,426.72,False,50.66,80.06,1.63,,381.0,,False,0,2025-06-30 23:19:04
ad928b,ASA16   ,United States,1751325544.0,1751325544,-114.0458,47.9388,10668.0,False,259.85,83.63,0.0,,11132.82,6670,False,0,2025-06-30 23:19:04
ad928e,AAL257  ,United States,1751325543.0,1751325543,-80.2588,25.5235,3139.44,False,150.91,209.62,7.8,,3329.94,,False,0,2025-06-30 23:19:04
ad928d,AMX659  ,United States,1751325544.0,1751325544,-98.927,30.5671,10668.0,False,228.66,188.15,0.0,,11330.94,1561,False,0,2025-06-30 23:19:04
a45ba2,DAL2032 ,United States,1751325542.0,1751325542,-89.701,33.3817,10363.2,False,243.24,307.52,0.0,,10995.66,6216,False,0,2025-06-30 23:19:04
a1a21f,AAY1472 ,United States,1751325543.0,1751325543,-88.2462,31.015,7589.52,False,240.14,123.11,-4.55,,8061.96,3451,False,0,2025-06-30 23:19:04
a94c2a,PDT5910 ,United States,1751325544.0,1751325544,-80.7452,35.1078,3032.76,False,153.68,336.52,-0.33,,3192.78,,False,0,2025-06-30 23:19:04
a6ec56,AAL558  ,United States,1751325544.0,1751325544,-100.5218,32.4821,9029.7,False,243.01,295.32,3.9,,9585.96,5215,False,0,2025-06-30 23:19:04
a1a218,ENY3860 ,United States,1751325543.0,1751325544,-94.2462,33.0015,9319.26,False,245.11,79.85,3.25,,9928.86,3661,False,0,2025-06-30 23:19:04
a653f6,JIA5560 ,United States,1751325543.0,1751325543,-80.0148,38.0536,9022.08,False,235.26,61.53,-8.45,,9578.34,1723,False,0,2025-06-30 23:19:04
ad9293,DAL1821 ,United States,1751325350.0,1751325501,-89.0797,32.3799,5433.06,False,227.39,86.11,6.5,,5821.68,,False,0,2025-06-30 23:19:04
a69c95,N525MA  ,United States,1751325543.0,1751325543,-79.031,40.4183,11582.4,False,179.88,262.94,0.0,,12222.48,3304,False,0,2025-06-30 23:19:04
a1c868,ASA601  ,United States,1751325544.0,1751325544,-121.0646,43.8432,10363.2,False,219.96,293.87,-0.33,,10835.64,,False,0,2025-06-30 23:19:04
a2e83c,N287CP  ,United States,1751325518.0,1751325518,-111.9956,40.6196,,True,7.46,163.12,,,,,False,0,2025-06-30 23:19:04
ad07a6,NFX103  ,United States,1751325544.0,1751325544,-119.7037,35.4424,6096.0,False,146.0,312.57,0.33,,6377.94,1301,False,0,2025-06-30 23:19:04
abfd00,SWA714  ,United States,1751325543.0,1751325544,-118.2277,33.7944,1158.24,False,118.3,187.5,9.75,,1150.62,,False,0,2025-06-30 23:19:04
a41518,N362Q   ,United States,1751325543.0,1751325543,-122.1139,37.4564,,True,4.63,180.0,,,,1200,False,0,2025-06-30 23:19:04
aa7a3c,SWA1274 ,United States,1751325543.0,1751325544,-86.0134,39.0228,11887.2,False,239.99,117.44,0.33,,12527.28,0733,False,0,2025-06-30 23:19:04
abc7a3,SWA3335 ,United States,1751325543.0,1751325544,-82.9071,36.1946,10972.8,False,237.4,247.71,-0.33,,11628.12,7535,False,0,2025-06-30 23:19:04
a0589c,N121NG  ,United States,1751325540.0,1751325540,-86.4047,35.9556,563.88,False,46.79,165.35,-0.65,,563.88,,False,0,2025-06-30 23:19:04
aadd29,N79999  ,United States,1751325544.0,1751325544,-97.1257,43.9081,12496.8,False,275.04,135.91,-0.33,,12931.14,5472,False,0,2025-06-30 23:19:04
a69c8c,LSO1    ,United States,1751325544.0,1751325544,-96.4257,32.9413,8808.72,False,171.64,54.02,7.8,,9364.98,0507,False,0,2025-06-30 23:19:04
ab64b8,AAL1686 ,United States,1751325543.0,1751325543,-102.674,41.1483,10675.62,False,253.01,129.22,0.0,,11201.4,,False,0,2025-06-30 23:19:04
a66878,N5117E  ,United States,1751325544.0,1751325544,-121.7613,47.2935,2651.76,False,63.44,22.41,-0.65,,2758.44,1374,False,0,2025-06-30 23:19:04
a2d56f,CNS325  ,United States,1751325544.0,1751325544,-77.7379,34.6188,4884.42,False,139.21,3.81,11.7,,5158.74,,False,0,2025-06-30 23:19:04
ad4eb5,AAL3026 ,United States,1751325544.0,1751325544,-80.5324,35.1281,10058.4,False,236.46,68.96,0.0,,10668.0,6477,False,0,2025-06-30 23:19:04
aaa861,N786SA  ,United States,1751325543.0,1751325544,-122.2999,48.1058,1371.6,False,54.79,167.53,-0.33,,1432.56,0467,False,0,2025-06-30 23:19:04
a2d573,ASA20   ,United States,1751325543.0,1751325543,-104.264,41.8675,10668.0,False,244.16,87.1,0.33,,11216.64,6256,False,0,2025-06-30 23:19:04
a71ebb,N558SH  ,United States,1751325523.0,1751325523,-123.3148,45.2245,327.66,False,29.49,312.88,-0.33,,304.8,,False,0,2025-06-30 23:19:04
a5dee3,ASA634  ,United States,1751325543.0,1751325543,-115.6381,35.8901,3581.4,False,173.44,271.7,5.2,,3764.28,,False,0,2025-06-30 23:19:04
a21bea,RPA5757 ,United States,1751325544.0,1751325544,-84.0717,42.3063,9753.6,False,207.75,257.99,0.0,,10256.52,3476,False,0,2025-06-30 23:19:04
a69bcd,DAL362  ,United States,1751325544.0,1751325544,-93.2159,44.7569,10043.16,False,250.05,89.06,-0.33,,10347.96,3701,False,0,2025-06-30 23:19:04
abb534,ASH6153 ,United States,1751325359.0,1751325363,-95.3071,30.0072,137.16,False,76.65,270.0,-3.58,,144.78,0755,False,0,2025-06-30 23:19:04
a1c88f,MXY509  ,United States,1751325543.0,1751325543,-84.9215,38.2108,11277.6,False,236.22,107.88,0.0,,11932.92,4670,True,0,2025-06-30 23:19:04
a1b573,SWA2520 ,United States,1751325544.0,1751325544,-121.2932,38.5133,3390.9,False,161.95,123.34,5.2,,3520.44,3630,False,0,2025-06-30 23:19:04
abb52c,SWA1709 ,United States,1751325543.0,1751325543,-101.4952,30.8241,10972.8,False,220.94,276.15,0.0,,11643.36,5171,True,0,2025-06-30 23:19:04
a0a7a0,AAL2732 ,United States,1751325533.0,1751325540,-78.8751,31.2998,10675.62,False,236.25,337.74,0.0,,11239.5,6776,False,0,2025-06-30 23:19:04
a65509,N507ME  ,United States,1751325544.0,1751325544,-77.8421,39.3986,678.18,False,74.29,306.55,-2.6,,662.94,,False,0,2025-06-30 23:19:04
c07193,WJA1522 ,Canada,1751325543.0,1751325543,-121.7869,41.3587,11277.6,False,220.37,193.23,0.0,,11818.62,,False,0,2025-06-30 23:19:04
c07195,AIE833  ,Canada,1751325543.0,1751325543,-73.3781,45.6539,1874.52,False,126.93,253.03,-7.8,,1920.24,,False,0,2025-06-30 23:19:04
ace877,N9303N  ,United States,1751325524.0,1751325542,-96.9666,33.5283,914.4,False,48.57,233.62,-0.33,,914.4,,False,0,2025-06-30 23:19:04
a2c27e,SWA3962 ,United States,1751325544.0,1751325544,-77.3045,38.0494,6957.06,False,212.6,27.37,-7.8,,7345.68,5611,False,0,2025-06-30 23:19:04
abfbd0,UAL1803 ,United States,1751325530.0,1751325540,-116.1549,38.3689,10965.18,False,221.72,255.9,0.0,,11536.68,,False,0,2025-06-30 23:19:04
a880ed,,United States,1751325384.0,1751325384,-97.4065,38.1489,1059.18,False,53.48,133.83,0.98,,1097.28,,False,0,2025-06-30 23:19:04
abb54f,SWA2627 ,United States,1751325543.0,1751325544,-87.0238,36.4405,11887.2,False,231.99,137.79,0.0,,12580.62,2175,False,0,2025-06-30 23:19:04
4080bf,BAW171  ,United Kingdom,1751325543.0,1751325544,-79.6266,41.0503,4091.94,False,159.7,228.92,-8.45,,4274.82,2451,False,0,2025-06-30 23:19:04
3c64f0,DLH404  ,Germany,1751325543.0,1751325544,-71.8849,41.3023,7200.9,False,196.12,231.18,-5.53,,7581.9,0723,False,0,2025-06-30 23:19:04
c02f21,WJA671  ,Canada,1751325535.0,1751325541,-83.5738,45.9674,10972.8,False,221.7,311.05,0.0,,11407.14,6301,False,0,2025-06-30 23:19:04
a9f0b4,N74FF   ,United States,1751325543.0,1751325544,-119.127,35.5387,777.24,False,45.1,334.31,0.0,,739.14,,False,0,2025-06-30 23:19:04
3c64f6,DLH420  ,Germany,1751325543.0,1751325543,-68.4756,44.717,10972.8,False,228.69,219.71,0.0,,11498.58,2041,False,0,2025-06-30 23:19:04
abb579,SWA2616 ,United States,1751325544.0,1751325544,-87.7369,41.6476,1203.96,False,110.95,44.44,-6.83,,1219.2,3274,False,0,2025-06-30 23:19:04
4080c0,BAW20R  ,United Kingdom,1751325543.0,1751325543,-76.7406,44.6386,11269.98,False,269.2,64.17,0.0,,11818.62,2332,False,0,2025-06-30 23:19:04
a64205,N502GS  ,United States,1751325543.0,1751325543,-109.0732,32.2259,14325.6,False,253.08,285.08,0.0,,15003.78,3442,False,0,2025-06-30 23:19:04
aa5806,CBC766  ,United States,1751325543.0,1751325543,-107.4493,32.2283,5334.0,False,170.0,84.62,-16.58,,5654.04,6002,False,0,2025-06-30 23:19:04
3c64ec,DLH450  ,Germany,1751325544.0,1751325544,-111.3298,38.0942,10972.8,False,246.34,216.08,-0.33,,11559.54,,False,0,2025-06-30 23:19:04
a8d249,DAL1670 ,United States,1751325544.0,1751325544,-80.619,25.9723,1912.62,False,123.5,39.59,-3.9,,2026.92,2072,False,0,2025-06-30 23:19:04
a07a37,N13QA   ,United States,1751325543.0,1751325543,-121.9444,37.1485,1424.94,False,92.4,323.83,-2.28,,1424.94,,False,0,2025-06-30 23:19:04
aa328f,RPA3309 ,United States,1751325543.0,1751325543,-89.6506,38.8116,6385.56,False,211.02,99.97,8.45,,6713.22,1132,False,0,2025-06-30 23:19:04
a94bfc,UAL414  ,United States,1751325542.0,1751325543,-99.6483,41.9829,10363.2,False,232.74,239.3,0.0,,10828.02,2453,False,0,2025-06-30 23:19:04
a94bff,UAL1945 ,United States,1751325543.0,1751325543,-105.6936,31.6651,10972.8,False,237.96,300.39,-0.33,,11620.5,2565,False,0,2025-06-30 23:19:04
abfc97,SWA3001 ,United States,1751325544.0,1751325544,-116.3674,35.1319,7635.24,False,236.37,49.24,-5.53,,8061.96,2710,False,0,2025-06-30 23:19:04
ae13bb,HOOK51  ,United States,1751325537.0,1751325537,-95.7596,36.1923,1196.34,False,118.84,180.5,-0.98,,1264.92,,False,0,2025-06-30 23:19:04
a1c7c1,UAL950  ,United States,1751325544.0,1751325544,-77.3866,39.1413,3048.0,False,164.38,73.27,0.65,,3192.78,6564,False,0,2025-06-30 23:19:04
a76277,WSN3    ,United States,1751325543.0,1751325544,-111.4685,34.4087,4777.74,False,128.39,218.98,-2.28,,5052.06,,False,0,2025-06-30 23:19:04
a1fd03,SWA3777 ,United States,1751325543.0,1751325543,-87.7749,40.7234,8199.12,False,242.65,169.0,10.08,,8587.74,6450,False,0,2025-06-30 23:19:04
4b15db,EDW2M   ,Switzerland,1751325543.0,1751325544,-114.7773,36.0735,2202.18,False,127.07,270.23,-5.85,,2278.38,,False,0,2025-06-30 23:19:04
c08497,ACA268  ,Canada,1751325544.0,1751325544,-89.1301,48.6686,10683.24,False,252.38,109.65,0.0,,10873.74,,False,0,2025-06-30 23:19:04
acd3ea,N9256C  ,United States,1751325543.0,1751325543,-87.3842,36.6128,472.44,False,47.35,268.13,-0.33,,449.58,,False,0,2025-06-30 23:19:04
a76290,N575SD  ,United States,1751325542.0,1751325542,-88.1059,44.4792,556.26,False,56.66,57.61,0.0,,480.06,,False,0,2025-06-30 23:19:04
aa8bfa,ENY4293 ,United States,1751325542.0,1751325542,-92.9996,37.2728,4030.98,False,177.3,73.83,12.68,,4191.0,,False,0,2025-06-30 23:19:04
a07a20,N13PC   ,United States,1751325544.0,1751325544,-93.5372,36.2099,4541.52,False,91.16,249.52,-3.9,,4716.78,0112,False,0,2025-06-30 23:19:04
ae13f9,SPECK88 ,United States,1751325543.0,1751325543,-97.2595,36.0887,1150.62,False,95.57,185.25,-5.2,,1196.34,,False,0,2025-06-30 23:19:04
ae13f4,PAWS65  ,United States,1751325519.0,1751325519,-97.4546,36.6209,3954.78,False,149.51,71.13,-0.33,,4183.38,,False,0,2025-06-30 23:19:04
a21d14,SWA2647 ,United States,1751325543.0,1751325544,-119.095,38.0735,9753.6,False,241.06,259.67,-0.33,,10226.04,,False,0,2025-06-30 23:19:04
a2c28a,N277X   ,United States,1751325467.0,1751325467,-112.0201,33.4252,,True,0.06,270.0,,,,1446,False,0,2025-06-30 23:19:04
a8d206,AAL540  ,United States,1751325543.0,1751325543,-114.6947,41.3324,10668.0,False,236.89,162.43,-0.33,,11209.02,,False,0,2025-06-30 23:19:04
a1ea32,UAL253  ,United States,1751325543.0,1751325543,-106.7104,32.0186,9753.6,False,258.14,280.1,0.0,,10317.48,7266,False,0,2025-06-30 23:19:04
a07a72,N13SK   ,United States,1751325230.0,1751325230,-80.1959,26.1936,91.44,False,38.21,43.36,-3.25,,114.3,,False,0,2025-06-30 23:19:04
a1a1b6,RPA5677 ,United States,1751325544.0,1751325544,-73.7615,41.5396,3535.68,False,166.82,188.16,-9.1,,3703.32,4635,False,0,2025-06-30 23:19:04
a33d62,DAL305  ,United States,1751325319.0,1751325319,-78.2908,30.0554,9448.8,False,229.74,6.17,0.0,,9928.86,6050,False,0,2025-06-30 23:19:04
a69bdf,N525DU  ,United States,1751325544.0,1751325544,-92.8825,33.0824,11879.58,False,162.48,83.82,0.65,,12557.76,3433,False,0,2025-06-30 23:19:04
a427e3,SUB47   ,United States,1751325291.0,1751325291,-90.6325,38.6622,152.4,False,66.29,257.91,-4.55,,144.78,1064,False,0,2025-06-30 23:19:04
a71efa,AAL2387 ,United States,1751325543.0,1751325543,-111.5002,32.8635,10058.4,False,251.16,111.26,0.0,,10637.52,3252,False,0,2025-06-30 23:19:04
a89545,QXE2326 ,United States,1751325544.0,1751325544,-120.8445,46.2657,9677.4,False,225.54,126.37,8.13,,10119.36,1642,False,0,2025-06-30 23:19:04
a65598,SKW4960 ,United States,1751325544.0,1751325544,-119.4257,38.1338,10668.0,False,215.59,184.11,-0.33,,11201.4,6044,False,0,2025-06-30 23:19:04
a83ef2,NKS8830 ,United States,1751325543.0,1751325543,-82.0822,34.0336,11582.4,False,231.5,143.13,0.33,,12275.82,5743,False,0,2025-06-30 23:19:04
a1ea0d,N222SP  ,United States,1751325543.0,1751325543,-113.2141,34.1064,2895.6,False,49.68,291.25,1.63,,3078.48,1117,True,0,2025-06-30 23:19:04
ae13fd,JAVAN51 ,United States,1751325544.0,1751325544,-97.8605,30.6521,4983.48,False,135.65,257.07,-2.28,,5280.66,5535,False,0,2025-06-30 23:19:04
aa3249,N756WB  ,United States,1751325544.0,1751325544,-85.2258,39.3975,944.88,False,62.15,252.16,0.0,,944.88,0366,False,0,2025-06-30 23:19:04
a6a54e,N5270G  ,United States,1751325544.0,1751325544,-88.3115,41.5226,990.6,False,44.81,347.4,-1.3,,975.36,1200,False,0,2025-06-30 23:19:04
a76235,JIA5487 ,United States,1751325544.0,1751325544,-92.3704,33.2819,10660.38,False,251.89,85.31,0.0,,11323.32,6254,False,0,2025-06-30 23:19:04
aa589c,JBU276  ,United States,1751325543.0,1751325543,-72.043,39.9906,7315.2,False,223.32,339.64,0.0,,7741.92,,False,0,2025-06-30 23:19:04
a6b87a,SKW5442 ,United States,1751325241.0,1751325241,-89.9894,35.1304,556.26,False,84.94,177.92,-4.23,,594.36,4025,True,0,2025-06-30 23:19:04
a5cbf3,UAL2645 ,United States,1751325544.0,1751325544,-75.1577,40.0492,3825.24,False,181.25,43.16,-7.15,,4023.36,0765,False,0,2025-06-30 23:19:04
a6426a,N502LT  ,United States,1751325536.0,1751325536,-85.5181,38.6688,1645.92,False,50.17,105.46,20.16,,1676.4,1200,False,0,2025-06-30 23:19:04
0d0a19,VOI761  ,Mexico,1751325543.0,1751325543,-104.4386,38.9074,7277.1,False,212.56,157.97,7.8,,7696.2,1456,False,0,2025-06-30 23:19:04
a031bd,AAL3053 ,United States,1751325544.0,1751325544,-97.1513,33.2169,1219.2,False,121.72,117.43,0.0,,1280.16,4676,False,0,2025-06-30 23:19:04
0d0a18,VOI800  ,Mexico,1751325544.0,1751325544,-97.7076,32.2433,6294.12,False,216.27,26.87,-9.75,,6675.12,2665,False,0,2025-06-30 23:19:04
aa8be5,EJA779  ,United States,1751325543.0,1751325544,-75.2116,42.1137,6705.6,False,207.72,266.45,-0.33,,7040.88,2441,False,0,2025-06-30 23:19:04
a8955e,NKS2366 ,United States,1751325543.0,1751325543,-92.1488,32.9887,10980.42,False,223.62,230.41,0.0,,11650.98,5771,False,0,2025-06-30 23:19:04
a7d892,N60406  ,United States,1751325525.0,1751325525,-90.2105,38.5171,594.36,False,52.69,63.94,-0.65,,571.5,,False,0,2025-06-30 23:19:04
ab0ed1,N811TW  ,United States,1751325543.0,1751325543,-117.1538,32.8272,457.2,False,42.42,22.83,4.88,,403.86,,False,0,2025-06-30 23:19:04
abb507,SWA867  ,United States,1751325543.0,1751325543,-78.2551,42.4142,11582.4,False,208.89,251.03,0.0,,12184.38,1045,False,0,2025-06-30 23:19:04
acc0fb,N9203R  ,United States,1751325542.0,1751325542,-91.3859,33.9018,3040.38,False,72.81,240.36,0.0,,3200.4,1646,False,0,2025-06-30 23:19:04
aa3226,AAL1610 ,United States,1751325543.0,1751325543,-84.442,33.6426,,True,0.0,270.0,,,,1626,True,0,2025-06-30 23:19:04
a11f9d,UAL350  ,United States,1751325543.0,1751325544,-72.8262,39.8341,7894.32,False,245.03,87.95,7.8,,8305.8,3306,False,0,2025-06-30 23:19:04
aa9d1a,EJA783  ,United States,1751325543.0,1751325543,-96.8403,32.8413,,True,4.63,45.0,,,,2746,False,0,2025-06-30 23:19:04
aa67d5,N77MV   ,United States,1751325543.0,1751325543,-122.3256,47.7622,579.12,False,40.85,323.71,-0.65,,609.6,,False,0,2025-06-30 23:19:04
ac2d09,DAL355  ,United States,1751325543.0,1751325543,-109.2979,36.3696,10972.8,False,237.03,261.76,-0.33,,11582.4,1751,False,0,2025-06-30 23:19:04
a303c4,N29355  ,United States,1751325543.0,1751325544,-84.4258,33.1446,609.6,False,45.47,248.08,0.33,,594.36,1200,False,0,2025-06-30 23:19:04
a72f22,JBU1642 ,United States,1751325518.0,1751325518,-73.7693,40.6345,,True,8.75,5.62,,,,5641,False,0,2025-06-30 23:19:04
a59f53,SWA452  ,United States,1751325544.0,1751325544,-104.3707,39.5591,5082.54,False,157.14,333.35,-0.33,,5402.58,7501,True,0,2025-06-30 23:19:04
0d0e40,AMX640  ,Mexico,1751325543.0,1751325543,-74.5145,39.0452,11277.6,False,235.0,33.48,0.33,,11925.3,3267,False,0,2025-06-30 23:19:04
a0a3f8,N140PC  ,United States,1751325542.0,1751325543,-105.1223,40.152,1661.16,False,46.94,27.41,0.98,,1760.22,,False,0,2025-06-30 23:19:04
aaed17,AAL2076 ,United States,1751325543.0,1751325543,-81.048,33.6104,6096.0,False,225.73,189.31,0.0,,6454.14,1035,False,0,2025-06-30 23:19:04
acd296,AAL751  ,United States,1751325543.0,1751325543,-84.8502,36.4257,9707.88,False,230.55,300.28,3.58,,10294.62,1133,False,0,2025-06-30 23:19:04
a5ef0e,UAL1844 ,United States,1751325544.0,1751325544,-74.2597,40.6358,845.82,False,134.8,269.13,16.91,,838.2,3367,False,0,2025-06-30 23:19:04
a2f6ba,AAY711  ,United States,1751325543.0,1751325544,-96.9544,40.6676,10668.0,False,261.52,75.88,0.0,,11178.54,2670,False,0,2025-06-30 23:19:04
a449f1,DAL716  ,United States,1751325543.0,1751325543,-104.4868,40.2279,3566.16,False,135.9,258.65,-1.95,,3787.14,2673,False,0,2025-06-30 23:19:04
a1e9fe,N222RZ  ,United States,1751325543.0,1751325543,-72.9747,42.1132,2164.08,False,95.14,101.86,0.33,,2232.66,,False,0,2025-06-30 23:19:04
a0b6ea,SKW5552 ,United States,1751325544.0,1751325544,-92.9935,31.7293,9753.6,False,226.18,227.86,-0.33,,10378.44,,False,0,2025-06-30 23:19:04
a449e5,DAL2120 ,United States,1751325544.0,1751325544,-116.551,35.0195,8046.72,False,246.99,55.78,-4.88,,8511.54,4777,False,0,2025-06-30 23:19:04
ad4d12,AAL1288 ,United States,1751325544.0,1751325544,-100.9303,27.8071,10660.38,False,242.75,34.9,0.0,,11330.94,,False,0,2025-06-30 23:19:04
0d0e61,XARZR   ,Mexico,1751325420.0,1751325420,-99.253,25.7896,2727.96,False,82.31,89.64,0.0,,2857.5,,False,0,2025-06-30 23:19:04
a2f6b3,ENY3345 ,United States,1751325544.0,1751325544,-70.8358,43.2331,10866.12,False,221.36,209.37,4.55,,11445.24,3557,False,0,2025-06-30 23:19:04
aaa4b3,SKW5606 ,United States,1751325544.0,1751325544,-84.8917,40.7803,10264.14,False,237.07,300.52,-10.4,,10835.64,1353,False,0,2025-06-30 23:19:04
a5dc0c,CBC477  ,United States,1751325349.0,1751325359,-112.0221,41.187,1348.74,False,44.38,45.0,-0.65,,1371.6,,False,0,2025-06-30 23:19:04
c080dc,ACA527  ,Canada,1751325544.0,1751325544,-95.0937,44.3733,10355.58,False,228.0,239.79,0.0,,10698.48,1011,False,0,2025-06-30 23:19:04
c080dd,ACA326  ,Canada,1751325543.0,1751325543,-73.889,45.5934,1889.76,False,132.37,118.56,-3.9,,1927.86,,False,0,2025-06-30 23:19:04
a2e3e9,N2857P  ,United States,1751325320.0,1751325324,-117.1318,32.8131,182.88,False,33.64,293.43,-1.63,,137.16,,False,0,2025-06-30 23:19:04
ab0d76,DAL1109 ,United States,1751325454.0,1751325455,-105.6738,35.2476,9044.94,False,236.85,92.37,2.6,,9570.72,,False,0,2025-06-30 23:19:04
a2d0b2,OXF5246 ,United States,1751325304.0,1751325306,-111.7227,33.4661,525.78,False,40.98,231.12,-4.55,,426.72,,False,0,2025-06-30 23:19:04
a34c6f,N311VM  ,United States,1751325543.0,1751325543,-102.4657,43.8678,3291.84,False,139.89,117.13,0.0,,3459.48,,False,0,2025-06-30 23:19:04
a96def,N7065R  ,United States,1751325542.0,1751325542,-111.7977,33.0583,853.44,False,39.45,192.04,0.98,,769.62,1200,False,0,2025-06-30 23:19:04
abfa24,AAL110  ,United States,1751325544.0,1751325544,-83.7469,45.1004,11879.58,False,282.91,71.99,0.0,,12374.88,6267,False,0,2025-06-30 23:19:04
aaed5a,DAL2209 ,United States,1751325543.0,1751325543,-81.8732,28.093,4838.7,False,163.6,62.47,-0.33,,5097.78,5660,False,0,2025-06-30 23:19:04
acf7e4,N9347T  ,United States,1751325543.0,1751325544,-88.3609,41.549,944.88,False,38.86,6.84,3.25,,937.26,1200,False,0,2025-06-30 23:19:04
abc4be,SWA882  ,United States,1751325543.0,1751325543,-94.2913,33.7001,11285.22,False,244.56,68.4,-0.33,,11963.4,6263,False,0,2025-06-30 23:19:04
a34c68,ENY3602 ,United States,1751325463.0,1751325463,-83.2663,45.839,9144.0,False,195.43,241.55,0.33,,9517.38,6557,False,0,2025-06-30 23:19:04
aaa4dc,UAL57   ,United States,1751325544.0,1751325544,-70.5207,43.688,10668.0,False,267.18,62.1,0.0,,11201.4,1753,False,0,2025-06-30 23:19:04
aa559e,N765RM  ,United States,1751325544.0,1751325544,-99.5372,25.4232,5471.16,False,200.46,334.95,-15.93,,5775.96,,False,0,2025-06-30 23:19:04
a9bde6,N727DP  ,United States,1751325543.0,1751325543,-99.1839,34.0197,5913.12,False,121.99,309.87,1.95,,6256.02,6130,False,0,2025-06-30 23:19:04
0d0e1d,AMX645  ,Mexico,1751325543.0,1751325543,-112.3213,30.5069,11277.6,False,245.57,130.5,0.0,,11948.16,7705,False,0,2025-06-30 23:19:04
a1d811,RPA5881 ,United States,1751325544.0,1751325544,-76.8624,38.576,2453.64,False,149.12,145.54,0.33,,2575.56,5662,False,0,2025-06-30 23:19:04
a0b81e,UAL1292 ,United States,1751325543.0,1751325543,-70.3159,42.7704,4747.26,False,201.35,159.67,-11.05,,4975.86,3776,False,0,2025-06-30 23:19:04
adaee8,AAL1193 ,United States,1751325544.0,1751325544,-94.0114,34.805,10363.2,False,233.9,214.88,0.0,,10980.42,3266,False,0,2025-06-30 23:19:04
a0b81d,UAL746  ,United States,1751325543.0,1751325543,-101.3901,38.8426,10355.58,False,226.43,271.43,0.0,,10927.08,7041,False,0,2025-06-30 23:19:04
a0b823,UAL1527 ,United States,1751325544.0,1751325544,-110.7224,40.7834,10675.62,False,241.47,94.4,0.33,,11269.98,3342,False,0,2025-06-30 23:19:04
a0b821,UAL234  ,United States,1751325544.0,1751325544,-103.4088,37.8395,10386.06,False,238.5,137.54,5.53,,10965.18,3263,False,0,2025-06-30 23:19:04
a46c9a,UAL1216 ,United States,1751325544.0,1751325544,-100.3261,30.8691,10668.0,False,239.5,85.32,0.0,,11330.94,3724,False,0,2025-06-30 23:19:04
a0b820,UAL2211 ,United States,1751325543.0,1751325543,-86.8081,41.7719,3688.08,False,186.77,352.56,0.0,,3825.24,5720,False,0,2025-06-30 23:19:04
ac2be9,SWA189  ,United States,1751325472.0,1751325472,-96.844,32.8446,,True,5.4,317.81,,,,6725,False,0,2025-06-30 23:19:04
acf870,N935CB  ,United States,1751325542.0,1751325542,-117.412,33.946,434.34,False,31.4,288.14,-0.98,,396.24,1200,False,0,2025-06-30 23:19:04
a770a2,JBU1794 ,United States,1751325543.0,1751325543,-78.4817,29.8668,11277.6,False,231.21,14.56,0.0,,11856.72,4601,False,0,2025-06-30 23:19:04
a23ea5,N2438S  ,United States,1751325543.0,1751325544,-72.8726,40.8218,91.44,False,37.1,225.0,4.23,,53.34,,False,0,2025-06-30 23:19:04
abb245,SWA2349 ,United States,1751325398.0,1751325398,-122.3821,37.6204,,True,4.89,298.12,,,,2032,False,0,2025-06-30 23:19:04
a913d6,UAL920  ,United States,1751325490.0,1751325490,-87.9041,41.9704,,True,11.32,90.0,,,,,False,0,2025-06-30 23:19:04
a0b82f,N1454H  ,United States,1751325542.0,1751325542,-67.4343,45.4964,13716.0,False,245.32,234.04,0.0,,14218.92,0777,False,0,2025-06-30 23:19:04
c080a6,WJA1525 ,Canada,1751325543.0,1751325544,-119.3428,37.9864,10972.8,False,251.68,13.35,0.0,,11529.06,7723,False,0,2025-06-30 23:19:04
ac2bf8,ASH6151 ,United States,1751325544.0,1751325544,-90.1238,36.4075,8839.2,False,259.66,54.52,-0.33,,9342.12,5614,False,0,2025-06-30 23:19:04
ad0562,SWA40   ,United States,1751325544.0,1751325544,-99.7513,34.1995,12192.0,False,236.99,332.6,0.33,,12877.8,1343,False,0,2025-06-30 23:19:04
a9bf4b,DAL823  ,United States,1751325081.0,1751325278,-111.9296,38.7924,11582.4,False,223.72,262.34,0.0,,12199.62,2051,False,0,2025-06-30 23:19:04
a280fe,SWA537  ,United States,1751325534.0,1751325539,-122.3777,37.6208,,True,0.0,227.81,,,,6213,False,0,2025-06-30 23:19:04
a0b801,UAL1602 ,United States,1751325544.0,1751325544,-92.6959,34.7171,10347.96,False,233.0,298.77,0.33,,10980.42,3203,False,0,2025-06-30 23:19:04
c080d9,ACA423  ,Canada,1751325544.0,1751325544,-79.0146,43.9021,2407.92,False,126.32,227.15,-6.18,,2446.02,6553,False,0,2025-06-30 23:19:04
a9bf27,SKW6282 ,United States,1751325543.0,1751325543,-104.1448,38.2327,11277.6,False,239.31,95.55,-0.33,,11879.58,3521,False,0,2025-06-30 23:19:04
abc56d,N858DT  ,United States,1751325543.0,1751325543,-112.1579,41.3373,2133.6,False,55.96,60.84,-0.98,,2225.04,,False,0,2025-06-30 23:19:04
a0b803,UAL798  ,United States,1751325544.0,1751325544,-95.6808,38.0899,10050.78,False,262.65,77.79,0.0,,10622.28,,False,0,2025-06-30 23:19:04
a96f68,JRE707  ,United States,1751325544.0,1751325544,-122.3448,45.3799,2019.3,False,119.57,251.95,-7.48,,2080.26,3160,False,0,2025-06-30 23:19:04
adaef7,N981BC  ,United States,1751325543.0,1751325543,-116.7979,43.7586,1546.86,False,51.84,310.17,0.98,,1562.1,,False,0,2025-06-30 23:19:04
ab627c,SWA1850 ,United States,1751325543.0,1751325543,-112.2729,36.078,11277.6,False,238.77,79.95,0.33,,11917.68,,False,0,2025-06-30 23:19:04
a7d3d3,EJA603  ,United States,1751325544.0,1751325544,-77.5528,35.8112,13106.4,False,230.83,218.12,0.0,,13761.72,4002,False,0,2025-06-30 23:19:04
a2d0d5,OXF5542 ,United States,1751325543.0,1751325543,-111.8873,32.893,1143.0,False,49.39,247.98,-0.33,,1104.9,1200,False,0,2025-06-30 23:19:04
a796d6,N5886M  ,United States,1751325542.0,1751325543,-88.2902,41.8024,1242.06,False,68.94,0.43,0.0,,1249.68,1301,False,0,2025-06-30 23:19:04
ab628c,SWA4035 ,United States,1751325543.0,1751325543,-99.854,42.9422,10668.0,False,257.56,118.25,0.0,,11125.2,,False,0,2025-06-30 23:19:04
abb271,SWA4752 ,United States,1751325543.0,1751325543,-85.5828,35.3842,11277.6,False,234.17,169.11,0.33,,11948.16,5624,False,0,2025-06-30 23:19:04
a0a530,N1401E  ,United States,1751325543.0,1751325543,-104.7964,39.0877,2651.76,False,45.62,187.13,1.95,,2811.78,,False,0,2025-06-30 23:19:04
a16227,N189AM  ,United States,1751325464.0,1751325469,-112.3668,33.4297,365.76,False,6.59,231.34,-0.98,,266.7,,False,0,2025-06-30 23:19:04
a4cf95,JTL40   ,United States,1751325544.0,1751325544,-92.2294,43.7357,13716.0,False,206.48,151.58,0.0,,14150.34,1652,False,0,2025-06-30 23:19:04
a0ebaf,N159AS  ,United States,1751325543.0,1751325543,-100.4766,31.3535,914.4,False,57.65,2.05,0.65,,922.02,,False,0,2025-06-30 23:19:04
a676ea,CAP2142 ,United States,1751325544.0,1751325544,-92.6329,44.4498,1219.2,False,33.18,150.26,0.98,,1219.2,,False,0,2025-06-30 23:19:04
acd251,N925SD  ,United States,1751325544.0,1751325544,-102.6587,30.8617,7924.8,False,117.6,248.71,-0.33,,8412.48,,False,0,2025-06-30 23:19:04
a543f2,N4385W  ,United States,1751325544.0,1751325544,-83.9618,39.648,853.44,False,67.58,59.34,-5.85,,822.96,1200,False,0,2025-06-30 23:19:04
aa8a26,UAL8101 ,United States,1751325542.0,1751325543,-89.749,41.8475,7642.86,False,229.78,262.67,4.23,,7985.76,3536,False,0,2025-06-30 23:19:04
a17527,AAL3254 ,United States,1751325543.0,1751325543,-89.3196,36.2054,10363.2,False,222.1,254.0,0.0,,10972.8,0576,False,0,2025-06-30 23:19:04
0d0cec,VIV9334 ,Mexico,1751325542.0,1751325543,-108.2248,30.119,10363.2,False,231.92,217.43,-0.33,,10995.66,,False,0,2025-06-30 23:19:04
c03f69,AIE856  ,Canada,1751325543.0,1751325543,-74.6027,46.7403,7307.58,False,123.22,209.24,0.0,,7604.76,,False,0,2025-06-30 23:19:04
a0a522,UAL970  ,United States,1751325460.0,1751325494,-67.2485,48.1565,4130.04,False,280.64,71.07,-0.33,,11109.96,1333,True,0,2025-06-30 23:19:04
a04229,N1157X  ,United States,1751325544.0,1751325544,-111.9989,40.6381,1554.48,False,37.58,340.82,2.93,,1539.24,1200,False,0,2025-06-30 23:19:04
a09bbd,N1383U  ,United States,1751325541.0,1751325541,-122.2081,47.9538,518.16,False,48.88,239.66,1.3,,510.54,1200,False,0,2025-06-30 23:19:04
ab8839,KSU42   ,United States,1751325536.0,1751325537,-97.2094,38.9019,693.42,False,46.04,103.57,2.6,,716.28,,False,0,2025-06-30 23:19:04
adf0f1,N998G   ,United States,1751325543.0,1751325543,-101.1751,38.6997,12496.8,False,235.2,111.29,0.65,,13091.16,6064,False,0,2025-06-30 23:19:04
a53207,AAL2300 ,United States,1751325544.0,1751325544,-82.5191,37.8617,10363.2,False,231.07,257.79,0.33,,11003.28,4113,False,0,2025-06-30 23:19:04
a1d87a,AAY53   ,United States,1751325543.0,1751325543,-109.384,39.3371,10660.38,False,238.71,56.52,-0.33,,11216.64,,False,0,2025-06-30 23:19:04
a79821,JBU1194 ,United States,1751325544.0,1751325544,-72.4442,41.2623,6400.8,False,186.16,39.06,0.0,,6743.7,6765,False,0,2025-06-30 23:19:04
ac3ea3,SWA1997 ,United States,1751325543.0,1751325544,-97.6828,30.3441,838.2,False,79.25,178.51,-0.33,,883.92,6047,False,0,2025-06-30 23:19:04
a890fe,FFT3277 ,United States,1751325543.0,1751325543,-101.0894,31.8496,10972.8,False,230.14,295.13,0.0,,11658.6,3440,False,0,2025-06-30 23:19:04
a34bc8,AAY854  ,United States,1751325543.0,1751325543,-82.1866,30.1961,11277.6,False,213.59,23.42,-0.33,,11902.44,3730,False,0,2025-06-30 23:19:04
a0427e,N116AA  ,United States,1751325543.0,1751325543,-112.1555,33.4014,1752.6,False,115.85,252.69,11.38,,1798.32,1613,False,0,2025-06-30 23:19:04
a1d873,ENY4146 ,United States,1751325543.0,1751325544,-88.3389,41.5992,3070.86,False,183.62,41.82,-0.33,,3185.16,0774,False,0,2025-06-30 23:19:04
c03f37,WJA290  ,Canada,1751325544.0,1751325544,-69.9353,46.6019,11277.6,False,259.9,99.69,0.33,,11780.52,1103,False,0,2025-06-30 23:19:04
abc504,SWA858  ,United States,1751325540.0,1751325540,-118.3531,37.3045,9448.8,False,244.38,84.69,0.33,,9936.48,3276,False,0,2025-06-30 23:19:04
a4bbb3,CY0404  ,United States,1751325544.0,1751325544,-81.5893,38.8815,10355.58,False,237.25,340.23,-0.33,,10972.8,,False,0,2025-06-30 23:19:04
ac3eba,SWA642  ,United States,1751325543.0,1751325543,-118.6558,33.8553,2827.02,False,148.54,145.87,10.4,,2918.46,,False,0,2025-06-30 23:19:04
484445,KLM672  ,Kingdom of the Netherlands,1751325526.0,1751325526,-73.7352,45.4809,,True,2.57,42.19,,,,,False,0,2025-06-30 23:19:04
a30535,N294JY  ,United States,1751325543.0,1751325543,-118.4139,33.4199,1539.24,False,43.81,9.46,0.0,,1539.24,,False,0,2025-06-30 23:19:04
a2e516,N286JJ  ,United States,1751325540.0,1751325540,-118.5216,38.4838,10873.74,False,237.92,87.4,2.93,,11330.94,3202,False,0,2025-06-30 23:19:04
a31862,N299RB  ,United States,1751325543.0,1751325543,-88.2769,30.7921,3688.08,False,155.01,133.66,-7.15,,3855.72,2125,False,0,2025-06-30 23:19:04
a95c89,FFT3376 ,United States,1751325544.0,1751325544,-102.1632,40.0551,9083.04,False,245.92,82.55,7.48,,9563.1,,False,0,2025-06-30 23:19:04
ac2ba0,SWA1324 ,United States,1751325538.0,1751325543,-121.9273,37.3664,,True,1.8,50.62,,,,,False,0,2025-06-30 23:19:04
acf846,ASA290  ,United States,1751325543.0,1751325544,-74.1471,44.7268,10363.2,False,221.94,316.13,0.0,,10866.12,3007,False,0,2025-06-30 23:19:04
a4389f,MVK87   ,United States,1751325543.0,1751325543,-93.2715,43.5135,1836.42,False,42.81,327.26,0.33,,1851.66,,False,0,2025-06-30 23:19:04
ab6229,SWA4639 ,United States,1751325543.0,1751325543,-82.5348,27.9857,,True,2.31,270.0,,,,,False,0,2025-06-30 23:19:04
abb205,SWA2943 ,United States,1751325544.0,1751325544,-105.4548,38.0325,10972.8,False,222.86,208.69,-0.33,,11551.92,3250,False,0,2025-06-30 23:19:04
3991e2,AFR616  ,France,1751325543.0,1751325543,-79.5027,25.2367,5974.08,False,192.51,306.96,-10.08,,6339.84,,False,0,2025-06-30 23:19:04
ac2bb7,ASH6246 ,United States,1751325544.0,1751325544,-94.9928,36.4588,10668.0,False,246.9,6.34,0.33,,11292.84,7222,False,0,2025-06-30 23:19:04
ac3ee9,SWA822  ,United States,1751325543.0,1751325544,-77.9822,33.8719,11277.6,False,226.14,7.32,0.0,,11902.44,4155,False,0,2025-06-30 23:19:04
aab883,N790FA  ,United States,1751325543.0,1751325543,-116.8637,33.1362,1394.46,False,52.9,139.34,0.33,,1402.08,,False,0,2025-06-30 23:19:04
a30596,AAY778  ,United States,1751325544.0,1751325544,-119.2739,38.6916,10980.42,False,261.67,4.62,-0.33,,11536.68,6774,False,0,2025-06-30 23:19:04
a0428a,AAL306  ,United States,1751325544.0,1751325544,-87.5568,42.8285,10370.82,False,207.89,271.28,0.0,,10828.02,2262,False,0,2025-06-30 23:19:04
ac2bc6,SWA3234 ,United States,1751325543.0,1751325543,-86.2998,40.5726,6195.06,False,193.53,336.5,-5.2,,6492.24,1650,False,0,2025-06-30 23:19:04
a4cea3,LXJ409  ,United States,1751325544.0,1751325544,-98.2922,29.7792,1943.1,False,148.26,254.71,-10.73,,2049.78,5743,False,0,2025-06-30 23:19:04
a1c57e,RPA5675 ,United States,1751325542.0,1751325542,-73.8717,40.7779,,True,0.0,300.94,,,,,False,0,2025-06-30 23:19:04
a16273,DAL531  ,United States,1751325544.0,1751325544,-103.927,39.4946,10668.0,False,253.94,94.65,0.0,,11231.88,3240,False,0,2025-06-30 23:19:04
aa40f5,N76UD   ,United States,1751325543.0,1751325543,-89.2918,42.7354,1539.24,False,63.78,77.42,-0.65,,1539.24,,False,0,2025-06-30 23:19:04
a1b247,N2081S  ,United States,1751325543.0,1751325543,-71.4558,42.5913,952.5,False,42.91,127.69,2.28,,975.36,1200,False,0,2025-06-30 23:19:04
ac8233,ERU905  ,United States,1751325543.0,1751325544,-80.391,27.6247,1181.1,False,52.69,297.32,-0.33,,1257.3,,False,0,2025-06-30 23:19:04
acf83f,N935AC  ,United States,1751325544.0,1751325544,-81.4207,28.4068,121.92,False,65.68,11.75,0.0,,205.74,5226,False,0,2025-06-30 23:19:04
ac2bd5,ASH6375 ,United States,1751325543.0,1751325543,-96.441,27.5951,8534.4,False,229.02,208.29,0.0,,9083.04,7266,True,0,2025-06-30 23:19:04
a34bdc,EDV4838 ,United States,1751325544.0,1751325544,-78.1403,38.4798,9098.28,False,224.09,233.02,4.55,,9631.68,3610,False,0,2025-06-30 23:19:04
ac2bd4,ASH6230 ,United States,1751325423.0,1751325425,-110.4006,40.4768,9555.48,False,223.11,118.81,1.63,,10088.88,6042,False,0,2025-06-30 23:19:04
a54520,LXJ439  ,United States,1751325543.0,1751325543,-79.9812,31.3569,12496.8,False,238.79,302.15,0.33,,13129.26,1316,False,0,2025-06-30 23:19:04
a89234,UAL127  ,United States,1751325543.0,1751325543,-75.515,37.9446,8572.5,False,243.0,207.76,-2.93,,9052.56,6003,False,0,2025-06-30 23:19:04
ab73f5,SKW3957 ,United States,1751325544.0,1751325544,-86.0686,39.4249,8839.2,False,244.94,358.68,-0.98,,9342.12,6601,True,0,2025-06-30 23:19:04
a0b7b8,UAL2487 ,United States,1751325544.0,1751325544,-104.4867,40.3604,10668.0,False,245.39,70.27,0.0,,11262.36,7774,False,0,2025-06-30 23:19:04
a8e20f,DAL315  ,United States,1751325544.0,1751325544,-85.9371,35.7604,10972.8,False,237.64,276.46,0.0,,11643.36,6001,False,0,2025-06-30 23:19:04
aa558a,EJA765  ,United States,1751325543.0,1751325543,-96.2248,30.2409,4183.38,False,174.48,155.25,-9.75,,4396.74,6432,False,0,2025-06-30 23:19:04
ac2c79,SWA3451 ,United States,1751325543.0,1751325543,-119.9334,39.1578,8321.04,False,248.72,50.12,5.85,,8732.52,3215,False,0,2025-06-30 23:19:04
aaa3ef,N785JP  ,United States,1751325543.0,1751325543,-111.4239,39.9208,4541.52,False,120.92,330.71,-8.13,,4808.22,,False,0,2025-06-30 23:19:04
a6c88e,AAL1326 ,United States,1751325543.0,1751325543,-78.727,35.9352,434.34,False,73.85,225.85,-3.25,,449.58,1166,False,0,2025-06-30 23:19:04
a187ba,AAL3280 ,United States,1751325530.0,1751325535,-73.874,40.776,,True,0.0,132.19,,,,,False,0,2025-06-30 23:19:04
4a91af,SAS924  ,Sweden,1751325543.0,1751325544,-69.8097,45.0653,10066.02,False,246.89,29.18,-0.33,,10561.32,7142,False,0,2025-06-30 23:19:04
ab60e3,DAL14   ,United States,1751325543.0,1751325543,-75.6378,37.8261,9448.8,False,247.79,32.11,0.0,,9989.82,3123,False,0,2025-06-30 23:19:04
a2d26c,N281HL  ,United States,1751325544.0,1751325544,-99.4092,45.8295,12496.8,False,262.64,112.7,0.0,,12931.14,,False,0,2025-06-30 23:19:04
aa9bcb,N783BG  ,United States,1751325543.0,1751325543,-119.0633,34.2133,213.36,False,33.7,282.34,-2.6,,167.64,,False,0,2025-06-30 23:19:04
a8922f,N651TW  ,United States,1751325543.0,1751325544,-81.259,32.7064,8968.74,False,155.05,323.09,8.78,,9494.52,0774,False,0,2025-06-30 23:19:04
abc3ec,SWA3156 ,United States,1751325544.0,1751325544,-81.8477,42.2502,8435.34,False,265.48,81.98,-4.88,,8862.06,0631,False,0,2025-06-30 23:19:04
4a91b3,SAS908  ,Sweden,1751325527.0,1751325527,-74.1645,40.7006,,True,2.57,87.19,,,,,False,0,2025-06-30 23:19:04
0d0d52,VTM941  ,Mexico,1751325543.0,1751325543,-90.3492,35.1942,9753.6,False,228.67,227.55,-0.65,,10325.1,6755,False,0,2025-06-30 23:19:04
acd0c7,N925AK  ,United States,1751325544.0,1751325544,-97.3943,44.5113,12496.8,False,236.18,55.2,-0.33,,12938.76,3230,False,0,2025-06-30 23:19:04
ac2c9c,SWA2794 ,United States,1751325543.0,1751325543,-77.6268,38.6562,5737.86,False,193.42,85.88,0.0,,6057.9,6576,False,0,2025-06-30 23:19:04
aa9bbc,S447    ,United States,1751325543.0,1751325543,-116.8215,47.7413,830.58,False,53.75,309.17,-2.28,,845.82,,False,0,2025-06-30 23:19:04
adaf98,H30     ,United States,1751325543.0,1751325543,-122.3248,38.2454,320.04,False,57.75,295.88,0.0,,259.08,,False,0,2025-06-30 23:19:04
a0b7dc,UAL2088 ,United States,1751325543.0,1751325543,-82.7148,36.9251,10957.56,False,233.15,322.8,0.0,,11635.74,7413,False,0,2025-06-30 23:19:04
a72ef7,GJS3376 ,United States,1751325544.0,1751325544,-73.1407,40.0008,10363.2,False,229.19,225.73,-0.98,,10965.18,3461,False,0,2025-06-30 23:19:04
a7851c,DAL806  ,United States,1751325543.0,1751325543,-92.7132,43.2121,10370.82,False,204.01,262.32,0.0,,10751.82,2612,False,0,2025-06-30 23:19:04
a0da26,MVJ54   ,United States,1751325544.0,1751325544,-101.8416,35.5125,13106.4,False,224.38,271.58,0.0,,13738.86,,False,0,2025-06-30 23:19:04
a96ebd,N707BW  ,United States,1751325543.0,1751325543,-84.7845,39.8911,4282.44,False,89.23,282.99,0.65,,4450.08,3530,False,0,2025-06-30 23:19:04
a317ba,ENY4151 ,United States,1751325544.0,1751325544,-93.2865,43.5091,7536.18,False,205.78,352.96,-9.1,,7802.88,7220,False,0,2025-06-30 23:19:04
0d0d72,AMX669  ,Mexico,1751325543.0,1751325543,-114.3925,32.0772,10668.0,False,242.4,128.45,0.0,,11277.6,3757,False,0,2025-06-30 23:19:04
aa9bb7,AMX409  ,United States,1751325543.0,1751325544,-86.3571,40.1369,12192.0,False,224.73,222.12,-0.33,,12824.46,2277,False,0,2025-06-30 23:19:04
0d0d75,VIV2264 ,Mexico,1751325544.0,1751325544,-100.9075,26.1604,10363.2,False,233.11,297.75,0.0,,11018.52,,False,0,2025-06-30 23:19:04
a79890,JIA5537 ,United States,1751325353.0,1751325354,-81.083,29.1705,30.48,False,78.04,65.46,-4.55,,38.1,5046,False,0,2025-06-30 23:19:04
a6b554,N531ND  ,United States,1751325543.0,1751325543,-122.0078,47.8144,342.9,False,30.61,335.16,-2.93,,350.52,1200,False,0,2025-06-30 23:19:04
a0b7d9,UAL241  ,United States,1751325543.0,1751325543,-98.8898,33.1462,10347.96,False,229.21,267.17,-0.33,,11003.28,7223,False,0,2025-06-30 23:19:04
a0b7d8,UAL2056 ,United States,1751325530.0,1751325532,-87.9079,41.9794,,True,0.0,143.44,,,,,False,0,2025-06-30 23:19:04
a79898,DAL914  ,United States,1751325544.0,1751325544,-96.4497,44.0133,10149.84,False,249.91,67.87,-6.83,,10477.5,7274,False,0,2025-06-30 23:19:04
a0b7ba,UAL1363 ,United States,1751325543.0,1751325543,-111.4198,37.8425,10347.96,False,232.84,233.54,-0.33,,10919.46,2632,False,0,2025-06-30 23:19:04
a54595,N439LP  ,United States,1751325542.0,1751325543,-117.9277,33.9633,944.88,False,45.54,221.79,0.98,,937.26,1200,False,0,2025-06-30 23:19:04
aab812,AAL174  ,United States,1751325544.0,1751325544,-78.1408,35.9307,4968.24,False,218.29,73.57,10.73,,5242.56,2402,False,0,2025-06-30 23:19:04
a72eeb,LXJ562  ,United States,1751325487.0,1751325487,-109.8748,42.1881,13708.38,False,250.19,165.11,-0.65,,14317.98,,False,0,2025-06-30 23:19:04
acd0ca,AAL3236 ,United States,1751325543.0,1751325544,-90.14,32.2174,10363.2,False,242.44,271.95,0.0,,10995.66,6022,False,0,2025-06-30 23:19:04
a08a1a,AAL2870 ,United States,1751325544.0,1751325544,-89.8995,38.8367,9448.8,False,257.3,93.9,0.33,,9982.2,1602,False,0,2025-06-30 23:19:04
a80874,N61676  ,United States,1751325544.0,1751325544,-77.5632,39.1023,243.84,False,33.34,231.89,-2.6,,220.98,,False,0,2025-06-30 23:19:04
0d0d7d,XACGG   ,Mexico,1751325543.0,1751325543,-105.4263,30.0834,12412.98,False,200.46,31.57,-6.18,,13129.26,,False,0,2025-06-30 23:19:04
a08a6b,DAL1675 ,United States,1751325544.0,1751325544,-114.7419,44.8944,11277.6,False,243.73,124.6,0.0,,11826.24,1553,False,0,2025-06-30 23:19:04
ad18b0,DAL1485 ,United States,1751325543.0,1751325544,-85.3566,34.5591,7277.1,False,215.41,141.79,-11.7,,7726.68,1223,False,0,2025-06-30 23:19:04
0d0d0f,XBRLX   ,Mexico,1751325543.0,1751325543,-100.0861,25.3262,4815.84,False,149.71,0.39,-14.96,,5036.82,,False,0,2025-06-30 23:19:04
aa55b5,SKW4891 ,United States,1751325543.0,1751325543,-120.3394,39.5722,11277.6,False,223.62,170.73,-0.33,,11864.34,,False,0,2025-06-30 23:19:04
a8e29c,DAL599  ,United States,1751325539.0,1751325542,-95.3061,27.707,10668.0,False,247.39,37.99,0.0,,11323.32,2235,False,0,2025-06-30 23:19:04
a437da,DAL526  ,United States,1751325544.0,1751325544,-109.975,39.5314,9540.24,False,225.7,296.97,-5.85,,10073.64,0625,False,0,2025-06-30 23:19:04
a22d7b,UAL178  ,United States,1751325232.0,1751325232,-98.613,48.6096,11582.4,False,259.9,212.31,-0.33,,11910.06,5651,False,0,2025-06-30 23:19:04
a34d63,UCA4829 ,United States,1751325544.0,1751325544,-74.6077,43.0766,7322.82,False,217.29,274.62,0.33,,7673.34,3501,False,0,2025-06-30 23:19:04
ab0e53,AAY2595 ,United States,1751325543.0,1751325544,-79.7734,34.3205,5410.2,False,182.86,132.04,-9.75,,5730.24,2217,False,0,2025-06-30 23:19:04
ab0e54,DAL194  ,United States,1751325543.0,1751325543,-84.3641,33.4557,3124.2,False,151.25,89.81,4.88,,3276.6,3326,False,0,2025-06-30 23:19:04
aaee3b,AAL3004 ,United States,1751325544.0,1751325544,-76.9538,38.5252,3756.66,False,182.53,34.9,-8.45,,3947.16,2257,False,0,2025-06-30 23:19:04
3a3688,THT8    ,France,1751325543.0,1751325543,-96.8433,42.8069,11879.58,False,274.98,70.55,-0.33,,12352.02,1416,False,0,2025-06-30 23:19:04
0d0d36,VOI7702 ,Mexico,1751325543.0,1751325543,-96.3525,27.8193,11879.58,False,232.78,29.96,0.33,,12611.1,1345,False,0,2025-06-30 23:19:04
aa9e28,SWA701  ,United States,1751325543.0,1751325543,-99.7723,39.2483,12192.0,False,216.72,272.04,0.98,,12793.98,,False,0,2025-06-30 23:19:04
a33a12,N307HR  ,United States,1751325537.0,1751325542,-81.2462,25.5738,3916.68,False,176.09,79.9,-7.15,,4130.04,,False,0,2025-06-30 23:19:04
a8e279,DAL1457 ,United States,1751325543.0,1751325543,-83.636,29.4194,9326.88,False,250.14,150.69,-10.73,,9860.28,0062,False,0,2025-06-30 23:19:04
a1c4d8,MXY579  ,United States,1751325543.0,1751325543,-81.1922,28.3986,2263.14,False,140.14,348.57,13.33,,2385.06,7377,False,0,2025-06-30 23:19:04
a0b7fe,UAL800  ,United States,1751325543.0,1751325543,-86.9155,42.4845,9730.74,False,210.8,266.5,0.0,,10210.8,7342,False,0,2025-06-30 23:19:04
a0b7fd,UAL1023 ,United States,1751325526.0,1751325531,-87.8908,42.0028,9738.36,False,71.51,270.41,-4.23,,259.08,1421,False,0,2025-06-30 23:19:04
a0b7fb,UAL1779 ,United States,1751325543.0,1751325544,-101.998,41.8462,10668.0,False,247.32,79.7,0.0,,11193.78,7316,False,0,2025-06-30 23:19:04
a5dd1c,SWA1965 ,United States,1751325458.0,1751325459,-117.182,32.7307,,True,12.86,104.06,,,,,False,0,2025-06-30 23:19:04
aaa5d4,,United States,1751325543.0,1751325544,-77.8814,32.1934,10668.0,False,229.21,357.17,-0.33,,11239.5,,False,0,2025-06-30 23:19:04
abc5b8,GTI8230 ,United States,1751325543.0,1751325543,-82.3441,31.5441,10370.82,False,263.21,155.89,0.65,,10965.18,3427,False,0,2025-06-30 23:19:04
a34d2f,JBU391  ,United States,1751325544.0,1751325544,-81.1462,28.9735,4831.08,False,187.05,174.63,-0.33,,5097.78,5730,False,0,2025-06-30 23:19:04
ade088,N99329  ,United States,1751325543.0,1751325543,-86.5052,36.4075,701.04,False,41.39,304.88,2.6,,708.66,,False,0,2025-06-30 23:19:04
ace5b6,AAL1355 ,United States,1751325251.0,1751325255,-83.3593,42.2357,304.8,False,78.95,208.4,-3.9,,243.84,6635,False,0,2025-06-30 23:19:04
ab62ad,SWA3038 ,United States,1751325229.0,1751325229,-90.3322,38.735,236.22,False,76.23,301.76,-3.9,,220.98,1325,False,0,2025-06-30 23:19:04
a2d1e9,N281CE  ,United States,1751325542.0,1751325544,-115.0709,44.3076,13106.4,False,226.48,298.19,-0.65,,13693.14,,False,0,2025-06-30 23:19:04
aadb37,UAL925  ,United States,1751325544.0,1751325544,-76.6852,36.9846,7620.0,False,230.25,285.15,0.0,,8069.58,2434,False,0,2025-06-30 23:19:04
ab75f9,N8379L  ,United States,1751325511.0,1751325511,-119.0771,34.2136,91.44,False,33.97,268.26,-3.58,,53.34,,False,0,2025-06-30 23:19:04
ac95d4,XFL255  ,United States,1751325544.0,1751325544,-77.7944,38.8882,1531.62,False,132.79,5.34,0.0,,1584.96,,False,0,2025-06-30 23:19:04
ac1b44,SWA2985 ,United States,1751325543.0,1751325543,-91.2749,34.8607,11277.6,False,237.82,119.84,0.0,,11948.16,0623,False,0,2025-06-30 23:19:04
a2d1d6,N281BL  ,United States,1751325543.0,1751325544,-81.8837,28.199,289.56,False,61.02,84.19,-0.33,,304.8,,False,0,2025-06-30 23:19:04
a11fa1,UAL1981 ,United States,1751325543.0,1751325543,-79.9133,41.6866,11269.98,False,260.43,76.87,-1.63,,11864.34,4432,False,0,2025-06-30 23:19:04
a11fa3,UAL2698 ,United States,1751325544.0,1751325544,-73.4699,41.3153,5920.74,False,229.11,35.4,8.78,,6202.68,1543,False,0,2025-06-30 23:19:04
a8e262,DAL1028 ,United States,1751325543.0,1751325544,-89.6871,40.6163,10972.8,False,229.53,170.45,0.0,,11551.92,3661,False,0,2025-06-30 23:19:04
a05614,DAL209  ,United States,1751325543.0,1751325543,-67.455,45.5423,11582.4,False,227.4,223.81,0.0,,12131.04,0743,False,0,2025-06-30 23:19:04
a8f58e,N67683  ,United States,1751325543.0,1751325543,-122.8483,44.2799,2621.28,False,89.15,356.69,0.0,,2735.58,,False,0,2025-06-30 23:19:04
abfb46,AAL379  ,United States,1751325544.0,1751325544,-81.4918,29.2414,6210.3,False,206.63,345.58,-5.2,,6560.82,3673,False,0,2025-06-30 23:19:04
a46d70,UAL1834 ,United States,1751325544.0,1751325544,-90.8748,28.672,10363.2,False,234.82,299.82,0.0,,11010.9,,False,0,2025-06-30 23:19:04
a2d1bc,ASA25   ,United States,1751325544.0,1751325544,-86.6828,43.8221,10363.2,False,207.42,265.59,0.0,,10797.54,6654,False,0,2025-06-30 23:19:04
a6a29f,N52671  ,United States,1751325543.0,1751325543,-87.5319,41.3922,1005.84,False,31.08,263.35,-1.63,,998.22,1200,False,0,2025-06-30 23:19:04
a9abc4,N722JB  ,United States,1751325543.0,1751325543,-84.7979,40.7812,5242.56,False,237.18,120.07,-8.45,,5471.16,2416,False,0,2025-06-30 23:19:04
a1b1bc,SWA3762 ,United States,1751325543.0,1751325544,-93.1451,32.5922,11887.2,False,242.43,91.82,0.33,,12565.38,2340,False,0,2025-06-30 23:19:04
ab62f8,SWA915  ,United States,1751325544.0,1751325544,-86.0726,31.2148,11887.2,False,226.09,110.37,0.0,,12580.62,7121,False,0,2025-06-30 23:19:04
a4bd29,XSN40   ,United States,1751325544.0,1751325544,-120.7065,37.9077,5067.3,False,145.71,290.67,0.0,,5303.52,4744,False,0,2025-06-30 23:19:04
a8e247,DAL2238 ,United States,1751325543.0,1751325544,-93.3365,44.8135,2567.94,False,146.47,121.79,-2.28,,2606.04,2010,False,0,2025-06-30 23:19:04
a46d4e,UAL427  ,United States,1751325544.0,1751325544,-106.1374,37.7398,10058.4,False,239.58,81.85,-0.33,,10629.9,7627,False,0,2025-06-30 23:19:04
a46d4f,UAL1869 ,United States,1751325543.0,1751325543,-78.7151,38.0755,8039.1,False,218.0,248.4,1.3,,8496.3,0502,False,0,2025-06-30 23:19:04
a46d4a,UAL1938 ,United States,1751325543.0,1751325544,-85.2927,34.8223,9753.6,False,243.28,273.52,0.0,,10355.58,0061,False,0,2025-06-30 23:19:04
a82a3f,EJA625  ,United States,1751325543.0,1751325543,-74.3982,39.2888,8206.74,False,233.19,40.44,-12.03,,8656.32,2174,False,0,2025-06-30 23:19:04
a23fb2,RPA5789 ,United States,1751325544.0,1751325544,-72.6664,42.6734,8823.96,False,207.93,95.96,-5.53,,9288.78,3667,False,0,2025-06-30 23:19:04
a7d4e5,N6031F  ,United States,1751325544.0,1751325544,-96.4362,32.9137,777.24,False,60.23,304.91,0.65,,800.1,4636,False,0,2025-06-30 23:19:04
c01a61,ACA832  ,Canada,1751325304.0,1751325304,-73.7532,45.4604,,True,4.63,298.12,,,,,False,0,2025-06-30 23:19:04
a82a44,QXE2433 ,United States,1751325543.0,1751325544,-119.9564,39.3279,10668.0,False,213.92,190.39,0.0,,11201.4,,False,0,2025-06-30 23:19:04
ad0673,N9385L  ,United States,1751325543.0,1751325543,-80.3199,25.9502,441.96,False,64.07,214.2,-3.25,,495.3,,False,0,2025-06-30 23:19:04
a5ca4b,UAL1156 ,United States,1751325544.0,1751325544,-89.2759,41.2529,6370.32,False,229.22,18.72,-5.53,,6659.88,1275,False,0,2025-06-30 23:19:04
a11fe7,UCA4250 ,United States,1751325544.0,1751325544,-77.5998,39.6515,3055.62,False,183.71,31.95,0.0,,3185.16,,False,0,2025-06-30 23:19:04
a0a622,N1408B  ,United States,1751325544.0,1751325544,-122.1646,40.4178,1280.16,False,42.82,141.34,-3.9,,1280.16,,False,0,2025-06-30 23:19:04
a651ec,LN506TJ ,United States,1751325381.0,1751325418,-78.1714,43.0303,5242.56,False,8.31,201.8,-0.33,,251.46,0467,False,0,2025-06-30 23:19:04
a95d44,N702PC  ,United States,1751325544.0,1751325544,-115.1353,35.9546,960.12,False,53.15,175.56,2.93,,914.4,,False,0,2025-06-30 23:19:04
a70a84,LFA334  ,United States,1751325527.0,1751325528,-81.2136,28.7871,160.02,False,29.44,185.01,-3.9,,190.5,0346,False,0,2025-06-30 23:19:04
a891e5,QXE2268 ,United States,1751325425.0,1751325426,-112.208,37.5288,10668.0,False,224.11,111.97,0.33,,11262.36,,False,0,2025-06-30 23:19:04
a5ca89,SWA712  ,United States,1751325543.0,1751325543,-91.3003,34.5523,11887.2,False,245.61,66.55,0.0,,12573.0,4005,False,0,2025-06-30 23:19:04
a05628,UAL994  ,United States,1751325536.0,1751325536,-74.1641,40.7028,,True,0.0,106.88,,,,,False,0,2025-06-30 23:19:04
c01a5c,JZA775  ,Canada,1751325527.0,1751325543,-79.6336,43.6895,205.74,True,0.0,317.81,,,,2266,False,0,2025-06-30 23:19:04
aba04b,N84823  ,United States,1751325528.0,1751325528,-122.2886,47.0386,457.2,False,38.29,353.83,-1.3,,487.68,,False,0,2025-06-30 23:19:04
acc020,N920WB  ,United States,1751325540.0,1751325540,-81.4088,29.203,1097.28,False,50.12,354.7,3.9,,1158.24,,False,0,2025-06-30 23:19:04
a6fd96,N55FG   ,United States,1751325412.0,1751325412,-82.3978,28.476,243.84,False,72.54,270.0,-3.9,,281.94,1610,False,0,2025-06-30 23:19:04
ac7074,DAL3158 ,United States,1751325544.0,1751325544,-80.4381,37.1283,9860.28,False,246.69,259.18,5.85,,10401.3,,False,0,2025-06-30 23:19:04
a807cf,N6163F  ,United States,1751325542.0,1751325543,-88.3969,41.5821,792.48,False,59.82,139.18,0.98,,784.86,1200,False,0,2025-06-30 23:19:04
aa55ee,AAL2753 ,United States,1751325544.0,1751325544,-78.3992,34.335,10645.14,False,228.91,41.36,-4.55,,11254.74,2424,False,0,2025-06-30 23:19:04
aa9e6d,SWA4698 ,United States,1751325525.0,1751325543,-78.7906,31.0286,12192.0,False,239.48,196.22,0.0,,12793.98,5623,False,0,2025-06-30 23:19:04
a95d32,NKS2541 ,United States,1751325543.0,1751325544,-81.4236,33.0272,11285.22,False,230.49,8.6,0.0,,11963.4,3261,False,0,2025-06-30 23:19:04
a03038,DAL852  ,United States,1751325543.0,1751325543,-87.8632,42.5459,10355.58,False,210.68,272.94,0.0,,10828.02,5703,False,0,2025-06-30 23:19:04
49526a,RZO329  ,Portugal,1751325542.0,1751325543,-67.2318,46.4001,10972.8,False,207.78,262.03,0.0,,11490.96,0744,False,0,2025-06-30 23:19:04
a18978,N1989B  ,United States,1751325544.0,1751325544,-91.7362,29.8117,7955.28,False,210.17,326.58,5.85,,8465.82,,False,0,2025-06-30 23:19:04
a4aa68,N40BG   ,United States,1751325427.0,1751325430,-82.6909,27.9245,-22.86,False,66.06,171.49,-3.9,,-7.62,4527,False,0,2025-06-30 23:19:04
aa42aa,ENY4284 ,United States,1751325543.0,1751325543,-98.5472,43.7771,9144.0,False,211.73,275.02,0.0,,9494.52,3134,False,0,2025-06-30 23:19:04
a771af,AAL1890 ,United States,1751325543.0,1751325543,-103.5153,31.9169,10370.82,False,243.33,270.12,0.33,,10995.66,3423,False,0,2025-06-30 23:19:04
495266,RZO229  ,Portugal,1751325543.0,1751325543,-67.1594,43.1266,10972.8,False,221.87,258.09,0.33,,11521.44,,False,0,2025-06-30 23:19:04
495267,RZO331  ,Portugal,1751325543.0,1751325543,-79.32,44.0284,2209.8,False,116.25,174.67,-5.2,,2240.28,7005,False,0,2025-06-30 23:19:04
a651e1,SKW6444 ,United States,1751325540.0,1751325543,-115.3745,39.9072,10668.0,False,231.4,142.95,0.0,,11239.5,,False,0,2025-06-30 23:19:04
a1d93b,SWA2065 ,United States,1751325541.0,1751325542,-104.533,32.0033,12192.0,False,223.87,268.42,0.0,,12885.42,5324,False,0,2025-06-30 23:19:04
aa55bd,ENY4220 ,United States,1751325544.0,1751325544,-85.5843,38.3042,4130.04,False,184.47,338.23,9.1,,4335.78,,False,0,2025-06-30 23:19:04
a95d0a,TIV702  ,United States,1751325544.0,1751325544,-112.4292,35.6459,12192.0,False,234.44,242.99,-0.33,,12870.18,2645,False,0,2025-06-30 23:19:04
a7860c,FCE58   ,United States,1751325544.0,1751325544,-83.9548,35.3034,2423.16,False,98.69,338.92,-0.33,,2537.46,3271,False,0,2025-06-30 23:19:04
a39017,DAL1836 ,United States,1751325544.0,1751325544,-83.2711,33.1905,5196.84,False,223.34,268.55,-3.25,,5486.4,4175,False,0,2025-06-30 23:19:04
4007fb,BAW99   ,United Kingdom,1751325544.0,1751325544,-74.9745,46.1765,11582.4,False,209.88,244.75,0.0,,12092.94,2402,False,0,2025-06-30 23:19:04
aaffaa,AAL3207 ,United States,1751325544.0,1751325544,-75.8925,39.1951,6385.56,False,217.78,65.43,6.83,,6736.08,7066,False,0,2025-06-30 23:19:04
ad1927,JBU620  ,United States,1751325543.0,1751325544,-71.99,42.6236,4709.16,False,194.27,104.26,-4.88,,4930.14,0540,False,0,2025-06-30 23:19:04
a3900e,ENY4233 ,United States,1751325543.0,1751325544,-92.4792,31.5718,9144.0,False,239.95,272.46,-0.33,,9692.64,1057,False,0,2025-06-30 23:19:04
aa9ca8,ENY3847 ,United States,1751325543.0,1751325543,-88.2467,42.8095,3375.66,False,180.26,195.9,0.33,,3474.72,3634,False,0,2025-06-30 23:19:04
aaa621,SWA4523 ,United States,1751325543.0,1751325543,-118.0088,33.6617,1539.24,False,115.86,56.59,0.0,,1569.72,3344,False,0,2025-06-30 23:19:04
a1b348,CXK208  ,United States,1751325543.0,1751325543,-118.2179,33.7284,1089.66,False,39.24,235.68,1.95,,1089.66,,False,0,2025-06-30 23:19:04
a29680,ENY4318 ,United States,1751325543.0,1751325544,-93.8718,38.2001,10363.2,False,227.43,185.58,0.33,,10904.22,1326,False,0,2025-06-30 23:19:04
a1d99b,JBU424  ,United States,1751325543.0,1751325543,-81.7588,37.74,10675.62,False,236.47,85.13,0.0,,11315.7,6623,False,0,2025-06-30 23:19:04
a7e93b,FFT2853 ,United States,1751325543.0,1751325543,-82.0947,31.5242,8442.96,False,195.68,344.76,7.48,,8923.02,2631,False,0,2025-06-30 23:19:04
ab6316,SWA1006 ,United States,1751325543.0,1751325543,-111.8196,33.4416,1226.82,False,96.15,252.24,-8.45,,1219.2,7314,False,0,2025-06-30 23:19:04
4247ea,PJV598  ,United Kingdom,1751325394.0,1751325394,-77.81,28.0296,12496.8,False,242.29,27.44,3.25,,12893.04,,False,0,2025-06-30 23:19:04
a5465d,UPS9852 ,United States,1751325543.0,1751325543,-93.5182,37.2464,3596.64,False,163.55,342.99,20.16,,3703.32,,False,0,2025-06-30 23:19:04
aaffcd,HER808  ,United States,1751325543.0,1751325543,-85.0494,33.8126,3063.24,False,165.52,237.05,2.93,,3208.02,3024,False,0,2025-06-30 23:19:04
0d0ba3,VIV101  ,Mexico,1751325507.0,1751325510,-73.7932,40.643,,True,0.0,45.0,,,,,False,0,2025-06-30 23:19:04
a6663d,N511MD  ,United States,1751325543.0,1751325544,-105.4506,38.5887,7932.42,False,147.43,312.88,2.93,,8389.62,,False,0,2025-06-30 23:19:04
a5dcd0,WUP477  ,United States,1751325544.0,1751325544,-86.3,41.6075,11887.2,False,249.47,66.29,-0.33,,12496.8,2112,False,0,2025-06-30 23:19:04
a2f95c,ASA1300 ,United States,1751325543.0,1751325543,-120.3987,40.6917,11277.6,False,223.64,183.3,0.0,,11833.86,,False,0,2025-06-30 23:19:04
a1635b,AAY2063 ,United States,1751325544.0,1751325544,-110.1366,36.711,11597.64,False,234.6,238.54,0.0,,12245.34,2663,False,0,2025-06-30 23:19:04
aaffed,DAL2467 ,United States,1751325544.0,1751325544,-94.2612,44.6692,5791.2,False,207.12,72.51,-13.66,,5996.94,3137,False,0,2025-06-30 23:19:04
ab6339,SWA765  ,United States,1751325543.0,1751325543,-74.0542,39.5412,10668.0,False,229.83,30.99,0.0,,11277.6,5363,False,0,2025-06-30 23:19:04
ad5fe7,ASA352  ,United States,1751325544.0,1751325544,-99.1952,32.313,10043.16,False,233.86,167.03,-3.9,,10660.38,0727,False,0,2025-06-30 23:19:04
abd971,SWA1139 ,United States,1751325539.0,1751325539,-73.8732,40.7743,,True,8.23,92.81,,,,2113,False,0,2025-06-30 23:19:04
a55945,N4438U  ,United States,1751325543.0,1751325543,-91.0135,42.2627,1501.14,False,40.77,240.52,-0.33,,1524.0,,False,0,2025-06-30 23:19:04
a3904c,FFT3724 ,United States,1751325543.0,1751325544,-80.6663,28.4592,10965.18,False,235.94,160.38,0.0,,11529.06,2331,False,0,2025-06-30 23:19:04
c0827e,CGXKV   ,Canada,1751325543.0,1751325543,-73.8272,45.5983,304.8,False,71.33,223.25,0.98,,266.7,,False,0,2025-06-30 23:19:04
ace60c,DAL942  ,United States,1751325543.0,1751325543,-103.1258,45.8771,10058.4,False,256.57,102.98,0.0,,10500.36,,False,0,2025-06-30 23:19:04
ab7678,,United States,1751325443.0,1751325443,-97.0056,37.8922,2103.12,False,74.19,56.31,0.0,,2186.94,,False,0,2025-06-30 23:19:04
a60fb6,WCC49   ,United States,1751325544.0,1751325544,-119.0811,34.9692,6004.56,False,154.26,124.54,-5.85,,6278.88,,False,0,2025-06-30 23:19:04
ab766a,DAL2431 ,United States,1751325421.0,1751325421,-104.6961,39.9045,1600.2,False,89.0,180.0,-4.88,,1706.88,7443,False,0,2025-06-30 23:19:04
adafb5,JBU216  ,United States,1751325543.0,1751325543,-86.733,42.4934,10683.24,False,261.88,90.9,-0.33,,11178.54,3365,False,0,2025-06-30 23:19:04
ace621,SKW733M ,United States,1751325544.0,1751325544,-97.1437,41.9452,4023.36,False,201.19,68.55,-10.4,,4191.0,3534,False,0,2025-06-30 23:19:04
a4cfb7,SKW3294 ,United States,1751325543.0,1751325543,-118.0311,47.5391,3276.6,False,158.28,59.1,-7.15,,3436.62,4602,False,0,2025-06-30 23:19:04
aa8a8a,LRC627  ,United States,1751325544.0,1751325544,-81.5122,33.046,10972.8,False,241.17,199.83,-0.33,,11612.88,4051,False,0,2025-06-30 23:19:04
a95d88,N702RW  ,United States,1751325538.0,1751325542,-110.0628,37.4228,12496.8,False,242.37,66.48,-0.33,,13144.5,,False,0,2025-06-30 23:19:04
a1638a,EJA189  ,United States,1751325543.0,1751325543,-71.2798,42.466,,True,2.57,292.5,,,,1477,False,0,2025-06-30 23:19:04
ab767c,VAR838  ,United States,1751325448.0,1751325448,-112.3735,33.424,,True,4.37,163.12,,,,,False,0,2025-06-30 23:19:04
a4000f,DAL2575 ,United States,1751325543.0,1751325543,-93.5164,44.8357,3284.22,False,159.95,72.79,-7.8,,3375.66,,False,0,2025-06-30 23:19:04
ace658,N930H   ,United States,1751325543.0,1751325544,-93.4291,44.7235,1531.62,False,128.13,91.38,-0.33,,1546.86,,False,0,2025-06-30 23:19:04
ad9003,AAL1322 ,United States,1751325543.0,1751325543,-101.2733,38.1256,10972.8,False,222.94,296.74,0.0,,11551.92,2321,False,0,2025-06-30 23:19:04
a78605,DAL560  ,United States,1751325543.0,1751325543,-114.5695,45.6804,10668.0,False,242.43,114.44,0.0,,11170.92,1521,False,0,2025-06-30 23:19:04
a95d96,SKW6300 ,United States,1751325536.0,1751325542,-99.2957,41.7512,10972.8,False,224.48,258.77,0.0,,11475.72,1432,False,0,2025-06-30 23:19:04
a1b368,N20891  ,United States,1751325477.0,1751325478,-83.4724,36.1794,1066.8,False,52.76,336.43,-0.65,,1074.42,,False,0,2025-06-30 23:19:04
ad5ff9,CSQ504  ,United States,1751325544.0,1751325544,-80.0745,25.6202,2392.68,False,138.92,305.81,0.0,,2522.22,,False,0,2025-06-30 23:19:04
ad5fea,AAL888Q ,United States,1751325526.0,1751325542,-89.0395,33.0623,10972.8,False,243.12,286.98,0.0,,11635.74,0026,False,0,2025-06-30 23:19:04
a6ea9b,N545BC  ,United States,1751325544.0,1751325544,-118.3096,33.8437,647.7,False,43.68,74.98,2.93,,609.6,,False,0,2025-06-30 23:19:04
ad5fef,DAL2862 ,United States,1751325542.0,1751325542,-91.2119,36.567,10058.4,False,238.0,114.79,0.33,,10668.0,3477,False,0,2025-06-30 23:19:04
aaa68a,SWA2815 ,United States,1751325543.0,1751325544,-88.5566,39.8944,11582.4,False,211.24,256.34,0.0,,12169.14,2007,False,0,2025-06-30 23:19:04
aada4d,JRE799  ,United States,1751325543.0,1751325543,-72.0904,42.1941,2674.62,False,144.54,56.76,-7.15,,2766.06,5346,False,0,2025-06-30 23:19:04
abb1c2,SWA4181 ,United States,1751325543.0,1751325544,-102.572,32.2008,11277.6,False,230.43,123.62,0.33,,11948.16,,False,0,2025-06-30 23:19:04
ac81cc,AAL1379 ,United States,1751325543.0,1751325543,-70.8952,42.3201,1066.8,False,143.98,78.25,11.7,,1104.9,,False,0,2025-06-30 23:19:04
a2c087,ASA301  ,United States,1751325543.0,1751325543,-87.3197,30.69,9753.6,False,237.58,275.09,0.33,,10347.96,6275,False,0,2025-06-30 23:19:04
a9accd,AAL1339 ,United States,1751325543.0,1751325543,-87.7462,42.0027,876.3,False,86.43,269.32,-3.25,,868.68,0511,False,0,2025-06-30 23:19:04
a6a354,JIA5254 ,United States,1751325422.0,1751325422,-77.0394,38.8672,76.2,False,67.32,170.32,-3.58,,53.34,3336,False,0,2025-06-30 23:19:04
ad4d68,N95606  ,United States,1751325543.0,1751325543,-122.9757,45.21,998.22,False,39.79,130.28,0.33,,1005.84,,False,0,2025-06-30 23:19:04
ac81d2,AAL1515 ,United States,1751325543.0,1751325543,-96.2643,42.523,10668.0,False,264.63,85.76,0.0,,11079.48,2443,False,0,2025-06-30 23:19:04
4ca9ba,EIN1YL  ,Ireland,1751325520.0,1751325543,-66.9112,45.0203,10058.4,False,261.39,56.15,0.0,,10553.7,,False,0,2025-06-30 23:19:04
a77390,N58AA   ,United States,1751325543.0,1751325543,-92.9922,46.2474,3688.08,False,148.49,210.39,0.0,,3741.42,,False,0,2025-06-30 23:19:04
a188b8,N1983V  ,United States,1751325544.0,1751325544,-71.4786,42.8183,716.28,False,46.48,5.08,3.58,,716.28,,False,0,2025-06-30 23:19:04
ace4ee,N93SP   ,United States,1751325543.0,1751325543,-118.8731,36.6731,6522.72,False,197.91,188.97,-9.1,,6835.14,,False,0,2025-06-30 23:19:04
aa568e,UAL1252 ,United States,1751325544.0,1751325544,-88.6188,39.4864,11765.28,False,203.8,247.12,5.85,,12367.26,1216,False,0,2025-06-30 23:19:04
ac1a72,SWA1147 ,United States,1751325543.0,1751325543,-102.4549,30.9746,11277.6,False,249.06,83.48,0.0,,11971.02,2430,False,0,2025-06-30 23:19:04
a10e29,UAL1748 ,United States,1751325543.0,1751325543,-87.3834,41.9179,1546.86,False,116.33,352.12,0.0,,1569.72,1610,False,0,2025-06-30 23:19:04
a9acb8,DAL826  ,United States,1751325544.0,1751325544,-95.7237,31.8718,11582.4,False,229.47,261.36,0.0,,12245.34,2561,False,0,2025-06-30 23:19:04
a90352,N680BB  ,United States,1751325543.0,1751325544,-118.7713,47.7141,13114.02,False,228.05,275.83,0.0,,13624.56,,False,0,2025-06-30 23:19:04
a10e23,UAL2116 ,United States,1751325544.0,1751325544,-83.6336,36.0972,10972.8,False,226.91,246.34,0.0,,11620.5,3755,False,0,2025-06-30 23:19:04
aa5694,UAL1754 ,United States,1751325543.0,1751325543,-122.9834,41.1201,8839.2,False,229.97,179.49,0.0,,9235.44,,False,0,2025-06-30 23:19:04
a10e21,UAL2682 ,United States,1751325281.0,1751325282,-95.3104,30.0072,121.92,False,72.54,270.41,-3.58,,137.16,6220,False,0,2025-06-30 23:19:04
aa5690,UAL1507 ,United States,1751325544.0,1751325544,-95.1084,29.9775,891.54,False,112.66,270.0,1.3,,944.88,4015,False,0,2025-06-30 23:19:04
c0824e,CGXIZ   ,Canada,1751325543.0,1751325544,-72.9583,45.7602,944.88,False,54.19,19.98,-0.33,,937.26,,False,0,2025-06-30 23:19:04
a09e47,SKW5935 ,United States,1751325543.0,1751325544,-95.0739,34.6485,10363.2,False,221.22,221.51,-0.65,,11018.52,2127,False,0,2025-06-30 23:19:04
a6b69c,N53107  ,United States,1751325542.0,1751325542,-80.2479,26.0023,0.0,False,30.87,90.0,-3.25,,15.24,,False,0,2025-06-30 23:19:04
a10e73,CXK173  ,United States,1751325543.0,1751325543,-111.7299,40.2274,1394.46,False,42.52,325.35,2.28,,1402.08,,False,0,2025-06-30 23:19:04
a0b8fb,AAL1167 ,United States,1751325543.0,1751325543,-81.6188,25.2725,6766.56,False,218.15,100.46,-4.88,,7155.18,5724,False,0,2025-06-30 23:19:04
a7d630,AAL2844 ,United States,1751325543.0,1751325543,-108.7109,32.2288,10043.16,False,236.1,100.67,2.28,,10591.8,4141,False,0,2025-06-30 23:19:04
a96fe9,AXO707  ,United States,1751325543.0,1751325543,-84.2109,37.6969,2133.6,False,94.88,146.05,0.33,,2209.8,6506,False,0,2025-06-30 23:19:04
a53369,EJA434  ,United States,1751325544.0,1751325544,-88.9251,41.295,3070.86,False,191.15,75.66,0.0,,3177.54,3651,False,0,2025-06-30 23:19:04
a8095f,N617GK  ,United States,1751325543.0,1751325543,-70.9647,42.8239,640.08,False,61.53,275.76,0.0,,632.46,,False,0,2025-06-30 23:19:04
a042db,DAL595  ,United States,1751325543.0,1751325543,-106.6755,36.2371,11582.4,False,229.84,319.36,-0.33,,12222.48,1466,False,0,2025-06-30 23:19:04
a5468e,SWA314  ,United States,1751325541.0,1751325543,-85.8368,33.2999,8412.48,False,229.3,236.81,6.83,,8930.64,2046,False,0,2025-06-30 23:19:04
ae5a3c,R08451  ,United States,1751325534.0,1751325534,-79.3101,34.8573,906.78,False,52.52,237.4,0.0,,937.26,,False,0,2025-06-30 23:19:04
a042f1,ERU116  ,United States,1751325472.0,1751325474,-80.9259,28.9885,30.48,False,28.52,172.75,-2.93,,45.72,,False,0,2025-06-30 23:19:04
a305aa,EDV5109 ,United States,1751325544.0,1751325544,-78.8873,42.7266,3070.86,False,163.26,261.67,0.0,,3162.3,2362,False,0,2025-06-30 23:19:04
781003,CHH7925 ,China,1751325543.0,1751325543,-122.4698,38.0421,11269.98,False,237.0,148.31,0.0,,11811.0,4173,False,0,2025-06-30 23:19:04
a76028,UAL1115 ,United States,1751325543.0,1751325544,-76.4694,36.771,10363.2,False,246.13,204.32,0.33,,10972.8,3051,False,0,2025-06-30 23:19:04
a6a33f,DAL740  ,United States,1751325543.0,1751325544,-82.5022,44.4928,9761.22,False,225.11,284.83,0.0,,10226.04,3026,False,0,2025-06-30 23:19:04
a042ae,MXY329  ,United States,1751325543.0,1751325543,-81.3894,36.8653,10972.8,False,244.06,193.66,0.33,,11635.74,7435,False,0,2025-06-30 23:19:04
acf906,JBU1523 ,United States,1751325543.0,1751325543,-78.7039,42.9081,10370.82,False,224.7,292.34,-0.33,,10911.84,1553,False,0,2025-06-30 23:19:04
a4008e,AAL981  ,United States,1751325543.0,1751325544,-97.0257,32.9863,563.88,False,74.09,179.2,-4.23,,563.88,6564,False,0,2025-06-30 23:19:04
a6667d,N511PT  ,United States,1751325291.0,1751325301,-80.517,25.5708,304.8,False,47.67,214.89,0.0,,342.9,,False,0,2025-06-30 23:19:04
ad3a7f,AAL1385 ,United States,1751325544.0,1751325544,-98.765,32.3047,7315.2,False,240.61,85.09,0.0,,7764.78,2135,False,0,2025-06-30 23:19:04
a6c997,N53636  ,United States,1751325533.0,1751325543,-81.0933,31.7212,1645.92,False,55.9,14.93,0.0,,1699.26,,False,0,2025-06-30 23:19:04
aa4322,SKW9922 ,United States,1751325544.0,1751325544,-103.652,38.3698,10058.4,False,243.0,100.12,0.33,,10622.28,,False,0,2025-06-30 23:19:04
abd90c,SWA611  ,United States,1751325543.0,1751325543,-98.1973,28.6366,9144.0,False,245.85,342.59,0.0,,9723.12,4574,False,0,2025-06-30 23:19:04
ab1fbb,AAL3049 ,United States,1751325544.0,1751325544,-85.1986,38.0771,10660.38,False,247.0,93.94,-0.33,,11269.98,0366,False,0,2025-06-30 23:19:04
a0b8ea,N1459V  ,United States,1751325543.0,1751325543,-70.4927,43.4155,914.4,False,42.4,215.62,0.33,,914.4,,False,0,2025-06-30 23:19:04
a042d5,DAL2070 ,United States,1751325544.0,1751325544,-93.8007,37.3497,10370.82,False,222.2,278.66,0.0,,10972.8,1747,False,0,2025-06-30 23:19:04
a96fd8,N707PD  ,United States,1751325541.0,1751325541,-105.0111,40.452,,True,8.75,160.31,,,,,False,0,2025-06-30 23:19:04
a70f80,JIA5175 ,United States,1751325543.0,1751325544,-84.0778,33.833,2324.1,False,124.09,177.62,-5.53,,2438.4,3345,False,0,2025-06-30 23:19:04
a260ed,SWA4787 ,United States,1751325544.0,1751325544,-106.7492,31.9132,2781.3,False,143.66,128.02,-7.15,,2933.7,,False,0,2025-06-30 23:19:04
ae4d36,LSXX    ,United States,1751325532.0,1751325532,-117.211,32.7073,45.72,False,27.66,18.43,-0.33,,7.62,,False,0,2025-06-30 23:19:04
abb7f7,UAL2655 ,United States,1751325543.0,1751325544,-103.5307,33.354,11277.6,False,244.31,8.23,0.0,,11910.06,7351,False,0,2025-06-30 23:19:04
a3d0ce,N345KM  ,United States,1751325543.0,1751325543,-81.3056,35.5632,1356.36,False,141.59,82.69,-7.48,,1409.7,2153,False,0,2025-06-30 23:19:04
440a8c,TAY813  ,Austria,1751325544.0,1751325544,-73.7776,40.6565,,True,1.8,137.81,,,,,False,0,2025-06-30 23:19:04
ac74e4,SWA523  ,United States,1751325543.0,1751325544,-96.7702,32.7751,1280.16,False,125.51,134.17,5.53,,1325.88,2365,False,0,2025-06-30 23:19:04
aa34e8,N757JX  ,United States,1751325544.0,1751325544,-123.13,45.2092,243.84,False,28.85,3.07,2.28,,205.74,,False,0,2025-06-30 23:19:04
ac74f9,EDV4639 ,United States,1751325544.0,1751325544,-86.6929,34.8153,899.16,False,125.39,333.43,-0.33,,929.64,1741,False,0,2025-06-30 23:19:04
a403df,AAL472  ,United States,1751325544.0,1751325544,-90.7951,34.0284,11277.6,False,248.17,53.34,0.0,,11955.78,2376,False,0,2025-06-30 23:19:04
a883bd,JBU69   ,United States,1751325542.0,1751325542,-71.8945,38.2877,10233.66,False,242.72,198.28,3.58,,10690.86,7024,False,0,2025-06-30 23:19:04
a896ed,N6523D  ,United States,1751325543.0,1751325543,-120.0435,34.6398,2286.0,False,42.7,121.2,-0.33,,2362.2,,False,0,2025-06-30 23:19:04
a5bc79,EJA469  ,United States,1751325448.0,1751325448,-71.2669,43.5946,662.94,False,122.45,294.84,-0.98,,670.56,1533,False,0,2025-06-30 23:19:04
a3d0f5,N345MA  ,United States,1751325543.0,1751325543,-89.1672,40.6138,12192.0,False,205.29,270.86,0.0,,12793.98,4757,False,0,2025-06-30 23:19:04
ac0d6b,N876JC  ,United States,1751325544.0,1751325544,-118.8119,34.1779,1089.66,False,111.29,303.69,0.0,,1097.28,,False,0,2025-06-30 23:19:04
400610,BAW7TG  ,United Kingdom,1751325533.0,1751325534,-81.8557,37.477,11582.4,False,250.8,222.92,0.0,,12283.44,1440,False,0,2025-06-30 23:19:04
a69f9d,JIA5073 ,United States,1751325543.0,1751325543,-79.244,38.4402,8046.72,False,232.75,80.33,-1.95,,8511.54,4063,False,0,2025-06-30 23:19:04
abed68,JRE868  ,United States,1751325325.0,1751325325,-96.8561,32.8487,,True,5.14,312.19,,,,,False,0,2025-06-30 23:19:04
a5cf8b,UAL1620 ,United States,1751325543.0,1751325543,-122.9593,40.5521,11277.6,False,222.71,176.29,0.33,,11803.38,3560,False,0,2025-06-30 23:19:04
ae04aa,LOST13  ,United States,1751325535.0,1751325538,-116.9548,37.1123,11887.2,False,192.61,143.25,0.0,,12550.14,,False,0,2025-06-30 23:19:04
ae4d48,LTN611  ,United States,1751325542.0,1751325544,-117.3273,32.6633,144.78,False,55.65,283.91,0.33,,91.44,,False,0,2025-06-30 23:19:04
a45f89,TSU3811 ,United States,1751325543.0,1751325543,-106.3774,31.2872,3421.38,False,155.12,352.57,-9.1,,3619.5,,False,0,2025-06-30 23:19:04
a5cf41,UAL2230 ,United States,1751325544.0,1751325544,-91.9188,29.5231,10363.2,False,235.87,261.98,0.33,,11018.52,2452,False,0,2025-06-30 23:19:04
ae4d5a,BULET45 ,United States,1751325254.0,1751325255,-117.1169,32.5631,38.1,False,5.25,281.31,-1.3,,-7.62,,False,0,2025-06-30 23:19:04
ad81d6,N97FN   ,United States,1751325543.0,1751325544,-103.2818,38.273,13716.0,False,252.43,144.2,0.33,,14363.7,4067,False,0,2025-06-30 23:19:04
a6dc08,JIA5016 ,United States,1751325544.0,1751325544,-77.3482,37.2005,10066.02,False,239.33,19.33,-0.33,,10675.62,7213,False,0,2025-06-30 23:19:04
a28847,N262VA  ,United States,1751325488.0,1751325490,-112.0149,41.1855,1363.98,False,38.61,357.71,-3.58,,1363.98,,False,0,2025-06-30 23:19:04
a69f49,ASA3    ,United States,1751325543.0,1751325544,-93.3493,43.6966,10363.2,False,207.69,291.35,0.0,,10690.86,0533,False,0,2025-06-30 23:19:04
a3f6ed,N35461  ,United States,1751325447.0,1751325447,-78.5921,34.4565,1021.08,False,53.41,110.88,1.63,,1165.86,,False,0,2025-06-30 23:19:04
ad2d99,N94822  ,United States,1751325543.0,1751325543,-79.1014,35.6866,1188.72,False,50.25,317.49,0.98,,1219.2,,False,0,2025-06-30 23:19:04
ab6906,WUP834  ,United States,1751325544.0,1751325544,-79.0134,37.3434,7620.0,False,146.63,6.85,0.0,,8069.58,3222,False,0,2025-06-30 23:19:04
a789cb,N585PL  ,United States,1751325543.0,1751325544,-90.6741,43.8162,12192.0,False,231.72,314.91,0.33,,12641.58,6214,False,0,2025-06-30 23:19:04
a9e188,N736CA  ,United States,1751325472.0,1751325532,-83.7866,35.9844,762.0,False,50.31,253.97,-3.25,,739.14,,False,0,2025-06-30 23:19:04
a5cf3c,UAL2712 ,United States,1751325544.0,1751325544,-97.2987,37.2675,10363.2,False,235.02,315.89,0.0,,10957.56,4720,False,0,2025-06-30 23:19:04
ae4d66,KECK618 ,United States,1751325544.0,1751325544,-78.0789,35.537,9144.0,False,244.35,212.18,0.0,,9715.5,2467,False,0,2025-06-30 23:19:04
c08866,POE483  ,Canada,1751325295.0,1751325297,-90.8845,48.6644,11582.4,False,225.56,292.53,-0.33,,11803.38,,False,0,2025-06-30 23:19:04
c08863,POE443  ,Canada,1751325544.0,1751325544,-83.4118,44.6214,11582.4,False,207.12,287.49,0.33,,12077.7,2244,False,0,2025-06-30 23:19:04
c08864,POE256  ,Canada,1751325450.0,1751325450,-73.7456,45.4574,,True,3.6,267.19,,,,,False,0,2025-06-30 23:19:04
acb1e5,AAL2343 ,United States,1751325542.0,1751325543,-97.3909,41.2119,11277.6,False,259.58,69.95,0.0,,11780.52,2454,False,0,2025-06-30 23:19:04
c08862,POE505  ,Canada,1751325543.0,1751325543,-81.1695,30.3568,9738.36,False,257.72,183.55,-15.28,,10256.52,1044,False,0,2025-06-30 23:19:04
a5cf66,UAL1528 ,United States,1751325544.0,1751325544,-95.6339,30.2487,3749.04,False,153.41,140.17,-10.08,,3970.02,0422,False,0,2025-06-30 23:19:04
a9e161,N736AM  ,United States,1751325542.0,1751325542,-74.8366,43.0409,167.64,False,0.0,0.0,-1.95,,137.16,,False,0,2025-06-30 23:19:04
a28820,N262TM  ,United States,1751325544.0,1751325544,-122.1389,47.9575,3489.96,False,93.92,47.22,0.0,,3634.74,1532,False,0,2025-06-30 23:19:04
a5cf4e,N4735H  ,United States,1751325342.0,1751325347,-71.1779,42.1907,,True,0.0,247.5,,,,,False,0,2025-06-30 23:19:04
c08853,POE407  ,Canada,1751325543.0,1751325543,-80.4953,43.905,5615.94,False,189.12,286.76,9.75,,5821.68,2212,False,0,2025-06-30 23:19:04
a2b0ed,UAL566  ,United States,1751325543.0,1751325544,-120.4689,38.9008,10363.2,False,248.39,52.49,-0.33,,10850.88,3717,False,0,2025-06-30 23:19:04
c0884e,POE642  ,Canada,1751325544.0,1751325544,-107.8861,36.6866,11277.6,False,240.44,64.26,0.33,,11871.96,5623,False,0,2025-06-30 23:19:04
c0751c,ROU1932 ,Canada,1751325543.0,1751325543,-81.6612,45.3115,11010.9,False,238.06,137.1,-4.88,,11506.2,,False,0,2025-06-30 23:19:04
a28812,SKW108R ,United States,1751325543.0,1751325544,-117.5856,33.776,2270.76,False,129.22,249.98,-2.28,,2354.58,6006,False,0,2025-06-30 23:19:04
c00ba7,JZA628  ,Canada,1751325493.0,1751325493,-79.6023,43.6789,,True,7.2,227.81,,,,3244,False,0,2025-06-30 23:19:04
a1a548,N205HC  ,United States,1751325543.0,1751325543,-91.1774,30.683,586.74,False,51.75,52.67,0.33,,617.22,,False,0,2025-06-30 23:19:04
a0224c,N1079D  ,United States,1751325543.0,1751325543,-109.3966,37.2685,3078.48,False,101.6,327.2,-4.55,,3238.5,,False,0,2025-06-30 23:19:04
a3e525,DAL518  ,United States,1751325543.0,1751325543,-71.1073,41.8621,3337.56,False,156.91,60.33,-4.23,,3489.96,3522,False,0,2025-06-30 23:19:04
acc59d,PDT6017 ,United States,1751325543.0,1751325544,-71.2649,41.2951,3886.2,False,169.13,174.06,7.8,,4069.08,,False,0,2025-06-30 23:19:04
a1ebb2,N22260  ,United States,1751325543.0,1751325543,-76.2393,40.9189,1371.6,False,43.51,294.44,2.93,,1386.84,1110,False,0,2025-06-30 23:19:04
a21ed4,ASA1287 ,United States,1751325543.0,1751325543,-120.0273,38.0284,11277.6,False,221.88,159.51,0.0,,11833.86,2626,False,0,2025-06-30 23:19:04
a65847,GJS4565 ,United States,1751325543.0,1751325543,-87.9108,41.9716,,True,11.83,90.0,,,,,False,0,2025-06-30 23:19:04
a7c800,N600HT  ,United States,1751325543.0,1751325543,-93.4392,36.0786,11277.6,False,195.71,87.29,0.0,,11917.68,2344,False,0,2025-06-30 23:19:04
a08efd,AAL1024 ,United States,1751325543.0,1751325544,-81.4249,28.3595,2400.3,False,139.94,359.37,-0.33,,2537.46,6762,False,0,2025-06-30 23:19:04
a3f875,N355MB  ,United States,1751325544.0,1751325544,-92.1644,42.0682,3086.1,False,95.54,118.64,-4.88,,3192.78,,False,0,2025-06-30 23:19:04
a57ee6,SKW5620 ,United States,1751325543.0,1751325543,-103.3295,42.9753,9144.0,False,243.24,176.61,0.0,,9585.96,,False,0,2025-06-30 23:19:04
c060bd,POE206  ,Canada,1751325543.0,1751325543,-73.2846,45.5516,9144.0,False,216.22,267.82,0.0,,9555.48,,False,0,2025-06-30 23:19:04
a02291,N108BM  ,United States,1751325544.0,1751325544,-91.0065,30.7062,1066.8,False,138.68,186.18,-7.15,,1112.52,4121,False,0,2025-06-30 23:19:04
c060be,POE309  ,Canada,1751325543.0,1751325544,-79.7605,43.6278,1272.54,False,114.57,236.17,15.28,,1257.3,0567,False,0,2025-06-30 23:19:04
c060ba,POE365  ,Canada,1751325543.0,1751325543,-79.6349,43.6915,,True,0.0,45.0,,,,2231,False,0,2025-06-30 23:19:04
a1a57a,N205KC  ,United States,1751325332.0,1751325332,-90.8722,35.3986,,False,59.64,235.9,-0.98,,160.02,,False,0,2025-06-30 23:19:04
aa4903,AAL786  ,United States,1751325423.0,1751325476,-69.7289,39.0006,10972.8,False,255.78,49.49,0.0,,11590.02,,False,0,2025-06-30 23:19:04
a3f812,N355HC  ,United States,1751325542.0,1751325543,-87.9322,41.8814,487.68,False,45.89,273.86,0.98,,426.72,0325,False,0,2025-06-30 23:19:04
a9f3c0,NKS2494 ,United States,1751325525.0,1751325541,-81.9954,27.05,2087.88,False,145.54,213.47,-5.53,,2217.42,1614,False,0,2025-06-30 23:19:04
c060c9,POE448  ,Canada,1751325543.0,1751325543,-75.7833,45.4631,1737.36,False,147.48,104.13,-6.18,,1752.6,2146,False,0,2025-06-30 23:19:04
aa21ef,SKW4917 ,United States,1751325544.0,1751325544,-110.8897,32.0736,1066.8,False,76.03,314.73,-3.9,,1021.08,1364,False,0,2025-06-30 23:19:04
c060c4,POE517  ,Canada,1751325389.0,1751325389,-80.1726,26.077,22.86,False,71.0,90.83,-3.9,,60.96,6534,False,0,2025-06-30 23:19:04
c060c6,POE670  ,Canada,1751325543.0,1751325544,-99.3733,43.2279,11285.22,False,244.34,84.81,-0.33,,11727.18,,False,0,2025-06-30 23:19:04
c060c3,POE452  ,Canada,1751325486.0,1751325491,-86.0934,47.2605,11277.6,False,239.97,116.07,0.33,,11597.64,,False,0,2025-06-30 23:19:04
a38223,AAY331  ,United States,1751325543.0,1751325543,-91.3236,39.8541,11582.4,False,225.92,314.17,0.0,,12153.9,1061,False,0,2025-06-30 23:19:04
a0cbdf,PXT150  ,United States,1751325542.0,1751325542,-122.3845,37.6276,,True,0.0,284.06,,,,6655,False,0,2025-06-30 23:19:04
a8d3b4,UAL2133 ,United States,1751325544.0,1751325544,-83.4435,42.0532,11277.6,False,254.36,95.69,0.0,,11841.48,3535,False,0,2025-06-30 23:19:04
a21efb,MXY739  ,United States,1751325543.0,1751325543,-70.759,43.1066,5943.6,False,196.52,207.77,8.45,,6233.16,,False,0,2025-06-30 23:19:04
a1feea,MXY718  ,United States,1751325543.0,1751325543,-81.5858,38.6367,10972.8,False,230.66,184.48,0.0,,11612.88,2453,False,0,2025-06-30 23:19:04
a8e6dc,N673    ,United States,1751325543.0,1751325544,-71.2873,43.2963,1531.62,False,72.43,36.63,0.33,,1546.86,5315,False,0,2025-06-30 23:19:04
a20bf5,N2308E  ,United States,1751325528.0,1751325533,-122.9011,46.5809,2286.0,False,51.45,178.85,0.33,,2369.82,,False,0,2025-06-30 23:19:04
aa7d90,N775WB  ,United States,1751325467.0,1751325535,-121.1045,41.4242,2042.16,False,52.43,312.61,1.3,,2118.36,,False,0,2025-06-30 23:19:04
c060e5,CGKSA   ,Canada,1751325544.0,1751325544,-73.0178,45.4918,1066.8,False,30.94,183.81,-0.33,,,,False,0,2025-06-30 23:19:04
a8e6f2,AAL1918 ,United States,1751325544.0,1751325544,-79.7219,36.2051,10668.0,False,231.3,53.41,0.0,,11315.7,2525,False,0,2025-06-30 23:19:04
a7c85d,FRLD74  ,United States,1751325543.0,1751325544,-117.2954,33.8031,1074.42,False,68.07,312.86,0.98,,1066.8,1255,False,0,2025-06-30 23:19:04
a87217,N643TP  ,United States,1751325543.0,1751325544,-95.4716,38.5115,1798.32,False,61.22,241.93,0.0,,1866.9,,False,0,2025-06-30 23:19:04
a6588d,N508KD  ,United States,1751325543.0,1751325543,-87.2013,30.4707,243.84,False,77.37,265.81,7.48,,251.46,3052,False,0,2025-06-30 23:19:04
acd855,S433    ,United States,1751325522.0,1751325530,-97.1396,38.5756,693.42,False,71.15,298.97,0.0,,746.76,,False,0,2025-06-30 23:19:04
ac754b,AAL3263 ,United States,1751325542.0,1751325543,-89.0524,32.4992,11582.4,False,237.16,270.25,-0.33,,12275.82,0356,True,0,2025-06-30 23:19:04
aa8efb,N78JF   ,United States,1751325543.0,1751325543,-122.8367,47.2124,2735.58,False,120.86,9.06,-4.55,,2857.5,,False,0,2025-06-30 23:19:04
a7fbbb,SKW5217 ,United States,1751325535.0,1751325535,-119.8984,44.3139,11277.6,False,210.42,203.18,-0.33,,11788.14,,False,0,2025-06-30 23:19:04
c060b7,PTR2484 ,Canada,1751325473.0,1751325473,-73.7504,45.4686,,True,8.23,357.19,,,,,False,0,2025-06-30 23:19:04
c060b4,PTR2294 ,Canada,1751325543.0,1751325543,-77.8559,44.0192,7063.74,False,153.46,243.95,-10.08,,7406.64,3103,False,0,2025-06-30 23:19:04
c060b3,PTR2394 ,Canada,1751325544.0,1751325544,-85.3985,42.045,6400.8,False,178.84,77.2,0.0,,6682.74,6232,False,0,2025-06-30 23:19:04
abebe0,SWA4186 ,United States,1751325543.0,1751325543,-94.6282,33.9191,8328.66,False,211.86,245.92,-5.2,,8831.58,2603,False,0,2025-06-30 23:19:04
a2c574,AAY998  ,United States,1751325544.0,1751325544,-73.6452,41.274,6766.56,False,201.79,6.15,-4.88,,7139.94,1563,False,0,2025-06-30 23:19:04
ac756c,AAL2576 ,United States,1751325543.0,1751325543,-89.6335,31.1907,5288.28,False,204.24,179.57,-7.15,,5615.94,7411,False,0,2025-06-30 23:19:04
a7650b,DAL798  ,United States,1751325544.0,1751325544,-89.6286,44.5567,10370.82,False,216.85,288.39,-0.33,,10721.34,3706,False,0,2025-06-30 23:19:04
acd88e,DAL743  ,United States,1751325543.0,1751325543,-84.5564,33.8053,2537.46,False,145.53,20.48,12.35,,2651.76,4156,False,0,2025-06-30 23:19:04
a20d0e,RPA5639 ,United States,1751325543.0,1751325544,-77.2305,42.6573,9448.8,False,256.9,96.67,0.33,,9982.2,6570,False,0,2025-06-30 23:19:04
aa7ba6,N775AM  ,United States,1751325250.0,1751325250,-118.4483,34.0168,,True,3.6,45.0,,,,,False,0,2025-06-30 23:19:04
ade548,DAL3053 ,United States,1751325543.0,1751325544,-84.9563,32.2099,6705.6,False,238.66,203.64,0.0,,7117.08,1101,False,0,2025-06-30 23:19:04
acb21b,EJA917  ,United States,1751325543.0,1751325543,-106.9722,38.5104,13106.4,False,225.36,42.69,0.0,,13731.24,0767,False,0,2025-06-30 23:19:04
ade543,AAL2496 ,United States,1751325544.0,1751325544,-102.1106,38.3325,10668.0,False,249.26,97.83,0.0,,11247.12,3547,False,0,2025-06-30 23:19:04
a3e55a,FFT3087 ,United States,1751325530.0,1751325530,-87.7423,41.7897,,True,0.0,129.38,,,,2673,False,0,2025-06-30 23:19:04
a3f88e,DAL1695 ,United States,1751325540.0,1751325540,-84.4193,33.6496,259.08,False,64.82,270.0,-0.65,,274.32,2215,False,0,2025-06-30 23:19:04
a2b29c,N273LA  ,United States,1751325478.0,1751325478,-73.7474,41.6828,1074.42,False,45.8,165.03,0.33,,1089.66,,False,0,2025-06-30 23:19:04
ad8269,N97MK   ,United States,1751325543.0,1751325543,-80.2155,35.771,3032.76,False,91.17,303.96,-0.33,,3177.54,,False,0,2025-06-30 23:19:04
c086bd,CGZAQ   ,Canada,1751325543.0,1751325543,-72.9441,45.3563,1402.08,False,38.82,145.26,1.63,,1432.56,,False,0,2025-06-30 23:19:04
a5255a,RPA4501 ,United States,1751325540.0,1751325542,-79.5804,37.7539,9144.0,False,228.33,237.42,0.0,,9669.78,3503,False,0,2025-06-30 23:19:04
a0cd03,N1503U  ,United States,1751325540.0,1751325540,-120.2528,37.8676,1249.68,False,46.17,255.81,2.93,,1234.44,,False,0,2025-06-30 23:19:04
a3829a,N325TP  ,United States,1751325544.0,1751325544,-82.6085,34.2863,3390.9,False,119.02,329.33,-7.48,,3543.3,,False,0,2025-06-30 23:19:04
a6eec9,LXJ546  ,United States,1751325543.0,1751325543,-115.7739,36.3904,13708.38,False,231.5,117.82,0.33,,14394.18,3322,False,0,2025-06-30 23:19:04
a06a09,AAL1664 ,United States,1751325543.0,1751325543,-80.9529,35.4203,1203.96,False,100.57,175.89,0.0,,1249.68,,False,0,2025-06-30 23:19:04
a70ee6,GJS4447 ,United States,1751325544.0,1751325544,-83.5984,41.2932,10972.8,False,220.17,266.11,-0.33,,11559.54,4040,False,0,2025-06-30 23:19:04
a3828a,SKW3794 ,United States,1751325543.0,1751325543,-118.1682,34.0367,929.64,False,98.2,144.81,0.0,,922.02,1675,False,0,2025-06-30 23:19:04
a32d40,TKR875  ,United States,1751325544.0,1751325544,-102.5636,43.5199,1950.72,False,80.13,254.36,0.98,,2095.5,,False,0,2025-06-30 23:19:04
a44d1c,DAL1439 ,United States,1751325543.0,1751325543,-82.2596,32.0733,11582.4,False,234.87,188.95,-0.33,,12245.34,6207,False,0,2025-06-30 23:19:04
c06183,POE306  ,Canada,1751325543.0,1751325543,-83.6262,43.5984,11277.6,False,246.24,97.08,0.0,,11803.38,2655,False,0,2025-06-30 23:19:04
a20d4b,N231MA  ,United States,1751325543.0,1751325543,-94.1525,41.6974,1143.0,False,33.97,324.87,1.95,,1165.86,,False,0,2025-06-30 23:19:04
a154e6,SKW3494 ,United States,1751325544.0,1751325544,-120.5508,35.0311,10058.4,False,217.93,143.83,0.0,,10538.46,6302,False,0,2025-06-30 23:19:04
a3e4a8,HRC35   ,United States,1751325544.0,1751325544,-75.7375,42.8862,9745.98,False,217.23,255.6,0.0,,10264.14,2006,False,0,2025-06-30 23:19:04
c0617a,POE236  ,Canada,1751325543.0,1751325544,-70.0222,46.4872,10972.8,False,205.02,258.13,0.0,,11445.24,7202,False,0,2025-06-30 23:19:04
a56d0c,N449LF  ,United States,1751325543.0,1751325543,-116.7179,47.3896,1623.06,False,67.28,156.57,-0.33,,1684.02,,False,0,2025-06-30 23:19:04
c06177,POE130  ,Canada,1751325455.0,1751325456,-79.6211,43.6851,,True,0.0,64.69,,,,4326,False,0,2025-06-30 23:19:04
c06174,POE375  ,Canada,1751325543.0,1751325543,-74.2206,45.5885,3535.68,False,168.65,323.93,10.73,,3649.98,,False,0,2025-06-30 23:19:04
c06175,POE482  ,Canada,1751325544.0,1751325544,-83.5703,46.0215,11750.04,False,234.18,127.32,-4.88,,12192.0,,False,0,2025-06-30 23:19:04
c06171,POE662  ,Canada,1751325543.0,1751325543,-104.0922,38.865,11277.6,False,238.27,68.86,-0.33,,11856.72,2253,False,0,2025-06-30 23:19:04
ab681a,N834KC  ,United States,1751325543.0,1751325543,-83.9562,36.1026,1668.78,False,71.77,41.8,-1.95,,1714.5,6762,False,0,2025-06-30 23:19:04
c0616c,POE267  ,Canada,1751325543.0,1751325543,-77.0418,45.3191,7452.36,False,187.77,257.98,7.15,,7757.16,6211,False,0,2025-06-30 23:19:04
a657bf,AAL1973 ,United States,1751325543.0,1751325543,-97.0125,33.1271,1234.44,False,95.09,215.75,-2.28,,1280.16,3371,False,0,2025-06-30 23:19:04
a19d59,MXY724  ,United States,1751325544.0,1751325544,-77.3284,41.2288,10972.8,False,214.49,289.91,0.0,,11582.4,1370,False,0,2025-06-30 23:19:04
a99262,ASA438  ,United States,1751325543.0,1751325543,-94.999,34.3522,10363.2,False,231.56,201.78,0.0,,10995.66,1507,False,0,2025-06-30 23:19:04
add0e8,AIP1801 ,United States,1751325477.0,1751325477,-111.971,40.7562,1402.08,False,71.73,355.48,-3.25,,1394.46,4346,False,0,2025-06-30 23:19:04
a3e4d2,N350AE  ,United States,1751325543.0,1751325544,-117.4315,47.9213,1005.84,False,111.24,2.65,-7.15,,1005.84,,False,0,2025-06-30 23:19:04
a3e4d9,AIRLIFE2,United States,1751325463.0,1751325463,-111.917,40.3959,1402.08,False,0.0,0.0,0.0,,1432.56,1200,False,0,2025-06-30 23:19:04
a06a54,DAL395  ,United States,1751325543.0,1751325543,-94.4284,32.1371,10660.38,False,247.67,85.59,0.0,,11323.32,7365,False,0,2025-06-30 23:19:04
a2b1ab,ASA410  ,United States,1751325543.0,1751325543,-98.7238,45.7285,10668.0,False,254.43,114.23,-0.33,,11041.38,,False,0,2025-06-30 23:19:04
a20d8a,N231PP  ,United States,1751325543.0,1751325543,-118.5334,48.0552,3185.16,False,78.5,259.43,0.0,,3322.32,,False,0,2025-06-30 23:19:04
a8856d,UAL2630 ,United States,1751325522.0,1751325541,-104.4286,47.2218,10363.2,False,214.13,271.93,0.0,,10797.54,,False,0,2025-06-30 23:19:04
a417fe,FFT1081 ,United States,1751325301.0,1751325425,-84.4233,33.6439,,True,0.0,0.0,,,,5706,False,0,2025-06-30 23:19:04
a0490b,N1173X  ,United States,1751325490.0,1751325490,-82.3529,35.3714,1645.92,False,43.26,205.35,-0.65,,1440.18,0253,False,0,2025-06-30 23:19:04
a31a50,UAL8178 ,United States,1751325542.0,1751325543,-97.5306,40.8282,11574.78,False,225.15,254.63,0.0,,12115.8,2236,False,0,2025-06-30 23:19:04
a394f7,N33RK   ,United States,1751325377.0,1751325377,-80.2478,25.9982,30.48,False,38.07,90.0,-3.9,,30.48,1574,False,0,2025-06-30 23:19:04
c06167,POE322  ,Canada,1751325543.0,1751325543,-79.6262,43.6865,,True,1.8,337.5,,,,5527,False,0,2025-06-30 23:19:04
c07498,CGSDZ   ,Canada,1751325542.0,1751325542,-123.1694,48.7302,1645.92,False,45.23,56.13,3.25,,1714.5,,False,0,2025-06-30 23:19:04
a1ed5f,ENY3652 ,United States,1751325543.0,1751325544,-93.4564,40.7489,7315.2,False,200.34,248.77,-0.33,,7673.34,7671,False,0,2025-06-30 23:19:04
a0ba4e,EDV4958 ,United States,1751325544.0,1751325544,-87.6487,38.7232,10058.4,False,229.97,163.23,0.0,,10652.76,1315,False,0,2025-06-30 23:19:04
a44d3f,DAL1758 ,United States,1751325541.0,1751325541,-84.2167,33.5829,906.78,False,100.54,342.12,-4.23,,975.36,6053,False,0,2025-06-30 23:19:04
ac0ba7,UAL8211 ,United States,1751325397.0,1751325533,-81.2489,24.7491,7383.78,False,238.9,264.19,5.2,,7840.98,,False,0,2025-06-30 23:19:04
aacbb7,PXT795  ,United States,1751325544.0,1751325544,-120.2257,35.9197,6400.8,False,127.28,143.55,0.0,,6697.98,3267,False,0,2025-06-30 23:19:04
a537b2,SWA581  ,United States,1751325544.0,1751325544,-112.7037,32.951,11277.6,False,247.9,86.55,-0.33,,11932.92,1426,False,0,2025-06-30 23:19:04
3d1a77,DEIGT   ,Germany,1751325543.0,1751325543,-121.1585,39.146,3200.4,False,79.98,203.1,0.0,,3322.32,,False,0,2025-06-30 23:19:04
a1ed66,AAY98   ,United States,1751325535.0,1751325540,-115.1534,36.087,,True,0.0,149.06,,,,,False,0,2025-06-30 23:19:04
a7a257,JIA5471 ,United States,1751325543.0,1751325543,-81.0821,35.6427,2423.16,False,128.49,98.52,0.33,,2537.46,6670,False,0,2025-06-30 23:19:04
a0cd92,N1507X  ,United States,1751325543.0,1751325543,-121.8048,37.3124,266.7,False,32.29,30.65,-0.65,,220.98,1200,False,0,2025-06-30 23:19:04
a1a4e8,SABER5  ,United States,1751325229.0,1751325229,-111.8466,39.4794,4297.68,False,60.7,148.87,-4.88,,4724.4,,False,0,2025-06-30 23:19:04
acd838,AAL578  ,United States,1751325543.0,1751325543,-97.0301,32.7793,1386.84,False,122.44,180.24,10.08,,1447.8,6222,False,0,2025-06-30 23:19:04
a261c9,N25233  ,United States,1751325543.0,1751325543,-123.0951,45.4812,480.06,False,42.33,20.64,0.33,,441.96,,False,0,2025-06-30 23:19:04
aa7e9a,UAL2047 ,United States,1751325543.0,1751325543,-115.1212,36.077,,True,4.63,177.19,,,,,False,0,2025-06-30 23:19:04
c00cf5,MAL7084 ,Canada,1751325526.0,1751325531,-79.649,43.6869,205.74,True,14.41,272.05,0.0,,,4354,False,0,2025-06-30 23:19:04
c00cec,MAL7056 ,Canada,1751325544.0,1751325544,-79.5563,43.863,1188.72,False,104.08,46.6,-6.5,,1150.62,5555,False,0,2025-06-30 23:19:04
a897f4,AAL1868 ,United States,1751325543.0,1751325543,-90.8893,35.5783,10668.0,False,253.88,55.15,-0.33,,11315.7,0552,False,0,2025-06-30 23:19:04
abdb35,AAL9    ,United States,1751325422.0,1751325422,-106.447,31.7678,1524.0,False,84.38,50.19,-4.88,,1600.2,2022,False,0,2025-06-30 23:19:04
ae4e57,ELVIS11 ,United States,1751325544.0,1751325544,-81.4429,35.9683,2857.5,False,133.12,94.43,0.0,,2964.18,,False,0,2025-06-30 23:19:04
ade5b8,PCM7650 ,United States,1751325507.0,1751325507,-123.1162,39.1037,1234.44,False,87.46,295.06,-4.23,,1257.3,1200,False,0,2025-06-30 23:19:04
a6a7ec,N528PA  ,United States,1751325424.0,1751325424,-81.6273,28.9,396.24,False,53.36,326.0,-3.25,,434.34,1200,False,0,2025-06-30 23:19:04
a16943,N190ME  ,United States,1751325430.0,1751325543,-96.607,33.6817,1074.42,False,48.38,88.17,0.65,,1104.9,,False,0,2025-06-30 23:19:04
a21fa1,RPA5627 ,United States,1751325544.0,1751325544,-70.9332,42.5124,868.68,False,87.04,198.97,-5.2,,883.92,4002,False,0,2025-06-30 23:19:04
a2fa71,AAY3040 ,United States,1751325543.0,1751325544,-81.1644,29.3064,8618.22,False,235.84,182.5,-8.78,,9113.52,6044,False,0,2025-06-30 23:19:04
a884b6,UAL321  ,United States,1751325544.0,1751325544,-67.1767,41.7093,10668.0,False,254.99,60.64,0.33,,11209.02,5033,False,0,2025-06-30 23:19:04
aa7e99,UAL2399 ,United States,1751325543.0,1751325544,-100.9641,31.0092,10972.8,False,229.51,268.59,0.0,,11643.36,2575,False,0,2025-06-30 23:19:04
a93d4e,PDT5868 ,United States,1751325544.0,1751325544,-75.1269,39.8941,449.58,False,70.75,255.26,-3.9,,441.96,4220,False,0,2025-06-30 23:19:04
a5aa3a,UAL579  ,United States,1751325434.0,1751325434,-95.3092,30.0072,121.92,False,73.57,270.4,-3.9,,137.16,4560,False,0,2025-06-30 23:19:04
c06363,PTR2638 ,Canada,1751325544.0,1751325544,-89.3929,48.3507,990.6,False,101.97,232.38,12.03,,906.78,,False,0,2025-06-30 23:19:04
add2b0,AAL539  ,United States,1751325543.0,1751325544,-118.4188,33.9359,266.7,False,85.5,263.09,12.03,,205.74,,False,0,2025-06-30 23:19:04
aa7e7d,UAL2683 ,United States,1751325543.0,1751325543,-116.975,32.6811,1272.54,False,118.58,285.6,-7.15,,1287.78,,False,0,2025-06-30 23:19:04
aa7e7b,UAL2602 ,United States,1751325543.0,1751325543,-111.6527,42.2426,10363.2,False,225.54,298.03,0.0,,10904.22,,False,0,2025-06-30 23:19:04
aa7e7a,UAL222  ,United States,1751325544.0,1751325544,-85.5336,33.6009,10668.0,False,235.31,58.5,0.0,,11308.08,3113,False,0,2025-06-30 23:19:04
a1da83,N21866  ,United States,1751325544.0,1751325544,-122.2067,37.7254,15.24,False,21.42,294.1,0.33,,-30.48,5340,False,0,2025-06-30 23:19:04
a2b1cf,N273BW  ,United States,1751325444.0,1751325446,-77.1204,37.8355,1112.52,False,79.7,219.24,-1.3,,1120.14,1121,False,0,2025-06-30 23:19:04
c0635c,PTR2339 ,Canada,1751325543.0,1751325544,-74.1526,40.9523,1234.44,False,109.57,172.17,-0.65,,1272.54,1014,False,0,2025-06-30 23:19:04
a28904,UAL1281 ,United States,1751325459.0,1751325459,-110.7256,36.6458,10972.8,False,230.23,229.44,0.0,,11582.4,1246,False,0,2025-06-30 23:19:04
c0502e,ACA777  ,Canada,1751325543.0,1751325543,-91.1489,45.4834,10972.8,False,214.44,257.53,0.0,,11277.6,6242,False,0,2025-06-30 23:19:04
c0635b,PTR2617 ,Canada,1751325543.0,1751325544,-79.9153,46.2163,7315.2,False,183.62,337.6,0.33,,7604.76,4767,False,0,2025-06-30 23:19:04
c0635a,PTR2946 ,Canada,1751325543.0,1751325544,-78.8232,43.6856,2164.08,False,120.73,263.15,-6.5,,2209.8,7076,False,0,2025-06-30 23:19:04
a44d85,DAL2442 ,United States,1751325281.0,1751325281,-119.6505,44.1271,10668.0,False,234.04,152.08,0.33,,11163.3,6606,False,0,2025-06-30 23:19:04
3a3440,RLY12AM ,France,1751325543.0,1751325543,-107.1944,35.5857,2827.02,False,75.74,103.75,0.65,,2994.66,,False,0,2025-06-30 23:19:04
acc5e7,N922DD  ,United States,1751325544.0,1751325544,-122.5418,45.7376,617.22,False,33.0,210.96,-0.65,,609.6,,False,0,2025-06-30 23:19:04
c06358,PTR2485 ,Canada,1751325543.0,1751325543,-77.758,44.2304,7627.62,False,184.07,69.89,0.0,,7985.76,2202,False,0,2025-06-30 23:19:04
c06356,PTR2355 ,Canada,1751325543.0,1751325543,-76.861,45.6072,7315.2,False,128.35,293.38,0.65,,7627.62,1002,False,0,2025-06-30 23:19:04
a6ca2f,N5368H  ,United States,1751325533.0,1751325533,-117.8617,33.6839,60.96,False,36.0,210.96,-3.25,,53.34,,False,0,2025-06-30 23:19:04
a7a1a0,FDX1443 ,United States,1751325543.0,1751325543,-88.9906,41.0571,5890.26,False,217.5,41.84,-10.73,,6126.48,0747,False,0,2025-06-30 23:19:04
c0501e,ACA990  ,Canada,1751325432.0,1751325432,-79.6108,43.6785,,True,0.64,275.62,,,,,False,0,2025-06-30 23:19:04
acb2ad,SWA4155 ,United States,1751325543.0,1751325543,-106.6148,37.0294,10355.58,False,230.14,230.26,0.0,,10927.08,,False,0,2025-06-30 23:19:04
c00cfe,MAL7095 ,Canada,1751325544.0,1751325544,-80.1388,44.0418,2476.5,False,91.58,103.65,0.0,,2514.6,4703,False,0,2025-06-30 23:19:04
c00cfd,MAL7052 ,Canada,1751325541.0,1751325542,-123.3179,48.9352,906.78,False,80.87,70.3,-0.33,,937.26,,False,0,2025-06-30 23:19:04
a03660,N11228  ,United States,1751325449.0,1751325451,-87.8978,42.1058,259.08,False,28.57,336.67,-1.63,,190.5,1200,False,0,2025-06-30 23:19:04
a02339,VJA108  ,United States,1751325544.0,1751325544,-121.9803,37.4263,1341.12,False,110.88,11.78,14.96,,1325.88,3307,False,0,2025-06-30 23:19:04
a21fbb,N236KR  ,United States,1751325544.0,1751325544,-74.2658,40.7485,1828.8,False,135.91,182.17,1.3,,1905.0,1523,False,0,2025-06-30 23:19:04
aa35e1,AAL2223 ,United States,1751325543.0,1751325544,-111.7152,33.35,1775.46,False,118.03,333.88,-3.58,,1821.18,6052,False,0,2025-06-30 23:19:04
add2ad,ASA19   ,United States,1751325544.0,1751325544,-79.4881,43.4315,10363.2,False,228.86,313.82,0.33,,10888.98,3374,False,0,2025-06-30 23:19:04
a524e1,UAL588  ,United States,1751325240.0,1751325240,-108.7924,42.6922,9761.22,False,222.29,315.84,0.33,,10302.24,3526,False,0,2025-06-30 23:19:04
a1697c,N190PM  ,United States,1751325544.0,1751325544,-72.7348,44.0947,3360.42,False,123.9,140.56,0.65,,3497.58,,False,0,2025-06-30 23:19:04
acc5fb,DAL1838 ,United States,1751325543.0,1751325544,-110.2504,30.9559,10363.2,False,235.59,333.83,-0.33,,10972.8,,False,0,2025-06-30 23:19:04
a68d44,GJS4582 ,United States,1751325543.0,1751325543,-80.9832,41.0376,10370.82,False,227.54,297.03,-0.33,,10942.32,6130,False,0,2025-06-30 23:19:04
a777bf,AAL1789 ,United States,1751325544.0,1751325544,-79.9435,41.2971,9144.0,False,224.34,242.55,0.0,,9654.54,2364,False,0,2025-06-30 23:19:04
aa7e51,UAL2264 ,United States,1751325544.0,1751325544,-92.6012,37.7673,10363.2,False,227.39,273.89,0.0,,10949.94,6217,False,0,2025-06-30 23:19:04
a67a16,N5160E  ,United States,1751325366.0,1751325498,-120.921,44.2961,1417.32,False,41.24,273.58,-0.65,,1463.04,,False,0,2025-06-30 23:19:04
a19cc7,JBU1532 ,United States,1751325487.0,1751325543,-77.8278,32.3536,10683.24,False,230.95,3.7,0.0,,11285.22,,False,0,2025-06-30 23:19:04
a0100a,PXG103  ,United States,1751325544.0,1751325544,-83.8234,40.4969,4724.4,False,183.54,125.07,-5.53,,4937.76,4335,False,0,2025-06-30 23:19:04
a28947,UAL2297 ,United States,1751325543.0,1751325543,-101.7164,41.1377,10363.2,False,221.7,246.77,0.0,,10873.74,7372,False,0,2025-06-30 23:19:04
acfb6e,N9356H  ,United States,1751325463.0,1751325463,-90.577,41.1277,609.6,False,51.54,93.43,-0.98,,586.74,,False,0,2025-06-30 23:19:04
400771,BAW12TB ,United Kingdom,1751325543.0,1751325543,-82.5554,27.9048,556.26,False,117.18,195.01,3.58,,609.6,,False,0,2025-06-30 23:19:04
a65942,N508SK  ,United States,1751325544.0,1751325544,-102.3831,32.631,2796.54,False,124.27,14.38,3.58,,2918.46,,False,0,2025-06-30 23:19:04
a89915,NKS2648 ,United States,1751325543.0,1751325543,-82.316,39.952,8435.34,False,223.62,350.73,-6.5,,8923.02,3162,False,0,2025-06-30 23:19:04
a27676,AAY681  ,United States,1751325543.0,1751325544,-107.4327,40.4548,10972.8,False,230.89,217.3,0.0,,11574.78,,False,0,2025-06-30 23:19:04
a92a8d,N69YK   ,United States,1751325532.0,1751325533,-94.4781,41.8187,1653.54,False,84.43,63.59,0.0,,1706.88,,False,0,2025-06-30 23:19:04
a5cfa5,UAL1842 ,United States,1751325543.0,1751325543,-81.233,46.4231,10363.2,False,195.09,246.21,0.0,,10774.68,3375,False,0,2025-06-30 23:19:04
add376,JBU187  ,United States,1751325543.0,1751325543,-70.8525,42.5762,3931.92,False,150.39,303.42,10.73,,4099.56,,False,0,2025-06-30 23:19:04
a1435d,SWA1051 ,United States,1751325543.0,1751325544,-91.3751,40.6625,9448.8,False,236.99,86.89,0.33,,9928.86,,False,0,2025-06-30 23:19:04
a2c635,SWA827  ,United States,1751325544.0,1751325544,-97.225,32.2748,11887.2,False,233.8,23.74,-0.33,,12580.62,4007,False,0,2025-06-30 23:19:04
a80a97,SKW5422 ,United States,1751325543.0,1751325544,-75.976,45.9154,9753.6,False,218.19,278.0,0.33,,10210.8,1330,False,0,2025-06-30 23:19:04
ac508b,DAL2381 ,United States,1751325371.0,1751325371,-84.4225,33.6299,,True,8.75,180.0,,,,,False,0,2025-06-30 23:19:04
a40629,N3589S  ,United States,1751325543.0,1751325543,-122.2998,40.2761,2651.76,False,57.76,355.91,-0.33,,2712.72,3326,False,0,2025-06-30 23:19:04
abb8a0,SWA3418 ,United States,1751325543.0,1751325544,-111.5106,33.5766,11262.36,False,242.75,72.49,0.0,,11910.06,1322,False,0,2025-06-30 23:19:04
a3e658,AAL3090 ,United States,1751325542.0,1751325543,-112.9267,37.2761,11277.6,False,240.77,54.92,0.0,,11902.44,7372,False,0,2025-06-30 23:19:04
a26315,EPI253  ,United States,1751325543.0,1751325543,-81.3768,28.5297,419.1,False,49.14,250.43,-1.63,,449.58,4203,False,0,2025-06-30 23:19:04
a1fff2,ENY4122 ,United States,1751325544.0,1751325544,-95.6683,33.7425,7223.76,False,223.3,239.24,-9.75,,7665.72,5637,False,0,2025-06-30 23:19:04
a1ecc4,CXK153  ,United States,1751325510.0,1751325514,-70.3694,41.7437,571.5,False,47.67,136.31,-2.6,,563.88,5321,False,0,2025-06-30 23:19:04
ab68dd,SCX920  ,United States,1751325543.0,1751325543,-84.8864,40.7165,11582.4,False,229.01,319.01,0.33,,12184.38,3026,False,0,2025-06-30 23:19:04
ac0e33,SCU56   ,United States,1751325520.0,1751325521,-95.7415,36.1958,731.52,False,55.71,265.76,-2.28,,716.28,,False,0,2025-06-30 23:19:04
a1699a,EJA190  ,United States,1751325543.0,1751325543,-109.8421,32.4812,12496.8,False,273.25,104.17,0.33,,13190.22,6424,False,0,2025-06-30 23:19:04
abb8c4,SWA1310 ,United States,1751325544.0,1751325544,-108.8435,39.6836,10965.18,False,237.4,259.01,0.0,,11559.54,,False,0,2025-06-30 23:19:04
a01037,DAL2760 ,United States,1751325540.0,1751325542,-82.5234,46.1046,10972.8,False,197.89,242.44,0.0,,11437.62,4642,False,0,2025-06-30 23:19:04
a51331,BKN26   ,United States,1751325379.0,1751325399,-90.1223,38.6224,449.58,False,54.78,194.69,-1.95,,388.62,,False,0,2025-06-30 23:19:04
a8990f,N653ND  ,United States,1751325543.0,1751325543,-122.2325,37.4194,982.98,False,48.51,304.2,-0.33,,967.74,1200,False,0,2025-06-30 23:19:04
aca07a,N9120J  ,United States,1751325543.0,1751325543,-122.2946,40.5437,373.38,False,44.77,181.32,-2.93,,312.42,,False,0,2025-06-30 23:19:04
a38367,JBU1317 ,United States,1751325543.0,1751325544,-83.5174,34.9572,8001.0,False,227.54,206.45,-8.45,,8488.68,6743,False,0,2025-06-30 23:19:04
a8d4f6,UAL448  ,United States,1751325544.0,1751325544,-103.7006,30.8361,9753.6,False,232.84,287.35,0.0,,10347.96,2531,False,0,2025-06-30 23:19:04
a7b4ea,JIA5115 ,United States,1751325544.0,1751325544,-89.4297,36.7526,10363.2,False,226.22,228.04,0.33,,10988.04,3204,False,0,2025-06-30 23:19:04
a8d4ef,UAL489  ,United States,1751325543.0,1751325544,-97.8472,32.6065,10675.62,False,245.62,133.56,0.33,,11330.94,1413,False,0,2025-06-30 23:19:04
a44cda,DAL776  ,United States,1751325543.0,1751325544,-80.6694,31.2169,11582.4,False,254.24,181.62,0.0,,12199.62,3464,False,0,2025-06-30 23:19:04
a1a697,SWA1399 ,United States,1751325543.0,1751325543,-121.003,39.9329,12192.0,False,226.3,221.59,0.0,,12793.98,,False,0,2025-06-30 23:19:04
abdb10,APC690  ,United States,1751325536.0,1751325536,-122.6995,47.8735,739.14,False,69.8,327.95,0.0,,769.62,,False,0,2025-06-30 23:19:04
a7ea48,SKW6330 ,United States,1751325543.0,1751325543,-84.6929,45.2549,10378.44,False,208.21,212.59,-5.2,,10797.54,3414,False,0,2025-06-30 23:19:04
a1ecfd,RPA5804 ,United States,1751325533.0,1751325541,-73.7707,40.634,,True,0.0,300.94,,,,1423,False,0,2025-06-30 23:19:04
aa6b9f,UAL884  ,United States,1751325543.0,1751325543,-74.567,40.1535,10584.18,False,258.34,48.31,5.2,,11201.4,2727,False,0,2025-06-30 23:19:04
af38c4,G27050  ,United States,1751325522.0,1751325543,-84.4065,33.8882,769.62,False,59.91,290.61,-3.25,,784.86,5655,False,0,2025-06-30 23:19:04
abb8ea,SWA2749 ,United States,1751325543.0,1751325543,-115.3526,33.926,8877.3,False,209.55,228.48,-4.88,,9380.22,3540,False,0,2025-06-30 23:19:04
ab8b3e,N843CP  ,United States,1751325543.0,1751325543,-106.075,36.2101,12192.0,False,216.89,254.88,0.0,,12847.32,6621,False,0,2025-06-30 23:19:04
a13041,N176JB  ,United States,1751325368.0,1751325368,-88.8487,39.8062,518.16,False,48.61,39.42,-1.3,,472.44,1200,False,0,2025-06-30 23:19:04
a2768c,VTE3502 ,United States,1751325521.0,1751325521,-92.4656,33.2938,5867.4,False,206.36,80.82,-4.55,,6225.54,2350,False,0,2025-06-30 23:19:04
a2766f,ENY4226 ,United States,1751325543.0,1751325543,-80.738,24.8297,7376.16,False,212.77,286.29,6.83,,7787.64,,False,0,2025-06-30 23:19:04
a40654,ATN3336 ,United States,1751325544.0,1751325544,-97.1969,37.7242,10058.4,False,259.43,94.09,0.0,,10591.8,7273,False,0,2025-06-30 23:19:04
a9f4c6,RPA3306 ,United States,1751325543.0,1751325543,-84.2851,41.3173,11277.6,False,265.67,52.55,0.33,,11849.1,6722,False,0,2025-06-30 23:19:04
a32ce0,N3030S  ,United States,1751325543.0,1751325544,-121.5965,38.1409,1676.4,False,87.07,41.89,-0.33,,1699.26,1200,False,0,2025-06-30 23:19:04
a871f1,N643SA  ,United States,1751325544.0,1751325544,-96.4762,32.8216,601.98,False,62.07,123.16,-2.28,,601.98,1200,False,0,2025-06-30 23:19:04
a32cce,N303ZZ  ,United States,1751325543.0,1751325543,-104.6483,38.4055,2918.46,False,79.76,210.2,-2.93,,3086.1,1200,False,0,2025-06-30 23:19:04
ab8b56,DAL717  ,United States,1751325543.0,1751325543,-105.8663,43.2592,10058.4,False,251.1,83.53,0.33,,10576.56,,False,0,2025-06-30 23:19:04
aa6b7e,UAL948  ,United States,1751325513.0,1751325543,-122.3717,37.6158,,True,9.26,126.56,,,,,False,0,2025-06-30 23:19:04
a8d4cc,UAL504  ,United States,1751325543.0,1751325544,-89.6004,29.6299,9753.6,False,240.75,264.73,0.33,,10355.58,2542,False,0,2025-06-30 23:19:04
ade633,N995LC  ,United States,1751325544.0,1751325544,-81.653,28.8229,4221.48,False,141.15,352.46,0.0,,4442.46,5231,False,0,2025-06-30 23:19:04
ae5fe9,HRCN15  ,United States,1751325523.0,1751325523,-76.2376,36.6665,335.28,False,84.72,346.3,0.65,,320.04,1200,False,0,2025-06-30 23:19:04
4ca86e,EIN1TV  ,Ireland,1751325543.0,1751325543,-86.2596,42.7582,6477.0,False,191.23,244.68,-5.2,,6743.7,2401,False,0,2025-06-30 23:19:04
a76683,UPS65   ,United States,1751325543.0,1751325543,-89.8243,42.8791,11277.6,False,249.51,149.52,0.0,,11711.94,7262,False,0,2025-06-30 23:19:04
a3d394,N34597  ,United States,1751325498.0,1751325498,-103.0613,44.0462,,True,9.26,151.88,,,,,False,0,2025-06-30 23:19:04
ad9645,AAL2140 ,United States,1751325543.0,1751325543,-91.7636,43.9254,8839.2,False,245.42,129.9,0.0,,9105.9,5307,False,0,2025-06-30 23:19:04
a3c05e,N3405J  ,United States,1751325544.0,1751325544,-109.4175,37.5702,2895.6,False,53.59,356.7,-6.18,,3086.1,,False,0,2025-06-30 23:19:04
a50064,SWA4284 ,United States,1751325544.0,1751325544,-114.3641,32.8953,9753.6,False,233.83,267.23,0.0,,10309.86,1631,False,0,2025-06-30 23:19:04
aa234a,AAL2269 ,United States,1751325543.0,1751325544,-95.2967,35.7467,10942.32,False,234.54,158.78,-1.95,,11597.64,2626,False,0,2025-06-30 23:19:04
ac501e,SWA2157 ,United States,1751325543.0,1751325543,-96.2463,32.9255,5097.78,False,204.73,68.79,10.08,,5387.34,2246,False,0,2025-06-30 23:19:04
a7fcdb,N6134V  ,United States,1751325543.0,1751325543,-80.8537,32.9559,1668.78,False,70.77,160.91,0.33,,1722.12,,False,0,2025-06-30 23:19:04
ab4383,AAL1835 ,United States,1751325543.0,1751325543,-106.0755,37.558,10660.38,False,241.59,59.83,0.65,,11224.26,0751,False,0,2025-06-30 23:19:04
a44cfd,DAL3223 ,United States,1751325543.0,1751325544,-84.1009,38.3473,10972.8,False,223.02,223.97,0.0,,11612.88,6543,False,0,2025-06-30 23:19:04
ac767c,AAL2353 ,United States,1751325543.0,1751325543,-94.7802,34.1449,8839.2,False,239.78,349.99,0.33,,9380.22,3675,False,0,2025-06-30 23:19:04
ab4389,JTL825  ,United States,1751325543.0,1751325543,-103.2646,34.1214,11582.4,False,242.72,333.71,-0.33,,12230.1,7307,False,0,2025-06-30 23:19:04
a40694,DAL2696 ,United States,1751325544.0,1751325544,-90.971,40.5483,10370.82,False,235.91,327.56,0.0,,10881.36,0336,False,0,2025-06-30 23:19:04
a7a336,N591XL  ,United States,1751325276.0,1751325277,-86.0873,42.7299,518.16,False,54.82,84.08,-1.95,,472.44,,False,0,2025-06-30 23:19:04
aca01a,SWA836  ,United States,1751325543.0,1751325543,-85.6144,36.1121,11277.6,False,237.23,62.49,0.33,,11925.3,2433,False,0,2025-06-30 23:19:04
a5cfdd,N4739L  ,United States,1751325539.0,1751325539,-95.5975,41.0954,1981.2,False,49.91,284.32,0.98,,2034.54,,False,0,2025-06-30 23:19:04
a07e5e,N1306C  ,United States,1751325373.0,1751325374,-121.0618,38.9554,640.08,False,39.08,290.82,-5.2,,609.6,5272,False,0,2025-06-30 23:19:04
ab305e,N82VA   ,United States,1751325337.0,1751325340,-111.744,39.4589,3665.22,False,54.58,336.09,-1.63,,3931.92,,False,0,2025-06-30 23:19:04
a44e06,N377CH  ,United States,1751325544.0,1751325544,-98.1207,33.4054,3909.06,False,193.87,112.96,-8.13,,4145.28,,False,0,2025-06-30 23:19:04
a418b2,DAL2695 ,United States,1751325543.0,1751325544,-89.5555,43.4663,9753.6,False,211.23,295.69,0.65,,10111.74,2415,False,0,2025-06-30 23:19:04
a68caa,JIA5482 ,United States,1751325544.0,1751325544,-83.4823,39.1021,10363.2,False,218.67,294.76,0.33,,10980.42,1360,False,0,2025-06-30 23:19:04
a022c4,DAL875  ,United States,1751325543.0,1751325543,-98.188,37.9455,10683.24,False,252.79,112.49,0.0,,11269.98,6071,False,0,2025-06-30 23:19:04
a5000b,N421HF  ,United States,1751325543.0,1751325543,-94.8003,36.0349,1988.82,False,80.87,233.28,0.0,,2042.16,1670,False,0,2025-06-30 23:19:04
a022c6,DAL2782 ,United States,1751325544.0,1751325544,-72.3467,40.6938,9700.26,False,235.03,229.62,7.8,,10248.9,7322,False,0,2025-06-30 23:19:04
a19e61,ENY3436 ,United States,1751325544.0,1751325544,-94.816,33.9126,7673.34,False,226.45,249.38,-3.9,,8138.16,2137,False,0,2025-06-30 23:19:04
a275a8,N258EP  ,United States,1751325543.0,1751325544,-80.965,28.9791,548.64,False,41.27,190.05,2.93,,586.74,1200,False,0,2025-06-30 23:19:04
a5399b,N436CA  ,United States,1751325539.0,1751325539,-116.9076,33.15,830.58,False,52.46,63.18,-3.25,,807.72,,False,0,2025-06-30 23:19:04
ac5066,SWA539  ,United States,1751325534.0,1751325539,-115.1467,36.0796,,True,0.0,28.12,,,,,False,0,2025-06-30 23:19:04
a19e68,AAY3493 ,United States,1751325543.0,1751325544,-85.3353,42.4731,2255.52,False,142.87,355.87,-12.35,,2324.1,1035,False,0,2025-06-30 23:19:04
aa2311,SKW4888 ,United States,1751325543.0,1751325543,-88.5069,42.3589,3375.66,False,195.88,99.98,0.98,,3467.1,2676,False,0,2025-06-30 23:19:04
ab3081,N82WL   ,United States,1751325544.0,1751325544,-116.7218,47.7136,1028.7,False,33.95,0.0,0.33,,1043.94,,False,0,2025-06-30 23:19:04
aa8fe7,N78TS   ,United States,1751325544.0,1751325544,-72.2695,42.8215,1988.82,False,96.25,218.71,0.0,,2065.02,1200,False,0,2025-06-30 23:19:04
a0ce3c,N151DL  ,United States,1751325543.0,1751325543,-90.2296,38.3668,1013.46,False,34.71,129.59,0.0,,1021.08,,False,0,2025-06-30 23:19:04
a51358,EJA426  ,United States,1751325480.0,1751325480,-111.971,40.7853,,True,7.72,81.56,,,,1447,False,0,2025-06-30 23:19:04
a50027,N421JJ  ,United States,1751325543.0,1751325543,-120.6212,36.9761,2636.52,False,93.21,283.73,0.0,,2712.72,,False,0,2025-06-30 23:19:04
aa8fd7,N78TA   ,United States,1751325543.0,1751325543,-80.3447,27.057,1325.88,False,62.27,345.16,-0.33,,1402.08,,False,0,2025-06-30 23:19:04
ab9e05,ERU848  ,United States,1751325543.0,1751325543,-81.1403,29.3742,746.76,False,54.58,336.09,1.63,,784.86,0140,False,0,2025-06-30 23:19:04
4005bc,BAW40F  ,United Kingdom,1751325544.0,1751325544,-73.1178,41.3872,5821.68,False,217.65,46.92,7.48,,6118.86,1004,False,0,2025-06-30 23:19:04
a1b8b8,AMF4273 ,United States,1751325544.0,1751325544,-99.6722,31.8515,4975.86,False,117.62,251.64,-1.63,,5273.04,7326,False,0,2025-06-30 23:19:04
a1b8b5,N21RW   ,United States,1751325543.0,1751325543,-71.9215,42.6529,1943.1,False,72.43,253.5,-0.98,,2011.68,1200,False,0,2025-06-30 23:19:04
a0ce7c,CXK595  ,United States,1751325543.0,1751325543,-73.1487,43.1143,2468.88,False,51.26,231.52,0.0,,2537.46,3562,False,0,2025-06-30 23:19:04
0d09f7,VIV544  ,Mexico,1751325544.0,1751325544,-87.6005,41.8844,1562.1,False,147.65,90.2,-1.63,,1584.96,3213,False,0,2025-06-30 23:19:04
0d09ef,VIV651  ,Mexico,1751325541.0,1751325542,-97.6629,30.2029,,True,0.0,222.19,,,,1306,False,0,2025-06-30 23:19:04
a1a5cf,ENY3532 ,United States,1751325384.0,1751325384,-103.0585,44.0398,,True,5.66,151.88,,,,6234,False,0,2025-06-30 23:19:04
aa7e16,SWA2799 ,United States,1751325543.0,1751325543,-71.3112,41.6776,1280.16,False,145.38,37.23,-6.83,,1325.88,6502,False,0,2025-06-30 23:19:04
a1ee64,CXK553  ,United States,1751325543.0,1751325544,-71.4056,42.0187,1203.96,False,46.01,243.43,-0.98,,1219.2,5372,False,0,2025-06-30 23:19:04
abb90d,SWA4444 ,United States,1751325544.0,1751325544,-91.1154,38.6963,4572.0,False,190.5,87.68,-8.78,,4777.74,2341,False,0,2025-06-30 23:19:04
a3e5d9,N350LT  ,United States,1751325544.0,1751325544,-81.5711,27.8694,2125.98,False,141.27,286.72,-10.08,,2255.52,7260,False,0,2025-06-30 23:19:04
a658d8,N508ND  ,United States,1751325544.0,1751325544,-118.4066,34.2528,396.24,False,35.3,133.23,1.95,,350.52,,False,0,2025-06-30 23:19:04
a525d5,N43020  ,United States,1751325516.0,1751325526,-88.4856,42.2178,914.4,False,45.81,268.07,-0.33,,876.3,,False,0,2025-06-30 23:19:04
a022d8,N108EH  ,United States,1751325543.0,1751325543,-117.6688,33.8872,822.96,False,41.2,254.05,1.63,,807.72,2304,False,0,2025-06-30 23:19:04
a18b41,SKW3396 ,United States,1751325544.0,1751325544,-118.6048,34.2304,8442.96,False,227.6,342.1,4.55,,8884.92,2424,False,0,2025-06-30 23:19:04
a8609f,QXE2080 ,United States,1751325543.0,1751325544,-123.31,46.7476,7924.8,False,212.95,174.45,-11.38,,8267.7,7265,False,0,2025-06-30 23:19:04
abb930,SWA1420 ,United States,1751325540.0,1751325542,-99.0111,39.1515,10972.8,False,208.28,276.81,0.33,,11536.68,6507,False,0,2025-06-30 23:19:04
a44e24,DAL1079 ,United States,1751325544.0,1751325544,-77.0311,36.8629,10668.0,False,229.72,56.42,-0.33,,11292.84,3176,False,0,2025-06-30 23:19:04
a3d2c0,UAL2278 ,United States,1751325543.0,1751325543,-102.9418,45.24,9753.6,False,209.5,280.04,0.0,,10195.56,6547,False,0,2025-06-30 23:19:04
a44e18,DAL1438 ,United States,1751325543.0,1751325543,-73.7733,40.6501,,True,0.0,300.94,,,,,False,0,2025-06-30 23:19:04
a3e5ea,MVK51   ,United States,1751325423.0,1751325423,-93.3117,44.1911,1089.66,False,45.05,276.56,-4.55,,1066.8,,False,0,2025-06-30 23:19:04
acd913,N927KG  ,United States,1751325472.0,1751325474,-83.8354,43.4339,320.04,False,63.8,270.92,-3.58,,243.84,,False,0,2025-06-30 23:19:04
a2b2da,ENY4066 ,United States,1751325470.0,1751325470,-81.0423,34.0231,678.18,False,90.34,127.13,-0.65,,868.68,2214,False,0,2025-06-30 23:19:04
0d09b9,SLI431  ,Mexico,1751325544.0,1751325544,-95.44,29.7062,10972.8,False,226.53,250.08,0.33,,11628.12,6237,False,0,2025-06-30 23:19:04
a3f8b8,AAL362  ,United States,1751325544.0,1751325544,-96.1882,33.5584,4907.28,False,186.94,220.09,-13.0,,5189.22,2275,False,0,2025-06-30 23:19:04
a2b2e1,AAY483  ,United States,1751325543.0,1751325543,-85.5697,43.2888,9235.44,False,228.15,173.92,3.9,,9662.16,,False,0,2025-06-30 23:19:04
0d09bd,VOI5578 ,Mexico,1751325541.0,1751325541,-100.1113,25.7776,,True,0.77,25.31,,,,,False,0,2025-06-30 23:19:04
ad3fd9,AAL2174 ,United States,1751325543.0,1751325543,-81.8316,35.0406,9753.6,False,239.87,336.62,0.0,,10355.58,7333,False,0,2025-06-30 23:19:04
ad3fd7,N953AL  ,United States,1751325542.0,1751325543,-122.7521,47.1961,274.32,False,61.23,0.96,0.0,,266.7,,False,0,2025-06-30 23:19:04
ad3fd6,ASA31   ,United States,1751325543.0,1751325543,-85.8253,45.2107,9753.6,False,224.89,287.03,0.33,,10119.36,2243,False,0,2025-06-30 23:19:04
ac0cc9,N876BR  ,United States,1751325542.0,1751325542,-121.657,38.4745,845.82,False,50.93,293.2,-2.6,,822.96,4546,False,0,2025-06-30 23:19:04
ad3fde,DAL3211 ,United States,1751325371.0,1751325377,-84.4354,33.6418,,True,0.0,270.0,,,,5403,False,0,2025-06-30 23:19:04
a9e31c,N736UE  ,United States,1751325499.0,1751325543,-96.0517,32.3169,1363.98,False,46.78,188.22,0.0,,1417.32,,False,0,2025-06-30 23:19:04
a44e59,FFT3738 ,United States,1751325544.0,1751325544,-114.9299,36.0046,2179.32,False,100.85,91.17,-8.78,,2263.14,5117,False,0,2025-06-30 23:19:04
ac7658,AAL3003 ,United States,1751325491.0,1751325542,-86.6665,36.1187,175.26,True,5.4,323.44,,,,0216,False,0,2025-06-30 23:19:04
a1ea70,SWA2084 ,United States,1751325543.0,1751325543,-122.2848,37.7485,960.12,False,109.54,310.05,11.38,,937.26,3350,False,0,2025-06-30 23:19:04
a774b3,N58MS   ,United States,1751325544.0,1751325544,-97.632,38.5322,1584.96,False,70.9,186.25,2.28,,1661.16,,False,0,2025-06-30 23:19:04
aa32c6,N75602  ,United States,1751325538.0,1751325538,-86.178,35.8417,899.16,False,30.97,101.5,-0.33,,982.98,,False,0,2025-06-30 23:19:04
ad3e36,AAL2997 ,United States,1751325543.0,1751325544,-99.9198,32.2479,9547.86,False,231.08,241.84,6.83,,10134.6,0503,False,0,2025-06-30 23:19:04
a33d97,FFT1608 ,United States,1751325543.0,1751325543,-92.5215,42.6134,11269.98,False,273.64,85.15,-1.95,,11711.94,1424,False,0,2025-06-30 23:19:04
a5ba10,N46826  ,United States,1751325544.0,1751325544,-118.8512,34.2316,1219.2,False,50.03,120.26,-0.98,,1242.06,,False,0,2025-06-30 23:19:04
a1ea74,N222WS  ,United States,1751325543.0,1751325543,-80.8552,35.8185,944.88,False,73.62,243.43,-2.6,,952.5,,False,0,2025-06-30 23:19:04
a6b7e8,N532AN  ,United States,1751325542.0,1751325543,-118.1877,33.7179,381.0,False,39.38,146.73,3.9,,327.66,,False,0,2025-06-30 23:19:04
a44a48,EDV5529 ,United States,1751325544.0,1751325544,-90.1535,32.3776,9913.62,False,228.58,50.94,5.2,,10538.46,,False,0,2025-06-30 23:19:04
abb5bf,SWA3895 ,United States,1751325544.0,1751325544,-116.2726,36.2419,8138.16,False,225.93,310.29,8.45,,8580.12,,False,0,2025-06-30 23:19:04
a7d7b5,SKW9920 ,United States,1751325544.0,1751325544,-98.6945,32.9197,8686.8,False,228.12,294.66,4.88,,9220.2,6257,False,0,2025-06-30 23:19:04
abfe52,,United States,1751325442.0,1751325442,-105.0149,40.46,,True,8.75,340.31,,,,,False,0,2025-06-30 23:19:04
a414e8,DAL2168 ,United States,1751325543.0,1751325543,-83.1654,26.5004,10972.8,False,218.05,351.32,0.0,,11574.78,,False,0,2025-06-30 23:19:04
aa7b33,SWA2975 ,United States,1751325543.0,1751325543,-111.5411,32.95,11277.6,False,246.86,112.29,0.0,,11917.68,3201,False,0,2025-06-30 23:19:04
a0a903,UAL2649 ,United States,1751325544.0,1751325544,-84.5721,42.2161,11681.46,False,253.31,94.31,7.48,,12214.86,1377,False,0,2025-06-30 23:19:04
a82d14,FFT4373 ,United States,1751325544.0,1751325544,-85.3976,40.7792,10965.18,False,212.78,281.01,0.0,,11567.16,6603,False,0,2025-06-30 23:19:04
c02fe7,ACA1035 ,Canada,1751325285.0,1751325285,-81.1532,24.7933,8267.7,False,209.59,243.62,6.18,,8100.06,,False,0,2025-06-30 23:19:04
a2c1b6,ENY4147 ,United States,1751325543.0,1751325543,-97.1636,33.0882,1531.62,False,124.51,0.71,-0.33,,1600.2,2434,False,0,2025-06-30 23:19:04
a56a56,SWA1931 ,United States,1751325544.0,1751325544,-115.7147,32.7305,8229.6,False,246.79,83.9,0.0,,8709.66,,False,0,2025-06-30 23:19:04
a6ed3b,UAL1872 ,United States,1751325543.0,1751325543,-87.9149,41.972,,True,5.66,180.0,,,,,False,0,2025-06-30 23:19:04
a894b5,FFT3292 ,United States,1751325543.0,1751325543,-117.2518,34.6122,8229.6,False,260.26,54.33,0.0,,8694.42,4707,False,0,2025-06-30 23:19:04
a1fd7b,N22708  ,United States,1751325541.0,1751325543,-96.0555,33.3716,1066.8,False,50.26,67.11,0.0,,1104.9,5155,False,0,2025-06-30 23:19:04
a641b6,DAL291  ,United States,1751325544.0,1751325544,-110.8619,40.1536,12192.0,False,252.88,223.76,0.0,,12816.84,2733,False,0,2025-06-30 23:19:04
ac85ce,DAL766  ,United States,1751325542.0,1751325543,-106.982,40.1998,10363.2,False,235.73,259.82,0.33,,10934.7,1012,False,0,2025-06-30 23:19:04
a6a4d5,VOI3081 ,United States,1751325543.0,1751325543,-98.9449,25.6039,10355.58,False,237.11,298.51,-0.33,,11041.38,,False,0,2025-06-30 23:19:04
a641bf,DAL358  ,United States,1751325543.0,1751325544,-86.7215,33.8201,9448.8,False,245.93,147.91,0.0,,10050.78,6600,False,0,2025-06-30 23:19:04
aacb59,N795HT  ,United States,1751325543.0,1751325543,-117.3218,33.7945,769.62,False,29.28,198.43,0.0,,739.14,1255,False,0,2025-06-30 23:19:04
c02fed,ACA792  ,Canada,1751325544.0,1751325544,-115.8713,35.4278,10668.0,False,250.74,48.49,0.0,,11254.74,2450,False,0,2025-06-30 23:19:04
acd5ad,AAL3092 ,United States,1751325543.0,1751325544,-92.9438,32.3557,10972.8,False,227.02,267.92,0.0,,11635.74,5543,False,0,2025-06-30 23:19:04
abb5e2,SWA2755 ,United States,1751325543.0,1751325543,-105.1685,31.1012,11277.6,False,238.39,127.02,0.0,,11955.78,6725,False,0,2025-06-30 23:19:04
abb5ea,SKW5798 ,United States,1751325544.0,1751325544,-94.5805,30.2971,2636.52,False,142.37,194.44,-7.48,,2796.54,5633,False,0,2025-06-30 23:19:04
ad2b45,N948EA  ,United States,1751325344.0,1751325350,-120.2529,36.0153,3246.12,False,89.55,328.87,0.65,,3360.42,2432,False,0,2025-06-30 23:19:04
ad2b43,DAL1130 ,United States,1751325544.0,1751325544,-91.6467,37.0511,9753.6,False,235.71,283.25,0.0,,10325.1,1213,False,0,2025-06-30 23:19:04
a03304,N1115U  ,United States,1751325543.0,1751325543,-122.8065,47.3764,762.0,False,49.78,66.88,-2.28,,769.62,,False,0,2025-06-30 23:19:04
a8d27e,FFT4145 ,United States,1751325543.0,1751325543,-114.3629,34.3848,10965.18,False,229.53,259.02,0.33,,11582.4,6271,False,0,2025-06-30 23:19:04
ac0b61,UAL1126 ,United States,1751325544.0,1751325544,-92.6542,42.8938,10972.8,False,199.1,270.44,-0.33,,11376.66,7177,False,0,2025-06-30 23:19:04
ac0b74,SWA770  ,United States,1751325543.0,1751325543,-76.0563,38.7564,3360.42,False,147.4,277.62,0.0,,3528.06,5676,False,0,2025-06-30 23:19:04
ab9b81,SCX356  ,United States,1751325543.0,1751325543,-85.5393,36.9462,11597.64,False,237.85,342.11,-0.33,,12275.82,2045,False,0,2025-06-30 23:19:04
a04641,AAL32   ,United States,1751325543.0,1751325543,-105.6293,31.3995,10668.0,False,239.22,126.87,-0.33,,11308.08,1323,False,0,2025-06-30 23:19:04
ad3e82,N9520W  ,United States,1751325539.0,1751325540,-80.4438,26.4687,548.64,False,53.22,330.46,1.95,,594.36,,False,0,2025-06-30 23:19:04
a57d42,AAL567  ,United States,1751325544.0,1751325544,-107.1239,37.1767,9456.42,False,240.76,61.68,0.0,,10012.68,5045,False,0,2025-06-30 23:19:04
a44a6d,DAL789  ,United States,1751325543.0,1751325543,-99.2685,42.8759,10668.0,False,243.88,65.98,0.0,,11117.58,2007,False,0,2025-06-30 23:19:04
abeb57,SWA3542 ,United States,1751325544.0,1751325544,-100.0595,30.8084,11887.2,False,243.19,93.15,0.0,,12588.24,0735,False,0,2025-06-30 23:19:04
a05940,AAL423  ,United States,1751325544.0,1751325544,-77.732,36.2823,10058.4,False,235.42,49.7,0.0,,10645.14,1134,False,0,2025-06-30 23:19:04
ade2b8,AAL1770 ,United States,1751325543.0,1751325543,-113.1482,35.2664,11277.6,False,244.88,118.07,0.0,,11902.44,,False,0,2025-06-30 23:19:04
ac72f0,AAL2933 ,United States,1751325530.0,1751325530,-79.1815,27.7566,10370.82,False,234.07,23.58,5.53,,10774.68,,False,0,2025-06-30 23:19:04
ade2b5,NKS2381 ,United States,1751325543.0,1751325543,-105.8558,34.1952,11590.02,False,232.48,300.59,0.65,,12230.1,6377,False,0,2025-06-30 23:19:04
ac0b80,UAL2239 ,United States,1751325544.0,1751325544,-89.1167,42.9274,10972.8,False,199.02,263.02,-0.33,,11422.38,5142,False,0,2025-06-30 23:19:04
ac72f7,LRC641  ,United States,1751325544.0,1751325544,-108.5564,29.8341,10660.38,False,245.58,114.9,0.0,,11300.46,6703,False,0,2025-06-30 23:19:04
a09fc4,UAL6    ,United States,1751325543.0,1751325543,-95.4946,30.1038,2583.18,False,139.18,140.25,-6.18,,2743.2,4111,False,0,2025-06-30 23:19:04
a414fb,DAL1246 ,United States,1751325543.0,1751325544,-84.6795,33.8352,3634.74,False,133.93,141.24,0.33,,3840.48,5517,False,0,2025-06-30 23:19:04
a0a91f,UAL2677 ,United States,1751325327.0,1751325327,-87.9088,41.9716,,True,10.8,90.0,,,,,False,0,2025-06-30 23:19:04
ad2b76,N948G   ,United States,1751325544.0,1751325544,-107.6345,37.9939,9144.0,False,155.14,248.2,-0.65,,9654.54,0676,False,0,2025-06-30 23:19:04
c02fc7,CFSCK   ,Canada,1751325542.0,1751325543,-73.328,45.2697,480.06,False,48.88,268.79,2.6,,419.1,,False,0,2025-06-30 23:19:04
a0a923,UCA4305 ,United States,1751325544.0,1751325544,-77.6279,38.5189,3589.02,False,155.82,210.12,6.18,,3771.9,5506,False,0,2025-06-30 23:19:04
a2e93c,AAY2597 ,United States,1751325543.0,1751325543,-91.501,39.8848,10988.04,False,210.93,290.11,0.0,,11551.92,7470,False,0,2025-06-30 23:19:04
a3094d,AAY727  ,United States,1751325543.0,1751325543,-95.4795,36.9918,8214.36,False,234.69,80.54,-5.2,,8709.66,6600,False,0,2025-06-30 23:19:04
c071ef,PSC484  ,Canada,1751325543.0,1751325543,-72.3234,45.8263,2301.24,False,134.31,257.61,-6.18,,2362.2,,False,0,2025-06-30 23:19:04
a21cb8,BYA235  ,United States,1751325543.0,1751325543,-94.768,33.6884,7924.8,False,148.22,271.59,0.65,,8450.58,3555,False,0,2025-06-30 23:19:04
a54933,N44KP   ,United States,1751325370.0,1751325374,-122.2714,47.8923,213.36,False,28.3,358.96,-2.6,,205.74,,False,0,2025-06-30 23:19:04
a53602,CFR72   ,United States,1751325543.0,1751325543,-117.2884,33.7988,1219.2,False,75.92,333.43,-1.63,,1234.44,,False,0,2025-06-30 23:19:04
a53612,DAL206  ,United States,1751325544.0,1751325544,-78.9788,43.6982,10706.1,False,270.53,48.86,8.78,,11239.5,5753,False,0,2025-06-30 23:19:04
a2e935,ENY4205 ,United States,1751325543.0,1751325544,-91.3414,35.1136,10363.2,False,218.4,237.99,-0.33,,10980.42,6631,False,0,2025-06-30 23:19:04
a03356,UCA4819 ,United States,1751325535.0,1751325536,-94.1081,29.1211,7901.94,False,222.6,337.58,-10.08,,8382.0,7551,False,0,2025-06-30 23:19:04
a3f621,UAL1179 ,United States,1751325543.0,1751325543,-111.0265,32.6874,10668.0,False,250.46,105.12,0.0,,11292.84,1302,False,0,2025-06-30 23:19:04
a7890e,LXJ585  ,United States,1751325318.0,1751325318,-120.1305,34.5974,2346.96,False,143.34,152.88,-8.45,,2415.54,3206,False,0,2025-06-30 23:19:04
a1c935,RPA5671 ,United States,1751325495.0,1751325498,-73.8593,40.7699,,True,0.0,348.75,,,,,False,0,2025-06-30 23:19:04
a03331,UCA4926 ,United States,1751325543.0,1751325543,-73.879,42.9078,617.22,False,111.24,87.35,-0.33,,601.98,7071,False,0,2025-06-30 23:19:04
a02003,N107PJ  ,United States,1751325544.0,1751325544,-115.2918,45.863,13037.82,False,215.57,162.21,1.95,,13594.08,,False,0,2025-06-30 23:19:04
a6692d,DAL474  ,United States,1751325543.0,1751325544,-119.9378,47.5065,7772.4,False,257.2,93.55,3.58,,8138.16,3552,False,0,2025-06-30 23:19:04
a6692f,THNDR47 ,United States,1751325544.0,1751325544,-104.8693,38.9317,2758.44,False,27.84,73.91,0.65,,2933.7,,False,0,2025-06-30 23:19:04
c00a53,CFDXQ   ,Canada,1751325544.0,1751325544,-80.9519,47.2349,2346.96,False,102.41,157.56,0.33,,2385.06,,False,0,2025-06-30 23:19:04
a0337c,UCA4961 ,United States,1751325543.0,1751325543,-81.6591,35.0986,3032.76,False,153.72,265.78,0.33,,3192.78,5647,False,0,2025-06-30 23:19:04
a7d7f3,SKW5674 ,United States,1751325543.0,1751325544,-104.7368,39.7047,2628.9,False,150.29,268.23,7.48,,2788.92,,False,0,2025-06-30 23:19:04
ac98ac,SWA2811 ,United States,1751325543.0,1751325543,-100.5646,38.1031,11582.4,False,220.67,277.77,0.0,,12176.76,2115,False,0,2025-06-30 23:19:04
c01d72,FLE400  ,Canada,1751325543.0,1751325543,-78.8419,43.8311,7239.0,False,212.86,75.73,8.78,,7559.04,7234,False,0,2025-06-30 23:19:04
a0205c,SKW4690 ,United States,1751325543.0,1751325543,-102.1088,38.9241,9144.0,False,236.96,286.78,-0.33,,9662.16,1742,False,0,2025-06-30 23:19:04
ad3e16,SWA139  ,United States,1751325544.0,1751325544,-87.6299,37.6882,8206.74,False,258.57,87.15,-4.88,,8679.18,0567,False,0,2025-06-30 23:19:04
a33cac,N3077M  ,United States,1751325463.0,1751325477,-72.0976,41.3703,373.38,False,50.37,145.82,-3.9,,350.52,3025,False,0,2025-06-30 23:19:04
a27330,HBAL732 ,United States,1751325544.0,1751325544,-104.4105,37.8911,18348.96,False,9.67,244.8,0.33,,19309.08,4453,False,0,2025-06-30 23:19:04
ab9b13,AAL2519 ,United States,1751325543.0,1751325544,-94.2989,44.3102,7642.86,False,220.12,226.04,8.13,,7886.7,,False,0,2025-06-30 23:19:04
a04691,N117DT  ,United States,1751325320.0,1751325356,-81.4643,28.2999,274.32,False,56.47,343.05,0.0,,304.8,1154,False,0,2025-06-30 23:19:04
a7fa2d,SKW3620 ,United States,1751325543.0,1751325543,-97.81,36.8801,10363.2,False,222.84,284.16,0.0,,10957.56,1654,False,0,2025-06-30 23:19:04
c01d7e,FLE878  ,Canada,1751325543.0,1751325543,-95.7828,46.7963,11277.6,False,245.67,92.76,0.0,,11582.4,,False,0,2025-06-30 23:19:04
a641fd,GJS4590 ,United States,1751325543.0,1751325544,-77.3437,40.6016,2750.82,False,153.08,140.32,0.0,,2849.88,3626,False,0,2025-06-30 23:19:04
a68a90,N520ST  ,United States,1751325543.0,1751325543,-79.6688,35.4291,11582.4,False,216.42,210.89,0.0,,12245.34,2477,False,0,2025-06-30 23:19:04
ab52a2,DAL1053 ,United States,1751325544.0,1751325544,-87.7353,41.5822,9083.04,False,236.39,174.0,8.13,,9517.38,3551,False,0,2025-06-30 23:19:04
a26006,NIT252  ,United States,1751325242.0,1751325242,-83.1795,32.2182,723.9,False,44.83,93.29,-5.85,,396.24,,False,0,2025-06-30 23:19:04
abb5a5,ASH6029 ,United States,1751325382.0,1751325383,-85.7419,30.2343,701.04,False,83.69,339.11,-4.55,,762.0,5565,False,0,2025-06-30 23:19:04
ad08bd,SKW4642 ,United States,1751325543.0,1751325543,-102.6243,43.8038,9753.6,False,242.49,190.14,0.0,,10241.28,,False,0,2025-06-30 23:19:04
a02047,N107SB  ,United States,1751325543.0,1751325544,-97.3564,37.9472,10972.8,False,204.65,253.8,-0.33,,11574.78,,False,0,2025-06-30 23:19:04
485341,KLM192  ,Kingdom of the Netherlands,1751325544.0,1751325544,-76.6526,44.3765,11887.2,False,262.82,61.98,-0.33,,12458.7,1315,False,0,2025-06-30 23:19:04
a34fe6,SKW3896 ,United States,1751325542.0,1751325542,-97.4584,41.5394,7863.84,False,185.89,276.52,5.85,,8252.46,2644,False,0,2025-06-30 23:19:04
aa7b54,SWA4632 ,United States,1751325543.0,1751325544,-106.5771,31.8545,11582.4,False,234.71,278.7,0.0,,12245.34,1137,False,0,2025-06-30 23:19:04
abb5a3,ASH6226 ,United States,1751325543.0,1751325543,-99.8397,27.0639,9326.88,False,222.59,213.21,-5.53,,9951.72,7313,False,0,2025-06-30 23:19:04
aaa96f,SWA4570 ,United States,1751325543.0,1751325544,-119.6959,36.8791,11277.6,False,227.11,149.66,0.0,,11841.48,3251,False,0,2025-06-30 23:19:04
a4acdf,N400CM  ,United States,1751325541.0,1751325544,-111.5867,48.9948,8199.12,False,126.04,359.77,0.0,,8694.42,,False,0,2025-06-30 23:19:04
a6ffe4,N550EW  ,United States,1751325544.0,1751325544,-114.704,36.1857,2636.52,False,136.16,251.5,-4.88,,2735.58,,False,0,2025-06-30 23:19:04
a95fbe,ASA508  ,United States,1751325543.0,1751325544,-88.2152,41.5241,10363.2,False,222.26,295.79,0.0,,10881.36,4665,False,0,2025-06-30 23:19:04
c01d2d,FLE624  ,Canada,1751325544.0,1751325544,-79.9812,43.995,3322.32,False,158.26,147.34,-7.48,,3413.76,2130,False,0,2025-06-30 23:19:04
a2c35b,UAL1352 ,United States,1751325544.0,1751325544,-99.745,30.9529,11887.2,False,244.06,92.42,0.0,,12580.62,1065,False,0,2025-06-30 23:19:04
a4034e,HPJ358  ,United States,1751325544.0,1751325544,-74.2473,40.7791,11468.1,False,223.02,9.16,-7.8,,12115.8,2436,False,0,2025-06-30 23:19:04
a6697e,JAS127  ,United States,1751325543.0,1751325544,-75.8568,37.9671,14325.6,False,253.56,214.33,0.0,,14912.34,1720,False,0,2025-06-30 23:19:04
ac2fea,SWA2399 ,United States,1751325544.0,1751325544,-110.828,35.5762,11277.6,False,249.33,97.95,0.0,,11910.06,,False,0,2025-06-30 23:19:04
a2605b,EJA252  ,United States,1751325541.0,1751325543,-95.2602,39.7183,3703.32,False,218.7,141.78,-8.13,,3870.96,1522,False,0,2025-06-30 23:19:04
a77645,DAL552  ,United States,1751325542.0,1751325543,-110.3311,35.1648,10050.78,False,232.23,74.98,0.0,,10652.76,5262,False,0,2025-06-30 23:19:04
a7c613,N60NA   ,United States,1751325543.0,1751325543,-72.4026,42.4308,1135.38,False,53.11,301.53,-1.95,,1143.0,0010,False,0,2025-06-30 23:19:04
a058aa,N121NW  ,United States,1751325543.0,1751325544,-82.3512,34.6081,1478.28,False,48.83,228.42,0.33,,1516.38,,False,0,2025-06-30 23:19:04
c084a3,ACA153  ,Canada,1751325543.0,1751325543,-79.9119,43.688,2065.02,False,134.2,305.64,5.2,,2072.64,0552,False,0,2025-06-30 23:19:04
aaa992,SWA3240 ,United States,1751325543.0,1751325543,-89.9379,36.2055,11582.4,False,219.46,216.71,0.0,,12268.2,1045,False,0,2025-06-30 23:19:04
a69cce,N525PH  ,United States,1751325360.0,1751325365,-80.7065,35.3995,236.22,False,56.0,190.59,-2.93,,213.36,2511,False,0,2025-06-30 23:19:04
acd619,SKW5539 ,United States,1751325544.0,1751325544,-123.608,39.2863,8229.6,False,217.25,147.97,0.65,,8549.64,,False,0,2025-06-30 23:19:04
a5ccf0,N473HB  ,United States,1751325543.0,1751325543,-120.1307,41.1888,10408.92,False,230.44,248.93,-12.03,,10896.6,,False,0,2025-06-30 23:19:04
a4acfc,N400DR  ,United States,1751325544.0,1751325544,-84.6216,43.5681,2468.88,False,91.23,344.63,-0.33,,2514.6,,False,0,2025-06-30 23:19:04
a2602c,AAY3208 ,United States,1751325542.0,1751325544,-83.4643,28.977,5463.54,False,216.16,159.67,-13.33,,5783.58,2644,False,0,2025-06-30 23:19:04
a75013,TYSON49 ,United States,1751325543.0,1751325543,-89.3491,35.4077,11879.58,False,240.75,47.86,0.0,,12573.0,7404,False,0,2025-06-30 23:19:04
acc317,NKS2122 ,United States,1751325543.0,1751325544,-80.6664,34.9408,3032.76,False,164.11,316.4,-0.65,,3192.78,3343,False,0,2025-06-30 23:19:04
ac1cde,LBQ640  ,United States,1751325542.0,1751325543,-85.6813,33.5929,3939.54,False,132.88,246.01,-0.33,,4168.14,2673,False,0,2025-06-30 23:19:04
a1fcf9,N227WC  ,United States,1751325274.0,1751325274,-117.8619,33.6838,83.82,False,32.23,208.61,-1.3,,38.1,,False,0,2025-06-30 23:19:04
a2c336,UAL1398 ,United States,1751325543.0,1751325543,-102.5038,40.9605,11277.6,False,246.19,60.86,0.0,,11833.86,,False,0,2025-06-30 23:19:04
a78999,N585ML  ,United States,1751325541.0,1751325543,-88.5511,35.6995,2247.9,False,144.14,251.69,-10.73,,2346.96,5523,False,0,2025-06-30 23:19:04
c00a0b,ACA778  ,Canada,1751325543.0,1751325544,-80.7821,45.9423,11277.6,False,268.09,84.83,0.33,,11750.04,2067,False,0,2025-06-30 23:19:04
acc306,N921MT  ,United States,1751325544.0,1751325544,-90.1945,29.9128,13708.38,False,234.36,128.4,0.33,,14401.8,2362,False,0,2025-06-30 23:19:04
a4164c,N3621Y  ,United States,1751325358.0,1751325383,-100.5835,34.4847,1935.48,False,78.01,295.38,-0.33,,2019.3,,False,0,2025-06-30 23:19:04
ac865a,N906KC  ,United States,1751325533.0,1751325537,-94.9916,38.7657,617.22,False,50.07,170.54,0.98,,632.46,,False,0,2025-06-30 23:19:04
acc31a,AAL2738 ,United States,1751325544.0,1751325544,-74.0151,40.7401,975.36,False,143.8,12.4,-7.15,,1005.84,3060,False,0,2025-06-30 23:19:04
a2b081,UAL1015 ,United States,1751325543.0,1751325544,-78.1717,46.1061,10363.2,False,213.21,276.23,0.33,,10820.4,3537,False,0,2025-06-30 23:19:04
ace96d,AAL2282 ,United States,1751325544.0,1751325544,-96.5305,32.4553,4831.08,False,176.08,315.71,-8.78,,5113.02,2441,False,0,2025-06-30 23:19:04
ace96c,AAL1709 ,United States,1751325543.0,1751325543,-96.9471,33.1734,1524.0,False,99.89,258.11,0.33,,1584.96,2347,False,0,2025-06-30 23:19:04
ad3cde,N952JA  ,United States,1751325544.0,1751325544,-117.7405,33.53,922.02,False,46.29,345.19,-0.33,,899.16,,False,0,2025-06-30 23:19:04
a64305,SKW6337 ,United States,1751325543.0,1751325543,-121.8163,44.386,10972.8,False,214.68,292.69,0.0,,11437.62,2612,False,0,2025-06-30 23:19:04
a58fdf,AAL1079 ,United States,1751325379.0,1751325380,-97.0383,32.9015,,True,1.8,351.56,,,,,False,0,2025-06-30 23:19:04
a77602,N580BA  ,United States,1751325544.0,1751325544,-101.722,31.785,2400.3,False,100.77,135.62,-0.33,,2491.74,,False,0,2025-06-30 23:19:04
a6a627,N5276P  ,United States,1751325543.0,1751325544,-122.1006,37.4464,114.3,False,31.49,321.63,-1.95,,60.96,5374,False,0,2025-06-30 23:19:04
a4acbd,N400BC  ,United States,1751325544.0,1751325544,-103.4911,41.0952,8839.2,False,240.37,47.78,-0.33,,9319.26,,False,0,2025-06-30 23:19:04
a2b060,UAL2158 ,United States,1751325543.0,1751325543,-87.3016,38.1367,11582.4,False,211.39,219.07,0.0,,12222.48,6640,False,0,2025-06-30 23:19:04
a6b94a,EJA532  ,United States,1751325543.0,1751325543,-87.4494,37.0653,5539.74,False,212.89,131.28,-10.73,,5821.68,1776,False,0,2025-06-30 23:19:04
a1a398,CXK298  ,United States,1751325543.0,1751325543,-105.0486,39.5013,1889.76,False,51.19,95.77,0.0,,1981.2,,False,0,2025-06-30 23:19:04
ac7380,N901GG  ,United States,1751325280.0,1751325281,-120.4534,35.5924,1821.18,False,97.33,332.62,-2.93,,1851.66,2462,False,0,2025-06-30 23:19:04
a178ae,SKW3335 ,United States,1751325543.0,1751325543,-116.8581,43.8572,4297.68,False,200.64,147.25,-9.43,,4572.0,3542,False,0,2025-06-30 23:19:04
a7d928,N6045F  ,United States,1751325543.0,1751325543,-96.1068,32.8305,1051.56,False,52.53,81.55,-1.95,,1074.42,1200,False,0,2025-06-30 23:19:04
acd675,SWA1438 ,United States,1751325511.0,1751325511,-106.6148,35.0478,,True,0.0,180.0,,,,,False,0,2025-06-30 23:19:04
a07b3e,AAL1311 ,United States,1751325544.0,1751325544,-81.2759,28.3595,701.04,False,103.61,147.57,4.88,,754.38,7752,False,0,2025-06-30 23:19:04
aa58a6,ENY4023 ,United States,1751325544.0,1751325544,-87.0174,42.4812,3383.28,False,140.96,249.71,-5.85,,3489.96,5222,False,0,2025-06-30 23:19:04
a298ef,N2669W  ,United States,1751325543.0,1751325543,-85.2037,30.7484,3314.7,False,63.36,119.69,0.0,,3467.1,,False,0,2025-06-30 23:19:04
adf4e9,JBU398  ,United States,1751325543.0,1751325543,-72.3288,42.4548,7467.6,False,167.37,279.38,-15.61,,7848.6,5713,False,0,2025-06-30 23:19:04
ae01d3,MAVRK29 ,United States,1751325544.0,1751325544,-86.018,43.0203,5234.94,False,158.43,253.98,26.98,,5440.68,3073,False,0,2025-06-30 23:19:04
a88380,FFT3540 ,United States,1751325543.0,1751325543,-115.1578,36.0764,769.62,False,100.32,270.29,14.63,,678.18,,False,0,2025-06-30 23:19:04
ac71fe,N9003S  ,United States,1751325543.0,1751325543,-70.7819,43.2968,1668.78,False,92.41,44.1,0.0,,1714.5,1200,False,0,2025-06-30 23:19:04
ae01aa,SPAR163 ,United States,1751325543.0,1751325543,-95.2754,37.1697,11269.98,False,254.22,82.56,0.33,,11917.68,,False,0,2025-06-30 23:19:04
a3f5a4,N354WG  ,United States,1751325544.0,1751325544,-101.5069,30.8828,12428.22,False,250.81,92.7,-5.53,,13144.5,2607,False,0,2025-06-30 23:19:04
a19b2f,GPD202  ,United States,1751325543.0,1751325543,-71.1027,41.3031,2026.92,False,117.86,56.93,-6.18,,2110.74,,False,0,2025-06-30 23:19:04
a5ce02,UAL1747 ,United States,1751325476.0,1751325498,-112.5377,44.1391,11269.98,False,239.46,121.47,0.0,,11826.24,,False,0,2025-06-30 23:19:04
acc1eb,ASA1083 ,United States,1751325543.0,1751325543,-122.5262,45.0266,10988.04,False,231.56,324.4,0.0,,11437.62,1053,False,0,2025-06-30 23:19:04
acc1ee,AAL610  ,United States,1751325544.0,1751325544,-79.1172,36.53,10668.0,False,230.03,55.39,0.0,,11292.84,7237,False,0,2025-06-30 23:19:04
aaa929,SWA3478 ,United States,1751325544.0,1751325544,-91.1185,34.3043,11582.4,False,238.61,322.71,0.0,,12260.58,1426,False,0,2025-06-30 23:19:04
a0a8da,UAL2191 ,United States,1751325543.0,1751325543,-98.063,40.8951,11582.4,False,208.49,259.91,0.0,,12092.94,7244,False,0,2025-06-30 23:19:04
a8d327,NKS2002 ,United States,1751325543.0,1751325543,-80.3822,25.3185,5516.88,False,223.09,212.19,7.8,,5829.3,,False,0,2025-06-30 23:19:04
a0de99,AAL2018 ,United States,1751325543.0,1751325543,-80.0162,33.9555,6537.96,False,200.82,29.13,-5.53,,6934.2,3535,False,0,2025-06-30 23:19:04
ad0919,SWA4403 ,United States,1751325544.0,1751325544,-112.0164,33.43,,True,14.92,90.0,,,,7244,False,0,2025-06-30 23:19:04
a8f97e,N678AP  ,United States,1751325544.0,1751325544,-86.3299,33.3905,2209.8,False,69.39,15.48,4.55,,2324.1,,False,0,2025-06-30 23:19:04
ac2fa4,SWA3857 ,United States,1751325543.0,1751325543,-104.5206,39.9846,2979.42,False,132.78,1.55,-7.48,,3162.3,7434,False,0,2025-06-30 23:19:04
ae2909,6025    ,United States,1751325543.0,1751325544,-82.7682,27.985,121.92,False,44.7,78.04,-1.63,,152.4,4743,False,0,2025-06-30 23:19:04
a9afe7,NKS2301 ,United States,1751325544.0,1751325544,-78.9644,40.9198,10622.28,False,226.64,203.83,5.85,,11239.5,2574,False,0,2025-06-30 23:19:04
a9f302,SKW4913 ,United States,1751325544.0,1751325544,-86.8635,42.5228,3878.58,False,155.77,249.71,-8.13,,4000.5,7464,False,0,2025-06-30 23:19:04
a4f060,CXK620  ,United States,1751325543.0,1751325544,-86.5418,36.0273,411.48,False,38.34,258.39,1.63,,396.24,,False,0,2025-06-30 23:19:04
a07b8f,DAL816  ,United States,1751325544.0,1751325544,-73.8592,39.8267,9776.46,False,239.53,36.97,-12.68,,10340.34,2745,False,0,2025-06-30 23:19:04
abb601,SWA2969 ,United States,1751325543.0,1751325543,-113.5267,37.4158,9753.6,False,241.49,182.44,0.0,,10294.62,,False,0,2025-06-30 23:19:04
abc91f,DAL2094 ,United States,1751325544.0,1751325544,-100.5862,44.2814,10668.0,False,248.02,84.64,0.0,,11109.96,,False,0,2025-06-30 23:19:04
a33e5e,EDV5360 ,United States,1751325544.0,1751325544,-75.2943,38.6894,1836.42,False,135.37,208.61,0.0,,1905.0,1512,False,0,2025-06-30 23:19:04
aaa954,SWA1938 ,United States,1751325544.0,1751325544,-87.3594,31.7843,11582.4,False,233.61,55.23,-4.88,,12268.2,2705,False,0,2025-06-30 23:19:04
4851b1,KLM225  ,Kingdom of the Netherlands,1751325544.0,1751325544,-97.5641,30.1088,1562.1,False,143.2,72.87,13.33,,1638.3,2515,False,0,2025-06-30 23:19:04
a1eb32,N2223B  ,United States,1751325544.0,1751325544,-111.694,40.187,1546.86,False,40.85,319.09,-3.9,,1554.48,,False,0,2025-06-30 23:19:04
a94cc2,N699GG  ,United States,1751325543.0,1751325544,-93.8724,43.1884,12496.8,False,229.48,358.97,-0.33,,12961.62,,False,0,2025-06-30 23:19:04
aa466f,SKW6351 ,United States,1751325543.0,1751325544,-85.2804,34.9933,1165.86,False,110.44,265.46,12.68,,1219.2,2643,False,0,2025-06-30 23:19:04
abb624,SWA2103 ,United States,1751325544.0,1751325544,-95.017,40.1046,10782.3,False,228.23,153.78,9.1,,11300.46,,False,0,2025-06-30 23:19:04
a7c66b,N60RP   ,United States,1751325543.0,1751325543,-74.2872,42.2168,1844.04,False,53.11,266.11,0.65,,1882.14,,False,0,2025-06-30 23:19:04
ab663f,ASH6355 ,United States,1751325544.0,1751325544,-87.3496,32.5084,8839.2,False,232.67,85.69,0.65,,9403.08,7345,False,0,2025-06-30 23:19:04
a762a5,N575T   ,United States,1751325541.0,1751325541,-123.0653,45.2118,243.84,False,34.84,73.71,-2.93,,205.74,,False,0,2025-06-30 23:19:04
a32b7b,N303LK  ,United States,1751325543.0,1751325543,-123.2677,47.4915,2072.64,False,42.42,292.83,-1.63,,2141.22,,False,0,2025-06-30 23:19:04
ac0c41,SWA219  ,United States,1751325544.0,1751325544,-89.2705,40.6219,7620.0,False,234.28,52.85,0.0,,7993.38,6131,False,0,2025-06-30 23:19:04
ac1f73,N880SP  ,United States,1751325543.0,1751325543,-104.2949,34.6974,13708.38,False,253.78,97.57,-0.33,,14371.32,3207,False,0,2025-06-30 23:19:04
a68b2c,N520YZ  ,United States,1751325543.0,1751325544,-122.1663,37.4859,472.44,False,57.76,252.37,1.95,,441.96,1200,False,0,2025-06-30 23:19:04
a895b0,PDT5968 ,United States,1751325543.0,1751325543,-91.1108,30.5672,220.98,False,67.68,223.77,-3.58,,236.22,1244,False,0,2025-06-30 23:19:04
abec26,SWA4137 ,United States,1751325543.0,1751325543,-88.7025,37.0765,12192.0,False,213.02,230.39,0.0,,12877.8,6621,False,0,2025-06-30 23:19:04
a5bb1b,ASA313  ,United States,1751325543.0,1751325543,-103.6011,46.4402,10363.2,False,215.94,282.38,0.0,,10805.16,5754,False,0,2025-06-30 23:19:04
a69e6f,N5254K  ,United States,1751325452.0,1751325452,-80.193,26.1965,30.48,False,32.61,83.66,-4.55,,83.82,,False,0,2025-06-30 23:19:04
a6a5c3,N5273U  ,United States,1751325267.0,1751325268,-118.1558,33.8181,,True,8.23,180.0,,,,,False,0,2025-06-30 23:19:04
acc3b4,AAL3251 ,United States,1751325251.0,1751325251,-112.001,33.4368,,True,1.54,247.5,,,,6041,False,0,2025-06-30 23:19:04
ac0c64,SWA2292 ,United States,1751325543.0,1751325543,-77.2847,39.0393,5242.56,False,195.23,208.66,7.8,,5509.26,1311,False,0,2025-06-30 23:19:04
aacc5b,UAL918  ,United States,1751325543.0,1751325543,-77.4573,38.9396,,True,0.0,180.0,,,,,False,0,2025-06-30 23:19:04
ab53f1,SCX1948 ,United States,1751325544.0,1751325544,-87.4275,42.3432,11582.4,False,226.31,313.89,0.33,,12108.18,7133,False,0,2025-06-30 23:19:04
c06120,ACA306  ,Canada,1751325496.0,1751325496,-73.7523,45.4599,,True,3.09,143.44,,,,,False,0,2025-06-30 23:19:04
a69e7a,N5254W  ,United States,1751325275.0,1751325297,-122.2271,47.3134,175.26,False,32.43,358.18,-3.58,,152.4,,False,0,2025-06-30 23:19:04
a68b71,N5201H  ,United States,1751325543.0,1751325543,-122.1867,45.3848,1432.56,False,45.1,55.22,1.3,,1478.28,,False,0,2025-06-30 23:19:04
a1a2e0,SWA4613 ,United States,1751325541.0,1751325541,-80.1545,37.945,10355.58,False,242.44,66.75,-5.2,,10972.8,1716,False,0,2025-06-30 23:19:04
ad93b7,NKS2073 ,United States,1751325544.0,1751325544,-107.079,36.2018,11590.02,False,222.27,250.39,-0.33,,12237.72,3227,False,0,2025-06-30 23:19:04
abec4d,SWA3622 ,United States,1751325539.0,1751325540,-82.5387,27.9858,,True,0.0,270.0,,,,,False,0,2025-06-30 23:19:04
ab40e8,CRE824  ,United States,1751325544.0,1751325544,-87.7262,42.9855,937.26,False,101.84,251.75,-3.58,,906.78,7747,False,0,2025-06-30 23:19:04
a788b1,N585CD  ,United States,1751325543.0,1751325543,-91.0787,33.9978,2446.02,False,83.31,242.01,-0.33,,2560.32,,False,0,2025-06-30 23:19:04
ab40f0,AAL2800 ,United States,1751325544.0,1751325544,-94.8995,33.496,10317.48,False,248.09,67.96,5.53,,10942.32,3602,False,0,2025-06-30 23:19:04
aa8f47,N78MG   ,United States,1751325543.0,1751325543,-83.6852,35.9057,2331.72,False,75.91,55.77,2.28,,2438.4,,False,0,2025-06-30 23:19:04
ac0c8b,SWA1018 ,United States,1751325544.0,1751325544,-102.9371,38.4195,10020.3,False,241.06,312.41,-4.55,,10576.56,6146,False,0,2025-06-30 23:19:04
abec6c,SWA3822 ,United States,1751325543.0,1751325544,-97.2613,41.2324,10972.8,False,205.03,261.34,0.0,,11460.48,6534,False,0,2025-06-30 23:19:04
a8c094,NKS2127 ,United States,1751325544.0,1751325544,-76.2761,42.8291,9745.98,False,217.22,254.05,0.33,,10256.52,1322,False,0,2025-06-30 23:19:04
a548fa,N44HG   ,United States,1751325543.0,1751325543,-83.7019,39.5277,883.92,False,41.83,224.5,-0.33,,868.68,1200,False,0,2025-06-30 23:19:04
ae03c2,BH400   ,United States,1751325543.0,1751325544,-119.2362,34.0888,822.96,False,104.36,260.35,6.18,,838.2,,False,0,2025-06-30 23:19:04
a5bb17,AAL1012 ,United States,1751325544.0,1751325544,-94.5601,37.3808,9745.98,False,221.16,279.51,0.0,,10317.48,1724,False,0,2025-06-30 23:19:04
c01dac,FLE662  ,Canada,1751325544.0,1751325544,-85.7465,43.961,11277.6,False,250.36,113.88,0.0,,11772.9,5342,False,0,2025-06-30 23:19:04
a5ce40,SWA3169 ,United States,1751325544.0,1751325544,-84.0906,36.1375,11277.6,False,237.67,117.18,0.0,,11948.16,2145,False,0,2025-06-30 23:19:04
a522b3,N43VU   ,United States,1751325445.0,1751325452,-86.7643,39.8747,1097.28,False,58.15,268.48,0.65,,1104.9,,False,0,2025-06-30 23:19:04
a69e45,N5253C  ,United States,1751325239.0,1751325239,-81.1426,35.2136,320.04,False,35.23,208.81,-4.55,,304.8,,False,0,2025-06-30 23:19:04
acb0b9,AAL2963 ,United States,1751325544.0,1751325544,-80.0391,25.5903,3124.2,False,155.43,305.16,-5.53,,3322.32,,False,0,2025-06-30 23:19:04
acb0b6,ASA824  ,United States,1751325544.0,1751325544,-122.319,47.3651,541.02,False,83.35,0.71,-4.88,,571.5,,False,0,2025-06-30 23:19:04
a788d3,DAL863  ,United States,1751325541.0,1751325541,-73.7954,40.6387,,True,0.0,300.94,,,,,False,0,2025-06-30 23:19:04
ab6800,JBU873  ,United States,1751325543.0,1751325543,-74.1872,40.6866,,True,0.0,267.19,,,,4207,False,0,2025-06-30 23:19:04
478f43,SAS904  ,Norway,1751325544.0,1751325544,-69.1215,47.5915,11887.2,False,257.09,29.49,0.0,,12374.88,1617,False,0,2025-06-30 23:19:04
a19aaa,ENY3789 ,United States,1751325543.0,1751325544,-97.8883,32.8654,6027.42,False,201.89,294.54,8.45,,6377.94,2223,False,0,2025-06-30 23:19:04
ad815e,N97AT   ,United States,1751325540.0,1751325540,-122.2773,47.0756,1143.0,False,49.01,205.49,2.28,,1181.1,,False,0,2025-06-30 23:19:04
a19ab1,AAY3182 ,United States,1751325544.0,1751325544,-87.4017,41.194,10668.0,False,219.81,158.3,0.0,,11216.64,1626,False,0,2025-06-30 23:19:04
a0345f,RPA4572 ,United States,1751325543.0,1751325543,-80.0269,38.4719,10355.58,False,228.87,301.58,0.65,,10972.8,6530,False,0,2025-06-30 23:19:04
a1fdaf,N2272Q  ,United States,1751325543.0,1751325543,-123.0983,45.0296,1386.84,False,49.47,16.93,-0.98,,1409.7,,False,0,2025-06-30 23:19:04
ad8168,N97BC   ,United States,1751325543.0,1751325543,-122.593,38.2516,137.16,False,27.78,270.0,-7.15,,91.44,,False,0,2025-06-30 23:19:04
a28749,JSX121  ,United States,1751325543.0,1751325543,-115.2101,36.002,1722.12,False,109.48,201.5,7.15,,1767.84,,False,0,2025-06-30 23:19:04
a2d710,SKW3693 ,United States,1751325507.0,1751325507,-111.976,40.7804,,True,8.75,177.19,,,,,False,0,2025-06-30 23:19:04
aaa9d8,SWA4446 ,United States,1751325543.0,1751325544,-102.8881,36.5869,11887.2,False,231.02,144.15,0.0,,12504.42,0633,False,0,2025-06-30 23:19:04
ab79cc,TKR160  ,United States,1751325238.0,1751325238,-120.816,40.1961,2933.7,False,147.74,95.19,-2.93,,3070.86,,False,0,2025-06-30 23:19:04
a1b725,N20997  ,United States,1751325493.0,1751325493,-80.5947,35.0196,441.96,False,48.02,44.13,-3.58,,434.34,,False,0,2025-06-30 23:19:04
acb176,N917JB  ,United States,1751325532.0,1751325532,-85.4703,41.7432,609.6,False,84.31,130.3,0.65,,579.12,,False,0,2025-06-30 23:19:04
ac1f0e,AAL1848 ,United States,1751325544.0,1751325544,-85.4976,41.788,9707.88,False,259.48,108.61,8.13,,10195.56,6247,False,0,2025-06-30 23:19:04
a2b10f,UAL370  ,United States,1751325543.0,1751325544,-93.6982,44.5641,4792.98,False,181.66,212.74,12.35,,4930.14,,False,0,2025-06-30 23:19:04
a895f8,WUP652  ,United States,1751325543.0,1751325543,-80.2454,32.7415,12192.0,False,237.72,214.24,0.0,,12854.94,2157,False,0,2025-06-30 23:19:04
a2b112,UAL1641 ,United States,1751325543.0,1751325543,-102.8481,40.6241,11277.6,False,249.38,74.44,0.0,,11849.1,7756,False,0,2025-06-30 23:19:04
a882c9,N64784  ,United States,1751325538.0,1751325538,-98.6861,43.7247,2788.92,False,91.07,96.16,2.93,,2926.08,,False,0,2025-06-30 23:19:04
a2d76a,,United States,1751325457.0,1751325457,-115.1457,36.0801,,True,0.0,278.44,,,,,False,0,2025-06-30 23:19:04
a32ad5,DAL1697 ,United States,1751325544.0,1751325544,-89.8435,32.3302,10668.0,False,233.74,85.58,-0.33,,11315.7,4022,False,0,2025-06-30 23:19:04
a68b95,N5202J  ,United States,1751325543.0,1751325543,-89.4042,37.359,1097.28,False,34.32,23.88,-1.3,,1112.52,,False,0,2025-06-30 23:19:04
a81b3a,N621PA  ,United States,1751325536.0,1751325542,-97.0859,33.2915,762.0,False,39.83,215.54,-0.98,,762.0,,False,0,2025-06-30 23:19:04
a762d3,AAL3230 ,United States,1751325543.0,1751325543,-90.3064,32.8732,9768.84,False,240.27,282.49,0.0,,10386.06,7124,False,0,2025-06-30 23:19:04
a44aa2,FFT2259 ,United States,1751325543.0,1751325543,-111.9414,34.0603,6690.36,False,207.3,8.99,9.75,,7101.84,4005,False,0,2025-06-30 23:19:04
add16d,WUP945  ,United States,1751325543.0,1751325544,-93.0419,39.241,13716.0,False,249.26,98.67,0.65,,14325.6,3354,False,0,2025-06-30 23:19:04
a2b110,UAL1551 ,United States,1751325543.0,1751325543,-74.171,40.6975,,True,5.66,146.25,,,,,False,0,2025-06-30 23:19:04
add15f,LRT99   ,United States,1751325543.0,1751325543,-80.4378,28.2257,8366.76,False,253.26,164.33,-11.7,,8831.58,6307,False,0,2025-06-30 23:19:04
a32ac6,ENY3627 ,United States,1751325543.0,1751325543,-86.2881,36.5481,9753.6,False,230.89,250.47,-0.33,,10355.58,5545,False,0,2025-06-30 23:19:04
a2878e,N262MR  ,United States,1751325536.0,1751325536,-111.9446,40.0926,1630.68,False,50.85,297.08,3.58,,1691.64,,False,0,2025-06-30 23:19:04
c00b7c,JZA735  ,Canada,1751325543.0,1751325543,-79.8226,43.2768,4632.96,False,153.37,228.13,11.05,,4815.84,0554,False,0,2025-06-30 23:19:04
ac0c24,SWA577  ,United States,1751325544.0,1751325544,-97.6579,30.2035,,True,7.2,154.69,,,,,False,0,2025-06-30 23:19:04
c00b98,JZA686  ,Canada,1751325537.0,1751325537,-79.6099,43.6788,,True,0.0,0.0,,,,,False,0,2025-06-30 23:19:04
abec03,SWA2452 ,United States,1751325544.0,1751325544,-94.8467,34.7553,12496.8,False,225.73,189.31,-0.33,,13174.98,1607,True,0,2025-06-30 23:19:04
a6ee8e,DAL1574 ,United States,1751325544.0,1751325544,-117.9654,46.5039,10668.0,False,253.67,79.6,0.0,,11140.44,6675,False,0,2025-06-30 23:19:04
ac99ec,N9106Y  ,United States,1751325363.0,1751325411,-87.4997,41.5397,342.9,False,33.47,267.36,-2.28,,274.32,1200,False,0,2025-06-30 23:19:04
a81b63,EJA621  ,United States,1751325531.0,1751325531,-77.4549,38.9389,,True,0.0,267.19,,,,,False,0,2025-06-30 23:19:04
a15474,N185NJ  ,United States,1751325543.0,1751325543,-117.0299,48.3665,1798.32,False,70.03,15.77,-0.98,,1828.8,,False,0,2025-06-30 23:19:04
a8e733,DAL1785 ,United States,1751325543.0,1751325543,-79.5195,32.3028,10972.8,False,244.95,290.15,0.33,,11544.3,3666,False,0,2025-06-30 23:19:04
ac741c,AAL1630 ,United States,1751325542.0,1751325543,-80.9168,37.1751,10972.8,False,239.68,275.17,-0.33,,11628.12,5606,False,0,2025-06-30 23:19:04
aa344c,N757CR  ,United States,1751325243.0,1751325244,-73.4146,40.7391,53.34,False,36.01,180.0,-2.6,,15.24,3716,False,0,2025-06-30 23:19:04
a4f132,N4175K  ,United States,1751325543.0,1751325543,-122.0059,37.7013,2628.9,False,89.89,5.25,8.13,,2735.58,6351,False,0,2025-06-30 23:19:04
a65789,BMJ1805 ,United States,1751325411.0,1751325411,-104.3936,37.9051,2644.14,False,100.06,175.87,-6.5,,2865.12,,False,0,2025-06-30 23:19:04
ae172a,BALL14  ,United States,1751325543.0,1751325543,-97.6771,35.5556,861.06,False,108.76,258.26,5.85,,883.92,,False,0,2025-06-30 23:19:04
a82dbd,NKS2244 ,United States,1751325543.0,1751325543,-85.6378,39.8963,8542.02,False,183.73,195.59,0.0,,9022.08,4150,False,0,2025-06-30 23:19:04
aba40f,N8493F  ,United States,1751325543.0,1751325544,-93.2844,43.1294,594.36,False,41.68,305.46,-2.6,,571.5,,False,0,2025-06-30 23:19:04
abfdaf,SWA4333 ,United States,1751325543.0,1751325543,-90.6573,42.9182,9753.6,False,202.04,262.1,0.33,,10134.6,4130,False,0,2025-06-30 23:19:04
acd71a,N9262H  ,United States,1751325476.0,1751325476,-122.6502,45.6198,38.1,False,32.23,278.26,-1.3,,0.0,,False,0,2025-06-30 23:19:04
c085aa,CGYQB   ,Canada,1751325544.0,1751325544,-72.6697,45.7132,670.56,False,62.72,7.07,-0.33,,,,False,0,2025-06-30 23:19:04
ac0aac,UAL1095 ,United States,1751325543.0,1751325543,-92.7473,43.1083,10668.0,False,272.78,88.27,0.0,,11056.62,0040,False,0,2025-06-30 23:19:04
aa7ac8,SWA1403 ,United States,1751325544.0,1751325544,-122.4791,37.5285,3863.34,False,192.45,187.37,13.0,,3985.26,3375,False,0,2025-06-30 23:19:04
a1a48b,N20490  ,United States,1751325259.0,1751325259,-122.942,44.4684,1036.32,False,43.95,69.44,-3.9,,1089.66,,False,0,2025-06-30 23:19:04
a2b12d,UAL396  ,United States,1751325544.0,1751325544,-87.5439,41.9877,1729.74,False,116.81,271.26,-10.4,,1775.46,1622,False,0,2025-06-30 23:19:04
a39476,N33LF   ,United States,1751325540.0,1751325542,-105.123,39.9138,1615.44,False,11.13,303.69,0.0,,1706.88,,False,0,2025-06-30 23:19:04
a38141,DAL2468 ,United States,1751325544.0,1751325544,-89.4824,43.8363,10972.8,False,201.68,253.55,-0.33,,11376.66,2211,False,0,2025-06-30 23:19:04
a82df6,EJA626  ,United States,1751325543.0,1751325543,-82.0142,29.5866,13106.4,False,218.93,110.35,0.0,,13731.24,0513,False,0,2025-06-30 23:19:04
ae1751,JAVAN73 ,United States,1751325401.0,1751325401,-100.8925,30.3037,1965.96,False,139.72,189.32,-1.63,,2072.64,,False,0,2025-06-30 23:19:04
ab678e,DAL790  ,United States,1751325543.0,1751325544,-80.1552,25.7553,1280.16,False,136.0,117.73,14.31,,1356.36,,False,0,2025-06-30 23:19:04
aa7ab1,N7743N  ,United States,1751325543.0,1751325543,-117.5276,33.8485,807.72,False,48.55,344.64,0.33,,777.24,,False,0,2025-06-30 23:19:04
ac6118,UAL1329 ,United States,1751325543.0,1751325543,-74.5673,39.7154,6842.76,False,206.63,225.61,9.1,,7200.9,1710,False,0,2025-06-30 23:19:04
c085ce,PAG384  ,Canada,1751325543.0,1751325543,-80.7783,47.0044,1874.52,False,110.15,107.67,0.0,,1859.28,,False,0,2025-06-30 23:19:04
aa7aa6,SWA46   ,United States,1751325536.0,1751325536,-96.8438,32.8442,,True,5.92,250.31,,,,4031,False,0,2025-06-30 23:19:04
c085e0,WJA714  ,Canada,1751325543.0,1751325543,-91.6169,45.3281,11277.6,False,251.35,111.37,0.33,,11590.02,1715,False,0,2025-06-30 23:19:04
a5bae5,N46889  ,United States,1751325543.0,1751325543,-122.9206,45.5319,274.32,False,47.37,145.62,-1.63,,243.84,,False,0,2025-06-30 23:19:04
a286a8,N262CL  ,United States,1751325543.0,1751325543,-95.7492,30.1552,670.56,False,61.24,169.35,-2.6,,678.18,1200,False,0,2025-06-30 23:19:04
c01e13,FLE440  ,Canada,1751325543.0,1751325543,-80.62,43.6544,2910.84,False,156.3,99.09,-5.2,,2971.8,2650,False,0,2025-06-30 23:19:04
a0cc06,AAL2226 ,United States,1751325543.0,1751325543,-81.4141,30.3881,7810.5,False,239.28,358.64,10.08,,8252.46,3125,False,0,2025-06-30 23:19:04
a08f60,TWY308  ,United States,1751325544.0,1751325544,-100.1599,35.4095,9806.94,False,223.59,262.6,2.6,,10401.3,,False,0,2025-06-30 23:19:04
ac878c,EDV5203 ,United States,1751325543.0,1751325543,-84.5043,33.946,3063.24,False,173.5,355.07,9.1,,3223.26,0062,False,0,2025-06-30 23:19:04
a0a9f6,UCA4303 ,United States,1751325539.0,1751325540,-71.7352,41.1674,2514.6,False,138.45,50.28,-5.2,,2628.9,5711,False,0,2025-06-30 23:19:04
a6a711,JIA5443 ,United States,1751325543.0,1751325543,-80.4367,35.5775,10058.4,False,225.35,55.04,0.33,,10675.62,3307,False,0,2025-06-30 23:19:04
a2b198,UAL2474 ,United States,1751325544.0,1751325544,-77.6785,40.4591,10363.2,False,230.15,202.61,0.33,,10957.56,2456,False,0,2025-06-30 23:19:04
a2b196,UAL1904 ,United States,1751325543.0,1751325543,-73.7401,40.8254,1295.4,False,135.74,26.08,6.5,,1325.88,2314,False,0,2025-06-30 23:19:04
a033ae,AAL15   ,United States,1751325543.0,1751325543,-85.596,44.0643,10363.2,False,212.08,278.23,0.0,,10805.16,5777,False,0,2025-06-30 23:19:04
a3d10f,DAL1387 ,United States,1751325543.0,1751325543,-87.2546,33.077,10972.8,False,241.59,216.6,-0.33,,11650.98,1202,False,0,2025-06-30 23:19:04
a2b17a,UAL2382 ,United States,1751325544.0,1751325544,-99.006,33.8594,10668.0,False,245.7,94.68,0.33,,11315.7,,False,0,2025-06-30 23:19:04
a53774,UAL2285 ,United States,1751325543.0,1751325543,-97.3651,32.8476,11285.22,False,235.16,174.48,-0.33,,12001.5,3202,False,0,2025-06-30 23:19:04
a046f2,RPA4596 ,United States,1751325543.0,1751325543,-85.6787,36.0435,6484.62,False,204.98,94.89,7.15,,6880.86,4731,False,0,2025-06-30 23:19:04
add124,N99JT   ,United States,1751325328.0,1751325328,-96.9389,34.3073,960.12,False,90.74,299.18,-6.83,,998.22,1200,False,0,2025-06-30 23:19:04
a0a9c6,N1417T  ,United States,1751325543.0,1751325543,-81.2497,29.6903,1181.1,False,50.64,159.17,0.0,,1234.44,,False,0,2025-06-30 23:19:04
ab4187,WUP824  ,United States,1751325543.0,1751325543,-83.0982,42.5725,990.6,False,104.42,316.0,-5.53,,944.88,7305,False,0,2025-06-30 23:19:04
a08f41,N135RF  ,United States,1751325539.0,1751325539,-115.706,48.2251,3596.64,False,97.9,124.94,-6.18,,3733.8,,False,0,2025-06-30 23:19:04
a0a9d4,UCA4349 ,United States,1751325543.0,1751325544,-77.4573,38.9428,,True,1.03,191.25,,,,,False,0,2025-06-30 23:19:04
a3f798,N355CF  ,United States,1751325385.0,1751325385,-111.2648,32.6597,1249.68,False,54.87,321.09,-2.6,,1226.82,1623,False,0,2025-06-30 23:19:04
a0a9d1,UCA4247 ,United States,1751325489.0,1751325489,-97.3498,27.1201,4472.94,False,180.23,220.6,-9.1,,4785.36,5335,False,0,2025-06-30 23:19:04
ad945a,AAL2679 ,United States,1751325542.0,1751325544,-87.6478,28.5878,10355.58,False,236.87,287.96,-0.33,,10972.8,,False,0,2025-06-30 23:19:04
a38171,BGR43   ,United States,1751325542.0,1751325543,-107.9837,35.4441,4366.26,False,111.87,93.69,0.0,,4632.96,,False,0,2025-06-30 23:19:04
ad2aed,AAL355  ,United States,1751325543.0,1751325543,-96.6655,32.5731,4229.1,False,197.91,315.84,-3.9,,4472.94,0302,False,0,2025-06-30 23:19:04
ad2aea,ASA734  ,United States,1751325544.0,1751325544,-118.0395,45.0894,10363.2,False,233.2,314.2,-0.33,,10843.26,,False,0,2025-06-30 23:19:04
a1c9a0,N214NX  ,United States,1751325543.0,1751325543,-123.4954,48.1174,,True,7.46,95.62,,,,0733,False,0,2025-06-30 23:19:04
a3e470,N35WH   ,United States,1751325544.0,1751325544,-118.9704,36.8575,7620.0,False,114.09,170.92,0.0,,8001.0,,False,0,2025-06-30 23:19:04
a08f57,ELZ5    ,United States,1751325544.0,1751325544,-81.1706,30.1496,8336.28,False,260.36,185.21,-12.35,,8846.82,2510,False,0,2025-06-30 23:19:04
a8d489,UAL2331 ,United States,1751325543.0,1751325543,-98.6368,43.7248,10363.2,False,220.23,279.68,0.0,,10767.06,6530,False,0,2025-06-30 23:19:04
a19c51,N20236  ,United States,1751325543.0,1751325543,-122.277,46.9697,1371.6,False,34.28,244.2,3.25,,1409.7,,False,0,2025-06-30 23:19:04
a19c57,N2024B  ,United States,1751325523.0,1751325523,-120.0325,43.5187,12192.0,False,234.67,11.51,0.0,,12771.12,,False,0,2025-06-30 23:19:04
a1b6e3,CXK352  ,United States,1751325259.0,1751325260,-118.1483,33.8139,30.48,False,33.44,270.0,-1.3,,-22.86,,False,0,2025-06-30 23:19:04
a1a3b9,N20430  ,United States,1751325543.0,1751325543,-111.9477,33.183,640.08,False,36.79,339.54,-1.95,,571.5,1200,False,0,2025-06-30 23:19:04
adf5ef,N999VB  ,United States,1751325543.0,1751325543,-103.8724,40.3688,8229.6,False,143.26,82.36,0.0,,8702.04,6564,False,0,2025-06-30 23:19:04
a32c19,N303ST  ,United States,1751325543.0,1751325543,-97.6455,35.5315,403.86,False,31.9,0.92,1.95,,396.24,,False,0,2025-06-30 23:19:04
c0737c,WJA2199 ,Canada,1751325543.0,1751325543,-74.9507,41.4081,11582.4,False,216.33,310.66,-0.33,,12207.24,3723,False,0,2025-06-30 23:19:04
a20c44,ENY3797 ,United States,1751325543.0,1751325543,-85.3639,34.9482,10363.2,False,235.52,323.71,0.0,,11003.28,5163,False,0,2025-06-30 23:19:04
c0737d,CGRTC   ,Canada,1751325544.0,1751325544,-73.0326,45.8592,960.12,False,66.93,320.93,1.63,,937.26,,False,0,2025-06-30 23:19:04
a7a17b,DAL1655 ,United States,1751325543.0,1751325543,-71.7076,42.8623,4495.8,False,208.99,284.1,6.5,,4701.54,1377,False,0,2025-06-30 23:19:04
a57f42,SWA3385 ,United States,1751325543.0,1751325543,-114.0745,32.8973,10363.2,False,228.53,268.19,0.0,,10934.7,2152,False,0,2025-06-30 23:19:04
a08f6b,SKW5948 ,United States,1751325543.0,1751325543,-87.6404,39.719,10424.16,False,214.27,172.55,8.13,,10995.66,6256,False,0,2025-06-30 23:19:04
c06081,ACA376  ,Canada,1751325541.0,1751325541,-73.743,45.4606,,True,7.72,227.81,,,,,False,0,2025-06-30 23:19:04
a87196,NKS2665 ,United States,1751325543.0,1751325544,-82.8915,35.14,10980.42,False,242.11,247.25,0.0,,11658.6,5707,False,0,2025-06-30 23:19:04
a69f24,N5259R  ,United States,1751325543.0,1751325543,-121.9109,37.6534,662.94,False,50.99,149.04,1.95,,624.84,,False,0,2025-06-30 23:19:04
a033d2,MXY656  ,United States,1751325527.0,1751325527,-85.5356,27.968,10462.26,False,246.63,108.74,-4.88,,11109.96,3344,False,0,2025-06-30 23:19:04
a789b4,JIA5273 ,United States,1751325543.0,1751325543,-75.5117,38.4667,7947.66,False,220.16,187.79,6.18,,8412.48,1663,False,0,2025-06-30 23:19:04
a669dc,N512LE  ,United States,1751325498.0,1751325498,-95.6749,29.8236,38.1,False,33.07,195.33,-4.88,,30.48,2654,False,0,2025-06-30 23:19:04
a0a9fe,N1419D  ,United States,1751325542.0,1751325542,-81.0671,29.1711,83.82,False,39.41,35.97,-4.23,,106.68,2164,False,0,2025-06-30 23:19:04
a21f57,FFT4874 ,United States,1751325445.0,1751325448,-80.1688,26.066,22.86,False,71.51,90.41,-3.25,,53.34,7230,False,0,2025-06-30 23:19:04
a88467,QXE2129 ,United States,1751325541.0,1751325541,-102.4431,41.3292,10363.2,False,212.92,293.34,0.0,,10881.36,,False,0,2025-06-30 23:19:04
c08688,CGYYP   ,Canada,1751325543.0,1751325543,-122.7679,48.3776,2712.72,False,72.88,149.45,0.33,,2857.5,0462,False,0,2025-06-30 23:19:04
a9f424,SKW4950 ,United States,1751325543.0,1751325544,-85.1603,42.8247,6096.0,False,192.44,261.54,0.0,,6339.84,,False,0,2025-06-30 23:19:04
a8c121,UAL3    ,United States,1751325252.0,1751325262,-67.0838,48.4078,10675.62,False,259.17,72.32,0.0,,11094.72,2421,False,0,2025-06-30 23:19:04
a140dd,N180BZ  ,United States,1751325543.0,1751325543,-71.4656,42.6114,822.96,False,69.3,161.83,0.65,,830.58,5130,False,0,2025-06-30 23:19:04
a57f04,UAL2658 ,United States,1751325544.0,1751325544,-103.4951,42.0198,10363.2,False,226.3,266.35,0.0,,10896.6,7213,False,0,2025-06-30 23:19:04
a45f59,DAL1978 ,United States,1751325544.0,1751325544,-84.3423,33.6319,647.7,False,81.8,270.0,-4.55,,662.94,2415,False,0,2025-06-30 23:19:04
a2e9fd,SWA674  ,United States,1751325543.0,1751325543,-76.7104,39.176,160.02,False,74.17,92.78,-5.53,,144.78,6714,False,0,2025-06-30 23:19:04
a1ec57,MXY563  ,United States,1751325544.0,1751325544,-94.6899,32.5436,11269.98,False,241.28,90.37,-0.33,,11948.16,7752,False,0,2025-06-30 23:19:04
ac7419,NKS2572 ,United States,1751325544.0,1751325544,-84.6055,33.675,1844.04,False,142.06,281.07,14.31,,1920.24,2012,False,0,2025-06-30 23:19:04
ab9ab3,JRE847  ,United States,1751325543.0,1751325543,-96.0053,38.5327,12192.0,False,185.59,282.65,0.0,,12786.36,1140,False,0,2025-06-30 23:19:04
a8aac8,DAL1083 ,United States,1751325295.0,1751325295,-82.2355,26.7492,3208.02,False,156.95,123.64,-7.8,,3429.0,2255,False,0,2025-06-30 23:19:04
a099ff,N138MC  ,United States,1751325544.0,1751325544,-72.7873,41.8662,2895.6,False,91.29,50.03,0.0,,3009.9,1200,False,0,2025-06-30 23:19:04
a12c18,DAL365  ,United States,1751325527.0,1751325527,-83.633,45.3784,10972.8,False,216.45,277.65,0.0,,11391.9,3033,False,0,2025-06-30 23:19:04
ad2573,SWA444  ,United States,1751325544.0,1751325544,-94.9299,38.0505,11582.4,False,216.07,270.14,0.0,,12199.62,6211,False,0,2025-06-30 23:19:04
ac4bfe,SWA561  ,United States,1751325544.0,1751325544,-104.6437,39.7294,2560.32,False,128.64,181.15,10.73,,2705.1,,False,0,2025-06-30 23:19:04
ac058a,DAL2437 ,United States,1751325525.0,1751325525,-95.87,46.4143,10668.0,False,257.91,116.92,0.33,,10957.56,,False,0,2025-06-30 23:19:04
a82791,N62407  ,United States,1751325544.0,1751325544,-123.1341,45.6167,396.24,False,38.74,10.71,1.95,,373.38,,False,0,2025-06-30 23:19:04
ad124e,EJA941  ,United States,1751325543.0,1751325543,-96.8648,32.9756,922.02,False,103.69,260.86,0.0,,937.26,7254,False,0,2025-06-30 23:19:04
a2af04,N272MG  ,United States,1751325367.0,1751325367,-80.2931,25.6485,182.88,False,50.03,94.13,0.0,,198.12,,False,0,2025-06-30 23:19:04
ad6bdc,JBU416  ,United States,1751325544.0,1751325544,-112.5543,41.6144,10675.62,False,243.49,80.64,0.0,,11231.88,,False,0,2025-06-30 23:19:04
a9dde8,N735CZ  ,United States,1751325543.0,1751325543,-81.7202,28.8979,441.96,False,70.05,66.64,0.0,,495.3,,False,0,2025-06-30 23:19:04
a6c12f,VOI730  ,United States,1751325532.0,1751325532,-97.5929,26.1205,11269.98,False,236.35,29.47,0.33,,11993.88,,False,0,2025-06-30 23:19:04
a24c01,SWA237  ,United States,1751325543.0,1751325543,-118.8586,38.7222,11163.3,False,234.2,283.85,-4.88,,11719.56,,False,0,2025-06-30 23:19:04
a349a6,N3103V  ,United States,1751325380.0,1751325380,-87.8982,42.1066,243.84,False,29.94,340.94,-2.6,,220.98,1200,False,0,2025-06-30 23:19:04
abd26b,SWA3968 ,United States,1751325543.0,1751325543,-105.5855,37.8265,11277.6,False,241.59,62.62,0.0,,11879.58,2640,False,0,2025-06-30 23:19:04
ad1267,N941RS  ,United States,1751325543.0,1751325543,-96.7192,38.972,12496.8,False,253.22,91.75,0.65,,13098.78,1720,False,0,2025-06-30 23:19:04
a12c04,N175CT  ,United States,1751325543.0,1751325543,-74.7391,40.7216,922.02,False,145.95,46.86,-0.33,,929.64,2001,False,0,2025-06-30 23:19:04
a7e133,N6069Y  ,United States,1751325544.0,1751325544,-96.6573,33.9172,1310.64,False,64.21,208.21,-0.65,,1348.74,,False,0,2025-06-30 23:19:04
a5a10a,AAL143  ,United States,1751325540.0,1751325540,-121.3153,33.6716,9425.94,False,229.62,260.33,4.88,,9845.04,,False,0,2025-06-30 23:19:04
a060ae,AAL1320 ,United States,1751325543.0,1751325543,-83.8087,33.6971,9441.18,False,241.35,63.0,0.33,,10020.3,7306,False,0,2025-06-30 23:19:04
a4dad4,UAL710  ,United States,1751325542.0,1751325542,-77.4547,38.9467,,True,0.0,270.0,,,,,False,0,2025-06-30 23:19:04
4075b4,VIR104L ,United Kingdom,1751325544.0,1751325544,-81.1122,38.7427,11277.6,False,257.96,40.55,0.0,,11932.92,5163,False,0,2025-06-30 23:19:04
a203b0,AAY1334 ,United States,1751325544.0,1751325544,-95.2919,45.0604,10485.12,False,219.71,330.85,-4.88,,10812.78,3062,False,0,2025-06-30 23:19:04
a0d6fb,SKW5236 ,United States,1751325543.0,1751325543,-116.5852,46.5485,10363.2,False,210.82,212.14,0.0,,10843.26,,False,0,2025-06-30 23:19:04
a00c7a,DAL519  ,United States,1751325544.0,1751325544,-98.1096,37.1635,10980.42,False,224.98,292.17,-0.33,,11597.64,1614,False,0,2025-06-30 23:19:04
ac17b0,SWA2152 ,United States,1751325539.0,1751325539,-97.6646,30.2018,,True,0.0,351.56,,,,,False,0,2025-06-30 23:19:04
a67146,N514LA  ,United States,1751325543.0,1751325543,-81.8972,34.0694,1203.96,False,65.11,264.56,0.0,,1249.68,,False,0,2025-06-30 23:19:04
ac17b3,N8789T  ,United States,1751325226.0,1751325240,-85.4359,32.6276,297.18,False,33.02,184.47,-2.28,,297.18,,False,0,2025-06-30 23:19:04
a6c125,N534VA  ,United States,1751325543.0,1751325543,-121.6649,36.9248,1021.08,False,56.29,251.9,-2.6,,998.22,1200,False,0,2025-06-30 23:19:04
a6c120,AAL1422 ,United States,1751325543.0,1751325543,-70.733,42.0309,2499.36,False,131.16,48.18,-2.28,,2606.04,2541,False,0,2025-06-30 23:19:04
ad129d,N941TW  ,United States,1751325544.0,1751325544,-121.7108,38.0725,1082.04,False,57.14,87.94,-1.95,,1051.56,,False,0,2025-06-30 23:19:04
a7912a,DAL693  ,United States,1751325512.0,1751325512,-84.4417,33.6479,,True,8.23,270.0,,,,3542,False,0,2025-06-30 23:19:04
a2af23,ENY3801 ,United States,1751325544.0,1751325544,-90.4749,34.4168,9448.8,False,244.52,79.94,-0.33,,10043.16,2346,False,0,2025-06-30 23:19:04
a0c3b6,CSB7521 ,United States,1751325345.0,1751325438,-84.6686,39.0685,312.42,False,70.48,180.0,-3.58,,274.32,3456,True,0,2025-06-30 23:19:04
c05f94,ROU1740 ,Canada,1751325468.0,1751325468,-80.8207,24.1322,7703.82,False,234.07,233.13,-12.35,,8244.84,3025,False,0,2025-06-30 23:19:04
a68485,SKW6242 ,United States,1751325332.0,1751325332,-116.1648,43.5434,1089.66,False,82.19,290.14,-4.23,,1676.4,,False,0,2025-06-30 23:19:04
a203a3,N229NG  ,United States,1751325544.0,1751325544,-85.8984,34.9402,7924.8,False,126.02,302.33,0.0,,8404.86,0762,False,0,2025-06-30 23:19:04
a25f51,N252EA  ,United States,1751325489.0,1751325489,-113.4336,32.8523,2057.4,False,38.8,263.91,-0.33,,2133.6,4147,False,0,2025-06-30 23:19:04
a3cf6d,UAL1275 ,United States,1751325543.0,1751325543,-109.8994,32.805,10972.8,False,230.1,301.1,0.33,,11605.26,1001,False,0,2025-06-30 23:19:04
ac0519,SWA1078 ,United States,1751325544.0,1751325544,-81.1951,32.0643,10972.8,False,244.45,178.43,0.33,,11597.64,1531,False,0,2025-06-30 23:19:04
a0c3fc,ABX3196 ,United States,1751325544.0,1751325544,-85.8871,34.4128,11590.02,False,232.85,337.12,0.0,,12268.2,3611,False,0,2025-06-30 23:19:04
ab951a,N8452R  ,United States,1751325285.0,1751325285,-83.8811,43.4248,365.76,False,46.52,218.26,-1.3,,396.24,,False,0,2025-06-30 23:19:04
a2af7c,N272SB  ,United States,1751325498.0,1751325499,-76.3583,36.6642,182.88,False,57.1,71.08,-0.98,,243.84,1200,False,0,2025-06-30 23:19:04
a576f0,MVK94   ,United States,1751325537.0,1751325539,-94.1124,44.2774,1363.98,False,63.69,260.23,0.0,,1371.6,,False,0,2025-06-30 23:19:04
76ccce,SIA7973 ,Singapore,1751325531.0,1751325543,-108.4876,43.1072,10058.4,False,259.41,41.78,0.0,,10568.94,,False,0,2025-06-30 23:19:04
a323d6,VJA301  ,United States,1751325543.0,1751325543,-117.1254,34.5263,10302.24,False,248.9,51.38,12.35,,10858.5,1032,False,0,2025-06-30 23:19:04
ab3edd,ASH3234 ,United States,1751325543.0,1751325543,-95.9877,30.6739,7010.4,False,210.01,150.99,-10.73,,7444.74,0515,False,0,2025-06-30 23:19:04
aab202,AAL198  ,United States,1751325539.0,1751325539,-73.7812,40.6549,,True,3.86,98.44,,,,,False,0,2025-06-30 23:19:04
a696f1,N52334  ,United States,1751325543.0,1751325543,-97.9167,30.2197,624.84,False,46.02,174.23,0.0,,640.08,1200,False,0,2025-06-30 23:19:04
a826bb,N624ST  ,United States,1751325541.0,1751325542,-122.4846,45.7429,624.84,False,41.17,358.57,5.53,,624.84,,False,0,2025-06-30 23:19:04
acaec8,AAL3137 ,United States,1751325543.0,1751325543,-95.2608,40.711,10363.2,False,202.07,250.83,0.0,,10858.5,1334,False,0,2025-06-30 23:19:04
ac0543,VTE3841 ,United States,1751325544.0,1751325544,-84.6228,40.385,8534.4,False,195.26,324.76,-0.33,,8968.74,3655,False,0,2025-06-30 23:19:04
abd204,SWA1283 ,United States,1751325543.0,1751325543,-80.7553,32.5737,12192.0,False,240.95,218.41,0.0,,12847.32,3632,False,0,2025-06-30 23:19:04
a959b4,EJA701  ,United States,1751325544.0,1751325544,-89.1522,45.1212,13106.4,False,209.38,278.05,0.0,,13525.5,1376,False,0,2025-06-30 23:19:04
a336e3,AAL1208 ,United States,1751325543.0,1751325543,-102.9186,34.5301,10911.84,False,231.32,118.27,-5.2,,11544.3,7760,False,0,2025-06-30 23:19:04
a12c89,N175JA  ,United States,1751325543.0,1751325543,-116.2894,43.5846,1371.6,False,92.12,280.62,6.83,,1386.84,,False,0,2025-06-30 23:19:04
ac4bb8,SWA3107 ,United States,1751325543.0,1751325544,-87.8615,41.6676,2270.76,False,149.83,182.36,15.93,,2331.72,3153,False,0,2025-06-30 23:19:04
a336df,AAL2668 ,United States,1751325413.0,1751325417,-81.8444,41.4183,297.18,False,73.38,229.83,-3.58,,243.84,2034,False,0,2025-06-30 23:19:04
aa0d0d,MTN7465 ,United States,1751325544.0,1751325544,-78.1185,40.5897,2438.4,False,68.35,213.33,0.0,,2529.84,1661,False,0,2025-06-30 23:19:04
a97aff,N71PF   ,United States,1751325544.0,1751325544,-73.0369,40.6665,358.14,False,70.99,249.2,0.33,,327.66,,False,0,2025-06-30 23:19:04
ad385f,AAL2673 ,United States,1751325543.0,1751325543,-88.3645,32.4776,10058.4,False,233.59,117.98,-0.33,,10690.86,0564,False,0,2025-06-30 23:19:04
ad6bac,N964GV  ,United States,1751325543.0,1751325543,-80.3846,26.6501,2103.12,False,63.63,22.83,0.0,,2209.8,,False,0,2025-06-30 23:19:04
abe52d,AMX456  ,United States,1751325543.0,1751325543,-84.9697,34.6065,9753.6,False,239.83,229.79,0.0,,10340.34,5665,False,0,2025-06-30 23:19:04
ad2531,TCN946  ,United States,1751325544.0,1751325544,-104.04,39.6526,7010.4,False,230.21,107.83,0.0,,7421.88,,False,0,2025-06-30 23:19:04
a8aaff,FFT4702 ,United States,1751325539.0,1751325544,-97.6714,30.194,,True,0.0,154.69,,,,3703,False,0,2025-06-30 23:19:04
a36c8e,N32GA   ,United States,1751325514.0,1751325529,-116.6746,44.3117,3505.2,False,131.76,46.9,0.0,,3680.46,,False,0,2025-06-30 23:19:04
a589e0,N456RC  ,United States,1751325537.0,1751325539,-119.6554,35.7371,2567.94,False,49.78,13.75,0.0,,2613.66,,False,0,2025-06-30 23:19:04
407698,VIR8Y   ,United Kingdom,1751325544.0,1751325544,-115.4894,35.7061,10668.0,False,268.94,48.41,0.33,,11254.74,1031,False,0,2025-06-30 23:19:04
407699,VIR153  ,United Kingdom,1751325302.0,1751325308,-73.7731,40.6337,,True,0.0,30.94,,,,6030,False,0,2025-06-30 23:19:04
c029c8,PVL2586 ,Canada,1751325542.0,1751325542,-69.5132,45.3487,7620.0,False,186.16,104.07,-1.3,,7993.38,,False,0,2025-06-30 23:19:04
c05f0a,JZA973  ,Canada,1751325544.0,1751325544,-80.2747,43.3611,3337.56,False,164.33,232.38,13.33,,3444.24,2227,False,0,2025-06-30 23:19:04
a4dc11,N412FF  ,United States,1751325543.0,1751325543,-106.1977,40.2764,5242.56,False,153.74,108.74,0.33,,5554.98,,False,0,2025-06-30 23:19:04
abd230,SWA495  ,United States,1751325544.0,1751325544,-91.8578,34.3275,11582.4,False,221.02,246.84,0.0,,12252.96,2622,False,0,2025-06-30 23:19:04
ab8266,N8401T  ,United States,1751325236.0,1751325238,-112.3887,40.2242,2727.96,False,52.69,279.55,-2.6,,2849.88,0347,False,0,2025-06-30 23:19:04
a4ef58,N417NL  ,United States,1751325532.0,1751325532,-118.4886,34.2118,,True,4.37,354.38,,,,,False,0,2025-06-30 23:19:04
a310c5,BPX297  ,United States,1751325543.0,1751325543,-81.0957,29.3379,403.86,False,56.75,22.38,1.63,,426.72,0135,False,0,2025-06-30 23:19:04
c05f04,JZA497  ,Canada,1751325544.0,1751325544,-75.7414,45.3283,7315.2,False,150.44,257.96,0.65,,7650.48,,False,0,2025-06-30 23:19:04
a49f7d,N3972W  ,United States,1751325540.0,1751325542,-77.7574,38.9974,571.5,False,44.81,192.6,2.28,,571.5,,False,0,2025-06-30 23:19:04
a6f9b3,DAL571  ,United States,1751325543.0,1751325543,-83.0022,43.014,10363.2,False,214.42,251.83,0.33,,10881.36,6331,False,0,2025-06-30 23:19:04
a310bb,AAY866  ,United States,1751325543.0,1751325543,-89.326,39.8637,10652.76,False,233.03,149.93,2.6,,11224.26,3263,False,0,2025-06-30 23:19:04
a49f89,UAL1559 ,United States,1751325543.0,1751325543,-114.9978,36.0601,11277.6,False,254.07,48.69,0.33,,11887.2,0176,False,0,2025-06-30 23:19:04
c04af4,JZA721  ,Canada,1751325543.0,1751325544,-83.9223,43.9477,9753.6,False,212.65,267.64,-0.33,,10210.8,0521,False,0,2025-06-30 23:19:04
ac03ef,ASH6044 ,United States,1751325543.0,1751325543,-82.3499,34.8385,1196.34,False,144.02,15.33,-0.33,,1249.68,7671,False,0,2025-06-30 23:19:04
a0753d,N129BC  ,United States,1751325541.0,1751325543,-88.9295,39.1134,1600.2,False,70.91,236.54,-4.23,,1638.3,,False,0,2025-06-30 23:19:04
ab80f4,DAL958  ,United States,1751325544.0,1751325544,-76.4603,42.5168,11871.96,False,262.88,90.11,-1.63,,12489.18,6760,False,0,2025-06-30 23:19:04
a1f822,RPA5644 ,United States,1751325544.0,1751325544,-71.5426,41.6503,3649.98,False,161.73,8.41,0.33,,3825.24,6761,False,0,2025-06-30 23:19:04
ac4c8a,SWA4492 ,United States,1751325535.0,1751325540,-121.9264,37.3659,,True,0.0,47.81,,,,,False,0,2025-06-30 23:19:04
ac03ff,SWA1009 ,United States,1751325543.0,1751325543,-83.9836,39.0474,11582.4,False,219.15,269.87,-0.33,,12237.72,3545,False,0,2025-06-30 23:19:04
a813e9,N62AE   ,United States,1751325247.0,1751325247,-70.3109,41.6915,160.02,False,63.89,139.9,-3.58,,144.78,1115,False,0,2025-06-30 23:19:04
a97c40,N710CA  ,United States,1751325544.0,1751325544,-81.7371,28.1779,1211.58,False,65.86,90.9,-2.93,,1295.4,2672,False,0,2025-06-30 23:19:04
a07522,AAL975  ,United States,1751325518.0,1751325530,-87.8734,41.9884,297.18,False,74.6,269.6,-1.95,,259.08,1040,False,0,2025-06-30 23:19:04
a21833,RPA5615 ,United States,1751325544.0,1751325544,-80.3649,40.5056,1501.14,False,125.31,286.95,8.45,,1531.62,,False,0,2025-06-30 23:19:04
aa60bb,ENY4241 ,United States,1751325543.0,1751325544,-88.1331,42.0046,2202.18,False,138.42,275.12,17.56,,2255.52,4312,False,0,2025-06-30 23:19:04
acf0da,AAL1394 ,United States,1751325536.0,1751325537,-82.0066,24.7194,9753.6,False,225.44,303.36,0.0,,10317.48,,False,0,2025-06-30 23:19:04
a6d3af,DAL466  ,United States,1751325543.0,1751325543,-87.9752,36.1447,11887.2,False,244.36,90.0,0.0,,12542.52,7213,False,0,2025-06-30 23:19:04
a44521,UAL496  ,United States,1751325543.0,1751325543,-84.7522,30.8623,10668.0,False,244.3,144.17,-0.33,,11330.94,7435,False,0,2025-06-30 23:19:04
a31216,UAL630  ,United States,1751325543.0,1751325543,-87.8388,42.0027,472.44,False,66.38,271.33,-4.23,,449.58,4172,False,0,2025-06-30 23:19:04
a62f93,UAL2207 ,United States,1751325543.0,1751325543,-88.7689,41.9694,6057.9,False,174.98,263.59,7.15,,6309.36,6531,False,0,2025-06-30 23:19:04
a1f884,ENY4289 ,United States,1751325544.0,1751325544,-110.2429,32.4634,8816.34,False,230.4,289.57,-6.83,,9372.6,1551,False,0,2025-06-30 23:19:04
c01776,CFIWZ   ,Canada,1751325544.0,1751325544,-79.5211,43.5462,495.3,False,96.49,21.91,0.0,,434.34,1062,False,0,2025-06-30 23:19:04
aa1f97,AAL3008 ,United States,1751325530.0,1751325532,-78.7666,29.9656,11582.4,False,240.43,186.88,-0.33,,12123.42,1476,False,0,2025-06-30 23:19:04
a6f9fa,GJS4189 ,United States,1751325295.0,1751325295,-87.8926,42.0028,266.7,False,64.31,270.0,-4.55,,228.6,5346,False,0,2025-06-30 23:19:04
a8ac35,UAL921  ,United States,1751325543.0,1751325543,-68.8185,46.3556,10972.8,False,218.99,225.0,0.0,,11475.72,0747,False,0,2025-06-30 23:19:04
acf0e6,OZN933  ,United States,1751325543.0,1751325543,-80.4046,25.6718,243.84,False,46.04,283.57,1.3,,297.18,,False,0,2025-06-30 23:19:04
c04ad7,CGCIW   ,Canada,1751325543.0,1751325543,-72.4177,45.8232,426.72,False,42.58,208.11,6.18,,373.38,,False,0,2025-06-30 23:19:04
a98f33,MTN7509 ,United States,1751325544.0,1751325544,-80.2111,26.0773,213.36,False,67.91,90.43,-2.6,,243.84,,False,0,2025-06-30 23:19:04
a1e522,CXK690  ,United States,1751325543.0,1751325544,-73.0522,40.9464,1539.24,False,60.29,36.67,0.98,,1569.72,3071,False,0,2025-06-30 23:19:04
a24ba7,SKW4180 ,United States,1751325543.0,1751325543,-92.7357,37.8351,11582.4,False,206.15,250.62,-0.33,,12207.24,4171,False,0,2025-06-30 23:19:04
aa73c3,SWA2603 ,United States,1751325544.0,1751325544,-101.1518,33.5977,11590.02,False,221.76,249.21,0.33,,12245.34,7104,False,0,2025-06-30 23:19:04
a7f3ae,JIA5598 ,United States,1751325544.0,1751325544,-78.4921,38.9793,10363.2,False,253.62,198.69,0.0,,10988.04,2122,False,0,2025-06-30 23:19:04
a37ec4,AAL2060 ,United States,1751325543.0,1751325543,-96.2188,32.13,7086.6,False,219.71,328.21,-10.08,,7528.56,4014,False,0,2025-06-30 23:19:04
a37eb0,AAL1391 ,United States,1751325544.0,1751325544,-80.2052,25.6822,2430.78,False,136.69,295.41,-4.88,,2590.8,,False,0,2025-06-30 23:19:04
ac0504,SKW5468 ,United States,1751325543.0,1751325543,-117.2647,43.3873,10363.2,False,222.26,209.23,0.0,,10896.6,,False,0,2025-06-30 23:19:04
a61c8a,N493PH  ,United States,1751325420.0,1751325420,-95.1248,30.1233,411.48,False,71.65,21.04,0.33,,441.96,,False,0,2025-06-30 23:19:04
a97c18,ASA973  ,United States,1751325543.0,1751325543,-100.7836,45.9475,10363.2,False,212.24,283.6,0.0,,10767.06,0561,False,0,2025-06-30 23:19:04
a0c53e,N149MM  ,United States,1751325251.0,1751325262,-86.833,41.4519,929.64,False,61.24,271.44,0.0,,922.02,,False,0,2025-06-30 23:19:04
a1821f,N1969Y  ,United States,1751325519.0,1751325519,-118.4904,34.2099,251.46,False,24.27,175.14,-0.33,,205.74,4661,False,0,2025-06-30 23:19:04
a74f99,LFA325  ,United States,1751325539.0,1751325539,-81.4684,30.6421,1051.56,False,61.05,12.16,0.0,,1097.28,,False,0,2025-06-30 23:19:04
a826f1,SKW4726 ,United States,1751325544.0,1751325544,-104.3567,39.6565,4480.56,False,156.84,308.07,-5.53,,4777.74,5715,False,0,2025-06-30 23:19:04
a33843,JBU341  ,United States,1751325544.0,1751325544,-74.5216,38.9475,9174.48,False,232.98,219.98,4.88,,9707.88,7171,False,0,2025-06-30 23:19:04
a5b3ea,N467DC  ,United States,1751325270.0,1751325276,-87.8567,42.4125,365.76,False,29.47,314.29,-3.25,,312.42,,False,0,2025-06-30 23:19:04
ab2c0c,DAL46   ,United States,1751325543.0,1751325543,-72.5681,42.8741,8397.24,False,254.03,60.79,2.6,,8839.2,1123,False,0,2025-06-30 23:19:04
a62ee6,GTI8174 ,United States,1751325543.0,1751325543,-118.2297,33.9503,944.88,False,94.77,272.8,-11.38,,944.88,6460,False,0,2025-06-30 23:19:04
a69869,GJS4424 ,United States,1751325544.0,1751325544,-76.0694,44.0425,6713.22,False,226.28,186.53,0.0,,7002.78,6206,False,0,2025-06-30 23:19:04
aae9e6,N802GE  ,United States,1751325337.0,1751325338,-85.8092,41.7518,480.06,False,60.24,272.45,-2.93,,411.48,,False,0,2025-06-30 23:19:04
a44560,UAL2106 ,United States,1751325544.0,1751325544,-88.0352,41.8492,3063.24,False,161.88,44.87,0.0,,3154.68,1553,False,0,2025-06-30 23:19:04
a0628f,AAL2446 ,United States,1751325543.0,1751325543,-93.225,34.3994,9753.6,False,220.92,251.82,0.0,,10347.96,1676,False,0,2025-06-30 23:19:04
a98ea6,CNS1824 ,United States,1751325543.0,1751325543,-118.4491,34.0177,,True,31.9,227.81,,,,,False,0,2025-06-30 23:19:04
c01734,ACA822  ,Canada,1751325523.0,1751325528,-67.3753,46.1143,10058.4,False,277.78,76.94,0.0,,10546.08,,False,0,2025-06-30 23:19:04
a6e837,EJA544  ,United States,1751325544.0,1751325544,-123.1989,41.8232,12496.8,False,210.06,160.54,0.33,,13060.68,6624,False,0,2025-06-30 23:19:04
a70848,EJA552  ,United States,1751325543.0,1751325544,-93.7421,41.3778,13106.4,False,183.58,262.76,0.0,,13624.56,7204,False,0,2025-06-30 23:19:04
aa751e,N773KS  ,United States,1751325543.0,1751325543,-102.5489,39.4918,11582.4,False,235.58,287.8,0.0,,12169.14,,False,0,2025-06-30 23:19:04
c01729,ACA33   ,Canada,1751325543.0,1751325544,-81.3485,43.9754,9898.38,False,242.35,271.09,13.0,,10386.06,0535,False,0,2025-06-30 23:19:04
a4453e,UAL251  ,United States,1751325544.0,1751325544,-85.1789,32.8392,10363.2,False,238.95,227.97,0.0,,10988.04,7014,False,0,2025-06-30 23:19:04
a70853,N552RC  ,United States,1751325544.0,1751325544,-95.2191,41.378,13106.4,False,243.36,261.61,0.0,,13609.32,7265,False,0,2025-06-30 23:19:04
ac4c21,SWA3182 ,United States,1751325543.0,1751325544,-78.2411,37.9241,7642.86,False,209.89,216.73,5.53,,8084.82,2161,False,0,2025-06-30 23:19:04
aa883e,ENY4042 ,United States,1751325544.0,1751325544,-94.1168,41.5964,7063.74,False,192.93,264.03,-8.45,,7353.3,3530,False,0,2025-06-30 23:19:04
a6e866,N544SP  ,United States,1751325544.0,1751325544,-116.4677,43.5023,1508.76,False,54.21,85.1,-1.95,,1531.62,,False,0,2025-06-30 23:19:04
a44544,UAL2456 ,United States,1751325544.0,1751325544,-91.7402,33.9293,10972.8,False,228.24,227.1,0.0,,11620.5,6637,False,0,2025-06-30 23:19:04
ad36c8,AAL460  ,United States,1751325543.0,1751325543,-83.4898,34.2635,8999.22,False,247.45,266.3,3.58,,9547.86,5715,False,0,2025-06-30 23:19:04
c00416,CFBOF   ,Canada,1751325281.0,1751325281,-73.4126,45.5147,30.48,False,22.6,228.69,0.0,,0.0,,False,0,2025-06-30 23:19:04
ac4c44,SWA1004 ,United States,1751325543.0,1751325543,-102.3731,32.1786,11582.4,False,224.26,264.6,0.0,,12283.44,0043,False,0,2025-06-30 23:19:04
a97c9a,FFT1175 ,United States,1751325544.0,1751325544,-104.3917,40.0692,3878.58,False,154.93,328.58,12.03,,4099.56,,False,0,2025-06-30 23:19:04
a7e0f0,N60671  ,United States,1751325365.0,1751325524,-119.7581,34.6046,2743.2,False,99.42,115.11,0.33,,2857.5,,False,0,2025-06-30 23:19:04
a087c5,EJA133  ,United States,1751325544.0,1751325544,-100.517,41.5557,12496.8,False,271.16,79.95,0.0,,13053.06,6341,False,0,2025-06-30 23:19:04
a790fc,N587M   ,United States,1751325544.0,1751325544,-90.5747,43.2233,8534.4,False,263.99,329.69,0.0,,8831.58,2101,False,0,2025-06-30 23:19:04
ad6c26,N964MS  ,United States,1751325376.0,1751325388,-117.7663,34.0966,426.72,False,33.2,220.6,-5.85,,396.24,4051,True,0,2025-06-30 23:19:04
a50ed9,TIV425  ,United States,1751325398.0,1751325398,-118.3613,34.2114,,True,2.83,2.81,,,,,False,0,2025-06-30 23:19:04
a4eeb4,LXJ417  ,United States,1751325543.0,1751325543,-81.1254,29.6576,7932.42,False,244.67,184.7,-13.66,,8389.62,7053,False,0,2025-06-30 23:19:04
a44591,DAL2824 ,United States,1751325544.0,1751325544,-80.73,28.4032,4594.86,False,205.81,70.89,14.63,,4846.32,3042,False,0,2025-06-30 23:19:04
ae56b4,R20588  ,United States,1751325544.0,1751325544,-97.7194,31.134,396.24,False,51.3,338.84,2.93,,403.86,,False,0,2025-06-30 23:19:04
ae56b1,R20585  ,United States,1751325505.0,1751325505,-122.4378,47.0181,281.94,False,48.07,264.47,-1.3,,358.14,,False,0,2025-06-30 23:19:04
a6981a,DAL482  ,United States,1751325543.0,1751325544,-102.8924,36.3753,10370.82,False,224.55,274.73,0.0,,10972.8,6223,False,0,2025-06-30 23:19:04
ac4c67,SWA1592 ,United States,1751325544.0,1751325544,-122.0518,45.5149,2011.68,False,143.49,251.18,-7.48,,2103.12,7153,False,0,2025-06-30 23:19:04
a44585,UAL1197 ,United States,1751325543.0,1751325543,-81.3177,29.1627,6499.86,False,231.34,356.81,8.78,,6858.0,6363,False,0,2025-06-30 23:19:04
a44588,UAL1073 ,United States,1751325544.0,1751325544,-104.8514,39.7457,2727.96,False,118.36,271.49,-7.15,,2895.6,5773,False,0,2025-06-30 23:19:04
aac3f4,JBU483  ,United States,1751325543.0,1751325544,-73.5304,40.4467,3078.48,False,161.57,118.12,9.43,,3215.64,3340,False,0,2025-06-30 23:19:04
a56531,LXJ447  ,United States,1751325542.0,1751325542,-112.0242,33.4272,,True,3.86,151.88,,,,3312,False,0,2025-06-30 23:19:04
ac03e2,SWA1664 ,United States,1751325544.0,1751325544,-93.7256,40.8043,10668.0,False,269.1,74.48,-0.33,,11178.54,,False,0,2025-06-30 23:19:04
abe3c8,SWA2909 ,United States,1751325544.0,1751325544,-115.1363,36.0783,,True,7.46,90.0,,,,,False,0,2025-06-30 23:19:04
a5b50b,EJA467  ,United States,1751325543.0,1751325543,-96.9254,32.9237,601.98,False,82.64,161.11,0.98,,609.6,2051,False,0,2025-06-30 23:19:04
aab0ba,SWA721  ,United States,1751325543.0,1751325543,-103.5782,34.3978,10668.0,False,247.79,11.5,0.0,,11269.98,,False,0,2025-06-30 23:19:04
ad23d5,DAL2600 ,United States,1751325543.0,1751325543,-78.9574,35.8214,1760.22,False,138.42,268.72,14.63,,1836.42,,False,0,2025-06-30 23:19:04
a36bfa,N32AC   ,United States,1751325543.0,1751325543,-91.6301,37.0564,13106.4,False,186.98,257.61,-0.33,,13746.48,7460,False,0,2025-06-30 23:19:04
4074e2,BAW21V  ,United Kingdom,1751325544.0,1751325544,-75.3207,42.3598,12184.38,False,232.77,235.08,0.0,,12809.22,2474,False,0,2025-06-30 23:19:04
a57878,N4512G  ,United States,1751325518.0,1751325518,-119.0359,34.2676,335.28,False,46.99,311.89,-1.63,,289.56,,False,0,2025-06-30 23:19:04
4074e3,BAW187  ,United Kingdom,1751325544.0,1751325544,-82.1741,41.2937,12192.0,False,229.44,242.06,0.0,,12832.08,2446,False,0,2025-06-30 23:19:04
ab80cb,KSU40   ,United States,1751325544.0,1751325544,-97.7805,38.9284,1783.08,False,31.11,325.78,3.25,,1866.9,,False,0,2025-06-30 23:19:04
a8abe6,QXE2146 ,United States,1751325543.0,1751325543,-122.3499,37.4907,3566.16,False,161.04,113.54,11.38,,3718.56,3672,False,0,2025-06-30 23:19:04
a074bc,N1287E  ,United States,1751325543.0,1751325543,-93.1669,45.2694,1043.94,False,42.95,18.87,2.6,,1036.32,,False,0,2025-06-30 23:19:04
a5b59d,SWA940  ,United States,1751325543.0,1751325544,-113.2182,35.8438,10287.0,False,233.61,100.15,3.25,,10866.12,,False,0,2025-06-30 23:19:04
ab839d,AAL153  ,United States,1751325543.0,1751325544,-88.5719,36.4595,12192.0,False,236.29,239.81,0.0,,12893.04,3457,False,0,2025-06-30 23:19:04
a4329f,N37NA   ,United States,1751325540.0,1751325540,-121.9189,36.7723,914.4,False,64.65,34.95,0.65,,883.92,,False,0,2025-06-30 23:19:04
a087fd,SKW4653 ,United States,1751325544.0,1751325544,-103.9218,41.8763,8839.2,False,207.95,17.27,0.0,,9304.02,,False,0,2025-06-30 23:19:04
abc058,SWA572  ,United States,1751325543.0,1751325543,-107.1544,35.4572,11590.02,False,231.02,271.02,0.0,,12214.86,4052,False,0,2025-06-30 23:19:04
c03a5a,WJA2025 ,Canada,1751325543.0,1751325543,-80.3988,37.591,11887.2,False,223.4,10.48,0.0,,12565.38,3735,False,0,2025-06-30 23:19:04
a00d5b,AAL238  ,United States,1751325544.0,1751325544,-75.9046,42.3675,11277.6,False,260.34,113.53,0.0,,11864.34,7764,False,0,2025-06-30 23:19:04
aa6399,N769GM  ,United States,1751325542.0,1751325542,-117.6015,33.9739,358.14,False,37.56,269.22,-2.93,,297.18,,False,0,2025-06-30 23:19:04
0c21a7,CMP476  ,Panama,1751325543.0,1751325543,-102.2603,37.9256,10972.8,False,233.35,312.77,0.0,,11567.16,7224,False,0,2025-06-30 23:19:04
a00d48,N102MU  ,United States,1751325341.0,1751325341,-81.9491,27.9995,304.8,False,41.49,250.44,0.65,,304.8,,False,0,2025-06-30 23:19:04
a6c277,N5346D  ,United States,1751325544.0,1751325544,-86.4301,39.9673,556.26,False,42.75,267.24,1.3,,510.54,,False,0,2025-06-30 23:19:04
a7e24a,EDV4863 ,United States,1751325543.0,1751325544,-86.7162,36.5486,8839.2,False,240.97,162.61,0.33,,9372.6,6740,False,0,2025-06-30 23:19:04
a74efc,LXJ570  ,United States,1751325544.0,1751325544,-93.679,42.0856,13716.0,False,254.66,89.42,0.65,,14218.92,3730,False,0,2025-06-30 23:19:04
a5b55f,UAL1476 ,United States,1751325543.0,1751325544,-118.0627,33.569,2689.86,False,156.81,323.81,11.7,,2781.3,,False,0,2025-06-30 23:19:04
a5524d,N442CR  ,United States,1751325237.0,1751325241,-97.7058,35.5913,419.1,False,30.37,358.06,-3.25,,411.48,,False,0,2025-06-30 23:19:04
a0b1ab,N144BF  ,United States,1751325543.0,1751325543,-70.7173,41.8324,937.26,False,37.45,15.95,0.98,,944.88,,False,0,2025-06-30 23:19:04
a324c6,N301TV  ,United States,1751325516.0,1751325539,-94.8416,35.4723,800.1,False,69.46,359.15,-2.28,,777.24,,False,0,2025-06-30 23:19:04
4caffb,ITY610  ,Ireland,1751325544.0,1751325544,-73.7847,40.6361,,True,4.89,300.94,,,,2563,False,0,2025-06-30 23:19:04
a1e4d9,AMF1589 ,United States,1751325544.0,1751325544,-70.5464,43.7486,3048.0,False,108.47,218.07,-0.33,,3185.16,5320,False,0,2025-06-30 23:19:04
a5c899,ASA494  ,United States,1751325543.0,1751325543,-103.6811,34.2855,10058.4,False,226.3,190.88,-0.33,,10645.14,6632,False,0,2025-06-30 23:19:04
a23a28,UAL1544 ,United States,1751325543.0,1751325543,-100.3479,36.2676,11582.4,False,231.34,318.15,0.0,,12214.86,2634,False,0,2025-06-30 23:19:04
a5c895,AAL2428 ,United States,1751325543.0,1751325543,-96.413,37.8556,10066.02,False,258.64,97.89,0.0,,10645.14,3776,False,0,2025-06-30 23:19:04
ad0074,JBU1708 ,United States,1751325544.0,1751325544,-79.8498,26.5353,3215.64,False,160.71,200.81,-7.48,,3421.38,2053,False,0,2025-06-30 23:19:04
ace06b,N929JK  ,United States,1751325537.0,1751325538,-111.9091,39.8232,3246.12,False,35.83,195.83,-0.33,,3467.1,,False,0,2025-06-30 23:19:04
a181d3,N1967S  ,United States,1751325544.0,1751325544,-117.5066,33.2668,1539.24,False,52.63,140.55,0.65,,1554.48,,False,0,2025-06-30 23:19:04
a12d93,N175US  ,United States,1751325544.0,1751325544,-96.891,33.089,586.74,False,66.3,173.32,-0.65,,586.74,,False,0,2025-06-30 23:19:04
ad0088,JSX392  ,United States,1751325543.0,1751325543,-118.8086,33.9112,7802.88,False,215.19,320.33,9.1,,8206.74,,False,0,2025-06-30 23:19:04
aac5a9,N7931D  ,United States,1751325544.0,1751325544,-91.6972,41.8438,2377.44,False,76.48,340.35,5.85,,2446.02,,False,0,2025-06-30 23:19:04
a6c247,UAL564  ,United States,1751325543.0,1751325544,-107.0319,39.7427,10050.78,False,236.27,239.08,2.93,,10607.04,0610,False,0,2025-06-30 23:19:04
c04d98,JZA707  ,Canada,1751325544.0,1751325544,-80.5882,43.2057,5227.32,False,176.79,230.19,11.05,,5433.06,6351,False,0,2025-06-30 23:19:04
a6e89b,DAL807  ,United States,1751325532.0,1751325533,-115.1346,36.0775,,True,0.0,90.0,,,,,False,0,2025-06-30 23:19:04
a23a03,UAL2439 ,United States,1751325542.0,1751325543,-95.256,29.9019,1158.24,False,123.74,125.01,6.5,,1219.2,2443,False,0,2025-06-30 23:19:04
a194e0,N20033  ,United States,1751325538.0,1751325538,-122.7827,45.1754,464.82,False,45.76,8.4,-1.3,,457.2,,False,0,2025-06-30 23:19:04
a12d67,SKW3336 ,United States,1751325543.0,1751325543,-116.2436,33.3373,6271.26,False,180.29,222.11,-9.75,,6598.92,,False,0,2025-06-30 23:19:04
ac18cd,N879LP  ,United States,1751325544.0,1751325544,-85.4871,38.3102,670.56,False,44.67,241.07,-0.98,,670.56,,False,0,2025-06-30 23:19:04
ad260e,CXK253  ,United States,1751325544.0,1751325544,-118.323,33.8633,1341.12,False,43.73,306.87,2.93,,1348.74,,False,0,2025-06-30 23:19:04
a5fd2d,SWA1142 ,United States,1751325544.0,1751325544,-79.2066,37.8946,9441.18,False,250.13,81.6,0.33,,10005.06,2403,False,0,2025-06-30 23:19:04
407799,BAW9HL  ,United Kingdom,1751325544.0,1751325544,-72.5052,40.3722,9547.86,False,268.95,84.07,2.6,,10088.88,3363,False,0,2025-06-30 23:19:04
a0b1ea,,United States,1751325292.0,1751325292,-117.5362,47.624,,True,0.06,14.06,,,,,False,0,2025-06-30 23:19:04
a431ad,N37CJ   ,United States,1751325543.0,1751325544,-112.7927,33.3951,2895.6,False,47.35,358.13,-2.6,,3040.38,1200,False,0,2025-06-30 23:19:04
a85d15,N638SS  ,United States,1751325544.0,1751325544,-118.3557,33.7243,1242.06,False,33.54,290.66,0.33,,1234.44,,False,0,2025-06-30 23:19:04
a4dd65,AAL891  ,United States,1751325365.0,1751325508,-87.7447,28.0622,9745.98,False,242.01,272.44,0.33,,10355.58,3561,False,0,2025-06-30 23:19:04
abf964,N8705G  ,United States,1751325543.0,1751325544,-93.1046,41.6952,762.0,False,45.93,4.5,-0.65,,762.0,,False,0,2025-06-30 23:19:04
a1d1d0,SWA4240 ,United States,1751325525.0,1751325526,-111.9956,33.4324,,True,3.86,180.0,,,,,False,0,2025-06-30 23:19:04
a85d00,RPA3467 ,United States,1751325543.0,1751325544,-87.4834,41.9646,1546.86,False,92.23,273.2,-0.33,,1577.34,6702,False,0,2025-06-30 23:19:04
ad262c,N94623  ,United States,1751325428.0,1751325428,-99.1204,39.7812,3139.44,False,59.22,352.01,0.0,,3291.84,,False,0,2025-06-30 23:19:04
ab7013,EJA836  ,United States,1751325544.0,1751325544,-75.1113,40.3191,2849.88,False,156.91,40.48,-8.45,,2948.94,1745,False,0,2025-06-30 23:19:04
c017ed,JZA555  ,Canada,1751325539.0,1751325541,-79.6083,43.6773,,True,0.0,317.81,,,,1670,False,0,2025-06-30 23:19:04
a4ca56,N40798  ,United States,1751325423.0,1751325427,-119.0749,34.2136,114.3,False,35.5,270.83,-2.28,,53.34,,False,0,2025-06-30 23:19:04
a11a81,SKW3758 ,United States,1751325543.0,1751325543,-89.8284,32.4309,10058.4,False,236.54,93.37,0.33,,10683.24,3651,False,0,2025-06-30 23:19:04
a73d45,ASA646  ,United States,1751325543.0,1751325543,-105.2649,31.2538,10972.8,False,232.02,298.33,0.0,,11620.5,7431,False,0,2025-06-30 23:19:04
a1e4e9,MXY229  ,United States,1751325543.0,1751325543,-87.4937,39.4816,8839.2,False,238.35,136.49,-0.33,,9342.12,6304,False,0,2025-06-30 23:19:04
ac1995,WUP879  ,United States,1751325328.0,1751325340,-68.5049,44.3595,1325.88,False,140.19,42.47,-4.55,,1348.74,2323,False,0,2025-06-30 23:19:04
abe65a,AAL2859 ,United States,1751325544.0,1751325544,-80.4926,35.2207,3634.74,False,179.86,52.67,13.33,,3817.62,,False,0,2025-06-30 23:19:04
ab967b,DAL503  ,United States,1751325543.0,1751325543,-98.981,38.3285,10363.2,False,225.04,297.5,0.33,,10927.08,3552,False,0,2025-06-30 23:19:04
a8028a,JIA5635 ,United States,1751325544.0,1751325544,-79.0113,36.0517,6705.6,False,227.77,259.98,0.33,,7101.84,7210,False,0,2025-06-30 23:19:04
ac066b,AAL2511 ,United States,1751325544.0,1751325544,-80.2531,25.8025,320.04,False,93.49,97.91,15.61,,350.52,,False,0,2025-06-30 23:19:04
a61d00,UAL2057 ,United States,1751325543.0,1751325543,-111.223,37.7115,9753.6,False,227.8,240.66,0.0,,10317.48,1434,False,0,2025-06-30 23:19:04
a6c28c,N53460  ,United States,1751325542.0,1751325542,-86.3088,36.2073,335.28,False,36.76,276.43,-2.6,,312.42,1200,False,0,2025-06-30 23:19:04
ad6cbc,N964TS  ,United States,1751325543.0,1751325543,-96.4185,38.1568,7078.98,False,178.97,48.61,4.88,,7459.98,,False,0,2025-06-30 23:19:04
a35a98,ENY3387 ,United States,1751325539.0,1751325539,-83.375,26.2333,10363.2,False,214.07,358.62,0.33,,10980.42,,False,0,2025-06-30 23:19:04
ad3997,AAL2981 ,United States,1751325544.0,1751325544,-81.0734,35.4005,1196.34,False,112.7,101.05,0.0,,1249.68,5651,False,0,2025-06-30 23:19:04
a7e276,NKS2230 ,United States,1751325544.0,1751325544,-86.8327,34.7571,11590.02,False,227.62,258.13,0.0,,12283.44,4165,False,0,2025-06-30 23:19:04
a4dd35,SKW3203 ,United States,1751325543.0,1751325543,-118.4133,47.0951,6393.18,False,180.76,228.46,8.78,,6720.84,,False,0,2025-06-30 23:19:04
acf344,ASH6250 ,United States,1751325542.0,1751325544,-94.7581,30.0107,1188.72,False,114.84,244.81,0.0,,1264.92,7263,False,0,2025-06-30 23:19:04
a48d94,N3927R  ,United States,1751325459.0,1751325459,-116.8582,32.6912,609.6,False,52.79,127.87,-4.23,,685.8,,False,0,2025-06-30 23:19:04
a9225e,EJA688  ,United States,1751325479.0,1751325479,-120.0939,34.5585,2743.2,False,143.83,154.81,-2.93,,2804.16,6027,False,0,2025-06-30 23:19:04
ab703e,SKW3640 ,United States,1751325295.0,1751325295,-83.3275,42.2286,312.42,False,71.11,208.05,-4.23,,266.7,6727,False,0,2025-06-30 23:19:04
aac69d,N7938C  ,United States,1751325435.0,1751325435,-116.9357,32.8223,388.62,False,46.28,204.29,-3.25,,373.38,,False,0,2025-06-30 23:19:04
a21911,N234TM  ,United States,1751325543.0,1751325543,-122.5309,38.1396,335.28,False,43.14,188.23,-0.65,,281.94,1200,False,0,2025-06-30 23:19:04
ab704b,SCX395  ,United States,1751325543.0,1751325544,-119.8011,37.7737,9753.6,False,239.88,261.37,-0.33,,10233.66,,False,0,2025-06-30 23:19:04
a0d90c,AAL3102 ,United States,1751325544.0,1751325544,-87.9871,37.2011,10363.2,False,223.37,234.85,0.0,,10980.42,3560,False,0,2025-06-30 23:19:04
ab7067,UAL1755 ,United States,1751325543.0,1751325543,-78.1231,38.6446,4541.52,False,193.31,81.89,-5.53,,4792.98,3270,False,0,2025-06-30 23:19:04
a97d85,RGY710  ,United States,1751325293.0,1751325293,-113.237,38.2924,11292.84,False,230.95,196.7,0.0,,11917.68,,False,0,2025-06-30 23:19:04
a6c1f1,N5342K  ,United States,1751325543.0,1751325543,-121.3904,38.6701,396.24,False,49.9,269.41,1.63,,327.66,1200,False,0,2025-06-30 23:19:04
abd1e3,SWA1654 ,United States,1751325544.0,1751325544,-87.7067,37.2379,7863.84,False,224.03,130.53,-11.7,,8336.28,2110,False,0,2025-06-30 23:19:04
a801de,FFT4550 ,United States,1751325541.0,1751325541,-81.2061,32.1353,,True,0.0,326.25,,,,0252,False,0,2025-06-30 23:19:04
a0d95f,N154DJ  ,United States,1751325539.0,1751325539,-81.6363,30.5156,160.02,False,55.15,252.07,-2.93,,182.88,,False,0,2025-06-30 23:19:04
a08993,N1336U  ,United States,1751325513.0,1751325513,-90.2336,35.205,457.2,False,40.14,181.47,-2.6,,457.2,,False,0,2025-06-30 23:19:04
48ae24,LOT7    ,Poland,1751325544.0,1751325544,-71.3705,44.0535,11277.6,False,257.46,34.99,-0.33,,11849.1,2762,False,0,2025-06-30 23:19:04
a2061e,UAL761  ,United States,1751325543.0,1751325543,-99.8073,45.3221,12184.38,False,261.29,204.55,0.0,,12633.96,,False,0,2025-06-30 23:19:04
48ae23,LOT45   ,Poland,1751325543.0,1751325543,-76.5633,46.9507,12192.0,False,234.71,205.44,-0.33,,12687.3,,False,0,2025-06-30 23:19:04
a19646,N201FQ  ,United States,1751325544.0,1751325544,-117.6691,33.3261,1676.4,False,75.53,148.37,0.0,,1714.5,,False,0,2025-06-30 23:19:04
485e2f,KLM611  ,Kingdom of the Netherlands,1751325539.0,1751325539,-87.893,41.9674,,True,2.83,92.81,,,,2455,False,0,2025-06-30 23:19:04
a20645,EJM23   ,United States,1751325544.0,1751325544,-89.8942,42.0686,12496.8,False,258.44,83.37,-0.33,,13014.96,7664,False,0,2025-06-30 23:19:04
485e2e,KLM602  ,Kingdom of the Netherlands,1751325539.0,1751325539,-101.1723,45.9234,10660.38,False,251.24,50.9,0.0,,11094.72,,False,0,2025-06-30 23:19:04
a84a55,QXE2208 ,United States,1751325543.0,1751325544,-122.3091,47.4848,563.88,False,90.15,357.06,4.55,,579.12,,False,0,2025-06-30 23:19:04
a1e60e,SKW391V ,United States,1751325543.0,1751325543,-99.4851,38.5303,7620.0,False,244.8,117.0,0.0,,8046.72,,False,0,2025-06-30 23:19:04
a2195d,SWA3381 ,United States,1751325544.0,1751325544,-93.2633,42.9976,11582.4,False,200.7,268.53,0.0,,12016.74,6527,False,0,2025-06-30 23:19:04
a0899d,N13364  ,United States,1751325486.0,1751325487,-88.3818,42.4027,792.48,False,34.2,201.16,-2.6,,777.24,,False,0,2025-06-30 23:19:04
a97d63,JIA5302 ,United States,1751325544.0,1751325544,-84.0657,35.7723,1036.32,False,104.79,260.68,9.43,,1074.42,,False,0,2025-06-30 23:19:04
a6c1fe,N5342Y  ,United States,1751325496.0,1751325496,-80.5024,26.5001,579.12,False,48.9,268.19,1.3,,594.36,,False,0,2025-06-30 23:19:04
48ae06,LOT4TL  ,Poland,1751325543.0,1751325544,-71.1426,42.3343,13098.78,False,251.55,199.47,-0.33,,13708.38,2523,False,0,2025-06-30 23:19:04
48ae02,LOT2    ,Poland,1751325339.0,1751325506,-84.0729,45.9941,11277.6,False,291.17,38.98,0.0,,11711.94,5623,False,0,2025-06-30 23:19:04
a4efa4,N417RM  ,United States,1751325544.0,1751325544,-119.6055,37.5178,7010.4,False,221.96,276.12,-0.65,,7330.44,,False,0,2025-06-30 23:19:04
48ae01,,Poland,1751325535.0,1751325543,-82.8666,47.6608,11574.78,False,209.69,218.73,0.33,,11963.4,,False,0,2025-06-30 23:19:04
a37fa1,UAL1696 ,United States,1751325543.0,1751325543,-90.5223,28.4929,10972.8,False,242.22,299.94,0.0,,11658.6,2645,False,0,2025-06-30 23:19:04
a37fa0,N32403  ,United States,1751325532.0,1751325539,-88.5197,42.2836,1211.58,False,30.94,3.81,2.6,,1196.34,,False,0,2025-06-30 23:19:04
a01fee,AAL166  ,United States,1751325544.0,1751325544,-110.7373,39.9819,10668.0,False,243.23,77.17,0.0,,11231.88,1727,False,0,2025-06-30 23:19:04
4948b5,JME515U ,Portugal,1751325504.0,1751325504,-77.443,38.9502,,True,5.92,270.0,,,,,False,0,2025-06-30 23:19:04
ad6d9f,N96419  ,United States,1751325543.0,1751325543,-113.7138,35.1932,3108.96,False,62.47,300.15,-3.58,,3200.4,,False,0,2025-06-30 23:19:04
a4ca66,AAL1634 ,United States,1751325543.0,1751325543,-81.3832,35.135,10668.0,False,236.44,76.02,0.0,,11330.94,2661,False,0,2025-06-30 23:19:04
a84a1a,JIA5336 ,United States,1751325544.0,1751325544,-85.2909,31.8573,8503.92,False,236.97,333.43,5.85,,9029.7,2643,False,0,2025-06-30 23:19:04
ad3908,,United States,1751325234.0,1751325236,-81.9975,27.97,281.94,False,62.97,85.31,-0.98,,312.42,,False,0,2025-06-30 23:19:04
a60a54,LFA453  ,United States,1751325522.0,1751325522,-80.6235,28.1731,975.36,False,56.66,302.39,2.93,,967.74,4234,False,0,2025-06-30 23:19:04
a24ce0,UAL500  ,United States,1751325543.0,1751325543,-110.1193,32.5713,11277.6,False,232.97,101.98,0.0,,11902.44,2053,False,0,2025-06-30 23:19:04
a6c1b8,N5340Y  ,United States,1751325539.0,1751325542,-120.0245,34.7119,1950.72,False,94.17,321.88,-1.95,,1981.2,,False,0,2025-06-30 23:19:04
a0769c,N129RD  ,United States,1751325507.0,1751325543,-96.7005,33.3761,1089.66,False,101.46,6.4,-0.33,,1043.94,,False,0,2025-06-30 23:19:04
a791c0,AAL884  ,United States,1751325543.0,1751325543,-97.2541,32.7544,2788.92,False,147.61,259.36,13.98,,2910.84,3410,False,0,2025-06-30 23:19:04
ab3fc4,AAL236  ,United States,1751325391.0,1751325397,-73.7934,40.651,,True,0.32,75.94,,,,,False,0,2025-06-30 23:19:04
a0a034,CSB7505 ,United States,1751325542.0,1751325543,-78.7569,26.4693,9845.04,False,248.91,71.19,11.05,,10325.1,,False,0,2025-06-30 23:19:04
a814bc,N62JR   ,United States,1751325543.0,1751325543,-118.9169,34.2227,1066.8,False,86.77,264.9,-3.25,,1036.32,1312,False,0,2025-06-30 23:19:04
a4ca6a,ASA905  ,United States,1751325544.0,1751325544,-114.7535,47.0663,9144.0,False,211.46,303.19,0.0,,9578.34,,False,0,2025-06-30 23:19:04
a19691,RPA5641 ,United States,1751325543.0,1751325543,-71.1908,42.4496,2133.6,False,128.61,63.64,-0.33,,2217.42,4107,False,0,2025-06-30 23:19:04
a827f2,N6243Z  ,United States,1751325544.0,1751325544,-122.8017,47.7486,1158.24,False,48.58,275.47,0.0,,1188.72,,False,0,2025-06-30 23:19:04
ac1934,EJA879  ,United States,1751325543.0,1751325543,-93.0413,44.7396,1341.12,False,112.0,38.66,-4.88,,1333.5,7146,False,0,2025-06-30 23:19:04
a84a17,NKS2226 ,United States,1751325544.0,1751325544,-84.8701,32.8036,9136.38,False,251.92,120.02,0.0,,9723.12,7143,False,0,2025-06-30 23:19:04
a4ca87,N408BW  ,United States,1751325348.0,1751325380,-86.3134,36.2118,304.8,False,40.34,185.86,-3.58,,274.32,,False,0,2025-06-30 23:19:04
ab9628,VTE3904 ,United States,1751325544.0,1751325544,-77.4887,38.9434,220.98,False,87.22,292.18,9.1,,175.26,,False,0,2025-06-30 23:19:04
a6c1d0,N5341M  ,United States,1751325544.0,1751325544,-82.4873,38.9765,13716.0,False,205.2,68.07,-0.33,,14333.22,2522,False,0,2025-06-30 23:19:04
a4460d,UAL2667 ,United States,1751325543.0,1751325543,-87.4955,35.4213,9448.8,False,244.36,115.7,0.0,,10020.3,7202,False,0,2025-06-30 23:19:04
ab3fcc,AAL621  ,United States,1751325544.0,1751325544,-82.4104,34.752,11277.6,False,216.97,54.65,0.0,,11940.54,7231,False,0,2025-06-30 23:19:04
a44611,UAL320  ,United States,1751325543.0,1751325543,-95.3532,29.9333,533.4,False,108.79,231.72,3.9,,556.26,2446,False,0,2025-06-30 23:19:04
ac1951,RPA5645 ,United States,1751325543.0,1751325544,-86.6002,41.8488,10668.0,False,249.94,110.86,-0.33,,11201.4,3347,False,0,2025-06-30 23:19:04
a33964,ASA122  ,United States,1751325544.0,1751325544,-122.6799,44.885,3810.0,False,175.86,4.03,-8.45,,4000.5,2055,False,0,2025-06-30 23:19:04
a5ea5c,UAL465  ,United States,1751325544.0,1751325544,-102.5664,30.533,10675.62,False,251.3,81.41,0.0,,11346.18,1725,False,0,2025-06-30 23:19:04
a70978,N5522A  ,United States,1751325543.0,1751325544,-97.7802,35.5106,1051.56,False,63.91,157.77,-0.33,,1074.42,,False,0,2025-06-30 23:19:04
a5c96e,N472KE  ,United States,1751325543.0,1751325543,-122.3651,44.9361,3368.04,False,79.76,173.33,0.0,,3520.44,6661,False,0,2025-06-30 23:19:04
a0a060,N14AJ   ,United States,1751325543.0,1751325543,-115.6122,47.7204,3649.98,False,87.64,273.7,1.3,,3817.62,,False,0,2025-06-30 23:19:04
c05ec7,ACA1277 ,Canada,1751325214.0,1751325237,-82.9046,46.4196,10363.2,False,201.15,270.0,0.0,,10751.82,0130,False,0,2025-06-30 23:19:04
a81624,N62ZA   ,United States,1751325543.0,1751325544,-73.4973,40.9476,1066.8,False,72.76,77.34,-0.33,,1089.66,0241,False,0,2025-06-30 23:19:04
c05eac,ACA465  ,Canada,1751325543.0,1751325543,-79.6172,43.669,,True,7.72,42.19,,,,6274,False,0,2025-06-30 23:19:04
ad6d03,SWA3576 ,United States,1751325531.0,1751325531,-117.4218,37.3715,10363.2,False,245.66,313.22,-0.33,,10904.22,2606,False,0,2025-06-30 23:19:04
a98fd6,NKS2347 ,United States,1751325543.0,1751325543,-92.9309,42.9573,9753.6,False,232.38,334.0,0.0,,10126.98,3143,False,0,2025-06-30 23:19:04
c05ee5,ACA1071 ,Canada,1751325543.0,1751325543,-76.4197,45.1808,8801.1,False,215.56,240.87,1.63,,9204.96,6513,False,0,2025-06-30 23:19:04
ac04ae,SWA2024 ,United States,1751325268.0,1751325268,-104.6959,39.9078,1607.82,False,85.95,178.29,-4.23,,1722.12,5725,False,0,2025-06-30 23:19:04
aac4c4,SKW5694 ,United States,1751325544.0,1751325544,-97.5532,37.2498,10363.2,False,223.36,288.39,-0.65,,10949.94,0776,False,0,2025-06-30 23:19:04
a1836c,AAY256  ,United States,1751325544.0,1751325544,-92.1514,31.3636,11574.78,False,225.52,250.41,0.0,,12283.44,3660,False,0,2025-06-30 23:19:04
a3133c,ASA304  ,United States,1751325542.0,1751325544,-89.1604,47.8917,10363.2,False,222.36,281.21,-0.33,,10576.56,,False,0,2025-06-30 23:19:04
c05edd,ACA578  ,Canada,1751325543.0,1751325543,-119.0091,47.974,10668.0,False,239.46,113.15,0.0,,11094.72,2601,False,0,2025-06-30 23:19:04
ac04c6,SKW5993 ,United States,1751325543.0,1751325543,-91.2948,43.1628,9044.94,False,181.7,268.05,4.55,,9372.6,,False,0,2025-06-30 23:19:04
ac04c5,SKW5579 ,United States,1751325544.0,1751325544,-121.403,38.3069,10668.0,False,210.07,158.15,0.0,,11178.54,1776,False,0,2025-06-30 23:19:04
ac04c2,SKW6965 ,United States,1751325543.0,1751325543,-87.7981,41.6084,4503.42,False,161.97,163.58,13.0,,4686.3,0544,False,0,2025-06-30 23:19:04
c05ed0,ACA1029 ,Canada,1751325543.0,1751325543,-93.6479,34.2685,10972.8,False,234.43,251.05,0.0,,11620.5,6220,False,0,2025-06-30 23:19:04
ac04be,ASH6361 ,United States,1751325543.0,1751325543,-92.3853,31.9037,8534.4,False,228.21,245.92,0.0,,9044.94,3011,False,0,2025-06-30 23:19:04
4075c3,UBT70Z  ,United Kingdom,1751325544.0,1751325544,-72.648,41.5776,7284.72,False,244.02,55.3,6.18,,7696.2,2611,False,0,2025-06-30 23:19:04
0c20f6,CMP472  ,Panama,1751325540.0,1751325543,-118.3308,33.9427,304.8,False,74.15,262.83,-4.55,,266.7,0265,False,0,2025-06-30 23:19:04
a0a046,N1399U  ,United States,1751325541.0,1751325543,-117.8422,33.6792,274.32,False,46.37,40.05,0.0,,220.98,,False,0,2025-06-30 23:19:04
a1c023,N2114F  ,United States,1751325251.0,1751325251,-79.0961,35.5937,91.44,False,30.77,200.56,-1.3,,60.96,,False,0,2025-06-30 23:19:04
c05ed8,ACA595  ,Canada,1751325489.0,1751325489,-79.6126,43.6798,,True,0.06,53.44,,,,,False,0,2025-06-30 23:19:04
c05ed9,ACA742  ,Canada,1751325543.0,1751325544,-104.467,41.1583,10668.0,False,241.64,82.78,0.0,,11224.26,6355,False,0,2025-06-30 23:19:04
a57968,N4519B  ,United States,1751325544.0,1751325544,-70.8686,42.0439,1844.04,False,51.98,1.7,2.28,,1905.0,,False,0,2025-06-30 23:19:04
aab1af,SWA3905 ,United States,1751325544.0,1751325544,-90.6024,40.1643,9578.34,False,260.27,41.31,-8.13,,10066.02,1266,False,0,2025-06-30 23:19:04
a62fd1,SWA2887 ,United States,1751325540.0,1751325543,-115.1461,36.0789,,True,1.29,2.81,,,,,False,0,2025-06-30 23:19:04
a075ae,N129FR  ,United States,1751325537.0,1751325537,-73.6144,41.8154,1249.68,False,44.42,208.35,-1.3,,1257.3,,False,0,2025-06-30 23:19:04
aac4ed,UAL19   ,United States,1751325544.0,1751325544,-69.2474,43.2462,10668.0,False,255.13,57.01,0.0,,11178.54,2701,False,0,2025-06-30 23:19:04
a1c083,N21167  ,United States,1751325534.0,1751325540,-76.0918,38.7999,304.8,False,60.17,30.29,0.98,,274.32,,False,0,2025-06-30 23:19:04
a68631,N5197F  ,United States,1751325543.0,1751325543,-121.8819,37.4855,1082.04,False,57.98,333.66,0.33,,1066.8,1200,False,0,2025-06-30 23:19:04
a56661,UAL1604 ,United States,1751325544.0,1751325544,-113.5277,40.7105,10980.42,False,229.32,266.66,0.0,,11567.16,1462,False,0,2025-06-30 23:19:04
a2e045,UAL1667 ,United States,1751325543.0,1751325543,-88.6515,36.2122,10668.0,False,249.18,25.82,0.0,,11315.7,5672,False,0,2025-06-30 23:19:04
acf1a3,PDT5805 ,United States,1751325382.0,1751325383,-75.1928,39.8812,160.02,False,74.99,255.3,-3.58,,129.54,4533,False,0,2025-06-30 23:19:04
a55333,N442MW  ,United States,1751325488.0,1751325494,-87.6703,41.8634,213.36,False,0.0,0.0,0.0,,144.78,1200,False,0,2025-06-30 23:19:04
aac363,N793CG  ,United States,1751325543.0,1751325543,-104.3483,39.0918,4297.68,False,156.91,269.81,-8.45,,4549.14,7376,False,0,2025-06-30 23:19:04
a6d234,DAL1780 ,United States,1751325529.0,1751325529,-70.9978,42.3799,60.96,False,66.72,199.83,-3.58,,38.1,1636,False,0,2025-06-30 23:19:04
a98bc2,JRE714  ,United States,1751325543.0,1751325543,-76.0935,42.1049,6667.5,False,196.16,10.43,-10.08,,6979.92,5535,False,0,2025-06-30 23:19:04
aac35d,ASI978  ,United States,1751325544.0,1751325544,-97.5868,30.8811,1341.12,False,34.59,202.75,0.0,,1394.46,1200,False,0,2025-06-30 23:19:04
abd010,AAL2270 ,United States,1751325544.0,1751325544,-98.9286,33.1566,9715.5,False,230.79,317.17,4.55,,10302.24,3414,False,0,2025-06-30 23:19:04
a9a867,N721MS  ,United States,1751325535.0,1751325543,-103.0611,44.0445,,True,0.0,241.88,,,,,False,0,2025-06-30 23:19:04
a56285,N446SP  ,United States,1751325543.0,1751325543,-121.6933,37.2018,883.92,False,54.02,323.13,-1.63,,868.68,1200,False,0,2025-06-30 23:19:04
a097cc,UAL1046 ,United States,1751325543.0,1751325543,-84.966,33.6666,4251.96,False,177.69,256.61,-0.65,,4480.56,3306,False,0,2025-06-30 23:19:04
a9587d,N701CF  ,United States,1751325543.0,1751325543,-93.0368,45.2279,2072.64,False,89.04,358.34,11.05,,1752.6,,False,0,2025-06-30 23:19:04
a8bbbc,AAL2990 ,United States,1751325543.0,1751325543,-92.6113,38.1388,9151.62,False,230.61,255.0,0.0,,9669.78,4067,False,0,2025-06-30 23:19:04
ab9383,AAL2321 ,United States,1751325543.0,1751325543,-89.0261,42.4255,4366.26,False,219.73,99.7,-9.75,,4533.9,1362,False,0,2025-06-30 23:19:04
a69592,N523RH  ,United States,1751325543.0,1751325544,-73.4336,41.2383,647.7,False,67.91,359.13,3.9,,647.7,0216,False,0,2025-06-30 23:19:04
ac1698,SWA1704 ,United States,1751325543.0,1751325544,-90.5607,37.9028,10058.4,False,241.67,114.93,0.33,,10637.52,1432,False,0,2025-06-30 23:19:04
aa602d,N768KM  ,United States,1751325544.0,1751325544,-93.9185,32.2879,883.92,False,65.41,230.43,0.33,,944.88,,False,0,2025-06-30 23:19:04
aa735a,SWA4065 ,United States,1751325543.0,1751325544,-106.8221,38.8627,10972.8,False,227.54,206.45,0.0,,11544.3,3260,False,0,2025-06-30 23:19:04
ab9387,DAL88   ,United States,1751325544.0,1751325544,-77.9724,36.0305,8839.2,False,253.77,63.9,0.0,,9387.84,3141,False,0,2025-06-30 23:19:04
a8cec7,FFT3131 ,United States,1751325543.0,1751325543,-100.6706,30.8075,10363.2,False,234.7,255.66,0.0,,11010.9,2502,False,0,2025-06-30 23:19:04
a99ed2,JIA5250 ,United States,1751325512.0,1751325538,-81.4806,30.9316,4320.54,False,197.24,11.28,12.68,,4587.24,,False,0,2025-06-30 23:19:04
aa1cfa,N7504N  ,United States,1751325540.0,1751325543,-123.2816,39.4343,3505.2,False,80.07,154.09,-0.98,,3649.98,,False,0,2025-06-30 23:19:04
a44257,UAL2204 ,United States,1751325526.0,1751325532,-112.8707,37.1481,10363.2,False,231.92,234.94,0.0,,10942.32,1322,False,0,2025-06-30 23:19:04
c05d7b,WJA2930 ,Canada,1751325544.0,1751325544,-78.11,37.9321,10972.8,False,244.47,181.69,0.0,,11620.5,2721,False,0,2025-06-30 23:19:04
a44258,UAL2272 ,United States,1751325544.0,1751325544,-96.4968,43.2187,9311.64,False,213.22,245.78,6.5,,9662.16,2652,False,0,2025-06-30 23:19:04
a4423b,UAL2386 ,United States,1751325543.0,1751325543,-96.0198,38.6836,10058.4,False,265.66,108.4,0.0,,10599.42,,False,0,2025-06-30 23:19:04
a25d36,SWA2971 ,United States,1751325392.0,1751325394,-122.213,37.7113,,True,0.19,56.25,,,,2014,False,0,2025-06-30 23:19:04
a347c0,N310KP  ,United States,1751325535.0,1751325535,-92.6338,41.3866,350.52,False,61.22,359.52,-7.48,,312.42,,False,0,2025-06-30 23:19:04
a227d4,N238SM  ,United States,1751325544.0,1751325544,-105.6641,44.6092,12192.0,False,199.46,258.55,0.0,,12702.54,,False,0,2025-06-30 23:19:04
aa9990,ENY3720 ,United States,1751325544.0,1751325544,-74.7571,45.4167,10363.2,False,216.02,303.54,0.33,,10843.26,3570,False,0,2025-06-30 23:19:04
ad237c,ASA229  ,United States,1751325542.0,1751325544,-95.5103,46.285,11277.6,False,255.38,117.08,0.0,,11582.4,,False,0,2025-06-30 23:19:04
a9a80f,N721JD  ,United States,1751325543.0,1751325543,-118.7706,34.2825,1280.16,False,40.85,106.84,3.9,,1295.4,,False,0,2025-06-30 23:19:04
abd063,RPA5621 ,United States,1751325543.0,1751325544,-79.6321,34.2819,9448.8,False,228.86,20.39,0.0,,10020.3,1622,False,0,2025-06-30 23:19:04
a4ebd9,EJA416  ,United States,1751325431.0,1751325431,-118.4877,34.2083,,True,0.0,73.12,,,,,False,0,2025-06-30 23:19:04
a097e9,UAL1852 ,United States,1751325543.0,1751325543,-100.1353,26.0132,3086.1,False,121.23,301.46,-5.85,,3246.12,7260,False,0,2025-06-30 23:19:04
a56256,EJA446  ,United States,1751325319.0,1751325319,-122.383,37.6264,,True,4.89,16.88,,,,5521,False,0,2025-06-30 23:19:04
c05d3c,JZA824  ,Canada,1751325544.0,1751325544,-75.7499,39.311,7040.88,False,228.39,40.62,8.78,,7459.98,4067,False,0,2025-06-30 23:19:04
a74bab,N5697E  ,United States,1751325543.0,1751325543,-86.5853,34.9138,1051.56,False,44.32,266.67,-0.65,,1074.42,0136,False,0,2025-06-30 23:19:04
a25d05,UPS9302 ,United States,1751325543.0,1751325543,-90.0093,35.8735,11582.4,False,242.13,236.61,0.33,,12306.3,0060,False,0,2025-06-30 23:19:04
a5c564,N471FX  ,United States,1751325544.0,1751325544,-95.1171,29.5184,5532.12,False,181.96,347.26,23.08,,5890.26,,False,0,2025-06-30 23:19:04
aab09a,SWA4281 ,United States,1751325544.0,1751325544,-122.3863,37.7295,2118.36,False,136.78,225.3,8.45,,2171.7,3301,False,0,2025-06-30 23:19:04
aa0b10,RPA3618 ,United States,1751325543.0,1751325543,-76.6615,38.0595,7658.1,False,207.63,176.88,5.53,,8100.06,3743,False,0,2025-06-30 23:19:04
a5d7b0,LFA457  ,United States,1751325543.0,1751325543,-81.4799,28.5877,944.88,False,44.67,218.45,2.93,,990.6,3074,False,0,2025-06-30 23:19:04
a12a64,N1740C  ,United States,1751325543.0,1751325543,-82.2298,28.5497,601.98,False,35.83,254.17,-0.65,,632.46,,False,0,2025-06-30 23:19:04
ac6fa4,SKW5719 ,United States,1751325543.0,1751325543,-87.5306,42.0916,1249.68,False,108.55,90.54,0.0,,1249.68,5337,False,0,2025-06-30 23:19:04
aa98cd,JRE782  ,United States,1751325543.0,1751325544,-86.5281,35.7891,13716.0,False,192.03,160.11,-0.33,,14378.94,1752,False,0,2025-06-30 23:19:04
a214e5,AAY3226 ,United States,1751325544.0,1751325544,-111.7143,40.2112,,True,1.54,230.62,,,,,False,0,2025-06-30 23:19:04
ac6faf,N900FF  ,United States,1751325544.0,1751325544,-97.4529,35.8746,457.2,False,62.23,136.67,1.63,,426.72,,False,0,2025-06-30 23:19:04
ab4fd4,DAL296  ,United States,1751325543.0,1751325543,-76.037,37.1176,10066.02,False,243.48,27.97,0.0,,10652.76,7175,False,0,2025-06-30 23:19:04
a62d26,N4975F  ,United States,1751325508.0,1751325508,-117.1302,32.8124,175.26,False,32.45,295.35,-1.3,,121.92,,False,0,2025-06-30 23:19:04
aae94c,MRA609  ,United States,1751325542.0,1751325542,-84.9522,43.4084,2164.08,False,90.38,157.23,-0.98,,2194.56,,False,0,2025-06-30 23:19:04
a24a0a,ASA1135 ,United States,1751325544.0,1751325544,-118.518,33.7399,8435.34,False,237.18,314.65,5.85,,8854.44,3203,False,0,2025-06-30 23:19:04
a36a13,DAL3155 ,United States,1751325544.0,1751325544,-86.0864,40.0941,10050.78,False,261.69,37.97,-2.28,,10599.42,2712,False,0,2025-06-30 23:19:04
ac2952,DAL647  ,United States,1751325543.0,1751325544,-95.091,30.7933,10363.2,False,231.2,320.15,0.0,,10995.66,7130,False,0,2025-06-30 23:19:04
a0d4d3,GMN86   ,United States,1751325542.0,1751325544,-123.2954,44.6033,1264.92,False,93.15,291.04,-2.93,,1295.4,,False,0,2025-06-30 23:19:04
a9327a,DAL2274 ,United States,1751325543.0,1751325543,-104.8331,41.1624,11887.2,False,243.13,43.11,0.0,,12451.08,1633,False,0,2025-06-30 23:19:04
a24a31,MXY206  ,United States,1751325544.0,1751325544,-80.1029,33.1495,3299.46,False,171.37,325.64,5.53,,3467.1,3223,False,0,2025-06-30 23:19:04
ad8fa4,JBU263  ,United States,1751325544.0,1751325544,-91.6623,43.7976,10363.2,False,203.33,290.59,-0.33,,10698.48,4553,False,0,2025-06-30 23:19:04
ad493b,SWA1660 ,United States,1751325536.0,1751325536,-86.6781,36.1237,,True,5.66,289.69,,,,,False,0,2025-06-30 23:19:04
c05d08,JZA964  ,Canada,1751325482.0,1751325484,-73.7495,45.4593,,True,1.29,177.19,,,,5213,False,0,2025-06-30 23:19:04
adba98,N984GB  ,United States,1751325543.0,1751325543,-94.0013,41.2934,9852.66,False,185.98,275.24,-7.15,,10309.86,4052,False,0,2025-06-30 23:19:04
a3cd6b,DAL948  ,United States,1751325544.0,1751325544,-110.8171,32.6774,10363.2,False,227.37,295.17,0.0,,10965.18,3444,False,0,2025-06-30 23:19:04
a837a5,UAL8144 ,United States,1751325543.0,1751325544,-81.1795,36.9505,9753.6,False,244.48,238.68,0.0,,10340.34,2407,False,0,2025-06-30 23:19:04
a37d8a,DAL1986 ,United States,1751325540.0,1751325540,-97.6633,30.2029,,True,0.06,196.88,,,,3013,False,0,2025-06-30 23:19:04
a9dbd1,N734VQ  ,United States,1751325543.0,1751325543,-81.482,28.5861,327.66,False,46.52,280.19,-0.98,,335.28,1200,False,0,2025-06-30 23:19:04
ad495b,AAL1414 ,United States,1751325543.0,1751325543,-84.1972,36.7829,10980.42,False,232.53,252.89,0.0,,11643.36,4464,False,0,2025-06-30 23:19:04
a82598,N624FB  ,United States,1751325543.0,1751325543,-112.0503,33.5889,701.04,False,49.37,213.52,-1.3,,617.22,1200,False,0,2025-06-30 23:19:04
ac6ff5,APC995  ,United States,1751325543.0,1751325543,-117.0472,45.9619,2865.12,False,89.53,90.99,0.0,,3009.9,,False,0,2025-06-30 23:19:04
ab9345,JRE845  ,United States,1751325544.0,1751325544,-79.25,33.3205,6972.3,False,186.57,41.65,0.98,,7353.3,2650,False,0,2025-06-30 23:19:04
aa739e,UAL1566 ,United States,1751325544.0,1751325544,-77.9009,38.3046,5486.4,False,197.02,230.62,8.13,,5768.34,2162,False,0,2025-06-30 23:19:04
aac337,AAL48   ,United States,1751325544.0,1751325544,-96.8077,32.7801,2567.94,False,152.25,60.66,12.03,,2697.48,0530,False,0,2025-06-30 23:19:04
a99efb,N719RH  ,United States,1751325542.0,1751325543,-95.7201,33.264,891.54,False,37.17,138.37,-2.28,,929.64,1200,False,0,2025-06-30 23:19:04
adcca0,AAL3103 ,United States,1751325543.0,1751325544,-80.7328,41.2388,10972.8,False,212.28,266.8,-0.33,,11567.16,1605,False,0,2025-06-30 23:19:04
ab800d,N840CB  ,United States,1751325543.0,1751325543,-83.6834,34.3343,13106.4,False,231.45,153.61,-0.33,,13799.82,6262,False,0,2025-06-30 23:19:04
a5b29e,N46622  ,United States,1751325430.0,1751325531,-97.2145,33.2416,426.72,False,31.4,181.88,-2.6,,411.48,,False,0,2025-06-30 23:19:04
ad8fea,N973MN  ,United States,1751325543.0,1751325543,-116.1868,35.1955,12176.76,False,250.31,48.25,4.88,,12870.18,7770,False,0,2025-06-30 23:19:04
a1e1d8,RPA5652 ,United States,1751325543.0,1751325544,-75.6345,37.7847,7330.44,False,217.48,59.43,5.2,,7780.02,,False,0,2025-06-30 23:19:04
a9eee0,N7390P  ,United States,1751325539.0,1751325541,-93.8382,36.2817,982.98,False,46.58,239.47,-6.83,,982.98,4306,False,0,2025-06-30 23:19:04
a9dbbd,N734UV  ,United States,1751325544.0,1751325544,-87.822,43.5871,1173.48,False,57.06,26.8,-0.65,,1143.0,,False,0,2025-06-30 23:19:04
a9eeef,N73904  ,United States,1751325543.0,1751325543,-121.7546,37.7888,1066.8,False,51.88,67.25,0.33,,1051.56,5310,False,0,2025-06-30 23:19:04
a81289,N6190D  ,United States,1751325542.0,1751325543,-117.2803,32.9256,1409.7,False,54.02,359.45,-1.95,,1402.08,,False,0,2025-06-30 23:19:04
ac1675,SWA1728 ,United States,1751325543.0,1751325543,-84.0106,35.9129,7467.6,False,242.82,103.48,-6.83,,7924.8,1301,False,0,2025-06-30 23:19:04
a93257,SKW3842 ,United States,1751325543.0,1751325543,-88.6077,43.39,8534.4,False,213.28,285.24,-0.98,,8877.3,1351,False,0,2025-06-30 23:19:04
a12a7c,UAL8167 ,United States,1751325543.0,1751325543,-86.6777,36.101,10668.0,False,232.41,170.83,0.0,,11308.08,6576,False,0,2025-06-30 23:19:04
aa737d,SWA6475 ,United States,1751325543.0,1751325543,-90.8653,35.8285,11887.2,False,244.47,78.1,0.0,,12542.52,1026,False,0,2025-06-30 23:19:04
a9ca09,N73PT   ,United States,1751325366.0,1751325366,-81.4654,28.4364,106.68,False,29.54,215.07,-3.25,,121.92,1200,False,0,2025-06-30 23:19:04
a98d4a,N7140J  ,United States,1751325543.0,1751325543,-88.54,44.2666,487.68,False,34.39,308.93,2.93,,472.44,,False,0,2025-06-30 23:19:04
a97a37,N71FF   ,United States,1751325543.0,1751325543,-117.0491,32.7769,708.66,False,40.13,292.62,-1.95,,678.18,,False,0,2025-06-30 23:19:04
c05bd2,ACA151  ,Canada,1751325543.0,1751325544,-97.4642,48.9634,10828.02,False,214.09,292.31,2.28,,11094.72,,False,0,2025-06-30 23:19:04
c05bd5,ACA795  ,Canada,1751325543.0,1751325543,-79.6343,43.6925,,True,1.54,2.81,,,,0533,False,0,2025-06-30 23:19:04
a48a83,DAL3218 ,United States,1751325543.0,1751325543,-81.2094,32.1304,,True,6.17,270.0,,,,,False,0,2025-06-30 23:19:04
abf4df,,United States,1751325526.0,1751325526,-122.6283,48.0305,152.4,False,62.21,150.26,0.33,,167.64,,False,0,2025-06-30 23:19:04
a07311,SKW5316 ,United States,1751325543.0,1751325543,-122.9126,43.4622,10668.0,False,213.03,178.75,0.0,,11148.06,,False,0,2025-06-30 23:19:04
ab3d9a,SKW4033 ,United States,1751325523.0,1751325523,-84.4351,33.6484,,True,9.26,247.5,,,,1353,False,0,2025-06-30 23:19:04
a6e4e8,AAL1859 ,United States,1751325544.0,1751325544,-112.4089,40.8539,9753.6,False,232.37,266.83,-0.33,,10271.76,4167,False,0,2025-06-30 23:19:04
adcd26,MTN7476 ,United States,1751325543.0,1751325543,-76.1088,36.3682,1211.58,False,84.18,351.92,0.0,,1257.3,,False,0,2025-06-30 23:19:04
a6e4e4,DAL1848 ,United States,1751325543.0,1751325543,-84.4082,33.6319,350.52,False,72.54,270.0,-3.25,,342.9,2144,False,0,2025-06-30 23:19:04
a8bd1b,QXE2223 ,United States,1751325544.0,1751325544,-122.2971,47.9877,5158.74,False,180.29,348.98,11.05,,5394.96,3533,False,0,2025-06-30 23:19:04
a08615,N1328F  ,United States,1751325436.0,1751325521,-81.4385,28.8695,434.34,False,58.79,85.99,0.0,,449.58,0340,False,0,2025-06-30 23:19:04
a10931,AAL636  ,United States,1751325543.0,1751325543,-107.4753,31.8371,10043.16,False,246.96,90.84,-0.33,,10622.28,7272,False,0,2025-06-30 23:19:04
adba0a,ASA412  ,United States,1751325543.0,1751325543,-84.4916,42.2081,10668.0,False,256.14,110.95,0.0,,11201.4,6525,False,0,2025-06-30 23:19:04
a9a7c9,N721FJ  ,United States,1751325542.0,1751325544,-105.1168,39.9103,,True,0.06,87.19,,,,,False,0,2025-06-30 23:19:04
a01ca5,SKW5575 ,United States,1751325541.0,1751325543,-95.3495,30.0927,2255.52,False,143.53,89.79,-7.48,,2385.06,2253,False,0,2025-06-30 23:19:04
a441d6,DAL2533 ,United States,1751325543.0,1751325544,-122.7374,46.7442,3962.4,False,176.52,358.5,-9.1,,4160.52,2457,False,0,2025-06-30 23:19:04
a4b914,N403PJ  ,United States,1751325347.0,1751325398,-79.0564,40.8324,21793.2,False,73.41,328.76,-1.3,,,0150,False,0,2025-06-30 23:19:04
a1e302,SWA3555 ,United States,1751325544.0,1751325544,-78.8438,41.8317,11582.4,False,212.93,240.15,0.33,,12199.62,1244,False,0,2025-06-30 23:19:04
adcd6d,JBU224  ,United States,1751325544.0,1751325544,-114.4667,33.2026,10058.4,False,246.37,99.01,0.33,,10622.28,6556,True,0,2025-06-30 23:19:04
aa97ff,N782AL  ,United States,1751325542.0,1751325542,-106.5454,42.8455,2484.12,False,94.81,228.96,8.78,,2628.9,,False,0,2025-06-30 23:19:04
a06010,AAL562  ,United States,1751325544.0,1751325544,-86.5528,34.1969,9753.6,False,239.34,302.36,0.0,,10347.96,2530,False,0,2025-06-30 23:19:04
a704c7,PVA4646 ,United States,1751325524.0,1751325540,-113.1595,37.366,13106.4,False,249.61,216.7,-0.33,,13807.44,,False,0,2025-06-30 23:19:04
a98d0c,N714XX  ,United States,1751325544.0,1751325544,-123.0184,45.5333,327.66,False,44.78,88.03,6.5,,320.04,,False,0,2025-06-30 23:19:04
a0733a,UPS9768 ,United States,1751325543.0,1751325543,-81.2813,33.7132,4244.34,False,176.51,214.43,14.96,,4450.08,,False,0,2025-06-30 23:19:04
c05ba9,WJA213  ,Canada,1751325477.0,1751325523,-81.7553,47.8861,10972.8,False,207.34,300.57,0.33,,11346.18,,False,0,2025-06-30 23:19:04
a4da3a,N4110L  ,United States,1751325540.0,1751325541,-93.7873,32.6908,944.88,False,47.04,354.35,0.65,,1005.84,,False,0,2025-06-30 23:19:04
c05bc6,ROU1616 ,Canada,1751325543.0,1751325543,-81.2636,28.5135,4838.7,False,213.55,244.61,0.0,,5105.4,5675,False,0,2025-06-30 23:19:04
a694dd,JBU2655 ,United States,1751325544.0,1751325544,-80.1489,35.8757,10972.8,False,247.45,198.92,0.65,,11635.74,0506,False,0,2025-06-30 23:19:04
a5c4e2,ASA676  ,United States,1751325543.0,1751325544,-121.4743,44.0528,10972.8,False,233.62,335.13,0.65,,11468.1,,False,0,2025-06-30 23:19:04
a01cd4,N106UV  ,United States,1751325543.0,1751325543,-111.6937,40.2367,1645.92,False,54.21,350.72,-0.33,,1684.02,,False,0,2025-06-30 23:19:04
a5c4f4,EDG471  ,United States,1751325543.0,1751325543,-83.1965,32.8936,10477.5,False,250.5,130.0,-8.13,,11087.1,3337,False,0,2025-06-30 23:19:04
a08663,,United States,1751325504.0,1751325504,-97.037,32.901,,True,0.9,281.25,,,,,False,0,2025-06-30 23:19:04
ab4fae,DAL446  ,United States,1751325544.0,1751325544,-87.2303,32.3387,8808.72,False,246.29,98.89,-5.53,,9342.12,2022,False,0,2025-06-30 23:19:04
4d23a1,VIV4085 ,Malta,1751325543.0,1751325543,-115.8783,32.0318,7604.76,False,230.68,108.19,6.83,,8054.34,,False,0,2025-06-30 23:19:04
ad6a7f,N9636K  ,United States,1751325543.0,1751325543,-104.5289,38.7493,2636.52,False,80.76,315.52,-0.33,,2773.68,7341,False,0,2025-06-30 23:19:04
a86d36,FFT4146 ,United States,1751325543.0,1751325543,-103.2825,35.2166,10058.4,False,240.25,83.48,0.0,,10637.52,,False,0,2025-06-30 23:19:04
ac27a6,SWA3724 ,United States,1751325544.0,1751325544,-81.4237,29.6504,8359.14,False,226.88,359.61,6.83,,8816.34,4075,False,0,2025-06-30 23:19:04
a3dfeb,DAL1612 ,United States,1751325530.0,1751325530,-97.6659,30.2001,,True,1.8,78.75,,,,4111,False,0,2025-06-30 23:19:04
afb23c,JOLLY92 ,United States,1751325543.0,1751325543,-121.9928,37.3082,655.32,False,66.01,338.03,-3.25,,624.84,5344,False,0,2025-06-30 23:19:04
ab3d14,FDY484  ,United States,1751325296.0,1751325495,-90.668,40.1611,2727.96,False,92.0,254.1,-4.23,,2788.92,3261,False,0,2025-06-30 23:19:04
a58982,N456MJ  ,United States,1751325543.0,1751325544,-119.1596,34.59,4160.52,False,157.57,120.84,-7.15,,4320.54,3634,False,0,2025-06-30 23:19:04
a4b96d,SKW3363 ,United States,1751325544.0,1751325544,-121.5155,44.8417,6583.68,False,179.03,320.36,8.45,,6934.2,,False,0,2025-06-30 23:19:04
a4a63d,LN399WS ,United States,1751325461.0,1751325519,-105.0541,42.4059,6111.24,False,129.07,349.9,0.0,,6454.14,5142,False,0,2025-06-30 23:19:04
a44308,DAL932  ,United States,1751325544.0,1751325544,-84.896,34.0673,3939.54,False,180.62,141.82,-2.93,,4152.9,1206,False,0,2025-06-30 23:19:04
a1099f,SKW5753 ,United States,1751325544.0,1751325544,-85.9015,40.8133,6758.94,False,211.3,321.62,-6.5,,7094.22,6017,False,0,2025-06-30 23:19:04
a1933c,ENY4103 ,United States,1751325539.0,1751325539,-88.4905,30.782,3497.58,False,158.97,307.24,9.1,,3703.32,,False,0,2025-06-30 23:19:04
a5d965,SWA3336 ,United States,1751325542.0,1751325543,-94.3877,39.2292,3467.1,False,187.91,123.95,26.01,,3581.4,,False,0,2025-06-30 23:19:04
a19343,AAL1743 ,United States,1751325542.0,1751325543,-77.4566,38.9338,,True,0.06,292.5,,,,,False,0,2025-06-30 23:19:04
ab3d39,AAL2624 ,United States,1751325543.0,1751325543,-108.7162,35.7616,9144.0,False,238.61,221.94,0.0,,9669.78,3235,False,0,2025-06-30 23:19:04
a38ff9,N329CH  ,United States,1751325473.0,1751325473,-122.5835,45.5899,,True,16.46,289.69,,,,6310,False,0,2025-06-30 23:19:04
a25cdc,SKW3585 ,United States,1751325544.0,1751325544,-116.1151,43.7154,10363.2,False,204.65,320.51,0.0,,10866.12,,False,0,2025-06-30 23:19:04
a5b316,N4666G  ,United States,1751325332.0,1751325332,-90.8596,40.8145,1828.8,False,63.81,196.39,0.0,,1866.9,,False,0,2025-06-30 23:19:04
a33646,WUP306  ,United States,1751325543.0,1751325544,-103.8434,37.9632,12496.8,False,223.43,115.5,0.33,,13121.64,3746,False,0,2025-06-30 23:19:04
a97a69,N71HF   ,United States,1751325512.0,1751325512,-73.0848,40.8097,106.68,False,35.29,225.59,-2.6,,76.2,4237,False,0,2025-06-30 23:19:04
a20395,N229MT  ,United States,1751325538.0,1751325538,-111.947,33.0813,716.28,False,55.6,321.01,-0.33,,640.08,,True,0,2025-06-30 23:19:04
c05c7a,JZA7922 ,Canada,1751325543.0,1751325543,-71.9101,45.3357,7627.62,False,255.8,85.96,0.98,,7985.76,,False,0,2025-06-30 23:19:04
a8aa77,PDT6009 ,United States,1751325543.0,1751325544,-78.2425,35.7556,5768.34,False,180.48,279.52,10.73,,6096.0,3675,False,0,2025-06-30 23:19:04
ad34b4,AAL1554 ,United States,1751325544.0,1751325544,-96.4144,33.3322,3497.58,False,158.42,237.6,-6.5,,3710.94,5777,False,0,2025-06-30 23:19:04
a5d927,UAL640  ,United States,1751325544.0,1751325544,-98.9979,37.2595,10668.0,False,247.62,111.45,0.0,,11292.84,2303,False,0,2025-06-30 23:19:04
a32367,DAL2974 ,United States,1751325541.0,1751325541,-77.4533,38.9484,,True,0.0,0.0,,,,,False,0,2025-06-30 23:19:04
ac01a4,ES803   ,United States,1751325541.0,1751325542,-121.022,38.1096,2026.92,False,68.36,331.7,-0.98,,2065.02,,False,0,2025-06-30 23:19:04
a32368,DAL840  ,United States,1751325543.0,1751325543,-101.0307,39.4461,9715.5,False,254.05,100.85,7.15,,10233.66,,False,0,2025-06-30 23:19:04
ab3d6f,EJA823  ,United States,1751325544.0,1751325544,-85.3862,36.5504,13106.4,False,241.52,68.9,0.0,,13776.96,6003,False,0,2025-06-30 23:19:04
a3ccb7,FFT1248 ,United States,1751325543.0,1751325544,-85.9476,42.8446,3665.22,False,188.87,71.42,-9.75,,3779.52,3244,False,0,2025-06-30 23:19:04
a44334,FFT2953 ,United States,1751325543.0,1751325543,-79.5797,36.4156,10302.24,False,244.69,220.99,2.93,,10934.7,6221,False,0,2025-06-30 23:19:04
ad34c1,HER950  ,United States,1751325499.0,1751325499,-80.1428,26.3525,190.5,False,69.82,73.3,-2.28,,251.46,7616,False,0,2025-06-30 23:19:04
aa0a6e,SKW6354 ,United States,1751325544.0,1751325544,-90.5789,34.059,10972.8,False,231.71,231.4,0.0,,11658.6,1102,False,0,2025-06-30 23:19:04
a50cb7,RPA4453 ,United States,1751325544.0,1751325544,-77.9936,38.0248,10668.0,False,239.54,85.2,-0.33,,11330.94,3451,False,0,2025-06-30 23:19:04
ac5d61,UAL1134 ,United States,1751325544.0,1751325544,-93.793,44.7744,3985.26,False,169.56,72.88,-3.9,,4084.32,6565,False,0,2025-06-30 23:19:04
a228ab,N23802  ,United States,1751325542.0,1751325543,-122.474,48.3711,944.88,False,69.02,153.43,0.65,,944.88,,False,0,2025-06-30 23:19:04
c05e8e,JZA897  ,Canada,1751325543.0,1751325543,-79.6084,43.6784,,True,4.12,137.81,,,,,False,0,2025-06-30 23:19:04
acf10e,CAP4033 ,United States,1751325390.0,1751325390,-96.7036,43.5271,640.08,False,45.13,335.77,-2.6,,678.18,3436,False,0,2025-06-30 23:19:04
ae5773,PAT516  ,United States,1751325544.0,1751325544,-85.3788,38.1743,2438.4,False,112.84,261.61,0.0,,2529.84,5726,False,0,2025-06-30 23:19:04
a8cffd,UAL75   ,United States,1751325543.0,1751325544,-74.1143,40.7721,495.3,False,92.96,205.57,-4.88,,480.06,7341,False,0,2025-06-30 23:19:04
a098f6,AAL2721 ,United States,1751325543.0,1751325543,-82.2259,37.1693,10668.0,False,236.64,54.82,0.33,,11315.7,0073,False,0,2025-06-30 23:19:04
a5c694,UAL1781 ,United States,1751325544.0,1751325544,-102.2009,40.5133,9136.38,False,219.23,256.29,0.0,,9646.92,,False,0,2025-06-30 23:19:04
a9a97f,RPA3481 ,United States,1751325544.0,1751325544,-74.1763,40.6583,563.88,False,82.99,183.55,4.55,,563.88,6661,False,0,2025-06-30 23:19:04
a8bcdd,NKS2722 ,United States,1751325544.0,1751325544,-96.0351,29.8627,8625.84,False,237.53,276.22,-8.13,,9174.48,3501,False,0,2025-06-30 23:19:04
a67050,JIA9964 ,United States,1751325543.0,1751325543,-84.4593,35.466,3649.98,False,162.22,228.73,0.0,,3825.24,5267,False,0,2025-06-30 23:19:04
abe475,SWA2949 ,United States,1751325544.0,1751325544,-80.5583,28.9392,11590.02,False,256.15,165.94,0.0,,12169.14,4432,False,0,2025-06-30 23:19:04
abf78f,AAL1270 ,United States,1751325544.0,1751325544,-91.3722,32.6977,10668.0,False,247.6,92.02,0.0,,11315.7,0576,False,0,2025-06-30 23:19:04
ac047d,ASH6126 ,United States,1751325543.0,1751325543,-78.4959,37.7968,7444.74,False,199.3,228.24,4.23,,7886.7,3537,False,0,2025-06-30 23:19:04
a6f99b,N549CP  ,United States,1751325543.0,1751325543,-119.6686,36.6401,10858.5,False,240.77,176.2,-5.85,,11437.62,3571,False,0,2025-06-30 23:19:04
a8268d,QXE2010 ,United States,1751325543.0,1751325544,-118.3544,45.6501,10972.8,False,213.96,321.84,-0.33,,11468.1,,False,0,2025-06-30 23:19:04
a085a4,UAL1846 ,United States,1751325544.0,1751325544,-84.8455,44.8424,8534.4,False,211.38,193.22,0.33,,8846.82,7321,False,0,2025-06-30 23:19:04
ac048d,SWA921  ,United States,1751325543.0,1751325544,-103.8339,31.0679,8450.58,False,231.63,275.74,-8.13,,8976.36,0554,True,0,2025-06-30 23:19:04
a98cbc,AAL1572 ,United States,1751325535.0,1751325543,-79.6232,43.6858,,True,0.0,146.25,,,,6311,False,0,2025-06-30 23:19:04
a588a9,N456CS  ,United States,1751325544.0,1751325544,-122.3787,37.3551,1645.92,False,63.8,89.08,-6.83,,1661.16,5362,False,0,2025-06-30 23:19:04
a81365,N6196P  ,United States,1751325529.0,1751325529,-119.0399,35.4146,274.32,False,39.65,22.91,-3.9,,213.36,,False,0,2025-06-30 23:19:04
aa7472,N773CV  ,United States,1751325543.0,1751325544,-118.6434,34.2756,2301.24,False,81.2,112.34,0.0,,2362.2,6074,False,0,2025-06-30 23:19:04
a32396,FFT1928 ,United States,1751325544.0,1751325544,-102.5343,39.1865,9875.52,False,239.5,116.95,8.13,,10386.06,,False,0,2025-06-30 23:19:04
ac049e,ASH6117 ,United States,1751325544.0,1751325544,-96.604,32.3841,8534.4,False,226.32,316.29,0.0,,9044.94,2726,False,0,2025-06-30 23:19:04
a81316,N6194E  ,United States,1751325544.0,1751325544,-122.3193,45.3818,701.04,False,44.12,148.35,-3.58,,701.04,,False,0,2025-06-30 23:19:04
c04b29,GLR2727 ,Canada,1751325544.0,1751325544,-80.9574,44.1483,4023.36,False,131.87,168.3,0.98,,4160.52,2570,True,0,2025-06-30 23:19:04
c05e62,ROU1523 ,Canada,1751325543.0,1751325543,-72.1051,45.959,6316.98,False,204.94,267.55,-8.45,,6591.3,4716,False,0,2025-06-30 23:19:04
a99fd7,N7190C  ,United States,1751325489.0,1751325496,-111.5065,32.9744,762.0,False,33.97,302.01,-2.28,,716.28,,False,0,2025-06-30 23:19:04
a9595a,N701MB  ,United States,1751325543.0,1751325543,-93.9143,41.2957,1089.66,False,78.35,41.54,0.33,,1112.52,,False,0,2025-06-30 23:19:04
a56374,N4461T  ,United States,1751325543.0,1751325543,-76.6411,38.3826,883.92,False,75.78,12.15,0.65,,868.68,,False,0,2025-06-30 23:19:04
aa6113,AAL3134 ,United States,1751325543.0,1751325543,-92.7662,40.7525,8839.2,False,262.7,48.25,0.0,,9243.06,,False,0,2025-06-30 23:19:04
a6f98e,SKW3761 ,United States,1751325543.0,1751325543,-73.4207,42.4623,7924.8,False,212.84,297.49,0.0,,8328.66,7070,False,0,2025-06-30 23:19:04
a2f092,ENY4312 ,United States,1751325543.0,1751325544,-82.8982,26.3166,8366.76,False,221.7,185.46,-4.88,,8854.44,3645,False,0,2025-06-30 23:19:04
a9a929,VXP466  ,United States,1751325544.0,1751325544,-82.6316,28.0596,3619.5,False,182.9,8.08,-0.65,,3817.62,7443,False,0,2025-06-30 23:19:04
ab2c11,ASI541  ,United States,1751325543.0,1751325543,-112.0948,33.6893,571.5,False,39.63,268.51,0.98,,480.06,1200,False,0,2025-06-30 23:19:04
c05e72,ROU1910 ,Canada,1751325349.0,1751325350,-79.6166,43.6826,,True,0.0,47.81,,,,0020,False,0,2025-06-30 23:19:04
aa7426,UAL2411 ,United States,1751325543.0,1751325543,-102.8124,40.3974,9380.22,False,221.97,255.64,-11.05,,9898.38,,False,0,2025-06-30 23:19:04
a37e6c,AAY1258 ,United States,1751325543.0,1751325543,-85.4088,31.0203,11285.22,False,238.77,130.11,0.0,,11963.4,0154,False,0,2025-06-30 23:19:04
a192f5,N200KS  ,United States,1751325497.0,1751325533,-123.1525,47.2162,396.24,False,48.15,288.05,-1.3,,396.24,,False,0,2025-06-30 23:19:04
ab3dc3,UAL2725 ,United States,1751325534.0,1751325534,-92.6206,29.4647,9144.0,False,241.59,272.93,0.33,,9730.74,,False,0,2025-06-30 23:19:04
a7f39c,N611MV  ,United States,1751325543.0,1751325543,-121.4005,38.7052,198.12,False,51.1,175.38,-3.58,,144.78,0012,False,0,2025-06-30 23:19:04
a36b2d,JBU1012 ,United States,1751325544.0,1751325544,-81.471,42.4691,11277.6,False,254.74,88.5,0.0,,11871.96,6233,False,0,2025-06-30 23:19:04
ac0417,ASH6027 ,United States,1751325544.0,1751325544,-105.1165,35.1298,10134.6,False,220.65,117.34,2.6,,10736.58,,False,0,2025-06-30 23:19:04
a24b40,AAY654  ,United States,1751325543.0,1751325543,-111.3914,33.4841,2423.16,False,148.25,213.25,-4.55,,2545.08,6060,False,0,2025-06-30 23:19:04
a0d5ed,N153GC  ,United States,1751325421.0,1751325422,-114.2233,36.0907,1158.24,False,65.98,86.42,-0.33,,1104.9,,False,0,2025-06-30 23:19:04
a86e1d,QXE2222 ,United States,1751325543.0,1751325543,-121.1887,47.854,7216.14,False,176.76,275.51,-11.05,,7551.42,6065,False,0,2025-06-30 23:19:04
a4a5e2,N399TA  ,United States,1751325505.0,1751325505,-122.639,48.4499,533.4,False,64.79,349.94,-2.93,,739.14,,False,0,2025-06-30 23:19:04
3c7a4c,CFG2044 ,Germany,1751325543.0,1751325543,-79.4129,27.3216,7315.2,False,232.15,198.07,0.0,,7726.68,5261,False,0,2025-06-30 23:19:04
a468cf,N3830H  ,United States,1751325543.0,1751325543,-81.8406,35.7245,1196.34,False,28.83,272.05,4.23,,1219.2,,False,0,2025-06-30 23:19:04
a192e0,N200JW  ,United States,1751325544.0,1751325544,-123.1503,44.175,1760.22,False,114.29,103.54,9.1,,1821.18,,False,0,2025-06-30 23:19:04
a25e5d,CXK228  ,United States,1751325532.0,1751325532,-97.0968,32.6737,213.36,False,32.59,168.16,-2.28,,198.12,,False,0,2025-06-30 23:19:04
a838c0,N629MA  ,United States,1751325543.0,1751325543,-80.7027,35.4093,304.8,False,39.85,219.24,-2.6,,289.56,,False,0,2025-06-30 23:19:04
a442f3,DAL1192 ,United States,1751325543.0,1751325544,-81.6566,31.8266,11582.4,False,246.67,194.12,0.33,,12230.1,1374,False,0,2025-06-30 23:19:04
a81395,N61972  ,United States,1751325543.0,1751325543,-81.1862,28.9414,731.52,False,40.28,241.8,0.0,,784.86,0715,False,0,2025-06-30 23:19:04
a8137e,N6197D  ,United States,1751325544.0,1751325544,-99.1698,34.0909,8343.9,False,160.43,184.23,-9.75,,8839.2,,False,0,2025-06-30 23:19:04
a08714,RPA4780 ,United States,1751325543.0,1751325543,-87.9317,41.9757,,True,10.29,180.0,,,,,False,0,2025-06-30 23:19:04
a2ae9f,,United States,1751325513.0,1751325513,-76.4334,36.6068,175.26,False,48.57,298.47,-0.33,,152.4,,False,0,2025-06-30 23:19:04
ac1765,SWA180  ,United States,1751325544.0,1751325544,-107.0708,31.8586,10972.8,False,232.0,280.09,0.0,,11612.88,2077,False,0,2025-06-30 23:19:04
abe40a,SWA3382 ,United States,1751325543.0,1751325543,-103.7552,38.6084,11277.6,False,245.82,71.07,-0.33,,11871.96,2656,False,0,2025-06-30 23:19:04
ac042a,SWA185  ,United States,1751325543.0,1751325543,-86.994,36.2585,11582.4,False,231.0,295.88,0.0,,12260.58,2032,False,0,2025-06-30 23:19:04
aad780,UAL968  ,United States,1751325536.0,1751325541,-119.5797,40.2598,10584.18,False,273.9,28.25,2.6,,11102.34,3230,False,0,2025-06-30 23:19:04
a3bb07,N34AT   ,United States,1751325543.0,1751325543,-120.4478,35.0747,2316.48,False,72.83,171.47,0.98,,2385.06,,False,0,2025-06-30 23:19:04
adcdc9,NKS2584 ,United States,1751325542.0,1751325543,-101.6667,38.6565,11582.4,False,222.47,263.89,-0.33,,12176.76,6705,False,0,2025-06-30 23:19:04
aa617c,RPA3460 ,United States,1751325540.0,1751325541,-79.6357,43.6899,,True,0.0,317.81,,,,0562,False,0,2025-06-30 23:19:04
a36b73,JBU1138 ,United States,1751325541.0,1751325541,-97.6624,30.2028,,True,0.0,247.5,,,,,False,0,2025-06-30 23:19:04
a3bb19,N34BL   ,United States,1751325544.0,1751325544,-121.8378,37.3415,281.94,False,38.94,226.61,2.93,,236.22,,False,0,2025-06-30 23:19:04
ac1789,SWA2427 ,United States,1751325543.0,1751325543,-92.6916,38.6076,10302.24,False,219.87,283.26,-5.2,,10881.36,6575,False,0,2025-06-30 23:19:04
ab8148,EJA840  ,United States,1751325543.0,1751325543,-77.8463,39.4592,1363.98,False,149.75,20.3,-7.48,,1379.22,2153,False,0,2025-06-30 23:19:04
ad6aa7,N9637Q  ,United States,1751325535.0,1751325538,-88.4416,41.4285,510.54,False,43.78,199.93,0.33,,487.68,1200,False,0,2025-06-30 23:19:04
a322d5,N3008U  ,United States,1751325543.0,1751325543,-88.5651,41.3539,944.88,False,43.02,333.74,-2.6,,922.02,1200,False,0,2025-06-30 23:19:04
abe450,SWA1067 ,United States,1751325398.0,1751325398,-96.8571,32.856,,True,0.39,317.81,,,,,False,0,2025-06-30 23:19:04
a9dce9,UAL557  ,United States,1751325543.0,1751325543,-97.1151,38.5085,9753.6,False,211.88,281.91,0.0,,10279.38,2516,False,0,2025-06-30 23:19:04
ac045e,ASH6124 ,United States,1751325544.0,1751325544,-95.2154,34.5571,8534.4,False,226.2,195.84,0.33,,9044.94,2103,False,0,2025-06-30 23:19:04
a588da,N456ER  ,United States,1751325515.0,1751325515,-88.54,43.9915,342.9,False,31.9,270.0,-2.6,,281.94,4345,False,0,2025-06-30 23:19:04
ac045c,ASH6072 ,United States,1751325543.0,1751325543,-94.1018,34.8295,10668.0,False,238.41,31.77,-0.65,,11285.22,7231,False,0,2025-06-30 23:19:04
aab146,SWA275  ,United States,1751325543.0,1751325543,-103.2312,30.7113,11277.6,False,244.94,91.32,-0.65,,11971.02,,False,0,2025-06-30 23:19:04
ad7e6f,JBU1874 ,United States,1751325543.0,1751325543,-101.8383,42.1156,10668.0,False,241.72,80.2,0.0,,11170.92,2410,False,0,2025-06-30 23:19:04
a8ab3c,JBU507  ,United States,1751325543.0,1751325543,-86.2934,36.5103,2217.42,False,147.47,234.37,-6.5,,2331.72,2002,False,0,2025-06-30 23:19:04
a86e6c,UAL52   ,United States,1751325543.0,1751325543,-74.001,40.5425,10058.4,False,248.43,51.9,0.0,,10607.04,2112,False,0,2025-06-30 23:19:04
ac4b72,SWA3531 ,United States,1751325543.0,1751325543,-97.6586,40.8342,10972.8,False,207.58,262.45,-0.33,,11490.96,3245,False,0,2025-06-30 23:19:04
aa1e99,JRE751  ,United States,1751325543.0,1751325543,-77.1497,42.4436,10226.04,False,215.25,70.74,-5.53,,10759.44,7031,False,0,2025-06-30 23:19:04
adbb36,NKS2621 ,United States,1751325544.0,1751325544,-108.1372,38.6133,11285.22,False,237.89,63.82,0.33,,11910.06,,False,0,2025-06-30 23:19:04
a73b7e,SWA2477 ,United States,1751325543.0,1751325543,-79.2014,34.489,11887.2,False,213.74,27.06,0.0,,12550.14,1635,False,0,2025-06-30 23:19:04
aa72d3,SWA1288 ,United States,1751325280.0,1751325280,-76.6855,39.1745,53.34,False,73.23,94.03,-4.23,,68.58,5355,False,0,2025-06-30 23:19:04
ac4b95,SWA2068 ,United States,1751325536.0,1751325542,-82.6227,39.9693,922.02,False,107.89,304.9,0.33,,914.4,1020,False,0,2025-06-30 23:19:04
a50e93,DAL228  ,United States,1751325543.0,1751325543,-79.4466,43.5238,9852.66,False,272.28,51.29,3.58,,10347.96,7426,False,0,2025-06-30 23:19:04
a5fb40,VAR485  ,United States,1751325543.0,1751325543,-113.5272,33.5085,2514.6,False,71.31,275.38,0.0,,2621.28,0757,False,0,2025-06-30 23:19:04
a4db51,FDY368  ,United States,1751325450.0,1751325529,-86.7996,40.7588,2468.88,False,85.8,20.72,0.33,,2545.08,,False,0,2025-06-30 23:19:04
a61b4e,ASA569  ,United States,1751325544.0,1751325544,-96.3784,36.3065,10363.2,False,227.31,305.88,-0.33,,10980.42,2723,False,0,2025-06-30 23:19:04
a33743,SKW4010 ,United States,1751325543.0,1751325543,-97.3296,45.3139,10668.0,False,250.69,118.56,0.33,,11026.14,,False,0,2025-06-30 23:19:04
a37db9,FFT2630 ,United States,1751325543.0,1751325543,-89.1555,38.6681,7642.86,False,227.68,105.73,7.15,,8061.96,1726,False,0,2025-06-30 23:19:04
a86e35,RPA3428 ,United States,1751325544.0,1751325544,-74.0712,41.6049,8839.2,False,236.46,21.04,-0.33,,9342.12,6236,False,0,2025-06-30 23:19:04
a838e6,RVF9629 ,United States,1751325543.0,1751325543,-92.2761,38.7757,12199.62,False,203.38,250.65,0.33,,12809.22,1113,False,0,2025-06-30 23:19:04
a37da1,ENY4010 ,United States,1751325544.0,1751325544,-76.2024,43.2134,1165.86,False,137.09,83.97,-5.2,,1181.1,3165,False,0,2025-06-30 23:19:04
a74e7a,ASA366  ,United States,1751325543.0,1751325543,-119.226,47.7087,10972.8,False,207.38,277.13,0.0,,11399.52,5611,False,0,2025-06-30 23:19:04
a37da9,N324F   ,United States,1751325544.0,1751325544,-106.1962,31.3776,9448.8,False,150.56,118.58,0.0,,10005.06,1626,False,0,2025-06-30 23:19:04
a825e3,JBU240  ,United States,1751325543.0,1751325543,-81.1612,28.243,2621.28,False,155.36,335.13,-7.15,,2796.54,2124,False,0,2025-06-30 23:19:04
a18109,NJM325  ,United States,1751325544.0,1751325544,-82.3471,29.3646,5791.2,False,178.85,118.33,0.65,,6080.76,,False,0,2025-06-30 23:19:04
a6e720,DAL820  ,United States,1751325543.0,1751325543,-85.8346,39.2339,10370.82,False,221.73,283.55,0.0,,10972.8,3750,False,0,2025-06-30 23:19:04
a20471,SWA1395 ,United States,1751325543.0,1751325544,-115.996,43.4213,4625.34,False,203.73,105.83,15.61,,4869.18,,False,0,2025-06-30 23:19:04
aa1dc2,ENY3397 ,United States,1751325543.0,1751325544,-79.0687,42.6431,10302.24,False,197.34,275.23,5.2,,10873.74,7401,False,0,2025-06-30 23:19:04
a2f111,SKW3741 ,United States,1751325530.0,1751325535,-115.1385,36.0798,,True,0.0,317.81,,,,,False,0,2025-06-30 23:19:04
a1f794,ABX2246 ,United States,1751325543.0,1751325543,-79.6824,25.3219,5265.42,False,185.94,330.31,-11.38,,5577.84,,False,0,2025-06-30 23:19:04
ac28be,SWA3332 ,United States,1751325518.0,1751325518,-118.146,33.8186,,True,0.0,90.0,,,,,False,0,2025-06-30 23:19:04
a9cb83,SKW6281 ,United States,1751325543.0,1751325543,-95.3591,38.9897,10675.62,False,206.46,238.45,0.0,,11224.26,3533,False,0,2025-06-30 23:19:04
ac28e5,SWA3593 ,United States,1751325544.0,1751325544,-82.5277,28.0026,60.96,False,79.78,181.85,-3.9,,99.06,1711,False,0,2025-06-30 23:19:04
a12adb,CXK246  ,United States,1751325543.0,1751325543,-115.1766,36.1978,822.96,False,38.28,131.19,3.25,,762.0,,False,0,2025-06-30 23:19:04
ab2b23,DAL2248 ,United States,1751325544.0,1751325544,-86.5673,36.9342,8199.12,False,249.37,355.15,-10.4,,8702.04,1035,False,0,2025-06-30 23:19:04
a32449,AAY67   ,United States,1751325543.0,1751325543,-114.757,36.1954,4411.98,False,196.01,90.3,11.05,,4663.44,,False,0,2025-06-30 23:19:04
a69761,SCX3032 ,United States,1751325544.0,1751325544,-85.9913,39.6578,5646.42,False,212.38,131.96,-3.9,,5905.5,4774,False,0,2025-06-30 23:19:04
a24acc,N247JD  ,United States,1751325522.0,1751325522,-117.4494,37.8546,13098.78,False,231.56,246.57,0.0,,13769.34,7164,False,0,2025-06-30 23:19:04
a57791,N451TW  ,United States,1751325541.0,1751325542,-86.0272,39.9467,640.08,False,51.7,238.84,-1.3,,594.36,,False,0,2025-06-30 23:19:04
ac5e47,SWA1207 ,United States,1751325543.0,1751325543,-86.5204,36.2268,716.28,False,113.72,341.81,-8.13,,739.14,5633,False,0,2025-06-30 23:19:04
a25df5,CXK440  ,United States,1751325463.0,1751325523,-96.5846,33.2007,388.62,False,29.86,181.97,-2.28,,358.14,1200,False,0,2025-06-30 23:19:04
a74dad,N57SN   ,United States,1751325543.0,1751325543,-122.2781,37.5809,449.58,False,79.66,294.41,-4.88,,419.1,3511,False,0,2025-06-30 23:19:04
a18143,N1963N  ,United States,1751325544.0,1751325544,-117.8981,33.5745,1546.86,False,113.67,166.66,3.58,,1569.72,,False,0,2025-06-30 23:19:04
ac15d1,UAL1495 ,United States,1751325543.0,1751325543,-87.4884,42.2593,1706.88,False,116.26,172.37,-5.85,,1744.98,7445,False,0,2025-06-30 23:19:04
aad5ca,AAL137  ,United States,1751325312.0,1751325313,-108.3731,42.0869,10972.8,False,246.29,224.24,0.0,,11559.54,,False,0,2025-06-30 23:19:04
ae68bf,        ,United States,1751325511.0,1751325512,-86.3782,32.2996,60.96,False,63.63,276.03,-1.63,,53.34,,False,0,2025-06-30 23:19:04
ae68be,        ,United States,1751325543.0,1751325543,-86.3484,32.2054,601.98,False,97.62,95.14,0.33,,624.84,,False,0,2025-06-30 23:19:04
a0b199,AAL811  ,United States,1751325544.0,1751325544,-84.6049,33.5372,3642.36,False,133.27,91.11,-0.33,,3832.86,2602,False,0,2025-06-30 23:19:04
ad6b14,DAL2985 ,United States,1751325543.0,1751325544,-79.9938,40.8504,10066.02,False,249.07,108.55,0.0,,10637.52,7416,False,0,2025-06-30 23:19:04
a18195,N19650  ,United States,1751325543.0,1751325543,-88.3691,43.2239,1371.6,False,50.95,215.13,-0.65,,1371.6,4667,False,0,2025-06-30 23:19:04
c05d9d,WJA2061 ,Canada,1751325544.0,1751325544,-117.8454,34.2399,10972.8,False,237.92,320.53,0.0,,11567.16,2630,False,0,2025-06-30 23:19:04
ad6b08,N964AF  ,United States,1751325543.0,1751325543,-119.3092,34.323,1676.4,False,66.23,107.17,-0.33,,1706.88,,False,0,2025-06-30 23:19:04
ac02b4,AAL2252 ,United States,1751325544.0,1751325544,-96.0063,31.8405,8793.48,False,223.84,320.97,-10.4,,9357.36,2260,False,0,2025-06-30 23:19:04
a086b4,DAL2894 ,United States,1751325544.0,1751325544,-81.9607,41.2138,7620.0,False,247.0,88.69,0.33,,8023.86,1352,False,0,2025-06-30 23:19:04
a099a7,RPA4660 ,United States,1751325543.0,1751325543,-82.9962,37.8805,10058.4,False,234.45,93.27,0.33,,10668.0,6735,False,0,2025-06-30 23:19:04
4073ce,VIR117F ,United Kingdom,1751325544.0,1751325544,-79.0861,28.2069,10965.18,False,256.22,198.25,-0.33,,11521.44,5270,False,0,2025-06-30 23:19:04
ab3e98,ASH6075 ,United States,1751325544.0,1751325544,-97.1269,30.9951,6400.8,False,202.82,83.88,0.0,,6797.04,4551,False,0,2025-06-30 23:19:04
ab3e8a,N8231Q  ,United States,1751325372.0,1751325372,-70.9268,42.5964,60.96,False,31.42,140.31,-1.63,,60.96,,False,0,2025-06-30 23:19:04
abe2c0,N865PS  ,United States,1751325543.0,1751325543,-81.3175,28.5684,289.56,False,58.46,65.01,0.0,,320.04,1200,False,0,2025-06-30 23:19:04
ad6b0c,ASA280  ,United States,1751325502.0,1751325510,-99.0916,48.4914,10363.2,False,219.17,270.81,0.0,,10668.0,,False,0,2025-06-30 23:19:04
ad35e0,AAL2354 ,United States,1751325543.0,1751325544,-89.8914,37.6109,10965.18,False,228.15,316.37,0.0,,11590.02,4374,False,0,2025-06-30 23:19:04
a48ac4,FFT2225 ,United States,1751325543.0,1751325543,-87.898,36.9514,10972.8,False,228.53,278.8,0.33,,11643.36,3435,False,0,2025-06-30 23:19:04
aac2e2,UAL1949 ,United States,1751325542.0,1751325542,-93.9116,31.0092,7764.78,False,214.07,227.34,-11.05,,8305.8,7474,False,0,2025-06-30 23:19:04
a01f0d,DAL1648 ,United States,1751325543.0,1751325543,-83.3437,42.4275,1455.42,False,142.4,156.58,-2.6,,1455.42,0672,False,0,2025-06-30 23:19:04
a22a20,MXY547  ,United States,1751325544.0,1751325544,-89.5829,40.5679,11277.6,False,245.91,90.48,0.0,,11841.48,7210,False,0,2025-06-30 23:19:04
abb06d,SCX285  ,United States,1751325543.0,1751325543,-122.1399,47.4184,2461.26,False,144.08,178.77,-9.75,,2583.18,2607,False,0,2025-06-30 23:19:04
aa409d,N76QR   ,United States,1751325542.0,1751325542,-94.1945,32.3407,944.88,False,60.71,270.97,0.0,,944.88,,False,0,2025-06-30 23:19:04
a327df,N302MM  ,United States,1751325526.0,1751325542,-83.9868,35.8118,274.32,False,3.45,116.57,0.0,,259.08,,False,0,2025-06-30 23:19:04
a47d11,DAL1135 ,United States,1751325543.0,1751325544,-102.683,38.7164,10370.82,False,224.3,253.48,-0.33,,10927.08,,False,0,2025-06-30 23:19:04
a5b7a1,N468DC  ,United States,1751325530.0,1751325532,-119.7583,36.7611,2941.32,False,60.07,146.17,0.0,,3032.76,3203,False,0,2025-06-30 23:19:04
abb089,UAL704  ,United States,1751325544.0,1751325544,-93.5885,34.206,11277.6,False,240.6,81.89,0.0,,11948.16,1645,False,0,2025-06-30 23:19:04
ac08b1,SWA1863 ,United States,1751325543.0,1751325543,-112.463,33.4298,3451.86,False,179.64,279.89,5.53,,3634.74,1656,False,0,2025-06-30 23:19:04
adacfd,AAL1682 ,United States,1751325543.0,1751325543,-81.239,28.6111,3429.0,False,190.59,349.27,4.23,,3619.5,0701,False,0,2025-06-30 23:19:04
a47d05,DAL2880 ,United States,1751325497.0,1751325497,-117.2307,37.1766,10972.8,False,244.37,332.41,0.0,,11582.4,,False,0,2025-06-30 23:19:04
adf030,N99783  ,United States,1751325254.0,1751325508,-72.6123,42.4111,792.48,False,56.75,315.73,-0.98,,784.86,,False,0,2025-06-30 23:19:04
398699,,France,1751325269.0,1751325269,-74.1722,40.6899,,True,2.06,115.31,,,,,False,0,2025-06-30 23:19:04
ac3e13,SWA383  ,United States,1751325363.0,1751325384,-117.2473,37.2711,10972.8,False,243.75,315.86,0.33,,11559.54,7076,False,0,2025-06-30 23:19:04
a077fe,N12933  ,United States,1751325544.0,1751325544,-82.4384,27.7869,182.88,False,42.7,211.2,-0.33,,220.98,,False,0,2025-06-30 23:19:04
a11d47,DAL232  ,United States,1751325543.0,1751325543,-73.795,40.641,,True,5.92,334.69,,,,,False,0,2025-06-30 23:19:04
adf068,AAL2407 ,United States,1751325543.0,1751325543,-100.541,40.2638,10058.4,False,262.66,104.64,0.0,,10568.94,,False,0,2025-06-30 23:19:04
a554b9,N4422R  ,United States,1751325543.0,1751325543,-84.101,32.9614,1341.12,False,44.86,86.05,2.28,,1386.84,1200,False,0,2025-06-30 23:19:04
a4ba05,CXK369  ,United States,1751325539.0,1751325539,-86.5363,35.9984,472.44,False,54.48,140.75,0.0,,457.2,1200,False,0,2025-06-30 23:19:04
a8f258,DAL759  ,United States,1751325543.0,1751325544,-82.9621,33.2618,6644.64,False,219.18,294.4,-11.05,,7025.64,6533,False,0,2025-06-30 23:19:04
a687c8,N52NG   ,United States,1751325539.0,1751325542,-115.3239,43.5003,7010.4,False,134.63,157.06,0.0,,7399.02,,False,0,2025-06-30 23:19:04
abe8b6,SWA3421 ,United States,1751325544.0,1751325544,-86.9671,39.2038,9448.8,False,258.26,95.14,0.0,,9974.58,1161,False,0,2025-06-30 23:19:04
ac08d4,SWA1407 ,United States,1751325543.0,1751325544,-95.3304,33.2241,10599.42,False,232.68,238.1,-4.88,,11262.36,0550,False,0,2025-06-30 23:19:04
a35d6c,N316DF  ,United States,1751325544.0,1751325544,-86.4795,31.659,2415.54,False,104.95,179.72,0.0,,2537.46,,False,0,2025-06-30 23:19:04
a7824e,DAL542  ,United States,1751325543.0,1751325543,-100.9833,41.5279,10058.4,False,263.66,121.92,0.0,,10530.84,,False,0,2025-06-30 23:19:04
ab1e50,N8150J  ,United States,1751325544.0,1751325544,-117.3215,33.0697,1402.08,False,49.61,220.79,0.65,,1394.46,,False,0,2025-06-30 23:19:04
ad5e27,SWA1765 ,United States,1751325544.0,1751325544,-89.2639,37.0337,11887.2,False,244.43,24.89,0.0,,12557.76,,False,0,2025-06-30 23:19:04
a54299,UAL1116 ,United States,1751325544.0,1751325544,-101.6417,30.7712,10660.38,False,248.54,88.7,0.33,,11338.56,3374,False,0,2025-06-30 23:19:04
a8f21c,N676BA  ,United States,1751325543.0,1751325543,-102.7897,38.2009,13716.0,False,269.16,70.11,0.0,,14302.74,6452,False,0,2025-06-30 23:19:04
ab0b1f,UAL750  ,United States,1751325543.0,1751325544,-94.0452,32.3988,10347.96,False,230.03,161.48,0.33,,10980.42,1163,False,0,2025-06-30 23:19:04
adf06d,DAL3139 ,United States,1751325530.0,1751325537,-84.4346,33.6427,,True,0.0,216.56,,,,,False,0,2025-06-30 23:19:04
a8f235,EDV5260 ,United States,1751325533.0,1751325533,-74.1658,40.6994,,True,0.77,19.69,,,,,False,0,2025-06-30 23:19:04
ad28bf,N947SF  ,United States,1751325543.0,1751325543,-122.1132,47.9952,853.44,False,50.82,211.76,-6.18,,853.44,1200,False,0,2025-06-30 23:19:04
a1c1c7,RPA5646 ,United States,1751325299.0,1751325300,-86.2111,39.7734,678.18,False,78.58,224.47,-4.23,,655.32,1542,False,0,2025-06-30 23:19:04
a8055a,THNDR04 ,United States,1751325264.0,1751325267,-104.8266,38.9834,,True,30.05,173.12,-1.63,,,,False,0,2025-06-30 23:19:04
aaeb0e,UAL2289 ,United States,1751325543.0,1751325543,-97.6784,30.1946,,True,17.49,151.88,,,,0027,False,0,2025-06-30 23:19:04
a11d7d,CVU71   ,United States,1751325544.0,1751325544,-114.4207,35.9705,2026.92,False,65.39,259.57,-0.65,,2087.88,,False,0,2025-06-30 23:19:04
a9cec5,CXK355  ,United States,1751325544.0,1751325544,-75.2973,38.2336,1341.12,False,54.57,81.87,-2.93,,1379.22,,False,0,2025-06-30 23:19:04
a1d4bc,ENY3363 ,United States,1751325535.0,1751325540,-77.6678,43.1252,,True,0.0,343.12,,,,6526,True,0,2025-06-30 23:19:04
a80595,FFT1225 ,United States,1751325539.0,1751325542,-77.8772,33.5308,8839.2,False,244.05,345.85,0.0,,9387.84,,False,0,2025-06-30 23:19:04
a9cecf,AAL107  ,United States,1751325543.0,1751325543,-72.8152,40.9124,3657.6,False,149.49,221.09,0.33,,3832.86,2512,False,0,2025-06-30 23:19:04
abd5bb,SWA3689 ,United States,1751325544.0,1751325544,-87.1977,41.4565,9159.24,False,235.53,354.86,-11.38,,9631.68,6747,False,0,2025-06-30 23:19:04
a09a87,N138SP  ,United States,1751325543.0,1751325544,-122.5935,45.3762,12832.08,False,263.05,336.24,-12.35,,13350.24,4732,False,0,2025-06-30 23:19:04
a327ee,DAL1692 ,United States,1751325544.0,1751325544,-101.2368,45.0375,11277.6,False,255.04,97.07,0.33,,11750.04,,False,0,2025-06-30 23:19:04
ac4ffb,SWA3929 ,United States,1751325541.0,1751325542,-101.6694,37.9992,10668.0,False,253.51,85.11,0.33,,11262.36,2650,False,0,2025-06-30 23:19:04
aa9b65,SWA1111 ,United States,1751325543.0,1751325543,-122.2129,37.7109,,True,0.0,59.06,,,,,False,0,2025-06-30 23:19:04
a6c4d7,AAL2306 ,United States,1751325543.0,1751325543,-90.7548,35.7368,10675.62,False,252.58,46.82,0.0,,11308.08,0502,False,0,2025-06-30 23:19:04
ad6fef,NKS2500 ,United States,1751325544.0,1751325544,-96.6057,40.0889,7185.66,False,219.3,85.56,-11.38,,7566.66,,False,0,2025-06-30 23:19:04
a58a67,SWA3259 ,United States,1751325542.0,1751325543,-122.2134,37.7093,,True,0.0,126.56,,,,,False,0,2025-06-30 23:19:04
a5a4ca,N463AK  ,United States,1751325543.0,1751325543,-115.2981,36.1598,2529.84,False,148.87,25.59,11.7,,2659.38,,False,0,2025-06-30 23:19:04
aaa342,ENY4011 ,United States,1751325543.0,1751325544,-100.4416,30.6307,11277.6,False,233.09,67.96,0.0,,11971.02,1630,False,0,2025-06-30 23:19:04
a794e1,DAL301  ,United States,1751325543.0,1751325543,-101.9331,31.0767,10363.2,False,227.62,245.0,0.0,,10965.18,7525,False,0,2025-06-30 23:19:04
ab6020,DAL902  ,United States,1751325543.0,1751325543,-115.6484,40.6365,11277.6,False,254.35,83.26,-0.65,,11864.34,,False,0,2025-06-30 23:19:04
ab734d,KSU37   ,United States,1751325542.0,1751325542,-97.6548,38.7622,510.54,False,41.87,95.64,-1.3,,533.4,,False,0,2025-06-30 23:19:04
a661bf,DAL328  ,United States,1751325544.0,1751325544,-82.5528,28.7165,7414.26,False,196.72,350.37,1.95,,7833.36,5347,False,0,2025-06-30 23:19:04
a924c6,TWY89   ,United States,1751325531.0,1751325531,-121.3172,33.5149,12618.72,False,246.57,261.48,8.45,,12946.38,,False,0,2025-06-30 23:19:04
abb007,DAL54   ,United States,1751325543.0,1751325544,-76.8733,36.4874,10058.4,False,247.24,53.03,0.0,,10675.62,6076,False,0,2025-06-30 23:19:04
ac8009,SWA2689 ,United States,1751325543.0,1751325543,-114.9699,34.503,11887.2,False,245.15,57.08,0.33,,12534.9,7361,False,0,2025-06-30 23:19:04
ace306,N92977  ,United States,1751325543.0,1751325544,-122.8108,38.1633,1988.82,False,65.82,301.58,0.0,,2042.16,1200,False,0,2025-06-30 23:19:04
ad6ff2,AAL1085 ,United States,1751325543.0,1751325544,-92.4318,34.6094,11582.4,False,221.57,251.73,0.0,,12260.58,4111,False,0,2025-06-30 23:19:04
a4ba76,AAL2320 ,United States,1751325539.0,1751325539,-77.6675,43.1259,,True,0.0,87.19,,,,3342,False,0,2025-06-30 23:19:04
348351,IBE03DL ,Spain,1751325543.0,1751325544,-70.98,42.4166,281.94,False,71.6,199.74,-3.9,,266.7,,False,0,2025-06-30 23:19:04
aa9b42,SWA515  ,United States,1751325544.0,1751325544,-103.1422,38.0013,9144.0,False,234.81,331.47,0.33,,9662.16,,False,0,2025-06-30 23:19:04
a2e1c7,ENY4187 ,United States,1751325543.0,1751325543,-95.4298,29.953,1074.42,False,118.37,277.74,11.7,,1143.0,2716,False,0,2025-06-30 23:19:04
a301d8,ENY3668 ,United States,1751325543.0,1751325543,-82.5441,35.4406,624.84,False,46.55,159.96,-0.33,,632.46,,False,0,2025-06-30 23:19:04
a6c4e6,VOI1741 ,United States,1751325538.0,1751325538,-115.1329,36.0815,,True,2.83,180.0,,,,,False,0,2025-06-30 23:19:04
a19910,JBU637  ,United States,1751325542.0,1751325544,-71.6347,38.309,9006.84,False,247.65,169.95,3.25,,9540.24,1122,False,0,2025-06-30 23:19:04
ac801e,EDV5089 ,United States,1751325544.0,1751325544,-79.2501,35.3063,9997.44,False,225.44,51.3,6.18,,10614.66,,False,0,2025-06-30 23:19:04
acd00b,N92448  ,United States,1751325543.0,1751325543,-122.6033,45.1451,373.38,False,47.39,69.01,-1.63,,342.9,,False,0,2025-06-30 23:19:04
ad5cfa,N960JM  ,United States,1751325544.0,1751325544,-113.0228,43.1609,9448.8,False,151.47,166.25,-0.33,,9936.48,,False,0,2025-06-30 23:19:04
ab7394,AAL3260 ,United States,1751325543.0,1751325543,-95.2606,44.3092,10668.0,False,259.49,107.9,-0.33,,11003.28,3535,False,0,2025-06-30 23:19:04
a817b1,QXE2077 ,United States,1751325544.0,1751325544,-118.3206,34.0311,1668.78,False,104.2,82.91,-5.53,,1714.5,1330,False,0,2025-06-30 23:19:04
aa9b20,SWA3516 ,United States,1751325500.0,1751325500,-119.3978,38.8198,5516.88,False,190.25,314.67,-10.08,,5829.3,,False,0,2025-06-30 23:19:04
a3ad5a,DAL2316 ,United States,1751325543.0,1751325543,-86.6514,38.3882,9281.16,False,255.6,8.8,2.6,,9814.56,5615,False,0,2025-06-30 23:19:04
a5b7e6,LXJ468  ,United States,1751325544.0,1751325544,-91.9434,41.5142,13716.0,False,248.53,88.81,0.33,,14257.02,,False,0,2025-06-30 23:19:04
a44917,UAL2356 ,United States,1751325544.0,1751325544,-77.5344,42.7218,10668.0,False,262.47,91.57,0.0,,11239.5,0571,False,0,2025-06-30 23:19:04
a58a28,N456U   ,United States,1751325543.0,1751325543,-97.3245,31.7984,2887.98,False,47.29,135.0,0.33,,3025.14,,False,0,2025-06-30 23:19:04
ad1697,SWA286  ,United States,1751325544.0,1751325544,-78.5025,38.0756,11574.78,False,240.44,198.59,0.0,,12245.34,1402,False,0,2025-06-30 23:19:04
a0c936,N15QB   ,United States,1751325543.0,1751325544,-106.4113,31.8512,12489.18,False,266.84,125.74,-0.33,,13205.46,7222,False,0,2025-06-30 23:19:04
a46a7e,DAL2714 ,United States,1751325544.0,1751325544,-83.2747,40.5767,10355.58,False,217.75,215.87,0.0,,10934.7,2235,False,0,2025-06-30 23:19:04
ab6081,LYM5120 ,United States,1751325543.0,1751325544,-94.057,46.6158,9144.0,False,217.09,327.78,0.33,,9364.98,0352,False,0,2025-06-30 23:19:04
acf69b,EDV4967 ,United States,1751325543.0,1751325543,-96.4666,29.8588,6842.76,False,208.12,298.66,-13.33,,7254.24,5674,False,0,2025-06-30 23:19:04
ad0375,TAI425  ,United States,1751325543.0,1751325543,-94.2719,28.3334,9075.42,False,231.33,165.84,4.55,,9654.54,6626,False,0,2025-06-30 23:19:04
a59d5f,AAL968  ,United States,1751325543.0,1751325544,-87.2356,35.6236,10370.82,False,233.57,255.72,0.0,,11033.76,0677,False,0,2025-06-30 23:19:04
a6d7e0,SYX54   ,United States,1751325543.0,1751325543,-107.6847,32.4499,2286.0,False,86.41,199.84,-2.28,,2392.68,,False,0,2025-06-30 23:19:04
a06646,AAL727  ,United States,1751325328.0,1751325328,-122.3067,47.4521,,True,5.66,118.12,,,,,False,0,2025-06-30 23:19:04
ac0912,N875BR  ,United States,1751325544.0,1751325544,-121.3868,38.4061,1699.26,False,65.65,105.45,0.0,,1737.36,4530,False,0,2025-06-30 23:19:04
a3aca6,FFT1821 ,United States,1751325354.0,1751325380,-99.7608,40.6007,10972.8,False,212.54,260.95,0.0,,11513.82,7461,False,0,2025-06-30 23:19:04
0d0ecf,VIV113  ,Mexico,1751325544.0,1751325544,-113.3149,35.2116,8991.6,False,232.14,116.74,2.93,,9525.0,,False,0,2025-06-30 23:19:04
a29337,SKW4006 ,United States,1751325485.0,1751325525,-96.0186,36.1358,1150.62,False,117.38,177.74,-0.33,,1181.1,0563,False,0,2025-06-30 23:19:04
8694d8,ANA108  ,Japan,1751325543.0,1751325543,-122.4591,37.6976,3375.66,False,147.48,139.81,0.0,,3505.2,1174,False,0,2025-06-30 23:19:04
a2e306,N28507  ,United States,1751325533.0,1751325534,-96.0915,30.7051,1089.66,False,52.69,116.06,0.98,,1143.0,,False,0,2025-06-30 23:19:04
a9bd7b,N7269T  ,United States,1751325543.0,1751325543,-115.7854,47.6469,4145.28,False,66.49,296.17,-0.65,,4305.3,,False,0,2025-06-30 23:19:04
a2097b,N230LA  ,United States,1751325543.0,1751325543,-118.3456,34.0981,289.56,False,26.56,68.4,2.28,,251.46,,False,0,2025-06-30 23:19:04
a6fa94,JIA5309 ,United States,1751325543.0,1751325543,-97.0239,32.8474,739.14,False,97.94,160.99,9.43,,762.0,2276,False,0,2025-06-30 23:19:04
a05373,N12XN   ,United States,1751325543.0,1751325543,-86.3346,34.6604,7620.0,False,138.86,119.03,0.0,,8084.82,1035,False,0,2025-06-30 23:19:04
a4493e,UAL1948 ,United States,1751325544.0,1751325544,-120.9808,37.6307,5859.78,False,195.54,260.61,-9.1,,6134.1,6107,False,0,2025-06-30 23:19:04
a1d63d,UAL1564 ,United States,1751325541.0,1751325541,-87.9129,41.9674,,True,10.8,90.0,,,,3211,False,0,2025-06-30 23:19:04
a0669d,DAL1225 ,United States,1751325543.0,1751325544,-84.3263,32.0393,10363.2,False,231.37,356.69,0.0,,10988.04,7176,False,0,2025-06-30 23:19:04
a3acaf,N336G   ,United States,1751325543.0,1751325543,-97.6734,30.7496,594.36,False,37.68,184.7,-1.63,,601.98,2272,False,0,2025-06-30 23:19:04
a4493a,UAL1710 ,United States,1751325517.0,1751325517,-87.9291,41.9781,,True,5.14,0.0,,,,,False,0,2025-06-30 23:19:04
a17355,N193AE  ,United States,1751325544.0,1751325544,-88.5743,39.0055,365.76,False,71.26,71.04,-2.28,,335.28,,False,0,2025-06-30 23:19:04
a0a30e,DAL846  ,United States,1751325544.0,1751325544,-97.0257,33.0503,891.54,False,86.95,181.02,-5.2,,929.64,3015,False,0,2025-06-30 23:19:04
a54312,RPA9946 ,United States,1751325544.0,1751325544,-75.0555,43.0483,10972.8,False,213.79,273.03,0.0,,11567.16,1371,False,0,2025-06-30 23:19:04
a1e958,N222KH  ,United States,1751325543.0,1751325543,-123.5305,47.1542,1371.6,False,62.27,257.11,0.0,,1424.94,,False,0,2025-06-30 23:19:04
a4dfdd,N413GB  ,United States,1751325542.0,1751325542,-115.4807,35.5114,12192.0,False,210.44,200.16,0.33,,12847.32,,False,0,2025-06-30 23:19:04
a44939,UAL1473 ,United States,1751325224.0,1751325230,-74.1817,40.6992,,True,4.12,191.25,,,,4130,False,0,2025-06-30 23:19:04
0d0efa,RFD166  ,Mexico,1751325544.0,1751325544,-100.0846,26.0906,2423.16,False,94.21,345.13,0.0,,2522.22,,False,0,2025-06-30 23:19:04
a0fcd4,AAL215  ,United States,1751325429.0,1751325532,-87.8766,41.9883,289.56,False,69.97,269.58,0.33,,243.84,6124,False,0,2025-06-30 23:19:04
a3293e,N3021C  ,United States,1751325543.0,1751325543,-71.6236,42.1995,1036.32,False,66.01,40.89,0.0,,1043.94,5245,False,0,2025-06-30 23:19:04
aa9a93,SWA1636 ,United States,1751325544.0,1751325544,-94.8269,35.6969,11887.2,False,237.0,101.77,-0.33,,12557.76,6726,False,0,2025-06-30 23:19:04
a7e4f9,N608AB  ,United States,1751325241.0,1751325245,-97.3656,32.8485,335.28,False,57.77,171.29,-2.93,,312.42,2630,False,0,2025-06-30 23:19:04
aa9a7a,SWA2681 ,United States,1751325544.0,1751325544,-94.3339,40.7017,11277.6,False,262.29,76.62,0.0,,11818.62,,False,0,2025-06-30 23:19:04
aa51fe,SKW6365 ,United States,1751325543.0,1751325543,-92.6629,32.4505,10363.2,False,230.99,270.38,0.0,,10995.66,,False,0,2025-06-30 23:19:04
a0a36d,N140HP  ,United States,1751325544.0,1751325544,-117.9608,33.896,373.38,False,45.19,157.23,-3.9,,335.28,4203,False,0,2025-06-30 23:19:04
aafca8,JBU1682 ,United States,1751325544.0,1751325544,-72.3237,38.9311,9555.48,False,221.19,320.76,-9.1,,10134.6,,False,0,2025-06-30 23:19:04
aa9a81,N7821T  ,United States,1751325542.0,1751325543,-120.2697,39.0688,3169.92,False,57.69,261.8,-0.98,,3299.46,,False,0,2025-06-30 23:19:04
a2803d,AAY633  ,United States,1751325543.0,1751325544,-83.8177,35.8806,10668.0,False,236.66,127.49,0.0,,11308.08,2670,False,0,2025-06-30 23:19:04
a7d1ae,N60244  ,United States,1751325520.0,1751325525,-115.5047,36.4284,2484.12,False,79.31,320.53,-1.95,,2537.46,,False,0,2025-06-30 23:19:04
a68903,N520AW  ,United States,1751325543.0,1751325543,-82.3573,35.243,3794.76,False,150.24,135.14,14.96,,3992.88,2526,False,0,2025-06-30 23:19:04
0d0ea9,VTM692  ,Mexico,1751325543.0,1751325543,-101.3394,24.9408,9448.8,False,236.9,31.41,0.0,,10050.78,,False,0,2025-06-30 23:19:04
abd627,SWA4006 ,United States,1751325543.0,1751325544,-88.5259,40.2213,10355.58,False,215.36,224.42,3.25,,10896.6,1323,False,0,2025-06-30 23:19:04
aab62f,N79FF   ,United States,1751325543.0,1751325544,-105.1277,39.9149,1623.06,False,30.68,124.76,-1.3,,1706.88,,False,0,2025-06-30 23:19:04
c03bf2,WJA1514 ,Canada,1751325543.0,1751325544,-114.6057,35.8541,11582.4,False,225.92,228.32,-0.33,,12222.48,2102,False,0,2025-06-30 23:19:04
a781d7,JBU883  ,United States,1751325542.0,1751325542,-73.7797,40.653,,True,0.0,120.94,,,,,False,0,2025-06-30 23:19:04
c03bf5,WJA1427 ,Canada,1751325543.0,1751325543,-91.0913,41.7285,11186.16,False,214.37,313.15,4.23,,11681.46,1042,False,0,2025-06-30 23:19:04
ad1619,N942RM  ,United States,1751325507.0,1751325524,-84.1688,42.5835,944.88,False,34.98,241.93,-2.6,,906.78,,False,0,2025-06-30 23:19:04
a924fc,DAL796  ,United States,1751325544.0,1751325544,-93.019,32.2466,11277.6,False,249.38,86.81,0.0,,11963.4,3543,False,0,2025-06-30 23:19:04
ac4fd8,SWA1911 ,United States,1751325543.0,1751325544,-81.968,29.3661,10668.0,False,245.02,169.96,0.0,,11269.98,1156,False,0,2025-06-30 23:19:04
abd60b,SWA2281 ,United States,1751325543.0,1751325543,-81.5808,32.1619,11597.64,False,232.27,92.67,-0.33,,12237.72,3674,False,0,2025-06-30 23:19:04
a4497f,UAL1171 ,United States,1751325537.0,1751325538,-95.2726,29.9776,152.4,False,80.77,270.0,-2.93,,167.64,5072,False,0,2025-06-30 23:19:04
8694b6,ANA111  ,Japan,1751325543.0,1751325543,-88.2659,43.0938,6964.68,False,229.72,331.66,12.68,,7223.76,6263,False,0,2025-06-30 23:19:04
a3298a,JBU2473 ,United States,1751325536.0,1751325544,-73.7645,40.6509,,True,0.06,120.94,,,,,False,0,2025-06-30 23:19:04
ab9991,N84678  ,United States,1751325542.0,1751325542,-85.8945,37.4593,1036.32,False,33.38,114.59,-13.0,,1089.66,,False,0,2025-06-30 23:19:04
abe94c,ERU867  ,United States,1751325544.0,1751325544,-81.16,29.4065,571.5,False,49.58,157.43,-1.95,,601.98,0160,False,0,2025-06-30 23:19:04
a16037,AAL2410 ,United States,1751325544.0,1751325544,-87.958,36.2552,9761.22,False,231.79,276.12,0.0,,10347.96,0350,False,0,2025-06-30 23:19:04
a28011,N260MA  ,United States,1751325540.0,1751325543,-70.9155,41.7175,342.9,False,66.53,219.35,-4.55,,327.66,,False,0,2025-06-30 23:19:04
a5b916,UAL1243 ,United States,1751325544.0,1751325544,-120.3773,35.2746,10370.82,False,241.54,314.83,0.0,,10873.74,1050,False,0,2025-06-30 23:19:04
aaa339,N785BG  ,United States,1751325543.0,1751325543,-72.1624,43.8174,1371.6,False,51.74,311.78,0.0,,1402.08,,False,0,2025-06-30 23:19:04
a1e98e,N222MM  ,United States,1751325543.0,1751325543,-113.5019,33.5181,3352.8,False,83.65,274.94,0.65,,3573.78,,False,0,2025-06-30 23:19:04
a4dfa6,,United States,1751325540.0,1751325540,-73.7827,40.6373,,True,2.83,174.38,,,,,False,0,2025-06-30 23:19:04
a66355,VOI1770 ,United States,1751325544.0,1751325544,-115.6552,32.6482,11574.78,False,233.11,309.63,0.0,,12222.48,3263,False,0,2025-06-30 23:19:04
ad27e0,N947HH  ,United States,1751325543.0,1751325543,-118.2603,33.836,632.46,False,48.83,343.47,-4.23,,579.12,,False,0,2025-06-30 23:19:04
a92650,TAI523  ,United States,1751325544.0,1751325544,-102.5355,24.8207,10660.38,False,237.88,127.27,0.0,,11361.42,,False,0,2025-06-30 23:19:04
ac2a33,AAL936  ,United States,1751325543.0,1751325543,-81.995,30.1576,7322.82,False,245.04,185.66,-0.33,,7741.92,6621,False,0,2025-06-30 23:19:04
a85ff5,JBU1152 ,United States,1751325544.0,1751325544,-76.2693,37.0686,10675.62,False,236.77,35.0,0.0,,11308.08,2143,False,0,2025-06-30 23:19:04
ac07fd,SWA2350 ,United States,1751325544.0,1751325544,-91.1093,31.6988,11582.4,False,230.92,250.07,0.0,,12283.44,3136,False,0,2025-06-30 23:19:04
a6c652,N5357E  ,United States,1751325286.0,1751325286,-78.036,39.2012,777.24,False,27.63,155.82,-2.28,,845.82,,False,0,2025-06-30 23:19:04
a3f04a,DAL337  ,United States,1751325543.0,1751325543,-81.3244,31.6742,10058.4,False,221.52,12.75,0.0,,10629.9,2653,False,0,2025-06-30 23:19:04
a96cbe,VXP392  ,United States,1751325544.0,1751325544,-76.1471,37.2071,11894.82,False,227.79,35.16,0.0,,12557.76,3237,False,0,2025-06-30 23:19:04
a5a683,UAL1868 ,United States,1751325544.0,1751325544,-100.1723,45.9629,10668.0,False,255.48,112.74,0.0,,11056.62,,False,0,2025-06-30 23:19:04
4cad47,ITY621  ,Ireland,1751325543.0,1751325543,-113.9892,37.3255,11277.6,False,263.01,32.54,0.0,,11894.82,2412,False,0,2025-06-30 23:19:04
3482d6,AEA097  ,Spain,1751325533.0,1751325535,-79.338,27.5258,8382.0,False,224.67,198.14,-7.48,,8839.2,7232,False,0,2025-06-30 23:19:04
a77035,DAL2114 ,United States,1751325543.0,1751325543,-113.9819,36.2665,10363.2,False,229.36,233.85,0.0,,10942.32,3035,False,0,2025-06-30 23:19:04
3c4586,BOX453  ,Germany,1751325544.0,1751325544,-73.6432,40.5919,2964.18,False,162.94,38.46,7.8,,3086.1,3361,False,0,2025-06-30 23:19:04
aaea4a,RVJ802  ,United States,1751325456.0,1751325456,-77.4405,38.9535,,True,0.9,270.0,,,,2750,False,0,2025-06-30 23:19:04
3c458c,BOX448  ,Germany,1751325543.0,1751325544,-73.2354,47.0132,10363.2,False,235.83,239.01,-0.33,,10812.78,,False,0,2025-06-30 23:19:04
a5a69b,N463V   ,United States,1751325544.0,1751325544,-89.8246,41.0608,13106.4,False,184.75,246.36,-0.33,,13639.8,4555,False,0,2025-06-30 23:19:04
a6503f,JIA5327 ,United States,1751325543.0,1751325543,-81.4186,38.4487,10058.4,False,246.63,92.39,0.33,,10660.38,1311,False,0,2025-06-30 23:19:04
ae47e8,R20043  ,United States,1751325543.0,1751325544,-97.8618,31.1637,441.96,False,54.69,265.68,-0.33,,434.34,,False,0,2025-06-30 23:19:04
a3f080,N353FS  ,United States,1751325544.0,1751325544,-114.9938,36.1579,1013.46,False,57.76,274.09,1.95,,952.5,,False,0,2025-06-30 23:19:04
a6503c,FTD506  ,United States,1751325543.0,1751325544,-84.8654,38.5897,6690.36,False,188.89,218.59,13.66,,7071.36,6732,False,0,2025-06-30 23:19:04
3c4593,BOX458  ,Germany,1751325543.0,1751325543,-84.4319,33.6307,,True,9.77,90.0,,,,2214,False,0,2025-06-30 23:19:04
abd4e7,SWA4199 ,United States,1751325543.0,1751325543,-108.7506,32.3125,10668.0,False,248.25,102.57,0.0,,11277.6,4134,False,0,2025-06-30 23:19:04
ae47e0,R20030  ,United States,1751325544.0,1751325544,-79.011,35.0628,297.18,False,64.95,40.5,0.0,,289.56,,False,0,2025-06-30 23:19:04
a1e8bf,N222DE  ,United States,1751325544.0,1751325544,-82.2101,42.4819,6705.6,False,121.38,280.5,0.0,,7010.4,7465,False,0,2025-06-30 23:19:04
a198df,N20155  ,United States,1751325490.0,1751325490,-82.3577,34.7767,388.62,False,39.72,306.57,-2.6,,449.58,,False,0,2025-06-30 23:19:04
0d0f91,VIV9404 ,Mexico,1751325543.0,1751325544,-100.137,25.7954,510.54,False,72.97,121.45,-3.9,,510.54,,False,0,2025-06-30 23:19:04
a59cd5,N4606R  ,United States,1751325544.0,1751325544,-78.4148,35.5104,365.76,False,29.33,217.87,2.28,,381.0,,False,0,2025-06-30 23:19:04
a208ce,N230DC  ,United States,1751325543.0,1751325543,-112.2034,41.5529,2125.98,False,49.32,300.04,0.98,,2232.66,,False,0,2025-06-30 23:19:04
ad14f9,DAL871  ,United States,1751325543.0,1751325543,-112.0477,40.8403,1859.28,False,118.75,291.34,4.88,,1927.86,,False,0,2025-06-30 23:19:04
acf4e8,DAL1347 ,United States,1751325543.0,1751325543,-84.2234,33.7247,1607.82,False,121.89,136.2,-7.15,,1691.64,0733,False,0,2025-06-30 23:19:04
ad01ab,SWA2430 ,United States,1751325542.0,1751325543,-94.3312,32.4286,12192.0,False,222.07,266.81,-0.33,,12870.18,2673,False,0,2025-06-30 23:19:04
a53001,GPD433  ,United States,1751325544.0,1751325544,-72.1749,41.8699,2750.82,False,145.23,59.8,-4.55,,2872.74,5204,False,0,2025-06-30 23:19:04
a6895e,N520EM  ,United States,1751325543.0,1751325543,-112.5215,36.1488,13716.0,False,259.99,249.38,-0.33,,14394.18,7234,False,0,2025-06-30 23:19:04
a3f00a,ATN3348 ,United States,1751325543.0,1751325543,-85.2032,38.8023,6362.7,False,228.86,56.27,-9.75,,6697.98,2436,False,0,2025-06-30 23:19:04
a53013,UPS9871 ,United States,1751325543.0,1751325543,-120.1413,38.4337,10668.0,False,233.52,169.98,0.0,,11201.4,6665,False,0,2025-06-30 23:19:04
a54343,AXO302  ,United States,1751325543.0,1751325544,-80.7321,35.3798,518.16,False,80.63,319.4,1.3,,518.16,,False,0,2025-06-30 23:19:04
a80641,JIA5207 ,United States,1751325542.0,1751325542,-92.1674,30.5043,3566.16,False,173.3,338.77,4.55,,3779.52,,False,0,2025-06-30 23:19:04
a61ffc,N494LP  ,United States,1751325544.0,1751325544,-93.9608,41.7574,617.22,False,47.33,217.49,0.65,,624.84,,False,0,2025-06-30 23:19:04
abc1ef,CXK139  ,United States,1751325544.0,1751325544,-78.8222,35.9653,922.02,False,52.81,132.24,0.0,,929.64,,False,0,2025-06-30 23:19:04
a1b07f,BXR1981 ,United States,1751325543.0,1751325543,-122.2946,40.7214,1493.52,False,80.28,178.53,-3.25,,1516.38,,False,0,2025-06-30 23:19:04
aaea8c,DAL174  ,United States,1751325544.0,1751325544,-79.7644,35.2047,10668.0,False,238.87,64.76,0.0,,11300.46,3344,False,0,2025-06-30 23:19:04
a66346,AAL2905 ,United States,1751325544.0,1751325544,-80.4704,34.7466,3848.1,False,174.21,324.01,-8.45,,4053.84,1560,False,0,2025-06-30 23:19:04
a1b092,RPA5886 ,United States,1751325544.0,1751325544,-76.766,41.2836,7315.2,False,186.78,268.9,0.33,,7703.82,7043,False,0,2025-06-30 23:19:04
a80629,JAS700  ,United States,1751325543.0,1751325544,-116.4645,33.9325,6416.04,False,197.17,261.45,-8.13,,6758.94,7375,False,0,2025-06-30 23:19:04
a6898d,GJS4390 ,United States,1751325534.0,1751325539,-87.9308,41.9748,,True,0.0,270.0,,,,1743,False,0,2025-06-30 23:19:04
ac0906,AAL3306 ,United States,1751325493.0,1751325515,-80.8206,25.4791,3154.68,False,156.18,19.03,-7.8,,3345.18,4364,False,0,2025-06-30 23:19:04
ac3f13,N8888X  ,United States,1751325544.0,1751325544,-93.8644,35.7875,2400.3,False,86.59,135.96,3.58,,2506.98,4372,False,0,2025-06-30 23:19:04
0d0f4b,TAA220  ,Mexico,1751325543.0,1751325544,-99.5851,26.5541,6431.28,False,143.95,9.46,-5.53,,6819.9,,False,0,2025-06-30 23:19:04
abb19c,SWA2606 ,United States,1751325543.0,1751325543,-81.327,28.4576,53.34,False,76.14,179.23,-3.58,,68.58,7440,False,0,2025-06-30 23:19:04
a568e8,LXJ448  ,United States,1751325543.0,1751325543,-81.4459,31.6776,12496.8,False,211.99,358.89,0.0,,13152.12,5403,False,0,2025-06-30 23:19:04
a1e8ec,N222F   ,United States,1751325304.0,1751325304,-117.273,33.1294,114.3,False,29.36,258.89,-1.63,,76.2,,False,0,2025-06-30 23:19:04
a35e49,DAL1517 ,United States,1751325544.0,1751325544,-110.0336,36.9036,10972.8,False,233.35,240.55,0.0,,11559.54,1736,False,0,2025-06-30 23:19:04
a34b15,FFT1304 ,United States,1751325544.0,1751325544,-86.5714,36.4319,10363.2,False,224.55,197.19,0.33,,10995.66,6620,False,0,2025-06-30 23:19:04
39c494,FBU93L  ,France,1751325543.0,1751325544,-115.1547,35.4513,12192.0,False,248.9,226.51,-0.33,,12862.56,,False,0,2025-06-30 23:19:04
ae1169,WING73  ,United States,1751325544.0,1751325544,-78.5361,36.0717,4678.68,False,105.86,225.59,-2.6,,4937.76,4132,False,0,2025-06-30 23:19:04
39c495,FBU20J  ,France,1751325543.0,1751325543,-69.1176,44.2156,13106.4,False,236.8,254.24,0.0,,13655.04,0727,False,0,2025-06-30 23:19:04
a448d5,UAL2117 ,United States,1751325543.0,1751325544,-117.3485,32.8188,1889.76,False,132.25,308.21,12.68,,1927.86,,False,0,2025-06-30 23:19:04
a0a2bd,AAL9783 ,United States,1751325544.0,1751325544,-108.1603,35.3054,11292.84,False,223.83,67.86,0.33,,11925.3,4124,False,0,2025-06-30 23:19:04
abe9b1,JRE867  ,United States,1751325544.0,1751325544,-109.9571,38.0504,11521.44,False,212.01,30.8,-5.85,,12115.8,1044,False,0,2025-06-30 23:19:04
a555ad,N4429Q  ,United States,1751325343.0,1751325348,-122.3958,48.4606,129.54,False,29.25,309.29,-1.3,,121.92,,False,0,2025-06-30 23:19:04
a448d1,UAL2855 ,United States,1751325544.0,1751325544,-111.2565,33.0236,10668.0,False,245.69,104.68,0.0,,11277.6,6312,False,0,2025-06-30 23:19:04
a448bf,N3750J  ,United States,1751325422.0,1751325431,-71.1282,42.7439,266.7,False,38.65,206.91,-3.58,,243.84,,False,0,2025-06-30 23:19:04
a448ba,DAL1155 ,United States,1751325543.0,1751325544,-112.0912,35.4991,10972.8,False,229.12,355.49,0.0,,11574.78,0766,False,0,2025-06-30 23:19:04
a23e44,N24350  ,United States,1751325543.0,1751325543,-119.0543,34.2245,327.66,False,49.91,91.18,-0.65,,281.94,,False,0,2025-06-30 23:19:04
ac2c10,SWA2339 ,United States,1751325544.0,1751325544,-95.9247,32.7392,11887.2,False,239.04,63.55,0.0,,12588.24,7403,False,0,2025-06-30 23:19:04
a5db01,N4769K  ,United States,1751325376.0,1751325376,-120.1102,45.0155,4747.26,False,99.04,80.73,2.28,,4960.62,,False,0,2025-06-30 23:19:04
ae1193,GRZLY50 ,United States,1751325543.0,1751325543,-115.9859,33.0466,8199.12,False,191.4,90.92,6.18,,8656.32,,False,0,2025-06-30 23:19:04
ab86d5,N84162  ,United States,1751325543.0,1751325543,-97.2133,36.1696,1348.74,False,55.48,251.06,-1.3,,1379.22,,False,0,2025-06-30 23:19:04
a7d39a,NKS2202 ,United States,1751325543.0,1751325543,-78.1863,32.5069,10668.0,False,233.22,6.97,0.33,,11269.98,,False,0,2025-06-30 23:19:04
a22b28,ENY3834 ,United States,1751325544.0,1751325544,-112.0616,35.2205,9753.6,False,225.8,354.64,-0.65,,10317.48,0744,False,0,2025-06-30 23:19:04
a89086,AAL3239 ,United States,1751325433.0,1751325436,-111.9934,33.4326,,True,0.0,213.75,,,,,False,0,2025-06-30 23:19:04
aab6d9,N79NA   ,United States,1751325543.0,1751325543,-71.9023,42.5625,1371.6,False,51.25,342.47,-0.33,,1402.08,,False,0,2025-06-30 23:19:04
a7e691,SKW6532 ,United States,1751325544.0,1751325544,-87.1395,42.03,5532.12,False,212.32,102.45,10.4,,5730.24,2603,False,0,2025-06-30 23:19:04
a1c2f6,N212WT  ,United States,1751325392.0,1751325392,-80.1128,26.0092,121.92,False,47.37,177.51,-1.63,,106.68,,False,0,2025-06-30 23:19:04
a1c2f1,SWA4546 ,United States,1751325544.0,1751325544,-119.2691,34.8495,5791.2,False,180.98,151.1,0.33,,6057.9,3371,False,0,2025-06-30 23:19:04
a568a6,CFR95   ,United States,1751325383.0,1751325383,-120.82,40.1888,2895.6,False,110.48,100.73,0.0,,3055.62,,False,0,2025-06-30 23:19:04
a6506d,SKW4761 ,United States,1751325541.0,1751325541,-88.113,44.4928,,True,4.89,241.88,,,,,False,0,2025-06-30 23:19:04
a06703,RPA4556 ,United States,1751325538.0,1751325541,-79.625,43.6841,,True,0.0,317.81,,,,6345,False,0,2025-06-30 23:19:04
a0eb95,N15892  ,United States,1751325418.0,1751325419,-71.7722,42.5623,152.4,False,42.82,151.28,-5.2,,144.78,1200,False,0,2025-06-30 23:19:04
a34b61,N311JS  ,United States,1751325543.0,1751325543,-122.1395,37.4937,251.46,False,53.8,6.04,0.98,,205.74,1200,False,0,2025-06-30 23:19:04
a89058,N6509L  ,United States,1751325543.0,1751325543,-122.5523,47.7659,1348.74,False,51.51,219.73,-1.3,,1402.08,0327,False,0,2025-06-30 23:19:04
a448fa,UAL1839 ,United States,1751325543.0,1751325544,-106.5888,37.3717,10363.2,False,232.45,224.91,0.0,,10942.32,2776,False,0,2025-06-30 23:19:04
a448fc,DAL2460 ,United States,1751325544.0,1751325544,-77.0635,36.234,10972.8,False,242.29,207.44,0.0,,11612.88,1774,False,0,2025-06-30 23:19:04
a65086,DAL786  ,United States,1751325543.0,1751325544,-94.8374,43.4899,10972.8,False,202.38,288.07,0.0,,11361.42,3636,False,0,2025-06-30 23:19:04
a7706b,LXJ579  ,United States,1751325543.0,1751325543,-109.7878,38.4533,13548.36,False,244.11,87.34,-8.13,,14211.3,,False,0,2025-06-30 23:19:04
a292c9,ENY3929 ,United States,1751325543.0,1751325543,-111.9816,33.4408,472.44,False,71.0,269.17,-2.93,,426.72,,False,0,2025-06-30 23:19:04
a35e5b,,United States,1751325544.0,1751325544,-117.2859,37.3749,9456.42,False,200.16,116.24,0.0,,9959.34,,False,0,2025-06-30 23:19:04
a4ce11,AAL2148 ,United States,1751325543.0,1751325543,-88.1373,31.7288,10965.18,False,234.4,286.45,-0.33,,11635.74,6031,False,0,2025-06-30 23:19:04
ac2c56,SWA2503 ,United States,1751325544.0,1751325544,-92.2141,34.1948,10972.8,False,227.24,246.8,0.0,,11635.74,1044,False,0,2025-06-30 23:19:04
a35e66,AAL1245 ,United States,1751325541.0,1751325541,-80.962,25.3513,4130.04,False,163.36,68.77,-8.45,,4480.56,1365,False,0,2025-06-30 23:19:04
a448f8,UAL584  ,United States,1751325543.0,1751325543,-84.8293,33.9766,10668.0,False,238.04,65.48,0.0,,11315.7,2704,False,0,2025-06-30 23:19:04
ab0c73,N8105R  ,United States,1751325544.0,1751325544,-86.2986,40.1018,1249.68,False,56.59,306.87,5.53,,1272.54,,False,0,2025-06-30 23:19:04
a448f2,UAL2668 ,United States,1751325543.0,1751325543,-76.5351,36.6321,10363.2,False,247.02,204.48,0.0,,10965.18,3044,False,0,2025-06-30 23:19:04
a9cff8,NKS2151 ,United States,1751325543.0,1751325543,-72.7456,40.9841,6400.8,False,184.38,37.06,0.0,,6736.08,2426,False,0,2025-06-30 23:19:04
a7e693,SKQ61   ,United States,1751325543.0,1751325543,-77.7147,38.4844,2133.6,False,119.91,162.26,-0.33,,2240.28,,False,0,2025-06-30 23:19:04
a448f6,UAL2044 ,United States,1751325287.0,1751325300,-74.1735,40.7019,,True,4.63,5.62,,,,,False,0,2025-06-30 23:19:04
4cabd1,EIN1EA  ,Ireland,1751325543.0,1751325543,-71.8703,42.259,9448.8,False,241.61,50.62,0.0,,9966.96,3035,False,0,2025-06-30 23:19:04
adadc3,CXK1040 ,United States,1751325533.0,1751325533,-85.7103,38.3955,579.12,False,52.46,7.89,3.25,,495.3,,False,0,2025-06-30 23:19:04
a9ab05,ASA518  ,United States,1751325543.0,1751325544,-108.9643,32.4797,10972.8,False,232.12,290.36,0.0,,11612.88,2540,False,0,2025-06-30 23:19:04
a71b43,AAL2474 ,United States,1751325544.0,1751325544,-90.2498,39.0228,9799.32,False,260.86,48.2,-4.55,,10340.34,3636,False,0,2025-06-30 23:19:04
a18723,AAY3106 ,United States,1751325541.0,1751325543,-86.4228,30.4249,434.34,False,89.14,299.38,-3.58,,472.44,6234,False,0,2025-06-30 23:19:04
ab879f,DAL1110 ,United States,1751325543.0,1751325543,-85.0822,32.5149,8359.14,False,243.85,347.08,-5.2,,8854.44,1121,False,0,2025-06-30 23:19:04
aaeade,N802SC  ,United States,1751325543.0,1751325543,-118.4428,33.996,1089.66,False,45.72,160.95,0.33,,1074.42,,False,0,2025-06-30 23:19:04
4cabd4,EIN11P  ,Ireland,1751325544.0,1751325544,-73.6207,40.7582,9441.18,False,247.8,52.08,0.0,,9997.44,3604,False,0,2025-06-30 23:19:04
a0540a,DAL2198 ,United States,1751325543.0,1751325543,-112.3619,37.512,10668.0,False,244.42,56.68,0.33,,11247.12,6762,False,0,2025-06-30 23:19:04
a5db4e,SKW5693 ,United States,1751325543.0,1751325543,-122.5028,37.6312,2072.64,False,140.3,219.64,13.0,,2141.22,3735,False,0,2025-06-30 23:19:04
a6fb32,AAL582  ,United States,1751325544.0,1751325544,-102.4354,33.55,10058.4,False,258.2,64.76,0.0,,10660.38,7637,False,0,2025-06-30 23:19:04
a422f7,DAL770  ,United States,1751325544.0,1751325544,-88.264,36.1447,10347.96,False,226.87,269.87,-0.33,,10980.42,2242,False,0,2025-06-30 23:19:04
a7d2ae,SKW3759 ,United States,1751325543.0,1751325544,-121.3051,38.2888,2613.66,False,156.42,315.0,-2.28,,2720.34,6730,False,0,2025-06-30 23:19:04
abd77e,AAL2323 ,United States,1751325543.0,1751325544,-87.0407,40.0129,7924.8,False,249.21,147.82,0.0,,8328.66,3137,False,0,2025-06-30 23:19:04
a35e9c,AAL2247 ,United States,1751325544.0,1751325544,-77.0298,42.6915,10972.8,False,216.06,240.63,0.33,,11567.16,3210,False,0,2025-06-30 23:19:04
abb12d,SWA2762 ,United States,1751325543.0,1751325544,-83.6619,41.5065,9951.72,False,258.41,102.18,-5.2,,10477.5,2773,False,0,2025-06-30 23:19:04
a4ce64,TKK409  ,United States,1751325375.0,1751325404,-95.1992,29.7166,457.2,False,79.3,225.53,-7.48,,548.64,3622,False,0,2025-06-30 23:19:04
a0675f,N125MG  ,United States,1751325424.0,1751325424,-121.1605,44.6361,960.12,False,51.45,88.85,-0.65,,967.74,,False,0,2025-06-30 23:19:04
acd12f,EPI925  ,United States,1751325530.0,1751325543,-80.8298,29.0234,449.58,False,50.31,286.03,0.33,,472.44,7245,False,0,2025-06-30 23:19:04
ab616f,SCX1982 ,United States,1751325544.0,1751325544,-87.951,46.8889,11582.4,False,212.96,279.74,-0.33,,11902.44,,False,0,2025-06-30 23:19:04
a5ee51,SWA1672 ,United States,1751325544.0,1751325544,-73.46,39.8583,9144.0,False,231.74,224.19,0.0,,9662.16,2433,False,0,2025-06-30 23:19:04
a35da8,FFT1402 ,United States,1751325544.0,1751325544,-86.9994,36.6558,4160.52,False,160.13,153.68,-9.1,,4373.88,0605,False,0,2025-06-30 23:19:04
acd135,SKW5106 ,United States,1751325543.0,1751325543,-88.209,45.1585,8351.52,False,246.43,354.73,-10.4,,8595.36,1324,False,0,2025-06-30 23:19:04
ab618b,UAL1865 ,United States,1751325544.0,1751325544,-105.4976,40.6061,6156.96,False,201.91,135.72,-8.78,,6545.58,1757,False,0,2025-06-30 23:19:04
abc49b,SWA1262 ,United States,1751325543.0,1751325543,-96.2076,29.3497,11887.2,False,233.8,51.16,0.0,,12595.86,4054,False,0,2025-06-30 23:19:04
a72e69,ASA6    ,United States,1751325544.0,1751325544,-96.4019,32.4314,10668.0,False,246.55,74.14,0.0,,11315.7,7675,False,0,2025-06-30 23:19:04
a542d7,SWA2599 ,United States,1751325543.0,1751325543,-76.7701,38.6848,2872.74,False,162.67,43.33,-8.45,,3017.52,4651,False,0,2025-06-30 23:19:04
a59e97,N461P   ,United States,1751325543.0,1751325543,-73.4751,40.7131,388.62,False,68.19,48.98,-1.95,,365.76,6563,False,0,2025-06-30 23:19:04
ad4afb,ASA1175 ,United States,1751325544.0,1751325544,-121.8768,37.4165,1859.28,False,135.13,137.93,14.31,,1889.76,3323,False,0,2025-06-30 23:19:04
a06763,LFA680  ,United States,1751325543.0,1751325543,-80.9348,28.5672,1325.88,False,64.77,6.84,0.98,,1409.7,5505,False,0,2025-06-30 23:19:04
ac3f09,SWA2109 ,United States,1751325543.0,1751325544,-90.7028,39.1772,10668.0,False,258.23,86.46,0.33,,11247.12,1412,False,0,2025-06-30 23:19:04
a5db2c,ASA480  ,United States,1751325543.0,1751325543,-100.0818,46.2482,10363.2,False,210.86,289.23,0.0,,10744.2,3605,False,0,2025-06-30 23:19:04
c008a9,ACA71   ,Canada,1751325532.0,1751325532,-73.7605,45.4592,,True,4.12,177.19,,,,2501,False,0,2025-06-30 23:19:04
a1c444,N2127G  ,United States,1751325543.0,1751325543,-117.4805,33.8421,1188.72,False,76.74,256.43,-4.88,,1165.86,0761,False,0,2025-06-30 23:19:04
a60da2,N4899G  ,United States,1751325544.0,1751325544,-123.0397,47.0826,1127.76,False,48.07,222.4,-3.25,,1165.86,,False,0,2025-06-30 23:19:04
a22ac6,RPA5832 ,United States,1751325543.0,1751325543,-84.0415,39.7543,6705.6,False,197.04,217.47,0.0,,7048.5,7455,False,0,2025-06-30 23:19:04
a04155,N1151V  ,United States,1751325478.0,1751325530,-86.3459,42.0163,922.02,False,74.56,62.02,-0.98,,891.54,,False,0,2025-06-30 23:19:04
a0a457,SKW5350 ,United States,1751325344.0,1751325344,-87.8966,41.9883,213.36,False,67.91,270.43,-2.93,,259.08,7013,False,0,2025-06-30 23:19:04
a3adce,AAL1975 ,United States,1751325544.0,1751325544,-82.8451,34.1807,11277.6,False,224.83,58.09,0.0,,11948.16,4324,False,0,2025-06-30 23:19:04
0d0dd3,VOI3382 ,Mexico,1751325543.0,1751325544,-112.6638,30.6471,10660.38,False,243.44,117.43,0.33,,11300.46,,False,0,2025-06-30 23:19:04
a42405,EJA366  ,United States,1751325543.0,1751325544,-72.8455,45.6538,13106.4,False,180.43,261.64,0.0,,13632.18,,False,0,2025-06-30 23:19:04
ab7402,SCX500  ,United States,1751325544.0,1751325544,-86.4055,39.7626,1958.34,False,140.56,347.74,10.4,,2004.06,,False,0,2025-06-30 23:19:04
a0a42b,N140RD  ,United States,1751325543.0,1751325543,-114.04,35.1335,4381.5,False,94.58,292.38,0.33,,4648.2,,False,0,2025-06-30 23:19:04
ab1db2,UAL2110 ,United States,1751325544.0,1751325544,-93.0838,39.1541,10972.8,False,215.94,276.57,-0.33,,11544.3,1176,False,0,2025-06-30 23:19:04
ab8748,AAL125  ,United States,1751325517.0,1751325517,-83.1997,46.1444,11574.78,False,200.78,230.93,-0.33,,12039.6,6002,False,0,2025-06-30 23:19:04
a9ab72,SKW6259 ,United States,1751325544.0,1751325544,-94.0161,34.1605,10972.8,False,227.72,249.64,0.0,,11605.26,3563,False,0,2025-06-30 23:19:04
0d0ddb,AMX403  ,Mexico,1751325543.0,1751325543,-73.7922,40.6395,,True,7.2,300.94,,,,,False,0,2025-06-30 23:19:04
a2f721,SKW3764 ,United States,1751325543.0,1751325543,-122.5425,47.6902,3665.22,False,156.51,155.12,-7.15,,3825.24,2626,False,0,2025-06-30 23:19:04
aab73f,N79SC   ,United States,1751325543.0,1751325543,-84.1852,29.9257,13716.0,False,211.98,118.24,0.33,,14371.32,0153,False,0,2025-06-30 23:19:04
a9ab40,N722CV  ,United States,1751325543.0,1751325543,-95.9664,40.8687,13106.4,False,170.1,304.65,-0.65,,13662.66,0753,False,0,2025-06-30 23:19:04
a28160,N2600L  ,United States,1751325329.0,1751325331,-80.5969,35.0207,434.34,False,47.67,43.69,-4.23,,426.72,,False,0,2025-06-30 23:19:04
a9be74,N727KF  ,United States,1751325543.0,1751325543,-111.4169,39.6546,6126.48,False,117.06,349.88,-6.18,,6507.48,,False,0,2025-06-30 23:19:04
ab741e,UAL568  ,United States,1751325544.0,1751325544,-97.965,42.005,11574.78,False,208.6,254.11,0.0,,12062.46,0512,False,0,2025-06-30 23:19:04
a46abc,CXK161  ,United States,1751325544.0,1751325544,-78.6449,35.4437,1219.2,False,54.04,268.36,-0.33,,1242.06,7006,False,0,2025-06-30 23:19:04
a34ae0,DAL2266 ,United States,1751325544.0,1751325544,-84.2164,33.6497,1196.34,False,99.3,269.11,-2.6,,1249.68,1251,False,0,2025-06-30 23:19:04
a46ac0,N384GD  ,United States,1751325543.0,1751325543,-80.2514,36.1838,3299.46,False,145.49,210.37,-3.25,,3451.86,,False,0,2025-06-30 23:19:04
a34ae6,DAL2514 ,United States,1751325543.0,1751325543,-111.981,40.7854,,True,0.0,354.38,,,,,False,0,2025-06-30 23:19:04
a96e72,N7069G  ,United States,1751325543.0,1751325544,-92.5605,41.2167,1066.8,False,40.02,287.97,0.65,,1104.9,,False,0,2025-06-30 23:19:04
a3ada3,AAL2131 ,United States,1751325544.0,1751325544,-95.313,41.1683,10668.0,False,272.73,59.76,0.0,,11155.68,6710,False,0,2025-06-30 23:19:04
0d0da5,AMX117  ,Mexico,1751325543.0,1751325544,-105.7558,30.2638,10203.18,False,250.62,336.28,-4.88,,10812.78,,False,0,2025-06-30 23:19:04
a3adb9,AAL2069 ,United States,1751325544.0,1751325544,-111.5216,41.06,5448.3,False,215.64,98.09,8.78,,5753.1,4010,False,0,2025-06-30 23:19:04
a7d2f1,FFT1384 ,United States,1751325543.0,1751325544,-80.7325,35.0322,2423.16,False,148.3,110.51,0.33,,2545.08,,False,0,2025-06-30 23:19:04
a83b86,N63BK   ,United States,1751325544.0,1751325544,-121.9716,37.6755,502.92,False,37.1,250.56,-3.58,,464.82,1200,False,0,2025-06-30 23:19:04
a2945d,N2653M  ,United States,1751325543.0,1751325543,-93.4652,44.8113,579.12,False,75.15,91.96,-1.95,,556.26,,False,0,2025-06-30 23:19:04
a0417c,N1152Z  ,United States,1751325544.0,1751325544,-121.9086,47.6638,441.96,False,39.26,238.39,3.25,,449.58,1200,False,0,2025-06-30 23:19:04
a59da3,N461DF  ,United States,1751325543.0,1751325543,-120.6462,37.8411,4457.7,False,142.03,324.58,0.33,,4663.44,,False,0,2025-06-30 23:19:04
a9be4c,N727HR  ,United States,1751325543.0,1751325544,-118.0449,33.7775,510.54,False,39.0,306.42,0.0,,457.2,,False,0,2025-06-30 23:19:04
71be35,AAR204  ,Republic of Korea,1751325544.0,1751325544,-119.2221,34.6277,6332.22,False,188.44,144.44,-7.48,,6637.02,1170,False,0,2025-06-30 23:19:04
a209b9,ENY3793 ,United States,1751325543.0,1751325543,-86.182,42.5269,3383.28,False,194.68,53.71,0.0,,3497.58,4371,False,0,2025-06-30 23:19:04
a5dacd,N47673  ,United States,1751324714.0,1751325543,-96.5604,33.5858,723.9,False,43.6,160.71,0.0,,731.52,,False,0,2025-06-30 23:19:04
a6c781,JBU128  ,United States,1751325544.0,1751325544,-81.2913,28.8842,5730.24,False,206.32,355.85,11.05,,6050.28,6767,False,0,2025-06-30 23:19:04
acf5bb,NKS2627 ,United States,1751325543.0,1751325543,-100.4833,30.8757,10972.8,False,245.16,92.77,0.0,,11658.6,3370,False,0,2025-06-30 23:19:04
a5a790,N4633Q  ,United States,1751325543.0,1751325543,-96.2496,32.6802,1379.22,False,44.39,224.06,-0.33,,1417.32,1200,False,0,2025-06-30 23:19:04
a5dad6,N4768B  ,United States,1751325543.0,1751325543,-121.8948,47.2644,1950.72,False,63.37,122.4,4.23,,2042.16,,False,0,2025-06-30 23:19:04
a6b449,N531BM  ,United States,1751325544.0,1751325544,-117.4087,34.0447,1097.28,False,58.32,78.29,-1.63,,1089.66,,False,0,2025-06-30 23:19:04
a9276d,N6893F  ,United States,1751325543.0,1751325543,-81.4558,28.9421,883.92,False,45.32,243.73,0.33,,937.26,3070,False,0,2025-06-30 23:19:04
a209c0,AAY3510 ,United States,1751325434.0,1751325434,-122.5964,45.5902,,True,7.72,118.12,,,,6013,False,0,2025-06-30 23:19:04
a84dce,NKS8834 ,United States,1751325543.0,1751325543,-82.6245,34.0165,11887.2,False,231.86,324.3,0.33,,12573.0,5722,False,0,2025-06-30 23:19:04
aa6787,N77JS   ,United States,1751325544.0,1751325544,-72.8475,45.1146,1920.24,False,81.71,200.26,-1.95,,1973.58,,False,0,2025-06-30 23:19:04
ac2b61,SWA2982 ,United States,1751325291.0,1751325301,-70.995,42.3861,99.06,False,75.48,198.68,-4.55,,76.2,3465,False,0,2025-06-30 23:19:04
aaeb6a,VXP570  ,United States,1751325543.0,1751325544,-76.2596,37.7643,10972.8,False,243.99,213.39,-0.33,,11612.88,3023,False,0,2025-06-30 23:19:04
a066a8,KOW25   ,United States,1751325543.0,1751325543,-92.8602,47.7049,10637.52,False,236.97,153.43,6.5,,10866.12,,False,0,2025-06-30 23:19:04
aa676e,N77HS   ,United States,1751325544.0,1751325544,-117.3384,33.806,1546.86,False,72.92,32.91,0.0,,1554.48,1255,False,0,2025-06-30 23:19:04
c03cf4,ACA422  ,Canada,1751325543.0,1751325543,-73.7665,45.5834,1303.02,False,153.62,42.83,-7.48,,1341.12,3477,False,0,2025-06-30 23:19:04
a1c48c,N2129J  ,United States,1751325544.0,1751325544,-74.4198,39.9784,1104.9,False,43.8,310.24,2.6,,1127.76,,False,0,2025-06-30 23:19:04
a7d43c,SKW5814 ,United States,1751325543.0,1751325543,-118.7088,40.0927,10972.8,False,207.4,248.46,0.65,,11513.82,,False,0,2025-06-30 23:19:04
ac2b6c,ASH6353 ,United States,1751325543.0,1751325544,-93.1802,31.5844,9753.6,False,223.97,227.7,0.0,,10340.34,,False,0,2025-06-30 23:19:04
aa9ab6,SWA1404 ,United States,1751325544.0,1751325544,-115.9651,35.4289,6004.56,False,201.14,48.32,-10.73,,6362.7,1211,False,0,2025-06-30 23:19:04
a5a759,N46315  ,United States,1751325543.0,1751325543,-117.1278,48.1072,1798.32,False,48.37,330.71,3.25,,1905.0,,False,0,2025-06-30 23:19:04
abc2e5,RPA4438 ,United States,1751325543.0,1751325543,-79.6179,43.6645,,True,10.29,320.62,,,,7177,False,0,2025-06-30 23:19:04
ac2b80,SWA1379 ,United States,1751325347.0,1751325347,-114.4928,42.8343,8191.5,False,223.19,292.78,-5.2,,8656.32,,False,0,2025-06-30 23:19:04
ac2b8e,ASH6039 ,United States,1751325544.0,1751325544,-77.4737,38.7014,2415.54,False,140.75,193.53,11.38,,2529.84,3741,False,0,2025-06-30 23:19:04
0d0e91,XAMSL   ,Mexico,1751325542.0,1751325543,-88.1283,31.4604,13716.0,False,211.04,77.18,0.33,,14378.94,1147,False,0,2025-06-30 23:19:04
a84dd1,JIA544V ,United States,1751325544.0,1751325544,-88.1543,37.0084,9578.34,False,228.15,235.84,3.9,,10157.46,6636,False,0,2025-06-30 23:19:04
c04ff4,WJA2247 ,Canada,1751325543.0,1751325543,-110.8024,33.0843,10972.8,False,232.2,7.0,0.0,,11605.26,1547,False,0,2025-06-30 23:19:04
a6b439,CSI531  ,United States,1751325543.0,1751325543,-106.1504,36.7662,8534.4,False,124.21,192.19,0.33,,9037.32,3270,False,0,2025-06-30 23:19:04
a71aad,DAL659  ,United States,1751325542.0,1751325542,-112.101,37.0991,9753.6,False,237.69,251.06,0.0,,10294.62,2330,False,0,2025-06-30 23:19:04
a449a4,UAL1140 ,United States,1751325543.0,1751325543,-77.0587,36.7129,10363.2,False,246.58,201.16,0.0,,10972.8,2144,False,0,2025-06-30 23:19:04
a449a1,UAL8102 ,United States,1751325542.0,1751325543,-75.4143,39.7361,1638.3,False,132.88,203.99,9.1,,1684.02,,False,0,2025-06-30 23:19:04
c04ff7,ACA549  ,Canada,1751325543.0,1751325543,-74.1662,40.6988,,True,0.32,25.31,,,,,False,0,2025-06-30 23:19:04
c04fe4,ACA886  ,Canada,1751325544.0,1751325544,-70.2114,47.7377,11269.98,False,260.4,55.87,1.95,,11727.18,0525,False,0,2025-06-30 23:19:04
a066de,N125GC  ,United States,1751325543.0,1751325543,-70.9586,42.9012,1280.16,False,55.64,72.24,3.25,,1310.64,1200,False,0,2025-06-30 23:19:04
a4bae9,N40353  ,United States,1751325271.0,1751325271,-122.7719,47.4848,152.4,False,7.85,31.61,-0.98,,152.4,,False,0,2025-06-30 23:19:04
a11f59,UAL1950 ,United States,1751325543.0,1751325543,-86.0838,36.9076,10058.4,False,257.35,77.3,0.0,,10645.14,7634,False,0,2025-06-30 23:19:04
a3f161,EJA353  ,United States,1751325543.0,1751325544,-94.9581,37.7445,6705.6,False,189.87,287.5,0.0,,7063.74,,False,0,2025-06-30 23:19:04
a09c49,N1387U  ,United States,1751325544.0,1751325544,-121.7305,38.1899,426.72,False,34.5,182.56,2.28,,411.48,,False,0,2025-06-30 23:19:04
acf486,AAL767  ,United States,1751325544.0,1751325544,-96.1558,33.8042,5227.32,False,189.55,225.99,-6.83,,5524.5,6605,False,0,2025-06-30 23:19:04
a075df,RPA9948 ,United States,1751325544.0,1751325544,-81.1807,42.5433,9144.0,False,228.05,235.2,0.33,,9624.06,4175,False,0,2025-06-30 23:19:04
a0c5c6,SKW5472 ,United States,1751325272.0,1751325274,-97.1819,28.1048,2232.66,False,148.46,245.21,-6.5,,2362.2,4622,False,0,2025-06-30 23:19:04
a9ccde,AAL3020 ,United States,1751325543.0,1751325543,-81.736,41.2375,7155.18,False,236.14,102.58,-4.88,,7513.32,1363,False,0,2025-06-30 23:19:04
a12e57,VTE3008 ,United States,1751325529.0,1751325529,-89.4011,34.4283,2118.36,False,135.34,82.79,-4.88,,2346.96,5627,False,0,2025-06-30 23:19:04
a195bd,N201AC  ,United States,1751325543.0,1751325544,-98.9897,31.0662,11887.2,False,276.14,101.5,0.33,,12588.24,6767,False,0,2025-06-30 23:19:04
a79386,HAL1617 ,United States,1751325543.0,1751325544,-104.9465,34.5761,11887.2,False,254.21,95.34,0.33,,12542.52,1351,False,0,2025-06-30 23:19:04
a92384,UAL2445 ,United States,1751325543.0,1751325543,-79.4987,41.7837,10363.2,False,221.01,216.58,0.0,,10934.7,4157,False,0,2025-06-30 23:19:04
a4207f,JANET62 ,United States,1751325543.0,1751325543,-115.8069,36.4496,4640.58,False,178.35,150.26,0.33,,4930.14,,False,0,2025-06-30 23:19:04
a2e098,ASA450  ,United States,1751325543.0,1751325543,-85.7772,41.0338,10302.24,False,224.4,291.8,1.95,,10843.26,4014,False,0,2025-06-30 23:19:04
acf497,DAL1101 ,United States,1751325543.0,1751325543,-92.0699,41.6101,10058.4,False,277.95,82.77,0.0,,10530.84,,False,0,2025-06-30 23:19:04
acf48f,,United States,1751325272.0,1751325275,-74.1785,40.687,,True,0.9,174.38,,,,,False,0,2025-06-30 23:19:04
a92365,UAL2718 ,United States,1751325533.0,1751325542,-100.7453,38.8244,10363.2,False,209.52,272.11,0.0,,10919.46,7001,False,0,2025-06-30 23:19:04
a92367,UAL1617 ,United States,1751325544.0,1751325544,-87.9138,41.9301,723.9,False,98.91,177.02,15.61,,685.8,1344,False,0,2025-06-30 23:19:04
aad9d8,N799E   ,United States,1751325453.0,1751325453,-122.5555,38.1393,,True,0.64,303.75,,,,1200,False,0,2025-06-30 23:19:04
ac4f29,SWA503  ,United States,1751325543.0,1751325543,-80.9237,35.1682,10668.0,False,231.7,58.25,0.0,,11315.7,2063,False,0,2025-06-30 23:19:04
a1e5f1,ENY4085 ,United States,1751325543.0,1751325543,-81.044,31.3905,10363.2,False,246.68,174.13,0.33,,10949.94,4053,False,0,2025-06-30 23:19:04
a85ce8,QXE2197 ,United States,1751325543.0,1751325543,-119.6552,45.6129,11308.08,False,210.93,260.17,-12.68,,11780.52,,False,0,2025-06-30 23:19:04
a062ef,DAL746  ,United States,1751325544.0,1751325544,-85.332,33.6817,5402.58,False,189.79,290.3,5.53,,5692.14,7211,False,0,2025-06-30 23:19:04
a48e3a,DAL1906 ,United States,1751325543.0,1751325544,-84.4091,33.6357,,True,0.32,151.88,,,,,False,0,2025-06-30 23:19:04
abf9b1,SWA2917 ,United States,1751325543.0,1751325543,-100.9151,30.607,11582.4,False,224.68,281.49,0.0,,12275.82,2342,False,0,2025-06-30 23:19:04
a24e94,N248JW  ,United States,1751325543.0,1751325543,-122.5856,47.9266,1112.52,False,43.78,267.31,0.0,,1143.0,,False,0,2025-06-30 23:19:04
a1e5cf,N221MD  ,United States,1751325533.0,1751325533,-76.7593,41.3398,1851.66,False,113.34,263.75,0.33,,1905.0,4243,False,0,2025-06-30 23:19:04
0c20d6,CMP709  ,Panama,1751325064.0,1751325379,-79.0854,24.2222,10668.0,False,241.83,181.1,0.33,,11247.12,7401,False,0,2025-06-30 23:19:04
a7e318,SKW6009 ,United States,1751325543.0,1751325543,-121.4713,44.219,8176.26,False,214.11,98.15,7.15,,8580.12,,False,0,2025-06-30 23:19:04
a5fcef,UAL658  ,United States,1751325544.0,1751325544,-87.4775,42.0145,1249.68,False,96.61,233.01,0.0,,1257.3,7002,False,0,2025-06-30 23:19:04
a7f647,N612BB  ,United States,1751325543.0,1751325543,-103.6913,34.5899,12496.8,False,189.9,131.38,-0.33,,13167.36,,False,0,2025-06-30 23:19:04
a445b0,DAL2939 ,United States,1751325544.0,1751325544,-88.6293,34.6681,7955.28,False,221.83,262.0,-11.38,,8412.48,7263,False,0,2025-06-30 23:19:04
aa779d,SWA3983 ,United States,1751325543.0,1751325543,-93.8472,36.0327,11887.2,False,241.85,96.6,-0.33,,12542.52,4115,False,0,2025-06-30 23:19:04
a23b55,MXY745  ,United States,1751325543.0,1751325544,-78.9709,36.4292,3474.72,False,176.84,136.41,-8.13,,3657.6,6706,False,0,2025-06-30 23:19:04
aad9f2,N799FA  ,United States,1751325543.0,1751325543,-84.5112,33.121,1043.94,False,47.1,173.73,2.6,,1074.42,1200,False,0,2025-06-30 23:19:04
a97cb5,GTI3511 ,United States,1751325544.0,1751325544,-90.8939,38.6225,12192.0,False,238.05,319.91,0.0,,12816.84,3732,False,0,2025-06-30 23:19:04
86e84c,JAL69   ,Japan,1751325544.0,1751325544,-124.0768,38.2761,10972.8,False,269.68,310.44,-0.33,,11452.86,6763,False,0,2025-06-30 23:19:04
abf9d5,SWA445  ,United States,1751325542.0,1751325543,-119.1211,38.7743,10088.88,False,239.81,284.16,-4.88,,10591.8,,False,0,2025-06-30 23:19:04
0c20ad,CMP366  ,Panama,1751325453.0,1751325463,-77.4516,29.5124,11277.6,False,238.83,345.28,0.0,,11818.62,3716,False,0,2025-06-30 23:19:04
ad26b2,CXK198  ,United States,1751325544.0,1751325544,-111.6184,33.2707,693.42,False,40.01,315.0,-3.25,,624.84,4350,False,0,2025-06-30 23:19:04
a67399,SCX3033 ,United States,1751325543.0,1751325543,-98.1968,42.9919,12192.0,False,217.42,243.74,0.0,,12679.68,2451,False,0,2025-06-30 23:19:04
aa5130,ENY4267 ,United States,1751325543.0,1751325543,-88.6442,41.8223,5821.68,False,165.97,258.38,10.08,,6057.9,3206,False,0,2025-06-30 23:19:04
a8299a,JBU8650 ,United States,1751325543.0,1751325543,-80.9598,32.3324,8161.02,False,204.82,44.29,7.15,,8656.32,3077,False,0,2025-06-30 23:19:04
aa777e,SWA464  ,United States,1751325543.0,1751325544,-103.0235,30.9824,11582.4,False,223.37,287.98,0.0,,12260.58,7302,False,0,2025-06-30 23:19:04
a6604f,N51NN   ,United States,1751325358.0,1751325484,-81.4608,28.0096,1600.2,False,34.71,258.02,2.28,,1379.22,3071,False,0,2025-06-30 23:19:04
aa0dfa,EJA747  ,United States,1751325544.0,1751325544,-122.1978,37.8848,4145.28,False,160.45,54.53,13.98,,4320.54,6360,False,0,2025-06-30 23:19:04
a85e2b,UAL254  ,United States,1751325544.0,1751325544,-73.4135,42.5399,9144.0,False,241.79,6.47,0.0,,9631.68,1162,False,0,2025-06-30 23:19:04
ad2733,ASA475  ,United States,1751325544.0,1751325544,-110.5837,32.7429,10972.8,False,232.9,277.36,0.0,,11612.88,3170,False,0,2025-06-30 23:19:04
a48e7b,FFT124  ,United States,1751325543.0,1751325543,-81.5195,31.1817,10675.62,False,218.07,15.74,0.0,,11300.46,6200,False,0,2025-06-30 23:19:04
710111,SVA038  ,Saudi Arabia,1751325542.0,1751325543,-77.4569,38.9661,,True,7.46,0.0,,,,,False,0,2025-06-30 23:19:04
aac762,FDX1685 ,United States,1751325538.0,1751325543,-122.2166,37.7181,,True,0.0,39.38,,,,,False,0,2025-06-30 23:19:04
abd429,N861SL  ,United States,1751325544.0,1751325544,-118.2911,33.6453,1211.58,False,42.92,225.0,0.33,,1196.34,,False,0,2025-06-30 23:19:04
a59b4a,TRF560  ,United States,1751325544.0,1751325544,-96.8169,33.0084,533.4,False,56.17,261.57,-1.3,,510.54,4666,False,0,2025-06-30 23:19:04
ad6da6,FDY454  ,United States,1751325526.0,1751325528,-90.331,38.7344,274.32,False,54.97,301.61,-3.25,,228.6,1011,False,0,2025-06-30 23:19:04
a4cb59,N408LF  ,United States,1751325543.0,1751325543,-116.9233,47.4648,1143.0,False,57.25,184.12,-1.63,,1173.48,,False,0,2025-06-30 23:19:04
a445ef,UAL1332 ,United States,1751325543.0,1751325543,-79.1675,41.9725,10058.4,False,260.66,60.04,0.0,,10607.04,5064,True,0,2025-06-30 23:19:04
a445ee,UAL1053 ,United States,1751325544.0,1751325544,-80.3775,33.1303,10058.4,False,230.53,26.79,0.0,,10652.76,6106,False,0,2025-06-30 23:19:04
aa0f6c,N74737  ,United States,1751325543.0,1751325543,-121.8127,37.3247,137.16,False,29.65,321.34,-2.6,,83.82,1200,False,0,2025-06-30 23:19:04
a445f8,DAL3243 ,United States,1751325543.0,1751325544,-89.8889,43.4502,10972.8,False,198.97,264.51,-0.33,,11399.52,7175,False,0,2025-06-30 23:19:04
abd41a,RPA4724 ,United States,1751325543.0,1751325543,-71.4295,41.6132,3886.2,False,150.23,243.35,-4.55,,4069.08,2266,False,0,2025-06-30 23:19:04
a2f2c3,N2897M  ,United States,1751325543.0,1751325543,-118.9195,34.2443,792.48,False,51.75,83.72,0.0,,754.38,,False,0,2025-06-30 23:19:04
a325fd,AAL1605 ,United States,1751325543.0,1751325543,-92.8292,42.5586,10050.78,False,272.06,93.25,0.0,,10431.78,6077,False,0,2025-06-30 23:19:04
aa76cb,SWA1706 ,United States,1751325543.0,1751325544,-77.7394,41.4429,6400.8,False,202.55,162.26,-0.33,,6720.84,2014,False,0,2025-06-30 23:19:04
a948c4,DAL785  ,United States,1751325542.0,1751325543,-110.7149,35.5353,10195.56,False,232.41,31.79,5.53,,10751.82,1514,False,0,2025-06-30 23:19:04
a445cd,UAL8152 ,United States,1751325543.0,1751325543,-100.0038,41.7108,9753.6,False,232.55,245.7,0.0,,10218.42,1515,False,0,2025-06-30 23:19:04
0c215f,CMP847  ,Panama,1751325261.0,1751325261,-109.3342,29.8263,10972.8,False,227.1,277.16,0.0,,11628.12,,False,0,2025-06-30 23:19:04
ac3ac9,SWA732  ,United States,1751325543.0,1751325544,-108.2661,32.4386,11582.4,False,231.07,285.89,0.33,,12260.58,1336,False,0,2025-06-30 23:19:04
4caaf1,EIN122  ,Ireland,1751325542.0,1751325542,-70.826,47.8652,11285.22,False,260.54,74.07,-0.33,,11734.8,7274,False,0,2025-06-30 23:19:04
adbdba,N985AC  ,United States,1751325544.0,1751325544,-89.274,36.16,609.6,False,47.33,90.0,0.33,,594.36,,False,0,2025-06-30 23:19:04
aab477,N7891G  ,United States,1751325543.0,1751325544,-117.9261,33.87,1409.7,False,50.95,271.74,-0.33,,1394.46,,False,0,2025-06-30 23:19:04
ac4dfb,AAL1980 ,United States,1751325543.0,1751325544,-88.6976,40.9897,10363.2,False,218.85,284.43,0.0,,10888.98,4046,False,0,2025-06-30 23:19:04
a20708,N23K    ,United States,1751325543.0,1751325543,-97.1862,32.7587,982.98,False,87.96,103.87,-2.28,,998.22,,False,0,2025-06-30 23:19:04
ac3adf,SWA6310 ,United States,1751325520.0,1751325529,-115.146,36.0813,,True,1.29,261.56,,,,,False,0,2025-06-30 23:19:04
adbdc1,ASA322  ,United States,1751325543.0,1751325543,-78.6208,36.8762,7848.6,False,221.19,39.24,-5.2,,8313.42,5605,False,0,2025-06-30 23:19:04
abc12a,SWA3467 ,United States,1751325512.0,1751325543,-100.5312,37.4485,11277.6,False,253.75,78.3,0.0,,11879.58,,False,0,2025-06-30 23:19:04
a5c8d4,LFA458  ,United States,1751325543.0,1751325543,-81.0946,28.7409,579.12,False,61.5,72.47,1.3,,624.84,5552,False,0,2025-06-30 23:19:04
adbdc9,DAL3208 ,United States,1751325543.0,1751325543,-86.055,33.5822,3710.94,False,171.32,269.48,-9.43,,3924.3,4066,False,0,2025-06-30 23:19:04
a708b0,AAL529  ,United States,1751325544.0,1751325544,-113.3044,36.5353,10363.2,False,234.7,240.74,0.0,,10934.7,3207,False,0,2025-06-30 23:19:04
a5c8bb,VTE3054 ,United States,1751325543.0,1751325543,-88.8898,38.2172,2887.98,False,146.7,187.05,-10.08,,3002.28,3166,False,0,2025-06-30 23:19:04
a6b07e,ASA822  ,United States,1751325543.0,1751325543,-122.3455,47.134,1912.62,False,133.57,17.95,-5.53,,1996.44,,False,0,2025-06-30 23:19:04
aa76a8,SWA2185 ,United States,1751325276.0,1751325276,-77.04,38.8705,83.82,False,70.32,168.61,-4.88,,68.58,3546,False,0,2025-06-30 23:19:04
abe79d,SWA2382 ,United States,1751325543.0,1751325544,-76.9769,39.3433,1051.56,False,123.58,147.24,-5.53,,1082.04,1424,False,0,2025-06-30 23:19:04
ae2125,        ,United States,1751325543.0,1751325543,-76.1691,36.2258,739.14,False,100.76,97.92,-0.98,,754.38,1200,False,0,2025-06-30 23:19:04
a2f2fa,UAL199  ,United States,1751325544.0,1751325544,-122.3692,36.9817,11887.2,False,243.05,125.0,0.0,,12451.08,1402,False,0,2025-06-30 23:19:04
ad013b,N937SA  ,United States,1751325542.0,1751325543,-77.379,39.3951,487.68,False,50.76,107.7,1.3,,441.96,,False,0,2025-06-30 23:19:04
39d2ae,AFR137K ,France,1751325543.0,1751325544,-83.5471,45.3185,11887.2,False,287.25,50.52,0.0,,12359.64,6555,False,0,2025-06-30 23:19:04
adbe91,JBU190  ,United States,1751325543.0,1751325544,-109.7927,38.3347,10050.78,False,239.99,56.28,0.0,,10607.04,,False,0,2025-06-30 23:19:04
39d2ab,AFR159  ,France,1751325543.0,1751325543,-85.1035,42.1855,11887.2,False,281.2,44.63,0.33,,12443.46,1356,False,0,2025-06-30 23:19:04
ac3b8e,N888AA  ,United States,1751325538.0,1751325543,-88.9334,41.9681,1584.96,False,133.94,97.73,-4.55,,1615.44,7455,False,0,2025-06-30 23:19:04
a4470e,HAL6    ,United States,1751325543.0,1751325543,-117.0349,34.8574,7315.2,False,233.78,64.45,0.0,,7719.06,3625,False,0,2025-06-30 23:19:04
a7e2da,SKW4310 ,United States,1751325390.0,1751325390,-111.975,40.7761,,True,13.38,177.19,,,,,False,0,2025-06-30 23:19:04
a9bb64,N726RY  ,United States,1751325544.0,1751325544,-81.2533,27.7267,6400.8,False,144.18,87.55,0.0,,6797.04,0751,False,0,2025-06-30 23:19:04
a06461,AAL1443 ,United States,1751325543.0,1751325544,-82.107,28.6097,3901.44,False,191.65,176.92,-3.9,,4130.04,2567,False,0,2025-06-30 23:19:04
a2074f,N23MW   ,United States,1751325489.0,1751325490,-87.4013,44.9291,571.5,False,70.12,190.57,-0.65,,487.68,,False,0,2025-06-30 23:19:04
a44704,NJM375  ,United States,1751325544.0,1751325544,-83.8326,34.5655,13716.0,False,211.23,160.06,0.0,,14394.18,2572,False,0,2025-06-30 23:19:04
a06435,SKW5540 ,United States,1751325544.0,1751325544,-96.5097,31.6862,10363.2,False,225.91,181.44,-0.33,,11026.14,0553,False,0,2025-06-30 23:19:04
af9b68,GUMP32  ,United States,1751325435.0,1751325435,-86.407,31.8247,228.6,False,66.35,146.06,-0.65,,236.22,,False,0,2025-06-30 23:19:04
a96b65,FFT1756 ,United States,1751325543.0,1751325543,-115.768,33.3383,9136.38,False,248.45,98.21,5.53,,9654.54,2050,False,0,2025-06-30 23:19:04
a8ae7f,DAL1873 ,United States,1751325305.0,1751325305,-84.4263,33.6435,,True,2.06,90.0,,,,7467,False,0,2025-06-30 23:19:04
39d2a8,AFR355J ,France,1751325543.0,1751325543,-71.9262,45.856,11887.2,False,281.93,71.27,0.0,,12397.74,7437,False,0,2025-06-30 23:19:04
a96b5a,MTN7503 ,United States,1751325543.0,1751325544,-77.7363,35.445,1821.18,False,132.52,296.76,0.0,,1882.14,,False,0,2025-06-30 23:19:04
a56742,N4472F  ,United States,1751325357.0,1751325541,-97.3286,33.3377,541.02,False,40.77,137.05,2.6,,541.02,,False,0,2025-06-30 23:19:04
a18421,AMF1543 ,United States,1751325539.0,1751325539,-69.6417,44.2183,2446.02,False,108.78,225.96,0.33,,2529.84,,False,0,2025-06-30 23:19:04
39d2a4,AFR637X ,France,1751325544.0,1751325544,-79.0972,43.2917,11887.2,False,281.46,72.23,0.33,,12458.7,2777,False,0,2025-06-30 23:19:04
a935e0,PDT5814 ,United States,1751325543.0,1751325543,-81.3154,35.4264,3947.16,False,180.67,322.87,8.78,,4152.9,,False,0,2025-06-30 23:19:04
a552fa,N442KP  ,United States,1751325364.0,1751325544,-111.8558,41.7846,,True,0.0,0.0,0.0,,,,False,0,2025-06-30 23:19:04
a35aae,AAL1543 ,United States,1751325543.0,1751325543,-91.1607,41.8727,9144.0,False,201.66,265.9,0.0,,9532.62,0250,False,0,2025-06-30 23:19:04
a17140,SKW3430 ,United States,1751325258.0,1751325298,-122.5952,45.587,,True,6.17,118.12,,,,4055,False,0,2025-06-30 23:19:04
a32789,N302JA  ,United States,1751325543.0,1751325543,-88.1592,44.4848,624.84,False,35.68,275.79,3.25,,563.88,,False,0,2025-06-30 23:19:04
a1d44e,SWA1226 ,United States,1751325216.0,1751325288,-108.6789,43.1289,11582.4,False,214.33,313.54,0.0,,12146.28,6475,False,0,2025-06-30 23:19:04
c00685,GLR2703 ,Canada,1751325543.0,1751325543,-123.0643,48.9259,906.78,False,121.9,21.8,0.65,,960.12,,False,0,2025-06-30 23:19:04
a5b5fb,N4670G  ,United States,1751325543.0,1751325543,-84.7729,39.2404,396.24,False,37.26,144.55,5.2,,365.76,,False,0,2025-06-30 23:19:04
a0faf3,AAL1456 ,United States,1751325544.0,1751325544,-102.8471,38.4902,10683.24,False,246.57,98.52,0.33,,11254.74,6017,False,0,2025-06-30 23:19:04
a9bb22,N726PG  ,United States,1751325544.0,1751325544,-87.6801,34.6266,13106.4,False,210.13,104.75,-0.65,,13807.44,6302,False,0,2025-06-30 23:19:04
a43423,DAL731  ,United States,1751325533.0,1751325533,-84.4243,33.6447,,True,14.92,90.0,,,,,False,0,2025-06-30 23:19:04
a9bb0c,NKS2472 ,United States,1751325543.0,1751325543,-76.1791,37.4574,10347.96,False,243.44,210.2,-0.33,,10972.8,1737,False,0,2025-06-30 23:19:04
c00679,CRQ704  ,Canada,1751325541.0,1751325541,-73.7214,45.4716,,True,6.69,129.38,,,,,False,0,2025-06-30 23:19:04
a11ad4,SKW3438 ,United States,1751325544.0,1751325544,-122.5443,48.8232,518.16,False,79.14,308.14,7.48,,533.4,,False,0,2025-06-30 23:19:04
a35aa4,AAY293  ,United States,1751325543.0,1751325543,-120.0856,39.3225,11277.6,False,250.53,53.01,-0.33,,11849.1,1747,False,0,2025-06-30 23:19:04
a8ae3e,AAL1586 ,United States,1751325543.0,1751325543,-80.7575,33.5086,4838.7,False,198.87,176.89,-5.2,,5128.26,,False,0,2025-06-30 23:19:04
aa75ef,UAL2328 ,United States,1751325544.0,1751325544,-96.7432,44.1076,11582.4,False,222.45,272.52,0.0,,11986.26,2312,False,0,2025-06-30 23:19:04
a7e2af,EJA607  ,United States,1751325541.0,1751325541,-115.1701,36.082,,True,0.0,90.0,,,,,False,0,2025-06-30 23:19:04
a32756,CXK551  ,United States,1751325541.0,1751325541,-76.33,36.5663,1082.04,False,41.16,143.13,1.63,,1112.52,1200,False,0,2025-06-30 23:19:04
a935ca,N6929U  ,United States,1751325538.0,1751325544,-88.1134,43.4206,914.4,False,55.6,67.71,0.65,,891.54,,False,0,2025-06-30 23:19:04
a5fde4,N48521  ,United States,1751325543.0,1751325543,-123.6891,45.5029,1348.74,False,45.88,252.38,0.98,,1417.32,,False,0,2025-06-30 23:19:04
c01970,ROU1993 ,Canada,1751325543.0,1751325544,-71.818,45.6054,10972.8,False,211.25,266.79,0.0,,11483.34,,False,0,2025-06-30 23:19:04
a5b75d,N468AK  ,United States,1751325543.0,1751325543,-104.8521,38.9734,2133.6,False,65.54,4.5,-3.25,,2240.28,,False,0,2025-06-30 23:19:04
ad38bf,DAL1871 ,United States,1751325543.0,1751325544,-80.0597,32.9282,91.44,False,76.07,147.71,-4.88,,99.06,3531,False,0,2025-06-30 23:19:04
a5b760,AAL1850 ,United States,1751325543.0,1751325543,-79.0554,43.1516,9753.6,False,230.28,320.62,-0.65,,10264.14,1311,False,0,2025-06-30 23:19:04
a1718e,AMF1557 ,United States,1751325544.0,1751325544,-71.8682,43.4774,1638.3,False,115.78,141.86,-2.93,,1676.4,,False,0,2025-06-30 23:19:04
a4477b,N375MK  ,United States,1751325543.0,1751325543,-101.6874,33.6703,2225.04,False,49.16,103.31,3.58,,2278.38,,False,0,2025-06-30 23:19:04
a12f07,UAL215  ,United States,1751325425.0,1751325425,-77.4468,38.9466,,True,2.31,180.0,,,,3304,False,0,2025-06-30 23:19:04
c01968,ROU1738 ,Canada,1751325544.0,1751325544,-94.1142,33.5044,10683.24,False,244.19,55.04,0.33,,11315.7,7467,False,0,2025-06-30 23:19:04
a12f09,UAL1794 ,United States,1751325543.0,1751325543,-100.7261,32.5294,10668.0,False,242.36,111.94,0.33,,11308.08,6675,False,0,2025-06-30 23:19:04
ac3b32,SWA1005 ,United States,1751325543.0,1751325544,-90.7083,35.4068,11277.6,False,226.37,233.78,0.0,,11955.78,1564,False,0,2025-06-30 23:19:04
a1848c,N1970H  ,United States,1751325544.0,1751325544,-78.8332,36.3418,1661.16,False,64.28,12.48,0.98,,1699.26,1075,False,0,2025-06-30 23:19:04
a43458,FFT3508 ,United States,1751325544.0,1751325544,-83.969,32.9381,7459.98,False,211.33,126.79,8.45,,7894.32,2075,False,0,2025-06-30 23:19:04
aab2b7,N789HU  ,United States,1751325542.0,1751325542,-97.5116,35.1922,685.8,False,68.45,91.72,-3.58,,701.04,,False,0,2025-06-30 23:19:04
aa7757,SWA131  ,United States,1751325543.0,1751325544,-100.8356,35.3855,12489.18,False,234.66,135.98,0.0,,13136.88,,False,0,2025-06-30 23:19:04
a8042c,N61531  ,United States,1751325544.0,1751325544,-122.7263,45.8637,922.02,False,42.56,315.49,-2.28,,944.88,,False,0,2025-06-30 23:19:04
a6b100,LXJ530  ,United States,1751325540.0,1751325544,-84.2782,33.8505,822.96,False,113.73,88.44,4.88,,853.44,2274,False,0,2025-06-30 23:19:04
a1d45a,RPA5707 ,United States,1751325543.0,1751325544,-80.2543,37.3038,10347.96,False,239.43,82.1,-3.58,,10972.8,2254,False,0,2025-06-30 23:19:04
a97da7,SKW6346 ,United States,1751325543.0,1751325543,-93.4327,34.3455,7147.56,False,206.18,250.16,10.73,,7543.8,,False,0,2025-06-30 23:19:04
aac5ec,SCX3024 ,United States,1751325543.0,1751325544,-121.6595,45.5167,3147.06,False,159.75,288.2,-6.83,,3299.46,4042,False,0,2025-06-30 23:19:04
a12f2a,UAL1728 ,United States,1751325543.0,1751325543,-89.9974,38.8574,10363.2,False,223.28,270.66,0.0,,10934.7,6547,False,0,2025-06-30 23:19:04
a339aa,N307DM  ,United States,1751325539.0,1751325543,-122.9905,48.49,3787.14,False,121.41,359.51,0.0,,3931.92,6632,False,0,2025-06-30 23:19:04
aa7734,SWA3168 ,United States,1751325543.0,1751325543,-93.8574,32.3904,11887.2,False,235.21,31.22,-0.33,,12557.76,7017,False,0,2025-06-30 23:19:04
ac3b51,SWA2712 ,United States,1751325413.0,1751325543,-109.4993,35.2129,10972.8,False,238.59,210.16,0.33,,11597.64,1420,False,0,2025-06-30 23:19:04
adbe2c,AMF7228 ,United States,1751325544.0,1751325544,-94.23,32.3997,7010.4,False,131.86,32.57,0.0,,7414.26,7446,False,0,2025-06-30 23:19:04
a3bde1,LXJ340  ,United States,1751325543.0,1751325544,-117.1718,47.7739,2651.76,False,123.28,173.29,-7.8,,2781.3,,False,0,2025-06-30 23:19:04
a2919a,ASA23   ,United States,1751325543.0,1751325543,-119.3956,47.7227,10363.2,False,217.65,276.92,0.0,,10782.3,,False,0,2025-06-30 23:19:04
aab2dd,N789KG  ,United States,1751325543.0,1751325543,-96.9441,39.0211,10591.8,False,237.99,99.71,-6.5,,11125.2,,False,0,2025-06-30 23:19:04
ac4e92,WUP892  ,United States,1751325543.0,1751325543,-84.4163,39.0992,,True,18.52,202.5,,,,2272,False,0,2025-06-30 23:19:04
a4ddca,RPA9935 ,United States,1751325489.0,1751325543,-81.2819,37.7405,11887.2,False,228.58,75.93,0.33,,12565.38,1623,False,0,2025-06-30 23:19:04
aa7718,SWA2302 ,United States,1751325543.0,1751325543,-96.8742,32.8723,281.94,False,69.48,135.3,-3.58,,281.94,5614,False,0,2025-06-30 23:19:04
adab31,AAL1043 ,United States,1751325544.0,1751325544,-96.7798,33.2478,1950.72,False,136.33,245.95,-4.23,,2049.78,6754,False,0,2025-06-30 23:19:04
a1c16e,N212FA  ,United States,1751325543.0,1751325543,-118.4766,34.1375,853.44,False,54.39,169.65,2.6,,838.2,,False,0,2025-06-30 23:19:04
ad12e0,SWA3309 ,United States,1751325544.0,1751325544,-90.7699,42.4589,11887.2,False,271.85,69.51,0.0,,12359.64,1025,False,0,2025-06-30 23:19:04
a12f6d,UAL1397 ,United States,1751325544.0,1751325544,-74.0924,40.8802,922.02,False,115.14,140.62,0.0,,937.26,6640,False,0,2025-06-30 23:19:04
a4a9aa,N4TT    ,United States,1751325543.0,1751325543,-121.5521,38.4455,906.78,False,61.27,220.91,4.23,,944.88,4201,False,0,2025-06-30 23:19:04
a326c7,N302AG  ,United States,1751325543.0,1751325543,-77.4573,38.9384,,True,0.06,180.0,,,,,False,0,2025-06-30 23:19:04
a196f3,ENY3548 ,United States,1751325544.0,1751325544,-95.466,32.6371,7818.12,False,226.17,94.96,6.83,,8290.56,3472,False,0,2025-06-30 23:19:04
4b191c,SWR40   ,Switzerland,1751325544.0,1751325544,-116.8653,34.2589,6477.0,False,194.87,243.84,-8.45,,6827.52,0677,False,0,2025-06-30 23:19:04
a35c0b,JBU2783 ,United States,1751325544.0,1751325544,-77.4815,42.7136,9136.38,False,213.78,254.79,-0.33,,9624.06,1335,False,0,2025-06-30 23:19:04
4b191a,SWR38K  ,Switzerland,1751325543.0,1751325544,-122.6334,38.4148,7147.56,False,196.67,209.11,-9.1,,7467.6,6244,False,0,2025-06-30 23:19:04
acf591,LFA687  ,United States,1751325543.0,1751325543,-81.1831,28.9153,975.36,False,68.55,58.82,4.55,,1036.32,1200,False,0,2025-06-30 23:19:04
a339e0,FFT3853 ,United States,1751325543.0,1751325543,-81.3385,29.5189,8252.46,False,215.85,356.99,7.15,,8717.28,3002,False,0,2025-06-30 23:19:04
abc292,AAL2153 ,United States,1751325543.0,1751325543,-82.9146,35.3598,11277.6,False,233.16,349.06,0.0,,11955.78,6272,False,0,2025-06-30 23:19:04
a12f88,N176AS  ,United States,1751325543.0,1751325544,-100.7726,31.4986,1203.96,False,55.23,117.76,-3.9,,1219.2,,False,0,2025-06-30 23:19:04
ab1d06,RPA5889 ,United States,1751325540.0,1751325540,-79.3935,37.5846,7315.2,False,218.4,292.58,0.33,,7741.92,,False,0,2025-06-30 23:19:04
a7816a,DAL497  ,United States,1751325383.0,1751325389,-70.9979,42.3799,60.96,False,65.58,199.71,-3.9,,38.1,7363,False,0,2025-06-30 23:19:04
abc29a,DAL278  ,United States,1751325543.0,1751325544,-84.4996,33.6182,822.96,False,110.89,243.55,3.25,,861.06,4144,False,0,2025-06-30 23:19:04
a4cc00,SKW835X ,United States,1751325246.0,1751325247,-121.9229,37.3626,,True,0.0,47.81,,,,1535,False,0,2025-06-30 23:19:04
a7d182,N6023V  ,United States,1751325543.0,1751325543,-75.1283,38.304,129.54,False,28.01,187.39,5.2,,106.68,,False,0,2025-06-30 23:19:04
a0fc0a,N1624K  ,United States,1751325543.0,1751325543,-71.8309,41.9475,3040.38,False,175.36,303.88,-0.33,,3154.68,4775,False,0,2025-06-30 23:19:04
a196c8,SWA1287 ,United States,1751325437.0,1751325438,-89.1692,32.9075,11582.4,False,239.74,263.47,0.33,,12268.2,0071,False,0,2025-06-30 23:19:04
a96ae3,ASA1086 ,United States,1751325543.0,1751325543,-122.0971,47.1719,5372.1,False,191.62,167.75,12.68,,5600.7,6644,False,0,2025-06-30 23:19:04
ac929c,,United States,1751325543.0,1751325543,-76.6594,39.1612,251.46,False,80.36,142.54,10.73,,205.74,,False,0,2025-06-30 23:19:04
a1e6b9,SWA2141 ,United States,1751325543.0,1751325544,-83.5916,35.6464,11887.2,False,216.25,156.0,0.0,,12565.38,6715,False,0,2025-06-30 23:19:04
ab97c1,N846SP  ,United States,1751325542.0,1751325543,-118.1205,33.8225,213.36,False,31.96,273.69,-2.6,,160.02,,False,0,2025-06-30 23:19:04
aac7b1,ENY3485 ,United States,1751325543.0,1751325543,-96.8996,32.0646,5166.36,False,197.6,171.62,0.0,,5494.02,6245,False,0,2025-06-30 23:19:04
a12f70,UAL1031 ,United States,1751325509.0,1751325510,-95.3094,30.0072,106.68,False,80.26,269.27,-4.55,,144.78,7523,False,0,2025-06-30 23:19:04
a12f72,UAL1743 ,United States,1751325544.0,1751325544,-97.4827,30.2861,8244.84,False,242.31,279.9,5.2,,8747.76,7270,False,0,2025-06-30 23:19:04
a459a4,N38HD   ,United States,1751325544.0,1751325544,-79.0591,37.6818,7620.0,False,204.36,2.02,0.0,,8031.48,,False,0,2025-06-30 23:19:04
adabfe,JBU1388 ,United States,1751325543.0,1751325543,-82.1986,37.6855,10668.0,False,248.1,83.33,0.0,,11308.08,2175,False,0,2025-06-30 23:19:04
ab1d28,AAL1074 ,United States,1751325544.0,1751325544,-77.6625,34.5793,10668.0,False,228.22,22.11,0.0,,11277.6,1457,False,0,2025-06-30 23:19:04
c03c6b,HRT370  ,Canada,1751325543.0,1751325543,-78.538,44.6239,7025.64,False,194.67,133.61,-5.2,,7307.58,7260,False,0,2025-06-30 23:19:04
aafd17,AAL1233 ,United States,1751325543.0,1751325544,-79.0201,28.897,10972.8,False,238.19,193.62,0.33,,11521.44,6540,False,0,2025-06-30 23:19:04
a170d9,AAY202  ,United States,1751325543.0,1751325543,-80.3204,28.7162,6332.22,False,210.44,82.98,6.18,,6690.36,1041,False,0,2025-06-30 23:19:04
a36f90,AAY116  ,United States,1751325543.0,1751325543,-121.5871,38.5919,11262.36,False,221.47,169.29,-0.33,,11818.62,1653,False,0,2025-06-30 23:19:04
a36f7e,DAL642  ,United States,1751325544.0,1751325544,-104.1185,32.0564,10965.18,False,245.03,333.97,0.0,,11605.26,5764,True,0,2025-06-30 23:19:04
a9cdc2,N73020  ,United States,1751325544.0,1751325544,-93.6871,41.8393,1371.6,False,44.4,223.12,-0.98,,1424.94,,False,0,2025-06-30 23:19:04
71bf82,KAL005  ,Republic of Korea,1751325543.0,1751325544,-114.9218,36.0737,1554.48,False,98.79,271.19,1.3,,1569.72,,False,0,2025-06-30 23:19:04
a73dfe,JBU433  ,United States,1751325544.0,1751325544,-73.3564,24.4608,10668.0,False,227.27,120.92,0.33,,11239.5,,False,0,2025-06-30 23:19:04
ab1d2f,AAY1206 ,United States,1751325543.0,1751325544,-82.8676,33.8575,11582.4,False,234.55,317.84,0.33,,12260.58,7352,False,0,2025-06-30 23:19:04
a35c44,N31536  ,United States,1751325473.0,1751325485,-82.8129,41.7287,579.12,False,69.66,110.31,-2.6,,533.4,,False,0,2025-06-30 23:19:04
a7f762,NKS2787 ,United States,1751325543.0,1751325543,-81.2133,30.7266,10370.82,False,259.28,180.0,0.0,,10980.42,2267,False,0,2025-06-30 23:19:04
aafd1f,DAL108  ,United States,1751325543.0,1751325543,-84.4085,33.6347,,True,0.64,270.0,,,,,False,0,2025-06-30 23:19:04
4caa9b,ITY603  ,Ireland,1751325540.0,1751325543,-67.7584,41.9666,11277.6,False,255.56,67.51,0.0,,11871.96,1173,False,0,2025-06-30 23:19:04
a6749f,N515GG  ,United States,1751325543.0,1751325543,-120.8682,38.8978,2339.34,False,67.26,29.31,1.95,,2423.16,4566,False,0,2025-06-30 23:19:04
a36f66,MDS320  ,United States,1751325544.0,1751325544,-86.7679,34.699,5791.2,False,135.34,134.08,0.33,,6103.62,3616,False,0,2025-06-30 23:19:04
a446bb,,United States,1751325543.0,1751325543,-118.146,33.812,,True,8.75,132.19,,,,,False,0,2025-06-30 23:19:04
ad27ab,MTN7464 ,United States,1751325524.0,1751325535,-78.545,40.2069,1836.42,False,72.41,223.56,0.0,,1897.38,4146,False,0,2025-06-30 23:19:04
abe7c5,SWA1382 ,United States,1751325542.0,1751325543,-92.532,41.1932,10599.42,False,258.17,94.92,-5.53,,11087.1,6040,False,0,2025-06-30 23:19:04
a050d8,N1196M  ,United States,1751325542.0,1751325544,-81.2319,29.7037,746.76,False,60.74,358.06,0.0,,769.62,,False,0,2025-06-30 23:19:04
a206f2,N23JC   ,United States,1751325543.0,1751325543,-120.9321,37.6456,1828.8,False,70.55,140.62,-0.98,,1866.9,,False,0,2025-06-30 23:19:04
ad14a3,AAL2180 ,United States,1751325544.0,1751325544,-83.2355,33.5544,11582.4,False,244.2,277.14,0.33,,12268.2,0735,False,0,2025-06-30 23:19:04
a97dcb,DAL9950 ,United States,1751325544.0,1751325544,-82.9924,37.0315,12192.0,False,240.82,140.46,0.0,,12877.8,2214,True,0,2025-06-30 23:19:04
a206fc,SVL3    ,United States,1751325544.0,1751325544,-117.3553,33.1717,1844.04,False,138.69,56.96,0.0,,1882.14,,False,0,2025-06-30 23:19:04
ab0a35,JRE810  ,United States,1751325544.0,1751325544,-83.7419,35.8911,13716.0,False,205.4,346.97,0.0,,14356.08,3643,False,0,2025-06-30 23:19:04
abd536,SWA2235 ,United States,1751325543.0,1751325543,-116.1773,35.2755,6888.48,False,230.36,48.62,-11.7,,7277.1,4762,False,0,2025-06-30 23:19:04
a949f6,N698RS  ,United States,1751325543.0,1751325543,-111.9909,33.3571,1584.96,False,119.67,4.19,0.33,,1607.82,4306,False,0,2025-06-30 23:19:04
ab2eff,N82F    ,United States,1751325544.0,1751325544,-117.1199,32.628,365.76,False,43.36,274.76,0.33,,320.04,,False,0,2025-06-30 23:19:04
ac086b,SWA3148 ,United States,1751325543.0,1751325543,-90.8813,41.601,11582.4,False,198.9,263.32,0.0,,12108.18,7546,False,0,2025-06-30 23:19:04
aaa224,SWA2877 ,United States,1751325543.0,1751325543,-73.4135,42.2941,6941.82,False,208.79,96.79,-7.8,,7292.34,6560,False,0,2025-06-30 23:19:04
c006db,CFCPM   ,Canada,1751325543.0,1751325543,-73.6277,45.9787,1645.92,False,51.37,304.8,6.5,,1661.16,,False,0,2025-06-30 23:19:04
a3ac7a,DAL1764 ,United States,1751325544.0,1751325544,-81.0104,31.1076,9753.6,False,265.51,187.24,0.0,,10302.24,3030,False,0,2025-06-30 23:19:04
a1c0ec,UCA4295 ,United States,1751325543.0,1751325543,-80.1087,36.8164,10980.42,False,234.03,229.9,-1.3,,11605.26,1371,False,0,2025-06-30 23:19:04
a7f6b9,FFT4001 ,United States,1751325543.0,1751325543,-96.637,32.4005,9250.68,False,217.18,202.86,-4.88,,9837.42,0433,False,0,2025-06-30 23:19:04
aafbd5,N80692  ,United States,1751325543.0,1751325543,-122.9456,47.5447,2560.32,False,51.26,218.48,-0.65,,2651.76,,False,0,2025-06-30 23:19:04
a72c32,N561SA  ,United States,1751325544.0,1751325544,-88.3941,41.9646,701.04,False,68.1,116.95,-0.65,,685.8,,True,0,2025-06-30 23:19:04
ad6ec6,AAL1994 ,United States,1751325543.0,1751325543,-115.8825,33.6052,8839.2,False,238.51,87.03,-0.65,,9342.12,4753,False,0,2025-06-30 23:19:04
a1c0cf,N2119C  ,United States,1751325535.0,1751325535,-122.9472,42.0907,3611.88,False,91.34,9.73,-0.98,,3779.52,,False,0,2025-06-30 23:19:04
a420af,UPS9843 ,United States,1751325543.0,1751325544,-123.139,44.6973,11894.82,False,224.31,179.34,0.0,,12405.36,3577,False,0,2025-06-30 23:19:04
a1c0e0,N2119V  ,United States,1751325423.0,1751325423,-116.0806,44.1936,2667.0,False,67.52,12.77,-2.28,,2827.02,,False,0,2025-06-30 23:19:04
a923a8,UAL1159 ,United States,1751325544.0,1751325544,-96.5907,30.561,10363.2,False,232.81,315.18,0.0,,11010.9,3121,False,0,2025-06-30 23:19:04
a923a9,UAL1518 ,United States,1751325543.0,1751325543,-72.7095,38.8176,7467.6,False,229.56,315.82,-5.2,,7901.94,,False,0,2025-06-30 23:19:04
abe872,SWA2353 ,United States,1751325544.0,1751325544,-90.8271,34.4918,11277.6,False,248.99,52.89,0.0,,11948.16,7355,False,0,2025-06-30 23:19:04
ad2862,AAL1461 ,United States,1751325543.0,1751325543,-85.2141,42.2695,9212.58,False,278.49,87.99,6.5,,9662.16,6504,False,0,2025-06-30 23:19:04
ab1bf0,AAL2973 ,United States,1751325544.0,1751325544,-87.1956,35.5764,12496.8,False,253.46,71.79,0.0,,13197.84,2204,False,0,2025-06-30 23:19:04
0c2069,CMP445  ,Panama,1751325540.0,1751325541,-81.1259,24.6821,10668.0,False,251.88,139.8,-0.33,,11254.74,0771,False,0,2025-06-30 23:19:04
aa64ca,AAL2962 ,United States,1751325544.0,1751325544,-86.2119,39.068,11277.6,False,243.24,117.87,-0.33,,11917.68,7027,False,0,2025-06-30 23:19:04
a85f6f,N639CT  ,United States,1751325543.0,1751325543,-116.967,32.7607,944.88,False,45.17,284.51,-1.3,,929.64,,False,0,2025-06-30 23:19:04
a1c0d1,N2119E  ,United States,1751325543.0,1751325544,-72.7532,40.9754,739.14,False,49.39,269.4,-0.65,,731.52,,False,0,2025-06-30 23:19:04
abd559,SWA205  ,United States,1751325544.0,1751325544,-104.9769,38.7248,7932.42,False,244.95,200.15,-0.33,,8397.24,3232,False,0,2025-06-30 23:19:04
a540e2,AMX039  ,United States,1751325543.0,1751325543,-99.9579,25.806,12184.38,False,250.11,205.72,-0.33,,12923.52,3432,False,0,2025-06-30 23:19:04
aaa244,UAL2608 ,United States,1751325543.0,1751325543,-81.6676,37.634,10058.4,False,246.79,71.15,0.0,,10668.0,2442,False,0,2025-06-30 23:19:04
aaa247,SWA4597 ,United States,1751325544.0,1751325544,-121.5005,36.6641,4107.18,False,186.27,341.31,-10.08,,4274.82,7242,False,0,2025-06-30 23:19:04
a4cc98,CXK660  ,United States,1751325543.0,1751325543,-71.0532,42.7943,967.74,False,54.91,12.99,1.3,,975.36,,False,0,2025-06-30 23:19:04
a2f3d8,N29HH   ,United States,1751325406.0,1751325500,-81.3309,28.0201,13449.3,False,80.94,260.12,0.0,,,6170,False,0,2025-06-30 23:19:04
a5ec61,ASA34   ,United States,1751325543.0,1751325543,-83.088,44.3365,10668.0,False,254.2,98.26,0.0,,11148.06,2265,False,0,2025-06-30 23:19:04
ac3bf4,N888EC  ,United States,1751325542.0,1751325544,-85.797,38.9753,3055.62,False,86.39,342.32,-0.33,,3139.44,6277,False,0,2025-06-30 23:19:04
ad6edb,N965BJ  ,United States,1751325305.0,1751325309,-120.1907,39.0277,2788.92,False,82.16,67.93,-2.28,,2910.84,1200,False,0,2025-06-30 23:19:04
abe892,SWA3410 ,United States,1751325543.0,1751325543,-108.1156,33.0209,11277.6,False,245.41,131.01,0.98,,11917.68,5224,False,0,2025-06-30 23:19:04
a7f6bf,N612FX  ,United States,1751325543.0,1751325544,-79.6261,29.4621,12313.92,False,242.27,201.55,-14.63,,12908.28,2676,False,0,2025-06-30 23:19:04
c006ec,ACA1049 ,Canada,1751325541.0,1751325541,-108.4239,45.7873,10972.8,False,214.92,278.67,0.0,,11483.34,,False,0,2025-06-30 23:19:04
47ae38,NBT31D  ,Norway,1751325541.0,1751325541,-101.7399,46.7019,11574.78,False,253.22,221.79,0.0,,12039.6,,False,0,2025-06-30 23:19:04
a4df52,AAL591  ,United States,1751325544.0,1751325544,-84.9305,34.7013,10058.4,False,242.28,93.65,0.33,,10698.48,2565,False,0,2025-06-30 23:19:04
a3280a,VJA02   ,United States,1751325543.0,1751325543,-74.3634,40.8749,601.98,False,67.6,169.03,-1.3,,586.74,3556,False,0,2025-06-30 23:19:04
acf563,JSX909  ,United States,1751325543.0,1751325544,-117.0087,33.1989,1676.4,False,112.4,238.86,-5.85,,1722.12,2414,False,0,2025-06-30 23:19:04
acf54f,JBU100  ,United States,1751325543.0,1751325543,-81.9524,25.6585,7315.2,False,217.0,127.2,0.0,,7726.68,2755,False,0,2025-06-30 23:19:04
ab7270,AAL3299 ,United States,1751325543.0,1751325543,-85.5466,39.6464,7924.8,False,247.2,353.07,-0.65,,8366.76,2263,False,0,2025-06-30 23:19:04
a709e8,N5525H  ,United States,1751325543.0,1751325543,-84.2471,39.4362,502.92,False,42.7,89.31,2.6,,480.06,,False,0,2025-06-30 23:19:04
c03c02,WJA723  ,Canada,1751325543.0,1751325544,-84.3848,45.3273,10972.8,False,219.32,295.12,0.0,,11414.76,0502,False,0,2025-06-30 23:19:04
ad1560,JBU324  ,United States,1751325542.0,1751325543,-110.3923,34.5751,10050.78,False,238.41,97.94,-0.33,,10629.9,2004,False,0,2025-06-30 23:19:04
ac3beb,DAL1233 ,United States,1751325531.0,1751325536,-73.7865,40.6573,,True,0.0,300.94,,,,,False,0,2025-06-30 23:19:04
a5ff34,CFR607  ,United States,1751325542.0,1751325542,-117.3355,33.8028,792.48,False,63.69,80.23,-0.98,,769.62,,False,0,2025-06-30 23:19:04
a6d6ae,N54MH   ,United States,1751325540.0,1751325540,-116.3535,38.3452,13106.4,False,232.25,264.02,0.0,,13769.34,,False,0,2025-06-30 23:19:04
abd57e,SWA3747 ,United States,1751325544.0,1751325544,-80.4924,36.0233,10668.0,False,223.37,8.88,-0.33,,11300.46,7222,False,0,2025-06-30 23:19:04
a829e6,N625MC  ,United States,1751325544.0,1751325544,-118.8817,48.003,6705.6,False,121.71,243.65,0.0,,7010.4,,False,0,2025-06-30 23:19:04
a72c10,EJA561  ,United States,1751325543.0,1751325544,-104.9637,39.8759,9357.36,False,233.97,287.4,-10.08,,9867.9,6004,False,0,2025-06-30 23:19:04
abd59a,SWA4438 ,United States,1751325510.0,1751325515,-109.488,34.1842,12192.0,False,225.94,309.27,0.0,,12862.56,7427,False,0,2025-06-30 23:19:04
c03c04,WJA1589 ,Canada,1751325543.0,1751325543,-91.4784,42.1798,12192.0,False,206.32,304.13,0.0,,12694.92,2253,False,0,2025-06-30 23:19:04
adbeed,NKS2491 ,United States,1751325543.0,1751325543,-80.5289,33.1819,11788.14,False,219.46,29.03,-5.53,,12466.32,2336,False,0,2025-06-30 23:19:04
ac926b,WUP909  ,United States,1751325543.0,1751325544,-105.6352,40.4738,6233.16,False,228.53,127.59,-11.05,,6606.54,4070,False,0,2025-06-30 23:19:04
aaa28d,SWA2962 ,United States,1751325485.0,1751325485,-117.5345,47.6258,,True,0.0,230.62,,,,,False,0,2025-06-30 23:19:04
a85f29,UAL1791 ,United States,1751325544.0,1751325544,-112.9019,41.2049,10058.4,False,244.58,77.98,0.0,,10576.56,,False,0,2025-06-30 23:19:04
a29212,FDX1207 ,United States,1751325538.0,1751325543,-122.2191,37.7163,,True,0.0,137.81,,,,,False,0,2025-06-30 23:19:04
a0b550,AAL1878 ,United States,1751325459.0,1751325459,-74.1677,40.6987,,True,0.0,5.62,,,,,False,0,2025-06-30 23:19:04
ad00e3,AAL1363 ,United States,1751325543.0,1751325543,-91.9685,36.2723,10972.8,False,220.99,186.28,0.0,,11612.88,1155,False,0,2025-06-30 23:19:04
a32867,SKW3770 ,United States,1751325543.0,1751325543,-123.0637,43.7542,9608.82,False,210.0,178.18,-5.2,,10043.16,4603,False,0,2025-06-30 23:19:04
ac90f3,DAL732  ,United States,1751325543.0,1751325544,-85.7785,42.4616,9022.08,False,215.07,270.96,4.23,,9441.18,,False,0,2025-06-30 23:19:04
ace0cf,NKS2162 ,United States,1751325539.0,1751325539,-82.5369,27.9857,,True,0.0,270.0,,,,,False,0,2025-06-30 23:19:04
a0fbb7,UAL2040 ,United States,1751325543.0,1751325544,-87.3812,42.3812,2842.26,False,117.18,249.97,-6.83,,2926.08,2437,False,0,2025-06-30 23:19:04
adac5d,AAL2465 ,United States,1751325543.0,1751325543,-104.7759,30.8442,11277.6,False,237.16,127.24,0.0,,11948.16,7220,False,0,2025-06-30 23:19:04
adac5a,NKS2533 ,United States,1751325543.0,1751325543,-73.4778,38.435,10523.22,False,248.7,123.95,4.23,,11148.06,6541,False,0,2025-06-30 23:19:04
a36eae,DAL1075 ,United States,1751325543.0,1751325543,-70.6019,42.1601,2225.04,False,124.0,11.73,-5.2,,2316.48,3563,False,0,2025-06-30 23:19:04
a24ef7,AAY2248 ,United States,1751325543.0,1751325543,-84.3955,31.3222,10660.38,False,243.85,180.0,0.0,,11308.08,3562,False,0,2025-06-30 23:19:04
a3bebd,EJA340  ,United States,1751325543.0,1751325544,-80.0655,36.1463,6705.6,False,186.42,222.54,-0.33,,7101.84,,False,0,2025-06-30 23:19:04
ace0d2,AAL1766 ,United States,1751325543.0,1751325543,-79.7306,34.7509,10972.8,False,248.7,243.33,0.0,,11612.88,7235,False,0,2025-06-30 23:19:04
a0653f,N1242U  ,United States,1751325543.0,1751325543,-89.0333,42.5942,1005.84,False,51.37,124.8,3.25,,975.36,,False,0,2025-06-30 23:19:04
a96c72,SKW6314 ,United States,1751325543.0,1751325543,-85.2354,38.7017,6286.5,False,198.53,321.73,5.2,,6614.16,6733,False,0,2025-06-30 23:19:04
a12ee7,UAL1206 ,United States,1751325543.0,1751325543,-74.6477,40.6678,1828.8,False,152.76,22.16,0.0,,1889.76,6750,False,0,2025-06-30 23:19:04
a32844,ENY4113 ,United States,1751325544.0,1751325544,-93.9217,33.8704,7399.02,False,223.71,60.37,-5.2,,7840.98,3452,False,0,2025-06-30 23:19:04
a923ef,UAL1983 ,United States,1751325543.0,1751325544,-96.8626,42.1052,10363.2,False,215.85,259.84,0.0,,10797.54,6206,False,0,2025-06-30 23:19:04
a12ee0,UAL1884 ,United States,1751325542.0,1751325542,-102.5917,38.1688,9753.6,False,220.62,312.73,0.0,,10287.0,3773,False,0,2025-06-30 23:19:04
ac0818,SWA824  ,United States,1751325543.0,1751325543,-121.9345,37.3669,,True,22.64,320.62,,,,2711,False,0,2025-06-30 23:19:04
a9bc60,N7261Q  ,United States,1751325543.0,1751325543,-97.2519,38.8861,601.98,False,49.26,172.8,-3.25,,617.22,,False,0,2025-06-30 23:19:04
a9bc68,N7261Y  ,United States,1751325543.0,1751325543,-112.2475,33.7862,1188.72,False,57.33,185.15,-1.3,,1143.0,0272,False,0,2025-06-30 23:19:04
a8af9d,QXE2192 ,United States,1751325544.0,1751325544,-124.5525,48.2733,10363.2,False,213.13,298.24,-0.33,,10713.72,3511,False,0,2025-06-30 23:19:04
a12edc,N1755W  ,United States,1751325532.0,1751325532,-85.0122,43.1444,1341.12,False,91.26,189.41,-4.55,,1333.5,,False,0,2025-06-30 23:19:04
a96c50,N706RA  ,United States,1751325543.0,1751325543,-117.0994,32.8001,358.14,False,43.49,297.47,-2.93,,297.18,,False,0,2025-06-30 23:19:04
abe80e,SWA1452 ,United States,1751325543.0,1751325543,-80.1072,32.9911,533.4,False,92.05,147.55,-5.85,,571.5,2310,False,0,2025-06-30 23:19:04
a923cd,UAL1136 ,United States,1751325544.0,1751325544,-99.2611,34.078,10363.2,False,234.33,328.65,-0.33,,10988.04,1227,False,0,2025-06-30 23:19:04
a923cf,UAL2127 ,United States,1751325543.0,1751325543,-80.9027,35.6612,10668.0,False,233.87,53.41,0.0,,11308.08,4230,False,0,2025-06-30 23:19:04
a30246,SKW4145 ,United States,1751325543.0,1751325544,-122.1502,47.5552,3276.6,False,147.18,221.88,-9.1,,3421.38,4601,False,0,2025-06-30 23:19:04
c00794,CRQ928  ,Canada,1751325544.0,1751325544,-73.6747,45.5085,327.66,False,65.2,222.12,-4.23,,281.94,,False,0,2025-06-30 23:19:04
a17277,N19234  ,United States,1751325543.0,1751325543,-121.8739,47.6581,1394.46,False,52.91,76.5,1.95,,1432.56,,False,0,2025-06-30 23:19:04
ab8537,SCX657  ,United States,1751325544.0,1751325544,-102.386,41.14,9753.6,False,229.68,238.09,0.0,,10264.14,3630,False,0,2025-06-30 23:19:04
a9bc12,RPA3542 ,United States,1751325543.0,1751325544,-87.9615,41.99,876.3,False,91.64,2.25,8.78,,868.68,3111,False,0,2025-06-30 23:19:04
a7d0c5,N602XL  ,United States,1751325470.0,1751325470,-96.6991,40.7581,1028.7,False,58.68,238.26,-1.3,,1051.56,,False,0,2025-06-30 23:19:04
a96c2e,JIA5202 ,United States,1751325281.0,1751325285,-84.4419,33.6415,,True,0.51,255.94,,,,0651,False,0,2025-06-30 23:19:04
abe82c,SWA257  ,United States,1751325543.0,1751325543,-84.8511,38.8229,10972.8,False,224.86,268.82,0.0,,11597.64,2134,False,0,2025-06-30 23:19:04
a8af5f,NKS2011 ,United States,1751325543.0,1751325543,-81.766,36.0741,10972.8,False,238.2,180.49,0.0,,11628.12,4714,False,0,2025-06-30 23:19:04
a793fd,DAL791  ,United States,1751325544.0,1751325544,-79.2074,42.1929,10652.76,False,256.06,78.64,-0.33,,11239.5,1635,False,0,2025-06-30 23:19:04
c03af2,WJA1618 ,Canada,1751325543.0,1751325544,-82.9698,38.7799,11277.6,False,239.02,114.14,0.0,,11932.92,3351,False,0,2025-06-30 23:19:04
a4350c,DAL2047 ,United States,1751325544.0,1751325544,-77.483,41.8285,8237.22,False,218.69,181.21,5.85,,8679.18,7446,False,0,2025-06-30 23:19:04
ab853f,RAX220  ,United States,1751325543.0,1751325543,-83.5354,42.6106,1440.18,False,129.76,206.36,8.78,,1424.94,,False,0,2025-06-30 23:19:04
ab8553,UAL768  ,United States,1751325543.0,1751325543,-94.0449,41.513,9151.62,False,198.61,268.96,-0.33,,9547.86,6613,False,0,2025-06-30 23:19:04
a66239,JBU1501 ,United States,1751325540.0,1751325540,-73.7821,40.6326,,True,0.0,300.94,,,,,False,0,2025-06-30 23:19:04
a60bcb,UAL481  ,United States,1751325544.0,1751325544,-81.973,46.3368,9144.0,False,204.6,241.95,0.33,,9517.38,1310,False,0,2025-06-30 23:19:04
ac4f4c,SWA339  ,United States,1751325543.0,1751325543,-76.5626,38.8366,1866.9,False,148.42,7.57,-4.88,,1950.72,2045,False,0,2025-06-30 23:19:04
aa5237,AAL677  ,United States,1751325543.0,1751325543,-92.8271,43.6408,10073.64,False,267.85,117.7,0.65,,10393.68,3573,False,0,2025-06-30 23:19:04
a96ba2,JBU1287 ,United States,1751325543.0,1751325543,-81.1065,32.927,10370.82,False,240.84,175.96,0.0,,10980.42,1413,False,0,2025-06-30 23:19:04
a2928e,N265LD  ,United States,1751325543.0,1751325543,-117.323,32.9887,1165.86,False,43.6,19.29,2.93,,1158.24,,False,0,2025-06-30 23:19:04
a5fef4,ASA357  ,United States,1751325542.0,1751325542,-101.9684,42.488,10058.4,False,249.21,117.68,-0.33,,10546.08,,False,0,2025-06-30 23:19:04
ac4f74,N8922V  ,United States,1751325534.0,1751325538,-82.6757,27.9143,-15.24,False,28.46,220.6,-2.28,,7.62,0160,False,0,2025-06-30 23:19:04
a54267,N438SA  ,United States,1751325543.0,1751325543,-99.2419,31.7505,1508.76,False,66.59,78.86,-0.33,,1546.86,3053,False,0,2025-06-30 23:19:04
a2e23f,CXK254  ,United States,1751325543.0,1751325543,-117.9322,34.1222,1257.3,False,41.83,274.94,0.0,,1264.92,1200,False,0,2025-06-30 23:19:04
ab83e8,DAL1656 ,United States,1751325544.0,1751325544,-85.3657,37.1792,10668.0,False,244.6,97.86,-0.33,,11300.46,0070,False,0,2025-06-30 23:19:04
aa7881,N774GH  ,United States,1751325543.0,1751325543,-116.4778,43.0991,13106.4,False,223.21,295.38,0.33,,13708.38,,False,0,2025-06-30 23:19:04
a84bd9,N6334V  ,United States,1751325544.0,1751325544,-122.8711,46.1468,1836.42,False,65.04,351.36,-0.33,,1905.0,,False,0,2025-06-30 23:19:04
a84bbd,N63332  ,United States,1751325520.0,1751325528,-97.3657,32.8484,365.76,False,31.48,168.69,-2.6,,327.66,,False,0,2025-06-30 23:19:04
ac4f6f,SWA1094 ,United States,1751325543.0,1751325543,-81.2961,34.0201,11887.2,False,224.31,351.29,0.0,,12573.0,1335,False,0,2025-06-30 23:19:04
a0b59d,DAL2109 ,United States,1751325540.0,1751325540,-73.8623,40.7698,,True,1.8,42.19,,,,,False,0,2025-06-30 23:19:04
a6d88b,GJS4443 ,United States,1751325543.0,1751325543,-74.2641,40.5231,1836.42,False,139.43,160.83,0.0,,1897.38,1610,False,0,2025-06-30 23:19:04
ad13c4,N9414A  ,United States,1751325543.0,1751325544,-102.2311,31.826,2202.18,False,77.38,31.68,2.28,,2301.24,,False,0,2025-06-30 23:19:04
ab83f8,N841ED  ,United States,1751325544.0,1751325544,-84.5458,33.1966,1203.96,False,52.0,177.73,0.65,,1234.44,1200,False,0,2025-06-30 23:19:04
ad5c30,ASA1046 ,United States,1751325543.0,1751325543,-122.89,42.6953,11277.6,False,220.23,178.8,-0.33,,11780.52,3570,False,0,2025-06-30 23:19:04
ad5c33,AAL1724 ,United States,1751325543.0,1751325543,-81.3557,42.8147,7315.2,False,173.98,229.2,-0.33,,7650.48,2105,False,0,2025-06-30 23:19:04
a35bee,N3151Q  ,United States,1751325543.0,1751325544,-121.3967,39.9082,2590.8,False,54.28,194.83,0.0,,2651.76,,False,0,2025-06-30 23:19:04
a6d87f,LXJ540  ,United States,1751325543.0,1751325544,-119.8095,36.9211,9448.8,False,224.31,185.53,0.0,,9913.62,3626,False,0,2025-06-30 23:19:04
ad5c38,DAL1325 ,United States,1751325544.0,1751325544,-85.7699,34.9962,8915.4,False,221.99,141.78,-6.18,,9494.52,7713,False,0,2025-06-30 23:19:04
ac90a0,PDT5788 ,United States,1751325544.0,1751325544,-78.6472,35.7166,8229.6,False,237.36,71.29,-0.65,,8717.28,2545,False,0,2025-06-30 23:19:04
ac90a7,AAL1823 ,United States,1751325366.0,1751325371,-80.9687,35.2398,297.18,False,76.28,176.52,-3.9,,297.18,4177,False,0,2025-06-30 23:19:04
abd3c7,AAL2798 ,United States,1751325543.0,1751325543,-92.0839,35.2968,11277.6,False,252.62,48.72,0.0,,11948.16,2310,False,0,2025-06-30 23:19:04
a197d0,SGX201  ,United States,1751325544.0,1751325544,-74.1459,40.3586,2339.34,False,144.42,134.57,7.48,,2423.16,2740,False,0,2025-06-30 23:19:04
4caa41,EIN6PE  ,Ireland,1751325543.0,1751325543,-106.0891,43.7408,11582.4,False,234.23,219.56,0.0,,12138.66,,False,0,2025-06-30 23:19:04
c00727,CRQ905  ,Canada,1751325543.0,1751325543,-76.0352,46.8341,6103.62,False,111.51,318.37,-0.33,,6309.36,,False,0,2025-06-30 23:19:04
a4ded6,N41265  ,United States,1751325544.0,1751325544,-96.0269,41.1309,922.02,False,49.68,254.38,-2.28,,952.5,,False,0,2025-06-30 23:19:04
a077f4,N1293T  ,United States,1751325543.0,1751325543,-80.1427,26.0009,243.84,False,59.24,92.99,-0.33,,281.94,,False,0,2025-06-30 23:19:04
abc0c1,SWA1483 ,United States,1751325543.0,1751325543,-89.172,39.6303,10706.1,False,229.19,124.76,-5.85,,11292.84,3531,False,0,2025-06-30 23:19:04
a67535,LTA515  ,United States,1751325275.0,1751325275,-85.873,39.6178,929.64,False,71.67,66.75,0.0,,929.64,,False,0,2025-06-30 23:19:04
a197d6,N201XQ  ,United States,1751325388.0,1751325389,-119.8965,36.8627,2331.72,False,77.39,144.2,-0.33,,2400.3,3217,False,0,2025-06-30 23:19:04
aa0ec5,N747YV  ,United States,1751325276.0,1751325276,-118.4486,34.0194,,True,0.0,137.81,,,,,False,0,2025-06-30 23:19:04
aa0ec7,RPA3659 ,United States,1751325385.0,1751325385,-83.6472,45.7408,9083.04,False,201.61,238.46,-5.2,,9448.8,,False,0,2025-06-30 23:19:04
a7951e,N588RG  ,United States,1751325543.0,1751325543,-84.1832,43.4023,2788.92,False,90.1,164.77,0.0,,2834.64,,False,0,2025-06-30 23:19:04
a66217,N510GT  ,United States,1751325544.0,1751325544,-104.8035,40.1392,13716.0,False,258.06,141.39,0.0,,14333.22,4040,False,0,2025-06-30 23:19:04
adbf87,WUP985  ,United States,1751325544.0,1751325544,-81.955,41.6634,14325.6,False,271.19,77.18,0.0,,14897.1,1473,False,0,2025-06-30 23:19:04
a4def4,N41270  ,United States,1751325543.0,1751325544,-117.0159,33.0848,1371.6,False,43.3,283.05,3.58,,1409.7,,False,0,2025-06-30 23:19:04
abc0e4,SWA2220 ,United States,1751325543.0,1751325543,-106.5169,31.9893,12192.0,False,229.88,280.05,0.0,,12877.8,5060,False,0,2025-06-30 23:19:04
a11d18,N171CB  ,United States,1751325543.0,1751325544,-121.418,37.402,2034.54,False,69.77,264.5,1.3,,2072.64,,False,0,2025-06-30 23:19:04
